timestamp,time,mac_address,rssi,tx_power,pos_x,pos_y,pos_z
1783001807916,2026-07-02 16:16:47.916,C3:00:00:63:4D:09,-58,127,1.0,4.5,1.5
1783001808066,2026-07-02 16:16:48.066,C3:00:00:63:4D:07,-61,127,1.0,4.5,1.5
1783001808109,2026-07-02 16:16:48.109,C3:00:00:63:4D:04,-62,127,1.0,4.5,1.5
1783001808168,2026-07-02 16:16:48.168,C3:00:00:63:4D:0D,-50,127,1.0,4.5,1.5
1783001808231,2026-07-02 16:16:48.231,C3:00:00:63:4D:0A,-62,127,1.0,4.5,1.5
1783001808299,2026-07-02 16:16:48.299,C3:00:00:63:4D:05,-56,127,1.0,4.5,1.5
1783001808387,2026-07-02 16:16:48.387,C3:00:00:63:4D:07,-68,127,1.0,4.5,1.5
1783001808391,2026-07-02 16:16:48.391,C3:00:00:63:4D:08,-48,127,1.0,4.5,1.5
1783001808439,2026-07-02 16:16:48.439,C3:00:00:63:4D:07,-61,127,1.0,4.5,1.5
1783001808443,2026-07-02 16:16:48.443,C3:00:00:63:4D:0D,-50,127,1.0,4.5,1.5
1783001808445,2026-07-02 16:16:48.445,C3:00:00:63:4D:04,-55,127,1.0,4.5,1.5
1783001808449,2026-07-02 16:16:48.449,C3:00:00:63:4C:D2,-68,127,1.0,4.5,1.5
1783001808499,2026-07-02 16:16:48.499,C3:00:00:63:4D:05,-58,127,1.0,4.5,1.5
1783001808505,2026-07-02 16:16:48.505,C3:00:00:63:4D:08,-55,127,1.0,4.5,1.5
1783001808509,2026-07-02 16:16:48.509,C3:00:00:63:4D:09,-61,127,1.0,4.5,1.5
1783001808510,2026-07-02 16:16:48.510,C3:00:00:63:4D:07,-62,127,1.0,4.5,1.5
1783001808512,2026-07-02 16:16:48.512,C3:00:00:63:4D:0A,-59,127,1.0,4.5,1.5
1783001808514,2026-07-02 16:16:48.514,C3:00:00:63:4D:0D,-48,127,1.0,4.5,1.5
1783001808516,2026-07-02 16:16:48.516,C3:00:00:63:4D:04,-71,127,1.0,4.5,1.5
1783001808519,2026-07-02 16:16:48.519,C3:00:00:63:4C:D2,-55,127,1.0,4.5,1.5
1783001808522,2026-07-02 16:16:48.522,C3:00:00:63:4D:05,-59,127,1.0,4.5,1.5
1783001808523,2026-07-02 16:16:48.523,C3:00:00:63:4D:08,-52,127,1.0,4.5,1.5
1783001808524,2026-07-02 16:16:48.524,C3:00:00:63:4D:09,-57,127,1.0,4.5,1.5
1783001808526,2026-07-02 16:16:48.526,C3:00:00:63:4D:07,-61,127,1.0,4.5,1.5
1783001808527,2026-07-02 16:16:48.527,C3:00:00:63:4D:0A,-58,127,1.0,4.5,1.5
1783001808528,2026-07-02 16:16:48.528,C3:00:00:63:4D:0D,-50,127,1.0,4.5,1.5
1783001808530,2026-07-02 16:16:48.530,C3:00:00:63:4D:04,-62,127,1.0,4.5,1.5
1783001808532,2026-07-02 16:16:48.532,C3:00:00:63:4C:D2,-84,127,1.0,4.5,1.5
1783001808533,2026-07-02 16:16:48.533,C3:00:00:63:4D:08,-49,127,1.0,4.5,1.5
1783001808534,2026-07-02 16:16:48.534,C3:00:00:63:4C:D2,-72,127,1.0,4.5,1.5
1783001808535,2026-07-02 16:16:48.535,C3:00:00:63:4D:07,-61,127,1.0,4.5,1.5
1783001808537,2026-07-02 16:16:48.537,C3:00:00:63:4C:D2,-54,127,1.0,4.5,1.5
1783001808539,2026-07-02 16:16:48.539,C3:00:00:63:4D:08,-55,127,1.0,4.5,1.5
1783001808544,2026-07-02 16:16:48.544,C3:00:00:63:4D:0A,-60,127,1.0,4.5,1.5
1783001808545,2026-07-02 16:16:48.545,C3:00:00:63:4D:09,-61,127,1.0,4.5,1.5
1783001808548,2026-07-02 16:16:48.548,C3:00:00:63:4D:0D,-48,127,1.0,4.5,1.5
1783001808549,2026-07-02 16:16:48.549,C3:00:00:63:4D:07,-61,127,1.0,4.5,1.5
1783001808551,2026-07-02 16:16:48.551,C3:00:00:63:4D:04,-71,127,1.0,4.5,1.5
1783001808555,2026-07-02 16:16:48.555,C3:00:00:63:4D:0A,-68,127,1.0,4.5,1.5
1783001808562,2026-07-02 16:16:48.562,C3:00:00:63:4D:05,-55,127,1.0,4.5,1.5
1783001808564,2026-07-02 16:16:48.564,C3:00:00:63:4D:0A,-60,127,1.0,4.5,1.5
1783001808565,2026-07-02 16:16:48.565,C3:00:00:63:4D:08,-50,127,1.0,4.5,1.5
1783001808568,2026-07-02 16:16:48.568,C3:00:00:63:4D:0A,-60,127,1.0,4.5,1.5
1783001808578,2026-07-02 16:16:48.578,C3:00:00:63:4D:0D,-51,127,1.0,4.5,1.5
1783001808597,2026-07-02 16:16:48.597,C3:00:00:63:4D:09,-57,127,1.0,4.5,1.5
1783001808641,2026-07-02 16:16:48.641,C3:00:00:63:4D:09,-63,127,1.0,4.5,1.5
1783001808662,2026-07-02 16:16:48.662,C3:00:00:63:4C:D2,-69,127,1.0,4.5,1.5
1783001808672,2026-07-02 16:16:48.672,C3:00:00:63:4D:04,-56,127,1.0,4.5,1.5
1783001808691,2026-07-02 16:16:48.691,C3:00:00:63:4D:0D,-51,127,1.0,4.5,1.5
1783001808703,2026-07-02 16:16:48.703,C3:00:00:63:4D:08,-48,127,1.0,4.5,1.5
1783001808705,2026-07-02 16:16:48.705,C3:00:00:63:4D:0D,-51,127,1.0,4.5,1.5
1783001808713,2026-07-02 16:16:48.713,C3:00:00:63:4D:09,-64,127,1.0,4.5,1.5
1783001808724,2026-07-02 16:16:48.724,C3:00:00:63:4D:07,-61,127,1.0,4.5,1.5
1783001808728,2026-07-02 16:16:48.728,C3:00:00:63:4D:04,-71,127,1.0,4.5,1.5
1783001808765,2026-07-02 16:16:48.765,C3:00:00:63:4D:0A,-61,127,1.0,4.5,1.5
1783001808779,2026-07-02 16:16:48.779,C3:00:00:63:4C:D2,-54,127,1.0,4.5,1.5
1783001808784,2026-07-02 16:16:48.784,C3:00:00:63:4D:08,-54,127,1.0,4.5,1.5
1783001808788,2026-07-02 16:16:48.788,C3:00:00:63:4D:05,-62,127,1.0,4.5,1.5
1783001808802,2026-07-02 16:16:48.802,C3:00:00:63:4D:0D,-50,127,1.0,4.5,1.5
1783001808822,2026-07-02 16:16:48.822,C3:00:00:63:4D:09,-59,127,1.0,4.5,1.5
1783001808827,2026-07-02 16:16:48.827,C3:00:00:63:4D:04,-61,127,1.0,4.5,1.5
1783001808830,2026-07-02 16:16:48.830,C3:00:00:63:4D:07,-63,127,1.0,4.5,1.5
1783001808847,2026-07-02 16:16:48.847,C3:00:00:63:4D:0D,-50,127,1.0,4.5,1.5
1783001808854,2026-07-02 16:16:48.854,C3:00:00:63:4D:07,-61,127,1.0,4.5,1.5
1783001808886,2026-07-02 16:16:48.886,C3:00:00:63:4D:08,-51,127,1.0,4.5,1.5
1783001808898,2026-07-02 16:16:48.898,C3:00:00:63:4C:D2,-65,127,1.0,4.5,1.5
1783001808904,2026-07-02 16:16:48.904,C3:00:00:63:4D:05,-56,127,1.0,4.5,1.5
1783001808914,2026-07-02 16:16:48.914,C3:00:00:63:4D:0D,-50,127,1.0,4.5,1.5
1783001808943,2026-07-02 16:16:48.943,C3:00:00:63:4D:04,-55,127,1.0,4.5,1.5
1783001808949,2026-07-02 16:16:48.949,C3:00:00:63:4D:07,-59,127,1.0,4.5,1.5
1783001808965,2026-07-02 16:16:48.965,C3:00:00:63:4D:0A,-63,127,1.0,4.5,1.5
1783001808992,2026-07-02 16:16:48.992,C3:00:00:63:4D:05,-65,127,1.0,4.5,1.5
1783001809003,2026-07-02 16:16:49.003,C3:00:00:63:4D:08,-48,127,1.0,4.5,1.5
1783001809012,2026-07-02 16:16:49.012,C3:00:00:63:4C:D2,-63,127,1.0,4.5,1.5
1783001809013,2026-07-02 16:16:49.013,C3:00:00:63:4D:0D,-48,127,1.0,4.5,1.5
1783001809018,2026-07-02 16:16:49.018,C3:00:00:63:4D:05,-58,127,1.0,4.5,1.5
1783001809046,2026-07-02 16:16:49.046,C3:00:00:63:4D:04,-71,127,1.0,4.5,1.5
1783001809057,2026-07-02 16:16:49.057,C3:00:00:63:4D:09,-69,127,1.0,4.5,1.5
1783001809073,2026-07-02 16:16:49.073,C3:00:00:63:4D:0A,-61,127,1.0,4.5,1.5
1783001809078,2026-07-02 16:16:49.078,C3:00:00:63:4D:07,-60,127,1.0,4.5,1.5
1783001809106,2026-07-02 16:16:49.106,C3:00:00:63:4D:08,-54,127,1.0,4.5,1.5
1783001809129,2026-07-02 16:16:49.129,C3:00:00:63:4C:D2,-65,127,1.0,4.5,1.5
1783001809138,2026-07-02 16:16:49.138,C3:00:00:63:4D:05,-56,127,1.0,4.5,1.5
1783001809159,2026-07-02 16:16:49.159,C3:00:00:63:4D:04,-60,127,1.0,4.5,1.5
1783001809165,2026-07-02 16:16:49.165,C3:00:00:63:4D:09,-59,127,1.0,4.5,1.5
1783001809170,2026-07-02 16:16:49.170,C3:00:00:63:4D:0A,-61,127,1.0,4.5,1.5
1783001809178,2026-07-02 16:16:49.178,C3:00:00:63:4D:07,-63,127,1.0,4.5,1.5
1783001809191,2026-07-02 16:16:49.191,C3:00:00:63:4D:09,-59,127,1.0,4.5,1.5
1783001809217,2026-07-02 16:16:49.217,C3:00:00:63:4D:08,-48,127,1.0,4.5,1.5
1783001809222,2026-07-02 16:16:49.222,C3:00:00:63:4D:0D,-50,127,1.0,4.5,1.5
1783001809240,2026-07-02 16:16:49.240,C3:00:00:63:4C:D2,-61,127,1.0,4.5,1.5
1783001809244,2026-07-02 16:16:49.244,C3:00:00:63:4D:05,-57,127,1.0,4.5,1.5
1783001809262,2026-07-02 16:16:49.262,C3:00:00:63:4D:04,-56,127,1.0,4.5,1.5
1783001809281,2026-07-02 16:16:49.281,C3:00:00:63:4D:09,-62,127,1.0,4.5,1.5
1783001809299,2026-07-02 16:16:49.299,C3:00:00:63:4D:07,-62,127,1.0,4.5,1.5
1783001809319,2026-07-02 16:16:49.319,C3:00:00:63:4D:08,-54,127,1.0,4.5,1.5
1783001809323,2026-07-02 16:16:49.323,C3:00:00:63:4D:0D,-50,127,1.0,4.5,1.5
1783001809348,2026-07-02 16:16:49.348,C3:00:00:63:4D:05,-60,127,1.0,4.5,1.5
1783001809354,2026-07-02 16:16:49.354,C3:00:00:63:4C:D2,-54,127,1.0,4.5,1.5
1783001809377,2026-07-02 16:16:49.377,C3:00:00:63:4D:05,-60,127,1.0,4.5,1.5
1783001809402,2026-07-02 16:16:49.402,C3:00:00:63:4D:04,-69,127,1.0,4.5,1.5
1783001809409,2026-07-02 16:16:49.409,C3:00:00:63:4D:09,-71,127,1.0,4.5,1.5
1783001809425,2026-07-02 16:16:49.425,C3:00:00:63:4D:0D,-50,127,1.0,4.5,1.5
1783001809427,2026-07-02 16:16:49.427,C3:00:00:63:4D:0A,-61,127,1.0,4.5,1.5
1783001809431,2026-07-02 16:16:49.431,C3:00:00:63:4D:08,-52,127,1.0,4.5,1.5
1783001809466,2026-07-02 16:16:49.466,C3:00:00:63:4C:D2,-62,127,1.0,4.5,1.5
1783001809472,2026-07-02 16:16:49.472,C3:00:00:63:4D:0A,-61,127,1.0,4.5,1.5
1783001809478,2026-07-02 16:16:49.478,C3:00:00:63:4D:05,-55,127,1.0,4.5,1.5
1783001809481,2026-07-02 16:16:49.481,C3:00:00:63:4D:07,-63,127,1.0,4.5,1.5
1783001809486,2026-07-02 16:16:49.486,C3:00:00:63:4D:04,-59,127,1.0,4.5,1.5
1783001809512,2026-07-02 16:16:49.512,C3:00:00:63:4D:09,-60,127,1.0,4.5,1.5
1783001809543,2026-07-02 16:16:49.543,C3:00:00:63:4D:08,-49,127,1.0,4.5,1.5
1783001809568,2026-07-02 16:16:49.568,C3:00:00:63:4D:0A,-61,127,1.0,4.5,1.5
1783001809598,2026-07-02 16:16:49.598,C3:00:00:63:4D:0D,-49,127,1.0,4.5,1.5
1783001809605,2026-07-02 16:16:49.605,C3:00:00:63:4C:D2,-68,127,1.0,4.5,1.5
1783001809621,2026-07-02 16:16:49.621,C3:00:00:63:4D:09,-69,127,1.0,4.5,1.5
1783001809661,2026-07-02 16:16:49.661,C3:00:00:63:4D:0A,-64,127,1.0,4.5,1.5
1783001809686,2026-07-02 16:16:49.686,C3:00:00:63:4D:0A,-64,127,1.0,4.5,1.5
1783001809700,2026-07-02 16:16:49.700,C3:00:00:63:4C:D2,-55,127,1.0,4.5,1.5
1783001809705,2026-07-02 16:16:49.705,C3:00:00:63:4D:04,-81,127,1.0,4.5,1.5
1783001809738,2026-07-02 16:16:49.738,C3:00:00:63:4D:09,-62,127,1.0,4.5,1.5
1783001809754,2026-07-02 16:16:49.754,C3:00:00:63:4D:08,-51,127,1.0,4.5,1.5
1783001809760,2026-07-02 16:16:49.760,C3:00:00:63:4D:07,-61,127,1.0,4.5,1.5
1783001809766,2026-07-02 16:16:49.766,C3:00:00:63:4D:0A,-60,127,1.0,4.5,1.5
1783001809813,2026-07-02 16:16:49.813,C3:00:00:63:4C:D2,-66,127,1.0,4.5,1.5
1783001809817,2026-07-02 16:16:49.817,C3:00:00:63:4D:05,-58,127,1.0,4.5,1.5
1783001809850,2026-07-02 16:16:49.850,C3:00:00:63:4D:09,-61,127,1.0,4.5,1.5
1783001809855,2026-07-02 16:16:49.855,C3:00:00:63:4D:0D,-49,127,1.0,4.5,1.5
1783001809880,2026-07-02 16:16:49.880,C3:00:00:63:4D:07,-62,127,1.0,4.5,1.5
1783001809924,2026-07-02 16:16:49.924,C3:00:00:63:4D:04,-84,127,1.0,4.5,1.5
1783001809929,2026-07-02 16:16:49.929,C3:00:00:63:4D:05,-60,127,1.0,4.5,1.5
1783001809934,2026-07-02 16:16:49.934,C3:00:00:63:4C:D2,-55,127,1.0,4.5,1.5
1783001809949,2026-07-02 16:16:49.949,C3:00:00:63:4D:0D,-50,127,1.0,4.5,1.5
1783001809963,2026-07-02 16:16:49.963,C3:00:00:63:4D:0A,-62,127,1.0,4.5,1.5
1783001809974,2026-07-02 16:16:49.974,C3:00:00:63:4D:08,-54,127,1.0,4.5,1.5
1783001809990,2026-07-02 16:16:49.990,C3:00:00:63:4D:07,-61,127,1.0,4.5,1.5
1783001810033,2026-07-02 16:16:50.033,C3:00:00:63:4D:04,-60,127,1.0,4.5,1.5
1783001810044,2026-07-02 16:16:50.044,C3:00:00:63:4C:D2,-64,127,1.0,4.5,1.5
1783001810051,2026-07-02 16:16:50.051,C3:00:00:63:4D:0D,-49,127,1.0,4.5,1.5
1783001810074,2026-07-02 16:16:50.074,C3:00:00:63:4D:0A,-60,127,1.0,4.5,1.5
1783001810079,2026-07-02 16:16:50.079,C3:00:00:63:4D:09,-61,127,1.0,4.5,1.5
1783001810089,2026-07-02 16:16:50.089,C3:00:00:63:4D:08,-52,127,1.0,4.5,1.5
1783001810099,2026-07-02 16:16:50.099,C3:00:00:63:4D:07,-63,127,1.0,4.5,1.5
1783001810135,2026-07-02 16:16:50.135,C3:00:00:63:4D:04,-56,127,1.0,4.5,1.5
1783001810159,2026-07-02 16:16:50.159,C3:00:00:63:4D:0D,-49,127,1.0,4.5,1.5
1783001810178,2026-07-02 16:16:50.178,C3:00:00:63:4D:0A,-60,127,1.0,4.5,1.5
1783001810194,2026-07-02 16:16:50.194,C3:00:00:63:4D:09,-65,127,1.0,4.5,1.5
1783001810197,2026-07-02 16:16:50.197,C3:00:00:63:4D:08,-49,127,1.0,4.5,1.5
1783001810218,2026-07-02 16:16:50.218,C3:00:00:63:4D:07,-62,127,1.0,4.5,1.5
1783001810248,2026-07-02 16:16:50.248,C3:00:00:63:4D:04,-69,127,1.0,4.5,1.5
1783001810267,2026-07-02 16:16:50.267,C3:00:00:63:4D:0D,-50,127,1.0,4.5,1.5
1783001810271,2026-07-02 16:16:50.271,C3:00:00:63:4C:D2,-56,127,1.0,4.5,1.5
1783001810286,2026-07-02 16:16:50.286,C3:00:00:63:4D:05,-62,127,1.0,4.5,1.5
1783001810302,2026-07-02 16:16:50.302,C3:00:00:63:4D:08,-54,127,1.0,4.5,1.5
1783001810336,2026-07-02 16:16:50.336,C3:00:00:63:4D:07,-63,127,1.0,4.5,1.5
1783001810359,2026-07-02 16:16:50.359,C3:00:00:63:4D:04,-60,127,1.0,4.5,1.5
1783001810372,2026-07-02 16:16:50.372,C3:00:00:63:4D:0A,-60,127,1.0,4.5,1.5
1783001810376,2026-07-02 16:16:50.376,C3:00:00:63:4D:0D,-49,127,1.0,4.5,1.5
1783001810389,2026-07-02 16:16:50.389,C3:00:00:63:4D:05,-54,127,1.0,4.5,1.5
1783001810412,2026-07-02 16:16:50.412,C3:00:00:63:4D:08,-52,127,1.0,4.5,1.5
1783001810447,2026-07-02 16:16:50.447,C3:00:00:63:4D:07,-64,127,1.0,4.5,1.5
1783001810467,2026-07-02 16:16:50.467,C3:00:00:63:4D:04,-56,127,1.0,4.5,1.5
1783001810471,2026-07-02 16:16:50.471,C3:00:00:63:4D:0A,-60,127,1.0,4.5,1.5
1783001810490,2026-07-02 16:16:50.490,C3:00:00:63:4D:08,-56,127,1.0,4.5,1.5
1783001810504,2026-07-02 16:16:50.504,C3:00:00:63:4D:05,-55,127,1.0,4.5,1.5
1783001810511,2026-07-02 16:16:50.511,C3:00:00:63:4C:D2,-63,127,1.0,4.5,1.5
1783001810519,2026-07-02 16:16:50.519,C3:00:00:63:4D:08,-54,127,1.0,4.5,1.5
1783001810534,2026-07-02 16:16:50.534,C3:00:00:63:4D:09,-64,127,1.0,4.5,1.5
1783001810582,2026-07-02 16:16:50.582,C3:00:00:63:4D:0D,-50,127,1.0,4.5,1.5
1783001810622,2026-07-02 16:16:50.622,C3:00:00:63:4C:D2,-65,127,1.0,4.5,1.5
1783001810629,2026-07-02 16:16:50.629,C3:00:00:63:4D:08,-52,127,1.0,4.5,1.5
1783001810643,2026-07-02 16:16:50.643,C3:00:00:63:4D:09,-58,127,1.0,4.5,1.5
1783001810662,2026-07-02 16:16:50.662,C3:00:00:63:4D:09,-58,127,1.0,4.5,1.5
1783001810671,2026-07-02 16:16:50.671,C3:00:00:63:4D:0A,-60,127,1.0,4.5,1.5
1783001810680,2026-07-02 16:16:50.680,C3:00:00:63:4D:04,-62,127,1.0,4.5,1.5
1783001810684,2026-07-02 16:16:50.684,C3:00:00:63:4D:07,-63,127,1.0,4.5,1.5
1783001810736,2026-07-02 16:16:50.736,C3:00:00:63:4D:08,-49,127,1.0,4.5,1.5
1783001810739,2026-07-02 16:16:50.739,C3:00:00:63:4C:D2,-61,127,1.0,4.5,1.5
1783001810752,2026-07-02 16:16:50.752,C3:00:00:63:4D:08,-49,127,1.0,4.5,1.5
1783001810766,2026-07-02 16:16:50.766,C3:00:00:63:4D:09,-61,127,1.0,4.5,1.5
1783001810771,2026-07-02 16:16:50.771,C3:00:00:63:4D:0A,-61,127,1.0,4.5,1.5
1783001810792,2026-07-02 16:16:50.792,C3:00:00:63:4D:04,-55,127,1.0,4.5,1.5
1783001810841,2026-07-02 16:16:50.841,C3:00:00:63:4D:07,-61,127,1.0,4.5,1.5
1783001810846,2026-07-02 16:16:50.846,C3:00:00:63:4D:08,-54,127,1.0,4.5,1.5
1783001810853,2026-07-02 16:16:50.853,C3:00:00:63:4C:D2,-56,127,1.0,4.5,1.5
1783001810866,2026-07-02 16:16:50.866,C3:00:00:63:4D:0A,-62,127,1.0,4.5,1.5
1783001810877,2026-07-02 16:16:50.877,C3:00:00:63:4D:09,-63,127,1.0,4.5,1.5
1783001810951,2026-07-02 16:16:50.951,C3:00:00:63:4D:05,-54,127,1.0,4.5,1.5
1783001810962,2026-07-02 16:16:50.962,C3:00:00:63:4D:0A,-61,127,1.0,4.5,1.5
1783001810976,2026-07-02 16:16:50.976,C3:00:00:63:4C:D2,-64,127,1.0,4.5,1.5
1783001810979,2026-07-02 16:16:50.979,C3:00:00:63:4D:05,-54,127,1.0,4.5,1.5
1783001810988,2026-07-02 16:16:50.988,C3:00:00:63:4D:09,-58,127,1.0,4.5,1.5
1783001811000,2026-07-02 16:16:51.000,C3:00:00:63:4D:0D,-50,127,1.0,4.5,1.5
1783001811014,2026-07-02 16:16:51.014,C3:00:00:63:4D:04,-62,127,1.0,4.5,1.5
1783001811025,2026-07-02 16:16:51.025,C3:00:00:63:4D:07,-62,127,1.0,4.5,1.5
1783001811070,2026-07-02 16:16:51.070,C3:00:00:63:4D:08,-48,127,1.0,4.5,1.5
1783001811076,2026-07-02 16:16:51.076,C3:00:00:63:4C:D2,-59,127,1.0,4.5,1.5
1783001811094,2026-07-02 16:16:51.094,C3:00:00:63:4D:05,-58,127,1.0,4.5,1.5
1783001811115,2026-07-02 16:16:51.115,C3:00:00:63:4D:09,-61,127,1.0,4.5,1.5
1783001811117,2026-07-02 16:16:51.117,C3:00:00:63:4D:0D,-50,127,1.0,4.5,1.5
1783001811137,2026-07-02 16:16:51.137,C3:00:00:63:4D:07,-60,127,1.0,4.5,1.5
1783001811169,2026-07-02 16:16:51.169,C3:00:00:63:4D:0A,-63,127,1.0,4.5,1.5
1783001811176,2026-07-02 16:16:51.176,C3:00:00:63:4D:08,-53,127,1.0,4.5,1.5
1783001811202,2026-07-02 16:16:51.202,C3:00:00:63:4D:05,-58,127,1.0,4.5,1.5
1783001811214,2026-07-02 16:16:51.214,C3:00:00:63:4C:D2,-56,127,1.0,4.5,1.5
1783001811216,2026-07-02 16:16:51.216,C3:00:00:63:4D:09,-60,127,1.0,4.5,1.5
1783001811219,2026-07-02 16:16:51.219,C3:00:00:63:4D:0D,-51,127,1.0,4.5,1.5
1783001811254,2026-07-02 16:16:51.254,C3:00:00:63:4D:07,-62,127,1.0,4.5,1.5
1783001811263,2026-07-02 16:16:51.263,C3:00:00:63:4D:0A,-61,127,1.0,4.5,1.5
1783001811278,2026-07-02 16:16:51.278,C3:00:00:63:4D:04,-71,127,1.0,4.5,1.5
1783001811282,2026-07-02 16:16:51.282,C3:00:00:63:4D:08,-51,127,1.0,4.5,1.5
1783001811305,2026-07-02 16:16:51.305,C3:00:00:63:4C:D2,-63,127,1.0,4.5,1.5
1783001811317,2026-07-02 16:16:51.317,C3:00:00:63:4D:0D,-50,127,1.0,4.5,1.5
1783001811322,2026-07-02 16:16:51.322,C3:00:00:63:4D:05,-56,127,1.0,4.5,1.5
1783001811328,2026-07-02 16:16:51.328,C3:00:00:63:4D:09,-62,127,1.0,4.5,1.5
1783001811330,2026-07-02 16:16:51.330,C3:00:00:63:4D:04,-55,127,1.0,4.5,1.5
1783001811355,2026-07-02 16:16:51.355,C3:00:00:63:4D:05,-56,127,1.0,4.5,1.5
1783001811368,2026-07-02 16:16:51.368,C3:00:00:63:4D:0A,-61,127,1.0,4.5,1.5
1783001811372,2026-07-02 16:16:51.372,C3:00:00:63:4C:D2,-60,127,1.0,4.5,1.5
1783001811380,2026-07-02 16:16:51.380,C3:00:00:63:4D:07,-61,127,1.0,4.5,1.5
1783001811392,2026-07-02 16:16:51.392,C3:00:00:63:4D:08,-48,127,1.0,4.5,1.5
1783001811420,2026-07-02 16:16:51.420,C3:00:00:63:4D:0D,-51,127,1.0,4.5,1.5
1783001811434,2026-07-02 16:16:51.434,C3:00:00:63:4D:05,-60,127,1.0,4.5,1.5
1783001811439,2026-07-02 16:16:51.439,C3:00:00:63:4D:0A,-64,127,1.0,4.5,1.5
1783001811446,2026-07-02 16:16:51.446,C3:00:00:63:4C:D2,-56,127,1.0,4.5,1.5
1783001811452,2026-07-02 16:16:51.452,C3:00:00:63:4D:04,-76,127,1.0,4.5,1.5
1783001811461,2026-07-02 16:16:51.461,C3:00:00:63:4D:0A,-63,127,1.0,4.5,1.5
1783001811479,2026-07-02 16:16:51.479,C3:00:00:63:4D:07,-61,127,1.0,4.5,1.5
1783001811504,2026-07-02 16:16:51.504,C3:00:00:63:4D:08,-54,127,1.0,4.5,1.5
1783001811529,2026-07-02 16:16:51.529,C3:00:00:63:4D:0D,-50,127,1.0,4.5,1.5
1783001811607,2026-07-02 16:16:51.607,C3:00:00:63:4D:0D,-50,127,1.0,4.5,1.5
1783001811612,2026-07-02 16:16:51.612,C3:00:00:63:4D:08,-52,127,1.0,4.5,1.5
1783001811617,2026-07-02 16:16:51.617,C3:00:00:63:4D:04,-56,127,1.0,4.5,1.5
1783001811653,2026-07-02 16:16:51.653,C3:00:00:63:4D:05,-56,127,1.0,4.5,1.5
1783001811658,2026-07-02 16:16:51.658,C3:00:00:63:4C:D2,-61,127,1.0,4.5,1.5
1783001811661,2026-07-02 16:16:51.661,C3:00:00:63:4D:04,-56,127,1.0,4.5,1.5
1783001811671,2026-07-02 16:16:51.671,C3:00:00:63:4D:09,-65,127,1.0,4.5,1.5
1783001811685,2026-07-02 16:16:51.685,C3:00:00:63:4D:0A,-63,127,1.0,4.5,1.5
1783001811709,2026-07-02 16:16:51.709,C3:00:00:63:4D:07,-62,127,1.0,4.5,1.5
1783001811740,2026-07-02 16:16:51.740,C3:00:00:63:4D:0D,-51,127,1.0,4.5,1.5
1783001811769,2026-07-02 16:16:51.769,C3:00:00:63:4C:D2,-56,127,1.0,4.5,1.5
1783001811774,2026-07-02 16:16:51.774,C3:00:00:63:4D:09,-61,127,1.0,4.5,1.5
1783001811779,2026-07-02 16:16:51.779,C3:00:00:63:4D:04,-74,127,1.0,4.5,1.5
1783001811794,2026-07-02 16:16:51.794,C3:00:00:63:4D:09,-60,127,1.0,4.5,1.5
1783001811801,2026-07-02 16:16:51.801,C3:00:00:63:4D:05,-61,127,1.0,4.5,1.5
1783001811824,2026-07-02 16:16:51.824,C3:00:00:63:4D:07,-63,127,1.0,4.5,1.5
1783001811863,2026-07-02 16:16:51.863,C3:00:00:63:4D:0A,-63,127,1.0,4.5,1.5
1783001811885,2026-07-02 16:16:51.885,C3:00:00:63:4D:04,-63,127,1.0,4.5,1.5
1783001811891,2026-07-02 16:16:51.891,C3:00:00:63:4C:D2,-64,127,1.0,4.5,1.5
1783001811897,2026-07-02 16:16:51.897,C3:00:00:63:4D:05,-54,127,1.0,4.5,1.5
1783001811936,2026-07-02 16:16:51.936,C3:00:00:63:4D:08,-48,127,1.0,4.5,1.5
1783001811940,2026-07-02 16:16:51.940,C3:00:00:63:4D:07,-62,127,1.0,4.5,1.5
1783001811946,2026-07-02 16:16:51.946,C3:00:00:63:4D:0D,-51,127,1.0,4.5,1.5
1783001811964,2026-07-02 16:16:51.964,C3:00:00:63:4D:0A,-63,127,1.0,4.5,1.5
1783001811990,2026-07-02 16:16:51.990,C3:00:00:63:4D:04,-56,127,1.0,4.5,1.5
1783001811996,2026-07-02 16:16:51.996,C3:00:00:63:4C:D2,-60,127,1.0,4.5,1.5
1783001812002,2026-07-02 16:16:52.002,C3:00:00:63:4D:07,-70,127,1.0,4.5,1.5
1783001812010,2026-07-02 16:16:52.010,C3:00:00:63:4D:05,-57,127,1.0,4.5,1.5
1783001812016,2026-07-02 16:16:52.016,C3:00:00:63:4D:09,-60,127,1.0,4.5,1.5
1783001812051,2026-07-02 16:16:52.051,C3:00:00:63:4D:08,-53,127,1.0,4.5,1.5
1783001812055,2026-07-02 16:16:52.055,C3:00:00:63:4D:0D,-50,127,1.0,4.5,1.5
1783001812063,2026-07-02 16:16:52.063,C3:00:00:63:4D:07,-60,127,1.0,4.5,1.5
1783001812067,2026-07-02 16:16:52.067,C3:00:00:63:4D:0A,-64,127,1.0,4.5,1.5
1783001812098,2026-07-02 16:16:52.098,C3:00:00:63:4D:04,-83,127,1.0,4.5,1.5
1783001812122,2026-07-02 16:16:52.122,C3:00:00:63:4D:05,-55,127,1.0,4.5,1.5
1783001812141,2026-07-02 16:16:52.141,C3:00:00:63:4D:09,-58,127,1.0,4.5,1.5
1783001812153,2026-07-02 16:16:52.153,C3:00:00:63:4D:0D,-49,127,1.0,4.5,1.5
1783001812164,2026-07-02 16:16:52.164,C3:00:00:63:4D:0A,-62,127,1.0,4.5,1.5
1783001812224,2026-07-02 16:16:52.224,C3:00:00:63:4C:D2,-62,127,1.0,4.5,1.5
1783001812228,2026-07-02 16:16:52.228,C3:00:00:63:4D:05,-57,127,1.0,4.5,1.5
1783001812239,2026-07-02 16:16:52.239,C3:00:00:63:4D:09,-62,127,1.0,4.5,1.5
1783001812265,2026-07-02 16:16:52.265,C3:00:00:63:4D:0D,-49,127,1.0,4.5,1.5
1783001812270,2026-07-02 16:16:52.270,C3:00:00:63:4D:08,-49,127,1.0,4.5,1.5
1783001812285,2026-07-02 16:16:52.285,C3:00:00:63:4D:07,-62,127,1.0,4.5,1.5
1783001812334,2026-07-02 16:16:52.334,C3:00:00:63:4C:D2,-55,127,1.0,4.5,1.5
1783001812344,2026-07-02 16:16:52.344,C3:00:00:63:4D:05,-62,127,1.0,4.5,1.5
1783001812369,2026-07-02 16:16:52.369,C3:00:00:63:4D:0D,-50,127,1.0,4.5,1.5
1783001812402,2026-07-02 16:16:52.402,C3:00:00:63:4D:07,-62,127,1.0,4.5,1.5
1783001812455,2026-07-02 16:16:52.455,C3:00:00:63:4C:D2,-65,127,1.0,4.5,1.5
1783001812464,2026-07-02 16:16:52.464,C3:00:00:63:4D:05,-54,127,1.0,4.5,1.5
1783001812478,2026-07-02 16:16:52.478,C3:00:00:63:4D:09,-58,127,1.0,4.5,1.5
1783001812484,2026-07-02 16:16:52.484,C3:00:00:63:4D:0D,-49,127,1.0,4.5,1.5
1783001812489,2026-07-02 16:16:52.489,C3:00:00:63:4D:08,-51,127,1.0,4.5,1.5
1783001812515,2026-07-02 16:16:52.515,C3:00:00:63:4D:0A,-70,127,1.0,4.5,1.5
1783001812539,2026-07-02 16:16:52.539,C3:00:00:63:4D:04,-56,127,1.0,4.5,1.5
1783001812549,2026-07-02 16:16:52.549,C3:00:00:63:4D:0A,-62,127,1.0,4.5,1.5
1783001812570,2026-07-02 16:16:52.570,C3:00:00:63:4C:D2,-63,127,1.0,4.5,1.5
1783001812574,2026-07-02 16:16:52.574,C3:00:00:63:4D:05,-56,127,1.0,4.5,1.5
1783001812578,2026-07-02 16:16:52.578,C3:00:00:63:4D:0D,-49,127,1.0,4.5,1.5
1783001812586,2026-07-02 16:16:52.586,C3:00:00:63:4D:09,-61,127,1.0,4.5,1.5
1783001812644,2026-07-02 16:16:52.644,C3:00:00:63:4D:04,-73,127,1.0,4.5,1.5
1783001812665,2026-07-02 16:16:52.665,C3:00:00:63:4D:0A,-63,127,1.0,4.5,1.5
1783001812672,2026-07-02 16:16:52.672,C3:00:00:63:4D:0D,-50,127,1.0,4.5,1.5
1783001812687,2026-07-02 16:16:52.687,C3:00:00:63:4D:04,-71,127,1.0,4.5,1.5
1783001812700,2026-07-02 16:16:52.700,C3:00:00:63:4C:D2,-55,127,1.0,4.5,1.5
1783001812702,2026-07-02 16:16:52.702,C3:00:00:63:4D:0D,-50,127,1.0,4.5,1.5
1783001812709,2026-07-02 16:16:52.709,C3:00:00:63:4D:08,-53,127,1.0,4.5,1.5
1783001812751,2026-07-02 16:16:52.751,C3:00:00:63:4D:07,-63,127,1.0,4.5,1.5
1783001812757,2026-07-02 16:16:52.757,C3:00:00:63:4D:04,-61,127,1.0,4.5,1.5
1783001812772,2026-07-02 16:16:52.772,C3:00:00:63:4D:0A,-61,127,1.0,4.5,1.5
1783001812799,2026-07-02 16:16:52.799,C3:00:00:63:4C:D2,-64,127,1.0,4.5,1.5
1783001812804,2026-07-02 16:16:52.804,C3:00:00:63:4D:0D,-57,127,1.0,4.5,1.5
1783001812809,2026-07-02 16:16:52.809,C3:00:00:63:4D:05,-54,127,1.0,4.5,1.5
1783001812815,2026-07-02 16:16:52.815,C3:00:00:63:4D:08,-52,127,1.0,4.5,1.5
1783001812818,2026-07-02 16:16:52.818,C3:00:00:63:4D:09,-61,127,1.0,4.5,1.5
1783001812872,2026-07-02 16:16:52.872,C3:00:00:63:4D:07,-62,127,1.0,4.5,1.5
1783001812888,2026-07-02 16:16:52.888,C3:00:00:63:4D:0D,-50,127,1.0,4.5,1.5
1783001812919,2026-07-02 16:16:52.919,C3:00:00:63:4D:05,-60,127,1.0,4.5,1.5
1783001812922,2026-07-02 16:16:52.922,C3:00:00:63:4C:D2,-55,127,1.0,4.5,1.5
1783001812925,2026-07-02 16:16:52.925,C3:00:00:63:4D:08,-54,127,1.0,4.5,1.5
1783001812947,2026-07-02 16:16:52.947,C3:00:00:63:4D:05,-60,127,1.0,4.5,1.5
1783001812963,2026-07-02 16:16:52.963,C3:00:00:63:4D:0A,-63,127,1.0,4.5,1.5
1783001812996,2026-07-02 16:16:52.996,C3:00:00:63:4D:0D,-51,127,1.0,4.5,1.5
1783001813003,2026-07-02 16:16:53.003,C3:00:00:63:4D:05,-68,127,1.0,4.5,1.5
1783001813031,2026-07-02 16:16:53.031,C3:00:00:63:4D:05,-54,127,1.0,4.5,1.5
1783001813042,2026-07-02 16:16:53.042,C3:00:00:63:4D:09,-58,127,1.0,4.5,1.5
1783001813070,2026-07-02 16:16:53.070,C3:00:00:63:4D:0A,-62,127,1.0,4.5,1.5
1783001813076,2026-07-02 16:16:53.076,C3:00:00:63:4D:04,-61,127,1.0,4.5,1.5
1783001813096,2026-07-02 16:16:53.096,C3:00:00:63:4D:07,-61,127,1.0,4.5,1.5
1783001813107,2026-07-02 16:16:53.107,C3:00:00:63:4D:0D,-49,127,1.0,4.5,1.5
1783001813142,2026-07-02 16:16:53.142,C3:00:00:63:4D:08,-49,127,1.0,4.5,1.5
1783001813147,2026-07-02 16:16:53.147,C3:00:00:63:4C:D2,-62,127,1.0,4.5,1.5
1783001813152,2026-07-02 16:16:53.152,C3:00:00:63:4D:05,-56,127,1.0,4.5,1.5
1783001813159,2026-07-02 16:16:53.159,C3:00:00:63:4D:09,-62,127,1.0,4.5,1.5
1783001813165,2026-07-02 16:16:53.165,C3:00:00:63:4D:0A,-62,127,1.0,4.5,1.5
1783001813194,2026-07-02 16:16:53.194,C3:00:00:63:4D:04,-56,127,1.0,4.5,1.5
1783001813207,2026-07-02 16:16:53.207,C3:00:00:63:4D:07,-63,127,1.0,4.5,1.5
1783001813212,2026-07-02 16:16:53.212,C3:00:00:63:4D:0D,-50,127,1.0,4.5,1.5
1783001813217,2026-07-02 16:16:53.217,C3:00:00:63:4D:09,-64,127,1.0,4.5,1.5
1783001813247,2026-07-02 16:16:53.247,C3:00:00:63:4D:08,-54,127,1.0,4.5,1.5
1783001813267,2026-07-02 16:16:53.267,C3:00:00:63:4D:09,-60,127,1.0,4.5,1.5
1783001813298,2026-07-02 16:16:53.298,C3:00:00:63:4D:04,-70,127,1.0,4.5,1.5
1783001813313,2026-07-02 16:16:53.313,C3:00:00:63:4D:0D,-51,127,1.0,4.5,1.5
1783001813329,2026-07-02 16:16:53.329,C3:00:00:63:4D:07,-62,127,1.0,4.5,1.5
1783001813360,2026-07-02 16:16:53.360,C3:00:00:63:4D:08,-51,127,1.0,4.5,1.5
1783001813363,2026-07-02 16:16:53.363,C3:00:00:63:4D:0A,-62,127,1.0,4.5,1.5
1783001813370,2026-07-02 16:16:53.370,C3:00:00:63:4D:05,-54,127,1.0,4.5,1.5
1783001813377,2026-07-02 16:16:53.377,C3:00:00:63:4C:D2,-64,127,1.0,4.5,1.5
1783001813386,2026-07-02 16:16:53.386,C3:00:00:63:4D:09,-59,127,1.0,4.5,1.5
1783001813393,2026-07-02 16:16:53.393,C3:00:00:63:4D:05,-54,127,1.0,4.5,1.5
1783001813406,2026-07-02 16:16:53.406,C3:00:00:63:4D:04,-61,127,1.0,4.5,1.5
1783001813417,2026-07-02 16:16:53.417,C3:00:00:63:4D:0D,-49,127,1.0,4.5,1.5
1783001813468,2026-07-02 16:16:53.468,C3:00:00:63:4D:0A,-62,127,1.0,4.5,1.5
1783001813498,2026-07-02 16:16:53.498,C3:00:00:63:4D:09,-63,127,1.0,4.5,1.5
1783001813502,2026-07-02 16:16:53.502,C3:00:00:63:4D:05,-55,127,1.0,4.5,1.5
1783001813507,2026-07-02 16:16:53.507,C3:00:00:63:4D:07,-63,127,1.0,4.5,1.5
1783001813514,2026-07-02 16:16:53.514,C3:00:00:63:4D:04,-56,127,1.0,4.5,1.5
1783001813523,2026-07-02 16:16:53.523,C3:00:00:63:4D:0D,-51,127,1.0,4.5,1.5
1783001813549,2026-07-02 16:16:53.549,C3:00:00:63:4D:07,-60,127,1.0,4.5,1.5
1783001813565,2026-07-02 16:16:53.565,C3:00:00:63:4D:0A,-62,127,1.0,4.5,1.5
1783001813596,2026-07-02 16:16:53.596,C3:00:00:63:4C:D2,-62,127,1.0,4.5,1.5
1783001813611,2026-07-02 16:16:53.611,C3:00:00:63:4D:04,-77,127,1.0,4.5,1.5
1783001813617,2026-07-02 16:16:53.617,C3:00:00:63:4D:0D,-50,127,1.0,4.5,1.5
1783001813623,2026-07-02 16:16:53.623,C3:00:00:63:4C:D2,-64,127,1.0,4.5,1.5
1783001813633,2026-07-02 16:16:53.633,C3:00:00:63:4D:04,-63,127,1.0,4.5,1.5
1783001813639,2026-07-02 16:16:53.639,C3:00:00:63:4D:0D,-50,127,1.0,4.5,1.5
1783001813659,2026-07-02 16:16:53.659,C3:00:00:63:4D:04,-62,127,1.0,4.5,1.5
1783001813664,2026-07-02 16:16:53.664,C3:00:00:63:4D:0A,-62,127,1.0,4.5,1.5
1783001813668,2026-07-02 16:16:53.668,C3:00:00:63:4D:07,-62,127,1.0,4.5,1.5
1783001813727,2026-07-02 16:16:53.727,C3:00:00:63:4D:05,-56,127,1.0,4.5,1.5
1783001813732,2026-07-02 16:16:53.732,C3:00:00:63:4D:09,-62,127,1.0,4.5,1.5
1783001813747,2026-07-02 16:16:53.747,C3:00:00:63:4D:0D,-50,127,1.0,4.5,1.5
1783001813750,2026-07-02 16:16:53.750,C3:00:00:63:4D:04,-56,127,1.0,4.5,1.5
1783001813783,2026-07-02 16:16:53.783,C3:00:00:63:4D:07,-63,127,1.0,4.5,1.5
1783001813807,2026-07-02 16:16:53.807,C3:00:00:63:4D:08,-48,127,1.0,4.5,1.5
1783001813835,2026-07-02 16:16:53.835,C3:00:00:63:4D:0D,-50,127,1.0,4.5,1.5
1783001813839,2026-07-02 16:16:53.839,C3:00:00:63:4D:09,-61,127,1.0,4.5,1.5
1783001813843,2026-07-02 16:16:53.843,C3:00:00:63:4C:D2,-55,127,1.0,4.5,1.5
1783001813848,2026-07-02 16:16:53.848,C3:00:00:63:4D:04,-72,127,1.0,4.5,1.5
1783001813850,2026-07-02 16:16:53.850,C3:00:00:63:4D:05,-60,127,1.0,4.5,1.5
1783001813898,2026-07-02 16:16:53.898,C3:00:00:63:4D:07,-60,127,1.0,4.5,1.5
1783001813938,2026-07-02 16:16:53.938,C3:00:00:63:4D:0D,-50,127,1.0,4.5,1.5
1783001813949,2026-07-02 16:16:53.949,C3:00:00:63:4C:D2,-64,127,1.0,4.5,1.5
1783001813952,2026-07-02 16:16:53.952,C3:00:00:63:4D:09,-58,127,1.0,4.5,1.5
1783001813966,2026-07-02 16:16:53.966,C3:00:00:63:4D:0A,-63,127,1.0,4.5,1.5
1783001814009,2026-07-02 16:16:54.009,C3:00:00:63:4D:08,-52,127,1.0,4.5,1.5
1783001814012,2026-07-02 16:16:54.012,C3:00:00:63:4D:07,-62,127,1.0,4.5,1.5
1783001814045,2026-07-02 16:16:54.045,C3:00:00:63:4D:0D,-49,127,1.0,4.5,1.5
1783001814062,2026-07-02 16:16:54.062,C3:00:00:63:4D:04,-55,127,1.0,4.5,1.5
1783001814125,2026-07-02 16:16:54.125,C3:00:00:63:4D:08,-54,127,1.0,4.5,1.5
1783001814147,2026-07-02 16:16:54.147,C3:00:00:63:4D:07,-63,127,1.0,4.5,1.5
1783001814153,2026-07-02 16:16:54.153,C3:00:00:63:4D:0D,-49,127,1.0,4.5,1.5
1783001814170,2026-07-02 16:16:54.170,C3:00:00:63:4D:0A,-63,127,1.0,4.5,1.5
1783001814174,2026-07-02 16:16:54.174,C3:00:00:63:4D:04,-68,127,1.0,4.5,1.5
1783001814184,2026-07-02 16:16:54.184,C3:00:00:63:4D:09,-63,127,1.0,4.5,1.5
1783001814187,2026-07-02 16:16:54.187,C3:00:00:63:4C:D2,-55,127,1.0,4.5,1.5
1783001814199,2026-07-02 16:16:54.199,C3:00:00:63:4D:05,-61,127,1.0,4.5,1.5
1783001814229,2026-07-02 16:16:54.229,C3:00:00:63:4D:08,-52,127,1.0,4.5,1.5
1783001814248,2026-07-02 16:16:54.248,C3:00:00:63:4D:07,-60,127,1.0,4.5,1.5
1783001814255,2026-07-02 16:16:54.255,C3:00:00:63:4D:0D,-50,127,1.0,4.5,1.5
1783001814268,2026-07-02 16:16:54.268,C3:00:00:63:4D:0A,-61,127,1.0,4.5,1.5
1783001814285,2026-07-02 16:16:54.285,C3:00:00:63:4D:04,-64,127,1.0,4.5,1.5
1783001814292,2026-07-02 16:16:54.292,C3:00:00:63:4D:09,-58,127,1.0,4.5,1.5
1783001814299,2026-07-02 16:16:54.299,C3:00:00:63:4D:05,-55,127,1.0,4.5,1.5
1783001814332,2026-07-02 16:16:54.332,C3:00:00:63:4C:D2,-64,127,1.0,4.5,1.5
1783001814344,2026-07-02 16:16:54.344,C3:00:00:63:4D:08,-49,127,1.0,4.5,1.5
1783001814375,2026-07-02 16:16:54.375,C3:00:00:63:4D:0D,-49,127,1.0,4.5,1.5
1783001814379,2026-07-02 16:16:54.379,C3:00:00:63:4D:0A,-62,127,1.0,4.5,1.5
1783001814388,2026-07-02 16:16:54.388,C3:00:00:63:4D:04,-55,127,1.0,4.5,1.5
1783001814409,2026-07-02 16:16:54.409,C3:00:00:63:4D:09,-61,127,1.0,4.5,1.5
1783001814414,2026-07-02 16:16:54.414,C3:00:00:63:4C:D2,-63,127,1.0,4.5,1.5
1783001814418,2026-07-02 16:16:54.418,C3:00:00:63:4D:05,-61,127,1.0,4.5,1.5
1783001814443,2026-07-02 16:16:54.443,C3:00:00:63:4D:08,-54,127,1.0,4.5,1.5
1783001814462,2026-07-02 16:16:54.462,C3:00:00:63:4D:0A,-62,127,1.0,4.5,1.5
1783001814464,2026-07-02 16:16:54.464,C3:00:00:63:4D:0D,-50,127,1.0,4.5,1.5
1783001814472,2026-07-02 16:16:54.472,C3:00:00:63:4D:07,-62,127,1.0,4.5,1.5
1783001814475,2026-07-02 16:16:54.475,C3:00:00:63:4D:08,-54,127,1.0,4.5,1.5
1783001814502,2026-07-02 16:16:54.502,C3:00:00:63:4D:08,-61,127,1.0,4.5,1.5
1783001814505,2026-07-02 16:16:54.505,C3:00:00:63:4D:04,-70,127,1.0,4.5,1.5
1783001814521,2026-07-02 16:16:54.521,C3:00:00:63:4D:09,-59,127,1.0,4.5,1.5
1783001814524,2026-07-02 16:16:54.524,C3:00:00:63:4C:D2,-65,127,1.0,4.5,1.5
1783001814531,2026-07-02 16:16:54.531,C3:00:00:63:4D:05,-55,127,1.0,4.5,1.5
1783001814552,2026-07-02 16:16:54.552,C3:00:00:63:4D:08,-52,127,1.0,4.5,1.5
1783001814566,2026-07-02 16:16:54.566,C3:00:00:63:4D:0A,-61,127,1.0,4.5,1.5
1783001814572,2026-07-02 16:16:54.572,C3:00:00:63:4D:0D,-49,127,1.0,4.5,1.5
1783001814613,2026-07-02 16:16:54.613,C3:00:00:63:4D:04,-65,127,1.0,4.5,1.5
1783001814643,2026-07-02 16:16:54.643,C3:00:00:63:4D:09,-61,127,1.0,4.5,1.5
1783001814648,2026-07-02 16:16:54.648,C3:00:00:63:4D:05,-56,127,1.0,4.5,1.5
1783001814661,2026-07-02 16:16:54.661,C3:00:00:63:4D:08,-49,127,1.0,4.5,1.5
1783001814669,2026-07-02 16:16:54.669,C3:00:00:63:4D:09,-61,127,1.0,4.5,1.5
1783001814674,2026-07-02 16:16:54.674,C3:00:00:63:4D:0D,-49,127,1.0,4.5,1.5
1783001814697,2026-07-02 16:16:54.697,C3:00:00:63:4D:08,-49,127,1.0,4.5,1.5
1783001814699,2026-07-02 16:16:54.699,C3:00:00:63:4D:07,-63,127,1.0,4.5,1.5
1783001814721,2026-07-02 16:16:54.721,C3:00:00:63:4D:04,-76,127,1.0,4.5,1.5
1783001814793,2026-07-02 16:16:54.793,C3:00:00:63:4D:0D,-51,127,1.0,4.5,1.5
1783001814799,2026-07-02 16:16:54.799,C3:00:00:63:4D:08,-52,127,1.0,4.5,1.5
1783001814822,2026-07-02 16:16:54.822,C3:00:00:63:4D:07,-62,127,1.0,4.5,1.5
1783001814824,2026-07-02 16:16:54.824,C3:00:00:63:4D:04,-65,127,1.0,4.5,1.5
1783001814863,2026-07-02 16:16:54.863,C3:00:00:63:4D:0A,-62,127,1.0,4.5,1.5
1783001814866,2026-07-02 16:16:54.866,C3:00:00:63:4D:09,-58,127,1.0,4.5,1.5
1783001814868,2026-07-02 16:16:54.868,C3:00:00:63:4D:0D,-50,127,1.0,4.5,1.5
1783001814874,2026-07-02 16:16:54.874,C3:00:00:63:4D:05,-55,127,1.0,4.5,1.5
1783001814878,2026-07-02 16:16:54.878,C3:00:00:63:4D:08,-51,127,1.0,4.5,1.5
1783001814895,2026-07-02 16:16:54.895,C3:00:00:63:4D:0D,-50,127,1.0,4.5,1.5
1783001814933,2026-07-02 16:16:54.933,C3:00:00:63:4D:07,-62,127,1.0,4.5,1.5
1783001814941,2026-07-02 16:16:54.941,C3:00:00:63:4D:04,-55,127,1.0,4.5,1.5
1783001814963,2026-07-02 16:16:54.963,C3:00:00:63:4D:0A,-62,127,1.0,4.5,1.5
1783001814986,2026-07-02 16:16:54.986,C3:00:00:63:4D:09,-61,127,1.0,4.5,1.5
1783001814990,2026-07-02 16:16:54.990,C3:00:00:63:4D:08,-48,127,1.0,4.5,1.5
1783001814996,2026-07-02 16:16:54.996,C3:00:00:63:4C:D2,-61,127,1.0,4.5,1.5
1783001815048,2026-07-02 16:16:55.048,C3:00:00:63:4D:07,-63,127,1.0,4.5,1.5
1783001815098,2026-07-02 16:16:55.098,C3:00:00:63:4D:09,-62,127,1.0,4.5,1.5
1783001815106,2026-07-02 16:16:55.106,C3:00:00:63:4D:0D,-50,127,1.0,4.5,1.5
1783001815108,2026-07-02 16:16:55.108,C3:00:00:63:4C:D2,-54,127,1.0,4.5,1.5
1783001815161,2026-07-02 16:16:55.161,C3:00:00:63:4D:07,-61,127,1.0,4.5,1.5
1783001815200,2026-07-02 16:16:55.200,C3:00:00:63:4D:0D,-49,127,1.0,4.5,1.5
1783001815204,2026-07-02 16:16:55.204,C3:00:00:63:4D:08,-51,127,1.0,4.5,1.5
1783001815228,2026-07-02 16:16:55.228,C3:00:00:63:4D:05,-56,127,1.0,4.5,1.5
1783001815231,2026-07-02 16:16:55.231,C3:00:00:63:4C:D2,-63,127,1.0,4.5,1.5
1783001815233,2026-07-02 16:16:55.233,C3:00:00:63:4D:09,-62,127,1.0,4.5,1.5
1783001815262,2026-07-02 16:16:55.262,C3:00:00:63:4D:0A,-60,127,1.0,4.5,1.5
1783001815265,2026-07-02 16:16:55.265,C3:00:00:63:4D:04,-55,127,1.0,4.5,1.5
1783001815281,2026-07-02 16:16:55.281,C3:00:00:63:4D:07,-63,127,1.0,4.5,1.5
1783001815284,2026-07-02 16:16:55.284,C3:00:00:63:4D:04,-63,127,1.0,4.5,1.5
1783001815304,2026-07-02 16:16:55.304,C3:00:00:63:4D:0D,-49,127,1.0,4.5,1.5
1783001815323,2026-07-02 16:16:55.323,C3:00:00:63:4D:08,-53,127,1.0,4.5,1.5
1783001815326,2026-07-02 16:16:55.326,C3:00:00:63:4D:09,-62,127,1.0,4.5,1.5
1783001815331,2026-07-02 16:16:55.331,C3:00:00:63:4C:D2,-55,127,1.0,4.5,1.5
1783001815354,2026-07-02 16:16:55.354,C3:00:00:63:4D:05,-62,127,1.0,4.5,1.5
1783001815365,2026-07-02 16:16:55.365,C3:00:00:63:4D:0A,-62,127,1.0,4.5,1.5
1783001815374,2026-07-02 16:16:55.374,C3:00:00:63:4D:04,-71,127,1.0,4.5,1.5
1783001815383,2026-07-02 16:16:55.383,C3:00:00:63:4D:05,-62,127,1.0,4.5,1.5
1783001815390,2026-07-02 16:16:55.390,C3:00:00:63:4D:07,-62,127,1.0,4.5,1.5
1783001815430,2026-07-02 16:16:55.430,C3:00:00:63:4D:08,-51,127,1.0,4.5,1.5
1783001815434,2026-07-02 16:16:55.434,C3:00:00:63:4D:0A,-61,127,1.0,4.5,1.5
1783001815455,2026-07-02 16:16:55.455,C3:00:00:63:4D:05,-55,127,1.0,4.5,1.5
1783001815478,2026-07-02 16:16:55.478,C3:00:00:63:4D:04,-65,127,1.0,4.5,1.5
1783001815528,2026-07-02 16:16:55.528,C3:00:00:63:4D:07,-64,127,1.0,4.5,1.5
1783001815538,2026-07-02 16:16:55.538,C3:00:00:63:4D:08,-49,127,1.0,4.5,1.5
1783001815546,2026-07-02 16:16:55.546,C3:00:00:63:4D:09,-61,127,1.0,4.5,1.5
1783001815559,2026-07-02 16:16:55.559,C3:00:00:63:4D:0A,-60,127,1.0,4.5,1.5
1783001815565,2026-07-02 16:16:55.565,C3:00:00:63:4C:D2,-63,127,1.0,4.5,1.5
1783001815568,2026-07-02 16:16:55.568,C3:00:00:63:4D:05,-56,127,1.0,4.5,1.5
1783001815589,2026-07-02 16:16:55.589,C3:00:00:63:4D:04,-55,127,1.0,4.5,1.5
1783001815621,2026-07-02 16:16:55.621,C3:00:00:63:4D:07,-62,127,1.0,4.5,1.5
1783001815624,2026-07-02 16:16:55.624,C3:00:00:63:4D:0D,-50,127,1.0,4.5,1.5
1783001815632,2026-07-02 16:16:55.632,C3:00:00:63:4D:04,-72,127,1.0,4.5,1.5
1783001815653,2026-07-02 16:16:55.653,C3:00:00:63:4D:08,-54,127,1.0,4.5,1.5
1783001815658,2026-07-02 16:16:55.658,C3:00:00:63:4D:0D,-50,127,1.0,4.5,1.5
1783001815664,2026-07-02 16:16:55.664,C3:00:00:63:4D:09,-60,127,1.0,4.5,1.5
1783001815667,2026-07-02 16:16:55.667,C3:00:00:63:4D:0A,-62,127,1.0,4.5,1.5
1783001815674,2026-07-02 16:16:55.674,C3:00:00:63:4C:D2,-54,127,1.0,4.5,1.5
1783001815687,2026-07-02 16:16:55.687,C3:00:00:63:4D:05,-60,127,1.0,4.5,1.5
1783001815696,2026-07-02 16:16:55.696,C3:00:00:63:4D:0A,-62,127,1.0,4.5,1.5
1783001815729,2026-07-02 16:16:55.729,C3:00:00:63:4D:0D,-50,127,1.0,4.5,1.5
1783001815742,2026-07-02 16:16:55.742,C3:00:00:63:4D:07,-62,127,1.0,4.5,1.5
1783001815759,2026-07-02 16:16:55.759,C3:00:00:63:4D:08,-51,127,1.0,4.5,1.5
1783001815764,2026-07-02 16:16:55.764,C3:00:00:63:4D:0A,-62,127,1.0,4.5,1.5
1783001815777,2026-07-02 16:16:55.777,C3:00:00:63:4D:09,-59,127,1.0,4.5,1.5
1783001815794,2026-07-02 16:16:55.794,C3:00:00:63:4C:D2,-64,127,1.0,4.5,1.5
1783001815803,2026-07-02 16:16:55.803,C3:00:00:63:4D:09,-58,127,1.0,4.5,1.5
1783001815814,2026-07-02 16:16:55.814,C3:00:00:63:4D:04,-65,127,1.0,4.5,1.5
1783001815835,2026-07-02 16:16:55.835,C3:00:00:63:4D:0D,-50,127,1.0,4.5,1.5
1783001815855,2026-07-02 16:16:55.855,C3:00:00:63:4D:07,-63,127,1.0,4.5,1.5
1783001815868,2026-07-02 16:16:55.868,C3:00:00:63:4D:0A,-62,127,1.0,4.5,1.5
1783001815899,2026-07-02 16:16:55.899,C3:00:00:63:4D:09,-61,127,1.0,4.5,1.5
1783001815915,2026-07-02 16:16:55.915,C3:00:00:63:4D:05,-54,127,1.0,4.5,1.5
1783001815941,2026-07-02 16:16:55.941,C3:00:00:63:4D:0D,-51,127,1.0,4.5,1.5
1783001815970,2026-07-02 16:16:55.970,C3:00:00:63:4D:0A,-62,127,1.0,4.5,1.5
1783001815973,2026-07-02 16:16:55.973,C3:00:00:63:4D:08,-54,127,1.0,4.5,1.5
1783001815978,2026-07-02 16:16:55.978,C3:00:00:63:4D:07,-62,127,1.0,4.5,1.5
1783001815988,2026-07-02 16:16:55.988,C3:00:00:63:4D:07,-68,127,1.0,4.5,1.5
1783001816014,2026-07-02 16:16:56.014,C3:00:00:63:4D:09,-60,127,1.0,4.5,1.5
1783001816032,2026-07-02 16:16:56.032,C3:00:00:63:4C:D2,-64,127,1.0,4.5,1.5
1783001816064,2026-07-02 16:16:56.064,C3:00:00:63:4D:0A,-62,127,1.0,4.5,1.5
1783001816087,2026-07-02 16:16:56.087,C3:00:00:63:4D:08,-51,127,1.0,4.5,1.5
1783001816136,2026-07-02 16:16:56.136,C3:00:00:63:4D:04,-55,127,1.0,4.5,1.5
1783001816144,2026-07-02 16:16:56.144,C3:00:00:63:4D:05,-56,127,1.0,4.5,1.5
1783001816164,2026-07-02 16:16:56.164,C3:00:00:63:4D:0D,-50,127,1.0,4.5,1.5
1783001816170,2026-07-02 16:16:56.170,C3:00:00:63:4D:0A,-62,127,1.0,4.5,1.5
1783001816187,2026-07-02 16:16:56.187,C3:00:00:63:4D:08,-48,127,1.0,4.5,1.5
1783001816207,2026-07-02 16:16:56.207,C3:00:00:63:4D:07,-63,127,1.0,4.5,1.5
1783001816236,2026-07-02 16:16:56.236,C3:00:00:63:4D:09,-60,127,1.0,4.5,1.5
1783001816255,2026-07-02 16:16:56.255,C3:00:00:63:4D:04,-76,127,1.0,4.5,1.5
1783001816264,2026-07-02 16:16:56.264,C3:00:00:63:4C:D2,-54,127,1.0,4.5,1.5
1783001816267,2026-07-02 16:16:56.267,C3:00:00:63:4D:0D,-51,127,1.0,4.5,1.5
1783001816269,2026-07-02 16:16:56.269,C3:00:00:63:4D:05,-60,127,1.0,4.5,1.5
1783001816272,2026-07-02 16:16:56.272,C3:00:00:63:4D:0A,-62,127,1.0,4.5,1.5
1783001816299,2026-07-02 16:16:56.299,C3:00:00:63:4D:08,-54,127,1.0,4.5,1.5
1783001816315,2026-07-02 16:16:56.315,C3:00:00:63:4D:07,-60,127,1.0,4.5,1.5
1783001816340,2026-07-02 16:16:56.340,C3:00:00:63:4C:D2,-64,127,1.0,4.5,1.5
1783001816353,2026-07-02 16:16:56.353,C3:00:00:63:4D:0D,-51,127,1.0,4.5,1.5
1783001816359,2026-07-02 16:16:56.359,C3:00:00:63:4D:04,-65,127,1.0,4.5,1.5
1783001816364,2026-07-02 16:16:56.364,C3:00:00:63:4D:0A,-62,127,1.0,4.5,1.5
1783001816431,2026-07-02 16:16:56.431,C3:00:00:63:4D:07,-63,127,1.0,4.5,1.5
1783001816463,2026-07-02 16:16:56.463,C3:00:00:63:4D:0D,-50,127,1.0,4.5,1.5
1783001816520,2026-07-02 16:16:56.520,C3:00:00:63:4D:08,-52,127,1.0,4.5,1.5
1783001816525,2026-07-02 16:16:56.525,C3:00:00:63:4D:0A,-71,127,1.0,4.5,1.5
1783001816549,2026-07-02 16:16:56.549,C3:00:00:63:4D:07,-60,127,1.0,4.5,1.5
1783001816568,2026-07-02 16:16:56.568,C3:00:00:63:4D:0A,-63,127,1.0,4.5,1.5
1783001816570,2026-07-02 16:16:56.570,C3:00:00:63:4D:0D,-51,127,1.0,4.5,1.5
1783001816580,2026-07-02 16:16:56.580,C3:00:00:63:4D:04,-76,127,1.0,4.5,1.5
1783001816593,2026-07-02 16:16:56.593,C3:00:00:63:4D:09,-60,127,1.0,4.5,1.5
1783001816599,2026-07-02 16:16:56.599,C3:00:00:63:4D:0A,-62,127,1.0,4.5,1.5
1783001816606,2026-07-02 16:16:56.606,C3:00:00:63:4C:D2,-54,127,1.0,4.5,1.5
1783001816607,2026-07-02 16:16:56.607,C3:00:00:63:4D:05,-62,127,1.0,4.5,1.5
1783001816621,2026-07-02 16:16:56.621,C3:00:00:63:4D:08,-51,127,1.0,4.5,1.5
1783001816631,2026-07-02 16:16:56.631,C3:00:00:63:4D:09,-58,127,1.0,4.5,1.5
1783001816656,2026-07-02 16:16:56.656,C3:00:00:63:4D:07,-62,127,1.0,4.5,1.5
1783001816673,2026-07-02 16:16:56.673,C3:00:00:63:4D:0D,-50,127,1.0,4.5,1.5
1783001816680,2026-07-02 16:16:56.680,C3:00:00:63:4D:04,-65,127,1.0,4.5,1.5
1783001816693,2026-07-02 16:16:56.693,C3:00:00:63:4D:09,-58,127,1.0,4.5,1.5
1783001816700,2026-07-02 16:16:56.700,C3:00:00:63:4D:08,-51,127,1.0,4.5,1.5
1783001816702,2026-07-02 16:16:56.702,C3:00:00:63:4D:04,-65,127,1.0,4.5,1.5
1783001816703,2026-07-02 16:16:56.703,C3:00:00:63:4D:0D,-50,127,1.0,4.5,1.5
1783001816711,2026-07-02 16:16:56.711,C3:00:00:63:4D:05,-55,127,1.0,4.5,1.5
1783001816713,2026-07-02 16:16:56.713,C3:00:00:63:4C:D2,-64,127,1.0,4.5,1.5
1783001816738,2026-07-02 16:16:56.738,C3:00:00:63:4D:08,-48,127,1.0,4.5,1.5
1783001816766,2026-07-02 16:16:56.766,C3:00:00:63:4D:0A,-62,127,1.0,4.5,1.5
1783001816773,2026-07-02 16:16:56.773,C3:00:00:63:4D:0D,-50,127,1.0,4.5,1.5
1783001816780,2026-07-02 16:16:56.780,C3:00:00:63:4D:07,-63,127,1.0,4.5,1.5
1783001816796,2026-07-02 16:16:56.796,C3:00:00:63:4D:04,-55,127,1.0,4.5,1.5
1783001816798,2026-07-02 16:16:56.798,C3:00:00:63:4D:08,-48,127,1.0,4.5,1.5
1783001816800,2026-07-02 16:16:56.800,C3:00:00:63:4D:0D,-58,127,1.0,4.5,1.5
1783001816805,2026-07-02 16:16:56.805,C3:00:00:63:4D:09,-61,127,1.0,4.5,1.5
1783001816827,2026-07-02 16:16:56.827,C3:00:00:63:4C:D2,-54,127,1.0,4.5,1.5
1783001816834,2026-07-02 16:16:56.834,C3:00:00:63:4D:05,-60,127,1.0,4.5,1.5
1783001816851,2026-07-02 16:16:56.851,C3:00:00:63:4D:08,-52,127,1.0,4.5,1.5
1783001816867,2026-07-02 16:16:56.867,C3:00:00:63:4D:07,-61,127,1.0,4.5,1.5
1783001816873,2026-07-02 16:16:56.873,C3:00:00:63:4D:0A,-62,127,1.0,4.5,1.5
1783001816887,2026-07-02 16:16:56.887,C3:00:00:63:4D:0D,-51,127,1.0,4.5,1.5
1783001816894,2026-07-02 16:16:56.894,C3:00:00:63:4D:07,-60,127,1.0,4.5,1.5
1783001816897,2026-07-02 16:16:56.897,C3:00:00:63:4D:04,-76,127,1.0,4.5,1.5
1783001816903,2026-07-02 16:16:56.903,C3:00:00:63:4D:0D,-51,127,1.0,4.5,1.5
1783001816944,2026-07-02 16:16:56.944,C3:00:00:63:4D:05,-55,127,1.0,4.5,1.5
1783001816947,2026-07-02 16:16:56.947,C3:00:00:63:4D:08,-51,127,1.0,4.5,1.5
1783001816985,2026-07-02 16:16:56.985,C3:00:00:63:4D:0D,-49,127,1.0,4.5,1.5
1783001817012,2026-07-02 16:16:57.012,C3:00:00:63:4D:04,-65,127,1.0,4.5,1.5
1783001817015,2026-07-02 16:16:57.015,C3:00:00:63:4D:05,-62,127,1.0,4.5,1.5
1783001817034,2026-07-02 16:16:57.034,C3:00:00:63:4D:09,-61,127,1.0,4.5,1.5
1783001817056,2026-07-02 16:16:57.056,C3:00:00:63:4C:D2,-63,127,1.0,4.5,1.5
1783001817062,2026-07-02 16:16:57.062,C3:00:00:63:4D:08,-49,127,1.0,4.5,1.5
1783001817066,2026-07-02 16:16:57.066,C3:00:00:63:4D:05,-56,127,1.0,4.5,1.5
1783001817092,2026-07-02 16:16:57.092,C3:00:00:63:4D:0D,-50,127,1.0,4.5,1.5
1783001817117,2026-07-02 16:16:57.117,C3:00:00:63:4D:04,-71,127,1.0,4.5,1.5
1783001817122,2026-07-02 16:16:57.122,C3:00:00:63:4D:07,-62,127,1.0,4.5,1.5
1783001817151,2026-07-02 16:16:57.151,C3:00:00:63:4D:09,-62,127,1.0,4.5,1.5
1783001817198,2026-07-02 16:16:57.198,C3:00:00:63:4D:0D,-50,127,1.0,4.5,1.5
1783001817231,2026-07-02 16:16:57.231,C3:00:00:63:4D:04,-65,127,1.0,4.5,1.5
1783001817236,2026-07-02 16:16:57.236,C3:00:00:63:4D:07,-61,127,1.0,4.5,1.5
1783001817240,2026-07-02 16:16:57.240,C3:00:00:63:4D:09,-58,127,1.0,4.5,1.5
1783001817257,2026-07-02 16:16:57.257,C3:00:00:63:4D:0A,-61,127,1.0,4.5,1.5
1783001817262,2026-07-02 16:16:57.262,C3:00:00:63:4D:09,-58,127,1.0,4.5,1.5
1783001817281,2026-07-02 16:16:57.281,C3:00:00:63:4D:08,-51,127,1.0,4.5,1.5
1783001817297,2026-07-02 16:16:57.297,C3:00:00:63:4D:05,-55,127,1.0,4.5,1.5
1783001817301,2026-07-02 16:16:57.301,C3:00:00:63:4D:0D,-49,127,1.0,4.5,1.5
1783001817337,2026-07-02 16:16:57.337,C3:00:00:63:4D:04,-55,127,1.0,4.5,1.5
1783001817348,2026-07-02 16:16:57.348,C3:00:00:63:4D:07,-62,127,1.0,4.5,1.5
1783001817369,2026-07-02 16:16:57.369,C3:00:00:63:4D:0A,-60,127,1.0,4.5,1.5
1783001817382,2026-07-02 16:16:57.382,C3:00:00:63:4D:09,-61,127,1.0,4.5,1.5
1783001817404,2026-07-02 16:16:57.404,C3:00:00:63:4D:05,-57,127,1.0,4.5,1.5
1783001817406,2026-07-02 16:16:57.406,C3:00:00:63:4D:0D,-51,127,1.0,4.5,1.5
1783001817418,2026-07-02 16:16:57.418,C3:00:00:63:4C:D2,-61,127,1.0,4.5,1.5
1783001817423,2026-07-02 16:16:57.423,C3:00:00:63:4D:05,-60,127,1.0,4.5,1.5
1783001817430,2026-07-02 16:16:57.430,C3:00:00:63:4D:0A,-62,127,1.0,4.5,1.5
1783001817438,2026-07-02 16:16:57.438,C3:00:00:63:4D:04,-76,127,1.0,4.5,1.5
1783001817462,2026-07-02 16:16:57.462,C3:00:00:63:4D:07,-60,127,1.0,4.5,1.5
1783001817469,2026-07-02 16:16:57.469,C3:00:00:63:4D:0A,-62,127,1.0,4.5,1.5
1783001817498,2026-07-02 16:16:57.498,C3:00:00:63:4D:08,-52,127,1.0,4.5,1.5
1783001817516,2026-07-02 16:16:57.516,C3:00:00:63:4D:0D,-51,127,1.0,4.5,1.5
1783001817524,2026-07-02 16:16:57.524,C3:00:00:63:4D:07,-62,127,1.0,4.5,1.5
1783001817551,2026-07-02 16:16:57.551,C3:00:00:63:4D:04,-65,127,1.0,4.5,1.5
1783001817565,2026-07-02 16:16:57.565,C3:00:00:63:4D:0A,-61,127,1.0,4.5,1.5
1783001817609,2026-07-02 16:16:57.609,C3:00:00:63:4D:09,-59,127,1.0,4.5,1.5
1783001817614,2026-07-02 16:16:57.614,C3:00:00:63:4D:0D,-49,127,1.0,4.5,1.5
1783001817621,2026-07-02 16:16:57.621,C3:00:00:63:4D:04,-55,127,1.0,4.5,1.5
1783001817634,2026-07-02 16:16:57.634,C3:00:00:63:4D:0D,-50,127,1.0,4.5,1.5
1783001817638,2026-07-02 16:16:57.638,C3:00:00:63:4D:05,-56,127,1.0,4.5,1.5
1783001817648,2026-07-02 16:16:57.648,C3:00:00:63:4C:D2,-63,127,1.0,4.5,1.5
1783001817651,2026-07-02 16:16:57.651,C3:00:00:63:4D:04,-55,127,1.0,4.5,1.5
1783001817665,2026-07-02 16:16:57.665,C3:00:00:63:4D:0A,-61,127,1.0,4.5,1.5
1783001817667,2026-07-02 16:16:57.667,C3:00:00:63:4D:04,-55,127,1.0,4.5,1.5
1783001817680,2026-07-02 16:16:57.680,C3:00:00:63:4D:0A,-61,127,1.0,4.5,1.5
1783001817699,2026-07-02 16:16:57.699,C3:00:00:63:4D:07,-62,127,1.0,4.5,1.5
1783001817722,2026-07-02 16:16:57.722,C3:00:00:63:4D:0D,-50,127,1.0,4.5,1.5
1783001817753,2026-07-02 16:16:57.753,C3:00:00:63:4C:D2,-54,127,1.0,4.5,1.5
1783001817759,2026-07-02 16:16:57.759,C3:00:00:63:4D:05,-62,127,1.0,4.5,1.5
1783001817769,2026-07-02 16:16:57.769,C3:00:00:63:4D:0A,-62,127,1.0,4.5,1.5
1783001817816,2026-07-02 16:16:57.816,C3:00:00:63:4D:07,-62,127,1.0,4.5,1.5
1783001817826,2026-07-02 16:16:57.826,C3:00:00:63:4D:08,-52,127,1.0,4.5,1.5
1783001817831,2026-07-02 16:16:57.831,C3:00:00:63:4D:09,-58,127,1.0,4.5,1.5
1783001817926,2026-07-02 16:16:57.926,C3:00:00:63:4D:07,-63,127,1.0,4.5,1.5
1783001817931,2026-07-02 16:16:57.931,C3:00:00:63:4D:0D,-50,127,1.0,4.5,1.5
1783001817937,2026-07-02 16:16:57.937,C3:00:00:63:4D:08,-49,127,1.0,4.5,1.5
1783001817948,2026-07-02 16:16:57.948,C3:00:00:63:4D:09,-61,127,1.0,4.5,1.5
1783001817963,2026-07-02 16:16:57.963,C3:00:00:63:4D:0A,-61,127,1.0,4.5,1.5
1783001817978,2026-07-02 16:16:57.978,C3:00:00:63:4C:D2,-63,127,1.0,4.5,1.5
1783001817982,2026-07-02 16:16:57.982,C3:00:00:63:4D:05,-56,127,1.0,4.5,1.5
1783001817989,2026-07-02 16:16:57.989,C3:00:00:63:4D:04,-55,127,1.0,4.5,1.5
1783001818036,2026-07-02 16:16:58.036,C3:00:00:63:4D:0D,-50,127,1.0,4.5,1.5
1783001818043,2026-07-02 16:16:58.043,C3:00:00:63:4D:07,-62,127,1.0,4.5,1.5
1783001818054,2026-07-02 16:16:58.054,C3:00:00:63:4D:08,-53,127,1.0,4.5,1.5
1783001818096,2026-07-02 16:16:58.096,C3:00:00:63:4C:D2,-54,127,1.0,4.5,1.5
1783001818102,2026-07-02 16:16:58.102,C3:00:00:63:4D:05,-62,127,1.0,4.5,1.5
1783001818146,2026-07-02 16:16:58.146,C3:00:00:63:4D:0D,-49,127,1.0,4.5,1.5
1783001818153,2026-07-02 16:16:58.153,C3:00:00:63:4D:08,-51,127,1.0,4.5,1.5
1783001818177,2026-07-02 16:16:58.177,C3:00:00:63:4D:09,-58,127,1.0,4.5,1.5
1783001818206,2026-07-02 16:16:58.206,C3:00:00:63:4D:04,-65,127,1.0,4.5,1.5
1783001818211,2026-07-02 16:16:58.211,C3:00:00:63:4C:D2,-64,127,1.0,4.5,1.5
1783001818215,2026-07-02 16:16:58.215,C3:00:00:63:4D:05,-55,127,1.0,4.5,1.5
1783001818239,2026-07-02 16:16:58.239,C3:00:00:63:4D:0D,-49,127,1.0,4.5,1.5
1783001818268,2026-07-02 16:16:58.268,C3:00:00:63:4D:08,-49,127,1.0,4.5,1.5
1783001818274,2026-07-02 16:16:58.274,C3:00:00:63:4D:0A,-61,127,1.0,4.5,1.5
1783001818278,2026-07-02 16:16:58.278,C3:00:00:63:4D:07,-63,127,1.0,4.5,1.5
1783001818292,2026-07-02 16:16:58.292,C3:00:00:63:4D:09,-61,127,1.0,4.5,1.5
1783001818318,2026-07-02 16:16:58.318,C3:00:00:63:4D:04,-55,127,1.0,4.5,1.5
1783001818325,2026-07-02 16:16:58.325,C3:00:00:63:4C:D2,-54,127,1.0,4.5,1.5
1783001818330,2026-07-02 16:16:58.330,C3:00:00:63:4D:05,-62,127,1.0,4.5,1.5
1783001818353,2026-07-02 16:16:58.353,C3:00:00:63:4C:D2,-55,127,1.0,4.5,1.5
1783001818359,2026-07-02 16:16:58.359,C3:00:00:63:4D:0D,-50,127,1.0,4.5,1.5
1783001818373,2026-07-02 16:16:58.373,C3:00:00:63:4D:0A,-62,127,1.0,4.5,1.5
1783001818380,2026-07-02 16:16:58.380,C3:00:00:63:4D:08,-53,127,1.0,4.5,1.5
1783001818390,2026-07-02 16:16:58.390,C3:00:00:63:4D:07,-62,127,1.0,4.5,1.5
1783001818405,2026-07-02 16:16:58.405,C3:00:00:63:4D:09,-62,127,1.0,4.5,1.5
1783001818428,2026-07-02 16:16:58.428,C3:00:00:63:4D:04,-65,127,1.0,4.5,1.5
1783001818445,2026-07-02 16:16:58.445,C3:00:00:63:4D:05,-55,127,1.0,4.5,1.5
1783001818453,2026-07-02 16:16:58.453,C3:00:00:63:4D:0D,-49,127,1.0,4.5,1.5
1783001818463,2026-07-02 16:16:58.463,C3:00:00:63:4D:0A,-61,127,1.0,4.5,1.5
1783001818477,2026-07-02 16:16:58.477,C3:00:00:63:4D:08,-52,127,1.0,4.5,1.5
1783001818515,2026-07-02 16:16:58.515,C3:00:00:63:4D:07,-61,127,1.0,4.5,1.5
1783001818520,2026-07-02 16:16:58.520,C3:00:00:63:4D:08,-51,127,1.0,4.5,1.5
1783001818529,2026-07-02 16:16:58.529,C3:00:00:63:4D:04,-55,127,1.0,4.5,1.5
1783001818585,2026-07-02 16:16:58.585,C3:00:00:63:4D:08,-48,127,1.0,4.5,1.5
1783001818618,2026-07-02 16:16:58.618,C3:00:00:63:4D:07,-60,127,1.0,4.5,1.5
1783001818638,2026-07-02 16:16:58.638,C3:00:00:63:4D:09,-60,127,1.0,4.5,1.5
1783001818642,2026-07-02 16:16:58.642,C3:00:00:63:4D:04,-75,127,1.0,4.5,1.5
1783001818652,2026-07-02 16:16:58.652,C3:00:00:63:4D:09,-60,127,1.0,4.5,1.5
1783001818663,2026-07-02 16:16:58.663,C3:00:00:63:4D:0D,-51,127,1.0,4.5,1.5
1783001818670,2026-07-02 16:16:58.670,C3:00:00:63:4C:D2,-54,127,1.0,4.5,1.5
1783001818676,2026-07-02 16:16:58.676,C3:00:00:63:4D:05,-60,127,1.0,4.5,1.5
1783001818697,2026-07-02 16:16:58.697,C3:00:00:63:4D:08,-53,127,1.0,4.5,1.5
1783001818715,2026-07-02 16:16:58.715,C3:00:00:63:4D:08,-51,127,1.0,4.5,1.5
1783001818719,2026-07-02 16:16:58.719,C3:00:00:63:4D:09,-66,127,1.0,4.5,1.5
1783001818730,2026-07-02 16:16:58.730,C3:00:00:63:4D:07,-62,127,1.0,4.5,1.5
1783001818742,2026-07-02 16:16:58.742,C3:00:00:63:4D:09,-58,127,1.0,4.5,1.5
1783001818760,2026-07-02 16:16:58.760,C3:00:00:63:4D:0A,-62,127,1.0,4.5,1.5
1783001818778,2026-07-02 16:16:58.778,C3:00:00:63:4D:0D,-50,127,1.0,4.5,1.5
1783001818781,2026-07-02 16:16:58.781,C3:00:00:63:4C:D2,-64,127,1.0,4.5,1.5
1783001818785,2026-07-02 16:16:58.785,C3:00:00:63:4D:05,-55,127,1.0,4.5,1.5
1783001818804,2026-07-02 16:16:58.804,C3:00:00:63:4D:08,-51,127,1.0,4.5,1.5
1783001818825,2026-07-02 16:16:58.825,C3:00:00:63:4D:08,-48,127,1.0,4.5,1.5
1783001818842,2026-07-02 16:16:58.842,C3:00:00:63:4D:07,-62,127,1.0,4.5,1.5
1783001818858,2026-07-02 16:16:58.858,C3:00:00:63:4D:09,-61,127,1.0,4.5,1.5
1783001818863,2026-07-02 16:16:58.863,C3:00:00:63:4D:0A,-61,127,1.0,4.5,1.5
1783001818869,2026-07-02 16:16:58.869,C3:00:00:63:4D:07,-63,127,1.0,4.5,1.5
1783001818892,2026-07-02 16:16:58.892,C3:00:00:63:4C:D2,-63,127,1.0,4.5,1.5
1783001818895,2026-07-02 16:16:58.895,C3:00:00:63:4D:0D,-50,127,1.0,4.5,1.5
1783001818898,2026-07-02 16:16:58.898,C3:00:00:63:4D:05,-56,127,1.0,4.5,1.5
1783001818918,2026-07-02 16:16:58.918,C3:00:00:63:4D:08,-54,127,1.0,4.5,1.5
1783001818950,2026-07-02 16:16:58.950,C3:00:00:63:4D:05,-62,127,1.0,4.5,1.5
1783001818957,2026-07-02 16:16:58.957,C3:00:00:63:4D:07,-62,127,1.0,4.5,1.5
1783001818973,2026-07-02 16:16:58.973,C3:00:00:63:4D:09,-62,127,1.0,4.5,1.5
1783001819011,2026-07-02 16:16:59.011,C3:00:00:63:4C:D2,-54,127,1.0,4.5,1.5
1783001819028,2026-07-02 16:16:59.028,C3:00:00:63:4D:08,-51,127,1.0,4.5,1.5
1783001819070,2026-07-02 16:16:59.070,C3:00:00:63:4D:0A,-61,127,1.0,4.5,1.5
1783001819077,2026-07-02 16:16:59.077,C3:00:00:63:4D:07,-61,127,1.0,4.5,1.5
1783001819085,2026-07-02 16:16:59.085,C3:00:00:63:4D:04,-65,127,1.0,4.5,1.5
1783001819089,2026-07-02 16:16:59.089,C3:00:00:63:4D:0D,-49,127,1.0,4.5,1.5
1783001819093,2026-07-02 16:16:59.093,C3:00:00:63:4D:09,-58,127,1.0,4.5,1.5
1783001819128,2026-07-02 16:16:59.128,C3:00:00:63:4C:D2,-63,127,1.0,4.5,1.5
1783001819131,2026-07-02 16:16:59.131,C3:00:00:63:4D:05,-56,127,1.0,4.5,1.5
1783001819137,2026-07-02 16:16:59.137,C3:00:00:63:4D:08,-49,127,1.0,4.5,1.5
1783001819183,2026-07-02 16:16:59.183,C3:00:00:63:4D:04,-55,127,1.0,4.5,1.5
1783001819195,2026-07-02 16:16:59.195,C3:00:00:63:4D:0D,-50,127,1.0,4.5,1.5
1783001819205,2026-07-02 16:16:59.205,C3:00:00:63:4D:07,-62,127,1.0,4.5,1.5
1783001819210,2026-07-02 16:16:59.210,C3:00:00:63:4D:09,-61,127,1.0,4.5,1.5
1783001819242,2026-07-02 16:16:59.242,C3:00:00:63:4D:08,-53,127,1.0,4.5,1.5
1783001819246,2026-07-02 16:16:59.246,C3:00:00:63:4D:09,-62,127,1.0,4.5,1.5
1783001819250,2026-07-02 16:16:59.250,C3:00:00:63:4C:D2,-54,127,1.0,4.5,1.5
1783001819254,2026-07-02 16:16:59.254,C3:00:00:63:4D:05,-62,127,1.0,4.5,1.5
1783001819269,2026-07-02 16:16:59.269,C3:00:00:63:4D:0A,-62,127,1.0,4.5,1.5
1783001819286,2026-07-02 16:16:59.286,C3:00:00:63:4D:04,-79,127,1.0,4.5,1.5
1783001819304,2026-07-02 16:16:59.304,C3:00:00:63:4D:07,-62,127,1.0,4.5,1.5
1783001819308,2026-07-02 16:16:59.308,C3:00:00:63:4D:04,-71,127,1.0,4.5,1.5
1783001819354,2026-07-02 16:16:59.354,C3:00:00:63:4D:08,-51,127,1.0,4.5,1.5
1783001819362,2026-07-02 16:16:59.362,C3:00:00:63:4D:05,-55,127,1.0,4.5,1.5
1783001819382,2026-07-02 16:16:59.382,C3:00:00:63:4D:0A,-61,127,1.0,4.5,1.5
1783001819401,2026-07-02 16:16:59.401,C3:00:00:63:4D:0D,-49,127,1.0,4.5,1.5
1783001819412,2026-07-02 16:16:59.412,C3:00:00:63:4C:D2,-65,127,1.0,4.5,1.5
1783001819420,2026-07-02 16:16:59.420,C3:00:00:63:4D:07,-62,127,1.0,4.5,1.5
1783001819426,2026-07-02 16:16:59.426,C3:00:00:63:4D:05,-56,127,1.0,4.5,1.5
1783001819430,2026-07-02 16:16:59.430,C3:00:00:63:4D:09,-61,127,1.0,4.5,1.5
1783001819437,2026-07-02 16:16:59.437,C3:00:00:63:4D:0A,-60,127,1.0,4.5,1.5
1783001819447,2026-07-02 16:16:59.447,C3:00:00:63:4C:D2,-63,127,1.0,4.5,1.5
1783001819468,2026-07-02 16:16:59.468,C3:00:00:63:4D:0A,-61,127,1.0,4.5,1.5
1783001819474,2026-07-02 16:16:59.474,C3:00:00:63:4C:D2,-63,127,1.0,4.5,1.5
1783001819479,2026-07-02 16:16:59.479,C3:00:00:63:4D:05,-56,127,1.0,4.5,1.5
1783001819512,2026-07-02 16:16:59.512,C3:00:00:63:4D:0D,-50,127,1.0,4.5,1.5
1783001819516,2026-07-02 16:16:59.516,C3:00:00:63:4D:04,-55,127,1.0,4.5,1.5
1783001819531,2026-07-02 16:16:59.531,C3:00:00:63:4D:07,-62,127,1.0,4.5,1.5
1783001819546,2026-07-02 16:16:59.546,C3:00:00:63:4D:09,-62,127,1.0,4.5,1.5
1783001819570,2026-07-02 16:16:59.570,C3:00:00:63:4D:0A,-62,127,1.0,4.5,1.5
1783001819585,2026-07-02 16:16:59.585,C3:00:00:63:4D:08,-54,127,1.0,4.5,1.5
1783001819597,2026-07-02 16:16:59.597,C3:00:00:63:4C:D2,-54,127,1.0,4.5,1.5
1783001819605,2026-07-02 16:16:59.605,C3:00:00:63:4D:05,-62,127,1.0,4.5,1.5
1783001819610,2026-07-02 16:16:59.610,C3:00:00:63:4D:0D,-50,127,1.0,4.5,1.5
1783001819619,2026-07-02 16:16:59.619,C3:00:00:63:4D:04,-65,127,1.0,4.5,1.5
1783001819634,2026-07-02 16:16:59.634,C3:00:00:63:4D:0D,-49,127,1.0,4.5,1.5
1783001819636,2026-07-02 16:16:59.636,C3:00:00:63:4D:04,-66,127,1.0,4.5,1.5
1783001819649,2026-07-02 16:16:59.649,C3:00:00:63:4D:07,-61,127,1.0,4.5,1.5
1783001819659,2026-07-02 16:16:59.659,C3:00:00:63:4D:09,-59,127,1.0,4.5,1.5
1783001819661,2026-07-02 16:16:59.661,C3:00:00:63:4D:04,-66,127,1.0,4.5,1.5
1783001819678,2026-07-02 16:16:59.678,C3:00:00:63:4D:08,-51,127,1.0,4.5,1.5
1783001819681,2026-07-02 16:16:59.681,C3:00:00:63:4D:0A,-61,127,1.0,4.5,1.5
1783001819695,2026-07-02 16:16:59.695,C3:00:00:63:4C:D2,-64,127,1.0,4.5,1.5
1783001819704,2026-07-02 16:16:59.704,C3:00:00:63:4D:05,-55,127,1.0,4.5,1.5
1783001819720,2026-07-02 16:16:59.720,C3:00:00:63:4D:0D,-50,127,1.0,4.5,1.5
1783001819737,2026-07-02 16:16:59.737,C3:00:00:63:4D:04,-55,127,1.0,4.5,1.5
1783001819761,2026-07-02 16:16:59.761,C3:00:00:63:4D:07,-62,127,1.0,4.5,1.5
1783001819766,2026-07-02 16:16:59.766,C3:00:00:63:4D:0A,-61,127,1.0,4.5,1.5
1783001819770,2026-07-02 16:16:59.770,C3:00:00:63:4D:09,-62,127,1.0,4.5,1.5
1783001819788,2026-07-02 16:16:59.788,C3:00:00:63:4D:08,-49,127,1.0,4.5,1.5
1783001819818,2026-07-02 16:16:59.818,C3:00:00:63:4C:D2,-54,127,1.0,4.5,1.5
1783001819839,2026-07-02 16:16:59.839,C3:00:00:63:4D:04,-71,127,1.0,4.5,1.5
1783001819844,2026-07-02 16:16:59.844,C3:00:00:63:4D:05,-62,127,1.0,4.5,1.5
1783001819861,2026-07-02 16:16:59.861,C3:00:00:63:4D:0A,-62,127,1.0,4.5,1.5
1783001819920,2026-07-02 16:16:59.920,C3:00:00:63:4D:0D,-50,127,1.0,4.5,1.5
1783001819939,2026-07-02 16:16:59.939,C3:00:00:63:4D:05,-55,127,1.0,4.5,1.5
1783001819953,2026-07-02 16:16:59.953,C3:00:00:63:4D:04,-65,127,1.0,4.5,1.5
1783001819966,2026-07-02 16:16:59.966,C3:00:00:63:4D:0A,-62,127,1.0,4.5,1.5
1783001819990,2026-07-02 16:16:59.990,C3:00:00:63:4D:09,-58,127,1.0,4.5,1.5
1783001820007,2026-07-02 16:17:00.007,C3:00:00:63:4D:08,-52,127,1.0,4.5,1.5
1783001820017,2026-07-02 16:17:00.017,C3:00:00:63:4D:07,-70,127,1.0,4.5,1.5
1783001820026,2026-07-02 16:17:00.026,C3:00:00:63:4D:0D,-51,127,1.0,4.5,1.5
1783001820051,2026-07-02 16:17:00.051,C3:00:00:63:4C:D2,-61,127,1.0,4.5,1.5
1783001820056,2026-07-02 16:17:00.056,C3:00:00:63:4D:05,-56,127,1.0,4.5,1.5
1783001820061,2026-07-02 16:17:00.061,C3:00:00:63:4D:0A,-62,127,1.0,4.5,1.5
1783001820109,2026-07-02 16:17:00.109,C3:00:00:63:4D:08,-48,127,1.0,4.5,1.5
1783001820131,2026-07-02 16:17:00.131,C3:00:00:63:4D:0D,-50,127,1.0,4.5,1.5
1783001820165,2026-07-02 16:17:00.165,C3:00:00:63:4D:0A,-62,127,1.0,4.5,1.5
1783001820169,2026-07-02 16:17:00.169,C3:00:00:63:4C:D2,-54,127,1.0,4.5,1.5
1783001820177,2026-07-02 16:17:00.177,C3:00:00:63:4D:04,-75,127,1.0,4.5,1.5
1783001820221,2026-07-02 16:17:00.221,C3:00:00:63:4D:09,-58,127,1.0,4.5,1.5
1783001820260,2026-07-02 16:17:00.260,C3:00:00:63:4D:0A,-62,127,1.0,4.5,1.5
1783001820285,2026-07-02 16:17:00.285,C3:00:00:63:4D:05,-55,127,1.0,4.5,1.5
1783001820327,2026-07-02 16:17:00.327,C3:00:00:63:4D:08,-48,127,1.0,4.5,1.5
1783001820348,2026-07-02 16:17:00.348,C3:00:00:63:4D:0D,-51,127,1.0,4.5,1.5
1783001820349,2026-07-02 16:17:00.349,C3:00:00:63:4C:D2,-62,127,1.0,4.5,1.5
1783001820358,2026-07-02 16:17:00.358,C3:00:00:63:4D:0A,-62,127,1.0,4.5,1.5
1783001820398,2026-07-02 16:17:00.398,C3:00:00:63:4D:05,-55,127,1.0,4.5,1.5
1783001820459,2026-07-02 16:17:00.459,C3:00:00:63:4D:07,-62,127,1.0,4.5,1.5
1783001820470,2026-07-02 16:17:00.470,C3:00:00:63:4D:0A,-62,127,1.0,4.5,1.5
1783001820494,2026-07-02 16:17:00.494,C3:00:00:63:4D:04,-71,127,1.0,4.5,1.5
1783001820506,2026-07-02 16:17:00.506,C3:00:00:63:4C:D2,-54,127,1.0,4.5,1.5
1783001820510,2026-07-02 16:17:00.510,C3:00:00:63:4D:05,-55,127,1.0,4.5,1.5
1783001820532,2026-07-02 16:17:00.532,C3:00:00:63:4D:0A,-70,127,1.0,4.5,1.5
1783001820547,2026-07-02 16:17:00.547,C3:00:00:63:4D:08,-51,127,1.0,4.5,1.5
1783001820562,2026-07-02 16:17:00.562,C3:00:00:63:4D:0D,-49,127,1.0,4.5,1.5
1783001820565,2026-07-02 16:17:00.565,C3:00:00:63:4D:0A,-61,127,1.0,4.5,1.5
1783001820567,2026-07-02 16:17:00.567,C3:00:00:63:4D:07,-60,127,1.0,4.5,1.5
1783001820571,2026-07-02 16:17:00.571,C3:00:00:63:4D:09,-59,127,1.0,4.5,1.5
1783001820583,2026-07-02 16:17:00.583,C3:00:00:63:4D:0A,-61,127,1.0,4.5,1.5
1783001820600,2026-07-02 16:17:00.600,C3:00:00:63:4D:04,-64,127,1.0,4.5,1.5
1783001820619,2026-07-02 16:17:00.619,C3:00:00:63:4C:D2,-63,127,1.0,4.5,1.5
1783001820632,2026-07-02 16:17:00.632,C3:00:00:63:4D:05,-56,127,1.0,4.5,1.5
1783001820658,2026-07-02 16:17:00.658,C3:00:00:63:4D:08,-49,127,1.0,4.5,1.5
1783001820660,2026-07-02 16:17:00.660,C3:00:00:63:4D:0D,-50,127,1.0,4.5,1.5
1783001820669,2026-07-02 16:17:00.669,C3:00:00:63:4D:0A,-61,127,1.0,4.5,1.5
1783001820681,2026-07-02 16:17:00.681,C3:00:00:63:4D:09,-61,127,1.0,4.5,1.5
1783001820699,2026-07-02 16:17:00.699,C3:00:00:63:4D:08,-49,127,1.0,4.5,1.5
1783001820722,2026-07-02 16:17:00.722,C3:00:00:63:4D:04,-71,127,1.0,4.5,1.5
1783001820734,2026-07-02 16:17:00.734,C3:00:00:63:4D:04,-72,127,1.0,4.5,1.5
1783001820739,2026-07-02 16:17:00.739,C3:00:00:63:4D:05,-62,127,1.0,4.5,1.5
1783001820741,2026-07-02 16:17:00.741,C3:00:00:63:4C:D2,-54,127,1.0,4.5,1.5
1783001820764,2026-07-02 16:17:00.764,C3:00:00:63:4D:0D,-50,127,1.0,4.5,1.5
1783001820769,2026-07-02 16:17:00.769,C3:00:00:63:4D:0A,-62,127,1.0,4.5,1.5
1783001820772,2026-07-02 16:17:00.772,C3:00:00:63:4D:08,-54,127,1.0,4.5,1.5
1783001820808,2026-07-02 16:17:00.808,C3:00:00:63:4D:0D,-58,127,1.0,4.5,1.5
1783001820817,2026-07-02 16:17:00.817,C3:00:00:63:4D:04,-64,127,1.0,4.5,1.5
1783001820820,2026-07-02 16:17:00.820,C3:00:00:63:4D:08,-52,127,1.0,4.5,1.5
1783001820849,2026-07-02 16:17:00.849,C3:00:00:63:4C:D2,-64,127,1.0,4.5,1.5
1783001820856,2026-07-02 16:17:00.856,C3:00:00:63:4D:05,-55,127,1.0,4.5,1.5
1783001820867,2026-07-02 16:17:00.867,C3:00:00:63:4D:0D,-49,127,1.0,4.5,1.5
1783001820881,2026-07-02 16:17:00.881,C3:00:00:63:4D:08,-52,127,1.0,4.5,1.5
1783001820900,2026-07-02 16:17:00.900,C3:00:00:63:4D:0D,-49,127,1.0,4.5,1.5
1783001820905,2026-07-02 16:17:00.905,C3:00:00:63:4D:09,-59,127,1.0,4.5,1.5
1783001820918,2026-07-02 16:17:00.918,C3:00:00:63:4D:07,-62,127,1.0,4.5,1.5
1783001820927,2026-07-02 16:17:00.927,C3:00:00:63:4D:04,-55,127,1.0,4.5,1.5
1783001820943,2026-07-02 16:17:00.943,C3:00:00:63:4D:05,-56,127,1.0,4.5,1.5
1783001820968,2026-07-02 16:17:00.968,C3:00:00:63:4D:05,-56,127,1.0,4.5,1.5
1783001820971,2026-07-02 16:17:00.971,C3:00:00:63:4D:0D,-51,127,1.0,4.5,1.5
1783001821025,2026-07-02 16:17:01.025,C3:00:00:63:4D:07,-60,127,1.0,4.5,1.5
1783001821040,2026-07-02 16:17:01.040,C3:00:00:63:4D:04,-75,127,1.0,4.5,1.5
1783001821088,2026-07-02 16:17:01.088,C3:00:00:63:4D:05,-62,127,1.0,4.5,1.5
1783001821101,2026-07-02 16:17:01.101,C3:00:00:63:4D:08,-52,127,1.0,4.5,1.5
1783001821139,2026-07-02 16:17:01.139,C3:00:00:63:4D:09,-58,127,1.0,4.5,1.5
1783001821142,2026-07-02 16:17:01.142,C3:00:00:63:4D:07,-60,127,1.0,4.5,1.5
1783001821188,2026-07-02 16:17:01.188,C3:00:00:63:4D:0D,-49,127,1.0,4.5,1.5
1783001821199,2026-07-02 16:17:01.199,C3:00:00:63:4C:D2,-64,127,1.0,4.5,1.5
1783001821210,2026-07-02 16:17:01.210,C3:00:00:63:4D:08,-52,127,1.0,4.5,1.5
1783001821252,2026-07-02 16:17:01.252,C3:00:00:63:4D:09,-62,127,1.0,4.5,1.5
1783001821257,2026-07-02 16:17:01.257,C3:00:00:63:4D:07,-62,127,1.0,4.5,1.5
1783001821261,2026-07-02 16:17:01.261,C3:00:00:63:4D:04,-55,127,1.0,4.5,1.5
1783001821265,2026-07-02 16:17:01.265,C3:00:00:63:4D:0A,-61,127,1.0,4.5,1.5
1783001821268,2026-07-02 16:17:01.268,C3:00:00:63:4D:09,-61,127,1.0,4.5,1.5
1783001821288,2026-07-02 16:17:01.288,C3:00:00:63:4D:0D,-50,127,1.0,4.5,1.5
1783001821310,2026-07-02 16:17:01.310,C3:00:00:63:4C:D2,-63,127,1.0,4.5,1.5
1783001821323,2026-07-02 16:17:01.323,C3:00:00:63:4D:05,-62,127,1.0,4.5,1.5
1783001821362,2026-07-02 16:17:01.362,C3:00:00:63:4D:0A,-62,127,1.0,4.5,1.5
1783001821366,2026-07-02 16:17:01.366,C3:00:00:63:4D:09,-62,127,1.0,4.5,1.5
1783001821373,2026-07-02 16:17:01.373,C3:00:00:63:4D:07,-62,127,1.0,4.5,1.5
1783001821401,2026-07-02 16:17:01.401,C3:00:00:63:4D:0D,-50,127,1.0,4.5,1.5
1783001821416,2026-07-02 16:17:01.416,C3:00:00:63:4C:D2,-54,127,1.0,4.5,1.5
1783001821432,2026-07-02 16:17:01.432,C3:00:00:63:4D:08,-52,127,1.0,4.5,1.5
1783001821436,2026-07-02 16:17:01.436,C3:00:00:63:4D:05,-55,127,1.0,4.5,1.5
1783001821439,2026-07-02 16:17:01.439,C3:00:00:63:4D:0A,-61,127,1.0,4.5,1.5
1783001821447,2026-07-02 16:17:01.447,C3:00:00:63:4D:05,-55,127,1.0,4.5,1.5
1783001821460,2026-07-02 16:17:01.460,C3:00:00:63:4D:0A,-61,127,1.0,4.5,1.5
1783001821474,2026-07-02 16:17:01.474,C3:00:00:63:4D:09,-58,127,1.0,4.5,1.5
1783001821485,2026-07-02 16:17:01.485,C3:00:00:63:4D:07,-61,127,1.0,4.5,1.5
1783001821498,2026-07-02 16:17:01.498,C3:00:00:63:4D:0D,-49,127,1.0,4.5,1.5
1783001821531,2026-07-02 16:17:01.531,C3:00:00:63:4D:08,-49,127,1.0,4.5,1.5
1783001821546,2026-07-02 16:17:01.546,C3:00:00:63:4C:D2,-62,127,1.0,4.5,1.5
1783001821552,2026-07-02 16:17:01.552,C3:00:00:63:4D:07,-63,127,1.0,4.5,1.5
1783001821593,2026-07-02 16:17:01.593,C3:00:00:63:4D:09,-61,127,1.0,4.5,1.5
1783001821599,2026-07-02 16:17:01.599,C3:00:00:63:4D:0D,-50,127,1.0,4.5,1.5
1783001821606,2026-07-02 16:17:01.606,C3:00:00:63:4D:07,-62,127,1.0,4.5,1.5
1783001821621,2026-07-02 16:17:01.621,C3:00:00:63:4C:D2,-62,127,1.0,4.5,1.5
1783001821645,2026-07-02 16:17:01.645,C3:00:00:63:4D:04,-70,127,1.0,4.5,1.5
1783001821659,2026-07-02 16:17:01.659,C3:00:00:63:4C:D2,-54,127,1.0,4.5,1.5
1783001821664,2026-07-02 16:17:01.664,C3:00:00:63:4D:05,-62,127,1.0,4.5,1.5
1783001821666,2026-07-02 16:17:01.666,C3:00:00:63:4D:04,-72,127,1.0,4.5,1.5
1783001821689,2026-07-02 16:17:01.689,C3:00:00:63:4D:0A,-62,127,1.0,4.5,1.5
1783001821715,2026-07-02 16:17:01.715,C3:00:00:63:4D:09,-62,127,1.0,4.5,1.5
1783001821720,2026-07-02 16:17:01.720,C3:00:00:63:4D:0D,-50,127,1.0,4.5,1.5
1783001821745,2026-07-02 16:17:01.745,C3:00:00:63:4D:08,-51,127,1.0,4.5,1.5
1783001821768,2026-07-02 16:17:01.768,C3:00:00:63:4D:0A,-62,127,1.0,4.5,1.5
1783001821772,2026-07-02 16:17:01.772,C3:00:00:63:4C:D2,-64,127,1.0,4.5,1.5
1783001821776,2026-07-02 16:17:01.776,C3:00:00:63:4D:05,-55,127,1.0,4.5,1.5
1783001821799,2026-07-02 16:17:01.799,C3:00:00:63:4D:04,-65,127,1.0,4.5,1.5
1783001821820,2026-07-02 16:17:01.820,C3:00:00:63:4D:0D,-51,127,1.0,4.5,1.5
1783001821824,2026-07-02 16:17:01.824,C3:00:00:63:4D:09,-62,127,1.0,4.5,1.5
1783001821826,2026-07-02 16:17:01.826,C3:00:00:63:4D:07,-62,127,1.0,4.5,1.5
1783001821856,2026-07-02 16:17:01.856,C3:00:00:63:4D:08,-48,127,1.0,4.5,1.5
1783001821866,2026-07-02 16:17:01.866,C3:00:00:63:4D:0A,-62,127,1.0,4.5,1.5
1783001821889,2026-07-02 16:17:01.889,C3:00:00:63:4C:D2,-61,127,1.0,4.5,1.5
1783001821908,2026-07-02 16:17:01.908,C3:00:00:63:4D:04,-55,127,1.0,4.5,1.5
1783001821919,2026-07-02 16:17:01.919,C3:00:00:63:4D:0D,-51,127,1.0,4.5,1.5
1783001821934,2026-07-02 16:17:01.934,C3:00:00:63:4D:09,-60,127,1.0,4.5,1.5
1783001821947,2026-07-02 16:17:01.947,C3:00:00:63:4D:07,-60,127,1.0,4.5,1.5
1783001821969,2026-07-02 16:17:01.969,C3:00:00:63:4D:0A,-62,127,1.0,4.5,1.5
1783001821974,2026-07-02 16:17:01.974,C3:00:00:63:4D:08,-52,127,1.0,4.5,1.5
1783001822000,2026-07-02 16:17:02.000,C3:00:00:63:4C:D2,-54,127,1.0,4.5,1.5
1783001822008,2026-07-02 16:17:02.008,C3:00:00:63:4D:05,-60,127,1.0,4.5,1.5
1783001822022,2026-07-02 16:17:02.022,C3:00:00:63:4D:0D,-50,127,1.0,4.5,1.5
1783001822048,2026-07-02 16:17:02.048,C3:00:00:63:4D:09,-59,127,1.0,4.5,1.5
1783001822063,2026-07-02 16:17:02.063,C3:00:00:63:4D:07,-62,127,1.0,4.5,1.5
1783001822067,2026-07-02 16:17:02.067,C3:00:00:63:4D:0A,-62,127,1.0,4.5,1.5
1783001822080,2026-07-02 16:17:02.080,C3:00:00:63:4D:08,-51,127,1.0,4.5,1.5
1783001822112,2026-07-02 16:17:02.112,C3:00:00:63:4C:D2,-64,127,1.0,4.5,1.5
1783001822121,2026-07-02 16:17:02.121,C3:00:00:63:4D:05,-56,127,1.0,4.5,1.5
1783001822130,2026-07-02 16:17:02.130,C3:00:00:63:4D:04,-55,127,1.0,4.5,1.5
1783001822132,2026-07-02 16:17:02.132,C3:00:00:63:4D:0D,-50,127,1.0,4.5,1.5
1783001822158,2026-07-02 16:17:02.158,C3:00:00:63:4D:07,-63,127,1.0,4.5,1.5
1783001822167,2026-07-02 16:17:02.167,C3:00:00:63:4D:09,-61,127,1.0,4.5,1.5
1783001822172,2026-07-02 16:17:02.172,C3:00:00:63:4D:0A,-60,127,1.0,4.5,1.5
1783001822176,2026-07-02 16:17:02.176,C3:00:00:63:4D:07,-62,127,1.0,4.5,1.5
1783001822226,2026-07-02 16:17:02.226,C3:00:00:63:4C:D2,-54,127,1.0,4.5,1.5
1783001822230,2026-07-02 16:17:02.230,C3:00:00:63:4D:0D,-50,127,1.0,4.5,1.5
1783001822238,2026-07-02 16:17:02.238,C3:00:00:63:4D:05,-62,127,1.0,4.5,1.5
1783001822243,2026-07-02 16:17:02.243,C3:00:00:63:4D:04,-71,127,1.0,4.5,1.5
1783001822264,2026-07-02 16:17:02.264,C3:00:00:63:4D:0A,-62,127,1.0,4.5,1.5
1783001822282,2026-07-02 16:17:02.282,C3:00:00:63:4D:09,-62,127,1.0,4.5,1.5
1783001822289,2026-07-02 16:17:02.289,C3:00:00:63:4D:07,-62,127,1.0,4.5,1.5
1783001822300,2026-07-02 16:17:02.300,C3:00:00:63:4D:08,-54,127,1.0,4.5,1.5
1783001822333,2026-07-02 16:17:02.333,C3:00:00:63:4D:0D,-49,127,1.0,4.5,1.5
1783001822364,2026-07-02 16:17:02.364,C3:00:00:63:4D:0A,-61,127,1.0,4.5,1.5
1783001822371,2026-07-02 16:17:02.371,C3:00:00:63:4C:D2,-64,127,1.0,4.5,1.5
1783001822389,2026-07-02 16:17:02.389,C3:00:00:63:4D:09,-58,127,1.0,4.5,1.5
1783001822408,2026-07-02 16:17:02.408,C3:00:00:63:4D:07,-60,127,1.0,4.5,1.5
1783001822412,2026-07-02 16:17:02.412,C3:00:00:63:4D:08,-51,127,1.0,4.5,1.5
1783001822461,2026-07-02 16:17:02.461,C3:00:00:63:4D:04,-55,127,1.0,4.5,1.5
1783001822465,2026-07-02 16:17:02.465,C3:00:00:63:4C:D2,-65,127,1.0,4.5,1.5
1783001822469,2026-07-02 16:17:02.469,C3:00:00:63:4D:05,-56,127,1.0,4.5,1.5
1783001822501,2026-07-02 16:17:02.501,C3:00:00:63:4D:08,-58,127,1.0,4.5,1.5
1783001822506,2026-07-02 16:17:02.506,C3:00:00:63:4D:09,-62,127,1.0,4.5,1.5
1783001822523,2026-07-02 16:17:02.523,C3:00:00:63:4D:07,-62,127,1.0,4.5,1.5
1783001822529,2026-07-02 16:17:02.529,C3:00:00:63:4D:08,-54,127,1.0,4.5,1.5
1783001822577,2026-07-02 16:17:02.577,C3:00:00:63:4C:D2,-55,127,1.0,4.5,1.5
1783001822584,2026-07-02 16:17:02.584,C3:00:00:63:4D:05,-62,127,1.0,4.5,1.5
1783001822643,2026-07-02 16:17:02.643,C3:00:00:63:4D:09,-60,127,1.0,4.5,1.5
1783001822660,2026-07-02 16:17:02.660,C3:00:00:63:4D:0D,-49,127,1.0,4.5,1.5
1783001822663,2026-07-02 16:17:02.663,C3:00:00:63:4D:0A,-61,127,1.0,4.5,1.5
1783001822669,2026-07-02 16:17:02.669,C3:00:00:63:4D:04,-64,127,1.0,4.5,1.5
1783001822700,2026-07-02 16:17:02.700,C3:00:00:63:4D:08,-52,127,1.0,4.5,1.5
1783001822731,2026-07-02 16:17:02.731,C3:00:00:63:4D:08,-48,127,1.0,4.5,1.5
1783001822734,2026-07-02 16:17:02.734,C3:00:00:63:4D:09,-70,127,1.0,4.5,1.5
1783001822752,2026-07-02 16:17:02.752,C3:00:00:63:4D:07,-62,127,1.0,4.5,1.5
1783001822785,2026-07-02 16:17:02.785,C3:00:00:63:4D:04,-56,127,1.0,4.5,1.5
1783001822805,2026-07-02 16:17:02.805,C3:00:00:63:4C:D2,-62,127,1.0,4.5,1.5
1783001822808,2026-07-02 16:17:02.808,C3:00:00:63:4D:05,-56,127,1.0,4.5,1.5
1783001822862,2026-07-02 16:17:02.862,C3:00:00:63:4D:08,-54,127,1.0,4.5,1.5
1783001822887,2026-07-02 16:17:02.887,C3:00:00:63:4D:07,-61,127,1.0,4.5,1.5
1783001822912,2026-07-02 16:17:02.912,C3:00:00:63:4D:0D,-51,127,1.0,4.5,1.5
1783001822945,2026-07-02 16:17:02.945,C3:00:00:63:4D:05,-55,127,1.0,4.5,1.5
1783001822953,2026-07-02 16:17:02.953,C3:00:00:63:4D:08,-51,127,1.0,4.5,1.5
1783001822964,2026-07-02 16:17:02.964,C3:00:00:63:4D:0A,-62,127,1.0,4.5,1.5
1783001822999,2026-07-02 16:17:02.999,C3:00:00:63:4D:04,-65,127,1.0,4.5,1.5
1783001823068,2026-07-02 16:17:03.068,C3:00:00:63:4D:0A,-61,127,1.0,4.5,1.5
1783001823072,2026-07-02 16:17:03.072,C3:00:00:63:4D:0D,-49,127,1.0,4.5,1.5
1783001823077,2026-07-02 16:17:03.077,C3:00:00:63:4D:09,-64,127,1.0,4.5,1.5
1783001823152,2026-07-02 16:17:03.152,C3:00:00:63:4C:D2,-55,127,1.0,4.5,1.5
1783001823170,2026-07-02 16:17:03.170,C3:00:00:63:4D:08,-54,127,1.0,4.5,1.5
1783001823222,2026-07-02 16:17:03.222,C3:00:00:63:4D:04,-64,127,1.0,4.5,1.5
1783001823259,2026-07-02 16:17:03.259,C3:00:00:63:4D:09,-59,127,1.0,4.5,1.5
1783001823279,2026-07-02 16:17:03.279,C3:00:00:63:4D:04,-72,127,1.0,4.5,1.5
1783001823304,2026-07-02 16:17:03.304,C3:00:00:63:4D:09,-61,127,1.0,4.5,1.5
1783001823362,2026-07-02 16:17:03.362,C3:00:00:63:4D:0A,-60,127,1.0,4.5,1.5
1783001823394,2026-07-02 16:17:03.394,C3:00:00:63:4D:0D,-50,127,1.0,4.5,1.5
1783001823418,2026-07-02 16:17:03.418,C3:00:00:63:4D:09,-62,127,1.0,4.5,1.5
1783001823424,2026-07-02 16:17:03.424,C3:00:00:63:4C:D2,-55,127,1.0,4.5,1.5
1783001823437,2026-07-02 16:17:03.437,C3:00:00:63:4D:0A,-62,127,1.0,4.5,1.5
1783001823439,2026-07-02 16:17:03.439,C3:00:00:63:4D:07,-63,127,1.0,4.5,1.5
1783001823447,2026-07-02 16:17:03.447,C3:00:00:63:4D:05,-62,127,1.0,4.5,1.5
1783001823456,2026-07-02 16:17:03.456,C3:00:00:63:4C:D2,-55,127,1.0,4.5,1.5
1783001823498,2026-07-02 16:17:03.498,C3:00:00:63:4D:0D,-51,127,1.0,4.5,1.5
1783001823530,2026-07-02 16:17:03.530,C3:00:00:63:4D:09,-58,127,1.0,4.5,1.5
1783001823554,2026-07-02 16:17:03.554,C3:00:00:63:4D:04,-64,127,1.0,4.5,1.5
1783001823562,2026-07-02 16:17:03.562,C3:00:00:63:4D:07,-61,127,1.0,4.5,1.5
1783001823573,2026-07-02 16:17:03.573,C3:00:00:63:4D:0A,-62,127,1.0,4.5,1.5
1783001823595,2026-07-02 16:17:03.595,C3:00:00:63:4D:0D,-48,127,1.0,4.5,1.5
1783001823600,2026-07-02 16:17:03.600,C3:00:00:63:4D:08,-50,127,1.0,4.5,1.5
1783001823608,2026-07-02 16:17:03.608,C3:00:00:63:4C:D2,-65,127,1.0,4.5,1.5
1783001823616,2026-07-02 16:17:03.616,C3:00:00:63:4D:05,-55,127,1.0,4.5,1.5
1783001823642,2026-07-02 16:17:03.642,C3:00:00:63:4D:09,-61,127,1.0,4.5,1.5
1783001823649,2026-07-02 16:17:03.649,C3:00:00:63:4D:0D,-50,127,1.0,4.5,1.5
1783001823653,2026-07-02 16:17:03.653,C3:00:00:63:4D:04,-55,127,1.0,4.5,1.5
1783001823677,2026-07-02 16:17:03.677,C3:00:00:63:4D:04,-55,127,1.0,4.5,1.5
1783001823687,2026-07-02 16:17:03.687,C3:00:00:63:4D:0A,-61,127,1.0,4.5,1.5
1783001823700,2026-07-02 16:17:03.700,C3:00:00:63:4D:04,-55,127,1.0,4.5,1.5
1783001823704,2026-07-02 16:17:03.704,C3:00:00:63:4D:0D,-50,127,1.0,4.5,1.5
1783001823780,2026-07-02 16:17:03.780,C3:00:00:63:4D:09,-62,127,1.0,4.5,1.5
1783001823788,2026-07-02 16:17:03.788,C3:00:00:63:4D:07,-63,127,1.0,4.5,1.5
1783001823813,2026-07-02 16:17:03.813,C3:00:00:63:4D:0D,-51,127,1.0,4.5,1.5
1783001823819,2026-07-02 16:17:03.819,C3:00:00:63:4D:08,-51,127,1.0,4.5,1.5
1783001823835,2026-07-02 16:17:03.835,C3:00:00:63:4D:05,-55,127,1.0,4.5,1.5
1783001823856,2026-07-02 16:17:03.856,C3:00:00:63:4D:05,-55,127,1.0,4.5,1.5
1783001823867,2026-07-02 16:17:03.867,C3:00:00:63:4D:0A,-60,127,1.0,4.5,1.5
1783001823875,2026-07-02 16:17:03.875,C3:00:00:63:4D:09,-58,127,1.0,4.5,1.5
1783001823879,2026-07-02 16:17:03.879,C3:00:00:63:4D:04,-63,127,1.0,4.5,1.5
1783001823917,2026-07-02 16:17:03.917,C3:00:00:63:4D:0D,-50,127,1.0,4.5,1.5
1783001823930,2026-07-02 16:17:03.930,C3:00:00:63:4D:08,-49,127,1.0,4.5,1.5
1783001823952,2026-07-02 16:17:03.952,C3:00:00:63:4C:D2,-65,127,1.0,4.5,1.5
1783001823963,2026-07-02 16:17:03.963,C3:00:00:63:4D:05,-56,127,1.0,4.5,1.5
1783001823992,2026-07-02 16:17:03.992,C3:00:00:63:4D:09,-61,127,1.0,4.5,1.5
1783001823996,2026-07-02 16:17:03.996,C3:00:00:63:4D:07,-67,127,1.0,4.5,1.5
1783001824021,2026-07-02 16:17:04.021,C3:00:00:63:4D:0D,-51,127,1.0,4.5,1.5
1783001824029,2026-07-02 16:17:04.029,C3:00:00:63:4D:07,-63,127,1.0,4.5,1.5
1783001824047,2026-07-02 16:17:04.047,C3:00:00:63:4D:08,-54,127,1.0,4.5,1.5
1783001824068,2026-07-02 16:17:04.068,C3:00:00:63:4C:D2,-55,127,1.0,4.5,1.5
1783001824074,2026-07-02 16:17:04.074,C3:00:00:63:4D:05,-61,127,1.0,4.5,1.5
1783001824123,2026-07-02 16:17:04.123,C3:00:00:63:4D:0D,-47,127,1.0,4.5,1.5
1783001824132,2026-07-02 16:17:04.132,C3:00:00:63:4D:07,-60,127,1.0,4.5,1.5
1783001824150,2026-07-02 16:17:04.150,C3:00:00:63:4D:08,-50,127,1.0,4.5,1.5
1783001824168,2026-07-02 16:17:04.168,C3:00:00:63:4D:0A,-60,127,1.0,4.5,1.5
1783001824184,2026-07-02 16:17:04.184,C3:00:00:63:4C:D2,-65,127,1.0,4.5,1.5
1783001824197,2026-07-02 16:17:04.197,C3:00:00:63:4D:05,-55,127,1.0,4.5,1.5
1783001824206,2026-07-02 16:17:04.206,C3:00:00:63:4D:04,-64,127,1.0,4.5,1.5
1783001824216,2026-07-02 16:17:04.216,C3:00:00:63:4D:09,-58,127,1.0,4.5,1.5
1783001824235,2026-07-02 16:17:04.235,C3:00:00:63:4D:0D,-50,127,1.0,4.5,1.5
1783001824250,2026-07-02 16:17:04.250,C3:00:00:63:4D:07,-60,127,1.0,4.5,1.5
1783001824254,2026-07-02 16:17:04.254,C3:00:00:63:4D:08,-49,127,1.0,4.5,1.5
1783001824267,2026-07-02 16:17:04.267,C3:00:00:63:4D:0A,-60,127,1.0,4.5,1.5
1783001824306,2026-07-02 16:17:04.306,C3:00:00:63:4C:D2,-65,127,1.0,4.5,1.5
1783001824311,2026-07-02 16:17:04.311,C3:00:00:63:4D:04,-55,127,1.0,4.5,1.5
1783001824332,2026-07-02 16:17:04.332,C3:00:00:63:4D:09,-62,127,1.0,4.5,1.5
1783001824360,2026-07-02 16:17:04.360,C3:00:00:63:4D:07,-63,127,1.0,4.5,1.5
1783001824368,2026-07-02 16:17:04.368,C3:00:00:63:4D:0A,-61,127,1.0,4.5,1.5
1783001824423,2026-07-02 16:17:04.423,C3:00:00:63:4D:05,-55,127,1.0,4.5,1.5
1783001824444,2026-07-02 16:17:04.444,C3:00:00:63:4D:0D,-47,127,1.0,4.5,1.5
1783001824448,2026-07-02 16:17:04.448,C3:00:00:63:4D:09,-58,127,1.0,4.5,1.5
1783001824468,2026-07-02 16:17:04.468,C3:00:00:63:4D:0A,-60,127,1.0,4.5,1.5
1783001824474,2026-07-02 16:17:04.474,C3:00:00:63:4D:07,-60,127,1.0,4.5,1.5
1783001824480,2026-07-02 16:17:04.480,C3:00:00:63:4D:08,-50,127,1.0,4.5,1.5
1783001824527,2026-07-02 16:17:04.527,C3:00:00:63:4D:04,-55,127,1.0,4.5,1.5
1783001824530,2026-07-02 16:17:04.530,C3:00:00:63:4C:D2,-65,127,1.0,4.5,1.5
1783001824541,2026-07-02 16:17:04.541,C3:00:00:63:4D:05,-56,127,1.0,4.5,1.5
1783001824550,2026-07-02 16:17:04.550,C3:00:00:63:4D:0D,-50,127,1.0,4.5,1.5
1783001824558,2026-07-02 16:17:04.558,C3:00:00:63:4D:09,-62,127,1.0,4.5,1.5
1783001824570,2026-07-02 16:17:04.570,C3:00:00:63:4D:0A,-60,127,1.0,4.5,1.5
1783001824596,2026-07-02 16:17:04.596,C3:00:00:63:4D:07,-60,127,1.0,4.5,1.5
1783001824636,2026-07-02 16:17:04.636,C3:00:00:63:4D:04,-71,127,1.0,4.5,1.5
1783001824643,2026-07-02 16:17:04.643,C3:00:00:63:4D:09,-62,127,1.0,4.5,1.5
1783001824651,2026-07-02 16:17:04.651,C3:00:00:63:4C:D2,-55,127,1.0,4.5,1.5
1783001824664,2026-07-02 16:17:04.664,C3:00:00:63:4D:0A,-62,127,1.0,4.5,1.5
1783001824678,2026-07-02 16:17:04.678,C3:00:00:63:4D:09,-62,127,1.0,4.5,1.5
1783001824690,2026-07-02 16:17:04.690,C3:00:00:63:4D:0D,-51,127,1.0,4.5,1.5
1783001824695,2026-07-02 16:17:04.695,C3:00:00:63:4D:08,-54,127,1.0,4.5,1.5
1783001824706,2026-07-02 16:17:04.706,C3:00:00:63:4D:07,-63,127,1.0,4.5,1.5
1783001824712,2026-07-02 16:17:04.712,C3:00:00:63:4D:08,-51,127,1.0,4.5,1.5
1783001824749,2026-07-02 16:17:04.749,C3:00:00:63:4D:0D,-47,127,1.0,4.5,1.5
1783001824754,2026-07-02 16:17:04.754,C3:00:00:63:4C:D2,-66,127,1.0,4.5,1.5
1783001824765,2026-07-02 16:17:04.765,C3:00:00:63:4D:0A,-60,127,1.0,4.5,1.5
1783001824802,2026-07-02 16:17:04.802,C3:00:00:63:4D:08,-51,127,1.0,4.5,1.5
1783001824827,2026-07-02 16:17:04.827,C3:00:00:63:4D:0D,-55,127,1.0,4.5,1.5
1783001824830,2026-07-02 16:17:04.830,C3:00:00:63:4D:07,-60,127,1.0,4.5,1.5
1783001824857,2026-07-02 16:17:04.857,C3:00:00:63:4D:04,-55,127,1.0,4.5,1.5
1783001824862,2026-07-02 16:17:04.862,C3:00:00:63:4D:0D,-50,127,1.0,4.5,1.5
1783001824864,2026-07-02 16:17:04.864,C3:00:00:63:4D:0A,-60,127,1.0,4.5,1.5
1783001824872,2026-07-02 16:17:04.872,C3:00:00:63:4C:D2,-64,127,1.0,4.5,1.5
1783001824879,2026-07-02 16:17:04.879,C3:00:00:63:4D:05,-56,127,1.0,4.5,1.5
1783001824885,2026-07-02 16:17:04.885,C3:00:00:63:4D:07,-60,127,1.0,4.5,1.5
1783001824897,2026-07-02 16:17:04.897,C3:00:00:63:4D:09,-62,127,1.0,4.5,1.5
1783001824915,2026-07-02 16:17:04.915,C3:00:00:63:4D:08,-49,127,1.0,4.5,1.5
1783001824920,2026-07-02 16:17:04.920,C3:00:00:63:4D:0D,-51,127,1.0,4.5,1.5
1783001824939,2026-07-02 16:17:04.939,C3:00:00:63:4D:07,-63,127,1.0,4.5,1.5
1783001824954,2026-07-02 16:17:04.954,C3:00:00:63:4D:05,-62,127,1.0,4.5,1.5
1783001824976,2026-07-02 16:17:04.976,C3:00:00:63:4D:04,-73,127,1.0,4.5,1.5
1783001824980,2026-07-02 16:17:04.980,C3:00:00:63:4D:0A,-61,127,1.0,4.5,1.5
1783001824984,2026-07-02 16:17:04.984,C3:00:00:63:4D:0D,-51,127,1.0,4.5,1.5
1783001825015,2026-07-02 16:17:05.015,C3:00:00:63:4D:09,-62,127,1.0,4.5,1.5
1783001825022,2026-07-02 16:17:05.022,C3:00:00:63:4D:05,-62,127,1.0,4.5,1.5
1783001825057,2026-07-02 16:17:05.057,C3:00:00:63:4D:07,-60,127,1.0,4.5,1.5
1783001825064,2026-07-02 16:17:05.064,C3:00:00:63:4D:0A,-60,127,1.0,4.5,1.5
1783001825074,2026-07-02 16:17:05.074,C3:00:00:63:4D:0D,-47,127,1.0,4.5,1.5
1783001825106,2026-07-02 16:17:05.106,C3:00:00:63:4C:D2,-65,127,1.0,4.5,1.5
1783001825113,2026-07-02 16:17:05.113,C3:00:00:63:4D:05,-55,127,1.0,4.5,1.5
1783001825128,2026-07-02 16:17:05.128,C3:00:00:63:4D:08,-49,127,1.0,4.5,1.5
1783001825135,2026-07-02 16:17:05.135,C3:00:00:63:4D:09,-62,127,1.0,4.5,1.5
1783001825170,2026-07-02 16:17:05.170,C3:00:00:63:4D:07,-60,127,1.0,4.5,1.5
1783001825225,2026-07-02 16:17:05.225,C3:00:00:63:4C:D2,-55,127,1.0,4.5,1.5
1783001825232,2026-07-02 16:17:05.232,C3:00:00:63:4D:05,-62,127,1.0,4.5,1.5
1783001825251,2026-07-02 16:17:05.251,C3:00:00:63:4D:08,-54,127,1.0,4.5,1.5
1783001825253,2026-07-02 16:17:05.253,C3:00:00:63:4D:09,-61,127,1.0,4.5,1.5
1783001825288,2026-07-02 16:17:05.288,C3:00:00:63:4D:04,-74,127,1.0,4.5,1.5
1783001825344,2026-07-02 16:17:05.344,C3:00:00:63:4D:05,-55,127,1.0,4.5,1.5
1783001825352,2026-07-02 16:17:05.352,C3:00:00:63:4D:08,-51,127,1.0,4.5,1.5
1783001825359,2026-07-02 16:17:05.359,C3:00:00:63:4D:09,-58,127,1.0,4.5,1.5
1783001825364,2026-07-02 16:17:05.364,C3:00:00:63:4D:0A,-60,127,1.0,4.5,1.5
1783001825389,2026-07-02 16:17:05.389,C3:00:00:63:4D:0D,-47,127,1.0,4.5,1.5
1783001825396,2026-07-02 16:17:05.396,C3:00:00:63:4D:07,-60,127,1.0,4.5,1.5
1783001825399,2026-07-02 16:17:05.399,C3:00:00:63:4D:04,-63,127,1.0,4.5,1.5
1783001825434,2026-07-02 16:17:05.434,C3:00:00:63:4C:D2,-64,127,1.0,4.5,1.5
1783001825439,2026-07-02 16:17:05.439,C3:00:00:63:4D:0A,-60,127,1.0,4.5,1.5
1783001825462,2026-07-02 16:17:05.462,C3:00:00:63:4C:D2,-64,127,1.0,4.5,1.5
1783001825468,2026-07-02 16:17:05.468,C3:00:00:63:4D:0A,-60,127,1.0,4.5,1.5
1783001825473,2026-07-02 16:17:05.473,C3:00:00:63:4D:09,-62,127,1.0,4.5,1.5
1783001825480,2026-07-02 16:17:05.480,C3:00:00:63:4D:05,-56,127,1.0,4.5,1.5
1783001825487,2026-07-02 16:17:05.487,C3:00:00:63:4D:0D,-50,127,1.0,4.5,1.5
1783001825517,2026-07-02 16:17:05.517,C3:00:00:63:4D:04,-55,127,1.0,4.5,1.5
1783001825581,2026-07-02 16:17:05.581,C3:00:00:63:4D:05,-62,127,1.0,4.5,1.5
1783001825585,2026-07-02 16:17:05.585,C3:00:00:63:4D:07,-64,127,1.0,4.5,1.5
1783001825597,2026-07-02 16:17:05.597,C3:00:00:63:4D:09,-62,127,1.0,4.5,1.5
1783001825618,2026-07-02 16:17:05.618,C3:00:00:63:4D:04,-64,127,1.0,4.5,1.5
1783001825620,2026-07-02 16:17:05.620,C3:00:00:63:4D:07,-62,127,1.0,4.5,1.5
1783001825631,2026-07-02 16:17:05.631,C3:00:00:63:4C:D2,-72,127,1.0,4.5,1.5
1783001825658,2026-07-02 16:17:05.658,C3:00:00:63:4D:0D,-50,127,1.0,4.5,1.5
1783001825660,2026-07-02 16:17:05.660,C3:00:00:63:4D:04,-65,127,1.0,4.5,1.5
1783001825678,2026-07-02 16:17:05.678,C3:00:00:63:4D:08,-52,127,1.0,4.5,1.5
1783001825696,2026-07-02 16:17:05.696,C3:00:00:63:4D:05,-55,127,1.0,4.5,1.5
1783001825707,2026-07-02 16:17:05.707,C3:00:00:63:4D:0D,-50,127,1.0,4.5,1.5
1783001825725,2026-07-02 16:17:05.725,C3:00:00:63:4D:09,-58,127,1.0,4.5,1.5
1783001825736,2026-07-02 16:17:05.736,C3:00:00:63:4D:04,-56,127,1.0,4.5,1.5
1783001825745,2026-07-02 16:17:05.745,C3:00:00:63:4D:07,-62,127,1.0,4.5,1.5
1783001825772,2026-07-02 16:17:05.772,C3:00:00:63:4D:0A,-62,127,1.0,4.5,1.5
1783001825791,2026-07-02 16:17:05.791,C3:00:00:63:4D:08,-48,127,1.0,4.5,1.5
1783001825798,2026-07-02 16:17:05.798,C3:00:00:63:4C:D2,-61,127,1.0,4.5,1.5
1783001825806,2026-07-02 16:17:05.806,C3:00:00:63:4D:05,-56,127,1.0,4.5,1.5
1783001825815,2026-07-02 16:17:05.815,C3:00:00:63:4D:0D,-51,127,1.0,4.5,1.5
1783001825819,2026-07-02 16:17:05.819,C3:00:00:63:4D:09,-60,127,1.0,4.5,1.5
1783001825834,2026-07-02 16:17:05.834,C3:00:00:63:4D:04,-75,127,1.0,4.5,1.5
1783001825857,2026-07-02 16:17:05.857,C3:00:00:63:4D:07,-60,127,1.0,4.5,1.5
1783001825871,2026-07-02 16:17:05.871,C3:00:00:63:4D:0A,-62,127,1.0,4.5,1.5
1783001825891,2026-07-02 16:17:05.891,C3:00:00:63:4D:08,-54,127,1.0,4.5,1.5
1783001825923,2026-07-02 16:17:05.923,C3:00:00:63:4C:D2,-55,127,1.0,4.5,1.5
1783001825928,2026-07-02 16:17:05.928,C3:00:00:63:4D:0D,-50,127,1.0,4.5,1.5
1783001825934,2026-07-02 16:17:05.934,C3:00:00:63:4D:05,-55,127,1.0,4.5,1.5
1783001825935,2026-07-02 16:17:05.935,C3:00:00:63:4D:09,-58,127,1.0,4.5,1.5
1783001825948,2026-07-02 16:17:05.948,C3:00:00:63:4D:04,-63,127,1.0,4.5,1.5
1783001825962,2026-07-02 16:17:05.962,C3:00:00:63:4D:0A,-61,127,1.0,4.5,1.5
1783001825969,2026-07-02 16:17:05.969,C3:00:00:63:4D:07,-61,127,1.0,4.5,1.5
1783001826002,2026-07-02 16:17:06.002,C3:00:00:63:4D:08,-51,127,1.0,4.5,1.5
1783001826028,2026-07-02 16:17:06.028,C3:00:00:63:4D:0D,-49,127,1.0,4.5,1.5
1783001826034,2026-07-02 16:17:06.034,C3:00:00:63:4C:D2,-63,127,1.0,4.5,1.5
1783001826049,2026-07-02 16:17:06.049,C3:00:00:63:4D:05,-56,127,1.0,4.5,1.5
1783001826053,2026-07-02 16:17:06.053,C3:00:00:63:4D:09,-61,127,1.0,4.5,1.5
1783001826058,2026-07-02 16:17:06.058,C3:00:00:63:4D:04,-55,127,1.0,4.5,1.5
1783001826090,2026-07-02 16:17:06.090,C3:00:00:63:4D:07,-62,127,1.0,4.5,1.5
1783001826115,2026-07-02 16:17:06.115,C3:00:00:63:4D:08,-49,127,1.0,4.5,1.5
1783001826120,2026-07-02 16:17:06.120,C3:00:00:63:4D:0D,-49,127,1.0,4.5,1.5
1783001826145,2026-07-02 16:17:06.145,C3:00:00:63:4C:D2,-55,127,1.0,4.5,1.5
1783001826155,2026-07-02 16:17:06.155,C3:00:00:63:4D:05,-63,127,1.0,4.5,1.5
1783001826161,2026-07-02 16:17:06.161,C3:00:00:63:4D:09,-62,127,1.0,4.5,1.5
1783001826164,2026-07-02 16:17:06.164,C3:00:00:63:4D:0A,-62,127,1.0,4.5,1.5
1783001826167,2026-07-02 16:17:06.167,C3:00:00:63:4D:04,-71,127,1.0,4.5,1.5
1783001826171,2026-07-02 16:17:06.171,C3:00:00:63:4D:07,-62,127,1.0,4.5,1.5
1783001826205,2026-07-02 16:17:06.205,C3:00:00:63:4D:07,-62,127,1.0,4.5,1.5
1783001826224,2026-07-02 16:17:06.224,C3:00:00:63:4D:08,-51,127,1.0,4.5,1.5
1783001826243,2026-07-02 16:17:06.243,C3:00:00:63:4D:0D,-49,127,1.0,4.5,1.5
1783001826266,2026-07-02 16:17:06.266,C3:00:00:63:4C:D2,-63,127,1.0,4.5,1.5
1783001826272,2026-07-02 16:17:06.272,C3:00:00:63:4D:05,-55,127,1.0,4.5,1.5
1783001826281,2026-07-02 16:17:06.281,C3:00:00:63:4D:0A,-61,127,1.0,4.5,1.5
1783001826321,2026-07-02 16:17:06.321,C3:00:00:63:4D:07,-62,127,1.0,4.5,1.5
1783001826328,2026-07-02 16:17:06.328,C3:00:00:63:4D:0D,-50,127,1.0,4.5,1.5
1783001826357,2026-07-02 16:17:06.357,C3:00:00:63:4C:D2,-64,127,1.0,4.5,1.5
1783001826381,2026-07-02 16:17:06.381,C3:00:00:63:4D:0A,-60,127,1.0,4.5,1.5
1783001826384,2026-07-02 16:17:06.384,C3:00:00:63:4C:D2,-64,127,1.0,4.5,1.5
1783001826386,2026-07-02 16:17:06.386,C3:00:00:63:4D:05,-56,127,1.0,4.5,1.5
1783001826389,2026-07-02 16:17:06.389,C3:00:00:63:4D:04,-55,127,1.0,4.5,1.5
1783001826399,2026-07-02 16:17:06.399,C3:00:00:63:4D:09,-61,127,1.0,4.5,1.5
1783001826432,2026-07-02 16:17:06.432,C3:00:00:63:4D:07,-61,127,1.0,4.5,1.5
1783001826436,2026-07-02 16:17:06.436,C3:00:00:63:4D:0D,-50,127,1.0,4.5,1.5
1783001826439,2026-07-02 16:17:06.439,C3:00:00:63:4D:08,-54,127,1.0,4.5,1.5
1783001826469,2026-07-02 16:17:06.469,C3:00:00:63:4D:0A,-62,127,1.0,4.5,1.5
1783001826477,2026-07-02 16:17:06.477,C3:00:00:63:4D:08,-54,127,1.0,4.5,1.5
1783001826493,2026-07-02 16:17:06.493,C3:00:00:63:4C:D2,-55,127,1.0,4.5,1.5
1783001826496,2026-07-02 16:17:06.496,C3:00:00:63:4D:04,-71,127,1.0,4.5,1.5
1783001826502,2026-07-02 16:17:06.502,C3:00:00:63:4D:09,-62,127,1.0,4.5,1.5
1783001826504,2026-07-02 16:17:06.504,C3:00:00:63:4D:08,-61,127,1.0,4.5,1.5
1783001826543,2026-07-02 16:17:06.543,C3:00:00:63:4D:0D,-49,127,1.0,4.5,1.5
1783001826550,2026-07-02 16:17:06.550,C3:00:00:63:4D:08,-51,127,1.0,4.5,1.5
1783001826561,2026-07-02 16:17:06.561,C3:00:00:63:4D:0A,-61,127,1.0,4.5,1.5
1783001826598,2026-07-02 16:17:06.598,C3:00:00:63:4D:04,-63,127,1.0,4.5,1.5
1783001826611,2026-07-02 16:17:06.611,C3:00:00:63:4C:D2,-64,127,1.0,4.5,1.5
1783001826612,2026-07-02 16:17:06.612,C3:00:00:63:4D:05,-55,127,1.0,4.5,1.5
1783001826617,2026-07-02 16:17:06.617,C3:00:00:63:4D:09,-59,127,1.0,4.5,1.5
1783001826637,2026-07-02 16:17:06.637,C3:00:00:63:4D:09,-62,127,1.0,4.5,1.5
1783001826643,2026-07-02 16:17:06.643,C3:00:00:63:4D:0D,-50,127,1.0,4.5,1.5
1783001826653,2026-07-02 16:17:06.653,C3:00:00:63:4D:08,-49,127,1.0,4.5,1.5
1783001826667,2026-07-02 16:17:06.667,C3:00:00:63:4D:07,-62,127,1.0,4.5,1.5
1783001826671,2026-07-02 16:17:06.671,C3:00:00:63:4D:0A,-60,127,1.0,4.5,1.5
1783001826706,2026-07-02 16:17:06.706,C3:00:00:63:4D:04,-55,127,1.0,4.5,1.5
1783001826708,2026-07-02 16:17:06.708,C3:00:00:63:4D:08,-49,127,1.0,4.5,1.5
1783001826713,2026-07-02 16:17:06.713,C3:00:00:63:4C:D2,-63,127,1.0,4.5,1.5
1783001826726,2026-07-02 16:17:06.726,C3:00:00:63:4D:05,-62,127,1.0,4.5,1.5
1783001826729,2026-07-02 16:17:06.729,C3:00:00:63:4D:09,-61,127,1.0,4.5,1.5
1783001826749,2026-07-02 16:17:06.749,C3:00:00:63:4D:0D,-50,127,1.0,4.5,1.5
1783001826779,2026-07-02 16:17:06.779,C3:00:00:63:4D:07,-61,127,1.0,4.5,1.5
1783001826817,2026-07-02 16:17:06.817,C3:00:00:63:4D:04,-63,127,1.0,4.5,1.5
1783001826839,2026-07-02 16:17:06.839,C3:00:00:63:4C:D2,-64,127,1.0,4.5,1.5
1783001826852,2026-07-02 16:17:06.852,C3:00:00:63:4D:09,-59,127,1.0,4.5,1.5
1783001826854,2026-07-02 16:17:06.854,C3:00:00:63:4D:0D,-49,127,1.0,4.5,1.5
1783001826859,2026-07-02 16:17:06.859,C3:00:00:63:4D:08,-52,127,1.0,4.5,1.5
1783001826866,2026-07-02 16:17:06.866,C3:00:00:63:4D:0A,-60,127,1.0,4.5,1.5
1783001826878,2026-07-02 16:17:06.878,C3:00:00:63:4D:08,-52,127,1.0,4.5,1.5
1783001826914,2026-07-02 16:17:06.914,C3:00:00:63:4D:07,-61,127,1.0,4.5,1.5
1783001826925,2026-07-02 16:17:06.925,C3:00:00:63:4D:04,-55,127,1.0,4.5,1.5
1783001826950,2026-07-02 16:17:06.950,C3:00:00:63:4D:05,-56,127,1.0,4.5,1.5
1783001826958,2026-07-02 16:17:06.958,C3:00:00:63:4C:D2,-63,127,1.0,4.5,1.5
1783001826963,2026-07-02 16:17:06.963,C3:00:00:63:4D:09,-62,127,1.0,4.5,1.5
1783001826968,2026-07-02 16:17:06.968,C3:00:00:63:4D:0D,-50,127,1.0,4.5,1.5
1783001826975,2026-07-02 16:17:06.975,C3:00:00:63:4D:0A,-61,127,1.0,4.5,1.5
1783001826979,2026-07-02 16:17:06.979,C3:00:00:63:4D:05,-56,127,1.0,4.5,1.5
1783001826984,2026-07-02 16:17:06.984,C3:00:00:63:4D:08,-49,127,1.0,4.5,1.5
1783001827002,2026-07-02 16:17:07.002,C3:00:00:63:4D:07,-62,127,1.0,4.5,1.5
1783001827046,2026-07-02 16:17:07.046,C3:00:00:63:4D:04,-77,127,1.0,4.5,1.5
1783001827071,2026-07-02 16:17:07.071,C3:00:00:63:4C:D2,-54,127,1.0,4.5,1.5
1783001827077,2026-07-02 16:17:07.077,C3:00:00:63:4D:05,-60,127,1.0,4.5,1.5
1783001827082,2026-07-02 16:17:07.082,C3:00:00:63:4D:09,-61,127,1.0,4.5,1.5
1783001827084,2026-07-02 16:17:07.084,C3:00:00:63:4D:0A,-62,127,1.0,4.5,1.5
1783001827095,2026-07-02 16:17:07.095,C3:00:00:63:4D:08,-54,127,1.0,4.5,1.5
1783001827120,2026-07-02 16:17:07.120,C3:00:00:63:4D:07,-62,127,1.0,4.5,1.5
1783001827145,2026-07-02 16:17:07.145,C3:00:00:63:4D:04,-63,127,1.0,4.5,1.5
1783001827169,2026-07-02 16:17:07.169,C3:00:00:63:4D:0A,-60,127,1.0,4.5,1.5
1783001827172,2026-07-02 16:17:07.172,C3:00:00:63:4D:0D,-49,127,1.0,4.5,1.5
1783001827182,2026-07-02 16:17:07.182,C3:00:00:63:4C:D2,-64,127,1.0,4.5,1.5
1783001827192,2026-07-02 16:17:07.192,C3:00:00:63:4D:05,-55,127,1.0,4.5,1.5
1783001827209,2026-07-02 16:17:07.209,C3:00:00:63:4D:08,-52,127,1.0,4.5,1.5
1783001827235,2026-07-02 16:17:07.235,C3:00:00:63:4D:07,-63,127,1.0,4.5,1.5
1783001827263,2026-07-02 16:17:07.263,C3:00:00:63:4D:04,-55,127,1.0,4.5,1.5
1783001827269,2026-07-02 16:17:07.269,C3:00:00:63:4D:0A,-61,127,1.0,4.5,1.5
1783001827287,2026-07-02 16:17:07.287,C3:00:00:63:4D:04,-62,127,1.0,4.5,1.5
1783001827312,2026-07-02 16:17:07.312,C3:00:00:63:4D:05,-55,127,1.0,4.5,1.5
1783001827318,2026-07-02 16:17:07.318,C3:00:00:63:4D:09,-62,127,1.0,4.5,1.5
1783001827324,2026-07-02 16:17:07.324,C3:00:00:63:4D:08,-48,127,1.0,4.5,1.5
1783001827355,2026-07-02 16:17:07.355,C3:00:00:63:4D:07,-60,127,1.0,4.5,1.5
1783001827363,2026-07-02 16:17:07.363,C3:00:00:63:4D:04,-77,127,1.0,4.5,1.5
1783001827371,2026-07-02 16:17:07.371,C3:00:00:63:4D:0A,-62,127,1.0,4.5,1.5
1783001827411,2026-07-02 16:17:07.411,C3:00:00:63:4D:09,-59,127,1.0,4.5,1.5
1783001827419,2026-07-02 16:17:07.419,C3:00:00:63:4C:D2,-54,127,1.0,4.5,1.5
1783001827427,2026-07-02 16:17:07.427,C3:00:00:63:4D:05,-60,127,1.0,4.5,1.5
1783001827434,2026-07-02 16:17:07.434,C3:00:00:63:4D:08,-52,127,1.0,4.5,1.5
1783001827438,2026-07-02 16:17:07.438,C3:00:00:63:4D:0A,-61,127,1.0,4.5,1.5
1783001827449,2026-07-02 16:17:07.449,C3:00:00:63:4C:D2,-64,127,1.0,4.5,1.5
1783001827464,2026-07-02 16:17:07.464,C3:00:00:63:4D:0A,-61,127,1.0,4.5,1.5
1783001827468,2026-07-02 16:17:07.468,C3:00:00:63:4C:D2,-64,127,1.0,4.5,1.5
1783001827476,2026-07-02 16:17:07.476,C3:00:00:63:4D:04,-63,127,1.0,4.5,1.5
1783001827479,2026-07-02 16:17:07.479,C3:00:00:63:4D:05,-55,127,1.0,4.5,1.5
1783001827483,2026-07-02 16:17:07.483,C3:00:00:63:4D:0D,-49,127,1.0,4.5,1.5
1783001827525,2026-07-02 16:17:07.525,C3:00:00:63:4D:05,-55,127,1.0,4.5,1.5
1783001827586,2026-07-02 16:17:07.586,C3:00:00:63:4D:04,-55,127,1.0,4.5,1.5
1783001827592,2026-07-02 16:17:07.592,C3:00:00:63:4D:07,-62,127,1.0,4.5,1.5
1783001827605,2026-07-02 16:17:07.605,C3:00:00:63:4D:0D,-50,127,1.0,4.5,1.5
1783001827613,2026-07-02 16:17:07.613,C3:00:00:63:4D:07,-62,127,1.0,4.5,1.5
1783001827637,2026-07-02 16:17:07.637,C3:00:00:63:4C:D2,-55,127,1.0,4.5,1.5
1783001827644,2026-07-02 16:17:07.644,C3:00:00:63:4D:08,-54,127,1.0,4.5,1.5
1783001827652,2026-07-02 16:17:07.652,C3:00:00:63:4D:05,-62,127,1.0,4.5,1.5
1783001827665,2026-07-02 16:17:07.665,C3:00:00:63:4D:0A,-62,127,1.0,4.5,1.5
1783001827668,2026-07-02 16:17:07.668,C3:00:00:63:4D:0D,-50,127,1.0,4.5,1.5
1783001827682,2026-07-02 16:17:07.682,C3:00:00:63:4D:0A,-63,127,1.0,4.5,1.5
1783001827686,2026-07-02 16:17:07.686,C3:00:00:63:4D:04,-72,127,1.0,4.5,1.5
1783001827693,2026-07-02 16:17:07.693,C3:00:00:63:4D:0D,-50,127,1.0,4.5,1.5
1783001827695,2026-07-02 16:17:07.695,C3:00:00:63:4D:07,-62,127,1.0,4.5,1.5
1783001827701,2026-07-02 16:17:07.701,C3:00:00:63:4D:04,-72,127,1.0,4.5,1.5
1783001827746,2026-07-02 16:17:07.746,C3:00:00:63:4D:08,-52,127,1.0,4.5,1.5
1783001827752,2026-07-02 16:17:07.752,C3:00:00:63:4C:D2,-64,127,1.0,4.5,1.5
1783001827762,2026-07-02 16:17:07.762,C3:00:00:63:4D:09,-59,127,1.0,4.5,1.5
1783001827767,2026-07-02 16:17:07.767,C3:00:00:63:4D:0A,-60,127,1.0,4.5,1.5
1783001827788,2026-07-02 16:17:07.788,C3:00:00:63:4D:09,-60,127,1.0,4.5,1.5
1783001827801,2026-07-02 16:17:07.801,C3:00:00:63:4D:0D,-49,127,1.0,4.5,1.5
1783001827803,2026-07-02 16:17:07.803,C3:00:00:63:4D:04,-63,127,1.0,4.5,1.5
1783001827817,2026-07-02 16:17:07.817,C3:00:00:63:4D:07,-61,127,1.0,4.5,1.5
1783001827863,2026-07-02 16:17:07.863,C3:00:00:63:4D:08,-49,127,1.0,4.5,1.5
1783001827869,2026-07-02 16:17:07.869,C3:00:00:63:4D:0A,-60,127,1.0,4.5,1.5
1783001827881,2026-07-02 16:17:07.881,C3:00:00:63:4C:D2,-63,127,1.0,4.5,1.5
1783001827887,2026-07-02 16:17:07.887,C3:00:00:63:4D:05,-56,127,1.0,4.5,1.5
1783001827905,2026-07-02 16:17:07.905,C3:00:00:63:4D:0D,-50,127,1.0,4.5,1.5
1783001827906,2026-07-02 16:17:07.906,C3:00:00:63:4D:04,-55,127,1.0,4.5,1.5
1783001827930,2026-07-02 16:17:07.930,C3:00:00:63:4D:07,-62,127,1.0,4.5,1.5
1783001827991,2026-07-02 16:17:07.991,C3:00:00:63:4D:05,-62,127,1.0,4.5,1.5
1783001827998,2026-07-02 16:17:07.998,C3:00:00:63:4D:07,-69,127,1.0,4.5,1.5
1783001828023,2026-07-02 16:17:08.023,C3:00:00:63:4D:0D,-50,127,1.0,4.5,1.5
1783001828029,2026-07-02 16:17:08.029,C3:00:00:63:4D:04,-73,127,1.0,4.5,1.5
1783001828048,2026-07-02 16:17:08.048,C3:00:00:63:4D:07,-60,127,1.0,4.5,1.5
1783001828100,2026-07-02 16:17:08.100,C3:00:00:63:4D:09,-59,127,1.0,4.5,1.5
1783001828106,2026-07-02 16:17:08.106,C3:00:00:63:4D:05,-55,127,1.0,4.5,1.5
1783001828123,2026-07-02 16:17:08.123,C3:00:00:63:4D:0D,-49,127,1.0,4.5,1.5
1783001828128,2026-07-02 16:17:08.128,C3:00:00:63:4D:04,-55,127,1.0,4.5,1.5
1783001828159,2026-07-02 16:17:08.159,C3:00:00:63:4D:07,-62,127,1.0,4.5,1.5
1783001828176,2026-07-02 16:17:08.176,C3:00:00:63:4D:0A,-61,127,1.0,4.5,1.5
1783001828186,2026-07-02 16:17:08.186,C3:00:00:63:4D:08,-48,127,1.0,4.5,1.5
1783001828208,2026-07-02 16:17:08.208,C3:00:00:63:4D:09,-62,127,1.0,4.5,1.5
1783001828272,2026-07-02 16:17:08.272,C3:00:00:63:4D:0A,-62,127,1.0,4.5,1.5
1783001828280,2026-07-02 16:17:08.280,C3:00:00:63:4D:07,-61,127,1.0,4.5,1.5
1783001828325,2026-07-02 16:17:08.325,C3:00:00:63:4D:09,-59,127,1.0,4.5,1.5
1783001828349,2026-07-02 16:17:08.349,C3:00:00:63:4D:04,-63,127,1.0,4.5,1.5
1783001828355,2026-07-02 16:17:08.355,C3:00:00:63:4C:D2,-64,127,1.0,4.5,1.5
1783001828367,2026-07-02 16:17:08.367,C3:00:00:63:4D:0A,-60,127,1.0,4.5,1.5
1783001828391,2026-07-02 16:17:08.391,C3:00:00:63:4D:07,-61,127,1.0,4.5,1.5
1783001828404,2026-07-02 16:17:08.404,C3:00:00:63:4D:08,-52,127,1.0,4.5,1.5
1783001828427,2026-07-02 16:17:08.427,C3:00:00:63:4D:0D,-50,127,1.0,4.5,1.5
1783001828442,2026-07-02 16:17:08.442,C3:00:00:63:4D:09,-62,127,1.0,4.5,1.5
1783001828447,2026-07-02 16:17:08.447,C3:00:00:63:4C:D2,-62,127,1.0,4.5,1.5
1783001828451,2026-07-02 16:17:08.451,C3:00:00:63:4D:05,-56,127,1.0,4.5,1.5
1783001828460,2026-07-02 16:17:08.460,C3:00:00:63:4D:0A,-60,127,1.0,4.5,1.5
1783001828507,2026-07-02 16:17:08.507,C3:00:00:63:4D:07,-62,127,1.0,4.5,1.5
1783001828516,2026-07-02 16:17:08.516,C3:00:00:63:4D:08,-49,127,1.0,4.5,1.5
1783001828538,2026-07-02 16:17:08.538,C3:00:00:63:4D:0D,-50,127,1.0,4.5,1.5
1783001828556,2026-07-02 16:17:08.556,C3:00:00:63:4D:09,-61,127,1.0,4.5,1.5
1783001828572,2026-07-02 16:17:08.572,C3:00:00:63:4D:0A,-69,127,1.0,4.5,1.5
1783001828576,2026-07-02 16:17:08.576,C3:00:00:63:4C:D2,-55,127,1.0,4.5,1.5
1783001828581,2026-07-02 16:17:08.581,C3:00:00:63:4D:05,-62,127,1.0,4.5,1.5
1783001828582,2026-07-02 16:17:08.582,C3:00:00:63:4D:04,-73,127,1.0,4.5,1.5
1783001828584,2026-07-02 16:17:08.584,C3:00:00:63:4D:0A,-62,127,1.0,4.5,1.5
1783001828599,2026-07-02 16:17:08.599,C3:00:00:63:4D:0A,-63,127,1.0,4.5,1.5
1783001828618,2026-07-02 16:17:08.618,C3:00:00:63:4D:08,-52,127,1.0,4.5,1.5
1783001828647,2026-07-02 16:17:08.647,C3:00:00:63:4D:0D,-49,127,1.0,4.5,1.5
1783001828667,2026-07-02 16:17:08.667,C3:00:00:63:4D:0A,-60,127,1.0,4.5,1.5
1783001828673,2026-07-02 16:17:08.673,C3:00:00:63:4D:09,-59,127,1.0,4.5,1.5
1783001828679,2026-07-02 16:17:08.679,C3:00:00:63:4D:05,-55,127,1.0,4.5,1.5
1783001828699,2026-07-02 16:17:08.699,C3:00:00:63:4D:0D,-49,127,1.0,4.5,1.5
1783001828704,2026-07-02 16:17:08.704,C3:00:00:63:4D:08,-52,127,1.0,4.5,1.5
1783001828747,2026-07-02 16:17:08.747,C3:00:00:63:4D:04,-56,127,1.0,4.5,1.5
1783001828752,2026-07-02 16:17:08.752,C3:00:00:63:4D:0D,-50,127,1.0,4.5,1.5
1783001828769,2026-07-02 16:17:08.769,C3:00:00:63:4D:0A,-60,127,1.0,4.5,1.5
1783001828788,2026-07-02 16:17:08.788,C3:00:00:63:4D:09,-61,127,1.0,4.5,1.5
1783001828793,2026-07-02 16:17:08.793,C3:00:00:63:4D:04,-55,127,1.0,4.5,1.5
1783001828794,2026-07-02 16:17:08.794,C3:00:00:63:4C:D2,-63,127,1.0,4.5,1.5
1783001828820,2026-07-02 16:17:08.820,C3:00:00:63:4D:0D,-58,127,1.0,4.5,1.5
1783001828867,2026-07-02 16:17:08.867,C3:00:00:63:4D:0A,-62,127,1.0,4.5,1.5
1783001828889,2026-07-02 16:17:08.889,C3:00:00:63:4D:08,-54,127,1.0,4.5,1.5
1783001828916,2026-07-02 16:17:08.916,C3:00:00:63:4C:D2,-55,127,1.0,4.5,1.5
1783001828922,2026-07-02 16:17:08.922,C3:00:00:63:4D:05,-62,127,1.0,4.5,1.5
1783001828935,2026-07-02 16:17:08.935,C3:00:00:63:4D:0D,-49,127,1.0,4.5,1.5
1783001828949,2026-07-02 16:17:08.949,C3:00:00:63:4D:08,-52,127,1.0,4.5,1.5
1783001828952,2026-07-02 16:17:08.952,C3:00:00:63:4D:05,-55,127,1.0,4.5,1.5
1783001828958,2026-07-02 16:17:08.958,C3:00:00:63:4D:0D,-49,127,1.0,4.5,1.5
1783001828964,2026-07-02 16:17:08.964,C3:00:00:63:4D:0A,-60,127,1.0,4.5,1.5
1783001828968,2026-07-02 16:17:08.968,C3:00:00:63:4D:07,-61,127,1.0,4.5,1.5
1783001828999,2026-07-02 16:17:08.999,C3:00:00:63:4D:04,-63,127,1.0,4.5,1.5
1783001829006,2026-07-02 16:17:09.006,C3:00:00:63:4D:09,-59,127,1.0,4.5,1.5
1783001829021,2026-07-02 16:17:09.021,C3:00:00:63:4D:05,-56,127,1.0,4.5,1.5
1783001829025,2026-07-02 16:17:09.025,C3:00:00:63:4C:D2,-63,127,1.0,4.5,1.5
1783001829034,2026-07-02 16:17:09.034,C3:00:00:63:4D:05,-64,127,1.0,4.5,1.5
1783001829066,2026-07-02 16:17:09.066,C3:00:00:63:4D:0A,-61,127,1.0,4.5,1.5
1783001829076,2026-07-02 16:17:09.076,C3:00:00:63:4D:07,-62,127,1.0,4.5,1.5
1783001829112,2026-07-02 16:17:09.112,C3:00:00:63:4D:04,-55,127,1.0,4.5,1.5
1783001829133,2026-07-02 16:17:09.133,C3:00:00:63:4D:09,-61,127,1.0,4.5,1.5
1783001829135,2026-07-02 16:17:09.135,C3:00:00:63:4C:D2,-55,127,1.0,4.5,1.5
1783001829140,2026-07-02 16:17:09.140,C3:00:00:63:4D:05,-62,127,1.0,4.5,1.5
1783001829163,2026-07-02 16:17:09.163,C3:00:00:63:4D:08,-54,127,1.0,4.5,1.5
1783001829167,2026-07-02 16:17:09.167,C3:00:00:63:4D:0D,-50,127,1.0,4.5,1.5
1783001829198,2026-07-02 16:17:09.198,C3:00:00:63:4D:07,-62,127,1.0,4.5,1.5
1783001829236,2026-07-02 16:17:09.236,C3:00:00:63:4D:09,-59,127,1.0,4.5,1.5
1783001829245,2026-07-02 16:17:09.245,C3:00:00:63:4C:D2,-64,127,1.0,4.5,1.5
1783001829250,2026-07-02 16:17:09.250,C3:00:00:63:4D:05,-55,127,1.0,4.5,1.5
1783001829260,2026-07-02 16:17:09.260,C3:00:00:63:4D:0A,-60,127,1.0,4.5,1.5
1783001829274,2026-07-02 16:17:09.274,C3:00:00:63:4D:0D,-49,127,1.0,4.5,1.5
1783001829285,2026-07-02 16:17:09.285,C3:00:00:63:4D:09,-60,127,1.0,4.5,1.5
1783001829311,2026-07-02 16:17:09.311,C3:00:00:63:4D:07,-61,127,1.0,4.5,1.5
1783001829325,2026-07-02 16:17:09.325,C3:00:00:63:4D:04,-55,127,1.0,4.5,1.5
1783001829364,2026-07-02 16:17:09.364,C3:00:00:63:4D:0A,-60,127,1.0,4.5,1.5
1783001829371,2026-07-02 16:17:09.371,C3:00:00:63:4C:D2,-63,127,1.0,4.5,1.5
1783001829377,2026-07-02 16:17:09.377,C3:00:00:63:4D:05,-56,127,1.0,4.5,1.5
1783001829379,2026-07-02 16:17:09.379,C3:00:00:63:4D:0D,-50,127,1.0,4.5,1.5
1783001829396,2026-07-02 16:17:09.396,C3:00:00:63:4D:08,-49,127,1.0,4.5,1.5
1783001829425,2026-07-02 16:17:09.425,C3:00:00:63:4D:07,-62,127,1.0,4.5,1.5
1783001829433,2026-07-02 16:17:09.433,C3:00:00:63:4D:04,-73,127,1.0,4.5,1.5
1783001829467,2026-07-02 16:17:09.467,C3:00:00:63:4C:D2,-55,127,1.0,4.5,1.5
1783001829471,2026-07-02 16:17:09.471,C3:00:00:63:4D:09,-61,127,1.0,4.5,1.5
1783001829483,2026-07-02 16:17:09.483,C3:00:00:63:4D:0A,-62,127,1.0,4.5,1.5
1783001829485,2026-07-02 16:17:09.485,C3:00:00:63:4C:D2,-55,127,1.0,4.5,1.5
1783001829488,2026-07-02 16:17:09.488,C3:00:00:63:4D:0D,-50,127,1.0,4.5,1.5
1783001829490,2026-07-02 16:17:09.490,C3:00:00:63:4D:08,-54,127,1.0,4.5,1.5
1783001829498,2026-07-02 16:17:09.498,C3:00:00:63:4D:05,-62,127,1.0,4.5,1.5
1783001829544,2026-07-02 16:17:09.544,C3:00:00:63:4D:04,-63,127,1.0,4.5,1.5
1783001829550,2026-07-02 16:17:09.550,C3:00:00:63:4D:07,-61,127,1.0,4.5,1.5
1783001829569,2026-07-02 16:17:09.569,C3:00:00:63:4D:0A,-60,127,1.0,4.5,1.5
1783001829587,2026-07-02 16:17:09.587,C3:00:00:63:4D:09,-59,127,1.0,4.5,1.5
1783001829589,2026-07-02 16:17:09.589,C3:00:00:63:4D:0D,-49,127,1.0,4.5,1.5
1783001829591,2026-07-02 16:17:09.591,C3:00:00:63:4D:05,-55,127,1.0,4.5,1.5
1783001829598,2026-07-02 16:17:09.598,C3:00:00:63:4D:08,-52,127,1.0,4.5,1.5
1783001829604,2026-07-02 16:17:09.604,C3:00:00:63:4D:07,-60,127,1.0,4.5,1.5
1783001829657,2026-07-02 16:17:09.657,C3:00:00:63:4D:07,-62,127,1.0,4.5,1.5
1783001829680,2026-07-02 16:17:09.680,C3:00:00:63:4D:0D,-50,127,1.0,4.5,1.5
1783001829686,2026-07-02 16:17:09.686,C3:00:00:63:4D:0A,-62,127,1.0,4.5,1.5
1783001829706,2026-07-02 16:17:09.706,C3:00:00:63:4D:09,-62,127,1.0,4.5,1.5
1783001829708,2026-07-02 16:17:09.708,C3:00:00:63:4D:0D,-50,127,1.0,4.5,1.5
1783001829710,2026-07-02 16:17:09.710,C3:00:00:63:4D:04,-55,127,1.0,4.5,1.5
1783001829717,2026-07-02 16:17:09.717,C3:00:00:63:4C:D2,-63,127,1.0,4.5,1.5
1783001829719,2026-07-02 16:17:09.719,C3:00:00:63:4D:08,-49,127,1.0,4.5,1.5
1783001829723,2026-07-02 16:17:09.723,C3:00:00:63:4D:05,-62,127,1.0,4.5,1.5
1783001829763,2026-07-02 16:17:09.763,C3:00:00:63:4D:04,-72,127,1.0,4.5,1.5
1783001829809,2026-07-02 16:17:09.809,C3:00:00:63:4D:09,-61,127,1.0,4.5,1.5
1783001829821,2026-07-02 16:17:09.821,C3:00:00:63:4C:D2,-64,127,1.0,4.5,1.5
1783001829841,2026-07-02 16:17:09.841,C3:00:00:63:4D:08,-52,127,1.0,4.5,1.5
1783001829845,2026-07-02 16:17:09.845,C3:00:00:63:4D:05,-55,127,1.0,4.5,1.5
1783001829868,2026-07-02 16:17:09.868,C3:00:00:63:4D:0A,-61,127,1.0,4.5,1.5
1783001829873,2026-07-02 16:17:09.873,C3:00:00:63:4D:04,-63,127,1.0,4.5,1.5
1783001829890,2026-07-02 16:17:09.890,C3:00:00:63:4D:07,-61,127,1.0,4.5,1.5
1783001829901,2026-07-02 16:17:09.901,C3:00:00:63:4D:0D,-49,127,1.0,4.5,1.5
1783001829924,2026-07-02 16:17:09.924,C3:00:00:63:4D:09,-62,127,1.0,4.5,1.5
1783001829928,2026-07-02 16:17:09.928,C3:00:00:63:4D:08,-49,127,1.0,4.5,1.5
1783001829932,2026-07-02 16:17:09.932,C3:00:00:63:4C:D2,-63,127,1.0,4.5,1.5
1783001829947,2026-07-02 16:17:09.947,C3:00:00:63:4D:05,-56,127,1.0,4.5,1.5
1783001829972,2026-07-02 16:17:09.972,C3:00:00:63:4D:0A,-60,127,1.0,4.5,1.5
1783001829978,2026-07-02 16:17:09.978,C3:00:00:63:4D:04,-55,127,1.0,4.5,1.5
1783001829995,2026-07-02 16:17:09.995,C3:00:00:63:4D:07,-62,127,1.0,4.5,1.5
1783001830035,2026-07-02 16:17:10.035,C3:00:00:63:4D:08,-54,127,1.0,4.5,1.5
1783001830041,2026-07-02 16:17:10.041,C3:00:00:63:4D:09,-61,127,1.0,4.5,1.5
1783001830058,2026-07-02 16:17:10.058,C3:00:00:63:4C:D2,-55,127,1.0,4.5,1.5
1783001830062,2026-07-02 16:17:10.062,C3:00:00:63:4D:05,-62,127,1.0,4.5,1.5
1783001830068,2026-07-02 16:17:10.068,C3:00:00:63:4D:0A,-62,127,1.0,4.5,1.5
1783001830096,2026-07-02 16:17:10.096,C3:00:00:63:4D:04,-72,127,1.0,4.5,1.5
1783001830109,2026-07-02 16:17:10.109,C3:00:00:63:4D:0D,-50,127,1.0,4.5,1.5
1783001830143,2026-07-02 16:17:10.143,C3:00:00:63:4D:08,-52,127,1.0,4.5,1.5
1783001830162,2026-07-02 16:17:10.162,C3:00:00:63:4D:0A,-60,127,1.0,4.5,1.5
1783001830179,2026-07-02 16:17:10.179,C3:00:00:63:4C:D2,-64,127,1.0,4.5,1.5
1783001830181,2026-07-02 16:17:10.181,C3:00:00:63:4D:07,-61,127,1.0,4.5,1.5
1783001830194,2026-07-02 16:17:10.194,C3:00:00:63:4D:04,-63,127,1.0,4.5,1.5
1783001830214,2026-07-02 16:17:10.214,C3:00:00:63:4D:0D,-49,127,1.0,4.5,1.5
1783001830233,2026-07-02 16:17:10.233,C3:00:00:63:4D:07,-62,127,1.0,4.5,1.5
1783001830258,2026-07-02 16:17:10.258,C3:00:00:63:4D:08,-49,127,1.0,4.5,1.5
1783001830264,2026-07-02 16:17:10.264,C3:00:00:63:4D:09,-61,127,1.0,4.5,1.5
1783001830267,2026-07-02 16:17:10.267,C3:00:00:63:4D:0A,-60,127,1.0,4.5,1.5
1783001830282,2026-07-02 16:17:10.282,C3:00:00:63:4C:D2,-63,127,1.0,4.5,1.5
1783001830292,2026-07-02 16:17:10.292,C3:00:00:63:4D:05,-56,127,1.0,4.5,1.5
1783001830322,2026-07-02 16:17:10.322,C3:00:00:63:4D:04,-55,127,1.0,4.5,1.5
1783001830326,2026-07-02 16:17:10.326,C3:00:00:63:4D:0D,-50,127,1.0,4.5,1.5
1783001830345,2026-07-02 16:17:10.345,C3:00:00:63:4D:07,-61,127,1.0,4.5,1.5
1783001830357,2026-07-02 16:17:10.357,C3:00:00:63:4C:D2,-55,127,1.0,4.5,1.5
1783001830372,2026-07-02 16:17:10.372,C3:00:00:63:4D:0A,-62,127,1.0,4.5,1.5
1783001830402,2026-07-02 16:17:10.402,C3:00:00:63:4C:D2,-55,127,1.0,4.5,1.5
1783001830417,2026-07-02 16:17:10.417,C3:00:00:63:4D:05,-62,127,1.0,4.5,1.5
1783001830435,2026-07-02 16:17:10.435,C3:00:00:63:4D:0D,-49,127,1.0,4.5,1.5
1783001830462,2026-07-02 16:17:10.462,C3:00:00:63:4D:07,-61,127,1.0,4.5,1.5
1783001830469,2026-07-02 16:17:10.469,C3:00:00:63:4D:0A,-60,127,1.0,4.5,1.5
1783001830491,2026-07-02 16:17:10.491,C3:00:00:63:4D:09,-59,127,1.0,4.5,1.5
1783001830498,2026-07-02 16:17:10.498,C3:00:00:63:4D:08,-52,127,1.0,4.5,1.5
1783001830523,2026-07-02 16:17:10.523,C3:00:00:63:4C:D2,-63,127,1.0,4.5,1.5
1783001830528,2026-07-02 16:17:10.528,C3:00:00:63:4D:04,-55,127,1.0,4.5,1.5
1783001830539,2026-07-02 16:17:10.539,C3:00:00:63:4D:0D,-50,127,1.0,4.5,1.5
1783001830569,2026-07-02 16:17:10.569,C3:00:00:63:4D:0A,-61,127,1.0,4.5,1.5
1783001830606,2026-07-02 16:17:10.606,C3:00:00:63:4D:09,-62,127,1.0,4.5,1.5
1783001830632,2026-07-02 16:17:10.632,C3:00:00:63:4C:D2,-55,127,1.0,4.5,1.5
1783001830639,2026-07-02 16:17:10.639,C3:00:00:63:4D:05,-62,127,1.0,4.5,1.5
1783001830644,2026-07-02 16:17:10.644,C3:00:00:63:4D:0D,-50,127,1.0,4.5,1.5
1783001830649,2026-07-02 16:17:10.649,C3:00:00:63:4D:09,-62,127,1.0,4.5,1.5
1783001830670,2026-07-02 16:17:10.670,C3:00:00:63:4D:0A,-62,127,1.0,4.5,1.5
1783001830688,2026-07-02 16:17:10.688,C3:00:00:63:4D:08,-55,127,1.0,4.5,1.5
1783001830715,2026-07-02 16:17:10.715,C3:00:00:63:4D:08,-54,127,1.0,4.5,1.5
1783001830727,2026-07-02 16:17:10.727,C3:00:00:63:4D:09,-59,127,1.0,4.5,1.5
1783001830740,2026-07-02 16:17:10.740,C3:00:00:63:4D:0D,-48,127,1.0,4.5,1.5
1783001830742,2026-07-02 16:17:10.742,C3:00:00:63:4D:04,-63,127,1.0,4.5,1.5
1783001830744,2026-07-02 16:17:10.744,C3:00:00:63:4D:09,-67,127,1.0,4.5,1.5
1783001830760,2026-07-02 16:17:10.760,C3:00:00:63:4D:0A,-60,127,1.0,4.5,1.5
1783001830801,2026-07-02 16:17:10.801,C3:00:00:63:4D:08,-53,127,1.0,4.5,1.5
1783001830835,2026-07-02 16:17:10.835,C3:00:00:63:4D:09,-61,127,1.0,4.5,1.5
1783001830853,2026-07-02 16:17:10.853,C3:00:00:63:4D:0D,-50,127,1.0,4.5,1.5
1783001830867,2026-07-02 16:17:10.867,C3:00:00:63:4D:04,-55,127,1.0,4.5,1.5
1783001830869,2026-07-02 16:17:10.869,C3:00:00:63:4C:D2,-63,127,1.0,4.5,1.5
1783001830918,2026-07-02 16:17:10.918,C3:00:00:63:4D:08,-49,127,1.0,4.5,1.5
1783001830940,2026-07-02 16:17:10.940,C3:00:00:63:4D:07,-62,127,1.0,4.5,1.5
1783001830942,2026-07-02 16:17:10.942,C3:00:00:63:4D:07,-62,127,1.0,4.5,1.5
1783001830948,2026-07-02 16:17:10.948,C3:00:00:63:4D:0D,-50,127,1.0,4.5,1.5
1783001830957,2026-07-02 16:17:10.957,C3:00:00:63:4D:09,-61,127,1.0,4.5,1.5
1783001830964,2026-07-02 16:17:10.964,C3:00:00:63:4D:05,-62,127,1.0,4.5,1.5
1783001830967,2026-07-02 16:17:10.967,C3:00:00:63:4D:04,-72,127,1.0,4.5,1.5
1783001830972,2026-07-02 16:17:10.972,C3:00:00:63:4D:0D,-50,127,1.0,4.5,1.5
1783001830974,2026-07-02 16:17:10.974,C3:00:00:63:4C:D2,-55,127,1.0,4.5,1.5
1783001830979,2026-07-02 16:17:10.979,C3:00:00:63:4D:05,-62,127,1.0,4.5,1.5
1783001831022,2026-07-02 16:17:11.022,C3:00:00:63:4D:08,-51,127,1.0,4.5,1.5
1783001831040,2026-07-02 16:17:11.040,C3:00:00:63:4D:07,-61,127,1.0,4.5,1.5
1783001831069,2026-07-02 16:17:11.069,C3:00:00:63:4D:09,-59,127,1.0,4.5,1.5
1783001831074,2026-07-02 16:17:11.074,C3:00:00:63:4D:0A,-60,127,1.0,4.5,1.5
1783001831076,2026-07-02 16:17:11.076,C3:00:00:63:4D:04,-63,127,1.0,4.5,1.5
1783001831084,2026-07-02 16:17:11.084,C3:00:00:63:4C:D2,-64,127,1.0,4.5,1.5
1783001831125,2026-07-02 16:17:11.125,C3:00:00:63:4D:08,-49,127,1.0,4.5,1.5
1783001831148,2026-07-02 16:17:11.148,C3:00:00:63:4D:07,-63,127,1.0,4.5,1.5
1783001831167,2026-07-02 16:17:11.167,C3:00:00:63:4D:0D,-50,127,1.0,4.5,1.5
1783001831174,2026-07-02 16:17:11.174,C3:00:00:63:4D:0A,-60,127,1.0,4.5,1.5
1783001831189,2026-07-02 16:17:11.189,C3:00:00:63:4D:09,-61,127,1.0,4.5,1.5
1783001831191,2026-07-02 16:17:11.191,C3:00:00:63:4D:04,-55,127,1.0,4.5,1.5
1783001831203,2026-07-02 16:17:11.203,C3:00:00:63:4C:D2,-61,127,1.0,4.5,1.5
1783001831208,2026-07-02 16:17:11.208,C3:00:00:63:4D:05,-56,127,1.0,4.5,1.5
1783001831241,2026-07-02 16:17:11.241,C3:00:00:63:4D:08,-54,127,1.0,4.5,1.5
1783001831268,2026-07-02 16:17:11.268,C3:00:00:63:4D:0A,-62,127,1.0,4.5,1.5
1783001831273,2026-07-02 16:17:11.273,C3:00:00:63:4D:0D,-51,127,1.0,4.5,1.5
1783001831289,2026-07-02 16:17:11.289,C3:00:00:63:4D:04,-87,127,1.0,4.5,1.5
1783001831296,2026-07-02 16:17:11.296,C3:00:00:63:4D:09,-59,127,1.0,4.5,1.5
1783001831321,2026-07-02 16:17:11.321,C3:00:00:63:4D:04,-72,127,1.0,4.5,1.5
1783001831325,2026-07-02 16:17:11.325,C3:00:00:63:4C:D2,-55,127,1.0,4.5,1.5
1783001831327,2026-07-02 16:17:11.327,C3:00:00:63:4D:05,-55,127,1.0,4.5,1.5
1783001831343,2026-07-02 16:17:11.343,C3:00:00:63:4D:08,-52,127,1.0,4.5,1.5
1783001831368,2026-07-02 16:17:11.368,C3:00:00:63:4D:0A,-60,127,1.0,4.5,1.5
1783001831379,2026-07-02 16:17:11.379,C3:00:00:63:4D:0D,-49,127,1.0,4.5,1.5
1783001831383,2026-07-02 16:17:11.383,C3:00:00:63:4D:07,-60,127,1.0,4.5,1.5
1783001831431,2026-07-02 16:17:11.431,C3:00:00:63:4D:0A,-60,127,1.0,4.5,1.5
1783001831437,2026-07-02 16:17:11.437,C3:00:00:63:4D:05,-56,127,1.0,4.5,1.5
1783001831454,2026-07-02 16:17:11.454,C3:00:00:63:4D:08,-49,127,1.0,4.5,1.5
1783001831465,2026-07-02 16:17:11.465,C3:00:00:63:4D:0A,-60,127,1.0,4.5,1.5
1783001831478,2026-07-02 16:17:11.478,C3:00:00:63:4C:D2,-63,127,1.0,4.5,1.5
1783001831480,2026-07-02 16:17:11.480,C3:00:00:63:4D:0D,-50,127,1.0,4.5,1.5
1783001831492,2026-07-02 16:17:11.492,C3:00:00:63:4C:D2,-63,127,1.0,4.5,1.5
1783001831506,2026-07-02 16:17:11.506,C3:00:00:63:4D:07,-62,127,1.0,4.5,1.5
1783001831509,2026-07-02 16:17:11.509,C3:00:00:63:4D:04,-55,127,1.0,4.5,1.5
1783001831515,2026-07-02 16:17:11.515,C3:00:00:63:4D:05,-56,127,1.0,4.5,1.5
1783001831523,2026-07-02 16:17:11.523,C3:00:00:63:4D:09,-61,127,1.0,4.5,1.5
1783001831546,2026-07-02 16:17:11.546,C3:00:00:63:4C:D2,-55,127,1.0,4.5,1.5
1783001831556,2026-07-02 16:17:11.556,C3:00:00:63:4D:05,-62,127,1.0,4.5,1.5
1783001831564,2026-07-02 16:17:11.564,C3:00:00:63:4D:08,-54,127,1.0,4.5,1.5
1783001831571,2026-07-02 16:17:11.571,C3:00:00:63:4D:0A,-62,127,1.0,4.5,1.5
1783001831581,2026-07-02 16:17:11.581,C3:00:00:63:4D:0D,-50,127,1.0,4.5,1.5
1783001831617,2026-07-02 16:17:11.617,C3:00:00:63:4D:07,-61,127,1.0,4.5,1.5
1783001831619,2026-07-02 16:17:11.619,C3:00:00:63:4D:04,-63,127,1.0,4.5,1.5
1783001831633,2026-07-02 16:17:11.633,C3:00:00:63:4D:09,-59,127,1.0,4.5,1.5
1783001831668,2026-07-02 16:17:11.668,C3:00:00:63:4D:05,-55,127,1.0,4.5,1.5
1783001831673,2026-07-02 16:17:11.673,C3:00:00:63:4D:08,-52,127,1.0,4.5,1.5
1783001831679,2026-07-02 16:17:11.679,C3:00:00:63:4D:0D,-49,127,1.0,4.5,1.5
1783001831685,2026-07-02 16:17:11.685,C3:00:00:63:4D:04,-63,127,1.0,4.5,1.5
1783001831697,2026-07-02 16:17:11.697,C3:00:00:63:4D:0A,-61,127,1.0,4.5,1.5
1783001831698,2026-07-02 16:17:11.698,C3:00:00:63:4D:0D,-49,127,1.0,4.5,1.5
1783001831714,2026-07-02 16:17:11.714,C3:00:00:63:4D:04,-63,127,1.0,4.5,1.5
1783001831724,2026-07-02 16:17:11.724,C3:00:00:63:4D:07,-62,127,1.0,4.5,1.5
1783001831744,2026-07-02 16:17:11.744,C3:00:00:63:4D:09,-62,127,1.0,4.5,1.5
1783001831764,2026-07-02 16:17:11.764,C3:00:00:63:4D:0A,-61,127,1.0,4.5,1.5
1783001831781,2026-07-02 16:17:11.781,C3:00:00:63:4D:08,-49,127,1.0,4.5,1.5
1783001831790,2026-07-02 16:17:11.790,C3:00:00:63:4D:0D,-50,127,1.0,4.5,1.5
1783001831839,2026-07-02 16:17:11.839,C3:00:00:63:4D:04,-72,127,1.0,4.5,1.5
1783001831863,2026-07-02 16:17:11.863,C3:00:00:63:4D:09,-61,127,1.0,4.5,1.5
1783001831897,2026-07-02 16:17:11.897,C3:00:00:63:4D:08,-54,127,1.0,4.5,1.5
1783001831902,2026-07-02 16:17:11.902,C3:00:00:63:4D:05,-62,127,1.0,4.5,1.5
1783001831908,2026-07-02 16:17:11.908,C3:00:00:63:4D:0D,-50,127,1.0,4.5,1.5
1783001831945,2026-07-02 16:17:11.945,C3:00:00:63:4D:04,-63,127,1.0,4.5,1.5
1783001831972,2026-07-02 16:17:11.972,C3:00:00:63:4D:07,-61,127,1.0,4.5,1.5
1783001831975,2026-07-02 16:17:11.975,C3:00:00:63:4D:0A,-60,127,1.0,4.5,1.5
1783001831976,2026-07-02 16:17:11.976,C3:00:00:63:4D:09,-59,127,1.0,4.5,1.5
1783001831992,2026-07-02 16:17:11.992,C3:00:00:63:4D:08,-52,127,1.0,4.5,1.5
1783001831996,2026-07-02 16:17:11.996,C3:00:00:63:4D:0D,-49,127,1.0,4.5,1.5
1783001832010,2026-07-02 16:17:12.010,C3:00:00:63:4D:05,-55,127,1.0,4.5,1.5
1783001832056,2026-07-02 16:17:12.056,C3:00:00:63:4D:04,-55,127,1.0,4.5,1.5
1783001832063,2026-07-02 16:17:12.063,C3:00:00:63:4D:0A,-60,127,1.0,4.5,1.5
1783001832084,2026-07-02 16:17:12.084,C3:00:00:63:4D:07,-62,127,1.0,4.5,1.5
1783001832092,2026-07-02 16:17:12.092,C3:00:00:63:4D:09,-62,127,1.0,4.5,1.5
1783001832125,2026-07-02 16:17:12.125,C3:00:00:63:4C:D2,-54,127,1.0,4.5,1.5
1783001832130,2026-07-02 16:17:12.130,C3:00:00:63:4D:05,-60,127,1.0,4.5,1.5
1783001832163,2026-07-02 16:17:12.163,C3:00:00:63:4D:04,-76,127,1.0,4.5,1.5
1783001832166,2026-07-02 16:17:12.166,C3:00:00:63:4D:0A,-62,127,1.0,4.5,1.5
1783001832181,2026-07-02 16:17:12.181,C3:00:00:63:4D:07,-60,127,1.0,4.5,1.5
1783001832201,2026-07-02 16:17:12.201,C3:00:00:63:4D:09,-59,127,1.0,4.5,1.5
1783001832222,2026-07-02 16:17:12.222,C3:00:00:63:4D:08,-51,127,1.0,4.5,1.5
1783001832247,2026-07-02 16:17:12.247,C3:00:00:63:4C:D2,-64,127,1.0,4.5,1.5
1783001832252,2026-07-02 16:17:12.252,C3:00:00:63:4D:05,-55,127,1.0,4.5,1.5
1783001832261,2026-07-02 16:17:12.261,C3:00:00:63:4D:0A,-61,127,1.0,4.5,1.5
1783001832266,2026-07-02 16:17:12.266,C3:00:00:63:4D:04,-63,127,1.0,4.5,1.5
1783001832300,2026-07-02 16:17:12.300,C3:00:00:63:4D:07,-61,127,1.0,4.5,1.5
1783001832312,2026-07-02 16:17:12.312,C3:00:00:63:4D:0D,-49,127,1.0,4.5,1.5
1783001832322,2026-07-02 16:17:12.322,C3:00:00:63:4D:08,-48,127,1.0,4.5,1.5
1783001832354,2026-07-02 16:17:12.354,C3:00:00:63:4C:D2,-63,127,1.0,4.5,1.5
1783001832361,2026-07-02 16:17:12.361,C3:00:00:63:4D:05,-56,127,1.0,4.5,1.5
1783001832381,2026-07-02 16:17:12.381,C3:00:00:63:4D:04,-55,127,1.0,4.5,1.5
1783001832414,2026-07-02 16:17:12.414,C3:00:00:63:4D:07,-62,127,1.0,4.5,1.5
1783001832422,2026-07-02 16:17:12.422,C3:00:00:63:4D:0D,-50,127,1.0,4.5,1.5
1783001832431,2026-07-02 16:17:12.431,C3:00:00:63:4D:09,-61,127,1.0,4.5,1.5
1783001832440,2026-07-02 16:17:12.440,C3:00:00:63:4D:08,-54,127,1.0,4.5,1.5
1783001832475,2026-07-02 16:17:12.475,C3:00:00:63:4D:05,-62,127,1.0,4.5,1.5
1783001832493,2026-07-02 16:17:12.493,C3:00:00:63:4D:04,-72,127,1.0,4.5,1.5
1783001832528,2026-07-02 16:17:12.528,C3:00:00:63:4D:0D,-49,127,1.0,4.5,1.5
1783001832563,2026-07-02 16:17:12.563,C3:00:00:63:4D:0A,-60,127,1.0,4.5,1.5
1783001832584,2026-07-02 16:17:12.584,C3:00:00:63:4C:D2,-64,127,1.0,4.5,1.5
1783001832594,2026-07-02 16:17:12.594,C3:00:00:63:4D:04,-63,127,1.0,4.5,1.5
1783001832615,2026-07-02 16:17:12.615,C3:00:00:63:4D:0A,-68,127,1.0,4.5,1.5
1783001832629,2026-07-02 16:17:12.629,C3:00:00:63:4D:0D,-51,127,1.0,4.5,1.5
1783001832653,2026-07-02 16:17:12.653,C3:00:00:63:4D:08,-49,127,1.0,4.5,1.5
1783001832662,2026-07-02 16:17:12.662,C3:00:00:63:4D:09,-62,127,1.0,4.5,1.5
1783001832671,2026-07-02 16:17:12.671,C3:00:00:63:4D:0A,-60,127,1.0,4.5,1.5
1783001832697,2026-07-02 16:17:12.697,C3:00:00:63:4C:D2,-63,127,1.0,4.5,1.5
1783001832711,2026-07-02 16:17:12.711,C3:00:00:63:4D:0D,-50,127,1.0,4.5,1.5
1783001832714,2026-07-02 16:17:12.714,C3:00:00:63:4D:05,-56,127,1.0,4.5,1.5
1783001832723,2026-07-02 16:17:12.723,C3:00:00:63:4D:08,-49,127,1.0,4.5,1.5
1783001832737,2026-07-02 16:17:12.737,C3:00:00:63:4D:0D,-50,127,1.0,4.5,1.5
1783001832766,2026-07-02 16:17:12.766,C3:00:00:63:4D:08,-54,127,1.0,4.5,1.5
1783001832770,2026-07-02 16:17:12.770,C3:00:00:63:4D:0A,-62,127,1.0,4.5,1.5
1783001832775,2026-07-02 16:17:12.775,C3:00:00:63:4D:09,-61,127,1.0,4.5,1.5
1783001832818,2026-07-02 16:17:12.818,C3:00:00:63:4C:D2,-64,127,1.0,4.5,1.5
1783001832846,2026-07-02 16:17:12.846,C3:00:00:63:4D:0D,-58,127,1.0,4.5,1.5
1783001832854,2026-07-02 16:17:12.854,C3:00:00:63:4D:0D,-49,127,1.0,4.5,1.5
1783001832863,2026-07-02 16:17:12.863,C3:00:00:63:4D:0A,-60,127,1.0,4.5,1.5
1783001832887,2026-07-02 16:17:12.887,C3:00:00:63:4D:09,-59,127,1.0,4.5,1.5
1783001832905,2026-07-02 16:17:12.905,C3:00:00:63:4D:08,-52,127,1.0,4.5,1.5
1783001832924,2026-07-02 16:17:12.924,C3:00:00:63:4D:07,-63,127,1.0,4.5,1.5
1783001832929,2026-07-02 16:17:12.929,C3:00:00:63:4D:04,-55,127,1.0,4.5,1.5
1783001832935,2026-07-02 16:17:12.935,C3:00:00:63:4D:05,-56,127,1.0,4.5,1.5
1783001832949,2026-07-02 16:17:12.949,C3:00:00:63:4D:0D,-51,127,1.0,4.5,1.5
1783001832955,2026-07-02 16:17:12.955,C3:00:00:63:4D:05,-55,127,1.0,4.5,1.5
1783001832965,2026-07-02 16:17:12.965,C3:00:00:63:4D:0A,-60,127,1.0,4.5,1.5
1783001832972,2026-07-02 16:17:12.972,C3:00:00:63:4D:0D,-50,127,1.0,4.5,1.5
1783001832986,2026-07-02 16:17:12.986,C3:00:00:63:4D:08,-49,127,1.0,4.5,1.5
1783001832989,2026-07-02 16:17:12.989,C3:00:00:63:4D:07,-62,127,1.0,4.5,1.5
1783001832996,2026-07-02 16:17:12.996,C3:00:00:63:4D:09,-61,127,1.0,4.5,1.5
1783001833030,2026-07-02 16:17:13.030,C3:00:00:63:4D:04,-72,127,1.0,4.5,1.5
1783001833068,2026-07-02 16:17:13.068,C3:00:00:63:4D:0A,-62,127,1.0,4.5,1.5
1783001833070,2026-07-02 16:17:13.070,C3:00:00:63:4D:05,-62,127,1.0,4.5,1.5
1783001833093,2026-07-02 16:17:13.093,C3:00:00:63:4D:08,-54,127,1.0,4.5,1.5
1783001833114,2026-07-02 16:17:13.114,C3:00:00:63:4D:07,-61,127,1.0,4.5,1.5
1783001833116,2026-07-02 16:17:13.116,C3:00:00:63:4D:09,-61,127,1.0,4.5,1.5
1783001833142,2026-07-02 16:17:13.142,C3:00:00:63:4D:04,-63,127,1.0,4.5,1.5
1783001833158,2026-07-02 16:17:13.158,C3:00:00:63:4D:0D,-49,127,1.0,4.5,1.5
1783001833163,2026-07-02 16:17:13.163,C3:00:00:63:4C:D2,-64,127,1.0,4.5,1.5
1783001833170,2026-07-02 16:17:13.170,C3:00:00:63:4D:05,-55,127,1.0,4.5,1.5
1783001833172,2026-07-02 16:17:13.172,C3:00:00:63:4D:0A,-60,127,1.0,4.5,1.5
1783001833221,2026-07-02 16:17:13.221,C3:00:00:63:4D:07,-62,127,1.0,4.5,1.5
1783001833229,2026-07-02 16:17:13.229,C3:00:00:63:4D:09,-61,127,1.0,4.5,1.5
1783001833251,2026-07-02 16:17:13.251,C3:00:00:63:4D:04,-55,127,1.0,4.5,1.5
1783001833259,2026-07-02 16:17:13.259,C3:00:00:63:4D:0D,-50,127,1.0,4.5,1.5
1783001833263,2026-07-02 16:17:13.263,C3:00:00:63:4D:0A,-57,127,1.0,4.5,1.5
1783001833273,2026-07-02 16:17:13.273,C3:00:00:63:4C:D2,-63,127,1.0,4.5,1.5
1783001833280,2026-07-02 16:17:13.280,C3:00:00:63:4D:05,-56,127,1.0,4.5,1.5
1783001833304,2026-07-02 16:17:13.304,C3:00:00:63:4D:09,-62,127,1.0,4.5,1.5
1783001833335,2026-07-02 16:17:13.335,C3:00:00:63:4D:07,-61,127,1.0,4.5,1.5
1783001833345,2026-07-02 16:17:13.345,C3:00:00:63:4D:09,-61,127,1.0,4.5,1.5
1783001833368,2026-07-02 16:17:13.368,C3:00:00:63:4D:04,-72,127,1.0,4.5,1.5
1783001833391,2026-07-02 16:17:13.391,C3:00:00:63:4C:D2,-53,127,1.0,4.5,1.5
1783001833414,2026-07-02 16:17:13.414,C3:00:00:63:4D:08,-54,127,1.0,4.5,1.5
1783001833431,2026-07-02 16:17:13.431,C3:00:00:63:4D:0A,-61,127,1.0,4.5,1.5
1783001833446,2026-07-02 16:17:13.446,C3:00:00:63:4D:07,-62,127,1.0,4.5,1.5
1783001833461,2026-07-02 16:17:13.461,C3:00:00:63:4D:09,-59,127,1.0,4.5,1.5
1783001833465,2026-07-02 16:17:13.465,C3:00:00:63:4D:04,-63,127,1.0,4.5,1.5
1783001833478,2026-07-02 16:17:13.478,C3:00:00:63:4C:D2,-64,127,1.0,4.5,1.5
1783001833510,2026-07-02 16:17:13.510,C3:00:00:63:4C:D2,-64,127,1.0,4.5,1.5
1783001833530,2026-07-02 16:17:13.530,C3:00:00:63:4D:08,-49,127,1.0,4.5,1.5
1783001833566,2026-07-02 16:17:13.566,C3:00:00:63:4D:07,-62,127,1.0,4.5,1.5
1783001833572,2026-07-02 16:17:13.572,C3:00:00:63:4D:0A,-60,127,1.0,4.5,1.5
1783001833577,2026-07-02 16:17:13.577,C3:00:00:63:4D:09,-62,127,1.0,4.5,1.5
1783001833581,2026-07-02 16:17:13.581,C3:00:00:63:4D:0D,-50,127,1.0,4.5,1.5
1783001833582,2026-07-02 16:17:13.582,C3:00:00:63:4D:04,-55,127,1.0,4.5,1.5
1783001833637,2026-07-02 16:17:13.637,C3:00:00:63:4D:08,-54,127,1.0,4.5,1.5
1783001833667,2026-07-02 16:17:13.667,C3:00:00:63:4D:0A,-62,127,1.0,4.5,1.5
1783001833674,2026-07-02 16:17:13.674,C3:00:00:63:4C:D2,-62,127,1.0,4.5,1.5
1783001833679,2026-07-02 16:17:13.679,C3:00:00:63:4D:07,-59,127,1.0,4.5,1.5
1783001833685,2026-07-02 16:17:13.685,C3:00:00:63:4D:09,-59,127,1.0,4.5,1.5
1783001833688,2026-07-02 16:17:13.688,C3:00:00:63:4D:0A,-63,127,1.0,4.5,1.5
1783001833695,2026-07-02 16:17:13.695,C3:00:00:63:4D:04,-76,127,1.0,4.5,1.5
1783001833704,2026-07-02 16:17:13.704,C3:00:00:63:4D:04,-76,127,1.0,4.5,1.5
1783001833725,2026-07-02 16:17:13.725,C3:00:00:63:4D:04,-64,127,1.0,4.5,1.5
1783001833741,2026-07-02 16:17:13.741,C3:00:00:63:4D:05,-55,127,1.0,4.5,1.5
1783001833746,2026-07-02 16:17:13.746,C3:00:00:63:4C:D2,-64,127,1.0,4.5,1.5
1783001833755,2026-07-02 16:17:13.755,C3:00:00:63:4D:08,-52,127,1.0,4.5,1.5
1783001833760,2026-07-02 16:17:13.760,C3:00:00:63:4D:0A,-61,127,1.0,4.5,1.5
1783001833779,2026-07-02 16:17:13.779,C3:00:00:63:4D:0D,-50,127,1.0,4.5,1.5
1783001833795,2026-07-02 16:17:13.795,C3:00:00:63:4D:09,-59,127,1.0,4.5,1.5
1783001833852,2026-07-02 16:17:13.852,C3:00:00:63:4C:D2,-61,127,1.0,4.5,1.5
1783001833875,2026-07-02 16:17:13.875,C3:00:00:63:4D:0A,-62,127,1.0,4.5,1.5
1783001833899,2026-07-02 16:17:13.899,C3:00:00:63:4D:0D,-50,127,1.0,4.5,1.5
1783001833908,2026-07-02 16:17:13.908,C3:00:00:63:4D:04,-55,127,1.0,4.5,1.5
1783001833913,2026-07-02 16:17:13.913,C3:00:00:63:4D:07,-63,127,1.0,4.5,1.5
1783001833920,2026-07-02 16:17:13.920,C3:00:00:63:4D:09,-62,127,1.0,4.5,1.5
1783001834001,2026-07-02 16:17:14.001,C3:00:00:63:4D:0D,-50,127,1.0,4.5,1.5
1783001834028,2026-07-02 16:17:14.028,C3:00:00:63:4D:04,-72,127,1.0,4.5,1.5
1783001834033,2026-07-02 16:17:14.033,C3:00:00:63:4D:09,-59,127,1.0,4.5,1.5
1783001834036,2026-07-02 16:17:14.036,C3:00:00:63:4D:07,-61,127,1.0,4.5,1.5
1783001834060,2026-07-02 16:17:14.060,C3:00:00:63:4D:0A,-60,127,1.0,4.5,1.5
1783001834072,2026-07-02 16:17:14.072,C3:00:00:63:4D:08,-51,127,1.0,4.5,1.5
1783001834080,2026-07-02 16:17:14.080,C3:00:00:63:4C:D2,-64,127,1.0,4.5,1.5
1783001834088,2026-07-02 16:17:14.088,C3:00:00:63:4D:05,-55,127,1.0,4.5,1.5
1783001834122,2026-07-02 16:17:14.122,C3:00:00:63:4D:04,-55,127,1.0,4.5,1.5
1783001834168,2026-07-02 16:17:14.168,C3:00:00:63:4D:0A,-60,127,1.0,4.5,1.5
1783001834181,2026-07-02 16:17:14.181,C3:00:00:63:4D:08,-49,127,1.0,4.5,1.5
1783001834199,2026-07-02 16:17:14.199,C3:00:00:63:4D:05,-56,127,1.0,4.5,1.5
1783001834204,2026-07-02 16:17:14.204,C3:00:00:63:4D:07,-63,127,1.0,4.5,1.5
1783001834212,2026-07-02 16:17:14.212,C3:00:00:63:4D:0D,-50,127,1.0,4.5,1.5
1783001834236,2026-07-02 16:17:14.236,C3:00:00:63:4D:04,-72,127,1.0,4.5,1.5
1783001834252,2026-07-02 16:17:14.252,C3:00:00:63:4D:07,-61,127,1.0,4.5,1.5
1783001834263,2026-07-02 16:17:14.263,C3:00:00:63:4D:0A,-62,127,1.0,4.5,1.5
1783001834294,2026-07-02 16:17:14.294,C3:00:00:63:4D:08,-54,127,1.0,4.5,1.5
1783001834323,2026-07-02 16:17:14.323,C3:00:00:63:4D:05,-62,127,1.0,4.5,1.5
1783001834328,2026-07-02 16:17:14.328,C3:00:00:63:4D:0D,-50,127,1.0,4.5,1.5
1783001834335,2026-07-02 16:17:14.335,C3:00:00:63:4D:04,-63,127,1.0,4.5,1.5
1783001834363,2026-07-02 16:17:14.363,C3:00:00:63:4C:D2,-64,127,1.0,4.5,1.5
1783001834402,2026-07-02 16:17:14.402,C3:00:00:63:4D:08,-52,127,1.0,4.5,1.5
1783001834423,2026-07-02 16:17:14.423,C3:00:00:63:4D:0D,-49,127,1.0,4.5,1.5
1783001834427,2026-07-02 16:17:14.427,C3:00:00:63:4C:D2,-63,127,1.0,4.5,1.5
1783001834447,2026-07-02 16:17:14.447,C3:00:00:63:4D:04,-55,127,1.0,4.5,1.5
1783001834484,2026-07-02 16:17:14.484,C3:00:00:63:4D:09,-62,127,1.0,4.5,1.5
1783001834491,2026-07-02 16:17:14.491,C3:00:00:63:4D:07,-62,127,1.0,4.5,1.5
1783001834502,2026-07-02 16:17:14.502,C3:00:00:63:4D:08,-56,127,1.0,4.5,1.5
1783001834522,2026-07-02 16:17:14.522,C3:00:00:63:4D:0D,-50,127,1.0,4.5,1.5
1783001834535,2026-07-02 16:17:14.535,C3:00:00:63:4D:08,-54,127,1.0,4.5,1.5
1783001834539,2026-07-02 16:17:14.539,C3:00:00:63:4C:D2,-55,127,1.0,4.5,1.5
1783001834551,2026-07-02 16:17:14.551,C3:00:00:63:4D:05,-62,127,1.0,4.5,1.5
1783001834560,2026-07-02 16:17:14.560,C3:00:00:63:4D:0A,-62,127,1.0,4.5,1.5
1783001834601,2026-07-02 16:17:14.601,C3:00:00:63:4D:07,-61,127,1.0,4.5,1.5
1783001834621,2026-07-02 16:17:14.621,C3:00:00:63:4D:08,-54,127,1.0,4.5,1.5
1783001834624,2026-07-02 16:17:14.624,C3:00:00:63:4D:0D,-49,127,1.0,4.5,1.5
1783001834640,2026-07-02 16:17:14.640,C3:00:00:63:4D:09,-60,127,1.0,4.5,1.5
1783001834648,2026-07-02 16:17:14.648,C3:00:00:63:4C:D2,-64,127,1.0,4.5,1.5
1783001834662,2026-07-02 16:17:14.662,C3:00:00:63:4D:05,-55,127,1.0,4.5,1.5
1783001834668,2026-07-02 16:17:14.668,C3:00:00:63:4D:0A,-60,127,1.0,4.5,1.5
1783001834703,2026-07-02 16:17:14.703,C3:00:00:63:4D:09,-59,127,1.0,4.5,1.5
1783001834718,2026-07-02 16:17:14.718,C3:00:00:63:4D:07,-61,127,1.0,4.5,1.5
1783001834721,2026-07-02 16:17:14.721,C3:00:00:63:4D:08,-49,127,1.0,4.5,1.5
1783001834727,2026-07-02 16:17:14.727,C3:00:00:63:4D:0D,-50,127,1.0,4.5,1.5
1783001834748,2026-07-02 16:17:14.748,C3:00:00:63:4D:08,-49,127,1.0,4.5,1.5
1783001834764,2026-07-02 16:17:14.764,C3:00:00:63:4D:0A,-60,127,1.0,4.5,1.5
1783001834769,2026-07-02 16:17:14.769,C3:00:00:63:4C:D2,-63,127,1.0,4.5,1.5
1783001834778,2026-07-02 16:17:14.778,C3:00:00:63:4D:04,-55,127,1.0,4.5,1.5
1783001834822,2026-07-02 16:17:14.822,C3:00:00:63:4D:09,-61,127,1.0,4.5,1.5
1783001834838,2026-07-02 16:17:14.838,C3:00:00:63:4D:07,-62,127,1.0,4.5,1.5
1783001834841,2026-07-02 16:17:14.841,C3:00:00:63:4D:08,-54,127,1.0,4.5,1.5
1783001834868,2026-07-02 16:17:14.868,C3:00:00:63:4D:0A,-62,127,1.0,4.5,1.5
1783001834888,2026-07-02 16:17:14.888,C3:00:00:63:4C:D2,-55,127,1.0,4.5,1.5
1783001834891,2026-07-02 16:17:14.891,C3:00:00:63:4D:05,-62,127,1.0,4.5,1.5
1783001834895,2026-07-02 16:17:14.895,C3:00:00:63:4D:04,-72,127,1.0,4.5,1.5
1783001834910,2026-07-02 16:17:14.910,C3:00:00:63:4D:08,-54,127,1.0,4.5,1.5
1783001834923,2026-07-02 16:17:14.923,C3:00:00:63:4D:07,-60,127,1.0,4.5,1.5
1783001834939,2026-07-02 16:17:14.939,C3:00:00:63:4D:0D,-49,127,1.0,4.5,1.5
1783001834945,2026-07-02 16:17:14.945,C3:00:00:63:4D:09,-59,127,1.0,4.5,1.5
1783001834954,2026-07-02 16:17:14.954,C3:00:00:63:4D:08,-52,127,1.0,4.5,1.5
1783001834960,2026-07-02 16:17:14.960,C3:00:00:63:4D:07,-61,127,1.0,4.5,1.5
1783001834961,2026-07-02 16:17:14.961,C3:00:00:63:4D:05,-55,127,1.0,4.5,1.5
1783001834967,2026-07-02 16:17:14.967,C3:00:00:63:4D:0A,-60,127,1.0,4.5,1.5
1783001834971,2026-07-02 16:17:14.971,C3:00:00:63:4D:0D,-49,127,1.0,4.5,1.5
1783001834992,2026-07-02 16:17:14.992,C3:00:00:63:4C:D2,-64,127,1.0,4.5,1.5
1783001834999,2026-07-02 16:17:14.999,C3:00:00:63:4D:05,-55,127,1.0,4.5,1.5
1783001835058,2026-07-02 16:17:15.058,C3:00:00:63:4D:08,-49,127,1.0,4.5,1.5
1783001835069,2026-07-02 16:17:15.069,C3:00:00:63:4D:0A,-60,127,1.0,4.5,1.5
1783001835103,2026-07-02 16:17:15.103,C3:00:00:63:4D:04,-55,127,1.0,4.5,1.5
1783001835111,2026-07-02 16:17:15.111,C3:00:00:63:4C:D2,-63,127,1.0,4.5,1.5
1783001835126,2026-07-02 16:17:15.126,C3:00:00:63:4D:05,-62,127,1.0,4.5,1.5
1783001835153,2026-07-02 16:17:15.153,C3:00:00:63:4D:0D,-50,127,1.0,4.5,1.5
1783001835159,2026-07-02 16:17:15.159,C3:00:00:63:4D:08,-54,127,1.0,4.5,1.5
1783001835171,2026-07-02 16:17:15.171,C3:00:00:63:4D:09,-61,127,1.0,4.5,1.5
1783001835175,2026-07-02 16:17:15.175,C3:00:00:63:4D:07,-62,127,1.0,4.5,1.5
1783001835219,2026-07-02 16:17:15.219,C3:00:00:63:4D:04,-63,127,1.0,4.5,1.5
1783001835225,2026-07-02 16:17:15.225,C3:00:00:63:4C:D2,-64,127,1.0,4.5,1.5
1783001835229,2026-07-02 16:17:15.229,C3:00:00:63:4D:05,-55,127,1.0,4.5,1.5
1783001835266,2026-07-02 16:17:15.266,C3:00:00:63:4D:0A,-60,127,1.0,4.5,1.5
1783001835268,2026-07-02 16:17:15.268,C3:00:00:63:4D:08,-52,127,1.0,4.5,1.5
1783001835278,2026-07-02 16:17:15.278,C3:00:00:63:4D:09,-59,127,1.0,4.5,1.5
1783001835287,2026-07-02 16:17:15.287,C3:00:00:63:4D:07,-60,127,1.0,4.5,1.5
1783001835315,2026-07-02 16:17:15.315,C3:00:00:63:4D:09,-59,127,1.0,4.5,1.5
1783001835344,2026-07-02 16:17:15.344,C3:00:00:63:4C:D2,-63,127,1.0,4.5,1.5
1783001835351,2026-07-02 16:17:15.351,C3:00:00:63:4D:05,-56,127,1.0,4.5,1.5
1783001835366,2026-07-02 16:17:15.366,C3:00:00:63:4D:0D,-50,127,1.0,4.5,1.5
1783001835380,2026-07-02 16:17:15.380,C3:00:00:63:4D:08,-49,127,1.0,4.5,1.5
1783001835387,2026-07-02 16:17:15.387,C3:00:00:63:4D:09,-62,127,1.0,4.5,1.5
1783001835403,2026-07-02 16:17:15.403,C3:00:00:63:4D:07,-62,127,1.0,4.5,1.5
1783001835434,2026-07-02 16:17:15.434,C3:00:00:63:4D:0A,-62,127,1.0,4.5,1.5
1783001835460,2026-07-02 16:17:15.460,C3:00:00:63:4C:D2,-55,127,1.0,4.5,1.5
1783001835476,2026-07-02 16:17:15.476,C3:00:00:63:4D:0A,-62,127,1.0,4.5,1.5
1783001835479,2026-07-02 16:17:15.479,C3:00:00:63:4D:0D,-50,127,1.0,4.5,1.5
1783001835484,2026-07-02 16:17:15.484,C3:00:00:63:4C:D2,-55,127,1.0,4.5,1.5
1783001835486,2026-07-02 16:17:15.486,C3:00:00:63:4D:08,-54,127,1.0,4.5,1.5
1783001835504,2026-07-02 16:17:15.504,C3:00:00:63:4C:D2,-55,127,1.0,4.5,1.5
1783001835525,2026-07-02 16:17:15.525,C3:00:00:63:4D:07,-62,127,1.0,4.5,1.5
1783001835537,2026-07-02 16:17:15.537,C3:00:00:63:4D:05,-55,127,1.0,4.5,1.5
1783001835546,2026-07-02 16:17:15.546,C3:00:00:63:4D:04,-63,127,1.0,4.5,1.5
1783001835571,2026-07-02 16:17:15.571,C3:00:00:63:4D:0D,-50,127,1.0,4.5,1.5
1783001835584,2026-07-02 16:17:15.584,C3:00:00:63:4D:05,-55,127,1.0,4.5,1.5
1783001835602,2026-07-02 16:17:15.602,C3:00:00:63:4D:08,-51,127,1.0,4.5,1.5
1783001835624,2026-07-02 16:17:15.624,C3:00:00:63:4D:09,-62,127,1.0,4.5,1.5
1783001835628,2026-07-02 16:17:15.628,C3:00:00:63:4D:07,-62,127,1.0,4.5,1.5
1783001835650,2026-07-02 16:17:15.650,C3:00:00:63:4D:07,-62,127,1.0,4.5,1.5
1783001835657,2026-07-02 16:17:15.657,C3:00:00:63:4D:04,-55,127,1.0,4.5,1.5
1783001835680,2026-07-02 16:17:15.680,C3:00:00:63:4D:0D,-51,127,1.0,4.5,1.5
1783001835692,2026-07-02 16:17:15.692,C3:00:00:63:4D:05,-56,127,1.0,4.5,1.5
1783001835735,2026-07-02 16:17:15.735,C3:00:00:63:4D:04,-76,127,1.0,4.5,1.5
1783001835743,2026-07-02 16:17:15.743,C3:00:00:63:4D:09,-59,127,1.0,4.5,1.5
1783001835761,2026-07-02 16:17:15.761,C3:00:00:63:4D:04,-76,127,1.0,4.5,1.5
1783001835774,2026-07-02 16:17:15.774,C3:00:00:63:4D:0D,-51,127,1.0,4.5,1.5
1783001835792,2026-07-02 16:17:15.792,C3:00:00:63:4D:09,-62,127,1.0,4.5,1.5
1783001835809,2026-07-02 16:17:15.809,C3:00:00:63:4C:D2,-55,127,1.0,4.5,1.5
1783001835813,2026-07-02 16:17:15.813,C3:00:00:63:4D:05,-62,127,1.0,4.5,1.5
1783001835864,2026-07-02 16:17:15.864,C3:00:00:63:4D:0A,-61,127,1.0,4.5,1.5
1783001835872,2026-07-02 16:17:15.872,C3:00:00:63:4D:07,-62,127,1.0,4.5,1.5
1783001835879,2026-07-02 16:17:15.879,C3:00:00:63:4D:04,-63,127,1.0,4.5,1.5
1783001835886,2026-07-02 16:17:15.886,C3:00:00:63:4D:05,-55,127,1.0,4.5,1.5
1783001835888,2026-07-02 16:17:15.888,C3:00:00:63:4D:0D,-50,127,1.0,4.5,1.5
1783001835911,2026-07-02 16:17:15.911,C3:00:00:63:4C:D2,-64,127,1.0,4.5,1.5
1783001835927,2026-07-02 16:17:15.927,C3:00:00:63:4D:05,-56,127,1.0,4.5,1.5
1783001835931,2026-07-02 16:17:15.931,C3:00:00:63:4D:08,-48,127,1.0,4.5,1.5
1783001835965,2026-07-02 16:17:15.965,C3:00:00:63:4D:0A,-61,127,1.0,4.5,1.5
1783001835970,2026-07-02 16:17:15.970,C3:00:00:63:4D:09,-62,127,1.0,4.5,1.5
1783001835976,2026-07-02 16:17:15.976,C3:00:00:63:4D:04,-55,127,1.0,4.5,1.5
1783001835982,2026-07-02 16:17:15.982,C3:00:00:63:4D:07,-62,127,1.0,4.5,1.5
1783001835989,2026-07-02 16:17:15.989,C3:00:00:63:4D:0D,-51,127,1.0,4.5,1.5
1783001836009,2026-07-02 16:17:16.009,C3:00:00:63:4D:07,-69,127,1.0,4.5,1.5
1783001836033,2026-07-02 16:17:16.033,C3:00:00:63:4D:08,-54,127,1.0,4.5,1.5
1783001836046,2026-07-02 16:17:16.046,C3:00:00:63:4C:D2,-54,127,1.0,4.5,1.5
1783001836056,2026-07-02 16:17:16.056,C3:00:00:63:4D:05,-60,127,1.0,4.5,1.5
1783001836083,2026-07-02 16:17:16.083,C3:00:00:63:4D:09,-59,127,1.0,4.5,1.5
1783001836087,2026-07-02 16:17:16.087,C3:00:00:63:4D:04,-76,127,1.0,4.5,1.5
1783001836094,2026-07-02 16:17:16.094,C3:00:00:63:4D:0D,-51,127,1.0,4.5,1.5
1783001836098,2026-07-02 16:17:16.098,C3:00:00:63:4D:07,-60,127,1.0,4.5,1.5
1783001836158,2026-07-02 16:17:16.158,C3:00:00:63:4C:D2,-64,127,1.0,4.5,1.5
1783001836168,2026-07-02 16:17:16.168,C3:00:00:63:4D:0A,-60,127,1.0,4.5,1.5
1783001836194,2026-07-02 16:17:16.194,C3:00:00:63:4D:09,-59,127,1.0,4.5,1.5
1783001836198,2026-07-02 16:17:16.198,C3:00:00:63:4D:04,-63,127,1.0,4.5,1.5
1783001836210,2026-07-02 16:17:16.210,C3:00:00:63:4D:07,-61,127,1.0,4.5,1.5
1783001836250,2026-07-02 16:17:16.250,C3:00:00:63:4D:08,-49,127,1.0,4.5,1.5
1783001836267,2026-07-02 16:17:16.267,C3:00:00:63:4C:D2,-63,127,1.0,4.5,1.5
1783001836273,2026-07-02 16:17:16.273,C3:00:00:63:4D:0A,-60,127,1.0,4.5,1.5
1783001836278,2026-07-02 16:17:16.278,C3:00:00:63:4D:05,-56,127,1.0,4.5,1.5
1783001836320,2026-07-02 16:17:16.320,C3:00:00:63:4D:07,-61,127,1.0,4.5,1.5
1783001836358,2026-07-02 16:17:16.358,C3:00:00:63:4D:08,-54,127,1.0,4.5,1.5
1783001836363,2026-07-02 16:17:16.363,C3:00:00:63:4D:0A,-62,127,1.0,4.5,1.5
1783001836375,2026-07-02 16:17:16.375,C3:00:00:63:4C:D2,-55,127,1.0,4.5,1.5
1783001836376,2026-07-02 16:17:16.376,C3:00:00:63:4D:05,-62,127,1.0,4.5,1.5
1783001836400,2026-07-02 16:17:16.400,C3:00:00:63:4C:D2,-55,127,1.0,4.5,1.5
1783001836417,2026-07-02 16:17:16.417,C3:00:00:63:4D:04,-72,127,1.0,4.5,1.5
1783001836438,2026-07-02 16:17:16.438,C3:00:00:63:4D:07,-61,127,1.0,4.5,1.5
1783001836468,2026-07-02 16:17:16.468,C3:00:00:63:4D:0A,-60,127,1.0,4.5,1.5
1783001836470,2026-07-02 16:17:16.470,C3:00:00:63:4D:08,-51,127,1.0,4.5,1.5
1783001836493,2026-07-02 16:17:16.493,C3:00:00:63:4C:D2,-64,127,1.0,4.5,1.5
1783001836501,2026-07-02 16:17:16.501,C3:00:00:63:4D:05,-55,127,1.0,4.5,1.5
1783001836535,2026-07-02 16:17:16.535,C3:00:00:63:4D:09,-62,127,1.0,4.5,1.5
1783001836566,2026-07-02 16:17:16.566,C3:00:00:63:4D:0A,-61,127,1.0,4.5,1.5
1783001836587,2026-07-02 16:17:16.587,C3:00:00:63:4D:08,-48,127,1.0,4.5,1.5
1783001836607,2026-07-02 16:17:16.607,C3:00:00:63:4D:0A,-69,127,1.0,4.5,1.5
1783001836613,2026-07-02 16:17:16.613,C3:00:00:63:4C:D2,-61,127,1.0,4.5,1.5
1783001836619,2026-07-02 16:17:16.619,C3:00:00:63:4D:05,-55,127,1.0,4.5,1.5
1783001836629,2026-07-02 16:17:16.629,C3:00:00:63:4D:0D,-51,127,1.0,4.5,1.5
1783001836643,2026-07-02 16:17:16.643,C3:00:00:63:4D:04,-76,127,1.0,4.5,1.5
1783001836645,2026-07-02 16:17:16.645,C3:00:00:63:4D:09,-60,127,1.0,4.5,1.5
1783001836660,2026-07-02 16:17:16.660,C3:00:00:63:4D:0A,-62,127,1.0,4.5,1.5
1783001836667,2026-07-02 16:17:16.667,C3:00:00:63:4D:09,-59,127,1.0,4.5,1.5
1783001836675,2026-07-02 16:17:16.675,C3:00:00:63:4D:07,-59,127,1.0,4.5,1.5
1783001836688,2026-07-02 16:17:16.688,C3:00:00:63:4D:08,-54,127,1.0,4.5,1.5
1783001836700,2026-07-02 16:17:16.700,C3:00:00:63:4D:0D,-51,127,1.0,4.5,1.5
1783001836731,2026-07-02 16:17:16.731,C3:00:00:63:4C:D2,-64,127,1.0,4.5,1.5
1783001836735,2026-07-02 16:17:16.735,C3:00:00:63:4D:04,-63,127,1.0,4.5,1.5
1783001836765,2026-07-02 16:17:16.765,C3:00:00:63:4D:0A,-60,127,1.0,4.5,1.5
1783001836775,2026-07-02 16:17:16.775,C3:00:00:63:4D:04,-64,127,1.0,4.5,1.5
1783001836789,2026-07-02 16:17:16.789,C3:00:00:63:4D:07,-62,127,1.0,4.5,1.5
1783001836797,2026-07-02 16:17:16.797,C3:00:00:63:4D:08,-51,127,1.0,4.5,1.5
1783001836828,2026-07-02 16:17:16.828,C3:00:00:63:4D:0D,-51,127,1.0,4.5,1.5
1783001836842,2026-07-02 16:17:16.842,C3:00:00:63:4C:D2,-61,127,1.0,4.5,1.5
1783001836858,2026-07-02 16:17:16.858,C3:00:00:63:4D:04,-55,127,1.0,4.5,1.5
1783001836876,2026-07-02 16:17:16.876,C3:00:00:63:4D:0A,-61,127,1.0,4.5,1.5
1783001836879,2026-07-02 16:17:16.879,C3:00:00:63:4D:09,-62,127,1.0,4.5,1.5
1783001836905,2026-07-02 16:17:16.905,C3:00:00:63:4D:07,-62,127,1.0,4.5,1.5
1783001836912,2026-07-02 16:17:16.912,C3:00:00:63:4D:08,-48,127,1.0,4.5,1.5
1783001836924,2026-07-02 16:17:16.924,C3:00:00:63:4D:08,-54,127,1.0,4.5,1.5
1783001836934,2026-07-02 16:17:16.934,C3:00:00:63:4D:07,-60,127,1.0,4.5,1.5
1783001836953,2026-07-02 16:17:16.953,C3:00:00:63:4D:05,-60,127,1.0,4.5,1.5
1783001836994,2026-07-02 16:17:16.994,C3:00:00:63:4D:09,-59,127,1.0,4.5,1.5
1783001837012,2026-07-02 16:17:17.012,C3:00:00:63:4D:08,-54,127,1.0,4.5,1.5
1783001837017,2026-07-02 16:17:17.017,C3:00:00:63:4D:07,-60,127,1.0,4.5,1.5
1783001837038,2026-07-02 16:17:17.038,C3:00:00:63:4D:0D,-50,127,1.0,4.5,1.5
1783001837052,2026-07-02 16:17:17.052,C3:00:00:63:4D:05,-62,127,1.0,4.5,1.5
1783001837066,2026-07-02 16:17:17.066,C3:00:00:63:4D:04,-63,127,1.0,4.5,1.5
1783001837105,2026-07-02 16:17:17.105,C3:00:00:63:4D:09,-59,127,1.0,4.5,1.5
1783001837118,2026-07-02 16:17:17.118,C3:00:00:63:4D:08,-48,127,1.0,4.5,1.5
1783001837136,2026-07-02 16:17:17.136,C3:00:00:63:4D:07,-62,127,1.0,4.5,1.5
1783001837150,2026-07-02 16:17:17.150,C3:00:00:63:4D:0D,-51,127,1.0,4.5,1.5
1783001837159,2026-07-02 16:17:17.159,C3:00:00:63:4D:0A,-61,127,1.0,4.5,1.5
1783001837224,2026-07-02 16:17:17.224,C3:00:00:63:4D:09,-59,127,1.0,4.5,1.5
1783001837253,2026-07-02 16:17:17.253,C3:00:00:63:4D:08,-54,127,1.0,4.5,1.5
1783001837256,2026-07-02 16:17:17.256,C3:00:00:63:4D:07,-59,127,1.0,4.5,1.5
1783001837259,2026-07-02 16:17:17.259,C3:00:00:63:4D:0D,-51,127,1.0,4.5,1.5
1783001837265,2026-07-02 16:17:17.265,C3:00:00:63:4D:0A,-62,127,1.0,4.5,1.5
1783001837289,2026-07-02 16:17:17.289,C3:00:00:63:4D:04,-76,127,1.0,4.5,1.5
1783001837300,2026-07-02 16:17:17.300,C3:00:00:63:4C:D2,-54,127,1.0,4.5,1.5
1783001837304,2026-07-02 16:17:17.304,C3:00:00:63:4D:05,-60,127,1.0,4.5,1.5
1783001837324,2026-07-02 16:17:17.324,C3:00:00:63:4D:09,-59,127,1.0,4.5,1.5
1783001837341,2026-07-02 16:17:17.341,C3:00:00:63:4D:08,-51,127,1.0,4.5,1.5
1783001837350,2026-07-02 16:17:17.350,C3:00:00:63:4D:09,-59,127,1.0,4.5,1.5
1783001837360,2026-07-02 16:17:17.360,C3:00:00:63:4D:0D,-50,127,1.0,4.5,1.5
1783001837367,2026-07-02 16:17:17.367,C3:00:00:63:4D:0A,-61,127,1.0,4.5,1.5
1783001837368,2026-07-02 16:17:17.368,C3:00:00:63:4D:07,-62,127,1.0,4.5,1.5
1783001837384,2026-07-02 16:17:17.384,C3:00:00:63:4D:04,-63,127,1.0,4.5,1.5
1783001837415,2026-07-02 16:17:17.415,C3:00:00:63:4C:D2,-64,127,1.0,4.5,1.5
1783001837421,2026-07-02 16:17:17.421,C3:00:00:63:4D:05,-56,127,1.0,4.5,1.5
1783001837433,2026-07-02 16:17:17.433,C3:00:00:63:4D:0A,-61,127,1.0,4.5,1.5
1783001837454,2026-07-02 16:17:17.454,C3:00:00:63:4D:09,-61,127,1.0,4.5,1.5
1783001837456,2026-07-02 16:17:17.456,C3:00:00:63:4D:08,-49,127,1.0,4.5,1.5
1783001837459,2026-07-02 16:17:17.459,C3:00:00:63:4D:0D,-50,127,1.0,4.5,1.5
1783001837473,2026-07-02 16:17:17.473,C3:00:00:63:4D:0A,-60,127,1.0,4.5,1.5
1783001837474,2026-07-02 16:17:17.474,C3:00:00:63:4D:07,-62,127,1.0,4.5,1.5
1783001837503,2026-07-02 16:17:17.503,C3:00:00:63:4D:04,-55,127,1.0,4.5,1.5
1783001837516,2026-07-02 16:17:17.516,C3:00:00:63:4C:D2,-63,127,1.0,4.5,1.5
1783001837524,2026-07-02 16:17:17.524,C3:00:00:63:4C:D2,-55,127,1.0,4.5,1.5
1783001837532,2026-07-02 16:17:17.532,C3:00:00:63:4D:05,-62,127,1.0,4.5,1.5
1783001837551,2026-07-02 16:17:17.551,C3:00:00:63:4D:05,-62,127,1.0,4.5,1.5
1783001837560,2026-07-02 16:17:17.560,C3:00:00:63:4D:08,-54,127,1.0,4.5,1.5
1783001837567,2026-07-02 16:17:17.567,C3:00:00:63:4D:09,-61,127,1.0,4.5,1.5
1783001837572,2026-07-02 16:17:17.572,C3:00:00:63:4D:0D,-50,127,1.0,4.5,1.5
1783001837657,2026-07-02 16:17:17.657,C3:00:00:63:4D:05,-55,127,1.0,4.5,1.5
1783001837663,2026-07-02 16:17:17.663,C3:00:00:63:4D:07,-61,127,1.0,4.5,1.5
1783001837671,2026-07-02 16:17:17.671,C3:00:00:63:4D:0A,-60,127,1.0,4.5,1.5
1783001837675,2026-07-02 16:17:17.675,C3:00:00:63:4D:09,-59,127,1.0,4.5,1.5
1783001837676,2026-07-02 16:17:17.676,C3:00:00:63:4C:D2,-72,127,1.0,4.5,1.5
1783001837690,2026-07-02 16:17:17.690,C3:00:00:63:4D:0A,-60,127,1.0,4.5,1.5
1783001837695,2026-07-02 16:17:17.695,C3:00:00:63:4D:0D,-49,127,1.0,4.5,1.5
1783001837716,2026-07-02 16:17:17.716,C3:00:00:63:4D:04,-63,127,1.0,4.5,1.5
1783001837738,2026-07-02 16:17:17.738,C3:00:00:63:4D:04,-55,127,1.0,4.5,1.5
1783001837758,2026-07-02 16:17:17.758,C3:00:00:63:4C:D2,-63,127,1.0,4.5,1.5
1783001837778,2026-07-02 16:17:17.778,C3:00:00:63:4D:08,-49,127,1.0,4.5,1.5
1783001837787,2026-07-02 16:17:17.787,C3:00:00:63:4D:0D,-50,127,1.0,4.5,1.5
1783001837792,2026-07-02 16:17:17.792,C3:00:00:63:4D:09,-62,127,1.0,4.5,1.5
1783001837822,2026-07-02 16:17:17.822,C3:00:00:63:4D:07,-61,127,1.0,4.5,1.5
1783001837841,2026-07-02 16:17:17.841,C3:00:00:63:4D:04,-72,127,1.0,4.5,1.5
1783001837862,2026-07-02 16:17:17.862,C3:00:00:63:4D:0A,-62,127,1.0,4.5,1.5
1783001837882,2026-07-02 16:17:17.882,C3:00:00:63:4D:05,-60,127,1.0,4.5,1.5
1783001837885,2026-07-02 16:17:17.885,C3:00:00:63:4D:08,-54,127,1.0,4.5,1.5
1783001837915,2026-07-02 16:17:17.915,C3:00:00:63:4D:09,-59,127,1.0,4.5,1.5
1783001837936,2026-07-02 16:17:17.936,C3:00:00:63:4D:07,-62,127,1.0,4.5,1.5
1783001837942,2026-07-02 16:17:17.942,C3:00:00:63:4D:04,-63,127,1.0,4.5,1.5
1783001837985,2026-07-02 16:17:17.985,C3:00:00:63:4D:0D,-50,127,1.0,4.5,1.5
1783001837989,2026-07-02 16:17:17.989,C3:00:00:63:4D:05,-55,127,1.0,4.5,1.5
1783001837998,2026-07-02 16:17:17.998,C3:00:00:63:4D:08,-51,127,1.0,4.5,1.5
1783001838020,2026-07-02 16:17:18.020,C3:00:00:63:4D:09,-58,127,1.0,4.5,1.5
1783001838045,2026-07-02 16:17:18.045,C3:00:00:63:4D:04,-55,127,1.0,4.5,1.5
1783001838051,2026-07-02 16:17:18.051,C3:00:00:63:4D:07,-62,127,1.0,4.5,1.5
1783001838062,2026-07-02 16:17:18.062,C3:00:00:63:4D:0A,-60,127,1.0,4.5,1.5
1783001838096,2026-07-02 16:17:18.096,C3:00:00:63:4D:0D,-50,127,1.0,4.5,1.5
1783001838099,2026-07-02 16:17:18.099,C3:00:00:63:4C:D2,-63,127,1.0,4.5,1.5
1783001838107,2026-07-02 16:17:18.107,C3:00:00:63:4D:08,-49,127,1.0,4.5,1.5
1783001838135,2026-07-02 16:17:18.135,C3:00:00:63:4D:09,-61,127,1.0,4.5,1.5
1783001838157,2026-07-02 16:17:18.157,C3:00:00:63:4D:04,-72,127,1.0,4.5,1.5
1783001838178,2026-07-02 16:17:18.178,C3:00:00:63:4D:07,-61,127,1.0,4.5,1.5
1783001838185,2026-07-02 16:17:18.185,C3:00:00:63:4D:0A,-62,127,1.0,4.5,1.5
1783001838212,2026-07-02 16:17:18.212,C3:00:00:63:4D:07,-61,127,1.0,4.5,1.5
1783001838217,2026-07-02 16:17:18.217,C3:00:00:63:4D:08,-54,127,1.0,4.5,1.5
1783001838219,2026-07-02 16:17:18.219,C3:00:00:63:4C:D2,-64,127,1.0,4.5,1.5
1783001838221,2026-07-02 16:17:18.221,C3:00:00:63:4D:05,-55,127,1.0,4.5,1.5
1783001838239,2026-07-02 16:17:18.239,C3:00:00:63:4D:09,-59,127,1.0,4.5,1.5
1783001838269,2026-07-02 16:17:18.269,C3:00:00:63:4D:04,-63,127,1.0,4.5,1.5
1783001838323,2026-07-02 16:17:18.323,C3:00:00:63:4D:08,-49,127,1.0,4.5,1.5
1783001838328,2026-07-02 16:17:18.328,C3:00:00:63:4C:D2,-63,127,1.0,4.5,1.5
1783001838337,2026-07-02 16:17:18.337,C3:00:00:63:4D:05,-56,127,1.0,4.5,1.5
1783001838365,2026-07-02 16:17:18.365,C3:00:00:63:4D:0A,-60,127,1.0,4.5,1.5
1783001838371,2026-07-02 16:17:18.371,C3:00:00:63:4D:04,-55,127,1.0,4.5,1.5
1783001838391,2026-07-02 16:17:18.391,C3:00:00:63:4D:07,-62,127,1.0,4.5,1.5
1783001838407,2026-07-02 16:17:18.407,C3:00:00:63:4D:0D,-50,127,1.0,4.5,1.5
1783001838430,2026-07-02 16:17:18.430,C3:00:00:63:4D:08,-54,127,1.0,4.5,1.5
1783001838445,2026-07-02 16:17:18.445,C3:00:00:63:4C:D2,-55,127,1.0,4.5,1.5
1783001838453,2026-07-02 16:17:18.453,C3:00:00:63:4D:05,-62,127,1.0,4.5,1.5
1783001838464,2026-07-02 16:17:18.464,C3:00:00:63:4D:0A,-62,127,1.0,4.5,1.5
1783001838473,2026-07-02 16:17:18.473,C3:00:00:63:4D:09,-61,127,1.0,4.5,1.5
1783001838482,2026-07-02 16:17:18.482,C3:00:00:63:4D:08,-54,127,1.0,4.5,1.5
1783001838486,2026-07-02 16:17:18.486,C3:00:00:63:4D:04,-73,127,1.0,4.5,1.5
1783001838495,2026-07-02 16:17:18.495,C3:00:00:63:4D:08,-62,127,1.0,4.5,1.5
1783001838520,2026-07-02 16:17:18.520,C3:00:00:63:4D:0D,-50,127,1.0,4.5,1.5
1783001838541,2026-07-02 16:17:18.541,C3:00:00:63:4D:08,-52,127,1.0,4.5,1.5
1783001838560,2026-07-02 16:17:18.560,C3:00:00:63:4C:D2,-64,127,1.0,4.5,1.5
1783001838580,2026-07-02 16:17:18.580,C3:00:00:63:4D:0A,-60,127,1.0,4.5,1.5
1783001838583,2026-07-02 16:17:18.583,C3:00:00:63:4D:05,-55,127,1.0,4.5,1.5
1783001838586,2026-07-02 16:17:18.586,C3:00:00:63:4D:09,-59,127,1.0,4.5,1.5
1783001838590,2026-07-02 16:17:18.590,C3:00:00:63:4D:04,-63,127,1.0,4.5,1.5
1783001838615,2026-07-02 16:17:18.615,C3:00:00:63:4D:0D,-50,127,1.0,4.5,1.5
1783001838620,2026-07-02 16:17:18.620,C3:00:00:63:4D:07,-62,127,1.0,4.5,1.5
1783001838654,2026-07-02 16:17:18.654,C3:00:00:63:4D:08,-49,127,1.0,4.5,1.5
1783001838682,2026-07-02 16:17:18.682,C3:00:00:63:4D:0A,-60,127,1.0,4.5,1.5
1783001838685,2026-07-02 16:17:18.685,C3:00:00:63:4D:05,-56,127,1.0,4.5,1.5
1783001838701,2026-07-02 16:17:18.701,C3:00:00:63:4D:09,-62,127,1.0,4.5,1.5
1783001838718,2026-07-02 16:17:18.718,C3:00:00:63:4D:08,-54,127,1.0,4.5,1.5
1783001838722,2026-07-02 16:17:18.722,C3:00:00:63:4D:0D,-50,127,1.0,4.5,1.5
1783001838744,2026-07-02 16:17:18.744,C3:00:00:63:4D:07,-61,127,1.0,4.5,1.5
1783001838757,2026-07-02 16:17:18.757,C3:00:00:63:4D:08,-54,127,1.0,4.5,1.5
1783001838761,2026-07-02 16:17:18.761,C3:00:00:63:4D:0A,-62,127,1.0,4.5,1.5
1783001838798,2026-07-02 16:17:18.798,C3:00:00:63:4D:05,-62,127,1.0,4.5,1.5
1783001838824,2026-07-02 16:17:18.824,C3:00:00:63:4D:04,-72,127,1.0,4.5,1.5
1783001838828,2026-07-02 16:17:18.828,C3:00:00:63:4D:09,-61,127,1.0,4.5,1.5
1783001838830,2026-07-02 16:17:18.830,C3:00:00:63:4D:0D,-49,127,1.0,4.5,1.5
1783001838856,2026-07-02 16:17:18.856,C3:00:00:63:4D:07,-61,127,1.0,4.5,1.5
1783001838861,2026-07-02 16:17:18.861,C3:00:00:63:4D:0A,-60,127,1.0,4.5,1.5
1783001838867,2026-07-02 16:17:18.867,C3:00:00:63:4D:08,-52,127,1.0,4.5,1.5
1783001838907,2026-07-02 16:17:18.907,C3:00:00:63:4C:D2,-64,127,1.0,4.5,1.5
1783001838913,2026-07-02 16:17:18.913,C3:00:00:63:4D:05,-55,127,1.0,4.5,1.5
1783001838921,2026-07-02 16:17:18.921,C3:00:00:63:4D:04,-55,127,1.0,4.5,1.5
1783001838936,2026-07-02 16:17:18.936,C3:00:00:63:4D:07,-62,127,1.0,4.5,1.5
1783001838942,2026-07-02 16:17:18.942,C3:00:00:63:4D:08,-48,127,1.0,4.5,1.5
1783001838956,2026-07-02 16:17:18.956,C3:00:00:63:4D:05,-56,127,1.0,4.5,1.5
1783001838980,2026-07-02 16:17:18.980,C3:00:00:63:4D:08,-49,127,1.0,4.5,1.5
1783001838988,2026-07-02 16:17:18.988,C3:00:00:63:4D:0D,-50,127,1.0,4.5,1.5
1783001839030,2026-07-02 16:17:19.030,C3:00:00:63:4D:04,-72,127,1.0,4.5,1.5
1783001839039,2026-07-02 16:17:19.039,C3:00:00:63:4D:05,-62,127,1.0,4.5,1.5
1783001839044,2026-07-02 16:17:19.044,C3:00:00:63:4D:0D,-50,127,1.0,4.5,1.5
1783001839048,2026-07-02 16:17:19.048,C3:00:00:63:4D:09,-61,127,1.0,4.5,1.5
1783001839135,2026-07-02 16:17:19.135,C3:00:00:63:4D:04,-63,127,1.0,4.5,1.5
1783001839140,2026-07-02 16:17:19.140,C3:00:00:63:4C:D2,-64,127,1.0,4.5,1.5
1783001839145,2026-07-02 16:17:19.145,C3:00:00:63:4D:0D,-49,127,1.0,4.5,1.5
1783001839152,2026-07-02 16:17:19.152,C3:00:00:63:4D:05,-55,127,1.0,4.5,1.5
1783001839160,2026-07-02 16:17:19.160,C3:00:00:63:4D:09,-59,127,1.0,4.5,1.5
1783001839165,2026-07-02 16:17:19.165,C3:00:00:63:4D:0A,-61,127,1.0,4.5,1.5
1783001839188,2026-07-02 16:17:19.188,C3:00:00:63:4D:08,-52,127,1.0,4.5,1.5
1783001839197,2026-07-02 16:17:19.197,C3:00:00:63:4D:07,-61,127,1.0,4.5,1.5
1783001839244,2026-07-02 16:17:19.244,C3:00:00:63:4D:0D,-50,127,1.0,4.5,1.5
1783001839251,2026-07-02 16:17:19.251,C3:00:00:63:4D:04,-55,127,1.0,4.5,1.5
1783001839257,2026-07-02 16:17:19.257,C3:00:00:63:4C:D2,-63,127,1.0,4.5,1.5
1783001839266,2026-07-02 16:17:19.266,C3:00:00:63:4D:05,-56,127,1.0,4.5,1.5
1783001839277,2026-07-02 16:17:19.277,C3:00:00:63:4D:0A,-60,127,1.0,4.5,1.5
1783001839281,2026-07-02 16:17:19.281,C3:00:00:63:4D:09,-61,127,1.0,4.5,1.5
1783001839290,2026-07-02 16:17:19.290,C3:00:00:63:4D:04,-62,127,1.0,4.5,1.5
1783001839297,2026-07-02 16:17:19.297,C3:00:00:63:4D:08,-49,127,1.0,4.5,1.5
1783001839305,2026-07-02 16:17:19.305,C3:00:00:63:4D:07,-62,127,1.0,4.5,1.5
1783001839330,2026-07-02 16:17:19.330,C3:00:00:63:4D:09,-61,127,1.0,4.5,1.5
1783001839349,2026-07-02 16:17:19.349,C3:00:00:63:4D:0D,-50,127,1.0,4.5,1.5
1783001839370,2026-07-02 16:17:19.370,C3:00:00:63:4D:04,-72,127,1.0,4.5,1.5
1783001839372,2026-07-02 16:17:19.372,C3:00:00:63:4D:0A,-62,127,1.0,4.5,1.5
1783001839375,2026-07-02 16:17:19.375,C3:00:00:63:4C:D2,-55,127,1.0,4.5,1.5
1783001839379,2026-07-02 16:17:19.379,C3:00:00:63:4D:05,-62,127,1.0,4.5,1.5
1783001839409,2026-07-02 16:17:19.409,C3:00:00:63:4D:08,-54,127,1.0,4.5,1.5
1783001839437,2026-07-02 16:17:19.437,C3:00:00:63:4D:07,-62,127,1.0,4.5,1.5
1783001839443,2026-07-02 16:17:19.443,C3:00:00:63:4D:0A,-62,127,1.0,4.5,1.5
1783001839467,2026-07-02 16:17:19.467,C3:00:00:63:4D:0D,-50,127,1.0,4.5,1.5
1783001839469,2026-07-02 16:17:19.469,C3:00:00:63:4D:04,-63,127,1.0,4.5,1.5
1783001839493,2026-07-02 16:17:19.493,C3:00:00:63:4D:09,-58,127,1.0,4.5,1.5
1783001839518,2026-07-02 16:17:19.518,C3:00:00:63:4C:D2,-64,127,1.0,4.5,1.5
1783001839534,2026-07-02 16:17:19.534,C3:00:00:63:4D:08,-48,127,1.0,4.5,1.5
1783001839543,2026-07-02 16:17:19.543,C3:00:00:63:4C:D2,-61,127,1.0,4.5,1.5
1783001839546,2026-07-02 16:17:19.546,C3:00:00:63:4D:07,-62,127,1.0,4.5,1.5
1783001839568,2026-07-02 16:17:19.568,C3:00:00:63:4D:04,-55,127,1.0,4.5,1.5
1783001839570,2026-07-02 16:17:19.570,C3:00:00:63:4D:05,-56,127,1.0,4.5,1.5
1783001839602,2026-07-02 16:17:19.602,C3:00:00:63:4D:05,-56,127,1.0,4.5,1.5
1783001839617,2026-07-02 16:17:19.617,C3:00:00:63:4D:09,-62,127,1.0,4.5,1.5
1783001839636,2026-07-02 16:17:19.636,C3:00:00:63:4D:08,-54,127,1.0,4.5,1.5
1783001839662,2026-07-02 16:17:19.662,C3:00:00:63:4D:0A,-62,127,1.0,4.5,1.5
1783001839665,2026-07-02 16:17:19.665,C3:00:00:63:4D:07,-61,127,1.0,4.5,1.5
1783001839683,2026-07-02 16:17:19.683,C3:00:00:63:4D:04,-73,127,1.0,4.5,1.5
1783001839688,2026-07-02 16:17:19.688,C3:00:00:63:4D:07,-62,127,1.0,4.5,1.5
1783001839706,2026-07-02 16:17:19.706,C3:00:00:63:4D:0D,-50,127,1.0,4.5,1.5
1783001839721,2026-07-02 16:17:19.721,C3:00:00:63:4D:04,-64,127,1.0,4.5,1.5
1783001839734,2026-07-02 16:17:19.734,C3:00:00:63:4D:08,-52,127,1.0,4.5,1.5
1783001839746,2026-07-02 16:17:19.746,C3:00:00:63:4D:04,-63,127,1.0,4.5,1.5
1783001839764,2026-07-02 16:17:19.764,C3:00:00:63:4D:0A,-60,127,1.0,4.5,1.5
1783001839774,2026-07-02 16:17:19.774,C3:00:00:63:4D:0D,-49,127,1.0,4.5,1.5
1783001839785,2026-07-02 16:17:19.785,C3:00:00:63:4D:07,-61,127,1.0,4.5,1.5
1783001839798,2026-07-02 16:17:19.798,C3:00:00:63:4D:04,-63,127,1.0,4.5,1.5
1783001839801,2026-07-02 16:17:19.801,C3:00:00:63:4D:09,-59,127,1.0,4.5,1.5
1783001839831,2026-07-02 16:17:19.831,C3:00:00:63:4D:05,-56,127,1.0,4.5,1.5
1783001839836,2026-07-02 16:17:19.836,C3:00:00:63:4D:09,-61,127,1.0,4.5,1.5
1783001839848,2026-07-02 16:17:19.848,C3:00:00:63:4D:08,-49,127,1.0,4.5,1.5
1783001839868,2026-07-02 16:17:19.868,C3:00:00:63:4D:0A,-60,127,1.0,4.5,1.5
1783001839879,2026-07-02 16:17:19.879,C3:00:00:63:4D:0D,-50,127,1.0,4.5,1.5
1783001839908,2026-07-02 16:17:19.908,C3:00:00:63:4D:05,-56,127,1.0,4.5,1.5
1783001839910,2026-07-02 16:17:19.910,C3:00:00:63:4D:04,-55,127,1.0,4.5,1.5
1783001839951,2026-07-02 16:17:19.951,C3:00:00:63:4D:09,-61,127,1.0,4.5,1.5
1783001839979,2026-07-02 16:17:19.979,C3:00:00:63:4D:0D,-50,127,1.0,4.5,1.5
1783001840010,2026-07-02 16:17:20.010,C3:00:00:63:4D:07,-62,127,1.0,4.5,1.5
1783001840031,2026-07-02 16:17:20.031,C3:00:00:63:4D:07,-68,127,1.0,4.5,1.5
1783001840054,2026-07-02 16:17:20.054,C3:00:00:63:4C:D2,-64,127,1.0,4.5,1.5
1783001840065,2026-07-02 16:17:20.065,C3:00:00:63:4D:08,-52,127,1.0,4.5,1.5
1783001840125,2026-07-02 16:17:20.125,C3:00:00:63:4D:04,-55,127,1.0,4.5,1.5
1783001840167,2026-07-02 16:17:20.167,C3:00:00:63:4D:0A,-60,127,1.0,4.5,1.5
1783001840174,2026-07-02 16:17:20.174,C3:00:00:63:4D:08,-49,127,1.0,4.5,1.5
1783001840178,2026-07-02 16:17:20.178,C3:00:00:63:4C:D2,-63,127,1.0,4.5,1.5
1783001840187,2026-07-02 16:17:20.187,C3:00:00:63:4D:09,-62,127,1.0,4.5,1.5
1783001840193,2026-07-02 16:17:20.193,C3:00:00:63:4D:05,-55,127,1.0,4.5,1.5
1783001840199,2026-07-02 16:17:20.199,C3:00:00:63:4D:0D,-50,127,1.0,4.5,1.5
1783001840227,2026-07-02 16:17:20.227,C3:00:00:63:4D:04,-72,127,1.0,4.5,1.5
1783001840239,2026-07-02 16:17:20.239,C3:00:00:63:4D:07,-62,127,1.0,4.5,1.5
1783001840265,2026-07-02 16:17:20.265,C3:00:00:63:4D:0A,-62,127,1.0,4.5,1.5
1783001840288,2026-07-02 16:17:20.288,C3:00:00:63:4C:D2,-55,127,1.0,4.5,1.5
1783001840294,2026-07-02 16:17:20.294,C3:00:00:63:4D:05,-62,127,1.0,4.5,1.5
1783001840298,2026-07-02 16:17:20.298,C3:00:00:63:4D:0D,-50,127,1.0,4.5,1.5
1783001840303,2026-07-02 16:17:20.303,C3:00:00:63:4D:09,-61,127,1.0,4.5,1.5
1783001840337,2026-07-02 16:17:20.337,C3:00:00:63:4D:04,-63,127,1.0,4.5,1.5
1783001840380,2026-07-02 16:17:20.380,C3:00:00:63:4C:D2,-64,127,1.0,4.5,1.5
1783001840402,2026-07-02 16:17:20.402,C3:00:00:63:4C:D2,-64,127,1.0,4.5,1.5
1783001840407,2026-07-02 16:17:20.407,C3:00:00:63:4D:09,-59,127,1.0,4.5,1.5
1783001840408,2026-07-02 16:17:20.408,C3:00:00:63:4D:05,-55,127,1.0,4.5,1.5
1783001840448,2026-07-02 16:17:20.448,C3:00:00:63:4D:04,-55,127,1.0,4.5,1.5
1783001840464,2026-07-02 16:17:20.464,C3:00:00:63:4D:0A,-62,127,1.0,4.5,1.5
1783001840500,2026-07-02 16:17:20.500,C3:00:00:63:4D:08,-48,127,1.0,4.5,1.5
1783001840523,2026-07-02 16:17:20.523,C3:00:00:63:4C:D2,-55,127,1.0,4.5,1.5
1783001840529,2026-07-02 16:17:20.529,C3:00:00:63:4D:05,-60,127,1.0,4.5,1.5
1783001840533,2026-07-02 16:17:20.533,C3:00:00:63:4D:09,-59,127,1.0,4.5,1.5
1783001840554,2026-07-02 16:17:20.554,C3:00:00:63:4D:04,-76,127,1.0,4.5,1.5
1783001840586,2026-07-02 16:17:20.586,C3:00:00:63:4D:07,-60,127,1.0,4.5,1.5
1783001840592,2026-07-02 16:17:20.592,C3:00:00:63:4D:0A,-62,127,1.0,4.5,1.5
1783001840608,2026-07-02 16:17:20.608,C3:00:00:63:4D:0D,-50,127,1.0,4.5,1.5
1783001840612,2026-07-02 16:17:20.612,C3:00:00:63:4D:08,-54,127,1.0,4.5,1.5
1783001840633,2026-07-02 16:17:20.633,C3:00:00:63:4C:D2,-64,127,1.0,4.5,1.5
1783001840640,2026-07-02 16:17:20.640,C3:00:00:63:4D:09,-58,127,1.0,4.5,1.5
1783001840660,2026-07-02 16:17:20.660,C3:00:00:63:4D:09,-59,127,1.0,4.5,1.5
1783001840667,2026-07-02 16:17:20.667,C3:00:00:63:4D:04,-63,127,1.0,4.5,1.5
1783001840698,2026-07-02 16:17:20.698,C3:00:00:63:4D:07,-62,127,1.0,4.5,1.5
1783001840705,2026-07-02 16:17:20.705,C3:00:00:63:4D:0D,-50,127,1.0,4.5,1.5
1783001840720,2026-07-02 16:17:20.720,C3:00:00:63:4D:08,-48,127,1.0,4.5,1.5
1783001840727,2026-07-02 16:17:20.727,C3:00:00:63:4D:0D,-51,127,1.0,4.5,1.5
1783001840736,2026-07-02 16:17:20.736,C3:00:00:63:4D:08,-48,127,1.0,4.5,1.5
1783001840744,2026-07-02 16:17:20.744,C3:00:00:63:4C:D2,-61,127,1.0,4.5,1.5
1783001840749,2026-07-02 16:17:20.749,C3:00:00:63:4D:09,-62,127,1.0,4.5,1.5
1783001840753,2026-07-02 16:17:20.753,C3:00:00:63:4D:05,-55,127,1.0,4.5,1.5
1783001840759,2026-07-02 16:17:20.759,C3:00:00:63:4D:0A,-62,127,1.0,4.5,1.5
1783001840768,2026-07-02 16:17:20.768,C3:00:00:63:4D:04,-55,127,1.0,4.5,1.5
1783001840789,2026-07-02 16:17:20.789,C3:00:00:63:4D:04,-55,127,1.0,4.5,1.5
1783001840814,2026-07-02 16:17:20.814,C3:00:00:63:4D:07,-62,127,1.0,4.5,1.5
1783001840820,2026-07-02 16:17:20.820,C3:00:00:63:4D:0D,-51,127,1.0,4.5,1.5
1783001840822,2026-07-02 16:17:20.822,C3:00:00:63:4D:08,-54,127,1.0,4.5,1.5
1783001840857,2026-07-02 16:17:20.857,C3:00:00:63:4D:0D,-59,127,1.0,4.5,1.5
1783001840884,2026-07-02 16:17:20.884,C3:00:00:63:4D:04,-76,127,1.0,4.5,1.5
1783001840930,2026-07-02 16:17:20.930,C3:00:00:63:4D:07,-61,127,1.0,4.5,1.5
1783001840936,2026-07-02 16:17:20.936,C3:00:00:63:4D:0D,-49,127,1.0,4.5,1.5
1783001840945,2026-07-02 16:17:20.945,C3:00:00:63:4D:07,-61,127,1.0,4.5,1.5
1783001840955,2026-07-02 16:17:20.955,C3:00:00:63:4D:08,-52,127,1.0,4.5,1.5
1783001840963,2026-07-02 16:17:20.963,C3:00:00:63:4D:0A,-61,127,1.0,4.5,1.5
1783001840976,2026-07-02 16:17:20.976,C3:00:00:63:4C:D2,-64,127,1.0,4.5,1.5
1783001840979,2026-07-02 16:17:20.979,C3:00:00:63:4D:09,-59,127,1.0,4.5,1.5
1783001840988,2026-07-02 16:17:20.988,C3:00:00:63:4D:0D,-49,127,1.0,4.5,1.5
1783001841031,2026-07-02 16:17:21.031,C3:00:00:63:4D:0D,-50,127,1.0,4.5,1.5
1783001841046,2026-07-02 16:17:21.046,C3:00:00:63:4D:07,-62,127,1.0,4.5,1.5
1783001841049,2026-07-02 16:17:21.049,C3:00:00:63:4D:08,-49,127,1.0,4.5,1.5
1783001841060,2026-07-02 16:17:21.060,C3:00:00:63:4D:0A,-60,127,1.0,4.5,1.5
1783001841064,2026-07-02 16:17:21.064,C3:00:00:63:4D:05,-63,127,1.0,4.5,1.5
1783001841098,2026-07-02 16:17:21.098,C3:00:00:63:4C:D2,-63,127,1.0,4.5,1.5
1783001841103,2026-07-02 16:17:21.103,C3:00:00:63:4D:05,-56,127,1.0,4.5,1.5
1783001841157,2026-07-02 16:17:21.157,C3:00:00:63:4D:07,-62,127,1.0,4.5,1.5
1783001841163,2026-07-02 16:17:21.163,C3:00:00:63:4D:08,-54,127,1.0,4.5,1.5
1783001841172,2026-07-02 16:17:21.172,C3:00:00:63:4D:0A,-62,127,1.0,4.5,1.5
1783001841207,2026-07-02 16:17:21.207,C3:00:00:63:4D:04,-73,127,1.0,4.5,1.5
1783001841212,2026-07-02 16:17:21.212,C3:00:00:63:4C:D2,-55,127,1.0,4.5,1.5
1783001841215,2026-07-02 16:17:21.215,C3:00:00:63:4D:09,-61,127,1.0,4.5,1.5
1783001841242,2026-07-02 16:17:21.242,C3:00:00:63:4D:0D,-49,127,1.0,4.5,1.5
1783001841264,2026-07-02 16:17:21.264,C3:00:00:63:4D:08,-52,127,1.0,4.5,1.5
1783001841267,2026-07-02 16:17:21.267,C3:00:00:63:4D:0A,-60,127,1.0,4.5,1.5
1783001841314,2026-07-02 16:17:21.314,C3:00:00:63:4D:04,-63,127,1.0,4.5,1.5
1783001841326,2026-07-02 16:17:21.326,C3:00:00:63:4D:05,-56,127,1.0,4.5,1.5
1783001841348,2026-07-02 16:17:21.348,C3:00:00:63:4D:09,-63,127,1.0,4.5,1.5
1783001841350,2026-07-02 16:17:21.350,C3:00:00:63:4D:0D,-50,127,1.0,4.5,1.5
1783001841377,2026-07-02 16:17:21.377,C3:00:00:63:4D:08,-49,127,1.0,4.5,1.5
1783001841384,2026-07-02 16:17:21.384,C3:00:00:63:4D:07,-62,127,1.0,4.5,1.5
1783001841429,2026-07-02 16:17:21.429,C3:00:00:63:4D:04,-73,127,1.0,4.5,1.5
1783001841435,2026-07-02 16:17:21.435,C3:00:00:63:4D:09,-61,127,1.0,4.5,1.5
1783001841439,2026-07-02 16:17:21.439,C3:00:00:63:4C:D2,-55,127,1.0,4.5,1.5
1783001841450,2026-07-02 16:17:21.450,C3:00:00:63:4D:05,-62,127,1.0,4.5,1.5
1783001841457,2026-07-02 16:17:21.457,C3:00:00:63:4D:0D,-50,127,1.0,4.5,1.5
1783001841468,2026-07-02 16:17:21.468,C3:00:00:63:4D:0A,-62,127,1.0,4.5,1.5
1783001841478,2026-07-02 16:17:21.478,C3:00:00:63:4D:08,-54,127,1.0,4.5,1.5
1783001841499,2026-07-02 16:17:21.499,C3:00:00:63:4D:07,-61,127,1.0,4.5,1.5
1783001841521,2026-07-02 16:17:21.521,C3:00:00:63:4C:D2,-64,127,1.0,4.5,1.5
1783001841534,2026-07-02 16:17:21.534,C3:00:00:63:4D:04,-63,127,1.0,4.5,1.5
1783001841550,2026-07-02 16:17:21.550,C3:00:00:63:4D:09,-59,127,1.0,4.5,1.5
1783001841563,2026-07-02 16:17:21.563,C3:00:00:63:4D:05,-56,127,1.0,4.5,1.5
1783001841569,2026-07-02 16:17:21.569,C3:00:00:63:4D:0D,-49,127,1.0,4.5,1.5
1783001841572,2026-07-02 16:17:21.572,C3:00:00:63:4D:0A,-60,127,1.0,4.5,1.5
1783001841578,2026-07-02 16:17:21.578,C3:00:00:63:4D:05,-55,127,1.0,4.5,1.5
1783001841587,2026-07-02 16:17:21.587,C3:00:00:63:4D:08,-51,127,1.0,4.5,1.5
1783001841615,2026-07-02 16:17:21.615,C3:00:00:63:4D:07,-62,127,1.0,4.5,1.5
1783001841662,2026-07-02 16:17:21.662,C3:00:00:63:4D:0D,-51,127,1.0,4.5,1.5
1783001841688,2026-07-02 16:17:21.688,C3:00:00:63:4D:05,-56,127,1.0,4.5,1.5
1783001841694,2026-07-02 16:17:21.694,C3:00:00:63:4C:D2,-68,127,1.0,4.5,1.5
1783001841701,2026-07-02 16:17:21.701,C3:00:00:63:4D:08,-48,127,1.0,4.5,1.5
1783001841722,2026-07-02 16:17:21.722,C3:00:00:63:4D:07,-59,127,1.0,4.5,1.5
1783001841736,2026-07-02 16:17:21.736,C3:00:00:63:4D:04,-77,127,1.0,4.5,1.5
1783001841760,2026-07-02 16:17:21.760,C3:00:00:63:4D:04,-78,127,1.0,4.5,1.5
1783001841766,2026-07-02 16:17:21.766,C3:00:00:63:4D:0A,-62,127,1.0,4.5,1.5
1783001841779,2026-07-02 16:17:21.779,C3:00:00:63:4D:0D,-51,127,1.0,4.5,1.5
1783001841792,2026-07-02 16:17:21.792,C3:00:00:63:4D:09,-59,127,1.0,4.5,1.5
1783001841795,2026-07-02 16:17:21.795,C3:00:00:63:4D:05,-60,127,1.0,4.5,1.5
1783001841797,2026-07-02 16:17:21.797,C3:00:00:63:4C:D2,-55,127,1.0,4.5,1.5
1783001841804,2026-07-02 16:17:21.804,C3:00:00:63:4D:08,-54,127,1.0,4.5,1.5
1783001841844,2026-07-02 16:17:21.844,C3:00:00:63:4D:07,-62,127,1.0,4.5,1.5
1783001841862,2026-07-02 16:17:21.862,C3:00:00:63:4D:0A,-61,127,1.0,4.5,1.5
1783001841869,2026-07-02 16:17:21.869,C3:00:00:63:4D:04,-63,127,1.0,4.5,1.5
1783001841900,2026-07-02 16:17:21.900,C3:00:00:63:4D:09,-59,127,1.0,4.5,1.5
1783001841906,2026-07-02 16:17:21.906,C3:00:00:63:4C:D2,-64,127,1.0,4.5,1.5
1783001841911,2026-07-02 16:17:21.911,C3:00:00:63:4D:05,-55,127,1.0,4.5,1.5
1783001841931,2026-07-02 16:17:21.931,C3:00:00:63:4D:08,-49,127,1.0,4.5,1.5
1783001841957,2026-07-02 16:17:21.957,C3:00:00:63:4D:07,-62,127,1.0,4.5,1.5
1783001841965,2026-07-02 16:17:21.965,C3:00:00:63:4D:0A,-60,127,1.0,4.5,1.5
1783001841980,2026-07-02 16:17:21.980,C3:00:00:63:4D:0D,-50,127,1.0,4.5,1.5
1783001842009,2026-07-02 16:17:22.009,C3:00:00:63:4D:09,-62,127,1.0,4.5,1.5
1783001842016,2026-07-02 16:17:22.016,C3:00:00:63:4C:D2,-63,127,1.0,4.5,1.5
1783001842027,2026-07-02 16:17:22.027,C3:00:00:63:4D:05,-62,127,1.0,4.5,1.5
1783001842035,2026-07-02 16:17:22.035,C3:00:00:63:4D:08,-54,127,1.0,4.5,1.5
1783001842064,2026-07-02 16:17:22.064,C3:00:00:63:4D:0A,-62,127,1.0,4.5,1.5
1783001842080,2026-07-02 16:17:22.080,C3:00:00:63:4D:0D,-50,127,1.0,4.5,1.5
1783001842085,2026-07-02 16:17:22.085,C3:00:00:63:4D:04,-72,127,1.0,4.5,1.5
1783001842126,2026-07-02 16:17:22.126,C3:00:00:63:4C:D2,-64,127,1.0,4.5,1.5
1783001842163,2026-07-02 16:17:22.163,C3:00:00:63:4D:0A,-60,127,1.0,4.5,1.5
1783001842190,2026-07-02 16:17:22.190,C3:00:00:63:4D:0D,-49,127,1.0,4.5,1.5
1783001842222,2026-07-02 16:17:22.222,C3:00:00:63:4D:07,-63,127,1.0,4.5,1.5
1783001842238,2026-07-02 16:17:22.238,C3:00:00:63:4D:09,-62,127,1.0,4.5,1.5
1783001842252,2026-07-02 16:17:22.252,C3:00:00:63:4D:08,-49,127,1.0,4.5,1.5
1783001842259,2026-07-02 16:17:22.259,C3:00:00:63:4D:0A,-60,127,1.0,4.5,1.5
1783001842291,2026-07-02 16:17:22.291,C3:00:00:63:4D:0D,-50,127,1.0,4.5,1.5
1783001842295,2026-07-02 16:17:22.295,C3:00:00:63:4D:04,-55,127,1.0,4.5,1.5
1783001842302,2026-07-02 16:17:22.302,C3:00:00:63:4D:07,-62,127,1.0,4.5,1.5
1783001842346,2026-07-02 16:17:22.346,C3:00:00:63:4D:09,-61,127,1.0,4.5,1.5
1783001842371,2026-07-02 16:17:22.371,C3:00:00:63:4D:08,-57,127,1.0,4.5,1.5
1783001842374,2026-07-02 16:17:22.374,C3:00:00:63:4C:D2,-55,127,1.0,4.5,1.5
1783001842384,2026-07-02 16:17:22.384,C3:00:00:63:4C:D2,-55,127,1.0,4.5,1.5
1783001842393,2026-07-02 16:17:22.393,C3:00:00:63:4D:0D,-50,127,1.0,4.5,1.5
1783001842401,2026-07-02 16:17:22.401,C3:00:00:63:4D:04,-72,127,1.0,4.5,1.5
1783001842459,2026-07-02 16:17:22.459,C3:00:00:63:4D:09,-59,127,1.0,4.5,1.5
1783001842467,2026-07-02 16:17:22.467,C3:00:00:63:4D:0A,-60,127,1.0,4.5,1.5
1783001842480,2026-07-02 16:17:22.480,C3:00:00:63:4D:05,-55,127,1.0,4.5,1.5
1783001842486,2026-07-02 16:17:22.486,C3:00:00:63:4D:08,-52,127,1.0,4.5,1.5
1783001842499,2026-07-02 16:17:22.499,C3:00:00:63:4D:0D,-48,127,1.0,4.5,1.5
1783001842501,2026-07-02 16:17:22.501,C3:00:00:63:4D:08,-59,127,1.0,4.5,1.5
1783001842561,2026-07-02 16:17:22.561,C3:00:00:63:4D:0A,-61,127,1.0,4.5,1.5
1783001842584,2026-07-02 16:17:22.584,C3:00:00:63:4D:08,-49,127,1.0,4.5,1.5
1783001842588,2026-07-02 16:17:22.588,C3:00:00:63:4D:09,-62,127,1.0,4.5,1.5
1783001842627,2026-07-02 16:17:22.627,C3:00:00:63:4D:04,-72,127,1.0,4.5,1.5
1783001842638,2026-07-02 16:17:22.638,C3:00:00:63:4D:09,-62,127,1.0,4.5,1.5
1783001842652,2026-07-02 16:17:22.652,C3:00:00:63:4D:07,-62,127,1.0,4.5,1.5
1783001842694,2026-07-02 16:17:22.694,C3:00:00:63:4D:09,-61,127,1.0,4.5,1.5
1783001842703,2026-07-02 16:17:22.703,C3:00:00:63:4C:D2,-55,127,1.0,4.5,1.5
1783001842724,2026-07-02 16:17:22.724,C3:00:00:63:4D:08,-52,127,1.0,4.5,1.5
1783001842764,2026-07-02 16:17:22.764,C3:00:00:63:4D:07,-65,127,1.0,4.5,1.5
1783001842769,2026-07-02 16:17:22.769,C3:00:00:63:4D:0A,-61,127,1.0,4.5,1.5
1783001842778,2026-07-02 16:17:22.778,C3:00:00:63:4D:09,-66,127,1.0,4.5,1.5
1783001842850,2026-07-02 16:17:22.850,C3:00:00:63:4D:04,-55,127,1.0,4.5,1.5
1783001842874,2026-07-02 16:17:22.874,C3:00:00:63:4D:0A,-61,127,1.0,4.5,1.5
1783001842901,2026-07-02 16:17:22.901,C3:00:00:63:4D:08,-49,127,1.0,4.5,1.5
1783001842954,2026-07-02 16:17:22.954,C3:00:00:63:4D:07,-62,127,1.0,4.5,1.5
1783001842961,2026-07-02 16:17:22.961,C3:00:00:63:4D:05,-63,127,1.0,4.5,1.5
1783001842968,2026-07-02 16:17:22.968,C3:00:00:63:4D:08,-55,127,1.0,4.5,1.5
1783001842977,2026-07-02 16:17:22.977,C3:00:00:63:4D:0A,-62,127,1.0,4.5,1.5
1783001842997,2026-07-02 16:17:22.997,C3:00:00:63:4D:07,-62,127,1.0,4.5,1.5
1783001843009,2026-07-02 16:17:23.009,C3:00:00:63:4D:0D,-51,127,1.0,4.5,1.5
1783001843032,2026-07-02 16:17:23.032,C3:00:00:63:4D:09,-60,127,1.0,4.5,1.5
1783001843044,2026-07-02 16:17:23.044,C3:00:00:63:4C:D2,-67,127,1.0,4.5,1.5
1783001843052,2026-07-02 16:17:23.052,C3:00:00:63:4D:05,-55,127,1.0,4.5,1.5
1783001843059,2026-07-02 16:17:23.059,C3:00:00:63:4D:0A,-60,127,1.0,4.5,1.5
1783001843066,2026-07-02 16:17:23.066,C3:00:00:63:4D:04,-63,127,1.0,4.5,1.5
1783001843103,2026-07-02 16:17:23.103,C3:00:00:63:4D:07,-60,127,1.0,4.5,1.5
1783001843116,2026-07-02 16:17:23.116,C3:00:00:63:4D:08,-49,127,1.0,4.5,1.5
1783001843131,2026-07-02 16:17:23.131,C3:00:00:63:4D:0D,-50,127,1.0,4.5,1.5
1783001843140,2026-07-02 16:17:23.140,C3:00:00:63:4D:09,-64,127,1.0,4.5,1.5
1783001843168,2026-07-02 16:17:23.168,C3:00:00:63:4D:04,-55,127,1.0,4.5,1.5
1783001843256,2026-07-02 16:17:23.256,C3:00:00:63:4D:09,-62,127,1.0,4.5,1.5
1783001843264,2026-07-02 16:17:23.264,C3:00:00:63:4D:0A,-63,127,1.0,4.5,1.5
1783001843280,2026-07-02 16:17:23.280,C3:00:00:63:4D:04,-73,127,1.0,4.5,1.5
1783001843297,2026-07-02 16:17:23.297,C3:00:00:63:4D:04,-82,127,1.0,4.5,1.5
1783001843332,2026-07-02 16:17:23.332,C3:00:00:63:4D:08,-52,127,1.0,4.5,1.5
1783001843337,2026-07-02 16:17:23.337,C3:00:00:63:4D:0D,-49,127,1.0,4.5,1.5
1783001843341,2026-07-02 16:17:23.341,C3:00:00:63:4D:07,-61,127,1.0,4.5,1.5
1783001843348,2026-07-02 16:17:23.348,C3:00:00:63:4D:09,-60,127,1.0,4.5,1.5
1783001843384,2026-07-02 16:17:23.384,C3:00:00:63:4D:04,-62,127,1.0,4.5,1.5
1783001843387,2026-07-02 16:17:23.387,C3:00:00:63:4D:05,-54,127,1.0,4.5,1.5
1783001843391,2026-07-02 16:17:23.391,C3:00:00:63:4C:D2,-65,127,1.0,4.5,1.5
1783001843431,2026-07-02 16:17:23.431,C3:00:00:63:4D:0A,-60,127,1.0,4.5,1.5
1783001843445,2026-07-02 16:17:23.445,C3:00:00:63:4D:0D,-50,127,1.0,4.5,1.5
1783001843456,2026-07-02 16:17:23.456,C3:00:00:63:4D:07,-60,127,1.0,4.5,1.5
1783001843459,2026-07-02 16:17:23.459,C3:00:00:63:4D:0A,-60,127,1.0,4.5,1.5
1783001843484,2026-07-02 16:17:23.484,C3:00:00:63:4D:09,-61,127,1.0,4.5,1.5
1783001843493,2026-07-02 16:17:23.493,C3:00:00:63:4D:04,-55,127,1.0,4.5,1.5
1783001843500,2026-07-02 16:17:23.500,C3:00:00:63:4C:D2,-64,127,1.0,4.5,1.5
1783001843511,2026-07-02 16:17:23.511,C3:00:00:63:4D:05,-55,127,1.0,4.5,1.5
1783001843517,2026-07-02 16:17:23.517,C3:00:00:63:4C:D2,-55,127,1.0,4.5,1.5
1783001843542,2026-07-02 16:17:23.542,C3:00:00:63:4C:D2,-55,127,1.0,4.5,1.5
1783001843548,2026-07-02 16:17:23.548,C3:00:00:63:4D:0D,-51,127,1.0,4.5,1.5
1783001843564,2026-07-02 16:17:23.564,C3:00:00:63:4D:08,-55,127,1.0,4.5,1.5
1783001843567,2026-07-02 16:17:23.567,C3:00:00:63:4D:07,-63,127,1.0,4.5,1.5
1783001843599,2026-07-02 16:17:23.599,C3:00:00:63:4D:09,-61,127,1.0,4.5,1.5
1783001843610,2026-07-02 16:17:23.610,C3:00:00:63:4D:04,-73,127,1.0,4.5,1.5
1783001843630,2026-07-02 16:17:23.630,C3:00:00:63:4C:D2,-65,127,1.0,4.5,1.5
1783001843636,2026-07-02 16:17:23.636,C3:00:00:63:4D:05,-54,127,1.0,4.5,1.5
1783001843649,2026-07-02 16:17:23.649,C3:00:00:63:4D:0D,-47,127,1.0,4.5,1.5
1783001843656,2026-07-02 16:17:23.656,C3:00:00:63:4D:08,-51,127,1.0,4.5,1.5
1783001843658,2026-07-02 16:17:23.658,C3:00:00:63:4D:0A,-60,127,1.0,4.5,1.5
1783001843680,2026-07-02 16:17:23.680,C3:00:00:63:4D:07,-60,127,1.0,4.5,1.5
1783001843695,2026-07-02 16:17:23.695,C3:00:00:63:4D:0A,-60,127,1.0,4.5,1.5
1783001843703,2026-07-02 16:17:23.703,C3:00:00:63:4D:07,-60,127,1.0,4.5,1.5
1783001843716,2026-07-02 16:17:23.716,C3:00:00:63:4D:09,-59,127,1.0,4.5,1.5
1783001843719,2026-07-02 16:17:23.719,C3:00:00:63:4D:04,-55,127,1.0,4.5,1.5
1783001843725,2026-07-02 16:17:23.725,C3:00:00:63:4D:0D,-50,127,1.0,4.5,1.5
1783001843747,2026-07-02 16:17:23.747,C3:00:00:63:4D:05,-55,127,1.0,4.5,1.5
1783001843758,2026-07-02 16:17:23.758,C3:00:00:63:4D:0D,-50,127,1.0,4.5,1.5
1783001843769,2026-07-02 16:17:23.769,C3:00:00:63:4D:0A,-60,127,1.0,4.5,1.5
1783001843778,2026-07-02 16:17:23.778,C3:00:00:63:4D:04,-55,127,1.0,4.5,1.5
1783001843781,2026-07-02 16:17:23.781,C3:00:00:63:4D:08,-48,127,1.0,4.5,1.5
1783001843824,2026-07-02 16:17:23.824,C3:00:00:63:4D:04,-72,127,1.0,4.5,1.5
1783001843829,2026-07-02 16:17:23.829,C3:00:00:63:4D:09,-61,127,1.0,4.5,1.5
1783001843850,2026-07-02 16:17:23.850,C3:00:00:63:4C:D2,-55,127,1.0,4.5,1.5
1783001843855,2026-07-02 16:17:23.855,C3:00:00:63:4D:05,-62,127,1.0,4.5,1.5
1783001843865,2026-07-02 16:17:23.865,C3:00:00:63:4D:0A,-62,127,1.0,4.5,1.5
1783001843869,2026-07-02 16:17:23.869,C3:00:00:63:4D:0D,-51,127,1.0,4.5,1.5
1783001843908,2026-07-02 16:17:23.908,C3:00:00:63:4D:05,-62,127,1.0,4.5,1.5
1783001843931,2026-07-02 16:17:23.931,C3:00:00:63:4D:04,-62,127,1.0,4.5,1.5
1783001843963,2026-07-02 16:17:23.963,C3:00:00:63:4C:D2,-65,127,1.0,4.5,1.5
1783001843976,2026-07-02 16:17:23.976,C3:00:00:63:4D:0A,-61,127,1.0,4.5,1.5
1783001843977,2026-07-02 16:17:23.977,C3:00:00:63:4D:0D,-48,127,1.0,4.5,1.5
1783001843980,2026-07-02 16:17:23.980,C3:00:00:63:4D:05,-54,127,1.0,4.5,1.5
1783001843988,2026-07-02 16:17:23.988,C3:00:00:63:4D:08,-51,127,1.0,4.5,1.5
1783001844000,2026-07-02 16:17:24.000,C3:00:00:63:4D:07,-69,127,1.0,4.5,1.5
1783001844026,2026-07-02 16:17:24.026,C3:00:00:63:4D:07,-60,127,1.0,4.5,1.5
1783001844042,2026-07-02 16:17:24.042,C3:00:00:63:4D:04,-55,127,1.0,4.5,1.5
1783001844064,2026-07-02 16:17:24.064,C3:00:00:63:4D:09,-61,127,1.0,4.5,1.5
1783001844067,2026-07-02 16:17:24.067,C3:00:00:63:4D:0A,-61,127,1.0,4.5,1.5
1783001844081,2026-07-02 16:17:24.081,C3:00:00:63:4C:D2,-62,127,1.0,4.5,1.5
1783001844091,2026-07-02 16:17:24.091,C3:00:00:63:4D:05,-55,127,1.0,4.5,1.5
1783001844097,2026-07-02 16:17:24.097,C3:00:00:63:4D:08,-48,127,1.0,4.5,1.5
1783001844143,2026-07-02 16:17:24.143,C3:00:00:63:4D:07,-62,127,1.0,4.5,1.5
1783001844150,2026-07-02 16:17:24.150,C3:00:00:63:4D:04,-72,127,1.0,4.5,1.5
1783001844177,2026-07-02 16:17:24.177,C3:00:00:63:4D:09,-61,127,1.0,4.5,1.5
1783001844181,2026-07-02 16:17:24.181,C3:00:00:63:4D:0D,-51,127,1.0,4.5,1.5
1783001844252,2026-07-02 16:17:24.252,C3:00:00:63:4D:07,-60,127,1.0,4.5,1.5
1783001844260,2026-07-02 16:17:24.260,C3:00:00:63:4D:04,-62,127,1.0,4.5,1.5
1783001844280,2026-07-02 16:17:24.280,C3:00:00:63:4D:0A,-60,127,1.0,4.5,1.5
1783001844283,2026-07-02 16:17:24.283,C3:00:00:63:4D:0D,-47,127,1.0,4.5,1.5
1783001844292,2026-07-02 16:17:24.292,C3:00:00:63:4D:09,-58,127,1.0,4.5,1.5
1783001844305,2026-07-02 16:17:24.305,C3:00:00:63:4C:D2,-65,127,1.0,4.5,1.5
1783001844364,2026-07-02 16:17:24.364,C3:00:00:63:4D:0A,-60,127,1.0,4.5,1.5
1783001844388,2026-07-02 16:17:24.388,C3:00:00:63:4D:0D,-50,127,1.0,4.5,1.5
1783001844395,2026-07-02 16:17:24.395,C3:00:00:63:4D:09,-61,127,1.0,4.5,1.5
1783001844432,2026-07-02 16:17:24.432,C3:00:00:63:4C:D2,-55,127,1.0,4.5,1.5
1783001844434,2026-07-02 16:17:24.434,C3:00:00:63:4D:08,-54,127,1.0,4.5,1.5
1783001844438,2026-07-02 16:17:24.438,C3:00:00:63:4D:05,-61,127,1.0,4.5,1.5
1783001844457,2026-07-02 16:17:24.457,C3:00:00:63:4D:0A,-61,127,1.0,4.5,1.5
1783001844493,2026-07-02 16:17:24.493,C3:00:00:63:4D:0D,-51,127,1.0,4.5,1.5
1783001844518,2026-07-02 16:17:24.518,C3:00:00:63:4D:09,-59,127,1.0,4.5,1.5
1783001844532,2026-07-02 16:17:24.532,C3:00:00:63:4D:08,-51,127,1.0,4.5,1.5
1783001844545,2026-07-02 16:17:24.545,C3:00:00:63:4D:05,-54,127,1.0,4.5,1.5
1783001844567,2026-07-02 16:17:24.567,C3:00:00:63:4D:0A,-60,127,1.0,4.5,1.5
1783001844607,2026-07-02 16:17:24.607,C3:00:00:63:4D:0D,-47,127,1.0,4.5,1.5
1783001844608,2026-07-02 16:17:24.608,C3:00:00:63:4D:0A,-68,127,1.0,4.5,1.5
1783001844611,2026-07-02 16:17:24.611,C3:00:00:63:4D:07,-60,127,1.0,4.5,1.5
1783001844640,2026-07-02 16:17:24.640,C3:00:00:63:4D:08,-49,127,1.0,4.5,1.5
1783001844644,2026-07-02 16:17:24.644,C3:00:00:63:4D:09,-61,127,1.0,4.5,1.5
1783001844657,2026-07-02 16:17:24.657,C3:00:00:63:4D:05,-56,127,1.0,4.5,1.5
1783001844700,2026-07-02 16:17:24.700,C3:00:00:63:4D:0D,-50,127,1.0,4.5,1.5
1783001844706,2026-07-02 16:17:24.706,C3:00:00:63:4D:04,-55,127,1.0,4.5,1.5
1783001844723,2026-07-02 16:17:24.723,C3:00:00:63:4D:0D,-52,127,1.0,4.5,1.5
1783001844748,2026-07-02 16:17:24.748,C3:00:00:63:4D:09,-61,127,1.0,4.5,1.5
1783001844756,2026-07-02 16:17:24.756,C3:00:00:63:4D:08,-54,127,1.0,4.5,1.5
1783001844762,2026-07-02 16:17:24.762,C3:00:00:63:4D:0A,-61,127,1.0,4.5,1.5
1783001844807,2026-07-02 16:17:24.807,C3:00:00:63:4D:0D,-51,127,1.0,4.5,1.5
1783001844814,2026-07-02 16:17:24.814,C3:00:00:63:4D:04,-72,127,1.0,4.5,1.5
1783001844828,2026-07-02 16:17:24.828,C3:00:00:63:4D:07,-60,127,1.0,4.5,1.5
1783001844840,2026-07-02 16:17:24.840,C3:00:00:63:4D:04,-62,127,1.0,4.5,1.5
1783001844858,2026-07-02 16:17:24.858,C3:00:00:63:4D:09,-59,127,1.0,4.5,1.5
1783001844865,2026-07-02 16:17:24.865,C3:00:00:63:4D:0D,-54,127,1.0,4.5,1.5
1783001844889,2026-07-02 16:17:24.889,C3:00:00:63:4C:D2,-65,127,1.0,4.5,1.5
1783001844898,2026-07-02 16:17:24.898,C3:00:00:63:4D:05,-54,127,1.0,4.5,1.5
1783001844911,2026-07-02 16:17:24.911,C3:00:00:63:4D:0D,-47,127,1.0,4.5,1.5
1783001844916,2026-07-02 16:17:24.916,C3:00:00:63:4D:04,-62,127,1.0,4.5,1.5
1783001844945,2026-07-02 16:17:24.945,C3:00:00:63:4D:07,-60,127,1.0,4.5,1.5
1783001844969,2026-07-02 16:17:24.969,C3:00:00:63:4D:09,-61,127,1.0,4.5,1.5
1783001844976,2026-07-02 16:17:24.976,C3:00:00:63:4D:07,-60,127,1.0,4.5,1.5
1783001844979,2026-07-02 16:17:24.979,C3:00:00:63:4D:08,-48,127,1.0,4.5,1.5
1783001844991,2026-07-02 16:17:24.991,C3:00:00:63:4D:08,-48,127,1.0,4.5,1.5
1783001844998,2026-07-02 16:17:24.998,C3:00:00:63:4C:D2,-64,127,1.0,4.5,1.5
1783001845017,2026-07-02 16:17:25.017,C3:00:00:63:4D:05,-56,127,1.0,4.5,1.5
1783001845032,2026-07-02 16:17:25.032,C3:00:00:63:4D:04,-71,127,1.0,4.5,1.5
1783001845063,2026-07-02 16:17:25.063,C3:00:00:63:4D:07,-64,127,1.0,4.5,1.5
1783001845088,2026-07-02 16:17:25.088,C3:00:00:63:4D:08,-54,127,1.0,4.5,1.5
1783001845091,2026-07-02 16:17:25.091,C3:00:00:63:4D:09,-61,127,1.0,4.5,1.5
1783001845116,2026-07-02 16:17:25.116,C3:00:00:63:4C:D2,-64,127,1.0,4.5,1.5
1783001845120,2026-07-02 16:17:25.120,C3:00:00:63:4D:0D,-47,127,1.0,4.5,1.5
1783001845126,2026-07-02 16:17:25.126,C3:00:00:63:4D:04,-62,127,1.0,4.5,1.5
1783001845167,2026-07-02 16:17:25.167,C3:00:00:63:4D:0A,-60,127,1.0,4.5,1.5
1783001845190,2026-07-02 16:17:25.190,C3:00:00:63:4D:07,-60,127,1.0,4.5,1.5
1783001845194,2026-07-02 16:17:25.194,C3:00:00:63:4D:08,-51,127,1.0,4.5,1.5
1783001845195,2026-07-02 16:17:25.195,C3:00:00:63:4D:09,-59,127,1.0,4.5,1.5
1783001845224,2026-07-02 16:17:25.224,C3:00:00:63:4D:0D,-50,127,1.0,4.5,1.5
1783001845226,2026-07-02 16:17:25.226,C3:00:00:63:4C:D2,-64,127,1.0,4.5,1.5
1783001845235,2026-07-02 16:17:25.235,C3:00:00:63:4D:05,-55,127,1.0,4.5,1.5
1783001845262,2026-07-02 16:17:25.262,C3:00:00:63:4D:0A,-59,127,1.0,4.5,1.5
1783001845295,2026-07-02 16:17:25.295,C3:00:00:63:4D:08,-48,127,1.0,4.5,1.5
1783001845301,2026-07-02 16:17:25.301,C3:00:00:63:4D:07,-60,127,1.0,4.5,1.5
1783001845313,2026-07-02 16:17:25.313,C3:00:00:63:4D:09,-61,127,1.0,4.5,1.5
1783001845331,2026-07-02 16:17:25.331,C3:00:00:63:4D:0D,-52,127,1.0,4.5,1.5
1783001845356,2026-07-02 16:17:25.356,C3:00:00:63:4D:09,-60,127,1.0,4.5,1.5
1783001845361,2026-07-02 16:17:25.361,C3:00:00:63:4D:0A,-60,127,1.0,4.5,1.5
1783001845406,2026-07-02 16:17:25.406,C3:00:00:63:4D:08,-54,127,1.0,4.5,1.5
1783001845414,2026-07-02 16:17:25.414,C3:00:00:63:4D:07,-62,127,1.0,4.5,1.5
1783001845421,2026-07-02 16:17:25.421,C3:00:00:63:4D:09,-58,127,1.0,4.5,1.5
1783001845442,2026-07-02 16:17:25.442,C3:00:00:63:4D:0A,-61,127,1.0,4.5,1.5
1783001845462,2026-07-02 16:17:25.462,C3:00:00:63:4D:04,-62,127,1.0,4.5,1.5
1783001845465,2026-07-02 16:17:25.465,C3:00:00:63:4D:05,-54,127,1.0,4.5,1.5
1783001845472,2026-07-02 16:17:25.472,C3:00:00:63:4D:0A,-61,127,1.0,4.5,1.5
1783001845517,2026-07-02 16:17:25.517,C3:00:00:63:4D:07,-60,127,1.0,4.5,1.5
1783001845539,2026-07-02 16:17:25.539,C3:00:00:63:4C:D2,-62,127,1.0,4.5,1.5
1783001845543,2026-07-02 16:17:25.543,C3:00:00:63:4D:09,-61,127,1.0,4.5,1.5
1783001845561,2026-07-02 16:17:25.561,C3:00:00:63:4D:0A,-61,127,1.0,4.5,1.5
1783001845578,2026-07-02 16:17:25.578,C3:00:00:63:4D:04,-56,127,1.0,4.5,1.5
1783001845617,2026-07-02 16:17:25.617,C3:00:00:63:4D:05,-58,127,1.0,4.5,1.5
1783001845621,2026-07-02 16:17:25.621,C3:00:00:63:4D:08,-54,127,1.0,4.5,1.5
1783001845655,2026-07-02 16:17:25.655,C3:00:00:63:4D:0D,-52,127,1.0,4.5,1.5
1783001845662,2026-07-02 16:17:25.662,C3:00:00:63:4D:09,-60,127,1.0,4.5,1.5
1783001845678,2026-07-02 16:17:25.678,C3:00:00:63:4D:04,-71,127,1.0,4.5,1.5
1783001845691,2026-07-02 16:17:25.691,C3:00:00:63:4C:D2,-55,127,1.0,4.5,1.5
1783001845699,2026-07-02 16:17:25.699,C3:00:00:63:4D:07,-60,127,1.0,4.5,1.5
1783001845705,2026-07-02 16:17:25.705,C3:00:00:63:4D:05,-59,127,1.0,4.5,1.5
1783001845711,2026-07-02 16:17:25.711,C3:00:00:63:4D:0A,-62,127,1.0,4.5,1.5
1783001845715,2026-07-02 16:17:25.715,C3:00:00:63:4C:D2,-62,127,1.0,4.5,1.5
1783001845723,2026-07-02 16:17:25.723,C3:00:00:63:4D:0D,-49,127,1.0,4.5,1.5
1783001845724,2026-07-02 16:17:25.724,C3:00:00:63:4D:08,-53,127,1.0,4.5,1.5
1783001845759,2026-07-02 16:17:25.759,C3:00:00:63:4D:0D,-49,127,1.0,4.5,1.5
1783001845793,2026-07-02 16:17:25.793,C3:00:00:63:4D:04,-62,127,1.0,4.5,1.5
1783001845822,2026-07-02 16:17:25.822,C3:00:00:63:4C:D2,-64,127,1.0,4.5,1.5
1783001845824,2026-07-02 16:17:25.824,C3:00:00:63:4D:05,-55,127,1.0,4.5,1.5
1783001845844,2026-07-02 16:17:25.844,C3:00:00:63:4D:08,-49,127,1.0,4.5,1.5
1783001845861,2026-07-02 16:17:25.861,C3:00:00:63:4D:0D,-49,127,1.0,4.5,1.5
1783001845874,2026-07-02 16:17:25.874,C3:00:00:63:4D:0A,-60,127,1.0,4.5,1.5
1783001845876,2026-07-02 16:17:25.876,C3:00:00:63:4D:07,-62,127,1.0,4.5,1.5
1783001845883,2026-07-02 16:17:25.883,C3:00:00:63:4D:09,-62,127,1.0,4.5,1.5
1783001845892,2026-07-02 16:17:25.892,C3:00:00:63:4D:04,-56,127,1.0,4.5,1.5
1783001845917,2026-07-02 16:17:25.917,C3:00:00:63:4C:D2,-55,127,1.0,4.5,1.5
1783001845924,2026-07-02 16:17:25.924,C3:00:00:63:4D:05,-62,127,1.0,4.5,1.5
1783001845957,2026-07-02 16:17:25.957,C3:00:00:63:4D:08,-53,127,1.0,4.5,1.5
1783001845975,2026-07-02 16:17:25.975,C3:00:00:63:4D:0D,-50,127,1.0,4.5,1.5
1783001845993,2026-07-02 16:17:25.993,C3:00:00:63:4D:07,-62,127,1.0,4.5,1.5
1783001846008,2026-07-02 16:17:26.008,C3:00:00:63:4D:09,-62,127,1.0,4.5,1.5
1783001846012,2026-07-02 16:17:26.012,C3:00:00:63:4D:04,-70,127,1.0,4.5,1.5
1783001846061,2026-07-02 16:17:26.061,C3:00:00:63:4D:08,-51,127,1.0,4.5,1.5
1783001846067,2026-07-02 16:17:26.067,C3:00:00:63:4D:0A,-61,127,1.0,4.5,1.5
1783001846072,2026-07-02 16:17:26.072,C3:00:00:63:4D:0D,-49,127,1.0,4.5,1.5
1783001846100,2026-07-02 16:17:26.100,C3:00:00:63:4D:07,-61,127,1.0,4.5,1.5
1783001846160,2026-07-02 16:17:26.160,C3:00:00:63:4D:05,-56,127,1.0,4.5,1.5
1783001846166,2026-07-02 16:17:26.166,C3:00:00:63:4D:0A,-61,127,1.0,4.5,1.5
1783001846176,2026-07-02 16:17:26.176,C3:00:00:63:4D:08,-49,127,1.0,4.5,1.5
1783001846223,2026-07-02 16:17:26.223,C3:00:00:63:4D:04,-71,127,1.0,4.5,1.5
1783001846229,2026-07-02 16:17:26.229,C3:00:00:63:4D:09,-62,127,1.0,4.5,1.5
1783001846236,2026-07-02 16:17:26.236,C3:00:00:63:4D:07,-63,127,1.0,4.5,1.5
1783001846268,2026-07-02 16:17:26.268,C3:00:00:63:4C:D2,-55,127,1.0,4.5,1.5
1783001846276,2026-07-02 16:17:26.276,C3:00:00:63:4D:0A,-61,127,1.0,4.5,1.5
1783001846280,2026-07-02 16:17:26.280,C3:00:00:63:4D:05,-63,127,1.0,4.5,1.5
1783001846283,2026-07-02 16:17:26.283,C3:00:00:63:4D:0D,-50,127,1.0,4.5,1.5
1783001846292,2026-07-02 16:17:26.292,C3:00:00:63:4D:08,-54,127,1.0,4.5,1.5
1783001846327,2026-07-02 16:17:26.327,C3:00:00:63:4D:07,-61,127,1.0,4.5,1.5
1783001846333,2026-07-02 16:17:26.333,C3:00:00:63:4D:04,-62,127,1.0,4.5,1.5
1783001846343,2026-07-02 16:17:26.343,C3:00:00:63:4D:09,-59,127,1.0,4.5,1.5
1783001846380,2026-07-02 16:17:26.380,C3:00:00:63:4C:D2,-64,127,1.0,4.5,1.5
1783001846393,2026-07-02 16:17:26.393,C3:00:00:63:4D:05,-55,127,1.0,4.5,1.5
1783001846460,2026-07-02 16:17:26.460,C3:00:00:63:4D:09,-62,127,1.0,4.5,1.5
1783001846466,2026-07-02 16:17:26.466,C3:00:00:63:4D:0A,-62,127,1.0,4.5,1.5
1783001846480,2026-07-02 16:17:26.480,C3:00:00:63:4D:08,-48,127,1.0,4.5,1.5
1783001846491,2026-07-02 16:17:26.491,C3:00:00:63:4D:0D,-50,127,1.0,4.5,1.5
1783001846505,2026-07-02 16:17:26.505,C3:00:00:63:4D:05,-56,127,1.0,4.5,1.5
1783001846509,2026-07-02 16:17:26.509,C3:00:00:63:4D:08,-56,127,1.0,4.5,1.5
1783001846530,2026-07-02 16:17:26.530,C3:00:00:63:4D:08,-53,127,1.0,4.5,1.5
1783001846556,2026-07-02 16:17:26.556,C3:00:00:63:4D:07,-62,127,1.0,4.5,1.5
1783001846564,2026-07-02 16:17:26.564,C3:00:00:63:4D:0A,-62,127,1.0,4.5,1.5
1783001846573,2026-07-02 16:17:26.573,C3:00:00:63:4D:09,-60,127,1.0,4.5,1.5
1783001846612,2026-07-02 16:17:26.612,C3:00:00:63:4D:08,-53,127,1.0,4.5,1.5
1783001846618,2026-07-02 16:17:26.618,C3:00:00:63:4D:05,-55,127,1.0,4.5,1.5
1783001846645,2026-07-02 16:17:26.645,C3:00:00:63:4D:09,-59,127,1.0,4.5,1.5
1783001846657,2026-07-02 16:17:26.657,C3:00:00:63:4D:0A,-62,127,1.0,4.5,1.5
1783001846665,2026-07-02 16:17:26.665,C3:00:00:63:4D:04,-63,127,1.0,4.5,1.5
1783001846673,2026-07-02 16:17:26.673,C3:00:00:63:4D:07,-61,127,1.0,4.5,1.5
1783001846679,2026-07-02 16:17:26.679,C3:00:00:63:4D:09,-59,127,1.0,4.5,1.5
1783001846699,2026-07-02 16:17:26.699,C3:00:00:63:4D:0D,-49,127,1.0,4.5,1.5
1783001846719,2026-07-02 16:17:26.719,C3:00:00:63:4D:08,-51,127,1.0,4.5,1.5
1783001846740,2026-07-02 16:17:26.740,C3:00:00:63:4D:08,-49,127,1.0,4.5,1.5
1783001846784,2026-07-02 16:17:26.784,C3:00:00:63:4D:09,-69,127,1.0,4.5,1.5
1783001846807,2026-07-02 16:17:26.807,C3:00:00:63:4D:0D,-50,127,1.0,4.5,1.5
1783001846809,2026-07-02 16:17:26.809,C3:00:00:63:4D:09,-61,127,1.0,4.5,1.5
1783001846828,2026-07-02 16:17:26.828,C3:00:00:63:4D:08,-54,127,1.0,4.5,1.5
1783001846847,2026-07-02 16:17:26.847,C3:00:00:63:4C:D2,-55,127,1.0,4.5,1.5
1783001846851,2026-07-02 16:17:26.851,C3:00:00:63:4D:05,-63,127,1.0,4.5,1.5
1783001846868,2026-07-02 16:17:26.868,C3:00:00:63:4D:0A,-62,127,1.0,4.5,1.5
1783001846880,2026-07-02 16:17:26.880,C3:00:00:63:4D:04,-71,127,1.0,4.5,1.5
1783001846909,2026-07-02 16:17:26.909,C3:00:00:63:4D:07,-62,127,1.0,4.5,1.5
1783001846916,2026-07-02 16:17:26.916,C3:00:00:63:4D:09,-62,127,1.0,4.5,1.5
1783001846942,2026-07-02 16:17:26.942,C3:00:00:63:4D:08,-52,127,1.0,4.5,1.5
1783001846947,2026-07-02 16:17:26.947,C3:00:00:63:4D:05,-55,127,1.0,4.5,1.5
1783001846956,2026-07-02 16:17:26.956,C3:00:00:63:4C:D2,-64,127,1.0,4.5,1.5
1783001846964,2026-07-02 16:17:26.964,C3:00:00:63:4D:0A,-61,127,1.0,4.5,1.5
1783001846971,2026-07-02 16:17:26.971,C3:00:00:63:4D:05,-55,127,1.0,4.5,1.5
1783001846974,2026-07-02 16:17:26.974,C3:00:00:63:4D:07,-61,127,1.0,4.5,1.5
1783001846985,2026-07-02 16:17:26.985,C3:00:00:63:4D:04,-62,127,1.0,4.5,1.5
1783001846987,2026-07-02 16:17:26.987,C3:00:00:63:4D:08,-52,127,1.0,4.5,1.5
1783001847019,2026-07-02 16:17:27.019,C3:00:00:63:4D:0D,-49,127,1.0,4.5,1.5
1783001847022,2026-07-02 16:17:27.022,C3:00:00:63:4D:07,-61,127,1.0,4.5,1.5
1783001847029,2026-07-02 16:17:27.029,C3:00:00:63:4D:09,-61,127,1.0,4.5,1.5
1783001847037,2026-07-02 16:17:27.037,C3:00:00:63:4D:0D,-49,127,1.0,4.5,1.5
1783001847040,2026-07-02 16:17:27.040,C3:00:00:63:4D:08,-49,127,1.0,4.5,1.5
1783001847062,2026-07-02 16:17:27.062,C3:00:00:63:4D:0A,-61,127,1.0,4.5,1.5
1783001847121,2026-07-02 16:17:27.121,C3:00:00:63:4D:0D,-50,127,1.0,4.5,1.5
1783001847148,2026-07-02 16:17:27.148,C3:00:00:63:4D:07,-62,127,1.0,4.5,1.5
1783001847155,2026-07-02 16:17:27.155,C3:00:00:63:4D:08,-54,127,1.0,4.5,1.5
1783001847176,2026-07-02 16:17:27.176,C3:00:00:63:4D:0A,-62,127,1.0,4.5,1.5
1783001847187,2026-07-02 16:17:27.187,C3:00:00:63:4C:D2,-55,127,1.0,4.5,1.5
1783001847196,2026-07-02 16:17:27.196,C3:00:00:63:4D:05,-63,127,1.0,4.5,1.5
1783001847200,2026-07-02 16:17:27.200,C3:00:00:63:4D:04,-71,127,1.0,4.5,1.5
1783001847225,2026-07-02 16:17:27.225,C3:00:00:63:4D:0D,-49,127,1.0,4.5,1.5
1783001847251,2026-07-02 16:17:27.251,C3:00:00:63:4D:07,-61,127,1.0,4.5,1.5
1783001847256,2026-07-02 16:17:27.256,C3:00:00:63:4D:09,-59,127,1.0,4.5,1.5
1783001847261,2026-07-02 16:17:27.261,C3:00:00:63:4D:08,-51,127,1.0,4.5,1.5
1783001847265,2026-07-02 16:17:27.265,C3:00:00:63:4D:0A,-61,127,1.0,4.5,1.5
1783001847279,2026-07-02 16:17:27.279,C3:00:00:63:4D:04,-70,127,1.0,4.5,1.5
1783001847318,2026-07-02 16:17:27.318,C3:00:00:63:4D:04,-56,127,1.0,4.5,1.5
1783001847364,2026-07-02 16:17:27.364,C3:00:00:63:4D:07,-62,127,1.0,4.5,1.5
1783001847370,2026-07-02 16:17:27.370,C3:00:00:63:4D:08,-49,127,1.0,4.5,1.5
1783001847383,2026-07-02 16:17:27.383,C3:00:00:63:4D:09,-61,127,1.0,4.5,1.5
1783001847419,2026-07-02 16:17:27.419,C3:00:00:63:4C:D2,-55,127,1.0,4.5,1.5
1783001847435,2026-07-02 16:17:27.435,C3:00:00:63:4D:0A,-62,127,1.0,4.5,1.5
1783001847444,2026-07-02 16:17:27.444,C3:00:00:63:4D:0D,-50,127,1.0,4.5,1.5
1783001847463,2026-07-02 16:17:27.463,C3:00:00:63:4D:0A,-62,127,1.0,4.5,1.5
1783001847480,2026-07-02 16:17:27.480,C3:00:00:63:4D:09,-62,127,1.0,4.5,1.5
1783001847485,2026-07-02 16:17:27.485,C3:00:00:63:4D:08,-54,127,1.0,4.5,1.5
1783001847516,2026-07-02 16:17:27.516,C3:00:00:63:4C:D2,-56,127,1.0,4.5,1.5
1783001847544,2026-07-02 16:17:27.544,C3:00:00:63:4D:05,-55,127,1.0,4.5,1.5
1783001847548,2026-07-02 16:17:27.548,C3:00:00:63:4C:D2,-64,127,1.0,4.5,1.5
1783001847567,2026-07-02 16:17:27.567,C3:00:00:63:4D:0A,-61,127,1.0,4.5,1.5
1783001847587,2026-07-02 16:17:27.587,C3:00:00:63:4D:08,-51,127,1.0,4.5,1.5
1783001847592,2026-07-02 16:17:27.592,C3:00:00:63:4D:09,-59,127,1.0,4.5,1.5
1783001847595,2026-07-02 16:17:27.595,C3:00:00:63:4D:07,-61,127,1.0,4.5,1.5
1783001847631,2026-07-02 16:17:27.631,C3:00:00:63:4D:05,-57,127,1.0,4.5,1.5
1783001847647,2026-07-02 16:17:27.647,C3:00:00:63:4D:04,-56,127,1.0,4.5,1.5
1783001847664,2026-07-02 16:17:27.664,C3:00:00:63:4D:0A,-61,127,1.0,4.5,1.5
1783001847701,2026-07-02 16:17:27.701,C3:00:00:63:4D:08,-49,127,1.0,4.5,1.5
1783001847711,2026-07-02 16:17:27.711,C3:00:00:63:4D:07,-62,127,1.0,4.5,1.5
1783001847733,2026-07-02 16:17:27.733,C3:00:00:63:4D:07,-63,127,1.0,4.5,1.5
1783001847760,2026-07-02 16:17:27.760,C3:00:00:63:4D:04,-71,127,1.0,4.5,1.5
1783001847764,2026-07-02 16:17:27.764,C3:00:00:63:4D:0D,-50,127,1.0,4.5,1.5
1783001847767,2026-07-02 16:17:27.767,C3:00:00:63:4C:D2,-55,127,1.0,4.5,1.5
1783001847771,2026-07-02 16:17:27.771,C3:00:00:63:4D:04,-72,127,1.0,4.5,1.5
1783001847787,2026-07-02 16:17:27.787,C3:00:00:63:4D:04,-71,127,1.0,4.5,1.5
1783001847799,2026-07-02 16:17:27.799,C3:00:00:63:4D:09,-63,127,1.0,4.5,1.5
1783001847807,2026-07-02 16:17:27.807,C3:00:00:63:4D:08,-54,127,1.0,4.5,1.5
1783001847821,2026-07-02 16:17:27.821,C3:00:00:63:4D:07,-61,127,1.0,4.5,1.5
1783001847826,2026-07-02 16:17:27.826,C3:00:00:63:4D:09,-59,127,1.0,4.5,1.5
1783001847859,2026-07-02 16:17:27.859,C3:00:00:63:4D:04,-62,127,1.0,4.5,1.5
1783001847864,2026-07-02 16:17:27.864,C3:00:00:63:4D:0A,-61,127,1.0,4.5,1.5
1783001847879,2026-07-02 16:17:27.879,C3:00:00:63:4D:05,-55,127,1.0,4.5,1.5
1783001847886,2026-07-02 16:17:27.886,C3:00:00:63:4C:D2,-64,127,1.0,4.5,1.5
1783001847910,2026-07-02 16:17:27.910,C3:00:00:63:4D:08,-52,127,1.0,4.5,1.5
1783001847924,2026-07-02 16:17:27.924,C3:00:00:63:4D:05,-56,127,1.0,4.5,1.5
1783001847939,2026-07-02 16:17:27.939,C3:00:00:63:4D:09,-61,127,1.0,4.5,1.5
1783001847941,2026-07-02 16:17:27.941,C3:00:00:63:4D:07,-62,127,1.0,4.5,1.5
1783001847961,2026-07-02 16:17:27.961,C3:00:00:63:4D:0A,-61,127,1.0,4.5,1.5
1783001847979,2026-07-02 16:17:27.979,C3:00:00:63:4D:04,-56,127,1.0,4.5,1.5
1783001847996,2026-07-02 16:17:27.996,C3:00:00:63:4C:D2,-62,127,1.0,4.5,1.5
1783001848000,2026-07-02 16:17:28.000,C3:00:00:63:4D:05,-56,127,1.0,4.5,1.5
1783001848008,2026-07-02 16:17:28.008,C3:00:00:63:4D:07,-69,127,1.0,4.5,1.5
1783001848022,2026-07-02 16:17:28.022,C3:00:00:63:4D:08,-54,127,1.0,4.5,1.5
1783001848065,2026-07-02 16:17:28.065,C3:00:00:63:4D:0D,-50,127,1.0,4.5,1.5
1783001848079,2026-07-02 16:17:28.079,C3:00:00:63:4D:04,-70,127,1.0,4.5,1.5
1783001848112,2026-07-02 16:17:28.112,C3:00:00:63:4C:D2,-55,127,1.0,4.5,1.5
1783001848119,2026-07-02 16:17:28.119,C3:00:00:63:4D:05,-63,127,1.0,4.5,1.5
1783001848138,2026-07-02 16:17:28.138,C3:00:00:63:4D:08,-51,127,1.0,4.5,1.5
1783001848165,2026-07-02 16:17:28.165,C3:00:00:63:4D:0D,-49,127,1.0,4.5,1.5
1783001848183,2026-07-02 16:17:28.183,C3:00:00:63:4D:04,-62,127,1.0,4.5,1.5
1783001848220,2026-07-02 16:17:28.220,C3:00:00:63:4C:D2,-61,127,1.0,4.5,1.5
1783001848231,2026-07-02 16:17:28.231,C3:00:00:63:4D:05,-56,127,1.0,4.5,1.5
1783001848245,2026-07-02 16:17:28.245,C3:00:00:63:4D:08,-48,127,1.0,4.5,1.5
1783001848270,2026-07-02 16:17:28.270,C3:00:00:63:4D:0D,-49,127,1.0,4.5,1.5
1783001848273,2026-07-02 16:17:28.273,C3:00:00:63:4D:09,-62,127,1.0,4.5,1.5
1783001848295,2026-07-02 16:17:28.295,C3:00:00:63:4D:04,-56,127,1.0,4.5,1.5
1783001848337,2026-07-02 16:17:28.337,C3:00:00:63:4C:D2,-55,127,1.0,4.5,1.5
1783001848342,2026-07-02 16:17:28.342,C3:00:00:63:4D:05,-61,127,1.0,4.5,1.5
1783001848355,2026-07-02 16:17:28.355,C3:00:00:63:4D:08,-53,127,1.0,4.5,1.5
1783001848369,2026-07-02 16:17:28.369,C3:00:00:63:4D:0A,-62,127,1.0,4.5,1.5
1783001848384,2026-07-02 16:17:28.384,C3:00:00:63:4D:0D,-51,127,1.0,4.5,1.5
1783001848389,2026-07-02 16:17:28.389,C3:00:00:63:4D:09,-60,127,1.0,4.5,1.5
1783001848396,2026-07-02 16:17:28.396,C3:00:00:63:4C:D2,-55,127,1.0,4.5,1.5
1783001848403,2026-07-02 16:17:28.403,C3:00:00:63:4D:07,-60,127,1.0,4.5,1.5
1783001848405,2026-07-02 16:17:28.405,C3:00:00:63:4D:04,-75,127,1.0,4.5,1.5
1783001848450,2026-07-02 16:17:28.450,C3:00:00:63:4C:D2,-64,127,1.0,4.5,1.5
1783001848454,2026-07-02 16:17:28.454,C3:00:00:63:4D:05,-55,127,1.0,4.5,1.5
1783001848462,2026-07-02 16:17:28.462,C3:00:00:63:4D:08,-51,127,1.0,4.5,1.5
1783001848469,2026-07-02 16:17:28.469,C3:00:00:63:4D:0A,-62,127,1.0,4.5,1.5
1783001848482,2026-07-02 16:17:28.482,C3:00:00:63:4D:0D,-50,127,1.0,4.5,1.5
1783001848511,2026-07-02 16:17:28.511,C3:00:00:63:4D:09,-59,127,1.0,4.5,1.5
1783001848517,2026-07-02 16:17:28.517,C3:00:00:63:4D:04,-62,127,1.0,4.5,1.5
1783001848523,2026-07-02 16:17:28.523,C3:00:00:63:4D:07,-61,127,1.0,4.5,1.5
1783001848562,2026-07-02 16:17:28.562,C3:00:00:63:4D:0A,-61,127,1.0,4.5,1.5
1783001848565,2026-07-02 16:17:28.565,C3:00:00:63:4D:08,-49,127,1.0,4.5,1.5
1783001848570,2026-07-02 16:17:28.570,C3:00:00:63:4D:05,-56,127,1.0,4.5,1.5
1783001848591,2026-07-02 16:17:28.591,C3:00:00:63:4D:0D,-49,127,1.0,4.5,1.5
1783001848613,2026-07-02 16:17:28.613,C3:00:00:63:4D:0A,-69,127,1.0,4.5,1.5
1783001848636,2026-07-02 16:17:28.636,C3:00:00:63:4D:07,-62,127,1.0,4.5,1.5
1783001848663,2026-07-02 16:17:28.663,C3:00:00:63:4D:0A,-62,127,1.0,4.5,1.5
1783001848679,2026-07-02 16:17:28.679,C3:00:00:63:4D:08,-54,127,1.0,4.5,1.5
1783001848681,2026-07-02 16:17:28.681,C3:00:00:63:4C:D2,-55,127,1.0,4.5,1.5
1783001848699,2026-07-02 16:17:28.699,C3:00:00:63:4D:0D,-50,127,1.0,4.5,1.5
1783001848727,2026-07-02 16:17:28.727,C3:00:00:63:4D:09,-59,127,1.0,4.5,1.5
1783001848732,2026-07-02 16:17:28.732,C3:00:00:63:4D:08,-52,127,1.0,4.5,1.5
1783001848744,2026-07-02 16:17:28.744,C3:00:00:63:4D:07,-61,127,1.0,4.5,1.5
1783001848767,2026-07-02 16:17:28.767,C3:00:00:63:4D:0A,-61,127,1.0,4.5,1.5
1783001848793,2026-07-02 16:17:28.793,C3:00:00:63:4D:08,-51,127,1.0,4.5,1.5
1783001848797,2026-07-02 16:17:28.797,C3:00:00:63:4D:0D,-49,127,1.0,4.5,1.5
1783001848800,2026-07-02 16:17:28.800,C3:00:00:63:4C:D2,-64,127,1.0,4.5,1.5
1783001848859,2026-07-02 16:17:28.859,C3:00:00:63:4D:04,-56,127,1.0,4.5,1.5
1783001848865,2026-07-02 16:17:28.865,C3:00:00:63:4D:07,-62,127,1.0,4.5,1.5
1783001848872,2026-07-02 16:17:28.872,C3:00:00:63:4D:0A,-61,127,1.0,4.5,1.5
1783001848875,2026-07-02 16:17:28.875,C3:00:00:63:4D:0D,-57,127,1.0,4.5,1.5
1783001848906,2026-07-02 16:17:28.906,C3:00:00:63:4C:D2,-62,127,1.0,4.5,1.5
1783001848921,2026-07-02 16:17:28.921,C3:00:00:63:4D:05,-64,127,1.0,4.5,1.5
1783001848952,2026-07-02 16:17:28.952,C3:00:00:63:4D:05,-63,127,1.0,4.5,1.5
1783001848981,2026-07-02 16:17:28.981,C3:00:00:63:4D:07,-62,127,1.0,4.5,1.5
1783001849010,2026-07-02 16:17:29.010,C3:00:00:63:4D:08,-54,127,1.0,4.5,1.5
1783001849016,2026-07-02 16:17:29.016,C3:00:00:63:4D:0D,-50,127,1.0,4.5,1.5
1783001849035,2026-07-02 16:17:29.035,C3:00:00:63:4C:D2,-64,127,1.0,4.5,1.5
1783001849037,2026-07-02 16:17:29.037,C3:00:00:63:4D:08,-52,127,1.0,4.5,1.5
1783001849042,2026-07-02 16:17:29.042,C3:00:00:63:4D:0D,-49,127,1.0,4.5,1.5
1783001849058,2026-07-02 16:17:29.058,C3:00:00:63:4D:04,-62,127,1.0,4.5,1.5
1783001849063,2026-07-02 16:17:29.063,C3:00:00:63:4D:0A,-61,127,1.0,4.5,1.5
1783001849071,2026-07-02 16:17:29.071,C3:00:00:63:4D:09,-59,127,1.0,4.5,1.5
1783001849083,2026-07-02 16:17:29.083,C3:00:00:63:4D:07,-61,127,1.0,4.5,1.5
1783001849145,2026-07-02 16:17:29.145,C3:00:00:63:4C:D2,-62,127,1.0,4.5,1.5
1783001849156,2026-07-02 16:17:29.156,C3:00:00:63:4D:05,-56,127,1.0,4.5,1.5
1783001849169,2026-07-02 16:17:29.169,C3:00:00:63:4D:04,-56,127,1.0,4.5,1.5
1783001849192,2026-07-02 16:17:29.192,C3:00:00:63:4D:09,-62,127,1.0,4.5,1.5
1783001849202,2026-07-02 16:17:29.202,C3:00:00:63:4D:07,-62,127,1.0,4.5,1.5
1783001849260,2026-07-02 16:17:29.260,C3:00:00:63:4C:D2,-55,127,1.0,4.5,1.5
1783001849288,2026-07-02 16:17:29.288,C3:00:00:63:4D:04,-71,127,1.0,4.5,1.5
1783001849310,2026-07-02 16:17:29.310,C3:00:00:63:4D:09,-62,127,1.0,4.5,1.5
1783001849360,2026-07-02 16:17:29.360,C3:00:00:63:4D:0A,-61,127,1.0,4.5,1.5
1783001849393,2026-07-02 16:17:29.393,C3:00:00:63:4D:04,-63,127,1.0,4.5,1.5
1783001849419,2026-07-02 16:17:29.419,C3:00:00:63:4D:09,-59,127,1.0,4.5,1.5
1783001849427,2026-07-02 16:17:29.427,C3:00:00:63:4D:0D,-50,127,1.0,4.5,1.5
1783001849448,2026-07-02 16:17:29.448,C3:00:00:63:4D:07,-62,127,1.0,4.5,1.5
1783001849450,2026-07-02 16:17:29.450,C3:00:00:63:4D:0A,-62,127,1.0,4.5,1.5
1783001849451,2026-07-02 16:17:29.451,C3:00:00:63:4D:08,-48,127,1.0,4.5,1.5
1783001849466,2026-07-02 16:17:29.466,C3:00:00:63:4D:0A,-62,127,1.0,4.5,1.5
1783001849488,2026-07-02 16:17:29.488,C3:00:00:63:4C:D2,-60,127,1.0,4.5,1.5
1783001849493,2026-07-02 16:17:29.493,C3:00:00:63:4D:05,-56,127,1.0,4.5,1.5
1783001849502,2026-07-02 16:17:29.502,C3:00:00:63:4D:04,-56,127,1.0,4.5,1.5
1783001849532,2026-07-02 16:17:29.532,C3:00:00:63:4D:0D,-51,127,1.0,4.5,1.5
1783001849544,2026-07-02 16:17:29.544,C3:00:00:63:4D:08,-53,127,1.0,4.5,1.5
1783001849556,2026-07-02 16:17:29.556,C3:00:00:63:4D:07,-62,127,1.0,4.5,1.5
1783001849563,2026-07-02 16:17:29.563,C3:00:00:63:4C:D2,-55,127,1.0,4.5,1.5
1783001849571,2026-07-02 16:17:29.571,C3:00:00:63:4D:0A,-62,127,1.0,4.5,1.5
1783001849602,2026-07-02 16:17:29.602,C3:00:00:63:4C:D2,-55,127,1.0,4.5,1.5
1783001849636,2026-07-02 16:17:29.636,C3:00:00:63:4D:0D,-49,127,1.0,4.5,1.5
1783001849643,2026-07-02 16:17:29.643,C3:00:00:63:4D:05,-55,127,1.0,4.5,1.5
1783001849660,2026-07-02 16:17:29.660,C3:00:00:63:4D:09,-59,127,1.0,4.5,1.5
1783001849669,2026-07-02 16:17:29.669,C3:00:00:63:4D:08,-52,127,1.0,4.5,1.5
1783001849672,2026-07-02 16:17:29.672,C3:00:00:63:4D:0A,-61,127,1.0,4.5,1.5
1783001849704,2026-07-02 16:17:29.704,C3:00:00:63:4D:0A,-61,127,1.0,4.5,1.5
1783001849709,2026-07-02 16:17:29.709,C3:00:00:63:4D:04,-62,127,1.0,4.5,1.5
1783001849735,2026-07-02 16:17:29.735,C3:00:00:63:4C:D2,-62,127,1.0,4.5,1.5
1783001849744,2026-07-02 16:17:29.744,C3:00:00:63:4D:0D,-50,127,1.0,4.5,1.5
1783001849760,2026-07-02 16:17:29.760,C3:00:00:63:4D:09,-62,127,1.0,4.5,1.5
1783001849765,2026-07-02 16:17:29.765,C3:00:00:63:4D:0D,-48,127,1.0,4.5,1.5
1783001849770,2026-07-02 16:17:29.770,C3:00:00:63:4D:08,-49,127,1.0,4.5,1.5
1783001849772,2026-07-02 16:17:29.772,C3:00:00:63:4D:04,-56,127,1.0,4.5,1.5
1783001849783,2026-07-02 16:17:29.783,C3:00:00:63:4D:07,-62,127,1.0,4.5,1.5
1783001849787,2026-07-02 16:17:29.787,C3:00:00:63:4D:04,-56,127,1.0,4.5,1.5
1783001849823,2026-07-02 16:17:29.823,C3:00:00:63:4D:04,-71,127,1.0,4.5,1.5
1783001849839,2026-07-02 16:17:29.839,C3:00:00:63:4C:D2,-55,127,1.0,4.5,1.5
1783001849855,2026-07-02 16:17:29.855,C3:00:00:63:4D:0D,-50,127,1.0,4.5,1.5
1783001849860,2026-07-02 16:17:29.860,C3:00:00:63:4D:0A,-62,127,1.0,4.5,1.5
1783001849884,2026-07-02 16:17:29.884,C3:00:00:63:4D:09,-62,127,1.0,4.5,1.5
1783001849891,2026-07-02 16:17:29.891,C3:00:00:63:4D:08,-54,127,1.0,4.5,1.5
1783001849894,2026-07-02 16:17:29.894,C3:00:00:63:4D:07,-62,127,1.0,4.5,1.5
1783001849934,2026-07-02 16:17:29.934,C3:00:00:63:4D:04,-62,127,1.0,4.5,1.5
1783001849954,2026-07-02 16:17:29.954,C3:00:00:63:4D:05,-54,127,1.0,4.5,1.5
1783001849973,2026-07-02 16:17:29.973,C3:00:00:63:4D:0A,-61,127,1.0,4.5,1.5
1783001849984,2026-07-02 16:17:29.984,C3:00:00:63:4D:08,-51,127,1.0,4.5,1.5
1783001850006,2026-07-02 16:17:30.006,C3:00:00:63:4D:07,-61,127,1.0,4.5,1.5
1783001850039,2026-07-02 16:17:30.039,C3:00:00:63:4D:04,-56,127,1.0,4.5,1.5
1783001850068,2026-07-02 16:17:30.068,C3:00:00:63:4D:0D,-50,127,1.0,4.5,1.5
1783001850100,2026-07-02 16:17:30.100,C3:00:00:63:4D:09,-62,127,1.0,4.5,1.5
1783001850103,2026-07-02 16:17:30.103,C3:00:00:63:4D:08,-49,127,1.0,4.5,1.5
1783001850164,2026-07-02 16:17:30.164,C3:00:00:63:4D:0A,-62,127,1.0,4.5,1.5
1783001850173,2026-07-02 16:17:30.173,C3:00:00:63:4D:0D,-50,127,1.0,4.5,1.5
1783001850180,2026-07-02 16:17:30.180,C3:00:00:63:4C:D2,-55,127,1.0,4.5,1.5
1783001850208,2026-07-02 16:17:30.208,C3:00:00:63:4D:08,-54,127,1.0,4.5,1.5
1783001850216,2026-07-02 16:17:30.216,C3:00:00:63:4D:09,-62,127,1.0,4.5,1.5
1783001850259,2026-07-02 16:17:30.259,C3:00:00:63:4D:07,-62,127,1.0,4.5,1.5
1783001850264,2026-07-02 16:17:30.264,C3:00:00:63:4D:0A,-61,127,1.0,4.5,1.5
1783001850298,2026-07-02 16:17:30.298,C3:00:00:63:4C:D2,-64,127,1.0,4.5,1.5
1783001850306,2026-07-02 16:17:30.306,C3:00:00:63:4D:05,-55,127,1.0,4.5,1.5
1783001850312,2026-07-02 16:17:30.312,C3:00:00:63:4D:08,-52,127,1.0,4.5,1.5
1783001850327,2026-07-02 16:17:30.327,C3:00:00:63:4D:09,-61,127,1.0,4.5,1.5
1783001850364,2026-07-02 16:17:30.364,C3:00:00:63:4D:04,-56,127,1.0,4.5,1.5
1783001850372,2026-07-02 16:17:30.372,C3:00:00:63:4D:0A,-61,127,1.0,4.5,1.5
1783001850379,2026-07-02 16:17:30.379,C3:00:00:63:4D:0D,-50,127,1.0,4.5,1.5
1783001850394,2026-07-02 16:17:30.394,C3:00:00:63:4C:D2,-62,127,1.0,4.5,1.5
1783001850409,2026-07-02 16:17:30.409,C3:00:00:63:4D:05,-56,127,1.0,4.5,1.5
1783001850446,2026-07-02 16:17:30.446,C3:00:00:63:4D:09,-62,127,1.0,4.5,1.5
1783001850471,2026-07-02 16:17:30.471,C3:00:00:63:4D:07,-62,127,1.0,4.5,1.5
1783001850477,2026-07-02 16:17:30.477,C3:00:00:63:4D:04,-71,127,1.0,4.5,1.5
1783001850487,2026-07-02 16:17:30.487,C3:00:00:63:4D:08,-54,127,1.0,4.5,1.5
1783001850489,2026-07-02 16:17:30.489,C3:00:00:63:4D:0D,-50,127,1.0,4.5,1.5
1783001850495,2026-07-02 16:17:30.495,C3:00:00:63:4D:08,-62,127,1.0,4.5,1.5
1783001850560,2026-07-02 16:17:30.560,C3:00:00:63:4D:09,-59,127,1.0,4.5,1.5
1783001850567,2026-07-02 16:17:30.567,C3:00:00:63:4D:0A,-61,127,1.0,4.5,1.5
1783001850577,2026-07-02 16:17:30.577,C3:00:00:63:4D:07,-61,127,1.0,4.5,1.5
1783001850596,2026-07-02 16:17:30.596,C3:00:00:63:4D:0D,-49,127,1.0,4.5,1.5
1783001850598,2026-07-02 16:17:30.598,C3:00:00:63:4D:04,-62,127,1.0,4.5,1.5
1783001850635,2026-07-02 16:17:30.635,C3:00:00:63:4C:D2,-62,127,1.0,4.5,1.5
1783001850641,2026-07-02 16:17:30.641,C3:00:00:63:4D:09,-62,127,1.0,4.5,1.5
1783001850644,2026-07-02 16:17:30.644,C3:00:00:63:4D:05,-56,127,1.0,4.5,1.5
1783001850672,2026-07-02 16:17:30.672,C3:00:00:63:4D:0A,-61,127,1.0,4.5,1.5
1783001850697,2026-07-02 16:17:30.697,C3:00:00:63:4D:0D,-50,127,1.0,4.5,1.5
1783001850711,2026-07-02 16:17:30.711,C3:00:00:63:4D:04,-56,127,1.0,4.5,1.5
1783001850720,2026-07-02 16:17:30.720,C3:00:00:63:4D:07,-62,127,1.0,4.5,1.5
1783001850757,2026-07-02 16:17:30.757,C3:00:00:63:4C:D2,-55,127,1.0,4.5,1.5
1783001850763,2026-07-02 16:17:30.763,C3:00:00:63:4D:05,-63,127,1.0,4.5,1.5
1783001850786,2026-07-02 16:17:30.786,C3:00:00:63:4D:09,-62,127,1.0,4.5,1.5
1783001850792,2026-07-02 16:17:30.792,C3:00:00:63:4D:0D,-50,127,1.0,4.5,1.5
1783001850800,2026-07-02 16:17:30.800,C3:00:00:63:4D:04,-71,127,1.0,4.5,1.5
1783001850804,2026-07-02 16:17:30.804,C3:00:00:63:4D:09,-70,127,1.0,4.5,1.5
1783001850808,2026-07-02 16:17:30.808,C3:00:00:63:4D:07,-62,127,1.0,4.5,1.5
1783001850858,2026-07-02 16:17:30.858,C3:00:00:63:4D:08,-51,127,1.0,4.5,1.5
1783001850864,2026-07-02 16:17:30.864,C3:00:00:63:4D:05,-55,127,1.0,4.5,1.5
1783001850901,2026-07-02 16:17:30.901,C3:00:00:63:4D:09,-59,127,1.0,4.5,1.5
1783001850906,2026-07-02 16:17:30.906,C3:00:00:63:4D:0D,-49,127,1.0,4.5,1.5
1783001850921,2026-07-02 16:17:30.921,C3:00:00:63:4D:07,-62,127,1.0,4.5,1.5
1783001850943,2026-07-02 16:17:30.943,C3:00:00:63:4D:05,-56,127,1.0,4.5,1.5
1783001850959,2026-07-02 16:17:30.959,C3:00:00:63:4D:0A,-61,127,1.0,4.5,1.5
1783001850965,2026-07-02 16:17:30.965,C3:00:00:63:4D:08,-49,127,1.0,4.5,1.5
1783001850977,2026-07-02 16:17:30.977,C3:00:00:63:4C:D2,-62,127,1.0,4.5,1.5
1783001850993,2026-07-02 16:17:30.993,C3:00:00:63:4D:05,-56,127,1.0,4.5,1.5
1783001851001,2026-07-02 16:17:31.001,C3:00:00:63:4D:07,-62,127,1.0,4.5,1.5
1783001851009,2026-07-02 16:17:31.009,C3:00:00:63:4D:0D,-50,127,1.0,4.5,1.5
1783001851021,2026-07-02 16:17:31.021,C3:00:00:63:4D:08,-49,127,1.0,4.5,1.5
1783001851028,2026-07-02 16:17:31.028,C3:00:00:63:4D:09,-62,127,1.0,4.5,1.5
1783001851030,2026-07-02 16:17:31.030,C3:00:00:63:4D:04,-71,127,1.0,4.5,1.5
1783001851033,2026-07-02 16:17:31.033,C3:00:00:63:4D:0D,-50,127,1.0,4.5,1.5
1783001851043,2026-07-02 16:17:31.043,C3:00:00:63:4D:07,-62,127,1.0,4.5,1.5
1783001851063,2026-07-02 16:17:31.063,C3:00:00:63:4D:0A,-62,127,1.0,4.5,1.5
1783001851073,2026-07-02 16:17:31.073,C3:00:00:63:4D:08,-54,127,1.0,4.5,1.5
1783001851091,2026-07-02 16:17:31.091,C3:00:00:63:4C:D2,-55,127,1.0,4.5,1.5
1783001851098,2026-07-02 16:17:31.098,C3:00:00:63:4D:05,-63,127,1.0,4.5,1.5
1783001851108,2026-07-02 16:17:31.108,C3:00:00:63:4D:0D,-50,127,1.0,4.5,1.5
1783001851122,2026-07-02 16:17:31.122,C3:00:00:63:4D:09,-59,127,1.0,4.5,1.5
1783001851159,2026-07-02 16:17:31.159,C3:00:00:63:4D:07,-61,127,1.0,4.5,1.5
1783001851163,2026-07-02 16:17:31.163,C3:00:00:63:4D:0A,-61,127,1.0,4.5,1.5
1783001851208,2026-07-02 16:17:31.208,C3:00:00:63:4D:0D,-49,127,1.0,4.5,1.5
1783001851213,2026-07-02 16:17:31.213,C3:00:00:63:4D:05,-55,127,1.0,4.5,1.5
1783001851239,2026-07-02 16:17:31.239,C3:00:00:63:4D:09,-61,127,1.0,4.5,1.5
1783001851261,2026-07-02 16:17:31.261,C3:00:00:63:4D:0A,-61,127,1.0,4.5,1.5
1783001851267,2026-07-02 16:17:31.267,C3:00:00:63:4D:07,-62,127,1.0,4.5,1.5
1783001851299,2026-07-02 16:17:31.299,C3:00:00:63:4D:08,-49,127,1.0,4.5,1.5
1783001851317,2026-07-02 16:17:31.317,C3:00:00:63:4D:0D,-49,127,1.0,4.5,1.5
1783001851333,2026-07-02 16:17:31.333,C3:00:00:63:4C:D2,-55,127,1.0,4.5,1.5
1783001851336,2026-07-02 16:17:31.336,C3:00:00:63:4D:05,-63,127,1.0,4.5,1.5
1783001851344,2026-07-02 16:17:31.344,C3:00:00:63:4D:04,-71,127,1.0,4.5,1.5
1783001851358,2026-07-02 16:17:31.358,C3:00:00:63:4D:09,-62,127,1.0,4.5,1.5
1783001851364,2026-07-02 16:17:31.364,C3:00:00:63:4D:0A,-62,127,1.0,4.5,1.5
1783001851386,2026-07-02 16:17:31.386,C3:00:00:63:4D:09,-62,127,1.0,4.5,1.5
1783001851392,2026-07-02 16:17:31.392,C3:00:00:63:4D:07,-62,127,1.0,4.5,1.5
1783001851402,2026-07-02 16:17:31.402,C3:00:00:63:4D:08,-54,127,1.0,4.5,1.5
1783001851425,2026-07-02 16:17:31.425,C3:00:00:63:4D:0D,-49,127,1.0,4.5,1.5
1783001851445,2026-07-02 16:17:31.445,C3:00:00:63:4D:0A,-61,127,1.0,4.5,1.5
1783001851451,2026-07-02 16:17:31.451,C3:00:00:63:4C:D2,-64,127,1.0,4.5,1.5
1783001851453,2026-07-02 16:17:31.453,C3:00:00:63:4D:05,-55,127,1.0,4.5,1.5
1783001851459,2026-07-02 16:17:31.459,C3:00:00:63:4D:04,-62,127,1.0,4.5,1.5
1783001851475,2026-07-02 16:17:31.475,C3:00:00:63:4D:09,-59,127,1.0,4.5,1.5
1783001851502,2026-07-02 16:17:31.502,C3:00:00:63:4D:07,-61,127,1.0,4.5,1.5
1783001851509,2026-07-02 16:17:31.509,C3:00:00:63:4C:D2,-64,127,1.0,4.5,1.5
1783001851517,2026-07-02 16:17:31.517,C3:00:00:63:4D:08,-49,127,1.0,4.5,1.5
1783001851535,2026-07-02 16:17:31.535,C3:00:00:63:4D:0D,-50,127,1.0,4.5,1.5
1783001851553,2026-07-02 16:17:31.553,C3:00:00:63:4C:D2,-62,127,1.0,4.5,1.5
1783001851561,2026-07-02 16:17:31.561,C3:00:00:63:4D:0A,-61,127,1.0,4.5,1.5
1783001851580,2026-07-02 16:17:31.580,C3:00:00:63:4C:D2,-62,127,1.0,4.5,1.5
1783001851588,2026-07-02 16:17:31.588,C3:00:00:63:4D:09,-62,127,1.0,4.5,1.5
1783001851618,2026-07-02 16:17:31.618,C3:00:00:63:4D:07,-62,127,1.0,4.5,1.5
1783001851622,2026-07-02 16:17:31.622,C3:00:00:63:4D:08,-54,127,1.0,4.5,1.5
1783001851631,2026-07-02 16:17:31.631,C3:00:00:63:4D:0D,-50,127,1.0,4.5,1.5
1783001851662,2026-07-02 16:17:31.662,C3:00:00:63:4D:05,-64,127,1.0,4.5,1.5
1783001851672,2026-07-02 16:17:31.672,C3:00:00:63:4C:D2,-55,127,1.0,4.5,1.5
1783001851675,2026-07-02 16:17:31.675,C3:00:00:63:4D:04,-71,127,1.0,4.5,1.5
1783001851681,2026-07-02 16:17:31.681,C3:00:00:63:4D:05,-63,127,1.0,4.5,1.5
1783001851701,2026-07-02 16:17:31.701,C3:00:00:63:4D:09,-62,127,1.0,4.5,1.5
1783001851738,2026-07-02 16:17:31.738,C3:00:00:63:4D:0D,-49,127,1.0,4.5,1.5
1783001851748,2026-07-02 16:17:31.748,C3:00:00:63:4D:07,-61,127,1.0,4.5,1.5
1783001851757,2026-07-02 16:17:31.757,C3:00:00:63:4D:0D,-49,127,1.0,4.5,1.5
1783001851767,2026-07-02 16:17:31.767,C3:00:00:63:4D:0A,-61,127,1.0,4.5,1.5
1783001851776,2026-07-02 16:17:31.776,C3:00:00:63:4D:04,-63,127,1.0,4.5,1.5
1783001851788,2026-07-02 16:17:31.788,C3:00:00:63:4D:05,-55,127,1.0,4.5,1.5
1783001851797,2026-07-02 16:17:31.797,C3:00:00:63:4C:D2,-64,127,1.0,4.5,1.5
1783001851820,2026-07-02 16:17:31.820,C3:00:00:63:4D:09,-62,127,1.0,4.5,1.5
1783001851825,2026-07-02 16:17:31.825,C3:00:00:63:4D:04,-56,127,1.0,4.5,1.5
1783001851835,2026-07-02 16:17:31.835,C3:00:00:63:4D:08,-49,127,1.0,4.5,1.5
1783001851843,2026-07-02 16:17:31.843,C3:00:00:63:4D:0D,-49,127,1.0,4.5,1.5
1783001851848,2026-07-02 16:17:31.848,C3:00:00:63:4D:07,-62,127,1.0,4.5,1.5
1783001851860,2026-07-02 16:17:31.860,C3:00:00:63:4D:0A,-61,127,1.0,4.5,1.5
1783001851893,2026-07-02 16:17:31.893,C3:00:00:63:4D:04,-56,127,1.0,4.5,1.5
1783001851897,2026-07-02 16:17:31.897,C3:00:00:63:4C:D2,-62,127,1.0,4.5,1.5
1783001851917,2026-07-02 16:17:31.917,C3:00:00:63:4D:09,-62,127,1.0,4.5,1.5
1783001851939,2026-07-02 16:17:31.939,C3:00:00:63:4D:05,-63,127,1.0,4.5,1.5
1783001851954,2026-07-02 16:17:31.954,C3:00:00:63:4D:08,-54,127,1.0,4.5,1.5
1783001851967,2026-07-02 16:17:31.967,C3:00:00:63:4D:07,-62,127,1.0,4.5,1.5
1783001851975,2026-07-02 16:17:31.975,C3:00:00:63:4D:0A,-62,127,1.0,4.5,1.5
1783001851996,2026-07-02 16:17:31.996,C3:00:00:63:4D:04,-71,127,1.0,4.5,1.5
1783001851999,2026-07-02 16:17:31.999,C3:00:00:63:4D:07,-70,127,1.0,4.5,1.5
1783001852013,2026-07-02 16:17:32.013,C3:00:00:63:4D:05,-55,127,1.0,4.5,1.5
1783001852038,2026-07-02 16:17:32.038,C3:00:00:63:4D:09,-59,127,1.0,4.5,1.5
1783001852051,2026-07-02 16:17:32.051,C3:00:00:63:4D:0D,-49,127,1.0,4.5,1.5
1783001852063,2026-07-02 16:17:32.063,C3:00:00:63:4D:0A,-61,127,1.0,4.5,1.5
1783001852081,2026-07-02 16:17:32.081,C3:00:00:63:4D:07,-61,127,1.0,4.5,1.5
1783001852113,2026-07-02 16:17:32.113,C3:00:00:63:4D:04,-63,127,1.0,4.5,1.5
1783001852128,2026-07-02 16:17:32.128,C3:00:00:63:4C:D2,-62,127,1.0,4.5,1.5
1783001852135,2026-07-02 16:17:32.135,C3:00:00:63:4D:05,-56,127,1.0,4.5,1.5
1783001852150,2026-07-02 16:17:32.150,C3:00:00:63:4D:09,-62,127,1.0,4.5,1.5
1783001852168,2026-07-02 16:17:32.168,C3:00:00:63:4D:08,-49,127,1.0,4.5,1.5
1783001852202,2026-07-02 16:17:32.202,C3:00:00:63:4D:07,-62,127,1.0,4.5,1.5
1783001852221,2026-07-02 16:17:32.221,C3:00:00:63:4D:04,-71,127,1.0,4.5,1.5
1783001852243,2026-07-02 16:17:32.243,C3:00:00:63:4C:D2,-55,127,1.0,4.5,1.5
1783001852264,2026-07-02 16:17:32.264,C3:00:00:63:4D:0D,-50,127,1.0,4.5,1.5
1783001852271,2026-07-02 16:17:32.271,C3:00:00:63:4D:09,-62,127,1.0,4.5,1.5
1783001852306,2026-07-02 16:17:32.306,C3:00:00:63:4D:07,-62,127,1.0,4.5,1.5
1783001852330,2026-07-02 16:17:32.330,C3:00:00:63:4D:04,-62,127,1.0,4.5,1.5
1783001852375,2026-07-02 16:17:32.375,C3:00:00:63:4D:09,-59,127,1.0,4.5,1.5
1783001852380,2026-07-02 16:17:32.380,C3:00:00:63:4D:08,-52,127,1.0,4.5,1.5
1783001852421,2026-07-02 16:17:32.421,C3:00:00:63:4D:07,-62,127,1.0,4.5,1.5
1783001852444,2026-07-02 16:17:32.444,C3:00:00:63:4D:04,-56,127,1.0,4.5,1.5
1783001852461,2026-07-02 16:17:32.461,C3:00:00:63:4D:0A,-61,127,1.0,4.5,1.5
1783001852472,2026-07-02 16:17:32.472,C3:00:00:63:4D:0D,-50,127,1.0,4.5,1.5
1783001852477,2026-07-02 16:17:32.477,C3:00:00:63:4C:D2,-62,127,1.0,4.5,1.5
1783001852481,2026-07-02 16:17:32.481,C3:00:00:63:4D:05,-56,127,1.0,4.5,1.5
1783001852494,2026-07-02 16:17:32.494,C3:00:00:63:4D:08,-49,127,1.0,4.5,1.5
1783001852548,2026-07-02 16:17:32.548,C3:00:00:63:4D:04,-71,127,1.0,4.5,1.5
1783001852556,2026-07-02 16:17:32.556,C3:00:00:63:4D:0A,-62,127,1.0,4.5,1.5
1783001852579,2026-07-02 16:17:32.579,C3:00:00:63:4D:0D,-50,127,1.0,4.5,1.5
1783001852587,2026-07-02 16:17:32.587,C3:00:00:63:4D:0A,-62,127,1.0,4.5,1.5
1783001852592,2026-07-02 16:17:32.592,C3:00:00:63:4D:05,-64,127,1.0,4.5,1.5
1783001852597,2026-07-02 16:17:32.597,C3:00:00:63:4C:D2,-55,127,1.0,4.5,1.5
1783001852600,2026-07-02 16:17:32.600,C3:00:00:63:4D:08,-54,127,1.0,4.5,1.5
1783001852612,2026-07-02 16:17:32.612,C3:00:00:63:4D:09,-62,127,1.0,4.5,1.5
1783001852615,2026-07-02 16:17:32.615,C3:00:00:63:4D:0A,-69,127,1.0,4.5,1.5
1783001852637,2026-07-02 16:17:32.637,C3:00:00:63:4D:09,-59,127,1.0,4.5,1.5
1783001852656,2026-07-02 16:17:32.656,C3:00:00:63:4D:07,-61,127,1.0,4.5,1.5
1783001852660,2026-07-02 16:17:32.660,C3:00:00:63:4D:04,-63,127,1.0,4.5,1.5
1783001852664,2026-07-02 16:17:32.664,C3:00:00:63:4D:0A,-61,127,1.0,4.5,1.5
1783001852674,2026-07-02 16:17:32.674,C3:00:00:63:4D:0D,-49,127,1.0,4.5,1.5
1783001852702,2026-07-02 16:17:32.702,C3:00:00:63:4C:D2,-64,127,1.0,4.5,1.5
1783001852717,2026-07-02 16:17:32.717,C3:00:00:63:4D:05,-55,127,1.0,4.5,1.5
1783001852722,2026-07-02 16:17:32.722,C3:00:00:63:4D:0D,-50,127,1.0,4.5,1.5
1783001852741,2026-07-02 16:17:32.741,C3:00:00:63:4D:08,-49,127,1.0,4.5,1.5
1783001852772,2026-07-02 16:17:32.772,C3:00:00:63:4D:04,-56,127,1.0,4.5,1.5
1783001852823,2026-07-02 16:17:32.823,C3:00:00:63:4D:08,-54,127,1.0,4.5,1.5
1783001852843,2026-07-02 16:17:32.843,C3:00:00:63:4D:05,-63,127,1.0,4.5,1.5
1783001852847,2026-07-02 16:17:32.847,C3:00:00:63:4D:09,-62,127,1.0,4.5,1.5
1783001852849,2026-07-02 16:17:32.849,C3:00:00:63:4D:04,-71,127,1.0,4.5,1.5
1783001852873,2026-07-02 16:17:32.873,C3:00:00:63:4D:04,-71,127,1.0,4.5,1.5
1783001852881,2026-07-02 16:17:32.881,C3:00:00:63:4D:07,-62,127,1.0,4.5,1.5
1783001852901,2026-07-02 16:17:32.901,C3:00:00:63:4D:0D,-50,127,1.0,4.5,1.5
1783001852920,2026-07-02 16:17:32.920,C3:00:00:63:4D:08,-52,127,1.0,4.5,1.5
1783001852932,2026-07-02 16:17:32.932,C3:00:00:63:4C:D2,-64,127,1.0,4.5,1.5
1783001852936,2026-07-02 16:17:32.936,C3:00:00:63:4D:05,-55,127,1.0,4.5,1.5
1783001852948,2026-07-02 16:17:32.948,C3:00:00:63:4D:09,-59,127,1.0,4.5,1.5
1783001852955,2026-07-02 16:17:32.955,C3:00:00:63:4D:05,-55,127,1.0,4.5,1.5
1783001852965,2026-07-02 16:17:32.965,C3:00:00:63:4D:0A,-61,127,1.0,4.5,1.5
1783001852973,2026-07-02 16:17:32.973,C3:00:00:63:4D:04,-62,127,1.0,4.5,1.5
1783001852982,2026-07-02 16:17:32.982,C3:00:00:63:4D:07,-62,127,1.0,4.5,1.5
1783001852995,2026-07-02 16:17:32.995,C3:00:00:63:4D:0D,-49,127,1.0,4.5,1.5
1783001853011,2026-07-02 16:17:33.011,C3:00:00:63:4D:07,-61,127,1.0,4.5,1.5
1783001853044,2026-07-02 16:17:33.044,C3:00:00:63:4D:0D,-50,127,1.0,4.5,1.5
1783001853048,2026-07-02 16:17:33.048,C3:00:00:63:4C:D2,-62,127,1.0,4.5,1.5
1783001853054,2026-07-02 16:17:33.054,C3:00:00:63:4D:08,-49,127,1.0,4.5,1.5
1783001853055,2026-07-02 16:17:33.055,C3:00:00:63:4D:0A,-61,127,1.0,4.5,1.5
1783001853058,2026-07-02 16:17:33.058,C3:00:00:63:4D:05,-56,127,1.0,4.5,1.5
1783001853059,2026-07-02 16:17:33.059,C3:00:00:63:4D:09,-62,127,1.0,4.5,1.5
1783001853080,2026-07-02 16:17:33.080,C3:00:00:63:4D:05,-64,127,1.0,4.5,1.5
1783001853088,2026-07-02 16:17:33.088,C3:00:00:63:4D:04,-56,127,1.0,4.5,1.5
1783001853116,2026-07-02 16:17:33.116,C3:00:00:63:4D:07,-62,127,1.0,4.5,1.5
1783001853204,2026-07-02 16:17:33.204,C3:00:00:63:4D:04,-71,127,1.0,4.5,1.5
1783001853208,2026-07-02 16:17:33.208,C3:00:00:63:4D:0D,-50,127,1.0,4.5,1.5
1783001853229,2026-07-02 16:17:33.229,C3:00:00:63:4D:07,-61,127,1.0,4.5,1.5
1783001853256,2026-07-02 16:17:33.256,C3:00:00:63:4D:08,-51,127,1.0,4.5,1.5
1783001853262,2026-07-02 16:17:33.262,C3:00:00:63:4D:0A,-61,127,1.0,4.5,1.5
1783001853281,2026-07-02 16:17:33.281,C3:00:00:63:4C:D2,-64,127,1.0,4.5,1.5
1783001853289,2026-07-02 16:17:33.289,C3:00:00:63:4D:05,-55,127,1.0,4.5,1.5
1783001853295,2026-07-02 16:17:33.295,C3:00:00:63:4D:09,-59,127,1.0,4.5,1.5
1783001853319,2026-07-02 16:17:33.319,C3:00:00:63:4D:0D,-50,127,1.0,4.5,1.5
1783001853348,2026-07-02 16:17:33.348,C3:00:00:63:4D:07,-62,127,1.0,4.5,1.5
1783001853362,2026-07-02 16:17:33.362,C3:00:00:63:4D:0A,-61,127,1.0,4.5,1.5
1783001853394,2026-07-02 16:17:33.394,C3:00:00:63:4D:09,-62,127,1.0,4.5,1.5
1783001853400,2026-07-02 16:17:33.400,C3:00:00:63:4C:D2,-62,127,1.0,4.5,1.5
1783001853408,2026-07-02 16:17:33.408,C3:00:00:63:4D:05,-56,127,1.0,4.5,1.5
1783001853416,2026-07-02 16:17:33.416,C3:00:00:63:4D:04,-56,127,1.0,4.5,1.5
1783001853421,2026-07-02 16:17:33.421,C3:00:00:63:4D:09,-62,127,1.0,4.5,1.5
1783001853423,2026-07-02 16:17:33.423,C3:00:00:63:4D:0D,-50,127,1.0,4.5,1.5
1783001853436,2026-07-02 16:17:33.436,C3:00:00:63:4D:0A,-63,127,1.0,4.5,1.5
1783001853472,2026-07-02 16:17:33.472,C3:00:00:63:4D:08,-54,127,1.0,4.5,1.5
1783001853515,2026-07-02 16:17:33.515,C3:00:00:63:4D:05,-55,127,1.0,4.5,1.5
1783001853522,2026-07-02 16:17:33.522,C3:00:00:63:4D:0D,-49,127,1.0,4.5,1.5
1783001853562,2026-07-02 16:17:33.562,C3:00:00:63:4D:0A,-61,127,1.0,4.5,1.5
1783001853571,2026-07-02 16:17:33.571,C3:00:00:63:4D:07,-61,127,1.0,4.5,1.5
1783001853587,2026-07-02 16:17:33.587,C3:00:00:63:4D:08,-51,127,1.0,4.5,1.5
1783001853628,2026-07-02 16:17:33.628,C3:00:00:63:4D:0D,-49,127,1.0,4.5,1.5
1783001853642,2026-07-02 16:17:33.642,C3:00:00:63:4D:04,-56,127,1.0,4.5,1.5
1783001853658,2026-07-02 16:17:33.658,C3:00:00:63:4D:0A,-61,127,1.0,4.5,1.5
1783001853690,2026-07-02 16:17:33.690,C3:00:00:63:4D:07,-62,127,1.0,4.5,1.5
1783001853696,2026-07-02 16:17:33.696,C3:00:00:63:4D:08,-49,127,1.0,4.5,1.5
1783001853705,2026-07-02 16:17:33.705,C3:00:00:63:4D:0A,-62,127,1.0,4.5,1.5
1783001853727,2026-07-02 16:17:33.727,C3:00:00:63:4C:D2,-62,127,1.0,4.5,1.5
1783001853743,2026-07-02 16:17:33.743,C3:00:00:63:4C:D2,-55,127,1.0,4.5,1.5
1783001853745,2026-07-02 16:17:33.745,C3:00:00:63:4D:07,-62,127,1.0,4.5,1.5
1783001853786,2026-07-02 16:17:33.786,C3:00:00:63:4D:04,-72,127,1.0,4.5,1.5
1783001853806,2026-07-02 16:17:33.806,C3:00:00:63:4D:08,-54,127,1.0,4.5,1.5
1783001853820,2026-07-02 16:17:33.820,C3:00:00:63:4D:04,-71,127,1.0,4.5,1.5
1783001853841,2026-07-02 16:17:33.841,C3:00:00:63:4D:0D,-49,127,1.0,4.5,1.5
1783001853855,2026-07-02 16:17:33.855,C3:00:00:63:4C:D2,-64,127,1.0,4.5,1.5
1783001853859,2026-07-02 16:17:33.859,C3:00:00:63:4D:05,-55,127,1.0,4.5,1.5
1783001853916,2026-07-02 16:17:33.916,C3:00:00:63:4D:08,-51,127,1.0,4.5,1.5
1783001853920,2026-07-02 16:17:33.920,C3:00:00:63:4D:07,-62,127,1.0,4.5,1.5
1783001853941,2026-07-02 16:17:33.941,C3:00:00:63:4D:0D,-50,127,1.0,4.5,1.5
1783001853960,2026-07-02 16:17:33.960,C3:00:00:63:4D:0A,-61,127,1.0,4.5,1.5
1783001853963,2026-07-02 16:17:33.963,C3:00:00:63:4D:04,-56,127,1.0,4.5,1.5
1783001853969,2026-07-02 16:17:33.969,C3:00:00:63:4D:05,-56,127,1.0,4.5,1.5
1783001853981,2026-07-02 16:17:33.981,C3:00:00:63:4D:09,-62,127,1.0,4.5,1.5
1783001854021,2026-07-02 16:17:34.021,C3:00:00:63:4D:08,-53,127,1.0,4.5,1.5
1783001854032,2026-07-02 16:17:34.032,C3:00:00:63:4D:07,-62,127,1.0,4.5,1.5
1783001854048,2026-07-02 16:17:34.048,C3:00:00:63:4D:0D,-50,127,1.0,4.5,1.5
1783001854064,2026-07-02 16:17:34.064,C3:00:00:63:4D:0A,-62,127,1.0,4.5,1.5
1783001854085,2026-07-02 16:17:34.085,C3:00:00:63:4C:D2,-55,127,1.0,4.5,1.5
1783001854098,2026-07-02 16:17:34.098,C3:00:00:63:4D:05,-63,127,1.0,4.5,1.5
1783001854129,2026-07-02 16:17:34.129,C3:00:00:63:4D:08,-51,127,1.0,4.5,1.5
1783001854149,2026-07-02 16:17:34.149,C3:00:00:63:4D:0D,-49,127,1.0,4.5,1.5
1783001854162,2026-07-02 16:17:34.162,C3:00:00:63:4D:0A,-61,127,1.0,4.5,1.5
1783001854187,2026-07-02 16:17:34.187,C3:00:00:63:4D:04,-62,127,1.0,4.5,1.5
1783001854200,2026-07-02 16:17:34.200,C3:00:00:63:4C:D2,-64,127,1.0,4.5,1.5
1783001854207,2026-07-02 16:17:34.207,C3:00:00:63:4D:09,-59,127,1.0,4.5,1.5
1783001854214,2026-07-02 16:17:34.214,C3:00:00:63:4D:05,-55,127,1.0,4.5,1.5
1783001854232,2026-07-02 16:17:34.232,C3:00:00:63:4D:08,-49,127,1.0,4.5,1.5
1783001854257,2026-07-02 16:17:34.257,C3:00:00:63:4D:0D,-50,127,1.0,4.5,1.5
1783001854266,2026-07-02 16:17:34.266,C3:00:00:63:4D:07,-62,127,1.0,4.5,1.5
1783001854272,2026-07-02 16:17:34.272,C3:00:00:63:4D:0A,-61,127,1.0,4.5,1.5
1783001854278,2026-07-02 16:17:34.278,C3:00:00:63:4D:07,-62,127,1.0,4.5,1.5
1783001854296,2026-07-02 16:17:34.296,C3:00:00:63:4D:04,-56,127,1.0,4.5,1.5
1783001854315,2026-07-02 16:17:34.315,C3:00:00:63:4D:09,-62,127,1.0,4.5,1.5
1783001854320,2026-07-02 16:17:34.320,C3:00:00:63:4C:D2,-55,127,1.0,4.5,1.5
1783001854327,2026-07-02 16:17:34.327,C3:00:00:63:4D:05,-63,127,1.0,4.5,1.5
1783001854343,2026-07-02 16:17:34.343,C3:00:00:63:4D:08,-54,127,1.0,4.5,1.5
1783001854368,2026-07-02 16:17:34.368,C3:00:00:63:4D:0D,-50,127,1.0,4.5,1.5
1783001854372,2026-07-02 16:17:34.372,C3:00:00:63:4D:07,-62,127,1.0,4.5,1.5
1783001854400,2026-07-02 16:17:34.400,C3:00:00:63:4D:04,-71,127,1.0,4.5,1.5
1783001854403,2026-07-02 16:17:34.403,C3:00:00:63:4C:D2,-56,127,1.0,4.5,1.5
1783001854428,2026-07-02 16:17:34.428,C3:00:00:63:4C:D2,-64,127,1.0,4.5,1.5
1783001854463,2026-07-02 16:17:34.463,C3:00:00:63:4D:0A,-61,127,1.0,4.5,1.5
1783001854468,2026-07-02 16:17:34.468,C3:00:00:63:4D:0D,-49,127,1.0,4.5,1.5
1783001854489,2026-07-02 16:17:34.489,C3:00:00:63:4D:07,-61,127,1.0,4.5,1.5
1783001854507,2026-07-02 16:17:34.507,C3:00:00:63:4D:08,-60,127,1.0,4.5,1.5
1783001854512,2026-07-02 16:17:34.512,C3:00:00:63:4D:04,-63,127,1.0,4.5,1.5
1783001854547,2026-07-02 16:17:34.547,C3:00:00:63:4D:05,-56,127,1.0,4.5,1.5
1783001854550,2026-07-02 16:17:34.550,C3:00:00:63:4C:D2,-62,127,1.0,4.5,1.5
1783001854564,2026-07-02 16:17:34.564,C3:00:00:63:4D:08,-49,127,1.0,4.5,1.5
1783001854570,2026-07-02 16:17:34.570,C3:00:00:63:4D:0A,-61,127,1.0,4.5,1.5
1783001854577,2026-07-02 16:17:34.577,C3:00:00:63:4D:0D,-50,127,1.0,4.5,1.5
1783001854608,2026-07-02 16:17:34.608,C3:00:00:63:4D:07,-62,127,1.0,4.5,1.5
1783001854618,2026-07-02 16:17:34.618,C3:00:00:63:4D:04,-71,127,1.0,4.5,1.5
1783001854639,2026-07-02 16:17:34.639,C3:00:00:63:4D:09,-62,127,1.0,4.5,1.5
1783001854661,2026-07-02 16:17:34.661,C3:00:00:63:4C:D2,-55,127,1.0,4.5,1.5
1783001854668,2026-07-02 16:17:34.668,C3:00:00:63:4D:0A,-62,127,1.0,4.5,1.5
1783001854671,2026-07-02 16:17:34.671,C3:00:00:63:4D:05,-63,127,1.0,4.5,1.5
1783001854673,2026-07-02 16:17:34.673,C3:00:00:63:4D:08,-54,127,1.0,4.5,1.5
1783001854733,2026-07-02 16:17:34.733,C3:00:00:63:4D:08,-52,127,1.0,4.5,1.5
1783001854770,2026-07-02 16:17:34.770,C3:00:00:63:4D:09,-59,127,1.0,4.5,1.5
1783001854775,2026-07-02 16:17:34.775,C3:00:00:63:4D:05,-55,127,1.0,4.5,1.5
1783001854793,2026-07-02 16:17:34.793,C3:00:00:63:4D:0D,-49,127,1.0,4.5,1.5
1783001854799,2026-07-02 16:17:34.799,C3:00:00:63:4D:09,-67,127,1.0,4.5,1.5
1783001854829,2026-07-02 16:17:34.829,C3:00:00:63:4D:04,-56,127,1.0,4.5,1.5
1783001854836,2026-07-02 16:17:34.836,C3:00:00:63:4D:07,-62,127,1.0,4.5,1.5
1783001854864,2026-07-02 16:17:34.864,C3:00:00:63:4D:0A,-62,127,1.0,4.5,1.5
1783001854892,2026-07-02 16:17:34.892,C3:00:00:63:4D:0D,-51,127,1.0,4.5,1.5
1783001854901,2026-07-02 16:17:34.901,C3:00:00:63:4C:D2,-61,127,1.0,4.5,1.5
1783001854903,2026-07-02 16:17:34.903,C3:00:00:63:4D:09,-61,127,1.0,4.5,1.5
1783001854912,2026-07-02 16:17:34.912,C3:00:00:63:4D:05,-56,127,1.0,4.5,1.5
1783001854914,2026-07-02 16:17:34.914,C3:00:00:63:4D:08,-48,127,1.0,4.5,1.5
1783001854941,2026-07-02 16:17:34.941,C3:00:00:63:4D:04,-71,127,1.0,4.5,1.5
1783001854948,2026-07-02 16:17:34.948,C3:00:00:63:4D:05,-64,127,1.0,4.5,1.5
1783001854954,2026-07-02 16:17:34.954,C3:00:00:63:4D:07,-62,127,1.0,4.5,1.5
1783001854992,2026-07-02 16:17:34.992,C3:00:00:63:4D:0D,-50,127,1.0,4.5,1.5
1783001854996,2026-07-02 16:17:34.996,C3:00:00:63:4D:07,-62,127,1.0,4.5,1.5
1783001855004,2026-07-02 16:17:35.004,C3:00:00:63:4D:08,-54,127,1.0,4.5,1.5
1783001855005,2026-07-02 16:17:35.005,C3:00:00:63:4C:D2,-55,127,1.0,4.5,1.5
1783001855009,2026-07-02 16:17:35.009,C3:00:00:63:4D:05,-63,127,1.0,4.5,1.5
1783001855050,2026-07-02 16:17:35.050,C3:00:00:63:4D:0D,-49,127,1.0,4.5,1.5
1783001855055,2026-07-02 16:17:35.055,C3:00:00:63:4D:04,-63,127,1.0,4.5,1.5
1783001855060,2026-07-02 16:17:35.060,C3:00:00:63:4D:0A,-61,127,1.0,4.5,1.5
1783001855064,2026-07-02 16:17:35.064,C3:00:00:63:4D:07,-61,127,1.0,4.5,1.5
1783001855098,2026-07-02 16:17:35.098,C3:00:00:63:4D:0D,-49,127,1.0,4.5,1.5
1783001855105,2026-07-02 16:17:35.105,C3:00:00:63:4D:08,-52,127,1.0,4.5,1.5
1783001855117,2026-07-02 16:17:35.117,C3:00:00:63:4D:09,-61,127,1.0,4.5,1.5
1783001855121,2026-07-02 16:17:35.121,C3:00:00:63:4C:D2,-62,127,1.0,4.5,1.5
1783001855134,2026-07-02 16:17:35.134,C3:00:00:63:4D:05,-56,127,1.0,4.5,1.5
1783001855159,2026-07-02 16:17:35.159,C3:00:00:63:4D:0A,-61,127,1.0,4.5,1.5
1783001855164,2026-07-02 16:17:35.164,C3:00:00:63:4D:04,-56,127,1.0,4.5,1.5
1783001855202,2026-07-02 16:17:35.202,C3:00:00:63:4D:0D,-49,127,1.0,4.5,1.5
1783001855216,2026-07-02 16:17:35.216,C3:00:00:63:4D:08,-54,127,1.0,4.5,1.5
1783001855230,2026-07-02 16:17:35.230,C3:00:00:63:4D:09,-62,127,1.0,4.5,1.5
1783001855238,2026-07-02 16:17:35.238,C3:00:00:63:4D:05,-63,127,1.0,4.5,1.5
1783001855243,2026-07-02 16:17:35.243,C3:00:00:63:4C:D2,-55,127,1.0,4.5,1.5
1783001855262,2026-07-02 16:17:35.262,C3:00:00:63:4D:0A,-62,127,1.0,4.5,1.5
1783001855274,2026-07-02 16:17:35.274,C3:00:00:63:4D:04,-71,127,1.0,4.5,1.5
1783001855291,2026-07-02 16:17:35.291,C3:00:00:63:4D:04,-78,127,1.0,4.5,1.5
1783001855303,2026-07-02 16:17:35.303,C3:00:00:63:4D:07,-62,127,1.0,4.5,1.5
1783001855313,2026-07-02 16:17:35.313,C3:00:00:63:4D:0D,-50,127,1.0,4.5,1.5
1783001855323,2026-07-02 16:17:35.323,C3:00:00:63:4D:08,-52,127,1.0,4.5,1.5
1783001855348,2026-07-02 16:17:35.348,C3:00:00:63:4D:09,-59,127,1.0,4.5,1.5
1783001855353,2026-07-02 16:17:35.353,C3:00:00:63:4D:05,-58,127,1.0,4.5,1.5
1783001855376,2026-07-02 16:17:35.376,C3:00:00:63:4D:04,-63,127,1.0,4.5,1.5
1783001855397,2026-07-02 16:17:35.397,C3:00:00:63:4D:09,-60,127,1.0,4.5,1.5
1783001855409,2026-07-02 16:17:35.409,C3:00:00:63:4D:0D,-49,127,1.0,4.5,1.5
1783001855413,2026-07-02 16:17:35.413,C3:00:00:63:4D:07,-61,127,1.0,4.5,1.5
1783001855436,2026-07-02 16:17:35.436,C3:00:00:63:4D:0A,-61,127,1.0,4.5,1.5
1783001855459,2026-07-02 16:17:35.459,C3:00:00:63:4D:09,-61,127,1.0,4.5,1.5
1783001855467,2026-07-02 16:17:35.467,C3:00:00:63:4C:D2,-61,127,1.0,4.5,1.5
1783001855469,2026-07-02 16:17:35.469,C3:00:00:63:4D:05,-56,127,1.0,4.5,1.5
1783001855487,2026-07-02 16:17:35.487,C3:00:00:63:4D:04,-56,127,1.0,4.5,1.5
1783001855522,2026-07-02 16:17:35.522,C3:00:00:63:4D:0D,-51,127,1.0,4.5,1.5
1783001855562,2026-07-02 16:17:35.562,C3:00:00:63:4D:0A,-62,127,1.0,4.5,1.5
1783001855585,2026-07-02 16:17:35.585,C3:00:00:63:4D:09,-60,127,1.0,4.5,1.5
1783001855608,2026-07-02 16:17:35.608,C3:00:00:63:4C:D2,-55,127,1.0,4.5,1.5
1783001855615,2026-07-02 16:17:35.615,C3:00:00:63:4D:05,-61,127,1.0,4.5,1.5
1783001855617,2026-07-02 16:17:35.617,C3:00:00:63:4D:04,-75,127,1.0,4.5,1.5
1783001855618,2026-07-02 16:17:35.618,C3:00:00:63:4C:D2,-55,127,1.0,4.5,1.5
1783001855627,2026-07-02 16:17:35.627,C3:00:00:63:4D:0D,-50,127,1.0,4.5,1.5
1783001855636,2026-07-02 16:17:35.636,C3:00:00:63:4D:07,-61,127,1.0,4.5,1.5
1783001855653,2026-07-02 16:17:35.653,C3:00:00:63:4D:08,-51,127,1.0,4.5,1.5
1783001855684,2026-07-02 16:17:35.684,C3:00:00:63:4D:09,-59,127,1.0,4.5,1.5
1783001855699,2026-07-02 16:17:35.699,C3:00:00:63:4C:D2,-64,127,1.0,4.5,1.5
1783001855709,2026-07-02 16:17:35.709,C3:00:00:63:4D:04,-63,127,1.0,4.5,1.5
1783001855753,2026-07-02 16:17:35.753,C3:00:00:63:4D:07,-62,127,1.0,4.5,1.5
1783001855758,2026-07-02 16:17:35.758,C3:00:00:63:4D:0A,-62,127,1.0,4.5,1.5
1783001855767,2026-07-02 16:17:35.767,C3:00:00:63:4D:0D,-50,127,1.0,4.5,1.5
1783001855773,2026-07-02 16:17:35.773,C3:00:00:63:4D:08,-48,127,1.0,4.5,1.5
1783001855799,2026-07-02 16:17:35.799,C3:00:00:63:4D:09,-62,127,1.0,4.5,1.5
1783001855811,2026-07-02 16:17:35.811,C3:00:00:63:4D:04,-56,127,1.0,4.5,1.5
1783001855819,2026-07-02 16:17:35.819,C3:00:00:63:4C:D2,-55,127,1.0,4.5,1.5
1783001855826,2026-07-02 16:17:35.826,C3:00:00:63:4D:09,-60,127,1.0,4.5,1.5
1783001855866,2026-07-02 16:17:35.866,C3:00:00:63:4D:0A,-62,127,1.0,4.5,1.5
1783001855872,2026-07-02 16:17:35.872,C3:00:00:63:4D:08,-53,127,1.0,4.5,1.5
1783001855877,2026-07-02 16:17:35.877,C3:00:00:63:4D:07,-60,127,1.0,4.5,1.5
1783001855922,2026-07-02 16:17:35.922,C3:00:00:63:4C:D2,-64,127,1.0,4.5,1.5
1783001855926,2026-07-02 16:17:35.926,C3:00:00:63:4D:04,-63,127,1.0,4.5,1.5
1783001855933,2026-07-02 16:17:35.933,C3:00:00:63:4D:05,-55,127,1.0,4.5,1.5
1783001855937,2026-07-02 16:17:35.937,C3:00:00:63:4D:0D,-50,127,1.0,4.5,1.5
1783001855959,2026-07-02 16:17:35.959,C3:00:00:63:4D:0A,-61,127,1.0,4.5,1.5
1783001855976,2026-07-02 16:17:35.976,C3:00:00:63:4D:08,-51,127,1.0,4.5,1.5
1783001855989,2026-07-02 16:17:35.989,C3:00:00:63:4D:07,-61,127,1.0,4.5,1.5
1783001856014,2026-07-02 16:17:36.014,C3:00:00:63:4D:07,-68,127,1.0,4.5,1.5
1783001856037,2026-07-02 16:17:36.037,C3:00:00:63:4C:D2,-62,127,1.0,4.5,1.5
1783001856043,2026-07-02 16:17:36.043,C3:00:00:63:4D:05,-56,127,1.0,4.5,1.5
1783001856050,2026-07-02 16:17:36.050,C3:00:00:63:4D:0D,-49,127,1.0,4.5,1.5
1783001856054,2026-07-02 16:17:36.054,C3:00:00:63:4D:0A,-61,127,1.0,4.5,1.5
1783001856089,2026-07-02 16:17:36.089,C3:00:00:63:4D:08,-49,127,1.0,4.5,1.5
1783001856105,2026-07-02 16:17:36.105,C3:00:00:63:4D:07,-62,127,1.0,4.5,1.5
1783001856144,2026-07-02 16:17:36.144,C3:00:00:63:4D:09,-62,127,1.0,4.5,1.5
1783001856153,2026-07-02 16:17:36.153,C3:00:00:63:4C:D2,-55,127,1.0,4.5,1.5
1783001856206,2026-07-02 16:17:36.206,C3:00:00:63:4D:08,-54,127,1.0,4.5,1.5
1783001856252,2026-07-02 16:17:36.252,C3:00:00:63:4D:09,-59,127,1.0,4.5,1.5
1783001856258,2026-07-02 16:17:36.258,C3:00:00:63:4D:04,-62,127,1.0,4.5,1.5
1783001856264,2026-07-02 16:17:36.264,C3:00:00:63:4D:0A,-61,127,1.0,4.5,1.5
1783001856283,2026-07-02 16:17:36.283,C3:00:00:63:4C:D2,-64,127,1.0,4.5,1.5
1783001856287,2026-07-02 16:17:36.287,C3:00:00:63:4D:05,-55,127,1.0,4.5,1.5
1783001856332,2026-07-02 16:17:36.332,C3:00:00:63:4D:07,-62,127,1.0,4.5,1.5
1783001856352,2026-07-02 16:17:36.352,C3:00:00:63:4D:0D,-49,127,1.0,4.5,1.5
1783001856385,2026-07-02 16:17:36.385,C3:00:00:63:4C:D2,-62,127,1.0,4.5,1.5
1783001856389,2026-07-02 16:17:36.389,C3:00:00:63:4D:05,-56,127,1.0,4.5,1.5
1783001856404,2026-07-02 16:17:36.404,C3:00:00:63:4C:D2,-62,127,1.0,4.5,1.5
1783001856419,2026-07-02 16:17:36.419,C3:00:00:63:4D:08,-49,127,1.0,4.5,1.5
1783001856443,2026-07-02 16:17:36.443,C3:00:00:63:4D:07,-60,127,1.0,4.5,1.5
1783001856465,2026-07-02 16:17:36.465,C3:00:00:63:4D:0A,-62,127,1.0,4.5,1.5
1783001856469,2026-07-02 16:17:36.469,C3:00:00:63:4D:0D,-51,127,1.0,4.5,1.5
1783001856477,2026-07-02 16:17:36.477,C3:00:00:63:4D:04,-75,127,1.0,4.5,1.5
1783001856480,2026-07-02 16:17:36.480,C3:00:00:63:4D:09,-60,127,1.0,4.5,1.5
1783001856499,2026-07-02 16:17:36.499,C3:00:00:63:4C:D2,-55,127,1.0,4.5,1.5
1783001856511,2026-07-02 16:17:36.511,C3:00:00:63:4D:05,-61,127,1.0,4.5,1.5
1783001856520,2026-07-02 16:17:36.520,C3:00:00:63:4D:08,-51,127,1.0,4.5,1.5
1783001856569,2026-07-02 16:17:36.569,C3:00:00:63:4D:0D,-50,127,1.0,4.5,1.5
1783001856589,2026-07-02 16:17:36.589,C3:00:00:63:4D:04,-63,127,1.0,4.5,1.5
1783001856600,2026-07-02 16:17:36.600,C3:00:00:63:4D:09,-59,127,1.0,4.5,1.5
1783001856624,2026-07-02 16:17:36.624,C3:00:00:63:4D:05,-56,127,1.0,4.5,1.5
1783001856650,2026-07-02 16:17:36.650,C3:00:00:63:4D:0A,-70,127,1.0,4.5,1.5
1783001856655,2026-07-02 16:17:36.655,C3:00:00:63:4D:08,-48,127,1.0,4.5,1.5
1783001856676,2026-07-02 16:17:36.676,C3:00:00:63:4D:0D,-51,127,1.0,4.5,1.5
1783001856683,2026-07-02 16:17:36.683,C3:00:00:63:4D:07,-62,127,1.0,4.5,1.5
1783001856692,2026-07-02 16:17:36.692,C3:00:00:63:4D:04,-56,127,1.0,4.5,1.5
1783001856710,2026-07-02 16:17:36.710,C3:00:00:63:4D:09,-62,127,1.0,4.5,1.5
1783001856717,2026-07-02 16:17:36.717,C3:00:00:63:4D:0D,-52,127,1.0,4.5,1.5
1783001856734,2026-07-02 16:17:36.734,C3:00:00:63:4D:08,-53,127,1.0,4.5,1.5
1783001856758,2026-07-02 16:17:36.758,C3:00:00:63:4D:08,-53,127,1.0,4.5,1.5
1783001856767,2026-07-02 16:17:36.767,C3:00:00:63:4D:0A,-62,127,1.0,4.5,1.5
1783001856791,2026-07-02 16:17:36.791,C3:00:00:63:4D:0D,-51,127,1.0,4.5,1.5
1783001856802,2026-07-02 16:17:36.802,C3:00:00:63:4D:04,-75,127,1.0,4.5,1.5
1783001856823,2026-07-02 16:17:36.823,C3:00:00:63:4D:09,-59,127,1.0,4.5,1.5
1783001856844,2026-07-02 16:17:36.844,C3:00:00:63:4C:D2,-64,127,1.0,4.5,1.5
1783001856849,2026-07-02 16:17:36.849,C3:00:00:63:4D:04,-63,127,1.0,4.5,1.5
1783001856854,2026-07-02 16:17:36.854,C3:00:00:63:4D:08,-51,127,1.0,4.5,1.5
1783001856858,2026-07-02 16:17:36.858,C3:00:00:63:4D:0A,-62,127,1.0,4.5,1.5
1783001856876,2026-07-02 16:17:36.876,C3:00:00:63:4D:0D,-50,127,1.0,4.5,1.5
1783001856894,2026-07-02 16:17:36.894,C3:00:00:63:4D:0D,-58,127,1.0,4.5,1.5
1783001856900,2026-07-02 16:17:36.900,C3:00:00:63:4D:04,-63,127,1.0,4.5,1.5
1783001856914,2026-07-02 16:17:36.914,C3:00:00:63:4D:07,-61,127,1.0,4.5,1.5
1783001856946,2026-07-02 16:17:36.946,C3:00:00:63:4D:09,-62,127,1.0,4.5,1.5
1783001856950,2026-07-02 16:17:36.950,C3:00:00:63:4D:05,-56,127,1.0,4.5,1.5
1783001856964,2026-07-02 16:17:36.964,C3:00:00:63:4D:0A,-61,127,1.0,4.5,1.5
1783001856969,2026-07-02 16:17:36.969,C3:00:00:63:4D:05,-56,127,1.0,4.5,1.5
1783001856971,2026-07-02 16:17:36.971,C3:00:00:63:4D:08,-49,127,1.0,4.5,1.5
1783001856985,2026-07-02 16:17:36.985,C3:00:00:63:4D:0D,-50,127,1.0,4.5,1.5
1783001857014,2026-07-02 16:17:37.014,C3:00:00:63:4D:04,-56,127,1.0,4.5,1.5
1783001857025,2026-07-02 16:17:37.025,C3:00:00:63:4D:07,-62,127,1.0,4.5,1.5
1783001857059,2026-07-02 16:17:37.059,C3:00:00:63:4D:09,-62,127,1.0,4.5,1.5
1783001857069,2026-07-02 16:17:37.069,C3:00:00:63:4D:0D,-50,127,1.0,4.5,1.5
1783001857071,2026-07-02 16:17:37.071,C3:00:00:63:4C:D2,-55,127,1.0,4.5,1.5
1783001857076,2026-07-02 16:17:37.076,C3:00:00:63:4D:05,-63,127,1.0,4.5,1.5
1783001857092,2026-07-02 16:17:37.092,C3:00:00:63:4D:0D,-50,127,1.0,4.5,1.5
1783001857096,2026-07-02 16:17:37.096,C3:00:00:63:4D:05,-71,127,1.0,4.5,1.5
1783001857120,2026-07-02 16:17:37.120,C3:00:00:63:4D:04,-63,127,1.0,4.5,1.5
1783001857140,2026-07-02 16:17:37.140,C3:00:00:63:4D:07,-61,127,1.0,4.5,1.5
1783001857166,2026-07-02 16:17:37.166,C3:00:00:63:4D:0A,-61,127,1.0,4.5,1.5
1783001857174,2026-07-02 16:17:37.174,C3:00:00:63:4D:09,-59,127,1.0,4.5,1.5
1783001857187,2026-07-02 16:17:37.187,C3:00:00:63:4D:08,-51,127,1.0,4.5,1.5
1783001857192,2026-07-02 16:17:37.192,C3:00:00:63:4C:D2,-64,127,1.0,4.5,1.5
1783001857195,2026-07-02 16:17:37.195,C3:00:00:63:4D:05,-55,127,1.0,4.5,1.5
1783001857231,2026-07-02 16:17:37.231,C3:00:00:63:4D:04,-56,127,1.0,4.5,1.5
1783001857248,2026-07-02 16:17:37.248,C3:00:00:63:4D:07,-62,127,1.0,4.5,1.5
1783001857254,2026-07-02 16:17:37.254,C3:00:00:63:4D:0A,-61,127,1.0,4.5,1.5
1783001857286,2026-07-02 16:17:37.286,C3:00:00:63:4D:09,-62,127,1.0,4.5,1.5
1783001857292,2026-07-02 16:17:37.292,C3:00:00:63:4D:08,-49,127,1.0,4.5,1.5
1783001857306,2026-07-02 16:17:37.306,C3:00:00:63:4D:0D,-50,127,1.0,4.5,1.5
1783001857312,2026-07-02 16:17:37.312,C3:00:00:63:4D:05,-56,127,1.0,4.5,1.5
1783001857357,2026-07-02 16:17:37.357,C3:00:00:63:4D:0A,-62,127,1.0,4.5,1.5
1783001857369,2026-07-02 16:17:37.369,C3:00:00:63:4D:07,-62,127,1.0,4.5,1.5
1783001857400,2026-07-02 16:17:37.400,C3:00:00:63:4D:09,-62,127,1.0,4.5,1.5
1783001857408,2026-07-02 16:17:37.408,C3:00:00:63:4D:08,-54,127,1.0,4.5,1.5
1783001857427,2026-07-02 16:17:37.427,C3:00:00:63:4C:D2,-64,127,1.0,4.5,1.5
1783001857428,2026-07-02 16:17:37.428,C3:00:00:63:4D:09,-60,127,1.0,4.5,1.5
1783001857437,2026-07-02 16:17:37.437,C3:00:00:63:4D:0A,-62,127,1.0,4.5,1.5
1783001857448,2026-07-02 16:17:37.448,C3:00:00:63:4D:04,-63,127,1.0,4.5,1.5
1783001857481,2026-07-02 16:17:37.481,C3:00:00:63:4D:07,-61,127,1.0,4.5,1.5
1783001857512,2026-07-02 16:17:37.512,C3:00:00:63:4D:0D,-50,127,1.0,4.5,1.5
1783001857538,2026-07-02 16:17:37.538,C3:00:00:63:4C:D2,-62,127,1.0,4.5,1.5
1783001857547,2026-07-02 16:17:37.547,C3:00:00:63:4D:05,-56,127,1.0,4.5,1.5
1783001857558,2026-07-02 16:17:37.558,C3:00:00:63:4D:0A,-61,127,1.0,4.5,1.5
1783001857596,2026-07-02 16:17:37.596,C3:00:00:63:4D:07,-62,127,1.0,4.5,1.5
1783001857600,2026-07-02 16:17:37.600,C3:00:00:63:4C:D2,-61,127,1.0,4.5,1.5
1783001857617,2026-07-02 16:17:37.617,C3:00:00:63:4D:0D,-51,127,1.0,4.5,1.5
1783001857622,2026-07-02 16:17:37.622,C3:00:00:63:4D:08,-53,127,1.0,4.5,1.5
1783001857626,2026-07-02 16:17:37.626,C3:00:00:63:4D:09,-60,127,1.0,4.5,1.5
1783001857652,2026-07-02 16:17:37.652,C3:00:00:63:4C:D2,-54,127,1.0,4.5,1.5
1783001857654,2026-07-02 16:17:37.654,C3:00:00:63:4D:05,-60,127,1.0,4.5,1.5
1783001857665,2026-07-02 16:17:37.665,C3:00:00:63:4D:0A,-60,127,1.0,4.5,1.5
1783001857702,2026-07-02 16:17:37.702,C3:00:00:63:4D:05,-60,127,1.0,4.5,1.5
1783001857709,2026-07-02 16:17:37.709,C3:00:00:63:4D:07,-60,127,1.0,4.5,1.5
1783001857719,2026-07-02 16:17:37.719,C3:00:00:63:4D:0A,-62,127,1.0,4.5,1.5
1783001857723,2026-07-02 16:17:37.723,C3:00:00:63:4D:08,-51,127,1.0,4.5,1.5
1783001857732,2026-07-02 16:17:37.732,C3:00:00:63:4C:D2,-72,127,1.0,4.5,1.5
1783001857744,2026-07-02 16:17:37.744,C3:00:00:63:4D:09,-59,127,1.0,4.5,1.5
1783001857758,2026-07-02 16:17:37.758,C3:00:00:63:4D:0A,-62,127,1.0,4.5,1.5
1783001857767,2026-07-02 16:17:37.767,C3:00:00:63:4D:05,-55,127,1.0,4.5,1.5
1783001857773,2026-07-02 16:17:37.773,C3:00:00:63:4D:07,-62,127,1.0,4.5,1.5
1783001857776,2026-07-02 16:17:37.776,C3:00:00:63:4D:0D,-50,127,1.0,4.5,1.5
1783001857777,2026-07-02 16:17:37.777,C3:00:00:63:4D:04,-63,127,1.0,4.5,1.5
1783001857800,2026-07-02 16:17:37.800,C3:00:00:63:4D:04,-63,127,1.0,4.5,1.5
1783001857823,2026-07-02 16:17:37.823,C3:00:00:63:4D:0D,-50,127,1.0,4.5,1.5
1783001857831,2026-07-02 16:17:37.831,C3:00:00:63:4D:04,-56,127,1.0,4.5,1.5
1783001857835,2026-07-02 16:17:37.835,C3:00:00:63:4D:08,-48,127,1.0,4.5,1.5
1783001857851,2026-07-02 16:17:37.851,C3:00:00:63:4D:09,-62,127,1.0,4.5,1.5
1783001857860,2026-07-02 16:17:37.860,C3:00:00:63:4D:0A,-62,127,1.0,4.5,1.5
1783001857880,2026-07-02 16:17:37.880,C3:00:00:63:4C:D2,-62,127,1.0,4.5,1.5
1783001857897,2026-07-02 16:17:37.897,C3:00:00:63:4D:04,-56,127,1.0,4.5,1.5
1783001857934,2026-07-02 16:17:37.934,C3:00:00:63:4D:0D,-50,127,1.0,4.5,1.5
1783001857954,2026-07-02 16:17:37.954,C3:00:00:63:4D:08,-54,127,1.0,4.5,1.5
1783001857956,2026-07-02 16:17:37.956,C3:00:00:63:4D:07,-61,127,1.0,4.5,1.5
1783001857970,2026-07-02 16:17:37.970,C3:00:00:63:4D:09,-63,127,1.0,4.5,1.5
1783001857998,2026-07-02 16:17:37.998,C3:00:00:63:4C:D2,-55,127,1.0,4.5,1.5
1783001858006,2026-07-02 16:17:38.006,C3:00:00:63:4D:05,-64,127,1.0,4.5,1.5
1783001858012,2026-07-02 16:17:38.012,C3:00:00:63:4D:04,-69,127,1.0,4.5,1.5
1783001858034,2026-07-02 16:17:38.034,C3:00:00:63:4D:0D,-49,127,1.0,4.5,1.5
1783001858055,2026-07-02 16:17:38.055,C3:00:00:63:4D:07,-61,127,1.0,4.5,1.5
1783001858060,2026-07-02 16:17:38.060,C3:00:00:63:4D:08,-52,127,1.0,4.5,1.5
1783001858066,2026-07-02 16:17:38.066,C3:00:00:63:4D:0A,-61,127,1.0,4.5,1.5
1783001858079,2026-07-02 16:17:38.079,C3:00:00:63:4D:09,-58,127,1.0,4.5,1.5
1783001858102,2026-07-02 16:17:38.102,C3:00:00:63:4D:04,-62,127,1.0,4.5,1.5
1783001858143,2026-07-02 16:17:38.143,C3:00:00:63:4D:0D,-49,127,1.0,4.5,1.5
1783001858166,2026-07-02 16:17:38.166,C3:00:00:63:4D:0A,-61,127,1.0,4.5,1.5
1783001858172,2026-07-02 16:17:38.172,C3:00:00:63:4D:08,-49,127,1.0,4.5,1.5
1783001858174,2026-07-02 16:17:38.174,C3:00:00:63:4D:07,-63,127,1.0,4.5,1.5
1783001858188,2026-07-02 16:17:38.188,C3:00:00:63:4D:09,-62,127,1.0,4.5,1.5
1783001858228,2026-07-02 16:17:38.228,C3:00:00:63:4D:05,-64,127,1.0,4.5,1.5
1783001858232,2026-07-02 16:17:38.232,C3:00:00:63:4C:D2,-55,127,1.0,4.5,1.5
1783001858243,2026-07-02 16:17:38.243,C3:00:00:63:4D:0D,-50,127,1.0,4.5,1.5
1783001858256,2026-07-02 16:17:38.256,C3:00:00:63:4D:0A,-62,127,1.0,4.5,1.5
1783001858271,2026-07-02 16:17:38.271,C3:00:00:63:4D:08,-54,127,1.0,4.5,1.5
1783001858301,2026-07-02 16:17:38.301,C3:00:00:63:4D:07,-61,127,1.0,4.5,1.5
1783001858314,2026-07-02 16:17:38.314,C3:00:00:63:4D:09,-65,127,1.0,4.5,1.5
1783001858325,2026-07-02 16:17:38.325,C3:00:00:63:4D:04,-62,127,1.0,4.5,1.5
1783001858347,2026-07-02 16:17:38.347,C3:00:00:63:4C:D2,-64,127,1.0,4.5,1.5
1783001858349,2026-07-02 16:17:38.349,C3:00:00:63:4D:05,-54,127,1.0,4.5,1.5
1783001858353,2026-07-02 16:17:38.353,C3:00:00:63:4D:0D,-49,127,1.0,4.5,1.5
1783001858364,2026-07-02 16:17:38.364,C3:00:00:63:4D:0A,-60,127,1.0,4.5,1.5
1783001858402,2026-07-02 16:17:38.402,C3:00:00:63:4C:D2,-64,127,1.0,4.5,1.5
1783001858404,2026-07-02 16:17:38.404,C3:00:00:63:4D:07,-62,127,1.0,4.5,1.5
1783001858427,2026-07-02 16:17:38.427,C3:00:00:63:4D:09,-62,127,1.0,4.5,1.5
1783001858440,2026-07-02 16:17:38.440,C3:00:00:63:4D:04,-56,127,1.0,4.5,1.5
1783001858458,2026-07-02 16:17:38.458,C3:00:00:63:4D:0A,-61,127,1.0,4.5,1.5
1783001858464,2026-07-02 16:17:38.464,C3:00:00:63:4D:05,-55,127,1.0,4.5,1.5
1783001858484,2026-07-02 16:17:38.484,C3:00:00:63:4D:08,-48,127,1.0,4.5,1.5
1783001858505,2026-07-02 16:17:38.505,C3:00:00:63:4D:08,-56,127,1.0,4.5,1.5
1783001858515,2026-07-02 16:17:38.515,C3:00:00:63:4D:07,-63,127,1.0,4.5,1.5
1783001858532,2026-07-02 16:17:38.532,C3:00:00:63:4D:08,-54,127,1.0,4.5,1.5
1783001858559,2026-07-02 16:17:38.559,C3:00:00:63:4D:0A,-61,127,1.0,4.5,1.5
1783001858564,2026-07-02 16:17:38.564,C3:00:00:63:4D:0D,-50,127,1.0,4.5,1.5
1783001858574,2026-07-02 16:17:38.574,C3:00:00:63:4C:D2,-54,127,1.0,4.5,1.5
1783001858580,2026-07-02 16:17:38.580,C3:00:00:63:4D:05,-64,127,1.0,4.5,1.5
1783001858593,2026-07-02 16:17:38.593,C3:00:00:63:4D:08,-54,127,1.0,4.5,1.5
1783001858630,2026-07-02 16:17:38.630,C3:00:00:63:4D:07,-61,127,1.0,4.5,1.5
1783001858639,2026-07-02 16:17:38.639,C3:00:00:63:4D:09,-59,127,1.0,4.5,1.5
1783001858658,2026-07-02 16:17:38.658,C3:00:00:63:4D:0A,-61,127,1.0,4.5,1.5
1783001858707,2026-07-02 16:17:38.707,C3:00:00:63:4D:08,-52,127,1.0,4.5,1.5
1783001858742,2026-07-02 16:17:38.742,C3:00:00:63:4D:07,-63,127,1.0,4.5,1.5
1783001858750,2026-07-02 16:17:38.750,C3:00:00:63:4D:08,-48,127,1.0,4.5,1.5
1783001858758,2026-07-02 16:17:38.758,C3:00:00:63:4D:0A,-61,127,1.0,4.5,1.5
1783001858766,2026-07-02 16:17:38.766,C3:00:00:63:4D:09,-62,127,1.0,4.5,1.5
1783001858767,2026-07-02 16:17:38.767,C3:00:00:63:4D:04,-56,127,1.0,4.5,1.5
1783001858769,2026-07-02 16:17:38.769,C3:00:00:63:4D:0D,-49,127,1.0,4.5,1.5
1783001858801,2026-07-02 16:17:38.801,C3:00:00:63:4D:05,-55,127,1.0,4.5,1.5
1783001858802,2026-07-02 16:17:38.802,C3:00:00:63:4C:D2,-62,127,1.0,4.5,1.5
1783001858859,2026-07-02 16:17:38.859,C3:00:00:63:4D:07,-61,127,1.0,4.5,1.5
1783001858869,2026-07-02 16:17:38.869,C3:00:00:63:4D:04,-71,127,1.0,4.5,1.5
1783001858886,2026-07-02 16:17:38.886,C3:00:00:63:4D:09,-62,127,1.0,4.5,1.5
1783001858887,2026-07-02 16:17:38.887,C3:00:00:63:4D:0D,-50,127,1.0,4.5,1.5
1783001858916,2026-07-02 16:17:38.916,C3:00:00:63:4D:05,-54,127,1.0,4.5,1.5
1783001858922,2026-07-02 16:17:38.922,C3:00:00:63:4D:08,-52,127,1.0,4.5,1.5
1783001858946,2026-07-02 16:17:38.946,C3:00:00:63:4D:05,-55,127,1.0,4.5,1.5
1783001858961,2026-07-02 16:17:38.961,C3:00:00:63:4D:0A,-61,127,1.0,4.5,1.5
1783001858980,2026-07-02 16:17:38.980,C3:00:00:63:4D:0D,-49,127,1.0,4.5,1.5
1783001858998,2026-07-02 16:17:38.998,C3:00:00:63:4D:09,-59,127,1.0,4.5,1.5
1783001859009,2026-07-02 16:17:39.009,C3:00:00:63:4D:07,-62,127,1.0,4.5,1.5
1783001859058,2026-07-02 16:17:39.058,C3:00:00:63:4D:0A,-61,127,1.0,4.5,1.5
1783001859067,2026-07-02 16:17:39.067,C3:00:00:63:4D:08,-49,127,1.0,4.5,1.5
1783001859085,2026-07-02 16:17:39.085,C3:00:00:63:4D:0D,-49,127,1.0,4.5,1.5
1783001859087,2026-07-02 16:17:39.087,C3:00:00:63:4D:04,-55,127,1.0,4.5,1.5
1783001859100,2026-07-02 16:17:39.100,C3:00:00:63:4D:07,-64,127,1.0,4.5,1.5
1783001859114,2026-07-02 16:17:39.114,C3:00:00:63:4D:09,-61,127,1.0,4.5,1.5
1783001859147,2026-07-02 16:17:39.147,C3:00:00:63:4D:08,-54,127,1.0,4.5,1.5
1783001859155,2026-07-02 16:17:39.155,C3:00:00:63:4C:D2,-54,127,1.0,4.5,1.5
1783001859159,2026-07-02 16:17:39.159,C3:00:00:63:4D:05,-63,127,1.0,4.5,1.5
1783001859194,2026-07-02 16:17:39.194,C3:00:00:63:4D:04,-71,127,1.0,4.5,1.5
1783001859199,2026-07-02 16:17:39.199,C3:00:00:63:4D:0D,-49,127,1.0,4.5,1.5
1783001859221,2026-07-02 16:17:39.221,C3:00:00:63:4D:07,-61,127,1.0,4.5,1.5
1783001859224,2026-07-02 16:17:39.224,C3:00:00:63:4D:09,-59,127,1.0,4.5,1.5
1783001859248,2026-07-02 16:17:39.248,C3:00:00:63:4D:08,-52,127,1.0,4.5,1.5
1783001859260,2026-07-02 16:17:39.260,C3:00:00:63:4C:D2,-65,127,1.0,4.5,1.5
1783001859265,2026-07-02 16:17:39.265,C3:00:00:63:4D:05,-54,127,1.0,4.5,1.5
1783001859289,2026-07-02 16:17:39.289,C3:00:00:63:4D:04,-72,127,1.0,4.5,1.5
1783001859320,2026-07-02 16:17:39.320,C3:00:00:63:4D:04,-55,127,1.0,4.5,1.5
1783001859333,2026-07-02 16:17:39.333,C3:00:00:63:4D:09,-61,127,1.0,4.5,1.5
1783001859365,2026-07-02 16:17:39.365,C3:00:00:63:4D:0A,-62,127,1.0,4.5,1.5
1783001859384,2026-07-02 16:17:39.384,C3:00:00:63:4D:05,-55,127,1.0,4.5,1.5
1783001859405,2026-07-02 16:17:39.405,C3:00:00:63:4D:0D,-50,127,1.0,4.5,1.5
1783001859422,2026-07-02 16:17:39.422,C3:00:00:63:4D:04,-55,127,1.0,4.5,1.5
1783001859426,2026-07-02 16:17:39.426,C3:00:00:63:4D:09,-61,127,1.0,4.5,1.5
1783001859451,2026-07-02 16:17:39.451,C3:00:00:63:4D:09,-60,127,1.0,4.5,1.5
1783001859458,2026-07-02 16:17:39.458,C3:00:00:63:4D:0A,-62,127,1.0,4.5,1.5
1783001859493,2026-07-02 16:17:39.493,C3:00:00:63:4C:D2,-54,127,1.0,4.5,1.5
1783001859512,2026-07-02 16:17:39.512,C3:00:00:63:4D:0D,-49,127,1.0,4.5,1.5
1783001859523,2026-07-02 16:17:39.523,C3:00:00:63:4D:04,-64,127,1.0,4.5,1.5
1783001859529,2026-07-02 16:17:39.529,C3:00:00:63:4C:D2,-65,127,1.0,4.5,1.5
1783001859578,2026-07-02 16:17:39.578,C3:00:00:63:4D:08,-52,127,1.0,4.5,1.5
1783001859606,2026-07-02 16:17:39.606,C3:00:00:63:4C:D2,-66,127,1.0,4.5,1.5
1783001859615,2026-07-02 16:17:39.615,C3:00:00:63:4D:0D,-47,127,1.0,4.5,1.5
1783001859625,2026-07-02 16:17:39.625,C3:00:00:63:4C:D2,-62,127,1.0,4.5,1.5
1783001859629,2026-07-02 16:17:39.629,C3:00:00:63:4D:04,-56,127,1.0,4.5,1.5
1783001859661,2026-07-02 16:17:39.661,C3:00:00:63:4D:0A,-62,127,1.0,4.5,1.5
1783001859666,2026-07-02 16:17:39.666,C3:00:00:63:4D:07,-64,127,1.0,4.5,1.5
1783001859687,2026-07-02 16:17:39.687,C3:00:00:63:4D:08,-48,127,1.0,4.5,1.5
1783001859722,2026-07-02 16:17:39.722,C3:00:00:63:4D:0D,-51,127,1.0,4.5,1.5
1783001859729,2026-07-02 16:17:39.729,C3:00:00:63:4C:D2,-54,127,1.0,4.5,1.5
1783001859737,2026-07-02 16:17:39.737,C3:00:00:63:4D:05,-60,127,1.0,4.5,1.5
1783001859742,2026-07-02 16:17:39.742,C3:00:00:63:4D:04,-73,127,1.0,4.5,1.5
1783001859755,2026-07-02 16:17:39.755,C3:00:00:63:4D:0A,-62,127,1.0,4.5,1.5
1783001859782,2026-07-02 16:17:39.782,C3:00:00:63:4D:0D,-50,127,1.0,4.5,1.5
1783001859789,2026-07-02 16:17:39.789,C3:00:00:63:4D:07,-59,127,1.0,4.5,1.5
1783001859798,2026-07-02 16:17:39.798,C3:00:00:63:4D:09,-62,127,1.0,4.5,1.5
1783001859804,2026-07-02 16:17:39.804,C3:00:00:63:4D:08,-54,127,1.0,4.5,1.5
1783001859808,2026-07-02 16:17:39.808,C3:00:00:63:4D:07,-61,127,1.0,4.5,1.5
1783001859813,2026-07-02 16:17:39.813,C3:00:00:63:4D:04,-63,127,1.0,4.5,1.5
1783001859824,2026-07-02 16:17:39.824,C3:00:00:63:4D:0D,-50,127,1.0,4.5,1.5
1783001859836,2026-07-02 16:17:39.836,C3:00:00:63:4C:D2,-64,127,1.0,4.5,1.5
1783001859846,2026-07-02 16:17:39.846,C3:00:00:63:4D:05,-54,127,1.0,4.5,1.5
1783001859863,2026-07-02 16:17:39.863,C3:00:00:63:4D:04,-63,127,1.0,4.5,1.5
1783001859894,2026-07-02 16:17:39.894,C3:00:00:63:4D:07,-63,127,1.0,4.5,1.5
1783001859904,2026-07-02 16:17:39.904,C3:00:00:63:4D:08,-51,127,1.0,4.5,1.5
1783001859912,2026-07-02 16:17:39.912,C3:00:00:63:4D:09,-58,127,1.0,4.5,1.5
1783001859925,2026-07-02 16:17:39.925,C3:00:00:63:4D:0D,-50,127,1.0,4.5,1.5
1783001859955,2026-07-02 16:17:39.955,C3:00:00:63:4D:05,-55,127,1.0,4.5,1.5
1783001859978,2026-07-02 16:17:39.978,C3:00:00:63:4D:05,-55,127,1.0,4.5,1.5
1783001860006,2026-07-02 16:17:40.006,C3:00:00:63:4D:07,-70,127,1.0,4.5,1.5
1783001860016,2026-07-02 16:17:40.016,C3:00:00:63:4D:08,-51,127,1.0,4.5,1.5
1783001860040,2026-07-02 16:17:40.040,C3:00:00:63:4D:07,-60,127,1.0,4.5,1.5
1783001860042,2026-07-02 16:17:40.042,C3:00:00:63:4D:0D,-50,127,1.0,4.5,1.5
1783001860060,2026-07-02 16:17:40.060,C3:00:00:63:4D:0A,-62,127,1.0,4.5,1.5
1783001860065,2026-07-02 16:17:40.065,C3:00:00:63:4C:D2,-55,127,1.0,4.5,1.5
1783001860067,2026-07-02 16:17:40.067,C3:00:00:63:4D:04,-81,127,1.0,4.5,1.5
1783001860118,2026-07-02 16:17:40.118,C3:00:00:63:4D:08,-51,127,1.0,4.5,1.5
1783001860139,2026-07-02 16:17:40.139,C3:00:00:63:4D:0D,-49,127,1.0,4.5,1.5
1783001860161,2026-07-02 16:17:40.161,C3:00:00:63:4D:0A,-60,127,1.0,4.5,1.5
1783001860183,2026-07-02 16:17:40.183,C3:00:00:63:4D:04,-62,127,1.0,4.5,1.5
1783001860188,2026-07-02 16:17:40.188,C3:00:00:63:4C:D2,-65,127,1.0,4.5,1.5
1783001860192,2026-07-02 16:17:40.192,C3:00:00:63:4D:05,-55,127,1.0,4.5,1.5
1783001860228,2026-07-02 16:17:40.228,C3:00:00:63:4D:08,-49,127,1.0,4.5,1.5
1783001860239,2026-07-02 16:17:40.239,C3:00:00:63:4D:07,-62,127,1.0,4.5,1.5
1783001860256,2026-07-02 16:17:40.256,C3:00:00:63:4D:0A,-60,127,1.0,4.5,1.5
1783001860286,2026-07-02 16:17:40.286,C3:00:00:63:4D:04,-56,127,1.0,4.5,1.5
1783001860295,2026-07-02 16:17:40.295,C3:00:00:63:4C:D2,-61,127,1.0,4.5,1.5
1783001860303,2026-07-02 16:17:40.303,C3:00:00:63:4D:05,-56,127,1.0,4.5,1.5
1783001860343,2026-07-02 16:17:40.343,C3:00:00:63:4D:08,-54,127,1.0,4.5,1.5
1783001860350,2026-07-02 16:17:40.350,C3:00:00:63:4D:0D,-49,127,1.0,4.5,1.5
1783001860357,2026-07-02 16:17:40.357,C3:00:00:63:4D:07,-62,127,1.0,4.5,1.5
1783001860365,2026-07-02 16:17:40.365,C3:00:00:63:4D:0A,-61,127,1.0,4.5,1.5
1783001860394,2026-07-02 16:17:40.394,C3:00:00:63:4D:04,-74,127,1.0,4.5,1.5
1783001860400,2026-07-02 16:17:40.400,C3:00:00:63:4C:D2,-56,127,1.0,4.5,1.5
1783001860415,2026-07-02 16:17:40.415,C3:00:00:63:4D:05,-55,127,1.0,4.5,1.5
1783001860447,2026-07-02 16:17:40.447,C3:00:00:63:4D:0D,-49,127,1.0,4.5,1.5
1783001860453,2026-07-02 16:17:40.453,C3:00:00:63:4D:08,-53,127,1.0,4.5,1.5
1783001860458,2026-07-02 16:17:40.458,C3:00:00:63:4D:0A,-62,127,1.0,4.5,1.5
1783001860470,2026-07-02 16:17:40.470,C3:00:00:63:4D:07,-62,127,1.0,4.5,1.5
1783001860480,2026-07-02 16:17:40.480,C3:00:00:63:4D:09,-59,127,1.0,4.5,1.5
1783001860504,2026-07-02 16:17:40.504,C3:00:00:63:4D:04,-61,127,1.0,4.5,1.5
1783001860524,2026-07-02 16:17:40.524,C3:00:00:63:4C:D2,-61,127,1.0,4.5,1.5
1783001860534,2026-07-02 16:17:40.534,C3:00:00:63:4D:05,-56,127,1.0,4.5,1.5
1783001860558,2026-07-02 16:17:40.558,C3:00:00:63:4D:0D,-50,127,1.0,4.5,1.5
1783001860563,2026-07-02 16:17:40.563,C3:00:00:63:4D:08,-49,127,1.0,4.5,1.5
1783001860567,2026-07-02 16:17:40.567,C3:00:00:63:4D:0A,-60,127,1.0,4.5,1.5
1783001860579,2026-07-02 16:17:40.579,C3:00:00:63:4D:0A,-60,127,1.0,4.5,1.5
1783001860588,2026-07-02 16:17:40.588,C3:00:00:63:4D:07,-62,127,1.0,4.5,1.5
1783001860610,2026-07-02 16:17:40.610,C3:00:00:63:4D:04,-56,127,1.0,4.5,1.5
1783001860644,2026-07-02 16:17:40.644,C3:00:00:63:4D:0A,-70,127,1.0,4.5,1.5
1783001860648,2026-07-02 16:17:40.648,C3:00:00:63:4C:D2,-56,127,1.0,4.5,1.5
1783001860663,2026-07-02 16:17:40.663,C3:00:00:63:4D:0D,-49,127,1.0,4.5,1.5
1783001860709,2026-07-02 16:17:40.709,C3:00:00:63:4D:09,-64,127,1.0,4.5,1.5
1783001860724,2026-07-02 16:17:40.724,C3:00:00:63:4D:04,-62,127,1.0,4.5,1.5
1783001860744,2026-07-02 16:17:40.744,C3:00:00:63:4D:08,-52,127,1.0,4.5,1.5
1783001860757,2026-07-02 16:17:40.757,C3:00:00:63:4D:05,-54,127,1.0,4.5,1.5
1783001860778,2026-07-02 16:17:40.778,C3:00:00:63:4D:08,-53,127,1.0,4.5,1.5
1783001860815,2026-07-02 16:17:40.815,C3:00:00:63:4D:07,-62,127,1.0,4.5,1.5
1783001860859,2026-07-02 16:17:40.859,C3:00:00:63:4D:0A,-60,127,1.0,4.5,1.5
1783001860864,2026-07-02 16:17:40.864,C3:00:00:63:4D:04,-56,127,1.0,4.5,1.5
1783001860886,2026-07-02 16:17:40.886,C3:00:00:63:4C:D2,-61,127,1.0,4.5,1.5
1783001860890,2026-07-02 16:17:40.890,C3:00:00:63:4D:0D,-50,127,1.0,4.5,1.5
1783001860893,2026-07-02 16:17:40.893,C3:00:00:63:4D:05,-55,127,1.0,4.5,1.5
1783001860894,2026-07-02 16:17:40.894,C3:00:00:63:4D:08,-48,127,1.0,4.5,1.5
1783001860899,2026-07-02 16:17:40.899,C3:00:00:63:4D:0D,-58,127,1.0,4.5,1.5
1783001860927,2026-07-02 16:17:40.927,C3:00:00:63:4D:09,-64,127,1.0,4.5,1.5
1783001860939,2026-07-02 16:17:40.939,C3:00:00:63:4D:07,-62,127,1.0,4.5,1.5
1783001860946,2026-07-02 16:17:40.946,C3:00:00:63:4D:04,-73,127,1.0,4.5,1.5
1783001860958,2026-07-02 16:17:40.958,C3:00:00:63:4D:0A,-62,127,1.0,4.5,1.5
1783001860976,2026-07-02 16:17:40.976,C3:00:00:63:4D:0D,-49,127,1.0,4.5,1.5
1783001860983,2026-07-02 16:17:40.983,C3:00:00:63:4C:D2,-55,127,1.0,4.5,1.5
1783001860994,2026-07-02 16:17:40.994,C3:00:00:63:4D:05,-62,127,1.0,4.5,1.5
1783001860998,2026-07-02 16:17:40.998,C3:00:00:63:4D:08,-54,127,1.0,4.5,1.5
1783001861039,2026-07-02 16:17:41.039,C3:00:00:63:4D:09,-59,127,1.0,4.5,1.5
1783001861045,2026-07-02 16:17:41.045,C3:00:00:63:4D:04,-62,127,1.0,4.5,1.5
1783001861058,2026-07-02 16:17:41.058,C3:00:00:63:4D:0A,-61,127,1.0,4.5,1.5
1783001861084,2026-07-02 16:17:41.084,C3:00:00:63:4D:0D,-49,127,1.0,4.5,1.5
1783001861091,2026-07-02 16:17:41.091,C3:00:00:63:4D:08,-52,127,1.0,4.5,1.5
1783001861096,2026-07-02 16:17:41.096,C3:00:00:63:4D:05,-62,127,1.0,4.5,1.5
1783001861103,2026-07-02 16:17:41.103,C3:00:00:63:4C:D2,-64,127,1.0,4.5,1.5
1783001861107,2026-07-02 16:17:41.107,C3:00:00:63:4D:0D,-49,127,1.0,4.5,1.5
1783001861162,2026-07-02 16:17:41.162,C3:00:00:63:4D:04,-55,127,1.0,4.5,1.5
1783001861187,2026-07-02 16:17:41.187,C3:00:00:63:4D:0D,-50,127,1.0,4.5,1.5
1783001861212,2026-07-02 16:17:41.212,C3:00:00:63:4D:08,-48,127,1.0,4.5,1.5
1783001861222,2026-07-02 16:17:41.222,C3:00:00:63:4C:D2,-55,127,1.0,4.5,1.5
1783001861228,2026-07-02 16:17:41.228,C3:00:00:63:4D:05,-62,127,1.0,4.5,1.5
1783001861273,2026-07-02 16:17:41.273,C3:00:00:63:4D:04,-78,127,1.0,4.5,1.5
1783001861284,2026-07-02 16:17:41.284,C3:00:00:63:4D:09,-64,127,1.0,4.5,1.5
1783001861301,2026-07-02 16:17:41.301,C3:00:00:63:4D:07,-62,127,1.0,4.5,1.5
1783001861310,2026-07-02 16:17:41.310,C3:00:00:63:4D:0D,-49,127,1.0,4.5,1.5
1783001861327,2026-07-02 16:17:41.327,C3:00:00:63:4D:08,-53,127,1.0,4.5,1.5
1783001861340,2026-07-02 16:17:41.340,C3:00:00:63:4C:D2,-64,127,1.0,4.5,1.5
1783001861357,2026-07-02 16:17:41.357,C3:00:00:63:4D:0A,-61,127,1.0,4.5,1.5
1783001861376,2026-07-02 16:17:41.376,C3:00:00:63:4D:04,-62,127,1.0,4.5,1.5
1783001861395,2026-07-02 16:17:41.395,C3:00:00:63:4D:07,-62,127,1.0,4.5,1.5
1783001861404,2026-07-02 16:17:41.404,C3:00:00:63:4D:0D,-49,127,1.0,4.5,1.5
1783001861434,2026-07-02 16:17:41.434,C3:00:00:63:4D:08,-48,127,1.0,4.5,1.5
1783001861441,2026-07-02 16:17:41.441,C3:00:00:63:4D:09,-63,127,1.0,4.5,1.5
1783001861443,2026-07-02 16:17:41.443,C3:00:00:63:4D:0A,-60,127,1.0,4.5,1.5
1783001861445,2026-07-02 16:17:41.445,C3:00:00:63:4D:05,-55,127,1.0,4.5,1.5
1783001861447,2026-07-02 16:17:41.447,C3:00:00:63:4C:D2,-61,127,1.0,4.5,1.5
1783001861452,2026-07-02 16:17:41.452,C3:00:00:63:4D:0A,-60,127,1.0,4.5,1.5
1783001861485,2026-07-02 16:17:41.485,C3:00:00:63:4D:04,-56,127,1.0,4.5,1.5
1783001861500,2026-07-02 16:17:41.500,C3:00:00:63:4D:0D,-50,127,1.0,4.5,1.5
1783001861506,2026-07-02 16:17:41.506,C3:00:00:63:4D:09,-61,127,1.0,4.5,1.5
1783001861512,2026-07-02 16:17:41.512,C3:00:00:63:4D:07,-62,127,1.0,4.5,1.5
1783001861543,2026-07-02 16:17:41.543,C3:00:00:63:4D:08,-54,127,1.0,4.5,1.5
1783001861603,2026-07-02 16:17:41.603,C3:00:00:63:4D:0D,-49,127,1.0,4.5,1.5
1783001861626,2026-07-02 16:17:41.626,C3:00:00:63:4C:D2,-65,127,1.0,4.5,1.5
1783001861645,2026-07-02 16:17:41.645,C3:00:00:63:4D:08,-52,127,1.0,4.5,1.5
1783001861662,2026-07-02 16:17:41.662,C3:00:00:63:4D:0A,-61,127,1.0,4.5,1.5
1783001861679,2026-07-02 16:17:41.679,C3:00:00:63:4C:D2,-64,127,1.0,4.5,1.5
1783001861686,2026-07-02 16:17:41.686,C3:00:00:63:4D:05,-54,127,1.0,4.5,1.5
1783001861704,2026-07-02 16:17:41.704,C3:00:00:63:4D:04,-62,127,1.0,4.5,1.5
1783001861709,2026-07-02 16:17:41.709,C3:00:00:63:4D:0D,-49,127,1.0,4.5,1.5
1783001861715,2026-07-02 16:17:41.715,C3:00:00:63:4D:0A,-61,127,1.0,4.5,1.5
1783001861731,2026-07-02 16:17:41.731,C3:00:00:63:4D:09,-61,127,1.0,4.5,1.5
1783001861738,2026-07-02 16:17:41.738,C3:00:00:63:4D:05,-55,127,1.0,4.5,1.5
1783001861746,2026-07-02 16:17:41.746,C3:00:00:63:4C:D2,-69,127,1.0,4.5,1.5
1783001861755,2026-07-02 16:17:41.755,C3:00:00:63:4D:08,-48,127,1.0,4.5,1.5
1783001861760,2026-07-02 16:17:41.760,C3:00:00:63:4D:0A,-60,127,1.0,4.5,1.5
1783001861782,2026-07-02 16:17:41.782,C3:00:00:63:4D:0D,-50,127,1.0,4.5,1.5
1783001861787,2026-07-02 16:17:41.787,C3:00:00:63:4C:D2,-61,127,1.0,4.5,1.5
1783001861794,2026-07-02 16:17:41.794,C3:00:00:63:4D:05,-55,127,1.0,4.5,1.5
1783001861803,2026-07-02 16:17:41.803,C3:00:00:63:4D:07,-62,127,1.0,4.5,1.5
1783001861813,2026-07-02 16:17:41.813,C3:00:00:63:4D:04,-56,127,1.0,4.5,1.5
1783001861818,2026-07-02 16:17:41.818,C3:00:00:63:4D:0D,-49,127,1.0,4.5,1.5
1783001861838,2026-07-02 16:17:41.838,C3:00:00:63:4D:04,-80,127,1.0,4.5,1.5
1783001861847,2026-07-02 16:17:41.847,C3:00:00:63:4D:09,-63,127,1.0,4.5,1.5
1783001861855,2026-07-02 16:17:41.855,C3:00:00:63:4D:07,-61,127,1.0,4.5,1.5
1783001861861,2026-07-02 16:17:41.861,C3:00:00:63:4D:0A,-62,127,1.0,4.5,1.5
1783001861869,2026-07-02 16:17:41.869,C3:00:00:63:4D:08,-54,127,1.0,4.5,1.5
1783001861906,2026-07-02 16:17:41.906,C3:00:00:63:4C:D2,-55,127,1.0,4.5,1.5
1783001861925,2026-07-02 16:17:41.925,C3:00:00:63:4D:0D,-49,127,1.0,4.5,1.5
1783001861964,2026-07-02 16:17:41.964,C3:00:00:63:4D:0A,-61,127,1.0,4.5,1.5
1783001861966,2026-07-02 16:17:41.966,C3:00:00:63:4D:09,-59,127,1.0,4.5,1.5
1783001861969,2026-07-02 16:17:41.969,C3:00:00:63:4D:07,-62,127,1.0,4.5,1.5
1783001861979,2026-07-02 16:17:41.979,C3:00:00:63:4D:08,-52,127,1.0,4.5,1.5
1783001862016,2026-07-02 16:17:42.016,C3:00:00:63:4C:D2,-62,127,1.0,4.5,1.5
1783001862023,2026-07-02 16:17:42.023,C3:00:00:63:4D:0D,-50,127,1.0,4.5,1.5
1783001862065,2026-07-02 16:17:42.065,C3:00:00:63:4D:0A,-60,127,1.0,4.5,1.5
1783001862070,2026-07-02 16:17:42.070,C3:00:00:63:4D:09,-61,127,1.0,4.5,1.5
1783001862079,2026-07-02 16:17:42.079,C3:00:00:63:4D:08,-49,127,1.0,4.5,1.5
1783001862160,2026-07-02 16:17:42.160,C3:00:00:63:4D:0A,-62,127,1.0,4.5,1.5
1783001862194,2026-07-02 16:17:42.194,C3:00:00:63:4D:07,-61,127,1.0,4.5,1.5
1783001862235,2026-07-02 16:17:42.235,C3:00:00:63:4D:0D,-49,127,1.0,4.5,1.5
1783001862249,2026-07-02 16:17:42.249,C3:00:00:63:4D:04,-62,127,1.0,4.5,1.5
1783001862262,2026-07-02 16:17:42.262,C3:00:00:63:4C:D2,-64,127,1.0,4.5,1.5
1783001862286,2026-07-02 16:17:42.286,C3:00:00:63:4D:07,-62,127,1.0,4.5,1.5
1783001862295,2026-07-02 16:17:42.295,C3:00:00:63:4D:09,-59,127,1.0,4.5,1.5
1783001862303,2026-07-02 16:17:42.303,C3:00:00:63:4D:08,-52,127,1.0,4.5,1.5
1783001862315,2026-07-02 16:17:42.315,C3:00:00:63:4D:07,-62,127,1.0,4.5,1.5
1783001862338,2026-07-02 16:17:42.338,C3:00:00:63:4D:0D,-50,127,1.0,4.5,1.5
1783001862357,2026-07-02 16:17:42.357,C3:00:00:63:4D:04,-55,127,1.0,4.5,1.5
1783001862363,2026-07-02 16:17:42.363,C3:00:00:63:4D:0A,-60,127,1.0,4.5,1.5
1783001862370,2026-07-02 16:17:42.370,C3:00:00:63:4C:D2,-62,127,1.0,4.5,1.5
1783001862376,2026-07-02 16:17:42.376,C3:00:00:63:4D:05,-55,127,1.0,4.5,1.5
1783001862409,2026-07-02 16:17:42.409,C3:00:00:63:4C:D2,-62,127,1.0,4.5,1.5
1783001862425,2026-07-02 16:17:42.425,C3:00:00:63:4D:07,-61,127,1.0,4.5,1.5
1783001862443,2026-07-02 16:17:42.443,C3:00:00:63:4D:0D,-49,127,1.0,4.5,1.5
1783001862463,2026-07-02 16:17:42.463,C3:00:00:63:4D:0A,-62,127,1.0,4.5,1.5
1783001862470,2026-07-02 16:17:42.470,C3:00:00:63:4D:04,-81,127,1.0,4.5,1.5
1783001862480,2026-07-02 16:17:42.480,C3:00:00:63:4D:08,-54,127,1.0,4.5,1.5
1783001862486,2026-07-02 16:17:42.486,C3:00:00:63:4D:05,-63,127,1.0,4.5,1.5
1783001862500,2026-07-02 16:17:42.500,C3:00:00:63:4D:08,-62,127,1.0,4.5,1.5
1783001862519,2026-07-02 16:17:42.519,C3:00:00:63:4D:08,-51,127,1.0,4.5,1.5
1783001862528,2026-07-02 16:17:42.528,C3:00:00:63:4D:09,-59,127,1.0,4.5,1.5
1783001862546,2026-07-02 16:17:42.546,C3:00:00:63:4D:0D,-49,127,1.0,4.5,1.5
1783001862575,2026-07-02 16:17:42.575,C3:00:00:63:4D:04,-62,127,1.0,4.5,1.5
1783001862645,2026-07-02 16:17:42.645,C3:00:00:63:4D:09,-61,127,1.0,4.5,1.5
1783001862655,2026-07-02 16:17:42.655,C3:00:00:63:4D:0D,-50,127,1.0,4.5,1.5
1783001862669,2026-07-02 16:17:42.669,C3:00:00:63:4D:0A,-61,127,1.0,4.5,1.5
1783001862691,2026-07-02 16:17:42.691,C3:00:00:63:4D:09,-62,127,1.0,4.5,1.5
1783001862716,2026-07-02 16:17:42.716,C3:00:00:63:4C:D2,-60,127,1.0,4.5,1.5
1783001862722,2026-07-02 16:17:42.722,C3:00:00:63:4D:05,-61,127,1.0,4.5,1.5
1783001862758,2026-07-02 16:17:42.758,C3:00:00:63:4D:08,-54,127,1.0,4.5,1.5
1783001862798,2026-07-02 16:17:42.798,C3:00:00:63:4D:04,-80,127,1.0,4.5,1.5
1783001862816,2026-07-02 16:17:42.816,C3:00:00:63:4D:09,-66,127,1.0,4.5,1.5
1783001862859,2026-07-02 16:17:42.859,C3:00:00:63:4D:0A,-61,127,1.0,4.5,1.5
1783001862869,2026-07-02 16:17:42.869,C3:00:00:63:4D:0D,-50,127,1.0,4.5,1.5
1783001862875,2026-07-02 16:17:42.875,C3:00:00:63:4D:09,-58,127,1.0,4.5,1.5
1783001862943,2026-07-02 16:17:42.943,C3:00:00:63:4D:05,-54,127,1.0,4.5,1.5
1783001862953,2026-07-02 16:17:42.953,C3:00:00:63:4D:08,-48,127,1.0,4.5,1.5
1783001863005,2026-07-02 16:17:43.005,C3:00:00:63:4D:07,-61,127,1.0,4.5,1.5
1783001863025,2026-07-02 16:17:43.025,C3:00:00:63:4D:07,-62,127,1.0,4.5,1.5
1783001863059,2026-07-02 16:17:43.059,C3:00:00:63:4C:D2,-56,127,1.0,4.5,1.5
1783001863063,2026-07-02 16:17:43.063,C3:00:00:63:4D:0A,-63,127,1.0,4.5,1.5
1783001863070,2026-07-02 16:17:43.070,C3:00:00:63:4D:0D,-50,127,1.0,4.5,1.5
1783001863088,2026-07-02 16:17:43.088,C3:00:00:63:4D:0D,-50,127,1.0,4.5,1.5
1783001863094,2026-07-02 16:17:43.094,C3:00:00:63:4D:08,-54,127,1.0,4.5,1.5
1783001863216,2026-07-02 16:17:43.216,C3:00:00:63:4D:09,-61,127,1.0,4.5,1.5
1783001863227,2026-07-02 16:17:43.227,C3:00:00:63:4D:07,-62,127,1.0,4.5,1.5
1783001863236,2026-07-02 16:17:43.236,C3:00:00:63:4D:04,-58,127,1.0,4.5,1.5
1783001863282,2026-07-02 16:17:43.282,C3:00:00:63:4D:0D,-50,127,1.0,4.5,1.5
1783001863293,2026-07-02 16:17:43.293,C3:00:00:63:4D:08,-48,127,1.0,4.5,1.5
1783001863298,2026-07-02 16:17:43.298,C3:00:00:63:4D:05,-55,127,1.0,4.5,1.5
1783001863340,2026-07-02 16:17:43.340,C3:00:00:63:4D:04,-82,127,1.0,4.5,1.5
1783001863345,2026-07-02 16:17:43.345,C3:00:00:63:4D:07,-62,127,1.0,4.5,1.5
1783001863359,2026-07-02 16:17:43.359,C3:00:00:63:4D:0A,-63,127,1.0,4.5,1.5
1783001863435,2026-07-02 16:17:43.435,C3:00:00:63:4D:09,-58,127,1.0,4.5,1.5
1783001863445,2026-07-02 16:17:43.445,C3:00:00:63:4D:04,-61,127,1.0,4.5,1.5
1783001863466,2026-07-02 16:17:43.466,C3:00:00:63:4D:09,-58,127,1.0,4.5,1.5
1783001863468,2026-07-02 16:17:43.468,C3:00:00:63:4D:0A,-61,127,1.0,4.5,1.5
1783001863471,2026-07-02 16:17:43.471,C3:00:00:63:4D:07,-61,127,1.0,4.5,1.5
1783001863500,2026-07-02 16:17:43.500,C3:00:00:63:4D:0D,-47,127,1.0,4.5,1.5
1783001863504,2026-07-02 16:17:43.504,C3:00:00:63:4D:08,-51,127,1.0,4.5,1.5
1783001863518,2026-07-02 16:17:43.518,C3:00:00:63:4C:D2,-61,127,1.0,4.5,1.5
1783001863525,2026-07-02 16:17:43.525,C3:00:00:63:4D:05,-54,127,1.0,4.5,1.5
1783001863546,2026-07-02 16:17:43.546,C3:00:00:63:4C:D2,-61,127,1.0,4.5,1.5
1783001863562,2026-07-02 16:17:43.562,C3:00:00:63:4D:0A,-61,127,1.0,4.5,1.5
1783001863571,2026-07-02 16:17:43.571,C3:00:00:63:4D:07,-60,127,1.0,4.5,1.5
1783001863596,2026-07-02 16:17:43.596,C3:00:00:63:4D:0D,-51,127,1.0,4.5,1.5
1783001863610,2026-07-02 16:17:43.610,C3:00:00:63:4D:08,-48,127,1.0,4.5,1.5
1783001863626,2026-07-02 16:17:43.626,C3:00:00:63:4C:D2,-55,127,1.0,4.5,1.5
1783001863641,2026-07-02 16:17:43.641,C3:00:00:63:4D:05,-63,127,1.0,4.5,1.5
1783001863654,2026-07-02 16:17:43.654,C3:00:00:63:4C:D2,-56,127,1.0,4.5,1.5
1783001863660,2026-07-02 16:17:43.660,C3:00:00:63:4D:0A,-62,127,1.0,4.5,1.5
1783001863674,2026-07-02 16:17:43.674,C3:00:00:63:4D:09,-60,127,1.0,4.5,1.5
1783001863704,2026-07-02 16:17:43.704,C3:00:00:63:4D:0D,-51,127,1.0,4.5,1.5
1783001863717,2026-07-02 16:17:43.717,C3:00:00:63:4D:0A,-61,127,1.0,4.5,1.5
1783001863719,2026-07-02 16:17:43.719,C3:00:00:63:4D:08,-51,127,1.0,4.5,1.5
1783001863746,2026-07-02 16:17:43.746,C3:00:00:63:4D:05,-54,127,1.0,4.5,1.5
1783001863767,2026-07-02 16:17:43.767,C3:00:00:63:4D:05,-54,127,1.0,4.5,1.5
1783001863780,2026-07-02 16:17:43.780,C3:00:00:63:4D:09,-58,127,1.0,4.5,1.5
1783001863785,2026-07-02 16:17:43.785,C3:00:00:63:4D:04,-62,127,1.0,4.5,1.5
1783001863795,2026-07-02 16:17:43.795,C3:00:00:63:4D:0D,-50,127,1.0,4.5,1.5
1783001863801,2026-07-02 16:17:43.801,C3:00:00:63:4D:09,-58,127,1.0,4.5,1.5
1783001863803,2026-07-02 16:17:43.803,C3:00:00:63:4D:07,-63,127,1.0,4.5,1.5
1783001863820,2026-07-02 16:17:43.820,C3:00:00:63:4D:0D,-51,127,1.0,4.5,1.5
1783001863826,2026-07-02 16:17:43.826,C3:00:00:63:4D:08,-48,127,1.0,4.5,1.5
1783001863841,2026-07-02 16:17:43.841,C3:00:00:63:4D:04,-56,127,1.0,4.5,1.5
1783001863856,2026-07-02 16:17:43.856,C3:00:00:63:4D:0A,-61,127,1.0,4.5,1.5
1783001863862,2026-07-02 16:17:43.862,C3:00:00:63:4D:04,-56,127,1.0,4.5,1.5
1783001863869,2026-07-02 16:17:43.869,C3:00:00:63:4C:D2,-61,127,1.0,4.5,1.5
1783001863875,2026-07-02 16:17:43.875,C3:00:00:63:4D:05,-54,127,1.0,4.5,1.5
1783001863883,2026-07-02 16:17:43.883,C3:00:00:63:4D:04,-56,127,1.0,4.5,1.5
1783001863896,2026-07-02 16:17:43.896,C3:00:00:63:4D:09,-60,127,1.0,4.5,1.5
1783001863912,2026-07-02 16:17:43.912,C3:00:00:63:4D:0D,-51,127,1.0,4.5,1.5
1783001863927,2026-07-02 16:17:43.927,C3:00:00:63:4D:07,-60,127,1.0,4.5,1.5
1783001863941,2026-07-02 16:17:43.941,C3:00:00:63:4D:08,-53,127,1.0,4.5,1.5
1783001863959,2026-07-02 16:17:43.959,C3:00:00:63:4D:0A,-62,127,1.0,4.5,1.5
1783001863978,2026-07-02 16:17:43.978,C3:00:00:63:4D:05,-63,127,1.0,4.5,1.5
1783001863984,2026-07-02 16:17:43.984,C3:00:00:63:4C:D2,-55,127,1.0,4.5,1.5
1783001863999,2026-07-02 16:17:43.999,C3:00:00:63:4D:05,-64,127,1.0,4.5,1.5
1783001864011,2026-07-02 16:17:44.011,C3:00:00:63:4D:09,-63,127,1.0,4.5,1.5
1783001864017,2026-07-02 16:17:44.017,C3:00:00:63:4D:07,-70,127,1.0,4.5,1.5
1783001864024,2026-07-02 16:17:44.024,C3:00:00:63:4D:0D,-47,127,1.0,4.5,1.5
1783001864039,2026-07-02 16:17:44.039,C3:00:00:63:4D:07,-61,127,1.0,4.5,1.5
1783001864049,2026-07-02 16:17:44.049,C3:00:00:63:4D:08,-51,127,1.0,4.5,1.5
1783001864086,2026-07-02 16:17:44.086,C3:00:00:63:4C:D2,-65,127,1.0,4.5,1.5
1783001864100,2026-07-02 16:17:44.100,C3:00:00:63:4D:04,-61,127,1.0,4.5,1.5
1783001864123,2026-07-02 16:17:44.123,C3:00:00:63:4D:0D,-50,127,1.0,4.5,1.5
1783001864129,2026-07-02 16:17:44.129,C3:00:00:63:4D:09,-61,127,1.0,4.5,1.5
1783001864149,2026-07-02 16:17:44.149,C3:00:00:63:4D:07,-59,127,1.0,4.5,1.5
1783001864159,2026-07-02 16:17:44.159,C3:00:00:63:4D:08,-48,127,1.0,4.5,1.5
1783001864166,2026-07-02 16:17:44.166,C3:00:00:63:4D:0A,-60,127,1.0,4.5,1.5
1783001864202,2026-07-02 16:17:44.202,C3:00:00:63:4C:D2,-63,127,1.0,4.5,1.5
1783001864235,2026-07-02 16:17:44.235,C3:00:00:63:4D:0D,-50,127,1.0,4.5,1.5
1783001864264,2026-07-02 16:17:44.264,C3:00:00:63:4D:0A,-62,127,1.0,4.5,1.5
1783001864269,2026-07-02 16:17:44.269,C3:00:00:63:4D:08,-54,127,1.0,4.5,1.5
1783001864273,2026-07-02 16:17:44.273,C3:00:00:63:4D:07,-62,127,1.0,4.5,1.5
1783001864332,2026-07-02 16:17:44.332,C3:00:00:63:4D:05,-54,127,1.0,4.5,1.5
1783001864339,2026-07-02 16:17:44.339,C3:00:00:63:4D:0D,-47,127,1.0,4.5,1.5
1783001864355,2026-07-02 16:17:44.355,C3:00:00:63:4D:09,-58,127,1.0,4.5,1.5
1783001864381,2026-07-02 16:17:44.381,C3:00:00:63:4D:08,-51,127,1.0,4.5,1.5
1783001864412,2026-07-02 16:17:44.412,C3:00:00:63:4C:D2,-66,127,1.0,4.5,1.5
1783001864435,2026-07-02 16:17:44.435,C3:00:00:63:4D:04,-56,127,1.0,4.5,1.5
1783001864442,2026-07-02 16:17:44.442,C3:00:00:63:4D:05,-54,127,1.0,4.5,1.5
1783001864464,2026-07-02 16:17:44.464,C3:00:00:63:4D:09,-60,127,1.0,4.5,1.5
1783001864486,2026-07-02 16:17:44.486,C3:00:00:63:4D:08,-48,127,1.0,4.5,1.5
1783001864500,2026-07-02 16:17:44.500,C3:00:00:63:4D:07,-59,127,1.0,4.5,1.5
1783001864540,2026-07-02 16:17:44.540,C3:00:00:63:4D:04,-78,127,1.0,4.5,1.5
1783001864552,2026-07-02 16:17:44.552,C3:00:00:63:4D:0D,-51,127,1.0,4.5,1.5
1783001864559,2026-07-02 16:17:44.559,C3:00:00:63:4C:D2,-55,127,1.0,4.5,1.5
1783001864563,2026-07-02 16:17:44.563,C3:00:00:63:4D:05,-60,127,1.0,4.5,1.5
1783001864565,2026-07-02 16:17:44.565,C3:00:00:63:4D:0A,-62,127,1.0,4.5,1.5
1783001864583,2026-07-02 16:17:44.583,C3:00:00:63:4D:09,-60,127,1.0,4.5,1.5
1783001864590,2026-07-02 16:17:44.590,C3:00:00:63:4D:0A,-62,127,1.0,4.5,1.5
1783001864595,2026-07-02 16:17:44.595,C3:00:00:63:4D:08,-54,127,1.0,4.5,1.5
1783001864608,2026-07-02 16:17:44.608,C3:00:00:63:4D:07,-62,127,1.0,4.5,1.5
1783001864640,2026-07-02 16:17:44.640,C3:00:00:63:4D:09,-58,127,1.0,4.5,1.5
1783001864650,2026-07-02 16:17:44.650,C3:00:00:63:4D:04,-65,127,1.0,4.5,1.5
1783001864660,2026-07-02 16:17:44.660,C3:00:00:63:4C:D2,-65,127,1.0,4.5,1.5
1783001864704,2026-07-02 16:17:44.704,C3:00:00:63:4D:08,-51,127,1.0,4.5,1.5
1783001864726,2026-07-02 16:17:44.726,C3:00:00:63:4D:07,-60,127,1.0,4.5,1.5
1783001864733,2026-07-02 16:17:44.733,C3:00:00:63:4D:0D,-51,127,1.0,4.5,1.5
1783001864747,2026-07-02 16:17:44.747,C3:00:00:63:4D:08,-48,127,1.0,4.5,1.5
1783001864758,2026-07-02 16:17:44.758,C3:00:00:63:4D:04,-56,127,1.0,4.5,1.5
1783001864781,2026-07-02 16:17:44.781,C3:00:00:63:4C:D2,-61,127,1.0,4.5,1.5
1783001864786,2026-07-02 16:17:44.786,C3:00:00:63:4D:05,-54,127,1.0,4.5,1.5
1783001864804,2026-07-02 16:17:44.804,C3:00:00:63:4D:08,-48,127,1.0,4.5,1.5
1783001864857,2026-07-02 16:17:44.857,C3:00:00:63:4D:0A,-62,127,1.0,4.5,1.5
1783001864866,2026-07-02 16:17:44.866,C3:00:00:63:4D:0D,-51,127,1.0,4.5,1.5
1783001864874,2026-07-02 16:17:44.874,C3:00:00:63:4D:04,-80,127,1.0,4.5,1.5
1783001864886,2026-07-02 16:17:44.886,C3:00:00:63:4D:04,-78,127,1.0,4.5,1.5
1783001864896,2026-07-02 16:17:44.896,C3:00:00:63:4C:D2,-55,127,1.0,4.5,1.5
1783001864903,2026-07-02 16:17:44.903,C3:00:00:63:4D:05,-60,127,1.0,4.5,1.5
1783001864912,2026-07-02 16:17:44.912,C3:00:00:63:4D:0D,-58,127,1.0,4.5,1.5
1783001864920,2026-07-02 16:17:44.920,C3:00:00:63:4D:08,-49,127,1.0,4.5,1.5
1783001864953,2026-07-02 16:17:44.953,C3:00:00:63:4D:05,-54,127,1.0,4.5,1.5
1783001864958,2026-07-02 16:17:44.958,C3:00:00:63:4D:07,-61,127,1.0,4.5,1.5
1783001864965,2026-07-02 16:17:44.965,C3:00:00:63:4D:0D,-47,127,1.0,4.5,1.5
1783001864969,2026-07-02 16:17:44.969,C3:00:00:63:4D:04,-61,127,1.0,4.5,1.5
1783001865010,2026-07-02 16:17:45.010,C3:00:00:63:4C:D2,-65,127,1.0,4.5,1.5
1783001865028,2026-07-02 16:17:45.028,C3:00:00:63:4D:08,-48,127,1.0,4.5,1.5
1783001865059,2026-07-02 16:17:45.059,C3:00:00:63:4D:0A,-60,127,1.0,4.5,1.5
1783001865073,2026-07-02 16:17:45.073,C3:00:00:63:4D:0D,-50,127,1.0,4.5,1.5
1783001865078,2026-07-02 16:17:45.078,C3:00:00:63:4D:07,-60,127,1.0,4.5,1.5
1783001865091,2026-07-02 16:17:45.091,C3:00:00:63:4D:04,-55,127,1.0,4.5,1.5
1783001865109,2026-07-02 16:17:45.109,C3:00:00:63:4D:08,-48,127,1.0,4.5,1.5
1783001865131,2026-07-02 16:17:45.131,C3:00:00:63:4C:D2,-55,127,1.0,4.5,1.5
1783001865142,2026-07-02 16:17:45.142,C3:00:00:63:4D:05,-63,127,1.0,4.5,1.5
1783001865143,2026-07-02 16:17:45.143,C3:00:00:63:4D:08,-54,127,1.0,4.5,1.5
1783001865166,2026-07-02 16:17:45.166,C3:00:00:63:4D:0A,-62,127,1.0,4.5,1.5
1783001865173,2026-07-02 16:17:45.173,C3:00:00:63:4D:0D,-50,127,1.0,4.5,1.5
1783001865183,2026-07-02 16:17:45.183,C3:00:00:63:4D:07,-63,127,1.0,4.5,1.5
1783001865242,2026-07-02 16:17:45.242,C3:00:00:63:4C:D2,-65,127,1.0,4.5,1.5
1783001865264,2026-07-02 16:17:45.264,C3:00:00:63:4D:0A,-60,127,1.0,4.5,1.5
1783001865267,2026-07-02 16:17:45.267,C3:00:00:63:4D:09,-58,127,1.0,4.5,1.5
1783001865276,2026-07-02 16:17:45.276,C3:00:00:63:4D:0D,-47,127,1.0,4.5,1.5
1783001865301,2026-07-02 16:17:45.301,C3:00:00:63:4D:07,-61,127,1.0,4.5,1.5
1783001865307,2026-07-02 16:17:45.307,C3:00:00:63:4D:04,-61,127,1.0,4.5,1.5
1783001865379,2026-07-02 16:17:45.379,C3:00:00:63:4D:09,-61,127,1.0,4.5,1.5
1783001865395,2026-07-02 16:17:45.395,C3:00:00:63:4D:0D,-50,127,1.0,4.5,1.5
1783001865411,2026-07-02 16:17:45.411,C3:00:00:63:4D:04,-55,127,1.0,4.5,1.5
1783001865423,2026-07-02 16:17:45.423,C3:00:00:63:4D:07,-63,127,1.0,4.5,1.5
1783001865455,2026-07-02 16:17:45.455,C3:00:00:63:4D:09,-63,127,1.0,4.5,1.5
1783001865461,2026-07-02 16:17:45.461,C3:00:00:63:4D:0A,-62,127,1.0,4.5,1.5
1783001865468,2026-07-02 16:17:45.468,C3:00:00:63:4D:08,-54,127,1.0,4.5,1.5
1783001865474,2026-07-02 16:17:45.474,C3:00:00:63:4C:D2,-55,127,1.0,4.5,1.5
1783001865481,2026-07-02 16:17:45.481,C3:00:00:63:4D:05,-62,127,1.0,4.5,1.5
1783001865495,2026-07-02 16:17:45.495,C3:00:00:63:4D:0D,-50,127,1.0,4.5,1.5
1783001865499,2026-07-02 16:17:45.499,C3:00:00:63:4D:09,-63,127,1.0,4.5,1.5
1783001865521,2026-07-02 16:17:45.521,C3:00:00:63:4D:04,-61,127,1.0,4.5,1.5
1783001865534,2026-07-02 16:17:45.534,C3:00:00:63:4D:07,-61,127,1.0,4.5,1.5
1783001865560,2026-07-02 16:17:45.560,C3:00:00:63:4D:0A,-60,127,1.0,4.5,1.5
1783001865593,2026-07-02 16:17:45.593,C3:00:00:63:4C:D2,-65,127,1.0,4.5,1.5
1783001865603,2026-07-02 16:17:45.603,C3:00:00:63:4D:0D,-47,127,1.0,4.5,1.5
1783001865608,2026-07-02 16:17:45.608,C3:00:00:63:4D:05,-54,127,1.0,4.5,1.5
1783001865614,2026-07-02 16:17:45.614,C3:00:00:63:4D:09,-58,127,1.0,4.5,1.5
1783001865634,2026-07-02 16:17:45.634,C3:00:00:63:4D:04,-55,127,1.0,4.5,1.5
1783001865636,2026-07-02 16:17:45.636,C3:00:00:63:4C:D2,-63,127,1.0,4.5,1.5
1783001865651,2026-07-02 16:17:45.651,C3:00:00:63:4D:07,-62,127,1.0,4.5,1.5
1783001865652,2026-07-02 16:17:45.652,C3:00:00:63:4D:0A,-60,127,1.0,4.5,1.5
1783001865676,2026-07-02 16:17:45.676,C3:00:00:63:4D:08,-48,127,1.0,4.5,1.5
1783001865702,2026-07-02 16:17:45.702,C3:00:00:63:4D:0D,-50,127,1.0,4.5,1.5
1783001865706,2026-07-02 16:17:45.706,C3:00:00:63:4C:D2,-62,127,1.0,4.5,1.5
1783001865708,2026-07-02 16:17:45.708,C3:00:00:63:4D:05,-55,127,1.0,4.5,1.5
1783001865718,2026-07-02 16:17:45.718,C3:00:00:63:4D:09,-63,127,1.0,4.5,1.5
1783001865723,2026-07-02 16:17:45.723,C3:00:00:63:4D:0A,-63,127,1.0,4.5,1.5
1783001865740,2026-07-02 16:17:45.740,C3:00:00:63:4D:04,-83,127,1.0,4.5,1.5
1783001865766,2026-07-02 16:17:45.766,C3:00:00:63:4D:07,-62,127,1.0,4.5,1.5
1783001865792,2026-07-02 16:17:45.792,C3:00:00:63:4D:08,-54,127,1.0,4.5,1.5
1783001865799,2026-07-02 16:17:45.799,C3:00:00:63:4D:0D,-49,127,1.0,4.5,1.5
1783001865818,2026-07-02 16:17:45.818,C3:00:00:63:4D:07,-62,127,1.0,4.5,1.5
1783001865832,2026-07-02 16:17:45.832,C3:00:00:63:4D:09,-58,127,1.0,4.5,1.5
1783001865847,2026-07-02 16:17:45.847,C3:00:00:63:4D:04,-62,127,1.0,4.5,1.5
1783001865856,2026-07-02 16:17:45.856,C3:00:00:63:4D:0A,-61,127,1.0,4.5,1.5
1783001865867,2026-07-02 16:17:45.867,C3:00:00:63:4D:04,-62,127,1.0,4.5,1.5
1783001865875,2026-07-02 16:17:45.875,C3:00:00:63:4D:07,-62,127,1.0,4.5,1.5
1783001865916,2026-07-02 16:17:45.916,C3:00:00:63:4D:0D,-49,127,1.0,4.5,1.5
1783001865936,2026-07-02 16:17:45.936,C3:00:00:63:4D:05,-55,127,1.0,4.5,1.5
1783001865950,2026-07-02 16:17:45.950,C3:00:00:63:4D:09,-61,127,1.0,4.5,1.5
1783001866010,2026-07-02 16:17:46.010,C3:00:00:63:4D:08,-48,127,1.0,4.5,1.5
1783001866030,2026-07-02 16:17:46.030,C3:00:00:63:4D:0D,-49,127,1.0,4.5,1.5
1783001866056,2026-07-02 16:17:46.056,C3:00:00:63:4C:D2,-55,127,1.0,4.5,1.5
1783001866060,2026-07-02 16:17:46.060,C3:00:00:63:4D:05,-63,127,1.0,4.5,1.5
1783001866065,2026-07-02 16:17:46.065,C3:00:00:63:4D:04,-82,127,1.0,4.5,1.5
1783001866069,2026-07-02 16:17:46.069,C3:00:00:63:4D:09,-63,127,1.0,4.5,1.5
1783001866112,2026-07-02 16:17:46.112,C3:00:00:63:4D:07,-60,127,1.0,4.5,1.5
1783001866123,2026-07-02 16:17:46.123,C3:00:00:63:4D:0D,-50,127,1.0,4.5,1.5
1783001866156,2026-07-02 16:17:46.156,C3:00:00:63:4D:0A,-62,127,1.0,4.5,1.5
1783001866163,2026-07-02 16:17:46.163,C3:00:00:63:4C:D2,-64,127,1.0,4.5,1.5
1783001866168,2026-07-02 16:17:46.168,C3:00:00:63:4D:05,-54,127,1.0,4.5,1.5
1783001866172,2026-07-02 16:17:46.172,C3:00:00:63:4D:04,-62,127,1.0,4.5,1.5
1783001866176,2026-07-02 16:17:46.176,C3:00:00:63:4D:09,-58,127,1.0,4.5,1.5
1783001866225,2026-07-02 16:17:46.225,C3:00:00:63:4D:08,-48,127,1.0,4.5,1.5
1783001866254,2026-07-02 16:17:46.254,C3:00:00:63:4D:0A,-62,127,1.0,4.5,1.5
1783001866274,2026-07-02 16:17:46.274,C3:00:00:63:4C:D2,-60,127,1.0,4.5,1.5
1783001866276,2026-07-02 16:17:46.276,C3:00:00:63:4D:04,-55,127,1.0,4.5,1.5
1783001866283,2026-07-02 16:17:46.283,C3:00:00:63:4D:05,-54,127,1.0,4.5,1.5
1783001866290,2026-07-02 16:17:46.290,C3:00:00:63:4D:09,-60,127,1.0,4.5,1.5
1783001866298,2026-07-02 16:17:46.298,C3:00:00:63:4D:07,-62,127,1.0,4.5,1.5
1783001866341,2026-07-02 16:17:46.341,C3:00:00:63:4D:08,-53,127,1.0,4.5,1.5
1783001866355,2026-07-02 16:17:46.355,C3:00:00:63:4D:0A,-63,127,1.0,4.5,1.5
1783001866388,2026-07-02 16:17:46.388,C3:00:00:63:4D:04,-82,127,1.0,4.5,1.5
1783001866397,2026-07-02 16:17:46.397,C3:00:00:63:4C:D2,-55,127,1.0,4.5,1.5
1783001866405,2026-07-02 16:17:46.405,C3:00:00:63:4D:09,-60,127,1.0,4.5,1.5
1783001866417,2026-07-02 16:17:46.417,C3:00:00:63:4C:D2,-64,127,1.0,4.5,1.5
1783001866438,2026-07-02 16:17:46.438,C3:00:00:63:4D:0D,-50,127,1.0,4.5,1.5
1783001866444,2026-07-02 16:17:46.444,C3:00:00:63:4D:08,-51,127,1.0,4.5,1.5
1783001866449,2026-07-02 16:17:46.449,C3:00:00:63:4D:07,-63,127,1.0,4.5,1.5
1783001866461,2026-07-02 16:17:46.461,C3:00:00:63:4D:0A,-62,127,1.0,4.5,1.5
1783001866475,2026-07-02 16:17:46.475,C3:00:00:63:4D:08,-52,127,1.0,4.5,1.5
1783001866495,2026-07-02 16:17:46.495,C3:00:00:63:4D:04,-62,127,1.0,4.5,1.5
1783001866500,2026-07-02 16:17:46.500,C3:00:00:63:4D:08,-59,127,1.0,4.5,1.5
1783001866513,2026-07-02 16:17:46.513,C3:00:00:63:4C:D2,-64,127,1.0,4.5,1.5
1783001866515,2026-07-02 16:17:46.515,C3:00:00:63:4D:05,-54,127,1.0,4.5,1.5
1783001866540,2026-07-02 16:17:46.540,C3:00:00:63:4D:0D,-50,127,1.0,4.5,1.5
1783001866552,2026-07-02 16:17:46.552,C3:00:00:63:4D:0A,-60,127,1.0,4.5,1.5
1783001866557,2026-07-02 16:17:46.557,C3:00:00:63:4D:08,-48,127,1.0,4.5,1.5
1783001866569,2026-07-02 16:17:46.569,C3:00:00:63:4D:07,-62,127,1.0,4.5,1.5
1783001866606,2026-07-02 16:17:46.606,C3:00:00:63:4D:04,-55,127,1.0,4.5,1.5
1783001866628,2026-07-02 16:17:46.628,C3:00:00:63:4D:05,-63,127,1.0,4.5,1.5
1783001866632,2026-07-02 16:17:46.632,C3:00:00:63:4C:D2,-55,127,1.0,4.5,1.5
1783001866640,2026-07-02 16:17:46.640,C3:00:00:63:4D:09,-63,127,1.0,4.5,1.5
1783001866655,2026-07-02 16:17:46.655,C3:00:00:63:4D:0D,-49,127,1.0,4.5,1.5
1783001866657,2026-07-02 16:17:46.657,C3:00:00:63:4D:09,-64,127,1.0,4.5,1.5
1783001866665,2026-07-02 16:17:46.665,C3:00:00:63:4D:08,-54,127,1.0,4.5,1.5
1783001866676,2026-07-02 16:17:46.676,C3:00:00:63:4D:07,-62,127,1.0,4.5,1.5
1783001866732,2026-07-02 16:17:46.732,C3:00:00:63:4C:D2,-64,127,1.0,4.5,1.5
1783001866737,2026-07-02 16:17:46.737,C3:00:00:63:4D:05,-54,127,1.0,4.5,1.5
1783001866743,2026-07-02 16:17:46.743,C3:00:00:63:4D:09,-59,127,1.0,4.5,1.5
1783001866750,2026-07-02 16:17:46.750,C3:00:00:63:4D:08,-52,127,1.0,4.5,1.5
1783001866752,2026-07-02 16:17:46.752,C3:00:00:63:4D:0A,-61,127,1.0,4.5,1.5
1783001866823,2026-07-02 16:17:46.823,C3:00:00:63:4D:04,-55,127,1.0,4.5,1.5
1783001866828,2026-07-02 16:17:46.828,C3:00:00:63:4D:09,-68,127,1.0,4.5,1.5
1783001866851,2026-07-02 16:17:46.851,C3:00:00:63:4C:D2,-62,127,1.0,4.5,1.5
1783001866857,2026-07-02 16:17:46.857,C3:00:00:63:4D:05,-54,127,1.0,4.5,1.5
1783001866865,2026-07-02 16:17:46.865,C3:00:00:63:4D:0D,-50,127,1.0,4.5,1.5
1783001866870,2026-07-02 16:17:46.870,C3:00:00:63:4D:09,-61,127,1.0,4.5,1.5
1783001866873,2026-07-02 16:17:46.873,C3:00:00:63:4D:0A,-60,127,1.0,4.5,1.5
1783001866880,2026-07-02 16:17:46.880,C3:00:00:63:4D:08,-48,127,1.0,4.5,1.5
1783001866937,2026-07-02 16:17:46.937,C3:00:00:63:4D:04,-83,127,1.0,4.5,1.5
1783001866954,2026-07-02 16:17:46.954,C3:00:00:63:4D:05,-61,127,1.0,4.5,1.5
1783001866970,2026-07-02 16:17:46.970,C3:00:00:63:4D:0D,-50,127,1.0,4.5,1.5
1783001866972,2026-07-02 16:17:46.972,C3:00:00:63:4C:D2,-55,127,1.0,4.5,1.5
1783001866976,2026-07-02 16:17:46.976,C3:00:00:63:4D:09,-60,127,1.0,4.5,1.5
1783001866988,2026-07-02 16:17:46.988,C3:00:00:63:4D:08,-53,127,1.0,4.5,1.5
1783001867046,2026-07-02 16:17:47.046,C3:00:00:63:4D:04,-62,127,1.0,4.5,1.5
1783001867051,2026-07-02 16:17:47.051,C3:00:00:63:4D:07,-64,127,1.0,4.5,1.5
1783001867066,2026-07-02 16:17:47.066,C3:00:00:63:4D:0D,-50,127,1.0,4.5,1.5
1783001867079,2026-07-02 16:17:47.079,C3:00:00:63:4C:D2,-64,127,1.0,4.5,1.5
1783001867087,2026-07-02 16:17:47.087,C3:00:00:63:4D:05,-54,127,1.0,4.5,1.5
1783001867102,2026-07-02 16:17:47.102,C3:00:00:63:4D:08,-51,127,1.0,4.5,1.5
1783001867119,2026-07-02 16:17:47.119,C3:00:00:63:4D:08,-48,127,1.0,4.5,1.5
1783001867135,2026-07-02 16:17:47.135,C3:00:00:63:4D:07,-62,127,1.0,4.5,1.5
1783001867153,2026-07-02 16:17:47.153,C3:00:00:63:4D:04,-55,127,1.0,4.5,1.5
1783001867177,2026-07-02 16:17:47.177,C3:00:00:63:4D:0D,-50,127,1.0,4.5,1.5
1783001867200,2026-07-02 16:17:47.200,C3:00:00:63:4C:D2,-62,127,1.0,4.5,1.5
1783001867205,2026-07-02 16:17:47.205,C3:00:00:63:4D:05,-54,127,1.0,4.5,1.5
1783001867217,2026-07-02 16:17:47.217,C3:00:00:63:4D:09,-61,127,1.0,4.5,1.5
1783001867223,2026-07-02 16:17:47.223,C3:00:00:63:4D:08,-49,127,1.0,4.5,1.5
1783001867264,2026-07-02 16:17:47.264,C3:00:00:63:4D:04,-82,127,1.0,4.5,1.5
1783001867277,2026-07-02 16:17:47.277,C3:00:00:63:4D:0D,-49,127,1.0,4.5,1.5
1783001867289,2026-07-02 16:17:47.289,C3:00:00:63:4D:04,-91,127,1.0,4.5,1.5
1783001867315,2026-07-02 16:17:47.315,C3:00:00:63:4C:D2,-55,127,1.0,4.5,1.5
1783001867319,2026-07-02 16:17:47.319,C3:00:00:63:4D:09,-59,127,1.0,4.5,1.5
1783001867356,2026-07-02 16:17:47.356,C3:00:00:63:4D:0A,-61,127,1.0,4.5,1.5
1783001867377,2026-07-02 16:17:47.377,C3:00:00:63:4D:07,-62,127,1.0,4.5,1.5
1783001867382,2026-07-02 16:17:47.382,C3:00:00:63:4D:04,-62,127,1.0,4.5,1.5
1783001867386,2026-07-02 16:17:47.386,C3:00:00:63:4D:0D,-49,127,1.0,4.5,1.5
1783001867425,2026-07-02 16:17:47.425,C3:00:00:63:4C:D2,-62,127,1.0,4.5,1.5
1783001867429,2026-07-02 16:17:47.429,C3:00:00:63:4D:05,-54,127,1.0,4.5,1.5
1783001867435,2026-07-02 16:17:47.435,C3:00:00:63:4D:09,-60,127,1.0,4.5,1.5
1783001867442,2026-07-02 16:17:47.442,C3:00:00:63:4D:0A,-60,127,1.0,4.5,1.5
1783001867475,2026-07-02 16:17:47.475,C3:00:00:63:4D:04,-55,127,1.0,4.5,1.5
1783001867537,2026-07-02 16:17:47.537,C3:00:00:63:4C:D2,-55,127,1.0,4.5,1.5
1783001867593,2026-07-02 16:17:47.593,C3:00:00:63:4D:0D,-49,127,1.0,4.5,1.5
1783001867597,2026-07-02 16:17:47.597,C3:00:00:63:4D:04,-82,127,1.0,4.5,1.5
1783001867601,2026-07-02 16:17:47.601,C3:00:00:63:4D:07,-62,127,1.0,4.5,1.5
1783001867641,2026-07-02 16:17:47.641,C3:00:00:63:4D:08,-51,127,1.0,4.5,1.5
1783001867663,2026-07-02 16:17:47.663,C3:00:00:63:4D:05,-54,127,1.0,4.5,1.5
1783001867668,2026-07-02 16:17:47.668,C3:00:00:63:4D:09,-58,127,1.0,4.5,1.5
1783001867670,2026-07-02 16:17:47.670,C3:00:00:63:4D:0A,-61,127,1.0,4.5,1.5
1783001867679,2026-07-02 16:17:47.679,C3:00:00:63:4C:D2,-64,127,1.0,4.5,1.5
1783001867693,2026-07-02 16:17:47.693,C3:00:00:63:4D:0D,-49,127,1.0,4.5,1.5
1783001867698,2026-07-02 16:17:47.698,C3:00:00:63:4D:04,-62,127,1.0,4.5,1.5
1783001867715,2026-07-02 16:17:47.715,C3:00:00:63:4D:07,-62,127,1.0,4.5,1.5
1783001867722,2026-07-02 16:17:47.722,C3:00:00:63:4D:0A,-60,127,1.0,4.5,1.5
1783001867755,2026-07-02 16:17:47.755,C3:00:00:63:4D:08,-48,127,1.0,4.5,1.5
1783001867763,2026-07-02 16:17:47.763,C3:00:00:63:4D:0A,-60,127,1.0,4.5,1.5
1783001867772,2026-07-02 16:17:47.772,C3:00:00:63:4D:09,-61,127,1.0,4.5,1.5
1783001867780,2026-07-02 16:17:47.780,C3:00:00:63:4C:D2,-62,127,1.0,4.5,1.5
1783001867798,2026-07-02 16:17:47.798,C3:00:00:63:4D:0D,-50,127,1.0,4.5,1.5
1783001867803,2026-07-02 16:17:47.803,C3:00:00:63:4D:05,-55,127,1.0,4.5,1.5
1783001867819,2026-07-02 16:17:47.819,C3:00:00:63:4D:04,-56,127,1.0,4.5,1.5
1783001867823,2026-07-02 16:17:47.823,C3:00:00:63:4D:0D,-49,127,1.0,4.5,1.5
1783001867851,2026-07-02 16:17:47.851,C3:00:00:63:4D:04,-82,127,1.0,4.5,1.5
1783001867856,2026-07-02 16:17:47.856,C3:00:00:63:4D:07,-62,127,1.0,4.5,1.5
1783001867862,2026-07-02 16:17:47.862,C3:00:00:63:4D:08,-54,127,1.0,4.5,1.5
1783001867867,2026-07-02 16:17:47.867,C3:00:00:63:4D:04,-82,127,1.0,4.5,1.5
1783001867890,2026-07-02 16:17:47.890,C3:00:00:63:4D:09,-63,127,1.0,4.5,1.5
1783001867905,2026-07-02 16:17:47.905,C3:00:00:63:4D:0D,-49,127,1.0,4.5,1.5
1783001867917,2026-07-02 16:17:47.917,C3:00:00:63:4D:04,-62,127,1.0,4.5,1.5
1783001867940,2026-07-02 16:17:47.940,C3:00:00:63:4D:07,-62,127,1.0,4.5,1.5
1783001867957,2026-07-02 16:17:47.957,C3:00:00:63:4D:0A,-61,127,1.0,4.5,1.5
1783001867998,2026-07-02 16:17:47.998,C3:00:00:63:4C:D2,-64,127,1.0,4.5,1.5
1783001868002,2026-07-02 16:17:48.002,C3:00:00:63:4D:05,-54,127,1.0,4.5,1.5
1783001868012,2026-07-02 16:17:48.012,C3:00:00:63:4D:07,-69,127,1.0,4.5,1.5
1783001868022,2026-07-02 16:17:48.022,C3:00:00:63:4D:05,-55,127,1.0,4.5,1.5
1783001868031,2026-07-02 16:17:48.031,C3:00:00:63:4D:04,-55,127,1.0,4.5,1.5
1783001868061,2026-07-02 16:17:48.061,C3:00:00:63:4D:0A,-60,127,1.0,4.5,1.5
1783001868066,2026-07-02 16:17:48.066,C3:00:00:63:4D:07,-62,127,1.0,4.5,1.5
1783001868081,2026-07-02 16:17:48.081,C3:00:00:63:4D:08,-48,127,1.0,4.5,1.5
1783001868110,2026-07-02 16:17:48.110,C3:00:00:63:4D:09,-61,127,1.0,4.5,1.5
1783001868117,2026-07-02 16:17:48.117,C3:00:00:63:4C:D2,-55,127,1.0,4.5,1.5
1783001868122,2026-07-02 16:17:48.122,C3:00:00:63:4D:0D,-49,127,1.0,4.5,1.5
1783001868130,2026-07-02 16:17:48.130,C3:00:00:63:4D:04,-82,127,1.0,4.5,1.5
1783001868175,2026-07-02 16:17:48.175,C3:00:00:63:4D:07,-62,127,1.0,4.5,1.5
1783001868195,2026-07-02 16:17:48.195,C3:00:00:63:4D:08,-54,127,1.0,4.5,1.5
1783001868221,2026-07-02 16:17:48.221,C3:00:00:63:4D:0D,-49,127,1.0,4.5,1.5
1783001868253,2026-07-02 16:17:48.253,C3:00:00:63:4D:0A,-61,127,1.0,4.5,1.5
1783001868286,2026-07-02 16:17:48.286,C3:00:00:63:4D:07,-62,127,1.0,4.5,1.5
1783001868296,2026-07-02 16:17:48.296,C3:00:00:63:4D:08,-51,127,1.0,4.5,1.5
1783001868326,2026-07-02 16:17:48.326,C3:00:00:63:4D:0D,-50,127,1.0,4.5,1.5
1783001868343,2026-07-02 16:17:48.343,C3:00:00:63:4D:09,-61,127,1.0,4.5,1.5
1783001868348,2026-07-02 16:17:48.348,C3:00:00:63:4D:05,-54,127,1.0,4.5,1.5
1783001868351,2026-07-02 16:17:48.351,C3:00:00:63:4C:D2,-60,127,1.0,4.5,1.5
1783001868353,2026-07-02 16:17:48.353,C3:00:00:63:4D:04,-56,127,1.0,4.5,1.5
1783001868406,2026-07-02 16:17:48.406,C3:00:00:63:4D:07,-62,127,1.0,4.5,1.5
1783001868411,2026-07-02 16:17:48.411,C3:00:00:63:4D:08,-48,127,1.0,4.5,1.5
1783001868416,2026-07-02 16:17:48.416,C3:00:00:63:4C:D2,-55,127,1.0,4.5,1.5
1783001868423,2026-07-02 16:17:48.423,C3:00:00:63:4D:0D,-49,127,1.0,4.5,1.5
1783001868458,2026-07-02 16:17:48.458,C3:00:00:63:4D:09,-64,127,1.0,4.5,1.5
1783001868463,2026-07-02 16:17:48.463,C3:00:00:63:4D:05,-62,127,1.0,4.5,1.5
1783001868539,2026-07-02 16:17:48.539,C3:00:00:63:4D:0D,-50,127,1.0,4.5,1.5
1783001868559,2026-07-02 16:17:48.559,C3:00:00:63:4D:0A,-62,127,1.0,4.5,1.5
1783001868570,2026-07-02 16:17:48.570,C3:00:00:63:4D:09,-58,127,1.0,4.5,1.5
1783001868581,2026-07-02 16:17:48.581,C3:00:00:63:4C:D2,-64,127,1.0,4.5,1.5
1783001868585,2026-07-02 16:17:48.585,C3:00:00:63:4D:0A,-63,127,1.0,4.5,1.5
1783001868625,2026-07-02 16:17:48.625,C3:00:00:63:4D:08,-48,127,1.0,4.5,1.5
1783001868631,2026-07-02 16:17:48.631,C3:00:00:63:4D:07,-63,127,1.0,4.5,1.5
1783001868636,2026-07-02 16:17:48.636,C3:00:00:63:4D:0D,-51,127,1.0,4.5,1.5
1783001868647,2026-07-02 16:17:48.647,C3:00:00:63:4D:09,-64,127,1.0,4.5,1.5
1783001868661,2026-07-02 16:17:48.661,C3:00:00:63:4D:0A,-62,127,1.0,4.5,1.5
1783001868676,2026-07-02 16:17:48.676,C3:00:00:63:4D:0A,-70,127,1.0,4.5,1.5
1783001868682,2026-07-02 16:17:48.682,C3:00:00:63:4D:04,-55,127,1.0,4.5,1.5
1783001868695,2026-07-02 16:17:48.695,C3:00:00:63:4D:09,-63,127,1.0,4.5,1.5
1783001868699,2026-07-02 16:17:48.699,C3:00:00:63:4C:D2,-60,127,1.0,4.5,1.5
1783001868704,2026-07-02 16:17:48.704,C3:00:00:63:4D:05,-54,127,1.0,4.5,1.5
1783001868735,2026-07-02 16:17:48.735,C3:00:00:63:4D:08,-53,127,1.0,4.5,1.5
1783001868739,2026-07-02 16:17:48.739,C3:00:00:63:4D:0D,-51,127,1.0,4.5,1.5
1783001868764,2026-07-02 16:17:48.764,C3:00:00:63:4D:07,-61,127,1.0,4.5,1.5
1783001868769,2026-07-02 16:17:48.769,C3:00:00:63:4D:0A,-62,127,1.0,4.5,1.5
1783001868773,2026-07-02 16:17:48.773,C3:00:00:63:4D:08,-54,127,1.0,4.5,1.5
1783001868775,2026-07-02 16:17:48.775,C3:00:00:63:4D:0D,-50,127,1.0,4.5,1.5
1783001868788,2026-07-02 16:17:48.788,C3:00:00:63:4D:04,-74,127,1.0,4.5,1.5
1783001868796,2026-07-02 16:17:48.796,C3:00:00:63:4D:09,-65,127,1.0,4.5,1.5
1783001868817,2026-07-02 16:17:48.817,C3:00:00:63:4C:D2,-55,127,1.0,4.5,1.5
1783001868819,2026-07-02 16:17:48.819,C3:00:00:63:4D:05,-63,127,1.0,4.5,1.5
1783001868848,2026-07-02 16:17:48.848,C3:00:00:63:4D:08,-52,127,1.0,4.5,1.5
1783001868856,2026-07-02 16:17:48.856,C3:00:00:63:4D:0D,-49,127,1.0,4.5,1.5
1783001868870,2026-07-02 16:17:48.870,C3:00:00:63:4D:0A,-61,127,1.0,4.5,1.5
1783001868918,2026-07-02 16:17:48.918,C3:00:00:63:4D:09,-58,127,1.0,4.5,1.5
1783001868923,2026-07-02 16:17:48.923,C3:00:00:63:4D:04,-60,127,1.0,4.5,1.5
1783001868931,2026-07-02 16:17:48.931,C3:00:00:63:4D:0D,-56,127,1.0,4.5,1.5
1783001868939,2026-07-02 16:17:48.939,C3:00:00:63:4C:D2,-61,127,1.0,4.5,1.5
1783001868947,2026-07-02 16:17:48.947,C3:00:00:63:4D:05,-54,127,1.0,4.5,1.5
1783001868950,2026-07-02 16:17:48.950,C3:00:00:63:4D:05,-55,127,1.0,4.5,1.5
1783001868957,2026-07-02 16:17:48.957,C3:00:00:63:4D:08,-49,127,1.0,4.5,1.5
1783001868963,2026-07-02 16:17:48.963,C3:00:00:63:4D:0A,-61,127,1.0,4.5,1.5
1783001868985,2026-07-02 16:17:48.985,C3:00:00:63:4D:07,-62,127,1.0,4.5,1.5
1783001869011,2026-07-02 16:17:49.011,C3:00:00:63:4D:04,-55,127,1.0,4.5,1.5
1783001869033,2026-07-02 16:17:49.033,C3:00:00:63:4D:09,-66,127,1.0,4.5,1.5
1783001869054,2026-07-02 16:17:49.054,C3:00:00:63:4D:07,-61,127,1.0,4.5,1.5
1783001869065,2026-07-02 16:17:49.065,C3:00:00:63:4D:08,-54,127,1.0,4.5,1.5
1783001869072,2026-07-02 16:17:49.072,C3:00:00:63:4D:0D,-50,127,1.0,4.5,1.5
1783001869101,2026-07-02 16:17:49.101,C3:00:00:63:4D:07,-61,127,1.0,4.5,1.5
1783001869120,2026-07-02 16:17:49.120,C3:00:00:63:4D:0D,-50,127,1.0,4.5,1.5
1783001869134,2026-07-02 16:17:49.134,C3:00:00:63:4D:08,-53,127,1.0,4.5,1.5
1783001869149,2026-07-02 16:17:49.149,C3:00:00:63:4D:09,-59,127,1.0,4.5,1.5
1783001869162,2026-07-02 16:17:49.162,C3:00:00:63:4D:05,-55,127,1.0,4.5,1.5
1783001869164,2026-07-02 16:17:49.164,C3:00:00:63:4D:0A,-60,127,1.0,4.5,1.5
1783001869168,2026-07-02 16:17:49.168,C3:00:00:63:4D:0D,-49,127,1.0,4.5,1.5
1783001869173,2026-07-02 16:17:49.173,C3:00:00:63:4D:08,-52,127,1.0,4.5,1.5
1783001869222,2026-07-02 16:17:49.222,C3:00:00:63:4D:04,-55,127,1.0,4.5,1.5
1783001869257,2026-07-02 16:17:49.257,C3:00:00:63:4D:09,-62,127,1.0,4.5,1.5
1783001869265,2026-07-02 16:17:49.265,C3:00:00:63:4D:0A,-61,127,1.0,4.5,1.5
1783001869271,2026-07-02 16:17:49.271,C3:00:00:63:4D:05,-55,127,1.0,4.5,1.5
1783001869278,2026-07-02 16:17:49.278,C3:00:00:63:4C:D2,-62,127,1.0,4.5,1.5
1783001869285,2026-07-02 16:17:49.285,C3:00:00:63:4D:0D,-49,127,1.0,4.5,1.5
1783001869324,2026-07-02 16:17:49.324,C3:00:00:63:4D:07,-62,127,1.0,4.5,1.5
1783001869330,2026-07-02 16:17:49.330,C3:00:00:63:4D:04,-70,127,1.0,4.5,1.5
1783001869357,2026-07-02 16:17:49.357,C3:00:00:63:4D:0A,-63,127,1.0,4.5,1.5
1783001869380,2026-07-02 16:17:49.380,C3:00:00:63:4D:0D,-50,127,1.0,4.5,1.5
1783001869385,2026-07-02 16:17:49.385,C3:00:00:63:4C:D2,-55,127,1.0,4.5,1.5
1783001869389,2026-07-02 16:17:49.389,C3:00:00:63:4D:05,-61,127,1.0,4.5,1.5
1783001869396,2026-07-02 16:17:49.396,C3:00:00:63:4D:08,-54,127,1.0,4.5,1.5
1783001869437,2026-07-02 16:17:49.437,C3:00:00:63:4D:0A,-60,127,1.0,4.5,1.5
1783001869444,2026-07-02 16:17:49.444,C3:00:00:63:4D:07,-62,127,1.0,4.5,1.5
1783001869451,2026-07-02 16:17:49.451,C3:00:00:63:4D:04,-62,127,1.0,4.5,1.5
1783001869473,2026-07-02 16:17:49.473,C3:00:00:63:4D:0A,-61,127,1.0,4.5,1.5
1783001869475,2026-07-02 16:17:49.475,C3:00:00:63:4D:09,-58,127,1.0,4.5,1.5
1783001869485,2026-07-02 16:17:49.485,C3:00:00:63:4D:0D,-50,127,1.0,4.5,1.5
1783001869488,2026-07-02 16:17:49.488,C3:00:00:63:4D:09,-58,127,1.0,4.5,1.5
1783001869495,2026-07-02 16:17:49.495,C3:00:00:63:4C:D2,-63,127,1.0,4.5,1.5
1783001869497,2026-07-02 16:17:49.497,C3:00:00:63:4D:05,-55,127,1.0,4.5,1.5
1783001869499,2026-07-02 16:17:49.499,C3:00:00:63:4D:08,-52,127,1.0,4.5,1.5
1783001869551,2026-07-02 16:17:49.551,C3:00:00:63:4D:04,-56,127,1.0,4.5,1.5
1783001869554,2026-07-02 16:17:49.554,C3:00:00:63:4D:07,-63,127,1.0,4.5,1.5
1783001869561,2026-07-02 16:17:49.561,C3:00:00:63:4D:0A,-62,127,1.0,4.5,1.5
1783001869584,2026-07-02 16:17:49.584,C3:00:00:63:4D:0D,-51,127,1.0,4.5,1.5
1783001869612,2026-07-02 16:17:49.612,C3:00:00:63:4D:09,-61,127,1.0,4.5,1.5
1783001869614,2026-07-02 16:17:49.614,C3:00:00:63:4D:08,-48,127,1.0,4.5,1.5
1783001869622,2026-07-02 16:17:49.622,C3:00:00:63:4C:D2,-61,127,1.0,4.5,1.5
1783001869628,2026-07-02 16:17:49.628,C3:00:00:63:4D:05,-58,127,1.0,4.5,1.5
1783001869674,2026-07-02 16:17:49.674,C3:00:00:63:4D:07,-60,127,1.0,4.5,1.5
1783001869712,2026-07-02 16:17:49.712,C3:00:00:63:4D:09,-63,127,1.0,4.5,1.5
1783001869716,2026-07-02 16:17:49.716,C3:00:00:63:4D:08,-53,127,1.0,4.5,1.5
1783001869720,2026-07-02 16:17:49.720,C3:00:00:63:4D:0A,-61,127,1.0,4.5,1.5
1783001869728,2026-07-02 16:17:49.728,C3:00:00:63:4C:D2,-64,127,1.0,4.5,1.5
1783001869730,2026-07-02 16:17:49.730,C3:00:00:63:4D:05,-56,127,1.0,4.5,1.5
1783001869758,2026-07-02 16:17:49.758,C3:00:00:63:4D:0A,-61,127,1.0,4.5,1.5
1783001869774,2026-07-02 16:17:49.774,C3:00:00:63:4D:04,-63,127,1.0,4.5,1.5
1783001869795,2026-07-02 16:17:49.795,C3:00:00:63:4D:07,-61,127,1.0,4.5,1.5
1783001869826,2026-07-02 16:17:49.826,C3:00:00:63:4D:0D,-50,127,1.0,4.5,1.5
1783001869830,2026-07-02 16:17:49.830,C3:00:00:63:4D:09,-61,127,1.0,4.5,1.5
1783001869838,2026-07-02 16:17:49.838,C3:00:00:63:4D:08,-49,127,1.0,4.5,1.5
1783001869848,2026-07-02 16:17:49.848,C3:00:00:63:4C:D2,-63,127,1.0,4.5,1.5
1783001869849,2026-07-02 16:17:49.849,C3:00:00:63:4D:07,-62,127,1.0,4.5,1.5
1783001869852,2026-07-02 16:17:49.852,C3:00:00:63:4D:05,-56,127,1.0,4.5,1.5
1783001869856,2026-07-02 16:17:49.856,C3:00:00:63:4D:0A,-61,127,1.0,4.5,1.5
1783001869858,2026-07-02 16:17:49.858,C3:00:00:63:4D:04,-56,127,1.0,4.5,1.5
1783001869882,2026-07-02 16:17:49.882,C3:00:00:63:4D:04,-56,127,1.0,4.5,1.5
1783001869896,2026-07-02 16:17:49.896,C3:00:00:63:4D:0D,-48,127,1.0,4.5,1.5
1783001869911,2026-07-02 16:17:49.911,C3:00:00:63:4D:04,-56,127,1.0,4.5,1.5
1783001869935,2026-07-02 16:17:49.935,C3:00:00:63:4D:08,-53,127,1.0,4.5,1.5
1783001869941,2026-07-02 16:17:49.941,C3:00:00:63:4D:09,-63,127,1.0,4.5,1.5
1783001869954,2026-07-02 16:17:49.954,C3:00:00:63:4D:0A,-62,127,1.0,4.5,1.5
1783001869959,2026-07-02 16:17:49.959,C3:00:00:63:4C:D2,-55,127,1.0,4.5,1.5
1783001869964,2026-07-02 16:17:49.964,C3:00:00:63:4D:05,-61,127,1.0,4.5,1.5
1783001869987,2026-07-02 16:17:49.987,C3:00:00:63:4D:04,-72,127,1.0,4.5,1.5
1783001870011,2026-07-02 16:17:50.011,C3:00:00:63:4D:0D,-50,127,1.0,4.5,1.5
1783001870030,2026-07-02 16:17:50.030,C3:00:00:63:4D:07,-62,127,1.0,4.5,1.5
1783001870044,2026-07-02 16:17:50.044,C3:00:00:63:4D:08,-51,127,1.0,4.5,1.5
1783001870049,2026-07-02 16:17:50.049,C3:00:00:63:4D:09,-59,127,1.0,4.5,1.5
1783001870056,2026-07-02 16:17:50.056,C3:00:00:63:4D:0A,-61,127,1.0,4.5,1.5
1783001870074,2026-07-02 16:17:50.074,C3:00:00:63:4C:D2,-63,127,1.0,4.5,1.5
1783001870098,2026-07-02 16:17:50.098,C3:00:00:63:4D:04,-63,127,1.0,4.5,1.5
1783001870117,2026-07-02 16:17:50.117,C3:00:00:63:4D:0D,-49,127,1.0,4.5,1.5
1783001870167,2026-07-02 16:17:50.167,C3:00:00:63:4D:0A,-61,127,1.0,4.5,1.5
1783001870196,2026-07-02 16:17:50.196,C3:00:00:63:4C:D2,-61,127,1.0,4.5,1.5
1783001870198,2026-07-02 16:17:50.198,C3:00:00:63:4D:05,-56,127,1.0,4.5,1.5
1783001870212,2026-07-02 16:17:50.212,C3:00:00:63:4D:04,-56,127,1.0,4.5,1.5
1783001870222,2026-07-02 16:17:50.222,C3:00:00:63:4D:0D,-51,127,1.0,4.5,1.5
1783001870245,2026-07-02 16:17:50.245,C3:00:00:63:4D:07,-60,127,1.0,4.5,1.5
1783001870266,2026-07-02 16:17:50.266,C3:00:00:63:4D:08,-53,127,1.0,4.5,1.5
1783001870291,2026-07-02 16:17:50.291,C3:00:00:63:4D:09,-61,127,1.0,4.5,1.5
1783001870306,2026-07-02 16:17:50.306,C3:00:00:63:4C:D2,-55,127,1.0,4.5,1.5
1783001870326,2026-07-02 16:17:50.326,C3:00:00:63:4D:05,-60,127,1.0,4.5,1.5
1783001870328,2026-07-02 16:17:50.328,C3:00:00:63:4D:04,-63,127,1.0,4.5,1.5
1783001870334,2026-07-02 16:17:50.334,C3:00:00:63:4D:0D,-50,127,1.0,4.5,1.5
1783001870363,2026-07-02 16:17:50.363,C3:00:00:63:4D:07,-62,127,1.0,4.5,1.5
1783001870371,2026-07-02 16:17:50.371,C3:00:00:63:4D:08,-51,127,1.0,4.5,1.5
1783001870391,2026-07-02 16:17:50.391,C3:00:00:63:4D:09,-60,127,1.0,4.5,1.5
1783001870412,2026-07-02 16:17:50.412,C3:00:00:63:4C:D2,-63,127,1.0,4.5,1.5
1783001870429,2026-07-02 16:17:50.429,C3:00:00:63:4D:05,-56,127,1.0,4.5,1.5
1783001870432,2026-07-02 16:17:50.432,C3:00:00:63:4D:0D,-49,127,1.0,4.5,1.5
1783001870466,2026-07-02 16:17:50.466,C3:00:00:63:4D:0A,-61,127,1.0,4.5,1.5
1783001870479,2026-07-02 16:17:50.479,C3:00:00:63:4D:08,-49,127,1.0,4.5,1.5
1783001870502,2026-07-02 16:17:50.502,C3:00:00:63:4D:08,-49,127,1.0,4.5,1.5
1783001870519,2026-07-02 16:17:50.519,C3:00:00:63:4D:09,-61,127,1.0,4.5,1.5
1783001870521,2026-07-02 16:17:50.521,C3:00:00:63:4D:08,-61,127,1.0,4.5,1.5
1783001870536,2026-07-02 16:17:50.536,C3:00:00:63:4C:D2,-55,127,1.0,4.5,1.5
1783001870542,2026-07-02 16:17:50.542,C3:00:00:63:4D:0D,-50,127,1.0,4.5,1.5
1783001870544,2026-07-02 16:17:50.544,C3:00:00:63:4D:05,-62,127,1.0,4.5,1.5
1783001870546,2026-07-02 16:17:50.546,C3:00:00:63:4D:04,-73,127,1.0,4.5,1.5
1783001870553,2026-07-02 16:17:50.553,C3:00:00:63:4D:0A,-62,127,1.0,4.5,1.5
1783001870590,2026-07-02 16:17:50.590,C3:00:00:63:4D:08,-54,127,1.0,4.5,1.5
1783001870593,2026-07-02 16:17:50.593,C3:00:00:63:4D:07,-63,127,1.0,4.5,1.5
1783001870627,2026-07-02 16:17:50.627,C3:00:00:63:4D:09,-59,127,1.0,4.5,1.5
1783001870637,2026-07-02 16:17:50.637,C3:00:00:63:4D:0D,-49,127,1.0,4.5,1.5
1783001870643,2026-07-02 16:17:50.643,C3:00:00:63:4D:04,-62,127,1.0,4.5,1.5
1783001870654,2026-07-02 16:17:50.654,C3:00:00:63:4C:D2,-64,127,1.0,4.5,1.5
1783001870657,2026-07-02 16:17:50.657,C3:00:00:63:4D:0A,-61,127,1.0,4.5,1.5
1783001870697,2026-07-02 16:17:50.697,C3:00:00:63:4D:08,-52,127,1.0,4.5,1.5
1783001870702,2026-07-02 16:17:50.702,C3:00:00:63:4D:07,-62,127,1.0,4.5,1.5
1783001870741,2026-07-02 16:17:50.741,C3:00:00:63:4D:0D,-49,127,1.0,4.5,1.5
1783001870764,2026-07-02 16:17:50.764,C3:00:00:63:4D:0A,-61,127,1.0,4.5,1.5
1783001870770,2026-07-02 16:17:50.770,C3:00:00:63:4C:D2,-63,127,1.0,4.5,1.5
1783001870774,2026-07-02 16:17:50.774,C3:00:00:63:4D:05,-56,127,1.0,4.5,1.5
1783001870802,2026-07-02 16:17:50.802,C3:00:00:63:4D:08,-49,127,1.0,4.5,1.5
1783001870832,2026-07-02 16:17:50.832,C3:00:00:63:4D:07,-63,127,1.0,4.5,1.5
1783001870846,2026-07-02 16:17:50.846,C3:00:00:63:4D:09,-73,127,1.0,4.5,1.5
1783001870848,2026-07-02 16:17:50.848,C3:00:00:63:4D:0D,-50,127,1.0,4.5,1.5
1783001870861,2026-07-02 16:17:50.861,C3:00:00:63:4D:09,-64,127,1.0,4.5,1.5
1783001870864,2026-07-02 16:17:50.864,C3:00:00:63:4D:0A,-62,127,1.0,4.5,1.5
1783001870870,2026-07-02 16:17:50.870,C3:00:00:63:4D:04,-73,127,1.0,4.5,1.5
1783001870878,2026-07-02 16:17:50.878,C3:00:00:63:4D:05,-62,127,1.0,4.5,1.5
1783001870917,2026-07-02 16:17:50.917,C3:00:00:63:4D:08,-54,127,1.0,4.5,1.5
1783001870951,2026-07-02 16:17:50.951,C3:00:00:63:4D:0D,-49,127,1.0,4.5,1.5
1783001870957,2026-07-02 16:17:50.957,C3:00:00:63:4D:05,-55,127,1.0,4.5,1.5
1783001870961,2026-07-02 16:17:50.961,C3:00:00:63:4D:0A,-61,127,1.0,4.5,1.5
1783001870971,2026-07-02 16:17:50.971,C3:00:00:63:4D:04,-63,127,1.0,4.5,1.5
1783001871000,2026-07-02 16:17:51.000,C3:00:00:63:4C:D2,-64,127,1.0,4.5,1.5
1783001871004,2026-07-02 16:17:51.004,C3:00:00:63:4D:05,-55,127,1.0,4.5,1.5
1783001871027,2026-07-02 16:17:51.027,C3:00:00:63:4D:08,-49,127,1.0,4.5,1.5
1783001871050,2026-07-02 16:17:51.050,C3:00:00:63:4D:07,-62,127,1.0,4.5,1.5
1783001871062,2026-07-02 16:17:51.062,C3:00:00:63:4D:0D,-49,127,1.0,4.5,1.5
1783001871065,2026-07-02 16:17:51.065,C3:00:00:63:4D:0A,-61,127,1.0,4.5,1.5
1783001871117,2026-07-02 16:17:51.117,C3:00:00:63:4D:05,-56,127,1.0,4.5,1.5
1783001871134,2026-07-02 16:17:51.134,C3:00:00:63:4D:08,-54,127,1.0,4.5,1.5
1783001871141,2026-07-02 16:17:51.141,C3:00:00:63:4D:0D,-50,127,1.0,4.5,1.5
1783001871151,2026-07-02 16:17:51.151,C3:00:00:63:4D:08,-54,127,1.0,4.5,1.5
1783001871154,2026-07-02 16:17:51.154,C3:00:00:63:4D:0A,-62,127,1.0,4.5,1.5
1783001871226,2026-07-02 16:17:51.226,C3:00:00:63:4D:05,-55,127,1.0,4.5,1.5
1783001871233,2026-07-02 16:17:51.233,C3:00:00:63:4C:D2,-64,127,1.0,4.5,1.5
1783001871240,2026-07-02 16:17:51.240,C3:00:00:63:4D:08,-51,127,1.0,4.5,1.5
1783001871264,2026-07-02 16:17:51.264,C3:00:00:63:4D:0A,-61,127,1.0,4.5,1.5
1783001871270,2026-07-02 16:17:51.270,C3:00:00:63:4D:0D,-49,127,1.0,4.5,1.5
1783001871341,2026-07-02 16:17:51.341,C3:00:00:63:4C:D2,-63,127,1.0,4.5,1.5
1783001871347,2026-07-02 16:17:51.347,C3:00:00:63:4D:05,-56,127,1.0,4.5,1.5
1783001871353,2026-07-02 16:17:51.353,C3:00:00:63:4D:08,-49,127,1.0,4.5,1.5
1783001871363,2026-07-02 16:17:51.363,C3:00:00:63:4D:0A,-61,127,1.0,4.5,1.5
1783001871396,2026-07-02 16:17:51.396,C3:00:00:63:4D:07,-62,127,1.0,4.5,1.5
1783001871402,2026-07-02 16:17:51.402,C3:00:00:63:4D:04,-56,127,1.0,4.5,1.5
1783001871424,2026-07-02 16:17:51.424,C3:00:00:63:4D:09,-61,127,1.0,4.5,1.5
1783001871437,2026-07-02 16:17:51.437,C3:00:00:63:4D:0A,-62,127,1.0,4.5,1.5
1783001871452,2026-07-02 16:17:51.452,C3:00:00:63:4C:D2,-55,127,1.0,4.5,1.5
1783001871456,2026-07-02 16:17:51.456,C3:00:00:63:4D:05,-60,127,1.0,4.5,1.5
1783001871462,2026-07-02 16:17:51.462,C3:00:00:63:4D:0A,-62,127,1.0,4.5,1.5
1783001871468,2026-07-02 16:17:51.468,C3:00:00:63:4D:08,-53,127,1.0,4.5,1.5
1783001871478,2026-07-02 16:17:51.478,C3:00:00:63:4D:0D,-51,127,1.0,4.5,1.5
1783001871516,2026-07-02 16:17:51.516,C3:00:00:63:4D:07,-60,127,1.0,4.5,1.5
1783001871539,2026-07-02 16:17:51.539,C3:00:00:63:4D:09,-59,127,1.0,4.5,1.5
1783001871555,2026-07-02 16:17:51.555,C3:00:00:63:4D:0A,-62,127,1.0,4.5,1.5
1783001871560,2026-07-02 16:17:51.560,C3:00:00:63:4C:D2,-63,127,1.0,4.5,1.5
1783001871576,2026-07-02 16:17:51.576,C3:00:00:63:4D:08,-51,127,1.0,4.5,1.5
1783001871580,2026-07-02 16:17:51.580,C3:00:00:63:4D:05,-55,127,1.0,4.5,1.5
1783001871583,2026-07-02 16:17:51.583,C3:00:00:63:4D:0D,-50,127,1.0,4.5,1.5
1783001871584,2026-07-02 16:17:51.584,C3:00:00:63:4C:D2,-63,127,1.0,4.5,1.5
1783001871622,2026-07-02 16:17:51.622,C3:00:00:63:4D:04,-56,127,1.0,4.5,1.5
1783001871624,2026-07-02 16:17:51.624,C3:00:00:63:4D:07,-62,127,1.0,4.5,1.5
1783001871655,2026-07-02 16:17:51.655,C3:00:00:63:4D:09,-61,127,1.0,4.5,1.5
1783001871662,2026-07-02 16:17:51.662,C3:00:00:63:4D:0A,-61,127,1.0,4.5,1.5
1783001871682,2026-07-02 16:17:51.682,C3:00:00:63:4D:08,-49,127,1.0,4.5,1.5
1783001871689,2026-07-02 16:17:51.689,C3:00:00:63:4D:0D,-49,127,1.0,4.5,1.5
1783001871693,2026-07-02 16:17:51.693,C3:00:00:63:4C:D2,-63,127,1.0,4.5,1.5
1783001871731,2026-07-02 16:17:51.731,C3:00:00:63:4D:0A,-62,127,1.0,4.5,1.5
1783001871732,2026-07-02 16:17:51.732,C3:00:00:63:4D:04,-72,127,1.0,4.5,1.5
1783001871743,2026-07-02 16:17:51.743,C3:00:00:63:4D:07,-63,127,1.0,4.5,1.5
1783001871756,2026-07-02 16:17:51.756,C3:00:00:63:4D:0A,-62,127,1.0,4.5,1.5
1783001871763,2026-07-02 16:17:51.763,C3:00:00:63:4D:09,-64,127,1.0,4.5,1.5
1783001871787,2026-07-02 16:17:51.787,C3:00:00:63:4D:08,-54,127,1.0,4.5,1.5
1783001871792,2026-07-02 16:17:51.792,C3:00:00:63:4D:0D,-50,127,1.0,4.5,1.5
1783001871801,2026-07-02 16:17:51.801,C3:00:00:63:4D:05,-62,127,1.0,4.5,1.5
1783001871804,2026-07-02 16:17:51.804,C3:00:00:63:4C:D2,-55,127,1.0,4.5,1.5
1783001871812,2026-07-02 16:17:51.812,C3:00:00:63:4D:09,-64,127,1.0,4.5,1.5
1783001871818,2026-07-02 16:17:51.818,C3:00:00:63:4D:05,-56,127,1.0,4.5,1.5
1783001871826,2026-07-02 16:17:51.826,C3:00:00:63:4D:0D,-49,127,1.0,4.5,1.5
1783001871841,2026-07-02 16:17:51.841,C3:00:00:63:4D:04,-63,127,1.0,4.5,1.5
1783001871863,2026-07-02 16:17:51.863,C3:00:00:63:4D:07,-62,127,1.0,4.5,1.5
1783001871866,2026-07-02 16:17:51.866,C3:00:00:63:4D:0A,-61,127,1.0,4.5,1.5
1783001871874,2026-07-02 16:17:51.874,C3:00:00:63:4D:04,-62,127,1.0,4.5,1.5
1783001871880,2026-07-02 16:17:51.880,C3:00:00:63:4D:07,-62,127,1.0,4.5,1.5
1783001871892,2026-07-02 16:17:51.892,C3:00:00:63:4D:04,-63,127,1.0,4.5,1.5
1783001871898,2026-07-02 16:17:51.898,C3:00:00:63:4D:08,-51,127,1.0,4.5,1.5
1783001871899,2026-07-02 16:17:51.899,C3:00:00:63:4D:0D,-49,127,1.0,4.5,1.5
1783001871914,2026-07-02 16:17:51.914,C3:00:00:63:4D:05,-55,127,1.0,4.5,1.5
1783001871971,2026-07-02 16:17:51.971,C3:00:00:63:4D:0A,-61,127,1.0,4.5,1.5
1783001871980,2026-07-02 16:17:51.980,C3:00:00:63:4D:07,-61,127,1.0,4.5,1.5
1783001871996,2026-07-02 16:17:51.996,C3:00:00:63:4D:09,-61,127,1.0,4.5,1.5
1783001872013,2026-07-02 16:17:52.013,C3:00:00:63:4D:0D,-49,127,1.0,4.5,1.5
1783001872018,2026-07-02 16:17:52.018,C3:00:00:63:4D:07,-68,127,1.0,4.5,1.5
1783001872057,2026-07-02 16:17:52.057,C3:00:00:63:4D:0A,-62,127,1.0,4.5,1.5
1783001872084,2026-07-02 16:17:52.084,C3:00:00:63:4D:07,-62,127,1.0,4.5,1.5
1783001872115,2026-07-02 16:17:52.115,C3:00:00:63:4D:0D,-50,127,1.0,4.5,1.5
1783001872120,2026-07-02 16:17:52.120,C3:00:00:63:4D:08,-54,127,1.0,4.5,1.5
1783001872143,2026-07-02 16:17:52.143,C3:00:00:63:4C:D2,-63,127,1.0,4.5,1.5
1783001872148,2026-07-02 16:17:52.148,C3:00:00:63:4D:05,-55,127,1.0,4.5,1.5
1783001872152,2026-07-02 16:17:52.152,C3:00:00:63:4D:0A,-60,127,1.0,4.5,1.5
1783001872172,2026-07-02 16:17:52.172,C3:00:00:63:4D:04,-62,127,1.0,4.5,1.5
1783001872197,2026-07-02 16:17:52.197,C3:00:00:63:4D:07,-62,127,1.0,4.5,1.5
1783001872210,2026-07-02 16:17:52.210,C3:00:00:63:4D:0D,-49,127,1.0,4.5,1.5
1783001872218,2026-07-02 16:17:52.218,C3:00:00:63:4D:09,-61,127,1.0,4.5,1.5
1783001872227,2026-07-02 16:17:52.227,C3:00:00:63:4D:08,-49,127,1.0,4.5,1.5
1783001872252,2026-07-02 16:17:52.252,C3:00:00:63:4D:0A,-61,127,1.0,4.5,1.5
1783001872267,2026-07-02 16:17:52.267,C3:00:00:63:4D:05,-56,127,1.0,4.5,1.5
1783001872283,2026-07-02 16:17:52.283,C3:00:00:63:4D:04,-56,127,1.0,4.5,1.5
1783001872315,2026-07-02 16:17:52.315,C3:00:00:63:4D:0D,-50,127,1.0,4.5,1.5
1783001872320,2026-07-02 16:17:52.320,C3:00:00:63:4D:07,-63,127,1.0,4.5,1.5
1783001872334,2026-07-02 16:17:52.334,C3:00:00:63:4D:09,-64,127,1.0,4.5,1.5
1783001872375,2026-07-02 16:17:52.375,C3:00:00:63:4D:05,-62,127,1.0,4.5,1.5
1783001872386,2026-07-02 16:17:52.386,C3:00:00:63:4D:04,-72,127,1.0,4.5,1.5
1783001872418,2026-07-02 16:17:52.418,C3:00:00:63:4D:0D,-49,127,1.0,4.5,1.5
1783001872429,2026-07-02 16:17:52.429,C3:00:00:63:4C:D2,-64,127,1.0,4.5,1.5
1783001872433,2026-07-02 16:17:52.433,C3:00:00:63:4D:07,-62,127,1.0,4.5,1.5
1783001872444,2026-07-02 16:17:52.444,C3:00:00:63:4D:09,-59,127,1.0,4.5,1.5
1783001872450,2026-07-02 16:17:52.450,C3:00:00:63:4D:0A,-61,127,1.0,4.5,1.5
1783001872483,2026-07-02 16:17:52.483,C3:00:00:63:4D:05,-55,127,1.0,4.5,1.5
1783001872488,2026-07-02 16:17:52.488,C3:00:00:63:4C:D2,-63,127,1.0,4.5,1.5
1783001872524,2026-07-02 16:17:52.524,C3:00:00:63:4D:0D,-50,127,1.0,4.5,1.5
1783001872544,2026-07-02 16:17:52.544,C3:00:00:63:4D:07,-62,127,1.0,4.5,1.5
1783001872547,2026-07-02 16:17:52.547,C3:00:00:63:4D:08,-48,127,1.0,4.5,1.5
1783001872554,2026-07-02 16:17:52.554,C3:00:00:63:4D:0A,-62,127,1.0,4.5,1.5
1783001872565,2026-07-02 16:17:52.565,C3:00:00:63:4D:09,-61,127,1.0,4.5,1.5
1783001872588,2026-07-02 16:17:52.588,C3:00:00:63:4D:0A,-62,127,1.0,4.5,1.5
1783001872609,2026-07-02 16:17:52.609,C3:00:00:63:4D:04,-56,127,1.0,4.5,1.5
1783001872633,2026-07-02 16:17:52.633,C3:00:00:63:4D:0D,-51,127,1.0,4.5,1.5
1783001872642,2026-07-02 16:17:52.642,C3:00:00:63:4D:09,-60,127,1.0,4.5,1.5
1783001872659,2026-07-02 16:17:52.659,C3:00:00:63:4D:0A,-62,127,1.0,4.5,1.5
1783001872663,2026-07-02 16:17:52.663,C3:00:00:63:4D:07,-60,127,1.0,4.5,1.5
1783001872664,2026-07-02 16:17:52.664,C3:00:00:63:4D:08,-53,127,1.0,4.5,1.5
1783001872673,2026-07-02 16:17:52.673,C3:00:00:63:4D:09,-60,127,1.0,4.5,1.5
1783001872679,2026-07-02 16:17:52.679,C3:00:00:63:4D:0A,-70,127,1.0,4.5,1.5
1783001872715,2026-07-02 16:17:52.715,C3:00:00:63:4C:D2,-55,127,1.0,4.5,1.5
1783001872720,2026-07-02 16:17:52.720,C3:00:00:63:4D:05,-55,127,1.0,4.5,1.5
1783001872738,2026-07-02 16:17:52.738,C3:00:00:63:4D:0D,-50,127,1.0,4.5,1.5
1783001872750,2026-07-02 16:17:52.750,C3:00:00:63:4D:08,-51,127,1.0,4.5,1.5
1783001872756,2026-07-02 16:17:52.756,C3:00:00:63:4D:0D,-50,127,1.0,4.5,1.5
1783001872779,2026-07-02 16:17:52.779,C3:00:00:63:4D:08,-51,127,1.0,4.5,1.5
1783001872822,2026-07-02 16:17:52.822,C3:00:00:63:4D:04,-56,127,1.0,4.5,1.5
1783001872827,2026-07-02 16:17:52.827,C3:00:00:63:4C:D2,-61,127,1.0,4.5,1.5
1783001872844,2026-07-02 16:17:52.844,C3:00:00:63:4D:05,-55,127,1.0,4.5,1.5
1783001872846,2026-07-02 16:17:52.846,C3:00:00:63:4D:0D,-50,127,1.0,4.5,1.5
1783001872856,2026-07-02 16:17:52.856,C3:00:00:63:4D:0A,-62,127,1.0,4.5,1.5
1783001872879,2026-07-02 16:17:52.879,C3:00:00:63:4D:08,-48,127,1.0,4.5,1.5
1783001872895,2026-07-02 16:17:52.895,C3:00:00:63:4D:07,-62,127,1.0,4.5,1.5
1783001872903,2026-07-02 16:17:52.903,C3:00:00:63:4D:09,-61,127,1.0,4.5,1.5
1783001872917,2026-07-02 16:17:52.917,C3:00:00:63:4D:04,-75,127,1.0,4.5,1.5
1783001872925,2026-07-02 16:17:52.925,C3:00:00:63:4D:0D,-58,127,1.0,4.5,1.5
1783001872941,2026-07-02 16:17:52.941,C3:00:00:63:4D:04,-72,127,1.0,4.5,1.5
1783001872944,2026-07-02 16:17:52.944,C3:00:00:63:4D:0D,-51,127,1.0,4.5,1.5
1783001872951,2026-07-02 16:17:52.951,C3:00:00:63:4D:05,-60,127,1.0,4.5,1.5
1783001872958,2026-07-02 16:17:52.958,C3:00:00:63:4D:0A,-62,127,1.0,4.5,1.5
1783001872971,2026-07-02 16:17:52.971,C3:00:00:63:4D:05,-63,127,1.0,4.5,1.5
1783001872992,2026-07-02 16:17:52.992,C3:00:00:63:4D:08,-54,127,1.0,4.5,1.5
1783001873009,2026-07-02 16:17:53.009,C3:00:00:63:4D:07,-62,127,1.0,4.5,1.5
1783001873025,2026-07-02 16:17:53.025,C3:00:00:63:4D:09,-60,127,1.0,4.5,1.5
1783001873035,2026-07-02 16:17:53.035,C3:00:00:63:4D:04,-62,127,1.0,4.5,1.5
1783001873044,2026-07-02 16:17:53.044,C3:00:00:63:4D:0D,-49,127,1.0,4.5,1.5
1783001873054,2026-07-02 16:17:53.054,C3:00:00:63:4D:07,-62,127,1.0,4.5,1.5
1783001873060,2026-07-02 16:17:53.060,C3:00:00:63:4C:D2,-64,127,1.0,4.5,1.5
1783001873067,2026-07-02 16:17:53.067,C3:00:00:63:4D:05,-55,127,1.0,4.5,1.5
1783001873094,2026-07-02 16:17:53.094,C3:00:00:63:4D:08,-51,127,1.0,4.5,1.5
1783001873119,2026-07-02 16:17:53.119,C3:00:00:63:4D:07,-62,127,1.0,4.5,1.5
1783001873126,2026-07-02 16:17:53.126,C3:00:00:63:4D:05,-63,127,1.0,4.5,1.5
1783001873132,2026-07-02 16:17:53.132,C3:00:00:63:4D:09,-61,127,1.0,4.5,1.5
1783001873147,2026-07-02 16:17:53.147,C3:00:00:63:4D:0D,-50,127,1.0,4.5,1.5
1783001873157,2026-07-02 16:17:53.157,C3:00:00:63:4D:0A,-61,127,1.0,4.5,1.5
1783001873164,2026-07-02 16:17:53.164,C3:00:00:63:4D:08,-49,127,1.0,4.5,1.5
1783001873168,2026-07-02 16:17:53.168,C3:00:00:63:4D:0D,-49,127,1.0,4.5,1.5
1783001873176,2026-07-02 16:17:53.176,C3:00:00:63:4C:D2,-62,127,1.0,4.5,1.5
1783001873204,2026-07-02 16:17:53.204,C3:00:00:63:4D:08,-49,127,1.0,4.5,1.5
1783001873252,2026-07-02 16:17:53.252,C3:00:00:63:4D:09,-64,127,1.0,4.5,1.5
1783001873257,2026-07-02 16:17:53.257,C3:00:00:63:4D:0A,-62,127,1.0,4.5,1.5
1783001873293,2026-07-02 16:17:53.293,C3:00:00:63:4D:05,-62,127,1.0,4.5,1.5
1783001873321,2026-07-02 16:17:53.321,C3:00:00:63:4D:08,-51,127,1.0,4.5,1.5
1783001873354,2026-07-02 16:17:53.354,C3:00:00:63:4D:07,-62,127,1.0,4.5,1.5
1783001873357,2026-07-02 16:17:53.357,C3:00:00:63:4D:0A,-61,127,1.0,4.5,1.5
1783001873364,2026-07-02 16:17:53.364,C3:00:00:63:4D:09,-60,127,1.0,4.5,1.5
1783001873369,2026-07-02 16:17:53.369,C3:00:00:63:4D:0D,-49,127,1.0,4.5,1.5
1783001873375,2026-07-02 16:17:53.375,C3:00:00:63:4D:04,-62,127,1.0,4.5,1.5
1783001873401,2026-07-02 16:17:53.401,C3:00:00:63:4C:D2,-64,127,1.0,4.5,1.5
1783001873406,2026-07-02 16:17:53.406,C3:00:00:63:4D:05,-55,127,1.0,4.5,1.5
1783001873420,2026-07-02 16:17:53.420,C3:00:00:63:4D:08,-49,127,1.0,4.5,1.5
1783001873441,2026-07-02 16:17:53.441,C3:00:00:63:4D:0A,-62,127,1.0,4.5,1.5
1783001873472,2026-07-02 16:17:53.472,C3:00:00:63:4D:0D,-50,127,1.0,4.5,1.5
1783001873477,2026-07-02 16:17:53.477,C3:00:00:63:4D:09,-61,127,1.0,4.5,1.5
1783001873483,2026-07-02 16:17:53.483,C3:00:00:63:4D:04,-56,127,1.0,4.5,1.5
1783001873486,2026-07-02 16:17:53.486,C3:00:00:63:4D:09,-62,127,1.0,4.5,1.5
1783001873520,2026-07-02 16:17:53.520,C3:00:00:63:4C:D2,-55,127,1.0,4.5,1.5
1783001873523,2026-07-02 16:17:53.523,C3:00:00:63:4D:05,-62,127,1.0,4.5,1.5
1783001873531,2026-07-02 16:17:53.531,C3:00:00:63:4D:08,-54,127,1.0,4.5,1.5
1783001873560,2026-07-02 16:17:53.560,C3:00:00:63:4D:0A,-62,127,1.0,4.5,1.5
1783001873575,2026-07-02 16:17:53.575,C3:00:00:63:4D:0D,-50,127,1.0,4.5,1.5
1783001873578,2026-07-02 16:17:53.578,C3:00:00:63:4D:07,-62,127,1.0,4.5,1.5
1783001873581,2026-07-02 16:17:53.581,C3:00:00:63:4D:04,-73,127,1.0,4.5,1.5
1783001873592,2026-07-02 16:17:53.592,C3:00:00:63:4D:09,-63,127,1.0,4.5,1.5
1783001873658,2026-07-02 16:17:53.658,C3:00:00:63:4D:0A,-61,127,1.0,4.5,1.5
1783001873682,2026-07-02 16:17:53.682,C3:00:00:63:4D:0D,-50,127,1.0,4.5,1.5
1783001873687,2026-07-02 16:17:53.687,C3:00:00:63:4C:D2,-64,127,1.0,4.5,1.5
1783001873691,2026-07-02 16:17:53.691,C3:00:00:63:4D:04,-63,127,1.0,4.5,1.5
1783001873698,2026-07-02 16:17:53.698,C3:00:00:63:4D:07,-63,127,1.0,4.5,1.5
1783001873702,2026-07-02 16:17:53.702,C3:00:00:63:4D:09,-59,127,1.0,4.5,1.5
1783001873725,2026-07-02 16:17:53.725,C3:00:00:63:4D:0A,-63,127,1.0,4.5,1.5
1783001873744,2026-07-02 16:17:53.744,C3:00:00:63:4D:08,-48,127,1.0,4.5,1.5
1783001873758,2026-07-02 16:17:53.758,C3:00:00:63:4D:05,-55,127,1.0,4.5,1.5
1783001873781,2026-07-02 16:17:53.781,C3:00:00:63:4D:0D,-50,127,1.0,4.5,1.5
1783001873789,2026-07-02 16:17:53.789,C3:00:00:63:4C:D2,-68,127,1.0,4.5,1.5
1783001873797,2026-07-02 16:17:53.797,C3:00:00:63:4D:04,-56,127,1.0,4.5,1.5
1783001873814,2026-07-02 16:17:53.814,C3:00:00:63:4D:07,-62,127,1.0,4.5,1.5
1783001873822,2026-07-02 16:17:53.822,C3:00:00:63:4D:09,-60,127,1.0,4.5,1.5
1783001873824,2026-07-02 16:17:53.824,C3:00:00:63:4D:05,-61,127,1.0,4.5,1.5
1783001873826,2026-07-02 16:17:53.826,C3:00:00:63:4D:0D,-52,127,1.0,4.5,1.5
1783001873860,2026-07-02 16:17:53.860,C3:00:00:63:4D:08,-53,127,1.0,4.5,1.5
1783001873864,2026-07-02 16:17:53.864,C3:00:00:63:4C:D2,-55,127,1.0,4.5,1.5
1783001873868,2026-07-02 16:17:53.868,C3:00:00:63:4D:05,-62,127,1.0,4.5,1.5
1783001873873,2026-07-02 16:17:53.873,C3:00:00:63:4D:07,-63,127,1.0,4.5,1.5
1783001873875,2026-07-02 16:17:53.875,C3:00:00:63:4D:04,-74,127,1.0,4.5,1.5
1783001873890,2026-07-02 16:17:53.890,C3:00:00:63:4D:0D,-50,127,1.0,4.5,1.5
1783001873898,2026-07-02 16:17:53.898,C3:00:00:63:4D:04,-84,127,1.0,4.5,1.5
1783001873920,2026-07-02 16:17:53.920,C3:00:00:63:4D:07,-62,127,1.0,4.5,1.5
1783001873924,2026-07-02 16:17:53.924,C3:00:00:63:4D:04,-62,127,1.0,4.5,1.5
1783001873962,2026-07-02 16:17:53.962,C3:00:00:63:4D:0A,-61,127,1.0,4.5,1.5
1783001873967,2026-07-02 16:17:53.967,C3:00:00:63:4D:08,-52,127,1.0,4.5,1.5
1783001873980,2026-07-02 16:17:53.980,C3:00:00:63:4C:D2,-64,127,1.0,4.5,1.5
1783001873989,2026-07-02 16:17:53.989,C3:00:00:63:4D:05,-55,127,1.0,4.5,1.5
1783001873992,2026-07-02 16:17:53.992,C3:00:00:63:4D:0D,-49,127,1.0,4.5,1.5
1783001874015,2026-07-02 16:17:54.015,C3:00:00:63:4D:04,-56,127,1.0,4.5,1.5
1783001874034,2026-07-02 16:17:54.034,C3:00:00:63:4D:07,-62,127,1.0,4.5,1.5
1783001874047,2026-07-02 16:17:54.047,C3:00:00:63:4D:09,-61,127,1.0,4.5,1.5
1783001874055,2026-07-02 16:17:54.055,C3:00:00:63:4D:0A,-61,127,1.0,4.5,1.5
1783001874080,2026-07-02 16:17:54.080,C3:00:00:63:4D:08,-49,127,1.0,4.5,1.5
1783001874094,2026-07-02 16:17:54.094,C3:00:00:63:4C:D2,-62,127,1.0,4.5,1.5
1783001874098,2026-07-02 16:17:54.098,C3:00:00:63:4D:0D,-49,127,1.0,4.5,1.5
1783001874100,2026-07-02 16:17:54.100,C3:00:00:63:4D:05,-56,127,1.0,4.5,1.5
1783001874131,2026-07-02 16:17:54.131,C3:00:00:63:4D:04,-73,127,1.0,4.5,1.5
1783001874156,2026-07-02 16:17:54.156,C3:00:00:63:4D:0A,-62,127,1.0,4.5,1.5
1783001874163,2026-07-02 16:17:54.163,C3:00:00:63:4D:09,-64,127,1.0,4.5,1.5
1783001874166,2026-07-02 16:17:54.166,C3:00:00:63:4D:07,-63,127,1.0,4.5,1.5
1783001874191,2026-07-02 16:17:54.191,C3:00:00:63:4D:08,-54,127,1.0,4.5,1.5
1783001874215,2026-07-02 16:17:54.215,C3:00:00:63:4D:05,-62,127,1.0,4.5,1.5
1783001874240,2026-07-02 16:17:54.240,C3:00:00:63:4D:04,-62,127,1.0,4.5,1.5
1783001874258,2026-07-02 16:17:54.258,C3:00:00:63:4D:0A,-61,127,1.0,4.5,1.5
1783001874271,2026-07-02 16:17:54.271,C3:00:00:63:4D:07,-62,127,1.0,4.5,1.5
1783001874273,2026-07-02 16:17:54.273,C3:00:00:63:4D:09,-60,127,1.0,4.5,1.5
1783001874290,2026-07-02 16:17:54.290,C3:00:00:63:4D:08,-51,127,1.0,4.5,1.5
1783001874304,2026-07-02 16:17:54.304,C3:00:00:63:4D:0D,-49,127,1.0,4.5,1.5
1783001874328,2026-07-02 16:17:54.328,C3:00:00:63:4C:D2,-62,127,1.0,4.5,1.5
1783001874343,2026-07-02 16:17:54.343,C3:00:00:63:4D:04,-56,127,1.0,4.5,1.5
1783001874362,2026-07-02 16:17:54.362,C3:00:00:63:4D:0A,-63,127,1.0,4.5,1.5
1783001874382,2026-07-02 16:17:54.382,C3:00:00:63:4D:07,-62,127,1.0,4.5,1.5
1783001874393,2026-07-02 16:17:54.393,C3:00:00:63:4D:09,-61,127,1.0,4.5,1.5
1783001874410,2026-07-02 16:17:54.410,C3:00:00:63:4D:08,-48,127,1.0,4.5,1.5
1783001874422,2026-07-02 16:17:54.422,C3:00:00:63:4D:0D,-50,127,1.0,4.5,1.5
1783001874446,2026-07-02 16:17:54.446,C3:00:00:63:4C:D2,-55,127,1.0,4.5,1.5
1783001874454,2026-07-02 16:17:54.454,C3:00:00:63:4D:05,-60,127,1.0,4.5,1.5
1783001874456,2026-07-02 16:17:54.456,C3:00:00:63:4D:0A,-62,127,1.0,4.5,1.5
1783001874462,2026-07-02 16:17:54.462,C3:00:00:63:4D:04,-78,127,1.0,4.5,1.5
1783001874481,2026-07-02 16:17:54.481,C3:00:00:63:4D:08,-53,127,1.0,4.5,1.5
1783001874496,2026-07-02 16:17:54.496,C3:00:00:63:4D:09,-60,127,1.0,4.5,1.5
1783001874504,2026-07-02 16:17:54.504,C3:00:00:63:4D:07,-61,127,1.0,4.5,1.5
1783001874520,2026-07-02 16:17:54.520,C3:00:00:63:4D:0D,-49,127,1.0,4.5,1.5
1783001874523,2026-07-02 16:17:54.523,C3:00:00:63:4D:08,-51,127,1.0,4.5,1.5
1783001874572,2026-07-02 16:17:54.572,C3:00:00:63:4D:04,-62,127,1.0,4.5,1.5
1783001874616,2026-07-02 16:17:54.616,C3:00:00:63:4D:09,-59,127,1.0,4.5,1.5
1783001874619,2026-07-02 16:17:54.619,C3:00:00:63:4D:07,-62,127,1.0,4.5,1.5
1783001874621,2026-07-02 16:17:54.621,C3:00:00:63:4D:08,-48,127,1.0,4.5,1.5
1783001874640,2026-07-02 16:17:54.640,C3:00:00:63:4D:0D,-50,127,1.0,4.5,1.5
1783001874657,2026-07-02 16:17:54.657,C3:00:00:63:4D:0A,-63,127,1.0,4.5,1.5
1783001874663,2026-07-02 16:17:54.663,C3:00:00:63:4C:D2,-61,127,1.0,4.5,1.5
1783001874671,2026-07-02 16:17:54.671,C3:00:00:63:4D:05,-55,127,1.0,4.5,1.5
1783001874728,2026-07-02 16:17:54.728,C3:00:00:63:4D:09,-60,127,1.0,4.5,1.5
1783001874735,2026-07-02 16:17:54.735,C3:00:00:63:4D:07,-60,127,1.0,4.5,1.5
1783001874762,2026-07-02 16:17:54.762,C3:00:00:63:4D:0A,-62,127,1.0,4.5,1.5
1783001874768,2026-07-02 16:17:54.768,C3:00:00:63:4D:08,-53,127,1.0,4.5,1.5
1783001874781,2026-07-02 16:17:54.781,C3:00:00:63:4D:04,-80,127,1.0,4.5,1.5
1783001874789,2026-07-02 16:17:54.789,C3:00:00:63:4C:D2,-55,127,1.0,4.5,1.5
1783001874796,2026-07-02 16:17:54.796,C3:00:00:63:4D:05,-60,127,1.0,4.5,1.5
1783001874831,2026-07-02 16:17:54.831,C3:00:00:63:4D:0D,-49,127,1.0,4.5,1.5
1783001874835,2026-07-02 16:17:54.835,C3:00:00:63:4D:08,-51,127,1.0,4.5,1.5
1783001874837,2026-07-02 16:17:54.837,C3:00:00:63:4D:09,-67,127,1.0,4.5,1.5
1783001874857,2026-07-02 16:17:54.857,C3:00:00:63:4D:09,-60,127,1.0,4.5,1.5
1783001874900,2026-07-02 16:17:54.900,C3:00:00:63:4D:05,-55,127,1.0,4.5,1.5
1783001874948,2026-07-02 16:17:54.948,C3:00:00:63:4D:08,-49,127,1.0,4.5,1.5
1783001874951,2026-07-02 16:17:54.951,C3:00:00:63:4D:0A,-61,127,1.0,4.5,1.5
1783001874956,2026-07-02 16:17:54.956,C3:00:00:63:4D:05,-56,127,1.0,4.5,1.5
1783001875001,2026-07-02 16:17:55.001,C3:00:00:63:4D:04,-56,127,1.0,4.5,1.5
1783001875017,2026-07-02 16:17:55.017,C3:00:00:63:4D:05,-62,127,1.0,4.5,1.5
1783001875040,2026-07-02 16:17:55.040,C3:00:00:63:4D:0D,-50,127,1.0,4.5,1.5
1783001875061,2026-07-02 16:17:55.061,C3:00:00:63:4D:08,-54,127,1.0,4.5,1.5
1783001875063,2026-07-02 16:17:55.063,C3:00:00:63:4D:0A,-62,127,1.0,4.5,1.5
1783001875069,2026-07-02 16:17:55.069,C3:00:00:63:4D:07,-63,127,1.0,4.5,1.5
1783001875071,2026-07-02 16:17:55.071,C3:00:00:63:4D:09,-63,127,1.0,4.5,1.5
1783001875089,2026-07-02 16:17:55.089,C3:00:00:63:4D:07,-63,127,1.0,4.5,1.5
1783001875115,2026-07-02 16:17:55.115,C3:00:00:63:4D:04,-62,127,1.0,4.5,1.5
1783001875130,2026-07-02 16:17:55.130,C3:00:00:63:4D:05,-55,127,1.0,4.5,1.5
1783001875132,2026-07-02 16:17:55.132,C3:00:00:63:4C:D2,-63,127,1.0,4.5,1.5
1783001875145,2026-07-02 16:17:55.145,C3:00:00:63:4D:0D,-49,127,1.0,4.5,1.5
1783001875154,2026-07-02 16:17:55.154,C3:00:00:63:4D:0A,-61,127,1.0,4.5,1.5
1783001875166,2026-07-02 16:17:55.166,C3:00:00:63:4D:08,-51,127,1.0,4.5,1.5
1783001875170,2026-07-02 16:17:55.170,C3:00:00:63:4D:0D,-47,127,1.0,4.5,1.5
1783001875179,2026-07-02 16:17:55.179,C3:00:00:63:4D:09,-60,127,1.0,4.5,1.5
1783001875187,2026-07-02 16:17:55.187,C3:00:00:63:4D:07,-62,127,1.0,4.5,1.5
1783001875216,2026-07-02 16:17:55.216,C3:00:00:63:4D:04,-56,127,1.0,4.5,1.5
1783001875240,2026-07-02 16:17:55.240,C3:00:00:63:4C:D2,-62,127,1.0,4.5,1.5
1783001875251,2026-07-02 16:17:55.251,C3:00:00:63:4D:05,-56,127,1.0,4.5,1.5
1783001875261,2026-07-02 16:17:55.261,C3:00:00:63:4D:0D,-49,127,1.0,4.5,1.5
1783001875263,2026-07-02 16:17:55.263,C3:00:00:63:4D:0A,-61,127,1.0,4.5,1.5
1783001875273,2026-07-02 16:17:55.273,C3:00:00:63:4D:08,-49,127,1.0,4.5,1.5
1783001875285,2026-07-02 16:17:55.285,C3:00:00:63:4D:04,-63,127,1.0,4.5,1.5
1783001875295,2026-07-02 16:17:55.295,C3:00:00:63:4D:09,-61,127,1.0,4.5,1.5
1783001875310,2026-07-02 16:17:55.310,C3:00:00:63:4D:07,-62,127,1.0,4.5,1.5
1783001875327,2026-07-02 16:17:55.327,C3:00:00:63:4D:04,-72,127,1.0,4.5,1.5
1783001875361,2026-07-02 16:17:55.361,C3:00:00:63:4D:0A,-62,127,1.0,4.5,1.5
1783001875364,2026-07-02 16:17:55.364,C3:00:00:63:4D:05,-62,127,1.0,4.5,1.5
1783001875382,2026-07-02 16:17:55.382,C3:00:00:63:4D:08,-54,127,1.0,4.5,1.5
1783001875415,2026-07-02 16:17:55.415,C3:00:00:63:4D:09,-63,127,1.0,4.5,1.5
1783001875420,2026-07-02 16:17:55.420,C3:00:00:63:4D:07,-62,127,1.0,4.5,1.5
1783001875456,2026-07-02 16:17:55.456,C3:00:00:63:4D:0A,-61,127,1.0,4.5,1.5
1783001875465,2026-07-02 16:17:55.465,C3:00:00:63:4D:0D,-49,127,1.0,4.5,1.5
1783001875475,2026-07-02 16:17:55.475,C3:00:00:63:4D:05,-55,127,1.0,4.5,1.5
1783001875480,2026-07-02 16:17:55.480,C3:00:00:63:4C:D2,-63,127,1.0,4.5,1.5
1783001875491,2026-07-02 16:17:55.491,C3:00:00:63:4D:08,-52,127,1.0,4.5,1.5
1783001875495,2026-07-02 16:17:55.495,C3:00:00:63:4D:09,-60,127,1.0,4.5,1.5
1783001875540,2026-07-02 16:17:55.540,C3:00:00:63:4D:07,-62,127,1.0,4.5,1.5
1783001875562,2026-07-02 16:17:55.562,C3:00:00:63:4C:D2,-62,127,1.0,4.5,1.5
1783001875585,2026-07-02 16:17:55.585,C3:00:00:63:4C:D2,-62,127,1.0,4.5,1.5
1783001875590,2026-07-02 16:17:55.590,C3:00:00:63:4D:05,-55,127,1.0,4.5,1.5
1783001875606,2026-07-02 16:17:55.606,C3:00:00:63:4D:08,-49,127,1.0,4.5,1.5
1783001875640,2026-07-02 16:17:55.640,C3:00:00:63:4D:09,-63,127,1.0,4.5,1.5
1783001875671,2026-07-02 16:17:55.671,C3:00:00:63:4D:0D,-50,127,1.0,4.5,1.5
1783001875691,2026-07-02 16:17:55.691,C3:00:00:63:4C:D2,-56,127,1.0,4.5,1.5
1783001875706,2026-07-02 16:17:55.706,C3:00:00:63:4D:05,-63,127,1.0,4.5,1.5
1783001875711,2026-07-02 16:17:55.711,C3:00:00:63:4C:D2,-55,127,1.0,4.5,1.5
1783001875720,2026-07-02 16:17:55.720,C3:00:00:63:4D:08,-51,127,1.0,4.5,1.5
1783001875731,2026-07-02 16:17:55.731,C3:00:00:63:4D:0A,-61,127,1.0,4.5,1.5
1783001875758,2026-07-02 16:17:55.758,C3:00:00:63:4D:0A,-61,127,1.0,4.5,1.5
1783001875764,2026-07-02 16:17:55.764,C3:00:00:63:4D:09,-60,127,1.0,4.5,1.5
1783001875770,2026-07-02 16:17:55.770,C3:00:00:63:4D:07,-62,127,1.0,4.5,1.5
1783001875775,2026-07-02 16:17:55.775,C3:00:00:63:4D:0D,-49,127,1.0,4.5,1.5
1783001875819,2026-07-02 16:17:55.819,C3:00:00:63:4C:D2,-62,127,1.0,4.5,1.5
1783001875828,2026-07-02 16:17:55.828,C3:00:00:63:4D:08,-49,127,1.0,4.5,1.5
1783001875829,2026-07-02 16:17:55.829,C3:00:00:63:4D:05,-55,127,1.0,4.5,1.5
1783001875833,2026-07-02 16:17:55.833,C3:00:00:63:4D:0D,-49,127,1.0,4.5,1.5
1783001875848,2026-07-02 16:17:55.848,C3:00:00:63:4D:05,-56,127,1.0,4.5,1.5
1783001875852,2026-07-02 16:17:55.852,C3:00:00:63:4D:0A,-61,127,1.0,4.5,1.5
1783001875875,2026-07-02 16:17:55.875,C3:00:00:63:4D:04,-56,127,1.0,4.5,1.5
1783001875893,2026-07-02 16:17:55.893,C3:00:00:63:4D:0D,-49,127,1.0,4.5,1.5
1783001875898,2026-07-02 16:17:55.898,C3:00:00:63:4D:04,-56,127,1.0,4.5,1.5
1783001875944,2026-07-02 16:17:55.944,C3:00:00:63:4D:05,-62,127,1.0,4.5,1.5
1783001875959,2026-07-02 16:17:55.959,C3:00:00:63:4D:0A,-63,127,1.0,4.5,1.5
1783001875985,2026-07-02 16:17:55.985,C3:00:00:63:4D:09,-63,127,1.0,4.5,1.5
1783001875988,2026-07-02 16:17:55.988,C3:00:00:63:4D:0D,-49,127,1.0,4.5,1.5
1783001875996,2026-07-02 16:17:55.996,C3:00:00:63:4D:07,-63,127,1.0,4.5,1.5
1783001876014,2026-07-02 16:17:56.014,C3:00:00:63:4D:07,-69,127,1.0,4.5,1.5
1783001876023,2026-07-02 16:17:56.023,C3:00:00:63:4D:05,-55,127,1.0,4.5,1.5
1783001876037,2026-07-02 16:17:56.037,C3:00:00:63:4D:08,-52,127,1.0,4.5,1.5
1783001876048,2026-07-02 16:17:56.048,C3:00:00:63:4C:D2,-63,127,1.0,4.5,1.5
1783001876054,2026-07-02 16:17:56.054,C3:00:00:63:4D:05,-55,127,1.0,4.5,1.5
1783001876058,2026-07-02 16:17:56.058,C3:00:00:63:4D:0A,-60,127,1.0,4.5,1.5
1783001876092,2026-07-02 16:17:56.092,C3:00:00:63:4D:0D,-49,127,1.0,4.5,1.5
1783001876112,2026-07-02 16:17:56.112,C3:00:00:63:4D:07,-62,127,1.0,4.5,1.5
1783001876147,2026-07-02 16:17:56.147,C3:00:00:63:4D:08,-48,127,1.0,4.5,1.5
1783001876157,2026-07-02 16:17:56.157,C3:00:00:63:4D:0A,-62,127,1.0,4.5,1.5
1783001876163,2026-07-02 16:17:56.163,C3:00:00:63:4C:D2,-61,127,1.0,4.5,1.5
1783001876172,2026-07-02 16:17:56.172,C3:00:00:63:4D:05,-55,127,1.0,4.5,1.5
1783001876224,2026-07-02 16:17:56.224,C3:00:00:63:4D:07,-60,127,1.0,4.5,1.5
1783001876261,2026-07-02 16:17:56.261,C3:00:00:63:4D:08,-53,127,1.0,4.5,1.5
1783001876301,2026-07-02 16:17:56.301,C3:00:00:63:4D:0D,-51,127,1.0,4.5,1.5
1783001876315,2026-07-02 16:17:56.315,C3:00:00:63:4D:04,-80,127,1.0,4.5,1.5
1783001876329,2026-07-02 16:17:56.329,C3:00:00:63:4D:09,-58,127,1.0,4.5,1.5
1783001876340,2026-07-02 16:17:56.340,C3:00:00:63:4D:07,-62,127,1.0,4.5,1.5
1783001876348,2026-07-02 16:17:56.348,C3:00:00:63:4D:0A,-60,127,1.0,4.5,1.5
1783001876364,2026-07-02 16:17:56.364,C3:00:00:63:4D:08,-52,127,1.0,4.5,1.5
1783001876397,2026-07-02 16:17:56.397,C3:00:00:63:4D:05,-55,127,1.0,4.5,1.5
1783001876403,2026-07-02 16:17:56.403,C3:00:00:63:4C:D2,-63,127,1.0,4.5,1.5
1783001876413,2026-07-02 16:17:56.413,C3:00:00:63:4D:0D,-50,127,1.0,4.5,1.5
1783001876429,2026-07-02 16:17:56.429,C3:00:00:63:4C:D2,-64,127,1.0,4.5,1.5
1783001876439,2026-07-02 16:17:56.439,C3:00:00:63:4D:09,-62,127,1.0,4.5,1.5
1783001876456,2026-07-02 16:17:56.456,C3:00:00:63:4D:0A,-61,127,1.0,4.5,1.5
1783001876460,2026-07-02 16:17:56.460,C3:00:00:63:4D:07,-62,127,1.0,4.5,1.5
1783001876472,2026-07-02 16:17:56.472,C3:00:00:63:4D:08,-49,127,1.0,4.5,1.5
1783001876506,2026-07-02 16:17:56.506,C3:00:00:63:4C:D2,-63,127,1.0,4.5,1.5
1783001876512,2026-07-02 16:17:56.512,C3:00:00:63:4D:0D,-50,127,1.0,4.5,1.5
1783001876516,2026-07-02 16:17:56.516,C3:00:00:63:4D:05,-63,127,1.0,4.5,1.5
1783001876531,2026-07-02 16:17:56.531,C3:00:00:63:4D:04,-77,127,1.0,4.5,1.5
1783001876546,2026-07-02 16:17:56.546,C3:00:00:63:4D:09,-64,127,1.0,4.5,1.5
1783001876560,2026-07-02 16:17:56.560,C3:00:00:63:4D:0A,-62,127,1.0,4.5,1.5
1783001876570,2026-07-02 16:17:56.570,C3:00:00:63:4D:07,-62,127,1.0,4.5,1.5
1783001876582,2026-07-02 16:17:56.582,C3:00:00:63:4D:08,-54,127,1.0,4.5,1.5
1783001876591,2026-07-02 16:17:56.591,C3:00:00:63:4D:0A,-61,127,1.0,4.5,1.5
1783001876621,2026-07-02 16:17:56.621,C3:00:00:63:4C:D2,-63,127,1.0,4.5,1.5
1783001876626,2026-07-02 16:17:56.626,C3:00:00:63:4D:05,-55,127,1.0,4.5,1.5
1783001876635,2026-07-02 16:17:56.635,C3:00:00:63:4D:04,-63,127,1.0,4.5,1.5
1783001876645,2026-07-02 16:17:56.645,C3:00:00:63:4D:09,-61,127,1.0,4.5,1.5
1783001876657,2026-07-02 16:17:56.657,C3:00:00:63:4D:0A,-60,127,1.0,4.5,1.5
1783001876671,2026-07-02 16:17:56.671,C3:00:00:63:4D:09,-60,127,1.0,4.5,1.5
1783001876677,2026-07-02 16:17:56.677,C3:00:00:63:4D:0A,-68,127,1.0,4.5,1.5
1783001876682,2026-07-02 16:17:56.682,C3:00:00:63:4D:07,-61,127,1.0,4.5,1.5
1783001876693,2026-07-02 16:17:56.693,C3:00:00:63:4D:08,-52,127,1.0,4.5,1.5
1783001876722,2026-07-02 16:17:56.722,C3:00:00:63:4D:0D,-50,127,1.0,4.5,1.5
1783001876745,2026-07-02 16:17:56.745,C3:00:00:63:4D:0D,-50,127,1.0,4.5,1.5
1783001876748,2026-07-02 16:17:56.748,C3:00:00:63:4C:D2,-63,127,1.0,4.5,1.5
1783001876751,2026-07-02 16:17:56.751,C3:00:00:63:4D:04,-56,127,1.0,4.5,1.5
1783001876767,2026-07-02 16:17:56.767,C3:00:00:63:4D:0A,-61,127,1.0,4.5,1.5
1783001876770,2026-07-02 16:17:56.770,C3:00:00:63:4D:08,-49,127,1.0,4.5,1.5
1783001876780,2026-07-02 16:17:56.780,C3:00:00:63:4D:09,-63,127,1.0,4.5,1.5
1783001876803,2026-07-02 16:17:56.803,C3:00:00:63:4D:07,-62,127,1.0,4.5,1.5
1783001876805,2026-07-02 16:17:56.805,C3:00:00:63:4D:08,-49,127,1.0,4.5,1.5
1783001876835,2026-07-02 16:17:56.835,C3:00:00:63:4D:0D,-49,127,1.0,4.5,1.5
1783001876859,2026-07-02 16:17:56.859,C3:00:00:63:4D:04,-76,127,1.0,4.5,1.5
1783001876897,2026-07-02 16:17:56.897,C3:00:00:63:4D:09,-63,127,1.0,4.5,1.5
1783001876924,2026-07-02 16:17:56.924,C3:00:00:63:4D:07,-63,127,1.0,4.5,1.5
1783001876928,2026-07-02 16:17:56.928,C3:00:00:63:4D:04,-63,127,1.0,4.5,1.5
1783001876934,2026-07-02 16:17:56.934,C3:00:00:63:4D:0D,-50,127,1.0,4.5,1.5
1783001876950,2026-07-02 16:17:56.950,C3:00:00:63:4D:0D,-58,127,1.0,4.5,1.5
1783001876960,2026-07-02 16:17:56.960,C3:00:00:63:4D:0A,-61,127,1.0,4.5,1.5
1783001876965,2026-07-02 16:17:56.965,C3:00:00:63:4C:D2,-63,127,1.0,4.5,1.5
1783001876977,2026-07-02 16:17:56.977,C3:00:00:63:4D:05,-54,127,1.0,4.5,1.5
1783001877005,2026-07-02 16:17:57.005,C3:00:00:63:4D:09,-59,127,1.0,4.5,1.5
1783001877027,2026-07-02 16:17:57.027,C3:00:00:63:4D:08,-48,127,1.0,4.5,1.5
1783001877036,2026-07-02 16:17:57.036,C3:00:00:63:4D:07,-62,127,1.0,4.5,1.5
1783001877041,2026-07-02 16:17:57.041,C3:00:00:63:4D:0D,-51,127,1.0,4.5,1.5
1783001877059,2026-07-02 16:17:57.059,C3:00:00:63:4D:0A,-62,127,1.0,4.5,1.5
1783001877071,2026-07-02 16:17:57.071,C3:00:00:63:4D:04,-56,127,1.0,4.5,1.5
1783001877087,2026-07-02 16:17:57.087,C3:00:00:63:4D:05,-55,127,1.0,4.5,1.5
1783001877093,2026-07-02 16:17:57.093,C3:00:00:63:4C:D2,-62,127,1.0,4.5,1.5
1783001877121,2026-07-02 16:17:57.121,C3:00:00:63:4D:09,-61,127,1.0,4.5,1.5
1783001877131,2026-07-02 16:17:57.131,C3:00:00:63:4D:08,-54,127,1.0,4.5,1.5
1783001877137,2026-07-02 16:17:57.137,C3:00:00:63:4D:05,-70,127,1.0,4.5,1.5
1783001877140,2026-07-02 16:17:57.140,C3:00:00:63:4D:07,-59,127,1.0,4.5,1.5
1783001877144,2026-07-02 16:17:57.144,C3:00:00:63:4D:0D,-50,127,1.0,4.5,1.5
1783001877153,2026-07-02 16:17:57.153,C3:00:00:63:4D:0A,-62,127,1.0,4.5,1.5
1783001877168,2026-07-02 16:17:57.168,C3:00:00:63:4D:0D,-50,127,1.0,4.5,1.5
1783001877192,2026-07-02 16:17:57.192,C3:00:00:63:4D:08,-54,127,1.0,4.5,1.5
1783001877205,2026-07-02 16:17:57.205,C3:00:00:63:4C:D2,-55,127,1.0,4.5,1.5
1783001877240,2026-07-02 16:17:57.240,C3:00:00:63:4D:09,-58,127,1.0,4.5,1.5
1783001877247,2026-07-02 16:17:57.247,C3:00:00:63:4D:08,-51,127,1.0,4.5,1.5
1783001877256,2026-07-02 16:17:57.256,C3:00:00:63:4D:0D,-50,127,1.0,4.5,1.5
1783001877263,2026-07-02 16:17:57.263,C3:00:00:63:4D:0A,-62,127,1.0,4.5,1.5
1783001877268,2026-07-02 16:17:57.268,C3:00:00:63:4D:07,-63,127,1.0,4.5,1.5
1783001877315,2026-07-02 16:17:57.315,C3:00:00:63:4D:05,-52,127,1.0,4.5,1.5
1783001877344,2026-07-02 16:17:57.344,C3:00:00:63:4D:08,-48,127,1.0,4.5,1.5
1783001877351,2026-07-02 16:17:57.351,C3:00:00:63:4D:09,-62,127,1.0,4.5,1.5
1783001877361,2026-07-02 16:17:57.361,C3:00:00:63:4D:0D,-51,127,1.0,4.5,1.5
1783001877431,2026-07-02 16:17:57.431,C3:00:00:63:4D:05,-64,127,1.0,4.5,1.5
1783001877436,2026-07-02 16:17:57.436,C3:00:00:63:4C:D2,-56,127,1.0,4.5,1.5
1783001877443,2026-07-02 16:17:57.443,C3:00:00:63:4D:0A,-61,127,1.0,4.5,1.5
1783001877468,2026-07-02 16:17:57.468,C3:00:00:63:4D:09,-64,127,1.0,4.5,1.5
1783001877501,2026-07-02 16:17:57.501,C3:00:00:63:4D:09,-64,127,1.0,4.5,1.5
1783001877509,2026-07-02 16:17:57.509,C3:00:00:63:4D:04,-74,127,1.0,4.5,1.5
1783001877544,2026-07-02 16:17:57.544,C3:00:00:63:4D:05,-54,127,1.0,4.5,1.5
1783001877547,2026-07-02 16:17:57.547,C3:00:00:63:4C:D2,-63,127,1.0,4.5,1.5
1783001877555,2026-07-02 16:17:57.555,C3:00:00:63:4D:0A,-61,127,1.0,4.5,1.5
1783001877579,2026-07-02 16:17:57.579,C3:00:00:63:4D:09,-58,127,1.0,4.5,1.5
1783001877619,2026-07-02 16:17:57.619,C3:00:00:63:4D:04,-56,127,1.0,4.5,1.5
1783001877650,2026-07-02 16:17:57.650,C3:00:00:63:4D:0A,-61,127,1.0,4.5,1.5
1783001877662,2026-07-02 16:17:57.662,C3:00:00:63:4C:D2,-62,127,1.0,4.5,1.5
1783001877670,2026-07-02 16:17:57.670,C3:00:00:63:4D:0D,-50,127,1.0,4.5,1.5
1783001877674,2026-07-02 16:17:57.674,C3:00:00:63:4D:08,-49,127,1.0,4.5,1.5
1783001877686,2026-07-02 16:17:57.686,C3:00:00:63:4D:09,-62,127,1.0,4.5,1.5
1783001877700,2026-07-02 16:17:57.700,C3:00:00:63:4C:D2,-62,127,1.0,4.5,1.5
1783001877725,2026-07-02 16:17:57.725,C3:00:00:63:4D:04,-75,127,1.0,4.5,1.5
1783001877734,2026-07-02 16:17:57.734,C3:00:00:63:4D:07,-61,127,1.0,4.5,1.5
1783001877739,2026-07-02 16:17:57.739,C3:00:00:63:4D:0A,-62,127,1.0,4.5,1.5
1783001877760,2026-07-02 16:17:57.760,C3:00:00:63:4D:0A,-61,127,1.0,4.5,1.5
1783001877775,2026-07-02 16:17:57.775,C3:00:00:63:4D:0D,-49,127,1.0,4.5,1.5
1783001877789,2026-07-02 16:17:57.789,C3:00:00:63:4D:08,-54,127,1.0,4.5,1.5
1783001877795,2026-07-02 16:17:57.795,C3:00:00:63:4C:D2,-63,127,1.0,4.5,1.5
1783001877814,2026-07-02 16:17:57.814,C3:00:00:63:4D:09,-64,127,1.0,4.5,1.5
1783001877834,2026-07-02 16:17:57.834,C3:00:00:63:4D:04,-62,127,1.0,4.5,1.5
1783001877843,2026-07-02 16:17:57.843,C3:00:00:63:4D:07,-61,127,1.0,4.5,1.5
1783001877845,2026-07-02 16:17:57.845,C3:00:00:63:4D:0D,-49,127,1.0,4.5,1.5
1783001877877,2026-07-02 16:17:57.877,C3:00:00:63:4D:0D,-49,127,1.0,4.5,1.5
1783001877891,2026-07-02 16:17:57.891,C3:00:00:63:4C:D2,-63,127,1.0,4.5,1.5
1783001877896,2026-07-02 16:17:57.896,C3:00:00:63:4D:04,-62,127,1.0,4.5,1.5
1783001877905,2026-07-02 16:17:57.905,C3:00:00:63:4D:07,-61,127,1.0,4.5,1.5
1783001877920,2026-07-02 16:17:57.920,C3:00:00:63:4D:04,-56,127,1.0,4.5,1.5
1783001877923,2026-07-02 16:17:57.923,C3:00:00:63:4D:09,-62,127,1.0,4.5,1.5
1783001878005,2026-07-02 16:17:58.005,C3:00:00:63:4C:D2,-62,127,1.0,4.5,1.5
1783001878013,2026-07-02 16:17:58.013,C3:00:00:63:4D:05,-54,127,1.0,4.5,1.5
1783001878044,2026-07-02 16:17:58.044,C3:00:00:63:4D:09,-64,127,1.0,4.5,1.5
1783001878059,2026-07-02 16:17:58.059,C3:00:00:63:4D:0A,-61,127,1.0,4.5,1.5
1783001878063,2026-07-02 16:17:58.063,C3:00:00:63:4D:04,-75,127,1.0,4.5,1.5
1783001878069,2026-07-02 16:17:58.069,C3:00:00:63:4D:07,-61,127,1.0,4.5,1.5
1783001878087,2026-07-02 16:17:58.087,C3:00:00:63:4D:0D,-49,127,1.0,4.5,1.5
1783001878113,2026-07-02 16:17:58.113,C3:00:00:63:4D:08,-54,127,1.0,4.5,1.5
1783001878125,2026-07-02 16:17:58.125,C3:00:00:63:4C:D2,-62,127,1.0,4.5,1.5
1783001878136,2026-07-02 16:17:58.136,C3:00:00:63:4D:05,-54,127,1.0,4.5,1.5
1783001878155,2026-07-02 16:17:58.155,C3:00:00:63:4D:0A,-61,127,1.0,4.5,1.5
1783001878160,2026-07-02 16:17:58.160,C3:00:00:63:4D:04,-62,127,1.0,4.5,1.5
1783001878173,2026-07-02 16:17:58.173,C3:00:00:63:4D:07,-61,127,1.0,4.5,1.5
1783001878200,2026-07-02 16:17:58.200,C3:00:00:63:4D:0D,-49,127,1.0,4.5,1.5
1783001878215,2026-07-02 16:17:58.215,C3:00:00:63:4D:08,-49,127,1.0,4.5,1.5
1783001878237,2026-07-02 16:17:58.237,C3:00:00:63:4C:D2,-62,127,1.0,4.5,1.5
1783001878244,2026-07-02 16:17:58.244,C3:00:00:63:4D:05,-54,127,1.0,4.5,1.5
1783001878266,2026-07-02 16:17:58.266,C3:00:00:63:4D:0A,-61,127,1.0,4.5,1.5
1783001878268,2026-07-02 16:17:58.268,C3:00:00:63:4D:09,-62,127,1.0,4.5,1.5
1783001878272,2026-07-02 16:17:58.272,C3:00:00:63:4D:04,-56,127,1.0,4.5,1.5
1783001878292,2026-07-02 16:17:58.292,C3:00:00:63:4D:07,-62,127,1.0,4.5,1.5
1783001878300,2026-07-02 16:17:58.300,C3:00:00:63:4D:0D,-50,127,1.0,4.5,1.5
1783001878341,2026-07-02 16:17:58.341,C3:00:00:63:4D:07,-62,127,1.0,4.5,1.5
1783001878351,2026-07-02 16:17:58.351,C3:00:00:63:4D:05,-65,127,1.0,4.5,1.5
1783001878360,2026-07-02 16:17:58.360,C3:00:00:63:4D:0A,-61,127,1.0,4.5,1.5
1783001878381,2026-07-02 16:17:58.381,C3:00:00:63:4D:09,-64,127,1.0,4.5,1.5
1783001878386,2026-07-02 16:17:58.386,C3:00:00:63:4D:04,-75,127,1.0,4.5,1.5
1783001878431,2026-07-02 16:17:58.431,C3:00:00:63:4D:08,-51,127,1.0,4.5,1.5
1783001878438,2026-07-02 16:17:58.438,C3:00:00:63:4C:D2,-63,127,1.0,4.5,1.5
1783001878454,2026-07-02 16:17:58.454,C3:00:00:63:4D:0A,-61,127,1.0,4.5,1.5
1783001878466,2026-07-02 16:17:58.466,C3:00:00:63:4D:05,-54,127,1.0,4.5,1.5
1783001878484,2026-07-02 16:17:58.484,C3:00:00:63:4D:08,-52,127,1.0,4.5,1.5
1783001878504,2026-07-02 16:17:58.504,C3:00:00:63:4D:0D,-49,127,1.0,4.5,1.5
1783001878507,2026-07-02 16:17:58.507,C3:00:00:63:4D:08,-60,127,1.0,4.5,1.5
1783001878521,2026-07-02 16:17:58.521,C3:00:00:63:4D:07,-62,127,1.0,4.5,1.5
1783001878553,2026-07-02 16:17:58.553,C3:00:00:63:4D:0A,-61,127,1.0,4.5,1.5
1783001878580,2026-07-02 16:17:58.580,C3:00:00:63:4D:05,-54,127,1.0,4.5,1.5
1783001878584,2026-07-02 16:17:58.584,C3:00:00:63:4C:D2,-62,127,1.0,4.5,1.5
1783001878595,2026-07-02 16:17:58.595,C3:00:00:63:4D:04,-56,127,1.0,4.5,1.5
1783001878602,2026-07-02 16:17:58.602,C3:00:00:63:4D:09,-62,127,1.0,4.5,1.5
1783001878654,2026-07-02 16:17:58.654,C3:00:00:63:4D:08,-54,127,1.0,4.5,1.5
1783001878659,2026-07-02 16:17:58.659,C3:00:00:63:4D:0A,-61,127,1.0,4.5,1.5
1783001878695,2026-07-02 16:17:58.695,C3:00:00:63:4C:D2,-56,127,1.0,4.5,1.5
1783001878702,2026-07-02 16:17:58.702,C3:00:00:63:4D:05,-65,127,1.0,4.5,1.5
1783001878710,2026-07-02 16:17:58.710,C3:00:00:63:4D:04,-75,127,1.0,4.5,1.5
1783001878712,2026-07-02 16:17:58.712,C3:00:00:63:4D:09,-58,127,1.0,4.5,1.5
1783001878788,2026-07-02 16:17:58.788,C3:00:00:63:4D:08,-51,127,1.0,4.5,1.5
1783001878812,2026-07-02 16:17:58.812,C3:00:00:63:4C:D2,-63,127,1.0,4.5,1.5
1783001878817,2026-07-02 16:17:58.817,C3:00:00:63:4D:05,-54,127,1.0,4.5,1.5
1783001878823,2026-07-02 16:17:58.823,C3:00:00:63:4D:0D,-50,127,1.0,4.5,1.5
1783001878838,2026-07-02 16:17:58.838,C3:00:00:63:4D:09,-62,127,1.0,4.5,1.5
1783001878873,2026-07-02 16:17:58.873,C3:00:00:63:4D:08,-49,127,1.0,4.5,1.5
1783001878924,2026-07-02 16:17:58.924,C3:00:00:63:4D:05,-65,127,1.0,4.5,1.5
1783001878933,2026-07-02 16:17:58.933,C3:00:00:63:4C:D2,-56,127,1.0,4.5,1.5
1783001878941,2026-07-02 16:17:58.941,C3:00:00:63:4D:0D,-49,127,1.0,4.5,1.5
1783001878953,2026-07-02 16:17:58.953,C3:00:00:63:4D:09,-64,127,1.0,4.5,1.5
1783001878954,2026-07-02 16:17:58.954,C3:00:00:63:4D:05,-65,127,1.0,4.5,1.5
1783001878957,2026-07-02 16:17:58.957,C3:00:00:63:4D:0A,-61,127,1.0,4.5,1.5
1783001878983,2026-07-02 16:17:58.983,C3:00:00:63:4D:08,-54,127,1.0,4.5,1.5
1783001878989,2026-07-02 16:17:58.989,C3:00:00:63:4D:07,-61,127,1.0,4.5,1.5
1783001879031,2026-07-02 16:17:59.031,C3:00:00:63:4D:0D,-49,127,1.0,4.5,1.5
1783001879038,2026-07-02 16:17:59.038,C3:00:00:63:4C:D2,-63,127,1.0,4.5,1.5
1783001879043,2026-07-02 16:17:59.043,C3:00:00:63:4D:05,-54,127,1.0,4.5,1.5
1783001879052,2026-07-02 16:17:59.052,C3:00:00:63:4D:0A,-61,127,1.0,4.5,1.5
1783001879058,2026-07-02 16:17:59.058,C3:00:00:63:4D:09,-58,127,1.0,4.5,1.5
1783001879076,2026-07-02 16:17:59.076,C3:00:00:63:4D:07,-61,127,1.0,4.5,1.5
1783001879088,2026-07-02 16:17:59.088,C3:00:00:63:4D:08,-51,127,1.0,4.5,1.5
1783001879099,2026-07-02 16:17:59.099,C3:00:00:63:4D:07,-61,127,1.0,4.5,1.5
1783001879142,2026-07-02 16:17:59.142,C3:00:00:63:4D:0D,-50,127,1.0,4.5,1.5
1783001879151,2026-07-02 16:17:59.151,C3:00:00:63:4D:0A,-61,127,1.0,4.5,1.5
1783001879157,2026-07-02 16:17:59.157,C3:00:00:63:4C:D2,-61,127,1.0,4.5,1.5
1783001879159,2026-07-02 16:17:59.159,C3:00:00:63:4D:05,-54,127,1.0,4.5,1.5
1783001879167,2026-07-02 16:17:59.167,C3:00:00:63:4D:0D,-50,127,1.0,4.5,1.5
1783001879177,2026-07-02 16:17:59.177,C3:00:00:63:4D:09,-62,127,1.0,4.5,1.5
1783001879204,2026-07-02 16:17:59.204,C3:00:00:63:4D:08,-49,127,1.0,4.5,1.5
1783001879220,2026-07-02 16:17:59.220,C3:00:00:63:4D:07,-61,127,1.0,4.5,1.5
1783001879229,2026-07-02 16:17:59.229,C3:00:00:63:4D:08,-54,127,1.0,4.5,1.5
1783001879248,2026-07-02 16:17:59.248,C3:00:00:63:4D:0D,-49,127,1.0,4.5,1.5
1783001879254,2026-07-02 16:17:59.254,C3:00:00:63:4D:04,-75,127,1.0,4.5,1.5
1783001879259,2026-07-02 16:17:59.259,C3:00:00:63:4D:0A,-61,127,1.0,4.5,1.5
1783001879272,2026-07-02 16:17:59.272,C3:00:00:63:4C:D2,-55,127,1.0,4.5,1.5
1783001879278,2026-07-02 16:17:59.278,C3:00:00:63:4D:05,-65,127,1.0,4.5,1.5
1783001879285,2026-07-02 16:17:59.285,C3:00:00:63:4D:04,-82,127,1.0,4.5,1.5
1783001879287,2026-07-02 16:17:59.287,C3:00:00:63:4D:09,-64,127,1.0,4.5,1.5
1783001879304,2026-07-02 16:17:59.304,C3:00:00:63:4D:08,-54,127,1.0,4.5,1.5
1783001879327,2026-07-02 16:17:59.327,C3:00:00:63:4D:07,-61,127,1.0,4.5,1.5
1783001879350,2026-07-02 16:17:59.350,C3:00:00:63:4D:0D,-49,127,1.0,4.5,1.5
1783001879357,2026-07-02 16:17:59.357,C3:00:00:63:4D:0A,-61,127,1.0,4.5,1.5
1783001879362,2026-07-02 16:17:59.362,C3:00:00:63:4D:04,-62,127,1.0,4.5,1.5
1783001879382,2026-07-02 16:17:59.382,C3:00:00:63:4C:D2,-62,127,1.0,4.5,1.5
1783001879387,2026-07-02 16:17:59.387,C3:00:00:63:4D:05,-54,127,1.0,4.5,1.5
1783001879406,2026-07-02 16:17:59.406,C3:00:00:63:4D:09,-58,127,1.0,4.5,1.5
1783001879440,2026-07-02 16:17:59.440,C3:00:00:63:4D:0A,-62,127,1.0,4.5,1.5
1783001879446,2026-07-02 16:17:59.446,C3:00:00:63:4D:07,-62,127,1.0,4.5,1.5
1783001879459,2026-07-02 16:17:59.459,C3:00:00:63:4D:0D,-50,127,1.0,4.5,1.5
1783001879466,2026-07-02 16:17:59.466,C3:00:00:63:4D:0A,-61,127,1.0,4.5,1.5
1783001879471,2026-07-02 16:17:59.471,C3:00:00:63:4D:04,-56,127,1.0,4.5,1.5
1783001879494,2026-07-02 16:17:59.494,C3:00:00:63:4C:D2,-62,127,1.0,4.5,1.5
1783001879507,2026-07-02 16:17:59.507,C3:00:00:63:4D:05,-54,127,1.0,4.5,1.5
1783001879518,2026-07-02 16:17:59.518,C3:00:00:63:4D:09,-62,127,1.0,4.5,1.5
1783001879526,2026-07-02 16:17:59.526,C3:00:00:63:4D:08,-54,127,1.0,4.5,1.5
1783001879537,2026-07-02 16:17:59.537,C3:00:00:63:4D:09,-61,127,1.0,4.5,1.5
1783001879576,2026-07-02 16:17:59.576,C3:00:00:63:4C:D2,-56,127,1.0,4.5,1.5
1783001879618,2026-07-02 16:17:59.618,C3:00:00:63:4C:D2,-62,127,1.0,4.5,1.5
1783001879622,2026-07-02 16:17:59.622,C3:00:00:63:4D:05,-54,127,1.0,4.5,1.5
1783001879638,2026-07-02 16:17:59.638,C3:00:00:63:4D:09,-58,127,1.0,4.5,1.5
1783001879639,2026-07-02 16:17:59.639,C3:00:00:63:4D:08,-52,127,1.0,4.5,1.5
1783001879654,2026-07-02 16:17:59.654,C3:00:00:63:4D:0A,-61,127,1.0,4.5,1.5
1783001879659,2026-07-02 16:17:59.659,C3:00:00:63:4D:0D,-49,127,1.0,4.5,1.5
1783001879673,2026-07-02 16:17:59.673,C3:00:00:63:4D:07,-62,127,1.0,4.5,1.5
1783001879686,2026-07-02 16:17:59.686,C3:00:00:63:4D:04,-62,127,1.0,4.5,1.5
1783001879707,2026-07-02 16:17:59.707,C3:00:00:63:4C:D2,-63,127,1.0,4.5,1.5
1783001879726,2026-07-02 16:17:59.726,C3:00:00:63:4C:D2,-60,127,1.0,4.5,1.5
1783001879735,2026-07-02 16:17:59.735,C3:00:00:63:4D:05,-54,127,1.0,4.5,1.5
1783001879743,2026-07-02 16:17:59.743,C3:00:00:63:4D:09,-62,127,1.0,4.5,1.5
1783001879752,2026-07-02 16:17:59.752,C3:00:00:63:4D:08,-48,127,1.0,4.5,1.5
1783001879773,2026-07-02 16:17:59.773,C3:00:00:63:4D:0D,-51,127,1.0,4.5,1.5
1783001879789,2026-07-02 16:17:59.789,C3:00:00:63:4D:07,-62,127,1.0,4.5,1.5
1783001879809,2026-07-02 16:17:59.809,C3:00:00:63:4D:09,-62,127,1.0,4.5,1.5
1783001879846,2026-07-02 16:17:59.846,C3:00:00:63:4C:D2,-55,127,1.0,4.5,1.5
1783001879849,2026-07-02 16:17:59.849,C3:00:00:63:4D:05,-62,127,1.0,4.5,1.5
1783001879860,2026-07-02 16:17:59.860,C3:00:00:63:4D:0A,-61,127,1.0,4.5,1.5
1783001879863,2026-07-02 16:17:59.863,C3:00:00:63:4D:09,-61,127,1.0,4.5,1.5
1783001879867,2026-07-02 16:17:59.867,C3:00:00:63:4D:08,-54,127,1.0,4.5,1.5
1783001879874,2026-07-02 16:17:59.874,C3:00:00:63:4D:0D,-50,127,1.0,4.5,1.5
1783001879875,2026-07-02 16:17:59.875,C3:00:00:63:4D:05,-62,127,1.0,4.5,1.5
1783001879902,2026-07-02 16:17:59.902,C3:00:00:63:4D:07,-59,127,1.0,4.5,1.5
1783001879958,2026-07-02 16:17:59.958,C3:00:00:63:4D:08,-51,127,1.0,4.5,1.5
1783001879963,2026-07-02 16:17:59.963,C3:00:00:63:4D:05,-54,127,1.0,4.5,1.5
1783001879969,2026-07-02 16:17:59.969,C3:00:00:63:4C:D2,-63,127,1.0,4.5,1.5
1783001880013,2026-07-02 16:18:00.013,C3:00:00:63:4D:07,-69,127,1.0,4.5,1.5
1783001880019,2026-07-02 16:18:00.019,C3:00:00:63:4D:04,-56,127,1.0,4.5,1.5
1783001880072,2026-07-02 16:18:00.072,C3:00:00:63:4D:08,-49,127,1.0,4.5,1.5
1783001880077,2026-07-02 16:18:00.077,C3:00:00:63:4C:D2,-62,127,1.0,4.5,1.5
1783001880084,2026-07-02 16:18:00.084,C3:00:00:63:4D:05,-54,127,1.0,4.5,1.5
1783001880091,2026-07-02 16:18:00.091,C3:00:00:63:4D:0D,-50,127,1.0,4.5,1.5
1783001880129,2026-07-02 16:18:00.129,C3:00:00:63:4D:07,-61,127,1.0,4.5,1.5
1783001880157,2026-07-02 16:18:00.157,C3:00:00:63:4D:0A,-61,127,1.0,4.5,1.5
1783001880186,2026-07-02 16:18:00.186,C3:00:00:63:4D:08,-54,127,1.0,4.5,1.5
1783001880190,2026-07-02 16:18:00.190,C3:00:00:63:4D:0D,-49,127,1.0,4.5,1.5
1783001880191,2026-07-02 16:18:00.191,C3:00:00:63:4C:D2,-56,127,1.0,4.5,1.5
1783001880193,2026-07-02 16:18:00.193,C3:00:00:63:4D:05,-65,127,1.0,4.5,1.5
1783001880201,2026-07-02 16:18:00.201,C3:00:00:63:4D:09,-64,127,1.0,4.5,1.5
1783001880234,2026-07-02 16:18:00.234,C3:00:00:63:4D:04,-61,127,1.0,4.5,1.5
1783001880256,2026-07-02 16:18:00.256,C3:00:00:63:4D:07,-61,127,1.0,4.5,1.5
1783001880261,2026-07-02 16:18:00.261,C3:00:00:63:4D:0A,-61,127,1.0,4.5,1.5
1783001880290,2026-07-02 16:18:00.290,C3:00:00:63:4D:0D,-49,127,1.0,4.5,1.5
1783001880301,2026-07-02 16:18:00.301,C3:00:00:63:4C:D2,-62,127,1.0,4.5,1.5
1783001880315,2026-07-02 16:18:00.315,C3:00:00:63:4D:05,-54,127,1.0,4.5,1.5
1783001880333,2026-07-02 16:18:00.333,C3:00:00:63:4D:09,-58,127,1.0,4.5,1.5
1783001880347,2026-07-02 16:18:00.347,C3:00:00:63:4D:04,-56,127,1.0,4.5,1.5
1783001880362,2026-07-02 16:18:00.362,C3:00:00:63:4D:07,-62,127,1.0,4.5,1.5
1783001880402,2026-07-02 16:18:00.402,C3:00:00:63:4D:08,-49,127,1.0,4.5,1.5
1783001880419,2026-07-02 16:18:00.419,C3:00:00:63:4C:D2,-55,127,1.0,4.5,1.5
1783001880424,2026-07-02 16:18:00.424,C3:00:00:63:4D:05,-65,127,1.0,4.5,1.5
1783001880432,2026-07-02 16:18:00.432,C3:00:00:63:4D:09,-64,127,1.0,4.5,1.5
1783001880437,2026-07-02 16:18:00.437,C3:00:00:63:4C:D2,-56,127,1.0,4.5,1.5
1783001880454,2026-07-02 16:18:00.454,C3:00:00:63:4D:04,-75,127,1.0,4.5,1.5
1783001880458,2026-07-02 16:18:00.458,C3:00:00:63:4D:0A,-61,127,1.0,4.5,1.5
1783001880481,2026-07-02 16:18:00.481,C3:00:00:63:4D:07,-61,127,1.0,4.5,1.5
1783001880506,2026-07-02 16:18:00.506,C3:00:00:63:4D:0D,-49,127,1.0,4.5,1.5
1783001880509,2026-07-02 16:18:00.509,C3:00:00:63:4D:08,-54,127,1.0,4.5,1.5
1783001880537,2026-07-02 16:18:00.537,C3:00:00:63:4D:05,-54,127,1.0,4.5,1.5
1783001880541,2026-07-02 16:18:00.541,C3:00:00:63:4C:D2,-63,127,1.0,4.5,1.5
1783001880549,2026-07-02 16:18:00.549,C3:00:00:63:4D:09,-58,127,1.0,4.5,1.5
1783001880556,2026-07-02 16:18:00.556,C3:00:00:63:4D:0A,-60,127,1.0,4.5,1.5
1783001880593,2026-07-02 16:18:00.593,C3:00:00:63:4D:07,-61,127,1.0,4.5,1.5
1783001880598,2026-07-02 16:18:00.598,C3:00:00:63:4D:0A,-61,127,1.0,4.5,1.5
1783001880610,2026-07-02 16:18:00.610,C3:00:00:63:4D:0D,-49,127,1.0,4.5,1.5
1783001880629,2026-07-02 16:18:00.629,C3:00:00:63:4D:08,-51,127,1.0,4.5,1.5
1783001880653,2026-07-02 16:18:00.653,C3:00:00:63:4C:D2,-62,127,1.0,4.5,1.5
1783001880658,2026-07-02 16:18:00.658,C3:00:00:63:4D:0A,-61,127,1.0,4.5,1.5
1783001880672,2026-07-02 16:18:00.672,C3:00:00:63:4D:05,-54,127,1.0,4.5,1.5
1783001880686,2026-07-02 16:18:00.686,C3:00:00:63:4D:04,-56,127,1.0,4.5,1.5
1783001880692,2026-07-02 16:18:00.692,C3:00:00:63:4D:0A,-69,127,1.0,4.5,1.5
1783001880716,2026-07-02 16:18:00.716,C3:00:00:63:4D:07,-62,127,1.0,4.5,1.5
1783001880721,2026-07-02 16:18:00.721,C3:00:00:63:4D:0D,-49,127,1.0,4.5,1.5
1783001880726,2026-07-02 16:18:00.726,C3:00:00:63:4D:08,-54,127,1.0,4.5,1.5
1783001880750,2026-07-02 16:18:00.750,C3:00:00:63:4D:0D,-49,127,1.0,4.5,1.5
1783001880757,2026-07-02 16:18:00.757,C3:00:00:63:4D:0A,-61,127,1.0,4.5,1.5
1783001880761,2026-07-02 16:18:00.761,C3:00:00:63:4D:08,-54,127,1.0,4.5,1.5
1783001880767,2026-07-02 16:18:00.767,C3:00:00:63:4D:05,-65,127,1.0,4.5,1.5
1783001880775,2026-07-02 16:18:00.775,C3:00:00:63:4D:09,-64,127,1.0,4.5,1.5
1783001880829,2026-07-02 16:18:00.829,C3:00:00:63:4D:07,-61,127,1.0,4.5,1.5
1783001880836,2026-07-02 16:18:00.836,C3:00:00:63:4D:08,-51,127,1.0,4.5,1.5
1783001880855,2026-07-02 16:18:00.855,C3:00:00:63:4D:0A,-61,127,1.0,4.5,1.5
1783001880884,2026-07-02 16:18:00.884,C3:00:00:63:4D:05,-54,127,1.0,4.5,1.5
1783001880945,2026-07-02 16:18:00.945,C3:00:00:63:4D:08,-48,127,1.0,4.5,1.5
1783001880953,2026-07-02 16:18:00.953,C3:00:00:63:4D:07,-62,127,1.0,4.5,1.5
1783001880967,2026-07-02 16:18:00.967,C3:00:00:63:4D:05,-55,127,1.0,4.5,1.5
1783001880969,2026-07-02 16:18:00.969,C3:00:00:63:4D:04,-56,127,1.0,4.5,1.5
1783001880972,2026-07-02 16:18:00.972,C3:00:00:63:4D:0A,-61,127,1.0,4.5,1.5
1783001880999,2026-07-02 16:18:00.999,C3:00:00:63:4C:D2,-62,127,1.0,4.5,1.5
1783001881005,2026-07-02 16:18:01.005,C3:00:00:63:4D:05,-54,127,1.0,4.5,1.5
1783001881009,2026-07-02 16:18:01.009,C3:00:00:63:4D:04,-56,127,1.0,4.5,1.5
1783001881015,2026-07-02 16:18:01.015,C3:00:00:63:4D:09,-62,127,1.0,4.5,1.5
1783001881032,2026-07-02 16:18:01.032,C3:00:00:63:4D:0D,-49,127,1.0,4.5,1.5
1783001881060,2026-07-02 16:18:01.060,C3:00:00:63:4D:07,-61,127,1.0,4.5,1.5
1783001881070,2026-07-02 16:18:01.070,C3:00:00:63:4D:08,-54,127,1.0,4.5,1.5
1783001881079,2026-07-02 16:18:01.079,C3:00:00:63:4D:0A,-61,127,1.0,4.5,1.5
1783001881113,2026-07-02 16:18:01.113,C3:00:00:63:4C:D2,-55,127,1.0,4.5,1.5
1783001881116,2026-07-02 16:18:01.116,C3:00:00:63:4D:09,-61,127,1.0,4.5,1.5
1783001881133,2026-07-02 16:18:01.133,C3:00:00:63:4D:05,-61,127,1.0,4.5,1.5
1783001881137,2026-07-02 16:18:01.137,C3:00:00:63:4D:0D,-50,127,1.0,4.5,1.5
1783001881153,2026-07-02 16:18:01.153,C3:00:00:63:4D:0A,-61,127,1.0,4.5,1.5
1783001881171,2026-07-02 16:18:01.171,C3:00:00:63:4D:08,-51,127,1.0,4.5,1.5
1783001881176,2026-07-02 16:18:01.176,C3:00:00:63:4D:07,-62,127,1.0,4.5,1.5
1783001881183,2026-07-02 16:18:01.183,C3:00:00:63:4D:0D,-50,127,1.0,4.5,1.5
1783001881213,2026-07-02 16:18:01.213,C3:00:00:63:4D:08,-52,127,1.0,4.5,1.5
1783001881221,2026-07-02 16:18:01.221,C3:00:00:63:4D:04,-62,127,1.0,4.5,1.5
1783001881225,2026-07-02 16:18:01.225,C3:00:00:63:4D:05,-54,127,1.0,4.5,1.5
1783001881227,2026-07-02 16:18:01.227,C3:00:00:63:4C:D2,-60,127,1.0,4.5,1.5
1783001881233,2026-07-02 16:18:01.233,C3:00:00:63:4D:09,-63,127,1.0,4.5,1.5
1783001881242,2026-07-02 16:18:01.242,C3:00:00:63:4D:0D,-50,127,1.0,4.5,1.5
1783001881260,2026-07-02 16:18:01.260,C3:00:00:63:4D:0A,-61,127,1.0,4.5,1.5
1783001881273,2026-07-02 16:18:01.273,C3:00:00:63:4D:08,-48,127,1.0,4.5,1.5
1783001881288,2026-07-02 16:18:01.288,C3:00:00:63:4D:07,-62,127,1.0,4.5,1.5
1783001881348,2026-07-02 16:18:01.348,C3:00:00:63:4C:D2,-55,127,1.0,4.5,1.5
1783001881355,2026-07-02 16:18:01.355,C3:00:00:63:4D:05,-65,127,1.0,4.5,1.5
1783001881362,2026-07-02 16:18:01.362,C3:00:00:63:4D:09,-64,127,1.0,4.5,1.5
1783001881366,2026-07-02 16:18:01.366,C3:00:00:63:4D:0D,-49,127,1.0,4.5,1.5
1783001881384,2026-07-02 16:18:01.384,C3:00:00:63:4D:08,-54,127,1.0,4.5,1.5
1783001881402,2026-07-02 16:18:01.402,C3:00:00:63:4D:07,-61,127,1.0,4.5,1.5
1783001881436,2026-07-02 16:18:01.436,C3:00:00:63:4D:0A,-61,127,1.0,4.5,1.5
1783001881446,2026-07-02 16:18:01.446,C3:00:00:63:4D:0D,-49,127,1.0,4.5,1.5
1783001881457,2026-07-02 16:18:01.457,C3:00:00:63:4C:D2,-62,127,1.0,4.5,1.5
1783001881459,2026-07-02 16:18:01.459,C3:00:00:63:4D:09,-58,127,1.0,4.5,1.5
1783001881465,2026-07-02 16:18:01.465,C3:00:00:63:4D:05,-54,127,1.0,4.5,1.5
1783001881517,2026-07-02 16:18:01.517,C3:00:00:63:4D:07,-61,127,1.0,4.5,1.5
1783001881526,2026-07-02 16:18:01.526,C3:00:00:63:4D:09,-62,127,1.0,4.5,1.5
1783001881546,2026-07-02 16:18:01.546,C3:00:00:63:4D:04,-56,127,1.0,4.5,1.5
1783001881559,2026-07-02 16:18:01.559,C3:00:00:63:4D:0D,-50,127,1.0,4.5,1.5
1783001881566,2026-07-02 16:18:01.566,C3:00:00:63:4D:0A,-61,127,1.0,4.5,1.5
1783001881568,2026-07-02 16:18:01.568,C3:00:00:63:4D:09,-62,127,1.0,4.5,1.5
1783001881600,2026-07-02 16:18:01.600,C3:00:00:63:4D:08,-49,127,1.0,4.5,1.5
1783001881633,2026-07-02 16:18:01.633,C3:00:00:63:4D:07,-61,127,1.0,4.5,1.5
1783001881657,2026-07-02 16:18:01.657,C3:00:00:63:4D:04,-75,127,1.0,4.5,1.5
1783001881661,2026-07-02 16:18:01.661,C3:00:00:63:4D:0A,-61,127,1.0,4.5,1.5
1783001881687,2026-07-02 16:18:01.687,C3:00:00:63:4D:09,-64,127,1.0,4.5,1.5
1783001881696,2026-07-02 16:18:01.696,C3:00:00:63:4D:05,-64,127,1.0,4.5,1.5
1783001881709,2026-07-02 16:18:01.709,C3:00:00:63:4D:08,-54,127,1.0,4.5,1.5
1783001881715,2026-07-02 16:18:01.715,C3:00:00:63:4C:D2,-63,127,1.0,4.5,1.5
1783001881744,2026-07-02 16:18:01.744,C3:00:00:63:4D:0A,-61,127,1.0,4.5,1.5
1783001881749,2026-07-02 16:18:01.749,C3:00:00:63:4D:07,-62,127,1.0,4.5,1.5
1783001881770,2026-07-02 16:18:01.770,C3:00:00:63:4D:04,-62,127,1.0,4.5,1.5
1783001881774,2026-07-02 16:18:01.774,C3:00:00:63:4D:0D,-50,127,1.0,4.5,1.5
1783001881780,2026-07-02 16:18:01.780,C3:00:00:63:4D:0A,-61,127,1.0,4.5,1.5
1783001881804,2026-07-02 16:18:01.804,C3:00:00:63:4D:09,-58,127,1.0,4.5,1.5
1783001881824,2026-07-02 16:18:01.824,C3:00:00:63:4D:08,-48,127,1.0,4.5,1.5
1783001881831,2026-07-02 16:18:01.831,C3:00:00:63:4C:D2,-67,127,1.0,4.5,1.5
1783001881857,2026-07-02 16:18:01.857,C3:00:00:63:4D:07,-62,127,1.0,4.5,1.5
1783001881863,2026-07-02 16:18:01.863,C3:00:00:63:4D:0D,-51,127,1.0,4.5,1.5
1783001881872,2026-07-02 16:18:01.872,C3:00:00:63:4D:04,-56,127,1.0,4.5,1.5
1783001881882,2026-07-02 16:18:01.882,C3:00:00:63:4D:05,-55,127,1.0,4.5,1.5
1783001881887,2026-07-02 16:18:01.887,C3:00:00:63:4D:0D,-50,127,1.0,4.5,1.5
1783001881921,2026-07-02 16:18:01.921,C3:00:00:63:4D:07,-62,127,1.0,4.5,1.5
1783001881927,2026-07-02 16:18:01.927,C3:00:00:63:4C:D2,-55,127,1.0,4.5,1.5
1783001881930,2026-07-02 16:18:01.930,C3:00:00:63:4D:04,-78,127,1.0,4.5,1.5
1783001881940,2026-07-02 16:18:01.940,C3:00:00:63:4D:05,-65,127,1.0,4.5,1.5
1783001881945,2026-07-02 16:18:01.945,C3:00:00:63:4D:08,-54,127,1.0,4.5,1.5
1783001881948,2026-07-02 16:18:01.948,C3:00:00:63:4D:04,-75,127,1.0,4.5,1.5
1783001881953,2026-07-02 16:18:01.953,C3:00:00:63:4D:0A,-61,127,1.0,4.5,1.5
1783001881978,2026-07-02 16:18:01.978,C3:00:00:63:4D:0D,-49,127,1.0,4.5,1.5
1783001881981,2026-07-02 16:18:01.981,C3:00:00:63:4D:04,-75,127,1.0,4.5,1.5
1783001882022,2026-07-02 16:18:02.022,C3:00:00:63:4D:09,-58,127,1.0,4.5,1.5
1783001882033,2026-07-02 16:18:02.033,C3:00:00:63:4D:08,-51,127,1.0,4.5,1.5
1783001882040,2026-07-02 16:18:02.040,C3:00:00:63:4C:D2,-63,127,1.0,4.5,1.5
1783001882044,2026-07-02 16:18:02.044,C3:00:00:63:4D:05,-54,127,1.0,4.5,1.5
1783001882084,2026-07-02 16:18:02.084,C3:00:00:63:4D:04,-61,127,1.0,4.5,1.5
1783001882090,2026-07-02 16:18:02.090,C3:00:00:63:4D:07,-61,127,1.0,4.5,1.5
1783001882141,2026-07-02 16:18:02.141,C3:00:00:63:4D:09,-62,127,1.0,4.5,1.5
1783001882147,2026-07-02 16:18:02.147,C3:00:00:63:4D:08,-49,127,1.0,4.5,1.5
1783001882157,2026-07-02 16:18:02.157,C3:00:00:63:4D:0A,-61,127,1.0,4.5,1.5
1783001882184,2026-07-02 16:18:02.184,C3:00:00:63:4D:0D,-50,127,1.0,4.5,1.5
1783001882199,2026-07-02 16:18:02.199,C3:00:00:63:4D:04,-56,127,1.0,4.5,1.5
1783001882219,2026-07-02 16:18:02.219,C3:00:00:63:4D:07,-62,127,1.0,4.5,1.5
1783001882256,2026-07-02 16:18:02.256,C3:00:00:63:4D:0A,-61,127,1.0,4.5,1.5
1783001882262,2026-07-02 16:18:02.262,C3:00:00:63:4D:09,-64,127,1.0,4.5,1.5
1783001882266,2026-07-02 16:18:02.266,C3:00:00:63:4D:05,-65,127,1.0,4.5,1.5
1783001882290,2026-07-02 16:18:02.290,C3:00:00:63:4D:0D,-49,127,1.0,4.5,1.5
1783001882312,2026-07-02 16:18:02.312,C3:00:00:63:4D:04,-75,127,1.0,4.5,1.5
1783001882324,2026-07-02 16:18:02.324,C3:00:00:63:4D:07,-61,127,1.0,4.5,1.5
1783001882352,2026-07-02 16:18:02.352,C3:00:00:63:4D:07,-62,127,1.0,4.5,1.5
1783001882363,2026-07-02 16:18:02.363,C3:00:00:63:4D:0A,-61,127,1.0,4.5,1.5
1783001882374,2026-07-02 16:18:02.374,C3:00:00:63:4D:08,-51,127,1.0,4.5,1.5
1783001882383,2026-07-02 16:18:02.383,C3:00:00:63:4D:09,-58,127,1.0,4.5,1.5
1783001882385,2026-07-02 16:18:02.385,C3:00:00:63:4D:05,-54,127,1.0,4.5,1.5
1783001882391,2026-07-02 16:18:02.391,C3:00:00:63:4C:D2,-62,127,1.0,4.5,1.5
1783001882395,2026-07-02 16:18:02.395,C3:00:00:63:4D:0D,-49,127,1.0,4.5,1.5
1783001882412,2026-07-02 16:18:02.412,C3:00:00:63:4D:04,-61,127,1.0,4.5,1.5
1783001882454,2026-07-02 16:18:02.454,C3:00:00:63:4D:0A,-61,127,1.0,4.5,1.5
1783001882483,2026-07-02 16:18:02.483,C3:00:00:63:4D:08,-48,127,1.0,4.5,1.5
1783001882489,2026-07-02 16:18:02.489,C3:00:00:63:4D:09,-62,127,1.0,4.5,1.5
1783001882498,2026-07-02 16:18:02.498,C3:00:00:63:4C:D2,-62,127,1.0,4.5,1.5
1783001882563,2026-07-02 16:18:02.563,C3:00:00:63:4D:07,-62,127,1.0,4.5,1.5
1783001882694,2026-07-02 16:18:02.694,C3:00:00:63:4D:08,-52,127,1.0,4.5,1.5
1783001882771,2026-07-02 16:18:02.771,C3:00:00:63:4D:08,-48,127,1.0,4.5,1.5
1783001882795,2026-07-02 16:18:02.795,C3:00:00:63:4D:07,-62,127,1.0,4.5,1.5
1783001882797,2026-07-02 16:18:02.797,C3:00:00:63:4D:08,-48,127,1.0,4.5,1.5
1783001882841,2026-07-02 16:18:02.841,C3:00:00:63:4C:D2,-56,127,1.0,4.5,1.5
1783001882847,2026-07-02 16:18:02.847,C3:00:00:63:4D:05,-65,127,1.0,4.5,1.5
1783001882863,2026-07-02 16:18:02.863,C3:00:00:63:4D:04,-76,127,1.0,4.5,1.5
1783001882872,2026-07-02 16:18:02.872,C3:00:00:63:4D:09,-72,127,1.0,4.5,1.5
1783001882909,2026-07-02 16:18:02.909,C3:00:00:63:4D:08,-55,127,1.0,4.5,1.5
1783001882924,2026-07-02 16:18:02.924,C3:00:00:63:4D:0D,-49,127,1.0,4.5,1.5
1783001882934,2026-07-02 16:18:02.934,C3:00:00:63:4D:09,-59,127,1.0,4.5,1.5
1783001883068,2026-07-02 16:18:03.068,C3:00:00:63:4C:D2,-60,127,1.0,4.5,1.5
1783001883074,2026-07-02 16:18:03.074,C3:00:00:63:4D:04,-57,127,1.0,4.5,1.5
1783001883081,2026-07-02 16:18:03.081,C3:00:00:63:4D:05,-54,127,1.0,4.5,1.5
1783001883100,2026-07-02 16:18:03.100,C3:00:00:63:4D:07,-62,127,1.0,4.5,1.5
1783001883125,2026-07-02 16:18:03.125,C3:00:00:63:4D:07,-60,127,1.0,4.5,1.5
1783001883130,2026-07-02 16:18:03.130,C3:00:00:63:4D:0D,-51,127,1.0,4.5,1.5
1783001883222,2026-07-02 16:18:03.222,C3:00:00:63:4D:08,-52,127,1.0,4.5,1.5
1783001883259,2026-07-02 16:18:03.259,C3:00:00:63:4D:0A,-62,127,1.0,4.5,1.5
1783001883278,2026-07-02 16:18:03.278,C3:00:00:63:4D:09,-58,127,1.0,4.5,1.5
1783001883284,2026-07-02 16:18:03.284,C3:00:00:63:4D:04,-62,127,1.0,4.5,1.5
1783001883340,2026-07-02 16:18:03.340,C3:00:00:63:4D:0D,-50,127,1.0,4.5,1.5
1783001883345,2026-07-02 16:18:03.345,C3:00:00:63:4D:08,-48,127,1.0,4.5,1.5
1783001883357,2026-07-02 16:18:03.357,C3:00:00:63:4D:07,-60,127,1.0,4.5,1.5
1783001883374,2026-07-02 16:18:03.374,C3:00:00:63:4D:0A,-62,127,1.0,4.5,1.5
1783001883392,2026-07-02 16:18:03.392,C3:00:00:63:4D:09,-62,127,1.0,4.5,1.5
1783001883396,2026-07-02 16:18:03.396,C3:00:00:63:4D:04,-56,127,1.0,4.5,1.5
1783001883408,2026-07-02 16:18:03.408,C3:00:00:63:4C:D2,-61,127,1.0,4.5,1.5
1783001883415,2026-07-02 16:18:03.415,C3:00:00:63:4D:05,-61,127,1.0,4.5,1.5
1783001883445,2026-07-02 16:18:03.445,C3:00:00:63:4D:0D,-51,127,1.0,4.5,1.5
1783001883455,2026-07-02 16:18:03.455,C3:00:00:63:4D:0A,-61,127,1.0,4.5,1.5
1783001883465,2026-07-02 16:18:03.465,C3:00:00:63:4D:0A,-61,127,1.0,4.5,1.5
1783001883472,2026-07-02 16:18:03.472,C3:00:00:63:4D:07,-62,127,1.0,4.5,1.5
1783001883504,2026-07-02 16:18:03.504,C3:00:00:63:4D:09,-61,127,1.0,4.5,1.5
1783001883507,2026-07-02 16:18:03.507,C3:00:00:63:4D:04,-81,127,1.0,4.5,1.5
1783001883526,2026-07-02 16:18:03.526,C3:00:00:63:4D:05,-54,127,1.0,4.5,1.5
1783001883538,2026-07-02 16:18:03.538,C3:00:00:63:4D:09,-59,127,1.0,4.5,1.5
1783001883555,2026-07-02 16:18:03.555,C3:00:00:63:4D:0D,-47,127,1.0,4.5,1.5
1783001883558,2026-07-02 16:18:03.558,C3:00:00:63:4D:0A,-60,127,1.0,4.5,1.5
1783001883584,2026-07-02 16:18:03.584,C3:00:00:63:4C:D2,-64,127,1.0,4.5,1.5
1783001883589,2026-07-02 16:18:03.589,C3:00:00:63:4D:07,-60,127,1.0,4.5,1.5
1783001883615,2026-07-02 16:18:03.615,C3:00:00:63:4D:04,-61,127,1.0,4.5,1.5
1783001883623,2026-07-02 16:18:03.623,C3:00:00:63:4D:09,-62,127,1.0,4.5,1.5
1783001883642,2026-07-02 16:18:03.642,C3:00:00:63:4C:D2,-63,127,1.0,4.5,1.5
1783001883657,2026-07-02 16:18:03.657,C3:00:00:63:4D:0D,-50,127,1.0,4.5,1.5
1783001883675,2026-07-02 16:18:03.675,C3:00:00:63:4D:08,-48,127,1.0,4.5,1.5
1783001883700,2026-07-02 16:18:03.700,C3:00:00:63:4D:07,-60,127,1.0,4.5,1.5
1783001883732,2026-07-02 16:18:03.732,C3:00:00:63:4D:04,-77,127,1.0,4.5,1.5
1783001883738,2026-07-02 16:18:03.738,C3:00:00:63:4C:D2,-56,127,1.0,4.5,1.5
1783001883744,2026-07-02 16:18:03.744,C3:00:00:63:4D:0A,-62,127,1.0,4.5,1.5
1783001883756,2026-07-02 16:18:03.756,C3:00:00:63:4C:D2,-56,127,1.0,4.5,1.5
1783001883759,2026-07-02 16:18:03.759,C3:00:00:63:4D:0D,-50,127,1.0,4.5,1.5
1783001883765,2026-07-02 16:18:03.765,C3:00:00:63:4D:0A,-61,127,1.0,4.5,1.5
1783001883767,2026-07-02 16:18:03.767,C3:00:00:63:4D:05,-64,127,1.0,4.5,1.5
1783001883779,2026-07-02 16:18:03.779,C3:00:00:63:4D:08,-55,127,1.0,4.5,1.5
1783001883836,2026-07-02 16:18:03.836,C3:00:00:63:4D:04,-61,127,1.0,4.5,1.5
1783001883862,2026-07-02 16:18:03.862,C3:00:00:63:4D:09,-58,127,1.0,4.5,1.5
1783001883867,2026-07-02 16:18:03.867,C3:00:00:63:4D:0A,-60,127,1.0,4.5,1.5
1783001883869,2026-07-02 16:18:03.869,C3:00:00:63:4D:0D,-47,127,1.0,4.5,1.5
1783001883872,2026-07-02 16:18:03.872,C3:00:00:63:4C:D2,-63,127,1.0,4.5,1.5
1783001883904,2026-07-02 16:18:03.904,C3:00:00:63:4D:05,-54,127,1.0,4.5,1.5
1783001883924,2026-07-02 16:18:03.924,C3:00:00:63:4D:04,-56,127,1.0,4.5,1.5
1783001883943,2026-07-02 16:18:03.943,C3:00:00:63:4D:04,-56,127,1.0,4.5,1.5
1783001883951,2026-07-02 16:18:03.951,C3:00:00:63:4D:07,-60,127,1.0,4.5,1.5
1783001883955,2026-07-02 16:18:03.955,C3:00:00:63:4D:0A,-60,127,1.0,4.5,1.5
1783001883966,2026-07-02 16:18:03.966,C3:00:00:63:4D:09,-62,127,1.0,4.5,1.5
1783001883972,2026-07-02 16:18:03.972,C3:00:00:63:4D:0D,-50,127,1.0,4.5,1.5
1783001883988,2026-07-02 16:18:03.988,C3:00:00:63:4C:D2,-63,127,1.0,4.5,1.5
1783001883999,2026-07-02 16:18:03.999,C3:00:00:63:4D:08,-48,127,1.0,4.5,1.5
1783001884019,2026-07-02 16:18:04.019,C3:00:00:63:4D:07,-70,127,1.0,4.5,1.5
1783001884045,2026-07-02 16:18:04.045,C3:00:00:63:4D:07,-62,127,1.0,4.5,1.5
1783001884050,2026-07-02 16:18:04.050,C3:00:00:63:4D:04,-76,127,1.0,4.5,1.5
1783001884069,2026-07-02 16:18:04.069,C3:00:00:63:4D:0A,-61,127,1.0,4.5,1.5
1783001884072,2026-07-02 16:18:04.072,C3:00:00:63:4D:0D,-50,127,1.0,4.5,1.5
1783001884083,2026-07-02 16:18:04.083,C3:00:00:63:4D:09,-63,127,1.0,4.5,1.5
1783001884104,2026-07-02 16:18:04.104,C3:00:00:63:4C:D2,-56,127,1.0,4.5,1.5
1783001884109,2026-07-02 16:18:04.109,C3:00:00:63:4D:08,-55,127,1.0,4.5,1.5
1783001884115,2026-07-02 16:18:04.115,C3:00:00:63:4D:05,-64,127,1.0,4.5,1.5
1783001884178,2026-07-02 16:18:04.178,C3:00:00:63:4D:0D,-47,127,1.0,4.5,1.5
1783001884190,2026-07-02 16:18:04.190,C3:00:00:63:4D:09,-58,127,1.0,4.5,1.5
1783001884215,2026-07-02 16:18:04.215,C3:00:00:63:4D:08,-51,127,1.0,4.5,1.5
1783001884224,2026-07-02 16:18:04.224,C3:00:00:63:4D:05,-54,127,1.0,4.5,1.5
1783001884260,2026-07-02 16:18:04.260,C3:00:00:63:4D:0A,-60,127,1.0,4.5,1.5
1783001884276,2026-07-02 16:18:04.276,C3:00:00:63:4D:07,-60,127,1.0,4.5,1.5
1783001884286,2026-07-02 16:18:04.286,C3:00:00:63:4D:0D,-50,127,1.0,4.5,1.5
1783001884310,2026-07-02 16:18:04.310,C3:00:00:63:4D:09,-62,127,1.0,4.5,1.5
1783001884331,2026-07-02 16:18:04.331,C3:00:00:63:4C:D2,-56,127,1.0,4.5,1.5
1783001884338,2026-07-02 16:18:04.338,C3:00:00:63:4D:05,-64,127,1.0,4.5,1.5
1783001884360,2026-07-02 16:18:04.360,C3:00:00:63:4D:0A,-61,127,1.0,4.5,1.5
1783001884378,2026-07-02 16:18:04.378,C3:00:00:63:4D:04,-77,127,1.0,4.5,1.5
1783001884389,2026-07-02 16:18:04.389,C3:00:00:63:4D:0D,-50,127,1.0,4.5,1.5
1783001884398,2026-07-02 16:18:04.398,C3:00:00:63:4D:07,-62,127,1.0,4.5,1.5
1783001884418,2026-07-02 16:18:04.418,C3:00:00:63:4D:09,-58,127,1.0,4.5,1.5
1783001884438,2026-07-02 16:18:04.438,C3:00:00:63:4D:08,-51,127,1.0,4.5,1.5
1783001884449,2026-07-02 16:18:04.449,C3:00:00:63:4D:05,-54,127,1.0,4.5,1.5
1783001884462,2026-07-02 16:18:04.462,C3:00:00:63:4D:0A,-60,127,1.0,4.5,1.5
1783001884467,2026-07-02 16:18:04.467,C3:00:00:63:4C:D2,-64,127,1.0,4.5,1.5
1783001884487,2026-07-02 16:18:04.487,C3:00:00:63:4D:04,-61,127,1.0,4.5,1.5
1783001884492,2026-07-02 16:18:04.492,C3:00:00:63:4D:0D,-47,127,1.0,4.5,1.5
1783001884506,2026-07-02 16:18:04.506,C3:00:00:63:4D:07,-61,127,1.0,4.5,1.5
1783001884542,2026-07-02 16:18:04.542,C3:00:00:63:4D:08,-48,127,1.0,4.5,1.5
1783001884556,2026-07-02 16:18:04.556,C3:00:00:63:4D:0A,-60,127,1.0,4.5,1.5
1783001884565,2026-07-02 16:18:04.565,C3:00:00:63:4C:D2,-63,127,1.0,4.5,1.5
1783001884575,2026-07-02 16:18:04.575,C3:00:00:63:4D:05,-54,127,1.0,4.5,1.5
1783001884603,2026-07-02 16:18:04.603,C3:00:00:63:4D:0D,-50,127,1.0,4.5,1.5
1783001884610,2026-07-02 16:18:04.610,C3:00:00:63:4D:0A,-61,127,1.0,4.5,1.5
1783001884620,2026-07-02 16:18:04.620,C3:00:00:63:4D:07,-63,127,1.0,4.5,1.5
1783001884651,2026-07-02 16:18:04.651,C3:00:00:63:4D:09,-64,127,1.0,4.5,1.5
1783001884661,2026-07-02 16:18:04.661,C3:00:00:63:4D:08,-55,127,1.0,4.5,1.5
1783001884667,2026-07-02 16:18:04.667,C3:00:00:63:4D:0A,-61,127,1.0,4.5,1.5
1783001884676,2026-07-02 16:18:04.676,C3:00:00:63:4D:09,-63,127,1.0,4.5,1.5
1783001884683,2026-07-02 16:18:04.683,C3:00:00:63:4D:05,-64,127,1.0,4.5,1.5
1783001884706,2026-07-02 16:18:04.706,C3:00:00:63:4D:0A,-69,127,1.0,4.5,1.5
1783001884737,2026-07-02 16:18:04.737,C3:00:00:63:4D:07,-61,127,1.0,4.5,1.5
1783001884763,2026-07-02 16:18:04.763,C3:00:00:63:4D:0D,-47,127,1.0,4.5,1.5
1783001884765,2026-07-02 16:18:04.765,C3:00:00:63:4D:0A,-60,127,1.0,4.5,1.5
1783001884767,2026-07-02 16:18:04.767,C3:00:00:63:4D:08,-52,127,1.0,4.5,1.5
1783001884785,2026-07-02 16:18:04.785,C3:00:00:63:4D:08,-51,127,1.0,4.5,1.5
1783001884788,2026-07-02 16:18:04.788,C3:00:00:63:4C:D2,-63,127,1.0,4.5,1.5
1783001884793,2026-07-02 16:18:04.793,C3:00:00:63:4D:05,-54,127,1.0,4.5,1.5
1783001884801,2026-07-02 16:18:04.801,C3:00:00:63:4D:0D,-47,127,1.0,4.5,1.5
1783001884809,2026-07-02 16:18:04.809,C3:00:00:63:4D:04,-61,127,1.0,4.5,1.5
1783001884871,2026-07-02 16:18:04.871,C3:00:00:63:4D:08,-48,127,1.0,4.5,1.5
1783001884892,2026-07-02 16:18:04.892,C3:00:00:63:4D:09,-62,127,1.0,4.5,1.5
1783001884913,2026-07-02 16:18:04.913,C3:00:00:63:4D:05,-54,127,1.0,4.5,1.5
1783001884916,2026-07-02 16:18:04.916,C3:00:00:63:4C:D2,-63,127,1.0,4.5,1.5
1783001884921,2026-07-02 16:18:04.921,C3:00:00:63:4D:0D,-50,127,1.0,4.5,1.5
1783001884927,2026-07-02 16:18:04.927,C3:00:00:63:4D:04,-76,127,1.0,4.5,1.5
1783001884945,2026-07-02 16:18:04.945,C3:00:00:63:4D:05,-65,127,1.0,4.5,1.5
1783001884953,2026-07-02 16:18:04.953,C3:00:00:63:4D:0D,-59,127,1.0,4.5,1.5
1783001884957,2026-07-02 16:18:04.957,C3:00:00:63:4D:04,-79,127,1.0,4.5,1.5
1783001884963,2026-07-02 16:18:04.963,C3:00:00:63:4D:0A,-61,127,1.0,4.5,1.5
1783001884970,2026-07-02 16:18:04.970,C3:00:00:63:4D:07,-62,127,1.0,4.5,1.5
1783001884994,2026-07-02 16:18:04.994,C3:00:00:63:4D:09,-63,127,1.0,4.5,1.5
1783001885037,2026-07-02 16:18:05.037,C3:00:00:63:4D:04,-61,127,1.0,4.5,1.5
1783001885058,2026-07-02 16:18:05.058,C3:00:00:63:4D:0A,-60,127,1.0,4.5,1.5
1783001885076,2026-07-02 16:18:05.076,C3:00:00:63:4D:07,-61,127,1.0,4.5,1.5
1783001885091,2026-07-02 16:18:05.091,C3:00:00:63:4D:08,-51,127,1.0,4.5,1.5
1783001885104,2026-07-02 16:18:05.104,C3:00:00:63:4D:07,-61,127,1.0,4.5,1.5
1783001885128,2026-07-02 16:18:05.128,C3:00:00:63:4D:0D,-50,127,1.0,4.5,1.5
1783001885138,2026-07-02 16:18:05.138,C3:00:00:63:4C:D2,-63,127,1.0,4.5,1.5
1783001885144,2026-07-02 16:18:05.144,C3:00:00:63:4D:04,-56,127,1.0,4.5,1.5
1783001885194,2026-07-02 16:18:05.194,C3:00:00:63:4D:07,-60,127,1.0,4.5,1.5
1783001885199,2026-07-02 16:18:05.199,C3:00:00:63:4D:0D,-50,127,1.0,4.5,1.5
1783001885240,2026-07-02 16:18:05.240,C3:00:00:63:4D:08,-55,127,1.0,4.5,1.5
1783001885251,2026-07-02 16:18:05.251,C3:00:00:63:4D:04,-77,127,1.0,4.5,1.5
1783001885268,2026-07-02 16:18:05.268,C3:00:00:63:4D:05,-64,127,1.0,4.5,1.5
1783001885305,2026-07-02 16:18:05.305,C3:00:00:63:4D:08,-55,127,1.0,4.5,1.5
1783001885312,2026-07-02 16:18:05.312,C3:00:00:63:4D:07,-62,127,1.0,4.5,1.5
1783001885340,2026-07-02 16:18:05.340,C3:00:00:63:4D:0D,-47,127,1.0,4.5,1.5
1783001885360,2026-07-02 16:18:05.360,C3:00:00:63:4D:0A,-60,127,1.0,4.5,1.5
1783001885362,2026-07-02 16:18:05.362,C3:00:00:63:4D:04,-61,127,1.0,4.5,1.5
1783001885372,2026-07-02 16:18:05.372,C3:00:00:63:4C:D2,-63,127,1.0,4.5,1.5
1783001885374,2026-07-02 16:18:05.374,C3:00:00:63:4D:05,-54,127,1.0,4.5,1.5
1783001885420,2026-07-02 16:18:05.420,C3:00:00:63:4D:08,-51,127,1.0,4.5,1.5
1783001885427,2026-07-02 16:18:05.427,C3:00:00:63:4D:07,-60,127,1.0,4.5,1.5
1783001885446,2026-07-02 16:18:05.446,C3:00:00:63:4D:0A,-61,127,1.0,4.5,1.5
1783001885453,2026-07-02 16:18:05.453,C3:00:00:63:4D:09,-62,127,1.0,4.5,1.5
1783001885473,2026-07-02 16:18:05.473,C3:00:00:63:4D:04,-56,127,1.0,4.5,1.5
1783001885475,2026-07-02 16:18:05.475,C3:00:00:63:4D:0A,-61,127,1.0,4.5,1.5
1783001885479,2026-07-02 16:18:05.479,C3:00:00:63:4C:D2,-63,127,1.0,4.5,1.5
1783001885484,2026-07-02 16:18:05.484,C3:00:00:63:4D:05,-54,127,1.0,4.5,1.5
1783001885520,2026-07-02 16:18:05.520,C3:00:00:63:4D:08,-55,127,1.0,4.5,1.5
1783001885543,2026-07-02 16:18:05.543,C3:00:00:63:4D:07,-62,127,1.0,4.5,1.5
1783001885548,2026-07-02 16:18:05.548,C3:00:00:63:4D:0D,-50,127,1.0,4.5,1.5
1783001885553,2026-07-02 16:18:05.553,C3:00:00:63:4D:09,-63,127,1.0,4.5,1.5
1783001885574,2026-07-02 16:18:05.574,C3:00:00:63:4D:09,-63,127,1.0,4.5,1.5
1783001885580,2026-07-02 16:18:05.580,C3:00:00:63:4D:04,-77,127,1.0,4.5,1.5
1783001885595,2026-07-02 16:18:05.595,C3:00:00:63:4C:D2,-56,127,1.0,4.5,1.5
1783001885606,2026-07-02 16:18:05.606,C3:00:00:63:4D:05,-64,127,1.0,4.5,1.5
1783001885630,2026-07-02 16:18:05.630,C3:00:00:63:4D:08,-51,127,1.0,4.5,1.5
1783001885645,2026-07-02 16:18:05.645,C3:00:00:63:4D:0D,-49,127,1.0,4.5,1.5
1783001885660,2026-07-02 16:18:05.660,C3:00:00:63:4D:07,-61,127,1.0,4.5,1.5
1783001885672,2026-07-02 16:18:05.672,C3:00:00:63:4D:09,-58,127,1.0,4.5,1.5
1783001885685,2026-07-02 16:18:05.685,C3:00:00:63:4D:04,-61,127,1.0,4.5,1.5
1783001885709,2026-07-02 16:18:05.709,C3:00:00:63:4C:D2,-63,127,1.0,4.5,1.5
1783001885748,2026-07-02 16:18:05.748,C3:00:00:63:4D:08,-49,127,1.0,4.5,1.5
1783001885762,2026-07-02 16:18:05.762,C3:00:00:63:4D:0A,-61,127,1.0,4.5,1.5
1783001885793,2026-07-02 16:18:05.793,C3:00:00:63:4D:09,-62,127,1.0,4.5,1.5
1783001885797,2026-07-02 16:18:05.797,C3:00:00:63:4D:04,-56,127,1.0,4.5,1.5
1783001885828,2026-07-02 16:18:05.828,C3:00:00:63:4C:D2,-63,127,1.0,4.5,1.5
1783001885835,2026-07-02 16:18:05.835,C3:00:00:63:4D:05,-64,127,1.0,4.5,1.5
1783001885855,2026-07-02 16:18:05.855,C3:00:00:63:4C:D2,-56,127,1.0,4.5,1.5
1783001885859,2026-07-02 16:18:05.859,C3:00:00:63:4D:08,-54,127,1.0,4.5,1.5
1783001885860,2026-07-02 16:18:05.860,C3:00:00:63:4D:0D,-49,127,1.0,4.5,1.5
1783001885861,2026-07-02 16:18:05.861,C3:00:00:63:4D:0A,-61,127,1.0,4.5,1.5
1783001885879,2026-07-02 16:18:05.879,C3:00:00:63:4D:0D,-50,127,1.0,4.5,1.5
1783001885885,2026-07-02 16:18:05.885,C3:00:00:63:4D:07,-61,127,1.0,4.5,1.5
1783001885897,2026-07-02 16:18:05.897,C3:00:00:63:4D:09,-64,127,1.0,4.5,1.5
1783001885910,2026-07-02 16:18:05.910,C3:00:00:63:4D:04,-75,127,1.0,4.5,1.5
1783001885915,2026-07-02 16:18:05.915,C3:00:00:63:4D:05,-54,127,1.0,4.5,1.5
1783001885948,2026-07-02 16:18:05.948,C3:00:00:63:4D:05,-54,127,1.0,4.5,1.5
1783001885953,2026-07-02 16:18:05.953,C3:00:00:63:4D:07,-62,127,1.0,4.5,1.5
1783001885961,2026-07-02 16:18:05.961,C3:00:00:63:4D:0A,-61,127,1.0,4.5,1.5
1783001885963,2026-07-02 16:18:05.963,C3:00:00:63:4D:08,-52,127,1.0,4.5,1.5
1783001886000,2026-07-02 16:18:06.000,C3:00:00:63:4D:07,-61,127,1.0,4.5,1.5
1783001886053,2026-07-02 16:18:06.053,C3:00:00:63:4D:0A,-61,127,1.0,4.5,1.5
1783001886060,2026-07-02 16:18:06.060,C3:00:00:63:4D:05,-54,127,1.0,4.5,1.5
1783001886078,2026-07-02 16:18:06.078,C3:00:00:63:4D:0D,-50,127,1.0,4.5,1.5
1783001886114,2026-07-02 16:18:06.114,C3:00:00:63:4D:07,-62,127,1.0,4.5,1.5
1783001886118,2026-07-02 16:18:06.118,C3:00:00:63:4D:04,-76,127,1.0,4.5,1.5
1783001886136,2026-07-02 16:18:06.136,C3:00:00:63:4D:09,-64,127,1.0,4.5,1.5
1783001886156,2026-07-02 16:18:06.156,C3:00:00:63:4D:0A,-61,127,1.0,4.5,1.5
1783001886183,2026-07-02 16:18:06.183,C3:00:00:63:4C:D2,-56,127,1.0,4.5,1.5
1783001886189,2026-07-02 16:18:06.189,C3:00:00:63:4D:0D,-49,127,1.0,4.5,1.5
1783001886196,2026-07-02 16:18:06.196,C3:00:00:63:4D:08,-54,127,1.0,4.5,1.5
1783001886231,2026-07-02 16:18:06.231,C3:00:00:63:4D:07,-61,127,1.0,4.5,1.5
1783001886246,2026-07-02 16:18:06.246,C3:00:00:63:4D:04,-61,127,1.0,4.5,1.5
1783001886260,2026-07-02 16:18:06.260,C3:00:00:63:4D:0A,-60,127,1.0,4.5,1.5
1783001886277,2026-07-02 16:18:06.277,C3:00:00:63:4D:0D,-49,127,1.0,4.5,1.5
1783001886283,2026-07-02 16:18:06.283,C3:00:00:63:4C:D2,-62,127,1.0,4.5,1.5
1783001886300,2026-07-02 16:18:06.300,C3:00:00:63:4D:08,-52,127,1.0,4.5,1.5
1783001886349,2026-07-02 16:18:06.349,C3:00:00:63:4D:04,-56,127,1.0,4.5,1.5
1783001886374,2026-07-02 16:18:06.374,C3:00:00:63:4D:07,-62,127,1.0,4.5,1.5
1783001886386,2026-07-02 16:18:06.386,C3:00:00:63:4D:0D,-50,127,1.0,4.5,1.5
1783001886395,2026-07-02 16:18:06.395,C3:00:00:63:4D:08,-48,127,1.0,4.5,1.5
1783001886404,2026-07-02 16:18:06.404,C3:00:00:63:4D:05,-54,127,1.0,4.5,1.5
1783001886411,2026-07-02 16:18:06.411,C3:00:00:63:4C:D2,-62,127,1.0,4.5,1.5
1783001886465,2026-07-02 16:18:06.465,C3:00:00:63:4D:07,-61,127,1.0,4.5,1.5
1783001886486,2026-07-02 16:18:06.486,C3:00:00:63:4D:08,-54,127,1.0,4.5,1.5
1783001886496,2026-07-02 16:18:06.496,C3:00:00:63:4D:0D,-49,127,1.0,4.5,1.5
1783001886504,2026-07-02 16:18:06.504,C3:00:00:63:4D:08,-62,127,1.0,4.5,1.5
1783001886519,2026-07-02 16:18:06.519,C3:00:00:63:4C:D2,-63,127,1.0,4.5,1.5
1783001886524,2026-07-02 16:18:06.524,C3:00:00:63:4D:08,-51,127,1.0,4.5,1.5
1783001886528,2026-07-02 16:18:06.528,C3:00:00:63:4D:05,-54,127,1.0,4.5,1.5
1783001886551,2026-07-02 16:18:06.551,C3:00:00:63:4D:0A,-60,127,1.0,4.5,1.5
1783001886554,2026-07-02 16:18:06.554,C3:00:00:63:4D:04,-61,127,1.0,4.5,1.5
1783001886590,2026-07-02 16:18:06.590,C3:00:00:63:4D:09,-58,127,1.0,4.5,1.5
1783001886615,2026-07-02 16:18:06.615,C3:00:00:63:4D:08,-51,127,1.0,4.5,1.5
1783001886646,2026-07-02 16:18:06.646,C3:00:00:63:4C:D2,-62,127,1.0,4.5,1.5
1783001886653,2026-07-02 16:18:06.653,C3:00:00:63:4D:09,-63,127,1.0,4.5,1.5
1783001886656,2026-07-02 16:18:06.656,C3:00:00:63:4D:0A,-61,127,1.0,4.5,1.5
1783001886667,2026-07-02 16:18:06.667,C3:00:00:63:4D:04,-56,127,1.0,4.5,1.5
1783001886696,2026-07-02 16:18:06.696,C3:00:00:63:4D:07,-62,127,1.0,4.5,1.5
1783001886701,2026-07-02 16:18:06.701,C3:00:00:63:4D:09,-62,127,1.0,4.5,1.5
1783001886726,2026-07-02 16:18:06.726,C3:00:00:63:4D:08,-54,127,1.0,4.5,1.5
1783001886759,2026-07-02 16:18:06.759,C3:00:00:63:4D:0A,-61,127,1.0,4.5,1.5
1783001886810,2026-07-02 16:18:06.810,C3:00:00:63:4D:0D,-49,127,1.0,4.5,1.5
1783001886817,2026-07-02 16:18:06.817,C3:00:00:63:4D:07,-61,127,1.0,4.5,1.5
1783001886852,2026-07-02 16:18:06.852,C3:00:00:63:4D:0A,-61,127,1.0,4.5,1.5
1783001886873,2026-07-02 16:18:06.873,C3:00:00:63:4C:D2,-63,127,1.0,4.5,1.5
1783001886878,2026-07-02 16:18:06.878,C3:00:00:63:4D:05,-54,127,1.0,4.5,1.5
1783001886881,2026-07-02 16:18:06.881,C3:00:00:63:4D:09,-66,127,1.0,4.5,1.5
1783001886884,2026-07-02 16:18:06.884,C3:00:00:63:4D:04,-61,127,1.0,4.5,1.5
1783001886914,2026-07-02 16:18:06.914,C3:00:00:63:4D:0D,-49,127,1.0,4.5,1.5
1783001886927,2026-07-02 16:18:06.927,C3:00:00:63:4D:07,-62,127,1.0,4.5,1.5
1783001886934,2026-07-02 16:18:06.934,C3:00:00:63:4D:09,-62,127,1.0,4.5,1.5
1783001886943,2026-07-02 16:18:06.943,C3:00:00:63:4D:08,-49,127,1.0,4.5,1.5
1783001886951,2026-07-02 16:18:06.951,C3:00:00:63:4D:05,-55,127,1.0,4.5,1.5
1783001886959,2026-07-02 16:18:06.959,C3:00:00:63:4D:0A,-61,127,1.0,4.5,1.5
1783001886972,2026-07-02 16:18:06.972,C3:00:00:63:4C:D2,-62,127,1.0,4.5,1.5
1783001886984,2026-07-02 16:18:06.984,C3:00:00:63:4D:05,-54,127,1.0,4.5,1.5
1783001887023,2026-07-02 16:18:07.023,C3:00:00:63:4D:0D,-50,127,1.0,4.5,1.5
1783001887054,2026-07-02 16:18:07.054,C3:00:00:63:4D:09,-64,127,1.0,4.5,1.5
1783001887063,2026-07-02 16:18:07.063,C3:00:00:63:4D:08,-54,127,1.0,4.5,1.5
1783001887068,2026-07-02 16:18:07.068,C3:00:00:63:4D:0A,-61,127,1.0,4.5,1.5
1783001887088,2026-07-02 16:18:07.088,C3:00:00:63:4C:D2,-55,127,1.0,4.5,1.5
1783001887092,2026-07-02 16:18:07.092,C3:00:00:63:4D:05,-64,127,1.0,4.5,1.5
1783001887101,2026-07-02 16:18:07.101,C3:00:00:63:4D:04,-75,127,1.0,4.5,1.5
1783001887109,2026-07-02 16:18:07.109,C3:00:00:63:4D:07,-62,127,1.0,4.5,1.5
1783001887119,2026-07-02 16:18:07.119,C3:00:00:63:4D:0D,-49,127,1.0,4.5,1.5
1783001887157,2026-07-02 16:18:07.157,C3:00:00:63:4D:07,-61,127,1.0,4.5,1.5
1783001887163,2026-07-02 16:18:07.163,C3:00:00:63:4D:0A,-61,127,1.0,4.5,1.5
1783001887172,2026-07-02 16:18:07.172,C3:00:00:63:4D:08,-51,127,1.0,4.5,1.5
1783001887210,2026-07-02 16:18:07.210,C3:00:00:63:4D:04,-62,127,1.0,4.5,1.5
1783001887218,2026-07-02 16:18:07.218,C3:00:00:63:4D:05,-54,127,1.0,4.5,1.5
1783001887235,2026-07-02 16:18:07.235,C3:00:00:63:4D:0D,-50,127,1.0,4.5,1.5
1783001887251,2026-07-02 16:18:07.251,C3:00:00:63:4D:08,-49,127,1.0,4.5,1.5
1783001887269,2026-07-02 16:18:07.269,C3:00:00:63:4D:08,-47,127,1.0,4.5,1.5
1783001887284,2026-07-02 16:18:07.284,C3:00:00:63:4D:04,-63,127,1.0,4.5,1.5
1783001887357,2026-07-02 16:18:07.357,C3:00:00:63:4D:0A,-61,127,1.0,4.5,1.5
1783001887390,2026-07-02 16:18:07.390,C3:00:00:63:4D:08,-54,127,1.0,4.5,1.5
1783001887397,2026-07-02 16:18:07.397,C3:00:00:63:4D:09,-64,127,1.0,4.5,1.5
1783001887425,2026-07-02 16:18:07.425,C3:00:00:63:4D:04,-61,127,1.0,4.5,1.5
1783001887431,2026-07-02 16:18:07.431,C3:00:00:63:4D:0D,-49,127,1.0,4.5,1.5
1783001887439,2026-07-02 16:18:07.439,C3:00:00:63:4C:D2,-62,127,1.0,4.5,1.5
1783001887445,2026-07-02 16:18:07.445,C3:00:00:63:4D:05,-54,127,1.0,4.5,1.5
1783001887458,2026-07-02 16:18:07.458,C3:00:00:63:4D:0A,-61,127,1.0,4.5,1.5
1783001887461,2026-07-02 16:18:07.461,C3:00:00:63:4D:0A,-60,127,1.0,4.5,1.5
1783001887489,2026-07-02 16:18:07.489,C3:00:00:63:4D:08,-52,127,1.0,4.5,1.5
1783001887495,2026-07-02 16:18:07.495,C3:00:00:63:4D:09,-58,127,1.0,4.5,1.5
1783001887502,2026-07-02 16:18:07.502,C3:00:00:63:4D:07,-61,127,1.0,4.5,1.5
1783001887552,2026-07-02 16:18:07.552,C3:00:00:63:4D:09,-63,127,1.0,4.5,1.5
1783001887557,2026-07-02 16:18:07.557,C3:00:00:63:4D:0A,-61,127,1.0,4.5,1.5
1783001887590,2026-07-02 16:18:07.590,C3:00:00:63:4C:D2,-62,127,1.0,4.5,1.5
1783001887601,2026-07-02 16:18:07.601,C3:00:00:63:4D:08,-48,127,1.0,4.5,1.5
1783001887621,2026-07-02 16:18:07.621,C3:00:00:63:4D:07,-62,127,1.0,4.5,1.5
1783001887623,2026-07-02 16:18:07.623,C3:00:00:63:4D:09,-64,127,1.0,4.5,1.5
1783001887641,2026-07-02 16:18:07.641,C3:00:00:63:4D:0D,-49,127,1.0,4.5,1.5
1783001887644,2026-07-02 16:18:07.644,C3:00:00:63:4D:04,-75,127,1.0,4.5,1.5
1783001887667,2026-07-02 16:18:07.667,C3:00:00:63:4C:D2,-55,127,1.0,4.5,1.5
1783001887672,2026-07-02 16:18:07.672,C3:00:00:63:4D:05,-64,127,1.0,4.5,1.5
1783001887705,2026-07-02 16:18:07.705,C3:00:00:63:4D:08,-54,127,1.0,4.5,1.5
1783001887740,2026-07-02 16:18:07.740,C3:00:00:63:4D:0A,-60,127,1.0,4.5,1.5
1783001887748,2026-07-02 16:18:07.748,C3:00:00:63:4C:D2,-63,127,1.0,4.5,1.5
1783001887762,2026-07-02 16:18:07.762,C3:00:00:63:4D:04,-61,127,1.0,4.5,1.5
1783001887767,2026-07-02 16:18:07.767,C3:00:00:63:4D:0A,-61,127,1.0,4.5,1.5
1783001887781,2026-07-02 16:18:07.781,C3:00:00:63:4C:D2,-62,127,1.0,4.5,1.5
1783001887790,2026-07-02 16:18:07.790,C3:00:00:63:4D:05,-54,127,1.0,4.5,1.5
1783001887815,2026-07-02 16:18:07.815,C3:00:00:63:4D:08,-51,127,1.0,4.5,1.5
1783001887852,2026-07-02 16:18:07.852,C3:00:00:63:4D:09,-62,127,1.0,4.5,1.5
1783001887870,2026-07-02 16:18:07.870,C3:00:00:63:4D:04,-56,127,1.0,4.5,1.5
1783001887884,2026-07-02 16:18:07.884,C3:00:00:63:4D:0D,-51,127,1.0,4.5,1.5
1783001887919,2026-07-02 16:18:07.919,C3:00:00:63:4D:08,-54,127,1.0,4.5,1.5
1783001887982,2026-07-02 16:18:07.982,C3:00:00:63:4D:07,-62,127,1.0,4.5,1.5
1783001888012,2026-07-02 16:18:08.012,C3:00:00:63:4C:D2,-55,127,1.0,4.5,1.5
1783001888019,2026-07-02 16:18:08.019,C3:00:00:63:4D:07,-69,127,1.0,4.5,1.5
1783001888025,2026-07-02 16:18:08.025,C3:00:00:63:4D:08,-52,127,1.0,4.5,1.5
1783001888057,2026-07-02 16:18:08.057,C3:00:00:63:4D:0A,-61,127,1.0,4.5,1.5
1783001888063,2026-07-02 16:18:08.063,C3:00:00:63:4D:0D,-49,127,1.0,4.5,1.5
1783001888067,2026-07-02 16:18:08.067,C3:00:00:63:4D:05,-54,127,1.0,4.5,1.5
1783001888069,2026-07-02 16:18:08.069,C3:00:00:63:4D:09,-58,127,1.0,4.5,1.5
1783001888075,2026-07-02 16:18:08.075,C3:00:00:63:4D:07,-61,127,1.0,4.5,1.5
1783001888077,2026-07-02 16:18:08.077,C3:00:00:63:4D:04,-61,127,1.0,4.5,1.5
1783001888126,2026-07-02 16:18:08.126,C3:00:00:63:4C:D2,-62,127,1.0,4.5,1.5
1783001888135,2026-07-02 16:18:08.135,C3:00:00:63:4D:05,-54,127,1.0,4.5,1.5
1783001888144,2026-07-02 16:18:08.144,C3:00:00:63:4D:08,-48,127,1.0,4.5,1.5
1783001888163,2026-07-02 16:18:08.163,C3:00:00:63:4D:0A,-61,127,1.0,4.5,1.5
1783001888168,2026-07-02 16:18:08.168,C3:00:00:63:4D:0D,-50,127,1.0,4.5,1.5
1783001888185,2026-07-02 16:18:08.185,C3:00:00:63:4D:09,-62,127,1.0,4.5,1.5
1783001888194,2026-07-02 16:18:08.194,C3:00:00:63:4D:07,-62,127,1.0,4.5,1.5
1783001888211,2026-07-02 16:18:08.211,C3:00:00:63:4D:04,-56,127,1.0,4.5,1.5
1783001888249,2026-07-02 16:18:08.249,C3:00:00:63:4D:08,-54,127,1.0,4.5,1.5
1783001888270,2026-07-02 16:18:08.270,C3:00:00:63:4D:0A,-61,127,1.0,4.5,1.5
1783001888286,2026-07-02 16:18:08.286,C3:00:00:63:4D:0D,-49,127,1.0,4.5,1.5
1783001888302,2026-07-02 16:18:08.302,C3:00:00:63:4D:07,-62,127,1.0,4.5,1.5
1783001888307,2026-07-02 16:18:08.307,C3:00:00:63:4D:09,-64,127,1.0,4.5,1.5
1783001888317,2026-07-02 16:18:08.317,C3:00:00:63:4D:04,-76,127,1.0,4.5,1.5
1783001888353,2026-07-02 16:18:08.353,C3:00:00:63:4D:08,-51,127,1.0,4.5,1.5
1783001888356,2026-07-02 16:18:08.356,C3:00:00:63:4D:05,-54,127,1.0,4.5,1.5
1783001888377,2026-07-02 16:18:08.377,C3:00:00:63:4D:0D,-49,127,1.0,4.5,1.5
1783001888420,2026-07-02 16:18:08.420,C3:00:00:63:4D:09,-58,127,1.0,4.5,1.5
1783001888454,2026-07-02 16:18:08.454,C3:00:00:63:4C:D2,-62,127,1.0,4.5,1.5
1783001888459,2026-07-02 16:18:08.459,C3:00:00:63:4D:0A,-61,127,1.0,4.5,1.5
1783001888528,2026-07-02 16:18:08.528,C3:00:00:63:4D:07,-59,127,1.0,4.5,1.5
1783001888559,2026-07-02 16:18:08.559,C3:00:00:63:4D:0A,-61,127,1.0,4.5,1.5
1783001888588,2026-07-02 16:18:08.588,C3:00:00:63:4D:08,-54,127,1.0,4.5,1.5
1783001888602,2026-07-02 16:18:08.602,C3:00:00:63:4C:D2,-55,127,1.0,4.5,1.5
1783001888607,2026-07-02 16:18:08.607,C3:00:00:63:4D:0D,-49,127,1.0,4.5,1.5
1783001888612,2026-07-02 16:18:08.612,C3:00:00:63:4D:05,-65,127,1.0,4.5,1.5
1783001888614,2026-07-02 16:18:08.614,C3:00:00:63:4D:0A,-62,127,1.0,4.5,1.5
1783001888640,2026-07-02 16:18:08.640,C3:00:00:63:4D:09,-58,127,1.0,4.5,1.5
1783001888649,2026-07-02 16:18:08.649,C3:00:00:63:4D:07,-62,127,1.0,4.5,1.5
1783001888663,2026-07-02 16:18:08.663,C3:00:00:63:4D:09,-58,127,1.0,4.5,1.5
1783001888685,2026-07-02 16:18:08.685,C3:00:00:63:4D:08,-51,127,1.0,4.5,1.5
1783001888700,2026-07-02 16:18:08.700,C3:00:00:63:4D:0D,-50,127,1.0,4.5,1.5
1783001888717,2026-07-02 16:18:08.717,C3:00:00:63:4D:0A,-70,127,1.0,4.5,1.5
1783001888746,2026-07-02 16:18:08.746,C3:00:00:63:4D:04,-56,127,1.0,4.5,1.5
1783001888755,2026-07-02 16:18:08.755,C3:00:00:63:4D:09,-64,127,1.0,4.5,1.5
1783001888760,2026-07-02 16:18:08.760,C3:00:00:63:4D:0D,-50,127,1.0,4.5,1.5
1783001888778,2026-07-02 16:18:08.778,C3:00:00:63:4D:0A,-63,127,1.0,4.5,1.5
1783001888779,2026-07-02 16:18:08.779,C3:00:00:63:4D:07,-62,127,1.0,4.5,1.5
1783001888788,2026-07-02 16:18:08.788,C3:00:00:63:4D:08,-48,127,1.0,4.5,1.5
1783001888797,2026-07-02 16:18:08.797,C3:00:00:63:4D:0D,-51,127,1.0,4.5,1.5
1783001888820,2026-07-02 16:18:08.820,C3:00:00:63:4C:D2,-55,127,1.0,4.5,1.5
1783001888827,2026-07-02 16:18:08.827,C3:00:00:63:4D:05,-62,127,1.0,4.5,1.5
1783001888864,2026-07-02 16:18:08.864,C3:00:00:63:4D:0A,-61,127,1.0,4.5,1.5
1783001888875,2026-07-02 16:18:08.875,C3:00:00:63:4D:09,-61,127,1.0,4.5,1.5
1783001888893,2026-07-02 16:18:08.893,C3:00:00:63:4D:07,-60,127,1.0,4.5,1.5
1783001888915,2026-07-02 16:18:08.915,C3:00:00:63:4D:0D,-49,127,1.0,4.5,1.5
1783001888934,2026-07-02 16:18:08.934,C3:00:00:63:4C:D2,-63,127,1.0,4.5,1.5
1783001888940,2026-07-02 16:18:08.940,C3:00:00:63:4D:05,-54,127,1.0,4.5,1.5
1783001888956,2026-07-02 16:18:08.956,C3:00:00:63:4D:0A,-61,127,1.0,4.5,1.5
1783001888960,2026-07-02 16:18:08.960,C3:00:00:63:4D:04,-61,127,1.0,4.5,1.5
1783001888963,2026-07-02 16:18:08.963,C3:00:00:63:4D:05,-54,127,1.0,4.5,1.5
1783001888968,2026-07-02 16:18:08.968,C3:00:00:63:4D:0D,-57,127,1.0,4.5,1.5
1783001888973,2026-07-02 16:18:08.973,C3:00:00:63:4D:04,-61,127,1.0,4.5,1.5
1783001888976,2026-07-02 16:18:08.976,C3:00:00:63:4D:09,-58,127,1.0,4.5,1.5
1783001889017,2026-07-02 16:18:09.017,C3:00:00:63:4D:08,-52,127,1.0,4.5,1.5
1783001889070,2026-07-02 16:18:09.070,C3:00:00:63:4D:04,-56,127,1.0,4.5,1.5
1783001889100,2026-07-02 16:18:09.100,C3:00:00:63:4D:09,-62,127,1.0,4.5,1.5
1783001889109,2026-07-02 16:18:09.109,C3:00:00:63:4D:07,-62,127,1.0,4.5,1.5
1783001889118,2026-07-02 16:18:09.118,C3:00:00:63:4D:0D,-50,127,1.0,4.5,1.5
1783001889124,2026-07-02 16:18:09.124,C3:00:00:63:4D:08,-54,127,1.0,4.5,1.5
1783001889162,2026-07-02 16:18:09.162,C3:00:00:63:4D:0A,-61,127,1.0,4.5,1.5
1783001889165,2026-07-02 16:18:09.165,C3:00:00:63:4C:D2,-55,127,1.0,4.5,1.5
1783001889208,2026-07-02 16:18:09.208,C3:00:00:63:4D:0D,-49,127,1.0,4.5,1.5
1783001889215,2026-07-02 16:18:09.215,C3:00:00:63:4D:09,-64,127,1.0,4.5,1.5
1783001889224,2026-07-02 16:18:09.224,C3:00:00:63:4D:07,-61,127,1.0,4.5,1.5
1783001889233,2026-07-02 16:18:09.233,C3:00:00:63:4D:0D,-49,127,1.0,4.5,1.5
1783001889235,2026-07-02 16:18:09.235,C3:00:00:63:4D:08,-51,127,1.0,4.5,1.5
1783001889256,2026-07-02 16:18:09.256,C3:00:00:63:4D:0A,-61,127,1.0,4.5,1.5
1783001889264,2026-07-02 16:18:09.264,C3:00:00:63:4D:08,-51,127,1.0,4.5,1.5
1783001889279,2026-07-02 16:18:09.279,C3:00:00:63:4C:D2,-63,127,1.0,4.5,1.5
1783001889284,2026-07-02 16:18:09.284,C3:00:00:63:4D:05,-53,127,1.0,4.5,1.5
1783001889325,2026-07-02 16:18:09.325,C3:00:00:63:4D:09,-62,127,1.0,4.5,1.5
1783001889328,2026-07-02 16:18:09.328,C3:00:00:63:4D:0D,-50,127,1.0,4.5,1.5
1783001889341,2026-07-02 16:18:09.341,C3:00:00:63:4D:08,-49,127,1.0,4.5,1.5
1783001889364,2026-07-02 16:18:09.364,C3:00:00:63:4D:0A,-61,127,1.0,4.5,1.5
1783001889398,2026-07-02 16:18:09.398,C3:00:00:63:4D:04,-56,127,1.0,4.5,1.5
1783001889404,2026-07-02 16:18:09.404,C3:00:00:63:4C:D2,-62,127,1.0,4.5,1.5
1783001889407,2026-07-02 16:18:09.407,C3:00:00:63:4D:05,-54,127,1.0,4.5,1.5
1783001889429,2026-07-02 16:18:09.429,C3:00:00:63:4D:0D,-49,127,1.0,4.5,1.5
1783001889452,2026-07-02 16:18:09.452,C3:00:00:63:4D:08,-54,127,1.0,4.5,1.5
1783001889456,2026-07-02 16:18:09.456,C3:00:00:63:4D:0A,-61,127,1.0,4.5,1.5
1783001889500,2026-07-02 16:18:09.500,C3:00:00:63:4D:04,-75,127,1.0,4.5,1.5
1783001889507,2026-07-02 16:18:09.507,C3:00:00:63:4C:D2,-56,127,1.0,4.5,1.5
1783001889540,2026-07-02 16:18:09.540,C3:00:00:63:4D:0D,-49,127,1.0,4.5,1.5
1783001889551,2026-07-02 16:18:09.551,C3:00:00:63:4D:0A,-61,127,1.0,4.5,1.5
1783001889568,2026-07-02 16:18:09.568,C3:00:00:63:4D:07,-61,127,1.0,4.5,1.5
1783001889572,2026-07-02 16:18:09.572,C3:00:00:63:4D:09,-58,127,1.0,4.5,1.5
1783001889620,2026-07-02 16:18:09.620,C3:00:00:63:4D:04,-62,127,1.0,4.5,1.5
1783001889633,2026-07-02 16:18:09.633,C3:00:00:63:4C:D2,-62,127,1.0,4.5,1.5
1783001889635,2026-07-02 16:18:09.635,C3:00:00:63:4D:05,-54,127,1.0,4.5,1.5
1783001889641,2026-07-02 16:18:09.641,C3:00:00:63:4D:0D,-50,127,1.0,4.5,1.5
1783001889649,2026-07-02 16:18:09.649,C3:00:00:63:4D:0A,-61,127,1.0,4.5,1.5
1783001889663,2026-07-02 16:18:09.663,C3:00:00:63:4D:08,-48,127,1.0,4.5,1.5
1783001889671,2026-07-02 16:18:09.671,C3:00:00:63:4D:09,-62,127,1.0,4.5,1.5
1783001889728,2026-07-02 16:18:09.728,C3:00:00:63:4D:04,-75,127,1.0,4.5,1.5
1783001889740,2026-07-02 16:18:09.740,C3:00:00:63:4C:D2,-55,127,1.0,4.5,1.5
1783001889750,2026-07-02 16:18:09.750,C3:00:00:63:4D:0D,-49,127,1.0,4.5,1.5
1783001889762,2026-07-02 16:18:09.762,C3:00:00:63:4D:0A,-62,127,1.0,4.5,1.5
1783001889770,2026-07-02 16:18:09.770,C3:00:00:63:4C:D2,-56,127,1.0,4.5,1.5
1783001889785,2026-07-02 16:18:09.785,C3:00:00:63:4D:0A,-61,127,1.0,4.5,1.5
1783001889792,2026-07-02 16:18:09.792,C3:00:00:63:4D:09,-64,127,1.0,4.5,1.5
1783001889800,2026-07-02 16:18:09.800,C3:00:00:63:4D:07,-61,127,1.0,4.5,1.5
1783001889831,2026-07-02 16:18:09.831,C3:00:00:63:4D:04,-61,127,1.0,4.5,1.5
1783001889837,2026-07-02 16:18:09.837,C3:00:00:63:4C:D2,-70,127,1.0,4.5,1.5
1783001889842,2026-07-02 16:18:09.842,C3:00:00:63:4D:0D,-49,127,1.0,4.5,1.5
1783001889856,2026-07-02 16:18:09.856,C3:00:00:63:4D:0A,-61,127,1.0,4.5,1.5
1783001889857,2026-07-02 16:18:09.857,C3:00:00:63:4D:05,-54,127,1.0,4.5,1.5
1783001889882,2026-07-02 16:18:09.882,C3:00:00:63:4D:08,-51,127,1.0,4.5,1.5
1783001889888,2026-07-02 16:18:09.888,C3:00:00:63:4D:0D,-49,127,1.0,4.5,1.5
1783001889939,2026-07-02 16:18:09.939,C3:00:00:63:4D:04,-56,127,1.0,4.5,1.5
1783001889971,2026-07-02 16:18:09.971,C3:00:00:63:4C:D2,-62,127,1.0,4.5,1.5
1783001889980,2026-07-02 16:18:09.980,C3:00:00:63:4D:07,-62,127,1.0,4.5,1.5
1783001889987,2026-07-02 16:18:09.987,C3:00:00:63:4D:05,-54,127,1.0,4.5,1.5
1783001889993,2026-07-02 16:18:09.993,C3:00:00:63:4D:04,-57,127,1.0,4.5,1.5
1783001890004,2026-07-02 16:18:10.004,C3:00:00:63:4D:08,-49,127,1.0,4.5,1.5
1783001890008,2026-07-02 16:18:10.008,C3:00:00:63:4D:09,-62,127,1.0,4.5,1.5
1783001890042,2026-07-02 16:18:10.042,C3:00:00:63:4D:04,-75,127,1.0,4.5,1.5
1783001890058,2026-07-02 16:18:10.058,C3:00:00:63:4D:0A,-61,127,1.0,4.5,1.5
1783001890065,2026-07-02 16:18:10.065,C3:00:00:63:4D:0D,-49,127,1.0,4.5,1.5
1783001890079,2026-07-02 16:18:10.079,C3:00:00:63:4C:D2,-55,127,1.0,4.5,1.5
1783001890082,2026-07-02 16:18:10.082,C3:00:00:63:4D:05,-65,127,1.0,4.5,1.5
1783001890100,2026-07-02 16:18:10.100,C3:00:00:63:4D:08,-54,127,1.0,4.5,1.5
1783001890121,2026-07-02 16:18:10.121,C3:00:00:63:4D:09,-58,127,1.0,4.5,1.5
1783001890142,2026-07-02 16:18:10.142,C3:00:00:63:4D:07,-61,127,1.0,4.5,1.5
1783001890157,2026-07-02 16:18:10.157,C3:00:00:63:4D:0A,-61,127,1.0,4.5,1.5
1783001890163,2026-07-02 16:18:10.163,C3:00:00:63:4D:04,-61,127,1.0,4.5,1.5
1783001890165,2026-07-02 16:18:10.165,C3:00:00:63:4D:0D,-49,127,1.0,4.5,1.5
1783001890203,2026-07-02 16:18:10.203,C3:00:00:63:4C:D2,-62,127,1.0,4.5,1.5
1783001890206,2026-07-02 16:18:10.206,C3:00:00:63:4D:05,-54,127,1.0,4.5,1.5
1783001890257,2026-07-02 16:18:10.257,C3:00:00:63:4D:07,-62,127,1.0,4.5,1.5
1783001890268,2026-07-02 16:18:10.268,C3:00:00:63:4D:04,-56,127,1.0,4.5,1.5
1783001890284,2026-07-02 16:18:10.284,C3:00:00:63:4D:0D,-50,127,1.0,4.5,1.5
1783001890313,2026-07-02 16:18:10.313,C3:00:00:63:4C:D2,-62,127,1.0,4.5,1.5
1783001890319,2026-07-02 16:18:10.319,C3:00:00:63:4D:05,-64,127,1.0,4.5,1.5
1783001890321,2026-07-02 16:18:10.321,C3:00:00:63:4D:08,-54,127,1.0,4.5,1.5
1783001890352,2026-07-02 16:18:10.352,C3:00:00:63:4D:09,-64,127,1.0,4.5,1.5
1783001890357,2026-07-02 16:18:10.357,C3:00:00:63:4D:0A,-61,127,1.0,4.5,1.5
1783001890392,2026-07-02 16:18:10.392,C3:00:00:63:4D:07,-62,127,1.0,4.5,1.5
1783001890431,2026-07-02 16:18:10.431,C3:00:00:63:4D:05,-54,127,1.0,4.5,1.5
1783001890466,2026-07-02 16:18:10.466,C3:00:00:63:4D:09,-58,127,1.0,4.5,1.5
1783001890477,2026-07-02 16:18:10.477,C3:00:00:63:4D:08,-52,127,1.0,4.5,1.5
1783001890487,2026-07-02 16:18:10.487,C3:00:00:63:4D:04,-61,127,1.0,4.5,1.5
1783001890492,2026-07-02 16:18:10.492,C3:00:00:63:4D:0D,-49,127,1.0,4.5,1.5
1783001890494,2026-07-02 16:18:10.494,C3:00:00:63:4D:07,-61,127,1.0,4.5,1.5
1783001890500,2026-07-02 16:18:10.500,C3:00:00:63:4D:08,-60,127,1.0,4.5,1.5
1783001890538,2026-07-02 16:18:10.538,C3:00:00:63:4D:08,-49,127,1.0,4.5,1.5
1783001890581,2026-07-02 16:18:10.581,C3:00:00:63:4D:09,-62,127,1.0,4.5,1.5
1783001890586,2026-07-02 16:18:10.586,C3:00:00:63:4D:0D,-50,127,1.0,4.5,1.5
1783001890597,2026-07-02 16:18:10.597,C3:00:00:63:4D:04,-56,127,1.0,4.5,1.5
1783001890643,2026-07-02 16:18:10.643,C3:00:00:63:4D:09,-64,127,1.0,4.5,1.5
1783001890651,2026-07-02 16:18:10.651,C3:00:00:63:4D:08,-54,127,1.0,4.5,1.5
1783001890655,2026-07-02 16:18:10.655,C3:00:00:63:4C:D2,-56,127,1.0,4.5,1.5
1783001890664,2026-07-02 16:18:10.664,C3:00:00:63:4D:05,-64,127,1.0,4.5,1.5
1783001890686,2026-07-02 16:18:10.686,C3:00:00:63:4D:0D,-49,127,1.0,4.5,1.5
1783001890696,2026-07-02 16:18:10.696,C3:00:00:63:4D:09,-64,127,1.0,4.5,1.5
1783001890704,2026-07-02 16:18:10.704,C3:00:00:63:4D:04,-75,127,1.0,4.5,1.5
1783001890716,2026-07-02 16:18:10.716,C3:00:00:63:4D:07,-61,127,1.0,4.5,1.5
1783001890757,2026-07-02 16:18:10.757,C3:00:00:63:4D:0A,-61,127,1.0,4.5,1.5
1783001890760,2026-07-02 16:18:10.760,C3:00:00:63:4D:08,-51,127,1.0,4.5,1.5
1783001890781,2026-07-02 16:18:10.781,C3:00:00:63:4D:05,-54,127,1.0,4.5,1.5
1783001890785,2026-07-02 16:18:10.785,C3:00:00:63:4D:08,-51,127,1.0,4.5,1.5
1783001890791,2026-07-02 16:18:10.791,C3:00:00:63:4D:0D,-49,127,1.0,4.5,1.5
1783001890810,2026-07-02 16:18:10.810,C3:00:00:63:4D:09,-58,127,1.0,4.5,1.5
1783001890815,2026-07-02 16:18:10.815,C3:00:00:63:4D:04,-61,127,1.0,4.5,1.5
1783001890831,2026-07-02 16:18:10.831,C3:00:00:63:4D:07,-62,127,1.0,4.5,1.5
1783001890859,2026-07-02 16:18:10.859,C3:00:00:63:4D:0A,-61,127,1.0,4.5,1.5
1783001890872,2026-07-02 16:18:10.872,C3:00:00:63:4D:08,-49,127,1.0,4.5,1.5
1783001890891,2026-07-02 16:18:10.891,C3:00:00:63:4C:D2,-62,127,1.0,4.5,1.5
1783001890898,2026-07-02 16:18:10.898,C3:00:00:63:4D:05,-54,127,1.0,4.5,1.5
1783001890910,2026-07-02 16:18:10.910,C3:00:00:63:4D:0D,-50,127,1.0,4.5,1.5
1783001890918,2026-07-02 16:18:10.918,C3:00:00:63:4D:09,-62,127,1.0,4.5,1.5
1783001890921,2026-07-02 16:18:10.921,C3:00:00:63:4D:04,-75,127,1.0,4.5,1.5
1783001890943,2026-07-02 16:18:10.943,C3:00:00:63:4D:07,-61,127,1.0,4.5,1.5
1783001890945,2026-07-02 16:18:10.945,C3:00:00:63:4D:05,-64,127,1.0,4.5,1.5
1783001890952,2026-07-02 16:18:10.952,C3:00:00:63:4D:0A,-61,127,1.0,4.5,1.5
1783001890979,2026-07-02 16:18:10.979,C3:00:00:63:4D:08,-54,127,1.0,4.5,1.5
1783001891026,2026-07-02 16:18:11.026,C3:00:00:63:4D:04,-61,127,1.0,4.5,1.5
1783001891034,2026-07-02 16:18:11.034,C3:00:00:63:4D:09,-58,127,1.0,4.5,1.5
1783001891058,2026-07-02 16:18:11.058,C3:00:00:63:4D:0A,-60,127,1.0,4.5,1.5
1783001891066,2026-07-02 16:18:11.066,C3:00:00:63:4D:07,-61,127,1.0,4.5,1.5
1783001891086,2026-07-02 16:18:11.086,C3:00:00:63:4D:08,-51,127,1.0,4.5,1.5
1783001891112,2026-07-02 16:18:11.112,C3:00:00:63:4D:0D,-49,127,1.0,4.5,1.5
1783001891120,2026-07-02 16:18:11.120,C3:00:00:63:4D:05,-54,127,1.0,4.5,1.5
1783001891138,2026-07-02 16:18:11.138,C3:00:00:63:4C:D2,-62,127,1.0,4.5,1.5
1783001891139,2026-07-02 16:18:11.139,C3:00:00:63:4D:07,-62,127,1.0,4.5,1.5
1783001891148,2026-07-02 16:18:11.148,C3:00:00:63:4D:04,-56,127,1.0,4.5,1.5
1783001891150,2026-07-02 16:18:11.150,C3:00:00:63:4D:09,-62,127,1.0,4.5,1.5
1783001891152,2026-07-02 16:18:11.152,C3:00:00:63:4D:0A,-61,127,1.0,4.5,1.5
1783001891180,2026-07-02 16:18:11.180,C3:00:00:63:4D:07,-62,127,1.0,4.5,1.5
1783001891197,2026-07-02 16:18:11.197,C3:00:00:63:4D:08,-49,127,1.0,4.5,1.5
1783001891225,2026-07-02 16:18:11.225,C3:00:00:63:4D:0D,-50,127,1.0,4.5,1.5
1783001891238,2026-07-02 16:18:11.238,C3:00:00:63:4D:0D,-50,127,1.0,4.5,1.5
1783001891245,2026-07-02 16:18:11.245,C3:00:00:63:4D:05,-64,127,1.0,4.5,1.5
1783001891247,2026-07-02 16:18:11.247,C3:00:00:63:4D:04,-75,127,1.0,4.5,1.5
1783001891257,2026-07-02 16:18:11.257,C3:00:00:63:4D:0A,-61,127,1.0,4.5,1.5
1783001891262,2026-07-02 16:18:11.262,C3:00:00:63:4D:09,-64,127,1.0,4.5,1.5
1783001891274,2026-07-02 16:18:11.274,C3:00:00:63:4D:08,-55,127,1.0,4.5,1.5
1783001891288,2026-07-02 16:18:11.288,C3:00:00:63:4D:04,-84,127,1.0,4.5,1.5
1783001891296,2026-07-02 16:18:11.296,C3:00:00:63:4D:07,-61,127,1.0,4.5,1.5
1783001891305,2026-07-02 16:18:11.305,C3:00:00:63:4D:08,-54,127,1.0,4.5,1.5
1783001891321,2026-07-02 16:18:11.321,C3:00:00:63:4D:0D,-49,127,1.0,4.5,1.5
1783001891348,2026-07-02 16:18:11.348,C3:00:00:63:4C:D2,-62,127,1.0,4.5,1.5
1783001891353,2026-07-02 16:18:11.353,C3:00:00:63:4D:05,-54,127,1.0,4.5,1.5
1783001891412,2026-07-02 16:18:11.412,C3:00:00:63:4D:08,-51,127,1.0,4.5,1.5
1783001891445,2026-07-02 16:18:11.445,C3:00:00:63:4D:0A,-62,127,1.0,4.5,1.5
1783001891469,2026-07-02 16:18:11.469,C3:00:00:63:4C:D2,-62,127,1.0,4.5,1.5
1783001891472,2026-07-02 16:18:11.472,C3:00:00:63:4D:05,-54,127,1.0,4.5,1.5
1783001891523,2026-07-02 16:18:11.523,C3:00:00:63:4D:08,-54,127,1.0,4.5,1.5
1783001891532,2026-07-02 16:18:11.532,C3:00:00:63:4D:07,-62,127,1.0,4.5,1.5
1783001891540,2026-07-02 16:18:11.540,C3:00:00:63:4D:0D,-49,127,1.0,4.5,1.5
1783001891576,2026-07-02 16:18:11.576,C3:00:00:63:4D:04,-76,127,1.0,4.5,1.5
1783001891583,2026-07-02 16:18:11.583,C3:00:00:63:4C:D2,-56,127,1.0,4.5,1.5
1783001891588,2026-07-02 16:18:11.588,C3:00:00:63:4D:05,-65,127,1.0,4.5,1.5
1783001891605,2026-07-02 16:18:11.605,C3:00:00:63:4D:09,-64,127,1.0,4.5,1.5
1783001891634,2026-07-02 16:18:11.634,C3:00:00:63:4D:08,-51,127,1.0,4.5,1.5
1783001891641,2026-07-02 16:18:11.641,C3:00:00:63:4D:0D,-49,127,1.0,4.5,1.5
1783001891648,2026-07-02 16:18:11.648,C3:00:00:63:4D:07,-61,127,1.0,4.5,1.5
1783001891655,2026-07-02 16:18:11.655,C3:00:00:63:4D:0A,-61,127,1.0,4.5,1.5
1783001891680,2026-07-02 16:18:11.680,C3:00:00:63:4D:04,-61,127,1.0,4.5,1.5
1783001891686,2026-07-02 16:18:11.686,C3:00:00:63:4C:D2,-63,127,1.0,4.5,1.5
1783001891741,2026-07-02 16:18:11.741,C3:00:00:63:4D:08,-49,127,1.0,4.5,1.5
1783001891762,2026-07-02 16:18:11.762,C3:00:00:63:4D:0A,-62,127,1.0,4.5,1.5
1783001891765,2026-07-02 16:18:11.765,C3:00:00:63:4D:07,-62,127,1.0,4.5,1.5
1783001891772,2026-07-02 16:18:11.772,C3:00:00:63:4C:D2,-62,127,1.0,4.5,1.5
1783001891789,2026-07-02 16:18:11.789,C3:00:00:63:4D:04,-56,127,1.0,4.5,1.5
1783001891806,2026-07-02 16:18:11.806,C3:00:00:63:4C:D2,-62,127,1.0,4.5,1.5
1783001891812,2026-07-02 16:18:11.812,C3:00:00:63:4D:05,-54,127,1.0,4.5,1.5
1783001891819,2026-07-02 16:18:11.819,C3:00:00:63:4D:09,-64,127,1.0,4.5,1.5
1783001891841,2026-07-02 16:18:11.841,C3:00:00:63:4D:0D,-49,127,1.0,4.5,1.5
1783001891854,2026-07-02 16:18:11.854,C3:00:00:63:4D:08,-54,127,1.0,4.5,1.5
1783001891860,2026-07-02 16:18:11.860,C3:00:00:63:4D:0A,-61,127,1.0,4.5,1.5
1783001891865,2026-07-02 16:18:11.865,C3:00:00:63:4D:07,-61,127,1.0,4.5,1.5
1783001891896,2026-07-02 16:18:11.896,C3:00:00:63:4D:0D,-49,127,1.0,4.5,1.5
1783001891901,2026-07-02 16:18:11.901,C3:00:00:63:4D:04,-76,127,1.0,4.5,1.5
1783001891944,2026-07-02 16:18:11.944,C3:00:00:63:4D:09,-58,127,1.0,4.5,1.5
1783001891951,2026-07-02 16:18:11.951,C3:00:00:63:4D:0D,-49,127,1.0,4.5,1.5
1783001891957,2026-07-02 16:18:11.957,C3:00:00:63:4D:0A,-61,127,1.0,4.5,1.5
1783001891961,2026-07-02 16:18:11.961,C3:00:00:63:4D:08,-51,127,1.0,4.5,1.5
1783001891965,2026-07-02 16:18:11.965,C3:00:00:63:4D:05,-54,127,1.0,4.5,1.5
1783001891969,2026-07-02 16:18:11.969,C3:00:00:63:4D:04,-61,127,1.0,4.5,1.5
1783001891977,2026-07-02 16:18:11.977,C3:00:00:63:4D:07,-61,127,1.0,4.5,1.5
1783001891988,2026-07-02 16:18:11.988,C3:00:00:63:4D:04,-62,127,1.0,4.5,1.5
1783001891998,2026-07-02 16:18:11.998,C3:00:00:63:4D:07,-61,127,1.0,4.5,1.5
1783001892019,2026-07-02 16:18:12.019,C3:00:00:63:4D:07,-69,127,1.0,4.5,1.5
1783001892038,2026-07-02 16:18:12.038,C3:00:00:63:4D:05,-54,127,1.0,4.5,1.5
1783001892042,2026-07-02 16:18:12.042,C3:00:00:63:4C:D2,-62,127,1.0,4.5,1.5
1783001892053,2026-07-02 16:18:12.053,C3:00:00:63:4D:0D,-50,127,1.0,4.5,1.5
1783001892055,2026-07-02 16:18:12.055,C3:00:00:63:4D:09,-62,127,1.0,4.5,1.5
1783001892066,2026-07-02 16:18:12.066,C3:00:00:63:4D:0A,-61,127,1.0,4.5,1.5
1783001892068,2026-07-02 16:18:12.068,C3:00:00:63:4D:08,-48,127,1.0,4.5,1.5
1783001892080,2026-07-02 16:18:12.080,C3:00:00:63:4D:05,-55,127,1.0,4.5,1.5
1783001892099,2026-07-02 16:18:12.099,C3:00:00:63:4D:07,-62,127,1.0,4.5,1.5
1783001892160,2026-07-02 16:18:12.160,C3:00:00:63:4D:0D,-49,127,1.0,4.5,1.5
1783001892167,2026-07-02 16:18:12.167,C3:00:00:63:4D:05,-65,127,1.0,4.5,1.5
1783001892174,2026-07-02 16:18:12.174,C3:00:00:63:4D:0A,-61,127,1.0,4.5,1.5
1783001892214,2026-07-02 16:18:12.214,C3:00:00:63:4D:07,-61,127,1.0,4.5,1.5
1783001892233,2026-07-02 16:18:12.233,C3:00:00:63:4D:04,-62,127,1.0,4.5,1.5
1783001892258,2026-07-02 16:18:12.258,C3:00:00:63:4D:0A,-61,127,1.0,4.5,1.5
1783001892265,2026-07-02 16:18:12.265,C3:00:00:63:4D:05,-54,127,1.0,4.5,1.5
1783001892270,2026-07-02 16:18:12.270,C3:00:00:63:4D:0D,-49,127,1.0,4.5,1.5
1783001892282,2026-07-02 16:18:12.282,C3:00:00:63:4D:08,-51,127,1.0,4.5,1.5
1783001892337,2026-07-02 16:18:12.337,C3:00:00:63:4D:04,-56,127,1.0,4.5,1.5
1783001892364,2026-07-02 16:18:12.364,C3:00:00:63:4D:0A,-61,127,1.0,4.5,1.5
1783001892370,2026-07-02 16:18:12.370,C3:00:00:63:4D:0D,-50,127,1.0,4.5,1.5
1783001892381,2026-07-02 16:18:12.381,C3:00:00:63:4D:05,-54,127,1.0,4.5,1.5
1783001892390,2026-07-02 16:18:12.390,C3:00:00:63:4C:D2,-62,127,1.0,4.5,1.5
1783001892405,2026-07-02 16:18:12.405,C3:00:00:63:4D:09,-62,127,1.0,4.5,1.5
1783001892440,2026-07-02 16:18:12.440,C3:00:00:63:4D:07,-61,127,1.0,4.5,1.5
1783001892453,2026-07-02 16:18:12.453,C3:00:00:63:4D:04,-75,127,1.0,4.5,1.5
1783001892457,2026-07-02 16:18:12.457,C3:00:00:63:4D:0A,-61,127,1.0,4.5,1.5
1783001892463,2026-07-02 16:18:12.463,C3:00:00:63:4C:D2,-56,127,1.0,4.5,1.5
1783001892483,2026-07-02 16:18:12.483,C3:00:00:63:4D:0D,-49,127,1.0,4.5,1.5
1783001892494,2026-07-02 16:18:12.494,C3:00:00:63:4C:D2,-56,127,1.0,4.5,1.5
1783001892498,2026-07-02 16:18:12.498,C3:00:00:63:4D:05,-65,127,1.0,4.5,1.5
1783001892501,2026-07-02 16:18:12.501,C3:00:00:63:4D:08,-54,127,1.0,4.5,1.5
1783001892522,2026-07-02 16:18:12.522,C3:00:00:63:4D:09,-58,127,1.0,4.5,1.5
1783001892556,2026-07-02 16:18:12.556,C3:00:00:63:4D:07,-61,127,1.0,4.5,1.5
1783001892563,2026-07-02 16:18:12.563,C3:00:00:63:4D:0A,-61,127,1.0,4.5,1.5
1783001892582,2026-07-02 16:18:12.582,C3:00:00:63:4D:0D,-49,127,1.0,4.5,1.5
1783001892603,2026-07-02 16:18:12.603,C3:00:00:63:4D:0A,-62,127,1.0,4.5,1.5
1783001892608,2026-07-02 16:18:12.608,C3:00:00:63:4D:08,-52,127,1.0,4.5,1.5
1783001892613,2026-07-02 16:18:12.613,C3:00:00:63:4C:D2,-62,127,1.0,4.5,1.5
1783001892615,2026-07-02 16:18:12.615,C3:00:00:63:4D:05,-54,127,1.0,4.5,1.5
1783001892634,2026-07-02 16:18:12.634,C3:00:00:63:4D:09,-62,127,1.0,4.5,1.5
1783001892661,2026-07-02 16:18:12.661,C3:00:00:63:4D:0A,-61,127,1.0,4.5,1.5
1783001892669,2026-07-02 16:18:12.669,C3:00:00:63:4D:04,-56,127,1.0,4.5,1.5
1783001892684,2026-07-02 16:18:12.684,C3:00:00:63:4D:07,-62,127,1.0,4.5,1.5
1783001892721,2026-07-02 16:18:12.721,C3:00:00:63:4D:08,-54,127,1.0,4.5,1.5
1783001892728,2026-07-02 16:18:12.728,C3:00:00:63:4D:05,-65,127,1.0,4.5,1.5
1783001892732,2026-07-02 16:18:12.732,C3:00:00:63:4C:D2,-56,127,1.0,4.5,1.5
1783001892739,2026-07-02 16:18:12.739,C3:00:00:63:4D:09,-64,127,1.0,4.5,1.5
1783001892754,2026-07-02 16:18:12.754,C3:00:00:63:4D:0A,-61,127,1.0,4.5,1.5
1783001892758,2026-07-02 16:18:12.758,C3:00:00:63:4D:0D,-49,127,1.0,4.5,1.5
1783001892772,2026-07-02 16:18:12.772,C3:00:00:63:4D:04,-75,127,1.0,4.5,1.5
1783001892775,2026-07-02 16:18:12.775,C3:00:00:63:4D:08,-54,127,1.0,4.5,1.5
1783001892780,2026-07-02 16:18:12.780,C3:00:00:63:4D:07,-61,127,1.0,4.5,1.5
1783001892787,2026-07-02 16:18:12.787,C3:00:00:63:4D:0D,-49,127,1.0,4.5,1.5
1783001892826,2026-07-02 16:18:12.826,C3:00:00:63:4D:08,-51,127,1.0,4.5,1.5
1783001892859,2026-07-02 16:18:12.859,C3:00:00:63:4D:0A,-61,127,1.0,4.5,1.5
1783001892883,2026-07-02 16:18:12.883,C3:00:00:63:4D:04,-62,127,1.0,4.5,1.5
1783001892899,2026-07-02 16:18:12.899,C3:00:00:63:4D:0D,-50,127,1.0,4.5,1.5
1783001892903,2026-07-02 16:18:12.903,C3:00:00:63:4D:07,-62,127,1.0,4.5,1.5
1783001892931,2026-07-02 16:18:12.931,C3:00:00:63:4D:08,-48,127,1.0,4.5,1.5
1783001892953,2026-07-02 16:18:12.953,C3:00:00:63:4D:05,-54,127,1.0,4.5,1.5
1783001892972,2026-07-02 16:18:12.972,C3:00:00:63:4D:0D,-58,127,1.0,4.5,1.5
1783001892979,2026-07-02 16:18:12.979,C3:00:00:63:4D:05,-54,127,1.0,4.5,1.5
1783001892996,2026-07-02 16:18:12.996,C3:00:00:63:4D:04,-56,127,1.0,4.5,1.5
1783001892999,2026-07-02 16:18:12.999,C3:00:00:63:4D:0D,-51,127,1.0,4.5,1.5
1783001893012,2026-07-02 16:18:13.012,C3:00:00:63:4D:04,-56,127,1.0,4.5,1.5
1783001893015,2026-07-02 16:18:13.015,C3:00:00:63:4D:07,-62,127,1.0,4.5,1.5
1783001893055,2026-07-02 16:18:13.055,C3:00:00:63:4D:0A,-61,127,1.0,4.5,1.5
1783001893073,2026-07-02 16:18:13.073,C3:00:00:63:4C:D2,-56,127,1.0,4.5,1.5
1783001893092,2026-07-02 16:18:13.092,C3:00:00:63:4D:05,-65,127,1.0,4.5,1.5
1783001893095,2026-07-02 16:18:13.095,C3:00:00:63:4D:09,-64,127,1.0,4.5,1.5
1783001893103,2026-07-02 16:18:13.103,C3:00:00:63:4D:04,-75,127,1.0,4.5,1.5
1783001893131,2026-07-02 16:18:13.131,C3:00:00:63:4D:07,-62,127,1.0,4.5,1.5
1783001893148,2026-07-02 16:18:13.148,C3:00:00:63:4D:07,-62,127,1.0,4.5,1.5
1783001893153,2026-07-02 16:18:13.153,C3:00:00:63:4D:08,-52,127,1.0,4.5,1.5
1783001893163,2026-07-02 16:18:13.163,C3:00:00:63:4D:0A,-61,127,1.0,4.5,1.5
1783001893168,2026-07-02 16:18:13.168,C3:00:00:63:4D:05,-61,127,1.0,4.5,1.5
1783001893186,2026-07-02 16:18:13.186,C3:00:00:63:4D:05,-54,127,1.0,4.5,1.5
1783001893204,2026-07-02 16:18:13.204,C3:00:00:63:4D:09,-58,127,1.0,4.5,1.5
1783001893219,2026-07-02 16:18:13.219,C3:00:00:63:4D:0D,-50,127,1.0,4.5,1.5
1783001893236,2026-07-02 16:18:13.236,C3:00:00:63:4D:0D,-51,127,1.0,4.5,1.5
1783001893243,2026-07-02 16:18:13.243,C3:00:00:63:4D:07,-62,127,1.0,4.5,1.5
1783001893254,2026-07-02 16:18:13.254,C3:00:00:63:4D:0A,-62,127,1.0,4.5,1.5
1783001893269,2026-07-02 16:18:13.269,C3:00:00:63:4D:08,-48,127,1.0,4.5,1.5
1783001893297,2026-07-02 16:18:13.297,C3:00:00:63:4D:08,-48,127,1.0,4.5,1.5
1783001893305,2026-07-02 16:18:13.305,C3:00:00:63:4C:D2,-60,127,1.0,4.5,1.5
1783001893319,2026-07-02 16:18:13.319,C3:00:00:63:4D:0D,-50,127,1.0,4.5,1.5
1783001893355,2026-07-02 16:18:13.355,C3:00:00:63:4D:0A,-61,127,1.0,4.5,1.5
1783001893359,2026-07-02 16:18:13.359,C3:00:00:63:4D:07,-60,127,1.0,4.5,1.5
1783001893371,2026-07-02 16:18:13.371,C3:00:00:63:4D:08,-54,127,1.0,4.5,1.5
1783001893424,2026-07-02 16:18:13.424,C3:00:00:63:4C:D2,-62,127,1.0,4.5,1.5
1783001893427,2026-07-02 16:18:13.427,C3:00:00:63:4D:0D,-49,127,1.0,4.5,1.5
1783001893485,2026-07-02 16:18:13.485,C3:00:00:63:4D:08,-52,127,1.0,4.5,1.5
1783001893521,2026-07-02 16:18:13.521,C3:00:00:63:4D:0D,-50,127,1.0,4.5,1.5
1783001893527,2026-07-02 16:18:13.527,C3:00:00:63:4C:D2,-62,127,1.0,4.5,1.5
1783001893533,2026-07-02 16:18:13.533,C3:00:00:63:4D:05,-54,127,1.0,4.5,1.5
1783001893536,2026-07-02 16:18:13.536,C3:00:00:63:4D:04,-56,127,1.0,4.5,1.5
1783001893546,2026-07-02 16:18:13.546,C3:00:00:63:4D:09,-62,127,1.0,4.5,1.5
1783001893558,2026-07-02 16:18:13.558,C3:00:00:63:4D:0A,-61,127,1.0,4.5,1.5
1783001893580,2026-07-02 16:18:13.580,C3:00:00:63:4D:09,-62,127,1.0,4.5,1.5
1783001893594,2026-07-02 16:18:13.594,C3:00:00:63:4D:08,-49,127,1.0,4.5,1.5
1783001893601,2026-07-02 16:18:13.601,C3:00:00:63:4D:07,-62,127,1.0,4.5,1.5
1783001893630,2026-07-02 16:18:13.630,C3:00:00:63:4D:0D,-49,127,1.0,4.5,1.5
1783001893649,2026-07-02 16:18:13.649,C3:00:00:63:4D:05,-65,127,1.0,4.5,1.5
1783001893668,2026-07-02 16:18:13.668,C3:00:00:63:4C:D2,-55,127,1.0,4.5,1.5
1783001893672,2026-07-02 16:18:13.672,C3:00:00:63:4D:0A,-61,127,1.0,4.5,1.5
1783001893705,2026-07-02 16:18:13.705,C3:00:00:63:4D:08,-54,127,1.0,4.5,1.5
1783001893715,2026-07-02 16:18:13.715,C3:00:00:63:4D:07,-61,127,1.0,4.5,1.5
1783001893734,2026-07-02 16:18:13.734,C3:00:00:63:4D:0D,-49,127,1.0,4.5,1.5
1783001893752,2026-07-02 16:18:13.752,C3:00:00:63:4D:0A,-61,127,1.0,4.5,1.5
1783001893755,2026-07-02 16:18:13.755,C3:00:00:63:4D:04,-61,127,1.0,4.5,1.5
1783001893768,2026-07-02 16:18:13.768,C3:00:00:63:4D:0A,-61,127,1.0,4.5,1.5
1783001893772,2026-07-02 16:18:13.772,C3:00:00:63:4D:09,-58,127,1.0,4.5,1.5
1783001893774,2026-07-02 16:18:13.774,C3:00:00:63:4C:D2,-63,127,1.0,4.5,1.5
1783001893815,2026-07-02 16:18:13.815,C3:00:00:63:4D:08,-51,127,1.0,4.5,1.5
1783001893820,2026-07-02 16:18:13.820,C3:00:00:63:4D:07,-62,127,1.0,4.5,1.5
1783001893844,2026-07-02 16:18:13.844,C3:00:00:63:4D:0D,-50,127,1.0,4.5,1.5
1783001893846,2026-07-02 16:18:13.846,C3:00:00:63:4C:D2,-69,127,1.0,4.5,1.5
1783001893853,2026-07-02 16:18:13.853,C3:00:00:63:4D:0A,-61,127,1.0,4.5,1.5
1783001893876,2026-07-02 16:18:13.876,C3:00:00:63:4C:D2,-62,127,1.0,4.5,1.5
1783001893880,2026-07-02 16:18:13.880,C3:00:00:63:4D:05,-54,127,1.0,4.5,1.5
1783001893885,2026-07-02 16:18:13.885,C3:00:00:63:4D:09,-62,127,1.0,4.5,1.5
1783001893901,2026-07-02 16:18:13.901,C3:00:00:63:4D:0D,-50,127,1.0,4.5,1.5
1783001893919,2026-07-02 16:18:13.919,C3:00:00:63:4D:08,-54,127,1.0,4.5,1.5
1783001893937,2026-07-02 16:18:13.937,C3:00:00:63:4D:07,-62,127,1.0,4.5,1.5
1783001893940,2026-07-02 16:18:13.940,C3:00:00:63:4D:0D,-49,127,1.0,4.5,1.5
1783001893954,2026-07-02 16:18:13.954,C3:00:00:63:4D:0A,-61,127,1.0,4.5,1.5
1783001893973,2026-07-02 16:18:13.973,C3:00:00:63:4D:04,-75,127,1.0,4.5,1.5
1783001893993,2026-07-02 16:18:13.993,C3:00:00:63:4C:D2,-56,127,1.0,4.5,1.5
1783001894003,2026-07-02 16:18:14.003,C3:00:00:63:4D:04,-75,127,1.0,4.5,1.5
1783001894024,2026-07-02 16:18:14.024,C3:00:00:63:4D:04,-75,127,1.0,4.5,1.5
1783001894030,2026-07-02 16:18:14.030,C3:00:00:63:4D:08,-52,127,1.0,4.5,1.5
1783001894047,2026-07-02 16:18:14.047,C3:00:00:63:4D:07,-61,127,1.0,4.5,1.5
1783001894059,2026-07-02 16:18:14.059,C3:00:00:63:4D:0A,-61,127,1.0,4.5,1.5
1783001894084,2026-07-02 16:18:14.084,C3:00:00:63:4D:04,-62,127,1.0,4.5,1.5
1783001894110,2026-07-02 16:18:14.110,C3:00:00:63:4C:D2,-62,127,1.0,4.5,1.5
1783001894112,2026-07-02 16:18:14.112,C3:00:00:63:4D:05,-54,127,1.0,4.5,1.5
1783001894145,2026-07-02 16:18:14.145,C3:00:00:63:4D:08,-49,127,1.0,4.5,1.5
1783001894167,2026-07-02 16:18:14.167,C3:00:00:63:4D:0D,-50,127,1.0,4.5,1.5
1783001894172,2026-07-02 16:18:14.172,C3:00:00:63:4D:0A,-61,127,1.0,4.5,1.5
1783001894175,2026-07-02 16:18:14.175,C3:00:00:63:4D:07,-62,127,1.0,4.5,1.5
1783001894184,2026-07-02 16:18:14.184,C3:00:00:63:4D:04,-56,127,1.0,4.5,1.5
1783001894225,2026-07-02 16:18:14.225,C3:00:00:63:4D:05,-65,127,1.0,4.5,1.5
1783001894232,2026-07-02 16:18:14.232,C3:00:00:63:4D:09,-64,127,1.0,4.5,1.5
1783001894250,2026-07-02 16:18:14.250,C3:00:00:63:4D:08,-54,127,1.0,4.5,1.5
1783001894257,2026-07-02 16:18:14.257,C3:00:00:63:4D:0A,-61,127,1.0,4.5,1.5
1783001894261,2026-07-02 16:18:14.261,C3:00:00:63:4D:0D,-49,127,1.0,4.5,1.5
1783001894282,2026-07-02 16:18:14.282,C3:00:00:63:4D:07,-60,127,1.0,4.5,1.5
1783001894304,2026-07-02 16:18:14.304,C3:00:00:63:4D:04,-80,127,1.0,4.5,1.5
1783001894338,2026-07-02 16:18:14.338,C3:00:00:63:4C:D2,-63,127,1.0,4.5,1.5
1783001894356,2026-07-02 16:18:14.356,C3:00:00:63:4D:08,-52,127,1.0,4.5,1.5
1783001894361,2026-07-02 16:18:14.361,C3:00:00:63:4D:0A,-60,127,1.0,4.5,1.5
1783001894368,2026-07-02 16:18:14.368,C3:00:00:63:4D:0D,-49,127,1.0,4.5,1.5
1783001894392,2026-07-02 16:18:14.392,C3:00:00:63:4D:07,-60,127,1.0,4.5,1.5
1783001894412,2026-07-02 16:18:14.412,C3:00:00:63:4D:04,-63,127,1.0,4.5,1.5
1783001894418,2026-07-02 16:18:14.418,C3:00:00:63:4D:07,-61,127,1.0,4.5,1.5
1783001894448,2026-07-02 16:18:14.448,C3:00:00:63:4C:D2,-63,127,1.0,4.5,1.5
1783001894464,2026-07-02 16:18:14.464,C3:00:00:63:4D:09,-62,127,1.0,4.5,1.5
1783001894469,2026-07-02 16:18:14.469,C3:00:00:63:4D:0A,-61,127,1.0,4.5,1.5
1783001894476,2026-07-02 16:18:14.476,C3:00:00:63:4D:05,-55,127,1.0,4.5,1.5
1783001894479,2026-07-02 16:18:14.479,C3:00:00:63:4D:08,-49,127,1.0,4.5,1.5
1783001894482,2026-07-02 16:18:14.482,C3:00:00:63:4D:0D,-50,127,1.0,4.5,1.5
1783001894486,2026-07-02 16:18:14.486,C3:00:00:63:4C:D2,-63,127,1.0,4.5,1.5
1783001894490,2026-07-02 16:18:14.490,C3:00:00:63:4D:08,-49,127,1.0,4.5,1.5
1783001894501,2026-07-02 16:18:14.501,C3:00:00:63:4D:08,-56,127,1.0,4.5,1.5
1783001894507,2026-07-02 16:18:14.507,C3:00:00:63:4D:07,-62,127,1.0,4.5,1.5
1783001894509,2026-07-02 16:18:14.509,C3:00:00:63:4D:04,-55,127,1.0,4.5,1.5
1783001894553,2026-07-02 16:18:14.553,C3:00:00:63:4D:0A,-62,127,1.0,4.5,1.5
1783001894576,2026-07-02 16:18:14.576,C3:00:00:63:4C:D2,-55,127,1.0,4.5,1.5
1783001894580,2026-07-02 16:18:14.580,C3:00:00:63:4D:09,-63,127,1.0,4.5,1.5
1783001894623,2026-07-02 16:18:14.623,C3:00:00:63:4D:07,-61,127,1.0,4.5,1.5
1783001894630,2026-07-02 16:18:14.630,C3:00:00:63:4D:04,-62,127,1.0,4.5,1.5
1783001894645,2026-07-02 16:18:14.645,C3:00:00:63:4D:09,-59,127,1.0,4.5,1.5
1783001894654,2026-07-02 16:18:14.654,C3:00:00:63:4D:0A,-60,127,1.0,4.5,1.5
1783001894679,2026-07-02 16:18:14.679,C3:00:00:63:4D:0D,-49,127,1.0,4.5,1.5
1783001894684,2026-07-02 16:18:14.684,C3:00:00:63:4D:08,-51,127,1.0,4.5,1.5
1783001894692,2026-07-02 16:18:14.692,C3:00:00:63:4D:09,-59,127,1.0,4.5,1.5
1783001894749,2026-07-02 16:18:14.749,C3:00:00:63:4D:07,-62,127,1.0,4.5,1.5
1783001894782,2026-07-02 16:18:14.782,C3:00:00:63:4D:0D,-50,127,1.0,4.5,1.5
1783001894792,2026-07-02 16:18:14.792,C3:00:00:63:4D:08,-49,127,1.0,4.5,1.5
1783001894800,2026-07-02 16:18:14.800,C3:00:00:63:4C:D2,-61,127,1.0,4.5,1.5
1783001894806,2026-07-02 16:18:14.806,C3:00:00:63:4D:09,-62,127,1.0,4.5,1.5
1783001894808,2026-07-02 16:18:14.808,C3:00:00:63:4D:05,-55,127,1.0,4.5,1.5
1783001894862,2026-07-02 16:18:14.862,C3:00:00:63:4D:0A,-61,127,1.0,4.5,1.5
1783001894884,2026-07-02 16:18:14.884,C3:00:00:63:4D:09,-68,127,1.0,4.5,1.5
1783001894893,2026-07-02 16:18:14.893,C3:00:00:63:4D:0D,-50,127,1.0,4.5,1.5
1783001894908,2026-07-02 16:18:14.908,C3:00:00:63:4D:08,-54,127,1.0,4.5,1.5
1783001894911,2026-07-02 16:18:14.911,C3:00:00:63:4C:D2,-55,127,1.0,4.5,1.5
1783001894952,2026-07-02 16:18:14.952,C3:00:00:63:4D:0A,-61,127,1.0,4.5,1.5
1783001894973,2026-07-02 16:18:14.973,C3:00:00:63:4D:07,-62,127,1.0,4.5,1.5
1783001894996,2026-07-02 16:18:14.996,C3:00:00:63:4D:0D,-49,127,1.0,4.5,1.5
1783001895012,2026-07-02 16:18:15.012,C3:00:00:63:4D:08,-52,127,1.0,4.5,1.5
1783001895028,2026-07-02 16:18:15.028,C3:00:00:63:4D:05,-56,127,1.0,4.5,1.5
1783001895055,2026-07-02 16:18:15.055,C3:00:00:63:4D:0A,-61,127,1.0,4.5,1.5
1783001895063,2026-07-02 16:18:15.063,C3:00:00:63:4D:04,-55,127,1.0,4.5,1.5
1783001895089,2026-07-02 16:18:15.089,C3:00:00:63:4D:07,-62,127,1.0,4.5,1.5
1783001895103,2026-07-02 16:18:15.103,C3:00:00:63:4D:0D,-51,127,1.0,4.5,1.5
1783001895122,2026-07-02 16:18:15.122,C3:00:00:63:4D:08,-53,127,1.0,4.5,1.5
1783001895138,2026-07-02 16:18:15.138,C3:00:00:63:4D:07,-59,127,1.0,4.5,1.5
1783001895144,2026-07-02 16:18:15.144,C3:00:00:63:4C:D2,-54,127,1.0,4.5,1.5
1783001895148,2026-07-02 16:18:15.148,C3:00:00:63:4D:09,-60,127,1.0,4.5,1.5
1783001895153,2026-07-02 16:18:15.153,C3:00:00:63:4D:05,-58,127,1.0,4.5,1.5
1783001895160,2026-07-02 16:18:15.160,C3:00:00:63:4D:0A,-62,127,1.0,4.5,1.5
1783001895165,2026-07-02 16:18:15.165,C3:00:00:63:4D:04,-74,127,1.0,4.5,1.5
1783001895201,2026-07-02 16:18:15.201,C3:00:00:63:4D:07,-59,127,1.0,4.5,1.5
1783001895207,2026-07-02 16:18:15.207,C3:00:00:63:4D:0D,-51,127,1.0,4.5,1.5
1783001895231,2026-07-02 16:18:15.231,C3:00:00:63:4D:08,-51,127,1.0,4.5,1.5
1783001895234,2026-07-02 16:18:15.234,C3:00:00:63:4D:0D,-50,127,1.0,4.5,1.5
1783001895263,2026-07-02 16:18:15.263,C3:00:00:63:4D:05,-55,127,1.0,4.5,1.5
1783001895267,2026-07-02 16:18:15.267,C3:00:00:63:4C:D2,-64,127,1.0,4.5,1.5
1783001895276,2026-07-02 16:18:15.276,C3:00:00:63:4D:04,-65,127,1.0,4.5,1.5
1783001895296,2026-07-02 16:18:15.296,C3:00:00:63:4D:04,-73,127,1.0,4.5,1.5
1783001895311,2026-07-02 16:18:15.311,C3:00:00:63:4D:0D,-49,127,1.0,4.5,1.5
1783001895341,2026-07-02 16:18:15.341,C3:00:00:63:4D:08,-49,127,1.0,4.5,1.5
1783001895360,2026-07-02 16:18:15.360,C3:00:00:63:4D:0A,-60,127,1.0,4.5,1.5
1783001895381,2026-07-02 16:18:15.381,C3:00:00:63:4D:09,-61,127,1.0,4.5,1.5
1783001895384,2026-07-02 16:18:15.384,C3:00:00:63:4D:05,-56,127,1.0,4.5,1.5
1783001895388,2026-07-02 16:18:15.388,C3:00:00:63:4D:04,-55,127,1.0,4.5,1.5
1783001895443,2026-07-02 16:18:15.443,C3:00:00:63:4D:08,-53,127,1.0,4.5,1.5
1783001895447,2026-07-02 16:18:15.447,C3:00:00:63:4D:0A,-64,127,1.0,4.5,1.5
1783001895485,2026-07-02 16:18:15.485,C3:00:00:63:4D:09,-63,127,1.0,4.5,1.5
1783001895493,2026-07-02 16:18:15.493,C3:00:00:63:4C:D2,-55,127,1.0,4.5,1.5
1783001895496,2026-07-02 16:18:15.496,C3:00:00:63:4D:05,-61,127,1.0,4.5,1.5
1783001895515,2026-07-02 16:18:15.515,C3:00:00:63:4D:0D,-50,127,1.0,4.5,1.5
1783001895547,2026-07-02 16:18:15.547,C3:00:00:63:4D:07,-61,127,1.0,4.5,1.5
1783001895552,2026-07-02 16:18:15.552,C3:00:00:63:4D:0A,-60,127,1.0,4.5,1.5
1783001895566,2026-07-02 16:18:15.566,C3:00:00:63:4D:08,-51,127,1.0,4.5,1.5
1783001895584,2026-07-02 16:18:15.584,C3:00:00:63:4D:09,-60,127,1.0,4.5,1.5
1783001895600,2026-07-02 16:18:15.600,C3:00:00:63:4C:D2,-64,127,1.0,4.5,1.5
1783001895608,2026-07-02 16:18:15.608,C3:00:00:63:4D:05,-56,127,1.0,4.5,1.5
1783001895611,2026-07-02 16:18:15.611,C3:00:00:63:4D:04,-64,127,1.0,4.5,1.5
1783001895614,2026-07-02 16:18:15.614,C3:00:00:63:4D:09,-59,127,1.0,4.5,1.5
1783001895619,2026-07-02 16:18:15.619,C3:00:00:63:4C:D2,-65,127,1.0,4.5,1.5
1783001895627,2026-07-02 16:18:15.627,C3:00:00:63:4D:0D,-50,127,1.0,4.5,1.5
1783001895651,2026-07-02 16:18:15.651,C3:00:00:63:4D:0A,-61,127,1.0,4.5,1.5
1783001895656,2026-07-02 16:18:15.656,C3:00:00:63:4D:07,-62,127,1.0,4.5,1.5
1783001895660,2026-07-02 16:18:15.660,C3:00:00:63:4D:08,-49,127,1.0,4.5,1.5
1783001895714,2026-07-02 16:18:15.714,C3:00:00:63:4D:04,-55,127,1.0,4.5,1.5
1783001895720,2026-07-02 16:18:15.720,C3:00:00:63:4D:05,-56,127,1.0,4.5,1.5
1783001895756,2026-07-02 16:18:15.756,C3:00:00:63:4D:0A,-62,127,1.0,4.5,1.5
1783001895781,2026-07-02 16:18:15.781,C3:00:00:63:4D:08,-53,127,1.0,4.5,1.5
1783001895784,2026-07-02 16:18:15.784,C3:00:00:63:4D:0A,-62,127,1.0,4.5,1.5
1783001895798,2026-07-02 16:18:15.798,C3:00:00:63:4C:D2,-55,127,1.0,4.5,1.5
1783001895823,2026-07-02 16:18:15.823,C3:00:00:63:4D:04,-64,127,1.0,4.5,1.5
1783001895829,2026-07-02 16:18:15.829,C3:00:00:63:4D:09,-59,127,1.0,4.5,1.5
1783001895842,2026-07-02 16:18:15.842,C3:00:00:63:4D:05,-56,127,1.0,4.5,1.5
1783001895845,2026-07-02 16:18:15.845,C3:00:00:63:4D:0D,-50,127,1.0,4.5,1.5
1783001895860,2026-07-02 16:18:15.860,C3:00:00:63:4D:09,-59,127,1.0,4.5,1.5
1783001895863,2026-07-02 16:18:15.863,C3:00:00:63:4D:0A,-61,127,1.0,4.5,1.5
1783001895882,2026-07-02 16:18:15.882,C3:00:00:63:4D:08,-51,127,1.0,4.5,1.5
1783001895889,2026-07-02 16:18:15.889,C3:00:00:63:4D:07,-62,127,1.0,4.5,1.5
1783001895910,2026-07-02 16:18:15.910,C3:00:00:63:4D:0D,-49,127,1.0,4.5,1.5
1783001895936,2026-07-02 16:18:15.936,C3:00:00:63:4D:09,-61,127,1.0,4.5,1.5
1783001895943,2026-07-02 16:18:15.943,C3:00:00:63:4D:04,-55,127,1.0,4.5,1.5
1783001895952,2026-07-02 16:18:15.952,C3:00:00:63:4D:05,-56,127,1.0,4.5,1.5
1783001895958,2026-07-02 16:18:15.958,C3:00:00:63:4D:0A,-61,127,1.0,4.5,1.5
1783001895977,2026-07-02 16:18:15.977,C3:00:00:63:4D:04,-55,127,1.0,4.5,1.5
1783001895991,2026-07-02 16:18:15.991,C3:00:00:63:4D:08,-49,127,1.0,4.5,1.5
1783001895994,2026-07-02 16:18:15.994,C3:00:00:63:4D:05,-56,127,1.0,4.5,1.5
1783001895999,2026-07-02 16:18:15.999,C3:00:00:63:4D:04,-55,127,1.0,4.5,1.5
1783001896001,2026-07-02 16:18:16.001,C3:00:00:63:4D:07,-62,127,1.0,4.5,1.5
1783001896021,2026-07-02 16:18:16.021,C3:00:00:63:4D:07,-62,127,1.0,4.5,1.5
1783001896045,2026-07-02 16:18:16.045,C3:00:00:63:4D:04,-71,127,1.0,4.5,1.5
1783001896051,2026-07-02 16:18:16.051,C3:00:00:63:4D:09,-63,127,1.0,4.5,1.5
1783001896066,2026-07-02 16:18:16.066,C3:00:00:63:4C:D2,-55,127,1.0,4.5,1.5
1783001896072,2026-07-02 16:18:16.072,C3:00:00:63:4D:05,-60,127,1.0,4.5,1.5
1783001896095,2026-07-02 16:18:16.095,C3:00:00:63:4D:08,-53,127,1.0,4.5,1.5
1783001896100,2026-07-02 16:18:16.100,C3:00:00:63:4D:05,-61,127,1.0,4.5,1.5
1783001896128,2026-07-02 16:18:16.128,C3:00:00:63:4D:07,-61,127,1.0,4.5,1.5
1783001896149,2026-07-02 16:18:16.149,C3:00:00:63:4D:04,-64,127,1.0,4.5,1.5
1783001896157,2026-07-02 16:18:16.157,C3:00:00:63:4D:0D,-49,127,1.0,4.5,1.5
1783001896166,2026-07-02 16:18:16.166,C3:00:00:63:4D:09,-59,127,1.0,4.5,1.5
1783001896183,2026-07-02 16:18:16.183,C3:00:00:63:4D:05,-56,127,1.0,4.5,1.5
1783001896185,2026-07-02 16:18:16.185,C3:00:00:63:4C:D2,-64,127,1.0,4.5,1.5
1783001896201,2026-07-02 16:18:16.201,C3:00:00:63:4D:08,-51,127,1.0,4.5,1.5
1783001896243,2026-07-02 16:18:16.243,C3:00:00:63:4D:07,-62,127,1.0,4.5,1.5
1783001896259,2026-07-02 16:18:16.259,C3:00:00:63:4D:0A,-60,127,1.0,4.5,1.5
1783001896262,2026-07-02 16:18:16.262,C3:00:00:63:4D:0D,-49,127,1.0,4.5,1.5
1783001896265,2026-07-02 16:18:16.265,C3:00:00:63:4D:04,-55,127,1.0,4.5,1.5
1783001896281,2026-07-02 16:18:16.281,C3:00:00:63:4D:09,-61,127,1.0,4.5,1.5
1783001896352,2026-07-02 16:18:16.352,C3:00:00:63:4D:07,-62,127,1.0,4.5,1.5
1783001896359,2026-07-02 16:18:16.359,C3:00:00:63:4D:0D,-50,127,1.0,4.5,1.5
1783001896378,2026-07-02 16:18:16.378,C3:00:00:63:4D:04,-70,127,1.0,4.5,1.5
1783001896409,2026-07-02 16:18:16.409,C3:00:00:63:4C:D2,-55,127,1.0,4.5,1.5
1783001896416,2026-07-02 16:18:16.416,C3:00:00:63:4D:05,-60,127,1.0,4.5,1.5
1783001896433,2026-07-02 16:18:16.433,C3:00:00:63:4D:08,-51,127,1.0,4.5,1.5
1783001896454,2026-07-02 16:18:16.454,C3:00:00:63:4D:0A,-60,127,1.0,4.5,1.5
1783001896462,2026-07-02 16:18:16.462,C3:00:00:63:4D:07,-61,127,1.0,4.5,1.5
1783001896467,2026-07-02 16:18:16.467,C3:00:00:63:4C:D2,-64,127,1.0,4.5,1.5
1783001896485,2026-07-02 16:18:16.485,C3:00:00:63:4D:04,-64,127,1.0,4.5,1.5
1783001896514,2026-07-02 16:18:16.514,C3:00:00:63:4D:09,-59,127,1.0,4.5,1.5
1783001896540,2026-07-02 16:18:16.540,C3:00:00:63:4D:08,-49,127,1.0,4.5,1.5
1783001896560,2026-07-02 16:18:16.560,C3:00:00:63:4D:0A,-60,127,1.0,4.5,1.5
1783001896579,2026-07-02 16:18:16.579,C3:00:00:63:4D:0D,-50,127,1.0,4.5,1.5
1783001896581,2026-07-02 16:18:16.581,C3:00:00:63:4D:07,-62,127,1.0,4.5,1.5
1783001896591,2026-07-02 16:18:16.591,C3:00:00:63:4D:04,-55,127,1.0,4.5,1.5
1783001896600,2026-07-02 16:18:16.600,C3:00:00:63:4D:0A,-61,127,1.0,4.5,1.5
1783001896617,2026-07-02 16:18:16.617,C3:00:00:63:4D:09,-63,127,1.0,4.5,1.5
1783001896635,2026-07-02 16:18:16.635,C3:00:00:63:4C:D2,-55,127,1.0,4.5,1.5
1783001896641,2026-07-02 16:18:16.641,C3:00:00:63:4D:05,-60,127,1.0,4.5,1.5
1783001896651,2026-07-02 16:18:16.651,C3:00:00:63:4D:08,-53,127,1.0,4.5,1.5
1783001896658,2026-07-02 16:18:16.658,C3:00:00:63:4D:09,-63,127,1.0,4.5,1.5
1783001896660,2026-07-02 16:18:16.660,C3:00:00:63:4D:0A,-62,127,1.0,4.5,1.5
1783001896698,2026-07-02 16:18:16.698,C3:00:00:63:4D:07,-62,127,1.0,4.5,1.5
1783001896700,2026-07-02 16:18:16.700,C3:00:00:63:4D:04,-70,127,1.0,4.5,1.5
1783001896738,2026-07-02 16:18:16.738,C3:00:00:63:4D:09,-59,127,1.0,4.5,1.5
1783001896741,2026-07-02 16:18:16.741,C3:00:00:63:4D:0A,-68,127,1.0,4.5,1.5
1783001896748,2026-07-02 16:18:16.748,C3:00:00:63:4D:08,-52,127,1.0,4.5,1.5
1783001896756,2026-07-02 16:18:16.756,C3:00:00:63:4D:05,-56,127,1.0,4.5,1.5
1783001896764,2026-07-02 16:18:16.764,C3:00:00:63:4D:0A,-60,127,1.0,4.5,1.5
1783001896766,2026-07-02 16:18:16.766,C3:00:00:63:4D:0D,-49,127,1.0,4.5,1.5
1783001896807,2026-07-02 16:18:16.807,C3:00:00:63:4D:04,-64,127,1.0,4.5,1.5
1783001896814,2026-07-02 16:18:16.814,C3:00:00:63:4D:07,-61,127,1.0,4.5,1.5
1783001896846,2026-07-02 16:18:16.846,C3:00:00:63:4D:09,-61,127,1.0,4.5,1.5
1783001896874,2026-07-02 16:18:16.874,C3:00:00:63:4C:D2,-63,127,1.0,4.5,1.5
1783001896876,2026-07-02 16:18:16.876,C3:00:00:63:4D:08,-49,127,1.0,4.5,1.5
1783001896880,2026-07-02 16:18:16.880,C3:00:00:63:4D:05,-56,127,1.0,4.5,1.5
1783001896928,2026-07-02 16:18:16.928,C3:00:00:63:4D:07,-62,127,1.0,4.5,1.5
1783001896952,2026-07-02 16:18:16.952,C3:00:00:63:4D:05,-60,127,1.0,4.5,1.5
1783001896958,2026-07-02 16:18:16.958,C3:00:00:63:4D:0A,-62,127,1.0,4.5,1.5
1783001896968,2026-07-02 16:18:16.968,C3:00:00:63:4D:09,-60,127,1.0,4.5,1.5
1783001896975,2026-07-02 16:18:16.975,C3:00:00:63:4D:08,-52,127,1.0,4.5,1.5
1783001896988,2026-07-02 16:18:16.988,C3:00:00:63:4D:05,-58,127,1.0,4.5,1.5
1783001896990,2026-07-02 16:18:16.990,C3:00:00:63:4C:D2,-54,127,1.0,4.5,1.5
1783001896992,2026-07-02 16:18:16.992,C3:00:00:63:4D:0D,-59,127,1.0,4.5,1.5
1783001896999,2026-07-02 16:18:16.999,C3:00:00:63:4D:04,-77,127,1.0,4.5,1.5
1783001897001,2026-07-02 16:18:17.001,C3:00:00:63:4D:0D,-51,127,1.0,4.5,1.5
1783001897016,2026-07-02 16:18:17.016,C3:00:00:63:4D:04,-64,127,1.0,4.5,1.5
1783001897055,2026-07-02 16:18:17.055,C3:00:00:63:4D:0A,-61,127,1.0,4.5,1.5
1783001897086,2026-07-02 16:18:17.086,C3:00:00:63:4D:09,-59,127,1.0,4.5,1.5
1783001897091,2026-07-02 16:18:17.091,C3:00:00:63:4D:08,-51,127,1.0,4.5,1.5
1783001897100,2026-07-02 16:18:17.100,C3:00:00:63:4C:D2,-64,127,1.0,4.5,1.5
1783001897106,2026-07-02 16:18:17.106,C3:00:00:63:4D:0D,-50,127,1.0,4.5,1.5
1783001897119,2026-07-02 16:18:17.119,C3:00:00:63:4D:05,-56,127,1.0,4.5,1.5
1783001897131,2026-07-02 16:18:17.131,C3:00:00:63:4D:04,-55,127,1.0,4.5,1.5
1783001897143,2026-07-02 16:18:17.143,C3:00:00:63:4D:07,-63,127,1.0,4.5,1.5
1783001897191,2026-07-02 16:18:17.191,C3:00:00:63:4D:08,-48,127,1.0,4.5,1.5
1783001897214,2026-07-02 16:18:17.214,C3:00:00:63:4D:0D,-50,127,1.0,4.5,1.5
1783001897217,2026-07-02 16:18:17.217,C3:00:00:63:4C:D2,-61,127,1.0,4.5,1.5
1783001897221,2026-07-02 16:18:17.221,C3:00:00:63:4D:05,-56,127,1.0,4.5,1.5
1783001897241,2026-07-02 16:18:17.241,C3:00:00:63:4D:04,-70,127,1.0,4.5,1.5
1783001897248,2026-07-02 16:18:17.248,C3:00:00:63:4D:0D,-50,127,1.0,4.5,1.5
1783001897256,2026-07-02 16:18:17.256,C3:00:00:63:4D:0A,-62,127,1.0,4.5,1.5
1783001897272,2026-07-02 16:18:17.272,C3:00:00:63:4D:07,-62,127,1.0,4.5,1.5
1783001897299,2026-07-02 16:18:17.299,C3:00:00:63:4D:08,-53,127,1.0,4.5,1.5
1783001897308,2026-07-02 16:18:17.308,C3:00:00:63:4D:09,-63,127,1.0,4.5,1.5
1783001897324,2026-07-02 16:18:17.324,C3:00:00:63:4D:08,-52,127,1.0,4.5,1.5
1783001897330,2026-07-02 16:18:17.330,C3:00:00:63:4D:05,-59,127,1.0,4.5,1.5
1783001897356,2026-07-02 16:18:17.356,C3:00:00:63:4D:0A,-60,127,1.0,4.5,1.5
1783001897390,2026-07-02 16:18:17.390,C3:00:00:63:4D:07,-61,127,1.0,4.5,1.5
1783001897403,2026-07-02 16:18:17.403,C3:00:00:63:4D:08,-51,127,1.0,4.5,1.5
1783001897409,2026-07-02 16:18:17.409,C3:00:00:63:4D:0D,-49,127,1.0,4.5,1.5
1783001897426,2026-07-02 16:18:17.426,C3:00:00:63:4D:09,-61,127,1.0,4.5,1.5
1783001897437,2026-07-02 16:18:17.437,C3:00:00:63:4C:D2,-63,127,1.0,4.5,1.5
1783001897438,2026-07-02 16:18:17.438,C3:00:00:63:4D:0A,-61,127,1.0,4.5,1.5
1783001897445,2026-07-02 16:18:17.445,C3:00:00:63:4D:05,-56,127,1.0,4.5,1.5
1783001897462,2026-07-02 16:18:17.462,C3:00:00:63:4D:04,-55,127,1.0,4.5,1.5
1783001897465,2026-07-02 16:18:17.465,C3:00:00:63:4D:0A,-60,127,1.0,4.5,1.5
1783001897497,2026-07-02 16:18:17.497,C3:00:00:63:4D:07,-62,127,1.0,4.5,1.5
1783001897517,2026-07-02 16:18:17.517,C3:00:00:63:4D:0D,-49,127,1.0,4.5,1.5
1783001897524,2026-07-02 16:18:17.524,C3:00:00:63:4D:08,-49,127,1.0,4.5,1.5
1783001897531,2026-07-02 16:18:17.531,C3:00:00:63:4D:09,-63,127,1.0,4.5,1.5
1783001897556,2026-07-02 16:18:17.556,C3:00:00:63:4D:0A,-62,127,1.0,4.5,1.5
1783001897561,2026-07-02 16:18:17.561,C3:00:00:63:4C:D2,-55,127,1.0,4.5,1.5
1783001897575,2026-07-02 16:18:17.575,C3:00:00:63:4D:04,-70,127,1.0,4.5,1.5
1783001897594,2026-07-02 16:18:17.594,C3:00:00:63:4D:09,-63,127,1.0,4.5,1.5
1783001897619,2026-07-02 16:18:17.619,C3:00:00:63:4D:07,-62,127,1.0,4.5,1.5
1783001897645,2026-07-02 16:18:17.645,C3:00:00:63:4D:09,-59,127,1.0,4.5,1.5
1783001897651,2026-07-02 16:18:17.651,C3:00:00:63:4D:0A,-60,127,1.0,4.5,1.5
1783001897676,2026-07-02 16:18:17.676,C3:00:00:63:4D:05,-54,127,1.0,4.5,1.5
1783001897681,2026-07-02 16:18:17.681,C3:00:00:63:4D:04,-64,127,1.0,4.5,1.5
1783001897725,2026-07-02 16:18:17.725,C3:00:00:63:4D:0D,-49,127,1.0,4.5,1.5
1783001897754,2026-07-02 16:18:17.754,C3:00:00:63:4D:0A,-61,127,1.0,4.5,1.5
1783001897765,2026-07-02 16:18:17.765,C3:00:00:63:4D:09,-61,127,1.0,4.5,1.5
1783001897786,2026-07-02 16:18:17.786,C3:00:00:63:4D:0A,-60,127,1.0,4.5,1.5
1783001897789,2026-07-02 16:18:17.789,C3:00:00:63:4C:D2,-63,127,1.0,4.5,1.5
1783001897793,2026-07-02 16:18:17.793,C3:00:00:63:4D:05,-56,127,1.0,4.5,1.5
1783001897795,2026-07-02 16:18:17.795,C3:00:00:63:4D:04,-55,127,1.0,4.5,1.5
1783001897804,2026-07-02 16:18:17.804,C3:00:00:63:4C:D2,-63,127,1.0,4.5,1.5
1783001897833,2026-07-02 16:18:17.833,C3:00:00:63:4D:0D,-50,127,1.0,4.5,1.5
1783001897841,2026-07-02 16:18:17.841,C3:00:00:63:4D:08,-53,127,1.0,4.5,1.5
1783001897850,2026-07-02 16:18:17.850,C3:00:00:63:4D:0A,-62,127,1.0,4.5,1.5
1783001897857,2026-07-02 16:18:17.857,C3:00:00:63:4C:D2,-63,127,1.0,4.5,1.5
1783001897879,2026-07-02 16:18:17.879,C3:00:00:63:4D:09,-63,127,1.0,4.5,1.5
1783001897898,2026-07-02 16:18:17.898,C3:00:00:63:4D:04,-70,127,1.0,4.5,1.5
1783001897904,2026-07-02 16:18:17.904,C3:00:00:63:4C:D2,-55,127,1.0,4.5,1.5
1783001897951,2026-07-02 16:18:17.951,C3:00:00:63:4D:0A,-60,127,1.0,4.5,1.5
1783001897958,2026-07-02 16:18:17.958,C3:00:00:63:4D:08,-51,127,1.0,4.5,1.5
1783001897985,2026-07-02 16:18:17.985,C3:00:00:63:4D:09,-59,127,1.0,4.5,1.5
1783001898018,2026-07-02 16:18:18.018,C3:00:00:63:4C:D2,-64,127,1.0,4.5,1.5
1783001898023,2026-07-02 16:18:18.023,C3:00:00:63:4D:07,-63,127,1.0,4.5,1.5
1783001898030,2026-07-02 16:18:18.030,C3:00:00:63:4D:04,-56,127,1.0,4.5,1.5
1783001898031,2026-07-02 16:18:18.031,C3:00:00:63:4D:05,-56,127,1.0,4.5,1.5
1783001898040,2026-07-02 16:18:18.040,C3:00:00:63:4D:04,-56,127,1.0,4.5,1.5
1783001898047,2026-07-02 16:18:18.047,C3:00:00:63:4D:0D,-49,127,1.0,4.5,1.5
1783001898054,2026-07-02 16:18:18.054,C3:00:00:63:4D:0A,-61,127,1.0,4.5,1.5
1783001898062,2026-07-02 16:18:18.062,C3:00:00:63:4D:08,-49,127,1.0,4.5,1.5
1783001898076,2026-07-02 16:18:18.076,C3:00:00:63:4D:07,-62,127,1.0,4.5,1.5
1783001898109,2026-07-02 16:18:18.109,C3:00:00:63:4D:09,-61,127,1.0,4.5,1.5
1783001898124,2026-07-02 16:18:18.124,C3:00:00:63:4D:04,-70,127,1.0,4.5,1.5
1783001898144,2026-07-02 16:18:18.144,C3:00:00:63:4C:D2,-55,127,1.0,4.5,1.5
1783001898149,2026-07-02 16:18:18.149,C3:00:00:63:4D:05,-61,127,1.0,4.5,1.5
1783001898156,2026-07-02 16:18:18.156,C3:00:00:63:4D:0D,-50,127,1.0,4.5,1.5
1783001898158,2026-07-02 16:18:18.158,C3:00:00:63:4D:0A,-62,127,1.0,4.5,1.5
1783001898175,2026-07-02 16:18:18.175,C3:00:00:63:4D:08,-53,127,1.0,4.5,1.5
1783001898220,2026-07-02 16:18:18.220,C3:00:00:63:4D:09,-63,127,1.0,4.5,1.5
1783001898223,2026-07-02 16:18:18.223,C3:00:00:63:4D:04,-64,127,1.0,4.5,1.5
1783001898250,2026-07-02 16:18:18.250,C3:00:00:63:4D:0D,-49,127,1.0,4.5,1.5
1783001898255,2026-07-02 16:18:18.255,C3:00:00:63:4C:D2,-64,127,1.0,4.5,1.5
1783001898259,2026-07-02 16:18:18.259,C3:00:00:63:4D:05,-56,127,1.0,4.5,1.5
1783001898282,2026-07-02 16:18:18.282,C3:00:00:63:4D:08,-52,127,1.0,4.5,1.5
1783001898309,2026-07-02 16:18:18.309,C3:00:00:63:4D:07,-61,127,1.0,4.5,1.5
1783001898331,2026-07-02 16:18:18.331,C3:00:00:63:4D:09,-61,127,1.0,4.5,1.5
1783001898338,2026-07-02 16:18:18.338,C3:00:00:63:4D:04,-55,127,1.0,4.5,1.5
1783001898369,2026-07-02 16:18:18.369,C3:00:00:63:4D:05,-56,127,1.0,4.5,1.5
1783001898383,2026-07-02 16:18:18.383,C3:00:00:63:4D:08,-49,127,1.0,4.5,1.5
1783001898413,2026-07-02 16:18:18.413,C3:00:00:63:4D:07,-62,127,1.0,4.5,1.5
1783001898434,2026-07-02 16:18:18.434,C3:00:00:63:4D:07,-62,127,1.0,4.5,1.5
1783001898447,2026-07-02 16:18:18.447,C3:00:00:63:4D:04,-70,127,1.0,4.5,1.5
1783001898452,2026-07-02 16:18:18.452,C3:00:00:63:4D:09,-63,127,1.0,4.5,1.5
1783001898456,2026-07-02 16:18:18.456,C3:00:00:63:4D:0A,-62,127,1.0,4.5,1.5
1783001898463,2026-07-02 16:18:18.463,C3:00:00:63:4C:D2,-55,127,1.0,4.5,1.5
1783001898473,2026-07-02 16:18:18.473,C3:00:00:63:4D:05,-61,127,1.0,4.5,1.5
1783001898524,2026-07-02 16:18:18.524,C3:00:00:63:4D:08,-52,127,1.0,4.5,1.5
1783001898548,2026-07-02 16:18:18.548,C3:00:00:63:4D:07,-61,127,1.0,4.5,1.5
1783001898553,2026-07-02 16:18:18.553,C3:00:00:63:4D:04,-64,127,1.0,4.5,1.5
1783001898565,2026-07-02 16:18:18.565,C3:00:00:63:4D:09,-59,127,1.0,4.5,1.5
1783001898567,2026-07-02 16:18:18.567,C3:00:00:63:4D:0D,-49,127,1.0,4.5,1.5
1783001898602,2026-07-02 16:18:18.602,C3:00:00:63:4D:05,-56,127,1.0,4.5,1.5
1783001898605,2026-07-02 16:18:18.605,C3:00:00:63:4D:08,-52,127,1.0,4.5,1.5
1783001898646,2026-07-02 16:18:18.646,C3:00:00:63:4D:09,-61,127,1.0,4.5,1.5
1783001898653,2026-07-02 16:18:18.653,C3:00:00:63:4D:0A,-61,127,1.0,4.5,1.5
1783001898657,2026-07-02 16:18:18.657,C3:00:00:63:4D:04,-55,127,1.0,4.5,1.5
1783001898664,2026-07-02 16:18:18.664,C3:00:00:63:4D:0D,-50,127,1.0,4.5,1.5
1783001898707,2026-07-02 16:18:18.707,C3:00:00:63:4D:05,-56,127,1.0,4.5,1.5
1783001898717,2026-07-02 16:18:18.717,C3:00:00:63:4D:08,-53,127,1.0,4.5,1.5
1783001898774,2026-07-02 16:18:18.774,C3:00:00:63:4D:0D,-50,127,1.0,4.5,1.5
1783001898800,2026-07-02 16:18:18.800,C3:00:00:63:4D:08,-53,127,1.0,4.5,1.5
1783001898805,2026-07-02 16:18:18.805,C3:00:00:63:4D:09,-63,127,1.0,4.5,1.5
1783001898828,2026-07-02 16:18:18.828,C3:00:00:63:4D:05,-56,127,1.0,4.5,1.5
1783001898847,2026-07-02 16:18:18.847,C3:00:00:63:4D:0A,-61,127,1.0,4.5,1.5
1783001898879,2026-07-02 16:18:18.879,C3:00:00:63:4D:0D,-49,127,1.0,4.5,1.5
1783001898885,2026-07-02 16:18:18.885,C3:00:00:63:4D:04,-64,127,1.0,4.5,1.5
1783001898895,2026-07-02 16:18:18.895,C3:00:00:63:4D:07,-61,127,1.0,4.5,1.5
1783001898899,2026-07-02 16:18:18.899,C3:00:00:63:4D:09,-67,127,1.0,4.5,1.5
1783001898907,2026-07-02 16:18:18.907,C3:00:00:63:4D:09,-60,127,1.0,4.5,1.5
1783001898938,2026-07-02 16:18:18.938,C3:00:00:63:4D:08,-49,127,1.0,4.5,1.5
1783001898943,2026-07-02 16:18:18.943,C3:00:00:63:4D:05,-56,127,1.0,4.5,1.5
1783001898949,2026-07-02 16:18:18.949,C3:00:00:63:4C:D2,-63,127,1.0,4.5,1.5
1783001898952,2026-07-02 16:18:18.952,C3:00:00:63:4D:05,-56,127,1.0,4.5,1.5
1783001898959,2026-07-02 16:18:18.959,C3:00:00:63:4D:0A,-60,127,1.0,4.5,1.5
1783001898997,2026-07-02 16:18:18.997,C3:00:00:63:4D:07,-62,127,1.0,4.5,1.5
1783001899019,2026-07-02 16:18:19.019,C3:00:00:63:4D:09,-63,127,1.0,4.5,1.5
1783001899057,2026-07-02 16:18:19.057,C3:00:00:63:4C:D2,-55,127,1.0,4.5,1.5
1783001899062,2026-07-02 16:18:19.062,C3:00:00:63:4D:05,-61,127,1.0,4.5,1.5
1783001899091,2026-07-02 16:18:19.091,C3:00:00:63:4D:0D,-50,127,1.0,4.5,1.5
1783001899096,2026-07-02 16:18:19.096,C3:00:00:63:4D:04,-71,127,1.0,4.5,1.5
1783001899122,2026-07-02 16:18:19.122,C3:00:00:63:4D:07,-62,127,1.0,4.5,1.5
1783001899141,2026-07-02 16:18:19.141,C3:00:00:63:4D:09,-60,127,1.0,4.5,1.5
1783001899146,2026-07-02 16:18:19.146,C3:00:00:63:4D:07,-62,127,1.0,4.5,1.5
1783001899154,2026-07-02 16:18:19.154,C3:00:00:63:4D:08,-51,127,1.0,4.5,1.5
1783001899169,2026-07-02 16:18:19.169,C3:00:00:63:4D:0A,-61,127,1.0,4.5,1.5
1783001899172,2026-07-02 16:18:19.172,C3:00:00:63:4D:05,-56,127,1.0,4.5,1.5
1783001899179,2026-07-02 16:18:19.179,C3:00:00:63:4C:D2,-64,127,1.0,4.5,1.5
1783001899187,2026-07-02 16:18:19.187,C3:00:00:63:4D:0D,-49,127,1.0,4.5,1.5
1783001899200,2026-07-02 16:18:19.200,C3:00:00:63:4D:04,-65,127,1.0,4.5,1.5
1783001899227,2026-07-02 16:18:19.227,C3:00:00:63:4D:07,-62,127,1.0,4.5,1.5
1783001899255,2026-07-02 16:18:19.255,C3:00:00:63:4D:0D,-49,127,1.0,4.5,1.5
1783001899262,2026-07-02 16:18:19.262,C3:00:00:63:4D:0A,-61,127,1.0,4.5,1.5
1783001899264,2026-07-02 16:18:19.264,C3:00:00:63:4D:08,-49,127,1.0,4.5,1.5
1783001899284,2026-07-02 16:18:19.284,C3:00:00:63:4D:05,-56,127,1.0,4.5,1.5
1783001899290,2026-07-02 16:18:19.290,C3:00:00:63:4C:D2,-62,127,1.0,4.5,1.5
1783001899295,2026-07-02 16:18:19.295,C3:00:00:63:4D:04,-62,127,1.0,4.5,1.5
1783001899297,2026-07-02 16:18:19.297,C3:00:00:63:4D:0D,-49,127,1.0,4.5,1.5
1783001899316,2026-07-02 16:18:19.316,C3:00:00:63:4D:04,-55,127,1.0,4.5,1.5
1783001899329,2026-07-02 16:18:19.329,C3:00:00:63:4D:08,-53,127,1.0,4.5,1.5
1783001899335,2026-07-02 16:18:19.335,C3:00:00:63:4D:07,-62,127,1.0,4.5,1.5
1783001899352,2026-07-02 16:18:19.352,C3:00:00:63:4D:0A,-62,127,1.0,4.5,1.5
1783001899356,2026-07-02 16:18:19.356,C3:00:00:63:4D:09,-63,127,1.0,4.5,1.5
1783001899371,2026-07-02 16:18:19.371,C3:00:00:63:4D:08,-53,127,1.0,4.5,1.5
1783001899404,2026-07-02 16:18:19.404,C3:00:00:63:4D:05,-61,127,1.0,4.5,1.5
1783001899438,2026-07-02 16:18:19.438,C3:00:00:63:4D:04,-65,127,1.0,4.5,1.5
1783001899440,2026-07-02 16:18:19.440,C3:00:00:63:4D:0A,-61,127,1.0,4.5,1.5
1783001899459,2026-07-02 16:18:19.459,C3:00:00:63:4D:07,-61,127,1.0,4.5,1.5
1783001899461,2026-07-02 16:18:19.461,C3:00:00:63:4D:0A,-61,127,1.0,4.5,1.5
1783001899470,2026-07-02 16:18:19.470,C3:00:00:63:4D:09,-60,127,1.0,4.5,1.5
1783001899473,2026-07-02 16:18:19.473,C3:00:00:63:4D:08,-51,127,1.0,4.5,1.5
1783001899513,2026-07-02 16:18:19.513,C3:00:00:63:4D:05,-56,127,1.0,4.5,1.5
1783001899517,2026-07-02 16:18:19.517,C3:00:00:63:4D:0D,-50,127,1.0,4.5,1.5
1783001899523,2026-07-02 16:18:19.523,C3:00:00:63:4C:D2,-64,127,1.0,4.5,1.5
1783001899536,2026-07-02 16:18:19.536,C3:00:00:63:4D:04,-55,127,1.0,4.5,1.5
1783001899553,2026-07-02 16:18:19.553,C3:00:00:63:4D:0A,-61,127,1.0,4.5,1.5
1783001899572,2026-07-02 16:18:19.572,C3:00:00:63:4D:07,-62,127,1.0,4.5,1.5
1783001899591,2026-07-02 16:18:19.591,C3:00:00:63:4D:08,-50,127,1.0,4.5,1.5
1783001899618,2026-07-02 16:18:19.618,C3:00:00:63:4D:09,-62,127,1.0,4.5,1.5
1783001899620,2026-07-02 16:18:19.620,C3:00:00:63:4D:0D,-50,127,1.0,4.5,1.5
1783001899622,2026-07-02 16:18:19.622,C3:00:00:63:4C:D2,-63,127,1.0,4.5,1.5
1783001899627,2026-07-02 16:18:19.627,C3:00:00:63:4D:05,-61,127,1.0,4.5,1.5
1783001899637,2026-07-02 16:18:19.637,C3:00:00:63:4C:D2,-55,127,1.0,4.5,1.5
1783001899645,2026-07-02 16:18:19.645,C3:00:00:63:4D:04,-72,127,1.0,4.5,1.5
1783001899656,2026-07-02 16:18:19.656,C3:00:00:63:4D:0A,-62,127,1.0,4.5,1.5
1783001899687,2026-07-02 16:18:19.687,C3:00:00:63:4D:07,-62,127,1.0,4.5,1.5
1783001899705,2026-07-02 16:18:19.705,C3:00:00:63:4D:08,-53,127,1.0,4.5,1.5
1783001899708,2026-07-02 16:18:19.708,C3:00:00:63:4D:09,-63,127,1.0,4.5,1.5
1783001899748,2026-07-02 16:18:19.748,C3:00:00:63:4D:0A,-61,127,1.0,4.5,1.5
1783001899753,2026-07-02 16:18:19.753,C3:00:00:63:4D:04,-65,127,1.0,4.5,1.5
1783001899771,2026-07-02 16:18:19.771,C3:00:00:63:4D:0A,-62,127,1.0,4.5,1.5
1783001899798,2026-07-02 16:18:19.798,C3:00:00:63:4D:07,-61,127,1.0,4.5,1.5
1783001899806,2026-07-02 16:18:19.806,C3:00:00:63:4D:08,-51,127,1.0,4.5,1.5
1783001899816,2026-07-02 16:18:19.816,C3:00:00:63:4C:D2,-64,127,1.0,4.5,1.5
1783001899820,2026-07-02 16:18:19.820,C3:00:00:63:4D:09,-61,127,1.0,4.5,1.5
1783001899822,2026-07-02 16:18:19.822,C3:00:00:63:4D:0D,-49,127,1.0,4.5,1.5
1783001899840,2026-07-02 16:18:19.840,C3:00:00:63:4D:09,-62,127,1.0,4.5,1.5
1783001899847,2026-07-02 16:18:19.847,C3:00:00:63:4D:0A,-63,127,1.0,4.5,1.5
1783001899860,2026-07-02 16:18:19.860,C3:00:00:63:4D:05,-56,127,1.0,4.5,1.5
1783001899943,2026-07-02 16:18:19.943,C3:00:00:63:4D:0D,-51,127,1.0,4.5,1.5
1783001899953,2026-07-02 16:18:19.953,C3:00:00:63:4D:0A,-62,127,1.0,4.5,1.5
1783001899978,2026-07-02 16:18:19.978,C3:00:00:63:4C:D2,-55,127,1.0,4.5,1.5
1783001899999,2026-07-02 16:18:19.999,C3:00:00:63:4D:04,-79,127,1.0,4.5,1.5
1783001900019,2026-07-02 16:18:20.019,C3:00:00:63:4D:07,-70,127,1.0,4.5,1.5
1783001900024,2026-07-02 16:18:20.024,C3:00:00:63:4D:04,-65,127,1.0,4.5,1.5
1783001900027,2026-07-02 16:18:20.027,C3:00:00:63:4D:05,-56,127,1.0,4.5,1.5
1783001900029,2026-07-02 16:18:20.029,C3:00:00:63:4D:08,-51,127,1.0,4.5,1.5
1783001900037,2026-07-02 16:18:20.037,C3:00:00:63:4D:09,-59,127,1.0,4.5,1.5
1783001900039,2026-07-02 16:18:20.039,C3:00:00:63:4D:07,-63,127,1.0,4.5,1.5
1783001900057,2026-07-02 16:18:20.057,C3:00:00:63:4D:0A,-62,127,1.0,4.5,1.5
1783001900071,2026-07-02 16:18:20.071,C3:00:00:63:4D:07,-62,127,1.0,4.5,1.5
1783001900076,2026-07-02 16:18:20.076,C3:00:00:63:4D:04,-65,127,1.0,4.5,1.5
1783001900081,2026-07-02 16:18:20.081,C3:00:00:63:4C:D2,-63,127,1.0,4.5,1.5
1783001900110,2026-07-02 16:18:20.110,C3:00:00:63:4D:05,-57,127,1.0,4.5,1.5
1783001900154,2026-07-02 16:18:20.154,C3:00:00:63:4D:0A,-61,127,1.0,4.5,1.5
1783001900182,2026-07-02 16:18:20.182,C3:00:00:63:4D:04,-55,127,1.0,4.5,1.5
1783001900245,2026-07-02 16:18:20.245,C3:00:00:63:4D:08,-53,127,1.0,4.5,1.5
1783001900271,2026-07-02 16:18:20.271,C3:00:00:63:4D:09,-63,127,1.0,4.5,1.5
1783001900291,2026-07-02 16:18:20.291,C3:00:00:63:4D:04,-72,127,1.0,4.5,1.5
1783001900320,2026-07-02 16:18:20.320,C3:00:00:63:4D:05,-56,127,1.0,4.5,1.5
1783001900357,2026-07-02 16:18:20.357,C3:00:00:63:4D:0A,-60,127,1.0,4.5,1.5
1783001900385,2026-07-02 16:18:20.385,C3:00:00:63:4D:07,-61,127,1.0,4.5,1.5
1783001900388,2026-07-02 16:18:20.388,C3:00:00:63:4D:09,-60,127,1.0,4.5,1.5
1783001900408,2026-07-02 16:18:20.408,C3:00:00:63:4D:04,-64,127,1.0,4.5,1.5
1783001900452,2026-07-02 16:18:20.452,C3:00:00:63:4D:0A,-61,127,1.0,4.5,1.5
1783001900457,2026-07-02 16:18:20.457,C3:00:00:63:4D:0D,-49,127,1.0,4.5,1.5
1783001900472,2026-07-02 16:18:20.472,C3:00:00:63:4C:D2,-64,127,1.0,4.5,1.5
1783001900549,2026-07-02 16:18:20.549,C3:00:00:63:4D:05,-61,127,1.0,4.5,1.5
1783001900557,2026-07-02 16:18:20.557,C3:00:00:63:4C:D2,-54,127,1.0,4.5,1.5
1783001900566,2026-07-02 16:18:20.566,C3:00:00:63:4D:0D,-50,127,1.0,4.5,1.5
1783001900571,2026-07-02 16:18:20.571,C3:00:00:63:4D:08,-53,127,1.0,4.5,1.5
1783001900608,2026-07-02 16:18:20.608,C3:00:00:63:4D:0A,-62,127,1.0,4.5,1.5
1783001900614,2026-07-02 16:18:20.614,C3:00:00:63:4D:07,-62,127,1.0,4.5,1.5
1783001900618,2026-07-02 16:18:20.618,C3:00:00:63:4D:09,-63,127,1.0,4.5,1.5
1783001900621,2026-07-02 16:18:20.621,C3:00:00:63:4D:04,-63,127,1.0,4.5,1.5
1783001900637,2026-07-02 16:18:20.637,C3:00:00:63:4D:09,-59,127,1.0,4.5,1.5
1783001900655,2026-07-02 16:18:20.655,C3:00:00:63:4D:0A,-61,127,1.0,4.5,1.5
1783001900660,2026-07-02 16:18:20.660,C3:00:00:63:4C:D2,-64,127,1.0,4.5,1.5
1783001900731,2026-07-02 16:18:20.731,C3:00:00:63:4D:07,-62,127,1.0,4.5,1.5
1783001900738,2026-07-02 16:18:20.738,C3:00:00:63:4D:09,-61,127,1.0,4.5,1.5
1783001900743,2026-07-02 16:18:20.743,C3:00:00:63:4D:04,-56,127,1.0,4.5,1.5
1783001900776,2026-07-02 16:18:20.776,C3:00:00:63:4D:05,-56,127,1.0,4.5,1.5
1783001900786,2026-07-02 16:18:20.786,C3:00:00:63:4D:08,-49,127,1.0,4.5,1.5
1783001900795,2026-07-02 16:18:20.795,C3:00:00:63:4D:0D,-50,127,1.0,4.5,1.5
1783001900801,2026-07-02 16:18:20.801,C3:00:00:63:4D:08,-49,127,1.0,4.5,1.5
1783001900836,2026-07-02 16:18:20.836,C3:00:00:63:4D:04,-71,127,1.0,4.5,1.5
1783001900856,2026-07-02 16:18:20.856,C3:00:00:63:4D:0A,-62,127,1.0,4.5,1.5
1783001900873,2026-07-02 16:18:20.873,C3:00:00:63:4D:0D,-50,127,1.0,4.5,1.5
1783001900897,2026-07-02 16:18:20.897,C3:00:00:63:4C:D2,-54,127,1.0,4.5,1.5
1783001900901,2026-07-02 16:18:20.901,C3:00:00:63:4D:05,-60,127,1.0,4.5,1.5
1783001900905,2026-07-02 16:18:20.905,C3:00:00:63:4D:08,-53,127,1.0,4.5,1.5
1783001900943,2026-07-02 16:18:20.943,C3:00:00:63:4D:04,-63,127,1.0,4.5,1.5
1783001900950,2026-07-02 16:18:20.950,C3:00:00:63:4D:07,-61,127,1.0,4.5,1.5
1783001900954,2026-07-02 16:18:20.954,C3:00:00:63:4D:0A,-61,127,1.0,4.5,1.5
1783001900962,2026-07-02 16:18:20.962,C3:00:00:63:4D:09,-59,127,1.0,4.5,1.5
1783001900977,2026-07-02 16:18:20.977,C3:00:00:63:4D:0D,-49,127,1.0,4.5,1.5
1783001900997,2026-07-02 16:18:20.997,C3:00:00:63:4D:0D,-57,127,1.0,4.5,1.5
1783001901010,2026-07-02 16:18:21.010,C3:00:00:63:4D:08,-51,127,1.0,4.5,1.5
1783001901012,2026-07-02 16:18:21.012,C3:00:00:63:4D:05,-56,127,1.0,4.5,1.5
1783001901018,2026-07-02 16:18:21.018,C3:00:00:63:4D:04,-55,127,1.0,4.5,1.5
1783001901061,2026-07-02 16:18:21.061,C3:00:00:63:4D:04,-55,127,1.0,4.5,1.5
1783001901063,2026-07-02 16:18:21.063,C3:00:00:63:4D:07,-62,127,1.0,4.5,1.5
1783001901068,2026-07-02 16:18:21.068,C3:00:00:63:4D:09,-61,127,1.0,4.5,1.5
1783001901084,2026-07-02 16:18:21.084,C3:00:00:63:4D:0D,-50,127,1.0,4.5,1.5
1783001901123,2026-07-02 16:18:21.123,C3:00:00:63:4C:D2,-54,127,1.0,4.5,1.5
1783001901129,2026-07-02 16:18:21.129,C3:00:00:63:4D:05,-60,127,1.0,4.5,1.5
1783001901155,2026-07-02 16:18:21.155,C3:00:00:63:4D:07,-62,127,1.0,4.5,1.5
1783001901166,2026-07-02 16:18:21.166,C3:00:00:63:4D:04,-71,127,1.0,4.5,1.5
1783001901180,2026-07-02 16:18:21.180,C3:00:00:63:4D:09,-63,127,1.0,4.5,1.5
1783001901188,2026-07-02 16:18:21.188,C3:00:00:63:4D:05,-68,127,1.0,4.5,1.5
1783001901194,2026-07-02 16:18:21.194,C3:00:00:63:4D:0D,-50,127,1.0,4.5,1.5
1783001901226,2026-07-02 16:18:21.226,C3:00:00:63:4D:08,-51,127,1.0,4.5,1.5
1783001901232,2026-07-02 16:18:21.232,C3:00:00:63:4C:D2,-64,127,1.0,4.5,1.5
1783001901244,2026-07-02 16:18:21.244,C3:00:00:63:4D:05,-56,127,1.0,4.5,1.5
1783001901259,2026-07-02 16:18:21.259,C3:00:00:63:4D:0A,-60,127,1.0,4.5,1.5
1783001901262,2026-07-02 16:18:21.262,C3:00:00:63:4D:0D,-49,127,1.0,4.5,1.5
1783001901278,2026-07-02 16:18:21.278,C3:00:00:63:4D:04,-63,127,1.0,4.5,1.5
1783001901294,2026-07-02 16:18:21.294,C3:00:00:63:4D:07,-61,127,1.0,4.5,1.5
1783001901300,2026-07-02 16:18:21.300,C3:00:00:63:4D:0D,-49,127,1.0,4.5,1.5
1783001901309,2026-07-02 16:18:21.309,C3:00:00:63:4D:09,-59,127,1.0,4.5,1.5
1783001901326,2026-07-02 16:18:21.326,C3:00:00:63:4D:08,-49,127,1.0,4.5,1.5
1783001901347,2026-07-02 16:18:21.347,C3:00:00:63:4D:08,-49,127,1.0,4.5,1.5
1783001901388,2026-07-02 16:18:21.388,C3:00:00:63:4D:04,-55,127,1.0,4.5,1.5
1783001901408,2026-07-02 16:18:21.408,C3:00:00:63:4D:0D,-50,127,1.0,4.5,1.5
1783001901415,2026-07-02 16:18:21.415,C3:00:00:63:4D:07,-62,127,1.0,4.5,1.5
1783001901418,2026-07-02 16:18:21.418,C3:00:00:63:4D:09,-61,127,1.0,4.5,1.5
1783001901434,2026-07-02 16:18:21.434,C3:00:00:63:4D:0A,-63,127,1.0,4.5,1.5
1783001901444,2026-07-02 16:18:21.444,C3:00:00:63:4D:08,-53,127,1.0,4.5,1.5
1783001901460,2026-07-02 16:18:21.460,C3:00:00:63:4D:0A,-62,127,1.0,4.5,1.5
1783001901476,2026-07-02 16:18:21.476,C3:00:00:63:4D:05,-60,127,1.0,4.5,1.5
1783001901500,2026-07-02 16:18:21.500,C3:00:00:63:4D:04,-71,127,1.0,4.5,1.5
1783001901525,2026-07-02 16:18:21.525,C3:00:00:63:4D:07,-61,127,1.0,4.5,1.5
1783001901528,2026-07-02 16:18:21.528,C3:00:00:63:4D:09,-59,127,1.0,4.5,1.5
1783001901552,2026-07-02 16:18:21.552,C3:00:00:63:4D:0A,-61,127,1.0,4.5,1.5
1783001901580,2026-07-02 16:18:21.580,C3:00:00:63:4C:D2,-64,127,1.0,4.5,1.5
1783001901587,2026-07-02 16:18:21.587,C3:00:00:63:4D:05,-56,127,1.0,4.5,1.5
1783001901602,2026-07-02 16:18:21.602,C3:00:00:63:4D:04,-63,127,1.0,4.5,1.5
1783001901609,2026-07-02 16:18:21.609,C3:00:00:63:4D:0D,-49,127,1.0,4.5,1.5
1783001901612,2026-07-02 16:18:21.612,C3:00:00:63:4D:09,-62,127,1.0,4.5,1.5
1783001901641,2026-07-02 16:18:21.641,C3:00:00:63:4D:07,-62,127,1.0,4.5,1.5
1783001901662,2026-07-02 16:18:21.662,C3:00:00:63:4D:0A,-61,127,1.0,4.5,1.5
1783001901666,2026-07-02 16:18:21.666,C3:00:00:63:4D:08,-49,127,1.0,4.5,1.5
1783001901702,2026-07-02 16:18:21.702,C3:00:00:63:4D:05,-56,127,1.0,4.5,1.5
1783001901707,2026-07-02 16:18:21.707,C3:00:00:63:4C:D2,-63,127,1.0,4.5,1.5
1783001901718,2026-07-02 16:18:21.718,C3:00:00:63:4D:0D,-50,127,1.0,4.5,1.5
1783001901760,2026-07-02 16:18:21.760,C3:00:00:63:4D:07,-60,127,1.0,4.5,1.5
1783001901781,2026-07-02 16:18:21.781,C3:00:00:63:4D:08,-52,127,1.0,4.5,1.5
1783001901784,2026-07-02 16:18:21.784,C3:00:00:63:4D:0A,-62,127,1.0,4.5,1.5
1783001901826,2026-07-02 16:18:21.826,C3:00:00:63:4D:04,-64,127,1.0,4.5,1.5
1783001901830,2026-07-02 16:18:21.830,C3:00:00:63:4C:D2,-64,127,1.0,4.5,1.5
1783001901851,2026-07-02 16:18:21.851,C3:00:00:63:4D:0A,-61,127,1.0,4.5,1.5
1783001901868,2026-07-02 16:18:21.868,C3:00:00:63:4D:07,-62,127,1.0,4.5,1.5
1783001901875,2026-07-02 16:18:21.875,C3:00:00:63:4D:09,-59,127,1.0,4.5,1.5
1783001901885,2026-07-02 16:18:21.885,C3:00:00:63:4C:D2,-71,127,1.0,4.5,1.5
1783001901887,2026-07-02 16:18:21.887,C3:00:00:63:4D:08,-52,127,1.0,4.5,1.5
1783001901917,2026-07-02 16:18:21.917,C3:00:00:63:4D:0D,-51,127,1.0,4.5,1.5
1783001901919,2026-07-02 16:18:21.919,C3:00:00:63:4C:D2,-61,127,1.0,4.5,1.5
1783001901922,2026-07-02 16:18:21.922,C3:00:00:63:4D:05,-56,127,1.0,4.5,1.5
1783001901925,2026-07-02 16:18:21.925,C3:00:00:63:4D:04,-56,127,1.0,4.5,1.5
1783001901935,2026-07-02 16:18:21.935,C3:00:00:63:4D:0D,-51,127,1.0,4.5,1.5
1783001901951,2026-07-02 16:18:21.951,C3:00:00:63:4D:0A,-62,127,1.0,4.5,1.5
1783001901983,2026-07-02 16:18:21.983,C3:00:00:63:4D:09,-61,127,1.0,4.5,1.5
1783001901989,2026-07-02 16:18:21.989,C3:00:00:63:4D:08,-48,127,1.0,4.5,1.5
1783001902002,2026-07-02 16:18:22.002,C3:00:00:63:4D:07,-62,127,1.0,4.5,1.5
1783001902015,2026-07-02 16:18:22.015,C3:00:00:63:4D:04,-56,127,1.0,4.5,1.5
1783001902028,2026-07-02 16:18:22.028,C3:00:00:63:4D:0D,-51,127,1.0,4.5,1.5
1783001902033,2026-07-02 16:18:22.033,C3:00:00:63:4D:04,-73,127,1.0,4.5,1.5
1783001902040,2026-07-02 16:18:22.040,C3:00:00:63:4D:07,-62,127,1.0,4.5,1.5
1783001902042,2026-07-02 16:18:22.042,C3:00:00:63:4D:05,-61,127,1.0,4.5,1.5
1783001902045,2026-07-02 16:18:22.045,C3:00:00:63:4C:D2,-54,127,1.0,4.5,1.5
1783001902047,2026-07-02 16:18:22.047,C3:00:00:63:4D:0A,-62,127,1.0,4.5,1.5
1783001902052,2026-07-02 16:18:22.052,C3:00:00:63:4D:04,-71,127,1.0,4.5,1.5
1783001902058,2026-07-02 16:18:22.058,C3:00:00:63:4D:05,-61,127,1.0,4.5,1.5
1783001902097,2026-07-02 16:18:22.097,C3:00:00:63:4D:08,-52,127,1.0,4.5,1.5
1783001902102,2026-07-02 16:18:22.102,C3:00:00:63:4D:09,-60,127,1.0,4.5,1.5
1783001902110,2026-07-02 16:18:22.110,C3:00:00:63:4D:07,-60,127,1.0,4.5,1.5
1783001902158,2026-07-02 16:18:22.158,C3:00:00:63:4D:05,-56,127,1.0,4.5,1.5
1783001902218,2026-07-02 16:18:22.218,C3:00:00:63:4D:07,-62,127,1.0,4.5,1.5
1783001902242,2026-07-02 16:18:22.242,C3:00:00:63:4D:0D,-50,127,1.0,4.5,1.5
1783001902269,2026-07-02 16:18:22.269,C3:00:00:63:4D:04,-56,127,1.0,4.5,1.5
1783001902272,2026-07-02 16:18:22.272,C3:00:00:63:4C:D2,-61,127,1.0,4.5,1.5
1783001902273,2026-07-02 16:18:22.273,C3:00:00:63:4D:05,-56,127,1.0,4.5,1.5
1783001902315,2026-07-02 16:18:22.315,C3:00:00:63:4D:08,-48,127,1.0,4.5,1.5
1783001902336,2026-07-02 16:18:22.336,C3:00:00:63:4D:07,-60,127,1.0,4.5,1.5
1783001902360,2026-07-02 16:18:22.360,C3:00:00:63:4D:0A,-62,127,1.0,4.5,1.5
1783001902367,2026-07-02 16:18:22.367,C3:00:00:63:4D:04,-72,127,1.0,4.5,1.5
1783001902388,2026-07-02 16:18:22.388,C3:00:00:63:4C:D2,-54,127,1.0,4.5,1.5
1783001902393,2026-07-02 16:18:22.393,C3:00:00:63:4D:05,-61,127,1.0,4.5,1.5
1783001902419,2026-07-02 16:18:22.419,C3:00:00:63:4D:07,-62,127,1.0,4.5,1.5
1783001902426,2026-07-02 16:18:22.426,C3:00:00:63:4D:08,-51,127,1.0,4.5,1.5
1783001902432,2026-07-02 16:18:22.432,C3:00:00:63:4D:09,-58,127,1.0,4.5,1.5
1783001902444,2026-07-02 16:18:22.444,C3:00:00:63:4D:07,-62,127,1.0,4.5,1.5
1783001902448,2026-07-02 16:18:22.448,C3:00:00:63:4D:0A,-61,127,1.0,4.5,1.5
1783001902478,2026-07-02 16:18:22.478,C3:00:00:63:4D:04,-64,127,1.0,4.5,1.5
1783001902483,2026-07-02 16:18:22.483,C3:00:00:63:4D:08,-51,127,1.0,4.5,1.5
1783001902502,2026-07-02 16:18:22.502,C3:00:00:63:4D:05,-56,127,1.0,4.5,1.5
1783001902510,2026-07-02 16:18:22.510,C3:00:00:63:4C:D2,-63,127,1.0,4.5,1.5
1783001902527,2026-07-02 16:18:22.527,C3:00:00:63:4D:08,-60,127,1.0,4.5,1.5
1783001902543,2026-07-02 16:18:22.543,C3:00:00:63:4D:08,-48,127,1.0,4.5,1.5
1783001902554,2026-07-02 16:18:22.554,C3:00:00:63:4D:09,-61,127,1.0,4.5,1.5
1783001902567,2026-07-02 16:18:22.567,C3:00:00:63:4D:07,-60,127,1.0,4.5,1.5
1783001902623,2026-07-02 16:18:22.623,C3:00:00:63:4D:05,-59,127,1.0,4.5,1.5
1783001902637,2026-07-02 16:18:22.637,C3:00:00:63:4D:08,-53,127,1.0,4.5,1.5
1783001902651,2026-07-02 16:18:22.651,C3:00:00:63:4D:09,-61,127,1.0,4.5,1.5
1783001902698,2026-07-02 16:18:22.698,C3:00:00:63:4D:04,-70,127,1.0,4.5,1.5
1783001902765,2026-07-02 16:18:22.765,C3:00:00:63:4D:0D,-50,127,1.0,4.5,1.5
1783001902792,2026-07-02 16:18:22.792,C3:00:00:63:4D:09,-59,127,1.0,4.5,1.5
1783001902846,2026-07-02 16:18:22.846,C3:00:00:63:4C:D2,-63,127,1.0,4.5,1.5
1783001902852,2026-07-02 16:18:22.852,C3:00:00:63:4D:05,-56,127,1.0,4.5,1.5
1783001902857,2026-07-02 16:18:22.857,C3:00:00:63:4D:0A,-60,127,1.0,4.5,1.5
1783001902861,2026-07-02 16:18:22.861,C3:00:00:63:4D:08,-49,127,1.0,4.5,1.5
1783001902869,2026-07-02 16:18:22.869,C3:00:00:63:4D:0D,-49,127,1.0,4.5,1.5
1783001902904,2026-07-02 16:18:22.904,C3:00:00:63:4D:07,-62,127,1.0,4.5,1.5
1783001902911,2026-07-02 16:18:22.911,C3:00:00:63:4D:04,-56,127,1.0,4.5,1.5
1783001902917,2026-07-02 16:18:22.917,C3:00:00:63:4D:09,-70,127,1.0,4.5,1.5
1783001902950,2026-07-02 16:18:22.950,C3:00:00:63:4D:05,-61,127,1.0,4.5,1.5
1783001902977,2026-07-02 16:18:22.977,C3:00:00:63:4D:05,-61,127,1.0,4.5,1.5
1783001903053,2026-07-02 16:18:23.053,C3:00:00:63:4D:0A,-61,127,1.0,4.5,1.5
1783001903118,2026-07-02 16:18:23.118,C3:00:00:63:4D:09,-65,127,1.0,4.5,1.5
1783001903132,2026-07-02 16:18:23.132,C3:00:00:63:4D:04,-56,127,1.0,4.5,1.5
1783001903188,2026-07-02 16:18:23.188,C3:00:00:63:4D:08,-49,127,1.0,4.5,1.5
1783001903193,2026-07-02 16:18:23.193,C3:00:00:63:4C:D2,-63,127,1.0,4.5,1.5
1783001903251,2026-07-02 16:18:23.251,C3:00:00:63:4D:07,-62,127,1.0,4.5,1.5
1783001903288,2026-07-02 16:18:23.288,C3:00:00:63:4D:04,-78,127,1.0,4.5,1.5
1783001903351,2026-07-02 16:18:23.351,C3:00:00:63:4D:04,-64,127,1.0,4.5,1.5
1783001903397,2026-07-02 16:18:23.397,C3:00:00:63:4D:0D,-49,127,1.0,4.5,1.5
1783001903424,2026-07-02 16:18:23.424,C3:00:00:63:4C:D2,-63,127,1.0,4.5,1.5
1783001903444,2026-07-02 16:18:23.444,C3:00:00:63:4D:0A,-62,127,1.0,4.5,1.5
1783001903495,2026-07-02 16:18:23.495,C3:00:00:63:4D:0D,-50,127,1.0,4.5,1.5
1783001903512,2026-07-02 16:18:23.512,C3:00:00:63:4D:08,-48,127,1.0,4.5,1.5
1783001903554,2026-07-02 16:18:23.554,C3:00:00:63:4D:0A,-62,127,1.0,4.5,1.5
1783001903579,2026-07-02 16:18:23.579,C3:00:00:63:4D:04,-74,127,1.0,4.5,1.5
1783001903583,2026-07-02 16:18:23.583,C3:00:00:63:4D:09,-60,127,1.0,4.5,1.5
1783001903596,2026-07-02 16:18:23.596,C3:00:00:63:4D:07,-61,127,1.0,4.5,1.5
1783001903600,2026-07-02 16:18:23.600,C3:00:00:63:4D:0D,-52,127,1.0,4.5,1.5
1783001903617,2026-07-02 16:18:23.617,C3:00:00:63:4D:09,-58,127,1.0,4.5,1.5
1783001903622,2026-07-02 16:18:23.622,C3:00:00:63:4C:D2,-65,127,1.0,4.5,1.5
1783001903627,2026-07-02 16:18:23.627,C3:00:00:63:4D:08,-50,127,1.0,4.5,1.5
1783001903649,2026-07-02 16:18:23.649,C3:00:00:63:4C:D2,-65,127,1.0,4.5,1.5
1783001903658,2026-07-02 16:18:23.658,C3:00:00:63:4D:0A,-60,127,1.0,4.5,1.5
1783001903665,2026-07-02 16:18:23.665,C3:00:00:63:4D:05,-55,127,1.0,4.5,1.5
1783001903674,2026-07-02 16:18:23.674,C3:00:00:63:4D:04,-64,127,1.0,4.5,1.5
1783001903692,2026-07-02 16:18:23.692,C3:00:00:63:4D:09,-58,127,1.0,4.5,1.5
1783001903716,2026-07-02 16:18:23.716,C3:00:00:63:4D:0D,-48,127,1.0,4.5,1.5
1783001903726,2026-07-02 16:18:23.726,C3:00:00:63:4D:08,-48,127,1.0,4.5,1.5
1783001903756,2026-07-02 16:18:23.756,C3:00:00:63:4D:0A,-61,127,1.0,4.5,1.5
1783001903779,2026-07-02 16:18:23.779,C3:00:00:63:4C:D2,-62,127,1.0,4.5,1.5
1783001903782,2026-07-02 16:18:23.782,C3:00:00:63:4D:05,-55,127,1.0,4.5,1.5
1783001903783,2026-07-02 16:18:23.783,C3:00:00:63:4D:0A,-61,127,1.0,4.5,1.5
1783001903785,2026-07-02 16:18:23.785,C3:00:00:63:4D:04,-56,127,1.0,4.5,1.5
1783001903811,2026-07-02 16:18:23.811,C3:00:00:63:4D:09,-61,127,1.0,4.5,1.5
1783001903818,2026-07-02 16:18:23.818,C3:00:00:63:4D:0D,-52,127,1.0,4.5,1.5
1783001903826,2026-07-02 16:18:23.826,C3:00:00:63:4D:07,-61,127,1.0,4.5,1.5
1783001903841,2026-07-02 16:18:23.841,C3:00:00:63:4D:09,-60,127,1.0,4.5,1.5
1783001903846,2026-07-02 16:18:23.846,C3:00:00:63:4D:08,-53,127,1.0,4.5,1.5
1783001903850,2026-07-02 16:18:23.850,C3:00:00:63:4D:0A,-62,127,1.0,4.5,1.5
1783001903891,2026-07-02 16:18:23.891,C3:00:00:63:4D:05,-58,127,1.0,4.5,1.5
1783001903900,2026-07-02 16:18:23.900,C3:00:00:63:4D:04,-74,127,1.0,4.5,1.5
1783001903919,2026-07-02 16:18:23.919,C3:00:00:63:4D:09,-58,127,1.0,4.5,1.5
1783001903923,2026-07-02 16:18:23.923,C3:00:00:63:4D:0D,-48,127,1.0,4.5,1.5
1783001903938,2026-07-02 16:18:23.938,C3:00:00:63:4D:0D,-48,127,1.0,4.5,1.5
1783001903941,2026-07-02 16:18:23.941,C3:00:00:63:4D:08,-50,127,1.0,4.5,1.5
1783001903952,2026-07-02 16:18:23.952,C3:00:00:63:4D:0A,-60,127,1.0,4.5,1.5
1783001903996,2026-07-02 16:18:23.996,C3:00:00:63:4C:D2,-64,127,1.0,4.5,1.5
1783001904009,2026-07-02 16:18:24.009,C3:00:00:63:4D:04,-64,127,1.0,4.5,1.5
1783001904015,2026-07-02 16:18:24.015,C3:00:00:63:4D:05,-55,127,1.0,4.5,1.5
1783001904019,2026-07-02 16:18:24.019,C3:00:00:63:4D:04,-64,127,1.0,4.5,1.5
1783001904021,2026-07-02 16:18:24.021,C3:00:00:63:4D:07,-67,127,1.0,4.5,1.5
1783001904024,2026-07-02 16:18:24.024,C3:00:00:63:4D:0D,-50,127,1.0,4.5,1.5
1783001904050,2026-07-02 16:18:24.050,C3:00:00:63:4D:07,-61,127,1.0,4.5,1.5
1783001904076,2026-07-02 16:18:24.076,C3:00:00:63:4D:07,-60,127,1.0,4.5,1.5
1783001904108,2026-07-02 16:18:24.108,C3:00:00:63:4D:04,-55,127,1.0,4.5,1.5
1783001904117,2026-07-02 16:18:24.117,C3:00:00:63:4D:05,-56,127,1.0,4.5,1.5
1783001904139,2026-07-02 16:18:24.139,C3:00:00:63:4D:05,-61,127,1.0,4.5,1.5
1783001904161,2026-07-02 16:18:24.161,C3:00:00:63:4D:0A,-62,127,1.0,4.5,1.5
1783001904176,2026-07-02 16:18:24.176,C3:00:00:63:4D:08,-54,127,1.0,4.5,1.5
1783001904178,2026-07-02 16:18:24.178,C3:00:00:63:4D:07,-63,127,1.0,4.5,1.5
1783001904226,2026-07-02 16:18:24.226,C3:00:00:63:4D:04,-64,127,1.0,4.5,1.5
1783001904231,2026-07-02 16:18:24.231,C3:00:00:63:4C:D2,-65,127,1.0,4.5,1.5
1783001904252,2026-07-02 16:18:24.252,C3:00:00:63:4D:0A,-60,127,1.0,4.5,1.5
1783001904271,2026-07-02 16:18:24.271,C3:00:00:63:4D:08,-51,127,1.0,4.5,1.5
1783001904286,2026-07-02 16:18:24.286,C3:00:00:63:4D:07,-60,127,1.0,4.5,1.5
1783001904328,2026-07-02 16:18:24.328,C3:00:00:63:4D:04,-55,127,1.0,4.5,1.5
1783001904388,2026-07-02 16:18:24.388,C3:00:00:63:4D:08,-49,127,1.0,4.5,1.5
1783001904402,2026-07-02 16:18:24.402,C3:00:00:63:4D:07,-60,127,1.0,4.5,1.5
1783001904439,2026-07-02 16:18:24.439,C3:00:00:63:4D:0D,-51,127,1.0,4.5,1.5
1783001904445,2026-07-02 16:18:24.445,C3:00:00:63:4D:04,-71,127,1.0,4.5,1.5
1783001904461,2026-07-02 16:18:24.461,C3:00:00:63:4C:D2,-55,127,1.0,4.5,1.5
1783001904484,2026-07-02 16:18:24.484,C3:00:00:63:4C:D2,-55,127,1.0,4.5,1.5
1783001904492,2026-07-02 16:18:24.492,C3:00:00:63:4D:09,-63,127,1.0,4.5,1.5
1783001904514,2026-07-02 16:18:24.514,C3:00:00:63:4D:07,-63,127,1.0,4.5,1.5
1783001904544,2026-07-02 16:18:24.544,C3:00:00:63:4D:04,-64,127,1.0,4.5,1.5
1783001904558,2026-07-02 16:18:24.558,C3:00:00:63:4D:0A,-60,127,1.0,4.5,1.5
1783001904577,2026-07-02 16:18:24.577,C3:00:00:63:4C:D2,-65,127,1.0,4.5,1.5
1783001904579,2026-07-02 16:18:24.579,C3:00:00:63:4D:05,-55,127,1.0,4.5,1.5
1783001904602,2026-07-02 16:18:24.602,C3:00:00:63:4D:09,-59,127,1.0,4.5,1.5
1783001904608,2026-07-02 16:18:24.608,C3:00:00:63:4D:0A,-60,127,1.0,4.5,1.5
1783001904631,2026-07-02 16:18:24.631,C3:00:00:63:4D:07,-60,127,1.0,4.5,1.5
1783001904650,2026-07-02 16:18:24.650,C3:00:00:63:4D:0D,-50,127,1.0,4.5,1.5
1783001904657,2026-07-02 16:18:24.657,C3:00:00:63:4D:04,-55,127,1.0,4.5,1.5
1783001904667,2026-07-02 16:18:24.667,C3:00:00:63:4D:0A,-60,127,1.0,4.5,1.5
1783001904681,2026-07-02 16:18:24.681,C3:00:00:63:4C:D2,-64,127,1.0,4.5,1.5
1783001904689,2026-07-02 16:18:24.689,C3:00:00:63:4D:05,-56,127,1.0,4.5,1.5
1783001904707,2026-07-02 16:18:24.707,C3:00:00:63:4D:08,-49,127,1.0,4.5,1.5
1783001904724,2026-07-02 16:18:24.724,C3:00:00:63:4D:09,-63,127,1.0,4.5,1.5
1783001904748,2026-07-02 16:18:24.748,C3:00:00:63:4D:07,-63,127,1.0,4.5,1.5
1783001904754,2026-07-02 16:18:24.754,C3:00:00:63:4D:0A,-62,127,1.0,4.5,1.5
1783001904760,2026-07-02 16:18:24.760,C3:00:00:63:4D:0D,-51,127,1.0,4.5,1.5
1783001904764,2026-07-02 16:18:24.764,C3:00:00:63:4D:04,-71,127,1.0,4.5,1.5
1783001904766,2026-07-02 16:18:24.766,C3:00:00:63:4D:0A,-70,127,1.0,4.5,1.5
1783001904775,2026-07-02 16:18:24.775,C3:00:00:63:4D:0D,-51,127,1.0,4.5,1.5
1783001904801,2026-07-02 16:18:24.801,C3:00:00:63:4D:05,-61,127,1.0,4.5,1.5
1783001904828,2026-07-02 16:18:24.828,C3:00:00:63:4D:09,-59,127,1.0,4.5,1.5
1783001904848,2026-07-02 16:18:24.848,C3:00:00:63:4D:0A,-60,127,1.0,4.5,1.5
1783001904859,2026-07-02 16:18:24.859,C3:00:00:63:4D:0D,-47,127,1.0,4.5,1.5
1783001904916,2026-07-02 16:18:24.916,C3:00:00:63:4C:D2,-65,127,1.0,4.5,1.5
1783001904923,2026-07-02 16:18:24.923,C3:00:00:63:4D:05,-56,127,1.0,4.5,1.5
1783001904930,2026-07-02 16:18:24.930,C3:00:00:63:4D:08,-49,127,1.0,4.5,1.5
1783001904954,2026-07-02 16:18:24.954,C3:00:00:63:4D:0A,-60,127,1.0,4.5,1.5
1783001904964,2026-07-02 16:18:24.964,C3:00:00:63:4D:0D,-50,127,1.0,4.5,1.5
1783001905039,2026-07-02 16:18:25.039,C3:00:00:63:4D:08,-54,127,1.0,4.5,1.5
1783001905049,2026-07-02 16:18:25.049,C3:00:00:63:4D:0A,-62,127,1.0,4.5,1.5
1783001905075,2026-07-02 16:18:25.075,C3:00:00:63:4D:09,-63,127,1.0,4.5,1.5
1783001905076,2026-07-02 16:18:25.076,C3:00:00:63:4D:0D,-51,127,1.0,4.5,1.5
1783001905090,2026-07-02 16:18:25.090,C3:00:00:63:4D:04,-71,127,1.0,4.5,1.5
1783001905093,2026-07-02 16:18:25.093,C3:00:00:63:4D:07,-63,127,1.0,4.5,1.5
1783001905145,2026-07-02 16:18:25.145,C3:00:00:63:4C:D2,-65,127,1.0,4.5,1.5
1783001905149,2026-07-02 16:18:25.149,C3:00:00:63:4D:05,-55,127,1.0,4.5,1.5
1783001905157,2026-07-02 16:18:25.157,C3:00:00:63:4D:0A,-60,127,1.0,4.5,1.5
1783001905174,2026-07-02 16:18:25.174,C3:00:00:63:4D:0D,-47,127,1.0,4.5,1.5
1783001905200,2026-07-02 16:18:25.200,C3:00:00:63:4D:07,-62,127,1.0,4.5,1.5
1783001905205,2026-07-02 16:18:25.205,C3:00:00:63:4D:04,-64,127,1.0,4.5,1.5
1783001905252,2026-07-02 16:18:25.252,C3:00:00:63:4D:08,-49,127,1.0,4.5,1.5
1783001905259,2026-07-02 16:18:25.259,C3:00:00:63:4D:0A,-60,127,1.0,4.5,1.5
1783001905265,2026-07-02 16:18:25.265,C3:00:00:63:4C:D2,-64,127,1.0,4.5,1.5
1783001905280,2026-07-02 16:18:25.280,C3:00:00:63:4D:05,-56,127,1.0,4.5,1.5
1783001905294,2026-07-02 16:18:25.294,C3:00:00:63:4D:0D,-50,127,1.0,4.5,1.5
1783001905307,2026-07-02 16:18:25.307,C3:00:00:63:4D:0D,-50,127,1.0,4.5,1.5
1783001905313,2026-07-02 16:18:25.313,C3:00:00:63:4D:04,-55,127,1.0,4.5,1.5
1783001905320,2026-07-02 16:18:25.320,C3:00:00:63:4D:07,-63,127,1.0,4.5,1.5
1783001905347,2026-07-02 16:18:25.347,C3:00:00:63:4D:0A,-62,127,1.0,4.5,1.5
1783001905365,2026-07-02 16:18:25.365,C3:00:00:63:4D:08,-54,127,1.0,4.5,1.5
1783001905381,2026-07-02 16:18:25.381,C3:00:00:63:4C:D2,-55,127,1.0,4.5,1.5
1783001905386,2026-07-02 16:18:25.386,C3:00:00:63:4D:05,-60,127,1.0,4.5,1.5
1783001905391,2026-07-02 16:18:25.391,C3:00:00:63:4D:08,-54,127,1.0,4.5,1.5
1783001905398,2026-07-02 16:18:25.398,C3:00:00:63:4D:0D,-51,127,1.0,4.5,1.5
1783001905400,2026-07-02 16:18:25.400,C3:00:00:63:4D:09,-62,127,1.0,4.5,1.5
1783001905439,2026-07-02 16:18:25.439,C3:00:00:63:4D:0A,-60,127,1.0,4.5,1.5
1783001905462,2026-07-02 16:18:25.462,C3:00:00:63:4D:0A,-60,127,1.0,4.5,1.5
1783001905477,2026-07-02 16:18:25.477,C3:00:00:63:4D:08,-51,127,1.0,4.5,1.5
1783001905492,2026-07-02 16:18:25.492,C3:00:00:63:4C:D2,-65,127,1.0,4.5,1.5
1783001905497,2026-07-02 16:18:25.497,C3:00:00:63:4D:0D,-47,127,1.0,4.5,1.5
1783001905504,2026-07-02 16:18:25.504,C3:00:00:63:4D:05,-55,127,1.0,4.5,1.5
1783001905519,2026-07-02 16:18:25.519,C3:00:00:63:4D:09,-61,127,1.0,4.5,1.5
1783001905529,2026-07-02 16:18:25.529,C3:00:00:63:4D:04,-55,127,1.0,4.5,1.5
1783001905584,2026-07-02 16:18:25.584,C3:00:00:63:4D:08,-49,127,1.0,4.5,1.5
1783001905596,2026-07-02 16:18:25.596,C3:00:00:63:4D:0D,-50,127,1.0,4.5,1.5
1783001905613,2026-07-02 16:18:25.613,C3:00:00:63:4D:05,-56,127,1.0,4.5,1.5
1783001905629,2026-07-02 16:18:25.629,C3:00:00:63:4D:09,-62,127,1.0,4.5,1.5
1783001905671,2026-07-02 16:18:25.671,C3:00:00:63:4D:07,-63,127,1.0,4.5,1.5
1783001905699,2026-07-02 16:18:25.699,C3:00:00:63:4D:08,-53,127,1.0,4.5,1.5
1783001905727,2026-07-02 16:18:25.727,C3:00:00:63:4D:05,-56,127,1.0,4.5,1.5
1783001905747,2026-07-02 16:18:25.747,C3:00:00:63:4D:04,-64,127,1.0,4.5,1.5
1783001905755,2026-07-02 16:18:25.755,C3:00:00:63:4D:0A,-60,127,1.0,4.5,1.5
1783001905764,2026-07-02 16:18:25.764,C3:00:00:63:4D:0A,-61,127,1.0,4.5,1.5
1783001905784,2026-07-02 16:18:25.784,C3:00:00:63:4D:07,-61,127,1.0,4.5,1.5
1783001905801,2026-07-02 16:18:25.801,C3:00:00:63:4D:0D,-49,127,1.0,4.5,1.5
1783001905808,2026-07-02 16:18:25.808,C3:00:00:63:4D:08,-51,127,1.0,4.5,1.5
1783001905845,2026-07-02 16:18:25.845,C3:00:00:63:4D:05,-56,127,1.0,4.5,1.5
1783001905854,2026-07-02 16:18:25.854,C3:00:00:63:4D:0A,-60,127,1.0,4.5,1.5
1783001905857,2026-07-02 16:18:25.857,C3:00:00:63:4C:D2,-63,127,1.0,4.5,1.5
1783001905864,2026-07-02 16:18:25.864,C3:00:00:63:4D:04,-55,127,1.0,4.5,1.5
1783001905866,2026-07-02 16:18:25.866,C3:00:00:63:4D:09,-61,127,1.0,4.5,1.5
1783001905880,2026-07-02 16:18:25.880,C3:00:00:63:4C:D2,-70,127,1.0,4.5,1.5
1783001905892,2026-07-02 16:18:25.892,C3:00:00:63:4D:07,-62,127,1.0,4.5,1.5
1783001905918,2026-07-02 16:18:25.918,C3:00:00:63:4D:08,-49,127,1.0,4.5,1.5
1783001905923,2026-07-02 16:18:25.923,C3:00:00:63:4D:0D,-50,127,1.0,4.5,1.5
1783001905952,2026-07-02 16:18:25.952,C3:00:00:63:4D:0D,-50,127,1.0,4.5,1.5
1783001905960,2026-07-02 16:18:25.960,C3:00:00:63:4D:0A,-62,127,1.0,4.5,1.5
1783001905964,2026-07-02 16:18:25.964,C3:00:00:63:4D:04,-70,127,1.0,4.5,1.5
1783001905973,2026-07-02 16:18:25.973,C3:00:00:63:4D:09,-63,127,1.0,4.5,1.5
1783001906023,2026-07-02 16:18:26.023,C3:00:00:63:4D:08,-51,127,1.0,4.5,1.5
1783001906040,2026-07-02 16:18:26.040,C3:00:00:63:4D:04,-64,127,1.0,4.5,1.5
1783001906059,2026-07-02 16:18:26.059,C3:00:00:63:4D:0A,-61,127,1.0,4.5,1.5
1783001906061,2026-07-02 16:18:26.061,C3:00:00:63:4D:07,-63,127,1.0,4.5,1.5
1783001906066,2026-07-02 16:18:26.066,C3:00:00:63:4C:D2,-63,127,1.0,4.5,1.5
1783001906074,2026-07-02 16:18:26.074,C3:00:00:63:4D:05,-56,127,1.0,4.5,1.5
1783001906080,2026-07-02 16:18:26.080,C3:00:00:63:4D:04,-64,127,1.0,4.5,1.5
1783001906086,2026-07-02 16:18:26.086,C3:00:00:63:4D:09,-59,127,1.0,4.5,1.5
1783001906090,2026-07-02 16:18:26.090,C3:00:00:63:4D:05,-55,127,1.0,4.5,1.5
1783001906119,2026-07-02 16:18:26.119,C3:00:00:63:4D:07,-62,127,1.0,4.5,1.5
1783001906128,2026-07-02 16:18:26.128,C3:00:00:63:4D:08,-48,127,1.0,4.5,1.5
1783001906157,2026-07-02 16:18:26.157,C3:00:00:63:4D:0A,-61,127,1.0,4.5,1.5
1783001906183,2026-07-02 16:18:26.183,C3:00:00:63:4C:D2,-63,127,1.0,4.5,1.5
1783001906188,2026-07-02 16:18:26.188,C3:00:00:63:4D:05,-56,127,1.0,4.5,1.5
1783001906202,2026-07-02 16:18:26.202,C3:00:00:63:4D:09,-61,127,1.0,4.5,1.5
1783001906231,2026-07-02 16:18:26.231,C3:00:00:63:4D:0D,-50,127,1.0,4.5,1.5
1783001906238,2026-07-02 16:18:26.238,C3:00:00:63:4D:07,-62,127,1.0,4.5,1.5
1783001906244,2026-07-02 16:18:26.244,C3:00:00:63:4D:08,-53,127,1.0,4.5,1.5
1783001906250,2026-07-02 16:18:26.250,C3:00:00:63:4D:0A,-62,127,1.0,4.5,1.5
1783001906304,2026-07-02 16:18:26.304,C3:00:00:63:4C:D2,-54,127,1.0,4.5,1.5
1783001906347,2026-07-02 16:18:26.347,C3:00:00:63:4D:08,-51,127,1.0,4.5,1.5
1783001906352,2026-07-02 16:18:26.352,C3:00:00:63:4D:0A,-60,127,1.0,4.5,1.5
1783001906359,2026-07-02 16:18:26.359,C3:00:00:63:4D:07,-61,127,1.0,4.5,1.5
1783001906396,2026-07-02 16:18:26.396,C3:00:00:63:4D:04,-64,127,1.0,4.5,1.5
1783001906414,2026-07-02 16:18:26.414,C3:00:00:63:4C:D2,-64,127,1.0,4.5,1.5
1783001906422,2026-07-02 16:18:26.422,C3:00:00:63:4D:05,-56,127,1.0,4.5,1.5
1783001906440,2026-07-02 16:18:26.440,C3:00:00:63:4D:0D,-50,127,1.0,4.5,1.5
1783001906449,2026-07-02 16:18:26.449,C3:00:00:63:4D:0A,-60,127,1.0,4.5,1.5
1783001906470,2026-07-02 16:18:26.470,C3:00:00:63:4D:07,-63,127,1.0,4.5,1.5
1783001906478,2026-07-02 16:18:26.478,C3:00:00:63:4C:D2,-64,127,1.0,4.5,1.5
1783001906496,2026-07-02 16:18:26.496,C3:00:00:63:4D:08,-49,127,1.0,4.5,1.5
1783001906514,2026-07-02 16:18:26.514,C3:00:00:63:4D:08,-56,127,1.0,4.5,1.5
1783001906520,2026-07-02 16:18:26.520,C3:00:00:63:4D:04,-55,127,1.0,4.5,1.5
1783001906525,2026-07-02 16:18:26.525,C3:00:00:63:4C:D2,-54,127,1.0,4.5,1.5
1783001906532,2026-07-02 16:18:26.532,C3:00:00:63:4D:05,-61,127,1.0,4.5,1.5
1783001906539,2026-07-02 16:18:26.539,C3:00:00:63:4D:0D,-50,127,1.0,4.5,1.5
1783001906560,2026-07-02 16:18:26.560,C3:00:00:63:4D:08,-53,127,1.0,4.5,1.5
1783001906582,2026-07-02 16:18:26.582,C3:00:00:63:4D:07,-62,127,1.0,4.5,1.5
1783001906620,2026-07-02 16:18:26.620,C3:00:00:63:4D:04,-64,127,1.0,4.5,1.5
1783001906642,2026-07-02 16:18:26.642,C3:00:00:63:4C:D2,-64,127,1.0,4.5,1.5
1783001906645,2026-07-02 16:18:26.645,C3:00:00:63:4D:05,-56,127,1.0,4.5,1.5
1783001906661,2026-07-02 16:18:26.661,C3:00:00:63:4D:0D,-49,127,1.0,4.5,1.5
1783001906705,2026-07-02 16:18:26.705,C3:00:00:63:4D:07,-61,127,1.0,4.5,1.5
1783001906734,2026-07-02 16:18:26.734,C3:00:00:63:4D:04,-55,127,1.0,4.5,1.5
1783001906761,2026-07-02 16:18:26.761,C3:00:00:63:4D:0A,-60,127,1.0,4.5,1.5
1783001906764,2026-07-02 16:18:26.764,C3:00:00:63:4D:0D,-50,127,1.0,4.5,1.5
1783001906770,2026-07-02 16:18:26.770,C3:00:00:63:4C:D2,-63,127,1.0,4.5,1.5
1783001906780,2026-07-02 16:18:26.780,C3:00:00:63:4D:05,-56,127,1.0,4.5,1.5
1783001906781,2026-07-02 16:18:26.781,C3:00:00:63:4D:09,-61,127,1.0,4.5,1.5
1783001906790,2026-07-02 16:18:26.790,C3:00:00:63:4D:08,-49,127,1.0,4.5,1.5
1783001906802,2026-07-02 16:18:26.802,C3:00:00:63:4D:08,-49,127,1.0,4.5,1.5
1783001906815,2026-07-02 16:18:26.815,C3:00:00:63:4D:07,-62,127,1.0,4.5,1.5
1783001906833,2026-07-02 16:18:26.833,C3:00:00:63:4D:04,-70,127,1.0,4.5,1.5
1783001906856,2026-07-02 16:18:26.856,C3:00:00:63:4D:0A,-62,127,1.0,4.5,1.5
1783001906861,2026-07-02 16:18:26.861,C3:00:00:63:4D:0D,-50,127,1.0,4.5,1.5
1783001906870,2026-07-02 16:18:26.870,C3:00:00:63:4C:D2,-54,127,1.0,4.5,1.5
1783001906895,2026-07-02 16:18:26.895,C3:00:00:63:4D:08,-53,127,1.0,4.5,1.5
1783001906913,2026-07-02 16:18:26.913,C3:00:00:63:4D:09,-72,127,1.0,4.5,1.5
1783001906950,2026-07-02 16:18:26.950,C3:00:00:63:4D:04,-64,127,1.0,4.5,1.5
1783001906955,2026-07-02 16:18:26.955,C3:00:00:63:4D:05,-56,127,1.0,4.5,1.5
1783001906960,2026-07-02 16:18:26.960,C3:00:00:63:4D:0A,-60,127,1.0,4.5,1.5
1783001906967,2026-07-02 16:18:26.967,C3:00:00:63:4D:0D,-49,127,1.0,4.5,1.5
1783001906988,2026-07-02 16:18:26.988,C3:00:00:63:4D:05,-56,127,1.0,4.5,1.5
1783001906995,2026-07-02 16:18:26.995,C3:00:00:63:4C:D2,-64,127,1.0,4.5,1.5
1783001907003,2026-07-02 16:18:27.003,C3:00:00:63:4D:09,-59,127,1.0,4.5,1.5
1783001907007,2026-07-02 16:18:27.007,C3:00:00:63:4D:08,-51,127,1.0,4.5,1.5
1783001907046,2026-07-02 16:18:27.046,C3:00:00:63:4D:07,-62,127,1.0,4.5,1.5
1783001907051,2026-07-02 16:18:27.051,C3:00:00:63:4D:0A,-60,127,1.0,4.5,1.5
1783001907056,2026-07-02 16:18:27.056,C3:00:00:63:4D:04,-55,127,1.0,4.5,1.5
1783001907070,2026-07-02 16:18:27.070,C3:00:00:63:4D:0D,-50,127,1.0,4.5,1.5
1783001907102,2026-07-02 16:18:27.102,C3:00:00:63:4D:05,-56,127,1.0,4.5,1.5
1783001907110,2026-07-02 16:18:27.110,C3:00:00:63:4D:08,-49,127,1.0,4.5,1.5
1783001907118,2026-07-02 16:18:27.118,C3:00:00:63:4D:09,-61,127,1.0,4.5,1.5
1783001907154,2026-07-02 16:18:27.154,C3:00:00:63:4D:0A,-62,127,1.0,4.5,1.5
1783001907163,2026-07-02 16:18:27.163,C3:00:00:63:4D:07,-62,127,1.0,4.5,1.5
1783001907174,2026-07-02 16:18:27.174,C3:00:00:63:4D:0D,-50,127,1.0,4.5,1.5
1783001907184,2026-07-02 16:18:27.184,C3:00:00:63:4D:07,-62,127,1.0,4.5,1.5
1783001907222,2026-07-02 16:18:27.222,C3:00:00:63:4C:D2,-64,127,1.0,4.5,1.5
1783001907226,2026-07-02 16:18:27.226,C3:00:00:63:4D:09,-60,127,1.0,4.5,1.5
1783001907253,2026-07-02 16:18:27.253,C3:00:00:63:4D:0A,-60,127,1.0,4.5,1.5
1783001907278,2026-07-02 16:18:27.278,C3:00:00:63:4D:0D,-49,127,1.0,4.5,1.5
1783001907287,2026-07-02 16:18:27.287,C3:00:00:63:4D:07,-61,127,1.0,4.5,1.5
1783001907308,2026-07-02 16:18:27.308,C3:00:00:63:4D:0D,-49,127,1.0,4.5,1.5
1783001907329,2026-07-02 16:18:27.329,C3:00:00:63:4D:08,-49,127,1.0,4.5,1.5
1783001907333,2026-07-02 16:18:27.333,C3:00:00:63:4D:09,-61,127,1.0,4.5,1.5
1783001907345,2026-07-02 16:18:27.345,C3:00:00:63:4D:05,-56,127,1.0,4.5,1.5
1783001907348,2026-07-02 16:18:27.348,C3:00:00:63:4D:0A,-60,127,1.0,4.5,1.5
1783001907387,2026-07-02 16:18:27.387,C3:00:00:63:4D:04,-55,127,1.0,4.5,1.5
1783001907391,2026-07-02 16:18:27.391,C3:00:00:63:4D:07,-62,127,1.0,4.5,1.5
1783001907440,2026-07-02 16:18:27.440,C3:00:00:63:4D:08,-54,127,1.0,4.5,1.5
1783001907446,2026-07-02 16:18:27.446,C3:00:00:63:4D:0A,-62,127,1.0,4.5,1.5
1783001907453,2026-07-02 16:18:27.453,C3:00:00:63:4C:D2,-54,127,1.0,4.5,1.5
1783001907460,2026-07-02 16:18:27.460,C3:00:00:63:4D:09,-62,127,1.0,4.5,1.5
1783001907475,2026-07-02 16:18:27.475,C3:00:00:63:4D:0A,-62,127,1.0,4.5,1.5
1783001907496,2026-07-02 16:18:27.496,C3:00:00:63:4D:0D,-50,127,1.0,4.5,1.5
1783001907498,2026-07-02 16:18:27.498,C3:00:00:63:4D:04,-72,127,1.0,4.5,1.5
1783001907501,2026-07-02 16:18:27.501,C3:00:00:63:4D:07,-61,127,1.0,4.5,1.5
1783001907548,2026-07-02 16:18:27.548,C3:00:00:63:4D:08,-51,127,1.0,4.5,1.5
1783001907551,2026-07-02 16:18:27.551,C3:00:00:63:4D:0A,-60,127,1.0,4.5,1.5
1783001907563,2026-07-02 16:18:27.563,C3:00:00:63:4C:D2,-64,127,1.0,4.5,1.5
1783001907568,2026-07-02 16:18:27.568,C3:00:00:63:4D:05,-56,127,1.0,4.5,1.5
1783001907572,2026-07-02 16:18:27.572,C3:00:00:63:4D:09,-59,127,1.0,4.5,1.5
1783001907586,2026-07-02 16:18:27.586,C3:00:00:63:4D:0D,-49,127,1.0,4.5,1.5
1783001907593,2026-07-02 16:18:27.593,C3:00:00:63:4D:04,-64,127,1.0,4.5,1.5
1783001907623,2026-07-02 16:18:27.623,C3:00:00:63:4D:07,-62,127,1.0,4.5,1.5
1783001907642,2026-07-02 16:18:27.642,C3:00:00:63:4C:D2,-63,127,1.0,4.5,1.5
1783001907644,2026-07-02 16:18:27.644,C3:00:00:63:4D:09,-61,127,1.0,4.5,1.5
1783001907708,2026-07-02 16:18:27.708,C3:00:00:63:4D:04,-55,127,1.0,4.5,1.5
1783001907741,2026-07-02 16:18:27.741,C3:00:00:63:4D:07,-61,127,1.0,4.5,1.5
1783001907747,2026-07-02 16:18:27.747,C3:00:00:63:4D:0A,-62,127,1.0,4.5,1.5
1783001907769,2026-07-02 16:18:27.769,C3:00:00:63:4D:08,-54,127,1.0,4.5,1.5
1783001907773,2026-07-02 16:18:27.773,C3:00:00:63:4D:0A,-62,127,1.0,4.5,1.5
1783001907799,2026-07-02 16:18:27.799,C3:00:00:63:4D:09,-62,127,1.0,4.5,1.5
1783001907804,2026-07-02 16:18:27.804,C3:00:00:63:4D:05,-61,127,1.0,4.5,1.5
1783001907810,2026-07-02 16:18:27.810,C3:00:00:63:4D:0D,-50,127,1.0,4.5,1.5
1783001907819,2026-07-02 16:18:27.819,C3:00:00:63:4D:04,-64,127,1.0,4.5,1.5
1783001907846,2026-07-02 16:18:27.846,C3:00:00:63:4D:07,-61,127,1.0,4.5,1.5
1783001907853,2026-07-02 16:18:27.853,C3:00:00:63:4D:0A,-60,127,1.0,4.5,1.5
1783001907863,2026-07-02 16:18:27.863,C3:00:00:63:4C:D2,-64,127,1.0,4.5,1.5
1783001907878,2026-07-02 16:18:27.878,C3:00:00:63:4D:08,-52,127,1.0,4.5,1.5
1783001907903,2026-07-02 16:18:27.903,C3:00:00:63:4C:D2,-63,127,1.0,4.5,1.5
1783001907916,2026-07-02 16:18:27.916,C3:00:00:63:4D:0D,-49,127,1.0,4.5,1.5
1783001907921,2026-07-02 16:18:27.921,C3:00:00:63:4D:09,-59,127,1.0,4.5,1.5
1783001907922,2026-07-02 16:18:27.922,C3:00:00:63:4D:05,-56,127,1.0,4.5,1.5
1783001907924,2026-07-02 16:18:27.924,C3:00:00:63:4D:04,-55,127,1.0,4.5,1.5
1783001907945,2026-07-02 16:18:27.945,C3:00:00:63:4D:0A,-60,127,1.0,4.5,1.5
1783001907962,2026-07-02 16:18:27.962,C3:00:00:63:4D:07,-62,127,1.0,4.5,1.5
1783001907986,2026-07-02 16:18:27.986,C3:00:00:63:4D:08,-49,127,1.0,4.5,1.5
1783001908013,2026-07-02 16:18:28.013,C3:00:00:63:4D:0D,-50,127,1.0,4.5,1.5
1783001908021,2026-07-02 16:18:28.021,C3:00:00:63:4C:D2,-55,127,1.0,4.5,1.5
1783001908029,2026-07-02 16:18:28.029,C3:00:00:63:4D:07,-67,127,1.0,4.5,1.5
1783001908031,2026-07-02 16:18:28.031,C3:00:00:63:4D:05,-59,127,1.0,4.5,1.5
1783001908052,2026-07-02 16:18:28.052,C3:00:00:63:4D:0A,-61,127,1.0,4.5,1.5
1783001908055,2026-07-02 16:18:28.055,C3:00:00:63:4D:04,-81,127,1.0,4.5,1.5
1783001908070,2026-07-02 16:18:28.070,C3:00:00:63:4D:07,-60,127,1.0,4.5,1.5
1783001908092,2026-07-02 16:18:28.092,C3:00:00:63:4D:07,-59,127,1.0,4.5,1.5
1783001908121,2026-07-02 16:18:28.121,C3:00:00:63:4D:0D,-49,127,1.0,4.5,1.5
1783001908136,2026-07-02 16:18:28.136,C3:00:00:63:4D:09,-59,127,1.0,4.5,1.5
1783001908155,2026-07-02 16:18:28.155,C3:00:00:63:4D:04,-64,127,1.0,4.5,1.5
1783001908159,2026-07-02 16:18:28.159,C3:00:00:63:4D:05,-55,127,1.0,4.5,1.5
1783001908164,2026-07-02 16:18:28.164,C3:00:00:63:4D:0A,-61,127,1.0,4.5,1.5
1783001908186,2026-07-02 16:18:28.186,C3:00:00:63:4D:07,-63,127,1.0,4.5,1.5
1783001908220,2026-07-02 16:18:28.220,C3:00:00:63:4D:0D,-51,127,1.0,4.5,1.5
1783001908251,2026-07-02 16:18:28.251,C3:00:00:63:4C:D2,-61,127,1.0,4.5,1.5
1783001908257,2026-07-02 16:18:28.257,C3:00:00:63:4D:09,-62,127,1.0,4.5,1.5
1783001908261,2026-07-02 16:18:28.261,C3:00:00:63:4D:05,-55,127,1.0,4.5,1.5
1783001908264,2026-07-02 16:18:28.264,C3:00:00:63:4D:04,-56,127,1.0,4.5,1.5
1783001908308,2026-07-02 16:18:28.308,C3:00:00:63:4D:08,-48,127,1.0,4.5,1.5
1783001908313,2026-07-02 16:18:28.313,C3:00:00:63:4D:07,-62,127,1.0,4.5,1.5
1783001908326,2026-07-02 16:18:28.326,C3:00:00:63:4D:0D,-50,127,1.0,4.5,1.5
1783001908354,2026-07-02 16:18:28.354,C3:00:00:63:4D:0A,-62,127,1.0,4.5,1.5
1783001908369,2026-07-02 16:18:28.369,C3:00:00:63:4D:04,-80,127,1.0,4.5,1.5
1783001908376,2026-07-02 16:18:28.376,C3:00:00:63:4C:D2,-55,127,1.0,4.5,1.5
1783001908379,2026-07-02 16:18:28.379,C3:00:00:63:4D:09,-60,127,1.0,4.5,1.5
1783001908380,2026-07-02 16:18:28.380,C3:00:00:63:4D:05,-59,127,1.0,4.5,1.5
1783001908415,2026-07-02 16:18:28.415,C3:00:00:63:4D:08,-51,127,1.0,4.5,1.5
1783001908418,2026-07-02 16:18:28.418,C3:00:00:63:4D:07,-62,127,1.0,4.5,1.5
1783001908431,2026-07-02 16:18:28.431,C3:00:00:63:4D:0D,-49,127,1.0,4.5,1.5
1783001908448,2026-07-02 16:18:28.448,C3:00:00:63:4D:0A,-60,127,1.0,4.5,1.5
1783001908474,2026-07-02 16:18:28.474,C3:00:00:63:4D:04,-64,127,1.0,4.5,1.5
1783001908492,2026-07-02 16:18:28.492,C3:00:00:63:4D:05,-55,127,1.0,4.5,1.5
1783001908502,2026-07-02 16:18:28.502,C3:00:00:63:4C:D2,-64,127,1.0,4.5,1.5
1783001908521,2026-07-02 16:18:28.521,C3:00:00:63:4D:08,-48,127,1.0,4.5,1.5
1783001908533,2026-07-02 16:18:28.533,C3:00:00:63:4D:0D,-50,127,1.0,4.5,1.5
1783001908538,2026-07-02 16:18:28.538,C3:00:00:63:4D:07,-61,127,1.0,4.5,1.5
1783001908546,2026-07-02 16:18:28.546,C3:00:00:63:4D:0A,-62,127,1.0,4.5,1.5
1783001908590,2026-07-02 16:18:28.590,C3:00:00:63:4D:04,-56,127,1.0,4.5,1.5
1783001908600,2026-07-02 16:18:28.600,C3:00:00:63:4C:D2,-60,127,1.0,4.5,1.5
1783001908606,2026-07-02 16:18:28.606,C3:00:00:63:4D:05,-55,127,1.0,4.5,1.5
1783001908621,2026-07-02 16:18:28.621,C3:00:00:63:4D:0A,-62,127,1.0,4.5,1.5
1783001908634,2026-07-02 16:18:28.634,C3:00:00:63:4D:08,-52,127,1.0,4.5,1.5
1783001908642,2026-07-02 16:18:28.642,C3:00:00:63:4D:0D,-51,127,1.0,4.5,1.5
1783001908650,2026-07-02 16:18:28.650,C3:00:00:63:4D:0A,-62,127,1.0,4.5,1.5
1783001908661,2026-07-02 16:18:28.661,C3:00:00:63:4D:07,-60,127,1.0,4.5,1.5
1783001908686,2026-07-02 16:18:28.686,C3:00:00:63:4D:04,-78,127,1.0,4.5,1.5
1783001908710,2026-07-02 16:18:28.710,C3:00:00:63:4D:09,-60,127,1.0,4.5,1.5
1783001908718,2026-07-02 16:18:28.718,C3:00:00:63:4C:D2,-54,127,1.0,4.5,1.5
1783001908724,2026-07-02 16:18:28.724,C3:00:00:63:4D:05,-58,127,1.0,4.5,1.5
1783001908743,2026-07-02 16:18:28.743,C3:00:00:63:4D:08,-52,127,1.0,4.5,1.5
1783001908782,2026-07-02 16:18:28.782,C3:00:00:63:4D:0D,-49,127,1.0,4.5,1.5
1783001908798,2026-07-02 16:18:28.798,C3:00:00:63:4D:08,-51,127,1.0,4.5,1.5
1783001908801,2026-07-02 16:18:28.801,C3:00:00:63:4D:04,-64,127,1.0,4.5,1.5
1783001908832,2026-07-02 16:18:28.832,C3:00:00:63:4D:05,-55,127,1.0,4.5,1.5
1783001908854,2026-07-02 16:18:28.854,C3:00:00:63:4D:0A,-61,127,1.0,4.5,1.5
1783001908881,2026-07-02 16:18:28.881,C3:00:00:63:4D:07,-62,127,1.0,4.5,1.5
1783001908911,2026-07-02 16:18:28.911,C3:00:00:63:4D:04,-55,127,1.0,4.5,1.5
1783001908943,2026-07-02 16:18:28.943,C3:00:00:63:4C:D2,-54,127,1.0,4.5,1.5
1783001908952,2026-07-02 16:18:28.952,C3:00:00:63:4D:05,-61,127,1.0,4.5,1.5
1783001908963,2026-07-02 16:18:28.963,C3:00:00:63:4D:0D,-50,127,1.0,4.5,1.5
1783001908966,2026-07-02 16:18:28.966,C3:00:00:63:4D:05,-61,127,1.0,4.5,1.5
1783001908999,2026-07-02 16:18:28.999,C3:00:00:63:4D:07,-61,127,1.0,4.5,1.5
1783001909015,2026-07-02 16:18:29.015,C3:00:00:63:4D:0D,-58,127,1.0,4.5,1.5
1783001909050,2026-07-02 16:18:29.050,C3:00:00:63:4D:0A,-60,127,1.0,4.5,1.5
1783001909056,2026-07-02 16:18:29.056,C3:00:00:63:4D:09,-59,127,1.0,4.5,1.5
1783001909061,2026-07-02 16:18:29.061,C3:00:00:63:4D:04,-64,127,1.0,4.5,1.5
1783001909068,2026-07-02 16:18:29.068,C3:00:00:63:4D:05,-56,127,1.0,4.5,1.5
1783001909071,2026-07-02 16:18:29.071,C3:00:00:63:4D:0D,-49,127,1.0,4.5,1.5
1783001909079,2026-07-02 16:18:29.079,C3:00:00:63:4D:08,-52,127,1.0,4.5,1.5
1783001909117,2026-07-02 16:18:29.117,C3:00:00:63:4D:07,-61,127,1.0,4.5,1.5
1783001909123,2026-07-02 16:18:29.123,C3:00:00:63:4D:04,-55,127,1.0,4.5,1.5
1783001909148,2026-07-02 16:18:29.148,C3:00:00:63:4D:0A,-61,127,1.0,4.5,1.5
1783001909166,2026-07-02 16:18:29.166,C3:00:00:63:4D:0D,-49,127,1.0,4.5,1.5
1783001909170,2026-07-02 16:18:29.170,C3:00:00:63:4D:05,-55,127,1.0,4.5,1.5
1783001909180,2026-07-02 16:18:29.180,C3:00:00:63:4D:08,-49,127,1.0,4.5,1.5
1783001909194,2026-07-02 16:18:29.194,C3:00:00:63:4D:05,-62,127,1.0,4.5,1.5
1783001909233,2026-07-02 16:18:29.233,C3:00:00:63:4D:07,-59,127,1.0,4.5,1.5
1783001909239,2026-07-02 16:18:29.239,C3:00:00:63:4D:04,-75,127,1.0,4.5,1.5
1783001909255,2026-07-02 16:18:29.255,C3:00:00:63:4D:0A,-62,127,1.0,4.5,1.5
1783001909276,2026-07-02 16:18:29.276,C3:00:00:63:4D:0D,-51,127,1.0,4.5,1.5
1783001909281,2026-07-02 16:18:29.281,C3:00:00:63:4D:09,-60,127,1.0,4.5,1.5
1783001909305,2026-07-02 16:18:29.305,C3:00:00:63:4D:0D,-52,127,1.0,4.5,1.5
1783001909393,2026-07-02 16:18:29.393,C3:00:00:63:4D:09,-59,127,1.0,4.5,1.5
1783001909401,2026-07-02 16:18:29.401,C3:00:00:63:4D:08,-51,127,1.0,4.5,1.5
1783001909406,2026-07-02 16:18:29.406,C3:00:00:63:4D:05,-55,127,1.0,4.5,1.5
1783001909412,2026-07-02 16:18:29.412,C3:00:00:63:4C:D2,-64,127,1.0,4.5,1.5
1783001909415,2026-07-02 16:18:29.415,C3:00:00:63:4D:08,-52,127,1.0,4.5,1.5
1783001909442,2026-07-02 16:18:29.442,C3:00:00:63:4D:0A,-62,127,1.0,4.5,1.5
1783001909450,2026-07-02 16:18:29.450,C3:00:00:63:4D:04,-55,127,1.0,4.5,1.5
1783001909454,2026-07-02 16:18:29.454,C3:00:00:63:4D:07,-61,127,1.0,4.5,1.5
1783001909462,2026-07-02 16:18:29.462,C3:00:00:63:4D:0A,-61,127,1.0,4.5,1.5
1783001909506,2026-07-02 16:18:29.506,C3:00:00:63:4D:08,-49,127,1.0,4.5,1.5
1783001909510,2026-07-02 16:18:29.510,C3:00:00:63:4D:09,-61,127,1.0,4.5,1.5
1783001909517,2026-07-02 16:18:29.517,C3:00:00:63:4D:05,-55,127,1.0,4.5,1.5
1783001909519,2026-07-02 16:18:29.519,C3:00:00:63:4C:D2,-55,127,1.0,4.5,1.5
1783001909555,2026-07-02 16:18:29.555,C3:00:00:63:4D:0A,-62,127,1.0,4.5,1.5
1783001909565,2026-07-02 16:18:29.565,C3:00:00:63:4D:04,-73,127,1.0,4.5,1.5
1783001909575,2026-07-02 16:18:29.575,C3:00:00:63:4D:07,-61,127,1.0,4.5,1.5
1783001909620,2026-07-02 16:18:29.620,C3:00:00:63:4D:08,-51,127,1.0,4.5,1.5
1783001909622,2026-07-02 16:18:29.622,C3:00:00:63:4D:09,-59,127,1.0,4.5,1.5
1783001909629,2026-07-02 16:18:29.629,C3:00:00:63:4C:D2,-64,127,1.0,4.5,1.5
1783001909643,2026-07-02 16:18:29.643,C3:00:00:63:4D:05,-56,127,1.0,4.5,1.5
1783001909656,2026-07-02 16:18:29.656,C3:00:00:63:4D:0A,-60,127,1.0,4.5,1.5
1783001909659,2026-07-02 16:18:29.659,C3:00:00:63:4D:09,-59,127,1.0,4.5,1.5
1783001909665,2026-07-02 16:18:29.665,C3:00:00:63:4D:04,-64,127,1.0,4.5,1.5
1783001909729,2026-07-02 16:18:29.729,C3:00:00:63:4D:08,-49,127,1.0,4.5,1.5
1783001909739,2026-07-02 16:18:29.739,C3:00:00:63:4D:09,-61,127,1.0,4.5,1.5
1783001909752,2026-07-02 16:18:29.752,C3:00:00:63:4D:05,-55,127,1.0,4.5,1.5
1783001909775,2026-07-02 16:18:29.775,C3:00:00:63:4D:04,-55,127,1.0,4.5,1.5
1783001909801,2026-07-02 16:18:29.801,C3:00:00:63:4D:0D,-49,127,1.0,4.5,1.5
1783001909806,2026-07-02 16:18:29.806,C3:00:00:63:4D:07,-62,127,1.0,4.5,1.5
1783001909855,2026-07-02 16:18:29.855,C3:00:00:63:4D:09,-62,127,1.0,4.5,1.5
1783001909859,2026-07-02 16:18:29.859,C3:00:00:63:4D:0A,-62,127,1.0,4.5,1.5
1783001909866,2026-07-02 16:18:29.866,C3:00:00:63:4D:05,-61,127,1.0,4.5,1.5
1783001909872,2026-07-02 16:18:29.872,C3:00:00:63:4C:D2,-54,127,1.0,4.5,1.5
1783001909883,2026-07-02 16:18:29.883,C3:00:00:63:4C:D2,-55,127,1.0,4.5,1.5
1783001909911,2026-07-02 16:18:29.911,C3:00:00:63:4D:0D,-50,127,1.0,4.5,1.5
1783001909928,2026-07-02 16:18:29.928,C3:00:00:63:4D:07,-62,127,1.0,4.5,1.5
1783001909947,2026-07-02 16:18:29.947,C3:00:00:63:4D:08,-51,127,1.0,4.5,1.5
1783001909963,2026-07-02 16:18:29.963,C3:00:00:63:4D:0D,-50,127,1.0,4.5,1.5
1783001909966,2026-07-02 16:18:29.966,C3:00:00:63:4D:09,-59,127,1.0,4.5,1.5
1783001909977,2026-07-02 16:18:29.977,C3:00:00:63:4C:D2,-64,127,1.0,4.5,1.5
1783001909986,2026-07-02 16:18:29.986,C3:00:00:63:4D:05,-56,127,1.0,4.5,1.5
1783001909991,2026-07-02 16:18:29.991,C3:00:00:63:4D:04,-64,127,1.0,4.5,1.5
1783001910000,2026-07-02 16:18:30.000,C3:00:00:63:4D:0D,-49,127,1.0,4.5,1.5
1783001910032,2026-07-02 16:18:30.032,C3:00:00:63:4D:07,-62,127,1.0,4.5,1.5
1783001910051,2026-07-02 16:18:30.051,C3:00:00:63:4D:08,-49,127,1.0,4.5,1.5
1783001910059,2026-07-02 16:18:30.059,C3:00:00:63:4D:0A,-61,127,1.0,4.5,1.5
1783001910064,2026-07-02 16:18:30.064,C3:00:00:63:4D:04,-55,127,1.0,4.5,1.5
1783001910074,2026-07-02 16:18:30.074,C3:00:00:63:4D:09,-61,127,1.0,4.5,1.5
1783001910096,2026-07-02 16:18:30.096,C3:00:00:63:4C:D2,-63,127,1.0,4.5,1.5
1783001910104,2026-07-02 16:18:30.104,C3:00:00:63:4D:04,-56,127,1.0,4.5,1.5
1783001910112,2026-07-02 16:18:30.112,C3:00:00:63:4D:0D,-50,127,1.0,4.5,1.5
1783001910119,2026-07-02 16:18:30.119,C3:00:00:63:4D:05,-59,127,1.0,4.5,1.5
1783001910145,2026-07-02 16:18:30.145,C3:00:00:63:4D:07,-60,127,1.0,4.5,1.5
1783001910159,2026-07-02 16:18:30.159,C3:00:00:63:4D:0A,-62,127,1.0,4.5,1.5
1783001910164,2026-07-02 16:18:30.164,C3:00:00:63:4D:08,-52,127,1.0,4.5,1.5
1783001910194,2026-07-02 16:18:30.194,C3:00:00:63:4D:09,-60,127,1.0,4.5,1.5
1783001910246,2026-07-02 16:18:30.246,C3:00:00:63:4D:0A,-61,127,1.0,4.5,1.5
1783001910260,2026-07-02 16:18:30.260,C3:00:00:63:4D:07,-63,127,1.0,4.5,1.5
1783001910276,2026-07-02 16:18:30.276,C3:00:00:63:4D:08,-51,127,1.0,4.5,1.5
1783001910303,2026-07-02 16:18:30.303,C3:00:00:63:4D:09,-58,127,1.0,4.5,1.5
1783001910322,2026-07-02 16:18:30.322,C3:00:00:63:4D:0D,-50,127,1.0,4.5,1.5
1783001910324,2026-07-02 16:18:30.324,C3:00:00:63:4C:D2,-61,127,1.0,4.5,1.5
1783001910332,2026-07-02 16:18:30.332,C3:00:00:63:4D:04,-56,127,1.0,4.5,1.5
1783001910334,2026-07-02 16:18:30.334,C3:00:00:63:4D:05,-55,127,1.0,4.5,1.5
1783001910347,2026-07-02 16:18:30.347,C3:00:00:63:4D:0A,-61,127,1.0,4.5,1.5
1783001910382,2026-07-02 16:18:30.382,C3:00:00:63:4D:08,-49,127,1.0,4.5,1.5
1783001910388,2026-07-02 16:18:30.388,C3:00:00:63:4D:07,-62,127,1.0,4.5,1.5
1783001910422,2026-07-02 16:18:30.422,C3:00:00:63:4D:09,-62,127,1.0,4.5,1.5
1783001910427,2026-07-02 16:18:30.427,C3:00:00:63:4D:0D,-50,127,1.0,4.5,1.5
1783001910435,2026-07-02 16:18:30.435,C3:00:00:63:4C:D2,-54,127,1.0,4.5,1.5
1783001910444,2026-07-02 16:18:30.444,C3:00:00:63:4D:05,-61,127,1.0,4.5,1.5
1783001910449,2026-07-02 16:18:30.449,C3:00:00:63:4D:07,-62,127,1.0,4.5,1.5
1783001910455,2026-07-02 16:18:30.455,C3:00:00:63:4D:0A,-62,127,1.0,4.5,1.5
1783001910492,2026-07-02 16:18:30.492,C3:00:00:63:4D:07,-62,127,1.0,4.5,1.5
1783001910508,2026-07-02 16:18:30.508,C3:00:00:63:4D:08,-61,127,1.0,4.5,1.5
1783001910526,2026-07-02 16:18:30.526,C3:00:00:63:4D:08,-52,127,1.0,4.5,1.5
1783001910534,2026-07-02 16:18:30.534,C3:00:00:63:4D:09,-59,127,1.0,4.5,1.5
1783001910554,2026-07-02 16:18:30.554,C3:00:00:63:4D:0D,-49,127,1.0,4.5,1.5
1783001910555,2026-07-02 16:18:30.555,C3:00:00:63:4D:04,-64,127,1.0,4.5,1.5
1783001910557,2026-07-02 16:18:30.557,C3:00:00:63:4D:0A,-60,127,1.0,4.5,1.5
1783001910560,2026-07-02 16:18:30.560,C3:00:00:63:4D:05,-55,127,1.0,4.5,1.5
1783001910593,2026-07-02 16:18:30.593,C3:00:00:63:4D:08,-51,127,1.0,4.5,1.5
1783001910613,2026-07-02 16:18:30.613,C3:00:00:63:4D:07,-62,127,1.0,4.5,1.5
1783001910633,2026-07-02 16:18:30.633,C3:00:00:63:4D:0D,-49,127,1.0,4.5,1.5
1783001910641,2026-07-02 16:18:30.641,C3:00:00:63:4D:09,-60,127,1.0,4.5,1.5
1783001910649,2026-07-02 16:18:30.649,C3:00:00:63:4D:04,-55,127,1.0,4.5,1.5
1783001910666,2026-07-02 16:18:30.666,C3:00:00:63:4D:05,-55,127,1.0,4.5,1.5
1783001910671,2026-07-02 16:18:30.671,C3:00:00:63:4D:09,-62,127,1.0,4.5,1.5
1783001910704,2026-07-02 16:18:30.704,C3:00:00:63:4D:08,-49,127,1.0,4.5,1.5
1783001910732,2026-07-02 16:18:30.732,C3:00:00:63:4D:07,-62,127,1.0,4.5,1.5
1783001910743,2026-07-02 16:18:30.743,C3:00:00:63:4D:0D,-50,127,1.0,4.5,1.5
1783001910757,2026-07-02 16:18:30.757,C3:00:00:63:4D:0A,-62,127,1.0,4.5,1.5
1783001910795,2026-07-02 16:18:30.795,C3:00:00:63:4D:08,-54,127,1.0,4.5,1.5
1783001910814,2026-07-02 16:18:30.814,C3:00:00:63:4D:08,-53,127,1.0,4.5,1.5
1783001910845,2026-07-02 16:18:30.845,C3:00:00:63:4D:07,-62,127,1.0,4.5,1.5
1783001910851,2026-07-02 16:18:30.851,C3:00:00:63:4D:0D,-49,127,1.0,4.5,1.5
1783001910856,2026-07-02 16:18:30.856,C3:00:00:63:4D:0A,-60,127,1.0,4.5,1.5
1783001910897,2026-07-02 16:18:30.897,C3:00:00:63:4D:05,-56,127,1.0,4.5,1.5
1783001910901,2026-07-02 16:18:30.901,C3:00:00:63:4C:D2,-64,127,1.0,4.5,1.5
1783001910916,2026-07-02 16:18:30.916,C3:00:00:63:4D:09,-67,127,1.0,4.5,1.5
1783001910923,2026-07-02 16:18:30.923,C3:00:00:63:4D:08,-49,127,1.0,4.5,1.5
1783001910946,2026-07-02 16:18:30.946,C3:00:00:63:4D:0A,-61,127,1.0,4.5,1.5
1783001910957,2026-07-02 16:18:30.957,C3:00:00:63:4D:05,-56,127,1.0,4.5,1.5
1783001910991,2026-07-02 16:18:30.991,C3:00:00:63:4D:04,-55,127,1.0,4.5,1.5
1783001910993,2026-07-02 16:18:30.993,C3:00:00:63:4D:09,-61,127,1.0,4.5,1.5
1783001911010,2026-07-02 16:18:31.010,C3:00:00:63:4C:D2,-63,127,1.0,4.5,1.5
1783001911016,2026-07-02 16:18:31.016,C3:00:00:63:4D:05,-55,127,1.0,4.5,1.5
1783001911040,2026-07-02 16:18:31.040,C3:00:00:63:4D:08,-53,127,1.0,4.5,1.5
1783001911053,2026-07-02 16:18:31.053,C3:00:00:63:4D:0A,-62,127,1.0,4.5,1.5
1783001911066,2026-07-02 16:18:31.066,C3:00:00:63:4D:0D,-50,127,1.0,4.5,1.5
1783001911070,2026-07-02 16:18:31.070,C3:00:00:63:4D:07,-62,127,1.0,4.5,1.5
1783001911087,2026-07-02 16:18:31.087,C3:00:00:63:4D:04,-73,127,1.0,4.5,1.5
1783001911105,2026-07-02 16:18:31.105,C3:00:00:63:4D:09,-62,127,1.0,4.5,1.5
1783001911143,2026-07-02 16:18:31.143,C3:00:00:63:4D:08,-51,127,1.0,4.5,1.5
1783001911164,2026-07-02 16:18:31.164,C3:00:00:63:4D:0A,-60,127,1.0,4.5,1.5
1783001911175,2026-07-02 16:18:31.175,C3:00:00:63:4D:0D,-49,127,1.0,4.5,1.5
1783001911195,2026-07-02 16:18:31.195,C3:00:00:63:4D:07,-62,127,1.0,4.5,1.5
1783001911200,2026-07-02 16:18:31.200,C3:00:00:63:4D:04,-64,127,1.0,4.5,1.5
1783001911211,2026-07-02 16:18:31.211,C3:00:00:63:4D:07,-62,127,1.0,4.5,1.5
1783001911218,2026-07-02 16:18:31.218,C3:00:00:63:4D:09,-61,127,1.0,4.5,1.5
1783001911235,2026-07-02 16:18:31.235,C3:00:00:63:4C:D2,-63,127,1.0,4.5,1.5
1783001911249,2026-07-02 16:18:31.249,C3:00:00:63:4D:0A,-61,127,1.0,4.5,1.5
1783001911268,2026-07-02 16:18:31.268,C3:00:00:63:4D:0D,-49,127,1.0,4.5,1.5
1783001911289,2026-07-02 16:18:31.289,C3:00:00:63:4D:04,-62,127,1.0,4.5,1.5
1783001911298,2026-07-02 16:18:31.298,C3:00:00:63:4D:07,-62,127,1.0,4.5,1.5
1783001911316,2026-07-02 16:18:31.316,C3:00:00:63:4D:04,-55,127,1.0,4.5,1.5
1783001911318,2026-07-02 16:18:31.318,C3:00:00:63:4D:0D,-49,127,1.0,4.5,1.5
1783001911331,2026-07-02 16:18:31.331,C3:00:00:63:4D:09,-62,127,1.0,4.5,1.5
1783001911348,2026-07-02 16:18:31.348,C3:00:00:63:4D:0A,-62,127,1.0,4.5,1.5
1783001911356,2026-07-02 16:18:31.356,C3:00:00:63:4D:05,-61,127,1.0,4.5,1.5
1783001911365,2026-07-02 16:18:31.365,C3:00:00:63:4C:D2,-54,127,1.0,4.5,1.5
1783001911367,2026-07-02 16:18:31.367,C3:00:00:63:4D:08,-53,127,1.0,4.5,1.5
1783001911372,2026-07-02 16:18:31.372,C3:00:00:63:4D:0D,-50,127,1.0,4.5,1.5
1783001911407,2026-07-02 16:18:31.407,C3:00:00:63:4D:08,-53,127,1.0,4.5,1.5
1783001911410,2026-07-02 16:18:31.410,C3:00:00:63:4D:07,-62,127,1.0,4.5,1.5
1783001911415,2026-07-02 16:18:31.415,C3:00:00:63:4D:04,-64,127,1.0,4.5,1.5
1783001911434,2026-07-02 16:18:31.434,C3:00:00:63:4D:0A,-60,127,1.0,4.5,1.5
1783001911452,2026-07-02 16:18:31.452,C3:00:00:63:4D:0A,-60,127,1.0,4.5,1.5
1783001911470,2026-07-02 16:18:31.470,C3:00:00:63:4D:08,-51,127,1.0,4.5,1.5
1783001911476,2026-07-02 16:18:31.476,C3:00:00:63:4C:D2,-64,127,1.0,4.5,1.5
1783001911481,2026-07-02 16:18:31.481,C3:00:00:63:4D:0D,-49,127,1.0,4.5,1.5
1783001911520,2026-07-02 16:18:31.520,C3:00:00:63:4D:04,-55,127,1.0,4.5,1.5
1783001911531,2026-07-02 16:18:31.531,C3:00:00:63:4D:07,-62,127,1.0,4.5,1.5
1783001911556,2026-07-02 16:18:31.556,C3:00:00:63:4D:0A,-61,127,1.0,4.5,1.5
1783001911578,2026-07-02 16:18:31.578,C3:00:00:63:4D:0D,-50,127,1.0,4.5,1.5
1783001911595,2026-07-02 16:18:31.595,C3:00:00:63:4D:05,-55,127,1.0,4.5,1.5
1783001911632,2026-07-02 16:18:31.632,C3:00:00:63:4D:04,-71,127,1.0,4.5,1.5
1783001911640,2026-07-02 16:18:31.640,C3:00:00:63:4C:D2,-55,127,1.0,4.5,1.5
1783001911647,2026-07-02 16:18:31.647,C3:00:00:63:4D:07,-61,127,1.0,4.5,1.5
1783001911649,2026-07-02 16:18:31.649,C3:00:00:63:4D:0A,-62,127,1.0,4.5,1.5
1783001911655,2026-07-02 16:18:31.655,C3:00:00:63:4D:09,-62,127,1.0,4.5,1.5
1783001911678,2026-07-02 16:18:31.678,C3:00:00:63:4D:09,-62,127,1.0,4.5,1.5
1783001911691,2026-07-02 16:18:31.691,C3:00:00:63:4D:08,-54,127,1.0,4.5,1.5
1783001911737,2026-07-02 16:18:31.737,C3:00:00:63:4D:04,-64,127,1.0,4.5,1.5
1783001911747,2026-07-02 16:18:31.747,C3:00:00:63:4D:0A,-60,127,1.0,4.5,1.5
1783001911762,2026-07-02 16:18:31.762,C3:00:00:63:4D:07,-61,127,1.0,4.5,1.5
1783001911770,2026-07-02 16:18:31.770,C3:00:00:63:4D:0A,-60,127,1.0,4.5,1.5
1783001911783,2026-07-02 16:18:31.783,C3:00:00:63:4D:0D,-49,127,1.0,4.5,1.5
1783001911791,2026-07-02 16:18:31.791,C3:00:00:63:4D:08,-51,127,1.0,4.5,1.5
1783001911816,2026-07-02 16:18:31.816,C3:00:00:63:4D:05,-56,127,1.0,4.5,1.5
1783001911819,2026-07-02 16:18:31.819,C3:00:00:63:4C:D2,-62,127,1.0,4.5,1.5
1783001911850,2026-07-02 16:18:31.850,C3:00:00:63:4D:04,-55,127,1.0,4.5,1.5
1783001911854,2026-07-02 16:18:31.854,C3:00:00:63:4D:0A,-61,127,1.0,4.5,1.5
1783001911875,2026-07-02 16:18:31.875,C3:00:00:63:4C:D2,-63,127,1.0,4.5,1.5
1783001911902,2026-07-02 16:18:31.902,C3:00:00:63:4D:0D,-49,127,1.0,4.5,1.5
1783001911906,2026-07-02 16:18:31.906,C3:00:00:63:4D:09,-61,127,1.0,4.5,1.5
1783001911911,2026-07-02 16:18:31.911,C3:00:00:63:4D:08,-49,127,1.0,4.5,1.5
1783001911929,2026-07-02 16:18:31.929,C3:00:00:63:4C:D2,-55,127,1.0,4.5,1.5
1783001911933,2026-07-02 16:18:31.933,C3:00:00:63:4D:05,-61,127,1.0,4.5,1.5
1783001911950,2026-07-02 16:18:31.950,C3:00:00:63:4D:0A,-62,127,1.0,4.5,1.5
1783001911964,2026-07-02 16:18:31.964,C3:00:00:63:4D:0D,-50,127,1.0,4.5,1.5
1783001911993,2026-07-02 16:18:31.993,C3:00:00:63:4D:07,-60,127,1.0,4.5,1.5
1783001912007,2026-07-02 16:18:32.007,C3:00:00:63:4D:0D,-51,127,1.0,4.5,1.5
1783001912032,2026-07-02 16:18:32.032,C3:00:00:63:4D:07,-70,127,1.0,4.5,1.5
1783001912072,2026-07-02 16:18:32.072,C3:00:00:63:4D:04,-65,127,1.0,4.5,1.5
1783001912096,2026-07-02 16:18:32.096,C3:00:00:63:4D:04,-64,127,1.0,4.5,1.5
1783001912103,2026-07-02 16:18:32.103,C3:00:00:63:4D:07,-62,127,1.0,4.5,1.5
1783001912115,2026-07-02 16:18:32.115,C3:00:00:63:4D:0D,-50,127,1.0,4.5,1.5
1783001912122,2026-07-02 16:18:32.122,C3:00:00:63:4D:05,-55,127,1.0,4.5,1.5
1783001912127,2026-07-02 16:18:32.127,C3:00:00:63:4D:07,-62,127,1.0,4.5,1.5
1783001912129,2026-07-02 16:18:32.129,C3:00:00:63:4D:09,-61,127,1.0,4.5,1.5
1783001912131,2026-07-02 16:18:32.131,C3:00:00:63:4D:08,-48,127,1.0,4.5,1.5
1783001912151,2026-07-02 16:18:32.151,C3:00:00:63:4D:0A,-62,127,1.0,4.5,1.5
1783001912162,2026-07-02 16:18:32.162,C3:00:00:63:4C:D2,-61,127,1.0,4.5,1.5
1783001912180,2026-07-02 16:18:32.180,C3:00:00:63:4D:04,-56,127,1.0,4.5,1.5
1783001912224,2026-07-02 16:18:32.224,C3:00:00:63:4D:0D,-51,127,1.0,4.5,1.5
1783001912251,2026-07-02 16:18:32.251,C3:00:00:63:4D:08,-52,127,1.0,4.5,1.5
1783001912253,2026-07-02 16:18:32.253,C3:00:00:63:4D:09,-60,127,1.0,4.5,1.5
1783001912258,2026-07-02 16:18:32.258,C3:00:00:63:4D:0A,-62,127,1.0,4.5,1.5
1783001912284,2026-07-02 16:18:32.284,C3:00:00:63:4D:04,-71,127,1.0,4.5,1.5
1783001912339,2026-07-02 16:18:32.339,C3:00:00:63:4D:07,-61,127,1.0,4.5,1.5
1783001912345,2026-07-02 16:18:32.345,C3:00:00:63:4D:08,-52,127,1.0,4.5,1.5
1783001912353,2026-07-02 16:18:32.353,C3:00:00:63:4D:0A,-60,127,1.0,4.5,1.5
1783001912389,2026-07-02 16:18:32.389,C3:00:00:63:4C:D2,-64,127,1.0,4.5,1.5
1783001912397,2026-07-02 16:18:32.397,C3:00:00:63:4D:05,-56,127,1.0,4.5,1.5
1783001912424,2026-07-02 16:18:32.424,C3:00:00:63:4D:0D,-50,127,1.0,4.5,1.5
1783001912474,2026-07-02 16:18:32.474,C3:00:00:63:4D:09,-61,127,1.0,4.5,1.5
1783001912492,2026-07-02 16:18:32.492,C3:00:00:63:4C:D2,-64,127,1.0,4.5,1.5
1783001912512,2026-07-02 16:18:32.512,C3:00:00:63:4C:D2,-63,127,1.0,4.5,1.5
1783001912524,2026-07-02 16:18:32.524,C3:00:00:63:4D:0D,-50,127,1.0,4.5,1.5
1783001912548,2026-07-02 16:18:32.548,C3:00:00:63:4D:0A,-62,127,1.0,4.5,1.5
1783001912567,2026-07-02 16:18:32.567,C3:00:00:63:4D:08,-54,127,1.0,4.5,1.5
1783001912572,2026-07-02 16:18:32.572,C3:00:00:63:4D:07,-62,127,1.0,4.5,1.5
1783001912590,2026-07-02 16:18:32.590,C3:00:00:63:4D:09,-62,127,1.0,4.5,1.5
1783001912611,2026-07-02 16:18:32.611,C3:00:00:63:4D:0A,-62,127,1.0,4.5,1.5
1783001912618,2026-07-02 16:18:32.618,C3:00:00:63:4D:04,-70,127,1.0,4.5,1.5
1783001912628,2026-07-02 16:18:32.628,C3:00:00:63:4C:D2,-64,127,1.0,4.5,1.5
1783001912630,2026-07-02 16:18:32.630,C3:00:00:63:4D:05,-56,127,1.0,4.5,1.5
1783001912633,2026-07-02 16:18:32.633,C3:00:00:63:4D:0D,-49,127,1.0,4.5,1.5
1783001912645,2026-07-02 16:18:32.645,C3:00:00:63:4D:0A,-60,127,1.0,4.5,1.5
1783001912646,2026-07-02 16:18:32.646,C3:00:00:63:4D:09,-59,127,1.0,4.5,1.5
1783001912666,2026-07-02 16:18:32.666,C3:00:00:63:4D:08,-52,127,1.0,4.5,1.5
1783001912683,2026-07-02 16:18:32.683,C3:00:00:63:4D:07,-61,127,1.0,4.5,1.5
1783001912698,2026-07-02 16:18:32.698,C3:00:00:63:4D:09,-59,127,1.0,4.5,1.5
1783001912721,2026-07-02 16:18:32.721,C3:00:00:63:4D:04,-55,127,1.0,4.5,1.5
1783001912751,2026-07-02 16:18:32.751,C3:00:00:63:4D:0A,-60,127,1.0,4.5,1.5
1783001912779,2026-07-02 16:18:32.779,C3:00:00:63:4D:0A,-68,127,1.0,4.5,1.5
1783001912781,2026-07-02 16:18:32.781,C3:00:00:63:4D:08,-49,127,1.0,4.5,1.5
1783001912785,2026-07-02 16:18:32.785,C3:00:00:63:4D:0D,-49,127,1.0,4.5,1.5
1783001912791,2026-07-02 16:18:32.791,C3:00:00:63:4D:07,-62,127,1.0,4.5,1.5
1783001912798,2026-07-02 16:18:32.798,C3:00:00:63:4D:08,-49,127,1.0,4.5,1.5
1783001912813,2026-07-02 16:18:32.813,C3:00:00:63:4D:09,-61,127,1.0,4.5,1.5
1783001912848,2026-07-02 16:18:32.848,C3:00:00:63:4D:0D,-50,127,1.0,4.5,1.5
1783001912855,2026-07-02 16:18:32.855,C3:00:00:63:4D:05,-61,127,1.0,4.5,1.5
1783001912887,2026-07-02 16:18:32.887,C3:00:00:63:4D:08,-54,127,1.0,4.5,1.5
1783001912917,2026-07-02 16:18:32.917,C3:00:00:63:4D:07,-62,127,1.0,4.5,1.5
1783001912926,2026-07-02 16:18:32.926,C3:00:00:63:4D:09,-59,127,1.0,4.5,1.5
1783001912944,2026-07-02 16:18:32.944,C3:00:00:63:4D:04,-64,127,1.0,4.5,1.5
1783001912948,2026-07-02 16:18:32.948,C3:00:00:63:4D:0D,-50,127,1.0,4.5,1.5
1783001912964,2026-07-02 16:18:32.964,C3:00:00:63:4C:D2,-64,127,1.0,4.5,1.5
1783001912972,2026-07-02 16:18:32.972,C3:00:00:63:4D:05,-56,127,1.0,4.5,1.5
1783001912997,2026-07-02 16:18:32.997,C3:00:00:63:4D:08,-52,127,1.0,4.5,1.5
1783001913020,2026-07-02 16:18:33.020,C3:00:00:63:4D:0D,-57,127,1.0,4.5,1.5
1783001913032,2026-07-02 16:18:33.032,C3:00:00:63:4D:07,-62,127,1.0,4.5,1.5
1783001913048,2026-07-02 16:18:33.048,C3:00:00:63:4D:09,-61,127,1.0,4.5,1.5
1783001913055,2026-07-02 16:18:33.055,C3:00:00:63:4D:04,-55,127,1.0,4.5,1.5
1783001913077,2026-07-02 16:18:33.077,C3:00:00:63:4D:04,-56,127,1.0,4.5,1.5
1783001913083,2026-07-02 16:18:33.083,C3:00:00:63:4D:05,-56,127,1.0,4.5,1.5
1783001913089,2026-07-02 16:18:33.089,C3:00:00:63:4C:D2,-63,127,1.0,4.5,1.5
1783001913143,2026-07-02 16:18:33.143,C3:00:00:63:4D:07,-62,127,1.0,4.5,1.5
1783001913154,2026-07-02 16:18:33.154,C3:00:00:63:4D:0A,-62,127,1.0,4.5,1.5
1783001913206,2026-07-02 16:18:33.206,C3:00:00:63:4D:05,-61,127,1.0,4.5,1.5
1783001913210,2026-07-02 16:18:33.210,C3:00:00:63:4D:07,-62,127,1.0,4.5,1.5
1783001913215,2026-07-02 16:18:33.215,C3:00:00:63:4D:08,-54,127,1.0,4.5,1.5
1783001913221,2026-07-02 16:18:33.221,C3:00:00:63:4D:05,-63,127,1.0,4.5,1.5
1783001913250,2026-07-02 16:18:33.250,C3:00:00:63:4D:07,-62,127,1.0,4.5,1.5
1783001913263,2026-07-02 16:18:33.263,C3:00:00:63:4D:0D,-49,127,1.0,4.5,1.5
1783001913267,2026-07-02 16:18:33.267,C3:00:00:63:4D:04,-64,127,1.0,4.5,1.5
1783001913271,2026-07-02 16:18:33.271,C3:00:00:63:4D:09,-59,127,1.0,4.5,1.5
1783001913309,2026-07-02 16:18:33.309,C3:00:00:63:4C:D2,-64,127,1.0,4.5,1.5
1783001913348,2026-07-02 16:18:33.348,C3:00:00:63:4D:0A,-60,127,1.0,4.5,1.5
1783001913377,2026-07-02 16:18:33.377,C3:00:00:63:4D:07,-62,127,1.0,4.5,1.5
1783001913383,2026-07-02 16:18:33.383,C3:00:00:63:4D:09,-61,127,1.0,4.5,1.5
1783001913388,2026-07-02 16:18:33.388,C3:00:00:63:4D:04,-56,127,1.0,4.5,1.5
1783001913423,2026-07-02 16:18:33.423,C3:00:00:63:4D:08,-54,127,1.0,4.5,1.5
1783001913429,2026-07-02 16:18:33.429,C3:00:00:63:4D:05,-61,127,1.0,4.5,1.5
1783001913438,2026-07-02 16:18:33.438,C3:00:00:63:4D:0A,-63,127,1.0,4.5,1.5
1783001913441,2026-07-02 16:18:33.441,C3:00:00:63:4D:08,-54,127,1.0,4.5,1.5
1783001913463,2026-07-02 16:18:33.463,C3:00:00:63:4D:0A,-62,127,1.0,4.5,1.5
1783001913468,2026-07-02 16:18:33.468,C3:00:00:63:4D:0D,-49,127,1.0,4.5,1.5
1783001913485,2026-07-02 16:18:33.485,C3:00:00:63:4D:07,-62,127,1.0,4.5,1.5
1783001913491,2026-07-02 16:18:33.491,C3:00:00:63:4D:04,-71,127,1.0,4.5,1.5
1783001913495,2026-07-02 16:18:33.495,C3:00:00:63:4D:09,-62,127,1.0,4.5,1.5
1783001913538,2026-07-02 16:18:33.538,C3:00:00:63:4D:08,-51,127,1.0,4.5,1.5
1783001913542,2026-07-02 16:18:33.542,C3:00:00:63:4D:05,-55,127,1.0,4.5,1.5
1783001913546,2026-07-02 16:18:33.546,C3:00:00:63:4C:D2,-63,127,1.0,4.5,1.5
1783001913578,2026-07-02 16:18:33.578,C3:00:00:63:4D:0D,-49,127,1.0,4.5,1.5
1783001913608,2026-07-02 16:18:33.608,C3:00:00:63:4D:04,-65,127,1.0,4.5,1.5
1783001913613,2026-07-02 16:18:33.613,C3:00:00:63:4D:07,-62,127,1.0,4.5,1.5
1783001913615,2026-07-02 16:18:33.615,C3:00:00:63:4D:09,-58,127,1.0,4.5,1.5
1783001913646,2026-07-02 16:18:33.646,C3:00:00:63:4D:0A,-62,127,1.0,4.5,1.5
1783001913656,2026-07-02 16:18:33.656,C3:00:00:63:4C:D2,-61,127,1.0,4.5,1.5
1783001913659,2026-07-02 16:18:33.659,C3:00:00:63:4D:05,-55,127,1.0,4.5,1.5
1783001913673,2026-07-02 16:18:33.673,C3:00:00:63:4D:09,-61,127,1.0,4.5,1.5
1783001913677,2026-07-02 16:18:33.677,C3:00:00:63:4D:0D,-51,127,1.0,4.5,1.5
1783001913713,2026-07-02 16:18:33.713,C3:00:00:63:4D:04,-56,127,1.0,4.5,1.5
1783001913719,2026-07-02 16:18:33.719,C3:00:00:63:4D:07,-62,127,1.0,4.5,1.5
1783001913730,2026-07-02 16:18:33.730,C3:00:00:63:4D:09,-60,127,1.0,4.5,1.5
1783001913755,2026-07-02 16:18:33.755,C3:00:00:63:4D:0A,-62,127,1.0,4.5,1.5
1783001913759,2026-07-02 16:18:33.759,C3:00:00:63:4D:08,-52,127,1.0,4.5,1.5
1783001913773,2026-07-02 16:18:33.773,C3:00:00:63:4D:05,-58,127,1.0,4.5,1.5
1783001913782,2026-07-02 16:18:33.782,C3:00:00:63:4D:0D,-51,127,1.0,4.5,1.5
1783001913814,2026-07-02 16:18:33.814,C3:00:00:63:4D:04,-76,127,1.0,4.5,1.5
1783001913831,2026-07-02 16:18:33.831,C3:00:00:63:4D:07,-63,127,1.0,4.5,1.5
1783001913842,2026-07-02 16:18:33.842,C3:00:00:63:4D:09,-58,127,1.0,4.5,1.5
1783001913853,2026-07-02 16:18:33.853,C3:00:00:63:4D:0A,-61,127,1.0,4.5,1.5
1783001913871,2026-07-02 16:18:33.871,C3:00:00:63:4D:08,-51,127,1.0,4.5,1.5
1783001913890,2026-07-02 16:18:33.890,C3:00:00:63:4C:D2,-64,127,1.0,4.5,1.5
1783001913892,2026-07-02 16:18:33.892,C3:00:00:63:4D:05,-56,127,1.0,4.5,1.5
1783001913896,2026-07-02 16:18:33.896,C3:00:00:63:4D:0D,-49,127,1.0,4.5,1.5
1783001913939,2026-07-02 16:18:33.939,C3:00:00:63:4C:D2,-70,127,1.0,4.5,1.5
1783001913952,2026-07-02 16:18:33.952,C3:00:00:63:4D:0A,-60,127,1.0,4.5,1.5
1783001913958,2026-07-02 16:18:33.958,C3:00:00:63:4D:09,-61,127,1.0,4.5,1.5
1783001913994,2026-07-02 16:18:33.994,C3:00:00:63:4D:0D,-49,127,1.0,4.5,1.5
1783001914006,2026-07-02 16:18:34.006,C3:00:00:63:4D:05,-56,127,1.0,4.5,1.5
1783001914029,2026-07-02 16:18:34.029,C3:00:00:63:4D:04,-71,127,1.0,4.5,1.5
1783001914068,2026-07-02 16:18:34.068,C3:00:00:63:4D:07,-62,127,1.0,4.5,1.5
1783001914074,2026-07-02 16:18:34.074,C3:00:00:63:4D:04,-71,127,1.0,4.5,1.5
1783001914079,2026-07-02 16:18:34.079,C3:00:00:63:4D:09,-62,127,1.0,4.5,1.5
1783001914095,2026-07-02 16:18:34.095,C3:00:00:63:4D:04,-71,127,1.0,4.5,1.5
1783001914104,2026-07-02 16:18:34.104,C3:00:00:63:4D:08,-54,127,1.0,4.5,1.5
1783001914111,2026-07-02 16:18:34.111,C3:00:00:63:4D:0D,-50,127,1.0,4.5,1.5
1783001914115,2026-07-02 16:18:34.115,C3:00:00:63:4C:D2,-54,127,1.0,4.5,1.5
1783001914120,2026-07-02 16:18:34.120,C3:00:00:63:4D:05,-56,127,1.0,4.5,1.5
1783001914134,2026-07-02 16:18:34.134,C3:00:00:63:4D:04,-64,127,1.0,4.5,1.5
1783001914140,2026-07-02 16:18:34.140,C3:00:00:63:4D:05,-56,127,1.0,4.5,1.5
1783001914156,2026-07-02 16:18:34.156,C3:00:00:63:4D:0A,-60,127,1.0,4.5,1.5
1783001914171,2026-07-02 16:18:34.171,C3:00:00:63:4D:07,-61,127,1.0,4.5,1.5
1783001914180,2026-07-02 16:18:34.180,C3:00:00:63:4D:09,-59,127,1.0,4.5,1.5
1783001914202,2026-07-02 16:18:34.202,C3:00:00:63:4D:08,-52,127,1.0,4.5,1.5
1783001914233,2026-07-02 16:18:34.233,C3:00:00:63:4C:D2,-63,127,1.0,4.5,1.5
1783001914237,2026-07-02 16:18:34.237,C3:00:00:63:4D:05,-56,127,1.0,4.5,1.5
1783001914248,2026-07-02 16:18:34.248,C3:00:00:63:4D:04,-56,127,1.0,4.5,1.5
1783001914255,2026-07-02 16:18:34.255,C3:00:00:63:4D:0A,-60,127,1.0,4.5,1.5
1783001914284,2026-07-02 16:18:34.284,C3:00:00:63:4D:07,-62,127,1.0,4.5,1.5
1783001914352,2026-07-02 16:18:34.352,C3:00:00:63:4C:D2,-54,127,1.0,4.5,1.5
1783001914359,2026-07-02 16:18:34.359,C3:00:00:63:4D:0A,-62,127,1.0,4.5,1.5
1783001914368,2026-07-02 16:18:34.368,C3:00:00:63:4D:04,-71,127,1.0,4.5,1.5
1783001914401,2026-07-02 16:18:34.401,C3:00:00:63:4D:07,-62,127,1.0,4.5,1.5
1783001914449,2026-07-02 16:18:34.449,C3:00:00:63:4D:0A,-60,127,1.0,4.5,1.5
1783001914459,2026-07-02 16:18:34.459,C3:00:00:63:4C:D2,-64,127,1.0,4.5,1.5
1783001914466,2026-07-02 16:18:34.466,C3:00:00:63:4D:05,-55,127,1.0,4.5,1.5
1783001914473,2026-07-02 16:18:34.473,C3:00:00:63:4D:07,-61,127,1.0,4.5,1.5
1783001914479,2026-07-02 16:18:34.479,C3:00:00:63:4D:04,-64,127,1.0,4.5,1.5
1783001914484,2026-07-02 16:18:34.484,C3:00:00:63:4D:08,-51,127,1.0,4.5,1.5
1783001914503,2026-07-02 16:18:34.503,C3:00:00:63:4D:08,-59,127,1.0,4.5,1.5
1783001914521,2026-07-02 16:18:34.521,C3:00:00:63:4D:09,-61,127,1.0,4.5,1.5
1783001914527,2026-07-02 16:18:34.527,C3:00:00:63:4D:0D,-49,127,1.0,4.5,1.5
1783001914530,2026-07-02 16:18:34.530,C3:00:00:63:4D:08,-49,127,1.0,4.5,1.5
1783001914554,2026-07-02 16:18:34.554,C3:00:00:63:4D:0A,-60,127,1.0,4.5,1.5
1783001914579,2026-07-02 16:18:34.579,C3:00:00:63:4D:04,-56,127,1.0,4.5,1.5
1783001914588,2026-07-02 16:18:34.588,C3:00:00:63:4C:D2,-63,127,1.0,4.5,1.5
1783001914630,2026-07-02 16:18:34.630,C3:00:00:63:4D:0D,-49,127,1.0,4.5,1.5
1783001914651,2026-07-02 16:18:34.651,C3:00:00:63:4D:0A,-62,127,1.0,4.5,1.5
1783001914655,2026-07-02 16:18:34.655,C3:00:00:63:4D:09,-63,127,1.0,4.5,1.5
1783001914695,2026-07-02 16:18:34.695,C3:00:00:63:4D:04,-71,127,1.0,4.5,1.5
1783001914700,2026-07-02 16:18:34.700,C3:00:00:63:4C:D2,-55,127,1.0,4.5,1.5
1783001914704,2026-07-02 16:18:34.704,C3:00:00:63:4D:05,-61,127,1.0,4.5,1.5
1783001914729,2026-07-02 16:18:34.729,C3:00:00:63:4D:0D,-49,127,1.0,4.5,1.5
1783001914747,2026-07-02 16:18:34.747,C3:00:00:63:4D:08,-51,127,1.0,4.5,1.5
1783001914761,2026-07-02 16:18:34.761,C3:00:00:63:4D:0A,-60,127,1.0,4.5,1.5
1783001914764,2026-07-02 16:18:34.764,C3:00:00:63:4D:07,-62,127,1.0,4.5,1.5
1783001914768,2026-07-02 16:18:34.768,C3:00:00:63:4D:09,-59,127,1.0,4.5,1.5
1783001914800,2026-07-02 16:18:34.800,C3:00:00:63:4D:04,-63,127,1.0,4.5,1.5
1783001914837,2026-07-02 16:18:34.837,C3:00:00:63:4D:0D,-49,127,1.0,4.5,1.5
1783001914850,2026-07-02 16:18:34.850,C3:00:00:63:4D:0A,-61,127,1.0,4.5,1.5
1783001914857,2026-07-02 16:18:34.857,C3:00:00:63:4D:08,-49,127,1.0,4.5,1.5
1783001914869,2026-07-02 16:18:34.869,C3:00:00:63:4D:09,-61,127,1.0,4.5,1.5
1783001914871,2026-07-02 16:18:34.871,C3:00:00:63:4D:07,-62,127,1.0,4.5,1.5
1783001914902,2026-07-02 16:18:34.902,C3:00:00:63:4D:04,-55,127,1.0,4.5,1.5
1783001914920,2026-07-02 16:18:34.920,C3:00:00:63:4D:09,-71,127,1.0,4.5,1.5
1783001914947,2026-07-02 16:18:34.947,C3:00:00:63:4D:0D,-50,127,1.0,4.5,1.5
1783001914951,2026-07-02 16:18:34.951,C3:00:00:63:4D:0A,-61,127,1.0,4.5,1.5
1783001914959,2026-07-02 16:18:34.959,C3:00:00:63:4D:05,-61,127,1.0,4.5,1.5
1783001914963,2026-07-02 16:18:34.963,C3:00:00:63:4D:08,-54,127,1.0,4.5,1.5
1783001914981,2026-07-02 16:18:34.981,C3:00:00:63:4D:09,-62,127,1.0,4.5,1.5
1783001914986,2026-07-02 16:18:34.986,C3:00:00:63:4D:07,-62,127,1.0,4.5,1.5
1783001915014,2026-07-02 16:18:35.014,C3:00:00:63:4D:04,-71,127,1.0,4.5,1.5
1783001915035,2026-07-02 16:18:35.035,C3:00:00:63:4C:D2,-63,127,1.0,4.5,1.5
1783001915040,2026-07-02 16:18:35.040,C3:00:00:63:4D:05,-55,127,1.0,4.5,1.5
1783001915045,2026-07-02 16:18:35.045,C3:00:00:63:4D:0D,-49,127,1.0,4.5,1.5
1783001915046,2026-07-02 16:18:35.046,C3:00:00:63:4D:0A,-60,127,1.0,4.5,1.5
1783001915071,2026-07-02 16:18:35.071,C3:00:00:63:4D:08,-51,127,1.0,4.5,1.5
1783001915087,2026-07-02 16:18:35.087,C3:00:00:63:4D:09,-59,127,1.0,4.5,1.5
1783001915103,2026-07-02 16:18:35.103,C3:00:00:63:4D:07,-62,127,1.0,4.5,1.5
1783001915127,2026-07-02 16:18:35.127,C3:00:00:63:4D:04,-55,127,1.0,4.5,1.5
1783001915158,2026-07-02 16:18:35.158,C3:00:00:63:4D:05,-55,127,1.0,4.5,1.5
1783001915170,2026-07-02 16:18:35.170,C3:00:00:63:4D:08,-48,127,1.0,4.5,1.5
1783001915214,2026-07-02 16:18:35.214,C3:00:00:63:4D:07,-62,127,1.0,4.5,1.5
1783001915232,2026-07-02 16:18:35.232,C3:00:00:63:4D:04,-71,127,1.0,4.5,1.5
1783001915235,2026-07-02 16:18:35.235,C3:00:00:63:4D:07,-61,127,1.0,4.5,1.5
1783001915253,2026-07-02 16:18:35.253,C3:00:00:63:4D:0A,-62,127,1.0,4.5,1.5
1783001915255,2026-07-02 16:18:35.255,C3:00:00:63:4D:0D,-49,127,1.0,4.5,1.5
1783001915269,2026-07-02 16:18:35.269,C3:00:00:63:4D:05,-61,127,1.0,4.5,1.5
1783001915277,2026-07-02 16:18:35.277,C3:00:00:63:4C:D2,-55,127,1.0,4.5,1.5
1783001915289,2026-07-02 16:18:35.289,C3:00:00:63:4D:08,-54,127,1.0,4.5,1.5
1783001915295,2026-07-02 16:18:35.295,C3:00:00:63:4D:04,-78,127,1.0,4.5,1.5
1783001915333,2026-07-02 16:18:35.333,C3:00:00:63:4D:04,-62,127,1.0,4.5,1.5
1783001915354,2026-07-02 16:18:35.354,C3:00:00:63:4D:0A,-60,127,1.0,4.5,1.5
1783001915363,2026-07-02 16:18:35.363,C3:00:00:63:4D:0D,-49,127,1.0,4.5,1.5
1783001915383,2026-07-02 16:18:35.383,C3:00:00:63:4D:05,-55,127,1.0,4.5,1.5
1783001915388,2026-07-02 16:18:35.388,C3:00:00:63:4C:D2,-63,127,1.0,4.5,1.5
1783001915395,2026-07-02 16:18:35.395,C3:00:00:63:4D:08,-52,127,1.0,4.5,1.5
1783001915433,2026-07-02 16:18:35.433,C3:00:00:63:4D:0A,-60,127,1.0,4.5,1.5
1783001915437,2026-07-02 16:18:35.437,C3:00:00:63:4D:09,-62,127,1.0,4.5,1.5
1783001915444,2026-07-02 16:18:35.444,C3:00:00:63:4D:08,-49,127,1.0,4.5,1.5
1783001915450,2026-07-02 16:18:35.450,C3:00:00:63:4D:07,-62,127,1.0,4.5,1.5
1783001915458,2026-07-02 16:18:35.458,C3:00:00:63:4D:04,-56,127,1.0,4.5,1.5
1783001915462,2026-07-02 16:18:35.462,C3:00:00:63:4D:0A,-60,127,1.0,4.5,1.5
1783001915501,2026-07-02 16:18:35.501,C3:00:00:63:4C:D2,-63,127,1.0,4.5,1.5
1783001915504,2026-07-02 16:18:35.504,C3:00:00:63:4D:08,-49,127,1.0,4.5,1.5
1783001915551,2026-07-02 16:18:35.551,C3:00:00:63:4D:0A,-61,127,1.0,4.5,1.5
1783001915578,2026-07-02 16:18:35.578,C3:00:00:63:4D:0D,-50,127,1.0,4.5,1.5
1783001915611,2026-07-02 16:18:35.611,C3:00:00:63:4C:D2,-55,127,1.0,4.5,1.5
1783001915670,2026-07-02 16:18:35.670,C3:00:00:63:4D:09,-59,127,1.0,4.5,1.5
1783001915677,2026-07-02 16:18:35.677,C3:00:00:63:4D:07,-63,127,1.0,4.5,1.5
1783001915694,2026-07-02 16:18:35.694,C3:00:00:63:4D:04,-62,127,1.0,4.5,1.5
1783001915697,2026-07-02 16:18:35.697,C3:00:00:63:4D:0D,-50,127,1.0,4.5,1.5
1783001915720,2026-07-02 16:18:35.720,C3:00:00:63:4D:08,-48,127,1.0,4.5,1.5
1783001915727,2026-07-02 16:18:35.727,C3:00:00:63:4C:D2,-61,127,1.0,4.5,1.5
1783001915733,2026-07-02 16:18:35.733,C3:00:00:63:4D:05,-54,127,1.0,4.5,1.5
1783001915752,2026-07-02 16:18:35.752,C3:00:00:63:4D:0A,-61,127,1.0,4.5,1.5
1783001915773,2026-07-02 16:18:35.773,C3:00:00:63:4D:04,-56,127,1.0,4.5,1.5
1783001915779,2026-07-02 16:18:35.779,C3:00:00:63:4D:0A,-62,127,1.0,4.5,1.5
1783001915838,2026-07-02 16:18:35.838,C3:00:00:63:4D:08,-54,127,1.0,4.5,1.5
1783001915844,2026-07-02 16:18:35.844,C3:00:00:63:4C:D2,-55,127,1.0,4.5,1.5
1783001915848,2026-07-02 16:18:35.848,C3:00:00:63:4D:05,-61,127,1.0,4.5,1.5
1783001915854,2026-07-02 16:18:35.854,C3:00:00:63:4D:0A,-61,127,1.0,4.5,1.5
1783001915892,2026-07-02 16:18:35.892,C3:00:00:63:4D:09,-62,127,1.0,4.5,1.5
1783001915897,2026-07-02 16:18:35.897,C3:00:00:63:4C:D2,-55,127,1.0,4.5,1.5
1783001915944,2026-07-02 16:18:35.944,C3:00:00:63:4D:08,-52,127,1.0,4.5,1.5
1783001915982,2026-07-02 16:18:35.982,C3:00:00:63:4D:0D,-49,127,1.0,4.5,1.5
1783001915992,2026-07-02 16:18:35.992,C3:00:00:63:4D:04,-62,127,1.0,4.5,1.5
1783001916009,2026-07-02 16:18:36.009,C3:00:00:63:4D:09,-60,127,1.0,4.5,1.5
1783001916012,2026-07-02 16:18:36.012,C3:00:00:63:4D:0D,-49,127,1.0,4.5,1.5
1783001916026,2026-07-02 16:18:36.026,C3:00:00:63:4D:07,-62,127,1.0,4.5,1.5
1783001916069,2026-07-02 16:18:36.069,C3:00:00:63:4D:04,-56,127,1.0,4.5,1.5
1783001916072,2026-07-02 16:18:36.072,C3:00:00:63:4C:D2,-62,127,1.0,4.5,1.5
1783001916077,2026-07-02 16:18:36.077,C3:00:00:63:4D:05,-55,127,1.0,4.5,1.5
1783001916083,2026-07-02 16:18:36.083,C3:00:00:63:4D:04,-56,127,1.0,4.5,1.5
1783001916095,2026-07-02 16:18:36.095,C3:00:00:63:4D:0D,-50,127,1.0,4.5,1.5
1783001916102,2026-07-02 16:18:36.102,C3:00:00:63:4D:04,-56,127,1.0,4.5,1.5
1783001916120,2026-07-02 16:18:36.120,C3:00:00:63:4D:09,-62,127,1.0,4.5,1.5
1783001916136,2026-07-02 16:18:36.136,C3:00:00:63:4D:07,-62,127,1.0,4.5,1.5
1783001916144,2026-07-02 16:18:36.144,C3:00:00:63:4D:05,-61,127,1.0,4.5,1.5
1783001916150,2026-07-02 16:18:36.150,C3:00:00:63:4D:0A,-61,127,1.0,4.5,1.5
1783001916158,2026-07-02 16:18:36.158,C3:00:00:63:4D:07,-61,127,1.0,4.5,1.5
1783001916161,2026-07-02 16:18:36.161,C3:00:00:63:4D:08,-54,127,1.0,4.5,1.5
1783001916166,2026-07-02 16:18:36.166,C3:00:00:63:4D:05,-62,127,1.0,4.5,1.5
1783001916185,2026-07-02 16:18:36.185,C3:00:00:63:4C:D2,-55,127,1.0,4.5,1.5
1783001916190,2026-07-02 16:18:36.190,C3:00:00:63:4D:05,-61,127,1.0,4.5,1.5
1783001916204,2026-07-02 16:18:36.204,C3:00:00:63:4D:0D,-49,127,1.0,4.5,1.5
1783001916235,2026-07-02 16:18:36.235,C3:00:00:63:4D:09,-60,127,1.0,4.5,1.5
1783001916253,2026-07-02 16:18:36.253,C3:00:00:63:4D:07,-62,127,1.0,4.5,1.5
1783001916256,2026-07-02 16:18:36.256,C3:00:00:63:4D:0A,-60,127,1.0,4.5,1.5
1783001916303,2026-07-02 16:18:36.303,C3:00:00:63:4C:D2,-63,127,1.0,4.5,1.5
1783001916307,2026-07-02 16:18:36.307,C3:00:00:63:4D:05,-55,127,1.0,4.5,1.5
1783001916317,2026-07-02 16:18:36.317,C3:00:00:63:4D:04,-63,127,1.0,4.5,1.5
1783001916382,2026-07-02 16:18:36.382,C3:00:00:63:4D:08,-48,127,1.0,4.5,1.5
1783001916413,2026-07-02 16:18:36.413,C3:00:00:63:4D:0D,-50,127,1.0,4.5,1.5
1783001916421,2026-07-02 16:18:36.421,C3:00:00:63:4C:D2,-62,127,1.0,4.5,1.5
1783001916423,2026-07-02 16:18:36.423,C3:00:00:63:4D:05,-61,127,1.0,4.5,1.5
1783001916433,2026-07-02 16:18:36.433,C3:00:00:63:4D:04,-73,127,1.0,4.5,1.5
1783001916447,2026-07-02 16:18:36.447,C3:00:00:63:4D:0A,-62,127,1.0,4.5,1.5
1783001916459,2026-07-02 16:18:36.459,C3:00:00:63:4D:09,-62,127,1.0,4.5,1.5
1783001916482,2026-07-02 16:18:36.482,C3:00:00:63:4D:08,-54,127,1.0,4.5,1.5
1783001916498,2026-07-02 16:18:36.498,C3:00:00:63:4C:D2,-56,127,1.0,4.5,1.5
1783001916513,2026-07-02 16:18:36.513,C3:00:00:63:4D:0D,-49,127,1.0,4.5,1.5
1783001916545,2026-07-02 16:18:36.545,C3:00:00:63:4D:0A,-60,127,1.0,4.5,1.5
1783001916577,2026-07-02 16:18:36.577,C3:00:00:63:4D:09,-60,127,1.0,4.5,1.5
1783001916583,2026-07-02 16:18:36.583,C3:00:00:63:4D:07,-62,127,1.0,4.5,1.5
1783001916594,2026-07-02 16:18:36.594,C3:00:00:63:4D:08,-52,127,1.0,4.5,1.5
1783001916613,2026-07-02 16:18:36.613,C3:00:00:63:4D:0A,-61,127,1.0,4.5,1.5
1783001916615,2026-07-02 16:18:36.615,C3:00:00:63:4D:0D,-49,127,1.0,4.5,1.5
1783001916648,2026-07-02 16:18:36.648,C3:00:00:63:4D:04,-56,127,1.0,4.5,1.5
1783001916652,2026-07-02 16:18:36.652,C3:00:00:63:4D:05,-55,127,1.0,4.5,1.5
1783001916659,2026-07-02 16:18:36.659,C3:00:00:63:4D:09,-63,127,1.0,4.5,1.5
1783001916661,2026-07-02 16:18:36.661,C3:00:00:63:4D:0A,-60,127,1.0,4.5,1.5
1783001916694,2026-07-02 16:18:36.694,C3:00:00:63:4D:09,-61,127,1.0,4.5,1.5
1783001916703,2026-07-02 16:18:36.703,C3:00:00:63:4D:08,-49,127,1.0,4.5,1.5
1783001916716,2026-07-02 16:18:36.716,C3:00:00:63:4D:07,-62,127,1.0,4.5,1.5
1783001916725,2026-07-02 16:18:36.725,C3:00:00:63:4D:0D,-49,127,1.0,4.5,1.5
1783001916747,2026-07-02 16:18:36.747,C3:00:00:63:4D:0A,-61,127,1.0,4.5,1.5
1783001916754,2026-07-02 16:18:36.754,C3:00:00:63:4D:04,-73,127,1.0,4.5,1.5
1783001916759,2026-07-02 16:18:36.759,C3:00:00:63:4C:D2,-55,127,1.0,4.5,1.5
1783001916767,2026-07-02 16:18:36.767,C3:00:00:63:4D:05,-61,127,1.0,4.5,1.5
1783001916782,2026-07-02 16:18:36.782,C3:00:00:63:4D:0A,-69,127,1.0,4.5,1.5
1783001916809,2026-07-02 16:18:36.809,C3:00:00:63:4D:09,-62,127,1.0,4.5,1.5
1783001916827,2026-07-02 16:18:36.827,C3:00:00:63:4D:08,-52,127,1.0,4.5,1.5
1783001916831,2026-07-02 16:18:36.831,C3:00:00:63:4D:0D,-49,127,1.0,4.5,1.5
1783001916849,2026-07-02 16:18:36.849,C3:00:00:63:4D:0A,-60,127,1.0,4.5,1.5
1783001916876,2026-07-02 16:18:36.876,C3:00:00:63:4D:05,-55,127,1.0,4.5,1.5
1783001916878,2026-07-02 16:18:36.878,C3:00:00:63:4C:D2,-63,127,1.0,4.5,1.5
1783001916919,2026-07-02 16:18:36.919,C3:00:00:63:4D:08,-48,127,1.0,4.5,1.5
1783001916925,2026-07-02 16:18:36.925,C3:00:00:63:4D:09,-62,127,1.0,4.5,1.5
1783001916935,2026-07-02 16:18:36.935,C3:00:00:63:4D:07,-62,127,1.0,4.5,1.5
1783001916943,2026-07-02 16:18:36.943,C3:00:00:63:4D:0D,-49,127,1.0,4.5,1.5
1783001916951,2026-07-02 16:18:36.951,C3:00:00:63:4D:0A,-60,127,1.0,4.5,1.5
1783001916956,2026-07-02 16:18:36.956,C3:00:00:63:4D:05,-55,127,1.0,4.5,1.5
1783001916979,2026-07-02 16:18:36.979,C3:00:00:63:4D:04,-56,127,1.0,4.5,1.5
1783001916993,2026-07-02 16:18:36.993,C3:00:00:63:4D:05,-54,127,1.0,4.5,1.5
1783001917036,2026-07-02 16:18:37.036,C3:00:00:63:4D:09,-60,127,1.0,4.5,1.5
1783001917041,2026-07-02 16:18:37.041,C3:00:00:63:4D:0D,-59,127,1.0,4.5,1.5
1783001917048,2026-07-02 16:18:37.048,C3:00:00:63:4D:08,-53,127,1.0,4.5,1.5
1783001917052,2026-07-02 16:18:37.052,C3:00:00:63:4D:0A,-61,127,1.0,4.5,1.5
1783001917059,2026-07-02 16:18:37.059,C3:00:00:63:4D:0D,-50,127,1.0,4.5,1.5
1783001917079,2026-07-02 16:18:37.079,C3:00:00:63:4D:04,-74,127,1.0,4.5,1.5
1783001917096,2026-07-02 16:18:37.096,C3:00:00:63:4D:04,-73,127,1.0,4.5,1.5
1783001917110,2026-07-02 16:18:37.110,C3:00:00:63:4C:D2,-55,127,1.0,4.5,1.5
1783001917114,2026-07-02 16:18:37.114,C3:00:00:63:4D:05,-59,127,1.0,4.5,1.5
1783001917139,2026-07-02 16:18:37.139,C3:00:00:63:4D:08,-51,127,1.0,4.5,1.5
1783001917152,2026-07-02 16:18:37.152,C3:00:00:63:4D:09,-59,127,1.0,4.5,1.5
1783001917213,2026-07-02 16:18:37.213,C3:00:00:63:4D:05,-63,127,1.0,4.5,1.5
1783001917226,2026-07-02 16:18:37.226,C3:00:00:63:4C:D2,-63,127,1.0,4.5,1.5
1783001917240,2026-07-02 16:18:37.240,C3:00:00:63:4D:05,-55,127,1.0,4.5,1.5
1783001917259,2026-07-02 16:18:37.259,C3:00:00:63:4D:0A,-61,127,1.0,4.5,1.5
1783001917263,2026-07-02 16:18:37.263,C3:00:00:63:4D:09,-59,127,1.0,4.5,1.5
1783001917283,2026-07-02 16:18:37.283,C3:00:00:63:4D:07,-63,127,1.0,4.5,1.5
1783001917301,2026-07-02 16:18:37.301,C3:00:00:63:4D:04,-56,127,1.0,4.5,1.5
1783001917338,2026-07-02 16:18:37.338,C3:00:00:63:4C:D2,-61,127,1.0,4.5,1.5
1783001917353,2026-07-02 16:18:37.353,C3:00:00:63:4D:0A,-61,127,1.0,4.5,1.5
1783001917375,2026-07-02 16:18:37.375,C3:00:00:63:4D:0D,-51,127,1.0,4.5,1.5
1783001917383,2026-07-02 16:18:37.383,C3:00:00:63:4D:09,-62,127,1.0,4.5,1.5
1783001917394,2026-07-02 16:18:37.394,C3:00:00:63:4D:07,-62,127,1.0,4.5,1.5
1783001917406,2026-07-02 16:18:37.406,C3:00:00:63:4D:04,-73,127,1.0,4.5,1.5
1783001917439,2026-07-02 16:18:37.439,C3:00:00:63:4D:0A,-62,127,1.0,4.5,1.5
1783001917459,2026-07-02 16:18:37.459,C3:00:00:63:4D:08,-54,127,1.0,4.5,1.5
1783001917465,2026-07-02 16:18:37.465,C3:00:00:63:4D:0D,-49,127,1.0,4.5,1.5
1783001917467,2026-07-02 16:18:37.467,C3:00:00:63:4D:0A,-61,127,1.0,4.5,1.5
1783001917513,2026-07-02 16:18:37.513,C3:00:00:63:4D:07,-61,127,1.0,4.5,1.5
1783001917552,2026-07-02 16:18:37.552,C3:00:00:63:4D:0A,-60,127,1.0,4.5,1.5
1783001917564,2026-07-02 16:18:37.564,C3:00:00:63:4D:0D,-49,127,1.0,4.5,1.5
1783001917568,2026-07-02 16:18:37.568,C3:00:00:63:4D:05,-55,127,1.0,4.5,1.5
1783001917579,2026-07-02 16:18:37.579,C3:00:00:63:4C:D2,-63,127,1.0,4.5,1.5
1783001917585,2026-07-02 16:18:37.585,C3:00:00:63:4D:08,-52,127,1.0,4.5,1.5
1783001917602,2026-07-02 16:18:37.602,C3:00:00:63:4D:09,-62,127,1.0,4.5,1.5
1783001917627,2026-07-02 16:18:37.627,C3:00:00:63:4D:04,-56,127,1.0,4.5,1.5
1783001917655,2026-07-02 16:18:37.655,C3:00:00:63:4D:0A,-60,127,1.0,4.5,1.5
1783001917683,2026-07-02 16:18:37.683,C3:00:00:63:4C:D2,-62,127,1.0,4.5,1.5
1783001917685,2026-07-02 16:18:37.685,C3:00:00:63:4D:05,-55,127,1.0,4.5,1.5
1783001917687,2026-07-02 16:18:37.687,C3:00:00:63:4D:08,-48,127,1.0,4.5,1.5
1783001917690,2026-07-02 16:18:37.690,C3:00:00:63:4D:09,-62,127,1.0,4.5,1.5
1783001917722,2026-07-02 16:18:37.722,C3:00:00:63:4D:09,-62,127,1.0,4.5,1.5
1783001917741,2026-07-02 16:18:37.741,C3:00:00:63:4D:04,-72,127,1.0,4.5,1.5
1783001917752,2026-07-02 16:18:37.752,C3:00:00:63:4D:0A,-61,127,1.0,4.5,1.5
1783001917779,2026-07-02 16:18:37.779,C3:00:00:63:4D:0D,-49,127,1.0,4.5,1.5
1783001917783,2026-07-02 16:18:37.783,C3:00:00:63:4D:0A,-62,127,1.0,4.5,1.5
1783001917792,2026-07-02 16:18:37.792,C3:00:00:63:4D:08,-52,127,1.0,4.5,1.5
1783001917799,2026-07-02 16:18:37.799,C3:00:00:63:4D:05,-55,127,1.0,4.5,1.5
1783001917800,2026-07-02 16:18:37.800,C3:00:00:63:4C:D2,-63,127,1.0,4.5,1.5
1783001917825,2026-07-02 16:18:37.825,C3:00:00:63:4D:09,-60,127,1.0,4.5,1.5
1783001917850,2026-07-02 16:18:37.850,C3:00:00:63:4D:04,-62,127,1.0,4.5,1.5
1783001917857,2026-07-02 16:18:37.857,C3:00:00:63:4D:0A,-60,127,1.0,4.5,1.5
1783001917861,2026-07-02 16:18:37.861,C3:00:00:63:4D:07,-61,127,1.0,4.5,1.5
1783001917883,2026-07-02 16:18:37.883,C3:00:00:63:4D:0D,-49,127,1.0,4.5,1.5
1783001917902,2026-07-02 16:18:37.902,C3:00:00:63:4D:08,-49,127,1.0,4.5,1.5
1783001917922,2026-07-02 16:18:37.922,C3:00:00:63:4C:D2,-62,127,1.0,4.5,1.5
1783001917926,2026-07-02 16:18:37.926,C3:00:00:63:4C:D2,-62,127,1.0,4.5,1.5
1783001917949,2026-07-02 16:18:37.949,C3:00:00:63:4D:0A,-60,127,1.0,4.5,1.5
1783001917955,2026-07-02 16:18:37.955,C3:00:00:63:4D:04,-56,127,1.0,4.5,1.5
1783001917966,2026-07-02 16:18:37.966,C3:00:00:63:4D:07,-62,127,1.0,4.5,1.5
1783001918003,2026-07-02 16:18:38.003,C3:00:00:63:4D:0D,-50,127,1.0,4.5,1.5
1783001918010,2026-07-02 16:18:38.010,C3:00:00:63:4D:08,-53,127,1.0,4.5,1.5
1783001918026,2026-07-02 16:18:38.026,C3:00:00:63:4C:D2,-55,127,1.0,4.5,1.5
1783001918054,2026-07-02 16:18:38.054,C3:00:00:63:4D:0A,-61,127,1.0,4.5,1.5
1783001918064,2026-07-02 16:18:38.064,C3:00:00:63:4D:09,-60,127,1.0,4.5,1.5
1783001918075,2026-07-02 16:18:38.075,C3:00:00:63:4D:04,-78,127,1.0,4.5,1.5
1783001918082,2026-07-02 16:18:38.082,C3:00:00:63:4D:07,-60,127,1.0,4.5,1.5
1783001918107,2026-07-02 16:18:38.107,C3:00:00:63:4D:04,-63,127,1.0,4.5,1.5
1783001918118,2026-07-02 16:18:38.118,C3:00:00:63:4D:08,-51,127,1.0,4.5,1.5
1783001918133,2026-07-02 16:18:38.133,C3:00:00:63:4D:07,-63,127,1.0,4.5,1.5
1783001918148,2026-07-02 16:18:38.148,C3:00:00:63:4D:0A,-61,127,1.0,4.5,1.5
1783001918162,2026-07-02 16:18:38.162,C3:00:00:63:4D:05,-55,127,1.0,4.5,1.5
1783001918168,2026-07-02 16:18:38.168,C3:00:00:63:4D:09,-59,127,1.0,4.5,1.5
1783001918178,2026-07-02 16:18:38.178,C3:00:00:63:4D:04,-63,127,1.0,4.5,1.5
1783001918195,2026-07-02 16:18:38.195,C3:00:00:63:4D:0D,-50,127,1.0,4.5,1.5
1783001918201,2026-07-02 16:18:38.201,C3:00:00:63:4D:07,-62,127,1.0,4.5,1.5
1783001918231,2026-07-02 16:18:38.231,C3:00:00:63:4D:08,-48,127,1.0,4.5,1.5
1783001918253,2026-07-02 16:18:38.253,C3:00:00:63:4D:0A,-61,127,1.0,4.5,1.5
1783001918266,2026-07-02 16:18:38.266,C3:00:00:63:4D:05,-54,127,1.0,4.5,1.5
1783001918291,2026-07-02 16:18:38.291,C3:00:00:63:4D:04,-56,127,1.0,4.5,1.5
1783001918296,2026-07-02 16:18:38.296,C3:00:00:63:4D:09,-62,127,1.0,4.5,1.5
1783001918307,2026-07-02 16:18:38.307,C3:00:00:63:4D:0D,-50,127,1.0,4.5,1.5
1783001918317,2026-07-02 16:18:38.317,C3:00:00:63:4D:07,-60,127,1.0,4.5,1.5
1783001918337,2026-07-02 16:18:38.337,C3:00:00:63:4D:08,-53,127,1.0,4.5,1.5
1783001918349,2026-07-02 16:18:38.349,C3:00:00:63:4D:0A,-61,127,1.0,4.5,1.5
1783001918370,2026-07-02 16:18:38.370,C3:00:00:63:4C:D2,-55,127,1.0,4.5,1.5
1783001918377,2026-07-02 16:18:38.377,C3:00:00:63:4D:05,-61,127,1.0,4.5,1.5
1783001918404,2026-07-02 16:18:38.404,C3:00:00:63:4D:09,-59,127,1.0,4.5,1.5
1783001918409,2026-07-02 16:18:38.409,C3:00:00:63:4D:0D,-50,127,1.0,4.5,1.5
1783001918434,2026-07-02 16:18:38.434,C3:00:00:63:4D:07,-63,127,1.0,4.5,1.5
1783001918468,2026-07-02 16:18:38.468,C3:00:00:63:4D:07,-63,127,1.0,4.5,1.5
1783001918483,2026-07-02 16:18:38.483,C3:00:00:63:4C:D2,-62,127,1.0,4.5,1.5
1783001918486,2026-07-02 16:18:38.486,C3:00:00:63:4D:05,-55,127,1.0,4.5,1.5
1783001918506,2026-07-02 16:18:38.506,C3:00:00:63:4C:D2,-61,127,1.0,4.5,1.5
1783001918513,2026-07-02 16:18:38.513,C3:00:00:63:4D:0D,-50,127,1.0,4.5,1.5
1783001918515,2026-07-02 16:18:38.515,C3:00:00:63:4D:08,-55,127,1.0,4.5,1.5
1783001918549,2026-07-02 16:18:38.549,C3:00:00:63:4D:0A,-61,127,1.0,4.5,1.5
1783001918552,2026-07-02 16:18:38.552,C3:00:00:63:4D:07,-62,127,1.0,4.5,1.5
1783001918559,2026-07-02 16:18:38.559,C3:00:00:63:4D:08,-48,127,1.0,4.5,1.5
1783001918623,2026-07-02 16:18:38.623,C3:00:00:63:4D:0D,-50,127,1.0,4.5,1.5
1783001918631,2026-07-02 16:18:38.631,C3:00:00:63:4D:09,-60,127,1.0,4.5,1.5
1783001918656,2026-07-02 16:18:38.656,C3:00:00:63:4D:09,-60,127,1.0,4.5,1.5
1783001918664,2026-07-02 16:18:38.664,C3:00:00:63:4D:07,-60,127,1.0,4.5,1.5
1783001918715,2026-07-02 16:18:38.715,C3:00:00:63:4C:D2,-63,127,1.0,4.5,1.5
1783001918718,2026-07-02 16:18:38.718,C3:00:00:63:4D:04,-62,127,1.0,4.5,1.5
1783001918724,2026-07-02 16:18:38.724,C3:00:00:63:4D:0D,-49,127,1.0,4.5,1.5
1783001918742,2026-07-02 16:18:38.742,C3:00:00:63:4D:09,-60,127,1.0,4.5,1.5
1783001918748,2026-07-02 16:18:38.748,C3:00:00:63:4D:0A,-61,127,1.0,4.5,1.5
1783001918775,2026-07-02 16:18:38.775,C3:00:00:63:4D:08,-52,127,1.0,4.5,1.5
1783001918803,2026-07-02 16:18:38.803,C3:00:00:63:4D:08,-49,127,1.0,4.5,1.5
1783001918827,2026-07-02 16:18:38.827,C3:00:00:63:4D:0D,-50,127,1.0,4.5,1.5
1783001918836,2026-07-02 16:18:38.836,C3:00:00:63:4C:D2,-62,127,1.0,4.5,1.5
1783001918842,2026-07-02 16:18:38.842,C3:00:00:63:4D:05,-55,127,1.0,4.5,1.5
1783001918852,2026-07-02 16:18:38.852,C3:00:00:63:4D:0A,-60,127,1.0,4.5,1.5
1783001918887,2026-07-02 16:18:38.887,C3:00:00:63:4D:08,-49,127,1.0,4.5,1.5
1783001918892,2026-07-02 16:18:38.892,C3:00:00:63:4D:07,-62,127,1.0,4.5,1.5
1783001918926,2026-07-02 16:18:38.926,C3:00:00:63:4D:09,-70,127,1.0,4.5,1.5
1783001918929,2026-07-02 16:18:38.929,C3:00:00:63:4D:0D,-49,127,1.0,4.5,1.5
1783001918967,2026-07-02 16:18:38.967,C3:00:00:63:4D:05,-62,127,1.0,4.5,1.5
1783001918972,2026-07-02 16:18:38.972,C3:00:00:63:4D:09,-62,127,1.0,4.5,1.5
1783001919002,2026-07-02 16:18:39.002,C3:00:00:63:4D:07,-61,127,1.0,4.5,1.5
1783001919037,2026-07-02 16:18:39.037,C3:00:00:63:4D:0D,-49,127,1.0,4.5,1.5
1783001919051,2026-07-02 16:18:39.051,C3:00:00:63:4D:04,-63,127,1.0,4.5,1.5
1783001919056,2026-07-02 16:18:39.056,C3:00:00:63:4D:0A,-60,127,1.0,4.5,1.5
1783001919063,2026-07-02 16:18:39.063,C3:00:00:63:4D:05,-55,127,1.0,4.5,1.5
1783001919085,2026-07-02 16:18:39.085,C3:00:00:63:4D:09,-60,127,1.0,4.5,1.5
1783001919107,2026-07-02 16:18:39.107,C3:00:00:63:4D:08,-49,127,1.0,4.5,1.5
1783001919124,2026-07-02 16:18:39.124,C3:00:00:63:4D:07,-62,127,1.0,4.5,1.5
1783001919142,2026-07-02 16:18:39.142,C3:00:00:63:4D:0D,-50,127,1.0,4.5,1.5
1783001919159,2026-07-02 16:18:39.159,C3:00:00:63:4D:0A,-60,127,1.0,4.5,1.5
1783001919165,2026-07-02 16:18:39.165,C3:00:00:63:4D:04,-55,127,1.0,4.5,1.5
1783001919176,2026-07-02 16:18:39.176,C3:00:00:63:4C:D2,-62,127,1.0,4.5,1.5
1783001919183,2026-07-02 16:18:39.183,C3:00:00:63:4D:05,-55,127,1.0,4.5,1.5
1783001919196,2026-07-02 16:18:39.196,C3:00:00:63:4D:09,-62,127,1.0,4.5,1.5
1783001919211,2026-07-02 16:18:39.211,C3:00:00:63:4D:08,-54,127,1.0,4.5,1.5
1783001919232,2026-07-02 16:18:39.232,C3:00:00:63:4D:07,-60,127,1.0,4.5,1.5
1783001919251,2026-07-02 16:18:39.251,C3:00:00:63:4D:0D,-50,127,1.0,4.5,1.5
1783001919271,2026-07-02 16:18:39.271,C3:00:00:63:4D:04,-74,127,1.0,4.5,1.5
1783001919297,2026-07-02 16:18:39.297,C3:00:00:63:4D:05,-54,127,1.0,4.5,1.5
1783001919318,2026-07-02 16:18:39.318,C3:00:00:63:4D:08,-52,127,1.0,4.5,1.5
1783001919350,2026-07-02 16:18:39.350,C3:00:00:63:4D:0D,-50,127,1.0,4.5,1.5
1783001919369,2026-07-02 16:18:39.369,C3:00:00:63:4D:0D,-50,127,1.0,4.5,1.5
1783001919374,2026-07-02 16:18:39.374,C3:00:00:63:4D:04,-63,127,1.0,4.5,1.5
1783001919445,2026-07-02 16:18:39.445,C3:00:00:63:4D:0A,-61,127,1.0,4.5,1.5
1783001919456,2026-07-02 16:18:39.456,C3:00:00:63:4D:0D,-51,127,1.0,4.5,1.5
1783001919522,2026-07-02 16:18:39.522,C3:00:00:63:4C:D2,-55,127,1.0,4.5,1.5
1783001919528,2026-07-02 16:18:39.528,C3:00:00:63:4D:05,-64,127,1.0,4.5,1.5
1783001919541,2026-07-02 16:18:39.541,C3:00:00:63:4D:09,-64,127,1.0,4.5,1.5
1783001919556,2026-07-02 16:18:39.556,C3:00:00:63:4D:0A,-62,127,1.0,4.5,1.5
1783001919565,2026-07-02 16:18:39.565,C3:00:00:63:4D:0D,-50,127,1.0,4.5,1.5
1783001919582,2026-07-02 16:18:39.582,C3:00:00:63:4D:07,-62,127,1.0,4.5,1.5
1783001919591,2026-07-02 16:18:39.591,C3:00:00:63:4D:04,-61,127,1.0,4.5,1.5
1783001919641,2026-07-02 16:18:39.641,C3:00:00:63:4D:05,-54,127,1.0,4.5,1.5
1783001919648,2026-07-02 16:18:39.648,C3:00:00:63:4D:0A,-61,127,1.0,4.5,1.5
1783001919655,2026-07-02 16:18:39.655,C3:00:00:63:4D:09,-57,127,1.0,4.5,1.5
1783001919664,2026-07-02 16:18:39.664,C3:00:00:63:4D:0D,-49,127,1.0,4.5,1.5
1783001919691,2026-07-02 16:18:39.691,C3:00:00:63:4D:07,-61,127,1.0,4.5,1.5
1783001919699,2026-07-02 16:18:39.699,C3:00:00:63:4D:09,-63,127,1.0,4.5,1.5
1783001919707,2026-07-02 16:18:39.707,C3:00:00:63:4D:04,-55,127,1.0,4.5,1.5
1783001919749,2026-07-02 16:18:39.749,C3:00:00:63:4D:05,-55,127,1.0,4.5,1.5
1783001919757,2026-07-02 16:18:39.757,C3:00:00:63:4D:08,-49,127,1.0,4.5,1.5
1783001919768,2026-07-02 16:18:39.768,C3:00:00:63:4D:0D,-50,127,1.0,4.5,1.5
1783001919776,2026-07-02 16:18:39.776,C3:00:00:63:4D:09,-63,127,1.0,4.5,1.5
1783001919806,2026-07-02 16:18:39.806,C3:00:00:63:4D:07,-62,127,1.0,4.5,1.5
1783001919813,2026-07-02 16:18:39.813,C3:00:00:63:4D:04,-72,127,1.0,4.5,1.5
1783001919831,2026-07-02 16:18:39.831,C3:00:00:63:4D:09,-65,127,1.0,4.5,1.5
1783001919847,2026-07-02 16:18:39.847,C3:00:00:63:4D:0A,-62,127,1.0,4.5,1.5
1783001919861,2026-07-02 16:18:39.861,C3:00:00:63:4D:08,-54,127,1.0,4.5,1.5
1783001919865,2026-07-02 16:18:39.865,C3:00:00:63:4C:D2,-55,127,1.0,4.5,1.5
1783001919874,2026-07-02 16:18:39.874,C3:00:00:63:4D:0D,-49,127,1.0,4.5,1.5
1783001919881,2026-07-02 16:18:39.881,C3:00:00:63:4D:09,-65,127,1.0,4.5,1.5
1783001919917,2026-07-02 16:18:39.917,C3:00:00:63:4C:D2,-64,127,1.0,4.5,1.5
1783001919923,2026-07-02 16:18:39.923,C3:00:00:63:4D:04,-62,127,1.0,4.5,1.5
1783001919929,2026-07-02 16:18:39.929,C3:00:00:63:4D:07,-61,127,1.0,4.5,1.5
1783001919947,2026-07-02 16:18:39.947,C3:00:00:63:4D:0A,-61,127,1.0,4.5,1.5
1783001919983,2026-07-02 16:18:39.983,C3:00:00:63:4C:D2,-64,127,1.0,4.5,1.5
1783001919994,2026-07-02 16:18:39.994,C3:00:00:63:4D:0D,-50,127,1.0,4.5,1.5
1783001919999,2026-07-02 16:18:39.999,C3:00:00:63:4D:09,-63,127,1.0,4.5,1.5
1783001920027,2026-07-02 16:18:40.027,C3:00:00:63:4D:07,-69,127,1.0,4.5,1.5
1783001920030,2026-07-02 16:18:40.030,C3:00:00:63:4D:04,-56,127,1.0,4.5,1.5
1783001920043,2026-07-02 16:18:40.043,C3:00:00:63:4D:0A,-61,127,1.0,4.5,1.5
1783001920049,2026-07-02 16:18:40.049,C3:00:00:63:4D:07,-62,127,1.0,4.5,1.5
1783001920076,2026-07-02 16:18:40.076,C3:00:00:63:4D:08,-49,127,1.0,4.5,1.5
1783001920095,2026-07-02 16:18:40.095,C3:00:00:63:4D:0D,-50,127,1.0,4.5,1.5
1783001920101,2026-07-02 16:18:40.101,C3:00:00:63:4D:04,-74,127,1.0,4.5,1.5
1783001920107,2026-07-02 16:18:40.107,C3:00:00:63:4C:D2,-52,127,1.0,4.5,1.5
1783001920113,2026-07-02 16:18:40.113,C3:00:00:63:4D:04,-75,127,1.0,4.5,1.5
1783001920116,2026-07-02 16:18:40.116,C3:00:00:63:4D:09,-64,127,1.0,4.5,1.5
1783001920135,2026-07-02 16:18:40.135,C3:00:00:63:4D:04,-75,127,1.0,4.5,1.5
1783001920147,2026-07-02 16:18:40.147,C3:00:00:63:4D:07,-62,127,1.0,4.5,1.5
1783001920151,2026-07-02 16:18:40.151,C3:00:00:63:4D:0A,-62,127,1.0,4.5,1.5
1783001920168,2026-07-02 16:18:40.168,C3:00:00:63:4D:07,-62,127,1.0,4.5,1.5
1783001920170,2026-07-02 16:18:40.170,C3:00:00:63:4D:05,-62,127,1.0,4.5,1.5
1783001920192,2026-07-02 16:18:40.192,C3:00:00:63:4D:0D,-49,127,1.0,4.5,1.5
1783001920212,2026-07-02 16:18:40.212,C3:00:00:63:4D:05,-55,127,1.0,4.5,1.5
1783001920221,2026-07-02 16:18:40.221,C3:00:00:63:4C:D2,-66,127,1.0,4.5,1.5
1783001920225,2026-07-02 16:18:40.225,C3:00:00:63:4D:09,-59,127,1.0,4.5,1.5
1783001920241,2026-07-02 16:18:40.241,C3:00:00:63:4D:04,-62,127,1.0,4.5,1.5
1783001920248,2026-07-02 16:18:40.248,C3:00:00:63:4D:0A,-61,127,1.0,4.5,1.5
1783001920273,2026-07-02 16:18:40.273,C3:00:00:63:4D:07,-61,127,1.0,4.5,1.5
1783001920294,2026-07-02 16:18:40.294,C3:00:00:63:4D:0D,-50,127,1.0,4.5,1.5
1783001920312,2026-07-02 16:18:40.312,C3:00:00:63:4D:08,-49,127,1.0,4.5,1.5
1783001920328,2026-07-02 16:18:40.328,C3:00:00:63:4C:D2,-60,127,1.0,4.5,1.5
1783001920337,2026-07-02 16:18:40.337,C3:00:00:63:4D:05,-55,127,1.0,4.5,1.5
1783001920340,2026-07-02 16:18:40.340,C3:00:00:63:4D:09,-63,127,1.0,4.5,1.5
1783001920354,2026-07-02 16:18:40.354,C3:00:00:63:4D:0A,-61,127,1.0,4.5,1.5
1783001920358,2026-07-02 16:18:40.358,C3:00:00:63:4D:04,-56,127,1.0,4.5,1.5
1783001920380,2026-07-02 16:18:40.380,C3:00:00:63:4D:07,-63,127,1.0,4.5,1.5
1783001920400,2026-07-02 16:18:40.400,C3:00:00:63:4D:0D,-51,127,1.0,4.5,1.5
1783001920439,2026-07-02 16:18:40.439,C3:00:00:63:4D:05,-59,127,1.0,4.5,1.5
1783001920448,2026-07-02 16:18:40.448,C3:00:00:63:4C:D2,-55,127,1.0,4.5,1.5
1783001920494,2026-07-02 16:18:40.494,C3:00:00:63:4D:07,-63,127,1.0,4.5,1.5
1783001920508,2026-07-02 16:18:40.508,C3:00:00:63:4C:D2,-64,127,1.0,4.5,1.5
1783001920511,2026-07-02 16:18:40.511,C3:00:00:63:4D:0D,-50,127,1.0,4.5,1.5
1783001920519,2026-07-02 16:18:40.519,C3:00:00:63:4D:08,-51,127,1.0,4.5,1.5
1783001920550,2026-07-02 16:18:40.550,C3:00:00:63:4D:0A,-62,127,1.0,4.5,1.5
1783001920558,2026-07-02 16:18:40.558,C3:00:00:63:4D:05,-54,127,1.0,4.5,1.5
1783001920566,2026-07-02 16:18:40.566,C3:00:00:63:4D:09,-58,127,1.0,4.5,1.5
1783001920616,2026-07-02 16:18:40.616,C3:00:00:63:4D:0D,-49,127,1.0,4.5,1.5
1783001920619,2026-07-02 16:18:40.619,C3:00:00:63:4D:07,-62,127,1.0,4.5,1.5
1783001920629,2026-07-02 16:18:40.629,C3:00:00:63:4D:0A,-61,127,1.0,4.5,1.5
1783001920631,2026-07-02 16:18:40.631,C3:00:00:63:4D:08,-49,127,1.0,4.5,1.5
1783001920644,2026-07-02 16:18:40.644,C3:00:00:63:4D:09,-62,127,1.0,4.5,1.5
1783001920677,2026-07-02 16:18:40.677,C3:00:00:63:4C:D2,-61,127,1.0,4.5,1.5
1783001920688,2026-07-02 16:18:40.688,C3:00:00:63:4D:05,-55,127,1.0,4.5,1.5
1783001920691,2026-07-02 16:18:40.691,C3:00:00:63:4D:04,-56,127,1.0,4.5,1.5
1783001920696,2026-07-02 16:18:40.696,C3:00:00:63:4D:09,-62,127,1.0,4.5,1.5
1783001920736,2026-07-02 16:18:40.736,C3:00:00:63:4D:07,-62,127,1.0,4.5,1.5
1783001920747,2026-07-02 16:18:40.747,C3:00:00:63:4D:0A,-63,127,1.0,4.5,1.5
1783001920796,2026-07-02 16:18:40.796,C3:00:00:63:4D:0A,-69,127,1.0,4.5,1.5
1783001920803,2026-07-02 16:18:40.803,C3:00:00:63:4D:0D,-49,127,1.0,4.5,1.5
1783001920813,2026-07-02 16:18:40.813,C3:00:00:63:4D:08,-52,127,1.0,4.5,1.5
1783001920828,2026-07-02 16:18:40.828,C3:00:00:63:4D:0D,-49,127,1.0,4.5,1.5
1783001920838,2026-07-02 16:18:40.838,C3:00:00:63:4D:08,-52,127,1.0,4.5,1.5
1783001920900,2026-07-02 16:18:40.900,C3:00:00:63:4C:D2,-61,127,1.0,4.5,1.5
1783001920929,2026-07-02 16:18:40.929,C3:00:00:63:4D:0D,-49,127,1.0,4.5,1.5
1783001920952,2026-07-02 16:18:40.952,C3:00:00:63:4D:0A,-60,127,1.0,4.5,1.5
1783001920956,2026-07-02 16:18:40.956,C3:00:00:63:4D:05,-56,127,1.0,4.5,1.5
1783001920960,2026-07-02 16:18:40.960,C3:00:00:63:4D:08,-49,127,1.0,4.5,1.5
1783001920963,2026-07-02 16:18:40.963,C3:00:00:63:4D:07,-63,127,1.0,4.5,1.5
1783001921022,2026-07-02 16:18:41.022,C3:00:00:63:4D:05,-61,127,1.0,4.5,1.5
1783001921043,2026-07-02 16:18:41.043,C3:00:00:63:4D:0D,-49,127,1.0,4.5,1.5
1783001921048,2026-07-02 16:18:41.048,C3:00:00:63:4D:0A,-62,127,1.0,4.5,1.5
1783001921056,2026-07-02 16:18:41.056,C3:00:00:63:4D:0D,-57,127,1.0,4.5,1.5
1783001921065,2026-07-02 16:18:41.065,C3:00:00:63:4D:08,-54,127,1.0,4.5,1.5
1783001921080,2026-07-02 16:18:41.080,C3:00:00:63:4D:07,-62,127,1.0,4.5,1.5
1783001921095,2026-07-02 16:18:41.095,C3:00:00:63:4D:04,-62,127,1.0,4.5,1.5
1783001921115,2026-07-02 16:18:41.115,C3:00:00:63:4D:04,-61,127,1.0,4.5,1.5
1783001921133,2026-07-02 16:18:41.133,C3:00:00:63:4D:0D,-49,127,1.0,4.5,1.5
1783001921138,2026-07-02 16:18:41.138,C3:00:00:63:4D:09,-58,127,1.0,4.5,1.5
1783001921146,2026-07-02 16:18:41.146,C3:00:00:63:4D:05,-55,127,1.0,4.5,1.5
1783001921169,2026-07-02 16:18:41.169,C3:00:00:63:4D:08,-51,127,1.0,4.5,1.5
1783001921189,2026-07-02 16:18:41.189,C3:00:00:63:4D:07,-61,127,1.0,4.5,1.5
1783001921220,2026-07-02 16:18:41.220,C3:00:00:63:4D:05,-63,127,1.0,4.5,1.5
1783001921233,2026-07-02 16:18:41.233,C3:00:00:63:4D:04,-57,127,1.0,4.5,1.5
1783001921248,2026-07-02 16:18:41.248,C3:00:00:63:4D:0D,-49,127,1.0,4.5,1.5
1783001921251,2026-07-02 16:18:41.251,C3:00:00:63:4D:0A,-60,127,1.0,4.5,1.5
1783001921257,2026-07-02 16:18:41.257,C3:00:00:63:4D:05,-55,127,1.0,4.5,1.5
1783001921258,2026-07-02 16:18:41.258,C3:00:00:63:4C:D2,-61,127,1.0,4.5,1.5
1783001921287,2026-07-02 16:18:41.287,C3:00:00:63:4D:08,-49,127,1.0,4.5,1.5
1783001921312,2026-07-02 16:18:41.312,C3:00:00:63:4D:07,-62,127,1.0,4.5,1.5
1783001921353,2026-07-02 16:18:41.353,C3:00:00:63:4D:0A,-62,127,1.0,4.5,1.5
1783001921362,2026-07-02 16:18:41.362,C3:00:00:63:4C:D2,-56,127,1.0,4.5,1.5
1783001921368,2026-07-02 16:18:41.368,C3:00:00:63:4D:0D,-49,127,1.0,4.5,1.5
1783001921395,2026-07-02 16:18:41.395,C3:00:00:63:4D:08,-54,127,1.0,4.5,1.5
1783001921416,2026-07-02 16:18:41.416,C3:00:00:63:4D:07,-62,127,1.0,4.5,1.5
1783001921443,2026-07-02 16:18:41.443,C3:00:00:63:4D:0A,-62,127,1.0,4.5,1.5
1783001921448,2026-07-02 16:18:41.448,C3:00:00:63:4D:04,-62,127,1.0,4.5,1.5
1783001921462,2026-07-02 16:18:41.462,C3:00:00:63:4D:0A,-62,127,1.0,4.5,1.5
1783001921480,2026-07-02 16:18:41.480,C3:00:00:63:4D:09,-57,127,1.0,4.5,1.5
1783001921487,2026-07-02 16:18:41.487,C3:00:00:63:4C:D2,-64,127,1.0,4.5,1.5
1783001921493,2026-07-02 16:18:41.493,C3:00:00:63:4D:08,-51,127,1.0,4.5,1.5
1783001921497,2026-07-02 16:18:41.497,C3:00:00:63:4D:05,-54,127,1.0,4.5,1.5
1783001921500,2026-07-02 16:18:41.500,C3:00:00:63:4D:08,-48,127,1.0,4.5,1.5
1783001921539,2026-07-02 16:18:41.539,C3:00:00:63:4D:07,-63,127,1.0,4.5,1.5
1783001921545,2026-07-02 16:18:41.545,C3:00:00:63:4D:0A,-61,127,1.0,4.5,1.5
1783001921594,2026-07-02 16:18:41.594,C3:00:00:63:4C:D2,-56,127,1.0,4.5,1.5
1783001921622,2026-07-02 16:18:41.622,C3:00:00:63:4D:08,-54,127,1.0,4.5,1.5
1783001921647,2026-07-02 16:18:41.647,C3:00:00:63:4D:07,-62,127,1.0,4.5,1.5
1783001921653,2026-07-02 16:18:41.653,C3:00:00:63:4D:0A,-62,127,1.0,4.5,1.5
1783001921663,2026-07-02 16:18:41.663,C3:00:00:63:4D:0D,-49,127,1.0,4.5,1.5
1783001921672,2026-07-02 16:18:41.672,C3:00:00:63:4D:04,-78,127,1.0,4.5,1.5
1783001921705,2026-07-02 16:18:41.705,C3:00:00:63:4D:05,-54,127,1.0,4.5,1.5
1783001921723,2026-07-02 16:18:41.723,C3:00:00:63:4D:08,-51,127,1.0,4.5,1.5
1783001921738,2026-07-02 16:18:41.738,C3:00:00:63:4D:09,-58,127,1.0,4.5,1.5
1783001921763,2026-07-02 16:18:41.763,C3:00:00:63:4D:0D,-49,127,1.0,4.5,1.5
1783001921770,2026-07-02 16:18:41.770,C3:00:00:63:4D:07,-61,127,1.0,4.5,1.5
1783001921778,2026-07-02 16:18:41.778,C3:00:00:63:4D:0A,-62,127,1.0,4.5,1.5
1783001921820,2026-07-02 16:18:41.820,C3:00:00:63:4D:09,-62,127,1.0,4.5,1.5
1783001921825,2026-07-02 16:18:41.825,C3:00:00:63:4D:05,-54,127,1.0,4.5,1.5
1783001921829,2026-07-02 16:18:41.829,C3:00:00:63:4C:D2,-61,127,1.0,4.5,1.5
1783001921850,2026-07-02 16:18:41.850,C3:00:00:63:4D:0A,-60,127,1.0,4.5,1.5
1783001921872,2026-07-02 16:18:41.872,C3:00:00:63:4D:0D,-49,127,1.0,4.5,1.5
1783001921878,2026-07-02 16:18:41.878,C3:00:00:63:4D:07,-62,127,1.0,4.5,1.5
1783001921884,2026-07-02 16:18:41.884,C3:00:00:63:4D:04,-55,127,1.0,4.5,1.5
1783001921931,2026-07-02 16:18:41.931,C3:00:00:63:4D:08,-54,127,1.0,4.5,1.5
1783001921947,2026-07-02 16:18:41.947,C3:00:00:63:4D:0A,-61,127,1.0,4.5,1.5
1783001921972,2026-07-02 16:18:41.972,C3:00:00:63:4C:D2,-55,127,1.0,4.5,1.5
1783001921977,2026-07-02 16:18:41.977,C3:00:00:63:4D:0D,-49,127,1.0,4.5,1.5
1783001921993,2026-07-02 16:18:41.993,C3:00:00:63:4D:04,-72,127,1.0,4.5,1.5
1783001921998,2026-07-02 16:18:41.998,C3:00:00:63:4D:07,-62,127,1.0,4.5,1.5
1783001922007,2026-07-02 16:18:42.007,C3:00:00:63:4D:0D,-49,127,1.0,4.5,1.5
1783001922046,2026-07-02 16:18:42.046,C3:00:00:63:4D:09,-58,127,1.0,4.5,1.5
1783001922053,2026-07-02 16:18:42.053,C3:00:00:63:4D:05,-54,127,1.0,4.5,1.5
1783001922106,2026-07-02 16:18:42.106,C3:00:00:63:4D:04,-56,127,1.0,4.5,1.5
1783001922125,2026-07-02 16:18:42.125,C3:00:00:63:4D:07,-63,127,1.0,4.5,1.5
1783001922128,2026-07-02 16:18:42.128,C3:00:00:63:4D:04,-56,127,1.0,4.5,1.5
1783001922142,2026-07-02 16:18:42.142,C3:00:00:63:4D:04,-56,127,1.0,4.5,1.5
1783001922155,2026-07-02 16:18:42.155,C3:00:00:63:4D:08,-48,127,1.0,4.5,1.5
1783001922157,2026-07-02 16:18:42.157,C3:00:00:63:4D:07,-62,127,1.0,4.5,1.5
1783001922160,2026-07-02 16:18:42.160,C3:00:00:63:4D:09,-62,127,1.0,4.5,1.5
1783001922163,2026-07-02 16:18:42.163,C3:00:00:63:4C:D2,-60,127,1.0,4.5,1.5
1783001922168,2026-07-02 16:18:42.168,C3:00:00:63:4D:05,-54,127,1.0,4.5,1.5
1783001922184,2026-07-02 16:18:42.184,C3:00:00:63:4D:0D,-49,127,1.0,4.5,1.5
1783001922188,2026-07-02 16:18:42.188,C3:00:00:63:4D:05,-55,127,1.0,4.5,1.5
1783001922224,2026-07-02 16:18:42.224,C3:00:00:63:4D:07,-60,127,1.0,4.5,1.5
1783001922250,2026-07-02 16:18:42.250,C3:00:00:63:4D:0A,-60,127,1.0,4.5,1.5
1783001922314,2026-07-02 16:18:42.314,C3:00:00:63:4D:04,-62,127,1.0,4.5,1.5
1783001922337,2026-07-02 16:18:42.337,C3:00:00:63:4D:07,-61,127,1.0,4.5,1.5
1783001922342,2026-07-02 16:18:42.342,C3:00:00:63:4D:0A,-61,127,1.0,4.5,1.5
1783001922377,2026-07-02 16:18:42.377,C3:00:00:63:4D:08,-51,127,1.0,4.5,1.5
1783001922387,2026-07-02 16:18:42.387,C3:00:00:63:4D:09,-59,127,1.0,4.5,1.5
1783001922395,2026-07-02 16:18:42.395,C3:00:00:63:4D:0D,-49,127,1.0,4.5,1.5
1783001922397,2026-07-02 16:18:42.397,C3:00:00:63:4C:D2,-61,127,1.0,4.5,1.5
1783001922405,2026-07-02 16:18:42.405,C3:00:00:63:4D:05,-55,127,1.0,4.5,1.5
1783001922424,2026-07-02 16:18:42.424,C3:00:00:63:4D:04,-55,127,1.0,4.5,1.5
1783001922449,2026-07-02 16:18:42.449,C3:00:00:63:4D:0A,-60,127,1.0,4.5,1.5
1783001922483,2026-07-02 16:18:42.483,C3:00:00:63:4D:07,-62,127,1.0,4.5,1.5
1783001922509,2026-07-02 16:18:42.509,C3:00:00:63:4C:D2,-55,127,1.0,4.5,1.5
1783001922512,2026-07-02 16:18:42.512,C3:00:00:63:4D:09,-63,127,1.0,4.5,1.5
1783001922514,2026-07-02 16:18:42.514,C3:00:00:63:4D:05,-62,127,1.0,4.5,1.5
1783001922527,2026-07-02 16:18:42.527,C3:00:00:63:4C:D2,-55,127,1.0,4.5,1.5
1783001922530,2026-07-02 16:18:42.530,C3:00:00:63:4D:04,-70,127,1.0,4.5,1.5
1783001922545,2026-07-02 16:18:42.545,C3:00:00:63:4D:0A,-61,127,1.0,4.5,1.5
1783001922590,2026-07-02 16:18:42.590,C3:00:00:63:4D:08,-53,127,1.0,4.5,1.5
1783001922604,2026-07-02 16:18:42.604,C3:00:00:63:4D:0D,-49,127,1.0,4.5,1.5
1783001922639,2026-07-02 16:18:42.639,C3:00:00:63:4D:04,-64,127,1.0,4.5,1.5
1783001922731,2026-07-02 16:18:42.731,C3:00:00:63:4D:09,-62,127,1.0,4.5,1.5
1783001922747,2026-07-02 16:18:42.747,C3:00:00:63:4D:05,-55,127,1.0,4.5,1.5
1783001922762,2026-07-02 16:18:42.762,C3:00:00:63:4D:0A,-61,127,1.0,4.5,1.5
1783001922806,2026-07-02 16:18:42.806,C3:00:00:63:4D:08,-52,127,1.0,4.5,1.5
1783001922812,2026-07-02 16:18:42.812,C3:00:00:63:4D:0D,-52,127,1.0,4.5,1.5
1783001922827,2026-07-02 16:18:42.827,C3:00:00:63:4D:08,-54,127,1.0,4.5,1.5
1783001922939,2026-07-02 16:18:42.939,C3:00:00:63:4D:09,-66,127,1.0,4.5,1.5
1783001922945,2026-07-02 16:18:42.945,C3:00:00:63:4D:0A,-62,127,1.0,4.5,1.5
1783001922953,2026-07-02 16:18:42.953,C3:00:00:63:4D:05,-55,127,1.0,4.5,1.5
1783001922967,2026-07-02 16:18:42.967,C3:00:00:63:4D:09,-60,127,1.0,4.5,1.5
1783001922974,2026-07-02 16:18:42.974,C3:00:00:63:4D:04,-66,127,1.0,4.5,1.5
1783001922980,2026-07-02 16:18:42.980,C3:00:00:63:4C:D2,-64,127,1.0,4.5,1.5
1783001922984,2026-07-02 16:18:42.984,C3:00:00:63:4D:05,-55,127,1.0,4.5,1.5
1783001923019,2026-07-02 16:18:43.019,C3:00:00:63:4D:0D,-50,127,1.0,4.5,1.5
1783001923024,2026-07-02 16:18:43.024,C3:00:00:63:4D:08,-49,127,1.0,4.5,1.5
1783001923036,2026-07-02 16:18:43.036,C3:00:00:63:4D:07,-63,127,1.0,4.5,1.5
1783001923080,2026-07-02 16:18:43.080,C3:00:00:63:4D:04,-56,127,1.0,4.5,1.5
1783001923093,2026-07-02 16:18:43.093,C3:00:00:63:4C:D2,-61,127,1.0,4.5,1.5
1783001923098,2026-07-02 16:18:43.098,C3:00:00:63:4D:05,-62,127,1.0,4.5,1.5
1783001923231,2026-07-02 16:18:43.231,C3:00:00:63:4D:0D,-50,127,1.0,4.5,1.5
1783001923236,2026-07-02 16:18:43.236,C3:00:00:63:4D:07,-61,127,1.0,4.5,1.5
1783001923243,2026-07-02 16:18:43.243,C3:00:00:63:4D:08,-52,127,1.0,4.5,1.5
1783001923250,2026-07-02 16:18:43.250,C3:00:00:63:4D:0A,-61,127,1.0,4.5,1.5
1783001923287,2026-07-02 16:18:43.287,C3:00:00:63:4D:04,-71,127,1.0,4.5,1.5
1783001923306,2026-07-02 16:18:43.306,C3:00:00:63:4D:09,-62,127,1.0,4.5,1.5
1783001923312,2026-07-02 16:18:43.312,C3:00:00:63:4D:04,-56,127,1.0,4.5,1.5
1783001923319,2026-07-02 16:18:43.319,C3:00:00:63:4D:05,-58,127,1.0,4.5,1.5
1783001923373,2026-07-02 16:18:43.373,C3:00:00:63:4D:07,-66,127,1.0,4.5,1.5
1783001923435,2026-07-02 16:18:43.435,C3:00:00:63:4C:D2,-55,127,1.0,4.5,1.5
1783001923443,2026-07-02 16:18:43.443,C3:00:00:63:4D:05,-61,127,1.0,4.5,1.5
1783001923448,2026-07-02 16:18:43.448,C3:00:00:63:4D:0A,-61,127,1.0,4.5,1.5
1783001923454,2026-07-02 16:18:43.454,C3:00:00:63:4D:0D,-51,127,1.0,4.5,1.5
1783001923460,2026-07-02 16:18:43.460,C3:00:00:63:4D:08,-53,127,1.0,4.5,1.5
1783001923462,2026-07-02 16:18:43.462,C3:00:00:63:4D:0A,-60,127,1.0,4.5,1.5
1783001923491,2026-07-02 16:18:43.491,C3:00:00:63:4D:07,-60,127,1.0,4.5,1.5
1783001923495,2026-07-02 16:18:43.495,C3:00:00:63:4D:08,-51,127,1.0,4.5,1.5
1783001923515,2026-07-02 16:18:43.515,C3:00:00:63:4D:04,-63,127,1.0,4.5,1.5
1783001923544,2026-07-02 16:18:43.544,C3:00:00:63:4C:D2,-66,127,1.0,4.5,1.5
1783001923549,2026-07-02 16:18:43.549,C3:00:00:63:4D:0A,-60,127,1.0,4.5,1.5
1783001923609,2026-07-02 16:18:43.609,C3:00:00:63:4D:07,-60,127,1.0,4.5,1.5
1783001923643,2026-07-02 16:18:43.643,C3:00:00:63:4D:09,-62,127,1.0,4.5,1.5
1783001923651,2026-07-02 16:18:43.651,C3:00:00:63:4D:0D,-50,127,1.0,4.5,1.5
1783001923662,2026-07-02 16:18:43.662,C3:00:00:63:4D:05,-55,127,1.0,4.5,1.5
1783001923667,2026-07-02 16:18:43.667,C3:00:00:63:4C:D2,-62,127,1.0,4.5,1.5
1783001923678,2026-07-02 16:18:43.678,C3:00:00:63:4C:D2,-62,127,1.0,4.5,1.5
1783001923711,2026-07-02 16:18:43.711,C3:00:00:63:4D:09,-61,127,1.0,4.5,1.5
1783001923717,2026-07-02 16:18:43.717,C3:00:00:63:4D:07,-61,127,1.0,4.5,1.5
1783001923739,2026-07-02 16:18:43.739,C3:00:00:63:4D:04,-74,127,1.0,4.5,1.5
1783001923748,2026-07-02 16:18:43.748,C3:00:00:63:4D:0A,-60,127,1.0,4.5,1.5
1783001923764,2026-07-02 16:18:43.764,C3:00:00:63:4D:09,-60,127,1.0,4.5,1.5
1783001923767,2026-07-02 16:18:43.767,C3:00:00:63:4D:0D,-52,127,1.0,4.5,1.5
1783001923783,2026-07-02 16:18:43.783,C3:00:00:63:4D:05,-59,127,1.0,4.5,1.5
1783001923788,2026-07-02 16:18:43.788,C3:00:00:63:4D:0A,-60,127,1.0,4.5,1.5
1783001923837,2026-07-02 16:18:43.837,C3:00:00:63:4D:07,-61,127,1.0,4.5,1.5
1783001923844,2026-07-02 16:18:43.844,C3:00:00:63:4D:04,-63,127,1.0,4.5,1.5
1783001923854,2026-07-02 16:18:43.854,C3:00:00:63:4D:09,-58,127,1.0,4.5,1.5
1783001923863,2026-07-02 16:18:43.863,C3:00:00:63:4D:0D,-48,127,1.0,4.5,1.5
1783001923876,2026-07-02 16:18:43.876,C3:00:00:63:4D:09,-58,127,1.0,4.5,1.5
1783001923886,2026-07-02 16:18:43.886,C3:00:00:63:4C:D2,-66,127,1.0,4.5,1.5
1783001923933,2026-07-02 16:18:43.933,C3:00:00:63:4C:D2,-62,127,1.0,4.5,1.5
1783001923945,2026-07-02 16:18:43.945,C3:00:00:63:4D:0A,-60,127,1.0,4.5,1.5
1783001923952,2026-07-02 16:18:43.952,C3:00:00:63:4D:04,-56,127,1.0,4.5,1.5
1783001923968,2026-07-02 16:18:43.968,C3:00:00:63:4D:0D,-50,127,1.0,4.5,1.5
1783001923985,2026-07-02 16:18:43.985,C3:00:00:63:4D:09,-62,127,1.0,4.5,1.5
1783001924013,2026-07-02 16:18:44.013,C3:00:00:63:4C:D2,-55,127,1.0,4.5,1.5
1783001924017,2026-07-02 16:18:44.017,C3:00:00:63:4D:08,-52,127,1.0,4.5,1.5
1783001924025,2026-07-02 16:18:44.025,C3:00:00:63:4D:07,-68,127,1.0,4.5,1.5
1783001924046,2026-07-02 16:18:44.046,C3:00:00:63:4D:0A,-60,127,1.0,4.5,1.5
1783001924059,2026-07-02 16:18:44.059,C3:00:00:63:4D:07,-61,127,1.0,4.5,1.5
1783001924078,2026-07-02 16:18:44.078,C3:00:00:63:4D:0D,-52,127,1.0,4.5,1.5
1783001924097,2026-07-02 16:18:44.097,C3:00:00:63:4D:09,-58,127,1.0,4.5,1.5
1783001924109,2026-07-02 16:18:44.109,C3:00:00:63:4D:04,-63,127,1.0,4.5,1.5
1783001924117,2026-07-02 16:18:44.117,C3:00:00:63:4D:08,-51,127,1.0,4.5,1.5
1783001924119,2026-07-02 16:18:44.119,C3:00:00:63:4D:05,-54,127,1.0,4.5,1.5
1783001924126,2026-07-02 16:18:44.126,C3:00:00:63:4D:04,-64,127,1.0,4.5,1.5
1783001924144,2026-07-02 16:18:44.144,C3:00:00:63:4D:0A,-60,127,1.0,4.5,1.5
1783001924195,2026-07-02 16:18:44.195,C3:00:00:63:4D:05,-55,127,1.0,4.5,1.5
1783001924200,2026-07-02 16:18:44.200,C3:00:00:63:4D:07,-60,127,1.0,4.5,1.5
1783001924225,2026-07-02 16:18:44.225,C3:00:00:63:4D:08,-49,127,1.0,4.5,1.5
1783001924243,2026-07-02 16:18:44.243,C3:00:00:63:4D:0A,-60,127,1.0,4.5,1.5
1783001924276,2026-07-02 16:18:44.276,C3:00:00:63:4D:04,-56,127,1.0,4.5,1.5
1783001924301,2026-07-02 16:18:44.301,C3:00:00:63:4D:0D,-49,127,1.0,4.5,1.5
1783001924303,2026-07-02 16:18:44.303,C3:00:00:63:4D:07,-63,127,1.0,4.5,1.5
1783001924325,2026-07-02 16:18:44.325,C3:00:00:63:4D:09,-62,127,1.0,4.5,1.5
1783001924344,2026-07-02 16:18:44.344,C3:00:00:63:4D:0A,-60,127,1.0,4.5,1.5
1783001924359,2026-07-02 16:18:44.359,C3:00:00:63:4D:05,-61,127,1.0,4.5,1.5
1783001924366,2026-07-02 16:18:44.366,C3:00:00:63:4C:D2,-55,127,1.0,4.5,1.5
1783001924385,2026-07-02 16:18:44.385,C3:00:00:63:4D:0D,-51,127,1.0,4.5,1.5
1783001924406,2026-07-02 16:18:44.406,C3:00:00:63:4D:07,-60,127,1.0,4.5,1.5
1783001924442,2026-07-02 16:18:44.442,C3:00:00:63:4D:08,-52,127,1.0,4.5,1.5
1783001924446,2026-07-02 16:18:44.446,C3:00:00:63:4D:0A,-60,127,1.0,4.5,1.5
1783001924472,2026-07-02 16:18:44.472,C3:00:00:63:4D:05,-54,127,1.0,4.5,1.5
1783001924507,2026-07-02 16:18:44.507,C3:00:00:63:4D:0D,-50,127,1.0,4.5,1.5
1783001924513,2026-07-02 16:18:44.513,C3:00:00:63:4D:04,-56,127,1.0,4.5,1.5
1783001924517,2026-07-02 16:18:44.517,C3:00:00:63:4C:D2,-64,127,1.0,4.5,1.5
1783001924526,2026-07-02 16:18:44.526,C3:00:00:63:4D:07,-60,127,1.0,4.5,1.5
1783001924547,2026-07-02 16:18:44.547,C3:00:00:63:4D:0A,-60,127,1.0,4.5,1.5
1783001924549,2026-07-02 16:18:44.549,C3:00:00:63:4D:08,-49,127,1.0,4.5,1.5
1783001924558,2026-07-02 16:18:44.558,C3:00:00:63:4D:09,-61,127,1.0,4.5,1.5
1783001924603,2026-07-02 16:18:44.603,C3:00:00:63:4D:0D,-51,127,1.0,4.5,1.5
1783001924607,2026-07-02 16:18:44.607,C3:00:00:63:4D:04,-72,127,1.0,4.5,1.5
1783001924624,2026-07-02 16:18:44.624,C3:00:00:63:4D:0A,-61,127,1.0,4.5,1.5
1783001924644,2026-07-02 16:18:44.644,C3:00:00:63:4D:07,-63,127,1.0,4.5,1.5
1783001924650,2026-07-02 16:18:44.650,C3:00:00:63:4D:09,-63,127,1.0,4.5,1.5
1783001924659,2026-07-02 16:18:44.659,C3:00:00:63:4D:0A,-60,127,1.0,4.5,1.5
1783001924678,2026-07-02 16:18:44.678,C3:00:00:63:4D:09,-62,127,1.0,4.5,1.5
1783001924697,2026-07-02 16:18:44.697,C3:00:00:63:4C:D2,-65,127,1.0,4.5,1.5
1783001924702,2026-07-02 16:18:44.702,C3:00:00:63:4D:05,-54,127,1.0,4.5,1.5
1783001924703,2026-07-02 16:18:44.703,C3:00:00:63:4D:0D,-47,127,1.0,4.5,1.5
1783001924750,2026-07-02 16:18:44.750,C3:00:00:63:4D:0A,-60,127,1.0,4.5,1.5
1783001924755,2026-07-02 16:18:44.755,C3:00:00:63:4D:07,-60,127,1.0,4.5,1.5
1783001924769,2026-07-02 16:18:44.769,C3:00:00:63:4D:08,-52,127,1.0,4.5,1.5
1783001924789,2026-07-02 16:18:44.789,C3:00:00:63:4D:09,-58,127,1.0,4.5,1.5
1783001924800,2026-07-02 16:18:44.800,C3:00:00:63:4D:0D,-49,127,1.0,4.5,1.5
1783001924818,2026-07-02 16:18:44.818,C3:00:00:63:4D:0A,-67,127,1.0,4.5,1.5
1783001924821,2026-07-02 16:18:44.821,C3:00:00:63:4C:D2,-63,127,1.0,4.5,1.5
1783001924823,2026-07-02 16:18:44.823,C3:00:00:63:4D:08,-49,127,1.0,4.5,1.5
1783001924826,2026-07-02 16:18:44.826,C3:00:00:63:4D:05,-55,127,1.0,4.5,1.5
1783001924830,2026-07-02 16:18:44.830,C3:00:00:63:4D:04,-56,127,1.0,4.5,1.5
1783001924872,2026-07-02 16:18:44.872,C3:00:00:63:4D:07,-60,127,1.0,4.5,1.5
1783001924883,2026-07-02 16:18:44.883,C3:00:00:63:4D:08,-49,127,1.0,4.5,1.5
1783001924914,2026-07-02 16:18:44.914,C3:00:00:63:4D:0D,-51,127,1.0,4.5,1.5
1783001924926,2026-07-02 16:18:44.926,C3:00:00:63:4C:D2,-55,127,1.0,4.5,1.5
1783001924946,2026-07-02 16:18:44.946,C3:00:00:63:4D:04,-72,127,1.0,4.5,1.5
1783001924951,2026-07-02 16:18:44.951,C3:00:00:63:4D:0A,-60,127,1.0,4.5,1.5
1783001924952,2026-07-02 16:18:44.952,C3:00:00:63:4D:05,-62,127,1.0,4.5,1.5
1783001924982,2026-07-02 16:18:44.982,C3:00:00:63:4D:08,-54,127,1.0,4.5,1.5
1783001925018,2026-07-02 16:18:45.018,C3:00:00:63:4D:0D,-47,127,1.0,4.5,1.5
1783001925039,2026-07-02 16:18:45.039,C3:00:00:63:4D:05,-51,127,1.0,4.5,1.5
1783001925102,2026-07-02 16:18:45.102,C3:00:00:63:4D:08,-49,127,1.0,4.5,1.5
1783001925112,2026-07-02 16:18:45.112,C3:00:00:63:4D:04,-56,127,1.0,4.5,1.5
1783001925127,2026-07-02 16:18:45.127,C3:00:00:63:4D:0D,-49,127,1.0,4.5,1.5
1783001925131,2026-07-02 16:18:45.131,C3:00:00:63:4D:09,-62,127,1.0,4.5,1.5
1783001925142,2026-07-02 16:18:45.142,C3:00:00:63:4D:0A,-60,127,1.0,4.5,1.5
1783001925156,2026-07-02 16:18:45.156,C3:00:00:63:4D:04,-56,127,1.0,4.5,1.5
1783001925157,2026-07-02 16:18:45.157,C3:00:00:63:4C:D2,-63,127,1.0,4.5,1.5
1783001925161,2026-07-02 16:18:45.161,C3:00:00:63:4D:05,-55,127,1.0,4.5,1.5
1783001925199,2026-07-02 16:18:45.199,C3:00:00:63:4D:08,-53,127,1.0,4.5,1.5
1783001925216,2026-07-02 16:18:45.216,C3:00:00:63:4D:07,-63,127,1.0,4.5,1.5
1783001925238,2026-07-02 16:18:45.238,C3:00:00:63:4D:0D,-51,127,1.0,4.5,1.5
1783001925245,2026-07-02 16:18:45.245,C3:00:00:63:4D:09,-62,127,1.0,4.5,1.5
1783001925249,2026-07-02 16:18:45.249,C3:00:00:63:4D:0A,-60,127,1.0,4.5,1.5
1783001925256,2026-07-02 16:18:45.256,C3:00:00:63:4D:04,-72,127,1.0,4.5,1.5
1783001925313,2026-07-02 16:18:45.313,C3:00:00:63:4D:08,-51,127,1.0,4.5,1.5
1783001925339,2026-07-02 16:18:45.339,C3:00:00:63:4D:07,-60,127,1.0,4.5,1.5
1783001925342,2026-07-02 16:18:45.342,C3:00:00:63:4D:0D,-47,127,1.0,4.5,1.5
1783001925347,2026-07-02 16:18:45.347,C3:00:00:63:4D:0A,-61,127,1.0,4.5,1.5
1783001925359,2026-07-02 16:18:45.359,C3:00:00:63:4D:09,-58,127,1.0,4.5,1.5
1783001925371,2026-07-02 16:18:45.371,C3:00:00:63:4D:04,-63,127,1.0,4.5,1.5
1783001925379,2026-07-02 16:18:45.379,C3:00:00:63:4D:0D,-47,127,1.0,4.5,1.5
1783001925383,2026-07-02 16:18:45.383,C3:00:00:63:4D:05,-54,127,1.0,4.5,1.5
1783001925388,2026-07-02 16:18:45.388,C3:00:00:63:4C:D2,-66,127,1.0,4.5,1.5
1783001925423,2026-07-02 16:18:45.423,C3:00:00:63:4D:08,-49,127,1.0,4.5,1.5
1783001925442,2026-07-02 16:18:45.442,C3:00:00:63:4D:0A,-60,127,1.0,4.5,1.5
1783001925446,2026-07-02 16:18:45.446,C3:00:00:63:4D:0D,-49,127,1.0,4.5,1.5
1783001925453,2026-07-02 16:18:45.453,C3:00:00:63:4D:07,-60,127,1.0,4.5,1.5
1783001925464,2026-07-02 16:18:45.464,C3:00:00:63:4D:0A,-59,127,1.0,4.5,1.5
1783001925468,2026-07-02 16:18:45.468,C3:00:00:63:4D:09,-62,127,1.0,4.5,1.5
1783001925507,2026-07-02 16:18:45.507,C3:00:00:63:4D:05,-60,127,1.0,4.5,1.5
1783001925539,2026-07-02 16:18:45.539,C3:00:00:63:4D:08,-52,127,1.0,4.5,1.5
1783001925547,2026-07-02 16:18:45.547,C3:00:00:63:4D:0D,-52,127,1.0,4.5,1.5
1783001925554,2026-07-02 16:18:45.554,C3:00:00:63:4D:0A,-60,127,1.0,4.5,1.5
1783001925561,2026-07-02 16:18:45.561,C3:00:00:63:4D:07,-61,127,1.0,4.5,1.5
1783001925580,2026-07-02 16:18:45.580,C3:00:00:63:4D:09,-60,127,1.0,4.5,1.5
1783001925584,2026-07-02 16:18:45.584,C3:00:00:63:4D:04,-76,127,1.0,4.5,1.5
1783001925613,2026-07-02 16:18:45.613,C3:00:00:63:4C:D2,-65,127,1.0,4.5,1.5
1783001925620,2026-07-02 16:18:45.620,C3:00:00:63:4D:05,-54,127,1.0,4.5,1.5
1783001925641,2026-07-02 16:18:45.641,C3:00:00:63:4D:0A,-62,127,1.0,4.5,1.5
1783001925673,2026-07-02 16:18:45.673,C3:00:00:63:4D:07,-62,127,1.0,4.5,1.5
1783001925699,2026-07-02 16:18:45.699,C3:00:00:63:4D:09,-61,127,1.0,4.5,1.5
1783001925705,2026-07-02 16:18:45.705,C3:00:00:63:4D:04,-56,127,1.0,4.5,1.5
1783001925724,2026-07-02 16:18:45.724,C3:00:00:63:4D:09,-62,127,1.0,4.5,1.5
1783001925740,2026-07-02 16:18:45.740,C3:00:00:63:4C:D2,-62,127,1.0,4.5,1.5
1783001925752,2026-07-02 16:18:45.752,C3:00:00:63:4D:0D,-49,127,1.0,4.5,1.5
1783001925809,2026-07-02 16:18:45.809,C3:00:00:63:4D:04,-72,127,1.0,4.5,1.5
1783001925815,2026-07-02 16:18:45.815,C3:00:00:63:4D:09,-63,127,1.0,4.5,1.5
1783001925847,2026-07-02 16:18:45.847,C3:00:00:63:4D:05,-64,127,1.0,4.5,1.5
1783001925853,2026-07-02 16:18:45.853,C3:00:00:63:4D:0A,-62,127,1.0,4.5,1.5
1783001925858,2026-07-02 16:18:45.858,C3:00:00:63:4C:D2,-55,127,1.0,4.5,1.5
1783001925864,2026-07-02 16:18:45.864,C3:00:00:63:4D:08,-53,127,1.0,4.5,1.5
1783001925906,2026-07-02 16:18:45.906,C3:00:00:63:4D:07,-61,127,1.0,4.5,1.5
1783001925932,2026-07-02 16:18:45.932,C3:00:00:63:4D:04,-62,127,1.0,4.5,1.5
1783001925936,2026-07-02 16:18:45.936,C3:00:00:63:4D:09,-59,127,1.0,4.5,1.5
1783001925953,2026-07-02 16:18:45.953,C3:00:00:63:4D:0A,-61,127,1.0,4.5,1.5
1783001925955,2026-07-02 16:18:45.955,C3:00:00:63:4C:D2,-64,127,1.0,4.5,1.5
1783001925963,2026-07-02 16:18:45.963,C3:00:00:63:4D:0D,-49,127,1.0,4.5,1.5
1783001925966,2026-07-02 16:18:45.966,C3:00:00:63:4D:05,-54,127,1.0,4.5,1.5
1783001925973,2026-07-02 16:18:45.973,C3:00:00:63:4C:D2,-71,127,1.0,4.5,1.5
1783001925982,2026-07-02 16:18:45.982,C3:00:00:63:4C:D2,-64,127,1.0,4.5,1.5
1783001926015,2026-07-02 16:18:46.015,C3:00:00:63:4D:0D,-49,127,1.0,4.5,1.5
1783001926022,2026-07-02 16:18:46.022,C3:00:00:63:4D:07,-62,127,1.0,4.5,1.5
1783001926026,2026-07-02 16:18:46.026,C3:00:00:63:4D:04,-56,127,1.0,4.5,1.5
1783001926046,2026-07-02 16:18:46.046,C3:00:00:63:4D:0A,-60,127,1.0,4.5,1.5
1783001926064,2026-07-02 16:18:46.064,C3:00:00:63:4D:0D,-49,127,1.0,4.5,1.5
1783001926081,2026-07-02 16:18:46.081,C3:00:00:63:4D:05,-55,127,1.0,4.5,1.5
1783001926087,2026-07-02 16:18:46.087,C3:00:00:63:4C:D2,-62,127,1.0,4.5,1.5
1783001926138,2026-07-02 16:18:46.138,C3:00:00:63:4D:04,-70,127,1.0,4.5,1.5
1783001926146,2026-07-02 16:18:46.146,C3:00:00:63:4D:0A,-62,127,1.0,4.5,1.5
1783001926154,2026-07-02 16:18:46.154,C3:00:00:63:4D:09,-63,127,1.0,4.5,1.5
1783001926168,2026-07-02 16:18:46.168,C3:00:00:63:4D:04,-70,127,1.0,4.5,1.5
1783001926175,2026-07-02 16:18:46.175,C3:00:00:63:4D:0D,-50,127,1.0,4.5,1.5
1783001926180,2026-07-02 16:18:46.180,C3:00:00:63:4D:07,-62,127,1.0,4.5,1.5
1783001926214,2026-07-02 16:18:46.214,C3:00:00:63:4D:05,-55,127,1.0,4.5,1.5
1783001926245,2026-07-02 16:18:46.245,C3:00:00:63:4D:04,-62,127,1.0,4.5,1.5
1783001926250,2026-07-02 16:18:46.250,C3:00:00:63:4D:07,-60,127,1.0,4.5,1.5
1783001926265,2026-07-02 16:18:46.265,C3:00:00:63:4D:09,-58,127,1.0,4.5,1.5
1783001926276,2026-07-02 16:18:46.276,C3:00:00:63:4D:0D,-50,127,1.0,4.5,1.5
1783001926295,2026-07-02 16:18:46.295,C3:00:00:63:4D:08,-48,127,1.0,4.5,1.5
1783001926300,2026-07-02 16:18:46.300,C3:00:00:63:4C:D2,-60,127,1.0,4.5,1.5
1783001926350,2026-07-02 16:18:46.350,C3:00:00:63:4D:04,-55,127,1.0,4.5,1.5
1783001926382,2026-07-02 16:18:46.382,C3:00:00:63:4D:09,-61,127,1.0,4.5,1.5
1783001926386,2026-07-02 16:18:46.386,C3:00:00:63:4D:0D,-50,127,1.0,4.5,1.5
1783001926400,2026-07-02 16:18:46.400,C3:00:00:63:4D:08,-54,127,1.0,4.5,1.5
1783001926444,2026-07-02 16:18:46.444,C3:00:00:63:4D:0A,-61,127,1.0,4.5,1.5
1783001926474,2026-07-02 16:18:46.474,C3:00:00:63:4D:04,-76,127,1.0,4.5,1.5
1783001926482,2026-07-02 16:18:46.482,C3:00:00:63:4D:07,-60,127,1.0,4.5,1.5
1783001926490,2026-07-02 16:18:46.490,C3:00:00:63:4D:08,-54,127,1.0,4.5,1.5
1783001926501,2026-07-02 16:18:46.501,C3:00:00:63:4D:0D,-50,127,1.0,4.5,1.5
1783001926503,2026-07-02 16:18:46.503,C3:00:00:63:4D:09,-58,127,1.0,4.5,1.5
1783001926504,2026-07-02 16:18:46.504,C3:00:00:63:4D:07,-62,127,1.0,4.5,1.5
1783001926507,2026-07-02 16:18:46.507,C3:00:00:63:4D:08,-59,127,1.0,4.5,1.5
1783001926514,2026-07-02 16:18:46.514,C3:00:00:63:4C:D2,-63,127,1.0,4.5,1.5
1783001926518,2026-07-02 16:18:46.518,C3:00:00:63:4D:08,-51,127,1.0,4.5,1.5
1783001926528,2026-07-02 16:18:46.528,C3:00:00:63:4C:D2,-63,127,1.0,4.5,1.5
1783001926533,2026-07-02 16:18:46.533,C3:00:00:63:4D:05,-54,127,1.0,4.5,1.5
1783001926542,2026-07-02 16:18:46.542,C3:00:00:63:4D:0A,-63,127,1.0,4.5,1.5
1783001926567,2026-07-02 16:18:46.567,C3:00:00:63:4D:04,-62,127,1.0,4.5,1.5
1783001926618,2026-07-02 16:18:46.618,C3:00:00:63:4D:09,-62,127,1.0,4.5,1.5
1783001926630,2026-07-02 16:18:46.630,C3:00:00:63:4D:08,-48,127,1.0,4.5,1.5
1783001926654,2026-07-02 16:18:46.654,C3:00:00:63:4D:05,-54,127,1.0,4.5,1.5
1783001926659,2026-07-02 16:18:46.659,C3:00:00:63:4C:D2,-61,127,1.0,4.5,1.5
1783001926677,2026-07-02 16:18:46.677,C3:00:00:63:4D:04,-56,127,1.0,4.5,1.5
1783001926695,2026-07-02 16:18:46.695,C3:00:00:63:4D:0D,-49,127,1.0,4.5,1.5
1783001926714,2026-07-02 16:18:46.714,C3:00:00:63:4D:07,-61,127,1.0,4.5,1.5
1783001926721,2026-07-02 16:18:46.721,C3:00:00:63:4D:09,-65,127,1.0,4.5,1.5
1783001926733,2026-07-02 16:18:46.733,C3:00:00:63:4D:08,-54,127,1.0,4.5,1.5
1783001926756,2026-07-02 16:18:46.756,C3:00:00:63:4D:0A,-60,127,1.0,4.5,1.5
1783001926775,2026-07-02 16:18:46.775,C3:00:00:63:4D:05,-63,127,1.0,4.5,1.5
1783001926778,2026-07-02 16:18:46.778,C3:00:00:63:4C:D2,-55,127,1.0,4.5,1.5
1783001926789,2026-07-02 16:18:46.789,C3:00:00:63:4D:04,-72,127,1.0,4.5,1.5
1783001926798,2026-07-02 16:18:46.798,C3:00:00:63:4D:0D,-49,127,1.0,4.5,1.5
1783001926813,2026-07-02 16:18:46.813,C3:00:00:63:4D:08,-52,127,1.0,4.5,1.5
1783001926819,2026-07-02 16:18:46.819,C3:00:00:63:4D:07,-61,127,1.0,4.5,1.5
1783001926833,2026-07-02 16:18:46.833,C3:00:00:63:4D:08,-51,127,1.0,4.5,1.5
1783001926837,2026-07-02 16:18:46.837,C3:00:00:63:4D:09,-58,127,1.0,4.5,1.5
1783001926848,2026-07-02 16:18:46.848,C3:00:00:63:4D:0A,-61,127,1.0,4.5,1.5
1783001926880,2026-07-02 16:18:46.880,C3:00:00:63:4D:05,-54,127,1.0,4.5,1.5
1783001926904,2026-07-02 16:18:46.904,C3:00:00:63:4D:04,-56,127,1.0,4.5,1.5
1783001926914,2026-07-02 16:18:46.914,C3:00:00:63:4D:0D,-50,127,1.0,4.5,1.5
1783001926940,2026-07-02 16:18:46.940,C3:00:00:63:4D:07,-63,127,1.0,4.5,1.5
1783001926943,2026-07-02 16:18:46.943,C3:00:00:63:4D:09,-70,127,1.0,4.5,1.5
1783001926947,2026-07-02 16:18:46.947,C3:00:00:63:4D:08,-49,127,1.0,4.5,1.5
1783001926949,2026-07-02 16:18:46.949,C3:00:00:63:4D:05,-54,127,1.0,4.5,1.5
1783001926967,2026-07-02 16:18:46.967,C3:00:00:63:4D:09,-61,127,1.0,4.5,1.5
1783001927058,2026-07-02 16:18:47.058,C3:00:00:63:4D:0A,-60,127,1.0,4.5,1.5
1783001927066,2026-07-02 16:18:47.066,C3:00:00:63:4D:07,-62,127,1.0,4.5,1.5
1783001927072,2026-07-02 16:18:47.072,C3:00:00:63:4D:08,-54,127,1.0,4.5,1.5
1783001927080,2026-07-02 16:18:47.080,C3:00:00:63:4D:09,-65,127,1.0,4.5,1.5
1783001927108,2026-07-02 16:18:47.108,C3:00:00:63:4D:05,-54,127,1.0,4.5,1.5
1783001927116,2026-07-02 16:18:47.116,C3:00:00:63:4D:0D,-49,127,1.0,4.5,1.5
1783001927170,2026-07-02 16:18:47.170,C3:00:00:63:4D:08,-51,127,1.0,4.5,1.5
1783001927177,2026-07-02 16:18:47.177,C3:00:00:63:4D:07,-61,127,1.0,4.5,1.5
1783001927183,2026-07-02 16:18:47.183,C3:00:00:63:4D:09,-58,127,1.0,4.5,1.5
1783001927219,2026-07-02 16:18:47.219,C3:00:00:63:4D:04,-56,127,1.0,4.5,1.5
1783001927245,2026-07-02 16:18:47.245,C3:00:00:63:4D:0A,-60,127,1.0,4.5,1.5
1783001927256,2026-07-02 16:18:47.256,C3:00:00:63:4D:07,-64,127,1.0,4.5,1.5
1783001927281,2026-07-02 16:18:47.281,C3:00:00:63:4D:08,-49,127,1.0,4.5,1.5
1783001927290,2026-07-02 16:18:47.290,C3:00:00:63:4D:07,-63,127,1.0,4.5,1.5
1783001927299,2026-07-02 16:18:47.299,C3:00:00:63:4D:09,-65,127,1.0,4.5,1.5
1783001927331,2026-07-02 16:18:47.331,C3:00:00:63:4D:0D,-49,127,1.0,4.5,1.5
1783001927337,2026-07-02 16:18:47.337,C3:00:00:63:4D:04,-71,127,1.0,4.5,1.5
1783001927348,2026-07-02 16:18:47.348,C3:00:00:63:4C:D2,-55,127,1.0,4.5,1.5
1783001927357,2026-07-02 16:18:47.357,C3:00:00:63:4D:0A,-60,127,1.0,4.5,1.5
1783001927364,2026-07-02 16:18:47.364,C3:00:00:63:4D:05,-63,127,1.0,4.5,1.5
1783001927436,2026-07-02 16:18:47.436,C3:00:00:63:4D:0D,-49,127,1.0,4.5,1.5
1783001927441,2026-07-02 16:18:47.441,C3:00:00:63:4D:04,-61,127,1.0,4.5,1.5
1783001927447,2026-07-02 16:18:47.447,C3:00:00:63:4D:0A,-61,127,1.0,4.5,1.5
1783001927456,2026-07-02 16:18:47.456,C3:00:00:63:4C:D2,-62,127,1.0,4.5,1.5
1783001927460,2026-07-02 16:18:47.460,C3:00:00:63:4D:05,-54,127,1.0,4.5,1.5
1783001927465,2026-07-02 16:18:47.465,C3:00:00:63:4D:0A,-61,127,1.0,4.5,1.5
1783001927503,2026-07-02 16:18:47.503,C3:00:00:63:4D:08,-49,127,1.0,4.5,1.5
1783001927523,2026-07-02 16:18:47.523,C3:00:00:63:4D:07,-63,127,1.0,4.5,1.5
1783001927534,2026-07-02 16:18:47.534,C3:00:00:63:4D:08,-49,127,1.0,4.5,1.5
1783001927542,2026-07-02 16:18:47.542,C3:00:00:63:4D:0D,-51,127,1.0,4.5,1.5
1783001927547,2026-07-02 16:18:47.547,C3:00:00:63:4D:04,-56,127,1.0,4.5,1.5
1783001927550,2026-07-02 16:18:47.550,C3:00:00:63:4D:0A,-62,127,1.0,4.5,1.5
1783001927607,2026-07-02 16:18:47.607,C3:00:00:63:4D:08,-54,127,1.0,4.5,1.5
1783001927628,2026-07-02 16:18:47.628,C3:00:00:63:4D:07,-64,127,1.0,4.5,1.5
1783001927653,2026-07-02 16:18:47.653,C3:00:00:63:4D:09,-64,127,1.0,4.5,1.5
1783001927656,2026-07-02 16:18:47.656,C3:00:00:63:4D:0D,-50,127,1.0,4.5,1.5
1783001927658,2026-07-02 16:18:47.658,C3:00:00:63:4D:0A,-60,127,1.0,4.5,1.5
1783001927663,2026-07-02 16:18:47.663,C3:00:00:63:4D:04,-71,127,1.0,4.5,1.5
1783001927665,2026-07-02 16:18:47.665,C3:00:00:63:4C:D2,-55,127,1.0,4.5,1.5
1783001927691,2026-07-02 16:18:47.691,C3:00:00:63:4D:05,-60,127,1.0,4.5,1.5
1783001927697,2026-07-02 16:18:47.697,C3:00:00:63:4C:D2,-63,127,1.0,4.5,1.5
1783001927713,2026-07-02 16:18:47.713,C3:00:00:63:4D:08,-52,127,1.0,4.5,1.5
1783001927745,2026-07-02 16:18:47.745,C3:00:00:63:4D:0D,-50,127,1.0,4.5,1.5
1783001927758,2026-07-02 16:18:47.758,C3:00:00:63:4D:09,-58,127,1.0,4.5,1.5
1783001927782,2026-07-02 16:18:47.782,C3:00:00:63:4D:04,-62,127,1.0,4.5,1.5
1783001927787,2026-07-02 16:18:47.787,C3:00:00:63:4D:0A,-62,127,1.0,4.5,1.5
1783001927843,2026-07-02 16:18:47.843,C3:00:00:63:4D:0A,-62,127,1.0,4.5,1.5
1783001927849,2026-07-02 16:18:47.849,C3:00:00:63:4D:0D,-51,127,1.0,4.5,1.5
1783001927858,2026-07-02 16:18:47.858,C3:00:00:63:4D:07,-63,127,1.0,4.5,1.5
1783001927865,2026-07-02 16:18:47.865,C3:00:00:63:4D:09,-61,127,1.0,4.5,1.5
