timestamp,time,mac_address,rssi,tx_power,pos_x,pos_y,pos_z
1783009231172,2026-07-02 18:20:31.172,C3:00:00:63:4D:0D,-57,127,1.5,5.5,1.5
1783009231363,2026-07-02 18:20:31.363,C3:00:00:63:4D:07,-56,127,1.5,5.5,1.5
1783009231460,2026-07-02 18:20:31.460,C3:00:00:63:4D:05,-56,127,1.5,5.5,1.5
1783009231538,2026-07-02 18:20:31.538,C3:00:00:63:4C:D2,-65,127,1.5,5.5,1.5
1783009231629,2026-07-02 18:20:31.629,C3:00:00:63:4D:0A,-65,127,1.5,5.5,1.5
1783009231722,2026-07-02 18:20:31.722,C3:00:00:63:4D:04,-62,127,1.5,5.5,1.5
1783009231799,2026-07-02 18:20:31.799,C3:00:00:63:4D:05,-60,127,1.5,5.5,1.5
1783009231804,2026-07-02 18:20:31.804,C3:00:00:63:4D:09,-54,127,1.5,5.5,1.5
1783009231890,2026-07-02 18:20:31.890,C3:00:00:63:4D:0A,-66,127,1.5,5.5,1.5
1783009231895,2026-07-02 18:20:31.895,C3:00:00:63:4D:07,-56,127,1.5,5.5,1.5
1783009231900,2026-07-02 18:20:31.900,C3:00:00:63:4D:09,-60,127,1.5,5.5,1.5
1783009231901,2026-07-02 18:20:31.901,C3:00:00:63:4D:0D,-54,127,1.5,5.5,1.5
1783009231903,2026-07-02 18:20:31.903,C3:00:00:63:4D:08,-50,127,1.5,5.5,1.5
1783009231965,2026-07-02 18:20:31.965,C3:00:00:63:4D:0A,-62,127,1.5,5.5,1.5
1783009231967,2026-07-02 18:20:31.967,C3:00:00:63:4D:07,-54,127,1.5,5.5,1.5
1783009231968,2026-07-02 18:20:31.968,C3:00:00:63:4D:05,-63,127,1.5,5.5,1.5
1783009231970,2026-07-02 18:20:31.970,C3:00:00:63:4C:D2,-59,127,1.5,5.5,1.5
1783009231971,2026-07-02 18:20:31.971,C3:00:00:63:4D:04,-66,127,1.5,5.5,1.5
1783009231974,2026-07-02 18:20:31.974,C3:00:00:63:4D:0D,-52,127,1.5,5.5,1.5
1783009231975,2026-07-02 18:20:31.975,C3:00:00:63:4D:09,-63,127,1.5,5.5,1.5
1783009231977,2026-07-02 18:20:31.977,C3:00:00:63:4D:08,-50,127,1.5,5.5,1.5
1783009231978,2026-07-02 18:20:31.978,C3:00:00:63:4D:07,-58,127,1.5,5.5,1.5
1783009231980,2026-07-02 18:20:31.980,C3:00:00:63:4D:05,-76,127,1.5,5.5,1.5
1783009231981,2026-07-02 18:20:31.981,C3:00:00:63:4C:D2,-62,127,1.5,5.5,1.5
1783009231982,2026-07-02 18:20:31.982,C3:00:00:63:4C:D2,-64,127,1.5,5.5,1.5
1783009231983,2026-07-02 18:20:31.983,C3:00:00:63:4D:0A,-63,127,1.5,5.5,1.5
1783009231984,2026-07-02 18:20:31.984,C3:00:00:63:4D:09,-55,127,1.5,5.5,1.5
1783009231988,2026-07-02 18:20:31.988,C3:00:00:63:4D:04,-67,127,1.5,5.5,1.5
1783009231990,2026-07-02 18:20:31.990,C3:00:00:63:4D:0D,-51,127,1.5,5.5,1.5
1783009231991,2026-07-02 18:20:31.991,C3:00:00:63:4D:09,-58,127,1.5,5.5,1.5
1783009231992,2026-07-02 18:20:31.992,C3:00:00:63:4D:08,-46,127,1.5,5.5,1.5
1783009231993,2026-07-02 18:20:31.993,C3:00:00:63:4D:0A,-62,127,1.5,5.5,1.5
1783009231995,2026-07-02 18:20:31.995,C3:00:00:63:4D:07,-54,127,1.5,5.5,1.5
1783009232020,2026-07-02 18:20:32.020,C3:00:00:63:4D:0D,-54,127,1.5,5.5,1.5
1783009232022,2026-07-02 18:20:32.022,C3:00:00:63:4D:04,-62,127,1.5,5.5,1.5
1783009232034,2026-07-02 18:20:32.034,C3:00:00:63:4D:08,-51,127,1.5,5.5,1.5
1783009232042,2026-07-02 18:20:32.042,C3:00:00:63:4D:05,-81,127,1.5,5.5,1.5
1783009232049,2026-07-02 18:20:32.049,C3:00:00:63:4D:09,-62,127,1.5,5.5,1.5
1783009232078,2026-07-02 18:20:32.078,C3:00:00:63:4D:0A,-63,127,1.5,5.5,1.5
1783009232103,2026-07-02 18:20:32.103,C3:00:00:63:4D:05,-55,127,1.5,5.5,1.5
1783009232119,2026-07-02 18:20:32.119,C3:00:00:63:4D:0D,-52,127,1.5,5.5,1.5
1783009232123,2026-07-02 18:20:32.123,C3:00:00:63:4D:04,-63,127,1.5,5.5,1.5
1783009232134,2026-07-02 18:20:32.134,C3:00:00:63:4D:07,-56,127,1.5,5.5,1.5
1783009232139,2026-07-02 18:20:32.139,C3:00:00:63:4D:08,-48,127,1.5,5.5,1.5
1783009232145,2026-07-02 18:20:32.145,C3:00:00:63:4D:09,-54,127,1.5,5.5,1.5
1783009232179,2026-07-02 18:20:32.179,C3:00:00:63:4D:0A,-63,127,1.5,5.5,1.5
1783009232193,2026-07-02 18:20:32.193,C3:00:00:63:4C:D2,-68,127,1.5,5.5,1.5
1783009232199,2026-07-02 18:20:32.199,C3:00:00:63:4D:0A,-60,127,1.5,5.5,1.5
1783009232219,2026-07-02 18:20:32.219,C3:00:00:63:4D:07,-54,127,1.5,5.5,1.5
1783009232223,2026-07-02 18:20:32.223,C3:00:00:63:4D:0D,-52,127,1.5,5.5,1.5
1783009232227,2026-07-02 18:20:32.227,C3:00:00:63:4D:05,-63,127,1.5,5.5,1.5
1783009232229,2026-07-02 18:20:32.229,C3:00:00:63:4D:04,-64,127,1.5,5.5,1.5
1783009232254,2026-07-02 18:20:32.254,C3:00:00:63:4D:08,-47,127,1.5,5.5,1.5
1783009232270,2026-07-02 18:20:32.270,C3:00:00:63:4D:09,-57,127,1.5,5.5,1.5
1783009232299,2026-07-02 18:20:32.299,C3:00:00:63:4D:0A,-64,127,1.5,5.5,1.5
1783009232323,2026-07-02 18:20:32.323,C3:00:00:63:4D:0D,-54,127,1.5,5.5,1.5
1783009232331,2026-07-02 18:20:32.331,C3:00:00:63:4D:07,-57,127,1.5,5.5,1.5
1783009232340,2026-07-02 18:20:32.340,C3:00:00:63:4D:05,-69,127,1.5,5.5,1.5
1783009232346,2026-07-02 18:20:32.346,C3:00:00:63:4D:04,-62,127,1.5,5.5,1.5
1783009232381,2026-07-02 18:20:32.381,C3:00:00:63:4D:09,-62,127,1.5,5.5,1.5
1783009232413,2026-07-02 18:20:32.413,C3:00:00:63:4D:0A,-64,127,1.5,5.5,1.5
1783009232437,2026-07-02 18:20:32.437,C3:00:00:63:4D:0D,-54,127,1.5,5.5,1.5
1783009232442,2026-07-02 18:20:32.442,C3:00:00:63:4D:07,-56,127,1.5,5.5,1.5
1783009232446,2026-07-02 18:20:32.446,C3:00:00:63:4D:04,-63,127,1.5,5.5,1.5
1783009232448,2026-07-02 18:20:32.448,C3:00:00:63:4D:05,-54,127,1.5,5.5,1.5
1783009232464,2026-07-02 18:20:32.464,C3:00:00:63:4D:0D,-54,127,1.5,5.5,1.5
1783009232471,2026-07-02 18:20:32.471,C3:00:00:63:4D:08,-48,127,1.5,5.5,1.5
1783009232496,2026-07-02 18:20:32.496,C3:00:00:63:4D:09,-58,127,1.5,5.5,1.5
1783009232528,2026-07-02 18:20:32.528,C3:00:00:63:4D:0A,-60,127,1.5,5.5,1.5
1783009232534,2026-07-02 18:20:32.534,C3:00:00:63:4D:0D,-51,127,1.5,5.5,1.5
1783009232558,2026-07-02 18:20:32.558,C3:00:00:63:4D:07,-54,127,1.5,5.5,1.5
1783009232571,2026-07-02 18:20:32.571,C3:00:00:63:4D:08,-48,127,1.5,5.5,1.5
1783009232591,2026-07-02 18:20:32.591,C3:00:00:63:4D:08,-48,127,1.5,5.5,1.5
1783009232600,2026-07-02 18:20:32.600,C3:00:00:63:4D:0D,-54,127,1.5,5.5,1.5
1783009232606,2026-07-02 18:20:32.606,C3:00:00:63:4D:09,-61,127,1.5,5.5,1.5
1783009232635,2026-07-02 18:20:32.635,C3:00:00:63:4D:0D,-54,127,1.5,5.5,1.5
1783009232640,2026-07-02 18:20:32.640,C3:00:00:63:4D:0A,-66,127,1.5,5.5,1.5
1783009232663,2026-07-02 18:20:32.663,C3:00:00:63:4D:04,-62,127,1.5,5.5,1.5
1783009232687,2026-07-02 18:20:32.687,C3:00:00:63:4D:07,-58,127,1.5,5.5,1.5
1783009232696,2026-07-02 18:20:32.696,C3:00:00:63:4D:05,-68,127,1.5,5.5,1.5
1783009232701,2026-07-02 18:20:32.701,C3:00:00:63:4C:D2,-67,127,1.5,5.5,1.5
1783009232706,2026-07-02 18:20:32.706,C3:00:00:63:4D:08,-50,127,1.5,5.5,1.5
1783009232707,2026-07-02 18:20:32.707,C3:00:00:63:4C:D2,-60,127,1.5,5.5,1.5
1783009232710,2026-07-02 18:20:32.710,C3:00:00:63:4D:09,-54,127,1.5,5.5,1.5
1783009232716,2026-07-02 18:20:32.716,C3:00:00:63:4D:09,-54,127,1.5,5.5,1.5
1783009232740,2026-07-02 18:20:32.740,C3:00:00:63:4D:0D,-52,127,1.5,5.5,1.5
1783009232755,2026-07-02 18:20:32.755,C3:00:00:63:4D:0A,-66,127,1.5,5.5,1.5
1783009232772,2026-07-02 18:20:32.772,C3:00:00:63:4D:04,-65,127,1.5,5.5,1.5
1783009232794,2026-07-02 18:20:32.794,C3:00:00:63:4D:07,-56,127,1.5,5.5,1.5
1783009232796,2026-07-02 18:20:32.796,C3:00:00:63:4C:D2,-60,127,1.5,5.5,1.5
1783009232797,2026-07-02 18:20:32.797,C3:00:00:63:4D:05,-57,127,1.5,5.5,1.5
1783009232801,2026-07-02 18:20:32.801,C3:00:00:63:4D:08,-47,127,1.5,5.5,1.5
1783009232842,2026-07-02 18:20:32.842,C3:00:00:63:4D:09,-58,127,1.5,5.5,1.5
1783009232847,2026-07-02 18:20:32.847,C3:00:00:63:4D:0D,-51,127,1.5,5.5,1.5
1783009232863,2026-07-02 18:20:32.863,C3:00:00:63:4D:0A,-60,127,1.5,5.5,1.5
1783009232880,2026-07-02 18:20:32.880,C3:00:00:63:4D:04,-66,127,1.5,5.5,1.5
1783009232898,2026-07-02 18:20:32.898,C3:00:00:63:4D:05,-65,127,1.5,5.5,1.5
1783009232905,2026-07-02 18:20:32.905,C3:00:00:63:4D:04,-63,127,1.5,5.5,1.5
1783009232912,2026-07-02 18:20:32.912,C3:00:00:63:4D:08,-50,127,1.5,5.5,1.5
1783009232922,2026-07-02 18:20:32.922,C3:00:00:63:4D:05,-66,127,1.5,5.5,1.5
1783009232956,2026-07-02 18:20:32.956,C3:00:00:63:4D:0D,-54,127,1.5,5.5,1.5
1783009232962,2026-07-02 18:20:32.962,C3:00:00:63:4D:09,-62,127,1.5,5.5,1.5
1783009232972,2026-07-02 18:20:32.972,C3:00:00:63:4D:0A,-66,127,1.5,5.5,1.5
1783009232990,2026-07-02 18:20:32.990,C3:00:00:63:4D:04,-62,127,1.5,5.5,1.5
1783009232996,2026-07-02 18:20:32.996,C3:00:00:63:4D:09,-55,127,1.5,5.5,1.5
1783009233010,2026-07-02 18:20:33.010,C3:00:00:63:4D:07,-55,127,1.5,5.5,1.5
1783009233021,2026-07-02 18:20:33.021,C3:00:00:63:4C:D2,-63,127,1.5,5.5,1.5
1783009233057,2026-07-02 18:20:33.057,C3:00:00:63:4D:0D,-54,127,1.5,5.5,1.5
1783009233063,2026-07-02 18:20:33.063,C3:00:00:63:4D:09,-54,127,1.5,5.5,1.5
1783009233077,2026-07-02 18:20:33.077,C3:00:00:63:4D:0A,-67,127,1.5,5.5,1.5
1783009233088,2026-07-02 18:20:33.088,C3:00:00:63:4D:0A,-66,127,1.5,5.5,1.5
1783009233094,2026-07-02 18:20:33.094,C3:00:00:63:4D:07,-56,127,1.5,5.5,1.5
1783009233098,2026-07-02 18:20:33.098,C3:00:00:63:4D:08,-48,127,1.5,5.5,1.5
1783009233105,2026-07-02 18:20:33.105,C3:00:00:63:4D:04,-64,127,1.5,5.5,1.5
1783009233119,2026-07-02 18:20:33.119,C3:00:00:63:4D:08,-48,127,1.5,5.5,1.5
1783009233135,2026-07-02 18:20:33.135,C3:00:00:63:4D:07,-54,127,1.5,5.5,1.5
1783009233141,2026-07-02 18:20:33.141,C3:00:00:63:4D:05,-56,127,1.5,5.5,1.5
1783009233147,2026-07-02 18:20:33.147,C3:00:00:63:4C:D2,-61,127,1.5,5.5,1.5
1783009233163,2026-07-02 18:20:33.163,C3:00:00:63:4D:0D,-51,127,1.5,5.5,1.5
1783009233184,2026-07-02 18:20:33.184,C3:00:00:63:4D:05,-58,127,1.5,5.5,1.5
1783009233203,2026-07-02 18:20:33.203,C3:00:00:63:4D:0A,-68,127,1.5,5.5,1.5
1783009233226,2026-07-02 18:20:33.226,C3:00:00:63:4D:0A,-66,127,1.5,5.5,1.5
1783009233230,2026-07-02 18:20:33.230,C3:00:00:63:4D:04,-62,127,1.5,5.5,1.5
1783009233255,2026-07-02 18:20:33.255,C3:00:00:63:4C:D2,-60,127,1.5,5.5,1.5
1783009233275,2026-07-02 18:20:33.275,C3:00:00:63:4D:0D,-50,127,1.5,5.5,1.5
1783009233294,2026-07-02 18:20:33.294,C3:00:00:63:4D:09,-54,127,1.5,5.5,1.5
1783009233339,2026-07-02 18:20:33.339,C3:00:00:63:4D:08,-48,127,1.5,5.5,1.5
1783009233365,2026-07-02 18:20:33.365,C3:00:00:63:4D:07,-56,127,1.5,5.5,1.5
1783009233372,2026-07-02 18:20:33.372,C3:00:00:63:4D:05,-55,127,1.5,5.5,1.5
1783009233377,2026-07-02 18:20:33.377,C3:00:00:63:4D:0D,-56,127,1.5,5.5,1.5
1783009233404,2026-07-02 18:20:33.404,C3:00:00:63:4D:09,-55,127,1.5,5.5,1.5
1783009233426,2026-07-02 18:20:33.426,C3:00:00:63:4D:04,-62,127,1.5,5.5,1.5
1783009233431,2026-07-02 18:20:33.431,C3:00:00:63:4D:0A,-64,127,1.5,5.5,1.5
1783009233444,2026-07-02 18:20:33.444,C3:00:00:63:4D:08,-47,127,1.5,5.5,1.5
1783009233476,2026-07-02 18:20:33.476,C3:00:00:63:4C:D2,-60,127,1.5,5.5,1.5
1783009233487,2026-07-02 18:20:33.487,C3:00:00:63:4D:05,-56,127,1.5,5.5,1.5
1783009233528,2026-07-02 18:20:33.528,C3:00:00:63:4D:09,-61,127,1.5,5.5,1.5
1783009233539,2026-07-02 18:20:33.539,C3:00:00:63:4D:0A,-63,127,1.5,5.5,1.5
1783009233562,2026-07-02 18:20:33.562,C3:00:00:63:4D:08,-52,127,1.5,5.5,1.5
1783009233589,2026-07-02 18:20:33.589,C3:00:00:63:4D:0D,-53,127,1.5,5.5,1.5
1783009233593,2026-07-02 18:20:33.593,C3:00:00:63:4D:07,-59,127,1.5,5.5,1.5
1783009233599,2026-07-02 18:20:33.599,C3:00:00:63:4D:05,-55,127,1.5,5.5,1.5
1783009233606,2026-07-02 18:20:33.606,C3:00:00:63:4C:D2,-63,127,1.5,5.5,1.5
1783009233641,2026-07-02 18:20:33.641,C3:00:00:63:4D:04,-66,127,1.5,5.5,1.5
1783009233660,2026-07-02 18:20:33.660,C3:00:00:63:4D:0A,-70,127,1.5,5.5,1.5
1783009233666,2026-07-02 18:20:33.666,C3:00:00:63:4D:08,-49,127,1.5,5.5,1.5
1783009233688,2026-07-02 18:20:33.688,C3:00:00:63:4D:0D,-52,127,1.5,5.5,1.5
1783009233708,2026-07-02 18:20:33.708,C3:00:00:63:4D:07,-54,127,1.5,5.5,1.5
1783009233714,2026-07-02 18:20:33.714,C3:00:00:63:4C:D2,-60,127,1.5,5.5,1.5
1783009233744,2026-07-02 18:20:33.744,C3:00:00:63:4D:09,-58,127,1.5,5.5,1.5
1783009233758,2026-07-02 18:20:33.758,C3:00:00:63:4D:04,-67,127,1.5,5.5,1.5
1783009233771,2026-07-02 18:20:33.771,C3:00:00:63:4D:0A,-63,127,1.5,5.5,1.5
1783009233780,2026-07-02 18:20:33.780,C3:00:00:63:4C:D2,-60,127,1.5,5.5,1.5
1783009233785,2026-07-02 18:20:33.785,C3:00:00:63:4D:08,-48,127,1.5,5.5,1.5
1783009233797,2026-07-02 18:20:33.797,C3:00:00:63:4D:0D,-54,127,1.5,5.5,1.5
1783009233822,2026-07-02 18:20:33.822,C3:00:00:63:4D:05,-63,127,1.5,5.5,1.5
1783009233826,2026-07-02 18:20:33.826,C3:00:00:63:4D:07,-59,127,1.5,5.5,1.5
1783009233828,2026-07-02 18:20:33.828,C3:00:00:63:4C:D2,-63,127,1.5,5.5,1.5
1783009233855,2026-07-02 18:20:33.855,C3:00:00:63:4D:0D,-61,127,1.5,5.5,1.5
1783009233862,2026-07-02 18:20:33.862,C3:00:00:63:4D:04,-61,127,1.5,5.5,1.5
1783009233872,2026-07-02 18:20:33.872,C3:00:00:63:4D:09,-68,127,1.5,5.5,1.5
1783009233881,2026-07-02 18:20:33.881,C3:00:00:63:4D:05,-63,127,1.5,5.5,1.5
1783009233897,2026-07-02 18:20:33.897,C3:00:00:63:4D:0D,-54,127,1.5,5.5,1.5
1783009233937,2026-07-02 18:20:33.937,C3:00:00:63:4D:07,-55,127,1.5,5.5,1.5
1783009233942,2026-07-02 18:20:33.942,C3:00:00:63:4C:D2,-63,127,1.5,5.5,1.5
1783009233946,2026-07-02 18:20:33.946,C3:00:00:63:4D:05,-57,127,1.5,5.5,1.5
1783009233967,2026-07-02 18:20:33.967,C3:00:00:63:4D:04,-62,127,1.5,5.5,1.5
1783009233978,2026-07-02 18:20:33.978,C3:00:00:63:4D:09,-54,127,1.5,5.5,1.5
1783009233989,2026-07-02 18:20:33.989,C3:00:00:63:4D:08,-49,127,1.5,5.5,1.5
1783009233997,2026-07-02 18:20:33.997,C3:00:00:63:4D:0A,-65,127,1.5,5.5,1.5
1783009233999,2026-07-02 18:20:33.999,C3:00:00:63:4D:0D,-52,127,1.5,5.5,1.5
1783009234022,2026-07-02 18:20:34.022,C3:00:00:63:4D:0D,-52,127,1.5,5.5,1.5
1783009234064,2026-07-02 18:20:34.064,C3:00:00:63:4D:07,-53,127,1.5,5.5,1.5
1783009234071,2026-07-02 18:20:34.071,C3:00:00:63:4D:05,-57,127,1.5,5.5,1.5
1783009234081,2026-07-02 18:20:34.081,C3:00:00:63:4C:D2,-61,127,1.5,5.5,1.5
1783009234087,2026-07-02 18:20:34.087,C3:00:00:63:4D:04,-60,127,1.5,5.5,1.5
1783009234096,2026-07-02 18:20:34.096,C3:00:00:63:4D:09,-60,127,1.5,5.5,1.5
1783009234103,2026-07-02 18:20:34.103,C3:00:00:63:4D:07,-65,127,1.5,5.5,1.5
1783009234104,2026-07-02 18:20:34.104,C3:00:00:63:4D:08,-48,127,1.5,5.5,1.5
1783009234106,2026-07-02 18:20:34.106,C3:00:00:63:4D:0A,-67,127,1.5,5.5,1.5
1783009234110,2026-07-02 18:20:34.110,C3:00:00:63:4D:0D,-51,127,1.5,5.5,1.5
1783009234142,2026-07-02 18:20:34.142,C3:00:00:63:4D:07,-58,127,1.5,5.5,1.5
1783009234166,2026-07-02 18:20:34.166,C3:00:00:63:4D:07,-59,127,1.5,5.5,1.5
1783009234172,2026-07-02 18:20:34.172,C3:00:00:63:4C:D2,-62,127,1.5,5.5,1.5
1783009234181,2026-07-02 18:20:34.181,C3:00:00:63:4D:05,-65,127,1.5,5.5,1.5
1783009234184,2026-07-02 18:20:34.184,C3:00:00:63:4D:0A,-74,127,1.5,5.5,1.5
1783009234190,2026-07-02 18:20:34.190,C3:00:00:63:4D:04,-66,127,1.5,5.5,1.5
1783009234202,2026-07-02 18:20:34.202,C3:00:00:63:4D:09,-55,127,1.5,5.5,1.5
1783009234217,2026-07-02 18:20:34.217,C3:00:00:63:4D:08,-49,127,1.5,5.5,1.5
1783009234222,2026-07-02 18:20:34.222,C3:00:00:63:4D:0D,-54,127,1.5,5.5,1.5
1783009234228,2026-07-02 18:20:34.228,C3:00:00:63:4D:0A,-67,127,1.5,5.5,1.5
1783009234280,2026-07-02 18:20:34.280,C3:00:00:63:4D:07,-55,127,1.5,5.5,1.5
1783009234284,2026-07-02 18:20:34.284,C3:00:00:63:4C:D2,-63,127,1.5,5.5,1.5
1783009234289,2026-07-02 18:20:34.289,C3:00:00:63:4D:05,-55,127,1.5,5.5,1.5
1783009234318,2026-07-02 18:20:34.318,C3:00:00:63:4D:08,-48,127,1.5,5.5,1.5
1783009234320,2026-07-02 18:20:34.320,C3:00:00:63:4D:0D,-51,127,1.5,5.5,1.5
1783009234341,2026-07-02 18:20:34.341,C3:00:00:63:4D:0A,-65,127,1.5,5.5,1.5
1783009234402,2026-07-02 18:20:34.402,C3:00:00:63:4D:07,-59,127,1.5,5.5,1.5
1783009234411,2026-07-02 18:20:34.411,C3:00:00:63:4D:04,-63,127,1.5,5.5,1.5
1783009234434,2026-07-02 18:20:34.434,C3:00:00:63:4D:0D,-53,127,1.5,5.5,1.5
1783009234437,2026-07-02 18:20:34.437,C3:00:00:63:4D:08,-51,127,1.5,5.5,1.5
1783009234440,2026-07-02 18:20:34.440,C3:00:00:63:4D:09,-61,127,1.5,5.5,1.5
1783009234454,2026-07-02 18:20:34.454,C3:00:00:63:4D:0A,-64,127,1.5,5.5,1.5
1783009234463,2026-07-02 18:20:34.463,C3:00:00:63:4D:07,-59,127,1.5,5.5,1.5
1783009234472,2026-07-02 18:20:34.472,C3:00:00:63:4D:0D,-53,127,1.5,5.5,1.5
1783009234519,2026-07-02 18:20:34.519,C3:00:00:63:4C:D2,-63,127,1.5,5.5,1.5
1783009234523,2026-07-02 18:20:34.523,C3:00:00:63:4D:04,-67,127,1.5,5.5,1.5
1783009234527,2026-07-02 18:20:34.527,C3:00:00:63:4D:0D,-52,127,1.5,5.5,1.5
1783009234536,2026-07-02 18:20:34.536,C3:00:00:63:4D:08,-49,127,1.5,5.5,1.5
1783009234548,2026-07-02 18:20:34.548,C3:00:00:63:4D:09,-54,127,1.5,5.5,1.5
1783009234556,2026-07-02 18:20:34.556,C3:00:00:63:4D:0A,-68,127,1.5,5.5,1.5
1783009234570,2026-07-02 18:20:34.570,C3:00:00:63:4D:08,-49,127,1.5,5.5,1.5
1783009234601,2026-07-02 18:20:34.601,C3:00:00:63:4C:D2,-62,127,1.5,5.5,1.5
1783009234634,2026-07-02 18:20:34.634,C3:00:00:63:4C:D2,-62,127,1.5,5.5,1.5
1783009234637,2026-07-02 18:20:34.637,C3:00:00:63:4D:0D,-51,127,1.5,5.5,1.5
1783009234662,2026-07-02 18:20:34.662,C3:00:00:63:4D:08,-48,127,1.5,5.5,1.5
1783009234667,2026-07-02 18:20:34.667,C3:00:00:63:4D:09,-57,127,1.5,5.5,1.5
1783009234671,2026-07-02 18:20:34.671,C3:00:00:63:4D:0A,-65,127,1.5,5.5,1.5
1783009234737,2026-07-02 18:20:34.737,C3:00:00:63:4D:04,-64,127,1.5,5.5,1.5
1783009234740,2026-07-02 18:20:34.740,C3:00:00:63:4D:07,-56,127,1.5,5.5,1.5
1783009234747,2026-07-02 18:20:34.747,C3:00:00:63:4D:0D,-51,127,1.5,5.5,1.5
1783009234754,2026-07-02 18:20:34.754,C3:00:00:63:4D:05,-65,127,1.5,5.5,1.5
1783009234759,2026-07-02 18:20:34.759,C3:00:00:63:4C:D2,-60,127,1.5,5.5,1.5
1783009234764,2026-07-02 18:20:34.764,C3:00:00:63:4D:08,-47,127,1.5,5.5,1.5
1783009234782,2026-07-02 18:20:34.782,C3:00:00:63:4D:09,-59,127,1.5,5.5,1.5
1783009234788,2026-07-02 18:20:34.788,C3:00:00:63:4D:0A,-65,127,1.5,5.5,1.5
1783009234853,2026-07-02 18:20:34.853,C3:00:00:63:4D:04,-61,127,1.5,5.5,1.5
1783009234858,2026-07-02 18:20:34.858,C3:00:00:63:4D:0D,-57,127,1.5,5.5,1.5
1783009234863,2026-07-02 18:20:34.863,C3:00:00:63:4D:07,-56,127,1.5,5.5,1.5
1783009234869,2026-07-02 18:20:34.869,C3:00:00:63:4D:05,-57,127,1.5,5.5,1.5
1783009234871,2026-07-02 18:20:34.871,C3:00:00:63:4D:08,-49,127,1.5,5.5,1.5
1783009234890,2026-07-02 18:20:34.890,C3:00:00:63:4D:08,-49,127,1.5,5.5,1.5
1783009234892,2026-07-02 18:20:34.892,C3:00:00:63:4D:09,-54,127,1.5,5.5,1.5
1783009234893,2026-07-02 18:20:34.893,C3:00:00:63:4D:0A,-69,127,1.5,5.5,1.5
1783009234944,2026-07-02 18:20:34.944,C3:00:00:63:4D:0D,-51,127,1.5,5.5,1.5
1783009234970,2026-07-02 18:20:34.970,C3:00:00:63:4D:04,-60,127,1.5,5.5,1.5
1783009234978,2026-07-02 18:20:34.978,C3:00:00:63:4D:07,-54,127,1.5,5.5,1.5
1783009234983,2026-07-02 18:20:34.983,C3:00:00:63:4D:05,-58,127,1.5,5.5,1.5
1783009234987,2026-07-02 18:20:34.987,C3:00:00:63:4C:D2,-61,127,1.5,5.5,1.5
1783009234993,2026-07-02 18:20:34.993,C3:00:00:63:4D:09,-59,127,1.5,5.5,1.5
1783009235054,2026-07-02 18:20:35.054,C3:00:00:63:4D:0D,-50,127,1.5,5.5,1.5
1783009235076,2026-07-02 18:20:35.076,C3:00:00:63:4D:04,-65,127,1.5,5.5,1.5
1783009235084,2026-07-02 18:20:35.084,C3:00:00:63:4D:0A,-65,127,1.5,5.5,1.5
1783009235100,2026-07-02 18:20:35.100,C3:00:00:63:4D:07,-57,127,1.5,5.5,1.5
1783009235109,2026-07-02 18:20:35.109,C3:00:00:63:4D:08,-49,127,1.5,5.5,1.5
1783009235119,2026-07-02 18:20:35.119,C3:00:00:63:4D:09,-55,127,1.5,5.5,1.5
1783009235122,2026-07-02 18:20:35.122,C3:00:00:63:4D:0A,-64,127,1.5,5.5,1.5
1783009235161,2026-07-02 18:20:35.161,C3:00:00:63:4D:0D,-52,127,1.5,5.5,1.5
1783009235179,2026-07-02 18:20:35.179,C3:00:00:63:4D:04,-73,127,1.5,5.5,1.5
1783009235188,2026-07-02 18:20:35.188,C3:00:00:63:4D:05,-55,127,1.5,5.5,1.5
1783009235202,2026-07-02 18:20:35.202,C3:00:00:63:4D:08,-49,127,1.5,5.5,1.5
1783009235204,2026-07-02 18:20:35.204,C3:00:00:63:4D:04,-71,127,1.5,5.5,1.5
1783009235207,2026-07-02 18:20:35.207,C3:00:00:63:4D:07,-54,127,1.5,5.5,1.5
1783009235213,2026-07-02 18:20:35.213,C3:00:00:63:4C:D2,-62,127,1.5,5.5,1.5
1783009235214,2026-07-02 18:20:35.214,C3:00:00:63:4D:0A,-64,127,1.5,5.5,1.5
1783009235215,2026-07-02 18:20:35.215,C3:00:00:63:4D:05,-59,127,1.5,5.5,1.5
1783009235217,2026-07-02 18:20:35.217,C3:00:00:63:4D:04,-67,127,1.5,5.5,1.5
1783009235237,2026-07-02 18:20:35.237,C3:00:00:63:4D:0A,-63,127,1.5,5.5,1.5
1783009235261,2026-07-02 18:20:35.261,C3:00:00:63:4D:0D,-51,127,1.5,5.5,1.5
1783009235287,2026-07-02 18:20:35.287,C3:00:00:63:4D:04,-64,127,1.5,5.5,1.5
1783009235307,2026-07-02 18:20:35.307,C3:00:00:63:4D:08,-50,127,1.5,5.5,1.5
1783009235317,2026-07-02 18:20:35.317,C3:00:00:63:4D:05,-63,127,1.5,5.5,1.5
1783009235346,2026-07-02 18:20:35.346,C3:00:00:63:4D:09,-62,127,1.5,5.5,1.5
1783009235352,2026-07-02 18:20:35.352,C3:00:00:63:4D:0A,-69,127,1.5,5.5,1.5
1783009235367,2026-07-02 18:20:35.367,C3:00:00:63:4D:0D,-54,127,1.5,5.5,1.5
1783009235386,2026-07-02 18:20:35.386,C3:00:00:63:4D:04,-64,127,1.5,5.5,1.5
1783009235413,2026-07-02 18:20:35.413,C3:00:00:63:4D:08,-49,127,1.5,5.5,1.5
1783009235433,2026-07-02 18:20:35.433,C3:00:00:63:4D:07,-56,127,1.5,5.5,1.5
1783009235435,2026-07-02 18:20:35.435,C3:00:00:63:4D:05,-55,127,1.5,5.5,1.5
1783009235456,2026-07-02 18:20:35.456,C3:00:00:63:4D:09,-55,127,1.5,5.5,1.5
1783009235463,2026-07-02 18:20:35.463,C3:00:00:63:4D:0A,-70,127,1.5,5.5,1.5
1783009235470,2026-07-02 18:20:35.470,C3:00:00:63:4D:0D,-52,127,1.5,5.5,1.5
1783009235500,2026-07-02 18:20:35.500,C3:00:00:63:4D:04,-67,127,1.5,5.5,1.5
1783009235522,2026-07-02 18:20:35.522,C3:00:00:63:4D:08,-47,127,1.5,5.5,1.5
1783009235540,2026-07-02 18:20:35.540,C3:00:00:63:4D:07,-54,127,1.5,5.5,1.5
1783009235576,2026-07-02 18:20:35.576,C3:00:00:63:4D:0D,-51,127,1.5,5.5,1.5
1783009235581,2026-07-02 18:20:35.581,C3:00:00:63:4D:0A,-63,127,1.5,5.5,1.5
1783009235609,2026-07-02 18:20:35.609,C3:00:00:63:4D:04,-66,127,1.5,5.5,1.5
1783009235631,2026-07-02 18:20:35.631,C3:00:00:63:4D:08,-50,127,1.5,5.5,1.5
1783009235662,2026-07-02 18:20:35.662,C3:00:00:63:4D:07,-60,127,1.5,5.5,1.5
1783009235666,2026-07-02 18:20:35.666,C3:00:00:63:4C:D2,-61,127,1.5,5.5,1.5
1783009235669,2026-07-02 18:20:35.669,C3:00:00:63:4D:05,-63,127,1.5,5.5,1.5
1783009235685,2026-07-02 18:20:35.685,C3:00:00:63:4D:09,-62,127,1.5,5.5,1.5
1783009235693,2026-07-02 18:20:35.693,C3:00:00:63:4D:0D,-54,127,1.5,5.5,1.5
1783009235695,2026-07-02 18:20:35.695,C3:00:00:63:4D:0A,-65,127,1.5,5.5,1.5
1783009235717,2026-07-02 18:20:35.717,C3:00:00:63:4D:04,-63,127,1.5,5.5,1.5
1783009235738,2026-07-02 18:20:35.738,C3:00:00:63:4D:08,-49,127,1.5,5.5,1.5
1783009235744,2026-07-02 18:20:35.744,C3:00:00:63:4D:04,-70,127,1.5,5.5,1.5
1783009235773,2026-07-02 18:20:35.773,C3:00:00:63:4D:07,-56,127,1.5,5.5,1.5
1783009235777,2026-07-02 18:20:35.777,C3:00:00:63:4D:05,-55,127,1.5,5.5,1.5
1783009235782,2026-07-02 18:20:35.782,C3:00:00:63:4C:D2,-61,127,1.5,5.5,1.5
1783009235785,2026-07-02 18:20:35.785,C3:00:00:63:4D:0D,-52,127,1.5,5.5,1.5
1783009235802,2026-07-02 18:20:35.802,C3:00:00:63:4C:D2,-63,127,1.5,5.5,1.5
1783009235807,2026-07-02 18:20:35.807,C3:00:00:63:4D:09,-58,127,1.5,5.5,1.5
1783009235823,2026-07-02 18:20:35.823,C3:00:00:63:4D:04,-70,127,1.5,5.5,1.5
1783009235850,2026-07-02 18:20:35.850,C3:00:00:63:4D:08,-47,127,1.5,5.5,1.5
1783009235865,2026-07-02 18:20:35.865,C3:00:00:63:4D:09,-58,127,1.5,5.5,1.5
1783009235893,2026-07-02 18:20:35.893,C3:00:00:63:4D:0D,-51,127,1.5,5.5,1.5
1783009235897,2026-07-02 18:20:35.897,C3:00:00:63:4C:D2,-61,127,1.5,5.5,1.5
1783009235903,2026-07-02 18:20:35.903,C3:00:00:63:4D:05,-64,127,1.5,5.5,1.5
1783009235918,2026-07-02 18:20:35.918,C3:00:00:63:4D:0A,-66,127,1.5,5.5,1.5
1783009235923,2026-07-02 18:20:35.923,C3:00:00:63:4D:09,-61,127,1.5,5.5,1.5
1783009235960,2026-07-02 18:20:35.960,C3:00:00:63:4D:08,-51,127,1.5,5.5,1.5
1783009236004,2026-07-02 18:20:36.004,C3:00:00:63:4D:0D,-54,127,1.5,5.5,1.5
1783009236011,2026-07-02 18:20:36.011,C3:00:00:63:4C:D2,-60,127,1.5,5.5,1.5
1783009236018,2026-07-02 18:20:36.018,C3:00:00:63:4D:07,-55,127,1.5,5.5,1.5
1783009236023,2026-07-02 18:20:36.023,C3:00:00:63:4D:05,-56,127,1.5,5.5,1.5
1783009236033,2026-07-02 18:20:36.033,C3:00:00:63:4D:0D,-56,127,1.5,5.5,1.5
1783009236038,2026-07-02 18:20:36.038,C3:00:00:63:4D:05,-64,127,1.5,5.5,1.5
1783009236057,2026-07-02 18:20:36.057,C3:00:00:63:4D:08,-49,127,1.5,5.5,1.5
1783009236109,2026-07-02 18:20:36.109,C3:00:00:63:4D:0D,-52,127,1.5,5.5,1.5
1783009236118,2026-07-02 18:20:36.118,C3:00:00:63:4D:07,-54,127,1.5,5.5,1.5
1783009236134,2026-07-02 18:20:36.134,C3:00:00:63:4D:05,-58,127,1.5,5.5,1.5
1783009236136,2026-07-02 18:20:36.136,C3:00:00:63:4C:D2,-63,127,1.5,5.5,1.5
1783009236145,2026-07-02 18:20:36.145,C3:00:00:63:4D:09,-54,127,1.5,5.5,1.5
1783009236149,2026-07-02 18:20:36.149,C3:00:00:63:4D:0A,-62,127,1.5,5.5,1.5
1783009236155,2026-07-02 18:20:36.155,C3:00:00:63:4D:04,-63,127,1.5,5.5,1.5
1783009236156,2026-07-02 18:20:36.156,C3:00:00:63:4D:07,-53,127,1.5,5.5,1.5
1783009236208,2026-07-02 18:20:36.208,C3:00:00:63:4C:D2,-71,127,1.5,5.5,1.5
1783009236210,2026-07-02 18:20:36.210,C3:00:00:63:4D:0D,-51,127,1.5,5.5,1.5
1783009236234,2026-07-02 18:20:36.234,C3:00:00:63:4D:07,-56,127,1.5,5.5,1.5
1783009236256,2026-07-02 18:20:36.256,C3:00:00:63:4D:09,-58,127,1.5,5.5,1.5
1783009236282,2026-07-02 18:20:36.282,C3:00:00:63:4D:08,-48,127,1.5,5.5,1.5
1783009236317,2026-07-02 18:20:36.317,C3:00:00:63:4D:0D,-56,127,1.5,5.5,1.5
1783009236350,2026-07-02 18:20:36.350,C3:00:00:63:4D:05,-56,127,1.5,5.5,1.5
1783009236356,2026-07-02 18:20:36.356,C3:00:00:63:4C:D2,-62,127,1.5,5.5,1.5
1783009236366,2026-07-02 18:20:36.366,C3:00:00:63:4D:0A,-64,127,1.5,5.5,1.5
1783009236397,2026-07-02 18:20:36.397,C3:00:00:63:4D:08,-47,127,1.5,5.5,1.5
1783009236420,2026-07-02 18:20:36.420,C3:00:00:63:4D:0D,-51,127,1.5,5.5,1.5
1783009236465,2026-07-02 18:20:36.465,C3:00:00:63:4D:07,-54,127,1.5,5.5,1.5
1783009236470,2026-07-02 18:20:36.470,C3:00:00:63:4C:D2,-62,127,1.5,5.5,1.5
1783009236484,2026-07-02 18:20:36.484,C3:00:00:63:4D:0A,-63,127,1.5,5.5,1.5
1783009236493,2026-07-02 18:20:36.493,C3:00:00:63:4D:09,-55,127,1.5,5.5,1.5
1783009236502,2026-07-02 18:20:36.502,C3:00:00:63:4D:08,-48,127,1.5,5.5,1.5
1783009236526,2026-07-02 18:20:36.526,C3:00:00:63:4D:0D,-51,127,1.5,5.5,1.5
1783009236569,2026-07-02 18:20:36.569,C3:00:00:63:4D:08,-48,127,1.5,5.5,1.5
1783009236591,2026-07-02 18:20:36.591,C3:00:00:63:4C:D2,-61,127,1.5,5.5,1.5
1783009236599,2026-07-02 18:20:36.599,C3:00:00:63:4D:0A,-63,127,1.5,5.5,1.5
1783009236606,2026-07-02 18:20:36.606,C3:00:00:63:4D:09,-54,127,1.5,5.5,1.5
1783009236613,2026-07-02 18:20:36.613,C3:00:00:63:4D:0D,-56,127,1.5,5.5,1.5
1783009236618,2026-07-02 18:20:36.618,C3:00:00:63:4D:08,-49,127,1.5,5.5,1.5
1783009236623,2026-07-02 18:20:36.623,C3:00:00:63:4D:0D,-56,127,1.5,5.5,1.5
1783009236696,2026-07-02 18:20:36.696,C3:00:00:63:4D:07,-54,127,1.5,5.5,1.5
1783009236704,2026-07-02 18:20:36.704,C3:00:00:63:4C:D2,-62,127,1.5,5.5,1.5
1783009236708,2026-07-02 18:20:36.708,C3:00:00:63:4D:0A,-63,127,1.5,5.5,1.5
1783009236713,2026-07-02 18:20:36.713,C3:00:00:63:4D:09,-56,127,1.5,5.5,1.5
1783009236718,2026-07-02 18:20:36.718,C3:00:00:63:4D:08,-47,127,1.5,5.5,1.5
1783009236727,2026-07-02 18:20:36.727,C3:00:00:63:4C:D2,-63,127,1.5,5.5,1.5
1783009236738,2026-07-02 18:20:36.738,C3:00:00:63:4D:09,-57,127,1.5,5.5,1.5
1783009236745,2026-07-02 18:20:36.745,C3:00:00:63:4D:0D,-51,127,1.5,5.5,1.5
1783009236804,2026-07-02 18:20:36.804,C3:00:00:63:4D:04,-60,127,1.5,5.5,1.5
1783009236817,2026-07-02 18:20:36.817,C3:00:00:63:4D:07,-58,127,1.5,5.5,1.5
1783009236829,2026-07-02 18:20:36.829,C3:00:00:63:4D:0A,-64,127,1.5,5.5,1.5
1783009236831,2026-07-02 18:20:36.831,C3:00:00:63:4D:08,-47,127,1.5,5.5,1.5
1783009236835,2026-07-02 18:20:36.835,C3:00:00:63:4D:09,-58,127,1.5,5.5,1.5
1783009236842,2026-07-02 18:20:36.842,C3:00:00:63:4D:0D,-51,127,1.5,5.5,1.5
1783009236894,2026-07-02 18:20:36.894,C3:00:00:63:4D:04,-60,127,1.5,5.5,1.5
1783009236918,2026-07-02 18:20:36.918,C3:00:00:63:4D:04,-66,127,1.5,5.5,1.5
1783009236928,2026-07-02 18:20:36.928,C3:00:00:63:4D:05,-57,127,1.5,5.5,1.5
1783009236936,2026-07-02 18:20:36.936,C3:00:00:63:4D:07,-56,127,1.5,5.5,1.5
1783009236940,2026-07-02 18:20:36.940,C3:00:00:63:4C:D2,-62,127,1.5,5.5,1.5
1783009236948,2026-07-02 18:20:36.948,C3:00:00:63:4D:0A,-63,127,1.5,5.5,1.5
1783009236997,2026-07-02 18:20:36.997,C3:00:00:63:4D:09,-55,127,1.5,5.5,1.5
1783009237024,2026-07-02 18:20:37.024,C3:00:00:63:4D:04,-64,127,1.5,5.5,1.5
1783009237051,2026-07-02 18:20:37.051,C3:00:00:63:4C:D2,-62,127,1.5,5.5,1.5
1783009237060,2026-07-02 18:20:37.060,C3:00:00:63:4D:09,-56,127,1.5,5.5,1.5
1783009237070,2026-07-02 18:20:37.070,C3:00:00:63:4D:0A,-64,127,1.5,5.5,1.5
1783009237126,2026-07-02 18:20:37.126,C3:00:00:63:4D:08,-48,127,1.5,5.5,1.5
1783009237136,2026-07-02 18:20:37.136,C3:00:00:63:4D:04,-63,127,1.5,5.5,1.5
1783009237156,2026-07-02 18:20:37.156,C3:00:00:63:4D:07,-56,127,1.5,5.5,1.5
1783009237176,2026-07-02 18:20:37.176,C3:00:00:63:4D:09,-59,127,1.5,5.5,1.5
1783009237183,2026-07-02 18:20:37.183,C3:00:00:63:4D:05,-63,127,1.5,5.5,1.5
1783009237206,2026-07-02 18:20:37.206,C3:00:00:63:4D:0A,-63,127,1.5,5.5,1.5
1783009237214,2026-07-02 18:20:37.214,C3:00:00:63:4D:04,-61,127,1.5,5.5,1.5
1783009237227,2026-07-02 18:20:37.227,C3:00:00:63:4D:04,-61,127,1.5,5.5,1.5
1783009237247,2026-07-02 18:20:37.247,C3:00:00:63:4D:04,-61,127,1.5,5.5,1.5
1783009237264,2026-07-02 18:20:37.264,C3:00:00:63:4D:0D,-57,127,1.5,5.5,1.5
1783009237268,2026-07-02 18:20:37.268,C3:00:00:63:4D:08,-48,127,1.5,5.5,1.5
1783009237274,2026-07-02 18:20:37.274,C3:00:00:63:4D:07,-56,127,1.5,5.5,1.5
1783009237277,2026-07-02 18:20:37.277,C3:00:00:63:4D:05,-56,127,1.5,5.5,1.5
1783009237283,2026-07-02 18:20:37.283,C3:00:00:63:4D:0A,-63,127,1.5,5.5,1.5
1783009237285,2026-07-02 18:20:37.285,C3:00:00:63:4D:09,-54,127,1.5,5.5,1.5
1783009237348,2026-07-02 18:20:37.348,C3:00:00:63:4D:04,-64,127,1.5,5.5,1.5
1783009237374,2026-07-02 18:20:37.374,C3:00:00:63:4D:0D,-51,127,1.5,5.5,1.5
1783009237382,2026-07-02 18:20:37.382,C3:00:00:63:4D:08,-47,127,1.5,5.5,1.5
1783009237389,2026-07-02 18:20:37.389,C3:00:00:63:4D:0A,-64,127,1.5,5.5,1.5
1783009237397,2026-07-02 18:20:37.397,C3:00:00:63:4D:05,-63,127,1.5,5.5,1.5
1783009237400,2026-07-02 18:20:37.400,C3:00:00:63:4D:09,-57,127,1.5,5.5,1.5
1783009237487,2026-07-02 18:20:37.487,C3:00:00:63:4D:08,-48,127,1.5,5.5,1.5
1783009237511,2026-07-02 18:20:37.511,C3:00:00:63:4D:0A,-64,127,1.5,5.5,1.5
1783009237514,2026-07-02 18:20:37.514,C3:00:00:63:4D:05,-56,127,1.5,5.5,1.5
1783009237516,2026-07-02 18:20:37.516,C3:00:00:63:4C:D2,-62,127,1.5,5.5,1.5
1783009237518,2026-07-02 18:20:37.518,C3:00:00:63:4D:09,-54,127,1.5,5.5,1.5
1783009237573,2026-07-02 18:20:37.573,C3:00:00:63:4D:04,-65,127,1.5,5.5,1.5
1783009237576,2026-07-02 18:20:37.576,C3:00:00:63:4D:0D,-57,127,1.5,5.5,1.5
1783009237593,2026-07-02 18:20:37.593,C3:00:00:63:4D:08,-49,127,1.5,5.5,1.5
1783009237622,2026-07-02 18:20:37.622,C3:00:00:63:4D:0A,-65,127,1.5,5.5,1.5
1783009237627,2026-07-02 18:20:37.627,C3:00:00:63:4D:07,-53,127,1.5,5.5,1.5
1783009237680,2026-07-02 18:20:37.680,C3:00:00:63:4D:04,-67,127,1.5,5.5,1.5
1783009237685,2026-07-02 18:20:37.685,C3:00:00:63:4D:0D,-51,127,1.5,5.5,1.5
1783009237704,2026-07-02 18:20:37.704,C3:00:00:63:4D:08,-50,127,1.5,5.5,1.5
1783009237731,2026-07-02 18:20:37.731,C3:00:00:63:4D:0A,-65,127,1.5,5.5,1.5
1783009237733,2026-07-02 18:20:37.733,C3:00:00:63:4D:07,-58,127,1.5,5.5,1.5
1783009237781,2026-07-02 18:20:37.781,C3:00:00:63:4C:D2,-63,127,1.5,5.5,1.5
1783009237812,2026-07-02 18:20:37.812,C3:00:00:63:4D:08,-49,127,1.5,5.5,1.5
1783009237838,2026-07-02 18:20:37.838,C3:00:00:63:4D:0A,-66,127,1.5,5.5,1.5
1783009237845,2026-07-02 18:20:37.845,C3:00:00:63:4D:07,-56,127,1.5,5.5,1.5
1783009237848,2026-07-02 18:20:37.848,C3:00:00:63:4D:09,-54,127,1.5,5.5,1.5
1783009237863,2026-07-02 18:20:37.863,C3:00:00:63:4D:0D,-65,127,1.5,5.5,1.5
1783009237879,2026-07-02 18:20:37.879,C3:00:00:63:4D:09,-61,127,1.5,5.5,1.5
1783009237891,2026-07-02 18:20:37.891,C3:00:00:63:4D:0D,-57,127,1.5,5.5,1.5
1783009237923,2026-07-02 18:20:37.923,C3:00:00:63:4D:08,-46,127,1.5,5.5,1.5
1783009237954,2026-07-02 18:20:37.954,C3:00:00:63:4D:0A,-64,127,1.5,5.5,1.5
1783009237974,2026-07-02 18:20:37.974,C3:00:00:63:4D:07,-52,127,1.5,5.5,1.5
1783009237977,2026-07-02 18:20:37.977,C3:00:00:63:4D:05,-58,127,1.5,5.5,1.5
1783009237995,2026-07-02 18:20:37.995,C3:00:00:63:4D:0D,-54,127,1.5,5.5,1.5
1783009238001,2026-07-02 18:20:38.001,C3:00:00:63:4D:04,-63,127,1.5,5.5,1.5
1783009238024,2026-07-02 18:20:38.024,C3:00:00:63:4D:08,-48,127,1.5,5.5,1.5
1783009238036,2026-07-02 18:20:38.036,C3:00:00:63:4D:0D,-52,127,1.5,5.5,1.5
1783009238062,2026-07-02 18:20:38.062,C3:00:00:63:4D:0A,-64,127,1.5,5.5,1.5
1783009238078,2026-07-02 18:20:38.078,C3:00:00:63:4D:07,-58,127,1.5,5.5,1.5
1783009238083,2026-07-02 18:20:38.083,C3:00:00:63:4D:05,-64,127,1.5,5.5,1.5
1783009238090,2026-07-02 18:20:38.090,C3:00:00:63:4D:09,-56,127,1.5,5.5,1.5
1783009238093,2026-07-02 18:20:38.093,C3:00:00:63:4C:D2,-62,127,1.5,5.5,1.5
1783009238098,2026-07-02 18:20:38.098,C3:00:00:63:4D:0D,-58,127,1.5,5.5,1.5
1783009238100,2026-07-02 18:20:38.100,C3:00:00:63:4D:07,-64,127,1.5,5.5,1.5
1783009238108,2026-07-02 18:20:38.108,C3:00:00:63:4D:04,-67,127,1.5,5.5,1.5
1783009238134,2026-07-02 18:20:38.134,C3:00:00:63:4D:08,-49,127,1.5,5.5,1.5
1783009238171,2026-07-02 18:20:38.171,C3:00:00:63:4D:07,-57,127,1.5,5.5,1.5
1783009238174,2026-07-02 18:20:38.174,C3:00:00:63:4D:0A,-66,127,1.5,5.5,1.5
1783009238184,2026-07-02 18:20:38.184,C3:00:00:63:4D:07,-56,127,1.5,5.5,1.5
1783009238203,2026-07-02 18:20:38.203,C3:00:00:63:4D:09,-54,127,1.5,5.5,1.5
1783009238206,2026-07-02 18:20:38.206,C3:00:00:63:4D:05,-58,127,1.5,5.5,1.5
1783009238211,2026-07-02 18:20:38.211,C3:00:00:63:4C:D2,-63,127,1.5,5.5,1.5
1783009238213,2026-07-02 18:20:38.213,C3:00:00:63:4D:0A,-72,127,1.5,5.5,1.5
1783009238216,2026-07-02 18:20:38.216,C3:00:00:63:4D:0D,-50,127,1.5,5.5,1.5
1783009238223,2026-07-02 18:20:38.223,C3:00:00:63:4D:04,-66,127,1.5,5.5,1.5
1783009238249,2026-07-02 18:20:38.249,C3:00:00:63:4D:08,-46,127,1.5,5.5,1.5
1783009238294,2026-07-02 18:20:38.294,C3:00:00:63:4D:0A,-65,127,1.5,5.5,1.5
1783009238313,2026-07-02 18:20:38.313,C3:00:00:63:4D:07,-58,127,1.5,5.5,1.5
1783009238315,2026-07-02 18:20:38.315,C3:00:00:63:4D:0D,-51,127,1.5,5.5,1.5
1783009238317,2026-07-02 18:20:38.317,C3:00:00:63:4C:D2,-62,127,1.5,5.5,1.5
1783009238319,2026-07-02 18:20:38.319,C3:00:00:63:4D:05,-64,127,1.5,5.5,1.5
1783009238320,2026-07-02 18:20:38.320,C3:00:00:63:4D:09,-58,127,1.5,5.5,1.5
1783009238338,2026-07-02 18:20:38.338,C3:00:00:63:4D:04,-64,127,1.5,5.5,1.5
1783009238359,2026-07-02 18:20:38.359,C3:00:00:63:4D:08,-49,127,1.5,5.5,1.5
1783009238402,2026-07-02 18:20:38.402,C3:00:00:63:4D:0A,-68,127,1.5,5.5,1.5
1783009238424,2026-07-02 18:20:38.424,C3:00:00:63:4D:0D,-54,127,1.5,5.5,1.5
1783009238427,2026-07-02 18:20:38.427,C3:00:00:63:4D:07,-56,127,1.5,5.5,1.5
1783009238431,2026-07-02 18:20:38.431,C3:00:00:63:4C:D2,-60,127,1.5,5.5,1.5
1783009238435,2026-07-02 18:20:38.435,C3:00:00:63:4D:09,-54,127,1.5,5.5,1.5
1783009238443,2026-07-02 18:20:38.443,C3:00:00:63:4D:05,-55,127,1.5,5.5,1.5
1783009238445,2026-07-02 18:20:38.445,C3:00:00:63:4D:04,-70,127,1.5,5.5,1.5
1783009238458,2026-07-02 18:20:38.458,C3:00:00:63:4D:08,-48,127,1.5,5.5,1.5
1783009238469,2026-07-02 18:20:38.469,C3:00:00:63:4D:07,-56,127,1.5,5.5,1.5
1783009238483,2026-07-02 18:20:38.483,C3:00:00:63:4D:0D,-54,127,1.5,5.5,1.5
1783009238509,2026-07-02 18:20:38.509,C3:00:00:63:4D:0A,-64,127,1.5,5.5,1.5
1783009238529,2026-07-02 18:20:38.529,C3:00:00:63:4D:0D,-51,127,1.5,5.5,1.5
1783009238534,2026-07-02 18:20:38.534,C3:00:00:63:4D:07,-53,127,1.5,5.5,1.5
1783009238538,2026-07-02 18:20:38.538,C3:00:00:63:4D:05,-59,127,1.5,5.5,1.5
1783009238543,2026-07-02 18:20:38.543,C3:00:00:63:4D:09,-55,127,1.5,5.5,1.5
1783009238552,2026-07-02 18:20:38.552,C3:00:00:63:4D:04,-67,127,1.5,5.5,1.5
1783009238575,2026-07-02 18:20:38.575,C3:00:00:63:4D:08,-47,127,1.5,5.5,1.5
1783009238594,2026-07-02 18:20:38.594,C3:00:00:63:4D:08,-50,127,1.5,5.5,1.5
1783009238601,2026-07-02 18:20:38.601,C3:00:00:63:4C:D2,-64,127,1.5,5.5,1.5
1783009238626,2026-07-02 18:20:38.626,C3:00:00:63:4D:0A,-63,127,1.5,5.5,1.5
1783009238632,2026-07-02 18:20:38.632,C3:00:00:63:4D:0D,-54,127,1.5,5.5,1.5
1783009238648,2026-07-02 18:20:38.648,C3:00:00:63:4D:07,-60,127,1.5,5.5,1.5
1783009238655,2026-07-02 18:20:38.655,C3:00:00:63:4D:09,-58,127,1.5,5.5,1.5
1783009238665,2026-07-02 18:20:38.665,C3:00:00:63:4D:04,-65,127,1.5,5.5,1.5
1783009238686,2026-07-02 18:20:38.686,C3:00:00:63:4D:08,-50,127,1.5,5.5,1.5
1783009238715,2026-07-02 18:20:38.715,C3:00:00:63:4C:D2,-60,127,1.5,5.5,1.5
1783009238735,2026-07-02 18:20:38.735,C3:00:00:63:4D:0D,-54,127,1.5,5.5,1.5
1783009238741,2026-07-02 18:20:38.741,C3:00:00:63:4D:09,-54,127,1.5,5.5,1.5
1783009238761,2026-07-02 18:20:38.761,C3:00:00:63:4D:07,-56,127,1.5,5.5,1.5
1783009238769,2026-07-02 18:20:38.769,C3:00:00:63:4D:09,-54,127,1.5,5.5,1.5
1783009238775,2026-07-02 18:20:38.775,C3:00:00:63:4C:D2,-60,127,1.5,5.5,1.5
1783009238780,2026-07-02 18:20:38.780,C3:00:00:63:4D:05,-55,127,1.5,5.5,1.5
1783009238784,2026-07-02 18:20:38.784,C3:00:00:63:4D:08,-48,127,1.5,5.5,1.5
1783009238841,2026-07-02 18:20:38.841,C3:00:00:63:4D:0D,-51,127,1.5,5.5,1.5
1783009238853,2026-07-02 18:20:38.853,C3:00:00:63:4D:0A,-64,127,1.5,5.5,1.5
1783009238882,2026-07-02 18:20:38.882,C3:00:00:63:4D:09,-57,127,1.5,5.5,1.5
1783009238886,2026-07-02 18:20:38.886,C3:00:00:63:4D:04,-66,127,1.5,5.5,1.5
1783009238892,2026-07-02 18:20:38.892,C3:00:00:63:4C:D2,-64,127,1.5,5.5,1.5
1783009238896,2026-07-02 18:20:38.896,C3:00:00:63:4D:08,-47,127,1.5,5.5,1.5
1783009238904,2026-07-02 18:20:38.904,C3:00:00:63:4D:08,-58,127,1.5,5.5,1.5
1783009238932,2026-07-02 18:20:38.932,C3:00:00:63:4D:08,-50,127,1.5,5.5,1.5
1783009238935,2026-07-02 18:20:38.935,C3:00:00:63:4D:05,-64,127,1.5,5.5,1.5
1783009238938,2026-07-02 18:20:38.938,C3:00:00:63:4D:0D,-54,127,1.5,5.5,1.5
1783009238962,2026-07-02 18:20:38.962,C3:00:00:63:4D:0A,-63,127,1.5,5.5,1.5
1783009238996,2026-07-02 18:20:38.996,C3:00:00:63:4D:07,-56,127,1.5,5.5,1.5
1783009239007,2026-07-02 18:20:39.007,C3:00:00:63:4D:08,-48,127,1.5,5.5,1.5
1783009239016,2026-07-02 18:20:39.016,C3:00:00:63:4D:09,-54,127,1.5,5.5,1.5
1783009239047,2026-07-02 18:20:39.047,C3:00:00:63:4D:0D,-54,127,1.5,5.5,1.5
1783009239079,2026-07-02 18:20:39.079,C3:00:00:63:4D:0A,-68,127,1.5,5.5,1.5
1783009239107,2026-07-02 18:20:39.107,C3:00:00:63:4D:0A,-63,127,1.5,5.5,1.5
1783009239111,2026-07-02 18:20:39.111,C3:00:00:63:4D:04,-64,127,1.5,5.5,1.5
1783009239115,2026-07-02 18:20:39.115,C3:00:00:63:4D:09,-54,127,1.5,5.5,1.5
1783009239121,2026-07-02 18:20:39.121,C3:00:00:63:4D:08,-46,127,1.5,5.5,1.5
1783009239124,2026-07-02 18:20:39.124,C3:00:00:63:4D:07,-52,127,1.5,5.5,1.5
1783009239142,2026-07-02 18:20:39.142,C3:00:00:63:4D:08,-46,127,1.5,5.5,1.5
1783009239152,2026-07-02 18:20:39.152,C3:00:00:63:4D:0D,-51,127,1.5,5.5,1.5
1783009239187,2026-07-02 18:20:39.187,C3:00:00:63:4D:05,-59,127,1.5,5.5,1.5
1783009239199,2026-07-02 18:20:39.199,C3:00:00:63:4D:0A,-63,127,1.5,5.5,1.5
1783009239206,2026-07-02 18:20:39.206,C3:00:00:63:4D:04,-64,127,1.5,5.5,1.5
1783009239223,2026-07-02 18:20:39.223,C3:00:00:63:4D:0A,-64,127,1.5,5.5,1.5
1783009239229,2026-07-02 18:20:39.229,C3:00:00:63:4D:08,-49,127,1.5,5.5,1.5
1783009239246,2026-07-02 18:20:39.246,C3:00:00:63:4D:04,-64,127,1.5,5.5,1.5
1783009239260,2026-07-02 18:20:39.260,C3:00:00:63:4D:0D,-51,127,1.5,5.5,1.5
1783009239306,2026-07-02 18:20:39.306,C3:00:00:63:4D:0A,-66,127,1.5,5.5,1.5
1783009239311,2026-07-02 18:20:39.311,C3:00:00:63:4D:04,-65,127,1.5,5.5,1.5
1783009239338,2026-07-02 18:20:39.338,C3:00:00:63:4D:09,-54,127,1.5,5.5,1.5
1783009239345,2026-07-02 18:20:39.345,C3:00:00:63:4D:08,-48,127,1.5,5.5,1.5
1783009239350,2026-07-02 18:20:39.350,C3:00:00:63:4D:05,-56,127,1.5,5.5,1.5
1783009239361,2026-07-02 18:20:39.361,C3:00:00:63:4D:07,-57,127,1.5,5.5,1.5
1783009239366,2026-07-02 18:20:39.366,C3:00:00:63:4C:D2,-61,127,1.5,5.5,1.5
1783009239373,2026-07-02 18:20:39.373,C3:00:00:63:4D:0D,-58,127,1.5,5.5,1.5
1783009239443,2026-07-02 18:20:39.443,C3:00:00:63:4D:08,-46,127,1.5,5.5,1.5
1783009239446,2026-07-02 18:20:39.446,C3:00:00:63:4D:09,-54,127,1.5,5.5,1.5
1783009239463,2026-07-02 18:20:39.463,C3:00:00:63:4D:0D,-51,127,1.5,5.5,1.5
1783009239471,2026-07-02 18:20:39.471,C3:00:00:63:4C:D2,-65,127,1.5,5.5,1.5
1783009239532,2026-07-02 18:20:39.532,C3:00:00:63:4D:04,-64,127,1.5,5.5,1.5
1783009239539,2026-07-02 18:20:39.539,C3:00:00:63:4D:0A,-64,127,1.5,5.5,1.5
1783009239552,2026-07-02 18:20:39.552,C3:00:00:63:4D:08,-48,127,1.5,5.5,1.5
1783009239573,2026-07-02 18:20:39.573,C3:00:00:63:4D:09,-57,127,1.5,5.5,1.5
1783009239575,2026-07-02 18:20:39.575,C3:00:00:63:4D:07,-58,127,1.5,5.5,1.5
1783009239579,2026-07-02 18:20:39.579,C3:00:00:63:4D:0D,-51,127,1.5,5.5,1.5
1783009239638,2026-07-02 18:20:39.638,C3:00:00:63:4D:04,-65,127,1.5,5.5,1.5
1783009239644,2026-07-02 18:20:39.644,C3:00:00:63:4D:0A,-66,127,1.5,5.5,1.5
1783009239664,2026-07-02 18:20:39.664,C3:00:00:63:4D:08,-48,127,1.5,5.5,1.5
1783009239672,2026-07-02 18:20:39.672,C3:00:00:63:4D:0D,-58,127,1.5,5.5,1.5
1783009239681,2026-07-02 18:20:39.681,C3:00:00:63:4D:09,-54,127,1.5,5.5,1.5
1783009239689,2026-07-02 18:20:39.689,C3:00:00:63:4D:07,-56,127,1.5,5.5,1.5
1783009239696,2026-07-02 18:20:39.696,C3:00:00:63:4C:D2,-61,127,1.5,5.5,1.5
1783009239698,2026-07-02 18:20:39.698,C3:00:00:63:4D:05,-59,127,1.5,5.5,1.5
1783009239727,2026-07-02 18:20:39.727,C3:00:00:63:4D:04,-71,127,1.5,5.5,1.5
1783009239752,2026-07-02 18:20:39.752,C3:00:00:63:4D:04,-64,127,1.5,5.5,1.5
1783009239758,2026-07-02 18:20:39.758,C3:00:00:63:4D:0A,-64,127,1.5,5.5,1.5
1783009239777,2026-07-02 18:20:39.777,C3:00:00:63:4D:08,-46,127,1.5,5.5,1.5
1783009239782,2026-07-02 18:20:39.782,C3:00:00:63:4D:0D,-51,127,1.5,5.5,1.5
1783009239784,2026-07-02 18:20:39.784,C3:00:00:63:4C:D2,-65,127,1.5,5.5,1.5
1783009239791,2026-07-02 18:20:39.791,C3:00:00:63:4D:09,-57,127,1.5,5.5,1.5
1783009239799,2026-07-02 18:20:39.799,C3:00:00:63:4D:07,-58,127,1.5,5.5,1.5
1783009239806,2026-07-02 18:20:39.806,C3:00:00:63:4D:05,-64,127,1.5,5.5,1.5
1783009239809,2026-07-02 18:20:39.809,C3:00:00:63:4C:D2,-63,127,1.5,5.5,1.5
1783009239853,2026-07-02 18:20:39.853,C3:00:00:63:4D:04,-65,127,1.5,5.5,1.5
1783009239867,2026-07-02 18:20:39.867,C3:00:00:63:4D:09,-58,127,1.5,5.5,1.5
1783009239873,2026-07-02 18:20:39.873,C3:00:00:63:4D:0A,-64,127,1.5,5.5,1.5
1783009239881,2026-07-02 18:20:39.881,C3:00:00:63:4D:0D,-51,127,1.5,5.5,1.5
1783009239914,2026-07-02 18:20:39.914,C3:00:00:63:4D:09,-54,127,1.5,5.5,1.5
1783009239919,2026-07-02 18:20:39.919,C3:00:00:63:4D:05,-55,127,1.5,5.5,1.5
1783009239923,2026-07-02 18:20:39.923,C3:00:00:63:4C:D2,-60,127,1.5,5.5,1.5
1783009239968,2026-07-02 18:20:39.968,C3:00:00:63:4D:04,-65,127,1.5,5.5,1.5
1783009239989,2026-07-02 18:20:39.989,C3:00:00:63:4D:0A,-66,127,1.5,5.5,1.5
1783009239995,2026-07-02 18:20:39.995,C3:00:00:63:4D:08,-49,127,1.5,5.5,1.5
1783009240051,2026-07-02 18:20:40.051,C3:00:00:63:4D:0D,-52,127,1.5,5.5,1.5
1783009240055,2026-07-02 18:20:40.055,C3:00:00:63:4D:05,-66,127,1.5,5.5,1.5
1783009240096,2026-07-02 18:20:40.096,C3:00:00:63:4D:08,-48,127,1.5,5.5,1.5
1783009240102,2026-07-02 18:20:40.102,C3:00:00:63:4D:0A,-64,127,1.5,5.5,1.5
1783009240140,2026-07-02 18:20:40.140,C3:00:00:63:4D:09,-57,127,1.5,5.5,1.5
1783009240148,2026-07-02 18:20:40.148,C3:00:00:63:4D:07,-58,127,1.5,5.5,1.5
1783009240156,2026-07-02 18:20:40.156,C3:00:00:63:4C:D2,-63,127,1.5,5.5,1.5
1783009240163,2026-07-02 18:20:40.163,C3:00:00:63:4D:05,-64,127,1.5,5.5,1.5
1783009240178,2026-07-02 18:20:40.178,C3:00:00:63:4D:07,-58,127,1.5,5.5,1.5
1783009240182,2026-07-02 18:20:40.182,C3:00:00:63:4D:0A,-63,127,1.5,5.5,1.5
1783009240187,2026-07-02 18:20:40.187,C3:00:00:63:4D:04,-65,127,1.5,5.5,1.5
1783009240203,2026-07-02 18:20:40.203,C3:00:00:63:4D:0D,-57,127,1.5,5.5,1.5
1783009240214,2026-07-02 18:20:40.214,C3:00:00:63:4D:08,-48,127,1.5,5.5,1.5
1783009240217,2026-07-02 18:20:40.217,C3:00:00:63:4C:D2,-69,127,1.5,5.5,1.5
1783009240247,2026-07-02 18:20:40.247,C3:00:00:63:4D:09,-54,127,1.5,5.5,1.5
1783009240271,2026-07-02 18:20:40.271,C3:00:00:63:4D:07,-56,127,1.5,5.5,1.5
1783009240275,2026-07-02 18:20:40.275,C3:00:00:63:4C:D2,-60,127,1.5,5.5,1.5
1783009240277,2026-07-02 18:20:40.277,C3:00:00:63:4D:05,-55,127,1.5,5.5,1.5
1783009240300,2026-07-02 18:20:40.300,C3:00:00:63:4D:04,-66,127,1.5,5.5,1.5
1783009240304,2026-07-02 18:20:40.304,C3:00:00:63:4D:0D,-51,127,1.5,5.5,1.5
1783009240322,2026-07-02 18:20:40.322,C3:00:00:63:4D:08,-47,127,1.5,5.5,1.5
1783009240324,2026-07-02 18:20:40.324,C3:00:00:63:4D:0A,-64,127,1.5,5.5,1.5
1783009240354,2026-07-02 18:20:40.354,C3:00:00:63:4D:09,-56,127,1.5,5.5,1.5
1783009240372,2026-07-02 18:20:40.372,C3:00:00:63:4D:07,-53,127,1.5,5.5,1.5
1783009240379,2026-07-02 18:20:40.379,C3:00:00:63:4C:D2,-64,127,1.5,5.5,1.5
1783009240416,2026-07-02 18:20:40.416,C3:00:00:63:4D:0D,-54,127,1.5,5.5,1.5
1783009240427,2026-07-02 18:20:40.427,C3:00:00:63:4D:08,-50,127,1.5,5.5,1.5
1783009240439,2026-07-02 18:20:40.439,C3:00:00:63:4D:0A,-63,127,1.5,5.5,1.5
1783009240474,2026-07-02 18:20:40.474,C3:00:00:63:4D:09,-58,127,1.5,5.5,1.5
1783009240488,2026-07-02 18:20:40.488,C3:00:00:63:4D:07,-60,127,1.5,5.5,1.5
1783009240497,2026-07-02 18:20:40.497,C3:00:00:63:4D:05,-55,127,1.5,5.5,1.5
1783009240502,2026-07-02 18:20:40.502,C3:00:00:63:4C:D2,-60,127,1.5,5.5,1.5
1783009240510,2026-07-02 18:20:40.510,C3:00:00:63:4D:0D,-54,127,1.5,5.5,1.5
1783009240511,2026-07-02 18:20:40.511,C3:00:00:63:4D:04,-68,127,1.5,5.5,1.5
1783009240514,2026-07-02 18:20:40.514,C3:00:00:63:4D:0D,-54,127,1.5,5.5,1.5
1783009240533,2026-07-02 18:20:40.533,C3:00:00:63:4D:08,-49,127,1.5,5.5,1.5
1783009240548,2026-07-02 18:20:40.548,C3:00:00:63:4D:0A,-68,127,1.5,5.5,1.5
1783009240571,2026-07-02 18:20:40.571,C3:00:00:63:4D:08,-48,127,1.5,5.5,1.5
1783009240591,2026-07-02 18:20:40.591,C3:00:00:63:4D:09,-54,127,1.5,5.5,1.5
1783009240605,2026-07-02 18:20:40.605,C3:00:00:63:4D:05,-59,127,1.5,5.5,1.5
1783009240613,2026-07-02 18:20:40.613,C3:00:00:63:4D:07,-53,127,1.5,5.5,1.5
1783009240620,2026-07-02 18:20:40.620,C3:00:00:63:4D:0D,-51,127,1.5,5.5,1.5
1783009240621,2026-07-02 18:20:40.621,C3:00:00:63:4D:04,-66,127,1.5,5.5,1.5
1783009240634,2026-07-02 18:20:40.634,C3:00:00:63:4D:0D,-51,127,1.5,5.5,1.5
1783009240648,2026-07-02 18:20:40.648,C3:00:00:63:4D:08,-47,127,1.5,5.5,1.5
1783009240656,2026-07-02 18:20:40.656,C3:00:00:63:4D:0A,-64,127,1.5,5.5,1.5
1783009240713,2026-07-02 18:20:40.713,C3:00:00:63:4D:09,-58,127,1.5,5.5,1.5
1783009240736,2026-07-02 18:20:40.736,C3:00:00:63:4D:07,-60,127,1.5,5.5,1.5
1783009240739,2026-07-02 18:20:40.739,C3:00:00:63:4D:05,-64,127,1.5,5.5,1.5
1783009240743,2026-07-02 18:20:40.743,C3:00:00:63:4D:04,-65,127,1.5,5.5,1.5
1783009240746,2026-07-02 18:20:40.746,C3:00:00:63:4D:09,-58,127,1.5,5.5,1.5
1783009240754,2026-07-02 18:20:40.754,C3:00:00:63:4D:08,-50,127,1.5,5.5,1.5
1783009240778,2026-07-02 18:20:40.778,C3:00:00:63:4D:0A,-63,127,1.5,5.5,1.5
1783009240818,2026-07-02 18:20:40.818,C3:00:00:63:4D:09,-54,127,1.5,5.5,1.5
1783009240830,2026-07-02 18:20:40.830,C3:00:00:63:4D:0D,-54,127,1.5,5.5,1.5
1783009240835,2026-07-02 18:20:40.835,C3:00:00:63:4D:07,-56,127,1.5,5.5,1.5
1783009240862,2026-07-02 18:20:40.862,C3:00:00:63:4D:08,-49,127,1.5,5.5,1.5
1783009240888,2026-07-02 18:20:40.888,C3:00:00:63:4D:0A,-68,127,1.5,5.5,1.5
1783009240910,2026-07-02 18:20:40.910,C3:00:00:63:4D:04,-67,127,1.5,5.5,1.5
1783009240939,2026-07-02 18:20:40.939,C3:00:00:63:4D:0D,-51,127,1.5,5.5,1.5
1783009240959,2026-07-02 18:20:40.959,C3:00:00:63:4D:07,-53,127,1.5,5.5,1.5
1783009240964,2026-07-02 18:20:40.964,C3:00:00:63:4D:04,-66,127,1.5,5.5,1.5
1783009240966,2026-07-02 18:20:40.966,C3:00:00:63:4D:05,-59,127,1.5,5.5,1.5
1783009240971,2026-07-02 18:20:40.971,C3:00:00:63:4D:08,-47,127,1.5,5.5,1.5
1783009240981,2026-07-02 18:20:40.981,C3:00:00:63:4D:05,-59,127,1.5,5.5,1.5
1783009240990,2026-07-02 18:20:40.990,C3:00:00:63:4D:09,-59,127,1.5,5.5,1.5
1783009240997,2026-07-02 18:20:40.997,C3:00:00:63:4D:0A,-63,127,1.5,5.5,1.5
1783009241037,2026-07-02 18:20:41.037,C3:00:00:63:4D:0D,-51,127,1.5,5.5,1.5
1783009241043,2026-07-02 18:20:41.043,C3:00:00:63:4D:09,-57,127,1.5,5.5,1.5
1783009241059,2026-07-02 18:20:41.059,C3:00:00:63:4D:04,-65,127,1.5,5.5,1.5
1783009241064,2026-07-02 18:20:41.064,C3:00:00:63:4D:07,-58,127,1.5,5.5,1.5
1783009241072,2026-07-02 18:20:41.072,C3:00:00:63:4D:05,-65,127,1.5,5.5,1.5
1783009241080,2026-07-02 18:20:41.080,C3:00:00:63:4C:D2,-63,127,1.5,5.5,1.5
1783009241087,2026-07-02 18:20:41.087,C3:00:00:63:4D:0A,-63,127,1.5,5.5,1.5
1783009241150,2026-07-02 18:20:41.150,C3:00:00:63:4D:0D,-58,127,1.5,5.5,1.5
1783009241155,2026-07-02 18:20:41.155,C3:00:00:63:4D:08,-48,127,1.5,5.5,1.5
1783009241177,2026-07-02 18:20:41.177,C3:00:00:63:4D:04,-66,127,1.5,5.5,1.5
1783009241181,2026-07-02 18:20:41.181,C3:00:00:63:4D:07,-57,127,1.5,5.5,1.5
1783009241184,2026-07-02 18:20:41.184,C3:00:00:63:4D:05,-56,127,1.5,5.5,1.5
1783009241191,2026-07-02 18:20:41.191,C3:00:00:63:4D:08,-48,127,1.5,5.5,1.5
1783009241203,2026-07-02 18:20:41.203,C3:00:00:63:4D:05,-59,127,1.5,5.5,1.5
1783009241215,2026-07-02 18:20:41.215,C3:00:00:63:4D:0A,-64,127,1.5,5.5,1.5
1783009241221,2026-07-02 18:20:41.221,C3:00:00:63:4D:04,-67,127,1.5,5.5,1.5
1783009241232,2026-07-02 18:20:41.232,C3:00:00:63:4D:0A,-64,127,1.5,5.5,1.5
1783009241237,2026-07-02 18:20:41.237,C3:00:00:63:4D:04,-67,127,1.5,5.5,1.5
1783009241247,2026-07-02 18:20:41.247,C3:00:00:63:4D:0D,-51,127,1.5,5.5,1.5
1783009241274,2026-07-02 18:20:41.274,C3:00:00:63:4D:04,-66,127,1.5,5.5,1.5
1783009241280,2026-07-02 18:20:41.280,C3:00:00:63:4D:09,-55,127,1.5,5.5,1.5
1783009241294,2026-07-02 18:20:41.294,C3:00:00:63:4D:08,-49,127,1.5,5.5,1.5
1783009241340,2026-07-02 18:20:41.340,C3:00:00:63:4D:0A,-63,127,1.5,5.5,1.5
1783009241388,2026-07-02 18:20:41.388,C3:00:00:63:4D:04,-64,127,1.5,5.5,1.5
1783009241393,2026-07-02 18:20:41.393,C3:00:00:63:4D:09,-58,127,1.5,5.5,1.5
1783009241405,2026-07-02 18:20:41.405,C3:00:00:63:4D:08,-49,127,1.5,5.5,1.5
1783009241415,2026-07-02 18:20:41.415,C3:00:00:63:4D:07,-56,127,1.5,5.5,1.5
1783009241422,2026-07-02 18:20:41.422,C3:00:00:63:4D:05,-55,127,1.5,5.5,1.5
1783009241423,2026-07-02 18:20:41.423,C3:00:00:63:4C:D2,-60,127,1.5,5.5,1.5
1783009241461,2026-07-02 18:20:41.461,C3:00:00:63:4D:0D,-54,127,1.5,5.5,1.5
1783009241498,2026-07-02 18:20:41.498,C3:00:00:63:4D:04,-66,127,1.5,5.5,1.5
1783009241503,2026-07-02 18:20:41.503,C3:00:00:63:4D:09,-55,127,1.5,5.5,1.5
1783009241523,2026-07-02 18:20:41.523,C3:00:00:63:4D:08,-47,127,1.5,5.5,1.5
1783009241561,2026-07-02 18:20:41.561,C3:00:00:63:4D:0D,-51,127,1.5,5.5,1.5
1783009241565,2026-07-02 18:20:41.565,C3:00:00:63:4D:0A,-64,127,1.5,5.5,1.5
1783009241603,2026-07-02 18:20:41.603,C3:00:00:63:4D:04,-64,127,1.5,5.5,1.5
1783009241628,2026-07-02 18:20:41.628,C3:00:00:63:4D:09,-59,127,1.5,5.5,1.5
1783009241637,2026-07-02 18:20:41.637,C3:00:00:63:4D:08,-50,127,1.5,5.5,1.5
1783009241648,2026-07-02 18:20:41.648,C3:00:00:63:4D:07,-59,127,1.5,5.5,1.5
1783009241656,2026-07-02 18:20:41.656,C3:00:00:63:4C:D2,-64,127,1.5,5.5,1.5
1783009241672,2026-07-02 18:20:41.672,C3:00:00:63:4D:0D,-54,127,1.5,5.5,1.5
1783009241674,2026-07-02 18:20:41.674,C3:00:00:63:4D:0A,-64,127,1.5,5.5,1.5
1783009241707,2026-07-02 18:20:41.707,C3:00:00:63:4D:04,-66,127,1.5,5.5,1.5
1783009241756,2026-07-02 18:20:41.756,C3:00:00:63:4D:07,-56,127,1.5,5.5,1.5
1783009241760,2026-07-02 18:20:41.760,C3:00:00:63:4C:D2,-60,127,1.5,5.5,1.5
1783009241772,2026-07-02 18:20:41.772,C3:00:00:63:4D:05,-55,127,1.5,5.5,1.5
1783009241775,2026-07-02 18:20:41.775,C3:00:00:63:4D:0D,-54,127,1.5,5.5,1.5
1783009241787,2026-07-02 18:20:41.787,C3:00:00:63:4C:D2,-61,127,1.5,5.5,1.5
1783009241795,2026-07-02 18:20:41.795,C3:00:00:63:4D:0A,-64,127,1.5,5.5,1.5
1783009241821,2026-07-02 18:20:41.821,C3:00:00:63:4D:04,-63,127,1.5,5.5,1.5
1783009241844,2026-07-02 18:20:41.844,C3:00:00:63:4D:08,-47,127,1.5,5.5,1.5
1783009241851,2026-07-02 18:20:41.851,C3:00:00:63:4D:09,-55,127,1.5,5.5,1.5
1783009241869,2026-07-02 18:20:41.869,C3:00:00:63:4D:07,-53,127,1.5,5.5,1.5
1783009241880,2026-07-02 18:20:41.880,C3:00:00:63:4D:05,-58,127,1.5,5.5,1.5
1783009241891,2026-07-02 18:20:41.891,C3:00:00:63:4C:D2,-64,127,1.5,5.5,1.5
1783009241895,2026-07-02 18:20:41.895,C3:00:00:63:4D:09,-63,127,1.5,5.5,1.5
1783009241897,2026-07-02 18:20:41.897,C3:00:00:63:4D:0D,-54,127,1.5,5.5,1.5
1783009241903,2026-07-02 18:20:41.903,C3:00:00:63:4D:0A,-64,127,1.5,5.5,1.5
1783009241909,2026-07-02 18:20:41.909,C3:00:00:63:4D:05,-65,127,1.5,5.5,1.5
1783009241926,2026-07-02 18:20:41.926,C3:00:00:63:4D:04,-63,127,1.5,5.5,1.5
1783009241962,2026-07-02 18:20:41.962,C3:00:00:63:4D:09,-59,127,1.5,5.5,1.5
1783009241991,2026-07-02 18:20:41.991,C3:00:00:63:4D:0D,-54,127,1.5,5.5,1.5
1783009242009,2026-07-02 18:20:42.009,C3:00:00:63:4D:0A,-67,127,1.5,5.5,1.5
1783009242051,2026-07-02 18:20:42.051,C3:00:00:63:4D:0D,-54,127,1.5,5.5,1.5
1783009242061,2026-07-02 18:20:42.061,C3:00:00:63:4D:08,-48,127,1.5,5.5,1.5
1783009242067,2026-07-02 18:20:42.067,C3:00:00:63:4D:09,-53,127,1.5,5.5,1.5
1783009242081,2026-07-02 18:20:42.081,C3:00:00:63:4D:0D,-54,127,1.5,5.5,1.5
1783009242094,2026-07-02 18:20:42.094,C3:00:00:63:4D:07,-53,127,1.5,5.5,1.5
1783009242096,2026-07-02 18:20:42.096,C3:00:00:63:4D:05,-58,127,1.5,5.5,1.5
1783009242103,2026-07-02 18:20:42.103,C3:00:00:63:4C:D2,-64,127,1.5,5.5,1.5
1783009242121,2026-07-02 18:20:42.121,C3:00:00:63:4D:07,-60,127,1.5,5.5,1.5
1783009242127,2026-07-02 18:20:42.127,C3:00:00:63:4D:0A,-63,127,1.5,5.5,1.5
1783009242146,2026-07-02 18:20:42.146,C3:00:00:63:4D:04,-64,127,1.5,5.5,1.5
1783009242170,2026-07-02 18:20:42.170,C3:00:00:63:4D:08,-47,127,1.5,5.5,1.5
1783009242176,2026-07-02 18:20:42.176,C3:00:00:63:4D:0A,-71,127,1.5,5.5,1.5
1783009242187,2026-07-02 18:20:42.187,C3:00:00:63:4D:07,-53,127,1.5,5.5,1.5
1783009242192,2026-07-02 18:20:42.192,C3:00:00:63:4D:0D,-51,127,1.5,5.5,1.5
1783009242216,2026-07-02 18:20:42.216,C3:00:00:63:4C:D2,-64,127,1.5,5.5,1.5
1783009242222,2026-07-02 18:20:42.222,C3:00:00:63:4D:07,-59,127,1.5,5.5,1.5
1783009242228,2026-07-02 18:20:42.228,C3:00:00:63:4D:05,-64,127,1.5,5.5,1.5
1783009242238,2026-07-02 18:20:42.238,C3:00:00:63:4D:0A,-64,127,1.5,5.5,1.5
1783009242260,2026-07-02 18:20:42.260,C3:00:00:63:4D:04,-63,127,1.5,5.5,1.5
1783009242276,2026-07-02 18:20:42.276,C3:00:00:63:4D:08,-50,127,1.5,5.5,1.5
1783009242295,2026-07-02 18:20:42.295,C3:00:00:63:4D:0D,-54,127,1.5,5.5,1.5
1783009242330,2026-07-02 18:20:42.330,C3:00:00:63:4C:D2,-60,127,1.5,5.5,1.5
1783009242363,2026-07-02 18:20:42.363,C3:00:00:63:4D:0A,-68,127,1.5,5.5,1.5
1783009242368,2026-07-02 18:20:42.368,C3:00:00:63:4D:04,-65,127,1.5,5.5,1.5
1783009242386,2026-07-02 18:20:42.386,C3:00:00:63:4D:08,-49,127,1.5,5.5,1.5
1783009242402,2026-07-02 18:20:42.402,C3:00:00:63:4D:0D,-51,127,1.5,5.5,1.5
1783009242411,2026-07-02 18:20:42.411,C3:00:00:63:4D:09,-55,127,1.5,5.5,1.5
1783009242439,2026-07-02 18:20:42.439,C3:00:00:63:4D:07,-53,127,1.5,5.5,1.5
1783009242487,2026-07-02 18:20:42.487,C3:00:00:63:4D:07,-53,127,1.5,5.5,1.5
1783009242496,2026-07-02 18:20:42.496,C3:00:00:63:4D:08,-50,127,1.5,5.5,1.5
1783009242529,2026-07-02 18:20:42.529,C3:00:00:63:4D:09,-60,127,1.5,5.5,1.5
1783009242546,2026-07-02 18:20:42.546,C3:00:00:63:4D:0D,-54,127,1.5,5.5,1.5
1783009242564,2026-07-02 18:20:42.564,C3:00:00:63:4D:07,-59,127,1.5,5.5,1.5
1783009242572,2026-07-02 18:20:42.572,C3:00:00:63:4C:D2,-64,127,1.5,5.5,1.5
1783009242599,2026-07-02 18:20:42.599,C3:00:00:63:4D:08,-48,127,1.5,5.5,1.5
1783009242613,2026-07-02 18:20:42.613,C3:00:00:63:4C:D2,-60,127,1.5,5.5,1.5
1783009242618,2026-07-02 18:20:42.618,C3:00:00:63:4D:0D,-54,127,1.5,5.5,1.5
1783009242637,2026-07-02 18:20:42.637,C3:00:00:63:4D:09,-54,127,1.5,5.5,1.5
1783009242673,2026-07-02 18:20:42.673,C3:00:00:63:4D:07,-56,127,1.5,5.5,1.5
1783009242676,2026-07-02 18:20:42.676,C3:00:00:63:4D:05,-55,127,1.5,5.5,1.5
1783009242683,2026-07-02 18:20:42.683,C3:00:00:63:4C:D2,-59,127,1.5,5.5,1.5
1783009242702,2026-07-02 18:20:42.702,C3:00:00:63:4D:0A,-63,127,1.5,5.5,1.5
1783009242716,2026-07-02 18:20:42.716,C3:00:00:63:4D:08,-47,127,1.5,5.5,1.5
1783009242719,2026-07-02 18:20:42.719,C3:00:00:63:4D:0D,-51,127,1.5,5.5,1.5
1783009242728,2026-07-02 18:20:42.728,C3:00:00:63:4C:D2,-64,127,1.5,5.5,1.5
1783009242745,2026-07-02 18:20:42.745,C3:00:00:63:4D:09,-55,127,1.5,5.5,1.5
1783009242799,2026-07-02 18:20:42.799,C3:00:00:63:4D:05,-64,127,1.5,5.5,1.5
1783009242827,2026-07-02 18:20:42.827,C3:00:00:63:4D:0D,-54,127,1.5,5.5,1.5
1783009242830,2026-07-02 18:20:42.830,C3:00:00:63:4D:08,-50,127,1.5,5.5,1.5
1783009242866,2026-07-02 18:20:42.866,C3:00:00:63:4D:09,-60,127,1.5,5.5,1.5
1783009242885,2026-07-02 18:20:42.885,C3:00:00:63:4D:08,-50,127,1.5,5.5,1.5
1783009242913,2026-07-02 18:20:42.913,C3:00:00:63:4C:D2,-59,127,1.5,5.5,1.5
1783009242915,2026-07-02 18:20:42.915,C3:00:00:63:4D:07,-56,127,1.5,5.5,1.5
1783009242920,2026-07-02 18:20:42.920,C3:00:00:63:4D:04,-65,127,1.5,5.5,1.5
1783009242923,2026-07-02 18:20:42.923,C3:00:00:63:4D:0A,-67,127,1.5,5.5,1.5
1783009242924,2026-07-02 18:20:42.924,C3:00:00:63:4D:0D,-54,127,1.5,5.5,1.5
1783009242928,2026-07-02 18:20:42.928,C3:00:00:63:4D:08,-48,127,1.5,5.5,1.5
1783009242961,2026-07-02 18:20:42.961,C3:00:00:63:4D:05,-56,127,1.5,5.5,1.5
1783009242979,2026-07-02 18:20:42.979,C3:00:00:63:4D:09,-54,127,1.5,5.5,1.5
1783009243005,2026-07-02 18:20:43.005,C3:00:00:63:4D:09,-55,127,1.5,5.5,1.5
1783009243018,2026-07-02 18:20:43.018,C3:00:00:63:4D:07,-53,127,1.5,5.5,1.5
1783009243033,2026-07-02 18:20:43.033,C3:00:00:63:4C:D2,-64,127,1.5,5.5,1.5
1783009243036,2026-07-02 18:20:43.036,C3:00:00:63:4D:04,-64,127,1.5,5.5,1.5
1783009243040,2026-07-02 18:20:43.040,C3:00:00:63:4D:05,-58,127,1.5,5.5,1.5
1783009243042,2026-07-02 18:20:43.042,C3:00:00:63:4D:0D,-51,127,1.5,5.5,1.5
1783009243044,2026-07-02 18:20:43.044,C3:00:00:63:4D:0A,-63,127,1.5,5.5,1.5
1783009243050,2026-07-02 18:20:43.050,C3:00:00:63:4D:08,-47,127,1.5,5.5,1.5
1783009243090,2026-07-02 18:20:43.090,C3:00:00:63:4D:0A,-65,127,1.5,5.5,1.5
1783009243103,2026-07-02 18:20:43.103,C3:00:00:63:4D:09,-60,127,1.5,5.5,1.5
1783009243136,2026-07-02 18:20:43.136,C3:00:00:63:4D:0D,-54,127,1.5,5.5,1.5
1783009243144,2026-07-02 18:20:43.144,C3:00:00:63:4D:07,-59,127,1.5,5.5,1.5
1783009243153,2026-07-02 18:20:43.153,C3:00:00:63:4D:08,-50,127,1.5,5.5,1.5
1783009243173,2026-07-02 18:20:43.173,C3:00:00:63:4D:08,-50,127,1.5,5.5,1.5
1783009243216,2026-07-02 18:20:43.216,C3:00:00:63:4D:09,-54,127,1.5,5.5,1.5
1783009243219,2026-07-02 18:20:43.219,C3:00:00:63:4D:0A,-67,127,1.5,5.5,1.5
1783009243239,2026-07-02 18:20:43.239,C3:00:00:63:4D:04,-64,127,1.5,5.5,1.5
1783009243257,2026-07-02 18:20:43.257,C3:00:00:63:4D:07,-56,127,1.5,5.5,1.5
1783009243259,2026-07-02 18:20:43.259,C3:00:00:63:4C:D2,-59,127,1.5,5.5,1.5
1783009243260,2026-07-02 18:20:43.260,C3:00:00:63:4D:05,-55,127,1.5,5.5,1.5
1783009243263,2026-07-02 18:20:43.263,C3:00:00:63:4D:08,-48,127,1.5,5.5,1.5
1783009243271,2026-07-02 18:20:43.271,C3:00:00:63:4D:04,-65,127,1.5,5.5,1.5
1783009243326,2026-07-02 18:20:43.326,C3:00:00:63:4D:09,-55,127,1.5,5.5,1.5
1783009243348,2026-07-02 18:20:43.348,C3:00:00:63:4D:0D,-51,127,1.5,5.5,1.5
1783009243370,2026-07-02 18:20:43.370,C3:00:00:63:4D:08,-48,127,1.5,5.5,1.5
1783009243376,2026-07-02 18:20:43.376,C3:00:00:63:4D:07,-53,127,1.5,5.5,1.5
1783009243380,2026-07-02 18:20:43.380,C3:00:00:63:4C:D2,-64,127,1.5,5.5,1.5
1783009243442,2026-07-02 18:20:43.442,C3:00:00:63:4D:09,-60,127,1.5,5.5,1.5
1783009243464,2026-07-02 18:20:43.464,C3:00:00:63:4D:0D,-54,127,1.5,5.5,1.5
1783009243468,2026-07-02 18:20:43.468,C3:00:00:63:4D:04,-63,127,1.5,5.5,1.5
1783009243477,2026-07-02 18:20:43.477,C3:00:00:63:4D:08,-50,127,1.5,5.5,1.5
1783009243487,2026-07-02 18:20:43.487,C3:00:00:63:4D:07,-59,127,1.5,5.5,1.5
1783009243558,2026-07-02 18:20:43.558,C3:00:00:63:4D:09,-54,127,1.5,5.5,1.5
1783009243564,2026-07-02 18:20:43.564,C3:00:00:63:4D:0D,-54,127,1.5,5.5,1.5
1783009243568,2026-07-02 18:20:43.568,C3:00:00:63:4D:04,-65,127,1.5,5.5,1.5
1783009243581,2026-07-02 18:20:43.581,C3:00:00:63:4D:08,-48,127,1.5,5.5,1.5
1783009243601,2026-07-02 18:20:43.601,C3:00:00:63:4D:05,-58,127,1.5,5.5,1.5
1783009243666,2026-07-02 18:20:43.666,C3:00:00:63:4D:0D,-51,127,1.5,5.5,1.5
1783009243695,2026-07-02 18:20:43.695,C3:00:00:63:4D:08,-48,127,1.5,5.5,1.5
1783009243716,2026-07-02 18:20:43.716,C3:00:00:63:4D:07,-58,127,1.5,5.5,1.5
1783009243724,2026-07-02 18:20:43.724,C3:00:00:63:4D:04,-70,127,1.5,5.5,1.5
1783009243766,2026-07-02 18:20:43.766,C3:00:00:63:4D:0D,-54,127,1.5,5.5,1.5
1783009243784,2026-07-02 18:20:43.784,C3:00:00:63:4C:D2,-64,127,1.5,5.5,1.5
1783009243806,2026-07-02 18:20:43.806,C3:00:00:63:4D:08,-48,127,1.5,5.5,1.5
1783009243818,2026-07-02 18:20:43.818,C3:00:00:63:4D:0A,-65,127,1.5,5.5,1.5
1783009243819,2026-07-02 18:20:43.819,C3:00:00:63:4D:07,-57,127,1.5,5.5,1.5
1783009243900,2026-07-02 18:20:43.900,C3:00:00:63:4D:09,-54,127,1.5,5.5,1.5
1783009243914,2026-07-02 18:20:43.914,C3:00:00:63:4D:08,-46,127,1.5,5.5,1.5
1783009243938,2026-07-02 18:20:43.938,C3:00:00:63:4D:0A,-64,127,1.5,5.5,1.5
1783009243943,2026-07-02 18:20:43.943,C3:00:00:63:4D:05,-58,127,1.5,5.5,1.5
1783009243980,2026-07-02 18:20:43.980,C3:00:00:63:4D:0D,-51,127,1.5,5.5,1.5
1783009244004,2026-07-02 18:20:44.004,C3:00:00:63:4D:04,-63,127,1.5,5.5,1.5
1783009244020,2026-07-02 18:20:44.020,C3:00:00:63:4D:09,-58,127,1.5,5.5,1.5
1783009244022,2026-07-02 18:20:44.022,C3:00:00:63:4D:08,-48,127,1.5,5.5,1.5
1783009244049,2026-07-02 18:20:44.049,C3:00:00:63:4D:0A,-65,127,1.5,5.5,1.5
1783009244058,2026-07-02 18:20:44.058,C3:00:00:63:4D:07,-58,127,1.5,5.5,1.5
1783009244084,2026-07-02 18:20:44.084,C3:00:00:63:4D:0D,-54,127,1.5,5.5,1.5
1783009244108,2026-07-02 18:20:44.108,C3:00:00:63:4D:04,-63,127,1.5,5.5,1.5
1783009244132,2026-07-02 18:20:44.132,C3:00:00:63:4D:08,-49,127,1.5,5.5,1.5
1783009244166,2026-07-02 18:20:44.166,C3:00:00:63:4D:0A,-65,127,1.5,5.5,1.5
1783009244174,2026-07-02 18:20:44.174,C3:00:00:63:4C:D2,-61,127,1.5,5.5,1.5
1783009244180,2026-07-02 18:20:44.180,C3:00:00:63:4D:05,-56,127,1.5,5.5,1.5
1783009244187,2026-07-02 18:20:44.187,C3:00:00:63:4D:0D,-58,127,1.5,5.5,1.5
1783009244190,2026-07-02 18:20:44.190,C3:00:00:63:4D:0A,-65,127,1.5,5.5,1.5
1783009244200,2026-07-02 18:20:44.200,C3:00:00:63:4D:07,-53,127,1.5,5.5,1.5
1783009244214,2026-07-02 18:20:44.214,C3:00:00:63:4D:04,-63,127,1.5,5.5,1.5
1783009244227,2026-07-02 18:20:44.227,C3:00:00:63:4C:D2,-72,127,1.5,5.5,1.5
1783009244243,2026-07-02 18:20:44.243,C3:00:00:63:4D:09,-54,127,1.5,5.5,1.5
1783009244249,2026-07-02 18:20:44.249,C3:00:00:63:4D:08,-46,127,1.5,5.5,1.5
1783009244268,2026-07-02 18:20:44.268,C3:00:00:63:4D:0A,-64,127,1.5,5.5,1.5
1783009244292,2026-07-02 18:20:44.292,C3:00:00:63:4D:07,-53,127,1.5,5.5,1.5
1783009244295,2026-07-02 18:20:44.295,C3:00:00:63:4D:05,-58,127,1.5,5.5,1.5
1783009244297,2026-07-02 18:20:44.297,C3:00:00:63:4C:D2,-65,127,1.5,5.5,1.5
1783009244298,2026-07-02 18:20:44.298,C3:00:00:63:4D:0D,-51,127,1.5,5.5,1.5
1783009244387,2026-07-02 18:20:44.387,C3:00:00:63:4D:0A,-65,127,1.5,5.5,1.5
1783009244404,2026-07-02 18:20:44.404,C3:00:00:63:4D:07,-56,127,1.5,5.5,1.5
1783009244442,2026-07-02 18:20:44.442,C3:00:00:63:4D:04,-65,127,1.5,5.5,1.5
1783009244467,2026-07-02 18:20:44.467,C3:00:00:63:4D:08,-48,127,1.5,5.5,1.5
1783009244474,2026-07-02 18:20:44.474,C3:00:00:63:4D:09,-54,127,1.5,5.5,1.5
1783009244501,2026-07-02 18:20:44.501,C3:00:00:63:4D:0A,-63,127,1.5,5.5,1.5
1783009244506,2026-07-02 18:20:44.506,C3:00:00:63:4D:0D,-51,127,1.5,5.5,1.5
1783009244519,2026-07-02 18:20:44.519,C3:00:00:63:4D:05,-58,127,1.5,5.5,1.5
1783009244526,2026-07-02 18:20:44.526,C3:00:00:63:4D:0D,-52,127,1.5,5.5,1.5
1783009244547,2026-07-02 18:20:44.547,C3:00:00:63:4D:04,-64,127,1.5,5.5,1.5
1783009244568,2026-07-02 18:20:44.568,C3:00:00:63:4D:08,-47,127,1.5,5.5,1.5
1783009244576,2026-07-02 18:20:44.576,C3:00:00:63:4D:09,-55,127,1.5,5.5,1.5
1783009244607,2026-07-02 18:20:44.607,C3:00:00:63:4D:0D,-54,127,1.5,5.5,1.5
1783009244630,2026-07-02 18:20:44.630,C3:00:00:63:4D:0D,-54,127,1.5,5.5,1.5
1783009244641,2026-07-02 18:20:44.641,C3:00:00:63:4C:D2,-64,127,1.5,5.5,1.5
1783009244644,2026-07-02 18:20:44.644,C3:00:00:63:4D:05,-64,127,1.5,5.5,1.5
1783009244659,2026-07-02 18:20:44.659,C3:00:00:63:4D:04,-63,127,1.5,5.5,1.5
1783009244679,2026-07-02 18:20:44.679,C3:00:00:63:4D:08,-50,127,1.5,5.5,1.5
1783009244695,2026-07-02 18:20:44.695,C3:00:00:63:4D:09,-53,127,1.5,5.5,1.5
1783009244707,2026-07-02 18:20:44.707,C3:00:00:63:4D:0D,-54,127,1.5,5.5,1.5
1783009244730,2026-07-02 18:20:44.730,C3:00:00:63:4D:0A,-66,127,1.5,5.5,1.5
1783009244741,2026-07-02 18:20:44.741,C3:00:00:63:4C:D2,-60,127,1.5,5.5,1.5
1783009244744,2026-07-02 18:20:44.744,C3:00:00:63:4D:07,-56,127,1.5,5.5,1.5
1783009244751,2026-07-02 18:20:44.751,C3:00:00:63:4D:05,-55,127,1.5,5.5,1.5
1783009244762,2026-07-02 18:20:44.762,C3:00:00:63:4D:04,-65,127,1.5,5.5,1.5
1783009244764,2026-07-02 18:20:44.764,C3:00:00:63:4D:09,-54,127,1.5,5.5,1.5
1783009244769,2026-07-02 18:20:44.769,C3:00:00:63:4C:D2,-60,127,1.5,5.5,1.5
1783009244781,2026-07-02 18:20:44.781,C3:00:00:63:4D:08,-49,127,1.5,5.5,1.5
1783009244804,2026-07-02 18:20:44.804,C3:00:00:63:4D:09,-55,127,1.5,5.5,1.5
1783009244816,2026-07-02 18:20:44.816,C3:00:00:63:4D:0D,-51,127,1.5,5.5,1.5
1783009244840,2026-07-02 18:20:44.840,C3:00:00:63:4D:0A,-63,127,1.5,5.5,1.5
1783009244858,2026-07-02 18:20:44.858,C3:00:00:63:4D:05,-58,127,1.5,5.5,1.5
1783009244870,2026-07-02 18:20:44.870,C3:00:00:63:4C:D2,-65,127,1.5,5.5,1.5
1783009244880,2026-07-02 18:20:44.880,C3:00:00:63:4D:04,-63,127,1.5,5.5,1.5
1783009244899,2026-07-02 18:20:44.899,C3:00:00:63:4D:08,-48,127,1.5,5.5,1.5
1783009244922,2026-07-02 18:20:44.922,C3:00:00:63:4D:0D,-51,127,1.5,5.5,1.5
1783009244927,2026-07-02 18:20:44.927,C3:00:00:63:4D:04,-63,127,1.5,5.5,1.5
1783009244930,2026-07-02 18:20:44.930,C3:00:00:63:4D:09,-58,127,1.5,5.5,1.5
1783009244950,2026-07-02 18:20:44.950,C3:00:00:63:4D:0A,-65,127,1.5,5.5,1.5
1783009244972,2026-07-02 18:20:44.972,C3:00:00:63:4D:07,-57,127,1.5,5.5,1.5
1783009244982,2026-07-02 18:20:44.982,C3:00:00:63:4C:D2,-63,127,1.5,5.5,1.5
1783009244986,2026-07-02 18:20:44.986,C3:00:00:63:4D:04,-63,127,1.5,5.5,1.5
1783009244991,2026-07-02 18:20:44.991,C3:00:00:63:4D:05,-64,127,1.5,5.5,1.5
1783009244995,2026-07-02 18:20:44.995,C3:00:00:63:4D:09,-53,127,1.5,5.5,1.5
1783009244999,2026-07-02 18:20:44.999,C3:00:00:63:4D:08,-48,127,1.5,5.5,1.5
1783009245031,2026-07-02 18:20:45.031,C3:00:00:63:4D:0D,-54,127,1.5,5.5,1.5
1783009245032,2026-07-02 18:20:45.032,C3:00:00:63:4D:09,-54,127,1.5,5.5,1.5
1783009245070,2026-07-02 18:20:45.070,C3:00:00:63:4D:0A,-66,127,1.5,5.5,1.5
1783009245087,2026-07-02 18:20:45.087,C3:00:00:63:4D:07,-56,127,1.5,5.5,1.5
1783009245096,2026-07-02 18:20:45.096,C3:00:00:63:4D:0A,-63,127,1.5,5.5,1.5
1783009245116,2026-07-02 18:20:45.116,C3:00:00:63:4D:08,-48,127,1.5,5.5,1.5
1783009245137,2026-07-02 18:20:45.137,C3:00:00:63:4D:07,-53,127,1.5,5.5,1.5
1783009245141,2026-07-02 18:20:45.141,C3:00:00:63:4D:0D,-51,127,1.5,5.5,1.5
1783009245169,2026-07-02 18:20:45.169,C3:00:00:63:4D:08,-47,127,1.5,5.5,1.5
1783009245175,2026-07-02 18:20:45.175,C3:00:00:63:4D:0A,-63,127,1.5,5.5,1.5
1783009245182,2026-07-02 18:20:45.182,C3:00:00:63:4D:05,-59,127,1.5,5.5,1.5
1783009245196,2026-07-02 18:20:45.196,C3:00:00:63:4D:04,-62,127,1.5,5.5,1.5
1783009245212,2026-07-02 18:20:45.212,C3:00:00:63:4D:05,-64,127,1.5,5.5,1.5
1783009245216,2026-07-02 18:20:45.216,C3:00:00:63:4C:D2,-63,127,1.5,5.5,1.5
1783009245223,2026-07-02 18:20:45.223,C3:00:00:63:4D:0A,-65,127,1.5,5.5,1.5
1783009245237,2026-07-02 18:20:45.237,C3:00:00:63:4D:0D,-54,127,1.5,5.5,1.5
1783009245242,2026-07-02 18:20:45.242,C3:00:00:63:4D:04,-63,127,1.5,5.5,1.5
1783009245267,2026-07-02 18:20:45.267,C3:00:00:63:4D:04,-62,127,1.5,5.5,1.5
1783009245290,2026-07-02 18:20:45.290,C3:00:00:63:4D:0A,-64,127,1.5,5.5,1.5
1783009245312,2026-07-02 18:20:45.312,C3:00:00:63:4D:04,-64,127,1.5,5.5,1.5
1783009245331,2026-07-02 18:20:45.331,C3:00:00:63:4D:05,-56,127,1.5,5.5,1.5
1783009245333,2026-07-02 18:20:45.333,C3:00:00:63:4D:07,-56,127,1.5,5.5,1.5
1783009245340,2026-07-02 18:20:45.340,C3:00:00:63:4C:D2,-59,127,1.5,5.5,1.5
1783009245344,2026-07-02 18:20:45.344,C3:00:00:63:4D:08,-49,127,1.5,5.5,1.5
1783009245349,2026-07-02 18:20:45.349,C3:00:00:63:4D:0D,-54,127,1.5,5.5,1.5
1783009245375,2026-07-02 18:20:45.375,C3:00:00:63:4D:09,-54,127,1.5,5.5,1.5
1783009245400,2026-07-02 18:20:45.400,C3:00:00:63:4D:0A,-63,127,1.5,5.5,1.5
1783009245432,2026-07-02 18:20:45.432,C3:00:00:63:4D:07,-53,127,1.5,5.5,1.5
1783009245436,2026-07-02 18:20:45.436,C3:00:00:63:4D:05,-58,127,1.5,5.5,1.5
1783009245439,2026-07-02 18:20:45.439,C3:00:00:63:4D:08,-47,127,1.5,5.5,1.5
1783009245449,2026-07-02 18:20:45.449,C3:00:00:63:4D:0D,-51,127,1.5,5.5,1.5
1783009245498,2026-07-02 18:20:45.498,C3:00:00:63:4D:09,-60,127,1.5,5.5,1.5
1783009245520,2026-07-02 18:20:45.520,C3:00:00:63:4D:0A,-64,127,1.5,5.5,1.5
1783009245531,2026-07-02 18:20:45.531,C3:00:00:63:4D:04,-62,127,1.5,5.5,1.5
1783009245551,2026-07-02 18:20:45.551,C3:00:00:63:4D:08,-50,127,1.5,5.5,1.5
1783009245555,2026-07-02 18:20:45.555,C3:00:00:63:4D:0D,-54,127,1.5,5.5,1.5
1783009245561,2026-07-02 18:20:45.561,C3:00:00:63:4C:D2,-63,127,1.5,5.5,1.5
1783009245603,2026-07-02 18:20:45.603,C3:00:00:63:4D:09,-54,127,1.5,5.5,1.5
1783009245629,2026-07-02 18:20:45.629,C3:00:00:63:4D:0A,-66,127,1.5,5.5,1.5
1783009245635,2026-07-02 18:20:45.635,C3:00:00:63:4D:04,-63,127,1.5,5.5,1.5
1783009245661,2026-07-02 18:20:45.661,C3:00:00:63:4D:08,-49,127,1.5,5.5,1.5
1783009245664,2026-07-02 18:20:45.664,C3:00:00:63:4D:07,-57,127,1.5,5.5,1.5
1783009245667,2026-07-02 18:20:45.667,C3:00:00:63:4D:05,-56,127,1.5,5.5,1.5
1783009245681,2026-07-02 18:20:45.681,C3:00:00:63:4C:D2,-61,127,1.5,5.5,1.5
1783009245717,2026-07-02 18:20:45.717,C3:00:00:63:4D:09,-54,127,1.5,5.5,1.5
1783009245741,2026-07-02 18:20:45.741,C3:00:00:63:4D:04,-62,127,1.5,5.5,1.5
1783009245748,2026-07-02 18:20:45.748,C3:00:00:63:4D:0A,-64,127,1.5,5.5,1.5
1783009245770,2026-07-02 18:20:45.770,C3:00:00:63:4D:0D,-51,127,1.5,5.5,1.5
1783009245774,2026-07-02 18:20:45.774,C3:00:00:63:4D:08,-46,127,1.5,5.5,1.5
1783009245783,2026-07-02 18:20:45.783,C3:00:00:63:4D:05,-55,127,1.5,5.5,1.5
1783009245785,2026-07-02 18:20:45.785,C3:00:00:63:4D:07,-53,127,1.5,5.5,1.5
1783009245796,2026-07-02 18:20:45.796,C3:00:00:63:4C:D2,-63,127,1.5,5.5,1.5
1783009245834,2026-07-02 18:20:45.834,C3:00:00:63:4D:09,-58,127,1.5,5.5,1.5
1783009245858,2026-07-02 18:20:45.858,C3:00:00:63:4D:0A,-64,127,1.5,5.5,1.5
1783009245862,2026-07-02 18:20:45.862,C3:00:00:63:4D:04,-62,127,1.5,5.5,1.5
1783009245872,2026-07-02 18:20:45.872,C3:00:00:63:4D:0D,-51,127,1.5,5.5,1.5
1783009245876,2026-07-02 18:20:45.876,C3:00:00:63:4D:08,-48,127,1.5,5.5,1.5
1783009245902,2026-07-02 18:20:45.902,C3:00:00:63:4C:D2,-61,127,1.5,5.5,1.5
1783009245919,2026-07-02 18:20:45.919,C3:00:00:63:4D:05,-57,127,1.5,5.5,1.5
1783009245946,2026-07-02 18:20:45.946,C3:00:00:63:4D:09,-54,127,1.5,5.5,1.5
1783009245964,2026-07-02 18:20:45.964,C3:00:00:63:4D:04,-63,127,1.5,5.5,1.5
1783009245982,2026-07-02 18:20:45.982,C3:00:00:63:4D:08,-48,127,1.5,5.5,1.5
1783009246005,2026-07-02 18:20:46.005,C3:00:00:63:4D:07,-53,127,1.5,5.5,1.5
1783009246012,2026-07-02 18:20:46.012,C3:00:00:63:4D:05,-59,127,1.5,5.5,1.5
1783009246062,2026-07-02 18:20:46.062,C3:00:00:63:4D:09,-54,127,1.5,5.5,1.5
1783009246067,2026-07-02 18:20:46.067,C3:00:00:63:4D:04,-63,127,1.5,5.5,1.5
1783009246072,2026-07-02 18:20:46.072,C3:00:00:63:4D:0D,-51,127,1.5,5.5,1.5
1783009246082,2026-07-02 18:20:46.082,C3:00:00:63:4D:0A,-64,127,1.5,5.5,1.5
1783009246099,2026-07-02 18:20:46.099,C3:00:00:63:4D:07,-64,127,1.5,5.5,1.5
1783009246127,2026-07-02 18:20:46.127,C3:00:00:63:4C:D2,-63,127,1.5,5.5,1.5
1783009246180,2026-07-02 18:20:46.180,C3:00:00:63:4D:04,-61,127,1.5,5.5,1.5
1783009246184,2026-07-02 18:20:46.184,C3:00:00:63:4D:09,-58,127,1.5,5.5,1.5
1783009246187,2026-07-02 18:20:46.187,C3:00:00:63:4D:0A,-71,127,1.5,5.5,1.5
1783009246199,2026-07-02 18:20:46.199,C3:00:00:63:4D:08,-49,127,1.5,5.5,1.5
1783009246240,2026-07-02 18:20:46.240,C3:00:00:63:4D:07,-57,127,1.5,5.5,1.5
1783009246242,2026-07-02 18:20:46.242,C3:00:00:63:4C:D2,-61,127,1.5,5.5,1.5
1783009246247,2026-07-02 18:20:46.247,C3:00:00:63:4D:05,-57,127,1.5,5.5,1.5
1783009246288,2026-07-02 18:20:46.288,C3:00:00:63:4D:04,-63,127,1.5,5.5,1.5
1783009246319,2026-07-02 18:20:46.319,C3:00:00:63:4D:08,-47,127,1.5,5.5,1.5
1783009246358,2026-07-02 18:20:46.358,C3:00:00:63:4D:05,-59,127,1.5,5.5,1.5
1783009246361,2026-07-02 18:20:46.361,C3:00:00:63:4C:D2,-63,127,1.5,5.5,1.5
1783009246364,2026-07-02 18:20:46.364,C3:00:00:63:4D:07,-53,127,1.5,5.5,1.5
1783009246391,2026-07-02 18:20:46.391,C3:00:00:63:4D:0D,-51,127,1.5,5.5,1.5
1783009246398,2026-07-02 18:20:46.398,C3:00:00:63:4D:04,-61,127,1.5,5.5,1.5
1783009246414,2026-07-02 18:20:46.414,C3:00:00:63:4D:09,-58,127,1.5,5.5,1.5
1783009246475,2026-07-02 18:20:46.475,C3:00:00:63:4D:05,-63,127,1.5,5.5,1.5
1783009246499,2026-07-02 18:20:46.499,C3:00:00:63:4D:0D,-58,127,1.5,5.5,1.5
1783009246504,2026-07-02 18:20:46.504,C3:00:00:63:4D:07,-58,127,1.5,5.5,1.5
1783009246508,2026-07-02 18:20:46.508,C3:00:00:63:4D:04,-63,127,1.5,5.5,1.5
1783009246523,2026-07-02 18:20:46.523,C3:00:00:63:4D:09,-54,127,1.5,5.5,1.5
1783009246532,2026-07-02 18:20:46.532,C3:00:00:63:4D:08,-49,127,1.5,5.5,1.5
1783009246537,2026-07-02 18:20:46.537,C3:00:00:63:4D:0A,-66,127,1.5,5.5,1.5
1783009246577,2026-07-02 18:20:46.577,C3:00:00:63:4D:08,-49,127,1.5,5.5,1.5
1783009246579,2026-07-02 18:20:46.579,C3:00:00:63:4D:07,-57,127,1.5,5.5,1.5
1783009246585,2026-07-02 18:20:46.585,C3:00:00:63:4D:05,-57,127,1.5,5.5,1.5
1783009246590,2026-07-02 18:20:46.590,C3:00:00:63:4C:D2,-61,127,1.5,5.5,1.5
1783009246605,2026-07-02 18:20:46.605,C3:00:00:63:4D:0D,-51,127,1.5,5.5,1.5
1783009246626,2026-07-02 18:20:46.626,C3:00:00:63:4C:D2,-63,127,1.5,5.5,1.5
1783009246631,2026-07-02 18:20:46.631,C3:00:00:63:4D:09,-54,127,1.5,5.5,1.5
1783009246639,2026-07-02 18:20:46.639,C3:00:00:63:4D:08,-47,127,1.5,5.5,1.5
1783009246652,2026-07-02 18:20:46.652,C3:00:00:63:4D:0A,-63,127,1.5,5.5,1.5
1783009246702,2026-07-02 18:20:46.702,C3:00:00:63:4D:07,-58,127,1.5,5.5,1.5
1783009246706,2026-07-02 18:20:46.706,C3:00:00:63:4D:05,-63,127,1.5,5.5,1.5
1783009246711,2026-07-02 18:20:46.711,C3:00:00:63:4D:0D,-51,127,1.5,5.5,1.5
1783009246732,2026-07-02 18:20:46.732,C3:00:00:63:4D:04,-61,127,1.5,5.5,1.5
1783009246750,2026-07-02 18:20:46.750,C3:00:00:63:4C:D2,-63,127,1.5,5.5,1.5
1783009246763,2026-07-02 18:20:46.763,C3:00:00:63:4D:0A,-63,127,1.5,5.5,1.5
1783009246767,2026-07-02 18:20:46.767,C3:00:00:63:4D:09,-58,127,1.5,5.5,1.5
1783009246817,2026-07-02 18:20:46.817,C3:00:00:63:4D:05,-57,127,1.5,5.5,1.5
1783009246839,2026-07-02 18:20:46.839,C3:00:00:63:4D:04,-63,127,1.5,5.5,1.5
1783009246868,2026-07-02 18:20:46.868,C3:00:00:63:4D:08,-48,127,1.5,5.5,1.5
1783009246872,2026-07-02 18:20:46.872,C3:00:00:63:4D:09,-54,127,1.5,5.5,1.5
1783009246878,2026-07-02 18:20:46.878,C3:00:00:63:4D:0A,-66,127,1.5,5.5,1.5
1783009246887,2026-07-02 18:20:46.887,C3:00:00:63:4D:08,-49,127,1.5,5.5,1.5
1783009246900,2026-07-02 18:20:46.900,C3:00:00:63:4D:08,-54,127,1.5,5.5,1.5
1783009246919,2026-07-02 18:20:46.919,C3:00:00:63:4D:0D,-51,127,1.5,5.5,1.5
1783009246934,2026-07-02 18:20:46.934,C3:00:00:63:4D:05,-58,127,1.5,5.5,1.5
1783009246938,2026-07-02 18:20:46.938,C3:00:00:63:4C:D2,-64,127,1.5,5.5,1.5
1783009246942,2026-07-02 18:20:46.942,C3:00:00:63:4D:04,-63,127,1.5,5.5,1.5
1783009246973,2026-07-02 18:20:46.973,C3:00:00:63:4D:08,-47,127,1.5,5.5,1.5
1783009246976,2026-07-02 18:20:46.976,C3:00:00:63:4D:09,-55,127,1.5,5.5,1.5
1783009246995,2026-07-02 18:20:46.995,C3:00:00:63:4D:0A,-63,127,1.5,5.5,1.5
1783009246999,2026-07-02 18:20:46.999,C3:00:00:63:4D:09,-60,127,1.5,5.5,1.5
1783009247005,2026-07-02 18:20:47.005,C3:00:00:63:4D:05,-64,127,1.5,5.5,1.5
1783009247022,2026-07-02 18:20:47.022,C3:00:00:63:4D:0D,-54,127,1.5,5.5,1.5
1783009247051,2026-07-02 18:20:47.051,C3:00:00:63:4D:07,-59,127,1.5,5.5,1.5
1783009247055,2026-07-02 18:20:47.055,C3:00:00:63:4D:05,-64,127,1.5,5.5,1.5
1783009247059,2026-07-02 18:20:47.059,C3:00:00:63:4D:04,-62,127,1.5,5.5,1.5
1783009247061,2026-07-02 18:20:47.061,C3:00:00:63:4C:D2,-63,127,1.5,5.5,1.5
1783009247071,2026-07-02 18:20:47.071,C3:00:00:63:4D:08,-50,127,1.5,5.5,1.5
1783009247089,2026-07-02 18:20:47.089,C3:00:00:63:4D:09,-60,127,1.5,5.5,1.5
1783009247099,2026-07-02 18:20:47.099,C3:00:00:63:4D:0A,-66,127,1.5,5.5,1.5
1783009247125,2026-07-02 18:20:47.125,C3:00:00:63:4D:0D,-54,127,1.5,5.5,1.5
1783009247129,2026-07-02 18:20:47.129,C3:00:00:63:4D:0A,-66,127,1.5,5.5,1.5
1783009247142,2026-07-02 18:20:47.142,C3:00:00:63:4D:07,-56,127,1.5,5.5,1.5
1783009247185,2026-07-02 18:20:47.185,C3:00:00:63:4D:08,-48,127,1.5,5.5,1.5
1783009247191,2026-07-02 18:20:47.191,C3:00:00:63:4D:05,-56,127,1.5,5.5,1.5
1783009247210,2026-07-02 18:20:47.210,C3:00:00:63:4D:09,-55,127,1.5,5.5,1.5
1783009247214,2026-07-02 18:20:47.214,C3:00:00:63:4D:08,-47,127,1.5,5.5,1.5
1783009247220,2026-07-02 18:20:47.220,C3:00:00:63:4D:0A,-63,127,1.5,5.5,1.5
1783009247231,2026-07-02 18:20:47.231,C3:00:00:63:4D:0A,-63,127,1.5,5.5,1.5
1783009247232,2026-07-02 18:20:47.232,C3:00:00:63:4D:0D,-51,127,1.5,5.5,1.5
1783009247275,2026-07-02 18:20:47.275,C3:00:00:63:4D:05,-58,127,1.5,5.5,1.5
1783009247280,2026-07-02 18:20:47.280,C3:00:00:63:4C:D2,-63,127,1.5,5.5,1.5
1783009247295,2026-07-02 18:20:47.295,C3:00:00:63:4D:08,-50,127,1.5,5.5,1.5
1783009247318,2026-07-02 18:20:47.318,C3:00:00:63:4D:09,-61,127,1.5,5.5,1.5
1783009247322,2026-07-02 18:20:47.322,C3:00:00:63:4D:0A,-66,127,1.5,5.5,1.5
1783009247334,2026-07-02 18:20:47.334,C3:00:00:63:4D:0D,-54,127,1.5,5.5,1.5
1783009247375,2026-07-02 18:20:47.375,C3:00:00:63:4D:04,-62,127,1.5,5.5,1.5
1783009247391,2026-07-02 18:20:47.391,C3:00:00:63:4D:07,-59,127,1.5,5.5,1.5
1783009247407,2026-07-02 18:20:47.407,C3:00:00:63:4D:08,-48,127,1.5,5.5,1.5
1783009247443,2026-07-02 18:20:47.443,C3:00:00:63:4D:0D,-53,127,1.5,5.5,1.5
1783009247491,2026-07-02 18:20:47.491,C3:00:00:63:4D:04,-66,127,1.5,5.5,1.5
1783009247504,2026-07-02 18:20:47.504,C3:00:00:63:4D:07,-54,127,1.5,5.5,1.5
1783009247521,2026-07-02 18:20:47.521,C3:00:00:63:4C:D2,-61,127,1.5,5.5,1.5
1783009247554,2026-07-02 18:20:47.554,C3:00:00:63:4D:0A,-63,127,1.5,5.5,1.5
1783009247557,2026-07-02 18:20:47.557,C3:00:00:63:4D:09,-55,127,1.5,5.5,1.5
1783009247560,2026-07-02 18:20:47.560,C3:00:00:63:4D:0D,-51,127,1.5,5.5,1.5
1783009247594,2026-07-02 18:20:47.594,C3:00:00:63:4D:04,-61,127,1.5,5.5,1.5
1783009247622,2026-07-02 18:20:47.622,C3:00:00:63:4D:08,-49,127,1.5,5.5,1.5
1783009247627,2026-07-02 18:20:47.627,C3:00:00:63:4D:07,-59,127,1.5,5.5,1.5
1783009247632,2026-07-02 18:20:47.632,C3:00:00:63:4D:05,-66,127,1.5,5.5,1.5
1783009247638,2026-07-02 18:20:47.638,C3:00:00:63:4C:D2,-61,127,1.5,5.5,1.5
1783009247651,2026-07-02 18:20:47.651,C3:00:00:63:4D:0D,-54,127,1.5,5.5,1.5
1783009247657,2026-07-02 18:20:47.657,C3:00:00:63:4D:09,-60,127,1.5,5.5,1.5
1783009247658,2026-07-02 18:20:47.658,C3:00:00:63:4D:0A,-67,127,1.5,5.5,1.5
1783009247736,2026-07-02 18:20:47.736,C3:00:00:63:4D:07,-56,127,1.5,5.5,1.5
1783009247739,2026-07-02 18:20:47.739,C3:00:00:63:4D:04,-71,127,1.5,5.5,1.5
1783009247761,2026-07-02 18:20:47.761,C3:00:00:63:4D:0D,-54,127,1.5,5.5,1.5
1783009247788,2026-07-02 18:20:47.788,C3:00:00:63:4C:D2,-62,127,1.5,5.5,1.5
1783009247812,2026-07-02 18:20:47.812,C3:00:00:63:4D:04,-66,127,1.5,5.5,1.5
1783009247835,2026-07-02 18:20:47.835,C3:00:00:63:4D:08,-46,127,1.5,5.5,1.5
1783009247855,2026-07-02 18:20:47.855,C3:00:00:63:4D:07,-52,127,1.5,5.5,1.5
1783009247858,2026-07-02 18:20:47.858,C3:00:00:63:4D:0D,-52,127,1.5,5.5,1.5
1783009247872,2026-07-02 18:20:47.872,C3:00:00:63:4D:09,-55,127,1.5,5.5,1.5
1783009247897,2026-07-02 18:20:47.897,C3:00:00:63:4D:0A,-64,127,1.5,5.5,1.5
1783009247928,2026-07-02 18:20:47.928,C3:00:00:63:4D:04,-60,127,1.5,5.5,1.5
1783009247947,2026-07-02 18:20:47.947,C3:00:00:63:4D:08,-48,127,1.5,5.5,1.5
1783009248010,2026-07-02 18:20:48.010,C3:00:00:63:4D:0A,-63,127,1.5,5.5,1.5
1783009248036,2026-07-02 18:20:48.036,C3:00:00:63:4D:04,-65,127,1.5,5.5,1.5
1783009248059,2026-07-02 18:20:48.059,C3:00:00:63:4D:08,-48,127,1.5,5.5,1.5
1783009248064,2026-07-02 18:20:48.064,C3:00:00:63:4D:05,-64,127,1.5,5.5,1.5
1783009248074,2026-07-02 18:20:48.074,C3:00:00:63:4D:07,-56,127,1.5,5.5,1.5
1783009248081,2026-07-02 18:20:48.081,C3:00:00:63:4D:0D,-55,127,1.5,5.5,1.5
1783009248089,2026-07-02 18:20:48.089,C3:00:00:63:4C:D2,-63,127,1.5,5.5,1.5
1783009248097,2026-07-02 18:20:48.097,C3:00:00:63:4D:05,-59,127,1.5,5.5,1.5
1783009248099,2026-07-02 18:20:48.099,C3:00:00:63:4D:0D,-51,127,1.5,5.5,1.5
1783009248110,2026-07-02 18:20:48.110,C3:00:00:63:4D:0A,-63,127,1.5,5.5,1.5
1783009248112,2026-07-02 18:20:48.112,C3:00:00:63:4D:09,-54,127,1.5,5.5,1.5
1783009248145,2026-07-02 18:20:48.145,C3:00:00:63:4D:04,-65,127,1.5,5.5,1.5
1783009248163,2026-07-02 18:20:48.163,C3:00:00:63:4D:08,-47,127,1.5,5.5,1.5
1783009248185,2026-07-02 18:20:48.185,C3:00:00:63:4D:0D,-51,127,1.5,5.5,1.5
1783009248206,2026-07-02 18:20:48.206,C3:00:00:63:4D:07,-58,127,1.5,5.5,1.5
1783009248210,2026-07-02 18:20:48.210,C3:00:00:63:4D:05,-65,127,1.5,5.5,1.5
1783009248214,2026-07-02 18:20:48.214,C3:00:00:63:4C:D2,-61,127,1.5,5.5,1.5
1783009248239,2026-07-02 18:20:48.239,C3:00:00:63:4C:D2,-69,127,1.5,5.5,1.5
1783009248259,2026-07-02 18:20:48.259,C3:00:00:63:4D:04,-59,127,1.5,5.5,1.5
1783009248279,2026-07-02 18:20:48.279,C3:00:00:63:4D:08,-49,127,1.5,5.5,1.5
1783009248283,2026-07-02 18:20:48.283,C3:00:00:63:4D:0D,-54,127,1.5,5.5,1.5
1783009248310,2026-07-02 18:20:48.310,C3:00:00:63:4D:07,-55,127,1.5,5.5,1.5
1783009248320,2026-07-02 18:20:48.320,C3:00:00:63:4D:05,-57,127,1.5,5.5,1.5
1783009248343,2026-07-02 18:20:48.343,C3:00:00:63:4D:0A,-65,127,1.5,5.5,1.5
1783009248347,2026-07-02 18:20:48.347,C3:00:00:63:4D:09,-54,127,1.5,5.5,1.5
1783009248366,2026-07-02 18:20:48.366,C3:00:00:63:4D:04,-68,127,1.5,5.5,1.5
1783009248390,2026-07-02 18:20:48.390,C3:00:00:63:4D:08,-49,127,1.5,5.5,1.5
1783009248395,2026-07-02 18:20:48.395,C3:00:00:63:4D:0D,-54,127,1.5,5.5,1.5
1783009248425,2026-07-02 18:20:48.425,C3:00:00:63:4D:07,-54,127,1.5,5.5,1.5
1783009248430,2026-07-02 18:20:48.430,C3:00:00:63:4D:05,-57,127,1.5,5.5,1.5
1783009248467,2026-07-02 18:20:48.467,C3:00:00:63:4D:04,-68,127,1.5,5.5,1.5
1783009248495,2026-07-02 18:20:48.495,C3:00:00:63:4D:08,-47,127,1.5,5.5,1.5
1783009248502,2026-07-02 18:20:48.502,C3:00:00:63:4D:0D,-54,127,1.5,5.5,1.5
1783009248534,2026-07-02 18:20:48.534,C3:00:00:63:4D:0D,-53,127,1.5,5.5,1.5
1783009248548,2026-07-02 18:20:48.548,C3:00:00:63:4D:05,-65,127,1.5,5.5,1.5
1783009248571,2026-07-02 18:20:48.571,C3:00:00:63:4D:0A,-63,127,1.5,5.5,1.5
1783009248579,2026-07-02 18:20:48.579,C3:00:00:63:4D:09,-60,127,1.5,5.5,1.5
1783009248583,2026-07-02 18:20:48.583,C3:00:00:63:4D:04,-61,127,1.5,5.5,1.5
1783009248591,2026-07-02 18:20:48.591,C3:00:00:63:4D:0D,-54,127,1.5,5.5,1.5
1783009248599,2026-07-02 18:20:48.599,C3:00:00:63:4D:08,-49,127,1.5,5.5,1.5
1783009248655,2026-07-02 18:20:48.655,C3:00:00:63:4D:07,-55,127,1.5,5.5,1.5
1783009248658,2026-07-02 18:20:48.658,C3:00:00:63:4C:D2,-61,127,1.5,5.5,1.5
1783009248679,2026-07-02 18:20:48.679,C3:00:00:63:4D:0A,-65,127,1.5,5.5,1.5
1783009248688,2026-07-02 18:20:48.688,C3:00:00:63:4D:09,-54,127,1.5,5.5,1.5
1783009248699,2026-07-02 18:20:48.699,C3:00:00:63:4D:04,-64,127,1.5,5.5,1.5
1783009248706,2026-07-02 18:20:48.706,C3:00:00:63:4D:0D,-51,127,1.5,5.5,1.5
1783009248713,2026-07-02 18:20:48.713,C3:00:00:63:4D:08,-46,127,1.5,5.5,1.5
1783009248763,2026-07-02 18:20:48.763,C3:00:00:63:4C:D2,-63,127,1.5,5.5,1.5
1783009248772,2026-07-02 18:20:48.772,C3:00:00:63:4D:07,-53,127,1.5,5.5,1.5
1783009248779,2026-07-02 18:20:48.779,C3:00:00:63:4D:05,-57,127,1.5,5.5,1.5
1783009248782,2026-07-02 18:20:48.782,C3:00:00:63:4D:09,-55,127,1.5,5.5,1.5
1783009248789,2026-07-02 18:20:48.789,C3:00:00:63:4C:D2,-63,127,1.5,5.5,1.5
1783009248797,2026-07-02 18:20:48.797,C3:00:00:63:4D:04,-60,127,1.5,5.5,1.5
1783009248798,2026-07-02 18:20:48.798,C3:00:00:63:4D:09,-58,127,1.5,5.5,1.5
1783009248805,2026-07-02 18:20:48.805,C3:00:00:63:4D:0D,-50,127,1.5,5.5,1.5
1783009248818,2026-07-02 18:20:48.818,C3:00:00:63:4D:08,-48,127,1.5,5.5,1.5
1783009248884,2026-07-02 18:20:48.884,C3:00:00:63:4D:07,-60,127,1.5,5.5,1.5
1783009248901,2026-07-02 18:20:48.901,C3:00:00:63:4D:05,-64,127,1.5,5.5,1.5
1783009248908,2026-07-02 18:20:48.908,C3:00:00:63:4D:0A,-64,127,1.5,5.5,1.5
1783009248915,2026-07-02 18:20:48.915,C3:00:00:63:4D:04,-64,127,1.5,5.5,1.5
1783009248928,2026-07-02 18:20:48.928,C3:00:00:63:4D:08,-49,127,1.5,5.5,1.5
1783009248934,2026-07-02 18:20:48.934,C3:00:00:63:4D:04,-64,127,1.5,5.5,1.5
1783009249003,2026-07-02 18:20:49.003,C3:00:00:63:4D:07,-53,127,1.5,5.5,1.5
1783009249015,2026-07-02 18:20:49.015,C3:00:00:63:4D:0D,-51,127,1.5,5.5,1.5
1783009249026,2026-07-02 18:20:49.026,C3:00:00:63:4D:05,-59,127,1.5,5.5,1.5
1783009249036,2026-07-02 18:20:49.036,C3:00:00:63:4D:09,-54,127,1.5,5.5,1.5
1783009249117,2026-07-02 18:20:49.117,C3:00:00:63:4D:0A,-63,127,1.5,5.5,1.5
1783009249122,2026-07-02 18:20:49.122,C3:00:00:63:4D:07,-58,127,1.5,5.5,1.5
1783009249127,2026-07-02 18:20:49.127,C3:00:00:63:4D:05,-64,127,1.5,5.5,1.5
1783009249138,2026-07-02 18:20:49.138,C3:00:00:63:4D:0A,-63,127,1.5,5.5,1.5
1783009249145,2026-07-02 18:20:49.145,C3:00:00:63:4D:07,-58,127,1.5,5.5,1.5
1783009249153,2026-07-02 18:20:49.153,C3:00:00:63:4D:08,-48,127,1.5,5.5,1.5
1783009249189,2026-07-02 18:20:49.189,C3:00:00:63:4D:05,-65,127,1.5,5.5,1.5
1783009249203,2026-07-02 18:20:49.203,C3:00:00:63:4D:08,-49,127,1.5,5.5,1.5
1783009249231,2026-07-02 18:20:49.231,C3:00:00:63:4D:0D,-56,127,1.5,5.5,1.5
1783009249239,2026-07-02 18:20:49.239,C3:00:00:63:4D:0A,-64,127,1.5,5.5,1.5
1783009249248,2026-07-02 18:20:49.248,C3:00:00:63:4D:04,-63,127,1.5,5.5,1.5
1783009249253,2026-07-02 18:20:49.253,C3:00:00:63:4D:05,-57,127,1.5,5.5,1.5
1783009249255,2026-07-02 18:20:49.255,C3:00:00:63:4D:0A,-63,127,1.5,5.5,1.5
1783009249259,2026-07-02 18:20:49.259,C3:00:00:63:4D:09,-54,127,1.5,5.5,1.5
1783009249274,2026-07-02 18:20:49.274,C3:00:00:63:4D:04,-63,127,1.5,5.5,1.5
1783009249334,2026-07-02 18:20:49.334,C3:00:00:63:4D:0D,-51,127,1.5,5.5,1.5
1783009249347,2026-07-02 18:20:49.347,C3:00:00:63:4D:07,-53,127,1.5,5.5,1.5
1783009249365,2026-07-02 18:20:49.365,C3:00:00:63:4D:05,-57,127,1.5,5.5,1.5
1783009249367,2026-07-02 18:20:49.367,C3:00:00:63:4C:D2,-63,127,1.5,5.5,1.5
1783009249370,2026-07-02 18:20:49.370,C3:00:00:63:4D:0A,-63,127,1.5,5.5,1.5
1783009249372,2026-07-02 18:20:49.372,C3:00:00:63:4D:08,-46,127,1.5,5.5,1.5
1783009249442,2026-07-02 18:20:49.442,C3:00:00:63:4D:0D,-50,127,1.5,5.5,1.5
1783009249458,2026-07-02 18:20:49.458,C3:00:00:63:4D:04,-60,127,1.5,5.5,1.5
1783009249475,2026-07-02 18:20:49.475,C3:00:00:63:4D:07,-58,127,1.5,5.5,1.5
1783009249476,2026-07-02 18:20:49.476,C3:00:00:63:4D:05,-64,127,1.5,5.5,1.5
1783009249478,2026-07-02 18:20:49.478,C3:00:00:63:4C:D2,-62,127,1.5,5.5,1.5
1783009249482,2026-07-02 18:20:49.482,C3:00:00:63:4D:08,-48,127,1.5,5.5,1.5
1783009249483,2026-07-02 18:20:49.483,C3:00:00:63:4D:0A,-63,127,1.5,5.5,1.5
1783009249543,2026-07-02 18:20:49.543,C3:00:00:63:4D:0D,-56,127,1.5,5.5,1.5
1783009249568,2026-07-02 18:20:49.568,C3:00:00:63:4D:04,-64,127,1.5,5.5,1.5
1783009249580,2026-07-02 18:20:49.580,C3:00:00:63:4D:07,-55,127,1.5,5.5,1.5
1783009249591,2026-07-02 18:20:49.591,C3:00:00:63:4C:D2,-60,127,1.5,5.5,1.5
1783009249593,2026-07-02 18:20:49.593,C3:00:00:63:4D:08,-49,127,1.5,5.5,1.5
1783009249595,2026-07-02 18:20:49.595,C3:00:00:63:4D:0A,-65,127,1.5,5.5,1.5
1783009249601,2026-07-02 18:20:49.601,C3:00:00:63:4D:09,-55,127,1.5,5.5,1.5
1783009249655,2026-07-02 18:20:49.655,C3:00:00:63:4D:0D,-52,127,1.5,5.5,1.5
1783009249670,2026-07-02 18:20:49.670,C3:00:00:63:4D:04,-67,127,1.5,5.5,1.5
1783009249699,2026-07-02 18:20:49.699,C3:00:00:63:4D:08,-50,127,1.5,5.5,1.5
1783009249705,2026-07-02 18:20:49.705,C3:00:00:63:4C:D2,-62,127,1.5,5.5,1.5
1783009249712,2026-07-02 18:20:49.712,C3:00:00:63:4D:0A,-63,127,1.5,5.5,1.5
1783009249715,2026-07-02 18:20:49.715,C3:00:00:63:4D:09,-60,127,1.5,5.5,1.5
1783009249754,2026-07-02 18:20:49.754,C3:00:00:63:4D:0D,-54,127,1.5,5.5,1.5
1783009249783,2026-07-02 18:20:49.783,C3:00:00:63:4D:04,-61,127,1.5,5.5,1.5
1783009249797,2026-07-02 18:20:49.797,C3:00:00:63:4C:D2,-60,127,1.5,5.5,1.5
1783009249804,2026-07-02 18:20:49.804,C3:00:00:63:4D:07,-55,127,1.5,5.5,1.5
1783009249819,2026-07-02 18:20:49.819,C3:00:00:63:4D:08,-49,127,1.5,5.5,1.5
1783009249821,2026-07-02 18:20:49.821,C3:00:00:63:4D:0A,-65,127,1.5,5.5,1.5
1783009249822,2026-07-02 18:20:49.822,C3:00:00:63:4D:05,-56,127,1.5,5.5,1.5
1783009249828,2026-07-02 18:20:49.828,C3:00:00:63:4C:D2,-60,127,1.5,5.5,1.5
1783009249831,2026-07-02 18:20:49.831,C3:00:00:63:4D:09,-54,127,1.5,5.5,1.5
1783009249853,2026-07-02 18:20:49.853,C3:00:00:63:4D:0D,-53,127,1.5,5.5,1.5
1783009249893,2026-07-02 18:20:49.893,C3:00:00:63:4D:04,-66,127,1.5,5.5,1.5
1783009249899,2026-07-02 18:20:49.899,C3:00:00:63:4D:0D,-59,127,1.5,5.5,1.5
1783009249905,2026-07-02 18:20:49.905,C3:00:00:63:4D:09,-63,127,1.5,5.5,1.5
1783009249918,2026-07-02 18:20:49.918,C3:00:00:63:4D:08,-47,127,1.5,5.5,1.5
1783009249924,2026-07-02 18:20:49.924,C3:00:00:63:4D:07,-53,127,1.5,5.5,1.5
1783009249929,2026-07-02 18:20:49.929,C3:00:00:63:4D:0A,-63,127,1.5,5.5,1.5
1783009249938,2026-07-02 18:20:49.938,C3:00:00:63:4D:09,-55,127,1.5,5.5,1.5
1783009249943,2026-07-02 18:20:49.943,C3:00:00:63:4D:05,-58,127,1.5,5.5,1.5
1783009249960,2026-07-02 18:20:49.960,C3:00:00:63:4D:0D,-51,127,1.5,5.5,1.5
1783009250000,2026-07-02 18:20:50.000,C3:00:00:63:4D:04,-61,127,1.5,5.5,1.5
1783009250034,2026-07-02 18:20:50.034,C3:00:00:63:4D:07,-59,127,1.5,5.5,1.5
1783009250044,2026-07-02 18:20:50.044,C3:00:00:63:4C:D2,-63,127,1.5,5.5,1.5
1783009250067,2026-07-02 18:20:50.067,C3:00:00:63:4D:09,-61,127,1.5,5.5,1.5
1783009250069,2026-07-02 18:20:50.069,C3:00:00:63:4D:0D,-53,127,1.5,5.5,1.5
1783009250078,2026-07-02 18:20:50.078,C3:00:00:63:4D:0D,-54,127,1.5,5.5,1.5
1783009250098,2026-07-02 18:20:50.098,C3:00:00:63:4D:07,-63,127,1.5,5.5,1.5
1783009250112,2026-07-02 18:20:50.112,C3:00:00:63:4D:04,-64,127,1.5,5.5,1.5
1783009250133,2026-07-02 18:20:50.133,C3:00:00:63:4D:08,-49,127,1.5,5.5,1.5
1783009250147,2026-07-02 18:20:50.147,C3:00:00:63:4D:07,-55,127,1.5,5.5,1.5
1783009250156,2026-07-02 18:20:50.156,C3:00:00:63:4D:0A,-65,127,1.5,5.5,1.5
1783009250168,2026-07-02 18:20:50.168,C3:00:00:63:4C:D2,-60,127,1.5,5.5,1.5
1783009250172,2026-07-02 18:20:50.172,C3:00:00:63:4D:05,-56,127,1.5,5.5,1.5
1783009250210,2026-07-02 18:20:50.210,C3:00:00:63:4D:04,-66,127,1.5,5.5,1.5
1783009250241,2026-07-02 18:20:50.241,C3:00:00:63:4D:08,-47,127,1.5,5.5,1.5
1783009250247,2026-07-02 18:20:50.247,C3:00:00:63:4D:07,-53,127,1.5,5.5,1.5
1783009250333,2026-07-02 18:20:50.333,C3:00:00:63:4D:04,-60,127,1.5,5.5,1.5
1783009250358,2026-07-02 18:20:50.358,C3:00:00:63:4D:08,-48,127,1.5,5.5,1.5
1783009250383,2026-07-02 18:20:50.383,C3:00:00:63:4D:0A,-65,127,1.5,5.5,1.5
1783009250387,2026-07-02 18:20:50.387,C3:00:00:63:4C:D2,-61,127,1.5,5.5,1.5
1783009250391,2026-07-02 18:20:50.391,C3:00:00:63:4D:0D,-51,127,1.5,5.5,1.5
1783009250400,2026-07-02 18:20:50.400,C3:00:00:63:4D:09,-54,127,1.5,5.5,1.5
1783009250431,2026-07-02 18:20:50.431,C3:00:00:63:4D:04,-63,127,1.5,5.5,1.5
1783009250457,2026-07-02 18:20:50.457,C3:00:00:63:4D:08,-48,127,1.5,5.5,1.5
1783009250486,2026-07-02 18:20:50.486,C3:00:00:63:4D:0D,-54,127,1.5,5.5,1.5
1783009250493,2026-07-02 18:20:50.493,C3:00:00:63:4D:0A,-64,127,1.5,5.5,1.5
1783009250502,2026-07-02 18:20:50.502,C3:00:00:63:4D:07,-53,127,1.5,5.5,1.5
1783009250507,2026-07-02 18:20:50.507,C3:00:00:63:4C:D2,-61,127,1.5,5.5,1.5
1783009250517,2026-07-02 18:20:50.517,C3:00:00:63:4D:07,-53,127,1.5,5.5,1.5
1783009250544,2026-07-02 18:20:50.544,C3:00:00:63:4D:04,-64,127,1.5,5.5,1.5
1783009250548,2026-07-02 18:20:50.548,C3:00:00:63:4D:0D,-52,127,1.5,5.5,1.5
1783009250564,2026-07-02 18:20:50.564,C3:00:00:63:4D:08,-48,127,1.5,5.5,1.5
1783009250587,2026-07-02 18:20:50.587,C3:00:00:63:4D:08,-48,127,1.5,5.5,1.5
1783009250597,2026-07-02 18:20:50.597,C3:00:00:63:4D:0D,-54,127,1.5,5.5,1.5
1783009250611,2026-07-02 18:20:50.611,C3:00:00:63:4D:0A,-65,127,1.5,5.5,1.5
1783009250618,2026-07-02 18:20:50.618,C3:00:00:63:4D:07,-59,127,1.5,5.5,1.5
1783009250627,2026-07-02 18:20:50.627,C3:00:00:63:4D:05,-63,127,1.5,5.5,1.5
1783009250633,2026-07-02 18:20:50.633,C3:00:00:63:4C:D2,-62,127,1.5,5.5,1.5
1783009250634,2026-07-02 18:20:50.634,C3:00:00:63:4D:09,-60,127,1.5,5.5,1.5
1783009250636,2026-07-02 18:20:50.636,C3:00:00:63:4C:D2,-62,127,1.5,5.5,1.5
1783009250683,2026-07-02 18:20:50.683,C3:00:00:63:4D:08,-50,127,1.5,5.5,1.5
1783009250703,2026-07-02 18:20:50.703,C3:00:00:63:4D:0D,-54,127,1.5,5.5,1.5
1783009250719,2026-07-02 18:20:50.719,C3:00:00:63:4D:0A,-65,127,1.5,5.5,1.5
1783009250726,2026-07-02 18:20:50.726,C3:00:00:63:4D:07,-55,127,1.5,5.5,1.5
1783009250737,2026-07-02 18:20:50.737,C3:00:00:63:4D:09,-54,127,1.5,5.5,1.5
1783009250761,2026-07-02 18:20:50.761,C3:00:00:63:4D:04,-64,127,1.5,5.5,1.5
1783009250768,2026-07-02 18:20:50.768,C3:00:00:63:4C:D2,-60,127,1.5,5.5,1.5
1783009250776,2026-07-02 18:20:50.776,C3:00:00:63:4D:08,-48,127,1.5,5.5,1.5
1783009250778,2026-07-02 18:20:50.778,C3:00:00:63:4D:09,-54,127,1.5,5.5,1.5
1783009250801,2026-07-02 18:20:50.801,C3:00:00:63:4D:0D,-52,127,1.5,5.5,1.5
1783009250842,2026-07-02 18:20:50.842,C3:00:00:63:4D:05,-57,127,1.5,5.5,1.5
1783009250847,2026-07-02 18:20:50.847,C3:00:00:63:4C:D2,-62,127,1.5,5.5,1.5
1783009250855,2026-07-02 18:20:50.855,C3:00:00:63:4D:09,-55,127,1.5,5.5,1.5
1783009250874,2026-07-02 18:20:50.874,C3:00:00:63:4D:04,-63,127,1.5,5.5,1.5
1783009250882,2026-07-02 18:20:50.882,C3:00:00:63:4D:08,-46,127,1.5,5.5,1.5
1783009250911,2026-07-02 18:20:50.911,C3:00:00:63:4D:0D,-51,127,1.5,5.5,1.5
1783009250939,2026-07-02 18:20:50.939,C3:00:00:63:4D:08,-48,127,1.5,5.5,1.5
1783009250946,2026-07-02 18:20:50.946,C3:00:00:63:4D:0A,-65,127,1.5,5.5,1.5
1783009250954,2026-07-02 18:20:50.954,C3:00:00:63:4D:07,-57,127,1.5,5.5,1.5
1783009250964,2026-07-02 18:20:50.964,C3:00:00:63:4D:09,-59,127,1.5,5.5,1.5
1783009250985,2026-07-02 18:20:50.985,C3:00:00:63:4D:04,-63,127,1.5,5.5,1.5
1783009250993,2026-07-02 18:20:50.993,C3:00:00:63:4D:09,-54,127,1.5,5.5,1.5
1783009251003,2026-07-02 18:20:51.003,C3:00:00:63:4D:08,-49,127,1.5,5.5,1.5
1783009251019,2026-07-02 18:20:51.019,C3:00:00:63:4D:0D,-56,127,1.5,5.5,1.5
1783009251024,2026-07-02 18:20:51.024,C3:00:00:63:4D:05,-58,127,1.5,5.5,1.5
1783009251057,2026-07-02 18:20:51.057,C3:00:00:63:4D:0A,-64,127,1.5,5.5,1.5
1783009251069,2026-07-02 18:20:51.069,C3:00:00:63:4D:07,-56,127,1.5,5.5,1.5
1783009251112,2026-07-02 18:20:51.112,C3:00:00:63:4D:08,-47,127,1.5,5.5,1.5
1783009251118,2026-07-02 18:20:51.118,C3:00:00:63:4D:0A,-64,127,1.5,5.5,1.5
1783009251123,2026-07-02 18:20:51.123,C3:00:00:63:4D:0D,-51,127,1.5,5.5,1.5
1783009251147,2026-07-02 18:20:51.147,C3:00:00:63:4D:07,-54,127,1.5,5.5,1.5
1783009251163,2026-07-02 18:20:51.163,C3:00:00:63:4D:0A,-64,127,1.5,5.5,1.5
1783009251195,2026-07-02 18:20:51.195,C3:00:00:63:4D:09,-61,127,1.5,5.5,1.5
1783009251211,2026-07-02 18:20:51.211,C3:00:00:63:4D:05,-64,127,1.5,5.5,1.5
1783009251220,2026-07-02 18:20:51.220,C3:00:00:63:4D:08,-51,127,1.5,5.5,1.5
1783009251239,2026-07-02 18:20:51.239,C3:00:00:63:4D:0A,-66,127,1.5,5.5,1.5
1783009251262,2026-07-02 18:20:51.262,C3:00:00:63:4D:04,-63,127,1.5,5.5,1.5
1783009251286,2026-07-02 18:20:51.286,C3:00:00:63:4D:0A,-65,127,1.5,5.5,1.5
1783009251292,2026-07-02 18:20:51.292,C3:00:00:63:4D:04,-63,127,1.5,5.5,1.5
1783009251303,2026-07-02 18:20:51.303,C3:00:00:63:4C:D2,-59,127,1.5,5.5,1.5
1783009251312,2026-07-02 18:20:51.312,C3:00:00:63:4D:04,-64,127,1.5,5.5,1.5
1783009251326,2026-07-02 18:20:51.326,C3:00:00:63:4D:0D,-54,127,1.5,5.5,1.5
1783009251328,2026-07-02 18:20:51.328,C3:00:00:63:4D:08,-48,127,1.5,5.5,1.5
1783009251389,2026-07-02 18:20:51.389,C3:00:00:63:4D:0A,-65,127,1.5,5.5,1.5
1783009251416,2026-07-02 18:20:51.416,C3:00:00:63:4D:07,-53,127,1.5,5.5,1.5
1783009251423,2026-07-02 18:20:51.423,C3:00:00:63:4D:05,-58,127,1.5,5.5,1.5
1783009251524,2026-07-02 18:20:51.524,C3:00:00:63:4D:04,-63,127,1.5,5.5,1.5
1783009251532,2026-07-02 18:20:51.532,C3:00:00:63:4D:07,-60,127,1.5,5.5,1.5
1783009251619,2026-07-02 18:20:51.619,C3:00:00:63:4D:0A,-64,127,1.5,5.5,1.5
1783009251736,2026-07-02 18:20:51.736,C3:00:00:63:4D:0A,-65,127,1.5,5.5,1.5
1783009251757,2026-07-02 18:20:51.757,C3:00:00:63:4D:0D,-51,127,1.5,5.5,1.5
1783009251762,2026-07-02 18:20:51.762,C3:00:00:63:4D:08,-48,127,1.5,5.5,1.5
1783009251765,2026-07-02 18:20:51.765,C3:00:00:63:4C:D2,-62,127,1.5,5.5,1.5
1783009251770,2026-07-02 18:20:51.770,C3:00:00:63:4D:09,-55,127,1.5,5.5,1.5
1783009251803,2026-07-02 18:20:51.803,C3:00:00:63:4C:D2,-62,127,1.5,5.5,1.5
1783009251874,2026-07-02 18:20:51.874,C3:00:00:63:4D:08,-51,127,1.5,5.5,1.5
1783009251881,2026-07-02 18:20:51.881,C3:00:00:63:4D:09,-62,127,1.5,5.5,1.5
1783009251889,2026-07-02 18:20:51.889,C3:00:00:63:4D:05,-64,127,1.5,5.5,1.5
1783009251893,2026-07-02 18:20:51.893,C3:00:00:63:4C:D2,-62,127,1.5,5.5,1.5
1783009251899,2026-07-02 18:20:51.899,C3:00:00:63:4D:09,-54,127,1.5,5.5,1.5
1783009251957,2026-07-02 18:20:51.957,C3:00:00:63:4D:04,-64,127,1.5,5.5,1.5
1783009251962,2026-07-02 18:20:51.962,C3:00:00:63:4D:0D,-55,127,1.5,5.5,1.5
1783009251967,2026-07-02 18:20:51.967,C3:00:00:63:4D:0A,-65,127,1.5,5.5,1.5
1783009252064,2026-07-02 18:20:52.064,C3:00:00:63:4D:0D,-51,127,1.5,5.5,1.5
1783009252075,2026-07-02 18:20:52.075,C3:00:00:63:4D:04,-64,127,1.5,5.5,1.5
1783009252080,2026-07-02 18:20:52.080,C3:00:00:63:4D:0A,-64,127,1.5,5.5,1.5
1783009252089,2026-07-02 18:20:52.089,C3:00:00:63:4D:05,-65,127,1.5,5.5,1.5
1783009252106,2026-07-02 18:20:52.106,C3:00:00:63:4D:07,-59,127,1.5,5.5,1.5
1783009252167,2026-07-02 18:20:52.167,C3:00:00:63:4D:0D,-54,127,1.5,5.5,1.5
1783009252183,2026-07-02 18:20:52.183,C3:00:00:63:4D:04,-62,127,1.5,5.5,1.5
1783009252192,2026-07-02 18:20:52.192,C3:00:00:63:4D:0A,-66,127,1.5,5.5,1.5
1783009252202,2026-07-02 18:20:52.202,C3:00:00:63:4D:08,-48,127,1.5,5.5,1.5
1783009252218,2026-07-02 18:20:52.218,C3:00:00:63:4D:0A,-65,127,1.5,5.5,1.5
1783009252221,2026-07-02 18:20:52.221,C3:00:00:63:4D:07,-55,127,1.5,5.5,1.5
1783009252224,2026-07-02 18:20:52.224,C3:00:00:63:4D:09,-53,127,1.5,5.5,1.5
1783009252247,2026-07-02 18:20:52.247,C3:00:00:63:4D:07,-55,127,1.5,5.5,1.5
1783009252250,2026-07-02 18:20:52.250,C3:00:00:63:4C:D2,-67,127,1.5,5.5,1.5
1783009252271,2026-07-02 18:20:52.271,C3:00:00:63:4D:0D,-54,127,1.5,5.5,1.5
1783009252291,2026-07-02 18:20:52.291,C3:00:00:63:4D:04,-64,127,1.5,5.5,1.5
1783009252297,2026-07-02 18:20:52.297,C3:00:00:63:4D:0A,-64,127,1.5,5.5,1.5
1783009252305,2026-07-02 18:20:52.305,C3:00:00:63:4D:08,-48,127,1.5,5.5,1.5
1783009252335,2026-07-02 18:20:52.335,C3:00:00:63:4D:07,-53,127,1.5,5.5,1.5
1783009252372,2026-07-02 18:20:52.372,C3:00:00:63:4D:0D,-51,127,1.5,5.5,1.5
1783009252403,2026-07-02 18:20:52.403,C3:00:00:63:4D:04,-63,127,1.5,5.5,1.5
1783009252415,2026-07-02 18:20:52.415,C3:00:00:63:4D:0A,-66,127,1.5,5.5,1.5
1783009252420,2026-07-02 18:20:52.420,C3:00:00:63:4D:08,-50,127,1.5,5.5,1.5
1783009252451,2026-07-02 18:20:52.451,C3:00:00:63:4D:09,-60,127,1.5,5.5,1.5
1783009252453,2026-07-02 18:20:52.453,C3:00:00:63:4D:05,-64,127,1.5,5.5,1.5
1783009252454,2026-07-02 18:20:52.454,C3:00:00:63:4D:07,-59,127,1.5,5.5,1.5
1783009252455,2026-07-02 18:20:52.455,C3:00:00:63:4C:D2,-62,127,1.5,5.5,1.5
1783009252483,2026-07-02 18:20:52.483,C3:00:00:63:4D:0D,-54,127,1.5,5.5,1.5
1783009252511,2026-07-02 18:20:52.511,C3:00:00:63:4D:04,-64,127,1.5,5.5,1.5
1783009252524,2026-07-02 18:20:52.524,C3:00:00:63:4D:08,-48,127,1.5,5.5,1.5
1783009252527,2026-07-02 18:20:52.527,C3:00:00:63:4D:0A,-64,127,1.5,5.5,1.5
1783009252549,2026-07-02 18:20:52.549,C3:00:00:63:4D:0D,-56,127,1.5,5.5,1.5
1783009252574,2026-07-02 18:20:52.574,C3:00:00:63:4D:09,-54,127,1.5,5.5,1.5
1783009252580,2026-07-02 18:20:52.580,C3:00:00:63:4D:05,-57,127,1.5,5.5,1.5
1783009252583,2026-07-02 18:20:52.583,C3:00:00:63:4D:07,-56,127,1.5,5.5,1.5
1783009252586,2026-07-02 18:20:52.586,C3:00:00:63:4C:D2,-61,127,1.5,5.5,1.5
1783009252589,2026-07-02 18:20:52.589,C3:00:00:63:4D:08,-49,127,1.5,5.5,1.5
1783009252597,2026-07-02 18:20:52.597,C3:00:00:63:4D:0D,-56,127,1.5,5.5,1.5
1783009252607,2026-07-02 18:20:52.607,C3:00:00:63:4D:04,-62,127,1.5,5.5,1.5
1783009252622,2026-07-02 18:20:52.622,C3:00:00:63:4D:0D,-52,127,1.5,5.5,1.5
1783009252633,2026-07-02 18:20:52.633,C3:00:00:63:4D:0A,-65,127,1.5,5.5,1.5
1783009252635,2026-07-02 18:20:52.635,C3:00:00:63:4D:08,-46,127,1.5,5.5,1.5
1783009252676,2026-07-02 18:20:52.676,C3:00:00:63:4D:09,-54,127,1.5,5.5,1.5
1783009252679,2026-07-02 18:20:52.679,C3:00:00:63:4D:07,-53,127,1.5,5.5,1.5
1783009252686,2026-07-02 18:20:52.686,C3:00:00:63:4C:D2,-62,127,1.5,5.5,1.5
1783009252700,2026-07-02 18:20:52.700,C3:00:00:63:4D:0D,-51,127,1.5,5.5,1.5
1783009252719,2026-07-02 18:20:52.719,C3:00:00:63:4D:04,-63,127,1.5,5.5,1.5
1783009252751,2026-07-02 18:20:52.751,C3:00:00:63:4D:08,-50,127,1.5,5.5,1.5
1783009252784,2026-07-02 18:20:52.784,C3:00:00:63:4C:D2,-62,127,1.5,5.5,1.5
1783009252799,2026-07-02 18:20:52.799,C3:00:00:63:4D:0D,-53,127,1.5,5.5,1.5
1783009252811,2026-07-02 18:20:52.811,C3:00:00:63:4D:05,-56,127,1.5,5.5,1.5
1783009252813,2026-07-02 18:20:52.813,C3:00:00:63:4C:D2,-59,127,1.5,5.5,1.5
1783009252819,2026-07-02 18:20:52.819,C3:00:00:63:4D:09,-54,127,1.5,5.5,1.5
1783009252847,2026-07-02 18:20:52.847,C3:00:00:63:4D:08,-49,127,1.5,5.5,1.5
1783009252862,2026-07-02 18:20:52.862,C3:00:00:63:4D:0A,-65,127,1.5,5.5,1.5
1783009252912,2026-07-02 18:20:52.912,C3:00:00:63:4D:07,-53,127,1.5,5.5,1.5
1783009252919,2026-07-02 18:20:52.919,C3:00:00:63:4C:D2,-62,127,1.5,5.5,1.5
1783009252936,2026-07-02 18:20:52.936,C3:00:00:63:4D:04,-64,127,1.5,5.5,1.5
1783009252955,2026-07-02 18:20:52.955,C3:00:00:63:4D:04,-63,127,1.5,5.5,1.5
1783009252958,2026-07-02 18:20:52.958,C3:00:00:63:4D:08,-48,127,1.5,5.5,1.5
1783009252981,2026-07-02 18:20:52.981,C3:00:00:63:4D:0A,-64,127,1.5,5.5,1.5
1783009252992,2026-07-02 18:20:52.992,C3:00:00:63:4D:09,-60,127,1.5,5.5,1.5
1783009253015,2026-07-02 18:20:53.015,C3:00:00:63:4D:0D,-54,127,1.5,5.5,1.5
1783009253036,2026-07-02 18:20:53.036,C3:00:00:63:4D:05,-64,127,1.5,5.5,1.5
1783009253053,2026-07-02 18:20:53.053,C3:00:00:63:4D:04,-62,127,1.5,5.5,1.5
1783009253058,2026-07-02 18:20:53.058,C3:00:00:63:4D:05,-64,127,1.5,5.5,1.5
1783009253075,2026-07-02 18:20:53.075,C3:00:00:63:4D:08,-50,127,1.5,5.5,1.5
1783009253090,2026-07-02 18:20:53.090,C3:00:00:63:4D:0A,-66,127,1.5,5.5,1.5
1783009253113,2026-07-02 18:20:53.113,C3:00:00:63:4D:0D,-52,127,1.5,5.5,1.5
1783009253118,2026-07-02 18:20:53.118,C3:00:00:63:4D:0A,-65,127,1.5,5.5,1.5
1783009253137,2026-07-02 18:20:53.137,C3:00:00:63:4D:07,-55,127,1.5,5.5,1.5
1783009253142,2026-07-02 18:20:53.142,C3:00:00:63:4C:D2,-60,127,1.5,5.5,1.5
1783009253149,2026-07-02 18:20:53.149,C3:00:00:63:4D:05,-55,127,1.5,5.5,1.5
1783009253153,2026-07-02 18:20:53.153,C3:00:00:63:4D:04,-63,127,1.5,5.5,1.5
1783009253158,2026-07-02 18:20:53.158,C3:00:00:63:4D:07,-56,127,1.5,5.5,1.5
1783009253172,2026-07-02 18:20:53.172,C3:00:00:63:4D:08,-48,127,1.5,5.5,1.5
1783009253183,2026-07-02 18:20:53.183,C3:00:00:63:4D:05,-56,127,1.5,5.5,1.5
1783009253205,2026-07-02 18:20:53.205,C3:00:00:63:4D:0A,-64,127,1.5,5.5,1.5
1783009253224,2026-07-02 18:20:53.224,C3:00:00:63:4D:0D,-51,127,1.5,5.5,1.5
1783009253232,2026-07-02 18:20:53.232,C3:00:00:63:4D:08,-48,127,1.5,5.5,1.5
1783009253241,2026-07-02 18:20:53.241,C3:00:00:63:4D:0A,-65,127,1.5,5.5,1.5
1783009253244,2026-07-02 18:20:53.244,C3:00:00:63:4D:09,-56,127,1.5,5.5,1.5
1783009253250,2026-07-02 18:20:53.250,C3:00:00:63:4D:07,-53,127,1.5,5.5,1.5
1783009253256,2026-07-02 18:20:53.256,C3:00:00:63:4D:05,-57,127,1.5,5.5,1.5
1783009253263,2026-07-02 18:20:53.263,C3:00:00:63:4C:D2,-62,127,1.5,5.5,1.5
1783009253266,2026-07-02 18:20:53.266,C3:00:00:63:4D:04,-63,127,1.5,5.5,1.5
1783009253279,2026-07-02 18:20:53.279,C3:00:00:63:4D:04,-64,127,1.5,5.5,1.5
1783009253291,2026-07-02 18:20:53.291,C3:00:00:63:4D:08,-50,127,1.5,5.5,1.5
1783009253306,2026-07-02 18:20:53.306,C3:00:00:63:4D:04,-62,127,1.5,5.5,1.5
1783009253359,2026-07-02 18:20:53.359,C3:00:00:63:4D:09,-60,127,1.5,5.5,1.5
1783009253381,2026-07-02 18:20:53.381,C3:00:00:63:4C:D2,-63,127,1.5,5.5,1.5
1783009253387,2026-07-02 18:20:53.387,C3:00:00:63:4D:05,-64,127,1.5,5.5,1.5
1783009253391,2026-07-02 18:20:53.391,C3:00:00:63:4D:07,-59,127,1.5,5.5,1.5
1783009253395,2026-07-02 18:20:53.395,C3:00:00:63:4D:04,-62,127,1.5,5.5,1.5
1783009253397,2026-07-02 18:20:53.397,C3:00:00:63:4D:08,-49,127,1.5,5.5,1.5
1783009253424,2026-07-02 18:20:53.424,C3:00:00:63:4D:0A,-65,127,1.5,5.5,1.5
1783009253472,2026-07-02 18:20:53.472,C3:00:00:63:4D:09,-54,127,1.5,5.5,1.5
1783009253481,2026-07-02 18:20:53.481,C3:00:00:63:4D:07,-55,127,1.5,5.5,1.5
1783009253513,2026-07-02 18:20:53.513,C3:00:00:63:4D:08,-47,127,1.5,5.5,1.5
1783009253536,2026-07-02 18:20:53.536,C3:00:00:63:4D:0D,-51,127,1.5,5.5,1.5
1783009253540,2026-07-02 18:20:53.540,C3:00:00:63:4D:0A,-65,127,1.5,5.5,1.5
1783009253592,2026-07-02 18:20:53.592,C3:00:00:63:4D:09,-55,127,1.5,5.5,1.5
1783009253599,2026-07-02 18:20:53.599,C3:00:00:63:4D:04,-62,127,1.5,5.5,1.5
1783009253605,2026-07-02 18:20:53.605,C3:00:00:63:4D:07,-59,127,1.5,5.5,1.5
1783009253618,2026-07-02 18:20:53.618,C3:00:00:63:4D:05,-64,127,1.5,5.5,1.5
1783009253619,2026-07-02 18:20:53.619,C3:00:00:63:4C:D2,-63,127,1.5,5.5,1.5
1783009253621,2026-07-02 18:20:53.621,C3:00:00:63:4D:08,-50,127,1.5,5.5,1.5
1783009253629,2026-07-02 18:20:53.629,C3:00:00:63:4D:0D,-54,127,1.5,5.5,1.5
1783009253651,2026-07-02 18:20:53.651,C3:00:00:63:4D:0A,-66,127,1.5,5.5,1.5
1783009253704,2026-07-02 18:20:53.704,C3:00:00:63:4D:09,-54,127,1.5,5.5,1.5
1783009253715,2026-07-02 18:20:53.715,C3:00:00:63:4D:04,-63,127,1.5,5.5,1.5
1783009253720,2026-07-02 18:20:53.720,C3:00:00:63:4D:07,-55,127,1.5,5.5,1.5
1783009253723,2026-07-02 18:20:53.723,C3:00:00:63:4C:D2,-60,127,1.5,5.5,1.5
1783009253731,2026-07-02 18:20:53.731,C3:00:00:63:4D:08,-48,127,1.5,5.5,1.5
1783009253736,2026-07-02 18:20:53.736,C3:00:00:63:4D:0D,-52,127,1.5,5.5,1.5
1783009253767,2026-07-02 18:20:53.767,C3:00:00:63:4D:0A,-64,127,1.5,5.5,1.5
1783009253800,2026-07-02 18:20:53.800,C3:00:00:63:4C:D2,-62,127,1.5,5.5,1.5
1783009253809,2026-07-02 18:20:53.809,C3:00:00:63:4D:04,-63,127,1.5,5.5,1.5
1783009253822,2026-07-02 18:20:53.822,C3:00:00:63:4D:09,-56,127,1.5,5.5,1.5
1783009253831,2026-07-02 18:20:53.831,C3:00:00:63:4C:D2,-62,127,1.5,5.5,1.5
1783009253836,2026-07-02 18:20:53.836,C3:00:00:63:4D:07,-53,127,1.5,5.5,1.5
1783009253849,2026-07-02 18:20:53.849,C3:00:00:63:4D:0D,-51,127,1.5,5.5,1.5
1783009253876,2026-07-02 18:20:53.876,C3:00:00:63:4D:0A,-65,127,1.5,5.5,1.5
1783009253899,2026-07-02 18:20:53.899,C3:00:00:63:4D:0D,-61,127,1.5,5.5,1.5
1783009253915,2026-07-02 18:20:53.915,C3:00:00:63:4D:09,-68,127,1.5,5.5,1.5
1783009253918,2026-07-02 18:20:53.918,C3:00:00:63:4D:04,-62,127,1.5,5.5,1.5
1783009253945,2026-07-02 18:20:53.945,C3:00:00:63:4D:07,-59,127,1.5,5.5,1.5
1783009253954,2026-07-02 18:20:53.954,C3:00:00:63:4C:D2,-63,127,1.5,5.5,1.5
1783009253959,2026-07-02 18:20:53.959,C3:00:00:63:4D:0D,-53,127,1.5,5.5,1.5
1783009253969,2026-07-02 18:20:53.969,C3:00:00:63:4D:05,-64,127,1.5,5.5,1.5
1783009254035,2026-07-02 18:20:54.035,C3:00:00:63:4D:04,-63,127,1.5,5.5,1.5
1783009254044,2026-07-02 18:20:54.044,C3:00:00:63:4D:09,-54,127,1.5,5.5,1.5
1783009254053,2026-07-02 18:20:54.053,C3:00:00:63:4D:08,-48,127,1.5,5.5,1.5
1783009254058,2026-07-02 18:20:54.058,C3:00:00:63:4D:0D,-52,127,1.5,5.5,1.5
1783009254062,2026-07-02 18:20:54.062,C3:00:00:63:4D:07,-55,127,1.5,5.5,1.5
1783009254066,2026-07-02 18:20:54.066,C3:00:00:63:4C:D2,-59,127,1.5,5.5,1.5
1783009254068,2026-07-02 18:20:54.068,C3:00:00:63:4D:05,-55,127,1.5,5.5,1.5
1783009254143,2026-07-02 18:20:54.143,C3:00:00:63:4D:04,-63,127,1.5,5.5,1.5
1783009254157,2026-07-02 18:20:54.157,C3:00:00:63:4D:09,-56,127,1.5,5.5,1.5
1783009254172,2026-07-02 18:20:54.172,C3:00:00:63:4D:0D,-51,127,1.5,5.5,1.5
1783009254174,2026-07-02 18:20:54.174,C3:00:00:63:4D:08,-48,127,1.5,5.5,1.5
1783009254181,2026-07-02 18:20:54.181,C3:00:00:63:4D:07,-53,127,1.5,5.5,1.5
1783009254187,2026-07-02 18:20:54.187,C3:00:00:63:4D:0A,-72,127,1.5,5.5,1.5
1783009254220,2026-07-02 18:20:54.220,C3:00:00:63:4D:0A,-66,127,1.5,5.5,1.5
1783009254249,2026-07-02 18:20:54.249,C3:00:00:63:4D:04,-62,127,1.5,5.5,1.5
1783009254264,2026-07-02 18:20:54.264,C3:00:00:63:4D:0D,-54,127,1.5,5.5,1.5
1783009254271,2026-07-02 18:20:54.271,C3:00:00:63:4D:07,-59,127,1.5,5.5,1.5
1783009254275,2026-07-02 18:20:54.275,C3:00:00:63:4D:09,-60,127,1.5,5.5,1.5
1783009254279,2026-07-02 18:20:54.279,C3:00:00:63:4D:08,-50,127,1.5,5.5,1.5
1783009254288,2026-07-02 18:20:54.288,C3:00:00:63:4D:07,-59,127,1.5,5.5,1.5
1783009254293,2026-07-02 18:20:54.293,C3:00:00:63:4C:D2,-62,127,1.5,5.5,1.5
1783009254335,2026-07-02 18:20:54.335,C3:00:00:63:4D:0A,-65,127,1.5,5.5,1.5
1783009254364,2026-07-02 18:20:54.364,C3:00:00:63:4D:04,-63,127,1.5,5.5,1.5
1783009254370,2026-07-02 18:20:54.370,C3:00:00:63:4D:0D,-53,127,1.5,5.5,1.5
1783009254382,2026-07-02 18:20:54.382,C3:00:00:63:4D:08,-49,127,1.5,5.5,1.5
1783009254386,2026-07-02 18:20:54.386,C3:00:00:63:4D:09,-54,127,1.5,5.5,1.5
1783009254414,2026-07-02 18:20:54.414,C3:00:00:63:4C:D2,-62,127,1.5,5.5,1.5
1783009254450,2026-07-02 18:20:54.450,C3:00:00:63:4D:0A,-65,127,1.5,5.5,1.5
1783009254465,2026-07-02 18:20:54.465,C3:00:00:63:4D:04,-64,127,1.5,5.5,1.5
1783009254486,2026-07-02 18:20:54.486,C3:00:00:63:4D:0D,-52,127,1.5,5.5,1.5
1783009254490,2026-07-02 18:20:54.490,C3:00:00:63:4D:08,-47,127,1.5,5.5,1.5
1783009254500,2026-07-02 18:20:54.500,C3:00:00:63:4D:09,-59,127,1.5,5.5,1.5
1783009254522,2026-07-02 18:20:54.522,C3:00:00:63:4D:07,-57,127,1.5,5.5,1.5
1783009254527,2026-07-02 18:20:54.527,C3:00:00:63:4D:05,-65,127,1.5,5.5,1.5
1783009254533,2026-07-02 18:20:54.533,C3:00:00:63:4C:D2,-62,127,1.5,5.5,1.5
1783009254547,2026-07-02 18:20:54.547,C3:00:00:63:4D:07,-58,127,1.5,5.5,1.5
1783009254582,2026-07-02 18:20:54.582,C3:00:00:63:4D:04,-62,127,1.5,5.5,1.5
1783009254585,2026-07-02 18:20:54.585,C3:00:00:63:4D:0D,-51,127,1.5,5.5,1.5
1783009254590,2026-07-02 18:20:54.590,C3:00:00:63:4D:08,-49,127,1.5,5.5,1.5
1783009254612,2026-07-02 18:20:54.612,C3:00:00:63:4D:09,-54,127,1.5,5.5,1.5
1783009254614,2026-07-02 18:20:54.614,C3:00:00:63:4D:08,-49,127,1.5,5.5,1.5
1783009254635,2026-07-02 18:20:54.635,C3:00:00:63:4D:05,-56,127,1.5,5.5,1.5
1783009254638,2026-07-02 18:20:54.638,C3:00:00:63:4D:07,-55,127,1.5,5.5,1.5
1783009254641,2026-07-02 18:20:54.641,C3:00:00:63:4C:D2,-60,127,1.5,5.5,1.5
1783009254665,2026-07-02 18:20:54.665,C3:00:00:63:4C:D2,-61,127,1.5,5.5,1.5
1783009254670,2026-07-02 18:20:54.670,C3:00:00:63:4D:0A,-64,127,1.5,5.5,1.5
1783009254685,2026-07-02 18:20:54.685,C3:00:00:63:4D:0D,-56,127,1.5,5.5,1.5
1783009254690,2026-07-02 18:20:54.690,C3:00:00:63:4D:04,-62,127,1.5,5.5,1.5
1783009254706,2026-07-02 18:20:54.706,C3:00:00:63:4D:08,-46,127,1.5,5.5,1.5
1783009254732,2026-07-02 18:20:54.732,C3:00:00:63:4D:09,-54,127,1.5,5.5,1.5
1783009254748,2026-07-02 18:20:54.748,C3:00:00:63:4D:07,-53,127,1.5,5.5,1.5
1783009254785,2026-07-02 18:20:54.785,C3:00:00:63:4D:0A,-65,127,1.5,5.5,1.5
1783009254790,2026-07-02 18:20:54.790,C3:00:00:63:4C:D2,-63,127,1.5,5.5,1.5
1783009254798,2026-07-02 18:20:54.798,C3:00:00:63:4D:0D,-51,127,1.5,5.5,1.5
1783009254801,2026-07-02 18:20:54.801,C3:00:00:63:4D:09,-60,127,1.5,5.5,1.5
1783009254817,2026-07-02 18:20:54.817,C3:00:00:63:4D:08,-48,127,1.5,5.5,1.5
1783009254849,2026-07-02 18:20:54.849,C3:00:00:63:4D:09,-59,127,1.5,5.5,1.5
1783009254871,2026-07-02 18:20:54.871,C3:00:00:63:4D:07,-57,127,1.5,5.5,1.5
1783009254876,2026-07-02 18:20:54.876,C3:00:00:63:4D:05,-64,127,1.5,5.5,1.5
1783009254895,2026-07-02 18:20:54.895,C3:00:00:63:4D:0D,-56,127,1.5,5.5,1.5
1783009254913,2026-07-02 18:20:54.913,C3:00:00:63:4D:08,-57,127,1.5,5.5,1.5
1783009254925,2026-07-02 18:20:54.925,C3:00:00:63:4D:08,-49,127,1.5,5.5,1.5
1783009254964,2026-07-02 18:20:54.964,C3:00:00:63:4D:09,-54,127,1.5,5.5,1.5
1783009254984,2026-07-02 18:20:54.984,C3:00:00:63:4D:05,-56,127,1.5,5.5,1.5
1783009254990,2026-07-02 18:20:54.990,C3:00:00:63:4D:07,-55,127,1.5,5.5,1.5
1783009255001,2026-07-02 18:20:55.001,C3:00:00:63:4C:D2,-60,127,1.5,5.5,1.5
1783009255007,2026-07-02 18:20:55.007,C3:00:00:63:4D:09,-54,127,1.5,5.5,1.5
1783009255015,2026-07-02 18:20:55.015,C3:00:00:63:4D:0D,-52,127,1.5,5.5,1.5
1783009255030,2026-07-02 18:20:55.030,C3:00:00:63:4D:08,-46,127,1.5,5.5,1.5
1783009255057,2026-07-02 18:20:55.057,C3:00:00:63:4D:05,-58,127,1.5,5.5,1.5
1783009255072,2026-07-02 18:20:55.072,C3:00:00:63:4D:09,-54,127,1.5,5.5,1.5
1783009255106,2026-07-02 18:20:55.106,C3:00:00:63:4D:0D,-51,127,1.5,5.5,1.5
1783009255139,2026-07-02 18:20:55.139,C3:00:00:63:4D:08,-48,127,1.5,5.5,1.5
1783009255145,2026-07-02 18:20:55.145,C3:00:00:63:4D:0A,-65,127,1.5,5.5,1.5
1783009255167,2026-07-02 18:20:55.167,C3:00:00:63:4D:07,-58,127,1.5,5.5,1.5
1783009255186,2026-07-02 18:20:55.186,C3:00:00:63:4D:05,-64,127,1.5,5.5,1.5
1783009255231,2026-07-02 18:20:55.231,C3:00:00:63:4D:0A,-64,127,1.5,5.5,1.5
1783009255255,2026-07-02 18:20:55.255,C3:00:00:63:4D:08,-49,127,1.5,5.5,1.5
1783009255262,2026-07-02 18:20:55.262,C3:00:00:63:4D:0A,-64,127,1.5,5.5,1.5
1783009255268,2026-07-02 18:20:55.268,C3:00:00:63:4D:08,-49,127,1.5,5.5,1.5
1783009255283,2026-07-02 18:20:55.283,C3:00:00:63:4D:04,-63,127,1.5,5.5,1.5
1783009255298,2026-07-02 18:20:55.298,C3:00:00:63:4D:09,-54,127,1.5,5.5,1.5
1783009255306,2026-07-02 18:20:55.306,C3:00:00:63:4D:04,-63,127,1.5,5.5,1.5
1783009255323,2026-07-02 18:20:55.323,C3:00:00:63:4D:0D,-51,127,1.5,5.5,1.5
1783009255324,2026-07-02 18:20:55.324,C3:00:00:63:4D:07,-53,127,1.5,5.5,1.5
1783009255326,2026-07-02 18:20:55.326,C3:00:00:63:4D:05,-57,127,1.5,5.5,1.5
1783009255337,2026-07-02 18:20:55.337,C3:00:00:63:4D:04,-63,127,1.5,5.5,1.5
1783009255348,2026-07-02 18:20:55.348,C3:00:00:63:4D:0A,-65,127,1.5,5.5,1.5
1783009255366,2026-07-02 18:20:55.366,C3:00:00:63:4D:08,-46,127,1.5,5.5,1.5
1783009255412,2026-07-02 18:20:55.412,C3:00:00:63:4D:09,-59,127,1.5,5.5,1.5
1783009255424,2026-07-02 18:20:55.424,C3:00:00:63:4D:0D,-51,127,1.5,5.5,1.5
1783009255450,2026-07-02 18:20:55.450,C3:00:00:63:4D:07,-58,127,1.5,5.5,1.5
1783009255452,2026-07-02 18:20:55.452,C3:00:00:63:4D:05,-64,127,1.5,5.5,1.5
1783009255455,2026-07-02 18:20:55.455,C3:00:00:63:4C:D2,-61,127,1.5,5.5,1.5
1783009255457,2026-07-02 18:20:55.457,C3:00:00:63:4D:04,-62,127,1.5,5.5,1.5
1783009255460,2026-07-02 18:20:55.460,C3:00:00:63:4D:0A,-65,127,1.5,5.5,1.5
1783009255463,2026-07-02 18:20:55.463,C3:00:00:63:4D:08,-48,127,1.5,5.5,1.5
1783009255528,2026-07-02 18:20:55.528,C3:00:00:63:4D:0D,-56,127,1.5,5.5,1.5
1783009255556,2026-07-02 18:20:55.556,C3:00:00:63:4D:07,-56,127,1.5,5.5,1.5
1783009255563,2026-07-02 18:20:55.563,C3:00:00:63:4C:D2,-61,127,1.5,5.5,1.5
1783009255567,2026-07-02 18:20:55.567,C3:00:00:63:4D:04,-63,127,1.5,5.5,1.5
1783009255571,2026-07-02 18:20:55.571,C3:00:00:63:4D:0A,-64,127,1.5,5.5,1.5
1783009255639,2026-07-02 18:20:55.639,C3:00:00:63:4D:0D,-52,127,1.5,5.5,1.5
1783009255644,2026-07-02 18:20:55.644,C3:00:00:63:4D:09,-55,127,1.5,5.5,1.5
1783009255676,2026-07-02 18:20:55.676,C3:00:00:63:4C:D2,-62,127,1.5,5.5,1.5
1783009255731,2026-07-02 18:20:55.731,C3:00:00:63:4D:04,-69,127,1.5,5.5,1.5
1783009255738,2026-07-02 18:20:55.738,C3:00:00:63:4D:0D,-54,127,1.5,5.5,1.5
1783009255754,2026-07-02 18:20:55.754,C3:00:00:63:4D:09,-60,127,1.5,5.5,1.5
1783009255777,2026-07-02 18:20:55.777,C3:00:00:63:4D:04,-62,127,1.5,5.5,1.5
1783009255801,2026-07-02 18:20:55.801,C3:00:00:63:4D:0A,-65,127,1.5,5.5,1.5
1783009255808,2026-07-02 18:20:55.808,C3:00:00:63:4C:D2,-59,127,1.5,5.5,1.5
1783009255844,2026-07-02 18:20:55.844,C3:00:00:63:4D:0D,-54,127,1.5,5.5,1.5
1783009255869,2026-07-02 18:20:55.869,C3:00:00:63:4D:09,-54,127,1.5,5.5,1.5
1783009255881,2026-07-02 18:20:55.881,C3:00:00:63:4D:04,-63,127,1.5,5.5,1.5
1783009255895,2026-07-02 18:20:55.895,C3:00:00:63:4D:09,-54,127,1.5,5.5,1.5
1783009255904,2026-07-02 18:20:55.904,C3:00:00:63:4D:07,-53,127,1.5,5.5,1.5
1783009255910,2026-07-02 18:20:55.910,C3:00:00:63:4D:05,-58,127,1.5,5.5,1.5
1783009255915,2026-07-02 18:20:55.915,C3:00:00:63:4D:0A,-64,127,1.5,5.5,1.5
1783009255944,2026-07-02 18:20:55.944,C3:00:00:63:4D:0D,-52,127,1.5,5.5,1.5
1783009255991,2026-07-02 18:20:55.991,C3:00:00:63:4D:04,-64,127,1.5,5.5,1.5
1783009256018,2026-07-02 18:20:56.018,C3:00:00:63:4D:07,-59,127,1.5,5.5,1.5
1783009256024,2026-07-02 18:20:56.024,C3:00:00:63:4C:D2,-62,127,1.5,5.5,1.5
1783009256028,2026-07-02 18:20:56.028,C3:00:00:63:4D:05,-64,127,1.5,5.5,1.5
1783009256034,2026-07-02 18:20:56.034,C3:00:00:63:4D:0A,-65,127,1.5,5.5,1.5
1783009256051,2026-07-02 18:20:56.051,C3:00:00:63:4D:0D,-54,127,1.5,5.5,1.5
1783009256081,2026-07-02 18:20:56.081,C3:00:00:63:4D:05,-72,127,1.5,5.5,1.5
1783009256098,2026-07-02 18:20:56.098,C3:00:00:63:4D:09,-54,127,1.5,5.5,1.5
1783009256100,2026-07-02 18:20:56.100,C3:00:00:63:4D:04,-63,127,1.5,5.5,1.5
1783009256106,2026-07-02 18:20:56.106,C3:00:00:63:4D:0D,-53,127,1.5,5.5,1.5
1783009256120,2026-07-02 18:20:56.120,C3:00:00:63:4D:08,-49,127,1.5,5.5,1.5
1783009256128,2026-07-02 18:20:56.128,C3:00:00:63:4D:07,-56,127,1.5,5.5,1.5
1783009256130,2026-07-02 18:20:56.130,C3:00:00:63:4D:05,-56,127,1.5,5.5,1.5
1783009256139,2026-07-02 18:20:56.139,C3:00:00:63:4C:D2,-60,127,1.5,5.5,1.5
1783009256140,2026-07-02 18:20:56.140,C3:00:00:63:4D:0A,-65,127,1.5,5.5,1.5
1783009256196,2026-07-02 18:20:56.196,C3:00:00:63:4D:0A,-64,127,1.5,5.5,1.5
1783009256205,2026-07-02 18:20:56.205,C3:00:00:63:4D:04,-64,127,1.5,5.5,1.5
1783009256219,2026-07-02 18:20:56.219,C3:00:00:63:4D:09,-55,127,1.5,5.5,1.5
1783009256254,2026-07-02 18:20:56.254,C3:00:00:63:4D:07,-53,127,1.5,5.5,1.5
1783009256256,2026-07-02 18:20:56.256,C3:00:00:63:4D:0A,-64,127,1.5,5.5,1.5
1783009256262,2026-07-02 18:20:56.262,C3:00:00:63:4D:0D,-52,127,1.5,5.5,1.5
1783009256274,2026-07-02 18:20:56.274,C3:00:00:63:4D:07,-53,127,1.5,5.5,1.5
1783009256318,2026-07-02 18:20:56.318,C3:00:00:63:4D:04,-62,127,1.5,5.5,1.5
1783009256328,2026-07-02 18:20:56.328,C3:00:00:63:4D:09,-60,127,1.5,5.5,1.5
1783009256351,2026-07-02 18:20:56.351,C3:00:00:63:4D:08,-50,127,1.5,5.5,1.5
1783009256356,2026-07-02 18:20:56.356,C3:00:00:63:4D:07,-59,127,1.5,5.5,1.5
1783009256362,2026-07-02 18:20:56.362,C3:00:00:63:4D:05,-64,127,1.5,5.5,1.5
1783009256369,2026-07-02 18:20:56.369,C3:00:00:63:4D:0A,-64,127,1.5,5.5,1.5
1783009256374,2026-07-02 18:20:56.374,C3:00:00:63:4D:0D,-54,127,1.5,5.5,1.5
1783009256430,2026-07-02 18:20:56.430,C3:00:00:63:4D:04,-64,127,1.5,5.5,1.5
1783009256451,2026-07-02 18:20:56.451,C3:00:00:63:4D:09,-54,127,1.5,5.5,1.5
1783009256457,2026-07-02 18:20:56.457,C3:00:00:63:4D:08,-49,127,1.5,5.5,1.5
1783009256469,2026-07-02 18:20:56.469,C3:00:00:63:4D:0D,-54,127,1.5,5.5,1.5
1783009256478,2026-07-02 18:20:56.478,C3:00:00:63:4D:07,-56,127,1.5,5.5,1.5
1783009256484,2026-07-02 18:20:56.484,C3:00:00:63:4C:D2,-60,127,1.5,5.5,1.5
1783009256486,2026-07-02 18:20:56.486,C3:00:00:63:4D:05,-56,127,1.5,5.5,1.5
1783009256487,2026-07-02 18:20:56.487,C3:00:00:63:4D:0A,-65,127,1.5,5.5,1.5
1783009256543,2026-07-02 18:20:56.543,C3:00:00:63:4D:04,-64,127,1.5,5.5,1.5
1783009256547,2026-07-02 18:20:56.547,C3:00:00:63:4D:09,-55,127,1.5,5.5,1.5
1783009256552,2026-07-02 18:20:56.552,C3:00:00:63:4D:08,-47,127,1.5,5.5,1.5
1783009256567,2026-07-02 18:20:56.567,C3:00:00:63:4D:0D,-52,127,1.5,5.5,1.5
1783009256587,2026-07-02 18:20:56.587,C3:00:00:63:4D:07,-53,127,1.5,5.5,1.5
1783009256596,2026-07-02 18:20:56.596,C3:00:00:63:4D:08,-50,127,1.5,5.5,1.5
1783009256602,2026-07-02 18:20:56.602,C3:00:00:63:4D:05,-64,127,1.5,5.5,1.5
1783009256604,2026-07-02 18:20:56.604,C3:00:00:63:4C:D2,-62,127,1.5,5.5,1.5
1783009256623,2026-07-02 18:20:56.623,C3:00:00:63:4D:0D,-54,127,1.5,5.5,1.5
1783009256646,2026-07-02 18:20:56.646,C3:00:00:63:4D:04,-62,127,1.5,5.5,1.5
1783009256687,2026-07-02 18:20:56.687,C3:00:00:63:4D:0D,-54,127,1.5,5.5,1.5
1783009256712,2026-07-02 18:20:56.712,C3:00:00:63:4D:07,-56,127,1.5,5.5,1.5
1783009256716,2026-07-02 18:20:56.716,C3:00:00:63:4C:D2,-60,127,1.5,5.5,1.5
1783009256752,2026-07-02 18:20:56.752,C3:00:00:63:4D:04,-64,127,1.5,5.5,1.5
1783009256777,2026-07-02 18:20:56.777,C3:00:00:63:4D:08,-48,127,1.5,5.5,1.5
1783009256782,2026-07-02 18:20:56.782,C3:00:00:63:4D:0D,-52,127,1.5,5.5,1.5
1783009256799,2026-07-02 18:20:56.799,C3:00:00:63:4C:D2,-62,127,1.5,5.5,1.5
1783009256814,2026-07-02 18:20:56.814,C3:00:00:63:4D:09,-56,127,1.5,5.5,1.5
1783009256826,2026-07-02 18:20:56.826,C3:00:00:63:4D:07,-54,127,1.5,5.5,1.5
1783009256828,2026-07-02 18:20:56.828,C3:00:00:63:4D:0A,-64,127,1.5,5.5,1.5
1783009256830,2026-07-02 18:20:56.830,C3:00:00:63:4C:D2,-62,127,1.5,5.5,1.5
1783009256832,2026-07-02 18:20:56.832,C3:00:00:63:4D:05,-57,127,1.5,5.5,1.5
1783009256865,2026-07-02 18:20:56.865,C3:00:00:63:4D:04,-64,127,1.5,5.5,1.5
1783009256888,2026-07-02 18:20:56.888,C3:00:00:63:4D:08,-47,127,1.5,5.5,1.5
1783009256894,2026-07-02 18:20:56.894,C3:00:00:63:4D:0D,-52,127,1.5,5.5,1.5
1783009256900,2026-07-02 18:20:56.900,C3:00:00:63:4D:09,-60,127,1.5,5.5,1.5
1783009256930,2026-07-02 18:20:56.930,C3:00:00:63:4D:0A,-64,127,1.5,5.5,1.5
1783009256935,2026-07-02 18:20:56.935,C3:00:00:63:4D:07,-59,127,1.5,5.5,1.5
1783009256947,2026-07-02 18:20:56.947,C3:00:00:63:4C:D2,-62,127,1.5,5.5,1.5
1783009256963,2026-07-02 18:20:56.963,C3:00:00:63:4D:04,-62,127,1.5,5.5,1.5
1783009256990,2026-07-02 18:20:56.990,C3:00:00:63:4D:04,-62,127,1.5,5.5,1.5
1783009256997,2026-07-02 18:20:56.997,C3:00:00:63:4D:09,-54,127,1.5,5.5,1.5
1783009257003,2026-07-02 18:20:57.003,C3:00:00:63:4D:0D,-54,127,1.5,5.5,1.5
1783009257014,2026-07-02 18:20:57.014,C3:00:00:63:4D:09,-54,127,1.5,5.5,1.5
1783009257044,2026-07-02 18:20:57.044,C3:00:00:63:4D:0A,-65,127,1.5,5.5,1.5
1783009257049,2026-07-02 18:20:57.049,C3:00:00:63:4D:07,-55,127,1.5,5.5,1.5
1783009257053,2026-07-02 18:20:57.053,C3:00:00:63:4D:05,-56,127,1.5,5.5,1.5
1783009257070,2026-07-02 18:20:57.070,C3:00:00:63:4D:05,-56,127,1.5,5.5,1.5
1783009257102,2026-07-02 18:20:57.102,C3:00:00:63:4D:0D,-52,127,1.5,5.5,1.5
1783009257111,2026-07-02 18:20:57.111,C3:00:00:63:4D:08,-47,127,1.5,5.5,1.5
1783009257119,2026-07-02 18:20:57.119,C3:00:00:63:4D:09,-55,127,1.5,5.5,1.5
1783009257139,2026-07-02 18:20:57.139,C3:00:00:63:4D:0A,-64,127,1.5,5.5,1.5
1783009257165,2026-07-02 18:20:57.165,C3:00:00:63:4D:05,-57,127,1.5,5.5,1.5
1783009257178,2026-07-02 18:20:57.178,C3:00:00:63:4C:D2,-62,127,1.5,5.5,1.5
1783009257187,2026-07-02 18:20:57.187,C3:00:00:63:4D:07,-53,127,1.5,5.5,1.5
1783009257195,2026-07-02 18:20:57.195,C3:00:00:63:4D:05,-58,127,1.5,5.5,1.5
1783009257203,2026-07-02 18:20:57.203,C3:00:00:63:4D:04,-62,127,1.5,5.5,1.5
1783009257213,2026-07-02 18:20:57.213,C3:00:00:63:4D:0D,-54,127,1.5,5.5,1.5
1783009257217,2026-07-02 18:20:57.217,C3:00:00:63:4D:08,-50,127,1.5,5.5,1.5
1783009257232,2026-07-02 18:20:57.232,C3:00:00:63:4D:09,-60,127,1.5,5.5,1.5
1783009257245,2026-07-02 18:20:57.245,C3:00:00:63:4D:0A,-65,127,1.5,5.5,1.5
1783009257255,2026-07-02 18:20:57.255,C3:00:00:63:4D:08,-50,127,1.5,5.5,1.5
1783009257272,2026-07-02 18:20:57.272,C3:00:00:63:4D:0A,-65,127,1.5,5.5,1.5
1783009257279,2026-07-02 18:20:57.279,C3:00:00:63:4D:07,-58,127,1.5,5.5,1.5
1783009257298,2026-07-02 18:20:57.298,C3:00:00:63:4D:04,-63,127,1.5,5.5,1.5
1783009257316,2026-07-02 18:20:57.316,C3:00:00:63:4D:0D,-56,127,1.5,5.5,1.5
1783009257321,2026-07-02 18:20:57.321,C3:00:00:63:4D:04,-63,127,1.5,5.5,1.5
1783009257327,2026-07-02 18:20:57.327,C3:00:00:63:4D:08,-49,127,1.5,5.5,1.5
1783009257340,2026-07-02 18:20:57.340,C3:00:00:63:4D:04,-63,127,1.5,5.5,1.5
1783009257351,2026-07-02 18:20:57.351,C3:00:00:63:4D:09,-54,127,1.5,5.5,1.5
1783009257382,2026-07-02 18:20:57.382,C3:00:00:63:4D:0A,-64,127,1.5,5.5,1.5
1783009257400,2026-07-02 18:20:57.400,C3:00:00:63:4D:07,-53,127,1.5,5.5,1.5
1783009257411,2026-07-02 18:20:57.411,C3:00:00:63:4C:D2,-62,127,1.5,5.5,1.5
1783009257423,2026-07-02 18:20:57.423,C3:00:00:63:4D:05,-57,127,1.5,5.5,1.5
1783009257427,2026-07-02 18:20:57.427,C3:00:00:63:4D:04,-63,127,1.5,5.5,1.5
1783009257430,2026-07-02 18:20:57.430,C3:00:00:63:4D:0D,-52,127,1.5,5.5,1.5
1783009257463,2026-07-02 18:20:57.463,C3:00:00:63:4D:09,-54,127,1.5,5.5,1.5
1783009257493,2026-07-02 18:20:57.493,C3:00:00:63:4D:0A,-65,127,1.5,5.5,1.5
1783009257517,2026-07-02 18:20:57.517,C3:00:00:63:4D:07,-58,127,1.5,5.5,1.5
1783009257523,2026-07-02 18:20:57.523,C3:00:00:63:4C:D2,-61,127,1.5,5.5,1.5
1783009257524,2026-07-02 18:20:57.524,C3:00:00:63:4D:0D,-54,127,1.5,5.5,1.5
1783009257529,2026-07-02 18:20:57.529,C3:00:00:63:4D:04,-62,127,1.5,5.5,1.5
1783009257537,2026-07-02 18:20:57.537,C3:00:00:63:4D:08,-50,127,1.5,5.5,1.5
1783009257587,2026-07-02 18:20:57.587,C3:00:00:63:4D:09,-60,127,1.5,5.5,1.5
1783009257613,2026-07-02 18:20:57.613,C3:00:00:63:4D:0A,-64,127,1.5,5.5,1.5
1783009257629,2026-07-02 18:20:57.629,C3:00:00:63:4D:05,-56,127,1.5,5.5,1.5
1783009257633,2026-07-02 18:20:57.633,C3:00:00:63:4D:04,-65,127,1.5,5.5,1.5
1783009257650,2026-07-02 18:20:57.650,C3:00:00:63:4D:08,-48,127,1.5,5.5,1.5
1783009257694,2026-07-02 18:20:57.694,C3:00:00:63:4D:09,-56,127,1.5,5.5,1.5
1783009257723,2026-07-02 18:20:57.723,C3:00:00:63:4D:0A,-63,127,1.5,5.5,1.5
1783009257734,2026-07-02 18:20:57.734,C3:00:00:63:4D:0D,-51,127,1.5,5.5,1.5
1783009257739,2026-07-02 18:20:57.739,C3:00:00:63:4D:07,-53,127,1.5,5.5,1.5
1783009257763,2026-07-02 18:20:57.763,C3:00:00:63:4D:08,-47,127,1.5,5.5,1.5
1783009257806,2026-07-02 18:20:57.806,C3:00:00:63:4C:D2,-62,127,1.5,5.5,1.5
1783009257839,2026-07-02 18:20:57.839,C3:00:00:63:4D:0A,-65,127,1.5,5.5,1.5
1783009257847,2026-07-02 18:20:57.847,C3:00:00:63:4D:0D,-54,127,1.5,5.5,1.5
1783009257854,2026-07-02 18:20:57.854,C3:00:00:63:4D:04,-61,127,1.5,5.5,1.5
1783009257860,2026-07-02 18:20:57.860,C3:00:00:63:4D:05,-65,127,1.5,5.5,1.5
1783009257866,2026-07-02 18:20:57.866,C3:00:00:63:4D:08,-50,127,1.5,5.5,1.5
1783009257909,2026-07-02 18:20:57.909,C3:00:00:63:4D:0D,-61,127,1.5,5.5,1.5
1783009257915,2026-07-02 18:20:57.915,C3:00:00:63:4D:09,-60,127,1.5,5.5,1.5
1783009257964,2026-07-02 18:20:57.964,C3:00:00:63:4D:04,-64,127,1.5,5.5,1.5
1783009257968,2026-07-02 18:20:57.968,C3:00:00:63:4D:07,-56,127,1.5,5.5,1.5
1783009257976,2026-07-02 18:20:57.976,C3:00:00:63:4D:05,-57,127,1.5,5.5,1.5
1783009257988,2026-07-02 18:20:57.988,C3:00:00:63:4C:D2,-61,127,1.5,5.5,1.5
1783009257991,2026-07-02 18:20:57.991,C3:00:00:63:4D:08,-49,127,1.5,5.5,1.5
1783009257993,2026-07-02 18:20:57.993,C3:00:00:63:4D:05,-56,127,1.5,5.5,1.5
1783009258032,2026-07-02 18:20:58.032,C3:00:00:63:4D:09,-54,127,1.5,5.5,1.5
1783009258049,2026-07-02 18:20:58.049,C3:00:00:63:4D:0D,-51,127,1.5,5.5,1.5
1783009258060,2026-07-02 18:20:58.060,C3:00:00:63:4D:0A,-63,127,1.5,5.5,1.5
1783009258066,2026-07-02 18:20:58.066,C3:00:00:63:4D:04,-63,127,1.5,5.5,1.5
1783009258090,2026-07-02 18:20:58.090,C3:00:00:63:4D:05,-58,127,1.5,5.5,1.5
1783009258096,2026-07-02 18:20:58.096,C3:00:00:63:4C:D2,-61,127,1.5,5.5,1.5
1783009258103,2026-07-02 18:20:58.103,C3:00:00:63:4D:07,-65,127,1.5,5.5,1.5
1783009258115,2026-07-02 18:20:58.115,C3:00:00:63:4D:0D,-51,127,1.5,5.5,1.5
1783009258173,2026-07-02 18:20:58.173,C3:00:00:63:4D:0A,-65,127,1.5,5.5,1.5
1783009258178,2026-07-02 18:20:58.178,C3:00:00:63:4D:04,-62,127,1.5,5.5,1.5
1783009258198,2026-07-02 18:20:58.198,C3:00:00:63:4D:08,-50,127,1.5,5.5,1.5
1783009258202,2026-07-02 18:20:58.202,C3:00:00:63:4D:0A,-74,127,1.5,5.5,1.5
1783009258204,2026-07-02 18:20:58.204,C3:00:00:63:4D:07,-55,127,1.5,5.5,1.5
1783009258206,2026-07-02 18:20:58.206,C3:00:00:63:4C:D2,-60,127,1.5,5.5,1.5
1783009258254,2026-07-02 18:20:58.254,C3:00:00:63:4D:0D,-52,127,1.5,5.5,1.5
1783009258259,2026-07-02 18:20:58.259,C3:00:00:63:4D:09,-54,127,1.5,5.5,1.5
1783009258282,2026-07-02 18:20:58.282,C3:00:00:63:4D:04,-66,127,1.5,5.5,1.5
1783009258290,2026-07-02 18:20:58.290,C3:00:00:63:4D:07,-55,127,1.5,5.5,1.5
1783009258297,2026-07-02 18:20:58.297,C3:00:00:63:4D:0A,-65,127,1.5,5.5,1.5
1783009258304,2026-07-02 18:20:58.304,C3:00:00:63:4D:08,-47,127,1.5,5.5,1.5
1783009258318,2026-07-02 18:20:58.318,C3:00:00:63:4D:05,-59,127,1.5,5.5,1.5
1783009258321,2026-07-02 18:20:58.321,C3:00:00:63:4C:D2,-62,127,1.5,5.5,1.5
1783009258366,2026-07-02 18:20:58.366,C3:00:00:63:4D:0D,-51,127,1.5,5.5,1.5
1783009258398,2026-07-02 18:20:58.398,C3:00:00:63:4D:04,-62,127,1.5,5.5,1.5
1783009258404,2026-07-02 18:20:58.404,C3:00:00:63:4D:0A,-63,127,1.5,5.5,1.5
1783009258421,2026-07-02 18:20:58.421,C3:00:00:63:4D:08,-50,127,1.5,5.5,1.5
1783009258436,2026-07-02 18:20:58.436,C3:00:00:63:4D:07,-59,127,1.5,5.5,1.5
1783009258438,2026-07-02 18:20:58.438,C3:00:00:63:4D:05,-64,127,1.5,5.5,1.5
1783009258443,2026-07-02 18:20:58.443,C3:00:00:63:4C:D2,-62,127,1.5,5.5,1.5
1783009258465,2026-07-02 18:20:58.465,C3:00:00:63:4D:0D,-53,127,1.5,5.5,1.5
1783009258491,2026-07-02 18:20:58.491,C3:00:00:63:4D:09,-59,127,1.5,5.5,1.5
1783009258497,2026-07-02 18:20:58.497,C3:00:00:63:4D:04,-66,127,1.5,5.5,1.5
1783009258512,2026-07-02 18:20:58.512,C3:00:00:63:4D:0A,-66,127,1.5,5.5,1.5
1783009258531,2026-07-02 18:20:58.531,C3:00:00:63:4D:08,-48,127,1.5,5.5,1.5
1783009258544,2026-07-02 18:20:58.544,C3:00:00:63:4D:07,-56,127,1.5,5.5,1.5
1783009258548,2026-07-02 18:20:58.548,C3:00:00:63:4C:D2,-61,127,1.5,5.5,1.5
1783009258554,2026-07-02 18:20:58.554,C3:00:00:63:4D:05,-55,127,1.5,5.5,1.5
1783009258561,2026-07-02 18:20:58.561,C3:00:00:63:4D:07,-55,127,1.5,5.5,1.5
1783009258567,2026-07-02 18:20:58.567,C3:00:00:63:4D:0D,-52,127,1.5,5.5,1.5
1783009258592,2026-07-02 18:20:58.592,C3:00:00:63:4D:0D,-52,127,1.5,5.5,1.5
1783009258593,2026-07-02 18:20:58.593,C3:00:00:63:4D:08,-48,127,1.5,5.5,1.5
1783009258600,2026-07-02 18:20:58.600,C3:00:00:63:4D:09,-56,127,1.5,5.5,1.5
1783009258611,2026-07-02 18:20:58.611,C3:00:00:63:4D:04,-67,127,1.5,5.5,1.5
1783009258626,2026-07-02 18:20:58.626,C3:00:00:63:4D:0A,-65,127,1.5,5.5,1.5
1783009258629,2026-07-02 18:20:58.629,C3:00:00:63:4D:08,-48,127,1.5,5.5,1.5
1783009258647,2026-07-02 18:20:58.647,C3:00:00:63:4C:D2,-62,127,1.5,5.5,1.5
1783009258665,2026-07-02 18:20:58.665,C3:00:00:63:4D:07,-54,127,1.5,5.5,1.5
1783009258667,2026-07-02 18:20:58.667,C3:00:00:63:4D:05,-59,127,1.5,5.5,1.5
1783009258672,2026-07-02 18:20:58.672,C3:00:00:63:4C:D2,-62,127,1.5,5.5,1.5
1783009258678,2026-07-02 18:20:58.678,C3:00:00:63:4D:0D,-52,127,1.5,5.5,1.5
1783009258718,2026-07-02 18:20:58.718,C3:00:00:63:4D:09,-59,127,1.5,5.5,1.5
1783009258722,2026-07-02 18:20:58.722,C3:00:00:63:4D:04,-62,127,1.5,5.5,1.5
1783009258735,2026-07-02 18:20:58.735,C3:00:00:63:4D:08,-50,127,1.5,5.5,1.5
1783009258782,2026-07-02 18:20:58.782,C3:00:00:63:4C:D2,-61,127,1.5,5.5,1.5
1783009258786,2026-07-02 18:20:58.786,C3:00:00:63:4D:0D,-54,127,1.5,5.5,1.5
1783009258810,2026-07-02 18:20:58.810,C3:00:00:63:4C:D2,-61,127,1.5,5.5,1.5
1783009258817,2026-07-02 18:20:58.817,C3:00:00:63:4D:09,-54,127,1.5,5.5,1.5
1783009258835,2026-07-02 18:20:58.835,C3:00:00:63:4D:04,-66,127,1.5,5.5,1.5
1783009258839,2026-07-02 18:20:58.839,C3:00:00:63:4D:09,-54,127,1.5,5.5,1.5
1783009258844,2026-07-02 18:20:58.844,C3:00:00:63:4D:08,-48,127,1.5,5.5,1.5
1783009258850,2026-07-02 18:20:58.850,C3:00:00:63:4D:0A,-66,127,1.5,5.5,1.5
1783009258887,2026-07-02 18:20:58.887,C3:00:00:63:4D:0D,-52,127,1.5,5.5,1.5
1783009258895,2026-07-02 18:20:58.895,C3:00:00:63:4D:08,-48,127,1.5,5.5,1.5
1783009258902,2026-07-02 18:20:58.902,C3:00:00:63:4D:07,-55,127,1.5,5.5,1.5
1783009258907,2026-07-02 18:20:58.907,C3:00:00:63:4D:05,-59,127,1.5,5.5,1.5
1783009258910,2026-07-02 18:20:58.910,C3:00:00:63:4C:D2,-62,127,1.5,5.5,1.5
1783009258912,2026-07-02 18:20:58.912,C3:00:00:63:4D:08,-55,127,1.5,5.5,1.5
1783009258944,2026-07-02 18:20:58.944,C3:00:00:63:4D:04,-65,127,1.5,5.5,1.5
1783009258951,2026-07-02 18:20:58.951,C3:00:00:63:4D:09,-54,127,1.5,5.5,1.5
1783009258973,2026-07-02 18:20:58.973,C3:00:00:63:4D:08,-46,127,1.5,5.5,1.5
1783009258976,2026-07-02 18:20:58.976,C3:00:00:63:4D:0A,-66,127,1.5,5.5,1.5
1783009258996,2026-07-02 18:20:58.996,C3:00:00:63:4D:0D,-52,127,1.5,5.5,1.5
1783009258998,2026-07-02 18:20:58.998,C3:00:00:63:4D:09,-58,127,1.5,5.5,1.5
1783009259003,2026-07-02 18:20:59.003,C3:00:00:63:4D:07,-57,127,1.5,5.5,1.5
1783009259063,2026-07-02 18:20:59.063,C3:00:00:63:4D:09,-58,127,1.5,5.5,1.5
1783009259081,2026-07-02 18:20:59.081,C3:00:00:63:4D:08,-48,127,1.5,5.5,1.5
1783009259087,2026-07-02 18:20:59.087,C3:00:00:63:4D:05,-66,127,1.5,5.5,1.5
1783009259095,2026-07-02 18:20:59.095,C3:00:00:63:4D:0D,-56,127,1.5,5.5,1.5
1783009259114,2026-07-02 18:20:59.114,C3:00:00:63:4D:07,-55,127,1.5,5.5,1.5
1783009259125,2026-07-02 18:20:59.125,C3:00:00:63:4D:05,-55,127,1.5,5.5,1.5
1783009259132,2026-07-02 18:20:59.132,C3:00:00:63:4C:D2,-61,127,1.5,5.5,1.5
1783009259135,2026-07-02 18:20:59.135,C3:00:00:63:4D:0A,-66,127,1.5,5.5,1.5
1783009259149,2026-07-02 18:20:59.149,C3:00:00:63:4D:04,-64,127,1.5,5.5,1.5
1783009259176,2026-07-02 18:20:59.176,C3:00:00:63:4D:09,-54,127,1.5,5.5,1.5
1783009259182,2026-07-02 18:20:59.182,C3:00:00:63:4D:08,-48,127,1.5,5.5,1.5
1783009259192,2026-07-02 18:20:59.192,C3:00:00:63:4D:0A,-65,127,1.5,5.5,1.5
1783009259195,2026-07-02 18:20:59.195,C3:00:00:63:4D:07,-56,127,1.5,5.5,1.5
1783009259203,2026-07-02 18:20:59.203,C3:00:00:63:4D:0D,-52,127,1.5,5.5,1.5
1783009259248,2026-07-02 18:20:59.248,C3:00:00:63:4D:0A,-66,127,1.5,5.5,1.5
1783009259268,2026-07-02 18:20:59.268,C3:00:00:63:4D:08,-47,127,1.5,5.5,1.5
1783009259273,2026-07-02 18:20:59.273,C3:00:00:63:4D:04,-64,127,1.5,5.5,1.5
1783009259285,2026-07-02 18:20:59.285,C3:00:00:63:4D:08,-46,127,1.5,5.5,1.5
1783009259300,2026-07-02 18:20:59.300,C3:00:00:63:4D:0A,-64,127,1.5,5.5,1.5
1783009259311,2026-07-02 18:20:59.311,C3:00:00:63:4D:04,-61,127,1.5,5.5,1.5
1783009259316,2026-07-02 18:20:59.316,C3:00:00:63:4D:0D,-50,127,1.5,5.5,1.5
1783009259331,2026-07-02 18:20:59.331,C3:00:00:63:4D:04,-61,127,1.5,5.5,1.5
1783009259350,2026-07-02 18:20:59.350,C3:00:00:63:4D:07,-57,127,1.5,5.5,1.5
1783009259397,2026-07-02 18:20:59.397,C3:00:00:63:4D:08,-48,127,1.5,5.5,1.5
1783009259409,2026-07-02 18:20:59.409,C3:00:00:63:4D:0D,-56,127,1.5,5.5,1.5
1783009259416,2026-07-02 18:20:59.416,C3:00:00:63:4D:0A,-65,127,1.5,5.5,1.5
1783009259468,2026-07-02 18:20:59.468,C3:00:00:63:4D:07,-56,127,1.5,5.5,1.5
1783009259475,2026-07-02 18:20:59.475,C3:00:00:63:4D:05,-56,127,1.5,5.5,1.5
1783009259480,2026-07-02 18:20:59.480,C3:00:00:63:4C:D2,-62,127,1.5,5.5,1.5
1783009259482,2026-07-02 18:20:59.482,C3:00:00:63:4D:04,-64,127,1.5,5.5,1.5
1783009259502,2026-07-02 18:20:59.502,C3:00:00:63:4D:08,-46,127,1.5,5.5,1.5
1783009259512,2026-07-02 18:20:59.512,C3:00:00:63:4D:09,-54,127,1.5,5.5,1.5
1783009259518,2026-07-02 18:20:59.518,C3:00:00:63:4D:0D,-52,127,1.5,5.5,1.5
1783009259528,2026-07-02 18:20:59.528,C3:00:00:63:4D:0A,-66,127,1.5,5.5,1.5
1783009259583,2026-07-02 18:20:59.583,C3:00:00:63:4D:07,-53,127,1.5,5.5,1.5
1783009259586,2026-07-02 18:20:59.586,C3:00:00:63:4C:D2,-62,127,1.5,5.5,1.5
1783009259607,2026-07-02 18:20:59.607,C3:00:00:63:4D:04,-62,127,1.5,5.5,1.5
1783009259613,2026-07-02 18:20:59.613,C3:00:00:63:4D:08,-48,127,1.5,5.5,1.5
1783009259626,2026-07-02 18:20:59.626,C3:00:00:63:4D:0D,-50,127,1.5,5.5,1.5
1783009259634,2026-07-02 18:20:59.634,C3:00:00:63:4D:09,-58,127,1.5,5.5,1.5
1783009259642,2026-07-02 18:20:59.642,C3:00:00:63:4D:0A,-64,127,1.5,5.5,1.5
1783009259703,2026-07-02 18:20:59.703,C3:00:00:63:4D:05,-56,127,1.5,5.5,1.5
1783009259725,2026-07-02 18:20:59.725,C3:00:00:63:4D:08,-48,127,1.5,5.5,1.5
1783009259728,2026-07-02 18:20:59.728,C3:00:00:63:4D:0D,-56,127,1.5,5.5,1.5
1783009259731,2026-07-02 18:20:59.731,C3:00:00:63:4D:04,-71,127,1.5,5.5,1.5
1783009259744,2026-07-02 18:20:59.744,C3:00:00:63:4D:09,-54,127,1.5,5.5,1.5
1783009259759,2026-07-02 18:20:59.759,C3:00:00:63:4D:0A,-66,127,1.5,5.5,1.5
1783009259810,2026-07-02 18:20:59.810,C3:00:00:63:4D:04,-64,127,1.5,5.5,1.5
1783009259816,2026-07-02 18:20:59.816,C3:00:00:63:4D:07,-53,127,1.5,5.5,1.5
1783009259820,2026-07-02 18:20:59.820,C3:00:00:63:4C:D2,-62,127,1.5,5.5,1.5
1783009259827,2026-07-02 18:20:59.827,C3:00:00:63:4D:05,-59,127,1.5,5.5,1.5
1783009259832,2026-07-02 18:20:59.832,C3:00:00:63:4D:0D,-51,127,1.5,5.5,1.5
1783009259834,2026-07-02 18:20:59.834,C3:00:00:63:4D:08,-46,127,1.5,5.5,1.5
1783009259837,2026-07-02 18:20:59.837,C3:00:00:63:4C:D2,-62,127,1.5,5.5,1.5
1783009259882,2026-07-02 18:20:59.882,C3:00:00:63:4D:09,-54,127,1.5,5.5,1.5
1783009259926,2026-07-02 18:20:59.926,C3:00:00:63:4D:04,-62,127,1.5,5.5,1.5
1783009259933,2026-07-02 18:20:59.933,C3:00:00:63:4D:07,-57,127,1.5,5.5,1.5
1783009259938,2026-07-02 18:20:59.938,C3:00:00:63:4D:0D,-50,127,1.5,5.5,1.5
1783009259970,2026-07-02 18:20:59.970,C3:00:00:63:4D:09,-58,127,1.5,5.5,1.5
1783009259975,2026-07-02 18:20:59.975,C3:00:00:63:4D:0A,-64,127,1.5,5.5,1.5
1783009260038,2026-07-02 18:21:00.038,C3:00:00:63:4D:04,-64,127,1.5,5.5,1.5
1783009260039,2026-07-02 18:21:00.039,C3:00:00:63:4D:07,-56,127,1.5,5.5,1.5
1783009260042,2026-07-02 18:21:00.042,C3:00:00:63:4D:0D,-56,127,1.5,5.5,1.5
1783009260044,2026-07-02 18:21:00.044,C3:00:00:63:4C:D2,-63,127,1.5,5.5,1.5
1783009260048,2026-07-02 18:21:00.048,C3:00:00:63:4D:08,-48,127,1.5,5.5,1.5
1783009260049,2026-07-02 18:21:00.049,C3:00:00:63:4D:05,-56,127,1.5,5.5,1.5
1783009260081,2026-07-02 18:21:00.081,C3:00:00:63:4D:09,-54,127,1.5,5.5,1.5
1783009260088,2026-07-02 18:21:00.088,C3:00:00:63:4D:0A,-66,127,1.5,5.5,1.5
1783009260091,2026-07-02 18:21:00.091,C3:00:00:63:4D:05,-66,127,1.5,5.5,1.5
1783009260123,2026-07-02 18:21:00.123,C3:00:00:63:4D:0D,-51,127,1.5,5.5,1.5
1783009260135,2026-07-02 18:21:00.135,C3:00:00:63:4D:04,-64,127,1.5,5.5,1.5
1783009260151,2026-07-02 18:21:00.151,C3:00:00:63:4D:0D,-52,127,1.5,5.5,1.5
1783009260160,2026-07-02 18:21:00.160,C3:00:00:63:4D:08,-46,127,1.5,5.5,1.5
1783009260169,2026-07-02 18:21:00.169,C3:00:00:63:4D:07,-54,127,1.5,5.5,1.5
1783009260197,2026-07-02 18:21:00.197,C3:00:00:63:4D:09,-58,127,1.5,5.5,1.5
1783009260200,2026-07-02 18:21:00.200,C3:00:00:63:4D:0A,-64,127,1.5,5.5,1.5
1783009260222,2026-07-02 18:21:00.222,C3:00:00:63:4D:0A,-65,127,1.5,5.5,1.5
1783009260249,2026-07-02 18:21:00.249,C3:00:00:63:4D:04,-62,127,1.5,5.5,1.5
1783009260256,2026-07-02 18:21:00.256,C3:00:00:63:4D:0D,-50,127,1.5,5.5,1.5
1783009260269,2026-07-02 18:21:00.269,C3:00:00:63:4D:08,-48,127,1.5,5.5,1.5
1783009260288,2026-07-02 18:21:00.288,C3:00:00:63:4C:D2,-61,127,1.5,5.5,1.5
1783009260312,2026-07-02 18:21:00.312,C3:00:00:63:4D:09,-54,127,1.5,5.5,1.5
1783009260351,2026-07-02 18:21:00.351,C3:00:00:63:4D:0D,-56,127,1.5,5.5,1.5
1783009260381,2026-07-02 18:21:00.381,C3:00:00:63:4D:08,-48,127,1.5,5.5,1.5
1783009260387,2026-07-02 18:21:00.387,C3:00:00:63:4C:D2,-62,127,1.5,5.5,1.5
1783009260426,2026-07-02 18:21:00.426,C3:00:00:63:4D:09,-54,127,1.5,5.5,1.5
1783009260432,2026-07-02 18:21:00.432,C3:00:00:63:4D:0A,-65,127,1.5,5.5,1.5
1783009260457,2026-07-02 18:21:00.457,C3:00:00:63:4D:0D,-52,127,1.5,5.5,1.5
1783009260462,2026-07-02 18:21:00.462,C3:00:00:63:4D:04,-66,127,1.5,5.5,1.5
1783009260481,2026-07-02 18:21:00.481,C3:00:00:63:4D:08,-47,127,1.5,5.5,1.5
1783009260541,2026-07-02 18:21:00.541,C3:00:00:63:4D:09,-59,127,1.5,5.5,1.5
1783009260563,2026-07-02 18:21:00.563,C3:00:00:63:4D:0A,-64,127,1.5,5.5,1.5
1783009260568,2026-07-02 18:21:00.568,C3:00:00:63:4D:0D,-54,127,1.5,5.5,1.5
1783009260576,2026-07-02 18:21:00.576,C3:00:00:63:4D:04,-63,127,1.5,5.5,1.5
1783009260590,2026-07-02 18:21:00.590,C3:00:00:63:4D:08,-50,127,1.5,5.5,1.5
1783009260595,2026-07-02 18:21:00.595,C3:00:00:63:4D:0D,-53,127,1.5,5.5,1.5
1783009260613,2026-07-02 18:21:00.613,C3:00:00:63:4D:08,-49,127,1.5,5.5,1.5
1783009260616,2026-07-02 18:21:00.616,C3:00:00:63:4D:07,-55,127,1.5,5.5,1.5
1783009260623,2026-07-02 18:21:00.623,C3:00:00:63:4C:D2,-61,127,1.5,5.5,1.5
1783009260632,2026-07-02 18:21:00.632,C3:00:00:63:4D:0D,-54,127,1.5,5.5,1.5
1783009260652,2026-07-02 18:21:00.652,C3:00:00:63:4D:09,-54,127,1.5,5.5,1.5
1783009260657,2026-07-02 18:21:00.657,C3:00:00:63:4D:0A,-66,127,1.5,5.5,1.5
1783009260674,2026-07-02 18:21:00.674,C3:00:00:63:4D:0D,-54,127,1.5,5.5,1.5
1783009260682,2026-07-02 18:21:00.682,C3:00:00:63:4D:04,-66,127,1.5,5.5,1.5
1783009260704,2026-07-02 18:21:00.704,C3:00:00:63:4D:08,-48,127,1.5,5.5,1.5
1783009260732,2026-07-02 18:21:00.732,C3:00:00:63:4D:07,-54,127,1.5,5.5,1.5
1783009260772,2026-07-02 18:21:00.772,C3:00:00:63:4D:0A,-64,127,1.5,5.5,1.5
1783009260778,2026-07-02 18:21:00.778,C3:00:00:63:4D:0D,-52,127,1.5,5.5,1.5
1783009260783,2026-07-02 18:21:00.783,C3:00:00:63:4D:09,-56,127,1.5,5.5,1.5
1783009260794,2026-07-02 18:21:00.794,C3:00:00:63:4D:04,-62,127,1.5,5.5,1.5
1783009260812,2026-07-02 18:21:00.812,C3:00:00:63:4D:08,-50,127,1.5,5.5,1.5
1783009260823,2026-07-02 18:21:00.823,C3:00:00:63:4C:D2,-62,127,1.5,5.5,1.5
1783009260854,2026-07-02 18:21:00.854,C3:00:00:63:4D:05,-65,127,1.5,5.5,1.5
1783009260879,2026-07-02 18:21:00.879,C3:00:00:63:4D:0D,-54,127,1.5,5.5,1.5
1783009260885,2026-07-02 18:21:00.885,C3:00:00:63:4D:0A,-64,127,1.5,5.5,1.5
1783009260891,2026-07-02 18:21:00.891,C3:00:00:63:4D:09,-59,127,1.5,5.5,1.5
1783009260900,2026-07-02 18:21:00.900,C3:00:00:63:4D:04,-66,127,1.5,5.5,1.5
1783009260919,2026-07-02 18:21:00.919,C3:00:00:63:4D:08,-49,127,1.5,5.5,1.5
1783009260953,2026-07-02 18:21:00.953,C3:00:00:63:4D:07,-55,127,1.5,5.5,1.5
1783009260967,2026-07-02 18:21:00.967,C3:00:00:63:4C:D2,-61,127,1.5,5.5,1.5
1783009260986,2026-07-02 18:21:00.986,C3:00:00:63:4D:04,-67,127,1.5,5.5,1.5
1783009260988,2026-07-02 18:21:00.988,C3:00:00:63:4D:0D,-54,127,1.5,5.5,1.5
1783009260998,2026-07-02 18:21:00.998,C3:00:00:63:4D:09,-57,127,1.5,5.5,1.5
1783009261003,2026-07-02 18:21:01.003,C3:00:00:63:4D:0A,-64,127,1.5,5.5,1.5
1783009261010,2026-07-02 18:21:01.010,C3:00:00:63:4D:04,-66,127,1.5,5.5,1.5
1783009261016,2026-07-02 18:21:01.016,C3:00:00:63:4D:09,-56,127,1.5,5.5,1.5
1783009261026,2026-07-02 18:21:01.026,C3:00:00:63:4D:08,-48,127,1.5,5.5,1.5
1783009261081,2026-07-02 18:21:01.081,C3:00:00:63:4D:05,-59,127,1.5,5.5,1.5
1783009261091,2026-07-02 18:21:01.091,C3:00:00:63:4D:0D,-52,127,1.5,5.5,1.5
1783009261113,2026-07-02 18:21:01.113,C3:00:00:63:4D:05,-65,127,1.5,5.5,1.5
1783009261115,2026-07-02 18:21:01.115,C3:00:00:63:4D:0A,-64,127,1.5,5.5,1.5
1783009261119,2026-07-02 18:21:01.119,C3:00:00:63:4D:04,-63,127,1.5,5.5,1.5
1783009261134,2026-07-02 18:21:01.134,C3:00:00:63:4D:08,-50,127,1.5,5.5,1.5
1783009261149,2026-07-02 18:21:01.149,C3:00:00:63:4D:0A,-64,127,1.5,5.5,1.5
1783009261186,2026-07-02 18:21:01.186,C3:00:00:63:4D:07,-59,127,1.5,5.5,1.5
1783009261191,2026-07-02 18:21:01.191,C3:00:00:63:4D:05,-65,127,1.5,5.5,1.5
1783009261212,2026-07-02 18:21:01.212,C3:00:00:63:4D:05,-56,127,1.5,5.5,1.5
1783009261217,2026-07-02 18:21:01.217,C3:00:00:63:4D:07,-55,127,1.5,5.5,1.5
1783009261220,2026-07-02 18:21:01.220,C3:00:00:63:4D:0A,-66,127,1.5,5.5,1.5
1783009261227,2026-07-02 18:21:01.227,C3:00:00:63:4D:04,-66,127,1.5,5.5,1.5
1783009261236,2026-07-02 18:21:01.236,C3:00:00:63:4D:09,-54,127,1.5,5.5,1.5
1783009261259,2026-07-02 18:21:01.259,C3:00:00:63:4D:0A,-66,127,1.5,5.5,1.5
1783009261282,2026-07-02 18:21:01.282,C3:00:00:63:4D:08,-48,127,1.5,5.5,1.5
1783009261304,2026-07-02 18:21:01.304,C3:00:00:63:4D:07,-54,127,1.5,5.5,1.5
1783009261314,2026-07-02 18:21:01.314,C3:00:00:63:4D:0D,-52,127,1.5,5.5,1.5
1783009261330,2026-07-02 18:21:01.330,C3:00:00:63:4D:04,-67,127,1.5,5.5,1.5
1783009261339,2026-07-02 18:21:01.339,C3:00:00:63:4D:09,-56,127,1.5,5.5,1.5
1783009261357,2026-07-02 18:21:01.357,C3:00:00:63:4D:04,-66,127,1.5,5.5,1.5
1783009261362,2026-07-02 18:21:01.362,C3:00:00:63:4D:08,-48,127,1.5,5.5,1.5
1783009261405,2026-07-02 18:21:01.405,C3:00:00:63:4D:0D,-54,127,1.5,5.5,1.5
1783009261423,2026-07-02 18:21:01.423,C3:00:00:63:4D:07,-59,127,1.5,5.5,1.5
1783009261425,2026-07-02 18:21:01.425,C3:00:00:63:4D:05,-64,127,1.5,5.5,1.5
1783009261431,2026-07-02 18:21:01.431,C3:00:00:63:4C:D2,-61,127,1.5,5.5,1.5
1783009261463,2026-07-02 18:21:01.463,C3:00:00:63:4D:09,-59,127,1.5,5.5,1.5
1783009261467,2026-07-02 18:21:01.467,C3:00:00:63:4D:08,-50,127,1.5,5.5,1.5
1783009261516,2026-07-02 18:21:01.516,C3:00:00:63:4D:0D,-56,127,1.5,5.5,1.5
1783009261538,2026-07-02 18:21:01.538,C3:00:00:63:4C:D2,-62,127,1.5,5.5,1.5
1783009261542,2026-07-02 18:21:01.542,C3:00:00:63:4D:07,-56,127,1.5,5.5,1.5
1783009261547,2026-07-02 18:21:01.547,C3:00:00:63:4D:05,-56,127,1.5,5.5,1.5
1783009261572,2026-07-02 18:21:01.572,C3:00:00:63:4D:08,-49,127,1.5,5.5,1.5
1783009261620,2026-07-02 18:21:01.620,C3:00:00:63:4D:0D,-52,127,1.5,5.5,1.5
1783009261653,2026-07-02 18:21:01.653,C3:00:00:63:4D:07,-54,127,1.5,5.5,1.5
1783009261659,2026-07-02 18:21:01.659,C3:00:00:63:4D:05,-59,127,1.5,5.5,1.5
1783009261668,2026-07-02 18:21:01.668,C3:00:00:63:4C:D2,-62,127,1.5,5.5,1.5
1783009261676,2026-07-02 18:21:01.676,C3:00:00:63:4D:0A,-64,127,1.5,5.5,1.5
1783009261686,2026-07-02 18:21:01.686,C3:00:00:63:4D:08,-48,127,1.5,5.5,1.5
1783009261720,2026-07-02 18:21:01.720,C3:00:00:63:4D:0D,-53,127,1.5,5.5,1.5
1783009261771,2026-07-02 18:21:01.771,C3:00:00:63:4D:07,-59,127,1.5,5.5,1.5
1783009261776,2026-07-02 18:21:01.776,C3:00:00:63:4C:D2,-61,127,1.5,5.5,1.5
1783009261782,2026-07-02 18:21:01.782,C3:00:00:63:4D:05,-64,127,1.5,5.5,1.5
1783009261786,2026-07-02 18:21:01.786,C3:00:00:63:4D:04,-63,127,1.5,5.5,1.5
1783009261814,2026-07-02 18:21:01.814,C3:00:00:63:4C:D2,-60,127,1.5,5.5,1.5
1783009261820,2026-07-02 18:21:01.820,C3:00:00:63:4D:0D,-53,127,1.5,5.5,1.5
1783009261881,2026-07-02 18:21:01.881,C3:00:00:63:4D:07,-55,127,1.5,5.5,1.5
1783009261887,2026-07-02 18:21:01.887,C3:00:00:63:4C:D2,-60,127,1.5,5.5,1.5
1783009261893,2026-07-02 18:21:01.893,C3:00:00:63:4D:05,-56,127,1.5,5.5,1.5
1783009261898,2026-07-02 18:21:01.898,C3:00:00:63:4D:08,-47,127,1.5,5.5,1.5
1783009261917,2026-07-02 18:21:01.917,C3:00:00:63:4D:09,-56,127,1.5,5.5,1.5
1783009261924,2026-07-02 18:21:01.924,C3:00:00:63:4D:0D,-59,127,1.5,5.5,1.5
1783009261940,2026-07-02 18:21:01.940,C3:00:00:63:4D:09,-63,127,1.5,5.5,1.5
1783009261954,2026-07-02 18:21:01.954,C3:00:00:63:4D:0D,-52,127,1.5,5.5,1.5
1783009261982,2026-07-02 18:21:01.982,C3:00:00:63:4D:05,-59,127,1.5,5.5,1.5
1783009261987,2026-07-02 18:21:01.987,C3:00:00:63:4D:04,-66,127,1.5,5.5,1.5
1783009261999,2026-07-02 18:21:01.999,C3:00:00:63:4D:07,-54,127,1.5,5.5,1.5
1783009262002,2026-07-02 18:21:02.002,C3:00:00:63:4C:D2,-61,127,1.5,5.5,1.5
1783009262009,2026-07-02 18:21:02.009,C3:00:00:63:4D:05,-64,127,1.5,5.5,1.5
1783009262011,2026-07-02 18:21:02.011,C3:00:00:63:4D:08,-50,127,1.5,5.5,1.5
1783009262016,2026-07-02 18:21:02.016,C3:00:00:63:4D:0A,-64,127,1.5,5.5,1.5
1783009262028,2026-07-02 18:21:02.028,C3:00:00:63:4D:09,-59,127,1.5,5.5,1.5
1783009262036,2026-07-02 18:21:02.036,C3:00:00:63:4D:0D,-54,127,1.5,5.5,1.5
1783009262102,2026-07-02 18:21:02.102,C3:00:00:63:4D:04,-64,127,1.5,5.5,1.5
1783009262108,2026-07-02 18:21:02.108,C3:00:00:63:4D:07,-63,127,1.5,5.5,1.5
1783009262114,2026-07-02 18:21:02.114,C3:00:00:63:4D:05,-57,127,1.5,5.5,1.5
1783009262121,2026-07-02 18:21:02.121,C3:00:00:63:4D:08,-48,127,1.5,5.5,1.5
1783009262128,2026-07-02 18:21:02.128,C3:00:00:63:4D:0A,-65,127,1.5,5.5,1.5
1783009262138,2026-07-02 18:21:02.138,C3:00:00:63:4D:07,-56,127,1.5,5.5,1.5
1783009262141,2026-07-02 18:21:02.141,C3:00:00:63:4D:0D,-56,127,1.5,5.5,1.5
1783009262146,2026-07-02 18:21:02.146,C3:00:00:63:4D:09,-54,127,1.5,5.5,1.5
1783009262155,2026-07-02 18:21:02.155,C3:00:00:63:4D:0D,-56,127,1.5,5.5,1.5
1783009262195,2026-07-02 18:21:02.195,C3:00:00:63:4D:0A,-72,127,1.5,5.5,1.5
1783009262214,2026-07-02 18:21:02.214,C3:00:00:63:4D:04,-66,127,1.5,5.5,1.5
1783009262221,2026-07-02 18:21:02.221,C3:00:00:63:4D:07,-54,127,1.5,5.5,1.5
1783009262230,2026-07-02 18:21:02.230,C3:00:00:63:4D:08,-48,127,1.5,5.5,1.5
1783009262233,2026-07-02 18:21:02.233,C3:00:00:63:4D:05,-59,127,1.5,5.5,1.5
1783009262240,2026-07-02 18:21:02.240,C3:00:00:63:4C:D2,-62,127,1.5,5.5,1.5
1783009262254,2026-07-02 18:21:02.254,C3:00:00:63:4D:0A,-64,127,1.5,5.5,1.5
1783009262261,2026-07-02 18:21:02.261,C3:00:00:63:4D:0D,-52,127,1.5,5.5,1.5
1783009262264,2026-07-02 18:21:02.264,C3:00:00:63:4D:09,-56,127,1.5,5.5,1.5
1783009262319,2026-07-02 18:21:02.319,C3:00:00:63:4D:04,-62,127,1.5,5.5,1.5
1783009262337,2026-07-02 18:21:02.337,C3:00:00:63:4D:08,-50,127,1.5,5.5,1.5
1783009262351,2026-07-02 18:21:02.351,C3:00:00:63:4D:05,-65,127,1.5,5.5,1.5
1783009262360,2026-07-02 18:21:02.360,C3:00:00:63:4C:D2,-61,127,1.5,5.5,1.5
1783009262362,2026-07-02 18:21:02.362,C3:00:00:63:4D:0D,-54,127,1.5,5.5,1.5
1783009262364,2026-07-02 18:21:02.364,C3:00:00:63:4D:0A,-64,127,1.5,5.5,1.5
1783009262368,2026-07-02 18:21:02.368,C3:00:00:63:4D:09,-59,127,1.5,5.5,1.5
1783009262429,2026-07-02 18:21:02.429,C3:00:00:63:4D:04,-66,127,1.5,5.5,1.5
1783009262459,2026-07-02 18:21:02.459,C3:00:00:63:4D:08,-48,127,1.5,5.5,1.5
1783009262466,2026-07-02 18:21:02.466,C3:00:00:63:4D:0D,-54,127,1.5,5.5,1.5
1783009262468,2026-07-02 18:21:02.468,C3:00:00:63:4D:07,-55,127,1.5,5.5,1.5
1783009262469,2026-07-02 18:21:02.469,C3:00:00:63:4C:D2,-61,127,1.5,5.5,1.5
1783009262471,2026-07-02 18:21:02.471,C3:00:00:63:4D:05,-56,127,1.5,5.5,1.5
1783009262472,2026-07-02 18:21:02.472,C3:00:00:63:4D:0A,-66,127,1.5,5.5,1.5
1783009262535,2026-07-02 18:21:02.535,C3:00:00:63:4D:04,-66,127,1.5,5.5,1.5
1783009262551,2026-07-02 18:21:02.551,C3:00:00:63:4D:07,-54,127,1.5,5.5,1.5
1783009262568,2026-07-02 18:21:02.568,C3:00:00:63:4D:08,-48,127,1.5,5.5,1.5
1783009262571,2026-07-02 18:21:02.571,C3:00:00:63:4D:0D,-52,127,1.5,5.5,1.5
1783009262575,2026-07-02 18:21:02.575,C3:00:00:63:4D:07,-54,127,1.5,5.5,1.5
1783009262582,2026-07-02 18:21:02.582,C3:00:00:63:4D:0A,-64,127,1.5,5.5,1.5
1783009262595,2026-07-02 18:21:02.595,C3:00:00:63:4D:09,-59,127,1.5,5.5,1.5
1783009262598,2026-07-02 18:21:02.598,C3:00:00:63:4D:08,-50,127,1.5,5.5,1.5
1783009262604,2026-07-02 18:21:02.604,C3:00:00:63:4D:0D,-53,127,1.5,5.5,1.5
1783009262653,2026-07-02 18:21:02.653,C3:00:00:63:4D:04,-63,127,1.5,5.5,1.5
1783009262663,2026-07-02 18:21:02.663,C3:00:00:63:4C:D2,-62,127,1.5,5.5,1.5
1783009262666,2026-07-02 18:21:02.666,C3:00:00:63:4D:08,-50,127,1.5,5.5,1.5
1783009262699,2026-07-02 18:21:02.699,C3:00:00:63:4D:0A,-66,127,1.5,5.5,1.5
1783009262704,2026-07-02 18:21:02.704,C3:00:00:63:4D:09,-54,127,1.5,5.5,1.5
1783009262752,2026-07-02 18:21:02.752,C3:00:00:63:4D:04,-66,127,1.5,5.5,1.5
1783009262800,2026-07-02 18:21:02.800,C3:00:00:63:4D:07,-52,127,1.5,5.5,1.5
1783009262808,2026-07-02 18:21:02.808,C3:00:00:63:4D:05,-59,127,1.5,5.5,1.5
1783009262815,2026-07-02 18:21:02.815,C3:00:00:63:4D:0A,-64,127,1.5,5.5,1.5
1783009262830,2026-07-02 18:21:02.830,C3:00:00:63:4D:09,-56,127,1.5,5.5,1.5
1783009262835,2026-07-02 18:21:02.835,C3:00:00:63:4C:D2,-62,127,1.5,5.5,1.5
1783009262840,2026-07-02 18:21:02.840,C3:00:00:63:4D:09,-56,127,1.5,5.5,1.5
1783009262859,2026-07-02 18:21:02.859,C3:00:00:63:4D:04,-66,127,1.5,5.5,1.5
1783009262877,2026-07-02 18:21:02.877,C3:00:00:63:4D:0D,-52,127,1.5,5.5,1.5
1783009262887,2026-07-02 18:21:02.887,C3:00:00:63:4D:08,-48,127,1.5,5.5,1.5
1783009262902,2026-07-02 18:21:02.902,C3:00:00:63:4D:08,-50,127,1.5,5.5,1.5
1783009262919,2026-07-02 18:21:02.919,C3:00:00:63:4D:07,-59,127,1.5,5.5,1.5
1783009262924,2026-07-02 18:21:02.924,C3:00:00:63:4C:D2,-61,127,1.5,5.5,1.5
1783009262931,2026-07-02 18:21:02.931,C3:00:00:63:4D:0A,-64,127,1.5,5.5,1.5
1783009262932,2026-07-02 18:21:02.932,C3:00:00:63:4D:08,-58,127,1.5,5.5,1.5
1783009262941,2026-07-02 18:21:02.941,C3:00:00:63:4D:09,-59,127,1.5,5.5,1.5
1783009262967,2026-07-02 18:21:02.967,C3:00:00:63:4D:04,-62,127,1.5,5.5,1.5
1783009262982,2026-07-02 18:21:02.982,C3:00:00:63:4D:0D,-54,127,1.5,5.5,1.5
1783009262989,2026-07-02 18:21:02.989,C3:00:00:63:4D:09,-59,127,1.5,5.5,1.5
1783009263038,2026-07-02 18:21:03.038,C3:00:00:63:4D:05,-56,127,1.5,5.5,1.5
1783009263049,2026-07-02 18:21:03.049,C3:00:00:63:4D:09,-54,127,1.5,5.5,1.5
1783009263087,2026-07-02 18:21:03.087,C3:00:00:63:4D:0D,-54,127,1.5,5.5,1.5
1783009263097,2026-07-02 18:21:03.097,C3:00:00:63:4D:08,-47,127,1.5,5.5,1.5
1783009263151,2026-07-02 18:21:03.151,C3:00:00:63:4D:0A,-65,127,1.5,5.5,1.5
1783009263154,2026-07-02 18:21:03.154,C3:00:00:63:4D:07,-54,127,1.5,5.5,1.5
1783009263158,2026-07-02 18:21:03.158,C3:00:00:63:4D:05,-60,127,1.5,5.5,1.5
1783009263171,2026-07-02 18:21:03.171,C3:00:00:63:4D:0A,-66,127,1.5,5.5,1.5
1783009263172,2026-07-02 18:21:03.172,C3:00:00:63:4D:09,-56,127,1.5,5.5,1.5
1783009263187,2026-07-02 18:21:03.187,C3:00:00:63:4D:04,-66,127,1.5,5.5,1.5
1783009263194,2026-07-02 18:21:03.194,C3:00:00:63:4D:05,-60,127,1.5,5.5,1.5
1783009263197,2026-07-02 18:21:03.197,C3:00:00:63:4D:07,-59,127,1.5,5.5,1.5
1783009263213,2026-07-02 18:21:03.213,C3:00:00:63:4D:08,-50,127,1.5,5.5,1.5
1783009263263,2026-07-02 18:21:03.263,C3:00:00:63:4D:07,-59,127,1.5,5.5,1.5
1783009263268,2026-07-02 18:21:03.268,C3:00:00:63:4D:0A,-65,127,1.5,5.5,1.5
1783009263275,2026-07-02 18:21:03.275,C3:00:00:63:4C:D2,-61,127,1.5,5.5,1.5
1783009263285,2026-07-02 18:21:03.285,C3:00:00:63:4D:0A,-64,127,1.5,5.5,1.5
1783009263291,2026-07-02 18:21:03.291,C3:00:00:63:4D:09,-59,127,1.5,5.5,1.5
1783009263295,2026-07-02 18:21:03.295,C3:00:00:63:4D:04,-66,127,1.5,5.5,1.5
1783009263297,2026-07-02 18:21:03.297,C3:00:00:63:4D:08,-49,127,1.5,5.5,1.5
1783009263313,2026-07-02 18:21:03.313,C3:00:00:63:4D:04,-66,127,1.5,5.5,1.5
1783009263321,2026-07-02 18:21:03.321,C3:00:00:63:4D:08,-48,127,1.5,5.5,1.5
1783009263335,2026-07-02 18:21:03.335,C3:00:00:63:4D:04,-66,127,1.5,5.5,1.5
1783009263368,2026-07-02 18:21:03.368,C3:00:00:63:4D:0A,-66,127,1.5,5.5,1.5
1783009263372,2026-07-02 18:21:03.372,C3:00:00:63:4D:07,-55,127,1.5,5.5,1.5
1783009263378,2026-07-02 18:21:03.378,C3:00:00:63:4C:D2,-60,127,1.5,5.5,1.5
1783009263382,2026-07-02 18:21:03.382,C3:00:00:63:4D:05,-56,127,1.5,5.5,1.5
1783009263414,2026-07-02 18:21:03.414,C3:00:00:63:4D:04,-66,127,1.5,5.5,1.5
1783009263422,2026-07-02 18:21:03.422,C3:00:00:63:4D:08,-48,127,1.5,5.5,1.5
1783009263487,2026-07-02 18:21:03.487,C3:00:00:63:4D:0A,-65,127,1.5,5.5,1.5
1783009263492,2026-07-02 18:21:03.492,C3:00:00:63:4D:07,-54,127,1.5,5.5,1.5
1783009263499,2026-07-02 18:21:03.499,C3:00:00:63:4C:D2,-61,127,1.5,5.5,1.5
1783009263507,2026-07-02 18:21:03.507,C3:00:00:63:4D:05,-65,127,1.5,5.5,1.5
1783009263509,2026-07-02 18:21:03.509,C3:00:00:63:4D:0D,-54,127,1.5,5.5,1.5
1783009263511,2026-07-02 18:21:03.511,C3:00:00:63:4D:09,-59,127,1.5,5.5,1.5
1783009263521,2026-07-02 18:21:03.521,C3:00:00:63:4D:04,-63,127,1.5,5.5,1.5
1783009263537,2026-07-02 18:21:03.537,C3:00:00:63:4D:08,-50,127,1.5,5.5,1.5
1783009263595,2026-07-02 18:21:03.595,C3:00:00:63:4D:0A,-66,127,1.5,5.5,1.5
1783009263602,2026-07-02 18:21:03.602,C3:00:00:63:4D:07,-55,127,1.5,5.5,1.5
1783009263608,2026-07-02 18:21:03.608,C3:00:00:63:4C:D2,-60,127,1.5,5.5,1.5
1783009263621,2026-07-02 18:21:03.621,C3:00:00:63:4D:04,-66,127,1.5,5.5,1.5
1783009263630,2026-07-02 18:21:03.630,C3:00:00:63:4D:09,-54,127,1.5,5.5,1.5
1783009263645,2026-07-02 18:21:03.645,C3:00:00:63:4D:08,-48,127,1.5,5.5,1.5
1783009263711,2026-07-02 18:21:03.711,C3:00:00:63:4D:0A,-64,127,1.5,5.5,1.5
1783009263723,2026-07-02 18:21:03.723,C3:00:00:63:4D:07,-54,127,1.5,5.5,1.5
1783009263738,2026-07-02 18:21:03.738,C3:00:00:63:4D:04,-72,127,1.5,5.5,1.5
1783009263743,2026-07-02 18:21:03.743,C3:00:00:63:4D:09,-56,127,1.5,5.5,1.5
1783009263746,2026-07-02 18:21:03.746,C3:00:00:63:4D:04,-66,127,1.5,5.5,1.5
1783009263754,2026-07-02 18:21:03.754,C3:00:00:63:4D:08,-47,127,1.5,5.5,1.5
1783009263826,2026-07-02 18:21:03.826,C3:00:00:63:4D:0D,-54,127,1.5,5.5,1.5
1783009263838,2026-07-02 18:21:03.838,C3:00:00:63:4D:07,-59,127,1.5,5.5,1.5
1783009263852,2026-07-02 18:21:03.852,C3:00:00:63:4C:D2,-61,127,1.5,5.5,1.5
1783009263858,2026-07-02 18:21:03.858,C3:00:00:63:4D:05,-65,127,1.5,5.5,1.5
1783009263861,2026-07-02 18:21:03.861,C3:00:00:63:4D:04,-63,127,1.5,5.5,1.5
1783009263868,2026-07-02 18:21:03.868,C3:00:00:63:4D:09,-59,127,1.5,5.5,1.5
1783009263869,2026-07-02 18:21:03.869,C3:00:00:63:4D:08,-50,127,1.5,5.5,1.5
1783009263874,2026-07-02 18:21:03.874,C3:00:00:63:4D:09,-59,127,1.5,5.5,1.5
1783009263931,2026-07-02 18:21:03.931,C3:00:00:63:4D:0D,-53,127,1.5,5.5,1.5
1783009263936,2026-07-02 18:21:03.936,C3:00:00:63:4D:0A,-66,127,1.5,5.5,1.5
1783009263947,2026-07-02 18:21:03.947,C3:00:00:63:4D:07,-55,127,1.5,5.5,1.5
1783009263952,2026-07-02 18:21:03.952,C3:00:00:63:4C:D2,-60,127,1.5,5.5,1.5
1783009263976,2026-07-02 18:21:03.976,C3:00:00:63:4D:08,-48,127,1.5,5.5,1.5
1783009264033,2026-07-02 18:21:04.033,C3:00:00:63:4D:0D,-52,127,1.5,5.5,1.5
1783009264044,2026-07-02 18:21:04.044,C3:00:00:63:4D:0A,-64,127,1.5,5.5,1.5
1783009264064,2026-07-02 18:21:04.064,C3:00:00:63:4D:04,-65,127,1.5,5.5,1.5
1783009264069,2026-07-02 18:21:04.069,C3:00:00:63:4C:D2,-62,127,1.5,5.5,1.5
1783009264101,2026-07-02 18:21:04.101,C3:00:00:63:4D:05,-72,127,1.5,5.5,1.5
1783009264130,2026-07-02 18:21:04.130,C3:00:00:63:4D:0D,-53,127,1.5,5.5,1.5
1783009264165,2026-07-02 18:21:04.165,C3:00:00:63:4D:0A,-64,127,1.5,5.5,1.5
1783009264170,2026-07-02 18:21:04.170,C3:00:00:63:4D:04,-63,127,1.5,5.5,1.5
1783009264180,2026-07-02 18:21:04.180,C3:00:00:63:4C:D2,-62,127,1.5,5.5,1.5
1783009264185,2026-07-02 18:21:04.185,C3:00:00:63:4D:07,-59,127,1.5,5.5,1.5
1783009264211,2026-07-02 18:21:04.211,C3:00:00:63:4D:0A,-66,127,1.5,5.5,1.5
1783009264238,2026-07-02 18:21:04.238,C3:00:00:63:4D:0D,-53,127,1.5,5.5,1.5
1783009264269,2026-07-02 18:21:04.269,C3:00:00:63:4D:0A,-65,127,1.5,5.5,1.5
1783009264278,2026-07-02 18:21:04.278,C3:00:00:63:4D:04,-65,127,1.5,5.5,1.5
1783009264300,2026-07-02 18:21:04.300,C3:00:00:63:4C:D2,-69,127,1.5,5.5,1.5
1783009264305,2026-07-02 18:21:04.305,C3:00:00:63:4D:07,-54,127,1.5,5.5,1.5
1783009264311,2026-07-02 18:21:04.311,C3:00:00:63:4D:08,-46,127,1.5,5.5,1.5
1783009264313,2026-07-02 18:21:04.313,C3:00:00:63:4D:09,-54,127,1.5,5.5,1.5
1783009264316,2026-07-02 18:21:04.316,C3:00:00:63:4C:D2,-62,127,1.5,5.5,1.5
1783009264318,2026-07-02 18:21:04.318,C3:00:00:63:4D:07,-53,127,1.5,5.5,1.5
1783009264407,2026-07-02 18:21:04.407,C3:00:00:63:4D:08,-48,127,1.5,5.5,1.5
1783009264415,2026-07-02 18:21:04.415,C3:00:00:63:4D:07,-58,127,1.5,5.5,1.5
1783009264429,2026-07-02 18:21:04.429,C3:00:00:63:4D:05,-65,127,1.5,5.5,1.5
1783009264431,2026-07-02 18:21:04.431,C3:00:00:63:4C:D2,-61,127,1.5,5.5,1.5
1783009264436,2026-07-02 18:21:04.436,C3:00:00:63:4D:09,-58,127,1.5,5.5,1.5
1783009264454,2026-07-02 18:21:04.454,C3:00:00:63:4D:0D,-51,127,1.5,5.5,1.5
1783009264519,2026-07-02 18:21:04.519,C3:00:00:63:4D:08,-48,127,1.5,5.5,1.5
1783009264525,2026-07-02 18:21:04.525,C3:00:00:63:4D:07,-56,127,1.5,5.5,1.5
1783009264532,2026-07-02 18:21:04.532,C3:00:00:63:4D:05,-56,127,1.5,5.5,1.5
1783009264538,2026-07-02 18:21:04.538,C3:00:00:63:4C:D2,-62,127,1.5,5.5,1.5
1783009264540,2026-07-02 18:21:04.540,C3:00:00:63:4D:09,-54,127,1.5,5.5,1.5
1783009264553,2026-07-02 18:21:04.553,C3:00:00:63:4D:0D,-53,127,1.5,5.5,1.5
1783009264605,2026-07-02 18:21:04.605,C3:00:00:63:4D:0D,-51,127,1.5,5.5,1.5
1783009264610,2026-07-02 18:21:04.610,C3:00:00:63:4D:04,-63,127,1.5,5.5,1.5
1783009264620,2026-07-02 18:21:04.620,C3:00:00:63:4D:0A,-64,127,1.5,5.5,1.5
1783009264631,2026-07-02 18:21:04.631,C3:00:00:63:4D:08,-46,127,1.5,5.5,1.5
1783009264638,2026-07-02 18:21:04.638,C3:00:00:63:4D:0D,-51,127,1.5,5.5,1.5
1783009264643,2026-07-02 18:21:04.643,C3:00:00:63:4D:07,-54,127,1.5,5.5,1.5
1783009264645,2026-07-02 18:21:04.645,C3:00:00:63:4D:05,-59,127,1.5,5.5,1.5
1783009264650,2026-07-02 18:21:04.650,C3:00:00:63:4D:09,-54,127,1.5,5.5,1.5
1783009264654,2026-07-02 18:21:04.654,C3:00:00:63:4D:0D,-51,127,1.5,5.5,1.5
1783009264716,2026-07-02 18:21:04.716,C3:00:00:63:4D:04,-62,127,1.5,5.5,1.5
1783009264731,2026-07-02 18:21:04.731,C3:00:00:63:4D:0A,-64,127,1.5,5.5,1.5
1783009264737,2026-07-02 18:21:04.737,C3:00:00:63:4D:08,-48,127,1.5,5.5,1.5
1783009264759,2026-07-02 18:21:04.759,C3:00:00:63:4D:07,-58,127,1.5,5.5,1.5
1783009264769,2026-07-02 18:21:04.769,C3:00:00:63:4D:05,-65,127,1.5,5.5,1.5
1783009264778,2026-07-02 18:21:04.778,C3:00:00:63:4D:0D,-51,127,1.5,5.5,1.5
1783009264825,2026-07-02 18:21:04.825,C3:00:00:63:4D:04,-64,127,1.5,5.5,1.5
1783009264836,2026-07-02 18:21:04.836,C3:00:00:63:4D:0A,-64,127,1.5,5.5,1.5
1783009264841,2026-07-02 18:21:04.841,C3:00:00:63:4D:08,-49,127,1.5,5.5,1.5
1783009264847,2026-07-02 18:21:04.847,C3:00:00:63:4C:D2,-62,127,1.5,5.5,1.5
1783009264852,2026-07-02 18:21:04.852,C3:00:00:63:4D:09,-54,127,1.5,5.5,1.5
1783009264866,2026-07-02 18:21:04.866,C3:00:00:63:4D:07,-56,127,1.5,5.5,1.5
1783009264877,2026-07-02 18:21:04.877,C3:00:00:63:4D:09,-54,127,1.5,5.5,1.5
1783009264880,2026-07-02 18:21:04.880,C3:00:00:63:4D:05,-56,127,1.5,5.5,1.5
1783009264934,2026-07-02 18:21:04.934,C3:00:00:63:4D:04,-65,127,1.5,5.5,1.5
1783009264952,2026-07-02 18:21:04.952,C3:00:00:63:4D:08,-47,127,1.5,5.5,1.5
1783009264959,2026-07-02 18:21:04.959,C3:00:00:63:4D:0A,-64,127,1.5,5.5,1.5
1783009264983,2026-07-02 18:21:04.983,C3:00:00:63:4D:0D,-51,127,1.5,5.5,1.5
1783009264989,2026-07-02 18:21:04.989,C3:00:00:63:4D:07,-54,127,1.5,5.5,1.5
1783009264991,2026-07-02 18:21:04.991,C3:00:00:63:4C:D2,-62,127,1.5,5.5,1.5
1783009264992,2026-07-02 18:21:04.992,C3:00:00:63:4D:05,-59,127,1.5,5.5,1.5
1783009264994,2026-07-02 18:21:04.994,C3:00:00:63:4D:09,-56,127,1.5,5.5,1.5
1783009264999,2026-07-02 18:21:04.999,C3:00:00:63:4D:04,-62,127,1.5,5.5,1.5
1783009265005,2026-07-02 18:21:05.005,C3:00:00:63:4D:09,-60,127,1.5,5.5,1.5
1783009265040,2026-07-02 18:21:05.040,C3:00:00:63:4D:04,-62,127,1.5,5.5,1.5
1783009265066,2026-07-02 18:21:05.066,C3:00:00:63:4D:08,-50,127,1.5,5.5,1.5
1783009265071,2026-07-02 18:21:05.071,C3:00:00:63:4D:0A,-64,127,1.5,5.5,1.5
1783009265090,2026-07-02 18:21:05.090,C3:00:00:63:4D:0D,-54,127,1.5,5.5,1.5
1783009265100,2026-07-02 18:21:05.100,C3:00:00:63:4D:07,-55,127,1.5,5.5,1.5
1783009265102,2026-07-02 18:21:05.102,C3:00:00:63:4C:D2,-60,127,1.5,5.5,1.5
1783009265106,2026-07-02 18:21:05.106,C3:00:00:63:4D:05,-56,127,1.5,5.5,1.5
1783009265107,2026-07-02 18:21:05.107,C3:00:00:63:4D:09,-54,127,1.5,5.5,1.5
1783009265125,2026-07-02 18:21:05.125,C3:00:00:63:4D:05,-56,127,1.5,5.5,1.5
1783009265156,2026-07-02 18:21:05.156,C3:00:00:63:4D:04,-65,127,1.5,5.5,1.5
1783009265160,2026-07-02 18:21:05.160,C3:00:00:63:4D:0A,-66,127,1.5,5.5,1.5
1783009265167,2026-07-02 18:21:05.167,C3:00:00:63:4D:08,-49,127,1.5,5.5,1.5
1783009265181,2026-07-02 18:21:05.181,C3:00:00:63:4D:0A,-65,127,1.5,5.5,1.5
1783009265187,2026-07-02 18:21:05.187,C3:00:00:63:4D:0D,-52,127,1.5,5.5,1.5
1783009265194,2026-07-02 18:21:05.194,C3:00:00:63:4D:05,-56,127,1.5,5.5,1.5
1783009265201,2026-07-02 18:21:05.201,C3:00:00:63:4D:07,-54,127,1.5,5.5,1.5
1783009265216,2026-07-02 18:21:05.216,C3:00:00:63:4D:05,-59,127,1.5,5.5,1.5
1783009265221,2026-07-02 18:21:05.221,C3:00:00:63:4D:09,-56,127,1.5,5.5,1.5
1783009265227,2026-07-02 18:21:05.227,C3:00:00:63:4C:D2,-62,127,1.5,5.5,1.5
1783009265265,2026-07-02 18:21:05.265,C3:00:00:63:4D:04,-65,127,1.5,5.5,1.5
1783009265267,2026-07-02 18:21:05.267,C3:00:00:63:4D:0A,-64,127,1.5,5.5,1.5
1783009265285,2026-07-02 18:21:05.285,C3:00:00:63:4D:0D,-51,127,1.5,5.5,1.5
1783009265294,2026-07-02 18:21:05.294,C3:00:00:63:4D:0A,-64,127,1.5,5.5,1.5
1783009265304,2026-07-02 18:21:05.304,C3:00:00:63:4D:08,-50,127,1.5,5.5,1.5
1783009265330,2026-07-02 18:21:05.330,C3:00:00:63:4D:04,-62,127,1.5,5.5,1.5
1783009265331,2026-07-02 18:21:05.331,C3:00:00:63:4D:05,-64,127,1.5,5.5,1.5
1783009265347,2026-07-02 18:21:05.347,C3:00:00:63:4D:04,-62,127,1.5,5.5,1.5
1783009265369,2026-07-02 18:21:05.369,C3:00:00:63:4D:04,-63,127,1.5,5.5,1.5
1783009265402,2026-07-02 18:21:05.402,C3:00:00:63:4D:0A,-65,127,1.5,5.5,1.5
1783009265444,2026-07-02 18:21:05.444,C3:00:00:63:4D:09,-54,127,1.5,5.5,1.5
1783009265484,2026-07-02 18:21:05.484,C3:00:00:63:4D:04,-64,127,1.5,5.5,1.5
1783009265494,2026-07-02 18:21:05.494,C3:00:00:63:4D:08,-46,127,1.5,5.5,1.5
1783009265504,2026-07-02 18:21:05.504,C3:00:00:63:4D:0D,-51,127,1.5,5.5,1.5
1783009265518,2026-07-02 18:21:05.518,C3:00:00:63:4D:0A,-64,127,1.5,5.5,1.5
1783009265562,2026-07-02 18:21:05.562,C3:00:00:63:4D:07,-54,127,1.5,5.5,1.5
1783009265567,2026-07-02 18:21:05.567,C3:00:00:63:4D:09,-56,127,1.5,5.5,1.5
1783009265570,2026-07-02 18:21:05.570,C3:00:00:63:4C:D2,-62,127,1.5,5.5,1.5
1783009265586,2026-07-02 18:21:05.586,C3:00:00:63:4D:04,-65,127,1.5,5.5,1.5
1783009265602,2026-07-02 18:21:05.602,C3:00:00:63:4D:08,-50,127,1.5,5.5,1.5
1783009265612,2026-07-02 18:21:05.612,C3:00:00:63:4D:0D,-54,127,1.5,5.5,1.5
1783009265677,2026-07-02 18:21:05.677,C3:00:00:63:4D:05,-64,127,1.5,5.5,1.5
1783009265683,2026-07-02 18:21:05.683,C3:00:00:63:4C:D2,-61,127,1.5,5.5,1.5
1783009265709,2026-07-02 18:21:05.709,C3:00:00:63:4D:04,-66,127,1.5,5.5,1.5
1783009265718,2026-07-02 18:21:05.718,C3:00:00:63:4D:0D,-52,127,1.5,5.5,1.5
1783009265725,2026-07-02 18:21:05.725,C3:00:00:63:4D:08,-48,127,1.5,5.5,1.5
1783009265745,2026-07-02 18:21:05.745,C3:00:00:63:4D:0A,-66,127,1.5,5.5,1.5
1783009265792,2026-07-02 18:21:05.792,C3:00:00:63:4D:05,-56,127,1.5,5.5,1.5
1783009265797,2026-07-02 18:21:05.797,C3:00:00:63:4D:09,-55,127,1.5,5.5,1.5
1783009265801,2026-07-02 18:21:05.801,C3:00:00:63:4D:07,-54,127,1.5,5.5,1.5
1783009265811,2026-07-02 18:21:05.811,C3:00:00:63:4D:04,-65,127,1.5,5.5,1.5
1783009265816,2026-07-02 18:21:05.816,C3:00:00:63:4D:0D,-52,127,1.5,5.5,1.5
1783009265828,2026-07-02 18:21:05.828,C3:00:00:63:4D:08,-48,127,1.5,5.5,1.5
1783009265859,2026-07-02 18:21:05.859,C3:00:00:63:4D:0A,-64,127,1.5,5.5,1.5
1783009265911,2026-07-02 18:21:05.911,C3:00:00:63:4D:05,-64,127,1.5,5.5,1.5
1783009265918,2026-07-02 18:21:05.918,C3:00:00:63:4C:D2,-61,127,1.5,5.5,1.5
1783009265925,2026-07-02 18:21:05.925,C3:00:00:63:4D:0D,-51,127,1.5,5.5,1.5
1783009265936,2026-07-02 18:21:05.936,C3:00:00:63:4D:09,-68,127,1.5,5.5,1.5
1783009265939,2026-07-02 18:21:05.939,C3:00:00:63:4D:08,-50,127,1.5,5.5,1.5
1783009265942,2026-07-02 18:21:05.942,C3:00:00:63:4D:0D,-61,127,1.5,5.5,1.5
1783009265967,2026-07-02 18:21:05.967,C3:00:00:63:4D:0A,-64,127,1.5,5.5,1.5
1783009265989,2026-07-02 18:21:05.989,C3:00:00:63:4D:05,-65,127,1.5,5.5,1.5
1783009266019,2026-07-02 18:21:06.019,C3:00:00:63:4D:09,-54,127,1.5,5.5,1.5
1783009266025,2026-07-02 18:21:06.025,C3:00:00:63:4D:07,-55,127,1.5,5.5,1.5
1783009266031,2026-07-02 18:21:06.031,C3:00:00:63:4D:0D,-52,127,1.5,5.5,1.5
1783009266034,2026-07-02 18:21:06.034,C3:00:00:63:4D:04,-65,127,1.5,5.5,1.5
1783009266036,2026-07-02 18:21:06.036,C3:00:00:63:4D:05,-56,127,1.5,5.5,1.5
1783009266046,2026-07-02 18:21:06.046,C3:00:00:63:4D:08,-49,127,1.5,5.5,1.5
1783009266078,2026-07-02 18:21:06.078,C3:00:00:63:4D:0A,-66,127,1.5,5.5,1.5
1783009266103,2026-07-02 18:21:06.103,C3:00:00:63:4D:07,-60,127,1.5,5.5,1.5
1783009266130,2026-07-02 18:21:06.130,C3:00:00:63:4D:0D,-51,127,1.5,5.5,1.5
1783009266135,2026-07-02 18:21:06.135,C3:00:00:63:4D:07,-54,127,1.5,5.5,1.5
1783009266140,2026-07-02 18:21:06.140,C3:00:00:63:4D:05,-58,127,1.5,5.5,1.5
1783009266147,2026-07-02 18:21:06.147,C3:00:00:63:4C:D2,-62,127,1.5,5.5,1.5
1783009266158,2026-07-02 18:21:06.158,C3:00:00:63:4D:08,-47,127,1.5,5.5,1.5
1783009266161,2026-07-02 18:21:06.161,C3:00:00:63:4D:0D,-51,127,1.5,5.5,1.5
1783009266194,2026-07-02 18:21:06.194,C3:00:00:63:4D:0A,-65,127,1.5,5.5,1.5
1783009266213,2026-07-02 18:21:06.213,C3:00:00:63:4D:0A,-73,127,1.5,5.5,1.5
1783009266234,2026-07-02 18:21:06.234,C3:00:00:63:4D:0D,-54,127,1.5,5.5,1.5
1783009266243,2026-07-02 18:21:06.243,C3:00:00:63:4D:04,-63,127,1.5,5.5,1.5
1783009266251,2026-07-02 18:21:06.251,C3:00:00:63:4D:09,-60,127,1.5,5.5,1.5
1783009266256,2026-07-02 18:21:06.256,C3:00:00:63:4D:07,-58,127,1.5,5.5,1.5
1783009266266,2026-07-02 18:21:06.266,C3:00:00:63:4C:D2,-61,127,1.5,5.5,1.5
1783009266268,2026-07-02 18:21:06.268,C3:00:00:63:4D:05,-64,127,1.5,5.5,1.5
1783009266272,2026-07-02 18:21:06.272,C3:00:00:63:4D:08,-50,127,1.5,5.5,1.5
1783009266308,2026-07-02 18:21:06.308,C3:00:00:63:4D:0A,-66,127,1.5,5.5,1.5
1783009266335,2026-07-02 18:21:06.335,C3:00:00:63:4D:07,-56,127,1.5,5.5,1.5
1783009266356,2026-07-02 18:21:06.356,C3:00:00:63:4D:0D,-52,127,1.5,5.5,1.5
1783009266360,2026-07-02 18:21:06.360,C3:00:00:63:4D:04,-65,127,1.5,5.5,1.5
1783009266365,2026-07-02 18:21:06.365,C3:00:00:63:4D:09,-54,127,1.5,5.5,1.5
1783009266368,2026-07-02 18:21:06.368,C3:00:00:63:4D:07,-55,127,1.5,5.5,1.5
1783009266383,2026-07-02 18:21:06.383,C3:00:00:63:4D:08,-49,127,1.5,5.5,1.5
1783009266425,2026-07-02 18:21:06.425,C3:00:00:63:4D:0A,-65,127,1.5,5.5,1.5
1783009266445,2026-07-02 18:21:06.445,C3:00:00:63:4D:0D,-51,127,1.5,5.5,1.5
1783009266459,2026-07-02 18:21:06.459,C3:00:00:63:4D:04,-63,127,1.5,5.5,1.5
1783009266484,2026-07-02 18:21:06.484,C3:00:00:63:4D:09,-56,127,1.5,5.5,1.5
1783009266491,2026-07-02 18:21:06.491,C3:00:00:63:4D:07,-54,127,1.5,5.5,1.5
1783009266494,2026-07-02 18:21:06.494,C3:00:00:63:4D:08,-47,127,1.5,5.5,1.5
1783009266533,2026-07-02 18:21:06.533,C3:00:00:63:4D:0A,-64,127,1.5,5.5,1.5
1783009266555,2026-07-02 18:21:06.555,C3:00:00:63:4D:0D,-54,127,1.5,5.5,1.5
1783009266570,2026-07-02 18:21:06.570,C3:00:00:63:4D:07,-60,127,1.5,5.5,1.5
1783009266572,2026-07-02 18:21:06.572,C3:00:00:63:4D:04,-63,127,1.5,5.5,1.5
1783009266588,2026-07-02 18:21:06.588,C3:00:00:63:4D:09,-60,127,1.5,5.5,1.5
1783009266600,2026-07-02 18:21:06.600,C3:00:00:63:4D:05,-56,127,1.5,5.5,1.5
1783009266603,2026-07-02 18:21:06.603,C3:00:00:63:4C:D2,-60,127,1.5,5.5,1.5
1783009266618,2026-07-02 18:21:06.618,C3:00:00:63:4D:0D,-52,127,1.5,5.5,1.5
1783009266623,2026-07-02 18:21:06.623,C3:00:00:63:4D:08,-48,127,1.5,5.5,1.5
1783009266648,2026-07-02 18:21:06.648,C3:00:00:63:4D:0A,-66,127,1.5,5.5,1.5
1783009266658,2026-07-02 18:21:06.658,C3:00:00:63:4D:0D,-53,127,1.5,5.5,1.5
1783009266661,2026-07-02 18:21:06.661,C3:00:00:63:4C:D2,-61,127,1.5,5.5,1.5
1783009266675,2026-07-02 18:21:06.675,C3:00:00:63:4D:04,-65,127,1.5,5.5,1.5
1783009266699,2026-07-02 18:21:06.699,C3:00:00:63:4D:09,-56,127,1.5,5.5,1.5
1783009266706,2026-07-02 18:21:06.706,C3:00:00:63:4D:07,-54,127,1.5,5.5,1.5
1783009266717,2026-07-02 18:21:06.717,C3:00:00:63:4D:05,-59,127,1.5,5.5,1.5
1783009266719,2026-07-02 18:21:06.719,C3:00:00:63:4C:D2,-62,127,1.5,5.5,1.5
1783009266764,2026-07-02 18:21:06.764,C3:00:00:63:4D:0D,-51,127,1.5,5.5,1.5
1783009266768,2026-07-02 18:21:06.768,C3:00:00:63:4D:0A,-64,127,1.5,5.5,1.5
1783009266784,2026-07-02 18:21:06.784,C3:00:00:63:4D:04,-65,127,1.5,5.5,1.5
1783009266806,2026-07-02 18:21:06.806,C3:00:00:63:4D:08,-50,127,1.5,5.5,1.5
1783009266817,2026-07-02 18:21:06.817,C3:00:00:63:4D:09,-60,127,1.5,5.5,1.5
1783009266822,2026-07-02 18:21:06.822,C3:00:00:63:4D:07,-59,127,1.5,5.5,1.5
1783009266828,2026-07-02 18:21:06.828,C3:00:00:63:4C:D2,-61,127,1.5,5.5,1.5
1783009266835,2026-07-02 18:21:06.835,C3:00:00:63:4D:05,-64,127,1.5,5.5,1.5
1783009266851,2026-07-02 18:21:06.851,C3:00:00:63:4C:D2,-61,127,1.5,5.5,1.5
1783009266861,2026-07-02 18:21:06.861,C3:00:00:63:4D:09,-60,127,1.5,5.5,1.5
1783009266868,2026-07-02 18:21:06.868,C3:00:00:63:4D:0D,-54,127,1.5,5.5,1.5
1783009266870,2026-07-02 18:21:06.870,C3:00:00:63:4D:0A,-64,127,1.5,5.5,1.5
1783009266886,2026-07-02 18:21:06.886,C3:00:00:63:4D:08,-50,127,1.5,5.5,1.5
1783009266893,2026-07-02 18:21:06.893,C3:00:00:63:4D:04,-65,127,1.5,5.5,1.5
1783009266934,2026-07-02 18:21:06.934,C3:00:00:63:4D:08,-48,127,1.5,5.5,1.5
1783009266939,2026-07-02 18:21:06.939,C3:00:00:63:4C:D2,-62,127,1.5,5.5,1.5
1783009266944,2026-07-02 18:21:06.944,C3:00:00:63:4D:07,-56,127,1.5,5.5,1.5
1783009266950,2026-07-02 18:21:06.950,C3:00:00:63:4D:05,-56,127,1.5,5.5,1.5
1783009266968,2026-07-02 18:21:06.968,C3:00:00:63:4D:0D,-56,127,1.5,5.5,1.5
1783009266986,2026-07-02 18:21:06.986,C3:00:00:63:4D:0A,-65,127,1.5,5.5,1.5
1783009267001,2026-07-02 18:21:07.001,C3:00:00:63:4D:09,-55,127,1.5,5.5,1.5
1783009267016,2026-07-02 18:21:07.016,C3:00:00:63:4D:04,-63,127,1.5,5.5,1.5
1783009267020,2026-07-02 18:21:07.020,C3:00:00:63:4D:08,-46,127,1.5,5.5,1.5
1783009267054,2026-07-02 18:21:07.054,C3:00:00:63:4D:07,-54,127,1.5,5.5,1.5
1783009267056,2026-07-02 18:21:07.056,C3:00:00:63:4C:D2,-62,127,1.5,5.5,1.5
1783009267063,2026-07-02 18:21:07.063,C3:00:00:63:4D:05,-59,127,1.5,5.5,1.5
1783009267074,2026-07-02 18:21:07.074,C3:00:00:63:4D:0D,-51,127,1.5,5.5,1.5
1783009267097,2026-07-02 18:21:07.097,C3:00:00:63:4D:0A,-64,127,1.5,5.5,1.5
1783009267119,2026-07-02 18:21:07.119,C3:00:00:63:4D:04,-63,127,1.5,5.5,1.5
1783009267139,2026-07-02 18:21:07.139,C3:00:00:63:4D:08,-50,127,1.5,5.5,1.5
1783009267161,2026-07-02 18:21:07.161,C3:00:00:63:4D:09,-58,127,1.5,5.5,1.5
1783009267168,2026-07-02 18:21:07.168,C3:00:00:63:4D:07,-57,127,1.5,5.5,1.5
1783009267176,2026-07-02 18:21:07.176,C3:00:00:63:4D:0A,-65,127,1.5,5.5,1.5
1783009267179,2026-07-02 18:21:07.179,C3:00:00:63:4D:05,-65,127,1.5,5.5,1.5
1783009267190,2026-07-02 18:21:07.190,C3:00:00:63:4D:05,-56,127,1.5,5.5,1.5
1783009267208,2026-07-02 18:21:07.208,C3:00:00:63:4D:07,-56,127,1.5,5.5,1.5
1783009267226,2026-07-02 18:21:07.226,C3:00:00:63:4D:04,-64,127,1.5,5.5,1.5
1783009267243,2026-07-02 18:21:07.243,C3:00:00:63:4D:08,-49,127,1.5,5.5,1.5
1783009267283,2026-07-02 18:21:07.283,C3:00:00:63:4D:07,-56,127,1.5,5.5,1.5
1783009267290,2026-07-02 18:21:07.290,C3:00:00:63:4C:D2,-62,127,1.5,5.5,1.5
1783009267297,2026-07-02 18:21:07.297,C3:00:00:63:4D:05,-59,127,1.5,5.5,1.5
1783009267320,2026-07-02 18:21:07.320,C3:00:00:63:4D:08,-46,127,1.5,5.5,1.5
1783009267333,2026-07-02 18:21:07.333,C3:00:00:63:4D:0A,-65,127,1.5,5.5,1.5
1783009267335,2026-07-02 18:21:07.335,C3:00:00:63:4D:04,-63,127,1.5,5.5,1.5
1783009267351,2026-07-02 18:21:07.351,C3:00:00:63:4D:08,-46,127,1.5,5.5,1.5
1783009267354,2026-07-02 18:21:07.354,C3:00:00:63:4D:04,-64,127,1.5,5.5,1.5
1783009267368,2026-07-02 18:21:07.368,C3:00:00:63:4D:04,-63,127,1.5,5.5,1.5
1783009267387,2026-07-02 18:21:07.387,C3:00:00:63:4D:09,-54,127,1.5,5.5,1.5
1783009267399,2026-07-02 18:21:07.399,C3:00:00:63:4D:0D,-52,127,1.5,5.5,1.5
1783009267410,2026-07-02 18:21:07.410,C3:00:00:63:4D:05,-65,127,1.5,5.5,1.5
1783009267442,2026-07-02 18:21:07.442,C3:00:00:63:4D:04,-63,127,1.5,5.5,1.5
1783009267460,2026-07-02 18:21:07.460,C3:00:00:63:4D:08,-50,127,1.5,5.5,1.5
1783009267495,2026-07-02 18:21:07.495,C3:00:00:63:4D:0D,-54,127,1.5,5.5,1.5
1783009267525,2026-07-02 18:21:07.525,C3:00:00:63:4D:07,-55,127,1.5,5.5,1.5
1783009267530,2026-07-02 18:21:07.530,C3:00:00:63:4D:05,-56,127,1.5,5.5,1.5
1783009267544,2026-07-02 18:21:07.544,C3:00:00:63:4D:04,-65,127,1.5,5.5,1.5
1783009267550,2026-07-02 18:21:07.550,C3:00:00:63:4D:0A,-66,127,1.5,5.5,1.5
1783009267574,2026-07-02 18:21:07.574,C3:00:00:63:4D:08,-48,127,1.5,5.5,1.5
1783009267608,2026-07-02 18:21:07.608,C3:00:00:63:4D:0D,-51,127,1.5,5.5,1.5
1783009267615,2026-07-02 18:21:07.615,C3:00:00:63:4D:09,-56,127,1.5,5.5,1.5
1783009267632,2026-07-02 18:21:07.632,C3:00:00:63:4C:D2,-62,127,1.5,5.5,1.5
1783009267654,2026-07-02 18:21:07.654,C3:00:00:63:4D:04,-65,127,1.5,5.5,1.5
1783009267667,2026-07-02 18:21:07.667,C3:00:00:63:4D:0A,-64,127,1.5,5.5,1.5
1783009267677,2026-07-02 18:21:07.677,C3:00:00:63:4D:08,-47,127,1.5,5.5,1.5
1783009267726,2026-07-02 18:21:07.726,C3:00:00:63:4D:09,-59,127,1.5,5.5,1.5
1783009267732,2026-07-02 18:21:07.732,C3:00:00:63:4D:04,-70,127,1.5,5.5,1.5
1783009267771,2026-07-02 18:21:07.771,C3:00:00:63:4D:04,-63,127,1.5,5.5,1.5
1783009267780,2026-07-02 18:21:07.780,C3:00:00:63:4D:0A,-65,127,1.5,5.5,1.5
1783009267785,2026-07-02 18:21:07.785,C3:00:00:63:4D:08,-50,127,1.5,5.5,1.5
1783009267807,2026-07-02 18:21:07.807,C3:00:00:63:4D:0D,-53,127,1.5,5.5,1.5
1783009267824,2026-07-02 18:21:07.824,C3:00:00:63:4C:D2,-61,127,1.5,5.5,1.5
1783009267846,2026-07-02 18:21:07.846,C3:00:00:63:4D:09,-54,127,1.5,5.5,1.5
1783009267870,2026-07-02 18:21:07.870,C3:00:00:63:4D:05,-56,127,1.5,5.5,1.5
1783009267876,2026-07-02 18:21:07.876,C3:00:00:63:4D:04,-65,127,1.5,5.5,1.5
1783009267884,2026-07-02 18:21:07.884,C3:00:00:63:4D:09,-54,127,1.5,5.5,1.5
1783009267891,2026-07-02 18:21:07.891,C3:00:00:63:4D:0A,-66,127,1.5,5.5,1.5
1783009267894,2026-07-02 18:21:07.894,C3:00:00:63:4D:08,-48,127,1.5,5.5,1.5
1783009267913,2026-07-02 18:21:07.913,C3:00:00:63:4D:0D,-51,127,1.5,5.5,1.5
1783009267958,2026-07-02 18:21:07.958,C3:00:00:63:4D:09,-56,127,1.5,5.5,1.5
1783009267981,2026-07-02 18:21:07.981,C3:00:00:63:4D:07,-54,127,1.5,5.5,1.5
1783009267987,2026-07-02 18:21:07.987,C3:00:00:63:4C:D2,-62,127,1.5,5.5,1.5
1783009267989,2026-07-02 18:21:07.989,C3:00:00:63:4D:05,-59,127,1.5,5.5,1.5
1783009267991,2026-07-02 18:21:07.991,C3:00:00:63:4D:04,-65,127,1.5,5.5,1.5
1783009268008,2026-07-02 18:21:08.008,C3:00:00:63:4D:08,-50,127,1.5,5.5,1.5
1783009268012,2026-07-02 18:21:08.012,C3:00:00:63:4D:0A,-65,127,1.5,5.5,1.5
1783009268019,2026-07-02 18:21:08.019,C3:00:00:63:4D:0D,-54,127,1.5,5.5,1.5
1783009268074,2026-07-02 18:21:08.074,C3:00:00:63:4D:09,-59,127,1.5,5.5,1.5
1783009268096,2026-07-02 18:21:08.096,C3:00:00:63:4D:07,-59,127,1.5,5.5,1.5
1783009268121,2026-07-02 18:21:08.121,C3:00:00:63:4D:08,-48,127,1.5,5.5,1.5
1783009268125,2026-07-02 18:21:08.125,C3:00:00:63:4D:0D,-54,127,1.5,5.5,1.5
1783009268149,2026-07-02 18:21:08.149,C3:00:00:63:4D:0D,-53,127,1.5,5.5,1.5
1783009268200,2026-07-02 18:21:08.200,C3:00:00:63:4D:07,-54,127,1.5,5.5,1.5
1783009268205,2026-07-02 18:21:08.205,C3:00:00:63:4D:04,-65,127,1.5,5.5,1.5
1783009268209,2026-07-02 18:21:08.209,C3:00:00:63:4C:D2,-62,127,1.5,5.5,1.5
1783009268224,2026-07-02 18:21:08.224,C3:00:00:63:4D:0A,-65,127,1.5,5.5,1.5
1783009268246,2026-07-02 18:21:08.246,C3:00:00:63:4D:0A,-64,127,1.5,5.5,1.5
1783009268293,2026-07-02 18:21:08.293,C3:00:00:63:4D:09,-60,127,1.5,5.5,1.5
1783009268298,2026-07-02 18:21:08.298,C3:00:00:63:4C:D2,-68,127,1.5,5.5,1.5
1783009268321,2026-07-02 18:21:08.321,C3:00:00:63:4D:04,-63,127,1.5,5.5,1.5
1783009268329,2026-07-02 18:21:08.329,C3:00:00:63:4D:05,-64,127,1.5,5.5,1.5
1783009268333,2026-07-02 18:21:08.333,C3:00:00:63:4D:07,-57,127,1.5,5.5,1.5
1783009268342,2026-07-02 18:21:08.342,C3:00:00:63:4C:D2,-60,127,1.5,5.5,1.5
1783009268349,2026-07-02 18:21:08.349,C3:00:00:63:4D:08,-48,127,1.5,5.5,1.5
1783009268350,2026-07-02 18:21:08.350,C3:00:00:63:4D:0D,-50,127,1.5,5.5,1.5
1783009268352,2026-07-02 18:21:08.352,C3:00:00:63:4D:0A,-65,127,1.5,5.5,1.5
1783009268354,2026-07-02 18:21:08.354,C3:00:00:63:4D:07,-57,127,1.5,5.5,1.5
1783009268405,2026-07-02 18:21:08.405,C3:00:00:63:4D:09,-54,127,1.5,5.5,1.5
1783009268420,2026-07-02 18:21:08.420,C3:00:00:63:4D:04,-64,127,1.5,5.5,1.5
1783009268444,2026-07-02 18:21:08.444,C3:00:00:63:4C:D2,-62,127,1.5,5.5,1.5
1783009268449,2026-07-02 18:21:08.449,C3:00:00:63:4D:08,-48,127,1.5,5.5,1.5
1783009268458,2026-07-02 18:21:08.458,C3:00:00:63:4D:0D,-56,127,1.5,5.5,1.5
1783009268463,2026-07-02 18:21:08.463,C3:00:00:63:4D:0A,-64,127,1.5,5.5,1.5
1783009268521,2026-07-02 18:21:08.521,C3:00:00:63:4D:09,-54,127,1.5,5.5,1.5
1783009268529,2026-07-02 18:21:08.529,C3:00:00:63:4D:04,-63,127,1.5,5.5,1.5
1783009268546,2026-07-02 18:21:08.546,C3:00:00:63:4D:0D,-51,127,1.5,5.5,1.5
1783009268556,2026-07-02 18:21:08.556,C3:00:00:63:4C:D2,-62,127,1.5,5.5,1.5
1783009268570,2026-07-02 18:21:08.570,C3:00:00:63:4D:0A,-65,127,1.5,5.5,1.5
1783009268602,2026-07-02 18:21:08.602,C3:00:00:63:4D:08,-48,127,1.5,5.5,1.5
1783009268627,2026-07-02 18:21:08.627,C3:00:00:63:4D:0D,-50,127,1.5,5.5,1.5
1783009268642,2026-07-02 18:21:08.642,C3:00:00:63:4D:09,-58,127,1.5,5.5,1.5
1783009268650,2026-07-02 18:21:08.650,C3:00:00:63:4D:04,-63,127,1.5,5.5,1.5
1783009268658,2026-07-02 18:21:08.658,C3:00:00:63:4D:0D,-50,127,1.5,5.5,1.5
1783009268664,2026-07-02 18:21:08.664,C3:00:00:63:4D:08,-48,127,1.5,5.5,1.5
1783009268672,2026-07-02 18:21:08.672,C3:00:00:63:4D:07,-57,127,1.5,5.5,1.5
1783009268675,2026-07-02 18:21:08.675,C3:00:00:63:4D:0D,-50,127,1.5,5.5,1.5
1783009268676,2026-07-02 18:21:08.676,C3:00:00:63:4C:D2,-60,127,1.5,5.5,1.5
1783009268749,2026-07-02 18:21:08.749,C3:00:00:63:4D:04,-64,127,1.5,5.5,1.5
1783009268752,2026-07-02 18:21:08.752,C3:00:00:63:4D:09,-54,127,1.5,5.5,1.5
1783009268759,2026-07-02 18:21:08.759,C3:00:00:63:4D:0D,-56,127,1.5,5.5,1.5
1783009268778,2026-07-02 18:21:08.778,C3:00:00:63:4D:08,-49,127,1.5,5.5,1.5
1783009268794,2026-07-02 18:21:08.794,C3:00:00:63:4D:0A,-64,127,1.5,5.5,1.5
1783009268863,2026-07-02 18:21:08.863,C3:00:00:63:4D:04,-62,127,1.5,5.5,1.5
1783009268872,2026-07-02 18:21:08.872,C3:00:00:63:4D:0D,-51,127,1.5,5.5,1.5
1783009268880,2026-07-02 18:21:08.880,C3:00:00:63:4D:09,-54,127,1.5,5.5,1.5
1783009268887,2026-07-02 18:21:08.887,C3:00:00:63:4D:08,-46,127,1.5,5.5,1.5
1783009268893,2026-07-02 18:21:08.893,C3:00:00:63:4D:09,-54,127,1.5,5.5,1.5
1783009268909,2026-07-02 18:21:08.909,C3:00:00:63:4D:07,-53,127,1.5,5.5,1.5
1783009268914,2026-07-02 18:21:08.914,C3:00:00:63:4D:05,-64,127,1.5,5.5,1.5
1783009268921,2026-07-02 18:21:08.921,C3:00:00:63:4D:0A,-66,127,1.5,5.5,1.5
1783009268973,2026-07-02 18:21:08.973,C3:00:00:63:4D:04,-63,127,1.5,5.5,1.5
1783009268977,2026-07-02 18:21:08.977,C3:00:00:63:4D:09,-58,127,1.5,5.5,1.5
1783009268990,2026-07-02 18:21:08.990,C3:00:00:63:4D:08,-48,127,1.5,5.5,1.5
1783009268999,2026-07-02 18:21:08.999,C3:00:00:63:4D:09,-54,127,1.5,5.5,1.5
1783009269015,2026-07-02 18:21:09.015,C3:00:00:63:4C:D2,-63,127,1.5,5.5,1.5
1783009269021,2026-07-02 18:21:09.021,C3:00:00:63:4D:07,-56,127,1.5,5.5,1.5
1783009269023,2026-07-02 18:21:09.023,C3:00:00:63:4D:05,-57,127,1.5,5.5,1.5
1783009269024,2026-07-02 18:21:09.024,C3:00:00:63:4D:0A,-64,127,1.5,5.5,1.5
1783009269092,2026-07-02 18:21:09.092,C3:00:00:63:4D:09,-54,127,1.5,5.5,1.5
1783009269100,2026-07-02 18:21:09.100,C3:00:00:63:4D:08,-46,127,1.5,5.5,1.5
1783009269131,2026-07-02 18:21:09.131,C3:00:00:63:4D:07,-53,127,1.5,5.5,1.5
1783009269134,2026-07-02 18:21:09.134,C3:00:00:63:4C:D2,-63,127,1.5,5.5,1.5
1783009269139,2026-07-02 18:21:09.139,C3:00:00:63:4D:0A,-65,127,1.5,5.5,1.5
1783009269165,2026-07-02 18:21:09.165,C3:00:00:63:4D:05,-58,127,1.5,5.5,1.5
1783009269172,2026-07-02 18:21:09.172,C3:00:00:63:4D:0A,-65,127,1.5,5.5,1.5
1783009269176,2026-07-02 18:21:09.176,C3:00:00:63:4D:0D,-51,127,1.5,5.5,1.5
1783009269183,2026-07-02 18:21:09.183,C3:00:00:63:4D:04,-63,127,1.5,5.5,1.5
1783009269207,2026-07-02 18:21:09.207,C3:00:00:63:4D:09,-57,127,1.5,5.5,1.5
1783009269210,2026-07-02 18:21:09.210,C3:00:00:63:4D:08,-48,127,1.5,5.5,1.5
1783009269213,2026-07-02 18:21:09.213,C3:00:00:63:4D:07,-58,127,1.5,5.5,1.5
1783009269241,2026-07-02 18:21:09.241,C3:00:00:63:4D:07,-57,127,1.5,5.5,1.5
1783009269246,2026-07-02 18:21:09.246,C3:00:00:63:4D:0A,-65,127,1.5,5.5,1.5
1783009269277,2026-07-02 18:21:09.277,C3:00:00:63:4D:0A,-65,127,1.5,5.5,1.5
1783009269287,2026-07-02 18:21:09.287,C3:00:00:63:4D:0D,-51,127,1.5,5.5,1.5
1783009269301,2026-07-02 18:21:09.301,C3:00:00:63:4D:04,-62,127,1.5,5.5,1.5
1783009269317,2026-07-02 18:21:09.317,C3:00:00:63:4D:08,-48,127,1.5,5.5,1.5
1783009269324,2026-07-02 18:21:09.324,C3:00:00:63:4D:09,-54,127,1.5,5.5,1.5
1783009269327,2026-07-02 18:21:09.327,C3:00:00:63:4D:08,-49,127,1.5,5.5,1.5
1783009269348,2026-07-02 18:21:09.348,C3:00:00:63:4D:04,-62,127,1.5,5.5,1.5
1783009269351,2026-07-02 18:21:09.351,C3:00:00:63:4D:07,-55,127,1.5,5.5,1.5
1783009269358,2026-07-02 18:21:09.358,C3:00:00:63:4D:05,-56,127,1.5,5.5,1.5
1783009269366,2026-07-02 18:21:09.366,C3:00:00:63:4D:04,-63,127,1.5,5.5,1.5
1783009269381,2026-07-02 18:21:09.381,C3:00:00:63:4D:0D,-54,127,1.5,5.5,1.5
1783009269402,2026-07-02 18:21:09.402,C3:00:00:63:4D:04,-64,127,1.5,5.5,1.5
1783009269421,2026-07-02 18:21:09.421,C3:00:00:63:4D:08,-48,127,1.5,5.5,1.5
1783009269433,2026-07-02 18:21:09.433,C3:00:00:63:4D:09,-56,127,1.5,5.5,1.5
1783009269540,2026-07-02 18:21:09.540,C3:00:00:63:4D:08,-49,127,1.5,5.5,1.5
1783009269554,2026-07-02 18:21:09.554,C3:00:00:63:4D:09,-59,127,1.5,5.5,1.5
1783009269596,2026-07-02 18:21:09.596,C3:00:00:63:4C:D2,-62,127,1.5,5.5,1.5
1783009269598,2026-07-02 18:21:09.598,C3:00:00:63:4D:0D,-54,127,1.5,5.5,1.5
1783009269614,2026-07-02 18:21:09.614,C3:00:00:63:4D:04,-65,127,1.5,5.5,1.5
1783009269645,2026-07-02 18:21:09.645,C3:00:00:63:4D:08,-48,127,1.5,5.5,1.5
1783009269666,2026-07-02 18:21:09.666,C3:00:00:63:4D:09,-54,127,1.5,5.5,1.5
1783009269701,2026-07-02 18:21:09.701,C3:00:00:63:4D:0D,-51,127,1.5,5.5,1.5
1783009269705,2026-07-02 18:21:09.705,C3:00:00:63:4D:07,-54,127,1.5,5.5,1.5
1783009269733,2026-07-02 18:21:09.733,C3:00:00:63:4D:04,-66,127,1.5,5.5,1.5
1783009269751,2026-07-02 18:21:09.751,C3:00:00:63:4D:08,-47,127,1.5,5.5,1.5
1783009269778,2026-07-02 18:21:09.778,C3:00:00:63:4D:09,-56,127,1.5,5.5,1.5
1783009269806,2026-07-02 18:21:09.806,C3:00:00:63:4D:0D,-54,127,1.5,5.5,1.5
1783009269817,2026-07-02 18:21:09.817,C3:00:00:63:4D:0A,-64,127,1.5,5.5,1.5
1783009269835,2026-07-02 18:21:09.835,C3:00:00:63:4C:D2,-63,127,1.5,5.5,1.5
1783009269842,2026-07-02 18:21:09.842,C3:00:00:63:4D:04,-61,127,1.5,5.5,1.5
1783009269856,2026-07-02 18:21:09.856,C3:00:00:63:4D:08,-49,127,1.5,5.5,1.5
1783009269892,2026-07-02 18:21:09.892,C3:00:00:63:4D:09,-60,127,1.5,5.5,1.5
1783009269927,2026-07-02 18:21:09.927,C3:00:00:63:4D:07,-56,127,1.5,5.5,1.5
1783009269937,2026-07-02 18:21:09.937,C3:00:00:63:4D:0A,-66,127,1.5,5.5,1.5
1783009269944,2026-07-02 18:21:09.944,C3:00:00:63:4D:05,-55,127,1.5,5.5,1.5
1783009269951,2026-07-02 18:21:09.951,C3:00:00:63:4C:D2,-60,127,1.5,5.5,1.5
1783009269956,2026-07-02 18:21:09.956,C3:00:00:63:4D:0D,-60,127,1.5,5.5,1.5
1783009269965,2026-07-02 18:21:09.965,C3:00:00:63:4D:08,-49,127,1.5,5.5,1.5
1783009270007,2026-07-02 18:21:10.007,C3:00:00:63:4D:09,-56,127,1.5,5.5,1.5
1783009270013,2026-07-02 18:21:10.013,C3:00:00:63:4D:05,-57,127,1.5,5.5,1.5
1783009270017,2026-07-02 18:21:10.017,C3:00:00:63:4D:0D,-52,127,1.5,5.5,1.5
1783009270038,2026-07-02 18:21:10.038,C3:00:00:63:4D:0A,-62,127,1.5,5.5,1.5
1783009270043,2026-07-02 18:21:10.043,C3:00:00:63:4D:07,-54,127,1.5,5.5,1.5
1783009270049,2026-07-02 18:21:10.049,C3:00:00:63:4D:05,-57,127,1.5,5.5,1.5
1783009270074,2026-07-02 18:21:10.074,C3:00:00:63:4D:08,-46,127,1.5,5.5,1.5
1783009270102,2026-07-02 18:21:10.102,C3:00:00:63:4D:07,-65,127,1.5,5.5,1.5
1783009270129,2026-07-02 18:21:10.129,C3:00:00:63:4D:0D,-51,127,1.5,5.5,1.5
1783009270131,2026-07-02 18:21:10.131,C3:00:00:63:4D:09,-58,127,1.5,5.5,1.5
1783009270155,2026-07-02 18:21:10.155,C3:00:00:63:4D:0D,-52,127,1.5,5.5,1.5
1783009270161,2026-07-02 18:21:10.161,C3:00:00:63:4D:0A,-64,127,1.5,5.5,1.5
1783009270163,2026-07-02 18:21:10.163,C3:00:00:63:4D:07,-58,127,1.5,5.5,1.5
1783009270169,2026-07-02 18:21:10.169,C3:00:00:63:4C:D2,-62,127,1.5,5.5,1.5
1783009270182,2026-07-02 18:21:10.182,C3:00:00:63:4D:08,-48,127,1.5,5.5,1.5
1783009270206,2026-07-02 18:21:10.206,C3:00:00:63:4D:0A,-75,127,1.5,5.5,1.5
1783009270222,2026-07-02 18:21:10.222,C3:00:00:63:4D:0D,-55,127,1.5,5.5,1.5
1783009270244,2026-07-02 18:21:10.244,C3:00:00:63:4D:09,-54,127,1.5,5.5,1.5
1783009270258,2026-07-02 18:21:10.258,C3:00:00:63:4D:0A,-66,127,1.5,5.5,1.5
1783009270273,2026-07-02 18:21:10.273,C3:00:00:63:4D:04,-62,127,1.5,5.5,1.5
1783009270280,2026-07-02 18:21:10.280,C3:00:00:63:4D:05,-56,127,1.5,5.5,1.5
1783009270302,2026-07-02 18:21:10.302,C3:00:00:63:4D:08,-46,127,1.5,5.5,1.5
1783009270335,2026-07-02 18:21:10.335,C3:00:00:63:4D:0D,-51,127,1.5,5.5,1.5
1783009270357,2026-07-02 18:21:10.357,C3:00:00:63:4D:09,-54,127,1.5,5.5,1.5
1783009270360,2026-07-02 18:21:10.360,C3:00:00:63:4D:07,-54,127,1.5,5.5,1.5
1783009270378,2026-07-02 18:21:10.378,C3:00:00:63:4D:0A,-63,127,1.5,5.5,1.5
1783009270382,2026-07-02 18:21:10.382,C3:00:00:63:4D:07,-54,127,1.5,5.5,1.5
1783009270394,2026-07-02 18:21:10.394,C3:00:00:63:4D:05,-65,127,1.5,5.5,1.5
1783009270403,2026-07-02 18:21:10.403,C3:00:00:63:4C:D2,-61,127,1.5,5.5,1.5
1783009270404,2026-07-02 18:21:10.404,C3:00:00:63:4D:08,-48,127,1.5,5.5,1.5
1783009270437,2026-07-02 18:21:10.437,C3:00:00:63:4D:0D,-50,127,1.5,5.5,1.5
1783009270467,2026-07-02 18:21:10.467,C3:00:00:63:4D:09,-59,127,1.5,5.5,1.5
1783009270493,2026-07-02 18:21:10.493,C3:00:00:63:4D:04,-63,127,1.5,5.5,1.5
1783009270497,2026-07-02 18:21:10.497,C3:00:00:63:4D:0A,-65,127,1.5,5.5,1.5
1783009270517,2026-07-02 18:21:10.517,C3:00:00:63:4D:05,-58,127,1.5,5.5,1.5
1783009270524,2026-07-02 18:21:10.524,C3:00:00:63:4C:D2,-62,127,1.5,5.5,1.5
1783009270543,2026-07-02 18:21:10.543,C3:00:00:63:4D:0D,-56,127,1.5,5.5,1.5
1783009270577,2026-07-02 18:21:10.577,C3:00:00:63:4D:09,-54,127,1.5,5.5,1.5
1783009270606,2026-07-02 18:21:10.606,C3:00:00:63:4D:04,-63,127,1.5,5.5,1.5
1783009270610,2026-07-02 18:21:10.610,C3:00:00:63:4D:0A,-64,127,1.5,5.5,1.5
1783009270616,2026-07-02 18:21:10.616,C3:00:00:63:4D:08,-46,127,1.5,5.5,1.5
1783009270625,2026-07-02 18:21:10.625,C3:00:00:63:4D:08,-46,127,1.5,5.5,1.5
1783009270630,2026-07-02 18:21:10.630,C3:00:00:63:4C:D2,-63,127,1.5,5.5,1.5
1783009270637,2026-07-02 18:21:10.637,C3:00:00:63:4D:0D,-52,127,1.5,5.5,1.5
1783009270656,2026-07-02 18:21:10.656,C3:00:00:63:4D:0D,-52,127,1.5,5.5,1.5
1783009270674,2026-07-02 18:21:10.674,C3:00:00:63:4C:D2,-64,127,1.5,5.5,1.5
1783009270696,2026-07-02 18:21:10.696,C3:00:00:63:4D:09,-57,127,1.5,5.5,1.5
1783009270715,2026-07-02 18:21:10.715,C3:00:00:63:4D:0A,-65,127,1.5,5.5,1.5
1783009270721,2026-07-02 18:21:10.721,C3:00:00:63:4D:04,-61,127,1.5,5.5,1.5
1783009270729,2026-07-02 18:21:10.729,C3:00:00:63:4D:08,-48,127,1.5,5.5,1.5
1783009270734,2026-07-02 18:21:10.734,C3:00:00:63:4D:07,-59,127,1.5,5.5,1.5
1783009270736,2026-07-02 18:21:10.736,C3:00:00:63:4C:D2,-64,127,1.5,5.5,1.5
1783009270813,2026-07-02 18:21:10.813,C3:00:00:63:4D:09,-54,127,1.5,5.5,1.5
1783009270820,2026-07-02 18:21:10.820,C3:00:00:63:4D:04,-61,127,1.5,5.5,1.5
1783009270837,2026-07-02 18:21:10.837,C3:00:00:63:4D:0A,-66,127,1.5,5.5,1.5
1783009270843,2026-07-02 18:21:10.843,C3:00:00:63:4D:08,-49,127,1.5,5.5,1.5
1783009270849,2026-07-02 18:21:10.849,C3:00:00:63:4D:07,-56,127,1.5,5.5,1.5
1783009270855,2026-07-02 18:21:10.855,C3:00:00:63:4C:D2,-63,127,1.5,5.5,1.5
1783009270864,2026-07-02 18:21:10.864,C3:00:00:63:4C:D2,-63,127,1.5,5.5,1.5
1783009270866,2026-07-02 18:21:10.866,C3:00:00:63:4D:09,-54,127,1.5,5.5,1.5
1783009270885,2026-07-02 18:21:10.885,C3:00:00:63:4D:08,-49,127,1.5,5.5,1.5
1783009270909,2026-07-02 18:21:10.909,C3:00:00:63:4D:08,-54,127,1.5,5.5,1.5
1783009270921,2026-07-02 18:21:10.921,C3:00:00:63:4D:09,-54,127,1.5,5.5,1.5
1783009270932,2026-07-02 18:21:10.932,C3:00:00:63:4D:04,-65,127,1.5,5.5,1.5
1783009270954,2026-07-02 18:21:10.954,C3:00:00:63:4D:08,-47,127,1.5,5.5,1.5
1783009270959,2026-07-02 18:21:10.959,C3:00:00:63:4D:0D,-52,127,1.5,5.5,1.5
1783009270971,2026-07-02 18:21:10.971,C3:00:00:63:4D:07,-53,127,1.5,5.5,1.5
1783009270977,2026-07-02 18:21:10.977,C3:00:00:63:4C:D2,-62,127,1.5,5.5,1.5
1783009270981,2026-07-02 18:21:10.981,C3:00:00:63:4D:05,-57,127,1.5,5.5,1.5
1783009270997,2026-07-02 18:21:10.997,C3:00:00:63:4D:09,-59,127,1.5,5.5,1.5
1783009271030,2026-07-02 18:21:11.030,C3:00:00:63:4D:09,-59,127,1.5,5.5,1.5
1783009271033,2026-07-02 18:21:11.033,C3:00:00:63:4D:04,-61,127,1.5,5.5,1.5
1783009271051,2026-07-02 18:21:11.051,C3:00:00:63:4D:0A,-65,127,1.5,5.5,1.5
1783009271060,2026-07-02 18:21:11.060,C3:00:00:63:4D:08,-50,127,1.5,5.5,1.5
1783009271070,2026-07-02 18:21:11.070,C3:00:00:63:4D:0D,-54,127,1.5,5.5,1.5
1783009271087,2026-07-02 18:21:11.087,C3:00:00:63:4D:05,-63,127,1.5,5.5,1.5
1783009271095,2026-07-02 18:21:11.095,C3:00:00:63:4C:D2,-64,127,1.5,5.5,1.5
1783009271145,2026-07-02 18:21:11.145,C3:00:00:63:4D:09,-54,127,1.5,5.5,1.5
1783009271150,2026-07-02 18:21:11.150,C3:00:00:63:4D:04,-61,127,1.5,5.5,1.5
1783009271162,2026-07-02 18:21:11.162,C3:00:00:63:4D:0A,-65,127,1.5,5.5,1.5
1783009271176,2026-07-02 18:21:11.176,C3:00:00:63:4D:05,-56,127,1.5,5.5,1.5
1783009271182,2026-07-02 18:21:11.182,C3:00:00:63:4D:0A,-66,127,1.5,5.5,1.5
1783009271218,2026-07-02 18:21:11.218,C3:00:00:63:4D:07,-54,127,1.5,5.5,1.5
1783009271223,2026-07-02 18:21:11.223,C3:00:00:63:4D:05,-57,127,1.5,5.5,1.5
1783009271304,2026-07-02 18:21:11.304,C3:00:00:63:4D:0A,-67,127,1.5,5.5,1.5
1783009271313,2026-07-02 18:21:11.313,C3:00:00:63:4C:D2,-65,127,1.5,5.5,1.5
1783009271346,2026-07-02 18:21:11.346,C3:00:00:63:4D:08,-50,127,1.5,5.5,1.5
1783009271381,2026-07-02 18:21:11.381,C3:00:00:63:4D:0D,-54,127,1.5,5.5,1.5
1783009271387,2026-07-02 18:21:11.387,C3:00:00:63:4D:08,-51,127,1.5,5.5,1.5
1783009271474,2026-07-02 18:21:11.474,C3:00:00:63:4D:04,-62,127,1.5,5.5,1.5
1783009271513,2026-07-02 18:21:11.513,C3:00:00:63:4D:0A,-65,127,1.5,5.5,1.5
1783009271539,2026-07-02 18:21:11.539,C3:00:00:63:4D:07,-53,127,1.5,5.5,1.5
1783009271543,2026-07-02 18:21:11.543,C3:00:00:63:4D:05,-58,127,1.5,5.5,1.5
1783009271582,2026-07-02 18:21:11.582,C3:00:00:63:4D:04,-71,127,1.5,5.5,1.5
1783009271595,2026-07-02 18:21:11.595,C3:00:00:63:4D:0D,-54,127,1.5,5.5,1.5
1783009271606,2026-07-02 18:21:11.606,C3:00:00:63:4D:08,-51,127,1.5,5.5,1.5
1783009271615,2026-07-02 18:21:11.615,C3:00:00:63:4D:09,-60,127,1.5,5.5,1.5
1783009271648,2026-07-02 18:21:11.648,C3:00:00:63:4D:07,-60,127,1.5,5.5,1.5
1783009271654,2026-07-02 18:21:11.654,C3:00:00:63:4C:D2,-64,127,1.5,5.5,1.5
1783009271662,2026-07-02 18:21:11.662,C3:00:00:63:4D:05,-68,127,1.5,5.5,1.5
1783009271734,2026-07-02 18:21:11.734,C3:00:00:63:4D:0A,-65,127,1.5,5.5,1.5
1783009271797,2026-07-02 18:21:11.797,C3:00:00:63:4D:04,-66,127,1.5,5.5,1.5
1783009271824,2026-07-02 18:21:11.824,C3:00:00:63:4D:08,-46,127,1.5,5.5,1.5
1783009271828,2026-07-02 18:21:11.828,C3:00:00:63:4D:09,-55,127,1.5,5.5,1.5
1783009271884,2026-07-02 18:21:11.884,C3:00:00:63:4C:D2,-64,127,1.5,5.5,1.5
1783009271889,2026-07-02 18:21:11.889,C3:00:00:63:4D:09,-56,127,1.5,5.5,1.5
1783009271894,2026-07-02 18:21:11.894,C3:00:00:63:4D:07,-52,127,1.5,5.5,1.5
1783009271930,2026-07-02 18:21:11.930,C3:00:00:63:4D:08,-50,127,1.5,5.5,1.5
1783009271943,2026-07-02 18:21:11.943,C3:00:00:63:4D:09,-58,127,1.5,5.5,1.5
1783009272006,2026-07-02 18:21:12.006,C3:00:00:63:4C:D2,-59,127,1.5,5.5,1.5
1783009272060,2026-07-02 18:21:12.060,C3:00:00:63:4D:09,-53,127,1.5,5.5,1.5
1783009272073,2026-07-02 18:21:12.073,C3:00:00:63:4D:0A,-65,127,1.5,5.5,1.5
1783009272115,2026-07-02 18:21:12.115,C3:00:00:63:4D:0D,-51,127,1.5,5.5,1.5
1783009272120,2026-07-02 18:21:12.120,C3:00:00:63:4D:05,-58,127,1.5,5.5,1.5
1783009272131,2026-07-02 18:21:12.131,C3:00:00:63:4D:04,-63,127,1.5,5.5,1.5
1783009272143,2026-07-02 18:21:12.143,C3:00:00:63:4D:05,-66,127,1.5,5.5,1.5
1783009272153,2026-07-02 18:21:12.153,C3:00:00:63:4D:08,-47,127,1.5,5.5,1.5
1783009272164,2026-07-02 18:21:12.164,C3:00:00:63:4D:0D,-50,127,1.5,5.5,1.5
1783009272168,2026-07-02 18:21:12.168,C3:00:00:63:4D:09,-57,127,1.5,5.5,1.5
1783009272175,2026-07-02 18:21:12.175,C3:00:00:63:4D:0A,-63,127,1.5,5.5,1.5
1783009272218,2026-07-02 18:21:12.218,C3:00:00:63:4D:0D,-53,127,1.5,5.5,1.5
1783009272231,2026-07-02 18:21:12.231,C3:00:00:63:4D:07,-58,127,1.5,5.5,1.5
1783009272238,2026-07-02 18:21:12.238,C3:00:00:63:4D:0A,-68,127,1.5,5.5,1.5
1783009272244,2026-07-02 18:21:12.244,C3:00:00:63:4C:D2,-63,127,1.5,5.5,1.5
1783009272251,2026-07-02 18:21:12.251,C3:00:00:63:4D:04,-66,127,1.5,5.5,1.5
1783009272253,2026-07-02 18:21:12.253,C3:00:00:63:4D:05,-64,127,1.5,5.5,1.5
1783009272262,2026-07-02 18:21:12.262,C3:00:00:63:4D:08,-50,127,1.5,5.5,1.5
1783009272283,2026-07-02 18:21:12.283,C3:00:00:63:4D:09,-58,127,1.5,5.5,1.5
1783009272296,2026-07-02 18:21:12.296,C3:00:00:63:4D:0A,-67,127,1.5,5.5,1.5
1783009272312,2026-07-02 18:21:12.312,C3:00:00:63:4C:D2,-67,127,1.5,5.5,1.5
1783009272321,2026-07-02 18:21:12.321,C3:00:00:63:4D:0D,-53,127,1.5,5.5,1.5
1783009272343,2026-07-02 18:21:12.343,C3:00:00:63:4C:D2,-63,127,1.5,5.5,1.5
1783009272350,2026-07-02 18:21:12.350,C3:00:00:63:4D:05,-55,127,1.5,5.5,1.5
1783009272361,2026-07-02 18:21:12.361,C3:00:00:63:4D:08,-49,127,1.5,5.5,1.5
1783009272382,2026-07-02 18:21:12.382,C3:00:00:63:4D:07,-56,127,1.5,5.5,1.5
1783009272397,2026-07-02 18:21:12.397,C3:00:00:63:4D:09,-57,127,1.5,5.5,1.5
1783009272416,2026-07-02 18:21:12.416,C3:00:00:63:4D:0A,-64,127,1.5,5.5,1.5
1783009272428,2026-07-02 18:21:12.428,C3:00:00:63:4D:0D,-50,127,1.5,5.5,1.5
1783009272458,2026-07-02 18:21:12.458,C3:00:00:63:4D:04,-65,127,1.5,5.5,1.5
1783009272463,2026-07-02 18:21:12.463,C3:00:00:63:4D:05,-58,127,1.5,5.5,1.5
1783009272471,2026-07-02 18:21:12.471,C3:00:00:63:4D:07,-53,127,1.5,5.5,1.5
1783009272479,2026-07-02 18:21:12.479,C3:00:00:63:4D:08,-48,127,1.5,5.5,1.5
1783009272514,2026-07-02 18:21:12.514,C3:00:00:63:4D:09,-58,127,1.5,5.5,1.5
1783009272522,2026-07-02 18:21:12.522,C3:00:00:63:4D:0A,-64,127,1.5,5.5,1.5
1783009272533,2026-07-02 18:21:12.533,C3:00:00:63:4D:0D,-54,127,1.5,5.5,1.5
1783009272564,2026-07-02 18:21:12.564,C3:00:00:63:4D:04,-64,127,1.5,5.5,1.5
1783009272584,2026-07-02 18:21:12.584,C3:00:00:63:4D:08,-50,127,1.5,5.5,1.5
1783009272612,2026-07-02 18:21:12.612,C3:00:00:63:4D:08,-48,127,1.5,5.5,1.5
1783009272626,2026-07-02 18:21:12.626,C3:00:00:63:4D:09,-54,127,1.5,5.5,1.5
1783009272632,2026-07-02 18:21:12.632,C3:00:00:63:4D:0A,-68,127,1.5,5.5,1.5
1783009272638,2026-07-02 18:21:12.638,C3:00:00:63:4D:0D,-53,127,1.5,5.5,1.5
1783009272657,2026-07-02 18:21:12.657,C3:00:00:63:4D:0D,-52,127,1.5,5.5,1.5
1783009272680,2026-07-02 18:21:12.680,C3:00:00:63:4D:0D,-53,127,1.5,5.5,1.5
1783009272689,2026-07-02 18:21:12.689,C3:00:00:63:4D:08,-49,127,1.5,5.5,1.5
1783009272695,2026-07-02 18:21:12.695,C3:00:00:63:4D:07,-56,127,1.5,5.5,1.5
1783009272738,2026-07-02 18:21:12.738,C3:00:00:63:4D:0D,-51,127,1.5,5.5,1.5
1783009272744,2026-07-02 18:21:12.744,C3:00:00:63:4D:0A,-64,127,1.5,5.5,1.5
1783009272786,2026-07-02 18:21:12.786,C3:00:00:63:4D:04,-65,127,1.5,5.5,1.5
1783009272808,2026-07-02 18:21:12.808,C3:00:00:63:4D:08,-50,127,1.5,5.5,1.5
1783009272813,2026-07-02 18:21:12.813,C3:00:00:63:4D:07,-60,127,1.5,5.5,1.5
1783009272817,2026-07-02 18:21:12.817,C3:00:00:63:4D:05,-63,127,1.5,5.5,1.5
1783009272854,2026-07-02 18:21:12.854,C3:00:00:63:4D:09,-57,127,1.5,5.5,1.5
1783009272868,2026-07-02 18:21:12.868,C3:00:00:63:4D:0A,-64,127,1.5,5.5,1.5
1783009272891,2026-07-02 18:21:12.891,C3:00:00:63:4D:09,-58,127,1.5,5.5,1.5
1783009272896,2026-07-02 18:21:12.896,C3:00:00:63:4D:04,-64,127,1.5,5.5,1.5
1783009272914,2026-07-02 18:21:12.914,C3:00:00:63:4D:08,-47,127,1.5,5.5,1.5
1783009272931,2026-07-02 18:21:12.931,C3:00:00:63:4D:05,-55,127,1.5,5.5,1.5
1783009272969,2026-07-02 18:21:12.969,C3:00:00:63:4D:09,-54,127,1.5,5.5,1.5
1783009272975,2026-07-02 18:21:12.975,C3:00:00:63:4D:0A,-68,127,1.5,5.5,1.5
1783009272991,2026-07-02 18:21:12.991,C3:00:00:63:4D:09,-54,127,1.5,5.5,1.5
1783009273000,2026-07-02 18:21:13.000,C3:00:00:63:4D:04,-65,127,1.5,5.5,1.5
1783009273024,2026-07-02 18:21:13.024,C3:00:00:63:4D:08,-48,127,1.5,5.5,1.5
1783009273029,2026-07-02 18:21:13.029,C3:00:00:63:4D:04,-65,127,1.5,5.5,1.5
1783009273036,2026-07-02 18:21:13.036,C3:00:00:63:4D:07,-54,127,1.5,5.5,1.5
1783009273043,2026-07-02 18:21:13.043,C3:00:00:63:4D:05,-57,127,1.5,5.5,1.5
1783009273053,2026-07-02 18:21:13.053,C3:00:00:63:4D:0D,-50,127,1.5,5.5,1.5
1783009273089,2026-07-02 18:21:13.089,C3:00:00:63:4D:0A,-64,127,1.5,5.5,1.5
1783009273096,2026-07-02 18:21:13.096,C3:00:00:63:4D:09,-57,127,1.5,5.5,1.5
1783009273112,2026-07-02 18:21:13.112,C3:00:00:63:4D:04,-66,127,1.5,5.5,1.5
1783009273127,2026-07-02 18:21:13.127,C3:00:00:63:4D:08,-50,127,1.5,5.5,1.5
1783009273154,2026-07-02 18:21:13.154,C3:00:00:63:4D:07,-60,127,1.5,5.5,1.5
1783009273159,2026-07-02 18:21:13.159,C3:00:00:63:4C:D2,-64,127,1.5,5.5,1.5
1783009273165,2026-07-02 18:21:13.165,C3:00:00:63:4D:05,-63,127,1.5,5.5,1.5
1783009273167,2026-07-02 18:21:13.167,C3:00:00:63:4D:0D,-54,127,1.5,5.5,1.5
1783009273208,2026-07-02 18:21:13.208,C3:00:00:63:4D:05,-55,127,1.5,5.5,1.5
1783009273211,2026-07-02 18:21:13.211,C3:00:00:63:4D:04,-64,127,1.5,5.5,1.5
1783009273226,2026-07-02 18:21:13.226,C3:00:00:63:4D:07,-56,127,1.5,5.5,1.5
1783009273237,2026-07-02 18:21:13.237,C3:00:00:63:4D:08,-49,127,1.5,5.5,1.5
1783009273266,2026-07-02 18:21:13.266,C3:00:00:63:4C:D2,-60,127,1.5,5.5,1.5
1783009273272,2026-07-02 18:21:13.272,C3:00:00:63:4D:0D,-54,127,1.5,5.5,1.5
1783009273278,2026-07-02 18:21:13.278,C3:00:00:63:4D:05,-55,127,1.5,5.5,1.5
1783009273287,2026-07-02 18:21:13.287,C3:00:00:63:4D:0A,-68,127,1.5,5.5,1.5
1783009273334,2026-07-02 18:21:13.334,C3:00:00:63:4D:04,-67,127,1.5,5.5,1.5
1783009273357,2026-07-02 18:21:13.357,C3:00:00:63:4D:08,-47,127,1.5,5.5,1.5
1783009273364,2026-07-02 18:21:13.364,C3:00:00:63:4D:04,-68,127,1.5,5.5,1.5
1783009273381,2026-07-02 18:21:13.381,C3:00:00:63:4D:08,-47,127,1.5,5.5,1.5
1783009273383,2026-07-02 18:21:13.383,C3:00:00:63:4D:0D,-50,127,1.5,5.5,1.5
1783009273388,2026-07-02 18:21:13.388,C3:00:00:63:4D:07,-53,127,1.5,5.5,1.5
1783009273389,2026-07-02 18:21:13.389,C3:00:00:63:4C:D2,-62,127,1.5,5.5,1.5
1783009273393,2026-07-02 18:21:13.393,C3:00:00:63:4D:04,-69,127,1.5,5.5,1.5
1783009273424,2026-07-02 18:21:13.424,C3:00:00:63:4D:0A,-65,127,1.5,5.5,1.5
1783009273426,2026-07-02 18:21:13.426,C3:00:00:63:4D:09,-58,127,1.5,5.5,1.5
1783009273438,2026-07-02 18:21:13.438,C3:00:00:63:4D:04,-63,127,1.5,5.5,1.5
1783009273460,2026-07-02 18:21:13.460,C3:00:00:63:4D:08,-50,127,1.5,5.5,1.5
1783009273485,2026-07-02 18:21:13.485,C3:00:00:63:4D:0D,-54,127,1.5,5.5,1.5
1783009273542,2026-07-02 18:21:13.542,C3:00:00:63:4D:09,-53,127,1.5,5.5,1.5
1783009273546,2026-07-02 18:21:13.546,C3:00:00:63:4D:0A,-66,127,1.5,5.5,1.5
1783009273549,2026-07-02 18:21:13.549,C3:00:00:63:4D:04,-66,127,1.5,5.5,1.5
1783009273566,2026-07-02 18:21:13.566,C3:00:00:63:4D:08,-48,127,1.5,5.5,1.5
1783009273588,2026-07-02 18:21:13.588,C3:00:00:63:4D:0D,-54,127,1.5,5.5,1.5
1783009273610,2026-07-02 18:21:13.610,C3:00:00:63:4D:07,-53,127,1.5,5.5,1.5
1783009273619,2026-07-02 18:21:13.619,C3:00:00:63:4D:05,-58,127,1.5,5.5,1.5
1783009273621,2026-07-02 18:21:13.621,C3:00:00:63:4C:D2,-62,127,1.5,5.5,1.5
1783009273652,2026-07-02 18:21:13.652,C3:00:00:63:4D:04,-65,127,1.5,5.5,1.5
1783009273658,2026-07-02 18:21:13.658,C3:00:00:63:4D:0A,-63,127,1.5,5.5,1.5
1783009273661,2026-07-02 18:21:13.661,C3:00:00:63:4D:09,-55,127,1.5,5.5,1.5
1783009273671,2026-07-02 18:21:13.671,C3:00:00:63:4D:08,-47,127,1.5,5.5,1.5
1783009273688,2026-07-02 18:21:13.688,C3:00:00:63:4D:0D,-54,127,1.5,5.5,1.5
1783009273724,2026-07-02 18:21:13.724,C3:00:00:63:4D:07,-59,127,1.5,5.5,1.5
1783009273761,2026-07-02 18:21:13.761,C3:00:00:63:4D:04,-63,127,1.5,5.5,1.5
1783009273767,2026-07-02 18:21:13.767,C3:00:00:63:4D:0A,-66,127,1.5,5.5,1.5
1783009273772,2026-07-02 18:21:13.772,C3:00:00:63:4D:09,-60,127,1.5,5.5,1.5
1783009273789,2026-07-02 18:21:13.789,C3:00:00:63:4D:08,-50,127,1.5,5.5,1.5
1783009273793,2026-07-02 18:21:13.793,C3:00:00:63:4D:0D,-54,127,1.5,5.5,1.5
1783009273831,2026-07-02 18:21:13.831,C3:00:00:63:4C:D2,-60,127,1.5,5.5,1.5
1783009273838,2026-07-02 18:21:13.838,C3:00:00:63:4D:07,-55,127,1.5,5.5,1.5
1783009273843,2026-07-02 18:21:13.843,C3:00:00:63:4D:05,-55,127,1.5,5.5,1.5
1783009273854,2026-07-02 18:21:13.854,C3:00:00:63:4C:D2,-60,127,1.5,5.5,1.5
1783009273872,2026-07-02 18:21:13.872,C3:00:00:63:4D:04,-65,127,1.5,5.5,1.5
1783009273878,2026-07-02 18:21:13.878,C3:00:00:63:4D:0A,-66,127,1.5,5.5,1.5
1783009273891,2026-07-02 18:21:13.891,C3:00:00:63:4D:08,-49,127,1.5,5.5,1.5
1783009273955,2026-07-02 18:21:13.955,C3:00:00:63:4D:09,-61,127,1.5,5.5,1.5
1783009273960,2026-07-02 18:21:13.960,C3:00:00:63:4D:0D,-58,127,1.5,5.5,1.5
1783009273966,2026-07-02 18:21:13.966,C3:00:00:63:4D:07,-53,127,1.5,5.5,1.5
1783009273973,2026-07-02 18:21:13.973,C3:00:00:63:4C:D2,-63,127,1.5,5.5,1.5
1783009273985,2026-07-02 18:21:13.985,C3:00:00:63:4D:04,-64,127,1.5,5.5,1.5
1783009273993,2026-07-02 18:21:13.993,C3:00:00:63:4D:0A,-63,127,1.5,5.5,1.5
1783009274000,2026-07-02 18:21:14.000,C3:00:00:63:4D:09,-58,127,1.5,5.5,1.5
1783009274006,2026-07-02 18:21:14.006,C3:00:00:63:4D:0D,-51,127,1.5,5.5,1.5
1783009274012,2026-07-02 18:21:14.012,C3:00:00:63:4D:08,-48,127,1.5,5.5,1.5
1783009274018,2026-07-02 18:21:14.018,C3:00:00:63:4D:05,-66,127,1.5,5.5,1.5
1783009274072,2026-07-02 18:21:14.072,C3:00:00:63:4D:07,-58,127,1.5,5.5,1.5
1783009274074,2026-07-02 18:21:14.074,C3:00:00:63:4D:05,-65,127,1.5,5.5,1.5
1783009274078,2026-07-02 18:21:14.078,C3:00:00:63:4C:D2,-63,127,1.5,5.5,1.5
1783009274091,2026-07-02 18:21:14.091,C3:00:00:63:4D:04,-63,127,1.5,5.5,1.5
1783009274106,2026-07-02 18:21:14.106,C3:00:00:63:4D:08,-48,127,1.5,5.5,1.5
1783009274114,2026-07-02 18:21:14.114,C3:00:00:63:4D:07,-63,127,1.5,5.5,1.5
1783009274116,2026-07-02 18:21:14.116,C3:00:00:63:4D:09,-54,127,1.5,5.5,1.5
1783009274171,2026-07-02 18:21:14.171,C3:00:00:63:4D:0D,-54,127,1.5,5.5,1.5
1783009274177,2026-07-02 18:21:14.177,C3:00:00:63:4D:07,-56,127,1.5,5.5,1.5
1783009274192,2026-07-02 18:21:14.192,C3:00:00:63:4D:05,-55,127,1.5,5.5,1.5
1783009274202,2026-07-02 18:21:14.202,C3:00:00:63:4D:04,-66,127,1.5,5.5,1.5
1783009274211,2026-07-02 18:21:14.211,C3:00:00:63:4D:0A,-71,127,1.5,5.5,1.5
1783009274222,2026-07-02 18:21:14.222,C3:00:00:63:4D:08,-47,127,1.5,5.5,1.5
1783009274225,2026-07-02 18:21:14.225,C3:00:00:63:4D:09,-55,127,1.5,5.5,1.5
1783009274227,2026-07-02 18:21:14.227,C3:00:00:63:4D:0A,-63,127,1.5,5.5,1.5
1783009274301,2026-07-02 18:21:14.301,C3:00:00:63:4D:07,-59,127,1.5,5.5,1.5
1783009274309,2026-07-02 18:21:14.309,C3:00:00:63:4D:04,-64,127,1.5,5.5,1.5
1783009274327,2026-07-02 18:21:14.327,C3:00:00:63:4D:0D,-54,127,1.5,5.5,1.5
1783009274331,2026-07-02 18:21:14.331,C3:00:00:63:4D:0A,-65,127,1.5,5.5,1.5
1783009274334,2026-07-02 18:21:14.334,C3:00:00:63:4D:08,-49,127,1.5,5.5,1.5
1783009274343,2026-07-02 18:21:14.343,C3:00:00:63:4D:09,-59,127,1.5,5.5,1.5
1783009274379,2026-07-02 18:21:14.379,C3:00:00:63:4D:07,-60,127,1.5,5.5,1.5
1783009274418,2026-07-02 18:21:14.418,C3:00:00:63:4D:07,-56,127,1.5,5.5,1.5
1783009274424,2026-07-02 18:21:14.424,C3:00:00:63:4D:04,-66,127,1.5,5.5,1.5
1783009274439,2026-07-02 18:21:14.439,C3:00:00:63:4D:08,-48,127,1.5,5.5,1.5
1783009274451,2026-07-02 18:21:14.451,C3:00:00:63:4D:0A,-68,127,1.5,5.5,1.5
1783009274458,2026-07-02 18:21:14.458,C3:00:00:63:4D:09,-54,127,1.5,5.5,1.5
1783009274525,2026-07-02 18:21:14.525,C3:00:00:63:4D:04,-68,127,1.5,5.5,1.5
1783009274534,2026-07-02 18:21:14.534,C3:00:00:63:4C:D2,-62,127,1.5,5.5,1.5
1783009274551,2026-07-02 18:21:14.551,C3:00:00:63:4D:08,-47,127,1.5,5.5,1.5
1783009274561,2026-07-02 18:21:14.561,C3:00:00:63:4D:0A,-63,127,1.5,5.5,1.5
1783009274616,2026-07-02 18:21:14.616,C3:00:00:63:4D:08,-49,127,1.5,5.5,1.5
1783009274642,2026-07-02 18:21:14.642,C3:00:00:63:4D:0D,-53,127,1.5,5.5,1.5
1783009274648,2026-07-02 18:21:14.648,C3:00:00:63:4D:04,-64,127,1.5,5.5,1.5
1783009274654,2026-07-02 18:21:14.654,C3:00:00:63:4D:07,-60,127,1.5,5.5,1.5
1783009274658,2026-07-02 18:21:14.658,C3:00:00:63:4D:05,-65,127,1.5,5.5,1.5
1783009274660,2026-07-02 18:21:14.660,C3:00:00:63:4D:08,-49,127,1.5,5.5,1.5
1783009274668,2026-07-02 18:21:14.668,C3:00:00:63:4D:0A,-65,127,1.5,5.5,1.5
1783009274676,2026-07-02 18:21:14.676,C3:00:00:63:4D:09,-59,127,1.5,5.5,1.5
1783009274682,2026-07-02 18:21:14.682,C3:00:00:63:4C:D2,-63,127,1.5,5.5,1.5
1783009274735,2026-07-02 18:21:14.735,C3:00:00:63:4D:0D,-57,127,1.5,5.5,1.5
1783009274742,2026-07-02 18:21:14.742,C3:00:00:63:4D:04,-64,127,1.5,5.5,1.5
1783009274770,2026-07-02 18:21:14.770,C3:00:00:63:4D:08,-49,127,1.5,5.5,1.5
1783009274774,2026-07-02 18:21:14.774,C3:00:00:63:4C:D2,-61,127,1.5,5.5,1.5
1783009274784,2026-07-02 18:21:14.784,C3:00:00:63:4D:0A,-66,127,1.5,5.5,1.5
1783009274791,2026-07-02 18:21:14.791,C3:00:00:63:4D:09,-55,127,1.5,5.5,1.5
1783009274846,2026-07-02 18:21:14.846,C3:00:00:63:4D:0D,-51,127,1.5,5.5,1.5
1783009274866,2026-07-02 18:21:14.866,C3:00:00:63:4D:04,-65,127,1.5,5.5,1.5
1783009274875,2026-07-02 18:21:14.875,C3:00:00:63:4D:07,-53,127,1.5,5.5,1.5
1783009274884,2026-07-02 18:21:14.884,C3:00:00:63:4C:D2,-63,127,1.5,5.5,1.5
1783009274893,2026-07-02 18:21:14.893,C3:00:00:63:4D:09,-55,127,1.5,5.5,1.5
1783009274900,2026-07-02 18:21:14.900,C3:00:00:63:4D:0A,-65,127,1.5,5.5,1.5
1783009274902,2026-07-02 18:21:14.902,C3:00:00:63:4D:08,-48,127,1.5,5.5,1.5
1783009274906,2026-07-02 18:21:14.906,C3:00:00:63:4C:D2,-63,127,1.5,5.5,1.5
1783009274910,2026-07-02 18:21:14.910,C3:00:00:63:4D:09,-58,127,1.5,5.5,1.5
1783009274912,2026-07-02 18:21:14.912,C3:00:00:63:4D:08,-55,127,1.5,5.5,1.5
1783009274954,2026-07-02 18:21:14.954,C3:00:00:63:4D:0D,-51,127,1.5,5.5,1.5
1783009274966,2026-07-02 18:21:14.966,C3:00:00:63:4D:04,-64,127,1.5,5.5,1.5
1783009274990,2026-07-02 18:21:14.990,C3:00:00:63:4D:08,-48,127,1.5,5.5,1.5
1783009274996,2026-07-02 18:21:14.996,C3:00:00:63:4D:05,-66,127,1.5,5.5,1.5
1783009275002,2026-07-02 18:21:15.002,C3:00:00:63:4D:09,-54,127,1.5,5.5,1.5
1783009275011,2026-07-02 18:21:15.011,C3:00:00:63:4D:0A,-66,127,1.5,5.5,1.5
1783009275018,2026-07-02 18:21:15.018,C3:00:00:63:4D:09,-54,127,1.5,5.5,1.5
1783009275055,2026-07-02 18:21:15.055,C3:00:00:63:4D:0D,-57,127,1.5,5.5,1.5
1783009275068,2026-07-02 18:21:15.068,C3:00:00:63:4D:04,-64,127,1.5,5.5,1.5
1783009275088,2026-07-02 18:21:15.088,C3:00:00:63:4D:08,-49,127,1.5,5.5,1.5
1783009275104,2026-07-02 18:21:15.104,C3:00:00:63:4D:07,-53,127,1.5,5.5,1.5
1783009275108,2026-07-02 18:21:15.108,C3:00:00:63:4D:05,-58,127,1.5,5.5,1.5
1783009275117,2026-07-02 18:21:15.117,C3:00:00:63:4D:0A,-63,127,1.5,5.5,1.5
1783009275139,2026-07-02 18:21:15.139,C3:00:00:63:4D:09,-54,127,1.5,5.5,1.5
1783009275162,2026-07-02 18:21:15.162,C3:00:00:63:4D:0D,-51,127,1.5,5.5,1.5
1783009275188,2026-07-02 18:21:15.188,C3:00:00:63:4D:04,-65,127,1.5,5.5,1.5
1783009275200,2026-07-02 18:21:15.200,C3:00:00:63:4D:05,-58,127,1.5,5.5,1.5
1783009275208,2026-07-02 18:21:15.208,C3:00:00:63:4D:0A,-64,127,1.5,5.5,1.5
1783009275212,2026-07-02 18:21:15.212,C3:00:00:63:4D:08,-48,127,1.5,5.5,1.5
1783009275223,2026-07-02 18:21:15.223,C3:00:00:63:4D:07,-58,127,1.5,5.5,1.5
1783009275228,2026-07-02 18:21:15.228,C3:00:00:63:4C:D2,-62,127,1.5,5.5,1.5
1783009275230,2026-07-02 18:21:15.230,C3:00:00:63:4D:0A,-65,127,1.5,5.5,1.5
1783009275238,2026-07-02 18:21:15.238,C3:00:00:63:4D:05,-66,127,1.5,5.5,1.5
1783009275240,2026-07-02 18:21:15.240,C3:00:00:63:4D:07,-58,127,1.5,5.5,1.5
1783009275248,2026-07-02 18:21:15.248,C3:00:00:63:4D:09,-58,127,1.5,5.5,1.5
1783009275288,2026-07-02 18:21:15.288,C3:00:00:63:4D:04,-64,127,1.5,5.5,1.5
1783009275306,2026-07-02 18:21:15.306,C3:00:00:63:4D:08,-49,127,1.5,5.5,1.5
1783009275338,2026-07-02 18:21:15.338,C3:00:00:63:4D:07,-56,127,1.5,5.5,1.5
1783009275343,2026-07-02 18:21:15.343,C3:00:00:63:4D:05,-56,127,1.5,5.5,1.5
1783009275346,2026-07-02 18:21:15.346,C3:00:00:63:4C:D2,-61,127,1.5,5.5,1.5
1783009275348,2026-07-02 18:21:15.348,C3:00:00:63:4D:0A,-66,127,1.5,5.5,1.5
1783009275367,2026-07-02 18:21:15.367,C3:00:00:63:4D:09,-51,127,1.5,5.5,1.5
1783009275371,2026-07-02 18:21:15.371,C3:00:00:63:4D:08,-49,127,1.5,5.5,1.5
1783009275374,2026-07-02 18:21:15.374,C3:00:00:63:4D:04,-64,127,1.5,5.5,1.5
1783009275388,2026-07-02 18:21:15.388,C3:00:00:63:4D:04,-65,127,1.5,5.5,1.5
1783009275417,2026-07-02 18:21:15.417,C3:00:00:63:4D:08,-46,127,1.5,5.5,1.5
1783009275423,2026-07-02 18:21:15.423,C3:00:00:63:4D:04,-65,127,1.5,5.5,1.5
1783009275456,2026-07-02 18:21:15.456,C3:00:00:63:4D:07,-53,127,1.5,5.5,1.5
1783009275462,2026-07-02 18:21:15.462,C3:00:00:63:4D:05,-59,127,1.5,5.5,1.5
1783009275474,2026-07-02 18:21:15.474,C3:00:00:63:4D:0D,-51,127,1.5,5.5,1.5
1783009275476,2026-07-02 18:21:15.476,C3:00:00:63:4D:09,-54,127,1.5,5.5,1.5
1783009275503,2026-07-02 18:21:15.503,C3:00:00:63:4D:04,-64,127,1.5,5.5,1.5
1783009275571,2026-07-02 18:21:15.571,C3:00:00:63:4D:07,-58,127,1.5,5.5,1.5
1783009275578,2026-07-02 18:21:15.578,C3:00:00:63:4D:05,-66,127,1.5,5.5,1.5
1783009275584,2026-07-02 18:21:15.584,C3:00:00:63:4C:D2,-62,127,1.5,5.5,1.5
1783009275589,2026-07-02 18:21:15.589,C3:00:00:63:4D:0A,-65,127,1.5,5.5,1.5
1783009275595,2026-07-02 18:21:15.595,C3:00:00:63:4D:0D,-51,127,1.5,5.5,1.5
1783009275599,2026-07-02 18:21:15.599,C3:00:00:63:4D:09,-54,127,1.5,5.5,1.5
1783009275615,2026-07-02 18:21:15.615,C3:00:00:63:4D:04,-63,127,1.5,5.5,1.5
1783009275633,2026-07-02 18:21:15.633,C3:00:00:63:4D:08,-49,127,1.5,5.5,1.5
1783009275677,2026-07-02 18:21:15.677,C3:00:00:63:4D:07,-56,127,1.5,5.5,1.5
1783009275682,2026-07-02 18:21:15.682,C3:00:00:63:4D:0D,-57,127,1.5,5.5,1.5
1783009275690,2026-07-02 18:21:15.690,C3:00:00:63:4C:D2,-62,127,1.5,5.5,1.5
1783009275693,2026-07-02 18:21:15.693,C3:00:00:63:4D:0A,-66,127,1.5,5.5,1.5
1783009275707,2026-07-02 18:21:15.707,C3:00:00:63:4D:09,-54,127,1.5,5.5,1.5
1783009275743,2026-07-02 18:21:15.743,C3:00:00:63:4D:08,-46,127,1.5,5.5,1.5
1783009275750,2026-07-02 18:21:15.750,C3:00:00:63:4D:04,-73,127,1.5,5.5,1.5
1783009275784,2026-07-02 18:21:15.784,C3:00:00:63:4D:0D,-51,127,1.5,5.5,1.5
1783009275798,2026-07-02 18:21:15.798,C3:00:00:63:4D:07,-59,127,1.5,5.5,1.5
1783009275830,2026-07-02 18:21:15.830,C3:00:00:63:4D:09,-59,127,1.5,5.5,1.5
1783009275836,2026-07-02 18:21:15.836,C3:00:00:63:4D:04,-64,127,1.5,5.5,1.5
1783009275840,2026-07-02 18:21:15.840,C3:00:00:63:4C:D2,-63,127,1.5,5.5,1.5
1783009275857,2026-07-02 18:21:15.857,C3:00:00:63:4D:08,-50,127,1.5,5.5,1.5
1783009275888,2026-07-02 18:21:15.888,C3:00:00:63:4D:09,-59,127,1.5,5.5,1.5
1783009275908,2026-07-02 18:21:15.908,C3:00:00:63:4D:0D,-53,127,1.5,5.5,1.5
1783009275910,2026-07-02 18:21:15.910,C3:00:00:63:4D:07,-56,127,1.5,5.5,1.5
1783009275931,2026-07-02 18:21:15.931,C3:00:00:63:4D:09,-54,127,1.5,5.5,1.5
1783009275938,2026-07-02 18:21:15.938,C3:00:00:63:4D:04,-66,127,1.5,5.5,1.5
1783009275968,2026-07-02 18:21:15.968,C3:00:00:63:4D:08,-48,127,1.5,5.5,1.5
1783009275997,2026-07-02 18:21:15.997,C3:00:00:63:4D:0D,-51,127,1.5,5.5,1.5
1783009276026,2026-07-02 18:21:16.026,C3:00:00:63:4C:D2,-62,127,1.5,5.5,1.5
1783009276034,2026-07-02 18:21:16.034,C3:00:00:63:4D:05,-58,127,1.5,5.5,1.5
1783009276046,2026-07-02 18:21:16.046,C3:00:00:63:4D:09,-56,127,1.5,5.5,1.5
1783009276077,2026-07-02 18:21:16.077,C3:00:00:63:4D:08,-47,127,1.5,5.5,1.5
1783009276098,2026-07-02 18:21:16.098,C3:00:00:63:4D:0D,-54,127,1.5,5.5,1.5
1783009276121,2026-07-02 18:21:16.121,C3:00:00:63:4D:05,-73,127,1.5,5.5,1.5
1783009276141,2026-07-02 18:21:16.141,C3:00:00:63:4C:D2,-63,127,1.5,5.5,1.5
1783009276156,2026-07-02 18:21:16.156,C3:00:00:63:4D:05,-65,127,1.5,5.5,1.5
1783009276178,2026-07-02 18:21:16.178,C3:00:00:63:4D:0D,-53,127,1.5,5.5,1.5
1783009276182,2026-07-02 18:21:16.182,C3:00:00:63:4D:08,-49,127,1.5,5.5,1.5
1783009276201,2026-07-02 18:21:16.201,C3:00:00:63:4D:0D,-54,127,1.5,5.5,1.5
1783009276225,2026-07-02 18:21:16.225,C3:00:00:63:4D:0A,-68,127,1.5,5.5,1.5
1783009276254,2026-07-02 18:21:16.254,C3:00:00:63:4D:0A,-68,127,1.5,5.5,1.5
1783009276258,2026-07-02 18:21:16.258,C3:00:00:63:4D:05,-56,127,1.5,5.5,1.5
1783009276266,2026-07-02 18:21:16.266,C3:00:00:63:4D:04,-66,127,1.5,5.5,1.5
1783009276276,2026-07-02 18:21:16.276,C3:00:00:63:4D:09,-53,127,1.5,5.5,1.5
1783009276293,2026-07-02 18:21:16.293,C3:00:00:63:4D:08,-47,127,1.5,5.5,1.5
1783009276319,2026-07-02 18:21:16.319,C3:00:00:63:4D:0D,-51,127,1.5,5.5,1.5
1783009276323,2026-07-02 18:21:16.323,C3:00:00:63:4C:D2,-70,127,1.5,5.5,1.5
1783009276363,2026-07-02 18:21:16.363,C3:00:00:63:4D:07,-53,127,1.5,5.5,1.5
1783009276370,2026-07-02 18:21:16.370,C3:00:00:63:4D:05,-58,127,1.5,5.5,1.5
1783009276378,2026-07-02 18:21:16.378,C3:00:00:63:4D:04,-67,127,1.5,5.5,1.5
1783009276397,2026-07-02 18:21:16.397,C3:00:00:63:4D:09,-59,127,1.5,5.5,1.5
1783009276403,2026-07-02 18:21:16.403,C3:00:00:63:4D:07,-60,127,1.5,5.5,1.5
1783009276406,2026-07-02 18:21:16.406,C3:00:00:63:4D:08,-50,127,1.5,5.5,1.5
1783009276421,2026-07-02 18:21:16.421,C3:00:00:63:4D:0D,-53,127,1.5,5.5,1.5
1783009276473,2026-07-02 18:21:16.473,C3:00:00:63:4D:0A,-64,127,1.5,5.5,1.5
1783009276487,2026-07-02 18:21:16.487,C3:00:00:63:4D:07,-59,127,1.5,5.5,1.5
1783009276503,2026-07-02 18:21:16.503,C3:00:00:63:4D:09,-54,127,1.5,5.5,1.5
1783009276508,2026-07-02 18:21:16.508,C3:00:00:63:4D:08,-48,127,1.5,5.5,1.5
1783009276516,2026-07-02 18:21:16.516,C3:00:00:63:4D:0D,-54,127,1.5,5.5,1.5
1783009276587,2026-07-02 18:21:16.587,C3:00:00:63:4D:0A,-68,127,1.5,5.5,1.5
1783009276595,2026-07-02 18:21:16.595,C3:00:00:63:4D:07,-53,127,1.5,5.5,1.5
1783009276599,2026-07-02 18:21:16.599,C3:00:00:63:4D:05,-58,127,1.5,5.5,1.5
1783009276600,2026-07-02 18:21:16.600,C3:00:00:63:4C:D2,-62,127,1.5,5.5,1.5
1783009276605,2026-07-02 18:21:16.605,C3:00:00:63:4D:08,-48,127,1.5,5.5,1.5
1783009276613,2026-07-02 18:21:16.613,C3:00:00:63:4D:09,-55,127,1.5,5.5,1.5
1783009276626,2026-07-02 18:21:16.626,C3:00:00:63:4D:0D,-51,127,1.5,5.5,1.5
1783009276630,2026-07-02 18:21:16.630,C3:00:00:63:4D:08,-47,127,1.5,5.5,1.5
1783009276648,2026-07-02 18:21:16.648,C3:00:00:63:4D:0D,-51,127,1.5,5.5,1.5
1783009276667,2026-07-02 18:21:16.667,C3:00:00:63:4D:0D,-51,127,1.5,5.5,1.5
1783009276704,2026-07-02 18:21:16.704,C3:00:00:63:4D:0A,-65,127,1.5,5.5,1.5
1783009276711,2026-07-02 18:21:16.711,C3:00:00:63:4D:07,-59,127,1.5,5.5,1.5
1783009276727,2026-07-02 18:21:16.727,C3:00:00:63:4D:08,-50,127,1.5,5.5,1.5
1783009276738,2026-07-02 18:21:16.738,C3:00:00:63:4D:09,-60,127,1.5,5.5,1.5
1783009276741,2026-07-02 18:21:16.741,C3:00:00:63:4D:0D,-54,127,1.5,5.5,1.5
1783009276806,2026-07-02 18:21:16.806,C3:00:00:63:4D:04,-65,127,1.5,5.5,1.5
1783009276812,2026-07-02 18:21:16.812,C3:00:00:63:4D:0A,-68,127,1.5,5.5,1.5
1783009276828,2026-07-02 18:21:16.828,C3:00:00:63:4D:07,-56,127,1.5,5.5,1.5
1783009276836,2026-07-02 18:21:16.836,C3:00:00:63:4D:05,-56,127,1.5,5.5,1.5
1783009276838,2026-07-02 18:21:16.838,C3:00:00:63:4D:0D,-52,127,1.5,5.5,1.5
1783009276845,2026-07-02 18:21:16.845,C3:00:00:63:4D:08,-49,127,1.5,5.5,1.5
1783009276847,2026-07-02 18:21:16.847,C3:00:00:63:4D:09,-54,127,1.5,5.5,1.5
1783009276898,2026-07-02 18:21:16.898,C3:00:00:63:4C:D2,-62,127,1.5,5.5,1.5
1783009276900,2026-07-02 18:21:16.900,C3:00:00:63:4D:09,-56,127,1.5,5.5,1.5
1783009276919,2026-07-02 18:21:16.919,C3:00:00:63:4D:04,-67,127,1.5,5.5,1.5
1783009276922,2026-07-02 18:21:16.922,C3:00:00:63:4D:0A,-63,127,1.5,5.5,1.5
1783009276940,2026-07-02 18:21:16.940,C3:00:00:63:4D:0D,-51,127,1.5,5.5,1.5
1783009276944,2026-07-02 18:21:16.944,C3:00:00:63:4D:08,-47,127,1.5,5.5,1.5
1783009276953,2026-07-02 18:21:16.953,C3:00:00:63:4D:07,-54,127,1.5,5.5,1.5
1783009276966,2026-07-02 18:21:16.966,C3:00:00:63:4D:09,-55,127,1.5,5.5,1.5
1783009276996,2026-07-02 18:21:16.996,C3:00:00:63:4D:09,-60,127,1.5,5.5,1.5
1783009277028,2026-07-02 18:21:17.028,C3:00:00:63:4D:04,-63,127,1.5,5.5,1.5
1783009277040,2026-07-02 18:21:17.040,C3:00:00:63:4D:0A,-65,127,1.5,5.5,1.5
1783009277054,2026-07-02 18:21:17.054,C3:00:00:63:4D:04,-63,127,1.5,5.5,1.5
1783009277064,2026-07-02 18:21:17.064,C3:00:00:63:4D:05,-65,127,1.5,5.5,1.5
1783009277067,2026-07-02 18:21:17.067,C3:00:00:63:4C:D2,-63,127,1.5,5.5,1.5
1783009277163,2026-07-02 18:21:17.163,C3:00:00:63:4D:08,-48,127,1.5,5.5,1.5
1783009277172,2026-07-02 18:21:17.172,C3:00:00:63:4C:D2,-60,127,1.5,5.5,1.5
1783009277183,2026-07-02 18:21:17.183,C3:00:00:63:4D:05,-56,127,1.5,5.5,1.5
1783009277202,2026-07-02 18:21:17.202,C3:00:00:63:4D:09,-55,127,1.5,5.5,1.5
1783009277204,2026-07-02 18:21:17.204,C3:00:00:63:4D:0A,-63,127,1.5,5.5,1.5
1783009277207,2026-07-02 18:21:17.207,C3:00:00:63:4D:05,-59,127,1.5,5.5,1.5
1783009277219,2026-07-02 18:21:17.219,C3:00:00:63:4D:05,-58,127,1.5,5.5,1.5
1783009277244,2026-07-02 18:21:17.244,C3:00:00:63:4D:07,-54,127,1.5,5.5,1.5
1783009277247,2026-07-02 18:21:17.247,C3:00:00:63:4D:04,-67,127,1.5,5.5,1.5
1783009277258,2026-07-02 18:21:17.258,C3:00:00:63:4D:0D,-51,127,1.5,5.5,1.5
1783009277269,2026-07-02 18:21:17.269,C3:00:00:63:4D:08,-47,127,1.5,5.5,1.5
1783009277283,2026-07-02 18:21:17.283,C3:00:00:63:4D:07,-54,127,1.5,5.5,1.5
1783009277294,2026-07-02 18:21:17.294,C3:00:00:63:4D:0A,-65,127,1.5,5.5,1.5
1783009277302,2026-07-02 18:21:17.302,C3:00:00:63:4D:05,-65,127,1.5,5.5,1.5
1783009277306,2026-07-02 18:21:17.306,C3:00:00:63:4C:D2,-63,127,1.5,5.5,1.5
1783009277363,2026-07-02 18:21:17.363,C3:00:00:63:4D:04,-63,127,1.5,5.5,1.5
1783009277367,2026-07-02 18:21:17.367,C3:00:00:63:4D:0D,-53,127,1.5,5.5,1.5
1783009277385,2026-07-02 18:21:17.385,C3:00:00:63:4D:0A,-64,127,1.5,5.5,1.5
1783009277395,2026-07-02 18:21:17.395,C3:00:00:63:4D:08,-49,127,1.5,5.5,1.5
1783009277402,2026-07-02 18:21:17.402,C3:00:00:63:4D:04,-63,127,1.5,5.5,1.5
1783009277403,2026-07-02 18:21:17.403,C3:00:00:63:4D:08,-49,127,1.5,5.5,1.5
1783009277405,2026-07-02 18:21:17.405,C3:00:00:63:4D:07,-56,127,1.5,5.5,1.5
1783009277411,2026-07-02 18:21:17.411,C3:00:00:63:4D:05,-56,127,1.5,5.5,1.5
1783009277420,2026-07-02 18:21:17.420,C3:00:00:63:4D:09,-54,127,1.5,5.5,1.5
1783009277460,2026-07-02 18:21:17.460,C3:00:00:63:4D:0D,-54,127,1.5,5.5,1.5
1783009277466,2026-07-02 18:21:17.466,C3:00:00:63:4D:04,-65,127,1.5,5.5,1.5
1783009277490,2026-07-02 18:21:17.490,C3:00:00:63:4D:08,-48,127,1.5,5.5,1.5
1783009277499,2026-07-02 18:21:17.499,C3:00:00:63:4D:0A,-68,127,1.5,5.5,1.5
1783009277515,2026-07-02 18:21:17.515,C3:00:00:63:4D:07,-53,127,1.5,5.5,1.5
1783009277534,2026-07-02 18:21:17.534,C3:00:00:63:4D:09,-55,127,1.5,5.5,1.5
1783009277573,2026-07-02 18:21:17.573,C3:00:00:63:4D:0D,-51,127,1.5,5.5,1.5
1783009277591,2026-07-02 18:21:17.591,C3:00:00:63:4D:04,-67,127,1.5,5.5,1.5
1783009277636,2026-07-02 18:21:17.636,C3:00:00:63:4D:07,-60,127,1.5,5.5,1.5
1783009277641,2026-07-02 18:21:17.641,C3:00:00:63:4C:D2,-63,127,1.5,5.5,1.5
1783009277647,2026-07-02 18:21:17.647,C3:00:00:63:4D:09,-59,127,1.5,5.5,1.5
1783009277680,2026-07-02 18:21:17.680,C3:00:00:63:4D:0D,-53,127,1.5,5.5,1.5
1783009277694,2026-07-02 18:21:17.694,C3:00:00:63:4D:04,-63,127,1.5,5.5,1.5
1783009277702,2026-07-02 18:21:17.702,C3:00:00:63:4D:08,-49,127,1.5,5.5,1.5
1783009277715,2026-07-02 18:21:17.715,C3:00:00:63:4D:0A,-68,127,1.5,5.5,1.5
1783009277753,2026-07-02 18:21:17.753,C3:00:00:63:4C:D2,-60,127,1.5,5.5,1.5
1783009277761,2026-07-02 18:21:17.761,C3:00:00:63:4D:09,-54,127,1.5,5.5,1.5
1783009277784,2026-07-02 18:21:17.784,C3:00:00:63:4D:0D,-54,127,1.5,5.5,1.5
1783009277794,2026-07-02 18:21:17.794,C3:00:00:63:4D:04,-66,127,1.5,5.5,1.5
1783009277815,2026-07-02 18:21:17.815,C3:00:00:63:4D:08,-47,127,1.5,5.5,1.5
1783009277835,2026-07-02 18:21:17.835,C3:00:00:63:4D:0A,-63,127,1.5,5.5,1.5
1783009277859,2026-07-02 18:21:17.859,C3:00:00:63:4D:07,-54,127,1.5,5.5,1.5
1783009277864,2026-07-02 18:21:17.864,C3:00:00:63:4D:09,-55,127,1.5,5.5,1.5
1783009277882,2026-07-02 18:21:17.882,C3:00:00:63:4D:0D,-51,127,1.5,5.5,1.5
1783009277911,2026-07-02 18:21:17.911,C3:00:00:63:4D:04,-63,127,1.5,5.5,1.5
1783009277947,2026-07-02 18:21:17.947,C3:00:00:63:4D:0A,-65,127,1.5,5.5,1.5
1783009277961,2026-07-02 18:21:17.961,C3:00:00:63:4D:09,-67,127,1.5,5.5,1.5
1783009277965,2026-07-02 18:21:17.965,C3:00:00:63:4D:0D,-61,127,1.5,5.5,1.5
1783009277971,2026-07-02 18:21:17.971,C3:00:00:63:4D:07,-59,127,1.5,5.5,1.5
1783009277983,2026-07-02 18:21:17.983,C3:00:00:63:4C:D2,-63,127,1.5,5.5,1.5
1783009277986,2026-07-02 18:21:17.986,C3:00:00:63:4D:09,-59,127,1.5,5.5,1.5
1783009277988,2026-07-02 18:21:17.988,C3:00:00:63:4D:05,-65,127,1.5,5.5,1.5
1783009278007,2026-07-02 18:21:18.007,C3:00:00:63:4D:04,-65,127,1.5,5.5,1.5
1783009278027,2026-07-02 18:21:18.027,C3:00:00:63:4D:08,-48,127,1.5,5.5,1.5
1783009278032,2026-07-02 18:21:18.032,C3:00:00:63:4D:05,-56,127,1.5,5.5,1.5
1783009278052,2026-07-02 18:21:18.052,C3:00:00:63:4D:0A,-68,127,1.5,5.5,1.5
1783009278089,2026-07-02 18:21:18.089,C3:00:00:63:4D:07,-56,127,1.5,5.5,1.5
1783009278091,2026-07-02 18:21:18.091,C3:00:00:63:4C:D2,-62,127,1.5,5.5,1.5
1783009278094,2026-07-02 18:21:18.094,C3:00:00:63:4D:0D,-51,127,1.5,5.5,1.5
1783009278097,2026-07-02 18:21:18.097,C3:00:00:63:4D:09,-55,127,1.5,5.5,1.5
1783009278118,2026-07-02 18:21:18.118,C3:00:00:63:4D:04,-67,127,1.5,5.5,1.5
1783009278138,2026-07-02 18:21:18.138,C3:00:00:63:4D:08,-47,127,1.5,5.5,1.5
1783009278170,2026-07-02 18:21:18.170,C3:00:00:63:4D:0A,-63,127,1.5,5.5,1.5
1783009278184,2026-07-02 18:21:18.184,C3:00:00:63:4D:0D,-51,127,1.5,5.5,1.5
1783009278200,2026-07-02 18:21:18.200,C3:00:00:63:4D:0D,-54,127,1.5,5.5,1.5
1783009278202,2026-07-02 18:21:18.202,C3:00:00:63:4D:07,-59,127,1.5,5.5,1.5
1783009278207,2026-07-02 18:21:18.207,C3:00:00:63:4C:D2,-63,127,1.5,5.5,1.5
1783009278213,2026-07-02 18:21:18.213,C3:00:00:63:4D:0A,-72,127,1.5,5.5,1.5
1783009278214,2026-07-02 18:21:18.214,C3:00:00:63:4D:09,-60,127,1.5,5.5,1.5
1783009278216,2026-07-02 18:21:18.216,C3:00:00:63:4D:05,-65,127,1.5,5.5,1.5
1783009278231,2026-07-02 18:21:18.231,C3:00:00:63:4D:04,-63,127,1.5,5.5,1.5
1783009278252,2026-07-02 18:21:18.252,C3:00:00:63:4D:08,-49,127,1.5,5.5,1.5
1783009278284,2026-07-02 18:21:18.284,C3:00:00:63:4D:0A,-65,127,1.5,5.5,1.5
1783009278312,2026-07-02 18:21:18.312,C3:00:00:63:4D:0D,-54,127,1.5,5.5,1.5
1783009278332,2026-07-02 18:21:18.332,C3:00:00:63:4D:09,-54,127,1.5,5.5,1.5
1783009278336,2026-07-02 18:21:18.336,C3:00:00:63:4D:05,-56,127,1.5,5.5,1.5
1783009278345,2026-07-02 18:21:18.345,C3:00:00:63:4D:04,-65,127,1.5,5.5,1.5
1783009278356,2026-07-02 18:21:18.356,C3:00:00:63:4D:08,-49,127,1.5,5.5,1.5
1783009278394,2026-07-02 18:21:18.394,C3:00:00:63:4D:0A,-63,127,1.5,5.5,1.5
1783009278404,2026-07-02 18:21:18.404,C3:00:00:63:4D:07,-54,127,1.5,5.5,1.5
1783009278447,2026-07-02 18:21:18.447,C3:00:00:63:4C:D2,-62,127,1.5,5.5,1.5
1783009278454,2026-07-02 18:21:18.454,C3:00:00:63:4D:04,-67,127,1.5,5.5,1.5
1783009278467,2026-07-02 18:21:18.467,C3:00:00:63:4D:08,-47,127,1.5,5.5,1.5
1783009278506,2026-07-02 18:21:18.506,C3:00:00:63:4D:0A,-65,127,1.5,5.5,1.5
1783009278517,2026-07-02 18:21:18.517,C3:00:00:63:4D:0D,-53,127,1.5,5.5,1.5
1783009278553,2026-07-02 18:21:18.553,C3:00:00:63:4D:07,-59,127,1.5,5.5,1.5
1783009278559,2026-07-02 18:21:18.559,C3:00:00:63:4C:D2,-63,127,1.5,5.5,1.5
1783009278564,2026-07-02 18:21:18.564,C3:00:00:63:4D:05,-65,127,1.5,5.5,1.5
1783009278580,2026-07-02 18:21:18.580,C3:00:00:63:4D:08,-49,127,1.5,5.5,1.5
1783009278609,2026-07-02 18:21:18.609,C3:00:00:63:4D:07,-56,127,1.5,5.5,1.5
1783009278614,2026-07-02 18:21:18.614,C3:00:00:63:4D:08,-48,127,1.5,5.5,1.5
1783009278620,2026-07-02 18:21:18.620,C3:00:00:63:4D:0A,-68,127,1.5,5.5,1.5
1783009278626,2026-07-02 18:21:18.626,C3:00:00:63:4D:0D,-54,127,1.5,5.5,1.5
1783009278670,2026-07-02 18:21:18.670,C3:00:00:63:4D:09,-54,127,1.5,5.5,1.5
1783009278685,2026-07-02 18:21:18.685,C3:00:00:63:4D:08,-48,127,1.5,5.5,1.5
1783009278687,2026-07-02 18:21:18.687,C3:00:00:63:4C:D2,-60,127,1.5,5.5,1.5
1783009278724,2026-07-02 18:21:18.724,C3:00:00:63:4D:0D,-51,127,1.5,5.5,1.5
1783009278744,2026-07-02 18:21:18.744,C3:00:00:63:4D:0A,-63,127,1.5,5.5,1.5
1783009278769,2026-07-02 18:21:18.769,C3:00:00:63:4D:04,-67,127,1.5,5.5,1.5
1783009278782,2026-07-02 18:21:18.782,C3:00:00:63:4D:07,-54,127,1.5,5.5,1.5
1783009278786,2026-07-02 18:21:18.786,C3:00:00:63:4D:09,-55,127,1.5,5.5,1.5
1783009278793,2026-07-02 18:21:18.793,C3:00:00:63:4D:08,-50,127,1.5,5.5,1.5
1783009278834,2026-07-02 18:21:18.834,C3:00:00:63:4D:0D,-54,127,1.5,5.5,1.5
1783009278850,2026-07-02 18:21:18.850,C3:00:00:63:4D:0A,-64,127,1.5,5.5,1.5
1783009278883,2026-07-02 18:21:18.883,C3:00:00:63:4D:04,-63,127,1.5,5.5,1.5
1783009278886,2026-07-02 18:21:18.886,C3:00:00:63:4D:08,-49,127,1.5,5.5,1.5
1783009278895,2026-07-02 18:21:18.895,C3:00:00:63:4D:09,-54,127,1.5,5.5,1.5
1783009278906,2026-07-02 18:21:18.906,C3:00:00:63:4D:07,-56,127,1.5,5.5,1.5
1783009278912,2026-07-02 18:21:18.912,C3:00:00:63:4D:08,-57,127,1.5,5.5,1.5
1783009278919,2026-07-02 18:21:18.919,C3:00:00:63:4D:09,-54,127,1.5,5.5,1.5
1783009278922,2026-07-02 18:21:18.922,C3:00:00:63:4C:D2,-60,127,1.5,5.5,1.5
1783009278929,2026-07-02 18:21:18.929,C3:00:00:63:4D:08,-49,127,1.5,5.5,1.5
1783009278936,2026-07-02 18:21:18.936,C3:00:00:63:4D:0D,-54,127,1.5,5.5,1.5
1783009278957,2026-07-02 18:21:18.957,C3:00:00:63:4D:0A,-68,127,1.5,5.5,1.5
1783009278983,2026-07-02 18:21:18.983,C3:00:00:63:4D:09,-53,127,1.5,5.5,1.5
1783009278989,2026-07-02 18:21:18.989,C3:00:00:63:4D:04,-67,127,1.5,5.5,1.5
1783009279007,2026-07-02 18:21:19.007,C3:00:00:63:4D:09,-55,127,1.5,5.5,1.5
1783009279015,2026-07-02 18:21:19.015,C3:00:00:63:4D:08,-47,127,1.5,5.5,1.5
1783009279020,2026-07-02 18:21:19.020,C3:00:00:63:4D:05,-59,127,1.5,5.5,1.5
1783009279046,2026-07-02 18:21:19.046,C3:00:00:63:4D:0D,-51,127,1.5,5.5,1.5
1783009279104,2026-07-02 18:21:19.104,C3:00:00:63:4D:04,-62,127,1.5,5.5,1.5
1783009279130,2026-07-02 18:21:19.130,C3:00:00:63:4D:09,-58,127,1.5,5.5,1.5
1783009279147,2026-07-02 18:21:19.147,C3:00:00:63:4D:0D,-51,127,1.5,5.5,1.5
1783009279183,2026-07-02 18:21:19.183,C3:00:00:63:4D:0A,-66,127,1.5,5.5,1.5
1783009279186,2026-07-02 18:21:19.186,C3:00:00:63:4D:05,-66,127,1.5,5.5,1.5
1783009279204,2026-07-02 18:21:19.204,C3:00:00:63:4D:0A,-67,127,1.5,5.5,1.5
1783009279212,2026-07-02 18:21:19.212,C3:00:00:63:4D:04,-64,127,1.5,5.5,1.5
1783009279230,2026-07-02 18:21:19.230,C3:00:00:63:4D:08,-49,127,1.5,5.5,1.5
1783009279248,2026-07-02 18:21:19.248,C3:00:00:63:4C:D2,-61,127,1.5,5.5,1.5
1783009279253,2026-07-02 18:21:19.253,C3:00:00:63:4D:0D,-58,127,1.5,5.5,1.5
1783009279259,2026-07-02 18:21:19.259,C3:00:00:63:4D:07,-57,127,1.5,5.5,1.5
1783009279290,2026-07-02 18:21:19.290,C3:00:00:63:4D:0A,-63,127,1.5,5.5,1.5
1783009279318,2026-07-02 18:21:19.318,C3:00:00:63:4D:0A,-63,127,1.5,5.5,1.5
1783009279322,2026-07-02 18:21:19.322,C3:00:00:63:4D:04,-67,127,1.5,5.5,1.5
1783009279342,2026-07-02 18:21:19.342,C3:00:00:63:4D:08,-47,127,1.5,5.5,1.5
1783009279354,2026-07-02 18:21:19.354,C3:00:00:63:4D:07,-54,127,1.5,5.5,1.5
1783009279357,2026-07-02 18:21:19.357,C3:00:00:63:4D:09,-54,127,1.5,5.5,1.5
1783009279362,2026-07-02 18:21:19.362,C3:00:00:63:4C:D2,-63,127,1.5,5.5,1.5
1783009279363,2026-07-02 18:21:19.363,C3:00:00:63:4D:05,-59,127,1.5,5.5,1.5
1783009279394,2026-07-02 18:21:19.394,C3:00:00:63:4D:08,-48,127,1.5,5.5,1.5
1783009279398,2026-07-02 18:21:19.398,C3:00:00:63:4D:04,-63,127,1.5,5.5,1.5
1783009279413,2026-07-02 18:21:19.413,C3:00:00:63:4D:0A,-66,127,1.5,5.5,1.5
1783009279417,2026-07-02 18:21:19.417,C3:00:00:63:4D:04,-63,127,1.5,5.5,1.5
1783009279444,2026-07-02 18:21:19.444,C3:00:00:63:4D:04,-63,127,1.5,5.5,1.5
1783009279451,2026-07-02 18:21:19.451,C3:00:00:63:4D:08,-48,127,1.5,5.5,1.5
1783009279461,2026-07-02 18:21:19.461,C3:00:00:63:4D:0D,-51,127,1.5,5.5,1.5
1783009279468,2026-07-02 18:21:19.468,C3:00:00:63:4D:09,-58,127,1.5,5.5,1.5
1783009279526,2026-07-02 18:21:19.526,C3:00:00:63:4D:0A,-66,127,1.5,5.5,1.5
1783009279546,2026-07-02 18:21:19.546,C3:00:00:63:4D:04,-64,127,1.5,5.5,1.5
1783009279564,2026-07-02 18:21:19.564,C3:00:00:63:4D:08,-49,127,1.5,5.5,1.5
1783009279567,2026-07-02 18:21:19.567,C3:00:00:63:4D:0D,-58,127,1.5,5.5,1.5
1783009279591,2026-07-02 18:21:19.591,C3:00:00:63:4D:05,-59,127,1.5,5.5,1.5
1783009279596,2026-07-02 18:21:19.596,C3:00:00:63:4C:D2,-62,127,1.5,5.5,1.5
1783009279638,2026-07-02 18:21:19.638,C3:00:00:63:4D:0A,-63,127,1.5,5.5,1.5
1783009279646,2026-07-02 18:21:19.646,C3:00:00:63:4D:04,-67,127,1.5,5.5,1.5
1783009279667,2026-07-02 18:21:19.667,C3:00:00:63:4D:08,-47,127,1.5,5.5,1.5
1783009279734,2026-07-02 18:21:19.734,C3:00:00:63:4D:04,-70,127,1.5,5.5,1.5
1783009279754,2026-07-02 18:21:19.754,C3:00:00:63:4D:0A,-66,127,1.5,5.5,1.5
1783009279772,2026-07-02 18:21:19.772,C3:00:00:63:4D:04,-62,127,1.5,5.5,1.5
1783009279784,2026-07-02 18:21:19.784,C3:00:00:63:4D:0D,-51,127,1.5,5.5,1.5
1783009279789,2026-07-02 18:21:19.789,C3:00:00:63:4D:08,-48,127,1.5,5.5,1.5
1783009279809,2026-07-02 18:21:19.809,C3:00:00:63:4D:09,-54,127,1.5,5.5,1.5
1783009279816,2026-07-02 18:21:19.816,C3:00:00:63:4D:07,-56,127,1.5,5.5,1.5
1783009279824,2026-07-02 18:21:19.824,C3:00:00:63:4D:05,-57,127,1.5,5.5,1.5
1783009279842,2026-07-02 18:21:19.842,C3:00:00:63:4C:D2,-61,127,1.5,5.5,1.5
1783009279879,2026-07-02 18:21:19.879,C3:00:00:63:4D:0D,-58,127,1.5,5.5,1.5
1783009279887,2026-07-02 18:21:19.887,C3:00:00:63:4D:08,-49,127,1.5,5.5,1.5
1783009279931,2026-07-02 18:21:19.931,C3:00:00:63:4D:05,-59,127,1.5,5.5,1.5
1783009279937,2026-07-02 18:21:19.937,C3:00:00:63:4C:D2,-62,127,1.5,5.5,1.5
1783009279973,2026-07-02 18:21:19.973,C3:00:00:63:4D:04,-65,127,1.5,5.5,1.5
1783009279978,2026-07-02 18:21:19.978,C3:00:00:63:4D:0A,-63,127,1.5,5.5,1.5
1783009279991,2026-07-02 18:21:19.991,C3:00:00:63:4D:0D,-51,127,1.5,5.5,1.5
1783009280006,2026-07-02 18:21:20.006,C3:00:00:63:4D:08,-48,127,1.5,5.5,1.5
1783009280035,2026-07-02 18:21:20.035,C3:00:00:63:4D:09,-58,127,1.5,5.5,1.5
1783009280049,2026-07-02 18:21:20.049,C3:00:00:63:4D:07,-58,127,1.5,5.5,1.5
1783009280053,2026-07-02 18:21:20.053,C3:00:00:63:4D:05,-65,127,1.5,5.5,1.5
1783009280058,2026-07-02 18:21:20.058,C3:00:00:63:4C:D2,-62,127,1.5,5.5,1.5
1783009280084,2026-07-02 18:21:20.084,C3:00:00:63:4D:04,-62,127,1.5,5.5,1.5
1783009280095,2026-07-02 18:21:20.095,C3:00:00:63:4D:0A,-66,127,1.5,5.5,1.5
1783009280107,2026-07-02 18:21:20.107,C3:00:00:63:4D:08,-49,127,1.5,5.5,1.5
1783009280127,2026-07-02 18:21:20.127,C3:00:00:63:4D:05,-65,127,1.5,5.5,1.5
1783009280149,2026-07-02 18:21:20.149,C3:00:00:63:4D:09,-54,127,1.5,5.5,1.5
1783009280164,2026-07-02 18:21:20.164,C3:00:00:63:4D:05,-56,127,1.5,5.5,1.5
1783009280168,2026-07-02 18:21:20.168,C3:00:00:63:4C:D2,-61,127,1.5,5.5,1.5
1783009280187,2026-07-02 18:21:20.187,C3:00:00:63:4D:0D,-58,127,1.5,5.5,1.5
1783009280191,2026-07-02 18:21:20.191,C3:00:00:63:4D:04,-63,127,1.5,5.5,1.5
1783009280201,2026-07-02 18:21:20.201,C3:00:00:63:4D:0A,-63,127,1.5,5.5,1.5
1783009280239,2026-07-02 18:21:20.239,C3:00:00:63:4D:0A,-63,127,1.5,5.5,1.5
1783009280267,2026-07-02 18:21:20.267,C3:00:00:63:4D:09,-55,127,1.5,5.5,1.5
1783009280279,2026-07-02 18:21:20.279,C3:00:00:63:4D:07,-54,127,1.5,5.5,1.5
1783009280290,2026-07-02 18:21:20.290,C3:00:00:63:4D:05,-59,127,1.5,5.5,1.5
1783009280293,2026-07-02 18:21:20.293,C3:00:00:63:4C:D2,-62,127,1.5,5.5,1.5
1783009280304,2026-07-02 18:21:20.304,C3:00:00:63:4D:04,-63,127,1.5,5.5,1.5
1783009280308,2026-07-02 18:21:20.308,C3:00:00:63:4D:0D,-54,127,1.5,5.5,1.5
1783009280315,2026-07-02 18:21:20.315,C3:00:00:63:4D:0A,-65,127,1.5,5.5,1.5
1783009280327,2026-07-02 18:21:20.327,C3:00:00:63:4D:08,-49,127,1.5,5.5,1.5
1783009280338,2026-07-02 18:21:20.338,C3:00:00:63:4C:D2,-71,127,1.5,5.5,1.5
1783009280377,2026-07-02 18:21:20.377,C3:00:00:63:4D:09,-60,127,1.5,5.5,1.5
1783009280405,2026-07-02 18:21:20.405,C3:00:00:63:4D:07,-56,127,1.5,5.5,1.5
1783009280413,2026-07-02 18:21:20.413,C3:00:00:63:4C:D2,-60,127,1.5,5.5,1.5
1783009280419,2026-07-02 18:21:20.419,C3:00:00:63:4D:05,-56,127,1.5,5.5,1.5
1783009280422,2026-07-02 18:21:20.422,C3:00:00:63:4D:0D,-54,127,1.5,5.5,1.5
1783009280424,2026-07-02 18:21:20.424,C3:00:00:63:4D:07,-56,127,1.5,5.5,1.5
1783009280432,2026-07-02 18:21:20.432,C3:00:00:63:4D:08,-48,127,1.5,5.5,1.5
1783009280491,2026-07-02 18:21:20.491,C3:00:00:63:4D:09,-54,127,1.5,5.5,1.5
1783009280513,2026-07-02 18:21:20.513,C3:00:00:63:4D:07,-54,127,1.5,5.5,1.5
1783009280516,2026-07-02 18:21:20.516,C3:00:00:63:4D:05,-58,127,1.5,5.5,1.5
1783009280526,2026-07-02 18:21:20.526,C3:00:00:63:4D:04,-67,127,1.5,5.5,1.5
1783009280541,2026-07-02 18:21:20.541,C3:00:00:63:4D:08,-47,127,1.5,5.5,1.5
1783009280545,2026-07-02 18:21:20.545,C3:00:00:63:4D:0A,-63,127,1.5,5.5,1.5
1783009280615,2026-07-02 18:21:20.615,C3:00:00:63:4D:08,-49,127,1.5,5.5,1.5
1783009280628,2026-07-02 18:21:20.628,C3:00:00:63:4D:0D,-54,127,1.5,5.5,1.5
1783009280633,2026-07-02 18:21:20.633,C3:00:00:63:4D:07,-59,127,1.5,5.5,1.5
1783009280637,2026-07-02 18:21:20.637,C3:00:00:63:4D:04,-63,127,1.5,5.5,1.5
1783009280648,2026-07-02 18:21:20.648,C3:00:00:63:4D:08,-49,127,1.5,5.5,1.5
1783009280651,2026-07-02 18:21:20.651,C3:00:00:63:4D:0D,-54,127,1.5,5.5,1.5
1783009280654,2026-07-02 18:21:20.654,C3:00:00:63:4D:0A,-65,127,1.5,5.5,1.5
1783009280683,2026-07-02 18:21:20.683,C3:00:00:63:4D:0D,-54,127,1.5,5.5,1.5
1783009280719,2026-07-02 18:21:20.719,C3:00:00:63:4D:09,-54,127,1.5,5.5,1.5
1783009280726,2026-07-02 18:21:20.726,C3:00:00:63:4D:0D,-54,127,1.5,5.5,1.5
1783009280733,2026-07-02 18:21:20.733,C3:00:00:63:4D:07,-55,127,1.5,5.5,1.5
1783009280742,2026-07-02 18:21:20.742,C3:00:00:63:4D:05,-56,127,1.5,5.5,1.5
1783009280746,2026-07-02 18:21:20.746,C3:00:00:63:4C:D2,-60,127,1.5,5.5,1.5
1783009280764,2026-07-02 18:21:20.764,C3:00:00:63:4D:0A,-68,127,1.5,5.5,1.5
1783009280831,2026-07-02 18:21:20.831,C3:00:00:63:4D:0D,-51,127,1.5,5.5,1.5
1783009280834,2026-07-02 18:21:20.834,C3:00:00:63:4D:09,-55,127,1.5,5.5,1.5
1783009280854,2026-07-02 18:21:20.854,C3:00:00:63:4D:04,-67,127,1.5,5.5,1.5
1783009280861,2026-07-02 18:21:20.861,C3:00:00:63:4C:D2,-62,127,1.5,5.5,1.5
1783009280869,2026-07-02 18:21:20.869,C3:00:00:63:4D:08,-47,127,1.5,5.5,1.5
1783009280890,2026-07-02 18:21:20.890,C3:00:00:63:4D:0A,-63,127,1.5,5.5,1.5
1783009280915,2026-07-02 18:21:20.915,C3:00:00:63:4D:09,-60,127,1.5,5.5,1.5
1783009280921,2026-07-02 18:21:20.921,C3:00:00:63:4C:D2,-63,127,1.5,5.5,1.5
1783009280949,2026-07-02 18:21:20.949,C3:00:00:63:4D:09,-60,127,1.5,5.5,1.5
1783009280957,2026-07-02 18:21:20.957,C3:00:00:63:4D:04,-63,127,1.5,5.5,1.5
1783009280970,2026-07-02 18:21:20.970,C3:00:00:63:4D:07,-59,127,1.5,5.5,1.5
1783009281041,2026-07-02 18:21:21.041,C3:00:00:63:4D:0D,-54,127,1.5,5.5,1.5
1783009281063,2026-07-02 18:21:21.063,C3:00:00:63:4D:04,-65,127,1.5,5.5,1.5
1783009281078,2026-07-02 18:21:21.078,C3:00:00:63:4D:09,-54,127,1.5,5.5,1.5
1783009281083,2026-07-02 18:21:21.083,C3:00:00:63:4D:07,-56,127,1.5,5.5,1.5
1783009281091,2026-07-02 18:21:21.091,C3:00:00:63:4D:08,-49,127,1.5,5.5,1.5
1783009281095,2026-07-02 18:21:21.095,C3:00:00:63:4C:D2,-62,127,1.5,5.5,1.5
1783009281110,2026-07-02 18:21:21.110,C3:00:00:63:4D:0A,-63,127,1.5,5.5,1.5
1783009281141,2026-07-02 18:21:21.141,C3:00:00:63:4D:0D,-51,127,1.5,5.5,1.5
1783009281172,2026-07-02 18:21:21.172,C3:00:00:63:4D:04,-67,127,1.5,5.5,1.5
1783009281177,2026-07-02 18:21:21.177,C3:00:00:63:4D:09,-55,127,1.5,5.5,1.5
1783009281183,2026-07-02 18:21:21.183,C3:00:00:63:4D:05,-60,127,1.5,5.5,1.5
1783009281199,2026-07-02 18:21:21.199,C3:00:00:63:4D:07,-59,127,1.5,5.5,1.5
1783009281204,2026-07-02 18:21:21.204,C3:00:00:63:4C:D2,-64,127,1.5,5.5,1.5
1783009281206,2026-07-02 18:21:21.206,C3:00:00:63:4D:08,-49,127,1.5,5.5,1.5
1783009281211,2026-07-02 18:21:21.211,C3:00:00:63:4D:05,-65,127,1.5,5.5,1.5
1783009281215,2026-07-02 18:21:21.215,C3:00:00:63:4D:0A,-65,127,1.5,5.5,1.5
1783009281234,2026-07-02 18:21:21.234,C3:00:00:63:4D:0A,-65,127,1.5,5.5,1.5
1783009281249,2026-07-02 18:21:21.249,C3:00:00:63:4D:0D,-51,127,1.5,5.5,1.5
1783009281256,2026-07-02 18:21:21.256,C3:00:00:63:4D:05,-65,127,1.5,5.5,1.5
1783009281259,2026-07-02 18:21:21.259,C3:00:00:63:4D:07,-58,127,1.5,5.5,1.5
1783009281283,2026-07-02 18:21:21.283,C3:00:00:63:4D:04,-63,127,1.5,5.5,1.5
1783009281299,2026-07-02 18:21:21.299,C3:00:00:63:4D:0A,-66,127,1.5,5.5,1.5
1783009281307,2026-07-02 18:21:21.307,C3:00:00:63:4D:08,-49,127,1.5,5.5,1.5
1783009281315,2026-07-02 18:21:21.315,C3:00:00:63:4D:07,-56,127,1.5,5.5,1.5
1783009281320,2026-07-02 18:21:21.320,C3:00:00:63:4D:05,-57,127,1.5,5.5,1.5
1783009281328,2026-07-02 18:21:21.328,C3:00:00:63:4D:0A,-66,127,1.5,5.5,1.5
1783009281354,2026-07-02 18:21:21.354,C3:00:00:63:4D:0D,-57,127,1.5,5.5,1.5
1783009281392,2026-07-02 18:21:21.392,C3:00:00:63:4D:04,-64,127,1.5,5.5,1.5
1783009281408,2026-07-02 18:21:21.408,C3:00:00:63:4D:04,-65,127,1.5,5.5,1.5
1783009281415,2026-07-02 18:21:21.415,C3:00:00:63:4D:08,-46,127,1.5,5.5,1.5
1783009281431,2026-07-02 18:21:21.431,C3:00:00:63:4D:07,-53,127,1.5,5.5,1.5
1783009281439,2026-07-02 18:21:21.439,C3:00:00:63:4D:04,-64,127,1.5,5.5,1.5
1783009281443,2026-07-02 18:21:21.443,C3:00:00:63:4D:08,-46,127,1.5,5.5,1.5
1783009281445,2026-07-02 18:21:21.445,C3:00:00:63:4D:05,-59,127,1.5,5.5,1.5
1783009281449,2026-07-02 18:21:21.449,C3:00:00:63:4C:D2,-62,127,1.5,5.5,1.5
1783009281450,2026-07-02 18:21:21.450,C3:00:00:63:4D:0A,-63,127,1.5,5.5,1.5
1783009281457,2026-07-02 18:21:21.457,C3:00:00:63:4D:0D,-51,127,1.5,5.5,1.5
1783009281510,2026-07-02 18:21:21.510,C3:00:00:63:4D:04,-62,127,1.5,5.5,1.5
1783009281523,2026-07-02 18:21:21.523,C3:00:00:63:4D:09,-60,127,1.5,5.5,1.5
1783009281531,2026-07-02 18:21:21.531,C3:00:00:63:4D:08,-49,127,1.5,5.5,1.5
1783009281545,2026-07-02 18:21:21.545,C3:00:00:63:4C:D2,-63,127,1.5,5.5,1.5
1783009281548,2026-07-02 18:21:21.548,C3:00:00:63:4D:07,-59,127,1.5,5.5,1.5
1783009281550,2026-07-02 18:21:21.550,C3:00:00:63:4D:05,-65,127,1.5,5.5,1.5
1783009281559,2026-07-02 18:21:21.559,C3:00:00:63:4D:0D,-53,127,1.5,5.5,1.5
1783009281564,2026-07-02 18:21:21.564,C3:00:00:63:4D:0A,-64,127,1.5,5.5,1.5
1783009281631,2026-07-02 18:21:21.631,C3:00:00:63:4D:08,-48,127,1.5,5.5,1.5
1783009281635,2026-07-02 18:21:21.635,C3:00:00:63:4D:09,-54,127,1.5,5.5,1.5
1783009281657,2026-07-02 18:21:21.657,C3:00:00:63:4D:07,-56,127,1.5,5.5,1.5
1783009281664,2026-07-02 18:21:21.664,C3:00:00:63:4D:05,-56,127,1.5,5.5,1.5
1783009281668,2026-07-02 18:21:21.668,C3:00:00:63:4D:0D,-54,127,1.5,5.5,1.5
1783009281673,2026-07-02 18:21:21.673,C3:00:00:63:4D:0A,-68,127,1.5,5.5,1.5
1783009281713,2026-07-02 18:21:21.713,C3:00:00:63:4D:04,-67,127,1.5,5.5,1.5
1783009281751,2026-07-02 18:21:21.751,C3:00:00:63:4D:09,-55,127,1.5,5.5,1.5
1783009281773,2026-07-02 18:21:21.773,C3:00:00:63:4D:0D,-51,127,1.5,5.5,1.5
1783009281779,2026-07-02 18:21:21.779,C3:00:00:63:4D:07,-54,127,1.5,5.5,1.5
1783009281784,2026-07-02 18:21:21.784,C3:00:00:63:4D:05,-59,127,1.5,5.5,1.5
1783009281795,2026-07-02 18:21:21.795,C3:00:00:63:4D:0A,-62,127,1.5,5.5,1.5
1783009281833,2026-07-02 18:21:21.833,C3:00:00:63:4D:04,-62,127,1.5,5.5,1.5
1783009281847,2026-07-02 18:21:21.847,C3:00:00:63:4C:D2,-63,127,1.5,5.5,1.5
1783009281856,2026-07-02 18:21:21.856,C3:00:00:63:4D:08,-49,127,1.5,5.5,1.5
1783009281865,2026-07-02 18:21:21.865,C3:00:00:63:4D:09,-60,127,1.5,5.5,1.5
1783009281881,2026-07-02 18:21:21.881,C3:00:00:63:4D:0D,-54,127,1.5,5.5,1.5
1783009281900,2026-07-02 18:21:21.900,C3:00:00:63:4C:D2,-63,127,1.5,5.5,1.5
1783009281906,2026-07-02 18:21:21.906,C3:00:00:63:4D:05,-56,127,1.5,5.5,1.5
1783009281911,2026-07-02 18:21:21.911,C3:00:00:63:4D:0A,-68,127,1.5,5.5,1.5
1783009281934,2026-07-02 18:21:21.934,C3:00:00:63:4D:04,-65,127,1.5,5.5,1.5
1783009281958,2026-07-02 18:21:21.958,C3:00:00:63:4D:08,-48,127,1.5,5.5,1.5
1783009281970,2026-07-02 18:21:21.970,C3:00:00:63:4D:09,-60,127,1.5,5.5,1.5
1783009281975,2026-07-02 18:21:21.975,C3:00:00:63:4D:0D,-61,127,1.5,5.5,1.5
1783009281982,2026-07-02 18:21:21.982,C3:00:00:63:4D:09,-53,127,1.5,5.5,1.5
1783009281984,2026-07-02 18:21:21.984,C3:00:00:63:4D:0D,-54,127,1.5,5.5,1.5
1783009281998,2026-07-02 18:21:21.998,C3:00:00:63:4D:07,-54,127,1.5,5.5,1.5
1783009282001,2026-07-02 18:21:22.001,C3:00:00:63:4C:D2,-62,127,1.5,5.5,1.5
1783009282008,2026-07-02 18:21:22.008,C3:00:00:63:4D:05,-59,127,1.5,5.5,1.5
1783009282015,2026-07-02 18:21:22.015,C3:00:00:63:4D:0A,-62,127,1.5,5.5,1.5
1783009282046,2026-07-02 18:21:22.046,C3:00:00:63:4D:05,-60,127,1.5,5.5,1.5
1783009282062,2026-07-02 18:21:22.062,C3:00:00:63:4D:08,-47,127,1.5,5.5,1.5
1783009282084,2026-07-02 18:21:22.084,C3:00:00:63:4D:0D,-51,127,1.5,5.5,1.5
1783009282086,2026-07-02 18:21:22.086,C3:00:00:63:4D:09,-55,127,1.5,5.5,1.5
1783009282106,2026-07-02 18:21:22.106,C3:00:00:63:4D:07,-66,127,1.5,5.5,1.5
1783009282123,2026-07-02 18:21:22.123,C3:00:00:63:4D:05,-65,127,1.5,5.5,1.5
1783009282128,2026-07-02 18:21:22.128,C3:00:00:63:4C:D2,-63,127,1.5,5.5,1.5
1783009282132,2026-07-02 18:21:22.132,C3:00:00:63:4D:07,-59,127,1.5,5.5,1.5
1783009282152,2026-07-02 18:21:22.152,C3:00:00:63:4D:04,-62,127,1.5,5.5,1.5
1783009282174,2026-07-02 18:21:22.174,C3:00:00:63:4D:08,-50,127,1.5,5.5,1.5
1783009282196,2026-07-02 18:21:22.196,C3:00:00:63:4D:0D,-54,127,1.5,5.5,1.5
1783009282210,2026-07-02 18:21:22.210,C3:00:00:63:4D:09,-54,127,1.5,5.5,1.5
1783009282216,2026-07-02 18:21:22.216,C3:00:00:63:4D:0D,-54,127,1.5,5.5,1.5
1783009282223,2026-07-02 18:21:22.223,C3:00:00:63:4D:0A,-75,127,1.5,5.5,1.5
1783009282232,2026-07-02 18:21:22.232,C3:00:00:63:4D:05,-56,127,1.5,5.5,1.5
1783009282239,2026-07-02 18:21:22.239,C3:00:00:63:4D:07,-56,127,1.5,5.5,1.5
1783009282294,2026-07-02 18:21:22.294,C3:00:00:63:4D:0D,-51,127,1.5,5.5,1.5
1783009282317,2026-07-02 18:21:22.317,C3:00:00:63:4D:09,-54,127,1.5,5.5,1.5
1783009282353,2026-07-02 18:21:22.353,C3:00:00:63:4D:0A,-63,127,1.5,5.5,1.5
1783009282378,2026-07-02 18:21:22.378,C3:00:00:63:4D:04,-64,127,1.5,5.5,1.5
1783009282385,2026-07-02 18:21:22.385,C3:00:00:63:4D:08,-46,127,1.5,5.5,1.5
1783009282430,2026-07-02 18:21:22.430,C3:00:00:63:4D:09,-60,127,1.5,5.5,1.5
1783009282459,2026-07-02 18:21:22.459,C3:00:00:63:4D:0A,-64,127,1.5,5.5,1.5
1783009282478,2026-07-02 18:21:22.478,C3:00:00:63:4C:D2,-63,127,1.5,5.5,1.5
1783009282494,2026-07-02 18:21:22.494,C3:00:00:63:4D:04,-62,127,1.5,5.5,1.5
1783009282545,2026-07-02 18:21:22.545,C3:00:00:63:4D:09,-54,127,1.5,5.5,1.5
1783009282578,2026-07-02 18:21:22.578,C3:00:00:63:4D:07,-56,127,1.5,5.5,1.5
1783009282598,2026-07-02 18:21:22.598,C3:00:00:63:4D:04,-67,127,1.5,5.5,1.5
1783009282618,2026-07-02 18:21:22.618,C3:00:00:63:4D:08,-47,127,1.5,5.5,1.5
1783009282621,2026-07-02 18:21:22.621,C3:00:00:63:4D:0D,-52,127,1.5,5.5,1.5
1783009282622,2026-07-02 18:21:22.622,C3:00:00:63:4D:07,-54,127,1.5,5.5,1.5
1783009282636,2026-07-02 18:21:22.636,C3:00:00:63:4D:08,-47,127,1.5,5.5,1.5
1783009282661,2026-07-02 18:21:22.661,C3:00:00:63:4D:09,-55,127,1.5,5.5,1.5
1783009282692,2026-07-02 18:21:22.692,C3:00:00:63:4C:D2,-63,127,1.5,5.5,1.5
1783009282699,2026-07-02 18:21:22.699,C3:00:00:63:4D:04,-62,127,1.5,5.5,1.5
1783009282719,2026-07-02 18:21:22.719,C3:00:00:63:4C:D2,-63,127,1.5,5.5,1.5
1783009282724,2026-07-02 18:21:22.724,C3:00:00:63:4D:08,-50,127,1.5,5.5,1.5
1783009282730,2026-07-02 18:21:22.730,C3:00:00:63:4D:0D,-53,127,1.5,5.5,1.5
1783009282775,2026-07-02 18:21:22.775,C3:00:00:63:4D:09,-60,127,1.5,5.5,1.5
1783009282802,2026-07-02 18:21:22.802,C3:00:00:63:4D:07,-56,127,1.5,5.5,1.5
1783009282809,2026-07-02 18:21:22.809,C3:00:00:63:4D:0A,-67,127,1.5,5.5,1.5
1783009282814,2026-07-02 18:21:22.814,C3:00:00:63:4C:D2,-60,127,1.5,5.5,1.5
1783009282820,2026-07-02 18:21:22.820,C3:00:00:63:4D:0D,-54,127,1.5,5.5,1.5
1783009282836,2026-07-02 18:21:22.836,C3:00:00:63:4D:08,-48,127,1.5,5.5,1.5
1783009282880,2026-07-02 18:21:22.880,C3:00:00:63:4D:08,-48,127,1.5,5.5,1.5
1783009282905,2026-07-02 18:21:22.905,C3:00:00:63:4D:08,-54,127,1.5,5.5,1.5
1783009282922,2026-07-02 18:21:22.922,C3:00:00:63:4D:07,-54,127,1.5,5.5,1.5
1783009282929,2026-07-02 18:21:22.929,C3:00:00:63:4D:0A,-62,127,1.5,5.5,1.5
1783009282933,2026-07-02 18:21:22.933,C3:00:00:63:4D:04,-67,127,1.5,5.5,1.5
1783009282934,2026-07-02 18:21:22.934,C3:00:00:63:4D:0D,-52,127,1.5,5.5,1.5
1783009282939,2026-07-02 18:21:22.939,C3:00:00:63:4D:08,-47,127,1.5,5.5,1.5
1783009282942,2026-07-02 18:21:22.942,C3:00:00:63:4C:D2,-61,127,1.5,5.5,1.5
1783009283018,2026-07-02 18:21:23.018,C3:00:00:63:4D:09,-58,127,1.5,5.5,1.5
1783009283032,2026-07-02 18:21:23.032,C3:00:00:63:4D:04,-62,127,1.5,5.5,1.5
1783009283035,2026-07-02 18:21:23.035,C3:00:00:63:4D:0D,-50,127,1.5,5.5,1.5
1783009283040,2026-07-02 18:21:23.040,C3:00:00:63:4C:D2,-62,127,1.5,5.5,1.5
1783009283042,2026-07-02 18:21:23.042,C3:00:00:63:4D:05,-65,127,1.5,5.5,1.5
1783009283048,2026-07-02 18:21:23.048,C3:00:00:63:4D:08,-48,127,1.5,5.5,1.5
1783009283114,2026-07-02 18:21:23.114,C3:00:00:63:4D:09,-54,127,1.5,5.5,1.5
1783009283133,2026-07-02 18:21:23.133,C3:00:00:63:4D:04,-66,127,1.5,5.5,1.5
1783009283154,2026-07-02 18:21:23.154,C3:00:00:63:4D:08,-48,127,1.5,5.5,1.5
1783009283159,2026-07-02 18:21:23.159,C3:00:00:63:4D:07,-56,127,1.5,5.5,1.5
1783009283164,2026-07-02 18:21:23.164,C3:00:00:63:4C:D2,-60,127,1.5,5.5,1.5
1783009283181,2026-07-02 18:21:23.181,C3:00:00:63:4D:05,-57,127,1.5,5.5,1.5
1783009283212,2026-07-02 18:21:23.212,C3:00:00:63:4D:0A,-62,127,1.5,5.5,1.5
1783009283237,2026-07-02 18:21:23.237,C3:00:00:63:4D:09,-55,127,1.5,5.5,1.5
1783009283250,2026-07-02 18:21:23.250,C3:00:00:63:4D:04,-67,127,1.5,5.5,1.5
1783009283255,2026-07-02 18:21:23.255,C3:00:00:63:4D:0D,-52,127,1.5,5.5,1.5
1783009283260,2026-07-02 18:21:23.260,C3:00:00:63:4D:0A,-62,127,1.5,5.5,1.5
1783009283263,2026-07-02 18:21:23.263,C3:00:00:63:4D:08,-47,127,1.5,5.5,1.5
1783009283266,2026-07-02 18:21:23.266,C3:00:00:63:4C:D2,-62,127,1.5,5.5,1.5
1783009283272,2026-07-02 18:21:23.272,C3:00:00:63:4D:05,-59,127,1.5,5.5,1.5
1783009283288,2026-07-02 18:21:23.288,C3:00:00:63:4D:05,-65,127,1.5,5.5,1.5
1783009283348,2026-07-02 18:21:23.348,C3:00:00:63:4D:09,-60,127,1.5,5.5,1.5
1783009283369,2026-07-02 18:21:23.369,C3:00:00:63:4D:0A,-65,127,1.5,5.5,1.5
1783009283377,2026-07-02 18:21:23.377,C3:00:00:63:4D:08,-50,127,1.5,5.5,1.5
1783009283392,2026-07-02 18:21:23.392,C3:00:00:63:4D:07,-60,127,1.5,5.5,1.5
1783009283413,2026-07-02 18:21:23.413,C3:00:00:63:4D:04,-66,127,1.5,5.5,1.5
1783009283417,2026-07-02 18:21:23.417,C3:00:00:63:4D:08,-48,127,1.5,5.5,1.5
1783009283432,2026-07-02 18:21:23.432,C3:00:00:63:4D:04,-65,127,1.5,5.5,1.5
1783009283446,2026-07-02 18:21:23.446,C3:00:00:63:4D:0D,-54,127,1.5,5.5,1.5
1783009283459,2026-07-02 18:21:23.459,C3:00:00:63:4D:09,-54,127,1.5,5.5,1.5
1783009283464,2026-07-02 18:21:23.464,C3:00:00:63:4D:04,-66,127,1.5,5.5,1.5
1783009283481,2026-07-02 18:21:23.481,C3:00:00:63:4D:0A,-67,127,1.5,5.5,1.5
1783009283493,2026-07-02 18:21:23.493,C3:00:00:63:4D:07,-53,127,1.5,5.5,1.5
1783009283500,2026-07-02 18:21:23.500,C3:00:00:63:4C:D2,-62,127,1.5,5.5,1.5
1783009283506,2026-07-02 18:21:23.506,C3:00:00:63:4D:05,-59,127,1.5,5.5,1.5
1783009283572,2026-07-02 18:21:23.572,C3:00:00:63:4D:09,-55,127,1.5,5.5,1.5
1783009283597,2026-07-02 18:21:23.597,C3:00:00:63:4D:08,-50,127,1.5,5.5,1.5
1783009283614,2026-07-02 18:21:23.614,C3:00:00:63:4D:07,-59,127,1.5,5.5,1.5
1783009283658,2026-07-02 18:21:23.658,C3:00:00:63:4D:0D,-54,127,1.5,5.5,1.5
1783009283679,2026-07-02 18:21:23.679,C3:00:00:63:4D:04,-62,127,1.5,5.5,1.5
1783009283687,2026-07-02 18:21:23.687,C3:00:00:63:4D:09,-60,127,1.5,5.5,1.5
1783009283702,2026-07-02 18:21:23.702,C3:00:00:63:4D:08,-48,127,1.5,5.5,1.5
1783009283707,2026-07-02 18:21:23.707,C3:00:00:63:4D:0A,-67,127,1.5,5.5,1.5
1783009283727,2026-07-02 18:21:23.727,C3:00:00:63:4D:07,-56,127,1.5,5.5,1.5
1783009283733,2026-07-02 18:21:23.733,C3:00:00:63:4D:04,-72,127,1.5,5.5,1.5
1783009283739,2026-07-02 18:21:23.739,C3:00:00:63:4D:05,-56,127,1.5,5.5,1.5
1783009283742,2026-07-02 18:21:23.742,C3:00:00:63:4C:D2,-59,127,1.5,5.5,1.5
1783009283766,2026-07-02 18:21:23.766,C3:00:00:63:4D:0D,-54,127,1.5,5.5,1.5
1783009283786,2026-07-02 18:21:23.786,C3:00:00:63:4D:04,-66,127,1.5,5.5,1.5
1783009283797,2026-07-02 18:21:23.797,C3:00:00:63:4D:09,-55,127,1.5,5.5,1.5
1783009283815,2026-07-02 18:21:23.815,C3:00:00:63:4D:08,-47,127,1.5,5.5,1.5
1783009283822,2026-07-02 18:21:23.822,C3:00:00:63:4D:0A,-62,127,1.5,5.5,1.5
1783009283837,2026-07-02 18:21:23.837,C3:00:00:63:4D:07,-54,127,1.5,5.5,1.5
1783009283845,2026-07-02 18:21:23.845,C3:00:00:63:4C:D2,-62,127,1.5,5.5,1.5
1783009283851,2026-07-02 18:21:23.851,C3:00:00:63:4D:05,-59,127,1.5,5.5,1.5
1783009283887,2026-07-02 18:21:23.887,C3:00:00:63:4D:09,-54,127,1.5,5.5,1.5
1783009283895,2026-07-02 18:21:23.895,C3:00:00:63:4D:04,-62,127,1.5,5.5,1.5
1783009283915,2026-07-02 18:21:23.915,C3:00:00:63:4D:09,-60,127,1.5,5.5,1.5
1783009283920,2026-07-02 18:21:23.920,C3:00:00:63:4D:08,-50,127,1.5,5.5,1.5
1783009283956,2026-07-02 18:21:23.956,C3:00:00:63:4D:07,-59,127,1.5,5.5,1.5
1783009283962,2026-07-02 18:21:23.962,C3:00:00:63:4D:05,-65,127,1.5,5.5,1.5
1783009283984,2026-07-02 18:21:23.984,C3:00:00:63:4D:0D,-53,127,1.5,5.5,1.5
1783009284024,2026-07-02 18:21:24.024,C3:00:00:63:4D:08,-48,127,1.5,5.5,1.5
1783009284032,2026-07-02 18:21:24.032,C3:00:00:63:4D:09,-54,127,1.5,5.5,1.5
1783009284071,2026-07-02 18:21:24.071,C3:00:00:63:4D:07,-56,127,1.5,5.5,1.5
1783009284076,2026-07-02 18:21:24.076,C3:00:00:63:4C:D2,-59,127,1.5,5.5,1.5
1783009284081,2026-07-02 18:21:24.081,C3:00:00:63:4D:0D,-54,127,1.5,5.5,1.5
1783009284118,2026-07-02 18:21:24.118,C3:00:00:63:4D:04,-67,127,1.5,5.5,1.5
1783009284136,2026-07-02 18:21:24.136,C3:00:00:63:4D:08,-47,127,1.5,5.5,1.5
1783009284146,2026-07-02 18:21:24.146,C3:00:00:63:4D:09,-55,127,1.5,5.5,1.5
1783009284195,2026-07-02 18:21:24.195,C3:00:00:63:4C:D2,-63,127,1.5,5.5,1.5
1783009284201,2026-07-02 18:21:24.201,C3:00:00:63:4D:05,-65,127,1.5,5.5,1.5
1783009284211,2026-07-02 18:21:24.211,C3:00:00:63:4D:0D,-53,127,1.5,5.5,1.5
1783009284230,2026-07-02 18:21:24.230,C3:00:00:63:4D:04,-62,127,1.5,5.5,1.5
1783009284245,2026-07-02 18:21:24.245,C3:00:00:63:4D:08,-50,127,1.5,5.5,1.5
1783009284252,2026-07-02 18:21:24.252,C3:00:00:63:4D:0A,-65,127,1.5,5.5,1.5
1783009284272,2026-07-02 18:21:24.272,C3:00:00:63:4D:0A,-64,127,1.5,5.5,1.5
1783009284291,2026-07-02 18:21:24.291,C3:00:00:63:4D:0D,-53,127,1.5,5.5,1.5
1783009284300,2026-07-02 18:21:24.300,C3:00:00:63:4C:D2,-59,127,1.5,5.5,1.5
1783009284305,2026-07-02 18:21:24.305,C3:00:00:63:4D:05,-56,127,1.5,5.5,1.5
1783009284331,2026-07-02 18:21:24.331,C3:00:00:63:4D:04,-66,127,1.5,5.5,1.5
1783009284349,2026-07-02 18:21:24.349,C3:00:00:63:4C:D2,-67,127,1.5,5.5,1.5
1783009284372,2026-07-02 18:21:24.372,C3:00:00:63:4D:09,-54,127,1.5,5.5,1.5
1783009284383,2026-07-02 18:21:24.383,C3:00:00:63:4D:0A,-67,127,1.5,5.5,1.5
1783009284419,2026-07-02 18:21:24.419,C3:00:00:63:4D:07,-54,127,1.5,5.5,1.5
1783009284425,2026-07-02 18:21:24.425,C3:00:00:63:4C:D2,-62,127,1.5,5.5,1.5
1783009284449,2026-07-02 18:21:24.449,C3:00:00:63:4D:04,-67,127,1.5,5.5,1.5
1783009284484,2026-07-02 18:21:24.484,C3:00:00:63:4D:09,-55,127,1.5,5.5,1.5
1783009284500,2026-07-02 18:21:24.500,C3:00:00:63:4D:0A,-64,127,1.5,5.5,1.5
1783009284508,2026-07-02 18:21:24.508,C3:00:00:63:4D:0D,-54,127,1.5,5.5,1.5
1783009284533,2026-07-02 18:21:24.533,C3:00:00:63:4D:07,-59,127,1.5,5.5,1.5
1783009284539,2026-07-02 18:21:24.539,C3:00:00:63:4D:05,-65,127,1.5,5.5,1.5
1783009284552,2026-07-02 18:21:24.552,C3:00:00:63:4D:04,-62,127,1.5,5.5,1.5
1783009284576,2026-07-02 18:21:24.576,C3:00:00:63:4D:08,-49,127,1.5,5.5,1.5
1783009284596,2026-07-02 18:21:24.596,C3:00:00:63:4D:09,-54,127,1.5,5.5,1.5
1783009284611,2026-07-02 18:21:24.611,C3:00:00:63:4D:0D,-54,127,1.5,5.5,1.5
1783009284619,2026-07-02 18:21:24.619,C3:00:00:63:4D:0A,-67,127,1.5,5.5,1.5
1783009284623,2026-07-02 18:21:24.623,C3:00:00:63:4D:08,-49,127,1.5,5.5,1.5
1783009284641,2026-07-02 18:21:24.641,C3:00:00:63:4D:07,-56,127,1.5,5.5,1.5
1783009284648,2026-07-02 18:21:24.648,C3:00:00:63:4C:D2,-59,127,1.5,5.5,1.5
1783009284654,2026-07-02 18:21:24.654,C3:00:00:63:4D:05,-56,127,1.5,5.5,1.5
1783009284658,2026-07-02 18:21:24.658,C3:00:00:63:4D:0D,-54,127,1.5,5.5,1.5
1783009284664,2026-07-02 18:21:24.664,C3:00:00:63:4D:04,-65,127,1.5,5.5,1.5
1783009284683,2026-07-02 18:21:24.683,C3:00:00:63:4D:08,-48,127,1.5,5.5,1.5
1783009284694,2026-07-02 18:21:24.694,C3:00:00:63:4D:0D,-51,127,1.5,5.5,1.5
1783009284712,2026-07-02 18:21:24.712,C3:00:00:63:4D:0D,-52,127,1.5,5.5,1.5
1783009284719,2026-07-02 18:21:24.719,C3:00:00:63:4D:09,-55,127,1.5,5.5,1.5
1783009284730,2026-07-02 18:21:24.730,C3:00:00:63:4D:0A,-62,127,1.5,5.5,1.5
1783009284760,2026-07-02 18:21:24.760,C3:00:00:63:4D:07,-53,127,1.5,5.5,1.5
1783009284763,2026-07-02 18:21:24.763,C3:00:00:63:4D:05,-59,127,1.5,5.5,1.5
1783009284767,2026-07-02 18:21:24.767,C3:00:00:63:4D:04,-64,127,1.5,5.5,1.5
1783009284771,2026-07-02 18:21:24.771,C3:00:00:63:4C:D2,-62,127,1.5,5.5,1.5
1783009284785,2026-07-02 18:21:24.785,C3:00:00:63:4D:08,-46,127,1.5,5.5,1.5
1783009284838,2026-07-02 18:21:24.838,C3:00:00:63:4D:0A,-65,127,1.5,5.5,1.5
1783009284879,2026-07-02 18:21:24.879,C3:00:00:63:4D:07,-58,127,1.5,5.5,1.5
1783009284887,2026-07-02 18:21:24.887,C3:00:00:63:4D:04,-62,127,1.5,5.5,1.5
1783009284899,2026-07-02 18:21:24.899,C3:00:00:63:4D:08,-49,127,1.5,5.5,1.5
1783009284923,2026-07-02 18:21:24.923,C3:00:00:63:4D:0D,-57,127,1.5,5.5,1.5
1783009284939,2026-07-02 18:21:24.939,C3:00:00:63:4C:D2,-61,127,1.5,5.5,1.5
1783009284943,2026-07-02 18:21:24.943,C3:00:00:63:4D:09,-54,127,1.5,5.5,1.5
1783009284947,2026-07-02 18:21:24.947,C3:00:00:63:4D:0A,-66,127,1.5,5.5,1.5
1783009284959,2026-07-02 18:21:24.959,C3:00:00:63:4D:09,-54,127,1.5,5.5,1.5
1783009284987,2026-07-02 18:21:24.987,C3:00:00:63:4D:04,-64,127,1.5,5.5,1.5
1783009284988,2026-07-02 18:21:24.988,C3:00:00:63:4D:09,-54,127,1.5,5.5,1.5
1783009284994,2026-07-02 18:21:24.994,C3:00:00:63:4D:07,-53,127,1.5,5.5,1.5
1783009284997,2026-07-02 18:21:24.997,C3:00:00:63:4C:D2,-62,127,1.5,5.5,1.5
1783009285008,2026-07-02 18:21:25.008,C3:00:00:63:4D:08,-46,127,1.5,5.5,1.5
1783009285029,2026-07-02 18:21:25.029,C3:00:00:63:4D:0D,-51,127,1.5,5.5,1.5
1783009285056,2026-07-02 18:21:25.056,C3:00:00:63:4D:09,-54,127,1.5,5.5,1.5
1783009285060,2026-07-02 18:21:25.060,C3:00:00:63:4D:0A,-63,127,1.5,5.5,1.5
1783009285072,2026-07-02 18:21:25.072,C3:00:00:63:4D:04,-65,127,1.5,5.5,1.5
1783009285096,2026-07-02 18:21:25.096,C3:00:00:63:4D:04,-62,127,1.5,5.5,1.5
1783009285113,2026-07-02 18:21:25.113,C3:00:00:63:4D:05,-65,127,1.5,5.5,1.5
1783009285121,2026-07-02 18:21:25.121,C3:00:00:63:4D:07,-58,127,1.5,5.5,1.5
1783009285123,2026-07-02 18:21:25.123,C3:00:00:63:4C:D2,-62,127,1.5,5.5,1.5
1783009285133,2026-07-02 18:21:25.133,C3:00:00:63:4D:08,-48,127,1.5,5.5,1.5
1783009285134,2026-07-02 18:21:25.134,C3:00:00:63:4D:0D,-50,127,1.5,5.5,1.5
1783009285167,2026-07-02 18:21:25.167,C3:00:00:63:4D:09,-58,127,1.5,5.5,1.5
1783009285180,2026-07-02 18:21:25.180,C3:00:00:63:4D:0A,-65,127,1.5,5.5,1.5
1783009285182,2026-07-02 18:21:25.182,C3:00:00:63:4D:05,-66,127,1.5,5.5,1.5
1783009285210,2026-07-02 18:21:25.210,C3:00:00:63:4D:04,-64,127,1.5,5.5,1.5
1783009285219,2026-07-02 18:21:25.219,C3:00:00:63:4D:07,-56,127,1.5,5.5,1.5
1783009285227,2026-07-02 18:21:25.227,C3:00:00:63:4D:0A,-66,127,1.5,5.5,1.5
1783009285235,2026-07-02 18:21:25.235,C3:00:00:63:4D:08,-49,127,1.5,5.5,1.5
1783009285249,2026-07-02 18:21:25.249,C3:00:00:63:4D:0D,-57,127,1.5,5.5,1.5
1783009285264,2026-07-02 18:21:25.264,C3:00:00:63:4D:07,-56,127,1.5,5.5,1.5
1783009285283,2026-07-02 18:21:25.283,C3:00:00:63:4D:09,-54,127,1.5,5.5,1.5
1783009285287,2026-07-02 18:21:25.287,C3:00:00:63:4D:05,-57,127,1.5,5.5,1.5
1783009285320,2026-07-02 18:21:25.320,C3:00:00:63:4D:0A,-63,127,1.5,5.5,1.5
1783009285323,2026-07-02 18:21:25.323,C3:00:00:63:4D:04,-64,127,1.5,5.5,1.5
1783009285346,2026-07-02 18:21:25.346,C3:00:00:63:4D:08,-46,127,1.5,5.5,1.5
1783009285347,2026-07-02 18:21:25.347,C3:00:00:63:4D:05,-59,127,1.5,5.5,1.5
1783009285349,2026-07-02 18:21:25.349,C3:00:00:63:4C:D2,-62,127,1.5,5.5,1.5
1783009285422,2026-07-02 18:21:25.422,C3:00:00:63:4D:04,-62,127,1.5,5.5,1.5
1783009285442,2026-07-02 18:21:25.442,C3:00:00:63:4D:08,-48,127,1.5,5.5,1.5
1783009285446,2026-07-02 18:21:25.446,C3:00:00:63:4D:04,-62,127,1.5,5.5,1.5
1783009285451,2026-07-02 18:21:25.451,C3:00:00:63:4D:0D,-51,127,1.5,5.5,1.5
1783009285454,2026-07-02 18:21:25.454,C3:00:00:63:4D:05,-66,127,1.5,5.5,1.5
1783009285456,2026-07-02 18:21:25.456,C3:00:00:63:4C:D2,-62,127,1.5,5.5,1.5
1783009285461,2026-07-02 18:21:25.461,C3:00:00:63:4D:08,-48,127,1.5,5.5,1.5
1783009285464,2026-07-02 18:21:25.464,C3:00:00:63:4D:04,-62,127,1.5,5.5,1.5
1783009285527,2026-07-02 18:21:25.527,C3:00:00:63:4D:04,-64,127,1.5,5.5,1.5
1783009285550,2026-07-02 18:21:25.550,C3:00:00:63:4D:0D,-57,127,1.5,5.5,1.5
1783009285555,2026-07-02 18:21:25.555,C3:00:00:63:4D:08,-49,127,1.5,5.5,1.5
1783009285563,2026-07-02 18:21:25.563,C3:00:00:63:4D:07,-56,127,1.5,5.5,1.5
1783009285579,2026-07-02 18:21:25.579,C3:00:00:63:4D:05,-57,127,1.5,5.5,1.5
1783009285581,2026-07-02 18:21:25.581,C3:00:00:63:4C:D2,-61,127,1.5,5.5,1.5
1783009285624,2026-07-02 18:21:25.624,C3:00:00:63:4D:0A,-63,127,1.5,5.5,1.5
1783009285631,2026-07-02 18:21:25.631,C3:00:00:63:4D:09,-54,127,1.5,5.5,1.5
1783009285643,2026-07-02 18:21:25.643,C3:00:00:63:4D:04,-64,127,1.5,5.5,1.5
1783009285657,2026-07-02 18:21:25.657,C3:00:00:63:4D:0D,-51,127,1.5,5.5,1.5
1783009285670,2026-07-02 18:21:25.670,C3:00:00:63:4D:08,-46,127,1.5,5.5,1.5
1783009285680,2026-07-02 18:21:25.680,C3:00:00:63:4D:07,-54,127,1.5,5.5,1.5
1783009285739,2026-07-02 18:21:25.739,C3:00:00:63:4D:09,-58,127,1.5,5.5,1.5
1783009285749,2026-07-02 18:21:25.749,C3:00:00:63:4D:04,-62,127,1.5,5.5,1.5
1783009285771,2026-07-02 18:21:25.771,C3:00:00:63:4D:0D,-50,127,1.5,5.5,1.5
1783009285778,2026-07-02 18:21:25.778,C3:00:00:63:4D:08,-47,127,1.5,5.5,1.5
1783009285795,2026-07-02 18:21:25.795,C3:00:00:63:4D:07,-56,127,1.5,5.5,1.5
1783009285802,2026-07-02 18:21:25.802,C3:00:00:63:4C:D2,-61,127,1.5,5.5,1.5
1783009285804,2026-07-02 18:21:25.804,C3:00:00:63:4D:05,-56,127,1.5,5.5,1.5
1783009285850,2026-07-02 18:21:25.850,C3:00:00:63:4D:0A,-66,127,1.5,5.5,1.5
1783009285854,2026-07-02 18:21:25.854,C3:00:00:63:4C:D2,-61,127,1.5,5.5,1.5
1783009285862,2026-07-02 18:21:25.862,C3:00:00:63:4D:04,-64,127,1.5,5.5,1.5
1783009285868,2026-07-02 18:21:25.868,C3:00:00:63:4D:0D,-57,127,1.5,5.5,1.5
1783009285877,2026-07-02 18:21:25.877,C3:00:00:63:4D:08,-49,127,1.5,5.5,1.5
1783009285911,2026-07-02 18:21:25.911,C3:00:00:63:4D:07,-53,127,1.5,5.5,1.5
1783009285915,2026-07-02 18:21:25.915,C3:00:00:63:4D:05,-59,127,1.5,5.5,1.5
1783009285967,2026-07-02 18:21:25.967,C3:00:00:63:4D:0A,-63,127,1.5,5.5,1.5
1783009285971,2026-07-02 18:21:25.971,C3:00:00:63:4D:09,-54,127,1.5,5.5,1.5
1783009285974,2026-07-02 18:21:25.974,C3:00:00:63:4D:0D,-51,127,1.5,5.5,1.5
1783009285977,2026-07-02 18:21:25.977,C3:00:00:63:4D:04,-64,127,1.5,5.5,1.5
1783009285987,2026-07-02 18:21:25.987,C3:00:00:63:4D:08,-46,127,1.5,5.5,1.5
1783009285999,2026-07-02 18:21:25.999,C3:00:00:63:4D:09,-68,127,1.5,5.5,1.5
1783009286003,2026-07-02 18:21:26.003,C3:00:00:63:4D:0D,-61,127,1.5,5.5,1.5
1783009286027,2026-07-02 18:21:26.027,C3:00:00:63:4D:05,-65,127,1.5,5.5,1.5
1783009286030,2026-07-02 18:21:26.030,C3:00:00:63:4D:07,-59,127,1.5,5.5,1.5
1783009286036,2026-07-02 18:21:26.036,C3:00:00:63:4C:D2,-63,127,1.5,5.5,1.5
1783009286070,2026-07-02 18:21:26.070,C3:00:00:63:4D:05,-65,127,1.5,5.5,1.5
1783009286081,2026-07-02 18:21:26.081,C3:00:00:63:4D:0D,-54,127,1.5,5.5,1.5
1783009286088,2026-07-02 18:21:26.088,C3:00:00:63:4D:09,-60,127,1.5,5.5,1.5
1783009286144,2026-07-02 18:21:26.144,C3:00:00:63:4D:07,-56,127,1.5,5.5,1.5
1783009286148,2026-07-02 18:21:26.148,C3:00:00:63:4C:D2,-59,127,1.5,5.5,1.5
1783009286153,2026-07-02 18:21:26.153,C3:00:00:63:4D:05,-56,127,1.5,5.5,1.5
1783009286174,2026-07-02 18:21:26.174,C3:00:00:63:4D:0D,-54,127,1.5,5.5,1.5
1783009286189,2026-07-02 18:21:26.189,C3:00:00:63:4D:0A,-67,127,1.5,5.5,1.5
1783009286193,2026-07-02 18:21:26.193,C3:00:00:63:4D:04,-67,127,1.5,5.5,1.5
1783009286198,2026-07-02 18:21:26.198,C3:00:00:63:4D:09,-55,127,1.5,5.5,1.5
1783009286210,2026-07-02 18:21:26.210,C3:00:00:63:4D:08,-47,127,1.5,5.5,1.5
1783009286212,2026-07-02 18:21:26.212,C3:00:00:63:4D:0D,-52,127,1.5,5.5,1.5
1783009286253,2026-07-02 18:21:26.253,C3:00:00:63:4C:D2,-62,127,1.5,5.5,1.5
1783009286259,2026-07-02 18:21:26.259,C3:00:00:63:4D:07,-54,127,1.5,5.5,1.5
1783009286267,2026-07-02 18:21:26.267,C3:00:00:63:4D:05,-59,127,1.5,5.5,1.5
1783009286287,2026-07-02 18:21:26.287,C3:00:00:63:4D:0D,-51,127,1.5,5.5,1.5
1783009286301,2026-07-02 18:21:26.301,C3:00:00:63:4D:04,-62,127,1.5,5.5,1.5
1783009286309,2026-07-02 18:21:26.309,C3:00:00:63:4D:0A,-65,127,1.5,5.5,1.5
1783009286368,2026-07-02 18:21:26.368,C3:00:00:63:4D:07,-59,127,1.5,5.5,1.5
1783009286377,2026-07-02 18:21:26.377,C3:00:00:63:4D:05,-65,127,1.5,5.5,1.5
1783009286382,2026-07-02 18:21:26.382,C3:00:00:63:4C:D2,-62,127,1.5,5.5,1.5
1783009286401,2026-07-02 18:21:26.401,C3:00:00:63:4D:0D,-57,127,1.5,5.5,1.5
1783009286407,2026-07-02 18:21:26.407,C3:00:00:63:4D:04,-64,127,1.5,5.5,1.5
1783009286418,2026-07-02 18:21:26.418,C3:00:00:63:4D:0A,-66,127,1.5,5.5,1.5
1783009286427,2026-07-02 18:21:26.427,C3:00:00:63:4D:08,-48,127,1.5,5.5,1.5
1783009286434,2026-07-02 18:21:26.434,C3:00:00:63:4D:09,-54,127,1.5,5.5,1.5
1783009286450,2026-07-02 18:21:26.450,C3:00:00:63:4D:07,-57,127,1.5,5.5,1.5
1783009286490,2026-07-02 18:21:26.490,C3:00:00:63:4D:07,-56,127,1.5,5.5,1.5
1783009286492,2026-07-02 18:21:26.492,C3:00:00:63:4D:05,-57,127,1.5,5.5,1.5
1783009286494,2026-07-02 18:21:26.494,C3:00:00:63:4C:D2,-61,127,1.5,5.5,1.5
1783009286496,2026-07-02 18:21:26.496,C3:00:00:63:4D:0D,-51,127,1.5,5.5,1.5
1783009286511,2026-07-02 18:21:26.511,C3:00:00:63:4D:04,-64,127,1.5,5.5,1.5
1783009286530,2026-07-02 18:21:26.530,C3:00:00:63:4D:0A,-63,127,1.5,5.5,1.5
1783009286532,2026-07-02 18:21:26.532,C3:00:00:63:4D:08,-46,127,1.5,5.5,1.5
1783009286542,2026-07-02 18:21:26.542,C3:00:00:63:4D:09,-54,127,1.5,5.5,1.5
1783009286600,2026-07-02 18:21:26.600,C3:00:00:63:4D:0D,-50,127,1.5,5.5,1.5
1783009286610,2026-07-02 18:21:26.610,C3:00:00:63:4D:07,-57,127,1.5,5.5,1.5
1783009286617,2026-07-02 18:21:26.617,C3:00:00:63:4D:05,-65,127,1.5,5.5,1.5
1783009286622,2026-07-02 18:21:26.622,C3:00:00:63:4C:D2,-62,127,1.5,5.5,1.5
1783009286630,2026-07-02 18:21:26.630,C3:00:00:63:4D:08,-48,127,1.5,5.5,1.5
1783009286638,2026-07-02 18:21:26.638,C3:00:00:63:4D:04,-62,127,1.5,5.5,1.5
1783009286639,2026-07-02 18:21:26.639,C3:00:00:63:4D:07,-58,127,1.5,5.5,1.5
1783009286646,2026-07-02 18:21:26.646,C3:00:00:63:4D:0A,-65,127,1.5,5.5,1.5
1783009286652,2026-07-02 18:21:26.652,C3:00:00:63:4D:08,-50,127,1.5,5.5,1.5
1783009286658,2026-07-02 18:21:26.658,C3:00:00:63:4D:09,-58,127,1.5,5.5,1.5
1783009286702,2026-07-02 18:21:26.702,C3:00:00:63:4D:0D,-57,127,1.5,5.5,1.5
1783009286703,2026-07-02 18:21:26.703,C3:00:00:63:4C:D2,-61,127,1.5,5.5,1.5
1783009286713,2026-07-02 18:21:26.713,C3:00:00:63:4D:07,-56,127,1.5,5.5,1.5
1783009286714,2026-07-02 18:21:26.714,C3:00:00:63:4D:05,-56,127,1.5,5.5,1.5
1783009286725,2026-07-02 18:21:26.725,C3:00:00:63:4C:D2,-61,127,1.5,5.5,1.5
1783009286729,2026-07-02 18:21:26.729,C3:00:00:63:4D:0D,-57,127,1.5,5.5,1.5
1783009286733,2026-07-02 18:21:26.733,C3:00:00:63:4D:04,-64,127,1.5,5.5,1.5
1783009286751,2026-07-02 18:21:26.751,C3:00:00:63:4D:08,-48,127,1.5,5.5,1.5
1783009286756,2026-07-02 18:21:26.756,C3:00:00:63:4D:0A,-66,127,1.5,5.5,1.5
1783009286761,2026-07-02 18:21:26.761,C3:00:00:63:4D:09,-54,127,1.5,5.5,1.5
1783009286812,2026-07-02 18:21:26.812,C3:00:00:63:4D:0D,-51,127,1.5,5.5,1.5
1783009286832,2026-07-02 18:21:26.832,C3:00:00:63:4D:07,-53,127,1.5,5.5,1.5
1783009286842,2026-07-02 18:21:26.842,C3:00:00:63:4D:04,-64,127,1.5,5.5,1.5
1783009286860,2026-07-02 18:21:26.860,C3:00:00:63:4D:08,-46,127,1.5,5.5,1.5
1783009286872,2026-07-02 18:21:26.872,C3:00:00:63:4D:0A,-63,127,1.5,5.5,1.5
1783009286891,2026-07-02 18:21:26.891,C3:00:00:63:4D:09,-54,127,1.5,5.5,1.5
1783009286895,2026-07-02 18:21:26.895,C3:00:00:63:4D:08,-46,127,1.5,5.5,1.5
1783009286916,2026-07-02 18:21:26.916,C3:00:00:63:4D:0D,-50,127,1.5,5.5,1.5
1783009286946,2026-07-02 18:21:26.946,C3:00:00:63:4D:07,-58,127,1.5,5.5,1.5
1783009286950,2026-07-02 18:21:26.950,C3:00:00:63:4D:09,-58,127,1.5,5.5,1.5
1783009286954,2026-07-02 18:21:26.954,C3:00:00:63:4D:04,-62,127,1.5,5.5,1.5
1783009286959,2026-07-02 18:21:26.959,C3:00:00:63:4C:D2,-63,127,1.5,5.5,1.5
1783009286971,2026-07-02 18:21:26.971,C3:00:00:63:4D:08,-49,127,1.5,5.5,1.5
1783009286977,2026-07-02 18:21:26.977,C3:00:00:63:4C:D2,-63,127,1.5,5.5,1.5
1783009286987,2026-07-02 18:21:26.987,C3:00:00:63:4D:0A,-65,127,1.5,5.5,1.5
1783009286993,2026-07-02 18:21:26.993,C3:00:00:63:4D:09,-54,127,1.5,5.5,1.5
1783009287007,2026-07-02 18:21:27.007,C3:00:00:63:4D:09,-54,127,1.5,5.5,1.5
1783009287016,2026-07-02 18:21:27.016,C3:00:00:63:4D:0D,-57,127,1.5,5.5,1.5
1783009287064,2026-07-02 18:21:27.064,C3:00:00:63:4D:04,-64,127,1.5,5.5,1.5
1783009287069,2026-07-02 18:21:27.069,C3:00:00:63:4C:D2,-61,127,1.5,5.5,1.5
1783009287081,2026-07-02 18:21:27.081,C3:00:00:63:4D:08,-49,127,1.5,5.5,1.5
1783009287113,2026-07-02 18:21:27.113,C3:00:00:63:4D:09,-54,127,1.5,5.5,1.5
1783009287130,2026-07-02 18:21:27.130,C3:00:00:63:4D:0D,-51,127,1.5,5.5,1.5
1783009287175,2026-07-02 18:21:27.175,C3:00:00:63:4D:04,-64,127,1.5,5.5,1.5
1783009287186,2026-07-02 18:21:27.186,C3:00:00:63:4D:05,-59,127,1.5,5.5,1.5
1783009287195,2026-07-02 18:21:27.195,C3:00:00:63:4D:08,-46,127,1.5,5.5,1.5
1783009287209,2026-07-02 18:21:27.209,C3:00:00:63:4D:05,-66,127,1.5,5.5,1.5
1783009287213,2026-07-02 18:21:27.213,C3:00:00:63:4D:0A,-65,127,1.5,5.5,1.5
1783009287221,2026-07-02 18:21:27.221,C3:00:00:63:4D:09,-58,127,1.5,5.5,1.5
1783009287229,2026-07-02 18:21:27.229,C3:00:00:63:4D:0D,-51,127,1.5,5.5,1.5
1783009287276,2026-07-02 18:21:27.276,C3:00:00:63:4D:04,-62,127,1.5,5.5,1.5
1783009287282,2026-07-02 18:21:27.282,C3:00:00:63:4D:07,-60,127,1.5,5.5,1.5
1783009287294,2026-07-02 18:21:27.294,C3:00:00:63:4D:08,-48,127,1.5,5.5,1.5
1783009287299,2026-07-02 18:21:27.299,C3:00:00:63:4D:05,-56,127,1.5,5.5,1.5
1783009287308,2026-07-02 18:21:27.308,C3:00:00:63:4D:07,-56,127,1.5,5.5,1.5
1783009287312,2026-07-02 18:21:27.312,C3:00:00:63:4D:0A,-66,127,1.5,5.5,1.5
1783009287323,2026-07-02 18:21:27.323,C3:00:00:63:4D:05,-56,127,1.5,5.5,1.5
1783009287332,2026-07-02 18:21:27.332,C3:00:00:63:4D:0A,-66,127,1.5,5.5,1.5
1783009287336,2026-07-02 18:21:27.336,C3:00:00:63:4D:09,-54,127,1.5,5.5,1.5
1783009287342,2026-07-02 18:21:27.342,C3:00:00:63:4D:0D,-57,127,1.5,5.5,1.5
1783009287405,2026-07-02 18:21:27.405,C3:00:00:63:4D:08,-46,127,1.5,5.5,1.5
1783009287412,2026-07-02 18:21:27.412,C3:00:00:63:4C:D2,-62,127,1.5,5.5,1.5
1783009287424,2026-07-02 18:21:27.424,C3:00:00:63:4D:07,-53,127,1.5,5.5,1.5
1783009287435,2026-07-02 18:21:27.435,C3:00:00:63:4D:0A,-63,127,1.5,5.5,1.5
1783009287446,2026-07-02 18:21:27.446,C3:00:00:63:4D:0D,-51,127,1.5,5.5,1.5
1783009287451,2026-07-02 18:21:27.451,C3:00:00:63:4D:09,-54,127,1.5,5.5,1.5
1783009287458,2026-07-02 18:21:27.458,C3:00:00:63:4D:08,-46,127,1.5,5.5,1.5
1783009287460,2026-07-02 18:21:27.460,C3:00:00:63:4D:04,-64,127,1.5,5.5,1.5
1783009287495,2026-07-02 18:21:27.495,C3:00:00:63:4D:04,-62,127,1.5,5.5,1.5
1783009287515,2026-07-02 18:21:27.515,C3:00:00:63:4D:08,-47,127,1.5,5.5,1.5
1783009287521,2026-07-02 18:21:27.521,C3:00:00:63:4D:07,-57,127,1.5,5.5,1.5
1783009287526,2026-07-02 18:21:27.526,C3:00:00:63:4D:05,-65,127,1.5,5.5,1.5
1783009287545,2026-07-02 18:21:27.545,C3:00:00:63:4D:0A,-65,127,1.5,5.5,1.5
1783009287549,2026-07-02 18:21:27.549,C3:00:00:63:4D:0D,-51,127,1.5,5.5,1.5
1783009287601,2026-07-02 18:21:27.601,C3:00:00:63:4D:04,-65,127,1.5,5.5,1.5
1783009287624,2026-07-02 18:21:27.624,C3:00:00:63:4D:08,-48,127,1.5,5.5,1.5
1783009287635,2026-07-02 18:21:27.635,C3:00:00:63:4D:07,-56,127,1.5,5.5,1.5
1783009287643,2026-07-02 18:21:27.643,C3:00:00:63:4C:D2,-59,127,1.5,5.5,1.5
1783009287648,2026-07-02 18:21:27.648,C3:00:00:63:4D:05,-56,127,1.5,5.5,1.5
1783009287651,2026-07-02 18:21:27.651,C3:00:00:63:4D:0D,-54,127,1.5,5.5,1.5
1783009287664,2026-07-02 18:21:27.664,C3:00:00:63:4D:0A,-68,127,1.5,5.5,1.5
1783009287673,2026-07-02 18:21:27.673,C3:00:00:63:4D:09,-54,127,1.5,5.5,1.5
1783009287737,2026-07-02 18:21:27.737,C3:00:00:63:4D:08,-47,127,1.5,5.5,1.5
1783009287754,2026-07-02 18:21:27.754,C3:00:00:63:4C:D2,-62,127,1.5,5.5,1.5
1783009287770,2026-07-02 18:21:27.770,C3:00:00:63:4D:0D,-51,127,1.5,5.5,1.5
1783009287786,2026-07-02 18:21:27.786,C3:00:00:63:4D:0A,-62,127,1.5,5.5,1.5
1783009287799,2026-07-02 18:21:27.799,C3:00:00:63:4D:09,-60,127,1.5,5.5,1.5
1783009287824,2026-07-02 18:21:27.824,C3:00:00:63:4D:04,-63,127,1.5,5.5,1.5
1783009287850,2026-07-02 18:21:27.850,C3:00:00:63:4D:08,-50,127,1.5,5.5,1.5
1783009287857,2026-07-02 18:21:27.857,C3:00:00:63:4C:D2,-63,127,1.5,5.5,1.5
1783009287863,2026-07-02 18:21:27.863,C3:00:00:63:4D:0D,-54,127,1.5,5.5,1.5
1783009287867,2026-07-02 18:21:27.867,C3:00:00:63:4D:07,-59,127,1.5,5.5,1.5
1783009287883,2026-07-02 18:21:27.883,C3:00:00:63:4D:0A,-65,127,1.5,5.5,1.5
1783009287891,2026-07-02 18:21:27.891,C3:00:00:63:4D:09,-54,127,1.5,5.5,1.5
1783009287918,2026-07-02 18:21:27.918,C3:00:00:63:4D:09,-54,127,1.5,5.5,1.5
1783009287953,2026-07-02 18:21:27.953,C3:00:00:63:4D:08,-48,127,1.5,5.5,1.5
1783009287971,2026-07-02 18:21:27.971,C3:00:00:63:4D:0D,-54,127,1.5,5.5,1.5
1783009287977,2026-07-02 18:21:27.977,C3:00:00:63:4D:07,-56,127,1.5,5.5,1.5
1783009287986,2026-07-02 18:21:27.986,C3:00:00:63:4D:05,-56,127,1.5,5.5,1.5
1783009287993,2026-07-02 18:21:27.993,C3:00:00:63:4C:D2,-59,127,1.5,5.5,1.5
1783009287999,2026-07-02 18:21:27.999,C3:00:00:63:4D:0A,-62,127,1.5,5.5,1.5
1783009288020,2026-07-02 18:21:28.020,C3:00:00:63:4D:09,-55,127,1.5,5.5,1.5
1783009288043,2026-07-02 18:21:28.043,C3:00:00:63:4D:04,-67,127,1.5,5.5,1.5
1783009288066,2026-07-02 18:21:28.066,C3:00:00:63:4D:08,-47,127,1.5,5.5,1.5
1783009288073,2026-07-02 18:21:28.073,C3:00:00:63:4D:0D,-51,127,1.5,5.5,1.5
1783009288099,2026-07-02 18:21:28.099,C3:00:00:63:4C:D2,-63,127,1.5,5.5,1.5
1783009288117,2026-07-02 18:21:28.117,C3:00:00:63:4D:0A,-65,127,1.5,5.5,1.5
1783009288139,2026-07-02 18:21:28.139,C3:00:00:63:4D:09,-60,127,1.5,5.5,1.5
1783009288146,2026-07-02 18:21:28.146,C3:00:00:63:4D:05,-74,127,1.5,5.5,1.5
1783009288215,2026-07-02 18:21:28.215,C3:00:00:63:4D:0D,-54,127,1.5,5.5,1.5
1783009288220,2026-07-02 18:21:28.220,C3:00:00:63:4D:05,-56,127,1.5,5.5,1.5
1783009288228,2026-07-02 18:21:28.228,C3:00:00:63:4D:0A,-68,127,1.5,5.5,1.5
1783009288249,2026-07-02 18:21:28.249,C3:00:00:63:4D:09,-54,127,1.5,5.5,1.5
1783009288252,2026-07-02 18:21:28.252,C3:00:00:63:4D:0A,-68,127,1.5,5.5,1.5
1783009288263,2026-07-02 18:21:28.263,C3:00:00:63:4D:04,-65,127,1.5,5.5,1.5
1783009288274,2026-07-02 18:21:28.274,C3:00:00:63:4D:08,-48,127,1.5,5.5,1.5
1783009288280,2026-07-02 18:21:28.280,C3:00:00:63:4D:0D,-54,127,1.5,5.5,1.5
1783009288325,2026-07-02 18:21:28.325,C3:00:00:63:4D:07,-54,127,1.5,5.5,1.5
1783009288332,2026-07-02 18:21:28.332,C3:00:00:63:4D:05,-59,127,1.5,5.5,1.5
1783009288340,2026-07-02 18:21:28.340,C3:00:00:63:4C:D2,-62,127,1.5,5.5,1.5
1783009288348,2026-07-02 18:21:28.348,C3:00:00:63:4D:0A,-62,127,1.5,5.5,1.5
1783009288358,2026-07-02 18:21:28.358,C3:00:00:63:4C:D2,-69,127,1.5,5.5,1.5
1783009288362,2026-07-02 18:21:28.362,C3:00:00:63:4D:09,-55,127,1.5,5.5,1.5
1783009288368,2026-07-02 18:21:28.368,C3:00:00:63:4D:04,-67,127,1.5,5.5,1.5
1783009288377,2026-07-02 18:21:28.377,C3:00:00:63:4D:0D,-51,127,1.5,5.5,1.5
1783009288388,2026-07-02 18:21:28.388,C3:00:00:63:4D:08,-47,127,1.5,5.5,1.5
1783009288439,2026-07-02 18:21:28.439,C3:00:00:63:4D:07,-59,127,1.5,5.5,1.5
1783009288444,2026-07-02 18:21:28.444,C3:00:00:63:4D:05,-65,127,1.5,5.5,1.5
1783009288453,2026-07-02 18:21:28.453,C3:00:00:63:4C:D2,-63,127,1.5,5.5,1.5
1783009288457,2026-07-02 18:21:28.457,C3:00:00:63:4D:0A,-65,127,1.5,5.5,1.5
1783009288468,2026-07-02 18:21:28.468,C3:00:00:63:4D:07,-59,127,1.5,5.5,1.5
1783009288476,2026-07-02 18:21:28.476,C3:00:00:63:4D:09,-60,127,1.5,5.5,1.5
1783009288481,2026-07-02 18:21:28.481,C3:00:00:63:4D:04,-63,127,1.5,5.5,1.5
1783009288494,2026-07-02 18:21:28.494,C3:00:00:63:4D:08,-48,127,1.5,5.5,1.5
1783009288553,2026-07-02 18:21:28.553,C3:00:00:63:4D:07,-55,127,1.5,5.5,1.5
1783009288561,2026-07-02 18:21:28.561,C3:00:00:63:4D:0A,-67,127,1.5,5.5,1.5
1783009288570,2026-07-02 18:21:28.570,C3:00:00:63:4D:05,-56,127,1.5,5.5,1.5
1783009288587,2026-07-02 18:21:28.587,C3:00:00:63:4D:04,-65,127,1.5,5.5,1.5
1783009288608,2026-07-02 18:21:28.608,C3:00:00:63:4D:08,-47,127,1.5,5.5,1.5
1783009288623,2026-07-02 18:21:28.623,C3:00:00:63:4D:08,-47,127,1.5,5.5,1.5
1783009288680,2026-07-02 18:21:28.680,C3:00:00:63:4C:D2,-62,127,1.5,5.5,1.5
1783009288706,2026-07-02 18:21:28.706,C3:00:00:63:4D:0D,-54,127,1.5,5.5,1.5
1783009288715,2026-07-02 18:21:28.715,C3:00:00:63:4D:08,-49,127,1.5,5.5,1.5
1783009288727,2026-07-02 18:21:28.727,C3:00:00:63:4D:0D,-54,127,1.5,5.5,1.5
1783009288783,2026-07-02 18:21:28.783,C3:00:00:63:4D:07,-59,127,1.5,5.5,1.5
1783009288794,2026-07-02 18:21:28.794,C3:00:00:63:4D:0A,-68,127,1.5,5.5,1.5
1783009288803,2026-07-02 18:21:28.803,C3:00:00:63:4D:04,-65,127,1.5,5.5,1.5
1783009288810,2026-07-02 18:21:28.810,C3:00:00:63:4D:0D,-54,127,1.5,5.5,1.5
1783009288818,2026-07-02 18:21:28.818,C3:00:00:63:4D:09,-54,127,1.5,5.5,1.5
1783009288823,2026-07-02 18:21:28.823,C3:00:00:63:4D:08,-48,127,1.5,5.5,1.5
1783009288896,2026-07-02 18:21:28.896,C3:00:00:63:4D:07,-54,127,1.5,5.5,1.5
1783009288900,2026-07-02 18:21:28.900,C3:00:00:63:4D:0A,-62,127,1.5,5.5,1.5
1783009288908,2026-07-02 18:21:28.908,C3:00:00:63:4C:D2,-61,127,1.5,5.5,1.5
1783009288912,2026-07-02 18:21:28.912,C3:00:00:63:4D:0D,-51,127,1.5,5.5,1.5
1783009288922,2026-07-02 18:21:28.922,C3:00:00:63:4D:04,-67,127,1.5,5.5,1.5
1783009288933,2026-07-02 18:21:28.933,C3:00:00:63:4D:08,-47,127,1.5,5.5,1.5
1783009288937,2026-07-02 18:21:28.937,C3:00:00:63:4D:09,-55,127,1.5,5.5,1.5
1783009288948,2026-07-02 18:21:28.948,C3:00:00:63:4D:09,-55,127,1.5,5.5,1.5
1783009288962,2026-07-02 18:21:28.962,C3:00:00:63:4C:D2,-62,127,1.5,5.5,1.5
1783009288994,2026-07-02 18:21:28.994,C3:00:00:63:4D:09,-58,127,1.5,5.5,1.5
1783009289020,2026-07-02 18:21:29.020,C3:00:00:63:4D:07,-58,127,1.5,5.5,1.5
1783009289024,2026-07-02 18:21:29.024,C3:00:00:63:4D:0D,-51,127,1.5,5.5,1.5
1783009289031,2026-07-02 18:21:29.031,C3:00:00:63:4C:D2,-62,127,1.5,5.5,1.5
1783009289049,2026-07-02 18:21:29.049,C3:00:00:63:4D:08,-48,127,1.5,5.5,1.5
1783009289056,2026-07-02 18:21:29.056,C3:00:00:63:4D:09,-58,127,1.5,5.5,1.5
1783009289083,2026-07-02 18:21:29.083,C3:00:00:63:4D:04,-63,127,1.5,5.5,1.5
1783009289114,2026-07-02 18:21:29.114,C3:00:00:63:4D:0D,-58,127,1.5,5.5,1.5
1783009289126,2026-07-02 18:21:29.126,C3:00:00:63:4D:0A,-66,127,1.5,5.5,1.5
1783009289133,2026-07-02 18:21:29.133,C3:00:00:63:4D:07,-56,127,1.5,5.5,1.5
1783009289137,2026-07-02 18:21:29.137,C3:00:00:63:4D:04,-63,127,1.5,5.5,1.5
1783009289143,2026-07-02 18:21:29.143,C3:00:00:63:4C:D2,-61,127,1.5,5.5,1.5
1783009289150,2026-07-02 18:21:29.150,C3:00:00:63:4D:08,-49,127,1.5,5.5,1.5
1783009289160,2026-07-02 18:21:29.160,C3:00:00:63:4D:09,-54,127,1.5,5.5,1.5
1783009289182,2026-07-02 18:21:29.182,C3:00:00:63:4D:05,-57,127,1.5,5.5,1.5
1783009289230,2026-07-02 18:21:29.230,C3:00:00:63:4D:0D,-51,127,1.5,5.5,1.5
1783009289236,2026-07-02 18:21:29.236,C3:00:00:63:4D:0A,-62,127,1.5,5.5,1.5
1783009289239,2026-07-02 18:21:29.239,C3:00:00:63:4D:04,-67,127,1.5,5.5,1.5
1783009289247,2026-07-02 18:21:29.247,C3:00:00:63:4D:07,-54,127,1.5,5.5,1.5
1783009289257,2026-07-02 18:21:29.257,C3:00:00:63:4D:05,-58,127,1.5,5.5,1.5
1783009289261,2026-07-02 18:21:29.261,C3:00:00:63:4D:08,-47,127,1.5,5.5,1.5
1783009289273,2026-07-02 18:21:29.273,C3:00:00:63:4D:09,-54,127,1.5,5.5,1.5
1783009289281,2026-07-02 18:21:29.281,C3:00:00:63:4D:07,-52,127,1.5,5.5,1.5
1783009289313,2026-07-02 18:21:29.313,C3:00:00:63:4D:0A,-66,127,1.5,5.5,1.5
1783009289316,2026-07-02 18:21:29.316,C3:00:00:63:4D:05,-67,127,1.5,5.5,1.5
1783009289333,2026-07-02 18:21:29.333,C3:00:00:63:4D:0D,-51,127,1.5,5.5,1.5
1783009289348,2026-07-02 18:21:29.348,C3:00:00:63:4D:04,-62,127,1.5,5.5,1.5
1783009289365,2026-07-02 18:21:29.365,C3:00:00:63:4C:D2,-62,127,1.5,5.5,1.5
1783009289373,2026-07-02 18:21:29.373,C3:00:00:63:4D:08,-48,127,1.5,5.5,1.5
1783009289389,2026-07-02 18:21:29.389,C3:00:00:63:4D:09,-58,127,1.5,5.5,1.5
1783009289431,2026-07-02 18:21:29.431,C3:00:00:63:4D:0D,-57,127,1.5,5.5,1.5
1783009289443,2026-07-02 18:21:29.443,C3:00:00:63:4D:04,-63,127,1.5,5.5,1.5
1783009289463,2026-07-02 18:21:29.463,C3:00:00:63:4D:08,-49,127,1.5,5.5,1.5
1783009289482,2026-07-02 18:21:29.482,C3:00:00:63:4D:07,-56,127,1.5,5.5,1.5
1783009289484,2026-07-02 18:21:29.484,C3:00:00:63:4C:D2,-61,127,1.5,5.5,1.5
1783009289488,2026-07-02 18:21:29.488,C3:00:00:63:4D:05,-56,127,1.5,5.5,1.5
1783009289491,2026-07-02 18:21:29.491,C3:00:00:63:4D:08,-49,127,1.5,5.5,1.5
1783009289492,2026-07-02 18:21:29.492,C3:00:00:63:4D:04,-63,127,1.5,5.5,1.5
1783009289501,2026-07-02 18:21:29.501,C3:00:00:63:4D:09,-54,127,1.5,5.5,1.5
1783009289567,2026-07-02 18:21:29.567,C3:00:00:63:4D:04,-67,127,1.5,5.5,1.5
1783009289575,2026-07-02 18:21:29.575,C3:00:00:63:4D:0A,-62,127,1.5,5.5,1.5
1783009289589,2026-07-02 18:21:29.589,C3:00:00:63:4D:07,-54,127,1.5,5.5,1.5
1783009289593,2026-07-02 18:21:29.593,C3:00:00:63:4D:08,-47,127,1.5,5.5,1.5
1783009289609,2026-07-02 18:21:29.609,C3:00:00:63:4C:D2,-62,127,1.5,5.5,1.5
1783009289621,2026-07-02 18:21:29.621,C3:00:00:63:4D:05,-65,127,1.5,5.5,1.5
1783009289625,2026-07-02 18:21:29.625,C3:00:00:63:4D:09,-58,127,1.5,5.5,1.5
1783009289650,2026-07-02 18:21:29.650,C3:00:00:63:4D:0D,-51,127,1.5,5.5,1.5
1783009289681,2026-07-02 18:21:29.681,C3:00:00:63:4D:04,-62,127,1.5,5.5,1.5
1783009289696,2026-07-02 18:21:29.696,C3:00:00:63:4D:08,-49,127,1.5,5.5,1.5
1783009289704,2026-07-02 18:21:29.704,C3:00:00:63:4D:07,-56,127,1.5,5.5,1.5
1783009289707,2026-07-02 18:21:29.707,C3:00:00:63:4D:05,-57,127,1.5,5.5,1.5
1783009289711,2026-07-02 18:21:29.711,C3:00:00:63:4C:D2,-61,127,1.5,5.5,1.5
1783009289748,2026-07-02 18:21:29.748,C3:00:00:63:4D:0D,-57,127,1.5,5.5,1.5
1783009289788,2026-07-02 18:21:29.788,C3:00:00:63:4D:04,-63,127,1.5,5.5,1.5
1783009289810,2026-07-02 18:21:29.810,C3:00:00:63:4D:08,-46,127,1.5,5.5,1.5
1783009289828,2026-07-02 18:21:29.828,C3:00:00:63:4D:07,-53,127,1.5,5.5,1.5
1783009289843,2026-07-02 18:21:29.843,C3:00:00:63:4D:09,-55,127,1.5,5.5,1.5
1783009289857,2026-07-02 18:21:29.857,C3:00:00:63:4D:0D,-51,127,1.5,5.5,1.5
1783009289863,2026-07-02 18:21:29.863,C3:00:00:63:4C:D2,-62,127,1.5,5.5,1.5
1783009289900,2026-07-02 18:21:29.900,C3:00:00:63:4D:04,-62,127,1.5,5.5,1.5
1783009289977,2026-07-02 18:21:29.977,C3:00:00:63:4D:09,-66,127,1.5,5.5,1.5
1783009289981,2026-07-02 18:21:29.981,C3:00:00:63:4D:0D,-58,127,1.5,5.5,1.5
1783009290004,2026-07-02 18:21:30.004,C3:00:00:63:4D:04,-64,127,1.5,5.5,1.5
1783009290026,2026-07-02 18:21:30.026,C3:00:00:63:4D:08,-49,127,1.5,5.5,1.5
1783009290029,2026-07-02 18:21:30.029,C3:00:00:63:4D:0A,-66,127,1.5,5.5,1.5
1783009290045,2026-07-02 18:21:30.045,C3:00:00:63:4D:07,-56,127,1.5,5.5,1.5
1783009290059,2026-07-02 18:21:30.059,C3:00:00:63:4C:D2,-61,127,1.5,5.5,1.5
1783009290060,2026-07-02 18:21:30.060,C3:00:00:63:4D:05,-57,127,1.5,5.5,1.5
1783009290067,2026-07-02 18:21:30.067,C3:00:00:63:4D:0D,-57,127,1.5,5.5,1.5
1783009290071,2026-07-02 18:21:30.071,C3:00:00:63:4D:09,-54,127,1.5,5.5,1.5
1783009290075,2026-07-02 18:21:30.075,C3:00:00:63:4D:05,-57,127,1.5,5.5,1.5
1783009290111,2026-07-02 18:21:30.111,C3:00:00:63:4D:07,-59,127,1.5,5.5,1.5
1783009290118,2026-07-02 18:21:30.118,C3:00:00:63:4D:04,-64,127,1.5,5.5,1.5
1783009290135,2026-07-02 18:21:30.135,C3:00:00:63:4D:08,-46,127,1.5,5.5,1.5
1783009290152,2026-07-02 18:21:30.152,C3:00:00:63:4D:0A,-63,127,1.5,5.5,1.5
1783009290172,2026-07-02 18:21:30.172,C3:00:00:63:4C:D2,-62,127,1.5,5.5,1.5
1783009290192,2026-07-02 18:21:30.192,C3:00:00:63:4D:09,-60,127,1.5,5.5,1.5
1783009290214,2026-07-02 18:21:30.214,C3:00:00:63:4D:0A,-73,127,1.5,5.5,1.5
1783009290219,2026-07-02 18:21:30.219,C3:00:00:63:4D:0D,-54,127,1.5,5.5,1.5
1783009290226,2026-07-02 18:21:30.226,C3:00:00:63:4D:04,-62,127,1.5,5.5,1.5
1783009290247,2026-07-02 18:21:30.247,C3:00:00:63:4D:08,-49,127,1.5,5.5,1.5
1783009290264,2026-07-02 18:21:30.264,C3:00:00:63:4D:0A,-65,127,1.5,5.5,1.5
1783009290274,2026-07-02 18:21:30.274,C3:00:00:63:4D:0D,-54,127,1.5,5.5,1.5
1783009290284,2026-07-02 18:21:30.284,C3:00:00:63:4D:05,-65,127,1.5,5.5,1.5
1783009290304,2026-07-02 18:21:30.304,C3:00:00:63:4D:09,-54,127,1.5,5.5,1.5
1783009290330,2026-07-02 18:21:30.330,C3:00:00:63:4D:04,-66,127,1.5,5.5,1.5
1783009290351,2026-07-02 18:21:30.351,C3:00:00:63:4D:08,-48,127,1.5,5.5,1.5
1783009290368,2026-07-02 18:21:30.368,C3:00:00:63:4D:0A,-68,127,1.5,5.5,1.5
1783009290385,2026-07-02 18:21:30.385,C3:00:00:63:4D:0D,-54,127,1.5,5.5,1.5
1783009290401,2026-07-02 18:21:30.401,C3:00:00:63:4D:05,-59,127,1.5,5.5,1.5
1783009290407,2026-07-02 18:21:30.407,C3:00:00:63:4D:07,-54,127,1.5,5.5,1.5
1783009290411,2026-07-02 18:21:30.411,C3:00:00:63:4C:D2,-61,127,1.5,5.5,1.5
1783009290416,2026-07-02 18:21:30.416,C3:00:00:63:4D:09,-55,127,1.5,5.5,1.5
1783009290437,2026-07-02 18:21:30.437,C3:00:00:63:4D:04,-67,127,1.5,5.5,1.5
1783009290456,2026-07-02 18:21:30.456,C3:00:00:63:4D:08,-47,127,1.5,5.5,1.5
1783009290488,2026-07-02 18:21:30.488,C3:00:00:63:4D:0A,-62,127,1.5,5.5,1.5
1783009290491,2026-07-02 18:21:30.491,C3:00:00:63:4D:0D,-51,127,1.5,5.5,1.5
1783009290520,2026-07-02 18:21:30.520,C3:00:00:63:4D:07,-59,127,1.5,5.5,1.5
1783009290527,2026-07-02 18:21:30.527,C3:00:00:63:4D:05,-65,127,1.5,5.5,1.5
1783009290544,2026-07-02 18:21:30.544,C3:00:00:63:4C:D2,-63,127,1.5,5.5,1.5
1783009290546,2026-07-02 18:21:30.546,C3:00:00:63:4D:09,-60,127,1.5,5.5,1.5
1783009290551,2026-07-02 18:21:30.551,C3:00:00:63:4D:04,-62,127,1.5,5.5,1.5
1783009290562,2026-07-02 18:21:30.562,C3:00:00:63:4D:08,-49,127,1.5,5.5,1.5
1783009290591,2026-07-02 18:21:30.591,C3:00:00:63:4D:0D,-54,127,1.5,5.5,1.5
1783009290596,2026-07-02 18:21:30.596,C3:00:00:63:4D:0A,-68,127,1.5,5.5,1.5
1783009290621,2026-07-02 18:21:30.621,C3:00:00:63:4D:07,-56,127,1.5,5.5,1.5
1783009290624,2026-07-02 18:21:30.624,C3:00:00:63:4D:08,-48,127,1.5,5.5,1.5
1783009290631,2026-07-02 18:21:30.631,C3:00:00:63:4D:05,-56,127,1.5,5.5,1.5
1783009290638,2026-07-02 18:21:30.638,C3:00:00:63:4D:09,-54,127,1.5,5.5,1.5
1783009290645,2026-07-02 18:21:30.645,C3:00:00:63:4D:07,-56,127,1.5,5.5,1.5
1783009290662,2026-07-02 18:21:30.662,C3:00:00:63:4D:04,-66,127,1.5,5.5,1.5
1783009290675,2026-07-02 18:21:30.675,C3:00:00:63:4D:08,-48,127,1.5,5.5,1.5
1783009290707,2026-07-02 18:21:30.707,C3:00:00:63:4C:D2,-62,127,1.5,5.5,1.5
1783009290712,2026-07-02 18:21:30.712,C3:00:00:63:4D:0A,-62,127,1.5,5.5,1.5
1783009290723,2026-07-02 18:21:30.723,C3:00:00:63:4D:0D,-51,127,1.5,5.5,1.5
1783009290737,2026-07-02 18:21:30.737,C3:00:00:63:4D:07,-54,127,1.5,5.5,1.5
1783009290746,2026-07-02 18:21:30.746,C3:00:00:63:4D:05,-59,127,1.5,5.5,1.5
1783009290750,2026-07-02 18:21:30.750,C3:00:00:63:4C:D2,-61,127,1.5,5.5,1.5
1783009290762,2026-07-02 18:21:30.762,C3:00:00:63:4D:09,-55,127,1.5,5.5,1.5
1783009290765,2026-07-02 18:21:30.765,C3:00:00:63:4D:04,-67,127,1.5,5.5,1.5
1783009290781,2026-07-02 18:21:30.781,C3:00:00:63:4D:08,-47,127,1.5,5.5,1.5
1783009290804,2026-07-02 18:21:30.804,C3:00:00:63:4D:0D,-54,127,1.5,5.5,1.5
1783009290825,2026-07-02 18:21:30.825,C3:00:00:63:4D:0A,-65,127,1.5,5.5,1.5
1783009290858,2026-07-02 18:21:30.858,C3:00:00:63:4D:07,-59,127,1.5,5.5,1.5
1783009290862,2026-07-02 18:21:30.862,C3:00:00:63:4D:05,-65,127,1.5,5.5,1.5
1783009290871,2026-07-02 18:21:30.871,C3:00:00:63:4C:D2,-63,127,1.5,5.5,1.5
1783009290875,2026-07-02 18:21:30.875,C3:00:00:63:4D:09,-60,127,1.5,5.5,1.5
1783009290885,2026-07-02 18:21:30.885,C3:00:00:63:4D:04,-62,127,1.5,5.5,1.5
1783009290890,2026-07-02 18:21:30.890,C3:00:00:63:4D:08,-50,127,1.5,5.5,1.5
1783009290902,2026-07-02 18:21:30.902,C3:00:00:63:4D:08,-56,127,1.5,5.5,1.5
1783009290905,2026-07-02 18:21:30.905,C3:00:00:63:4D:0D,-54,127,1.5,5.5,1.5
1783009290919,2026-07-02 18:21:30.919,C3:00:00:63:4D:08,-48,127,1.5,5.5,1.5
1783009290933,2026-07-02 18:21:30.933,C3:00:00:63:4D:0A,-68,127,1.5,5.5,1.5
1783009290977,2026-07-02 18:21:30.977,C3:00:00:63:4C:D2,-60,127,1.5,5.5,1.5
1783009290980,2026-07-02 18:21:30.980,C3:00:00:63:4D:05,-56,127,1.5,5.5,1.5
1783009290984,2026-07-02 18:21:30.984,C3:00:00:63:4D:04,-65,127,1.5,5.5,1.5
1783009290988,2026-07-02 18:21:30.988,C3:00:00:63:4D:09,-54,127,1.5,5.5,1.5
1783009291002,2026-07-02 18:21:31.002,C3:00:00:63:4C:D2,-62,127,1.5,5.5,1.5
1783009291003,2026-07-02 18:21:31.003,C3:00:00:63:4D:08,-48,127,1.5,5.5,1.5
1783009291008,2026-07-02 18:21:31.008,C3:00:00:63:4D:0D,-51,127,1.5,5.5,1.5
1783009291012,2026-07-02 18:21:31.012,C3:00:00:63:4D:09,-55,127,1.5,5.5,1.5
1783009291052,2026-07-02 18:21:31.052,C3:00:00:63:4D:0A,-62,127,1.5,5.5,1.5
1783009291089,2026-07-02 18:21:31.089,C3:00:00:63:4D:07,-53,127,1.5,5.5,1.5
1783009291095,2026-07-02 18:21:31.095,C3:00:00:63:4D:04,-62,127,1.5,5.5,1.5
1783009291111,2026-07-02 18:21:31.111,C3:00:00:63:4C:D2,-63,127,1.5,5.5,1.5
1783009291117,2026-07-02 18:21:31.117,C3:00:00:63:4D:09,-60,127,1.5,5.5,1.5
1783009291165,2026-07-02 18:21:31.165,C3:00:00:63:4D:0A,-65,127,1.5,5.5,1.5
1783009291189,2026-07-02 18:21:31.189,C3:00:00:63:4D:05,-66,127,1.5,5.5,1.5
1783009291210,2026-07-02 18:21:31.210,C3:00:00:63:4D:07,-56,127,1.5,5.5,1.5
1783009291245,2026-07-02 18:21:31.245,C3:00:00:63:4D:0A,-68,127,1.5,5.5,1.5
1783009291293,2026-07-02 18:21:31.293,C3:00:00:63:4D:07,-54,127,1.5,5.5,1.5
1783009291322,2026-07-02 18:21:31.322,C3:00:00:63:4D:07,-54,127,1.5,5.5,1.5
1783009291325,2026-07-02 18:21:31.325,C3:00:00:63:4D:05,-59,127,1.5,5.5,1.5
1783009291331,2026-07-02 18:21:31.331,C3:00:00:63:4D:09,-55,127,1.5,5.5,1.5
1783009291339,2026-07-02 18:21:31.339,C3:00:00:63:4D:08,-47,127,1.5,5.5,1.5
1783009291341,2026-07-02 18:21:31.341,C3:00:00:63:4D:05,-59,127,1.5,5.5,1.5
1783009291398,2026-07-02 18:21:31.398,C3:00:00:63:4D:0A,-67,127,1.5,5.5,1.5
1783009291423,2026-07-02 18:21:31.423,C3:00:00:63:4D:04,-63,127,1.5,5.5,1.5
1783009291453,2026-07-02 18:21:31.453,C3:00:00:63:4D:04,-63,127,1.5,5.5,1.5
1783009291474,2026-07-02 18:21:31.474,C3:00:00:63:4D:04,-63,127,1.5,5.5,1.5
1783009291481,2026-07-02 18:21:31.481,C3:00:00:63:4D:08,-48,127,1.5,5.5,1.5
1783009291534,2026-07-02 18:21:31.534,C3:00:00:63:4D:0D,-57,127,1.5,5.5,1.5
1783009291540,2026-07-02 18:21:31.540,C3:00:00:63:4D:04,-64,127,1.5,5.5,1.5
1783009291546,2026-07-02 18:21:31.546,C3:00:00:63:4D:07,-57,127,1.5,5.5,1.5
1783009291553,2026-07-02 18:21:31.553,C3:00:00:63:4D:08,-49,127,1.5,5.5,1.5
1783009291565,2026-07-02 18:21:31.565,C3:00:00:63:4D:09,-54,127,1.5,5.5,1.5
1783009291614,2026-07-02 18:21:31.614,C3:00:00:63:4D:0A,-63,127,1.5,5.5,1.5
1783009291673,2026-07-02 18:21:31.673,C3:00:00:63:4C:D2,-65,127,1.5,5.5,1.5
1783009291732,2026-07-02 18:21:31.732,C3:00:00:63:4D:04,-70,127,1.5,5.5,1.5
1783009291755,2026-07-02 18:21:31.755,C3:00:00:63:4D:04,-63,127,1.5,5.5,1.5
1783009291759,2026-07-02 18:21:31.759,C3:00:00:63:4D:0D,-54,127,1.5,5.5,1.5
1783009291776,2026-07-02 18:21:31.776,C3:00:00:63:4D:08,-50,127,1.5,5.5,1.5
1783009291780,2026-07-02 18:21:31.780,C3:00:00:63:4D:07,-59,127,1.5,5.5,1.5
1783009291841,2026-07-02 18:21:31.841,C3:00:00:63:4D:0A,-66,127,1.5,5.5,1.5
1783009291887,2026-07-02 18:21:31.887,C3:00:00:63:4D:07,-59,127,1.5,5.5,1.5
1783009291896,2026-07-02 18:21:31.896,C3:00:00:63:4D:05,-59,127,1.5,5.5,1.5
1783009291912,2026-07-02 18:21:31.912,C3:00:00:63:4C:D2,-62,127,1.5,5.5,1.5
1783009291952,2026-07-02 18:21:31.952,C3:00:00:63:4D:0A,-63,127,1.5,5.5,1.5
1783009291966,2026-07-02 18:21:31.966,C3:00:00:63:4D:0D,-51,127,1.5,5.5,1.5
1783009291970,2026-07-02 18:21:31.970,C3:00:00:63:4D:04,-64,127,1.5,5.5,1.5
1783009291985,2026-07-02 18:21:31.985,C3:00:00:63:4D:08,-46,127,1.5,5.5,1.5
1783009292064,2026-07-02 18:21:32.064,C3:00:00:63:4D:0D,-50,127,1.5,5.5,1.5
1783009292070,2026-07-02 18:21:32.070,C3:00:00:63:4D:0A,-66,127,1.5,5.5,1.5
1783009292083,2026-07-02 18:21:32.083,C3:00:00:63:4D:04,-62,127,1.5,5.5,1.5
1783009292097,2026-07-02 18:21:32.097,C3:00:00:63:4D:08,-48,127,1.5,5.5,1.5
1783009292119,2026-07-02 18:21:32.119,C3:00:00:63:4D:07,-56,127,1.5,5.5,1.5
1783009292123,2026-07-02 18:21:32.123,C3:00:00:63:4D:09,-53,127,1.5,5.5,1.5
1783009292128,2026-07-02 18:21:32.128,C3:00:00:63:4C:D2,-61,127,1.5,5.5,1.5
1783009292153,2026-07-02 18:21:32.153,C3:00:00:63:4D:05,-64,127,1.5,5.5,1.5
1783009292171,2026-07-02 18:21:32.171,C3:00:00:63:4D:0D,-56,127,1.5,5.5,1.5
1783009292189,2026-07-02 18:21:32.189,C3:00:00:63:4D:04,-64,127,1.5,5.5,1.5
1783009292192,2026-07-02 18:21:32.192,C3:00:00:63:4D:0A,-65,127,1.5,5.5,1.5
1783009292205,2026-07-02 18:21:32.205,C3:00:00:63:4D:08,-46,127,1.5,5.5,1.5
1783009292230,2026-07-02 18:21:32.230,C3:00:00:63:4D:0D,-50,127,1.5,5.5,1.5
1783009292240,2026-07-02 18:21:32.240,C3:00:00:63:4D:07,-51,127,1.5,5.5,1.5
1783009292257,2026-07-02 18:21:32.257,C3:00:00:63:4D:0A,-63,127,1.5,5.5,1.5
1783009292272,2026-07-02 18:21:32.272,C3:00:00:63:4D:0D,-50,127,1.5,5.5,1.5
1783009292298,2026-07-02 18:21:32.298,C3:00:00:63:4D:0A,-66,127,1.5,5.5,1.5
1783009292304,2026-07-02 18:21:32.304,C3:00:00:63:4D:04,-62,127,1.5,5.5,1.5
1783009292316,2026-07-02 18:21:32.316,C3:00:00:63:4D:08,-48,127,1.5,5.5,1.5
1783009292359,2026-07-02 18:21:32.359,C3:00:00:63:4D:07,-57,127,1.5,5.5,1.5
1783009292363,2026-07-02 18:21:32.363,C3:00:00:63:4D:09,-58,127,1.5,5.5,1.5
1783009292378,2026-07-02 18:21:32.378,C3:00:00:63:4C:D2,-70,127,1.5,5.5,1.5
1783009292381,2026-07-02 18:21:32.381,C3:00:00:63:4D:0D,-50,127,1.5,5.5,1.5
1783009292406,2026-07-02 18:21:32.406,C3:00:00:63:4D:0A,-67,127,1.5,5.5,1.5
1783009292411,2026-07-02 18:21:32.411,C3:00:00:63:4D:04,-66,127,1.5,5.5,1.5
1783009292426,2026-07-02 18:21:32.426,C3:00:00:63:4D:08,-49,127,1.5,5.5,1.5
1783009292467,2026-07-02 18:21:32.467,C3:00:00:63:4D:07,-56,127,1.5,5.5,1.5
1783009292474,2026-07-02 18:21:32.474,C3:00:00:63:4C:D2,-61,127,1.5,5.5,1.5
1783009292489,2026-07-02 18:21:32.489,C3:00:00:63:4D:0D,-57,127,1.5,5.5,1.5
1783009292496,2026-07-02 18:21:32.496,C3:00:00:63:4D:07,-56,127,1.5,5.5,1.5
1783009292523,2026-07-02 18:21:32.523,C3:00:00:63:4D:0A,-63,127,1.5,5.5,1.5
1783009292539,2026-07-02 18:21:32.539,C3:00:00:63:4D:08,-46,127,1.5,5.5,1.5
1783009292583,2026-07-02 18:21:32.583,C3:00:00:63:4D:09,-55,127,1.5,5.5,1.5
1783009292627,2026-07-02 18:21:32.627,C3:00:00:63:4D:04,-62,127,1.5,5.5,1.5
1783009292632,2026-07-02 18:21:32.632,C3:00:00:63:4D:08,-50,127,1.5,5.5,1.5
1783009292639,2026-07-02 18:21:32.639,C3:00:00:63:4D:0A,-66,127,1.5,5.5,1.5
1783009292654,2026-07-02 18:21:32.654,C3:00:00:63:4D:08,-50,127,1.5,5.5,1.5
1783009292671,2026-07-02 18:21:32.671,C3:00:00:63:4D:0D,-54,127,1.5,5.5,1.5
1783009292693,2026-07-02 18:21:32.693,C3:00:00:63:4D:0D,-54,127,1.5,5.5,1.5
1783009292696,2026-07-02 18:21:32.696,C3:00:00:63:4D:09,-53,127,1.5,5.5,1.5
1783009292704,2026-07-02 18:21:32.704,C3:00:00:63:4D:05,-55,127,1.5,5.5,1.5
1783009292706,2026-07-02 18:21:32.706,C3:00:00:63:4C:D2,-59,127,1.5,5.5,1.5
1783009292727,2026-07-02 18:21:32.727,C3:00:00:63:4D:04,-66,127,1.5,5.5,1.5
1783009292729,2026-07-02 18:21:32.729,C3:00:00:63:4D:0D,-54,127,1.5,5.5,1.5
1783009292742,2026-07-02 18:21:32.742,C3:00:00:63:4D:0A,-67,127,1.5,5.5,1.5
1783009292747,2026-07-02 18:21:32.747,C3:00:00:63:4D:08,-48,127,1.5,5.5,1.5
1783009292798,2026-07-02 18:21:32.798,C3:00:00:63:4D:0D,-51,127,1.5,5.5,1.5
1783009292818,2026-07-02 18:21:32.818,C3:00:00:63:4D:07,-54,127,1.5,5.5,1.5
1783009292827,2026-07-02 18:21:32.827,C3:00:00:63:4C:D2,-61,127,1.5,5.5,1.5
1783009292842,2026-07-02 18:21:32.842,C3:00:00:63:4D:04,-66,127,1.5,5.5,1.5
1783009292859,2026-07-02 18:21:32.859,C3:00:00:63:4D:0A,-63,127,1.5,5.5,1.5
1783009292863,2026-07-02 18:21:32.863,C3:00:00:63:4D:08,-48,127,1.5,5.5,1.5
1783009292903,2026-07-02 18:21:32.903,C3:00:00:63:4D:0D,-54,127,1.5,5.5,1.5
1783009292929,2026-07-02 18:21:32.929,C3:00:00:63:4D:09,-59,127,1.5,5.5,1.5
1783009292935,2026-07-02 18:21:32.935,C3:00:00:63:4D:05,-65,127,1.5,5.5,1.5
1783009292939,2026-07-02 18:21:32.939,C3:00:00:63:4C:D2,-64,127,1.5,5.5,1.5
1783009292953,2026-07-02 18:21:32.953,C3:00:00:63:4D:04,-62,127,1.5,5.5,1.5
1783009292973,2026-07-02 18:21:32.973,C3:00:00:63:4D:08,-50,127,1.5,5.5,1.5
1783009292976,2026-07-02 18:21:32.976,C3:00:00:63:4D:0A,-65,127,1.5,5.5,1.5
1783009292980,2026-07-02 18:21:32.980,C3:00:00:63:4D:09,-59,127,1.5,5.5,1.5
1783009292989,2026-07-02 18:21:32.989,C3:00:00:63:4C:D2,-64,127,1.5,5.5,1.5
1783009292998,2026-07-02 18:21:32.998,C3:00:00:63:4D:09,-54,127,1.5,5.5,1.5
1783009293007,2026-07-02 18:21:33.007,C3:00:00:63:4D:0D,-54,127,1.5,5.5,1.5
1783009293038,2026-07-02 18:21:33.038,C3:00:00:63:4D:09,-53,127,1.5,5.5,1.5
1783009293043,2026-07-02 18:21:33.043,C3:00:00:63:4D:07,-56,127,1.5,5.5,1.5
1783009293047,2026-07-02 18:21:33.047,C3:00:00:63:4D:05,-55,127,1.5,5.5,1.5
1783009293054,2026-07-02 18:21:33.054,C3:00:00:63:4C:D2,-59,127,1.5,5.5,1.5
1783009293060,2026-07-02 18:21:33.060,C3:00:00:63:4D:04,-66,127,1.5,5.5,1.5
1783009293076,2026-07-02 18:21:33.076,C3:00:00:63:4D:08,-49,127,1.5,5.5,1.5
1783009293088,2026-07-02 18:21:33.088,C3:00:00:63:4D:0A,-67,127,1.5,5.5,1.5
1783009293112,2026-07-02 18:21:33.112,C3:00:00:63:4D:04,-66,127,1.5,5.5,1.5
1783009293116,2026-07-02 18:21:33.116,C3:00:00:63:4D:0D,-51,127,1.5,5.5,1.5
1783009293157,2026-07-02 18:21:33.157,C3:00:00:63:4D:07,-54,127,1.5,5.5,1.5
1783009293162,2026-07-02 18:21:33.162,C3:00:00:63:4D:05,-58,127,1.5,5.5,1.5
1783009293167,2026-07-02 18:21:33.167,C3:00:00:63:4C:D2,-61,127,1.5,5.5,1.5
1783009293173,2026-07-02 18:21:33.173,C3:00:00:63:4D:04,-65,127,1.5,5.5,1.5
1783009293187,2026-07-02 18:21:33.187,C3:00:00:63:4D:08,-48,127,1.5,5.5,1.5
1783009293204,2026-07-02 18:21:33.204,C3:00:00:63:4D:0A,-66,127,1.5,5.5,1.5
1783009293216,2026-07-02 18:21:33.216,C3:00:00:63:4D:0D,-54,127,1.5,5.5,1.5
1783009293247,2026-07-02 18:21:33.247,C3:00:00:63:4D:0A,-66,127,1.5,5.5,1.5
1783009293279,2026-07-02 18:21:33.279,C3:00:00:63:4D:04,-62,127,1.5,5.5,1.5
1783009293301,2026-07-02 18:21:33.301,C3:00:00:63:4D:08,-49,127,1.5,5.5,1.5
1783009293320,2026-07-02 18:21:33.320,C3:00:00:63:4D:0D,-54,127,1.5,5.5,1.5
1783009293323,2026-07-02 18:21:33.323,C3:00:00:63:4D:0A,-68,127,1.5,5.5,1.5
1783009293341,2026-07-02 18:21:33.341,C3:00:00:63:4D:05,-55,127,1.5,5.5,1.5
1783009293379,2026-07-02 18:21:33.379,C3:00:00:63:4D:09,-53,127,1.5,5.5,1.5
1783009293385,2026-07-02 18:21:33.385,C3:00:00:63:4D:07,-56,127,1.5,5.5,1.5
1783009293401,2026-07-02 18:21:33.401,C3:00:00:63:4C:D2,-62,127,1.5,5.5,1.5
1783009293404,2026-07-02 18:21:33.404,C3:00:00:63:4D:08,-48,127,1.5,5.5,1.5
1783009293425,2026-07-02 18:21:33.425,C3:00:00:63:4D:0A,-63,127,1.5,5.5,1.5
1783009293462,2026-07-02 18:21:33.462,C3:00:00:63:4D:04,-63,127,1.5,5.5,1.5
1783009293483,2026-07-02 18:21:33.483,C3:00:00:63:4D:04,-62,127,1.5,5.5,1.5
1783009293494,2026-07-02 18:21:33.494,C3:00:00:63:4D:09,-58,127,1.5,5.5,1.5
1783009293501,2026-07-02 18:21:33.501,C3:00:00:63:4D:08,-48,127,1.5,5.5,1.5
1783009293505,2026-07-02 18:21:33.505,C3:00:00:63:4D:07,-58,127,1.5,5.5,1.5
1783009293509,2026-07-02 18:21:33.509,C3:00:00:63:4D:04,-62,127,1.5,5.5,1.5
1783009293512,2026-07-02 18:21:33.512,C3:00:00:63:4D:08,-48,127,1.5,5.5,1.5
1783009293535,2026-07-02 18:21:33.535,C3:00:00:63:4D:0D,-51,127,1.5,5.5,1.5
1783009293541,2026-07-02 18:21:33.541,C3:00:00:63:4D:0A,-66,127,1.5,5.5,1.5
1783009293619,2026-07-02 18:21:33.619,C3:00:00:63:4D:07,-56,127,1.5,5.5,1.5
1783009293624,2026-07-02 18:21:33.624,C3:00:00:63:4C:D2,-61,127,1.5,5.5,1.5
1783009293642,2026-07-02 18:21:33.642,C3:00:00:63:4D:08,-49,127,1.5,5.5,1.5
1783009293645,2026-07-02 18:21:33.645,C3:00:00:63:4D:0D,-57,127,1.5,5.5,1.5
1783009293651,2026-07-02 18:21:33.651,C3:00:00:63:4D:0A,-65,127,1.5,5.5,1.5
1783009293737,2026-07-02 18:21:33.737,C3:00:00:63:4D:07,-54,127,1.5,5.5,1.5
1783009293743,2026-07-02 18:21:33.743,C3:00:00:63:4D:0D,-51,127,1.5,5.5,1.5
1783009293763,2026-07-02 18:21:33.763,C3:00:00:63:4D:0A,-63,127,1.5,5.5,1.5
1783009293826,2026-07-02 18:21:33.826,C3:00:00:63:4D:04,-62,127,1.5,5.5,1.5
1783009293848,2026-07-02 18:21:33.848,C3:00:00:63:4D:08,-50,127,1.5,5.5,1.5
1783009293853,2026-07-02 18:21:33.853,C3:00:00:63:4D:09,-59,127,1.5,5.5,1.5
1783009293856,2026-07-02 18:21:33.856,C3:00:00:63:4D:07,-59,127,1.5,5.5,1.5
1783009293878,2026-07-02 18:21:33.878,C3:00:00:63:4C:D2,-64,127,1.5,5.5,1.5
1783009293886,2026-07-02 18:21:33.886,C3:00:00:63:4D:0A,-65,127,1.5,5.5,1.5
1783009293933,2026-07-02 18:21:33.933,C3:00:00:63:4D:04,-65,127,1.5,5.5,1.5
1783009293959,2026-07-02 18:21:33.959,C3:00:00:63:4D:08,-48,127,1.5,5.5,1.5
1783009293963,2026-07-02 18:21:33.963,C3:00:00:63:4D:09,-53,127,1.5,5.5,1.5
1783009293967,2026-07-02 18:21:33.967,C3:00:00:63:4D:07,-56,127,1.5,5.5,1.5
1783009293973,2026-07-02 18:21:33.973,C3:00:00:63:4D:05,-55,127,1.5,5.5,1.5
1783009293987,2026-07-02 18:21:33.987,C3:00:00:63:4D:0A,-67,127,1.5,5.5,1.5
1783009293991,2026-07-02 18:21:33.991,C3:00:00:63:4D:09,-63,127,1.5,5.5,1.5
1783009293995,2026-07-02 18:21:33.995,C3:00:00:63:4D:0D,-58,127,1.5,5.5,1.5
1783009294042,2026-07-02 18:21:34.042,C3:00:00:63:4D:04,-65,127,1.5,5.5,1.5
1783009294059,2026-07-02 18:21:34.059,C3:00:00:63:4D:08,-48,127,1.5,5.5,1.5
1783009294072,2026-07-02 18:21:34.072,C3:00:00:63:4D:09,-55,127,1.5,5.5,1.5
1783009294078,2026-07-02 18:21:34.078,C3:00:00:63:4D:07,-54,127,1.5,5.5,1.5
1783009294090,2026-07-02 18:21:34.090,C3:00:00:63:4D:05,-59,127,1.5,5.5,1.5
1783009294092,2026-07-02 18:21:34.092,C3:00:00:63:4C:D2,-62,127,1.5,5.5,1.5
1783009294101,2026-07-02 18:21:34.101,C3:00:00:63:4D:0A,-65,127,1.5,5.5,1.5
1783009294110,2026-07-02 18:21:34.110,C3:00:00:63:4D:05,-66,127,1.5,5.5,1.5
1783009294113,2026-07-02 18:21:34.113,C3:00:00:63:4D:07,-67,127,1.5,5.5,1.5
1783009294145,2026-07-02 18:21:34.145,C3:00:00:63:4D:04,-62,127,1.5,5.5,1.5
1783009294165,2026-07-02 18:21:34.165,C3:00:00:63:4D:0D,-54,127,1.5,5.5,1.5
1783009294171,2026-07-02 18:21:34.171,C3:00:00:63:4D:08,-50,127,1.5,5.5,1.5
1783009294188,2026-07-02 18:21:34.188,C3:00:00:63:4D:09,-59,127,1.5,5.5,1.5
1783009294193,2026-07-02 18:21:34.193,C3:00:00:63:4D:07,-56,127,1.5,5.5,1.5
1783009294195,2026-07-02 18:21:34.195,C3:00:00:63:4C:D2,-59,127,1.5,5.5,1.5
1783009294197,2026-07-02 18:21:34.197,C3:00:00:63:4D:05,-55,127,1.5,5.5,1.5
1783009294228,2026-07-02 18:21:34.228,C3:00:00:63:4D:0A,-75,127,1.5,5.5,1.5
1783009294267,2026-07-02 18:21:34.267,C3:00:00:63:4D:0D,-54,127,1.5,5.5,1.5
1783009294280,2026-07-02 18:21:34.280,C3:00:00:63:4D:08,-48,127,1.5,5.5,1.5
1783009294296,2026-07-02 18:21:34.296,C3:00:00:63:4D:09,-54,127,1.5,5.5,1.5
1783009294304,2026-07-02 18:21:34.304,C3:00:00:63:4D:07,-54,127,1.5,5.5,1.5
1783009294312,2026-07-02 18:21:34.312,C3:00:00:63:4D:05,-59,127,1.5,5.5,1.5
1783009294322,2026-07-02 18:21:34.322,C3:00:00:63:4C:D2,-60,127,1.5,5.5,1.5
1783009294331,2026-07-02 18:21:34.331,C3:00:00:63:4D:0A,-62,127,1.5,5.5,1.5
1783009294368,2026-07-02 18:21:34.368,C3:00:00:63:4D:04,-67,127,1.5,5.5,1.5
1783009294373,2026-07-02 18:21:34.373,C3:00:00:63:4D:0D,-51,127,1.5,5.5,1.5
1783009294409,2026-07-02 18:21:34.409,C3:00:00:63:4D:09,-60,127,1.5,5.5,1.5
1783009294427,2026-07-02 18:21:34.427,C3:00:00:63:4D:07,-59,127,1.5,5.5,1.5
1783009294434,2026-07-02 18:21:34.434,C3:00:00:63:4C:D2,-63,127,1.5,5.5,1.5
1783009294445,2026-07-02 18:21:34.445,C3:00:00:63:4D:0A,-65,127,1.5,5.5,1.5
1783009294474,2026-07-02 18:21:34.474,C3:00:00:63:4D:0D,-54,127,1.5,5.5,1.5
1783009294481,2026-07-02 18:21:34.481,C3:00:00:63:4D:04,-62,127,1.5,5.5,1.5
1783009294495,2026-07-02 18:21:34.495,C3:00:00:63:4D:08,-48,127,1.5,5.5,1.5
1783009294499,2026-07-02 18:21:34.499,C3:00:00:63:4D:07,-56,127,1.5,5.5,1.5
1783009294519,2026-07-02 18:21:34.519,C3:00:00:63:4D:09,-53,127,1.5,5.5,1.5
1783009294539,2026-07-02 18:21:34.539,C3:00:00:63:4D:07,-56,127,1.5,5.5,1.5
1783009294541,2026-07-02 18:21:34.541,C3:00:00:63:4C:D2,-60,127,1.5,5.5,1.5
1783009294547,2026-07-02 18:21:34.547,C3:00:00:63:4D:05,-56,127,1.5,5.5,1.5
1783009294552,2026-07-02 18:21:34.552,C3:00:00:63:4D:0A,-68,127,1.5,5.5,1.5
1783009294581,2026-07-02 18:21:34.581,C3:00:00:63:4D:0D,-54,127,1.5,5.5,1.5
1783009294586,2026-07-02 18:21:34.586,C3:00:00:63:4D:04,-66,127,1.5,5.5,1.5
1783009294610,2026-07-02 18:21:34.610,C3:00:00:63:4D:08,-46,127,1.5,5.5,1.5
1783009294630,2026-07-02 18:21:34.630,C3:00:00:63:4D:08,-46,127,1.5,5.5,1.5
1783009294637,2026-07-02 18:21:34.637,C3:00:00:63:4D:09,-55,127,1.5,5.5,1.5
1783009294659,2026-07-02 18:21:34.659,C3:00:00:63:4D:07,-54,127,1.5,5.5,1.5
1783009294665,2026-07-02 18:21:34.665,C3:00:00:63:4C:D2,-62,127,1.5,5.5,1.5
1783009294673,2026-07-02 18:21:34.673,C3:00:00:63:4D:0A,-63,127,1.5,5.5,1.5
1783009294680,2026-07-02 18:21:34.680,C3:00:00:63:4D:07,-53,127,1.5,5.5,1.5
1783009294688,2026-07-02 18:21:34.688,C3:00:00:63:4D:0D,-50,127,1.5,5.5,1.5
1783009294715,2026-07-02 18:21:34.715,C3:00:00:63:4D:08,-47,127,1.5,5.5,1.5
1783009294721,2026-07-02 18:21:34.721,C3:00:00:63:4C:D2,-63,127,1.5,5.5,1.5
1783009294746,2026-07-02 18:21:34.746,C3:00:00:63:4D:0D,-51,127,1.5,5.5,1.5
1783009294767,2026-07-02 18:21:34.767,C3:00:00:63:4D:07,-58,127,1.5,5.5,1.5
1783009294775,2026-07-02 18:21:34.775,C3:00:00:63:4C:D2,-62,127,1.5,5.5,1.5
1783009294780,2026-07-02 18:21:34.780,C3:00:00:63:4D:05,-65,127,1.5,5.5,1.5
1783009294782,2026-07-02 18:21:34.782,C3:00:00:63:4D:0A,-66,127,1.5,5.5,1.5
1783009294796,2026-07-02 18:21:34.796,C3:00:00:63:4D:0D,-58,127,1.5,5.5,1.5
1783009294801,2026-07-02 18:21:34.801,C3:00:00:63:4D:04,-63,127,1.5,5.5,1.5
1783009294821,2026-07-02 18:21:34.821,C3:00:00:63:4D:08,-48,127,1.5,5.5,1.5
1783009294859,2026-07-02 18:21:34.859,C3:00:00:63:4D:09,-54,127,1.5,5.5,1.5
1783009294890,2026-07-02 18:21:34.890,C3:00:00:63:4D:05,-56,127,1.5,5.5,1.5
1783009294892,2026-07-02 18:21:34.892,C3:00:00:63:4D:08,-46,127,1.5,5.5,1.5
1783009294895,2026-07-02 18:21:34.895,C3:00:00:63:4D:0D,-51,127,1.5,5.5,1.5
1783009294909,2026-07-02 18:21:34.909,C3:00:00:63:4D:04,-64,127,1.5,5.5,1.5
1783009294912,2026-07-02 18:21:34.912,C3:00:00:63:4D:08,-54,127,1.5,5.5,1.5
1783009294929,2026-07-02 18:21:34.929,C3:00:00:63:4D:08,-46,127,1.5,5.5,1.5
1783009294974,2026-07-02 18:21:34.974,C3:00:00:63:4D:09,-55,127,1.5,5.5,1.5
1783009294990,2026-07-02 18:21:34.990,C3:00:00:63:4C:D2,-62,127,1.5,5.5,1.5
1783009295002,2026-07-02 18:21:35.002,C3:00:00:63:4D:09,-58,127,1.5,5.5,1.5
1783009295011,2026-07-02 18:21:35.011,C3:00:00:63:4D:0A,-66,127,1.5,5.5,1.5
1783009295016,2026-07-02 18:21:35.016,C3:00:00:63:4D:09,-58,127,1.5,5.5,1.5
1783009295019,2026-07-02 18:21:35.019,C3:00:00:63:4C:D2,-62,127,1.5,5.5,1.5
1783009295022,2026-07-02 18:21:35.022,C3:00:00:63:4D:04,-62,127,1.5,5.5,1.5
1783009295036,2026-07-02 18:21:35.036,C3:00:00:63:4D:08,-48,127,1.5,5.5,1.5
1783009295089,2026-07-02 18:21:35.089,C3:00:00:63:4D:09,-58,127,1.5,5.5,1.5
1783009295122,2026-07-02 18:21:35.122,C3:00:00:63:4D:0D,-58,127,1.5,5.5,1.5
1783009295128,2026-07-02 18:21:35.128,C3:00:00:63:4D:0A,-66,127,1.5,5.5,1.5
1783009295141,2026-07-02 18:21:35.141,C3:00:00:63:4D:07,-56,127,1.5,5.5,1.5
1783009295143,2026-07-02 18:21:35.143,C3:00:00:63:4C:D2,-61,127,1.5,5.5,1.5
1783009295146,2026-07-02 18:21:35.146,C3:00:00:63:4D:05,-57,127,1.5,5.5,1.5
1783009295149,2026-07-02 18:21:35.149,C3:00:00:63:4D:04,-63,127,1.5,5.5,1.5
1783009295151,2026-07-02 18:21:35.151,C3:00:00:63:4D:08,-48,127,1.5,5.5,1.5
1783009295191,2026-07-02 18:21:35.191,C3:00:00:63:4D:05,-60,127,1.5,5.5,1.5
1783009295223,2026-07-02 18:21:35.223,C3:00:00:63:4D:07,-53,127,1.5,5.5,1.5
1783009295230,2026-07-02 18:21:35.230,C3:00:00:63:4D:0A,-63,127,1.5,5.5,1.5
1783009295234,2026-07-02 18:21:35.234,C3:00:00:63:4D:05,-59,127,1.5,5.5,1.5
1783009295242,2026-07-02 18:21:35.242,C3:00:00:63:4D:04,-64,127,1.5,5.5,1.5
1783009295244,2026-07-02 18:21:35.244,C3:00:00:63:4C:D2,-62,127,1.5,5.5,1.5
1783009295256,2026-07-02 18:21:35.256,C3:00:00:63:4D:08,-46,127,1.5,5.5,1.5
1783009295307,2026-07-02 18:21:35.307,C3:00:00:63:4D:07,-59,127,1.5,5.5,1.5
1783009295320,2026-07-02 18:21:35.320,C3:00:00:63:4D:0D,-51,127,1.5,5.5,1.5
1783009295322,2026-07-02 18:21:35.322,C3:00:00:63:4D:09,-58,127,1.5,5.5,1.5
1783009295335,2026-07-02 18:21:35.335,C3:00:00:63:4D:0A,-66,127,1.5,5.5,1.5
1783009295356,2026-07-02 18:21:35.356,C3:00:00:63:4D:0A,-65,127,1.5,5.5,1.5
1783009295362,2026-07-02 18:21:35.362,C3:00:00:63:4D:08,-48,127,1.5,5.5,1.5
1783009295376,2026-07-02 18:21:35.376,C3:00:00:63:4D:05,-66,127,1.5,5.5,1.5
1783009295426,2026-07-02 18:21:35.426,C3:00:00:63:4D:0D,-58,127,1.5,5.5,1.5
1783009295438,2026-07-02 18:21:35.438,C3:00:00:63:4D:09,-54,127,1.5,5.5,1.5
1783009295453,2026-07-02 18:21:35.453,C3:00:00:63:4D:07,-56,127,1.5,5.5,1.5
1783009295472,2026-07-02 18:21:35.472,C3:00:00:63:4C:D2,-61,127,1.5,5.5,1.5
1783009295476,2026-07-02 18:21:35.476,C3:00:00:63:4D:08,-49,127,1.5,5.5,1.5
1783009295483,2026-07-02 18:21:35.483,C3:00:00:63:4D:04,-63,127,1.5,5.5,1.5
1783009295501,2026-07-02 18:21:35.501,C3:00:00:63:4D:04,-65,127,1.5,5.5,1.5
1783009295506,2026-07-02 18:21:35.506,C3:00:00:63:4D:08,-46,127,1.5,5.5,1.5
1783009295524,2026-07-02 18:21:35.524,C3:00:00:63:4D:0D,-51,127,1.5,5.5,1.5
1783009295547,2026-07-02 18:21:35.547,C3:00:00:63:4D:09,-54,127,1.5,5.5,1.5
1783009295564,2026-07-02 18:21:35.564,C3:00:00:63:4D:04,-64,127,1.5,5.5,1.5
1783009295579,2026-07-02 18:21:35.579,C3:00:00:63:4D:0A,-63,127,1.5,5.5,1.5
1783009295581,2026-07-02 18:21:35.581,C3:00:00:63:4D:05,-59,127,1.5,5.5,1.5
1783009295583,2026-07-02 18:21:35.583,C3:00:00:63:4D:07,-53,127,1.5,5.5,1.5
1783009295584,2026-07-02 18:21:35.584,C3:00:00:63:4C:D2,-62,127,1.5,5.5,1.5
1783009295638,2026-07-02 18:21:35.638,C3:00:00:63:4D:0D,-51,127,1.5,5.5,1.5
1783009295660,2026-07-02 18:21:35.660,C3:00:00:63:4D:09,-58,127,1.5,5.5,1.5
1783009295688,2026-07-02 18:21:35.688,C3:00:00:63:4D:07,-58,127,1.5,5.5,1.5
1783009295693,2026-07-02 18:21:35.693,C3:00:00:63:4D:08,-48,127,1.5,5.5,1.5
1783009295730,2026-07-02 18:21:35.730,C3:00:00:63:4D:04,-70,127,1.5,5.5,1.5
1783009295737,2026-07-02 18:21:35.737,C3:00:00:63:4D:0D,-57,127,1.5,5.5,1.5
1783009295786,2026-07-02 18:21:35.786,C3:00:00:63:4D:04,-63,127,1.5,5.5,1.5
1783009295793,2026-07-02 18:21:35.793,C3:00:00:63:4D:0A,-64,127,1.5,5.5,1.5
1783009295801,2026-07-02 18:21:35.801,C3:00:00:63:4D:08,-46,127,1.5,5.5,1.5
1783009295803,2026-07-02 18:21:35.803,C3:00:00:63:4D:07,-53,127,1.5,5.5,1.5
1783009295807,2026-07-02 18:21:35.807,C3:00:00:63:4D:05,-58,127,1.5,5.5,1.5
1783009295840,2026-07-02 18:21:35.840,C3:00:00:63:4D:0D,-51,127,1.5,5.5,1.5
1783009295864,2026-07-02 18:21:35.864,C3:00:00:63:4C:D2,-62,127,1.5,5.5,1.5
1783009295888,2026-07-02 18:21:35.888,C3:00:00:63:4D:09,-54,127,1.5,5.5,1.5
1783009295907,2026-07-02 18:21:35.907,C3:00:00:63:4D:0A,-65,127,1.5,5.5,1.5
1783009295927,2026-07-02 18:21:35.927,C3:00:00:63:4D:05,-65,127,1.5,5.5,1.5
1783009295951,2026-07-02 18:21:35.951,C3:00:00:63:4D:0D,-54,127,1.5,5.5,1.5
1783009295997,2026-07-02 18:21:35.997,C3:00:00:63:4D:09,-54,127,1.5,5.5,1.5
1783009296024,2026-07-02 18:21:36.024,C3:00:00:63:4D:08,-49,127,1.5,5.5,1.5
1783009296029,2026-07-02 18:21:36.029,C3:00:00:63:4D:0A,-67,127,1.5,5.5,1.5
1783009296035,2026-07-02 18:21:36.035,C3:00:00:63:4D:07,-55,127,1.5,5.5,1.5
1783009296040,2026-07-02 18:21:36.040,C3:00:00:63:4D:05,-56,127,1.5,5.5,1.5
1783009296044,2026-07-02 18:21:36.044,C3:00:00:63:4C:D2,-59,127,1.5,5.5,1.5
1783009296050,2026-07-02 18:21:36.050,C3:00:00:63:4D:0D,-54,127,1.5,5.5,1.5
1783009296122,2026-07-02 18:21:36.122,C3:00:00:63:4D:09,-55,127,1.5,5.5,1.5
1783009296129,2026-07-02 18:21:36.129,C3:00:00:63:4D:08,-47,127,1.5,5.5,1.5
1783009296135,2026-07-02 18:21:36.135,C3:00:00:63:4D:0A,-63,127,1.5,5.5,1.5
1783009296141,2026-07-02 18:21:36.141,C3:00:00:63:4D:07,-54,127,1.5,5.5,1.5
1783009296150,2026-07-02 18:21:36.150,C3:00:00:63:4C:D2,-62,127,1.5,5.5,1.5
1783009296159,2026-07-02 18:21:36.159,C3:00:00:63:4D:0D,-51,127,1.5,5.5,1.5
1783009296163,2026-07-02 18:21:36.163,C3:00:00:63:4D:05,-58,127,1.5,5.5,1.5
1783009296173,2026-07-02 18:21:36.173,C3:00:00:63:4D:05,-66,127,1.5,5.5,1.5
1783009296232,2026-07-02 18:21:36.232,C3:00:00:63:4D:09,-59,127,1.5,5.5,1.5
1783009296243,2026-07-02 18:21:36.243,C3:00:00:63:4D:0D,-54,127,1.5,5.5,1.5
1783009296253,2026-07-02 18:21:36.253,C3:00:00:63:4D:0A,-65,127,1.5,5.5,1.5
1783009296272,2026-07-02 18:21:36.272,C3:00:00:63:4D:07,-59,127,1.5,5.5,1.5
1783009296277,2026-07-02 18:21:36.277,C3:00:00:63:4C:D2,-63,127,1.5,5.5,1.5
1783009296279,2026-07-02 18:21:36.279,C3:00:00:63:4D:0A,-65,127,1.5,5.5,1.5
1783009296370,2026-07-02 18:21:36.370,C3:00:00:63:4D:07,-55,127,1.5,5.5,1.5
1783009296407,2026-07-02 18:21:36.407,C3:00:00:63:4C:D2,-69,127,1.5,5.5,1.5
1783009296441,2026-07-02 18:21:36.441,C3:00:00:63:4D:04,-67,127,1.5,5.5,1.5
1783009296464,2026-07-02 18:21:36.464,C3:00:00:63:4D:08,-46,127,1.5,5.5,1.5
1783009296486,2026-07-02 18:21:36.486,C3:00:00:63:4D:0D,-51,127,1.5,5.5,1.5
1783009296488,2026-07-02 18:21:36.488,C3:00:00:63:4D:0A,-64,127,1.5,5.5,1.5
1783009296491,2026-07-02 18:21:36.491,C3:00:00:63:4D:07,-53,127,1.5,5.5,1.5
1783009296494,2026-07-02 18:21:36.494,C3:00:00:63:4D:05,-65,127,1.5,5.5,1.5
1783009296499,2026-07-02 18:21:36.499,C3:00:00:63:4C:D2,-62,127,1.5,5.5,1.5
1783009296512,2026-07-02 18:21:36.512,C3:00:00:63:4D:07,-58,127,1.5,5.5,1.5
1783009296548,2026-07-02 18:21:36.548,C3:00:00:63:4D:04,-63,127,1.5,5.5,1.5
1783009296563,2026-07-02 18:21:36.563,C3:00:00:63:4D:08,-50,127,1.5,5.5,1.5
1783009296578,2026-07-02 18:21:36.578,C3:00:00:63:4D:0D,-51,127,1.5,5.5,1.5
1783009296618,2026-07-02 18:21:36.618,C3:00:00:63:4D:07,-56,127,1.5,5.5,1.5
1783009296624,2026-07-02 18:21:36.624,C3:00:00:63:4D:05,-56,127,1.5,5.5,1.5
1783009296631,2026-07-02 18:21:36.631,C3:00:00:63:4D:08,-49,127,1.5,5.5,1.5
1783009296653,2026-07-02 18:21:36.653,C3:00:00:63:4D:04,-63,127,1.5,5.5,1.5
1783009296669,2026-07-02 18:21:36.669,C3:00:00:63:4D:0D,-58,127,1.5,5.5,1.5
1783009296673,2026-07-02 18:21:36.673,C3:00:00:63:4D:08,-49,127,1.5,5.5,1.5
1783009296688,2026-07-02 18:21:36.688,C3:00:00:63:4D:09,-54,127,1.5,5.5,1.5
1783009296693,2026-07-02 18:21:36.693,C3:00:00:63:4D:0D,-51,127,1.5,5.5,1.5
1783009296700,2026-07-02 18:21:36.700,C3:00:00:63:4D:0A,-64,127,1.5,5.5,1.5
1783009296720,2026-07-02 18:21:36.720,C3:00:00:63:4D:07,-53,127,1.5,5.5,1.5
1783009296735,2026-07-02 18:21:36.735,C3:00:00:63:4C:D2,-62,127,1.5,5.5,1.5
1783009296738,2026-07-02 18:21:36.738,C3:00:00:63:4D:05,-58,127,1.5,5.5,1.5
1783009296750,2026-07-02 18:21:36.750,C3:00:00:63:4D:0D,-51,127,1.5,5.5,1.5
1783009296759,2026-07-02 18:21:36.759,C3:00:00:63:4D:04,-64,127,1.5,5.5,1.5
1783009296784,2026-07-02 18:21:36.784,C3:00:00:63:4D:0D,-51,127,1.5,5.5,1.5
1783009296787,2026-07-02 18:21:36.787,C3:00:00:63:4D:08,-46,127,1.5,5.5,1.5
1783009296801,2026-07-02 18:21:36.801,C3:00:00:63:4D:09,-58,127,1.5,5.5,1.5
1783009296821,2026-07-02 18:21:36.821,C3:00:00:63:4D:0A,-65,127,1.5,5.5,1.5
1783009296836,2026-07-02 18:21:36.836,C3:00:00:63:4D:07,-58,127,1.5,5.5,1.5
1783009296843,2026-07-02 18:21:36.843,C3:00:00:63:4C:D2,-62,127,1.5,5.5,1.5
1783009296851,2026-07-02 18:21:36.851,C3:00:00:63:4D:05,-64,127,1.5,5.5,1.5
1783009296879,2026-07-02 18:21:36.879,C3:00:00:63:4D:04,-63,127,1.5,5.5,1.5
1783009296896,2026-07-02 18:21:36.896,C3:00:00:63:4D:0D,-53,127,1.5,5.5,1.5
1783009296900,2026-07-02 18:21:36.900,C3:00:00:63:4D:08,-49,127,1.5,5.5,1.5
1783009296908,2026-07-02 18:21:36.908,C3:00:00:63:4D:09,-53,127,1.5,5.5,1.5
1783009296928,2026-07-02 18:21:36.928,C3:00:00:63:4D:0A,-67,127,1.5,5.5,1.5
1783009296950,2026-07-02 18:21:36.950,C3:00:00:63:4D:07,-55,127,1.5,5.5,1.5
1783009296958,2026-07-02 18:21:36.958,C3:00:00:63:4D:05,-56,127,1.5,5.5,1.5
1783009296963,2026-07-02 18:21:36.963,C3:00:00:63:4C:D2,-59,127,1.5,5.5,1.5
1783009296989,2026-07-02 18:21:36.989,C3:00:00:63:4D:09,-55,127,1.5,5.5,1.5
1783009296998,2026-07-02 18:21:36.998,C3:00:00:63:4C:D2,-62,127,1.5,5.5,1.5
1783009297019,2026-07-02 18:21:37.019,C3:00:00:63:4D:09,-55,127,1.5,5.5,1.5
1783009297035,2026-07-02 18:21:37.035,C3:00:00:63:4D:0A,-63,127,1.5,5.5,1.5
1783009297041,2026-07-02 18:21:37.041,C3:00:00:63:4D:09,-55,127,1.5,5.5,1.5
1783009297066,2026-07-02 18:21:37.066,C3:00:00:63:4D:05,-58,127,1.5,5.5,1.5
1783009297069,2026-07-02 18:21:37.069,C3:00:00:63:4D:07,-54,127,1.5,5.5,1.5
1783009297075,2026-07-02 18:21:37.075,C3:00:00:63:4C:D2,-62,127,1.5,5.5,1.5
1783009297089,2026-07-02 18:21:37.089,C3:00:00:63:4D:04,-68,127,1.5,5.5,1.5
1783009297104,2026-07-02 18:21:37.104,C3:00:00:63:4D:0D,-54,127,1.5,5.5,1.5
1783009297116,2026-07-02 18:21:37.116,C3:00:00:63:4D:08,-50,127,1.5,5.5,1.5
1783009297120,2026-07-02 18:21:37.120,C3:00:00:63:4D:04,-63,127,1.5,5.5,1.5
1783009297141,2026-07-02 18:21:37.141,C3:00:00:63:4D:09,-60,127,1.5,5.5,1.5
1783009297162,2026-07-02 18:21:37.162,C3:00:00:63:4D:0A,-65,127,1.5,5.5,1.5
1783009297190,2026-07-02 18:21:37.190,C3:00:00:63:4D:07,-59,127,1.5,5.5,1.5
1783009297192,2026-07-02 18:21:37.192,C3:00:00:63:4C:D2,-63,127,1.5,5.5,1.5
1783009297201,2026-07-02 18:21:37.201,C3:00:00:63:4D:04,-65,127,1.5,5.5,1.5
1783009297206,2026-07-02 18:21:37.206,C3:00:00:63:4D:0D,-54,127,1.5,5.5,1.5
1783009297209,2026-07-02 18:21:37.209,C3:00:00:63:4D:05,-56,127,1.5,5.5,1.5
1783009297222,2026-07-02 18:21:37.222,C3:00:00:63:4D:08,-48,127,1.5,5.5,1.5
1783009297252,2026-07-02 18:21:37.252,C3:00:00:63:4D:09,-53,127,1.5,5.5,1.5
1783009297260,2026-07-02 18:21:37.260,C3:00:00:63:4D:0A,-68,127,1.5,5.5,1.5
1783009297280,2026-07-02 18:21:37.280,C3:00:00:63:4D:0A,-68,127,1.5,5.5,1.5
1783009297302,2026-07-02 18:21:37.302,C3:00:00:63:4D:07,-54,127,1.5,5.5,1.5
1783009297304,2026-07-02 18:21:37.304,C3:00:00:63:4C:D2,-62,127,1.5,5.5,1.5
1783009297307,2026-07-02 18:21:37.307,C3:00:00:63:4D:05,-58,127,1.5,5.5,1.5
1783009297314,2026-07-02 18:21:37.314,C3:00:00:63:4D:04,-69,127,1.5,5.5,1.5
1783009297316,2026-07-02 18:21:37.316,C3:00:00:63:4D:0D,-51,127,1.5,5.5,1.5
1783009297322,2026-07-02 18:21:37.322,C3:00:00:63:4D:08,-48,127,1.5,5.5,1.5
1783009297332,2026-07-02 18:21:37.332,C3:00:00:63:4D:0A,-63,127,1.5,5.5,1.5
1783009297370,2026-07-02 18:21:37.370,C3:00:00:63:4D:09,-55,127,1.5,5.5,1.5
1783009297375,2026-07-02 18:21:37.375,C3:00:00:63:4D:0A,-63,127,1.5,5.5,1.5
1783009297381,2026-07-02 18:21:37.381,C3:00:00:63:4D:05,-58,127,1.5,5.5,1.5
1783009297420,2026-07-02 18:21:37.420,C3:00:00:63:4D:04,-64,127,1.5,5.5,1.5
1783009297442,2026-07-02 18:21:37.442,C3:00:00:63:4D:08,-49,127,1.5,5.5,1.5
1783009297472,2026-07-02 18:21:37.472,C3:00:00:63:4D:04,-64,127,1.5,5.5,1.5
1783009297491,2026-07-02 18:21:37.491,C3:00:00:63:4D:09,-60,127,1.5,5.5,1.5
1783009297495,2026-07-02 18:21:37.495,C3:00:00:63:4D:0A,-68,127,1.5,5.5,1.5
1783009297514,2026-07-02 18:21:37.514,C3:00:00:63:4D:08,-48,127,1.5,5.5,1.5
1783009297522,2026-07-02 18:21:37.522,C3:00:00:63:4D:0D,-54,127,1.5,5.5,1.5
1783009297526,2026-07-02 18:21:37.526,C3:00:00:63:4D:07,-55,127,1.5,5.5,1.5
1783009297532,2026-07-02 18:21:37.532,C3:00:00:63:4D:05,-56,127,1.5,5.5,1.5
1783009297536,2026-07-02 18:21:37.536,C3:00:00:63:4D:04,-65,127,1.5,5.5,1.5
1783009297540,2026-07-02 18:21:37.540,C3:00:00:63:4C:D2,-59,127,1.5,5.5,1.5
1783009297542,2026-07-02 18:21:37.542,C3:00:00:63:4D:08,-48,127,1.5,5.5,1.5
1783009297593,2026-07-02 18:21:37.593,C3:00:00:63:4D:09,-55,127,1.5,5.5,1.5
1783009297608,2026-07-02 18:21:37.608,C3:00:00:63:4D:0A,-64,127,1.5,5.5,1.5
1783009297648,2026-07-02 18:21:37.648,C3:00:00:63:4C:D2,-62,127,1.5,5.5,1.5
1783009297654,2026-07-02 18:21:37.654,C3:00:00:63:4D:08,-47,127,1.5,5.5,1.5
1783009297713,2026-07-02 18:21:37.713,C3:00:00:63:4D:09,-59,127,1.5,5.5,1.5
1783009297721,2026-07-02 18:21:37.721,C3:00:00:63:4D:0A,-65,127,1.5,5.5,1.5
1783009297737,2026-07-02 18:21:37.737,C3:00:00:63:4D:0D,-53,127,1.5,5.5,1.5
1783009297760,2026-07-02 18:21:37.760,C3:00:00:63:4D:04,-63,127,1.5,5.5,1.5
1783009297767,2026-07-02 18:21:37.767,C3:00:00:63:4D:07,-59,127,1.5,5.5,1.5
1783009297772,2026-07-02 18:21:37.772,C3:00:00:63:4D:08,-49,127,1.5,5.5,1.5
1783009297825,2026-07-02 18:21:37.825,C3:00:00:63:4D:09,-54,127,1.5,5.5,1.5
1783009297830,2026-07-02 18:21:37.830,C3:00:00:63:4D:0A,-66,127,1.5,5.5,1.5
1783009297833,2026-07-02 18:21:37.833,C3:00:00:63:4D:0D,-54,127,1.5,5.5,1.5
1783009297853,2026-07-02 18:21:37.853,C3:00:00:63:4D:04,-65,127,1.5,5.5,1.5
1783009297867,2026-07-02 18:21:37.867,C3:00:00:63:4D:07,-56,127,1.5,5.5,1.5
1783009297873,2026-07-02 18:21:37.873,C3:00:00:63:4D:08,-49,127,1.5,5.5,1.5
1783009297882,2026-07-02 18:21:37.882,C3:00:00:63:4D:05,-57,127,1.5,5.5,1.5
1783009297888,2026-07-02 18:21:37.888,C3:00:00:63:4C:D2,-62,127,1.5,5.5,1.5
1783009297941,2026-07-02 18:21:37.941,C3:00:00:63:4D:0D,-51,127,1.5,5.5,1.5
1783009297945,2026-07-02 18:21:37.945,C3:00:00:63:4D:0A,-64,127,1.5,5.5,1.5
1783009297960,2026-07-02 18:21:37.960,C3:00:00:63:4D:04,-64,127,1.5,5.5,1.5
1783009297982,2026-07-02 18:21:37.982,C3:00:00:63:4D:07,-53,127,1.5,5.5,1.5
1783009297989,2026-07-02 18:21:37.989,C3:00:00:63:4D:08,-46,127,1.5,5.5,1.5
1783009297994,2026-07-02 18:21:37.994,C3:00:00:63:4C:D2,-62,127,1.5,5.5,1.5
1783009298007,2026-07-02 18:21:38.007,C3:00:00:63:4D:05,-58,127,1.5,5.5,1.5
1783009298010,2026-07-02 18:21:38.010,C3:00:00:63:4D:09,-67,127,1.5,5.5,1.5
1783009298013,2026-07-02 18:21:38.013,C3:00:00:63:4D:0D,-59,127,1.5,5.5,1.5
1783009298044,2026-07-02 18:21:38.044,C3:00:00:63:4D:0D,-50,127,1.5,5.5,1.5
1783009298056,2026-07-02 18:21:38.056,C3:00:00:63:4D:09,-58,127,1.5,5.5,1.5
1783009298063,2026-07-02 18:21:38.063,C3:00:00:63:4D:0A,-64,127,1.5,5.5,1.5
1783009298073,2026-07-02 18:21:38.073,C3:00:00:63:4D:04,-63,127,1.5,5.5,1.5
1783009298089,2026-07-02 18:21:38.089,C3:00:00:63:4D:08,-48,127,1.5,5.5,1.5
1783009298099,2026-07-02 18:21:38.099,C3:00:00:63:4D:07,-56,127,1.5,5.5,1.5
1783009298104,2026-07-02 18:21:38.104,C3:00:00:63:4D:05,-57,127,1.5,5.5,1.5
1783009298106,2026-07-02 18:21:38.106,C3:00:00:63:4C:D2,-61,127,1.5,5.5,1.5
1783009298115,2026-07-02 18:21:38.115,C3:00:00:63:4D:07,-63,127,1.5,5.5,1.5
1783009298121,2026-07-02 18:21:38.121,C3:00:00:63:4D:05,-57,127,1.5,5.5,1.5
1783009298148,2026-07-02 18:21:38.148,C3:00:00:63:4D:0D,-55,127,1.5,5.5,1.5
1783009298167,2026-07-02 18:21:38.167,C3:00:00:63:4D:09,-53,127,1.5,5.5,1.5
1783009298171,2026-07-02 18:21:38.171,C3:00:00:63:4D:0A,-68,127,1.5,5.5,1.5
1783009298176,2026-07-02 18:21:38.176,C3:00:00:63:4D:04,-65,127,1.5,5.5,1.5
1783009298205,2026-07-02 18:21:38.205,C3:00:00:63:4D:08,-46,127,1.5,5.5,1.5
1783009298217,2026-07-02 18:21:38.217,C3:00:00:63:4D:07,-53,127,1.5,5.5,1.5
1783009298227,2026-07-02 18:21:38.227,C3:00:00:63:4D:0A,-71,127,1.5,5.5,1.5
1783009298250,2026-07-02 18:21:38.250,C3:00:00:63:4D:0D,-51,127,1.5,5.5,1.5
1783009298276,2026-07-02 18:21:38.276,C3:00:00:63:4D:0D,-51,127,1.5,5.5,1.5
1783009298282,2026-07-02 18:21:38.282,C3:00:00:63:4D:09,-54,127,1.5,5.5,1.5
1783009298289,2026-07-02 18:21:38.289,C3:00:00:63:4D:0A,-63,127,1.5,5.5,1.5
1783009298299,2026-07-02 18:21:38.299,C3:00:00:63:4D:04,-62,127,1.5,5.5,1.5
1783009298333,2026-07-02 18:21:38.333,C3:00:00:63:4D:07,-58,127,1.5,5.5,1.5
1783009298339,2026-07-02 18:21:38.339,C3:00:00:63:4D:05,-64,127,1.5,5.5,1.5
1783009298345,2026-07-02 18:21:38.345,C3:00:00:63:4C:D2,-62,127,1.5,5.5,1.5
1783009298366,2026-07-02 18:21:38.366,C3:00:00:63:4D:0D,-50,127,1.5,5.5,1.5
1783009298395,2026-07-02 18:21:38.395,C3:00:00:63:4D:0A,-65,127,1.5,5.5,1.5
1783009298400,2026-07-02 18:21:38.400,C3:00:00:63:4D:04,-65,127,1.5,5.5,1.5
1783009298406,2026-07-02 18:21:38.406,C3:00:00:63:4D:09,-54,127,1.5,5.5,1.5
1783009298422,2026-07-02 18:21:38.422,C3:00:00:63:4D:08,-49,127,1.5,5.5,1.5
1783009298452,2026-07-02 18:21:38.452,C3:00:00:63:4D:05,-56,127,1.5,5.5,1.5
1783009298464,2026-07-02 18:21:38.464,C3:00:00:63:4D:0D,-56,127,1.5,5.5,1.5
1783009298503,2026-07-02 18:21:38.503,C3:00:00:63:4D:0A,-63,127,1.5,5.5,1.5
1783009298535,2026-07-02 18:21:38.535,C3:00:00:63:4D:08,-46,127,1.5,5.5,1.5
1783009298543,2026-07-02 18:21:38.543,C3:00:00:63:4D:07,-53,127,1.5,5.5,1.5
1783009298571,2026-07-02 18:21:38.571,C3:00:00:63:4D:07,-53,127,1.5,5.5,1.5
1783009298575,2026-07-02 18:21:38.575,C3:00:00:63:4C:D2,-62,127,1.5,5.5,1.5
1783009298576,2026-07-02 18:21:38.576,C3:00:00:63:4D:05,-59,127,1.5,5.5,1.5
1783009298578,2026-07-02 18:21:38.578,C3:00:00:63:4D:0D,-51,127,1.5,5.5,1.5
1783009298621,2026-07-02 18:21:38.621,C3:00:00:63:4D:0A,-65,127,1.5,5.5,1.5
1783009298625,2026-07-02 18:21:38.625,C3:00:00:63:4D:04,-62,127,1.5,5.5,1.5
1783009298627,2026-07-02 18:21:38.627,C3:00:00:63:4D:09,-59,127,1.5,5.5,1.5
1783009298629,2026-07-02 18:21:38.629,C3:00:00:63:4D:08,-48,127,1.5,5.5,1.5
1783009298659,2026-07-02 18:21:38.659,C3:00:00:63:4D:08,-48,127,1.5,5.5,1.5
1783009298674,2026-07-02 18:21:38.674,C3:00:00:63:4D:07,-58,127,1.5,5.5,1.5
1783009298681,2026-07-02 18:21:38.681,C3:00:00:63:4D:0D,-51,127,1.5,5.5,1.5
1783009298705,2026-07-02 18:21:38.705,C3:00:00:63:4D:07,-56,127,1.5,5.5,1.5
1783009298735,2026-07-02 18:21:38.735,C3:00:00:63:4D:09,-54,127,1.5,5.5,1.5
1783009298766,2026-07-02 18:21:38.766,C3:00:00:63:4D:0D,-56,127,1.5,5.5,1.5
1783009298787,2026-07-02 18:21:38.787,C3:00:00:63:4D:07,-56,127,1.5,5.5,1.5
1783009298795,2026-07-02 18:21:38.795,C3:00:00:63:4D:0D,-52,127,1.5,5.5,1.5
1783009298800,2026-07-02 18:21:38.800,C3:00:00:63:4D:05,-59,127,1.5,5.5,1.5
1783009298831,2026-07-02 18:21:38.831,C3:00:00:63:4D:04,-67,127,1.5,5.5,1.5
1783009298852,2026-07-02 18:21:38.852,C3:00:00:63:4D:0A,-62,127,1.5,5.5,1.5
1783009298858,2026-07-02 18:21:38.858,C3:00:00:63:4D:09,-55,127,1.5,5.5,1.5
1783009298864,2026-07-02 18:21:38.864,C3:00:00:63:4D:08,-47,127,1.5,5.5,1.5
1783009298890,2026-07-02 18:21:38.890,C3:00:00:63:4D:08,-47,127,1.5,5.5,1.5
1783009298894,2026-07-02 18:21:38.894,C3:00:00:63:4D:0D,-54,127,1.5,5.5,1.5
1783009298951,2026-07-02 18:21:38.951,C3:00:00:63:4D:04,-63,127,1.5,5.5,1.5
1783009298962,2026-07-02 18:21:38.962,C3:00:00:63:4D:08,-49,127,1.5,5.5,1.5
1783009298977,2026-07-02 18:21:38.977,C3:00:00:63:4D:09,-60,127,1.5,5.5,1.5
1783009298990,2026-07-02 18:21:38.990,C3:00:00:63:4D:0D,-54,127,1.5,5.5,1.5
1783009298993,2026-07-02 18:21:38.993,C3:00:00:63:4D:09,-53,127,1.5,5.5,1.5
1783009299005,2026-07-02 18:21:39.005,C3:00:00:63:4C:D2,-60,127,1.5,5.5,1.5
1783009299013,2026-07-02 18:21:39.013,C3:00:00:63:4D:09,-53,127,1.5,5.5,1.5
1783009299056,2026-07-02 18:21:39.056,C3:00:00:63:4D:04,-65,127,1.5,5.5,1.5
1783009299073,2026-07-02 18:21:39.073,C3:00:00:63:4D:08,-49,127,1.5,5.5,1.5
1783009299088,2026-07-02 18:21:39.088,C3:00:00:63:4D:09,-54,127,1.5,5.5,1.5
1783009299095,2026-07-02 18:21:39.095,C3:00:00:63:4D:0D,-51,127,1.5,5.5,1.5
1783009299131,2026-07-02 18:21:39.131,C3:00:00:63:4D:07,-53,127,1.5,5.5,1.5
1783009299137,2026-07-02 18:21:39.137,C3:00:00:63:4D:05,-58,127,1.5,5.5,1.5
1783009299161,2026-07-02 18:21:39.161,C3:00:00:63:4D:04,-67,127,1.5,5.5,1.5
1783009299184,2026-07-02 18:21:39.184,C3:00:00:63:4D:08,-47,127,1.5,5.5,1.5
1783009299192,2026-07-02 18:21:39.192,C3:00:00:63:4D:05,-64,127,1.5,5.5,1.5
1783009299196,2026-07-02 18:21:39.196,C3:00:00:63:4D:09,-60,127,1.5,5.5,1.5
1783009299205,2026-07-02 18:21:39.205,C3:00:00:63:4D:0D,-53,127,1.5,5.5,1.5
1783009299247,2026-07-02 18:21:39.247,C3:00:00:63:4D:07,-58,127,1.5,5.5,1.5
1783009299263,2026-07-02 18:21:39.263,C3:00:00:63:4C:D2,-62,127,1.5,5.5,1.5
1783009299287,2026-07-02 18:21:39.287,C3:00:00:63:4D:08,-48,127,1.5,5.5,1.5
1783009299300,2026-07-02 18:21:39.300,C3:00:00:63:4D:0A,-66,127,1.5,5.5,1.5
1783009299319,2026-07-02 18:21:39.319,C3:00:00:63:4D:07,-56,127,1.5,5.5,1.5
1783009299344,2026-07-02 18:21:39.344,C3:00:00:63:4D:0A,-66,127,1.5,5.5,1.5
1783009299367,2026-07-02 18:21:39.367,C3:00:00:63:4D:07,-56,127,1.5,5.5,1.5
1783009299369,2026-07-02 18:21:39.369,C3:00:00:63:4D:05,-57,127,1.5,5.5,1.5
1783009299381,2026-07-02 18:21:39.381,C3:00:00:63:4C:D2,-61,127,1.5,5.5,1.5
1783009299386,2026-07-02 18:21:39.386,C3:00:00:63:4D:04,-63,127,1.5,5.5,1.5
1783009299394,2026-07-02 18:21:39.394,C3:00:00:63:4D:05,-59,127,1.5,5.5,1.5
1783009299398,2026-07-02 18:21:39.398,C3:00:00:63:4D:08,-46,127,1.5,5.5,1.5
1783009299409,2026-07-02 18:21:39.409,C3:00:00:63:4D:0D,-51,127,1.5,5.5,1.5
1783009299415,2026-07-02 18:21:39.415,C3:00:00:63:4D:0A,-64,127,1.5,5.5,1.5
1783009299428,2026-07-02 18:21:39.428,C3:00:00:63:4D:09,-54,127,1.5,5.5,1.5
1783009299478,2026-07-02 18:21:39.478,C3:00:00:63:4D:07,-53,127,1.5,5.5,1.5
1783009299503,2026-07-02 18:21:39.503,C3:00:00:63:4C:D2,-62,127,1.5,5.5,1.5
1783009299508,2026-07-02 18:21:39.508,C3:00:00:63:4D:05,-58,127,1.5,5.5,1.5
1783009299511,2026-07-02 18:21:39.511,C3:00:00:63:4D:04,-64,127,1.5,5.5,1.5
1783009299516,2026-07-02 18:21:39.516,C3:00:00:63:4D:08,-49,127,1.5,5.5,1.5
1783009299523,2026-07-02 18:21:39.523,C3:00:00:63:4D:0D,-54,127,1.5,5.5,1.5
1783009299525,2026-07-02 18:21:39.525,C3:00:00:63:4D:08,-49,127,1.5,5.5,1.5
1783009299529,2026-07-02 18:21:39.529,C3:00:00:63:4D:0A,-63,127,1.5,5.5,1.5
1783009299533,2026-07-02 18:21:39.533,C3:00:00:63:4D:04,-63,127,1.5,5.5,1.5
1783009299537,2026-07-02 18:21:39.537,C3:00:00:63:4D:09,-60,127,1.5,5.5,1.5
1783009299594,2026-07-02 18:21:39.594,C3:00:00:63:4D:05,-56,127,1.5,5.5,1.5
1783009299597,2026-07-02 18:21:39.597,C3:00:00:63:4C:D2,-60,127,1.5,5.5,1.5
1783009299600,2026-07-02 18:21:39.600,C3:00:00:63:4D:04,-65,127,1.5,5.5,1.5
1783009299614,2026-07-02 18:21:39.614,C3:00:00:63:4D:08,-48,127,1.5,5.5,1.5
1783009299619,2026-07-02 18:21:39.619,C3:00:00:63:4D:0D,-54,127,1.5,5.5,1.5
1783009299651,2026-07-02 18:21:39.651,C3:00:00:63:4D:09,-53,127,1.5,5.5,1.5
1783009299707,2026-07-02 18:21:39.707,C3:00:00:63:4D:04,-67,127,1.5,5.5,1.5
1783009299714,2026-07-02 18:21:39.714,C3:00:00:63:4D:07,-53,127,1.5,5.5,1.5
1783009299720,2026-07-02 18:21:39.720,C3:00:00:63:4D:05,-58,127,1.5,5.5,1.5
1783009299725,2026-07-02 18:21:39.725,C3:00:00:63:4C:D2,-62,127,1.5,5.5,1.5
1783009299731,2026-07-02 18:21:39.731,C3:00:00:63:4D:08,-47,127,1.5,5.5,1.5
1783009299734,2026-07-02 18:21:39.734,C3:00:00:63:4D:0D,-51,127,1.5,5.5,1.5
1783009299736,2026-07-02 18:21:39.736,C3:00:00:63:4D:04,-74,127,1.5,5.5,1.5
1783009299751,2026-07-02 18:21:39.751,C3:00:00:63:4D:0A,-63,127,1.5,5.5,1.5
1783009299763,2026-07-02 18:21:39.763,C3:00:00:63:4D:09,-55,127,1.5,5.5,1.5
1783009299820,2026-07-02 18:21:39.820,C3:00:00:63:4D:04,-64,127,1.5,5.5,1.5
1783009299843,2026-07-02 18:21:39.843,C3:00:00:63:4D:08,-49,127,1.5,5.5,1.5
1783009299867,2026-07-02 18:21:39.867,C3:00:00:63:4D:0A,-64,127,1.5,5.5,1.5
1783009299878,2026-07-02 18:21:39.878,C3:00:00:63:4D:09,-60,127,1.5,5.5,1.5
1783009299928,2026-07-02 18:21:39.928,C3:00:00:63:4D:04,-65,127,1.5,5.5,1.5
1783009299934,2026-07-02 18:21:39.934,C3:00:00:63:4D:0D,-54,127,1.5,5.5,1.5
1783009299940,2026-07-02 18:21:39.940,C3:00:00:63:4D:08,-48,127,1.5,5.5,1.5
1783009299945,2026-07-02 18:21:39.945,C3:00:00:63:4C:D2,-60,127,1.5,5.5,1.5
1783009299973,2026-07-02 18:21:39.973,C3:00:00:63:4D:0A,-68,127,1.5,5.5,1.5
1783009300042,2026-07-02 18:21:40.042,C3:00:00:63:4D:04,-66,127,1.5,5.5,1.5
1783009300046,2026-07-02 18:21:40.046,C3:00:00:63:4D:0D,-51,127,1.5,5.5,1.5
1783009300053,2026-07-02 18:21:40.053,C3:00:00:63:4D:08,-47,127,1.5,5.5,1.5
1783009300059,2026-07-02 18:21:40.059,C3:00:00:63:4D:05,-58,127,1.5,5.5,1.5
1783009300060,2026-07-02 18:21:40.060,C3:00:00:63:4C:D2,-62,127,1.5,5.5,1.5
1783009300091,2026-07-02 18:21:40.091,C3:00:00:63:4D:0A,-64,127,1.5,5.5,1.5
1783009300112,2026-07-02 18:21:40.112,C3:00:00:63:4D:09,-60,127,1.5,5.5,1.5
1783009300143,2026-07-02 18:21:40.143,C3:00:00:63:4D:04,-64,127,1.5,5.5,1.5
1783009300149,2026-07-02 18:21:40.149,C3:00:00:63:4D:0D,-51,127,1.5,5.5,1.5
1783009300166,2026-07-02 18:21:40.166,C3:00:00:63:4D:08,-48,127,1.5,5.5,1.5
1783009300169,2026-07-02 18:21:40.169,C3:00:00:63:4D:07,-58,127,1.5,5.5,1.5
1783009300179,2026-07-02 18:21:40.179,C3:00:00:63:4D:05,-72,127,1.5,5.5,1.5
1783009300182,2026-07-02 18:21:40.182,C3:00:00:63:4C:D2,-62,127,1.5,5.5,1.5
1783009300198,2026-07-02 18:21:40.198,C3:00:00:63:4D:0A,-66,127,1.5,5.5,1.5
1783009300220,2026-07-02 18:21:40.220,C3:00:00:63:4D:09,-54,127,1.5,5.5,1.5
1783009300252,2026-07-02 18:21:40.252,C3:00:00:63:4D:0D,-57,127,1.5,5.5,1.5
1783009300258,2026-07-02 18:21:40.258,C3:00:00:63:4D:04,-63,127,1.5,5.5,1.5
1783009300260,2026-07-02 18:21:40.260,C3:00:00:63:4D:0A,-67,127,1.5,5.5,1.5
1783009300264,2026-07-02 18:21:40.264,C3:00:00:63:4D:0D,-58,127,1.5,5.5,1.5
1783009300270,2026-07-02 18:21:40.270,C3:00:00:63:4D:08,-49,127,1.5,5.5,1.5
1783009300283,2026-07-02 18:21:40.283,C3:00:00:63:4D:07,-56,127,1.5,5.5,1.5
1783009300288,2026-07-02 18:21:40.288,C3:00:00:63:4C:D2,-61,127,1.5,5.5,1.5
1783009300296,2026-07-02 18:21:40.296,C3:00:00:63:4D:05,-58,127,1.5,5.5,1.5
1783009300312,2026-07-02 18:21:40.312,C3:00:00:63:4D:0A,-64,127,1.5,5.5,1.5
1783009300338,2026-07-02 18:21:40.338,C3:00:00:63:4D:09,-54,127,1.5,5.5,1.5
1783009300368,2026-07-02 18:21:40.368,C3:00:00:63:4D:04,-64,127,1.5,5.5,1.5
1783009300383,2026-07-02 18:21:40.383,C3:00:00:63:4D:08,-46,127,1.5,5.5,1.5
1783009300402,2026-07-02 18:21:40.402,C3:00:00:63:4C:D2,-70,127,1.5,5.5,1.5
1783009300410,2026-07-02 18:21:40.410,C3:00:00:63:4D:07,-59,127,1.5,5.5,1.5
1783009300416,2026-07-02 18:21:40.416,C3:00:00:63:4D:05,-64,127,1.5,5.5,1.5
1783009300418,2026-07-02 18:21:40.418,C3:00:00:63:4C:D2,-62,127,1.5,5.5,1.5
1783009300428,2026-07-02 18:21:40.428,C3:00:00:63:4D:0A,-64,127,1.5,5.5,1.5
1783009300450,2026-07-02 18:21:40.450,C3:00:00:63:4D:09,-60,127,1.5,5.5,1.5
1783009300462,2026-07-02 18:21:40.462,C3:00:00:63:4D:0D,-54,127,1.5,5.5,1.5
1783009300474,2026-07-02 18:21:40.474,C3:00:00:63:4D:04,-64,127,1.5,5.5,1.5
1783009300494,2026-07-02 18:21:40.494,C3:00:00:63:4D:08,-48,127,1.5,5.5,1.5
1783009300542,2026-07-02 18:21:40.542,C3:00:00:63:4D:07,-56,127,1.5,5.5,1.5
1783009300559,2026-07-02 18:21:40.559,C3:00:00:63:4D:0A,-68,127,1.5,5.5,1.5
1783009300576,2026-07-02 18:21:40.576,C3:00:00:63:4D:09,-53,127,1.5,5.5,1.5
1783009300579,2026-07-02 18:21:40.579,C3:00:00:63:4D:0D,-54,127,1.5,5.5,1.5
1783009300583,2026-07-02 18:21:40.583,C3:00:00:63:4D:04,-65,127,1.5,5.5,1.5
1783009300603,2026-07-02 18:21:40.603,C3:00:00:63:4D:08,-47,127,1.5,5.5,1.5
1783009300631,2026-07-02 18:21:40.631,C3:00:00:63:4D:07,-53,127,1.5,5.5,1.5
1783009300637,2026-07-02 18:21:40.637,C3:00:00:63:4D:08,-47,127,1.5,5.5,1.5
1783009300659,2026-07-02 18:21:40.659,C3:00:00:63:4D:0A,-63,127,1.5,5.5,1.5
1783009300674,2026-07-02 18:21:40.674,C3:00:00:63:4D:0D,-51,127,1.5,5.5,1.5
1783009300679,2026-07-02 18:21:40.679,C3:00:00:63:4D:09,-55,127,1.5,5.5,1.5
1783009300689,2026-07-02 18:21:40.689,C3:00:00:63:4D:04,-67,127,1.5,5.5,1.5
1783009300695,2026-07-02 18:21:40.695,C3:00:00:63:4D:0D,-54,127,1.5,5.5,1.5
1783009300713,2026-07-02 18:21:40.713,C3:00:00:63:4D:08,-50,127,1.5,5.5,1.5
1783009300744,2026-07-02 18:21:40.744,C3:00:00:63:4D:07,-59,127,1.5,5.5,1.5
1783009300755,2026-07-02 18:21:40.755,C3:00:00:63:4C:D2,-63,127,1.5,5.5,1.5
1783009300758,2026-07-02 18:21:40.758,C3:00:00:63:4D:05,-64,127,1.5,5.5,1.5
1783009300770,2026-07-02 18:21:40.770,C3:00:00:63:4D:0D,-54,127,1.5,5.5,1.5
1783009300794,2026-07-02 18:21:40.794,C3:00:00:63:4D:04,-65,127,1.5,5.5,1.5
1783009300818,2026-07-02 18:21:40.818,C3:00:00:63:4D:08,-48,127,1.5,5.5,1.5
1783009300863,2026-07-02 18:21:40.863,C3:00:00:63:4C:D2,-59,127,1.5,5.5,1.5
1783009300867,2026-07-02 18:21:40.867,C3:00:00:63:4D:07,-55,127,1.5,5.5,1.5
1783009300880,2026-07-02 18:21:40.880,C3:00:00:63:4D:0A,-68,127,1.5,5.5,1.5
1783009300881,2026-07-02 18:21:40.881,C3:00:00:63:4D:0D,-54,127,1.5,5.5,1.5
1783009300904,2026-07-02 18:21:40.904,C3:00:00:63:4D:09,-55,127,1.5,5.5,1.5
1783009300912,2026-07-02 18:21:40.912,C3:00:00:63:4D:04,-67,127,1.5,5.5,1.5
1783009300928,2026-07-02 18:21:40.928,C3:00:00:63:4D:08,-47,127,1.5,5.5,1.5
1783009300979,2026-07-02 18:21:40.979,C3:00:00:63:4D:07,-54,127,1.5,5.5,1.5
1783009300985,2026-07-02 18:21:40.985,C3:00:00:63:4D:05,-58,127,1.5,5.5,1.5
1783009300993,2026-07-02 18:21:40.993,C3:00:00:63:4D:0D,-51,127,1.5,5.5,1.5
1783009300999,2026-07-02 18:21:40.999,C3:00:00:63:4D:0A,-64,127,1.5,5.5,1.5
1783009301010,2026-07-02 18:21:41.010,C3:00:00:63:4D:09,-59,127,1.5,5.5,1.5
1783009301023,2026-07-02 18:21:41.023,C3:00:00:63:4D:04,-64,127,1.5,5.5,1.5
1783009301031,2026-07-02 18:21:41.031,C3:00:00:63:4D:09,-60,127,1.5,5.5,1.5
1783009301036,2026-07-02 18:21:41.036,C3:00:00:63:4C:D2,-63,127,1.5,5.5,1.5
1783009301037,2026-07-02 18:21:41.037,C3:00:00:63:4D:08,-50,127,1.5,5.5,1.5
1783009301088,2026-07-02 18:21:41.088,C3:00:00:63:4D:0D,-54,127,1.5,5.5,1.5
1783009301091,2026-07-02 18:21:41.091,C3:00:00:63:4D:07,-59,127,1.5,5.5,1.5
1783009301095,2026-07-02 18:21:41.095,C3:00:00:63:4C:D2,-60,127,1.5,5.5,1.5
1783009301101,2026-07-02 18:21:41.101,C3:00:00:63:4D:05,-56,127,1.5,5.5,1.5
1783009301104,2026-07-02 18:21:41.104,C3:00:00:63:4D:0A,-68,127,1.5,5.5,1.5
1783009301132,2026-07-02 18:21:41.132,C3:00:00:63:4D:04,-65,127,1.5,5.5,1.5
1783009301135,2026-07-02 18:21:41.135,C3:00:00:63:4D:09,-53,127,1.5,5.5,1.5
1783009301143,2026-07-02 18:21:41.143,C3:00:00:63:4D:08,-48,127,1.5,5.5,1.5
1783009301148,2026-07-02 18:21:41.148,C3:00:00:63:4D:04,-65,127,1.5,5.5,1.5
1783009301188,2026-07-02 18:21:41.188,C3:00:00:63:4D:05,-56,127,1.5,5.5,1.5
1783009301198,2026-07-02 18:21:41.198,C3:00:00:63:4D:0D,-51,127,1.5,5.5,1.5
1783009301206,2026-07-02 18:21:41.206,C3:00:00:63:4D:07,-53,127,1.5,5.5,1.5
1783009301216,2026-07-02 18:21:41.216,C3:00:00:63:4C:D2,-62,127,1.5,5.5,1.5
1783009301222,2026-07-02 18:21:41.222,C3:00:00:63:4D:05,-58,127,1.5,5.5,1.5
1783009301224,2026-07-02 18:21:41.224,C3:00:00:63:4D:0A,-63,127,1.5,5.5,1.5
1783009301236,2026-07-02 18:21:41.236,C3:00:00:63:4D:04,-67,127,1.5,5.5,1.5
1783009301244,2026-07-02 18:21:41.244,C3:00:00:63:4D:09,-55,127,1.5,5.5,1.5
1783009301274,2026-07-02 18:21:41.274,C3:00:00:63:4D:0A,-63,127,1.5,5.5,1.5
1783009301304,2026-07-02 18:21:41.304,C3:00:00:63:4D:0D,-54,127,1.5,5.5,1.5
1783009301340,2026-07-02 18:21:41.340,C3:00:00:63:4D:0A,-64,127,1.5,5.5,1.5
1783009301345,2026-07-02 18:21:41.345,C3:00:00:63:4D:04,-64,127,1.5,5.5,1.5
1783009301350,2026-07-02 18:21:41.350,C3:00:00:63:4D:07,-59,127,1.5,5.5,1.5
1783009301356,2026-07-02 18:21:41.356,C3:00:00:63:4D:0A,-64,127,1.5,5.5,1.5
1783009301364,2026-07-02 18:21:41.364,C3:00:00:63:4D:09,-59,127,1.5,5.5,1.5
1783009301368,2026-07-02 18:21:41.368,C3:00:00:63:4D:08,-49,127,1.5,5.5,1.5
1783009301402,2026-07-02 18:21:41.402,C3:00:00:63:4D:0D,-54,127,1.5,5.5,1.5
1783009301405,2026-07-02 18:21:41.405,C3:00:00:63:4D:05,-56,127,1.5,5.5,1.5
1783009301439,2026-07-02 18:21:41.439,C3:00:00:63:4D:07,-55,127,1.5,5.5,1.5
1783009301449,2026-07-02 18:21:41.449,C3:00:00:63:4D:0A,-68,127,1.5,5.5,1.5
1783009301467,2026-07-02 18:21:41.467,C3:00:00:63:4D:04,-65,127,1.5,5.5,1.5
1783009301489,2026-07-02 18:21:41.489,C3:00:00:63:4D:04,-65,127,1.5,5.5,1.5
1783009301507,2026-07-02 18:21:41.507,C3:00:00:63:4D:04,-68,127,1.5,5.5,1.5
1783009301518,2026-07-02 18:21:41.518,C3:00:00:63:4D:0D,-51,127,1.5,5.5,1.5
1783009301537,2026-07-02 18:21:41.537,C3:00:00:63:4D:08,-47,127,1.5,5.5,1.5
1783009301556,2026-07-02 18:21:41.556,C3:00:00:63:4D:07,-53,127,1.5,5.5,1.5
1783009301559,2026-07-02 18:21:41.559,C3:00:00:63:4C:D2,-62,127,1.5,5.5,1.5
1783009301564,2026-07-02 18:21:41.564,C3:00:00:63:4D:05,-58,127,1.5,5.5,1.5
1783009301575,2026-07-02 18:21:41.575,C3:00:00:63:4D:04,-67,127,1.5,5.5,1.5
1783009301585,2026-07-02 18:21:41.585,C3:00:00:63:4D:08,-47,127,1.5,5.5,1.5
1783009301589,2026-07-02 18:21:41.589,C3:00:00:63:4D:09,-55,127,1.5,5.5,1.5
1783009301615,2026-07-02 18:21:41.615,C3:00:00:63:4D:0D,-54,127,1.5,5.5,1.5
1783009301666,2026-07-02 18:21:41.666,C3:00:00:63:4D:07,-60,127,1.5,5.5,1.5
1783009301671,2026-07-02 18:21:41.671,C3:00:00:63:4C:D2,-63,127,1.5,5.5,1.5
1783009301677,2026-07-02 18:21:41.677,C3:00:00:63:4D:05,-64,127,1.5,5.5,1.5
1783009301683,2026-07-02 18:21:41.683,C3:00:00:63:4D:04,-63,127,1.5,5.5,1.5
1783009301694,2026-07-02 18:21:41.694,C3:00:00:63:4D:0A,-64,127,1.5,5.5,1.5
1783009301708,2026-07-02 18:21:41.708,C3:00:00:63:4D:09,-53,127,1.5,5.5,1.5
1783009301721,2026-07-02 18:21:41.721,C3:00:00:63:4D:0D,-54,127,1.5,5.5,1.5
1783009301782,2026-07-02 18:21:41.782,C3:00:00:63:4D:07,-55,127,1.5,5.5,1.5
1783009301788,2026-07-02 18:21:41.788,C3:00:00:63:4C:D2,-60,127,1.5,5.5,1.5
1783009301794,2026-07-02 18:21:41.794,C3:00:00:63:4D:05,-56,127,1.5,5.5,1.5
1783009301796,2026-07-02 18:21:41.796,C3:00:00:63:4D:0A,-68,127,1.5,5.5,1.5
1783009301798,2026-07-02 18:21:41.798,C3:00:00:63:4D:08,-47,127,1.5,5.5,1.5
1783009301823,2026-07-02 18:21:41.823,C3:00:00:63:4D:09,-55,127,1.5,5.5,1.5
1783009301827,2026-07-02 18:21:41.827,C3:00:00:63:4D:0D,-51,127,1.5,5.5,1.5
1783009301881,2026-07-02 18:21:41.881,C3:00:00:63:4C:D2,-62,127,1.5,5.5,1.5
1783009301889,2026-07-02 18:21:41.889,C3:00:00:63:4D:04,-67,127,1.5,5.5,1.5
1783009301900,2026-07-02 18:21:41.900,C3:00:00:63:4D:07,-59,127,1.5,5.5,1.5
1783009301907,2026-07-02 18:21:41.907,C3:00:00:63:4D:0A,-64,127,1.5,5.5,1.5
1783009301914,2026-07-02 18:21:41.914,C3:00:00:63:4D:08,-49,127,1.5,5.5,1.5
1783009301936,2026-07-02 18:21:41.936,C3:00:00:63:4D:0D,-54,127,1.5,5.5,1.5
1783009301938,2026-07-02 18:21:41.938,C3:00:00:63:4D:09,-60,127,1.5,5.5,1.5
1783009302002,2026-07-02 18:21:42.002,C3:00:00:63:4D:04,-65,127,1.5,5.5,1.5
1783009302010,2026-07-02 18:21:42.010,C3:00:00:63:4D:09,-60,127,1.5,5.5,1.5
1783009302016,2026-07-02 18:21:42.016,C3:00:00:63:4C:D2,-59,127,1.5,5.5,1.5
1783009302020,2026-07-02 18:21:42.020,C3:00:00:63:4D:0D,-62,127,1.5,5.5,1.5
1783009302029,2026-07-02 18:21:42.029,C3:00:00:63:4D:08,-49,127,1.5,5.5,1.5
1783009302110,2026-07-02 18:21:42.110,C3:00:00:63:4D:04,-66,127,1.5,5.5,1.5
1783009302133,2026-07-02 18:21:42.133,C3:00:00:63:4D:05,-59,127,1.5,5.5,1.5
1783009302136,2026-07-02 18:21:42.136,C3:00:00:63:4D:08,-47,127,1.5,5.5,1.5
1783009302139,2026-07-02 18:21:42.139,C3:00:00:63:4C:D2,-62,127,1.5,5.5,1.5
1783009302145,2026-07-02 18:21:42.145,C3:00:00:63:4D:05,-58,127,1.5,5.5,1.5
1783009302158,2026-07-02 18:21:42.158,C3:00:00:63:4D:09,-55,127,1.5,5.5,1.5
1783009302228,2026-07-02 18:21:42.228,C3:00:00:63:4D:0A,-74,127,1.5,5.5,1.5
1783009302234,2026-07-02 18:21:42.234,C3:00:00:63:4D:08,-50,127,1.5,5.5,1.5
1783009302244,2026-07-02 18:21:42.244,C3:00:00:63:4D:07,-58,127,1.5,5.5,1.5
1783009302256,2026-07-02 18:21:42.256,C3:00:00:63:4D:0A,-66,127,1.5,5.5,1.5
1783009302274,2026-07-02 18:21:42.274,C3:00:00:63:4D:09,-60,127,1.5,5.5,1.5
1783009302278,2026-07-02 18:21:42.278,C3:00:00:63:4D:0D,-54,127,1.5,5.5,1.5
1783009302328,2026-07-02 18:21:42.328,C3:00:00:63:4D:04,-64,127,1.5,5.5,1.5
1783009302338,2026-07-02 18:21:42.338,C3:00:00:63:4D:08,-48,127,1.5,5.5,1.5
1783009302357,2026-07-02 18:21:42.357,C3:00:00:63:4D:07,-55,127,1.5,5.5,1.5
1783009302385,2026-07-02 18:21:42.385,C3:00:00:63:4D:09,-54,127,1.5,5.5,1.5
1783009302430,2026-07-02 18:21:42.430,C3:00:00:63:4D:04,-66,127,1.5,5.5,1.5
1783009302452,2026-07-02 18:21:42.452,C3:00:00:63:4D:08,-47,127,1.5,5.5,1.5
1783009302457,2026-07-02 18:21:42.457,C3:00:00:63:4D:0D,-51,127,1.5,5.5,1.5
1783009302462,2026-07-02 18:21:42.462,C3:00:00:63:4D:0A,-62,127,1.5,5.5,1.5
1783009302473,2026-07-02 18:21:42.473,C3:00:00:63:4D:07,-54,127,1.5,5.5,1.5
1783009302478,2026-07-02 18:21:42.478,C3:00:00:63:4C:D2,-62,127,1.5,5.5,1.5
1783009302481,2026-07-02 18:21:42.481,C3:00:00:63:4D:05,-58,127,1.5,5.5,1.5
1783009302503,2026-07-02 18:21:42.503,C3:00:00:63:4D:09,-60,127,1.5,5.5,1.5
1783009302546,2026-07-02 18:21:42.546,C3:00:00:63:4D:04,-63,127,1.5,5.5,1.5
1783009302554,2026-07-02 18:21:42.554,C3:00:00:63:4D:07,-59,127,1.5,5.5,1.5
1783009302575,2026-07-02 18:21:42.575,C3:00:00:63:4D:0A,-66,127,1.5,5.5,1.5
1783009302599,2026-07-02 18:21:42.599,C3:00:00:63:4D:05,-65,127,1.5,5.5,1.5
1783009302623,2026-07-02 18:21:42.623,C3:00:00:63:4D:09,-54,127,1.5,5.5,1.5
1783009302640,2026-07-02 18:21:42.640,C3:00:00:63:4D:08,-49,127,1.5,5.5,1.5
1783009302656,2026-07-02 18:21:42.656,C3:00:00:63:4D:04,-64,127,1.5,5.5,1.5
1783009302688,2026-07-02 18:21:42.688,C3:00:00:63:4D:07,-56,127,1.5,5.5,1.5
1783009302693,2026-07-02 18:21:42.693,C3:00:00:63:4D:0A,-67,127,1.5,5.5,1.5
1783009302710,2026-07-02 18:21:42.710,C3:00:00:63:4D:05,-58,127,1.5,5.5,1.5
1783009302714,2026-07-02 18:21:42.714,C3:00:00:63:4C:D2,-62,127,1.5,5.5,1.5
1783009302719,2026-07-02 18:21:42.719,C3:00:00:63:4D:07,-54,127,1.5,5.5,1.5
1783009302726,2026-07-02 18:21:42.726,C3:00:00:63:4D:09,-55,127,1.5,5.5,1.5
1783009302734,2026-07-02 18:21:42.734,C3:00:00:63:4C:D2,-63,127,1.5,5.5,1.5
1783009302762,2026-07-02 18:21:42.762,C3:00:00:63:4D:04,-66,127,1.5,5.5,1.5
1783009302769,2026-07-02 18:21:42.769,C3:00:00:63:4D:0D,-51,127,1.5,5.5,1.5
1783009302779,2026-07-02 18:21:42.779,C3:00:00:63:4D:08,-47,127,1.5,5.5,1.5
1783009302793,2026-07-02 18:21:42.793,C3:00:00:63:4D:0D,-54,127,1.5,5.5,1.5
1783009302820,2026-07-02 18:21:42.820,C3:00:00:63:4D:07,-59,127,1.5,5.5,1.5
1783009302824,2026-07-02 18:21:42.824,C3:00:00:63:4D:05,-65,127,1.5,5.5,1.5
1783009302828,2026-07-02 18:21:42.828,C3:00:00:63:4C:D2,-63,127,1.5,5.5,1.5
1783009302850,2026-07-02 18:21:42.850,C3:00:00:63:4D:09,-60,127,1.5,5.5,1.5
1783009302879,2026-07-02 18:21:42.879,C3:00:00:63:4D:04,-63,127,1.5,5.5,1.5
1783009302884,2026-07-02 18:21:42.884,C3:00:00:63:4D:0D,-54,127,1.5,5.5,1.5
1783009302914,2026-07-02 18:21:42.914,C3:00:00:63:4D:0A,-67,127,1.5,5.5,1.5
1783009302919,2026-07-02 18:21:42.919,C3:00:00:63:4D:08,-48,127,1.5,5.5,1.5
1783009302935,2026-07-02 18:21:42.935,C3:00:00:63:4D:07,-55,127,1.5,5.5,1.5
1783009302941,2026-07-02 18:21:42.941,C3:00:00:63:4C:D2,-59,127,1.5,5.5,1.5
1783009302943,2026-07-02 18:21:42.943,C3:00:00:63:4D:08,-57,127,1.5,5.5,1.5
1783009302952,2026-07-02 18:21:42.952,C3:00:00:63:4D:09,-54,127,1.5,5.5,1.5
1783009302996,2026-07-02 18:21:42.996,C3:00:00:63:4D:08,-47,127,1.5,5.5,1.5
1783009302999,2026-07-02 18:21:42.999,C3:00:00:63:4D:09,-55,127,1.5,5.5,1.5
1783009303016,2026-07-02 18:21:43.016,C3:00:00:63:4D:09,-55,127,1.5,5.5,1.5
1783009303052,2026-07-02 18:21:43.052,C3:00:00:63:4D:05,-58,127,1.5,5.5,1.5
1783009303058,2026-07-02 18:21:43.058,C3:00:00:63:4D:07,-53,127,1.5,5.5,1.5
1783009303077,2026-07-02 18:21:43.077,C3:00:00:63:4D:09,-55,127,1.5,5.5,1.5
1783009303087,2026-07-02 18:21:43.087,C3:00:00:63:4D:04,-66,127,1.5,5.5,1.5
1783009303096,2026-07-02 18:21:43.096,C3:00:00:63:4D:0D,-51,127,1.5,5.5,1.5
1783009303103,2026-07-02 18:21:43.103,C3:00:00:63:4D:08,-49,127,1.5,5.5,1.5
1783009303143,2026-07-02 18:21:43.143,C3:00:00:63:4D:0A,-65,127,1.5,5.5,1.5
1783009303163,2026-07-02 18:21:43.163,C3:00:00:63:4D:07,-58,127,1.5,5.5,1.5
1783009303168,2026-07-02 18:21:43.168,C3:00:00:63:4D:05,-65,127,1.5,5.5,1.5
1783009303174,2026-07-02 18:21:43.174,C3:00:00:63:4C:D2,-63,127,1.5,5.5,1.5
1783009303185,2026-07-02 18:21:43.185,C3:00:00:63:4D:09,-60,127,1.5,5.5,1.5
1783009303189,2026-07-02 18:21:43.189,C3:00:00:63:4D:05,-65,127,1.5,5.5,1.5
1783009303195,2026-07-02 18:21:43.195,C3:00:00:63:4D:0D,-54,127,1.5,5.5,1.5
1783009303199,2026-07-02 18:21:43.199,C3:00:00:63:4D:04,-64,127,1.5,5.5,1.5
1783009303218,2026-07-02 18:21:43.218,C3:00:00:63:4D:08,-48,127,1.5,5.5,1.5
1783009303250,2026-07-02 18:21:43.250,C3:00:00:63:4D:0A,-67,127,1.5,5.5,1.5
1783009303281,2026-07-02 18:21:43.281,C3:00:00:63:4C:D2,-59,127,1.5,5.5,1.5
1783009303290,2026-07-02 18:21:43.290,C3:00:00:63:4D:0A,-67,127,1.5,5.5,1.5
1783009303296,2026-07-02 18:21:43.296,C3:00:00:63:4D:0D,-54,127,1.5,5.5,1.5
1783009303299,2026-07-02 18:21:43.299,C3:00:00:63:4D:09,-55,127,1.5,5.5,1.5
1783009303305,2026-07-02 18:21:43.305,C3:00:00:63:4D:04,-66,127,1.5,5.5,1.5
1783009303329,2026-07-02 18:21:43.329,C3:00:00:63:4D:08,-47,127,1.5,5.5,1.5
1783009303336,2026-07-02 18:21:43.336,C3:00:00:63:4D:07,-54,127,1.5,5.5,1.5
1783009303342,2026-07-02 18:21:43.342,C3:00:00:63:4D:0A,-63,127,1.5,5.5,1.5
1783009303374,2026-07-02 18:21:43.374,C3:00:00:63:4D:0A,-63,127,1.5,5.5,1.5
1783009303398,2026-07-02 18:21:43.398,C3:00:00:63:4D:07,-57,127,1.5,5.5,1.5
1783009303406,2026-07-02 18:21:43.406,C3:00:00:63:4C:D2,-62,127,1.5,5.5,1.5
1783009303414,2026-07-02 18:21:43.414,C3:00:00:63:4D:05,-66,127,1.5,5.5,1.5
1783009303416,2026-07-02 18:21:43.416,C3:00:00:63:4D:0D,-51,127,1.5,5.5,1.5
1783009303418,2026-07-02 18:21:43.418,C3:00:00:63:4D:04,-63,127,1.5,5.5,1.5
1783009303420,2026-07-02 18:21:43.420,C3:00:00:63:4D:09,-58,127,1.5,5.5,1.5
1783009303422,2026-07-02 18:21:43.422,C3:00:00:63:4D:05,-67,127,1.5,5.5,1.5
1783009303429,2026-07-02 18:21:43.429,C3:00:00:63:4D:08,-47,127,1.5,5.5,1.5
1783009303489,2026-07-02 18:21:43.489,C3:00:00:63:4D:0A,-65,127,1.5,5.5,1.5
1783009303512,2026-07-02 18:21:43.512,C3:00:00:63:4D:07,-56,127,1.5,5.5,1.5
1783009303520,2026-07-02 18:21:43.520,C3:00:00:63:4D:0D,-58,127,1.5,5.5,1.5
1783009303525,2026-07-02 18:21:43.525,C3:00:00:63:4D:09,-54,127,1.5,5.5,1.5
1783009303544,2026-07-02 18:21:43.544,C3:00:00:63:4D:08,-49,127,1.5,5.5,1.5
1783009303550,2026-07-02 18:21:43.550,C3:00:00:63:4D:04,-63,127,1.5,5.5,1.5
1783009303559,2026-07-02 18:21:43.559,C3:00:00:63:4D:08,-49,127,1.5,5.5,1.5
1783009303590,2026-07-02 18:21:43.590,C3:00:00:63:4D:0A,-66,127,1.5,5.5,1.5
1783009303614,2026-07-02 18:21:43.614,C3:00:00:63:4D:0D,-51,127,1.5,5.5,1.5
1783009303627,2026-07-02 18:21:43.627,C3:00:00:63:4D:07,-54,127,1.5,5.5,1.5
1783009303636,2026-07-02 18:21:43.636,C3:00:00:63:4C:D2,-62,127,1.5,5.5,1.5
1783009303645,2026-07-02 18:21:43.645,C3:00:00:63:4D:04,-67,127,1.5,5.5,1.5
1783009303649,2026-07-02 18:21:43.649,C3:00:00:63:4D:09,-55,127,1.5,5.5,1.5
1783009303651,2026-07-02 18:21:43.651,C3:00:00:63:4D:08,-47,127,1.5,5.5,1.5
1783009303702,2026-07-02 18:21:43.702,C3:00:00:63:4D:0A,-65,127,1.5,5.5,1.5
1783009303739,2026-07-02 18:21:43.739,C3:00:00:63:4D:04,-71,127,1.5,5.5,1.5
1783009303741,2026-07-02 18:21:43.741,C3:00:00:63:4D:05,-65,127,1.5,5.5,1.5
1783009303754,2026-07-02 18:21:43.754,C3:00:00:63:4D:09,-60,127,1.5,5.5,1.5
1783009303760,2026-07-02 18:21:43.760,C3:00:00:63:4D:04,-64,127,1.5,5.5,1.5
1783009303767,2026-07-02 18:21:43.767,C3:00:00:63:4D:08,-49,127,1.5,5.5,1.5
1783009303820,2026-07-02 18:21:43.820,C3:00:00:63:4D:0A,-68,127,1.5,5.5,1.5
1783009303825,2026-07-02 18:21:43.825,C3:00:00:63:4D:0D,-54,127,1.5,5.5,1.5
1783009303857,2026-07-02 18:21:43.857,C3:00:00:63:4D:07,-55,127,1.5,5.5,1.5
1783009303863,2026-07-02 18:21:43.863,C3:00:00:63:4D:05,-56,127,1.5,5.5,1.5
1783009303868,2026-07-02 18:21:43.868,C3:00:00:63:4D:09,-54,127,1.5,5.5,1.5
1783009303877,2026-07-02 18:21:43.877,C3:00:00:63:4D:08,-48,127,1.5,5.5,1.5
1783009303884,2026-07-02 18:21:43.884,C3:00:00:63:4C:D2,-59,127,1.5,5.5,1.5
1783009303901,2026-07-02 18:21:43.901,C3:00:00:63:4D:09,-55,127,1.5,5.5,1.5
1783009303923,2026-07-02 18:21:43.923,C3:00:00:63:4D:0D,-51,127,1.5,5.5,1.5
1783009303935,2026-07-02 18:21:43.935,C3:00:00:63:4D:0A,-63,127,1.5,5.5,1.5
1783009303957,2026-07-02 18:21:43.957,C3:00:00:63:4D:04,-67,127,1.5,5.5,1.5
1783009303967,2026-07-02 18:21:43.967,C3:00:00:63:4D:07,-54,127,1.5,5.5,1.5
1783009303971,2026-07-02 18:21:43.971,C3:00:00:63:4C:D2,-62,127,1.5,5.5,1.5
1783009303987,2026-07-02 18:21:43.987,C3:00:00:63:4D:09,-55,127,1.5,5.5,1.5
1783009304047,2026-07-02 18:21:44.047,C3:00:00:63:4D:0A,-65,127,1.5,5.5,1.5
1783009304072,2026-07-02 18:21:44.072,C3:00:00:63:4D:04,-63,127,1.5,5.5,1.5
1783009304079,2026-07-02 18:21:44.079,C3:00:00:63:4D:07,-59,127,1.5,5.5,1.5
1783009304092,2026-07-02 18:21:44.092,C3:00:00:63:4D:08,-49,127,1.5,5.5,1.5
1783009304096,2026-07-02 18:21:44.096,C3:00:00:63:4D:05,-65,127,1.5,5.5,1.5
1783009304101,2026-07-02 18:21:44.101,C3:00:00:63:4D:09,-54,127,1.5,5.5,1.5
1783009304130,2026-07-02 18:21:44.130,C3:00:00:63:4D:0D,-54,127,1.5,5.5,1.5
1783009304161,2026-07-02 18:21:44.161,C3:00:00:63:4D:0A,-67,127,1.5,5.5,1.5
1783009304182,2026-07-02 18:21:44.182,C3:00:00:63:4D:04,-65,127,1.5,5.5,1.5
1783009304191,2026-07-02 18:21:44.191,C3:00:00:63:4D:07,-55,127,1.5,5.5,1.5
1783009304203,2026-07-02 18:21:44.203,C3:00:00:63:4D:08,-47,127,1.5,5.5,1.5
1783009304205,2026-07-02 18:21:44.205,C3:00:00:63:4C:D2,-61,127,1.5,5.5,1.5
1783009304207,2026-07-02 18:21:44.207,C3:00:00:63:4D:05,-58,127,1.5,5.5,1.5
1783009304214,2026-07-02 18:21:44.214,C3:00:00:63:4D:09,-55,127,1.5,5.5,1.5
1783009304246,2026-07-02 18:21:44.246,C3:00:00:63:4D:0D,-51,127,1.5,5.5,1.5
1783009304264,2026-07-02 18:21:44.264,C3:00:00:63:4D:0A,-62,127,1.5,5.5,1.5
1783009304316,2026-07-02 18:21:44.316,C3:00:00:63:4D:07,-59,127,1.5,5.5,1.5
1783009304321,2026-07-02 18:21:44.321,C3:00:00:63:4D:05,-65,127,1.5,5.5,1.5
1783009304327,2026-07-02 18:21:44.327,C3:00:00:63:4C:D2,-62,127,1.5,5.5,1.5
1783009304334,2026-07-02 18:21:44.334,C3:00:00:63:4D:09,-60,127,1.5,5.5,1.5
1783009304352,2026-07-02 18:21:44.352,C3:00:00:63:4D:0D,-53,127,1.5,5.5,1.5
1783009304396,2026-07-02 18:21:44.396,C3:00:00:63:4D:04,-64,127,1.5,5.5,1.5
1783009304415,2026-07-02 18:21:44.415,C3:00:00:63:4D:08,-48,127,1.5,5.5,1.5
1783009304421,2026-07-02 18:21:44.421,C3:00:00:63:4C:D2,-66,127,1.5,5.5,1.5
1783009304426,2026-07-02 18:21:44.426,C3:00:00:63:4D:07,-56,127,1.5,5.5,1.5
1783009304437,2026-07-02 18:21:44.437,C3:00:00:63:4D:05,-56,127,1.5,5.5,1.5
1783009304440,2026-07-02 18:21:44.440,C3:00:00:63:4C:D2,-59,127,1.5,5.5,1.5
1783009304445,2026-07-02 18:21:44.445,C3:00:00:63:4D:09,-53,127,1.5,5.5,1.5
1783009304451,2026-07-02 18:21:44.451,C3:00:00:63:4D:0D,-54,127,1.5,5.5,1.5
1783009304504,2026-07-02 18:21:44.504,C3:00:00:63:4D:0A,-63,127,1.5,5.5,1.5
1783009304509,2026-07-02 18:21:44.509,C3:00:00:63:4D:04,-65,127,1.5,5.5,1.5
1783009304529,2026-07-02 18:21:44.529,C3:00:00:63:4D:08,-46,127,1.5,5.5,1.5
1783009304541,2026-07-02 18:21:44.541,C3:00:00:63:4D:07,-53,127,1.5,5.5,1.5
1783009304548,2026-07-02 18:21:44.548,C3:00:00:63:4D:05,-58,127,1.5,5.5,1.5
1783009304550,2026-07-02 18:21:44.550,C3:00:00:63:4D:09,-54,127,1.5,5.5,1.5
1783009304564,2026-07-02 18:21:44.564,C3:00:00:63:4D:07,-54,127,1.5,5.5,1.5
1783009304610,2026-07-02 18:21:44.610,C3:00:00:63:4D:0A,-65,127,1.5,5.5,1.5
1783009304616,2026-07-02 18:21:44.616,C3:00:00:63:4D:04,-62,127,1.5,5.5,1.5
1783009304635,2026-07-02 18:21:44.635,C3:00:00:63:4D:08,-48,127,1.5,5.5,1.5
1783009304661,2026-07-02 18:21:44.661,C3:00:00:63:4D:07,-55,127,1.5,5.5,1.5
1783009304667,2026-07-02 18:21:44.667,C3:00:00:63:4D:08,-48,127,1.5,5.5,1.5
1783009304676,2026-07-02 18:21:44.676,C3:00:00:63:4D:0D,-50,127,1.5,5.5,1.5
1783009304682,2026-07-02 18:21:44.682,C3:00:00:63:4D:09,-58,127,1.5,5.5,1.5
1783009304685,2026-07-02 18:21:44.685,C3:00:00:63:4D:0D,-50,127,1.5,5.5,1.5
1783009304762,2026-07-02 18:21:44.762,C3:00:00:63:4D:0D,-56,127,1.5,5.5,1.5
1783009304766,2026-07-02 18:21:44.766,C3:00:00:63:4D:07,-56,127,1.5,5.5,1.5
1783009304778,2026-07-02 18:21:44.778,C3:00:00:63:4C:D2,-60,127,1.5,5.5,1.5
1783009304793,2026-07-02 18:21:44.793,C3:00:00:63:4D:0D,-56,127,1.5,5.5,1.5
1783009304839,2026-07-02 18:21:44.839,C3:00:00:63:4D:04,-64,127,1.5,5.5,1.5
1783009304842,2026-07-02 18:21:44.842,C3:00:00:63:4D:0A,-63,127,1.5,5.5,1.5
1783009304847,2026-07-02 18:21:44.847,C3:00:00:63:4D:08,-46,127,1.5,5.5,1.5
1783009304870,2026-07-02 18:21:44.870,C3:00:00:63:4D:0D,-52,127,1.5,5.5,1.5
1783009304882,2026-07-02 18:21:44.882,C3:00:00:63:4D:07,-54,127,1.5,5.5,1.5
1783009304892,2026-07-02 18:21:44.892,C3:00:00:63:4D:05,-59,127,1.5,5.5,1.5
1783009304894,2026-07-02 18:21:44.894,C3:00:00:63:4C:D2,-61,127,1.5,5.5,1.5
1783009304900,2026-07-02 18:21:44.900,C3:00:00:63:4D:09,-60,127,1.5,5.5,1.5
1783009304947,2026-07-02 18:21:44.947,C3:00:00:63:4D:04,-62,127,1.5,5.5,1.5
1783009304951,2026-07-02 18:21:44.951,C3:00:00:63:4D:0A,-64,127,1.5,5.5,1.5
1783009304965,2026-07-02 18:21:44.965,C3:00:00:63:4D:08,-50,127,1.5,5.5,1.5
1783009304982,2026-07-02 18:21:44.982,C3:00:00:63:4D:0D,-53,127,1.5,5.5,1.5
1783009305004,2026-07-02 18:21:45.004,C3:00:00:63:4D:05,-56,127,1.5,5.5,1.5
1783009305012,2026-07-02 18:21:45.012,C3:00:00:63:4C:D2,-59,127,1.5,5.5,1.5
1783009305026,2026-07-02 18:21:45.026,C3:00:00:63:4D:09,-53,127,1.5,5.5,1.5
1783009305039,2026-07-02 18:21:45.039,C3:00:00:63:4C:D2,-59,127,1.5,5.5,1.5
1783009305044,2026-07-02 18:21:45.044,C3:00:00:63:4D:09,-53,127,1.5,5.5,1.5
1783009305049,2026-07-02 18:21:45.049,C3:00:00:63:4D:04,-64,127,1.5,5.5,1.5
1783009305058,2026-07-02 18:21:45.058,C3:00:00:63:4D:0A,-66,127,1.5,5.5,1.5
1783009305065,2026-07-02 18:21:45.065,C3:00:00:63:4D:08,-48,127,1.5,5.5,1.5
1783009305078,2026-07-02 18:21:45.078,C3:00:00:63:4D:0D,-54,127,1.5,5.5,1.5
1783009305118,2026-07-02 18:21:45.118,C3:00:00:63:4D:07,-54,127,1.5,5.5,1.5
1783009305130,2026-07-02 18:21:45.130,C3:00:00:63:4D:05,-59,127,1.5,5.5,1.5
1783009305131,2026-07-02 18:21:45.131,C3:00:00:63:4C:D2,-61,127,1.5,5.5,1.5
1783009305138,2026-07-02 18:21:45.138,C3:00:00:63:4D:09,-55,127,1.5,5.5,1.5
1783009305151,2026-07-02 18:21:45.151,C3:00:00:63:4D:04,-67,127,1.5,5.5,1.5
1783009305176,2026-07-02 18:21:45.176,C3:00:00:63:4D:04,-67,127,1.5,5.5,1.5
1783009305181,2026-07-02 18:21:45.181,C3:00:00:63:4D:08,-47,127,1.5,5.5,1.5
1783009305236,2026-07-02 18:21:45.236,C3:00:00:63:4D:07,-59,127,1.5,5.5,1.5
1783009305244,2026-07-02 18:21:45.244,C3:00:00:63:4D:05,-65,127,1.5,5.5,1.5
1783009305250,2026-07-02 18:21:45.250,C3:00:00:63:4C:D2,-62,127,1.5,5.5,1.5
1783009305270,2026-07-02 18:21:45.270,C3:00:00:63:4D:04,-62,127,1.5,5.5,1.5
1783009305290,2026-07-02 18:21:45.290,C3:00:00:63:4D:0A,-65,127,1.5,5.5,1.5
1783009305344,2026-07-02 18:21:45.344,C3:00:00:63:4D:07,-56,127,1.5,5.5,1.5
1783009305362,2026-07-02 18:21:45.362,C3:00:00:63:4D:0A,-68,127,1.5,5.5,1.5
1783009305367,2026-07-02 18:21:45.367,C3:00:00:63:4D:09,-53,127,1.5,5.5,1.5
1783009305371,2026-07-02 18:21:45.371,C3:00:00:63:4D:07,-56,127,1.5,5.5,1.5
1783009305376,2026-07-02 18:21:45.376,C3:00:00:63:4D:04,-65,127,1.5,5.5,1.5
1783009305390,2026-07-02 18:21:45.390,C3:00:00:63:4D:08,-48,127,1.5,5.5,1.5
1783009305396,2026-07-02 18:21:45.396,C3:00:00:63:4D:0D,-52,127,1.5,5.5,1.5
1783009305401,2026-07-02 18:21:45.401,C3:00:00:63:4D:0A,-63,127,1.5,5.5,1.5
1783009305470,2026-07-02 18:21:45.470,C3:00:00:63:4D:07,-54,127,1.5,5.5,1.5
1783009305476,2026-07-02 18:21:45.476,C3:00:00:63:4D:05,-58,127,1.5,5.5,1.5
1783009305497,2026-07-02 18:21:45.497,C3:00:00:63:4D:04,-67,127,1.5,5.5,1.5
1783009305504,2026-07-02 18:21:45.504,C3:00:00:63:4D:0D,-53,127,1.5,5.5,1.5
1783009305520,2026-07-02 18:21:45.520,C3:00:00:63:4D:08,-50,127,1.5,5.5,1.5
1783009305522,2026-07-02 18:21:45.522,C3:00:00:63:4D:0A,-64,127,1.5,5.5,1.5
1783009305524,2026-07-02 18:21:45.524,C3:00:00:63:4D:04,-63,127,1.5,5.5,1.5
1783009305532,2026-07-02 18:21:45.532,C3:00:00:63:4D:04,-63,127,1.5,5.5,1.5
1783009305573,2026-07-02 18:21:45.573,C3:00:00:63:4D:08,-49,127,1.5,5.5,1.5
1783009305578,2026-07-02 18:21:45.578,C3:00:00:63:4D:07,-59,127,1.5,5.5,1.5
1783009305583,2026-07-02 18:21:45.583,C3:00:00:63:4D:09,-60,127,1.5,5.5,1.5
1783009305591,2026-07-02 18:21:45.591,C3:00:00:63:4D:05,-65,127,1.5,5.5,1.5
1783009305599,2026-07-02 18:21:45.599,C3:00:00:63:4D:04,-65,127,1.5,5.5,1.5
1783009305605,2026-07-02 18:21:45.605,C3:00:00:63:4D:0D,-54,127,1.5,5.5,1.5
1783009305613,2026-07-02 18:21:45.613,C3:00:00:63:4D:08,-48,127,1.5,5.5,1.5
1783009305625,2026-07-02 18:21:45.625,C3:00:00:63:4D:0A,-67,127,1.5,5.5,1.5
1783009305688,2026-07-02 18:21:45.688,C3:00:00:63:4D:07,-56,127,1.5,5.5,1.5
1783009305694,2026-07-02 18:21:45.694,C3:00:00:63:4D:09,-53,127,1.5,5.5,1.5
1783009305700,2026-07-02 18:21:45.700,C3:00:00:63:4C:D2,-61,127,1.5,5.5,1.5
1783009305715,2026-07-02 18:21:45.715,C3:00:00:63:4D:05,-59,127,1.5,5.5,1.5
1783009305719,2026-07-02 18:21:45.719,C3:00:00:63:4D:04,-67,127,1.5,5.5,1.5
1783009305721,2026-07-02 18:21:45.721,C3:00:00:63:4D:0D,-52,127,1.5,5.5,1.5
1783009305730,2026-07-02 18:21:45.730,C3:00:00:63:4D:08,-47,127,1.5,5.5,1.5
1783009305743,2026-07-02 18:21:45.743,C3:00:00:63:4D:0A,-63,127,1.5,5.5,1.5
1783009305818,2026-07-02 18:21:45.818,C3:00:00:63:4D:05,-65,127,1.5,5.5,1.5
1783009305823,2026-07-02 18:21:45.823,C3:00:00:63:4D:0D,-53,127,1.5,5.5,1.5
1783009305830,2026-07-02 18:21:45.830,C3:00:00:63:4C:D2,-62,127,1.5,5.5,1.5
1783009305843,2026-07-02 18:21:45.843,C3:00:00:63:4D:04,-63,127,1.5,5.5,1.5
1783009305859,2026-07-02 18:21:45.859,C3:00:00:63:4D:0A,-64,127,1.5,5.5,1.5
1783009305883,2026-07-02 18:21:45.883,C3:00:00:63:4C:D2,-62,127,1.5,5.5,1.5
1783009305921,2026-07-02 18:21:45.921,C3:00:00:63:4D:0D,-56,127,1.5,5.5,1.5
1783009305927,2026-07-02 18:21:45.927,C3:00:00:63:4D:07,-56,127,1.5,5.5,1.5
1783009305932,2026-07-02 18:21:45.932,C3:00:00:63:4D:09,-54,127,1.5,5.5,1.5
1783009305940,2026-07-02 18:21:45.940,C3:00:00:63:4D:08,-49,127,1.5,5.5,1.5
1783009305969,2026-07-02 18:21:45.969,C3:00:00:63:4D:0A,-65,127,1.5,5.5,1.5
1783009306024,2026-07-02 18:21:46.024,C3:00:00:63:4D:0D,-59,127,1.5,5.5,1.5
1783009306032,2026-07-02 18:21:46.032,C3:00:00:63:4D:07,-53,127,1.5,5.5,1.5
1783009306045,2026-07-02 18:21:46.045,C3:00:00:63:4D:04,-64,127,1.5,5.5,1.5
1783009306051,2026-07-02 18:21:46.051,C3:00:00:63:4D:09,-54,127,1.5,5.5,1.5
1783009306059,2026-07-02 18:21:46.059,C3:00:00:63:4D:08,-46,127,1.5,5.5,1.5
1783009306070,2026-07-02 18:21:46.070,C3:00:00:63:4D:0A,-63,127,1.5,5.5,1.5
1783009306118,2026-07-02 18:21:46.118,C3:00:00:63:4D:07,-65,127,1.5,5.5,1.5
1783009306131,2026-07-02 18:21:46.131,C3:00:00:63:4D:05,-65,127,1.5,5.5,1.5
1783009306137,2026-07-02 18:21:46.137,C3:00:00:63:4D:0D,-50,127,1.5,5.5,1.5
1783009306146,2026-07-02 18:21:46.146,C3:00:00:63:4D:04,-62,127,1.5,5.5,1.5
1783009306150,2026-07-02 18:21:46.150,C3:00:00:63:4D:09,-59,127,1.5,5.5,1.5
1783009306158,2026-07-02 18:21:46.158,C3:00:00:63:4D:08,-50,127,1.5,5.5,1.5
1783009306231,2026-07-02 18:21:46.231,C3:00:00:63:4D:0A,-75,127,1.5,5.5,1.5
1783009306238,2026-07-02 18:21:46.238,C3:00:00:63:4D:0D,-54,127,1.5,5.5,1.5
1783009306250,2026-07-02 18:21:46.250,C3:00:00:63:4D:04,-65,127,1.5,5.5,1.5
1783009306263,2026-07-02 18:21:46.263,C3:00:00:63:4D:09,-54,127,1.5,5.5,1.5
1783009306269,2026-07-02 18:21:46.269,C3:00:00:63:4D:08,-48,127,1.5,5.5,1.5
1783009306273,2026-07-02 18:21:46.273,C3:00:00:63:4C:D2,-59,127,1.5,5.5,1.5
1783009306286,2026-07-02 18:21:46.286,C3:00:00:63:4D:0D,-54,127,1.5,5.5,1.5
1783009306305,2026-07-02 18:21:46.305,C3:00:00:63:4D:0A,-63,127,1.5,5.5,1.5
1783009306346,2026-07-02 18:21:46.346,C3:00:00:63:4D:0D,-52,127,1.5,5.5,1.5
1783009306368,2026-07-02 18:21:46.368,C3:00:00:63:4D:04,-66,127,1.5,5.5,1.5
1783009306374,2026-07-02 18:21:46.374,C3:00:00:63:4D:08,-47,127,1.5,5.5,1.5
1783009306381,2026-07-02 18:21:46.381,C3:00:00:63:4D:09,-55,127,1.5,5.5,1.5
1783009306393,2026-07-02 18:21:46.393,C3:00:00:63:4D:05,-58,127,1.5,5.5,1.5
1783009306397,2026-07-02 18:21:46.397,C3:00:00:63:4C:D2,-61,127,1.5,5.5,1.5
1783009306422,2026-07-02 18:21:46.422,C3:00:00:63:4D:0A,-64,127,1.5,5.5,1.5
1783009306450,2026-07-02 18:21:46.450,C3:00:00:63:4D:0D,-53,127,1.5,5.5,1.5
1783009306472,2026-07-02 18:21:46.472,C3:00:00:63:4D:04,-62,127,1.5,5.5,1.5
1783009306491,2026-07-02 18:21:46.491,C3:00:00:63:4D:08,-50,127,1.5,5.5,1.5
1783009306530,2026-07-02 18:21:46.530,C3:00:00:63:4D:0A,-67,127,1.5,5.5,1.5
1783009306547,2026-07-02 18:21:46.547,C3:00:00:63:4D:0D,-54,127,1.5,5.5,1.5
1783009306572,2026-07-02 18:21:46.572,C3:00:00:63:4D:07,-56,127,1.5,5.5,1.5
1783009306602,2026-07-02 18:21:46.602,C3:00:00:63:4D:09,-55,127,1.5,5.5,1.5
1783009306612,2026-07-02 18:21:46.612,C3:00:00:63:4D:07,-54,127,1.5,5.5,1.5
1783009306617,2026-07-02 18:21:46.617,C3:00:00:63:4D:05,-58,127,1.5,5.5,1.5
1783009306624,2026-07-02 18:21:46.624,C3:00:00:63:4C:D2,-61,127,1.5,5.5,1.5
1783009306657,2026-07-02 18:21:46.657,C3:00:00:63:4D:0D,-52,127,1.5,5.5,1.5
1783009306684,2026-07-02 18:21:46.684,C3:00:00:63:4D:04,-67,127,1.5,5.5,1.5
1783009306698,2026-07-02 18:21:46.698,C3:00:00:63:4D:07,-60,127,1.5,5.5,1.5
1783009306707,2026-07-02 18:21:46.707,C3:00:00:63:4D:08,-50,127,1.5,5.5,1.5
1783009306731,2026-07-02 18:21:46.731,C3:00:00:63:4D:07,-59,127,1.5,5.5,1.5
1783009306736,2026-07-02 18:21:46.736,C3:00:00:63:4D:05,-65,127,1.5,5.5,1.5
1783009306742,2026-07-02 18:21:46.742,C3:00:00:63:4C:D2,-62,127,1.5,5.5,1.5
1783009306758,2026-07-02 18:21:46.758,C3:00:00:63:4C:D2,-62,127,1.5,5.5,1.5
1783009306761,2026-07-02 18:21:46.761,C3:00:00:63:4D:0D,-52,127,1.5,5.5,1.5
1783009306814,2026-07-02 18:21:46.814,C3:00:00:63:4D:08,-49,127,1.5,5.5,1.5
1783009306837,2026-07-02 18:21:46.837,C3:00:00:63:4D:09,-54,127,1.5,5.5,1.5
1783009306844,2026-07-02 18:21:46.844,C3:00:00:63:4D:07,-56,127,1.5,5.5,1.5
1783009306847,2026-07-02 18:21:46.847,C3:00:00:63:4D:05,-56,127,1.5,5.5,1.5
1783009306863,2026-07-02 18:21:46.863,C3:00:00:63:4D:0A,-67,127,1.5,5.5,1.5
1783009306872,2026-07-02 18:21:46.872,C3:00:00:63:4D:0D,-54,127,1.5,5.5,1.5
1783009306893,2026-07-02 18:21:46.893,C3:00:00:63:4D:08,-47,127,1.5,5.5,1.5
1783009306911,2026-07-02 18:21:46.911,C3:00:00:63:4D:04,-67,127,1.5,5.5,1.5
1783009306917,2026-07-02 18:21:46.917,C3:00:00:63:4D:08,-55,127,1.5,5.5,1.5
1783009306930,2026-07-02 18:21:46.930,C3:00:00:63:4D:08,-47,127,1.5,5.5,1.5
1783009306948,2026-07-02 18:21:46.948,C3:00:00:63:4D:09,-55,127,1.5,5.5,1.5
1783009306954,2026-07-02 18:21:46.954,C3:00:00:63:4D:07,-54,127,1.5,5.5,1.5
1783009306962,2026-07-02 18:21:46.962,C3:00:00:63:4D:05,-59,127,1.5,5.5,1.5
1783009306964,2026-07-02 18:21:46.964,C3:00:00:63:4C:D2,-61,127,1.5,5.5,1.5
1783009306973,2026-07-02 18:21:46.973,C3:00:00:63:4D:0D,-52,127,1.5,5.5,1.5
1783009306979,2026-07-02 18:21:46.979,C3:00:00:63:4D:0A,-63,127,1.5,5.5,1.5
1783009307000,2026-07-02 18:21:47.000,C3:00:00:63:4D:09,-60,127,1.5,5.5,1.5
1783009307013,2026-07-02 18:21:47.013,C3:00:00:63:4D:04,-62,127,1.5,5.5,1.5
1783009307037,2026-07-02 18:21:47.037,C3:00:00:63:4D:08,-50,127,1.5,5.5,1.5
1783009307043,2026-07-02 18:21:47.043,C3:00:00:63:4D:09,-60,127,1.5,5.5,1.5
1783009307071,2026-07-02 18:21:47.071,C3:00:00:63:4C:D2,-62,127,1.5,5.5,1.5
1783009307082,2026-07-02 18:21:47.082,C3:00:00:63:4D:09,-58,127,1.5,5.5,1.5
1783009307084,2026-07-02 18:21:47.084,C3:00:00:63:4D:05,-65,127,1.5,5.5,1.5
1783009307085,2026-07-02 18:21:47.085,C3:00:00:63:4D:07,-58,127,1.5,5.5,1.5
1783009307089,2026-07-02 18:21:47.089,C3:00:00:63:4C:D2,-61,127,1.5,5.5,1.5
1783009307090,2026-07-02 18:21:47.090,C3:00:00:63:4D:0D,-50,127,1.5,5.5,1.5
1783009307092,2026-07-02 18:21:47.092,C3:00:00:63:4D:0A,-66,127,1.5,5.5,1.5
1783009307114,2026-07-02 18:21:47.114,C3:00:00:63:4D:04,-65,127,1.5,5.5,1.5
1783009307142,2026-07-02 18:21:47.142,C3:00:00:63:4D:08,-49,127,1.5,5.5,1.5
1783009307174,2026-07-02 18:21:47.174,C3:00:00:63:4D:09,-54,127,1.5,5.5,1.5
1783009307184,2026-07-02 18:21:47.184,C3:00:00:63:4D:0D,-56,127,1.5,5.5,1.5
1783009307195,2026-07-02 18:21:47.195,C3:00:00:63:4D:07,-56,127,1.5,5.5,1.5
1783009307212,2026-07-02 18:21:47.212,C3:00:00:63:4D:05,-58,127,1.5,5.5,1.5
1783009307221,2026-07-02 18:21:47.221,C3:00:00:63:4D:0A,-63,127,1.5,5.5,1.5
1783009307228,2026-07-02 18:21:47.228,C3:00:00:63:4D:04,-64,127,1.5,5.5,1.5
1783009307251,2026-07-02 18:21:47.251,C3:00:00:63:4D:08,-46,127,1.5,5.5,1.5
1783009307287,2026-07-02 18:21:47.287,C3:00:00:63:4D:0D,-51,127,1.5,5.5,1.5
1783009307292,2026-07-02 18:21:47.292,C3:00:00:63:4D:09,-54,127,1.5,5.5,1.5
1783009307296,2026-07-02 18:21:47.296,C3:00:00:63:4D:0A,-65,127,1.5,5.5,1.5
1783009307305,2026-07-02 18:21:47.305,C3:00:00:63:4C:D2,-61,127,1.5,5.5,1.5
1783009307313,2026-07-02 18:21:47.313,C3:00:00:63:4D:07,-57,127,1.5,5.5,1.5
1783009307328,2026-07-02 18:21:47.328,C3:00:00:63:4D:0A,-64,127,1.5,5.5,1.5
1783009307341,2026-07-02 18:21:47.341,C3:00:00:63:4D:04,-62,127,1.5,5.5,1.5
1783009307347,2026-07-02 18:21:47.347,C3:00:00:63:4D:07,-57,127,1.5,5.5,1.5
1783009307357,2026-07-02 18:21:47.357,C3:00:00:63:4D:0A,-65,127,1.5,5.5,1.5
1783009307369,2026-07-02 18:21:47.369,C3:00:00:63:4D:08,-48,127,1.5,5.5,1.5
1783009307391,2026-07-02 18:21:47.391,C3:00:00:63:4D:0D,-50,127,1.5,5.5,1.5
1783009307412,2026-07-02 18:21:47.412,C3:00:00:63:4D:09,-54,127,1.5,5.5,1.5
1783009307418,2026-07-02 18:21:47.418,C3:00:00:63:4C:D2,-61,127,1.5,5.5,1.5
1783009307423,2026-07-02 18:21:47.423,C3:00:00:63:4D:07,-56,127,1.5,5.5,1.5
1783009307428,2026-07-02 18:21:47.428,C3:00:00:63:4D:05,-56,127,1.5,5.5,1.5
1783009307431,2026-07-02 18:21:47.431,C3:00:00:63:4D:0A,-67,127,1.5,5.5,1.5
1783009307447,2026-07-02 18:21:47.447,C3:00:00:63:4D:04,-65,127,1.5,5.5,1.5
1783009307457,2026-07-02 18:21:47.457,C3:00:00:63:4D:05,-56,127,1.5,5.5,1.5
1783009307465,2026-07-02 18:21:47.465,C3:00:00:63:4D:08,-48,127,1.5,5.5,1.5
1783009307491,2026-07-02 18:21:47.491,C3:00:00:63:4D:0D,-54,127,1.5,5.5,1.5
1783009307519,2026-07-02 18:21:47.519,C3:00:00:63:4D:09,-55,127,1.5,5.5,1.5
1783009307532,2026-07-02 18:21:47.532,C3:00:00:63:4D:04,-68,127,1.5,5.5,1.5
1783009307539,2026-07-02 18:21:47.539,C3:00:00:63:4D:07,-54,127,1.5,5.5,1.5
1783009307546,2026-07-02 18:21:47.546,C3:00:00:63:4D:05,-59,127,1.5,5.5,1.5
1783009307548,2026-07-02 18:21:47.548,C3:00:00:63:4C:D2,-61,127,1.5,5.5,1.5
1783009307550,2026-07-02 18:21:47.550,C3:00:00:63:4D:04,-67,127,1.5,5.5,1.5
1783009307551,2026-07-02 18:21:47.551,C3:00:00:63:4D:0A,-63,127,1.5,5.5,1.5
1783009307567,2026-07-02 18:21:47.567,C3:00:00:63:4D:04,-67,127,1.5,5.5,1.5
1783009307572,2026-07-02 18:21:47.572,C3:00:00:63:4D:08,-47,127,1.5,5.5,1.5
1783009307592,2026-07-02 18:21:47.592,C3:00:00:63:4D:08,-50,127,1.5,5.5,1.5
1783009307605,2026-07-02 18:21:47.605,C3:00:00:63:4D:0D,-53,127,1.5,5.5,1.5
1783009307634,2026-07-02 18:21:47.634,C3:00:00:63:4D:09,-60,127,1.5,5.5,1.5
1783009307648,2026-07-02 18:21:47.648,C3:00:00:63:4D:07,-59,127,1.5,5.5,1.5
1783009307660,2026-07-02 18:21:47.660,C3:00:00:63:4D:05,-65,127,1.5,5.5,1.5
1783009307662,2026-07-02 18:21:47.662,C3:00:00:63:4C:D2,-62,127,1.5,5.5,1.5
1783009307671,2026-07-02 18:21:47.671,C3:00:00:63:4D:04,-62,127,1.5,5.5,1.5
1783009307685,2026-07-02 18:21:47.685,C3:00:00:63:4D:08,-50,127,1.5,5.5,1.5
1783009307709,2026-07-02 18:21:47.709,C3:00:00:63:4D:0D,-54,127,1.5,5.5,1.5
1783009307731,2026-07-02 18:21:47.731,C3:00:00:63:4D:04,-72,127,1.5,5.5,1.5
1783009307750,2026-07-02 18:21:47.750,C3:00:00:63:4D:09,-53,127,1.5,5.5,1.5
1783009307767,2026-07-02 18:21:47.767,C3:00:00:63:4D:05,-56,127,1.5,5.5,1.5
1783009307771,2026-07-02 18:21:47.771,C3:00:00:63:4C:D2,-59,127,1.5,5.5,1.5
1783009307775,2026-07-02 18:21:47.775,C3:00:00:63:4D:0A,-67,127,1.5,5.5,1.5
1783009307777,2026-07-02 18:21:47.777,C3:00:00:63:4D:04,-65,127,1.5,5.5,1.5
1783009307792,2026-07-02 18:21:47.792,C3:00:00:63:4D:08,-47,127,1.5,5.5,1.5
1783009307818,2026-07-02 18:21:47.818,C3:00:00:63:4D:0D,-52,127,1.5,5.5,1.5
1783009307885,2026-07-02 18:21:47.885,C3:00:00:63:4D:05,-58,127,1.5,5.5,1.5
1783009307890,2026-07-02 18:21:47.890,C3:00:00:63:4D:04,-67,127,1.5,5.5,1.5
1783009307895,2026-07-02 18:21:47.895,C3:00:00:63:4D:0A,-63,127,1.5,5.5,1.5
1783009307904,2026-07-02 18:21:47.904,C3:00:00:63:4C:D2,-62,127,1.5,5.5,1.5
1783009307910,2026-07-02 18:21:47.910,C3:00:00:63:4D:09,-60,127,1.5,5.5,1.5
1783009307923,2026-07-02 18:21:47.923,C3:00:00:63:4D:08,-50,127,1.5,5.5,1.5
1783009307925,2026-07-02 18:21:47.925,C3:00:00:63:4D:0D,-53,127,1.5,5.5,1.5
1783009307973,2026-07-02 18:21:47.973,C3:00:00:63:4D:09,-60,127,1.5,5.5,1.5
1783009307998,2026-07-02 18:21:47.998,C3:00:00:63:4D:05,-56,127,1.5,5.5,1.5
1783009308013,2026-07-02 18:21:48.013,C3:00:00:63:4D:08,-48,127,1.5,5.5,1.5
1783009308016,2026-07-02 18:21:48.016,C3:00:00:63:4D:0D,-54,127,1.5,5.5,1.5
1783009308093,2026-07-02 18:21:48.093,C3:00:00:63:4D:09,-53,127,1.5,5.5,1.5
1783009308121,2026-07-02 18:21:48.121,C3:00:00:63:4D:04,-64,127,1.5,5.5,1.5
1783009308124,2026-07-02 18:21:48.124,C3:00:00:63:4D:0A,-63,127,1.5,5.5,1.5
1783009308127,2026-07-02 18:21:48.127,C3:00:00:63:4D:08,-46,127,1.5,5.5,1.5
1783009308131,2026-07-02 18:21:48.131,C3:00:00:63:4D:0D,-51,127,1.5,5.5,1.5
1783009308187,2026-07-02 18:21:48.187,C3:00:00:63:4D:05,-66,127,1.5,5.5,1.5
1783009308217,2026-07-02 18:21:48.217,C3:00:00:63:4D:09,-58,127,1.5,5.5,1.5
1783009308223,2026-07-02 18:21:48.223,C3:00:00:63:4D:04,-62,127,1.5,5.5,1.5
1783009308231,2026-07-02 18:21:48.231,C3:00:00:63:4C:D2,-61,127,1.5,5.5,1.5
1783009308234,2026-07-02 18:21:48.234,C3:00:00:63:4D:08,-48,127,1.5,5.5,1.5
1783009308236,2026-07-02 18:21:48.236,C3:00:00:63:4D:0D,-50,127,1.5,5.5,1.5
1783009308273,2026-07-02 18:21:48.273,C3:00:00:63:4D:0A,-64,127,1.5,5.5,1.5
1783009308320,2026-07-02 18:21:48.320,C3:00:00:63:4D:09,-54,127,1.5,5.5,1.5
1783009308344,2026-07-02 18:21:48.344,C3:00:00:63:4D:0A,-65,127,1.5,5.5,1.5
1783009308351,2026-07-02 18:21:48.351,C3:00:00:63:4D:05,-57,127,1.5,5.5,1.5
1783009308417,2026-07-02 18:21:48.417,C3:00:00:63:4C:D2,-68,127,1.5,5.5,1.5
1783009308442,2026-07-02 18:21:48.442,C3:00:00:63:4D:09,-54,127,1.5,5.5,1.5
1783009308444,2026-07-02 18:21:48.444,C3:00:00:63:4D:04,-64,127,1.5,5.5,1.5
1783009308451,2026-07-02 18:21:48.451,C3:00:00:63:4D:0D,-51,127,1.5,5.5,1.5
1783009308457,2026-07-02 18:21:48.457,C3:00:00:63:4D:08,-45,127,1.5,5.5,1.5
1783009308460,2026-07-02 18:21:48.460,C3:00:00:63:4D:05,-59,127,1.5,5.5,1.5
1783009308461,2026-07-02 18:21:48.461,C3:00:00:63:4D:07,-53,127,1.5,5.5,1.5
1783009308463,2026-07-02 18:21:48.463,C3:00:00:63:4C:D2,-61,127,1.5,5.5,1.5
1783009308538,2026-07-02 18:21:48.538,C3:00:00:63:4D:04,-62,127,1.5,5.5,1.5
1783009308555,2026-07-02 18:21:48.555,C3:00:00:63:4D:0D,-50,127,1.5,5.5,1.5
1783009308557,2026-07-02 18:21:48.557,C3:00:00:63:4D:08,-48,127,1.5,5.5,1.5
1783009308562,2026-07-02 18:21:48.562,C3:00:00:63:4D:07,-56,127,1.5,5.5,1.5
1783009308572,2026-07-02 18:21:48.572,C3:00:00:63:4C:D2,-61,127,1.5,5.5,1.5
1783009308594,2026-07-02 18:21:48.594,C3:00:00:63:4D:07,-56,127,1.5,5.5,1.5
1783009308646,2026-07-02 18:21:48.646,C3:00:00:63:4D:04,-63,127,1.5,5.5,1.5
1783009308652,2026-07-02 18:21:48.652,C3:00:00:63:4D:08,-49,127,1.5,5.5,1.5
1783009308657,2026-07-02 18:21:48.657,C3:00:00:63:4D:0D,-56,127,1.5,5.5,1.5
1783009308665,2026-07-02 18:21:48.665,C3:00:00:63:4D:09,-54,127,1.5,5.5,1.5
1783009308681,2026-07-02 18:21:48.681,C3:00:00:63:4D:07,-56,127,1.5,5.5,1.5
1783009308688,2026-07-02 18:21:48.688,C3:00:00:63:4D:05,-57,127,1.5,5.5,1.5
1783009308753,2026-07-02 18:21:48.753,C3:00:00:63:4D:0D,-52,127,1.5,5.5,1.5
1783009308759,2026-07-02 18:21:48.759,C3:00:00:63:4D:04,-67,127,1.5,5.5,1.5
1783009308782,2026-07-02 18:21:48.782,C3:00:00:63:4D:09,-55,127,1.5,5.5,1.5
1783009308787,2026-07-02 18:21:48.787,C3:00:00:63:4D:08,-47,127,1.5,5.5,1.5
1783009308793,2026-07-02 18:21:48.793,C3:00:00:63:4D:0A,-64,127,1.5,5.5,1.5
1783009308804,2026-07-02 18:21:48.804,C3:00:00:63:4C:D2,-62,127,1.5,5.5,1.5
1783009308807,2026-07-02 18:21:48.807,C3:00:00:63:4D:0D,-53,127,1.5,5.5,1.5
1783009308862,2026-07-02 18:21:48.862,C3:00:00:63:4D:0D,-53,127,1.5,5.5,1.5
1783009308867,2026-07-02 18:21:48.867,C3:00:00:63:4D:04,-62,127,1.5,5.5,1.5
1783009308882,2026-07-02 18:21:48.882,C3:00:00:63:4D:08,-50,127,1.5,5.5,1.5
1783009308886,2026-07-02 18:21:48.886,C3:00:00:63:4D:09,-60,127,1.5,5.5,1.5
1783009308897,2026-07-02 18:21:48.897,C3:00:00:63:4D:0A,-67,127,1.5,5.5,1.5
1783009308914,2026-07-02 18:21:48.914,C3:00:00:63:4D:05,-56,127,1.5,5.5,1.5
1783009308919,2026-07-02 18:21:48.919,C3:00:00:63:4D:07,-56,127,1.5,5.5,1.5
1783009308922,2026-07-02 18:21:48.922,C3:00:00:63:4C:D2,-59,127,1.5,5.5,1.5
1783009308966,2026-07-02 18:21:48.966,C3:00:00:63:4D:0D,-54,127,1.5,5.5,1.5
1783009308972,2026-07-02 18:21:48.972,C3:00:00:63:4D:04,-65,127,1.5,5.5,1.5
1783009308995,2026-07-02 18:21:48.995,C3:00:00:63:4D:09,-56,127,1.5,5.5,1.5
1783009309003,2026-07-02 18:21:49.003,C3:00:00:63:4D:08,-47,127,1.5,5.5,1.5
1783009309029,2026-07-02 18:21:49.029,C3:00:00:63:4D:07,-53,127,1.5,5.5,1.5
1783009309037,2026-07-02 18:21:49.037,C3:00:00:63:4C:D2,-61,127,1.5,5.5,1.5
1783009309039,2026-07-02 18:21:49.039,C3:00:00:63:4D:09,-55,127,1.5,5.5,1.5
1783009309065,2026-07-02 18:21:49.065,C3:00:00:63:4C:D2,-61,127,1.5,5.5,1.5
1783009309069,2026-07-02 18:21:49.069,C3:00:00:63:4D:0D,-52,127,1.5,5.5,1.5
1783009309083,2026-07-02 18:21:49.083,C3:00:00:63:4D:04,-66,127,1.5,5.5,1.5
1783009309106,2026-07-02 18:21:49.106,C3:00:00:63:4D:08,-50,127,1.5,5.5,1.5
1783009309119,2026-07-02 18:21:49.119,C3:00:00:63:4D:09,-60,127,1.5,5.5,1.5
1783009309136,2026-07-02 18:21:49.136,C3:00:00:63:4D:0A,-64,127,1.5,5.5,1.5
1783009309177,2026-07-02 18:21:49.177,C3:00:00:63:4D:0D,-53,127,1.5,5.5,1.5
1783009309182,2026-07-02 18:21:49.182,C3:00:00:63:4D:05,-65,127,1.5,5.5,1.5
1783009309198,2026-07-02 18:21:49.198,C3:00:00:63:4D:04,-65,127,1.5,5.5,1.5
1783009309214,2026-07-02 18:21:49.214,C3:00:00:63:4D:08,-48,127,1.5,5.5,1.5
1783009309226,2026-07-02 18:21:49.226,C3:00:00:63:4D:09,-54,127,1.5,5.5,1.5
1783009309244,2026-07-02 18:21:49.244,C3:00:00:63:4D:0A,-67,127,1.5,5.5,1.5
1783009309260,2026-07-02 18:21:49.260,C3:00:00:63:4D:07,-56,127,1.5,5.5,1.5
1783009309263,2026-07-02 18:21:49.263,C3:00:00:63:4D:05,-56,127,1.5,5.5,1.5
1783009309269,2026-07-02 18:21:49.269,C3:00:00:63:4C:D2,-59,127,1.5,5.5,1.5
1783009309283,2026-07-02 18:21:49.283,C3:00:00:63:4D:0D,-54,127,1.5,5.5,1.5
1783009309293,2026-07-02 18:21:49.293,C3:00:00:63:4D:0A,-63,127,1.5,5.5,1.5
1783009309302,2026-07-02 18:21:49.302,C3:00:00:63:4D:04,-66,127,1.5,5.5,1.5
1783009309320,2026-07-02 18:21:49.320,C3:00:00:63:4D:08,-47,127,1.5,5.5,1.5
1783009309347,2026-07-02 18:21:49.347,C3:00:00:63:4D:09,-55,127,1.5,5.5,1.5
1783009309353,2026-07-02 18:21:49.353,C3:00:00:63:4D:0A,-63,127,1.5,5.5,1.5
1783009309361,2026-07-02 18:21:49.361,C3:00:00:63:4D:07,-54,127,1.5,5.5,1.5
1783009309380,2026-07-02 18:21:49.380,C3:00:00:63:4D:05,-58,127,1.5,5.5,1.5
1783009309385,2026-07-02 18:21:49.385,C3:00:00:63:4D:07,-54,127,1.5,5.5,1.5
1783009309390,2026-07-02 18:21:49.390,C3:00:00:63:4D:0D,-52,127,1.5,5.5,1.5
1783009309414,2026-07-02 18:21:49.414,C3:00:00:63:4D:04,-62,127,1.5,5.5,1.5
1783009309463,2026-07-02 18:21:49.463,C3:00:00:63:4D:09,-60,127,1.5,5.5,1.5
1783009309470,2026-07-02 18:21:49.470,C3:00:00:63:4D:0A,-64,127,1.5,5.5,1.5
1783009309477,2026-07-02 18:21:49.477,C3:00:00:63:4D:05,-65,127,1.5,5.5,1.5
1783009309494,2026-07-02 18:21:49.494,C3:00:00:63:4D:05,-65,127,1.5,5.5,1.5
1783009309496,2026-07-02 18:21:49.496,C3:00:00:63:4D:0D,-54,127,1.5,5.5,1.5
1783009309524,2026-07-02 18:21:49.524,C3:00:00:63:4D:04,-65,127,1.5,5.5,1.5
1783009309536,2026-07-02 18:21:49.536,C3:00:00:63:4D:08,-48,127,1.5,5.5,1.5
1783009309572,2026-07-02 18:21:49.572,C3:00:00:63:4D:04,-63,127,1.5,5.5,1.5
1783009309602,2026-07-02 18:21:49.602,C3:00:00:63:4D:08,-49,127,1.5,5.5,1.5
1783009309611,2026-07-02 18:21:49.611,C3:00:00:63:4D:0D,-51,127,1.5,5.5,1.5
1783009309615,2026-07-02 18:21:49.615,C3:00:00:63:4D:05,-59,127,1.5,5.5,1.5
1783009309616,2026-07-02 18:21:49.616,C3:00:00:63:4D:07,-53,127,1.5,5.5,1.5
1783009309620,2026-07-02 18:21:49.620,C3:00:00:63:4C:D2,-61,127,1.5,5.5,1.5
1783009309624,2026-07-02 18:21:49.624,C3:00:00:63:4D:04,-64,127,1.5,5.5,1.5
1783009309647,2026-07-02 18:21:49.647,C3:00:00:63:4D:08,-46,127,1.5,5.5,1.5
1783009309684,2026-07-02 18:21:49.684,C3:00:00:63:4D:09,-55,127,1.5,5.5,1.5
1783009309711,2026-07-02 18:21:49.711,C3:00:00:63:4D:0A,-64,127,1.5,5.5,1.5
1783009309716,2026-07-02 18:21:49.716,C3:00:00:63:4D:0D,-50,127,1.5,5.5,1.5
1783009309722,2026-07-02 18:21:49.722,C3:00:00:63:4D:07,-59,127,1.5,5.5,1.5
1783009309728,2026-07-02 18:21:49.728,C3:00:00:63:4D:05,-65,127,1.5,5.5,1.5
1783009309743,2026-07-02 18:21:49.743,C3:00:00:63:4D:04,-62,127,1.5,5.5,1.5
1783009309753,2026-07-02 18:21:49.753,C3:00:00:63:4D:08,-50,127,1.5,5.5,1.5
1783009309803,2026-07-02 18:21:49.803,C3:00:00:63:4D:09,-53,127,1.5,5.5,1.5
1783009309831,2026-07-02 18:21:49.831,C3:00:00:63:4D:07,-56,127,1.5,5.5,1.5
1783009309838,2026-07-02 18:21:49.838,C3:00:00:63:4D:05,-56,127,1.5,5.5,1.5
1783009309845,2026-07-02 18:21:49.845,C3:00:00:63:4C:D2,-59,127,1.5,5.5,1.5
1783009309859,2026-07-02 18:21:49.859,C3:00:00:63:4D:04,-65,127,1.5,5.5,1.5
1783009309887,2026-07-02 18:21:49.887,C3:00:00:63:4C:D2,-60,127,1.5,5.5,1.5
1783009309910,2026-07-02 18:21:49.910,C3:00:00:63:4D:0D,-52,127,1.5,5.5,1.5
1783009309918,2026-07-02 18:21:49.918,C3:00:00:63:4D:09,-55,127,1.5,5.5,1.5
1783009309921,2026-07-02 18:21:49.921,C3:00:00:63:4D:0A,-63,127,1.5,5.5,1.5
1783009309954,2026-07-02 18:21:49.954,C3:00:00:63:4D:04,-66,127,1.5,5.5,1.5
1783009309971,2026-07-02 18:21:49.971,C3:00:00:63:4D:08,-47,127,1.5,5.5,1.5
1783009310016,2026-07-02 18:21:50.016,C3:00:00:63:4D:0D,-53,127,1.5,5.5,1.5
1783009310024,2026-07-02 18:21:50.024,C3:00:00:63:4D:09,-68,127,1.5,5.5,1.5
1783009310030,2026-07-02 18:21:50.030,C3:00:00:63:4D:0A,-64,127,1.5,5.5,1.5
1783009310037,2026-07-02 18:21:50.037,C3:00:00:63:4D:0D,-61,127,1.5,5.5,1.5
1783009310046,2026-07-02 18:21:50.046,C3:00:00:63:4D:09,-60,127,1.5,5.5,1.5
1783009310083,2026-07-02 18:21:50.083,C3:00:00:63:4D:08,-50,127,1.5,5.5,1.5
1783009310118,2026-07-02 18:21:50.118,C3:00:00:63:4D:07,-63,127,1.5,5.5,1.5
1783009310126,2026-07-02 18:21:50.126,C3:00:00:63:4D:0D,-54,127,1.5,5.5,1.5
1783009310149,2026-07-02 18:21:50.149,C3:00:00:63:4D:09,-54,127,1.5,5.5,1.5
1783009310151,2026-07-02 18:21:50.151,C3:00:00:63:4D:0A,-67,127,1.5,5.5,1.5
1783009310157,2026-07-02 18:21:50.157,C3:00:00:63:4D:05,-56,127,1.5,5.5,1.5
1783009310171,2026-07-02 18:21:50.171,C3:00:00:63:4D:07,-57,127,1.5,5.5,1.5
1783009310197,2026-07-02 18:21:50.197,C3:00:00:63:4D:08,-47,127,1.5,5.5,1.5
1783009310230,2026-07-02 18:21:50.230,C3:00:00:63:4D:0D,-52,127,1.5,5.5,1.5
1783009310237,2026-07-02 18:21:50.237,C3:00:00:63:4D:0A,-70,127,1.5,5.5,1.5
1783009310286,2026-07-02 18:21:50.286,C3:00:00:63:4D:04,-66,127,1.5,5.5,1.5
1783009310292,2026-07-02 18:21:50.292,C3:00:00:63:4D:07,-54,127,1.5,5.5,1.5
1783009310295,2026-07-02 18:21:50.295,C3:00:00:63:4D:05,-64,127,1.5,5.5,1.5
1783009310304,2026-07-02 18:21:50.304,C3:00:00:63:4C:D2,-62,127,1.5,5.5,1.5
1783009310307,2026-07-02 18:21:50.307,C3:00:00:63:4D:0D,-53,127,1.5,5.5,1.5
1783009310311,2026-07-02 18:21:50.311,C3:00:00:63:4D:08,-50,127,1.5,5.5,1.5
1783009310336,2026-07-02 18:21:50.336,C3:00:00:63:4D:0D,-53,127,1.5,5.5,1.5
1783009310373,2026-07-02 18:21:50.373,C3:00:00:63:4D:09,-60,127,1.5,5.5,1.5
1783009310376,2026-07-02 18:21:50.376,C3:00:00:63:4D:0A,-64,127,1.5,5.5,1.5
1783009310401,2026-07-02 18:21:50.401,C3:00:00:63:4D:04,-65,127,1.5,5.5,1.5
1783009310408,2026-07-02 18:21:50.408,C3:00:00:63:4D:07,-56,127,1.5,5.5,1.5
1783009310418,2026-07-02 18:21:50.418,C3:00:00:63:4D:05,-56,127,1.5,5.5,1.5
1783009310485,2026-07-02 18:21:50.485,C3:00:00:63:4D:0A,-65,127,1.5,5.5,1.5
1783009310490,2026-07-02 18:21:50.490,C3:00:00:63:4D:09,-53,127,1.5,5.5,1.5
1783009310509,2026-07-02 18:21:50.509,C3:00:00:63:4D:04,-64,127,1.5,5.5,1.5
1783009310523,2026-07-02 18:21:50.523,C3:00:00:63:4D:07,-53,127,1.5,5.5,1.5
1783009310527,2026-07-02 18:21:50.527,C3:00:00:63:4D:08,-46,127,1.5,5.5,1.5
1783009310535,2026-07-02 18:21:50.535,C3:00:00:63:4D:05,-59,127,1.5,5.5,1.5
1783009310539,2026-07-02 18:21:50.539,C3:00:00:63:4D:0D,-51,127,1.5,5.5,1.5
1783009310607,2026-07-02 18:21:50.607,C3:00:00:63:4D:07,-58,127,1.5,5.5,1.5
1783009310613,2026-07-02 18:21:50.613,C3:00:00:63:4D:04,-62,127,1.5,5.5,1.5
1783009310632,2026-07-02 18:21:50.632,C3:00:00:63:4D:08,-50,127,1.5,5.5,1.5
1783009310636,2026-07-02 18:21:50.636,C3:00:00:63:4D:07,-59,127,1.5,5.5,1.5
1783009310642,2026-07-02 18:21:50.642,C3:00:00:63:4D:05,-65,127,1.5,5.5,1.5
1783009310644,2026-07-02 18:21:50.644,C3:00:00:63:4D:0D,-53,127,1.5,5.5,1.5
1783009310645,2026-07-02 18:21:50.645,C3:00:00:63:4C:D2,-62,127,1.5,5.5,1.5
1783009310656,2026-07-02 18:21:50.656,C3:00:00:63:4D:08,-48,127,1.5,5.5,1.5
1783009310710,2026-07-02 18:21:50.710,C3:00:00:63:4D:09,-54,127,1.5,5.5,1.5
1783009310714,2026-07-02 18:21:50.714,C3:00:00:63:4D:0A,-65,127,1.5,5.5,1.5
1783009310719,2026-07-02 18:21:50.719,C3:00:00:63:4D:07,-56,127,1.5,5.5,1.5
1783009310725,2026-07-02 18:21:50.725,C3:00:00:63:4D:04,-63,127,1.5,5.5,1.5
1783009310734,2026-07-02 18:21:50.734,C3:00:00:63:4D:08,-49,127,1.5,5.5,1.5
1783009310747,2026-07-02 18:21:50.747,C3:00:00:63:4D:07,-56,127,1.5,5.5,1.5
1783009310751,2026-07-02 18:21:50.751,C3:00:00:63:4C:D2,-61,127,1.5,5.5,1.5
1783009310758,2026-07-02 18:21:50.758,C3:00:00:63:4D:05,-57,127,1.5,5.5,1.5
1783009310774,2026-07-02 18:21:50.774,C3:00:00:63:4C:D2,-61,127,1.5,5.5,1.5
1783009310819,2026-07-02 18:21:50.819,C3:00:00:63:4D:0D,-51,127,1.5,5.5,1.5
1783009310824,2026-07-02 18:21:50.824,C3:00:00:63:4D:04,-64,127,1.5,5.5,1.5
1783009310829,2026-07-02 18:21:50.829,C3:00:00:63:4D:09,-53,127,1.5,5.5,1.5
1783009310856,2026-07-02 18:21:50.856,C3:00:00:63:4D:08,-46,127,1.5,5.5,1.5
1783009310860,2026-07-02 18:21:50.860,C3:00:00:63:4D:0D,-51,127,1.5,5.5,1.5
1783009310867,2026-07-02 18:21:50.867,C3:00:00:63:4D:07,-53,127,1.5,5.5,1.5
1783009310882,2026-07-02 18:21:50.882,C3:00:00:63:4D:08,-46,127,1.5,5.5,1.5
1783009310906,2026-07-02 18:21:50.906,C3:00:00:63:4D:08,-56,127,1.5,5.5,1.5
1783009310938,2026-07-02 18:21:50.938,C3:00:00:63:4D:04,-62,127,1.5,5.5,1.5
1783009310942,2026-07-02 18:21:50.942,C3:00:00:63:4D:0A,-64,127,1.5,5.5,1.5
1783009310947,2026-07-02 18:21:50.947,C3:00:00:63:4D:09,-58,127,1.5,5.5,1.5
1783009310952,2026-07-02 18:21:50.952,C3:00:00:63:4D:08,-50,127,1.5,5.5,1.5
1783009310966,2026-07-02 18:21:50.966,C3:00:00:63:4D:0D,-53,127,1.5,5.5,1.5
1783009310986,2026-07-02 18:21:50.986,C3:00:00:63:4D:07,-59,127,1.5,5.5,1.5
1783009310988,2026-07-02 18:21:50.988,C3:00:00:63:4C:D2,-62,127,1.5,5.5,1.5
1783009310994,2026-07-02 18:21:50.994,C3:00:00:63:4D:09,-54,127,1.5,5.5,1.5
1783009311042,2026-07-02 18:21:51.042,C3:00:00:63:4D:04,-64,127,1.5,5.5,1.5
1783009311047,2026-07-02 18:21:51.047,C3:00:00:63:4D:0A,-67,127,1.5,5.5,1.5
1783009311064,2026-07-02 18:21:51.064,C3:00:00:63:4D:09,-53,127,1.5,5.5,1.5
1783009311069,2026-07-02 18:21:51.069,C3:00:00:63:4D:08,-49,127,1.5,5.5,1.5
1783009311074,2026-07-02 18:21:51.074,C3:00:00:63:4D:0D,-54,127,1.5,5.5,1.5
1783009311078,2026-07-02 18:21:51.078,C3:00:00:63:4C:D2,-60,127,1.5,5.5,1.5
1783009311080,2026-07-02 18:21:51.080,C3:00:00:63:4D:09,-54,127,1.5,5.5,1.5
1783009311094,2026-07-02 18:21:51.094,C3:00:00:63:4D:07,-54,127,1.5,5.5,1.5
1783009311102,2026-07-02 18:21:51.102,C3:00:00:63:4C:D2,-61,127,1.5,5.5,1.5
1783009311109,2026-07-02 18:21:51.109,C3:00:00:63:4D:05,-59,127,1.5,5.5,1.5
1783009311152,2026-07-02 18:21:51.152,C3:00:00:63:4D:04,-66,127,1.5,5.5,1.5
1783009311168,2026-07-02 18:21:51.168,C3:00:00:63:4D:0A,-62,127,1.5,5.5,1.5
1783009311172,2026-07-02 18:21:51.172,C3:00:00:63:4D:09,-55,127,1.5,5.5,1.5
1783009311178,2026-07-02 18:21:51.178,C3:00:00:63:4D:08,-47,127,1.5,5.5,1.5
1783009311189,2026-07-02 18:21:51.189,C3:00:00:63:4D:05,-59,127,1.5,5.5,1.5
1783009311208,2026-07-02 18:21:51.208,C3:00:00:63:4D:07,-59,127,1.5,5.5,1.5
1783009311267,2026-07-02 18:21:51.267,C3:00:00:63:4D:04,-62,127,1.5,5.5,1.5
1783009311304,2026-07-02 18:21:51.304,C3:00:00:63:4D:0A,-68,127,1.5,5.5,1.5
1783009311355,2026-07-02 18:21:51.355,C3:00:00:63:4D:0A,-67,127,1.5,5.5,1.5
1783009311368,2026-07-02 18:21:51.368,C3:00:00:63:4D:07,-56,127,1.5,5.5,1.5
1783009311438,2026-07-02 18:21:51.438,C3:00:00:63:4D:07,-53,127,1.5,5.5,1.5
1783009311444,2026-07-02 18:21:51.444,C3:00:00:63:4D:05,-59,127,1.5,5.5,1.5
1783009311451,2026-07-02 18:21:51.451,C3:00:00:63:4C:D2,-61,127,1.5,5.5,1.5
1783009311480,2026-07-02 18:21:51.480,C3:00:00:63:4D:05,-60,127,1.5,5.5,1.5
1783009311486,2026-07-02 18:21:51.486,C3:00:00:63:4D:0D,-52,127,1.5,5.5,1.5
1783009311498,2026-07-02 18:21:51.498,C3:00:00:63:4D:0A,-65,127,1.5,5.5,1.5
1783009311506,2026-07-02 18:21:51.506,C3:00:00:63:4D:08,-50,127,1.5,5.5,1.5
1783009311510,2026-07-02 18:21:51.510,C3:00:00:63:4D:09,-61,127,1.5,5.5,1.5
1783009311537,2026-07-02 18:21:51.537,C3:00:00:63:4D:04,-63,127,1.5,5.5,1.5
1783009311563,2026-07-02 18:21:51.563,C3:00:00:63:4D:04,-63,127,1.5,5.5,1.5
1783009311566,2026-07-02 18:21:51.566,C3:00:00:63:4C:D2,-63,127,1.5,5.5,1.5
1783009311572,2026-07-02 18:21:51.572,C3:00:00:63:4D:05,-65,127,1.5,5.5,1.5
1783009311611,2026-07-02 18:21:51.611,C3:00:00:63:4D:08,-49,127,1.5,5.5,1.5
1783009311628,2026-07-02 18:21:51.628,C3:00:00:63:4D:08,-48,127,1.5,5.5,1.5
1783009311693,2026-07-02 18:21:51.693,C3:00:00:63:4D:0D,-52,127,1.5,5.5,1.5
1783009311728,2026-07-02 18:21:51.728,C3:00:00:63:4D:0A,-63,127,1.5,5.5,1.5
1783009311736,2026-07-02 18:21:51.736,C3:00:00:63:4D:04,-74,127,1.5,5.5,1.5
1783009311787,2026-07-02 18:21:51.787,C3:00:00:63:4D:07,-53,127,1.5,5.5,1.5
1783009311792,2026-07-02 18:21:51.792,C3:00:00:63:4D:05,-59,127,1.5,5.5,1.5
1783009311802,2026-07-02 18:21:51.802,C3:00:00:63:4C:D2,-63,127,1.5,5.5,1.5
1783009311839,2026-07-02 18:21:51.839,C3:00:00:63:4D:0A,-65,127,1.5,5.5,1.5
1783009311852,2026-07-02 18:21:51.852,C3:00:00:63:4D:09,-61,127,1.5,5.5,1.5
1783009311894,2026-07-02 18:21:51.894,C3:00:00:63:4C:D2,-60,127,1.5,5.5,1.5
1783009311912,2026-07-02 18:21:51.912,C3:00:00:63:4D:0D,-54,127,1.5,5.5,1.5
1783009311917,2026-07-02 18:21:51.917,C3:00:00:63:4D:09,-54,127,1.5,5.5,1.5
1783009311919,2026-07-02 18:21:51.919,C3:00:00:63:4C:D2,-60,127,1.5,5.5,1.5
1783009311922,2026-07-02 18:21:51.922,C3:00:00:63:4D:04,-65,127,1.5,5.5,1.5
1783009311927,2026-07-02 18:21:51.927,C3:00:00:63:4D:08,-49,127,1.5,5.5,1.5
1783009312049,2026-07-02 18:21:52.049,C3:00:00:63:4D:08,-47,127,1.5,5.5,1.5
1783009312070,2026-07-02 18:21:52.070,C3:00:00:63:4D:0A,-63,127,1.5,5.5,1.5
1783009312086,2026-07-02 18:21:52.086,C3:00:00:63:4D:09,-55,127,1.5,5.5,1.5
1783009312118,2026-07-02 18:21:52.118,C3:00:00:63:4D:0D,-53,127,1.5,5.5,1.5
1783009312135,2026-07-02 18:21:52.135,C3:00:00:63:4D:07,-59,127,1.5,5.5,1.5
1783009312138,2026-07-02 18:21:52.138,C3:00:00:63:4D:05,-64,127,1.5,5.5,1.5
1783009312141,2026-07-02 18:21:52.141,C3:00:00:63:4C:D2,-63,127,1.5,5.5,1.5
1783009312147,2026-07-02 18:21:52.147,C3:00:00:63:4D:04,-62,127,1.5,5.5,1.5
1783009312155,2026-07-02 18:21:52.155,C3:00:00:63:4D:08,-50,127,1.5,5.5,1.5
1783009312183,2026-07-02 18:21:52.183,C3:00:00:63:4D:0A,-65,127,1.5,5.5,1.5
1783009312193,2026-07-02 18:21:52.193,C3:00:00:63:4D:05,-63,127,1.5,5.5,1.5
1783009312200,2026-07-02 18:21:52.200,C3:00:00:63:4D:09,-53,127,1.5,5.5,1.5
1783009312221,2026-07-02 18:21:52.221,C3:00:00:63:4D:0D,-54,127,1.5,5.5,1.5
1783009312245,2026-07-02 18:21:52.245,C3:00:00:63:4D:04,-65,127,1.5,5.5,1.5
1783009312251,2026-07-02 18:21:52.251,C3:00:00:63:4D:07,-56,127,1.5,5.5,1.5
1783009312270,2026-07-02 18:21:52.270,C3:00:00:63:4D:08,-48,127,1.5,5.5,1.5
1783009312275,2026-07-02 18:21:52.275,C3:00:00:63:4D:0A,-67,127,1.5,5.5,1.5
1783009312295,2026-07-02 18:21:52.295,C3:00:00:63:4D:0A,-63,127,1.5,5.5,1.5
1783009312306,2026-07-02 18:21:52.306,C3:00:00:63:4D:09,-55,127,1.5,5.5,1.5
1783009312308,2026-07-02 18:21:52.308,C3:00:00:63:4D:0D,-51,127,1.5,5.5,1.5
1783009312323,2026-07-02 18:21:52.323,C3:00:00:63:4D:0D,-51,127,1.5,5.5,1.5
1783009312351,2026-07-02 18:21:52.351,C3:00:00:63:4D:04,-65,127,1.5,5.5,1.5
1783009312357,2026-07-02 18:21:52.357,C3:00:00:63:4D:07,-54,127,1.5,5.5,1.5
1783009312374,2026-07-02 18:21:52.374,C3:00:00:63:4C:D2,-61,127,1.5,5.5,1.5
1783009312376,2026-07-02 18:21:52.376,C3:00:00:63:4D:05,-58,127,1.5,5.5,1.5
1783009312379,2026-07-02 18:21:52.379,C3:00:00:63:4D:08,-47,127,1.5,5.5,1.5
1783009312400,2026-07-02 18:21:52.400,C3:00:00:63:4D:0A,-65,127,1.5,5.5,1.5
1783009312423,2026-07-02 18:21:52.423,C3:00:00:63:4D:09,-60,127,1.5,5.5,1.5
1783009312434,2026-07-02 18:21:52.434,C3:00:00:63:4D:0D,-53,127,1.5,5.5,1.5
1783009312437,2026-07-02 18:21:52.437,C3:00:00:63:4C:D2,-71,127,1.5,5.5,1.5
1783009312462,2026-07-02 18:21:52.462,C3:00:00:63:4D:04,-62,127,1.5,5.5,1.5
1783009312480,2026-07-02 18:21:52.480,C3:00:00:63:4D:07,-59,127,1.5,5.5,1.5
1783009312487,2026-07-02 18:21:52.487,C3:00:00:63:4C:D2,-63,127,1.5,5.5,1.5
1783009312518,2026-07-02 18:21:52.518,C3:00:00:63:4D:0A,-67,127,1.5,5.5,1.5
1783009312540,2026-07-02 18:21:52.540,C3:00:00:63:4D:0D,-54,127,1.5,5.5,1.5
1783009312546,2026-07-02 18:21:52.546,C3:00:00:63:4D:09,-53,127,1.5,5.5,1.5
1783009312569,2026-07-02 18:21:52.569,C3:00:00:63:4D:04,-64,127,1.5,5.5,1.5
1783009312596,2026-07-02 18:21:52.596,C3:00:00:63:4C:D2,-61,127,1.5,5.5,1.5
1783009312602,2026-07-02 18:21:52.602,C3:00:00:63:4D:05,-58,127,1.5,5.5,1.5
1783009312617,2026-07-02 18:21:52.617,C3:00:00:63:4D:07,-54,127,1.5,5.5,1.5
1783009312633,2026-07-02 18:21:52.633,C3:00:00:63:4D:0A,-63,127,1.5,5.5,1.5
1783009312636,2026-07-02 18:21:52.636,C3:00:00:63:4D:0D,-51,127,1.5,5.5,1.5
1783009312648,2026-07-02 18:21:52.648,C3:00:00:63:4D:08,-48,127,1.5,5.5,1.5
1783009312652,2026-07-02 18:21:52.652,C3:00:00:63:4D:09,-55,127,1.5,5.5,1.5
1783009312678,2026-07-02 18:21:52.678,C3:00:00:63:4D:04,-65,127,1.5,5.5,1.5
1783009312690,2026-07-02 18:21:52.690,C3:00:00:63:4D:0D,-51,127,1.5,5.5,1.5
1783009312699,2026-07-02 18:21:52.699,C3:00:00:63:4D:08,-50,127,1.5,5.5,1.5
1783009312716,2026-07-02 18:21:52.716,C3:00:00:63:4D:07,-59,127,1.5,5.5,1.5
1783009312718,2026-07-02 18:21:52.718,C3:00:00:63:4C:D2,-63,127,1.5,5.5,1.5
1783009312743,2026-07-02 18:21:52.743,C3:00:00:63:4D:0A,-65,127,1.5,5.5,1.5
1783009312748,2026-07-02 18:21:52.748,C3:00:00:63:4D:0D,-53,127,1.5,5.5,1.5
1783009312766,2026-07-02 18:21:52.766,C3:00:00:63:4D:09,-60,127,1.5,5.5,1.5
1783009312794,2026-07-02 18:21:52.794,C3:00:00:63:4D:04,-64,127,1.5,5.5,1.5
1783009312809,2026-07-02 18:21:52.809,C3:00:00:63:4D:08,-48,127,1.5,5.5,1.5
1783009312823,2026-07-02 18:21:52.823,C3:00:00:63:4C:D2,-59,127,1.5,5.5,1.5
1783009312830,2026-07-02 18:21:52.830,C3:00:00:63:4D:05,-55,127,1.5,5.5,1.5
1783009312854,2026-07-02 18:21:52.854,C3:00:00:63:4D:0D,-54,127,1.5,5.5,1.5
1783009312858,2026-07-02 18:21:52.858,C3:00:00:63:4D:0A,-67,127,1.5,5.5,1.5
1783009312902,2026-07-02 18:21:52.902,C3:00:00:63:4D:04,-65,127,1.5,5.5,1.5
1783009312924,2026-07-02 18:21:52.924,C3:00:00:63:4D:08,-47,127,1.5,5.5,1.5
1783009312944,2026-07-02 18:21:52.944,C3:00:00:63:4D:07,-54,127,1.5,5.5,1.5
1783009312949,2026-07-02 18:21:52.949,C3:00:00:63:4D:05,-58,127,1.5,5.5,1.5
1783009312953,2026-07-02 18:21:52.953,C3:00:00:63:4C:D2,-61,127,1.5,5.5,1.5
1783009312957,2026-07-02 18:21:52.957,C3:00:00:63:4D:0D,-51,127,1.5,5.5,1.5
1783009312967,2026-07-02 18:21:52.967,C3:00:00:63:4D:0A,-63,127,1.5,5.5,1.5
1783009313013,2026-07-02 18:21:53.013,C3:00:00:63:4D:04,-62,127,1.5,5.5,1.5
1783009313016,2026-07-02 18:21:53.016,C3:00:00:63:4D:09,-60,127,1.5,5.5,1.5
1783009313025,2026-07-02 18:21:53.025,C3:00:00:63:4D:08,-50,127,1.5,5.5,1.5
1783009313058,2026-07-02 18:21:53.058,C3:00:00:63:4D:0D,-53,127,1.5,5.5,1.5
1783009313064,2026-07-02 18:21:53.064,C3:00:00:63:4C:D2,-63,127,1.5,5.5,1.5
1783009313072,2026-07-02 18:21:53.072,C3:00:00:63:4D:09,-60,127,1.5,5.5,1.5
1783009313106,2026-07-02 18:21:53.106,C3:00:00:63:4D:09,-53,127,1.5,5.5,1.5
1783009313122,2026-07-02 18:21:53.122,C3:00:00:63:4D:04,-63,127,1.5,5.5,1.5
1783009313133,2026-07-02 18:21:53.133,C3:00:00:63:4D:08,-49,127,1.5,5.5,1.5
1783009313167,2026-07-02 18:21:53.167,C3:00:00:63:4D:07,-55,127,1.5,5.5,1.5
1783009313175,2026-07-02 18:21:53.175,C3:00:00:63:4D:0D,-54,127,1.5,5.5,1.5
1783009313183,2026-07-02 18:21:53.183,C3:00:00:63:4D:04,-62,127,1.5,5.5,1.5
1783009313190,2026-07-02 18:21:53.190,C3:00:00:63:4D:05,-55,127,1.5,5.5,1.5
1783009313199,2026-07-02 18:21:53.199,C3:00:00:63:4D:0A,-63,127,1.5,5.5,1.5
1783009313223,2026-07-02 18:21:53.223,C3:00:00:63:4D:09,-55,127,1.5,5.5,1.5
1783009313232,2026-07-02 18:21:53.232,C3:00:00:63:4D:04,-63,127,1.5,5.5,1.5
1783009313274,2026-07-02 18:21:53.274,C3:00:00:63:4D:0D,-50,127,1.5,5.5,1.5
1783009313283,2026-07-02 18:21:53.283,C3:00:00:63:4D:07,-54,127,1.5,5.5,1.5
1783009313288,2026-07-02 18:21:53.288,C3:00:00:63:4C:D2,-61,127,1.5,5.5,1.5
1783009313290,2026-07-02 18:21:53.290,C3:00:00:63:4D:05,-58,127,1.5,5.5,1.5
1783009313326,2026-07-02 18:21:53.326,C3:00:00:63:4D:0A,-66,127,1.5,5.5,1.5
1783009313340,2026-07-02 18:21:53.340,C3:00:00:63:4D:04,-62,127,1.5,5.5,1.5
1783009313346,2026-07-02 18:21:53.346,C3:00:00:63:4D:09,-60,127,1.5,5.5,1.5
1783009313355,2026-07-02 18:21:53.355,C3:00:00:63:4D:08,-51,127,1.5,5.5,1.5
1783009313364,2026-07-02 18:21:53.364,C3:00:00:63:4D:0A,-65,127,1.5,5.5,1.5
1783009313369,2026-07-02 18:21:53.369,C3:00:00:63:4D:07,-59,127,1.5,5.5,1.5
1783009313374,2026-07-02 18:21:53.374,C3:00:00:63:4D:0D,-53,127,1.5,5.5,1.5
1783009313404,2026-07-02 18:21:53.404,C3:00:00:63:4D:05,-55,127,1.5,5.5,1.5
1783009313423,2026-07-02 18:21:53.423,C3:00:00:63:4D:0A,-65,127,1.5,5.5,1.5
1783009313462,2026-07-02 18:21:53.462,C3:00:00:63:4D:08,-48,127,1.5,5.5,1.5
1783009313487,2026-07-02 18:21:53.487,C3:00:00:63:4D:0D,-52,127,1.5,5.5,1.5
1783009313492,2026-07-02 18:21:53.492,C3:00:00:63:4D:05,-57,127,1.5,5.5,1.5
1783009313511,2026-07-02 18:21:53.511,C3:00:00:63:4D:07,-53,127,1.5,5.5,1.5
1783009313517,2026-07-02 18:21:53.517,C3:00:00:63:4C:D2,-62,127,1.5,5.5,1.5
1783009313520,2026-07-02 18:21:53.520,C3:00:00:63:4D:05,-57,127,1.5,5.5,1.5
1783009313529,2026-07-02 18:21:53.529,C3:00:00:63:4D:0A,-64,127,1.5,5.5,1.5
1783009313545,2026-07-02 18:21:53.545,C3:00:00:63:4D:04,-65,127,1.5,5.5,1.5
1783009313563,2026-07-02 18:21:53.563,C3:00:00:63:4D:09,-56,127,1.5,5.5,1.5
1783009313571,2026-07-02 18:21:53.571,C3:00:00:63:4D:04,-64,127,1.5,5.5,1.5
1783009313580,2026-07-02 18:21:53.580,C3:00:00:63:4D:08,-47,127,1.5,5.5,1.5
1783009313586,2026-07-02 18:21:53.586,C3:00:00:63:4D:0D,-52,127,1.5,5.5,1.5
1783009313592,2026-07-02 18:21:53.592,C3:00:00:63:4D:04,-64,127,1.5,5.5,1.5
1783009313626,2026-07-02 18:21:53.626,C3:00:00:63:4D:08,-50,127,1.5,5.5,1.5
1783009313631,2026-07-02 18:21:53.631,C3:00:00:63:4D:07,-60,127,1.5,5.5,1.5
1783009313637,2026-07-02 18:21:53.637,C3:00:00:63:4D:05,-62,127,1.5,5.5,1.5
1783009313639,2026-07-02 18:21:53.639,C3:00:00:63:4C:D2,-64,127,1.5,5.5,1.5
1783009313652,2026-07-02 18:21:53.652,C3:00:00:63:4D:0A,-66,127,1.5,5.5,1.5
1783009313667,2026-07-02 18:21:53.667,C3:00:00:63:4D:04,-61,127,1.5,5.5,1.5
1783009313680,2026-07-02 18:21:53.680,C3:00:00:63:4D:09,-59,127,1.5,5.5,1.5
1783009313684,2026-07-02 18:21:53.684,C3:00:00:63:4D:08,-50,127,1.5,5.5,1.5
1783009313692,2026-07-02 18:21:53.692,C3:00:00:63:4D:0D,-52,127,1.5,5.5,1.5
1783009313742,2026-07-02 18:21:53.742,C3:00:00:63:4C:D2,-60,127,1.5,5.5,1.5
1783009313762,2026-07-02 18:21:53.762,C3:00:00:63:4D:0A,-66,127,1.5,5.5,1.5
1783009313784,2026-07-02 18:21:53.784,C3:00:00:63:4D:04,-65,127,1.5,5.5,1.5
1783009313789,2026-07-02 18:21:53.789,C3:00:00:63:4D:08,-48,127,1.5,5.5,1.5
1783009313796,2026-07-02 18:21:53.796,C3:00:00:63:4D:09,-56,127,1.5,5.5,1.5
1783009313799,2026-07-02 18:21:53.799,C3:00:00:63:4D:0D,-51,127,1.5,5.5,1.5
1783009313859,2026-07-02 18:21:53.859,C3:00:00:63:4D:07,-53,127,1.5,5.5,1.5
1783009313874,2026-07-02 18:21:53.874,C3:00:00:63:4D:0A,-62,127,1.5,5.5,1.5
1783009313880,2026-07-02 18:21:53.880,C3:00:00:63:4D:04,-63,127,1.5,5.5,1.5
1783009313894,2026-07-02 18:21:53.894,C3:00:00:63:4C:D2,-64,127,1.5,5.5,1.5
1783009313901,2026-07-02 18:21:53.901,C3:00:00:63:4D:0D,-54,127,1.5,5.5,1.5
1783009313905,2026-07-02 18:21:53.905,C3:00:00:63:4D:08,-50,127,1.5,5.5,1.5
1783009313909,2026-07-02 18:21:53.909,C3:00:00:63:4D:09,-60,127,1.5,5.5,1.5
1783009313981,2026-07-02 18:21:53.981,C3:00:00:63:4C:D2,-62,127,1.5,5.5,1.5
1783009314003,2026-07-02 18:21:54.003,C3:00:00:63:4D:04,-65,127,1.5,5.5,1.5
1783009314010,2026-07-02 18:21:54.010,C3:00:00:63:4D:0D,-52,127,1.5,5.5,1.5
1783009314015,2026-07-02 18:21:54.015,C3:00:00:63:4D:08,-48,127,1.5,5.5,1.5
1783009314022,2026-07-02 18:21:54.022,C3:00:00:63:4D:09,-54,127,1.5,5.5,1.5
1783009314038,2026-07-02 18:21:54.038,C3:00:00:63:4D:09,-60,127,1.5,5.5,1.5
1783009314047,2026-07-02 18:21:54.047,C3:00:00:63:4D:0D,-60,127,1.5,5.5,1.5
1783009314087,2026-07-02 18:21:54.087,C3:00:00:63:4D:07,-55,127,1.5,5.5,1.5
1783009314089,2026-07-02 18:21:54.089,C3:00:00:63:4D:05,-56,127,1.5,5.5,1.5
1783009314093,2026-07-02 18:21:54.093,C3:00:00:63:4C:D2,-62,127,1.5,5.5,1.5
1783009314095,2026-07-02 18:21:54.095,C3:00:00:63:4D:04,-67,127,1.5,5.5,1.5
1783009314098,2026-07-02 18:21:54.098,C3:00:00:63:4D:0A,-62,127,1.5,5.5,1.5
1783009314105,2026-07-02 18:21:54.105,C3:00:00:63:4D:0D,-51,127,1.5,5.5,1.5
1783009314113,2026-07-02 18:21:54.113,C3:00:00:63:4D:07,-60,127,1.5,5.5,1.5
1783009314120,2026-07-02 18:21:54.120,C3:00:00:63:4D:08,-48,127,1.5,5.5,1.5
1783009314137,2026-07-02 18:21:54.137,C3:00:00:63:4D:09,-56,127,1.5,5.5,1.5
1783009314158,2026-07-02 18:21:54.158,C3:00:00:63:4D:05,-61,127,1.5,5.5,1.5
1783009314199,2026-07-02 18:21:54.199,C3:00:00:63:4D:07,-58,127,1.5,5.5,1.5
1783009314210,2026-07-02 18:21:54.210,C3:00:00:63:4D:05,-62,127,1.5,5.5,1.5
1783009314216,2026-07-02 18:21:54.216,C3:00:00:63:4D:0A,-67,127,1.5,5.5,1.5
1783009314222,2026-07-02 18:21:54.222,C3:00:00:63:4D:04,-64,127,1.5,5.5,1.5
1783009314242,2026-07-02 18:21:54.242,C3:00:00:63:4D:08,-50,127,1.5,5.5,1.5
1783009314244,2026-07-02 18:21:54.244,C3:00:00:63:4D:0A,-74,127,1.5,5.5,1.5
1783009314245,2026-07-02 18:21:54.245,C3:00:00:63:4D:09,-58,127,1.5,5.5,1.5
1783009314320,2026-07-02 18:21:54.320,C3:00:00:63:4C:D2,-61,127,1.5,5.5,1.5
1783009314332,2026-07-02 18:21:54.332,C3:00:00:63:4D:0D,-54,127,1.5,5.5,1.5
1783009314349,2026-07-02 18:21:54.349,C3:00:00:63:4D:08,-48,127,1.5,5.5,1.5
1783009314363,2026-07-02 18:21:54.363,C3:00:00:63:4D:09,-54,127,1.5,5.5,1.5
1783009314427,2026-07-02 18:21:54.427,C3:00:00:63:4D:0D,-51,127,1.5,5.5,1.5
1783009314434,2026-07-02 18:21:54.434,C3:00:00:63:4D:04,-67,127,1.5,5.5,1.5
1783009314437,2026-07-02 18:21:54.437,C3:00:00:63:4D:05,-58,127,1.5,5.5,1.5
1783009314442,2026-07-02 18:21:54.442,C3:00:00:63:4C:D2,-62,127,1.5,5.5,1.5
1783009314447,2026-07-02 18:21:54.447,C3:00:00:63:4D:08,-46,127,1.5,5.5,1.5
1783009314475,2026-07-02 18:21:54.475,C3:00:00:63:4D:09,-56,127,1.5,5.5,1.5
1783009314531,2026-07-02 18:21:54.531,C3:00:00:63:4D:0D,-54,127,1.5,5.5,1.5
1783009314537,2026-07-02 18:21:54.537,C3:00:00:63:4D:04,-64,127,1.5,5.5,1.5
1783009314542,2026-07-02 18:21:54.542,C3:00:00:63:4D:07,-59,127,1.5,5.5,1.5
1783009314563,2026-07-02 18:21:54.563,C3:00:00:63:4C:D2,-61,127,1.5,5.5,1.5
1783009314565,2026-07-02 18:21:54.565,C3:00:00:63:4D:0A,-66,127,1.5,5.5,1.5
1783009314567,2026-07-02 18:21:54.567,C3:00:00:63:4D:05,-63,127,1.5,5.5,1.5
1783009314568,2026-07-02 18:21:54.568,C3:00:00:63:4D:08,-50,127,1.5,5.5,1.5
1783009314583,2026-07-02 18:21:54.583,C3:00:00:63:4D:09,-60,127,1.5,5.5,1.5
1783009314622,2026-07-02 18:21:54.622,C3:00:00:63:4D:07,-56,127,1.5,5.5,1.5
1783009314638,2026-07-02 18:21:54.638,C3:00:00:63:4D:0D,-54,127,1.5,5.5,1.5
1783009314649,2026-07-02 18:21:54.649,C3:00:00:63:4D:04,-63,127,1.5,5.5,1.5
1783009314661,2026-07-02 18:21:54.661,C3:00:00:63:4D:08,-48,127,1.5,5.5,1.5
1783009314667,2026-07-02 18:21:54.667,C3:00:00:63:4D:07,-56,127,1.5,5.5,1.5
1783009314668,2026-07-02 18:21:54.668,C3:00:00:63:4D:05,-55,127,1.5,5.5,1.5
1783009314670,2026-07-02 18:21:54.670,C3:00:00:63:4D:08,-49,127,1.5,5.5,1.5
1783009314706,2026-07-02 18:21:54.706,C3:00:00:63:4D:09,-57,127,1.5,5.5,1.5
1783009314723,2026-07-02 18:21:54.723,C3:00:00:63:4D:07,-54,127,1.5,5.5,1.5
1783009314742,2026-07-02 18:21:54.742,C3:00:00:63:4D:0D,-51,127,1.5,5.5,1.5
1783009314752,2026-07-02 18:21:54.752,C3:00:00:63:4D:04,-64,127,1.5,5.5,1.5
1783009314763,2026-07-02 18:21:54.763,C3:00:00:63:4C:D2,-63,127,1.5,5.5,1.5
1783009314766,2026-07-02 18:21:54.766,C3:00:00:63:4D:08,-47,127,1.5,5.5,1.5
1783009314773,2026-07-02 18:21:54.773,C3:00:00:63:4D:0A,-62,127,1.5,5.5,1.5
1783009314780,2026-07-02 18:21:54.780,C3:00:00:63:4D:05,-60,127,1.5,5.5,1.5
1783009314787,2026-07-02 18:21:54.787,C3:00:00:63:4D:07,-54,127,1.5,5.5,1.5
1783009314789,2026-07-02 18:21:54.789,C3:00:00:63:4C:D2,-62,127,1.5,5.5,1.5
1783009314816,2026-07-02 18:21:54.816,C3:00:00:63:4D:09,-60,127,1.5,5.5,1.5
1783009314831,2026-07-02 18:21:54.831,C3:00:00:63:4D:0D,-53,127,1.5,5.5,1.5
1783009314854,2026-07-02 18:21:54.854,C3:00:00:63:4D:0D,-52,127,1.5,5.5,1.5
1783009314864,2026-07-02 18:21:54.864,C3:00:00:63:4D:04,-63,127,1.5,5.5,1.5
1783009314885,2026-07-02 18:21:54.885,C3:00:00:63:4D:08,-50,127,1.5,5.5,1.5
1783009314897,2026-07-02 18:21:54.897,C3:00:00:63:4C:D2,-61,127,1.5,5.5,1.5
1783009314904,2026-07-02 18:21:54.904,C3:00:00:63:4D:05,-58,127,1.5,5.5,1.5
1783009314907,2026-07-02 18:21:54.907,C3:00:00:63:4D:08,-49,127,1.5,5.5,1.5
1783009314924,2026-07-02 18:21:54.924,C3:00:00:63:4D:09,-54,127,1.5,5.5,1.5
1783009314950,2026-07-02 18:21:54.950,C3:00:00:63:4D:0D,-54,127,1.5,5.5,1.5
1783009314970,2026-07-02 18:21:54.970,C3:00:00:63:4D:04,-63,127,1.5,5.5,1.5
1783009314995,2026-07-02 18:21:54.995,C3:00:00:63:4D:08,-47,127,1.5,5.5,1.5
1783009315000,2026-07-02 18:21:55.000,C3:00:00:63:4D:09,-56,127,1.5,5.5,1.5
1783009315015,2026-07-02 18:21:55.015,C3:00:00:63:4D:05,-59,127,1.5,5.5,1.5
1783009315051,2026-07-02 18:21:55.051,C3:00:00:63:4D:09,-56,127,1.5,5.5,1.5
1783009315056,2026-07-02 18:21:55.056,C3:00:00:63:4D:0D,-51,127,1.5,5.5,1.5
1783009315077,2026-07-02 18:21:55.077,C3:00:00:63:4D:09,-56,127,1.5,5.5,1.5
1783009315081,2026-07-02 18:21:55.081,C3:00:00:63:4D:04,-68,127,1.5,5.5,1.5
1783009315098,2026-07-02 18:21:55.098,C3:00:00:63:4C:D2,-62,127,1.5,5.5,1.5
1783009315100,2026-07-02 18:21:55.100,C3:00:00:63:4D:08,-50,127,1.5,5.5,1.5
1783009315121,2026-07-02 18:21:55.121,C3:00:00:63:4D:0A,-68,127,1.5,5.5,1.5
1783009315128,2026-07-02 18:21:55.128,C3:00:00:63:4D:07,-58,127,1.5,5.5,1.5
1783009315135,2026-07-02 18:21:55.135,C3:00:00:63:4D:05,-65,127,1.5,5.5,1.5
1783009315137,2026-07-02 18:21:55.137,C3:00:00:63:4C:D2,-62,127,1.5,5.5,1.5
1783009315162,2026-07-02 18:21:55.162,C3:00:00:63:4D:09,-60,127,1.5,5.5,1.5
1783009315166,2026-07-02 18:21:55.166,C3:00:00:63:4D:0D,-53,127,1.5,5.5,1.5
1783009315193,2026-07-02 18:21:55.193,C3:00:00:63:4D:05,-57,127,1.5,5.5,1.5
1783009315210,2026-07-02 18:21:55.210,C3:00:00:63:4D:04,-63,127,1.5,5.5,1.5
1783009315212,2026-07-02 18:21:55.212,C3:00:00:63:4D:08,-49,127,1.5,5.5,1.5
1783009315236,2026-07-02 18:21:55.236,C3:00:00:63:4D:07,-55,127,1.5,5.5,1.5
1783009315241,2026-07-02 18:21:55.241,C3:00:00:63:4D:05,-56,127,1.5,5.5,1.5
1783009315247,2026-07-02 18:21:55.247,C3:00:00:63:4C:D2,-61,127,1.5,5.5,1.5
1783009315266,2026-07-02 18:21:55.266,C3:00:00:63:4D:0D,-53,127,1.5,5.5,1.5
1783009315273,2026-07-02 18:21:55.273,C3:00:00:63:4D:09,-54,127,1.5,5.5,1.5
1783009315293,2026-07-02 18:21:55.293,C3:00:00:63:4D:04,-70,127,1.5,5.5,1.5
1783009315315,2026-07-02 18:21:55.315,C3:00:00:63:4D:08,-47,127,1.5,5.5,1.5
1783009315320,2026-07-02 18:21:55.320,C3:00:00:63:4D:0A,-63,127,1.5,5.5,1.5
1783009315343,2026-07-02 18:21:55.343,C3:00:00:63:4D:0A,-63,127,1.5,5.5,1.5
1783009315355,2026-07-02 18:21:55.355,C3:00:00:63:4C:D2,-62,127,1.5,5.5,1.5
1783009315380,2026-07-02 18:21:55.380,C3:00:00:63:4D:07,-53,127,1.5,5.5,1.5
1783009315387,2026-07-02 18:21:55.387,C3:00:00:63:4D:09,-56,127,1.5,5.5,1.5
1783009315408,2026-07-02 18:21:55.408,C3:00:00:63:4D:04,-64,127,1.5,5.5,1.5
1783009315429,2026-07-02 18:21:55.429,C3:00:00:63:4D:08,-50,127,1.5,5.5,1.5
1783009315453,2026-07-02 18:21:55.453,C3:00:00:63:4D:0A,-67,127,1.5,5.5,1.5
1783009315471,2026-07-02 18:21:55.471,C3:00:00:63:4D:07,-58,127,1.5,5.5,1.5
1783009315475,2026-07-02 18:21:55.475,C3:00:00:63:4D:05,-65,127,1.5,5.5,1.5
1783009315477,2026-07-02 18:21:55.477,C3:00:00:63:4D:0D,-51,127,1.5,5.5,1.5
1783009315501,2026-07-02 18:21:55.501,C3:00:00:63:4D:09,-54,127,1.5,5.5,1.5
1783009315517,2026-07-02 18:21:55.517,C3:00:00:63:4D:05,-56,127,1.5,5.5,1.5
1783009315520,2026-07-02 18:21:55.520,C3:00:00:63:4D:04,-65,127,1.5,5.5,1.5
1783009315536,2026-07-02 18:21:55.536,C3:00:00:63:4D:08,-49,127,1.5,5.5,1.5
1783009315563,2026-07-02 18:21:55.563,C3:00:00:63:4D:0A,-67,127,1.5,5.5,1.5
1783009315578,2026-07-02 18:21:55.578,C3:00:00:63:4D:0D,-54,127,1.5,5.5,1.5
1783009315582,2026-07-02 18:21:55.582,C3:00:00:63:4D:07,-56,127,1.5,5.5,1.5
1783009315590,2026-07-02 18:21:55.590,C3:00:00:63:4D:05,-56,127,1.5,5.5,1.5
1783009315620,2026-07-02 18:21:55.620,C3:00:00:63:4D:09,-58,127,1.5,5.5,1.5
1783009315625,2026-07-02 18:21:55.625,C3:00:00:63:4D:04,-72,127,1.5,5.5,1.5
1783009315630,2026-07-02 18:21:55.630,C3:00:00:63:4D:08,-47,127,1.5,5.5,1.5
1783009315656,2026-07-02 18:21:55.656,C3:00:00:63:4D:08,-47,127,1.5,5.5,1.5
1783009315683,2026-07-02 18:21:55.683,C3:00:00:63:4D:0A,-63,127,1.5,5.5,1.5
1783009315691,2026-07-02 18:21:55.691,C3:00:00:63:4D:0D,-51,127,1.5,5.5,1.5
1783009315703,2026-07-02 18:21:55.703,C3:00:00:63:4C:D2,-62,127,1.5,5.5,1.5
1783009315725,2026-07-02 18:21:55.725,C3:00:00:63:4D:09,-60,127,1.5,5.5,1.5
1783009315736,2026-07-02 18:21:55.736,C3:00:00:63:4D:04,-67,127,1.5,5.5,1.5
1783009315755,2026-07-02 18:21:55.755,C3:00:00:63:4D:04,-74,127,1.5,5.5,1.5
1783009315762,2026-07-02 18:21:55.762,C3:00:00:63:4D:08,-49,127,1.5,5.5,1.5
1783009315791,2026-07-02 18:21:55.791,C3:00:00:63:4D:0D,-50,127,1.5,5.5,1.5
1783009315797,2026-07-02 18:21:55.797,C3:00:00:63:4D:0A,-64,127,1.5,5.5,1.5
1783009315819,2026-07-02 18:21:55.819,C3:00:00:63:4D:07,-56,127,1.5,5.5,1.5
1783009315823,2026-07-02 18:21:55.823,C3:00:00:63:4D:05,-56,127,1.5,5.5,1.5
1783009315827,2026-07-02 18:21:55.827,C3:00:00:63:4C:D2,-63,127,1.5,5.5,1.5
1783009315846,2026-07-02 18:21:55.846,C3:00:00:63:4D:04,-63,127,1.5,5.5,1.5
1783009315849,2026-07-02 18:21:55.849,C3:00:00:63:4D:09,-54,127,1.5,5.5,1.5
1783009315898,2026-07-02 18:21:55.898,C3:00:00:63:4D:0D,-51,127,1.5,5.5,1.5
1783009315901,2026-07-02 18:21:55.901,C3:00:00:63:4C:D2,-62,127,1.5,5.5,1.5
1783009315906,2026-07-02 18:21:55.906,C3:00:00:63:4D:0A,-64,127,1.5,5.5,1.5
1783009315913,2026-07-02 18:21:55.913,C3:00:00:63:4D:09,-55,127,1.5,5.5,1.5
1783009315922,2026-07-02 18:21:55.922,C3:00:00:63:4D:07,-53,127,1.5,5.5,1.5
1783009315923,2026-07-02 18:21:55.923,C3:00:00:63:4D:05,-58,127,1.5,5.5,1.5
1783009315929,2026-07-02 18:21:55.929,C3:00:00:63:4C:D2,-62,127,1.5,5.5,1.5
1783009315957,2026-07-02 18:21:55.957,C3:00:00:63:4D:04,-67,127,1.5,5.5,1.5
1783009315962,2026-07-02 18:21:55.962,C3:00:00:63:4D:09,-55,127,1.5,5.5,1.5
1783009315971,2026-07-02 18:21:55.971,C3:00:00:63:4D:08,-46,127,1.5,5.5,1.5
1783009316006,2026-07-02 18:21:56.006,C3:00:00:63:4D:0D,-50,127,1.5,5.5,1.5
1783009316020,2026-07-02 18:21:56.020,C3:00:00:63:4D:0A,-68,127,1.5,5.5,1.5
1783009316051,2026-07-02 18:21:56.051,C3:00:00:63:4D:07,-57,127,1.5,5.5,1.5
1783009316058,2026-07-02 18:21:56.058,C3:00:00:63:4C:D2,-62,127,1.5,5.5,1.5
1783009316059,2026-07-02 18:21:56.059,C3:00:00:63:4D:05,-65,127,1.5,5.5,1.5
1783009316067,2026-07-02 18:21:56.067,C3:00:00:63:4D:04,-66,127,1.5,5.5,1.5
1783009316071,2026-07-02 18:21:56.071,C3:00:00:63:4D:09,-59,127,1.5,5.5,1.5
1783009316080,2026-07-02 18:21:56.080,C3:00:00:63:4D:08,-50,127,1.5,5.5,1.5
1783009316101,2026-07-02 18:21:56.101,C3:00:00:63:4D:0D,-54,127,1.5,5.5,1.5
1783009316135,2026-07-02 18:21:56.135,C3:00:00:63:4D:0A,-66,127,1.5,5.5,1.5
1783009316159,2026-07-02 18:21:56.159,C3:00:00:63:4D:07,-55,127,1.5,5.5,1.5
1783009316176,2026-07-02 18:21:56.176,C3:00:00:63:4D:04,-65,127,1.5,5.5,1.5
1783009316204,2026-07-02 18:21:56.204,C3:00:00:63:4D:05,-66,127,1.5,5.5,1.5
1783009316210,2026-07-02 18:21:56.210,C3:00:00:63:4D:0D,-51,127,1.5,5.5,1.5
1783009316251,2026-07-02 18:21:56.251,C3:00:00:63:4D:0A,-63,127,1.5,5.5,1.5
1783009316269,2026-07-02 18:21:56.269,C3:00:00:63:4D:07,-54,127,1.5,5.5,1.5
1783009316275,2026-07-02 18:21:56.275,C3:00:00:63:4D:05,-58,127,1.5,5.5,1.5
1783009316295,2026-07-02 18:21:56.295,C3:00:00:63:4D:08,-50,127,1.5,5.5,1.5
1783009316301,2026-07-02 18:21:56.301,C3:00:00:63:4D:09,-59,127,1.5,5.5,1.5
1783009316322,2026-07-02 18:21:56.322,C3:00:00:63:4D:0D,-52,127,1.5,5.5,1.5
1783009316342,2026-07-02 18:21:56.342,C3:00:00:63:4D:0D,-53,127,1.5,5.5,1.5
1783009316361,2026-07-02 18:21:56.361,C3:00:00:63:4D:0A,-67,127,1.5,5.5,1.5
1783009316384,2026-07-02 18:21:56.384,C3:00:00:63:4D:07,-58,127,1.5,5.5,1.5
1783009316397,2026-07-02 18:21:56.397,C3:00:00:63:4C:D2,-61,127,1.5,5.5,1.5
1783009316405,2026-07-02 18:21:56.405,C3:00:00:63:4D:08,-48,127,1.5,5.5,1.5
1783009316417,2026-07-02 18:21:56.417,C3:00:00:63:4D:09,-54,127,1.5,5.5,1.5
1783009316418,2026-07-02 18:21:56.418,C3:00:00:63:4D:0D,-54,127,1.5,5.5,1.5
1783009316441,2026-07-02 18:21:56.441,C3:00:00:63:4C:D2,-69,127,1.5,5.5,1.5
1783009316475,2026-07-02 18:21:56.475,C3:00:00:63:4D:0A,-65,127,1.5,5.5,1.5
1783009316500,2026-07-02 18:21:56.500,C3:00:00:63:4D:04,-70,127,1.5,5.5,1.5
1783009316511,2026-07-02 18:21:56.511,C3:00:00:63:4D:07,-54,127,1.5,5.5,1.5
1783009316514,2026-07-02 18:21:56.514,C3:00:00:63:4C:D2,-62,127,1.5,5.5,1.5
1783009316519,2026-07-02 18:21:56.519,C3:00:00:63:4D:05,-58,127,1.5,5.5,1.5
1783009316525,2026-07-02 18:21:56.525,C3:00:00:63:4D:08,-48,127,1.5,5.5,1.5
1783009316530,2026-07-02 18:21:56.530,C3:00:00:63:4D:09,-57,127,1.5,5.5,1.5
1783009316531,2026-07-02 18:21:56.531,C3:00:00:63:4D:0D,-51,127,1.5,5.5,1.5
1783009316588,2026-07-02 18:21:56.588,C3:00:00:63:4D:0A,-64,127,1.5,5.5,1.5
1783009316605,2026-07-02 18:21:56.605,C3:00:00:63:4D:04,-65,127,1.5,5.5,1.5
1783009316622,2026-07-02 18:21:56.622,C3:00:00:63:4D:07,-57,127,1.5,5.5,1.5
1783009316628,2026-07-02 18:21:56.628,C3:00:00:63:4D:08,-47,127,1.5,5.5,1.5
1783009316635,2026-07-02 18:21:56.635,C3:00:00:63:4D:0D,-50,127,1.5,5.5,1.5
1783009316645,2026-07-02 18:21:56.645,C3:00:00:63:4D:09,-58,127,1.5,5.5,1.5
1783009316650,2026-07-02 18:21:56.650,C3:00:00:63:4D:08,-48,127,1.5,5.5,1.5
1783009316694,2026-07-02 18:21:56.694,C3:00:00:63:4D:0D,-56,127,1.5,5.5,1.5
1783009316699,2026-07-02 18:21:56.699,C3:00:00:63:4D:0A,-64,127,1.5,5.5,1.5
1783009316711,2026-07-02 18:21:56.711,C3:00:00:63:4D:04,-63,127,1.5,5.5,1.5
1783009316730,2026-07-02 18:21:56.730,C3:00:00:63:4D:08,-49,127,1.5,5.5,1.5
1783009316736,2026-07-02 18:21:56.736,C3:00:00:63:4D:0D,-54,127,1.5,5.5,1.5
1783009316745,2026-07-02 18:21:56.745,C3:00:00:63:4D:07,-55,127,1.5,5.5,1.5
1783009316751,2026-07-02 18:21:56.751,C3:00:00:63:4D:05,-55,127,1.5,5.5,1.5
1783009316755,2026-07-02 18:21:56.755,C3:00:00:63:4C:D2,-61,127,1.5,5.5,1.5
1783009316760,2026-07-02 18:21:56.760,C3:00:00:63:4D:09,-54,127,1.5,5.5,1.5
1783009316811,2026-07-02 18:21:56.811,C3:00:00:63:4D:0A,-63,127,1.5,5.5,1.5
1783009316850,2026-07-02 18:21:56.850,C3:00:00:63:4D:07,-54,127,1.5,5.5,1.5
1783009316862,2026-07-02 18:21:56.862,C3:00:00:63:4D:0D,-51,127,1.5,5.5,1.5
1783009316880,2026-07-02 18:21:56.880,C3:00:00:63:4D:09,-57,127,1.5,5.5,1.5
1783009316923,2026-07-02 18:21:56.923,C3:00:00:63:4D:0A,-67,127,1.5,5.5,1.5
1783009316940,2026-07-02 18:21:56.940,C3:00:00:63:4D:04,-65,127,1.5,5.5,1.5
1783009316945,2026-07-02 18:21:56.945,C3:00:00:63:4D:0D,-52,127,1.5,5.5,1.5
1783009316955,2026-07-02 18:21:56.955,C3:00:00:63:4D:08,-50,127,1.5,5.5,1.5
1783009316962,2026-07-02 18:21:56.962,C3:00:00:63:4D:07,-59,127,1.5,5.5,1.5
1783009316968,2026-07-02 18:21:56.968,C3:00:00:63:4D:05,-65,127,1.5,5.5,1.5
1783009316970,2026-07-02 18:21:56.970,C3:00:00:63:4C:D2,-63,127,1.5,5.5,1.5
1783009316988,2026-07-02 18:21:56.988,C3:00:00:63:4D:09,-59,127,1.5,5.5,1.5
1783009317013,2026-07-02 18:21:57.013,C3:00:00:63:4D:09,-54,127,1.5,5.5,1.5
1783009317034,2026-07-02 18:21:57.034,C3:00:00:63:4D:0A,-66,127,1.5,5.5,1.5
1783009317046,2026-07-02 18:21:57.046,C3:00:00:63:4D:04,-65,127,1.5,5.5,1.5
1783009317057,2026-07-02 18:21:57.057,C3:00:00:63:4D:0D,-54,127,1.5,5.5,1.5
1783009317067,2026-07-02 18:21:57.067,C3:00:00:63:4D:08,-49,127,1.5,5.5,1.5
1783009317071,2026-07-02 18:21:57.071,C3:00:00:63:4D:07,-56,127,1.5,5.5,1.5
1783009317075,2026-07-02 18:21:57.075,C3:00:00:63:4C:D2,-61,127,1.5,5.5,1.5
1783009317096,2026-07-02 18:21:57.096,C3:00:00:63:4C:D2,-62,127,1.5,5.5,1.5
1783009317157,2026-07-02 18:21:57.157,C3:00:00:63:4D:0A,-63,127,1.5,5.5,1.5
1783009317165,2026-07-02 18:21:57.165,C3:00:00:63:4D:04,-73,127,1.5,5.5,1.5
1783009317171,2026-07-02 18:21:57.171,C3:00:00:63:4D:0D,-52,127,1.5,5.5,1.5
1783009317184,2026-07-02 18:21:57.184,C3:00:00:63:4D:08,-47,127,1.5,5.5,1.5
1783009317188,2026-07-02 18:21:57.188,C3:00:00:63:4D:05,-60,127,1.5,5.5,1.5
1783009317201,2026-07-02 18:21:57.201,C3:00:00:63:4C:D2,-62,127,1.5,5.5,1.5
1783009317278,2026-07-02 18:21:57.278,C3:00:00:63:4D:08,-50,127,1.5,5.5,1.5
1783009317310,2026-07-02 18:21:57.310,C3:00:00:63:4D:07,-56,127,1.5,5.5,1.5
1783009317314,2026-07-02 18:21:57.314,C3:00:00:63:4D:05,-56,127,1.5,5.5,1.5
1783009317317,2026-07-02 18:21:57.317,C3:00:00:63:4C:D2,-61,127,1.5,5.5,1.5
1783009317322,2026-07-02 18:21:57.322,C3:00:00:63:4D:0A,-67,127,1.5,5.5,1.5
1783009317366,2026-07-02 18:21:57.366,C3:00:00:63:4D:0D,-53,127,1.5,5.5,1.5
1783009317369,2026-07-02 18:21:57.369,C3:00:00:63:4D:0A,-68,127,1.5,5.5,1.5
1783009317372,2026-07-02 18:21:57.372,C3:00:00:63:4D:04,-64,127,1.5,5.5,1.5
1783009317391,2026-07-02 18:21:57.391,C3:00:00:63:4D:08,-49,127,1.5,5.5,1.5
1783009317397,2026-07-02 18:21:57.397,C3:00:00:63:4D:0A,-62,127,1.5,5.5,1.5
1783009317420,2026-07-02 18:21:57.420,C3:00:00:63:4D:07,-54,127,1.5,5.5,1.5
1783009317426,2026-07-02 18:21:57.426,C3:00:00:63:4C:D2,-62,127,1.5,5.5,1.5
1783009317435,2026-07-02 18:21:57.435,C3:00:00:63:4D:05,-58,127,1.5,5.5,1.5
1783009317474,2026-07-02 18:21:57.474,C3:00:00:63:4D:0D,-51,127,1.5,5.5,1.5
1783009317481,2026-07-02 18:21:57.481,C3:00:00:63:4D:04,-68,127,1.5,5.5,1.5
1783009317496,2026-07-02 18:21:57.496,C3:00:00:63:4D:0A,-66,127,1.5,5.5,1.5
1783009317502,2026-07-02 18:21:57.502,C3:00:00:63:4D:08,-50,127,1.5,5.5,1.5
1783009317530,2026-07-02 18:21:57.530,C3:00:00:63:4D:05,-64,127,1.5,5.5,1.5
1783009317543,2026-07-02 18:21:57.543,C3:00:00:63:4C:D2,-62,127,1.5,5.5,1.5
1783009317569,2026-07-02 18:21:57.569,C3:00:00:63:4D:04,-64,127,1.5,5.5,1.5
1783009317576,2026-07-02 18:21:57.576,C3:00:00:63:4D:0D,-52,127,1.5,5.5,1.5
1783009317600,2026-07-02 18:21:57.600,C3:00:00:63:4D:08,-48,127,1.5,5.5,1.5
1783009317613,2026-07-02 18:21:57.613,C3:00:00:63:4D:04,-63,127,1.5,5.5,1.5
1783009317647,2026-07-02 18:21:57.647,C3:00:00:63:4D:08,-49,127,1.5,5.5,1.5
1783009317658,2026-07-02 18:21:57.658,C3:00:00:63:4D:05,-56,127,1.5,5.5,1.5
1783009317664,2026-07-02 18:21:57.664,C3:00:00:63:4C:D2,-61,127,1.5,5.5,1.5
1783009317677,2026-07-02 18:21:57.677,C3:00:00:63:4D:09,-54,127,1.5,5.5,1.5
1783009317685,2026-07-02 18:21:57.685,C3:00:00:63:4D:0D,-53,127,1.5,5.5,1.5
1783009317703,2026-07-02 18:21:57.703,C3:00:00:63:4D:04,-65,127,1.5,5.5,1.5
1783009317718,2026-07-02 18:21:57.718,C3:00:00:63:4D:08,-46,127,1.5,5.5,1.5
1783009317766,2026-07-02 18:21:57.766,C3:00:00:63:4D:07,-53,127,1.5,5.5,1.5
1783009317773,2026-07-02 18:21:57.773,C3:00:00:63:4C:D2,-62,127,1.5,5.5,1.5
1783009317780,2026-07-02 18:21:57.780,C3:00:00:63:4D:05,-59,127,1.5,5.5,1.5
1783009317795,2026-07-02 18:21:57.795,C3:00:00:63:4D:09,-56,127,1.5,5.5,1.5
1783009317814,2026-07-02 18:21:57.814,C3:00:00:63:4D:04,-64,127,1.5,5.5,1.5
1783009317821,2026-07-02 18:21:57.821,C3:00:00:63:4D:08,-48,127,1.5,5.5,1.5
1783009317829,2026-07-02 18:21:57.829,C3:00:00:63:4D:0A,-67,127,1.5,5.5,1.5
1783009317880,2026-07-02 18:21:57.880,C3:00:00:63:4D:07,-58,127,1.5,5.5,1.5
1783009317885,2026-07-02 18:21:57.885,C3:00:00:63:4D:05,-65,127,1.5,5.5,1.5
1783009317888,2026-07-02 18:21:57.888,C3:00:00:63:4D:0D,-50,127,1.5,5.5,1.5
1783009317903,2026-07-02 18:21:57.903,C3:00:00:63:4C:D2,-62,127,1.5,5.5,1.5
1783009317917,2026-07-02 18:21:57.917,C3:00:00:63:4C:D2,-63,127,1.5,5.5,1.5
1783009317919,2026-07-02 18:21:57.919,C3:00:00:63:4D:04,-62,127,1.5,5.5,1.5
1783009317928,2026-07-02 18:21:57.928,C3:00:00:63:4D:08,-49,127,1.5,5.5,1.5
1783009317943,2026-07-02 18:21:57.943,C3:00:00:63:4D:0A,-65,127,1.5,5.5,1.5
1783009317996,2026-07-02 18:21:57.996,C3:00:00:63:4D:0D,-51,127,1.5,5.5,1.5
1783009317999,2026-07-02 18:21:57.999,C3:00:00:63:4D:07,-54,127,1.5,5.5,1.5
1783009318004,2026-07-02 18:21:58.004,C3:00:00:63:4C:D2,-62,127,1.5,5.5,1.5
1783009318012,2026-07-02 18:21:58.012,C3:00:00:63:4D:05,-59,127,1.5,5.5,1.5
1783009318018,2026-07-02 18:21:58.018,C3:00:00:63:4D:09,-58,127,1.5,5.5,1.5
1783009318024,2026-07-02 18:21:58.024,C3:00:00:63:4D:04,-67,127,1.5,5.5,1.5
1783009318043,2026-07-02 18:21:58.043,C3:00:00:63:4D:08,-47,127,1.5,5.5,1.5
1783009318051,2026-07-02 18:21:58.051,C3:00:00:63:4D:0A,-62,127,1.5,5.5,1.5
1783009318058,2026-07-02 18:21:58.058,C3:00:00:63:4D:0D,-58,127,1.5,5.5,1.5
1783009318134,2026-07-02 18:21:58.134,C3:00:00:63:4D:04,-64,127,1.5,5.5,1.5
1783009318142,2026-07-02 18:21:58.142,C3:00:00:63:4D:07,-67,127,1.5,5.5,1.5
1783009318149,2026-07-02 18:21:58.149,C3:00:00:63:4D:08,-50,127,1.5,5.5,1.5
1783009318169,2026-07-02 18:21:58.169,C3:00:00:63:4D:05,-65,127,1.5,5.5,1.5
1783009318231,2026-07-02 18:21:58.231,C3:00:00:63:4D:07,-55,127,1.5,5.5,1.5
1783009318234,2026-07-02 18:21:58.234,C3:00:00:63:4C:D2,-61,127,1.5,5.5,1.5
1783009318243,2026-07-02 18:21:58.243,C3:00:00:63:4D:09,-54,127,1.5,5.5,1.5
1783009318250,2026-07-02 18:21:58.250,C3:00:00:63:4D:04,-63,127,1.5,5.5,1.5
1783009318256,2026-07-02 18:21:58.256,C3:00:00:63:4D:0A,-75,127,1.5,5.5,1.5
1783009318261,2026-07-02 18:21:58.261,C3:00:00:63:4D:08,-48,127,1.5,5.5,1.5
1783009318283,2026-07-02 18:21:58.283,C3:00:00:63:4D:0A,-67,127,1.5,5.5,1.5
1783009318312,2026-07-02 18:21:58.312,C3:00:00:63:4D:0D,-51,127,1.5,5.5,1.5
1783009318333,2026-07-02 18:21:58.333,C3:00:00:63:4D:0D,-51,127,1.5,5.5,1.5
1783009318347,2026-07-02 18:21:58.347,C3:00:00:63:4D:07,-54,127,1.5,5.5,1.5
1783009318357,2026-07-02 18:21:58.357,C3:00:00:63:4C:D2,-62,127,1.5,5.5,1.5
1783009318361,2026-07-02 18:21:58.361,C3:00:00:63:4D:04,-67,127,1.5,5.5,1.5
1783009318368,2026-07-02 18:21:58.368,C3:00:00:63:4D:09,-58,127,1.5,5.5,1.5
1783009318371,2026-07-02 18:21:58.371,C3:00:00:63:4D:08,-47,127,1.5,5.5,1.5
1783009318387,2026-07-02 18:21:58.387,C3:00:00:63:4D:0A,-62,127,1.5,5.5,1.5
1783009318421,2026-07-02 18:21:58.421,C3:00:00:63:4D:0D,-52,127,1.5,5.5,1.5
1783009318460,2026-07-02 18:21:58.460,C3:00:00:63:4D:04,-64,127,1.5,5.5,1.5
1783009318466,2026-07-02 18:21:58.466,C3:00:00:63:4D:07,-59,127,1.5,5.5,1.5
1783009318476,2026-07-02 18:21:58.476,C3:00:00:63:4D:05,-65,127,1.5,5.5,1.5
1783009318481,2026-07-02 18:21:58.481,C3:00:00:63:4D:09,-60,127,1.5,5.5,1.5
1783009318506,2026-07-02 18:21:58.506,C3:00:00:63:4D:0A,-67,127,1.5,5.5,1.5
1783009318527,2026-07-02 18:21:58.527,C3:00:00:63:4D:0D,-54,127,1.5,5.5,1.5
1783009318565,2026-07-02 18:21:58.565,C3:00:00:63:4D:07,-55,127,1.5,5.5,1.5
1783009318571,2026-07-02 18:21:58.571,C3:00:00:63:4D:04,-63,127,1.5,5.5,1.5
1783009318578,2026-07-02 18:21:58.578,C3:00:00:63:4C:D2,-61,127,1.5,5.5,1.5
1783009318622,2026-07-02 18:21:58.622,C3:00:00:63:4D:0A,-62,127,1.5,5.5,1.5
1783009318627,2026-07-02 18:21:58.627,C3:00:00:63:4D:0D,-51,127,1.5,5.5,1.5
1783009318650,2026-07-02 18:21:58.650,C3:00:00:63:4D:07,-53,127,1.5,5.5,1.5
1783009318658,2026-07-02 18:21:58.658,C3:00:00:63:4D:08,-47,127,1.5,5.5,1.5
1783009318682,2026-07-02 18:21:58.682,C3:00:00:63:4D:04,-67,127,1.5,5.5,1.5
1783009318687,2026-07-02 18:21:58.687,C3:00:00:63:4D:07,-54,127,1.5,5.5,1.5
1783009318692,2026-07-02 18:21:58.692,C3:00:00:63:4C:D2,-62,127,1.5,5.5,1.5
1783009318699,2026-07-02 18:21:58.699,C3:00:00:63:4D:09,-60,127,1.5,5.5,1.5
1783009318733,2026-07-02 18:21:58.733,C3:00:00:63:4D:0D,-52,127,1.5,5.5,1.5
1783009318739,2026-07-02 18:21:58.739,C3:00:00:63:4D:07,-60,127,1.5,5.5,1.5
1783009318745,2026-07-02 18:21:58.745,C3:00:00:63:4D:0A,-65,127,1.5,5.5,1.5
1783009318768,2026-07-02 18:21:58.768,C3:00:00:63:4C:D2,-62,127,1.5,5.5,1.5
1783009318792,2026-07-02 18:21:58.792,C3:00:00:63:4D:04,-64,127,1.5,5.5,1.5
1783009318799,2026-07-02 18:21:58.799,C3:00:00:63:4D:07,-55,127,1.5,5.5,1.5
1783009318808,2026-07-02 18:21:58.808,C3:00:00:63:4C:D2,-61,127,1.5,5.5,1.5
1783009318811,2026-07-02 18:21:58.811,C3:00:00:63:4D:09,-54,127,1.5,5.5,1.5
1783009318830,2026-07-02 18:21:58.830,C3:00:00:63:4D:0D,-54,127,1.5,5.5,1.5
1783009318849,2026-07-02 18:21:58.849,C3:00:00:63:4D:0A,-67,127,1.5,5.5,1.5
1783009318854,2026-07-02 18:21:58.854,C3:00:00:63:4D:0D,-54,127,1.5,5.5,1.5
1783009318887,2026-07-02 18:21:58.887,C3:00:00:63:4D:08,-48,127,1.5,5.5,1.5
1783009318901,2026-07-02 18:21:58.901,C3:00:00:63:4D:04,-67,127,1.5,5.5,1.5
1783009318910,2026-07-02 18:21:58.910,C3:00:00:63:4D:08,-54,127,1.5,5.5,1.5
1783009318935,2026-07-02 18:21:58.935,C3:00:00:63:4D:08,-47,127,1.5,5.5,1.5
1783009318940,2026-07-02 18:21:58.940,C3:00:00:63:4D:0D,-51,127,1.5,5.5,1.5
1783009318955,2026-07-02 18:21:58.955,C3:00:00:63:4D:0A,-62,127,1.5,5.5,1.5
1783009318993,2026-07-02 18:21:58.993,C3:00:00:63:4D:09,-60,127,1.5,5.5,1.5
1783009319010,2026-07-02 18:21:59.010,C3:00:00:63:4D:04,-64,127,1.5,5.5,1.5
1783009319027,2026-07-02 18:21:59.027,C3:00:00:63:4D:08,-50,127,1.5,5.5,1.5
1783009319033,2026-07-02 18:21:59.033,C3:00:00:63:4D:09,-60,127,1.5,5.5,1.5
1783009319039,2026-07-02 18:21:59.039,C3:00:00:63:4D:07,-59,127,1.5,5.5,1.5
1783009319048,2026-07-02 18:21:59.048,C3:00:00:63:4D:05,-65,127,1.5,5.5,1.5
1783009319049,2026-07-02 18:21:59.049,C3:00:00:63:4C:D2,-63,127,1.5,5.5,1.5
1783009319050,2026-07-02 18:21:59.050,C3:00:00:63:4D:0D,-52,127,1.5,5.5,1.5
1783009319090,2026-07-02 18:21:59.090,C3:00:00:63:4D:09,-54,127,1.5,5.5,1.5
1783009319112,2026-07-02 18:21:59.112,C3:00:00:63:4C:D2,-61,127,1.5,5.5,1.5
1783009319119,2026-07-02 18:21:59.119,C3:00:00:63:4D:04,-63,127,1.5,5.5,1.5
1783009319133,2026-07-02 18:21:59.133,C3:00:00:63:4D:08,-49,127,1.5,5.5,1.5
1783009319145,2026-07-02 18:21:59.145,C3:00:00:63:4D:07,-55,127,1.5,5.5,1.5
1783009319154,2026-07-02 18:21:59.154,C3:00:00:63:4D:09,-54,127,1.5,5.5,1.5
1783009319162,2026-07-02 18:21:59.162,C3:00:00:63:4D:0D,-54,127,1.5,5.5,1.5
1783009319163,2026-07-02 18:21:59.163,C3:00:00:63:4D:05,-56,127,1.5,5.5,1.5
1783009319179,2026-07-02 18:21:59.179,C3:00:00:63:4D:0A,-67,127,1.5,5.5,1.5
1783009319183,2026-07-02 18:21:59.183,C3:00:00:63:4D:05,-57,127,1.5,5.5,1.5
1783009319229,2026-07-02 18:21:59.229,C3:00:00:63:4D:04,-67,127,1.5,5.5,1.5
1783009319248,2026-07-02 18:21:59.248,C3:00:00:63:4D:08,-47,127,1.5,5.5,1.5
1783009319255,2026-07-02 18:21:59.255,C3:00:00:63:4D:0D,-51,127,1.5,5.5,1.5
1783009319260,2026-07-02 18:21:59.260,C3:00:00:63:4D:09,-58,127,1.5,5.5,1.5
1783009319266,2026-07-02 18:21:59.266,C3:00:00:63:4D:07,-54,127,1.5,5.5,1.5
1783009319269,2026-07-02 18:21:59.269,C3:00:00:63:4C:D2,-62,127,1.5,5.5,1.5
1783009319292,2026-07-02 18:21:59.292,C3:00:00:63:4D:0A,-66,127,1.5,5.5,1.5
1783009319323,2026-07-02 18:21:59.323,C3:00:00:63:4D:0A,-66,127,1.5,5.5,1.5
1783009319342,2026-07-02 18:21:59.342,C3:00:00:63:4D:04,-64,127,1.5,5.5,1.5
1783009319365,2026-07-02 18:21:59.365,C3:00:00:63:4D:0D,-52,127,1.5,5.5,1.5
1783009319376,2026-07-02 18:21:59.376,C3:00:00:63:4D:07,-60,127,1.5,5.5,1.5
1783009319383,2026-07-02 18:21:59.383,C3:00:00:63:4D:0A,-67,127,1.5,5.5,1.5
1783009319409,2026-07-02 18:21:59.409,C3:00:00:63:4D:0A,-67,127,1.5,5.5,1.5
1783009319443,2026-07-02 18:21:59.443,C3:00:00:63:4D:04,-63,127,1.5,5.5,1.5
1783009319458,2026-07-02 18:21:59.458,C3:00:00:63:4D:08,-49,127,1.5,5.5,1.5
1783009319467,2026-07-02 18:21:59.467,C3:00:00:63:4D:0D,-54,127,1.5,5.5,1.5
1783009319489,2026-07-02 18:21:59.489,C3:00:00:63:4D:07,-55,127,1.5,5.5,1.5
1783009319496,2026-07-02 18:21:59.496,C3:00:00:63:4D:05,-60,127,1.5,5.5,1.5
1783009319527,2026-07-02 18:21:59.527,C3:00:00:63:4D:0A,-62,127,1.5,5.5,1.5
1783009319544,2026-07-02 18:21:59.544,C3:00:00:63:4D:05,-60,127,1.5,5.5,1.5
1783009319558,2026-07-02 18:21:59.558,C3:00:00:63:4D:04,-70,127,1.5,5.5,1.5
1783009319575,2026-07-02 18:21:59.575,C3:00:00:63:4D:08,-48,127,1.5,5.5,1.5
1783009319584,2026-07-02 18:21:59.584,C3:00:00:63:4D:04,-70,127,1.5,5.5,1.5
1783009319604,2026-07-02 18:21:59.604,C3:00:00:63:4D:07,-59,127,1.5,5.5,1.5
1783009319606,2026-07-02 18:21:59.606,C3:00:00:63:4D:04,-64,127,1.5,5.5,1.5
1783009319611,2026-07-02 18:21:59.611,C3:00:00:63:4D:09,-60,127,1.5,5.5,1.5
1783009319617,2026-07-02 18:21:59.617,C3:00:00:63:4D:05,-64,127,1.5,5.5,1.5
1783009319632,2026-07-02 18:21:59.632,C3:00:00:63:4D:0A,-66,127,1.5,5.5,1.5
1783009319657,2026-07-02 18:21:59.657,C3:00:00:63:4D:08,-50,127,1.5,5.5,1.5
1783009319662,2026-07-02 18:21:59.662,C3:00:00:63:4D:04,-64,127,1.5,5.5,1.5
1783009319669,2026-07-02 18:21:59.669,C3:00:00:63:4D:0D,-52,127,1.5,5.5,1.5
1783009319688,2026-07-02 18:21:59.688,C3:00:00:63:4D:08,-50,127,1.5,5.5,1.5
1783009319718,2026-07-02 18:21:59.718,C3:00:00:63:4D:07,-55,127,1.5,5.5,1.5
1783009319720,2026-07-02 18:21:59.720,C3:00:00:63:4D:09,-54,127,1.5,5.5,1.5
1783009319727,2026-07-02 18:21:59.727,C3:00:00:63:4C:D2,-61,127,1.5,5.5,1.5
1783009319736,2026-07-02 18:21:59.736,C3:00:00:63:4D:04,-70,127,1.5,5.5,1.5
1783009319778,2026-07-02 18:21:59.778,C3:00:00:63:4D:0D,-54,127,1.5,5.5,1.5
1783009319784,2026-07-02 18:21:59.784,C3:00:00:63:4D:08,-49,127,1.5,5.5,1.5
1783009319837,2026-07-02 18:21:59.837,C3:00:00:63:4D:09,-58,127,1.5,5.5,1.5
1783009319858,2026-07-02 18:21:59.858,C3:00:00:63:4D:0A,-62,127,1.5,5.5,1.5
1783009319875,2026-07-02 18:21:59.875,C3:00:00:63:4D:04,-68,127,1.5,5.5,1.5
1783009319892,2026-07-02 18:21:59.892,C3:00:00:63:4D:0D,-51,127,1.5,5.5,1.5
1783009319899,2026-07-02 18:21:59.899,C3:00:00:63:4D:08,-50,127,1.5,5.5,1.5
1783009319910,2026-07-02 18:21:59.910,C3:00:00:63:4C:D2,-62,127,1.5,5.5,1.5
1783009319917,2026-07-02 18:21:59.917,C3:00:00:63:4D:09,-60,127,1.5,5.5,1.5
1783009319948,2026-07-02 18:21:59.948,C3:00:00:63:4D:09,-60,127,1.5,5.5,1.5
1783009319954,2026-07-02 18:21:59.954,C3:00:00:63:4D:07,-59,127,1.5,5.5,1.5
1783009319958,2026-07-02 18:21:59.958,C3:00:00:63:4D:05,-64,127,1.5,5.5,1.5
1783009319974,2026-07-02 18:21:59.974,C3:00:00:63:4D:0A,-66,127,1.5,5.5,1.5
1783009319990,2026-07-02 18:21:59.990,C3:00:00:63:4D:0D,-52,127,1.5,5.5,1.5
1783009320007,2026-07-02 18:22:00.007,C3:00:00:63:4D:08,-49,127,1.5,5.5,1.5
1783009320063,2026-07-02 18:22:00.063,C3:00:00:63:4D:07,-55,127,1.5,5.5,1.5
1783009320069,2026-07-02 18:22:00.069,C3:00:00:63:4D:05,-56,127,1.5,5.5,1.5
1783009320075,2026-07-02 18:22:00.075,C3:00:00:63:4C:D2,-61,127,1.5,5.5,1.5
1783009320088,2026-07-02 18:22:00.088,C3:00:00:63:4D:0A,-67,127,1.5,5.5,1.5
1783009320110,2026-07-02 18:22:00.110,C3:00:00:63:4D:08,-48,127,1.5,5.5,1.5
1783009320183,2026-07-02 18:22:00.183,C3:00:00:63:4D:09,-58,127,1.5,5.5,1.5
1783009320190,2026-07-02 18:22:00.190,C3:00:00:63:4D:07,-54,127,1.5,5.5,1.5
1783009320203,2026-07-02 18:22:00.203,C3:00:00:63:4D:05,-58,127,1.5,5.5,1.5
1783009320208,2026-07-02 18:22:00.208,C3:00:00:63:4C:D2,-63,127,1.5,5.5,1.5
1783009320211,2026-07-02 18:22:00.211,C3:00:00:63:4D:0D,-52,127,1.5,5.5,1.5
1783009320219,2026-07-02 18:22:00.219,C3:00:00:63:4D:05,-73,127,1.5,5.5,1.5
1783009320224,2026-07-02 18:22:00.224,C3:00:00:63:4D:08,-50,127,1.5,5.5,1.5
1783009320288,2026-07-02 18:22:00.288,C3:00:00:63:4D:0A,-66,127,1.5,5.5,1.5
1783009320298,2026-07-02 18:22:00.298,C3:00:00:63:4D:05,-56,127,1.5,5.5,1.5
1783009320314,2026-07-02 18:22:00.314,C3:00:00:63:4D:0D,-54,127,1.5,5.5,1.5
1783009320319,2026-07-02 18:22:00.319,C3:00:00:63:4C:D2,-61,127,1.5,5.5,1.5
1783009320321,2026-07-02 18:22:00.321,C3:00:00:63:4D:0A,-66,127,1.5,5.5,1.5
1783009320323,2026-07-02 18:22:00.323,C3:00:00:63:4D:04,-64,127,1.5,5.5,1.5
1783009320326,2026-07-02 18:22:00.326,C3:00:00:63:4D:08,-48,127,1.5,5.5,1.5
1783009320406,2026-07-02 18:22:00.406,C3:00:00:63:4D:09,-57,127,1.5,5.5,1.5
1783009320414,2026-07-02 18:22:00.414,C3:00:00:63:4D:07,-54,127,1.5,5.5,1.5
1783009320418,2026-07-02 18:22:00.418,C3:00:00:63:4C:D2,-63,127,1.5,5.5,1.5
1783009320424,2026-07-02 18:22:00.424,C3:00:00:63:4D:05,-58,127,1.5,5.5,1.5
1783009320427,2026-07-02 18:22:00.427,C3:00:00:63:4D:04,-72,127,1.5,5.5,1.5
1783009320431,2026-07-02 18:22:00.431,C3:00:00:63:4D:0A,-63,127,1.5,5.5,1.5
1783009320434,2026-07-02 18:22:00.434,C3:00:00:63:4D:08,-48,127,1.5,5.5,1.5
1783009320458,2026-07-02 18:22:00.458,C3:00:00:63:4C:D2,-70,127,1.5,5.5,1.5
1783009320520,2026-07-02 18:22:00.520,C3:00:00:63:4D:0D,-50,127,1.5,5.5,1.5
1783009320526,2026-07-02 18:22:00.526,C3:00:00:63:4D:07,-58,127,1.5,5.5,1.5
1783009320546,2026-07-02 18:22:00.546,C3:00:00:63:4C:D2,-61,127,1.5,5.5,1.5
1783009320548,2026-07-02 18:22:00.548,C3:00:00:63:4D:0A,-65,127,1.5,5.5,1.5
1783009320557,2026-07-02 18:22:00.557,C3:00:00:63:4D:08,-50,127,1.5,5.5,1.5
1783009320622,2026-07-02 18:22:00.622,C3:00:00:63:4D:0D,-55,127,1.5,5.5,1.5
1783009320646,2026-07-02 18:22:00.646,C3:00:00:63:4D:09,-54,127,1.5,5.5,1.5
1783009320650,2026-07-02 18:22:00.650,C3:00:00:63:4D:04,-64,127,1.5,5.5,1.5
1783009320654,2026-07-02 18:22:00.654,C3:00:00:63:4D:07,-56,127,1.5,5.5,1.5
1783009320657,2026-07-02 18:22:00.657,C3:00:00:63:4C:D2,-63,127,1.5,5.5,1.5
1783009320660,2026-07-02 18:22:00.660,C3:00:00:63:4D:05,-56,127,1.5,5.5,1.5
1783009320664,2026-07-02 18:22:00.664,C3:00:00:63:4D:0A,-64,127,1.5,5.5,1.5
1783009320692,2026-07-02 18:22:00.692,C3:00:00:63:4D:0D,-51,127,1.5,5.5,1.5
1783009320723,2026-07-02 18:22:00.723,C3:00:00:63:4D:0D,-51,127,1.5,5.5,1.5
1783009320748,2026-07-02 18:22:00.748,C3:00:00:63:4D:09,-55,127,1.5,5.5,1.5
1783009320771,2026-07-02 18:22:00.771,C3:00:00:63:4D:05,-58,127,1.5,5.5,1.5
1783009320773,2026-07-02 18:22:00.773,C3:00:00:63:4C:D2,-62,127,1.5,5.5,1.5
1783009320775,2026-07-02 18:22:00.775,C3:00:00:63:4D:0A,-64,127,1.5,5.5,1.5
1783009320776,2026-07-02 18:22:00.776,C3:00:00:63:4D:08,-46,127,1.5,5.5,1.5
1783009320833,2026-07-02 18:22:00.833,C3:00:00:63:4D:0D,-50,127,1.5,5.5,1.5
1783009320862,2026-07-02 18:22:00.862,C3:00:00:63:4D:04,-65,127,1.5,5.5,1.5
1783009320866,2026-07-02 18:22:00.866,C3:00:00:63:4D:09,-58,127,1.5,5.5,1.5
1783009320870,2026-07-02 18:22:00.870,C3:00:00:63:4D:0D,-50,127,1.5,5.5,1.5
1783009320871,2026-07-02 18:22:00.871,C3:00:00:63:4D:07,-57,127,1.5,5.5,1.5
1783009320874,2026-07-02 18:22:00.874,C3:00:00:63:4C:D2,-62,127,1.5,5.5,1.5
1783009320880,2026-07-02 18:22:00.880,C3:00:00:63:4D:0A,-67,127,1.5,5.5,1.5
1783009320969,2026-07-02 18:22:00.969,C3:00:00:63:4D:04,-69,127,1.5,5.5,1.5
1783009320978,2026-07-02 18:22:00.978,C3:00:00:63:4D:09,-54,127,1.5,5.5,1.5
1783009320984,2026-07-02 18:22:00.984,C3:00:00:63:4D:08,-49,127,1.5,5.5,1.5
1783009320989,2026-07-02 18:22:00.989,C3:00:00:63:4D:07,-56,127,1.5,5.5,1.5
1783009320998,2026-07-02 18:22:00.998,C3:00:00:63:4D:09,-58,127,1.5,5.5,1.5
1783009321039,2026-07-02 18:22:01.039,C3:00:00:63:4D:0D,-51,127,1.5,5.5,1.5
1783009321076,2026-07-02 18:22:01.076,C3:00:00:63:4D:04,-75,127,1.5,5.5,1.5
1783009321092,2026-07-02 18:22:01.092,C3:00:00:63:4D:09,-57,127,1.5,5.5,1.5
1783009321113,2026-07-02 18:22:01.113,C3:00:00:63:4D:08,-50,127,1.5,5.5,1.5
1783009321116,2026-07-02 18:22:01.116,C3:00:00:63:4D:0A,-67,127,1.5,5.5,1.5
1783009321118,2026-07-02 18:22:01.118,C3:00:00:63:4D:05,-63,127,1.5,5.5,1.5
1783009321119,2026-07-02 18:22:01.119,C3:00:00:63:4D:09,-59,127,1.5,5.5,1.5
1783009321120,2026-07-02 18:22:01.120,C3:00:00:63:4C:D2,-62,127,1.5,5.5,1.5
1783009321125,2026-07-02 18:22:01.125,C3:00:00:63:4C:D2,-62,127,1.5,5.5,1.5
1783009321141,2026-07-02 18:22:01.141,C3:00:00:63:4D:0D,-52,127,1.5,5.5,1.5
1783009321203,2026-07-02 18:22:01.203,C3:00:00:63:4D:08,-48,127,1.5,5.5,1.5
1783009321209,2026-07-02 18:22:01.209,C3:00:00:63:4D:09,-54,127,1.5,5.5,1.5
1783009321216,2026-07-02 18:22:01.216,C3:00:00:63:4D:04,-66,127,1.5,5.5,1.5
1783009321222,2026-07-02 18:22:01.222,C3:00:00:63:4D:0A,-66,127,1.5,5.5,1.5
1783009321229,2026-07-02 18:22:01.229,C3:00:00:63:4D:07,-56,127,1.5,5.5,1.5
1783009321231,2026-07-02 18:22:01.231,C3:00:00:63:4D:05,-56,127,1.5,5.5,1.5
1783009321232,2026-07-02 18:22:01.232,C3:00:00:63:4C:D2,-61,127,1.5,5.5,1.5
1783009321249,2026-07-02 18:22:01.249,C3:00:00:63:4D:0D,-52,127,1.5,5.5,1.5
1783009321298,2026-07-02 18:22:01.298,C3:00:00:63:4D:04,-76,127,1.5,5.5,1.5
1783009321318,2026-07-02 18:22:01.318,C3:00:00:63:4D:08,-47,127,1.5,5.5,1.5
1783009321323,2026-07-02 18:22:01.323,C3:00:00:63:4D:09,-56,127,1.5,5.5,1.5
1783009321334,2026-07-02 18:22:01.334,C3:00:00:63:4D:0A,-63,127,1.5,5.5,1.5
1783009321336,2026-07-02 18:22:01.336,C3:00:00:63:4D:07,-54,127,1.5,5.5,1.5
1783009321342,2026-07-02 18:22:01.342,C3:00:00:63:4C:D2,-62,127,1.5,5.5,1.5
1783009321344,2026-07-02 18:22:01.344,C3:00:00:63:4D:05,-58,127,1.5,5.5,1.5
1783009321346,2026-07-02 18:22:01.346,C3:00:00:63:4D:0A,-64,127,1.5,5.5,1.5
1783009321351,2026-07-02 18:22:01.351,C3:00:00:63:4D:0D,-51,127,1.5,5.5,1.5
1783009321385,2026-07-02 18:22:01.385,C3:00:00:63:4D:0A,-64,127,1.5,5.5,1.5
1783009321404,2026-07-02 18:22:01.404,C3:00:00:63:4D:04,-65,127,1.5,5.5,1.5
1783009321426,2026-07-02 18:22:01.426,C3:00:00:63:4D:08,-50,127,1.5,5.5,1.5
1783009321433,2026-07-02 18:22:01.433,C3:00:00:63:4D:09,-59,127,1.5,5.5,1.5
1783009321445,2026-07-02 18:22:01.445,C3:00:00:63:4D:0A,-68,127,1.5,5.5,1.5
1783009321452,2026-07-02 18:22:01.452,C3:00:00:63:4C:D2,-62,127,1.5,5.5,1.5
1783009321455,2026-07-02 18:22:01.455,C3:00:00:63:4D:07,-58,127,1.5,5.5,1.5
1783009321465,2026-07-02 18:22:01.465,C3:00:00:63:4D:0D,-52,127,1.5,5.5,1.5
1783009321536,2026-07-02 18:22:01.536,C3:00:00:63:4D:08,-48,127,1.5,5.5,1.5
1783009321541,2026-07-02 18:22:01.541,C3:00:00:63:4D:09,-54,127,1.5,5.5,1.5
1783009321559,2026-07-02 18:22:01.559,C3:00:00:63:4D:0A,-66,127,1.5,5.5,1.5
1783009321564,2026-07-02 18:22:01.564,C3:00:00:63:4D:07,-55,127,1.5,5.5,1.5
1783009321569,2026-07-02 18:22:01.569,C3:00:00:63:4D:05,-56,127,1.5,5.5,1.5
1783009321572,2026-07-02 18:22:01.572,C3:00:00:63:4D:0D,-52,127,1.5,5.5,1.5
1783009321574,2026-07-02 18:22:01.574,C3:00:00:63:4C:D2,-61,127,1.5,5.5,1.5
1783009321582,2026-07-02 18:22:01.582,C3:00:00:63:4D:05,-56,127,1.5,5.5,1.5
1783009321606,2026-07-02 18:22:01.606,C3:00:00:63:4D:04,-75,127,1.5,5.5,1.5
1783009321635,2026-07-02 18:22:01.635,C3:00:00:63:4D:04,-75,127,1.5,5.5,1.5
1783009321642,2026-07-02 18:22:01.642,C3:00:00:63:4D:08,-47,127,1.5,5.5,1.5
1783009321664,2026-07-02 18:22:01.664,C3:00:00:63:4D:09,-57,127,1.5,5.5,1.5
1783009321670,2026-07-02 18:22:01.670,C3:00:00:63:4D:0A,-63,127,1.5,5.5,1.5
1783009321674,2026-07-02 18:22:01.674,C3:00:00:63:4D:08,-47,127,1.5,5.5,1.5
1783009321681,2026-07-02 18:22:01.681,C3:00:00:63:4D:05,-58,127,1.5,5.5,1.5
1783009321683,2026-07-02 18:22:01.683,C3:00:00:63:4C:D2,-62,127,1.5,5.5,1.5
1783009321738,2026-07-02 18:22:01.738,C3:00:00:63:4D:04,-65,127,1.5,5.5,1.5
1783009321760,2026-07-02 18:22:01.760,C3:00:00:63:4D:08,-50,127,1.5,5.5,1.5
1783009321771,2026-07-02 18:22:01.771,C3:00:00:63:4D:09,-59,127,1.5,5.5,1.5
1783009321786,2026-07-02 18:22:01.786,C3:00:00:63:4D:0D,-52,127,1.5,5.5,1.5
1783009321792,2026-07-02 18:22:01.792,C3:00:00:63:4D:0A,-67,127,1.5,5.5,1.5
1783009321795,2026-07-02 18:22:01.795,C3:00:00:63:4D:07,-54,127,1.5,5.5,1.5
1783009321801,2026-07-02 18:22:01.801,C3:00:00:63:4D:05,-56,127,1.5,5.5,1.5
1783009321843,2026-07-02 18:22:01.843,C3:00:00:63:4D:04,-66,127,1.5,5.5,1.5
1783009321854,2026-07-02 18:22:01.854,C3:00:00:63:4D:08,-48,127,1.5,5.5,1.5
1783009321875,2026-07-02 18:22:01.875,C3:00:00:63:4D:0D,-52,127,1.5,5.5,1.5
1783009321902,2026-07-02 18:22:01.902,C3:00:00:63:4D:0A,-63,127,1.5,5.5,1.5
1783009321911,2026-07-02 18:22:01.911,C3:00:00:63:4C:D2,-62,127,1.5,5.5,1.5
1783009321916,2026-07-02 18:22:01.916,C3:00:00:63:4D:07,-54,127,1.5,5.5,1.5
1783009321917,2026-07-02 18:22:01.917,C3:00:00:63:4D:05,-58,127,1.5,5.5,1.5
1783009321931,2026-07-02 18:22:01.931,C3:00:00:63:4C:D2,-62,127,1.5,5.5,1.5
1783009321971,2026-07-02 18:22:01.971,C3:00:00:63:4D:08,-47,127,1.5,5.5,1.5
1783009321988,2026-07-02 18:22:01.988,C3:00:00:63:4D:0D,-51,127,1.5,5.5,1.5
1783009322000,2026-07-02 18:22:02.000,C3:00:00:63:4D:09,-59,127,1.5,5.5,1.5
1783009322006,2026-07-02 18:22:02.006,C3:00:00:63:4D:0A,-67,127,1.5,5.5,1.5
1783009322022,2026-07-02 18:22:02.022,C3:00:00:63:4D:07,-59,127,1.5,5.5,1.5
1783009322030,2026-07-02 18:22:02.030,C3:00:00:63:4C:D2,-63,127,1.5,5.5,1.5
1783009322049,2026-07-02 18:22:02.049,C3:00:00:63:4D:09,-67,127,1.5,5.5,1.5
1783009322072,2026-07-02 18:22:02.072,C3:00:00:63:4D:08,-50,127,1.5,5.5,1.5
1783009322090,2026-07-02 18:22:02.090,C3:00:00:63:4D:0D,-52,127,1.5,5.5,1.5
1783009322115,2026-07-02 18:22:02.115,C3:00:00:63:4D:09,-54,127,1.5,5.5,1.5
1783009322120,2026-07-02 18:22:02.120,C3:00:00:63:4D:0A,-66,127,1.5,5.5,1.5
1783009322124,2026-07-02 18:22:02.124,C3:00:00:63:4D:07,-63,127,1.5,5.5,1.5
1783009322138,2026-07-02 18:22:02.138,C3:00:00:63:4D:05,-55,127,1.5,5.5,1.5
1783009322139,2026-07-02 18:22:02.139,C3:00:00:63:4C:D2,-61,127,1.5,5.5,1.5
1783009322145,2026-07-02 18:22:02.145,C3:00:00:63:4D:07,-56,127,1.5,5.5,1.5
1783009322166,2026-07-02 18:22:02.166,C3:00:00:63:4D:04,-65,127,1.5,5.5,1.5
1783009322186,2026-07-02 18:22:02.186,C3:00:00:63:4D:08,-48,127,1.5,5.5,1.5
1783009322196,2026-07-02 18:22:02.196,C3:00:00:63:4D:05,-56,127,1.5,5.5,1.5
1783009322199,2026-07-02 18:22:02.199,C3:00:00:63:4D:0D,-52,127,1.5,5.5,1.5
1783009322228,2026-07-02 18:22:02.228,C3:00:00:63:4D:09,-57,127,1.5,5.5,1.5
1783009322234,2026-07-02 18:22:02.234,C3:00:00:63:4D:0A,-64,127,1.5,5.5,1.5
1783009322251,2026-07-02 18:22:02.251,C3:00:00:63:4D:07,-54,127,1.5,5.5,1.5
1783009322256,2026-07-02 18:22:02.256,C3:00:00:63:4D:0A,-71,127,1.5,5.5,1.5
1783009322273,2026-07-02 18:22:02.273,C3:00:00:63:4D:04,-74,127,1.5,5.5,1.5
1783009322298,2026-07-02 18:22:02.298,C3:00:00:63:4D:08,-50,127,1.5,5.5,1.5
1783009322303,2026-07-02 18:22:02.303,C3:00:00:63:4D:0D,-52,127,1.5,5.5,1.5
1783009322339,2026-07-02 18:22:02.339,C3:00:00:63:4D:0D,-52,127,1.5,5.5,1.5
1783009322346,2026-07-02 18:22:02.346,C3:00:00:63:4D:09,-59,127,1.5,5.5,1.5
1783009322357,2026-07-02 18:22:02.357,C3:00:00:63:4D:0A,-66,127,1.5,5.5,1.5
1783009322369,2026-07-02 18:22:02.369,C3:00:00:63:4D:07,-59,127,1.5,5.5,1.5
1783009322370,2026-07-02 18:22:02.370,C3:00:00:63:4D:05,-64,127,1.5,5.5,1.5
1783009322380,2026-07-02 18:22:02.380,C3:00:00:63:4C:D2,-62,127,1.5,5.5,1.5
1783009322388,2026-07-02 18:22:02.388,C3:00:00:63:4D:04,-64,127,1.5,5.5,1.5
1783009322398,2026-07-02 18:22:02.398,C3:00:00:63:4D:08,-48,127,1.5,5.5,1.5
1783009322406,2026-07-02 18:22:02.406,C3:00:00:63:4D:0D,-54,127,1.5,5.5,1.5
1783009322460,2026-07-02 18:22:02.460,C3:00:00:63:4D:0A,-66,127,1.5,5.5,1.5
1783009322463,2026-07-02 18:22:02.463,C3:00:00:63:4D:09,-54,127,1.5,5.5,1.5
1783009322486,2026-07-02 18:22:02.486,C3:00:00:63:4C:D2,-61,127,1.5,5.5,1.5
1783009322496,2026-07-02 18:22:02.496,C3:00:00:63:4D:04,-75,127,1.5,5.5,1.5
1783009322509,2026-07-02 18:22:02.509,C3:00:00:63:4D:0D,-51,127,1.5,5.5,1.5
1783009322515,2026-07-02 18:22:02.515,C3:00:00:63:4D:08,-47,127,1.5,5.5,1.5
1783009322572,2026-07-02 18:22:02.572,C3:00:00:63:4D:09,-57,127,1.5,5.5,1.5
1783009322580,2026-07-02 18:22:02.580,C3:00:00:63:4D:0A,-63,127,1.5,5.5,1.5
1783009322591,2026-07-02 18:22:02.591,C3:00:00:63:4D:07,-54,127,1.5,5.5,1.5
1783009322603,2026-07-02 18:22:02.603,C3:00:00:63:4D:05,-64,127,1.5,5.5,1.5
1783009322606,2026-07-02 18:22:02.606,C3:00:00:63:4C:D2,-62,127,1.5,5.5,1.5
1783009322610,2026-07-02 18:22:02.610,C3:00:00:63:4D:04,-64,127,1.5,5.5,1.5
1783009322618,2026-07-02 18:22:02.618,C3:00:00:63:4D:0D,-53,127,1.5,5.5,1.5
1783009322620,2026-07-02 18:22:02.620,C3:00:00:63:4D:08,-50,127,1.5,5.5,1.5
1783009322659,2026-07-02 18:22:02.659,C3:00:00:63:4D:08,-50,127,1.5,5.5,1.5
1783009322672,2026-07-02 18:22:02.672,C3:00:00:63:4D:07,-59,127,1.5,5.5,1.5
1783009322688,2026-07-02 18:22:02.688,C3:00:00:63:4D:09,-60,127,1.5,5.5,1.5
1783009322696,2026-07-02 18:22:02.696,C3:00:00:63:4D:0A,-65,127,1.5,5.5,1.5
1783009322714,2026-07-02 18:22:02.714,C3:00:00:63:4C:D2,-61,127,1.5,5.5,1.5
1783009322720,2026-07-02 18:22:02.720,C3:00:00:63:4D:05,-56,127,1.5,5.5,1.5
1783009322729,2026-07-02 18:22:02.729,C3:00:00:63:4D:0D,-52,127,1.5,5.5,1.5
1783009322735,2026-07-02 18:22:02.735,C3:00:00:63:4D:08,-48,127,1.5,5.5,1.5
1783009322751,2026-07-02 18:22:02.751,C3:00:00:63:4D:07,-56,127,1.5,5.5,1.5
1783009322774,2026-07-02 18:22:02.774,C3:00:00:63:4C:D2,-61,127,1.5,5.5,1.5
1783009322796,2026-07-02 18:22:02.796,C3:00:00:63:4D:09,-57,127,1.5,5.5,1.5
1783009322803,2026-07-02 18:22:02.803,C3:00:00:63:4D:0A,-63,127,1.5,5.5,1.5
1783009322832,2026-07-02 18:22:02.832,C3:00:00:63:4D:04,-75,127,1.5,5.5,1.5
1783009322836,2026-07-02 18:22:02.836,C3:00:00:63:4D:0D,-51,127,1.5,5.5,1.5
1783009322838,2026-07-02 18:22:02.838,C3:00:00:63:4D:07,-54,127,1.5,5.5,1.5
1783009322839,2026-07-02 18:22:02.839,C3:00:00:63:4C:D2,-62,127,1.5,5.5,1.5
1783009322840,2026-07-02 18:22:02.840,C3:00:00:63:4D:05,-58,127,1.5,5.5,1.5
1783009322841,2026-07-02 18:22:02.841,C3:00:00:63:4D:08,-48,127,1.5,5.5,1.5
1783009322869,2026-07-02 18:22:02.869,C3:00:00:63:4D:0D,-51,127,1.5,5.5,1.5
1783009322890,2026-07-02 18:22:02.890,C3:00:00:63:4D:08,-47,127,1.5,5.5,1.5
1783009322918,2026-07-02 18:22:02.918,C3:00:00:63:4D:0A,-65,127,1.5,5.5,1.5
1783009322931,2026-07-02 18:22:02.931,C3:00:00:63:4D:0D,-52,127,1.5,5.5,1.5
1783009322936,2026-07-02 18:22:02.936,C3:00:00:63:4D:04,-64,127,1.5,5.5,1.5
1783009322942,2026-07-02 18:22:02.942,C3:00:00:63:4D:07,-59,127,1.5,5.5,1.5
1783009322950,2026-07-02 18:22:02.950,C3:00:00:63:4C:D2,-62,127,1.5,5.5,1.5
1783009322997,2026-07-02 18:22:02.997,C3:00:00:63:4D:09,-54,127,1.5,5.5,1.5
1783009323020,2026-07-02 18:22:03.020,C3:00:00:63:4D:0A,-67,127,1.5,5.5,1.5
1783009323026,2026-07-02 18:22:03.026,C3:00:00:63:4D:09,-54,127,1.5,5.5,1.5
1783009323032,2026-07-02 18:22:03.032,C3:00:00:63:4D:0D,-54,127,1.5,5.5,1.5
1783009323038,2026-07-02 18:22:03.038,C3:00:00:63:4D:04,-64,127,1.5,5.5,1.5
1783009323046,2026-07-02 18:22:03.046,C3:00:00:63:4D:07,-56,127,1.5,5.5,1.5
1783009323113,2026-07-02 18:22:03.113,C3:00:00:63:4D:09,-58,127,1.5,5.5,1.5
1783009323139,2026-07-02 18:22:03.139,C3:00:00:63:4C:D2,-62,127,1.5,5.5,1.5
1783009323148,2026-07-02 18:22:03.148,C3:00:00:63:4D:0A,-64,127,1.5,5.5,1.5
1783009323158,2026-07-02 18:22:03.158,C3:00:00:63:4D:0D,-51,127,1.5,5.5,1.5
1783009323162,2026-07-02 18:22:03.162,C3:00:00:63:4D:09,-57,127,1.5,5.5,1.5
1783009323163,2026-07-02 18:22:03.163,C3:00:00:63:4D:04,-75,127,1.5,5.5,1.5
1783009323164,2026-07-02 18:22:03.164,C3:00:00:63:4D:08,-47,127,1.5,5.5,1.5
1783009323171,2026-07-02 18:22:03.171,C3:00:00:63:4D:07,-54,127,1.5,5.5,1.5
1783009323178,2026-07-02 18:22:03.178,C3:00:00:63:4D:05,-58,127,1.5,5.5,1.5
1783009323196,2026-07-02 18:22:03.196,C3:00:00:63:4D:05,-64,127,1.5,5.5,1.5
1783009323247,2026-07-02 18:22:03.247,C3:00:00:63:4D:0D,-52,127,1.5,5.5,1.5
1783009323251,2026-07-02 18:22:03.251,C3:00:00:63:4D:09,-59,127,1.5,5.5,1.5
1783009323255,2026-07-02 18:22:03.255,C3:00:00:63:4D:0A,-66,127,1.5,5.5,1.5
1783009323263,2026-07-02 18:22:03.263,C3:00:00:63:4D:04,-64,127,1.5,5.5,1.5
1783009323283,2026-07-02 18:22:03.283,C3:00:00:63:4D:08,-50,127,1.5,5.5,1.5
1783009323288,2026-07-02 18:22:03.288,C3:00:00:63:4D:07,-58,127,1.5,5.5,1.5
1783009323296,2026-07-02 18:22:03.296,C3:00:00:63:4C:D2,-62,127,1.5,5.5,1.5
1783009323303,2026-07-02 18:22:03.303,C3:00:00:63:4D:05,-56,127,1.5,5.5,1.5
1783009323334,2026-07-02 18:22:03.334,C3:00:00:63:4D:0A,-66,127,1.5,5.5,1.5
1783009323347,2026-07-02 18:22:03.347,C3:00:00:63:4D:0D,-53,127,1.5,5.5,1.5
1783009323363,2026-07-02 18:22:03.363,C3:00:00:63:4D:0A,-66,127,1.5,5.5,1.5
1783009323366,2026-07-02 18:22:03.366,C3:00:00:63:4D:04,-64,127,1.5,5.5,1.5
1783009323378,2026-07-02 18:22:03.378,C3:00:00:63:4D:09,-54,127,1.5,5.5,1.5
1783009323380,2026-07-02 18:22:03.380,C3:00:00:63:4D:08,-48,127,1.5,5.5,1.5
1783009323386,2026-07-02 18:22:03.386,C3:00:00:63:4D:0A,-66,127,1.5,5.5,1.5
1783009323396,2026-07-02 18:22:03.396,C3:00:00:63:4D:07,-54,127,1.5,5.5,1.5
1783009323403,2026-07-02 18:22:03.403,C3:00:00:63:4C:D2,-62,127,1.5,5.5,1.5
1783009323406,2026-07-02 18:22:03.406,C3:00:00:63:4D:05,-58,127,1.5,5.5,1.5
1783009323418,2026-07-02 18:22:03.418,C3:00:00:63:4D:07,-54,127,1.5,5.5,1.5
1783009323454,2026-07-02 18:22:03.454,C3:00:00:63:4D:0D,-51,127,1.5,5.5,1.5
1783009323473,2026-07-02 18:22:03.473,C3:00:00:63:4D:04,-74,127,1.5,5.5,1.5
1783009323481,2026-07-02 18:22:03.481,C3:00:00:63:4D:09,-57,127,1.5,5.5,1.5
1783009323493,2026-07-02 18:22:03.493,C3:00:00:63:4D:08,-48,127,1.5,5.5,1.5
1783009323516,2026-07-02 18:22:03.516,C3:00:00:63:4D:07,-59,127,1.5,5.5,1.5
1783009323521,2026-07-02 18:22:03.521,C3:00:00:63:4D:05,-64,127,1.5,5.5,1.5
1783009323530,2026-07-02 18:22:03.530,C3:00:00:63:4C:D2,-62,127,1.5,5.5,1.5
1783009323560,2026-07-02 18:22:03.560,C3:00:00:63:4D:0D,-52,127,1.5,5.5,1.5
1783009323579,2026-07-02 18:22:03.579,C3:00:00:63:4D:05,-65,127,1.5,5.5,1.5
1783009323586,2026-07-02 18:22:03.586,C3:00:00:63:4D:04,-65,127,1.5,5.5,1.5
1783009323598,2026-07-02 18:22:03.598,C3:00:00:63:4D:0A,-67,127,1.5,5.5,1.5
1783009323600,2026-07-02 18:22:03.600,C3:00:00:63:4D:09,-54,127,1.5,5.5,1.5
1783009323605,2026-07-02 18:22:03.605,C3:00:00:63:4D:08,-48,127,1.5,5.5,1.5
1783009323607,2026-07-02 18:22:03.607,C3:00:00:63:4D:04,-64,127,1.5,5.5,1.5
1783009323628,2026-07-02 18:22:03.628,C3:00:00:63:4D:07,-55,127,1.5,5.5,1.5
1783009323634,2026-07-02 18:22:03.634,C3:00:00:63:4D:04,-64,127,1.5,5.5,1.5
1783009323638,2026-07-02 18:22:03.638,C3:00:00:63:4D:05,-56,127,1.5,5.5,1.5
1783009323645,2026-07-02 18:22:03.645,C3:00:00:63:4C:D2,-61,127,1.5,5.5,1.5
1783009323664,2026-07-02 18:22:03.664,C3:00:00:63:4D:0D,-53,127,1.5,5.5,1.5
1783009323691,2026-07-02 18:22:03.691,C3:00:00:63:4D:04,-64,127,1.5,5.5,1.5
1783009323698,2026-07-02 18:22:03.698,C3:00:00:63:4D:08,-48,127,1.5,5.5,1.5
1783009323714,2026-07-02 18:22:03.714,C3:00:00:63:4D:08,-46,127,1.5,5.5,1.5
1783009323739,2026-07-02 18:22:03.739,C3:00:00:63:4D:04,-76,127,1.5,5.5,1.5
1783009323757,2026-07-02 18:22:03.757,C3:00:00:63:4D:05,-58,127,1.5,5.5,1.5
1783009323762,2026-07-02 18:22:03.762,C3:00:00:63:4C:D2,-62,127,1.5,5.5,1.5
1783009323770,2026-07-02 18:22:03.770,C3:00:00:63:4D:0D,-51,127,1.5,5.5,1.5
1783009323805,2026-07-02 18:22:03.805,C3:00:00:63:4D:04,-65,127,1.5,5.5,1.5
1783009323822,2026-07-02 18:22:03.822,C3:00:00:63:4D:0A,-67,127,1.5,5.5,1.5
1783009323828,2026-07-02 18:22:03.828,C3:00:00:63:4D:09,-59,127,1.5,5.5,1.5
1783009323835,2026-07-02 18:22:03.835,C3:00:00:63:4D:08,-50,127,1.5,5.5,1.5
1783009323856,2026-07-02 18:22:03.856,C3:00:00:63:4D:07,-59,127,1.5,5.5,1.5
1783009323870,2026-07-02 18:22:03.870,C3:00:00:63:4D:05,-65,127,1.5,5.5,1.5
1783009323876,2026-07-02 18:22:03.876,C3:00:00:63:4C:D2,-62,127,1.5,5.5,1.5
1783009323915,2026-07-02 18:22:03.915,C3:00:00:63:4C:D2,-61,127,1.5,5.5,1.5
1783009323918,2026-07-02 18:22:03.918,C3:00:00:63:4D:04,-65,127,1.5,5.5,1.5
1783009323928,2026-07-02 18:22:03.928,C3:00:00:63:4D:08,-48,127,1.5,5.5,1.5
1783009323932,2026-07-02 18:22:03.932,C3:00:00:63:4D:0A,-66,127,1.5,5.5,1.5
1783009323937,2026-07-02 18:22:03.937,C3:00:00:63:4D:09,-54,127,1.5,5.5,1.5
1783009323978,2026-07-02 18:22:03.978,C3:00:00:63:4D:0D,-54,127,1.5,5.5,1.5
1783009323982,2026-07-02 18:22:03.982,C3:00:00:63:4D:05,-56,127,1.5,5.5,1.5
1783009323984,2026-07-02 18:22:03.984,C3:00:00:63:4D:07,-55,127,1.5,5.5,1.5
1783009323986,2026-07-02 18:22:03.986,C3:00:00:63:4C:D2,-61,127,1.5,5.5,1.5
1783009324015,2026-07-02 18:22:04.015,C3:00:00:63:4D:04,-73,127,1.5,5.5,1.5
1783009324039,2026-07-02 18:22:04.039,C3:00:00:63:4D:08,-48,127,1.5,5.5,1.5
1783009324048,2026-07-02 18:22:04.048,C3:00:00:63:4D:0A,-63,127,1.5,5.5,1.5
1783009324062,2026-07-02 18:22:04.062,C3:00:00:63:4D:09,-56,127,1.5,5.5,1.5
1783009324078,2026-07-02 18:22:04.078,C3:00:00:63:4D:0D,-51,127,1.5,5.5,1.5
1783009324091,2026-07-02 18:22:04.091,C3:00:00:63:4D:05,-65,127,1.5,5.5,1.5
1783009324096,2026-07-02 18:22:04.096,C3:00:00:63:4D:07,-59,127,1.5,5.5,1.5
1783009324100,2026-07-02 18:22:04.100,C3:00:00:63:4C:D2,-63,127,1.5,5.5,1.5
1783009324129,2026-07-02 18:22:04.129,C3:00:00:63:4D:04,-65,127,1.5,5.5,1.5
1783009324157,2026-07-02 18:22:04.157,C3:00:00:63:4D:0A,-67,127,1.5,5.5,1.5
1783009324184,2026-07-02 18:22:04.184,C3:00:00:63:4D:09,-59,127,1.5,5.5,1.5
1783009324191,2026-07-02 18:22:04.191,C3:00:00:63:4D:0D,-52,127,1.5,5.5,1.5
1783009324204,2026-07-02 18:22:04.204,C3:00:00:63:4D:07,-55,127,1.5,5.5,1.5
1783009324210,2026-07-02 18:22:04.210,C3:00:00:63:4C:D2,-61,127,1.5,5.5,1.5
1783009324214,2026-07-02 18:22:04.214,C3:00:00:63:4D:05,-56,127,1.5,5.5,1.5
1783009324226,2026-07-02 18:22:04.226,C3:00:00:63:4D:05,-64,127,1.5,5.5,1.5
1783009324235,2026-07-02 18:22:04.235,C3:00:00:63:4D:04,-65,127,1.5,5.5,1.5
1783009324252,2026-07-02 18:22:04.252,C3:00:00:63:4D:08,-49,127,1.5,5.5,1.5
1783009324263,2026-07-02 18:22:04.263,C3:00:00:63:4D:0A,-66,127,1.5,5.5,1.5
1783009324280,2026-07-02 18:22:04.280,C3:00:00:63:4D:09,-54,127,1.5,5.5,1.5
1783009324293,2026-07-02 18:22:04.293,C3:00:00:63:4D:0A,-66,127,1.5,5.5,1.5
1783009324297,2026-07-02 18:22:04.297,C3:00:00:63:4D:0D,-51,127,1.5,5.5,1.5
1783009324318,2026-07-02 18:22:04.318,C3:00:00:63:4D:07,-54,127,1.5,5.5,1.5
1783009324324,2026-07-02 18:22:04.324,C3:00:00:63:4C:D2,-62,127,1.5,5.5,1.5
1783009324335,2026-07-02 18:22:04.335,C3:00:00:63:4D:05,-58,127,1.5,5.5,1.5
1783009324344,2026-07-02 18:22:04.344,C3:00:00:63:4D:04,-74,127,1.5,5.5,1.5
1783009324359,2026-07-02 18:22:04.359,C3:00:00:63:4D:0D,-51,127,1.5,5.5,1.5
1783009324375,2026-07-02 18:22:04.375,C3:00:00:63:4D:08,-48,127,1.5,5.5,1.5
1783009324379,2026-07-02 18:22:04.379,C3:00:00:63:4D:0A,-63,127,1.5,5.5,1.5
1783009324393,2026-07-02 18:22:04.393,C3:00:00:63:4D:0D,-52,127,1.5,5.5,1.5
1783009324402,2026-07-02 18:22:04.402,C3:00:00:63:4D:09,-59,127,1.5,5.5,1.5
1783009324433,2026-07-02 18:22:04.433,C3:00:00:63:4D:07,-58,127,1.5,5.5,1.5
1783009324441,2026-07-02 18:22:04.441,C3:00:00:63:4D:05,-64,127,1.5,5.5,1.5
1783009324445,2026-07-02 18:22:04.445,C3:00:00:63:4C:D2,-62,127,1.5,5.5,1.5
1783009324457,2026-07-02 18:22:04.457,C3:00:00:63:4D:04,-65,127,1.5,5.5,1.5
1783009324464,2026-07-02 18:22:04.464,C3:00:00:63:4C:D2,-70,127,1.5,5.5,1.5
1783009324478,2026-07-02 18:22:04.478,C3:00:00:63:4D:08,-50,127,1.5,5.5,1.5
1783009324560,2026-07-02 18:22:04.560,C3:00:00:63:4C:D2,-62,127,1.5,5.5,1.5
1783009324571,2026-07-02 18:22:04.571,C3:00:00:63:4D:04,-64,127,1.5,5.5,1.5
1783009324589,2026-07-02 18:22:04.589,C3:00:00:63:4D:08,-49,127,1.5,5.5,1.5
1783009324603,2026-07-02 18:22:04.603,C3:00:00:63:4D:0A,-64,127,1.5,5.5,1.5
1783009324621,2026-07-02 18:22:04.621,C3:00:00:63:4D:09,-55,127,1.5,5.5,1.5
1783009324658,2026-07-02 18:22:04.658,C3:00:00:63:4D:08,-46,127,1.5,5.5,1.5
1783009324664,2026-07-02 18:22:04.664,C3:00:00:63:4D:07,-54,127,1.5,5.5,1.5
1783009324672,2026-07-02 18:22:04.672,C3:00:00:63:4D:05,-58,127,1.5,5.5,1.5
1783009324686,2026-07-02 18:22:04.686,C3:00:00:63:4C:D2,-62,127,1.5,5.5,1.5
1783009324688,2026-07-02 18:22:04.688,C3:00:00:63:4D:07,-53,127,1.5,5.5,1.5
1783009324690,2026-07-02 18:22:04.690,C3:00:00:63:4D:08,-46,127,1.5,5.5,1.5
1783009324695,2026-07-02 18:22:04.695,C3:00:00:63:4D:0D,-50,127,1.5,5.5,1.5
1783009324716,2026-07-02 18:22:04.716,C3:00:00:63:4D:0A,-67,127,1.5,5.5,1.5
1783009324718,2026-07-02 18:22:04.718,C3:00:00:63:4D:0D,-52,127,1.5,5.5,1.5
1783009324737,2026-07-02 18:22:04.737,C3:00:00:63:4D:09,-58,127,1.5,5.5,1.5
1783009324784,2026-07-02 18:22:04.784,C3:00:00:63:4D:07,-59,127,1.5,5.5,1.5
1783009324789,2026-07-02 18:22:04.789,C3:00:00:63:4C:D2,-62,127,1.5,5.5,1.5
1783009324806,2026-07-02 18:22:04.806,C3:00:00:63:4D:08,-49,127,1.5,5.5,1.5
1783009324818,2026-07-02 18:22:04.818,C3:00:00:63:4D:0D,-53,127,1.5,5.5,1.5
1783009324838,2026-07-02 18:22:04.838,C3:00:00:63:4D:0A,-65,127,1.5,5.5,1.5
1783009324845,2026-07-02 18:22:04.845,C3:00:00:63:4D:09,-54,127,1.5,5.5,1.5
1783009324882,2026-07-02 18:22:04.882,C3:00:00:63:4D:0D,-54,127,1.5,5.5,1.5
1783009324893,2026-07-02 18:22:04.893,C3:00:00:63:4D:04,-65,127,1.5,5.5,1.5
1783009324896,2026-07-02 18:22:04.896,C3:00:00:63:4D:07,-54,127,1.5,5.5,1.5
1783009324901,2026-07-02 18:22:04.901,C3:00:00:63:4C:D2,-62,127,1.5,5.5,1.5
1783009324905,2026-07-02 18:22:04.905,C3:00:00:63:4D:05,-58,127,1.5,5.5,1.5
1783009324909,2026-07-02 18:22:04.909,C3:00:00:63:4D:08,-48,127,1.5,5.5,1.5
1783009324918,2026-07-02 18:22:04.918,C3:00:00:63:4D:0D,-51,127,1.5,5.5,1.5
1783009324943,2026-07-02 18:22:04.943,C3:00:00:63:4D:0A,-63,127,1.5,5.5,1.5
1783009324968,2026-07-02 18:22:04.968,C3:00:00:63:4D:09,-56,127,1.5,5.5,1.5
1783009324997,2026-07-02 18:22:04.997,C3:00:00:63:4D:09,-60,127,1.5,5.5,1.5
1783009325012,2026-07-02 18:22:05.012,C3:00:00:63:4D:04,-65,127,1.5,5.5,1.5
1783009325016,2026-07-02 18:22:05.016,C3:00:00:63:4D:07,-59,127,1.5,5.5,1.5
1783009325019,2026-07-02 18:22:05.019,C3:00:00:63:4C:D2,-62,127,1.5,5.5,1.5
1783009325027,2026-07-02 18:22:05.027,C3:00:00:63:4D:0D,-52,127,1.5,5.5,1.5
1783009325055,2026-07-02 18:22:05.055,C3:00:00:63:4D:0A,-67,127,1.5,5.5,1.5
1783009325078,2026-07-02 18:22:05.078,C3:00:00:63:4D:09,-59,127,1.5,5.5,1.5
1783009325111,2026-07-02 18:22:05.111,C3:00:00:63:4D:04,-65,127,1.5,5.5,1.5
1783009325121,2026-07-02 18:22:05.121,C3:00:00:63:4D:09,-54,127,1.5,5.5,1.5
1783009325127,2026-07-02 18:22:05.127,C3:00:00:63:4D:07,-55,127,1.5,5.5,1.5
1783009325140,2026-07-02 18:22:05.140,C3:00:00:63:4D:08,-48,127,1.5,5.5,1.5
1783009325145,2026-07-02 18:22:05.145,C3:00:00:63:4D:05,-56,127,1.5,5.5,1.5
1783009325147,2026-07-02 18:22:05.147,C3:00:00:63:4D:0D,-52,127,1.5,5.5,1.5
1783009325148,2026-07-02 18:22:05.148,C3:00:00:63:4C:D2,-61,127,1.5,5.5,1.5
1783009325172,2026-07-02 18:22:05.172,C3:00:00:63:4D:0A,-66,127,1.5,5.5,1.5
1783009325197,2026-07-02 18:22:05.197,C3:00:00:63:4D:09,-55,127,1.5,5.5,1.5
1783009325216,2026-07-02 18:22:05.216,C3:00:00:63:4D:04,-68,127,1.5,5.5,1.5
1783009325239,2026-07-02 18:22:05.239,C3:00:00:63:4D:07,-53,127,1.5,5.5,1.5
1783009325244,2026-07-02 18:22:05.244,C3:00:00:63:4D:0D,-51,127,1.5,5.5,1.5
1783009325250,2026-07-02 18:22:05.250,C3:00:00:63:4D:04,-68,127,1.5,5.5,1.5
1783009325257,2026-07-02 18:22:05.257,C3:00:00:63:4D:05,-58,127,1.5,5.5,1.5
1783009325262,2026-07-02 18:22:05.262,C3:00:00:63:4C:D2,-62,127,1.5,5.5,1.5
1783009325309,2026-07-02 18:22:05.309,C3:00:00:63:4D:09,-58,127,1.5,5.5,1.5
1783009325334,2026-07-02 18:22:05.334,C3:00:00:63:4D:04,-66,127,1.5,5.5,1.5
1783009325355,2026-07-02 18:22:05.355,C3:00:00:63:4D:08,-48,127,1.5,5.5,1.5
1783009325357,2026-07-02 18:22:05.357,C3:00:00:63:4D:0D,-50,127,1.5,5.5,1.5
1783009325360,2026-07-02 18:22:05.360,C3:00:00:63:4D:0A,-68,127,1.5,5.5,1.5
1783009325365,2026-07-02 18:22:05.365,C3:00:00:63:4D:07,-59,127,1.5,5.5,1.5
1783009325369,2026-07-02 18:22:05.369,C3:00:00:63:4D:05,-64,127,1.5,5.5,1.5
1783009325384,2026-07-02 18:22:05.384,C3:00:00:63:4D:0A,-67,127,1.5,5.5,1.5
1783009325410,2026-07-02 18:22:05.410,C3:00:00:63:4D:0A,-66,127,1.5,5.5,1.5
1783009325412,2026-07-02 18:22:05.412,C3:00:00:63:4D:07,-56,127,1.5,5.5,1.5
1783009325425,2026-07-02 18:22:05.425,C3:00:00:63:4D:09,-54,127,1.5,5.5,1.5
1783009325436,2026-07-02 18:22:05.436,C3:00:00:63:4D:04,-65,127,1.5,5.5,1.5
1783009325469,2026-07-02 18:22:05.469,C3:00:00:63:4D:07,-56,127,1.5,5.5,1.5
1783009325472,2026-07-02 18:22:05.472,C3:00:00:63:4D:05,-57,127,1.5,5.5,1.5
1783009325478,2026-07-02 18:22:05.478,C3:00:00:63:4C:D2,-63,127,1.5,5.5,1.5
1783009325504,2026-07-02 18:22:05.504,C3:00:00:63:4D:0A,-63,127,1.5,5.5,1.5
1783009325543,2026-07-02 18:22:05.543,C3:00:00:63:4D:04,-68,127,1.5,5.5,1.5
1783009325552,2026-07-02 18:22:05.552,C3:00:00:63:4D:0D,-51,127,1.5,5.5,1.5
1783009325570,2026-07-02 18:22:05.570,C3:00:00:63:4D:08,-46,127,1.5,5.5,1.5
1783009325586,2026-07-02 18:22:05.586,C3:00:00:63:4D:05,-59,127,1.5,5.5,1.5
1783009325591,2026-07-02 18:22:05.591,C3:00:00:63:4D:07,-54,127,1.5,5.5,1.5
1783009325606,2026-07-02 18:22:05.606,C3:00:00:63:4D:04,-65,127,1.5,5.5,1.5
1783009325622,2026-07-02 18:22:05.622,C3:00:00:63:4D:0A,-67,127,1.5,5.5,1.5
1783009325655,2026-07-02 18:22:05.655,C3:00:00:63:4D:09,-58,127,1.5,5.5,1.5
1783009325665,2026-07-02 18:22:05.665,C3:00:00:63:4D:0D,-50,127,1.5,5.5,1.5
1783009325670,2026-07-02 18:22:05.670,C3:00:00:63:4D:08,-48,127,1.5,5.5,1.5
1783009325700,2026-07-02 18:22:05.700,C3:00:00:63:4D:08,-48,127,1.5,5.5,1.5
1783009325705,2026-07-02 18:22:05.705,C3:00:00:63:4D:07,-55,127,1.5,5.5,1.5
1783009325709,2026-07-02 18:22:05.709,C3:00:00:63:4D:05,-56,127,1.5,5.5,1.5
1783009325734,2026-07-02 18:22:05.734,C3:00:00:63:4D:0A,-66,127,1.5,5.5,1.5
1783009325764,2026-07-02 18:22:05.764,C3:00:00:63:4D:04,-65,127,1.5,5.5,1.5
1783009325772,2026-07-02 18:22:05.772,C3:00:00:63:4D:09,-54,127,1.5,5.5,1.5
1783009325778,2026-07-02 18:22:05.778,C3:00:00:63:4D:0D,-56,127,1.5,5.5,1.5
1783009325855,2026-07-02 18:22:05.855,C3:00:00:63:4D:0A,-64,127,1.5,5.5,1.5
1783009325883,2026-07-02 18:22:05.883,C3:00:00:63:4D:0D,-51,127,1.5,5.5,1.5
1783009325889,2026-07-02 18:22:05.889,C3:00:00:63:4D:09,-55,127,1.5,5.5,1.5
1783009325899,2026-07-02 18:22:05.899,C3:00:00:63:4D:08,-48,127,1.5,5.5,1.5
1783009325909,2026-07-02 18:22:05.909,C3:00:00:63:4C:D2,-62,127,1.5,5.5,1.5
1783009325935,2026-07-02 18:22:05.935,C3:00:00:63:4D:07,-57,127,1.5,5.5,1.5
1783009325963,2026-07-02 18:22:05.963,C3:00:00:63:4D:0A,-67,127,1.5,5.5,1.5
1783009325975,2026-07-02 18:22:05.975,C3:00:00:63:4D:0D,-50,127,1.5,5.5,1.5
1783009325983,2026-07-02 18:22:05.983,C3:00:00:63:4D:04,-66,127,1.5,5.5,1.5
1783009325990,2026-07-02 18:22:05.990,C3:00:00:63:4D:09,-58,127,1.5,5.5,1.5
1783009325994,2026-07-02 18:22:05.994,C3:00:00:63:4D:08,-48,127,1.5,5.5,1.5
1783009326045,2026-07-02 18:22:06.045,C3:00:00:63:4D:07,-55,127,1.5,5.5,1.5
1783009326051,2026-07-02 18:22:06.051,C3:00:00:63:4D:05,-56,127,1.5,5.5,1.5
1783009326056,2026-07-02 18:22:06.056,C3:00:00:63:4C:D2,-61,127,1.5,5.5,1.5
1783009326062,2026-07-02 18:22:06.062,C3:00:00:63:4D:09,-61,127,1.5,5.5,1.5
1783009326073,2026-07-02 18:22:06.073,C3:00:00:63:4D:0D,-61,127,1.5,5.5,1.5
1783009326079,2026-07-02 18:22:06.079,C3:00:00:63:4D:0A,-66,127,1.5,5.5,1.5
1783009326096,2026-07-02 18:22:06.096,C3:00:00:63:4D:0D,-51,127,1.5,5.5,1.5
1783009326110,2026-07-02 18:22:06.110,C3:00:00:63:4D:09,-57,127,1.5,5.5,1.5
1783009326113,2026-07-02 18:22:06.113,C3:00:00:63:4D:08,-48,127,1.5,5.5,1.5
1783009326119,2026-07-02 18:22:06.119,C3:00:00:63:4D:07,-60,127,1.5,5.5,1.5
1783009326167,2026-07-02 18:22:06.167,C3:00:00:63:4D:05,-58,127,1.5,5.5,1.5
1783009326169,2026-07-02 18:22:06.169,C3:00:00:63:4C:D2,-62,127,1.5,5.5,1.5
1783009326191,2026-07-02 18:22:06.191,C3:00:00:63:4D:0D,-51,127,1.5,5.5,1.5
1783009326195,2026-07-02 18:22:06.195,C3:00:00:63:4D:0A,-63,127,1.5,5.5,1.5
1783009326208,2026-07-02 18:22:06.208,C3:00:00:63:4D:04,-65,127,1.5,5.5,1.5
1783009326211,2026-07-02 18:22:06.211,C3:00:00:63:4D:05,-65,127,1.5,5.5,1.5
1783009326218,2026-07-02 18:22:06.218,C3:00:00:63:4D:09,-60,127,1.5,5.5,1.5
1783009326275,2026-07-02 18:22:06.275,C3:00:00:63:4D:07,-59,127,1.5,5.5,1.5
1783009326282,2026-07-02 18:22:06.282,C3:00:00:63:4D:05,-64,127,1.5,5.5,1.5
1783009326288,2026-07-02 18:22:06.288,C3:00:00:63:4D:0D,-52,127,1.5,5.5,1.5
1783009326300,2026-07-02 18:22:06.300,C3:00:00:63:4D:0A,-66,127,1.5,5.5,1.5
1783009326306,2026-07-02 18:22:06.306,C3:00:00:63:4D:04,-65,127,1.5,5.5,1.5
1783009326331,2026-07-02 18:22:06.331,C3:00:00:63:4D:08,-48,127,1.5,5.5,1.5
1783009326351,2026-07-02 18:22:06.351,C3:00:00:63:4D:0D,-54,127,1.5,5.5,1.5
1783009326393,2026-07-02 18:22:06.393,C3:00:00:63:4D:05,-56,127,1.5,5.5,1.5
1783009326399,2026-07-02 18:22:06.399,C3:00:00:63:4D:07,-55,127,1.5,5.5,1.5
1783009326402,2026-07-02 18:22:06.402,C3:00:00:63:4D:0D,-53,127,1.5,5.5,1.5
1783009326416,2026-07-02 18:22:06.416,C3:00:00:63:4D:0A,-63,127,1.5,5.5,1.5
1783009326420,2026-07-02 18:22:06.420,C3:00:00:63:4D:04,-74,127,1.5,5.5,1.5
1783009326437,2026-07-02 18:22:06.437,C3:00:00:63:4D:08,-47,127,1.5,5.5,1.5
1783009326449,2026-07-02 18:22:06.449,C3:00:00:63:4D:09,-57,127,1.5,5.5,1.5
1783009326504,2026-07-02 18:22:06.504,C3:00:00:63:4D:0D,-52,127,1.5,5.5,1.5
1783009326512,2026-07-02 18:22:06.512,C3:00:00:63:4D:07,-59,127,1.5,5.5,1.5
1783009326519,2026-07-02 18:22:06.519,C3:00:00:63:4D:05,-65,127,1.5,5.5,1.5
1783009326527,2026-07-02 18:22:06.527,C3:00:00:63:4D:0A,-67,127,1.5,5.5,1.5
1783009326533,2026-07-02 18:22:06.533,C3:00:00:63:4D:04,-65,127,1.5,5.5,1.5
1783009326545,2026-07-02 18:22:06.545,C3:00:00:63:4D:08,-50,127,1.5,5.5,1.5
1783009326604,2026-07-02 18:22:06.604,C3:00:00:63:4D:0D,-52,127,1.5,5.5,1.5
1783009326616,2026-07-02 18:22:06.616,C3:00:00:63:4D:07,-55,127,1.5,5.5,1.5
1783009326628,2026-07-02 18:22:06.628,C3:00:00:63:4C:D2,-61,127,1.5,5.5,1.5
1783009326631,2026-07-02 18:22:06.631,C3:00:00:63:4D:05,-56,127,1.5,5.5,1.5
1783009326637,2026-07-02 18:22:06.637,C3:00:00:63:4D:04,-65,127,1.5,5.5,1.5
1783009326639,2026-07-02 18:22:06.639,C3:00:00:63:4D:0A,-66,127,1.5,5.5,1.5
1783009326651,2026-07-02 18:22:06.651,C3:00:00:63:4D:08,-48,127,1.5,5.5,1.5
1783009326675,2026-07-02 18:22:06.675,C3:00:00:63:4D:08,-49,127,1.5,5.5,1.5
1783009326680,2026-07-02 18:22:06.680,C3:00:00:63:4D:09,-54,127,1.5,5.5,1.5
1783009326692,2026-07-02 18:22:06.692,C3:00:00:63:4D:07,-54,127,1.5,5.5,1.5
1783009326701,2026-07-02 18:22:06.701,C3:00:00:63:4D:0D,-51,127,1.5,5.5,1.5
1783009326731,2026-07-02 18:22:06.731,C3:00:00:63:4D:07,-54,127,1.5,5.5,1.5
1783009326742,2026-07-02 18:22:06.742,C3:00:00:63:4D:05,-58,127,1.5,5.5,1.5
1783009326746,2026-07-02 18:22:06.746,C3:00:00:63:4C:D2,-62,127,1.5,5.5,1.5
1783009326749,2026-07-02 18:22:06.749,C3:00:00:63:4D:04,-74,127,1.5,5.5,1.5
1783009326758,2026-07-02 18:22:06.758,C3:00:00:63:4D:0A,-63,127,1.5,5.5,1.5
1783009326764,2026-07-02 18:22:06.764,C3:00:00:63:4D:08,-47,127,1.5,5.5,1.5
1783009326765,2026-07-02 18:22:06.765,C3:00:00:63:4D:07,-54,127,1.5,5.5,1.5
1783009326785,2026-07-02 18:22:06.785,C3:00:00:63:4D:09,-57,127,1.5,5.5,1.5
1783009326787,2026-07-02 18:22:06.787,C3:00:00:63:4C:D2,-62,127,1.5,5.5,1.5
1783009326816,2026-07-02 18:22:06.816,C3:00:00:63:4D:0D,-52,127,1.5,5.5,1.5
1783009326850,2026-07-02 18:22:06.850,C3:00:00:63:4D:07,-59,127,1.5,5.5,1.5
1783009326856,2026-07-02 18:22:06.856,C3:00:00:63:4C:D2,-62,127,1.5,5.5,1.5
1783009326869,2026-07-02 18:22:06.869,C3:00:00:63:4D:0A,-67,127,1.5,5.5,1.5
1783009326882,2026-07-02 18:22:06.882,C3:00:00:63:4D:08,-50,127,1.5,5.5,1.5
1783009326888,2026-07-02 18:22:06.888,C3:00:00:63:4D:0D,-52,127,1.5,5.5,1.5
1783009326895,2026-07-02 18:22:06.895,C3:00:00:63:4D:08,-49,127,1.5,5.5,1.5
1783009326900,2026-07-02 18:22:06.900,C3:00:00:63:4D:09,-54,127,1.5,5.5,1.5
1783009326970,2026-07-02 18:22:06.970,C3:00:00:63:4C:D2,-61,127,1.5,5.5,1.5
1783009326975,2026-07-02 18:22:06.975,C3:00:00:63:4D:05,-56,127,1.5,5.5,1.5
1783009326978,2026-07-02 18:22:06.978,C3:00:00:63:4D:0A,-66,127,1.5,5.5,1.5
1783009327004,2026-07-02 18:22:07.004,C3:00:00:63:4D:09,-57,127,1.5,5.5,1.5
1783009327019,2026-07-02 18:22:07.019,C3:00:00:63:4D:0D,-51,127,1.5,5.5,1.5
1783009327028,2026-07-02 18:22:07.028,C3:00:00:63:4D:09,-55,127,1.5,5.5,1.5
1783009327086,2026-07-02 18:22:07.086,C3:00:00:63:4C:D2,-62,127,1.5,5.5,1.5
1783009327089,2026-07-02 18:22:07.089,C3:00:00:63:4D:05,-58,127,1.5,5.5,1.5
1783009327092,2026-07-02 18:22:07.092,C3:00:00:63:4D:0A,-65,127,1.5,5.5,1.5
1783009327096,2026-07-02 18:22:07.096,C3:00:00:63:4D:08,-48,127,1.5,5.5,1.5
1783009327153,2026-07-02 18:22:07.153,C3:00:00:63:4D:09,-58,127,1.5,5.5,1.5
1783009327158,2026-07-02 18:22:07.158,C3:00:00:63:4C:D2,-62,127,1.5,5.5,1.5
1783009327180,2026-07-02 18:22:07.180,C3:00:00:63:4D:04,-66,127,1.5,5.5,1.5
1783009327202,2026-07-02 18:22:07.202,C3:00:00:63:4D:08,-49,127,1.5,5.5,1.5
1783009327210,2026-07-02 18:22:07.210,C3:00:00:63:4D:0A,-64,127,1.5,5.5,1.5
1783009327218,2026-07-02 18:22:07.218,C3:00:00:63:4D:05,-56,127,1.5,5.5,1.5
1783009327232,2026-07-02 18:22:07.232,C3:00:00:63:4D:0D,-56,127,1.5,5.5,1.5
1783009327243,2026-07-02 18:22:07.243,C3:00:00:63:4D:09,-54,127,1.5,5.5,1.5
1783009327292,2026-07-02 18:22:07.292,C3:00:00:63:4D:04,-65,127,1.5,5.5,1.5
1783009327310,2026-07-02 18:22:07.310,C3:00:00:63:4D:08,-46,127,1.5,5.5,1.5
1783009327319,2026-07-02 18:22:07.319,C3:00:00:63:4D:07,-54,127,1.5,5.5,1.5
1783009327333,2026-07-02 18:22:07.333,C3:00:00:63:4D:0A,-64,127,1.5,5.5,1.5
1783009327342,2026-07-02 18:22:07.342,C3:00:00:63:4D:0D,-51,127,1.5,5.5,1.5
1783009327357,2026-07-02 18:22:07.357,C3:00:00:63:4D:0A,-64,127,1.5,5.5,1.5
1783009327362,2026-07-02 18:22:07.362,C3:00:00:63:4D:09,-55,127,1.5,5.5,1.5
1783009327390,2026-07-02 18:22:07.390,C3:00:00:63:4D:0A,-64,127,1.5,5.5,1.5
1783009327397,2026-07-02 18:22:07.397,C3:00:00:63:4D:04,-66,127,1.5,5.5,1.5
1783009327424,2026-07-02 18:22:07.424,C3:00:00:63:4D:08,-48,127,1.5,5.5,1.5
1783009327431,2026-07-02 18:22:07.431,C3:00:00:63:4D:05,-66,127,1.5,5.5,1.5
1783009327453,2026-07-02 18:22:07.453,C3:00:00:63:4D:0D,-50,127,1.5,5.5,1.5
1783009327460,2026-07-02 18:22:07.460,C3:00:00:63:4D:07,-58,127,1.5,5.5,1.5
1783009327478,2026-07-02 18:22:07.478,C3:00:00:63:4D:09,-58,127,1.5,5.5,1.5
1783009327509,2026-07-02 18:22:07.509,C3:00:00:63:4D:04,-63,127,1.5,5.5,1.5
1783009327524,2026-07-02 18:22:07.524,C3:00:00:63:4D:08,-49,127,1.5,5.5,1.5
1783009327585,2026-07-02 18:22:07.585,C3:00:00:63:4D:09,-54,127,1.5,5.5,1.5
1783009327596,2026-07-02 18:22:07.596,C3:00:00:63:4D:05,-59,127,1.5,5.5,1.5
1783009327612,2026-07-02 18:22:07.612,C3:00:00:63:4D:04,-74,127,1.5,5.5,1.5
1783009327632,2026-07-02 18:22:07.632,C3:00:00:63:4D:04,-74,127,1.5,5.5,1.5
1783009327637,2026-07-02 18:22:07.637,C3:00:00:63:4D:08,-47,127,1.5,5.5,1.5
1783009327658,2026-07-02 18:22:07.658,C3:00:00:63:4C:D2,-63,127,1.5,5.5,1.5
1783009327707,2026-07-02 18:22:07.707,C3:00:00:63:4D:09,-59,127,1.5,5.5,1.5
1783009327712,2026-07-02 18:22:07.712,C3:00:00:63:4D:08,-50,127,1.5,5.5,1.5
1783009327729,2026-07-02 18:22:07.729,C3:00:00:63:4D:04,-65,127,1.5,5.5,1.5
1783009327739,2026-07-02 18:22:07.739,C3:00:00:63:4D:08,-50,127,1.5,5.5,1.5
1783009327745,2026-07-02 18:22:07.745,C3:00:00:63:4D:04,-72,127,1.5,5.5,1.5
1783009327758,2026-07-02 18:22:07.758,C3:00:00:63:4D:0D,-52,127,1.5,5.5,1.5
1783009327772,2026-07-02 18:22:07.772,C3:00:00:63:4D:07,-60,127,1.5,5.5,1.5
1783009327779,2026-07-02 18:22:07.779,C3:00:00:63:4D:0A,-66,127,1.5,5.5,1.5
1783009327781,2026-07-02 18:22:07.781,C3:00:00:63:4C:D2,-62,127,1.5,5.5,1.5
1783009327785,2026-07-02 18:22:07.785,C3:00:00:63:4D:05,-64,127,1.5,5.5,1.5
1783009327816,2026-07-02 18:22:07.816,C3:00:00:63:4D:09,-54,127,1.5,5.5,1.5
1783009327833,2026-07-02 18:22:07.833,C3:00:00:63:4D:04,-65,127,1.5,5.5,1.5
1783009327853,2026-07-02 18:22:07.853,C3:00:00:63:4D:08,-48,127,1.5,5.5,1.5
1783009327861,2026-07-02 18:22:07.861,C3:00:00:63:4D:0D,-52,127,1.5,5.5,1.5
1783009327880,2026-07-02 18:22:07.880,C3:00:00:63:4D:0A,-66,127,1.5,5.5,1.5
1783009327889,2026-07-02 18:22:07.889,C3:00:00:63:4C:D2,-61,127,1.5,5.5,1.5
1783009327891,2026-07-02 18:22:07.891,C3:00:00:63:4D:07,-55,127,1.5,5.5,1.5
1783009327919,2026-07-02 18:22:07.919,C3:00:00:63:4C:D2,-63,127,1.5,5.5,1.5
1783009327929,2026-07-02 18:22:07.929,C3:00:00:63:4D:09,-58,127,1.5,5.5,1.5
1783009327942,2026-07-02 18:22:07.942,C3:00:00:63:4D:09,-57,127,1.5,5.5,1.5
1783009327944,2026-07-02 18:22:07.944,C3:00:00:63:4D:04,-74,127,1.5,5.5,1.5
1783009327968,2026-07-02 18:22:07.968,C3:00:00:63:4D:08,-48,127,1.5,5.5,1.5
1783009328001,2026-07-02 18:22:08.001,C3:00:00:63:4C:D2,-62,127,1.5,5.5,1.5
1783009328019,2026-07-02 18:22:08.019,C3:00:00:63:4D:05,-64,127,1.5,5.5,1.5
1783009328050,2026-07-02 18:22:08.050,C3:00:00:63:4D:09,-59,127,1.5,5.5,1.5
1783009328054,2026-07-02 18:22:08.054,C3:00:00:63:4D:04,-66,127,1.5,5.5,1.5
1783009328074,2026-07-02 18:22:08.074,C3:00:00:63:4D:0D,-50,127,1.5,5.5,1.5
1783009328076,2026-07-02 18:22:08.076,C3:00:00:63:4D:08,-48,127,1.5,5.5,1.5
1783009328100,2026-07-02 18:22:08.100,C3:00:00:63:4D:0A,-66,127,1.5,5.5,1.5
1783009328115,2026-07-02 18:22:08.115,C3:00:00:63:4D:07,-55,127,1.5,5.5,1.5
1783009328121,2026-07-02 18:22:08.121,C3:00:00:63:4D:05,-56,127,1.5,5.5,1.5
1783009328129,2026-07-02 18:22:08.129,C3:00:00:63:4C:D2,-61,127,1.5,5.5,1.5
1783009328156,2026-07-02 18:22:08.156,C3:00:00:63:4D:09,-54,127,1.5,5.5,1.5
1783009328167,2026-07-02 18:22:08.167,C3:00:00:63:4D:04,-65,127,1.5,5.5,1.5
1783009328175,2026-07-02 18:22:08.175,C3:00:00:63:4D:08,-48,127,1.5,5.5,1.5
1783009328181,2026-07-02 18:22:08.181,C3:00:00:63:4D:0D,-54,127,1.5,5.5,1.5
1783009328220,2026-07-02 18:22:08.220,C3:00:00:63:4D:0A,-63,127,1.5,5.5,1.5
1783009328231,2026-07-02 18:22:08.231,C3:00:00:63:4D:07,-54,127,1.5,5.5,1.5
1783009328238,2026-07-02 18:22:08.238,C3:00:00:63:4C:D2,-62,127,1.5,5.5,1.5
1783009328254,2026-07-02 18:22:08.254,C3:00:00:63:4D:05,-58,127,1.5,5.5,1.5
1783009328271,2026-07-02 18:22:08.271,C3:00:00:63:4D:09,-56,127,1.5,5.5,1.5
1783009328288,2026-07-02 18:22:08.288,C3:00:00:63:4D:0D,-51,127,1.5,5.5,1.5
1783009328291,2026-07-02 18:22:08.291,C3:00:00:63:4D:08,-47,127,1.5,5.5,1.5
1783009328295,2026-07-02 18:22:08.295,C3:00:00:63:4D:0A,-67,127,1.5,5.5,1.5
1783009328335,2026-07-02 18:22:08.335,C3:00:00:63:4D:0A,-67,127,1.5,5.5,1.5
1783009328383,2026-07-02 18:22:08.383,C3:00:00:63:4D:04,-65,127,1.5,5.5,1.5
1783009328389,2026-07-02 18:22:08.389,C3:00:00:63:4D:09,-59,127,1.5,5.5,1.5
1783009328398,2026-07-02 18:22:08.398,C3:00:00:63:4D:08,-48,127,1.5,5.5,1.5
1783009328451,2026-07-02 18:22:08.451,C3:00:00:63:4D:0A,-66,127,1.5,5.5,1.5
1783009328469,2026-07-02 18:22:08.469,C3:00:00:63:4D:07,-55,127,1.5,5.5,1.5
1783009328482,2026-07-02 18:22:08.482,C3:00:00:63:4C:D2,-61,127,1.5,5.5,1.5
1783009328484,2026-07-02 18:22:08.484,C3:00:00:63:4D:04,-65,127,1.5,5.5,1.5
1783009328485,2026-07-02 18:22:08.485,C3:00:00:63:4D:0D,-52,127,1.5,5.5,1.5
1783009328489,2026-07-02 18:22:08.489,C3:00:00:63:4C:D2,-68,127,1.5,5.5,1.5
1783009328495,2026-07-02 18:22:08.495,C3:00:00:63:4D:09,-57,127,1.5,5.5,1.5
1783009328508,2026-07-02 18:22:08.508,C3:00:00:63:4D:08,-48,127,1.5,5.5,1.5
1783009328556,2026-07-02 18:22:08.556,C3:00:00:63:4D:0A,-63,127,1.5,5.5,1.5
1783009328579,2026-07-02 18:22:08.579,C3:00:00:63:4D:07,-54,127,1.5,5.5,1.5
1783009328581,2026-07-02 18:22:08.581,C3:00:00:63:4C:D2,-63,127,1.5,5.5,1.5
1783009328586,2026-07-02 18:22:08.586,C3:00:00:63:4D:05,-58,127,1.5,5.5,1.5
1783009328607,2026-07-02 18:22:08.607,C3:00:00:63:4D:09,-59,127,1.5,5.5,1.5
1783009328675,2026-07-02 18:22:08.675,C3:00:00:63:4D:08,-50,127,1.5,5.5,1.5
1783009328680,2026-07-02 18:22:08.680,C3:00:00:63:4D:0A,-67,127,1.5,5.5,1.5
1783009328688,2026-07-02 18:22:08.688,C3:00:00:63:4D:07,-63,127,1.5,5.5,1.5
1783009328697,2026-07-02 18:22:08.697,C3:00:00:63:4C:D2,-61,127,1.5,5.5,1.5
1783009328711,2026-07-02 18:22:08.711,C3:00:00:63:4D:0D,-52,127,1.5,5.5,1.5
1783009328713,2026-07-02 18:22:08.713,C3:00:00:63:4D:04,-65,127,1.5,5.5,1.5
1783009328714,2026-07-02 18:22:08.714,C3:00:00:63:4D:07,-55,127,1.5,5.5,1.5
1783009328721,2026-07-02 18:22:08.721,C3:00:00:63:4D:0D,-53,127,1.5,5.5,1.5
1783009328787,2026-07-02 18:22:08.787,C3:00:00:63:4D:0A,-66,127,1.5,5.5,1.5
1783009328800,2026-07-02 18:22:08.800,C3:00:00:63:4D:07,-54,127,1.5,5.5,1.5
1783009328818,2026-07-02 18:22:08.818,C3:00:00:63:4D:0D,-51,127,1.5,5.5,1.5
1783009328823,2026-07-02 18:22:08.823,C3:00:00:63:4D:04,-73,127,1.5,5.5,1.5
1783009328836,2026-07-02 18:22:08.836,C3:00:00:63:4D:09,-57,127,1.5,5.5,1.5
1783009328839,2026-07-02 18:22:08.839,C3:00:00:63:4D:08,-48,127,1.5,5.5,1.5
1783009328899,2026-07-02 18:22:08.899,C3:00:00:63:4D:0A,-67,127,1.5,5.5,1.5
1783009328904,2026-07-02 18:22:08.904,C3:00:00:63:4D:0D,-53,127,1.5,5.5,1.5
1783009328919,2026-07-02 18:22:08.919,C3:00:00:63:4D:07,-59,127,1.5,5.5,1.5
1783009328922,2026-07-02 18:22:08.922,C3:00:00:63:4D:0D,-52,127,1.5,5.5,1.5
1783009328951,2026-07-02 18:22:08.951,C3:00:00:63:4D:08,-50,127,1.5,5.5,1.5
1783009328959,2026-07-02 18:22:08.959,C3:00:00:63:4D:09,-59,127,1.5,5.5,1.5
1783009328995,2026-07-02 18:22:08.995,C3:00:00:63:4D:09,-54,127,1.5,5.5,1.5
1783009329039,2026-07-02 18:22:09.039,C3:00:00:63:4D:05,-56,127,1.5,5.5,1.5
1783009329058,2026-07-02 18:22:09.058,C3:00:00:63:4D:08,-48,127,1.5,5.5,1.5
1783009329075,2026-07-02 18:22:09.075,C3:00:00:63:4D:09,-54,127,1.5,5.5,1.5
1783009329124,2026-07-02 18:22:09.124,C3:00:00:63:4D:0A,-63,127,1.5,5.5,1.5
1783009329132,2026-07-02 18:22:09.132,C3:00:00:63:4D:09,-57,127,1.5,5.5,1.5
1783009329146,2026-07-02 18:22:09.146,C3:00:00:63:4D:04,-73,127,1.5,5.5,1.5
1783009329150,2026-07-02 18:22:09.150,C3:00:00:63:4D:07,-53,127,1.5,5.5,1.5
1783009329155,2026-07-02 18:22:09.155,C3:00:00:63:4C:D2,-63,127,1.5,5.5,1.5
1783009329158,2026-07-02 18:22:09.158,C3:00:00:63:4D:08,-47,127,1.5,5.5,1.5
1783009329174,2026-07-02 18:22:09.174,C3:00:00:63:4C:D2,-63,127,1.5,5.5,1.5
1783009329183,2026-07-02 18:22:09.183,C3:00:00:63:4D:09,-56,127,1.5,5.5,1.5
1783009329190,2026-07-02 18:22:09.190,C3:00:00:63:4D:05,-58,127,1.5,5.5,1.5
1783009329226,2026-07-02 18:22:09.226,C3:00:00:63:4D:0D,-50,127,1.5,5.5,1.5
1783009329231,2026-07-02 18:22:09.231,C3:00:00:63:4D:0A,-67,127,1.5,5.5,1.5
1783009329242,2026-07-02 18:22:09.242,C3:00:00:63:4D:04,-65,127,1.5,5.5,1.5
1783009329266,2026-07-02 18:22:09.266,C3:00:00:63:4D:07,-57,127,1.5,5.5,1.5
1783009329270,2026-07-02 18:22:09.270,C3:00:00:63:4D:04,-66,127,1.5,5.5,1.5
1783009329274,2026-07-02 18:22:09.274,C3:00:00:63:4D:08,-48,127,1.5,5.5,1.5
1783009329301,2026-07-02 18:22:09.301,C3:00:00:63:4D:09,-54,127,1.5,5.5,1.5
1783009329329,2026-07-02 18:22:09.329,C3:00:00:63:4D:0D,-56,127,1.5,5.5,1.5
1783009329351,2026-07-02 18:22:09.351,C3:00:00:63:4D:0A,-64,127,1.5,5.5,1.5
1783009329366,2026-07-02 18:22:09.366,C3:00:00:63:4D:04,-63,127,1.5,5.5,1.5
1783009329368,2026-07-02 18:22:09.368,C3:00:00:63:4D:0A,-65,127,1.5,5.5,1.5
1783009329373,2026-07-02 18:22:09.373,C3:00:00:63:4D:08,-49,127,1.5,5.5,1.5
1783009329379,2026-07-02 18:22:09.379,C3:00:00:63:4D:05,-56,127,1.5,5.5,1.5
1783009329383,2026-07-02 18:22:09.383,C3:00:00:63:4C:D2,-62,127,1.5,5.5,1.5
1783009329394,2026-07-02 18:22:09.394,C3:00:00:63:4D:0A,-64,127,1.5,5.5,1.5
1783009329410,2026-07-02 18:22:09.410,C3:00:00:63:4D:09,-55,127,1.5,5.5,1.5
1783009329425,2026-07-02 18:22:09.425,C3:00:00:63:4D:07,-53,127,1.5,5.5,1.5
1783009329438,2026-07-02 18:22:09.438,C3:00:00:63:4D:0D,-51,127,1.5,5.5,1.5
1783009329460,2026-07-02 18:22:09.460,C3:00:00:63:4D:0A,-64,127,1.5,5.5,1.5
1783009329475,2026-07-02 18:22:09.475,C3:00:00:63:4D:04,-68,127,1.5,5.5,1.5
1783009329487,2026-07-02 18:22:09.487,C3:00:00:63:4D:08,-46,127,1.5,5.5,1.5
1783009329493,2026-07-02 18:22:09.493,C3:00:00:63:4D:07,-57,127,1.5,5.5,1.5
1783009329499,2026-07-02 18:22:09.499,C3:00:00:63:4D:05,-66,127,1.5,5.5,1.5
1783009329505,2026-07-02 18:22:09.505,C3:00:00:63:4C:D2,-61,127,1.5,5.5,1.5
1783009329523,2026-07-02 18:22:09.523,C3:00:00:63:4D:09,-59,127,1.5,5.5,1.5
1783009329541,2026-07-02 18:22:09.541,C3:00:00:63:4D:0D,-50,127,1.5,5.5,1.5
1783009329580,2026-07-02 18:22:09.580,C3:00:00:63:4D:04,-66,127,1.5,5.5,1.5
1783009329587,2026-07-02 18:22:09.587,C3:00:00:63:4D:0A,-67,127,1.5,5.5,1.5
1783009329600,2026-07-02 18:22:09.600,C3:00:00:63:4D:08,-49,127,1.5,5.5,1.5
1783009329604,2026-07-02 18:22:09.604,C3:00:00:63:4D:07,-56,127,1.5,5.5,1.5
1783009329614,2026-07-02 18:22:09.614,C3:00:00:63:4D:05,-57,127,1.5,5.5,1.5
1783009329642,2026-07-02 18:22:09.642,C3:00:00:63:4D:09,-54,127,1.5,5.5,1.5
1783009329644,2026-07-02 18:22:09.644,C3:00:00:63:4D:04,-64,127,1.5,5.5,1.5
1783009329648,2026-07-02 18:22:09.648,C3:00:00:63:4D:0D,-56,127,1.5,5.5,1.5
1783009329690,2026-07-02 18:22:09.690,C3:00:00:63:4D:04,-64,127,1.5,5.5,1.5
1783009329692,2026-07-02 18:22:09.692,C3:00:00:63:4D:0A,-63,127,1.5,5.5,1.5
1783009329710,2026-07-02 18:22:09.710,C3:00:00:63:4D:08,-46,127,1.5,5.5,1.5
1783009329729,2026-07-02 18:22:09.729,C3:00:00:63:4D:07,-54,127,1.5,5.5,1.5
1783009329737,2026-07-02 18:22:09.737,C3:00:00:63:4C:D2,-62,127,1.5,5.5,1.5
1783009329746,2026-07-02 18:22:09.746,C3:00:00:63:4D:0D,-51,127,1.5,5.5,1.5
1783009329755,2026-07-02 18:22:09.755,C3:00:00:63:4D:09,-55,127,1.5,5.5,1.5
1783009329796,2026-07-02 18:22:09.796,C3:00:00:63:4D:04,-66,127,1.5,5.5,1.5
1783009329845,2026-07-02 18:22:09.845,C3:00:00:63:4D:07,-59,127,1.5,5.5,1.5
1783009329851,2026-07-02 18:22:09.851,C3:00:00:63:4D:05,-65,127,1.5,5.5,1.5
1783009329856,2026-07-02 18:22:09.856,C3:00:00:63:4C:D2,-62,127,1.5,5.5,1.5
1783009329869,2026-07-02 18:22:09.869,C3:00:00:63:4D:0D,-52,127,1.5,5.5,1.5
1783009329875,2026-07-02 18:22:09.875,C3:00:00:63:4D:09,-59,127,1.5,5.5,1.5
1783009329906,2026-07-02 18:22:09.906,C3:00:00:63:4D:04,-65,127,1.5,5.5,1.5
1783009329918,2026-07-02 18:22:09.918,C3:00:00:63:4D:08,-49,127,1.5,5.5,1.5
1783009329951,2026-07-02 18:22:09.951,C3:00:00:63:4D:07,-55,127,1.5,5.5,1.5
1783009329963,2026-07-02 18:22:09.963,C3:00:00:63:4C:D2,-61,127,1.5,5.5,1.5
1783009329965,2026-07-02 18:22:09.965,C3:00:00:63:4D:0D,-52,127,1.5,5.5,1.5
1783009329986,2026-07-02 18:22:09.986,C3:00:00:63:4D:09,-54,127,1.5,5.5,1.5
1783009330018,2026-07-02 18:22:10.018,C3:00:00:63:4D:04,-74,127,1.5,5.5,1.5
1783009330025,2026-07-02 18:22:10.025,C3:00:00:63:4D:0A,-63,127,1.5,5.5,1.5
1783009330036,2026-07-02 18:22:10.036,C3:00:00:63:4D:08,-48,127,1.5,5.5,1.5
1783009330062,2026-07-02 18:22:10.062,C3:00:00:63:4D:09,-64,127,1.5,5.5,1.5
1783009330069,2026-07-02 18:22:10.069,C3:00:00:63:4D:0D,-51,127,1.5,5.5,1.5
1783009330075,2026-07-02 18:22:10.075,C3:00:00:63:4D:07,-54,127,1.5,5.5,1.5
1783009330080,2026-07-02 18:22:10.080,C3:00:00:63:4C:D2,-63,127,1.5,5.5,1.5
1783009330095,2026-07-02 18:22:10.095,C3:00:00:63:4D:09,-59,127,1.5,5.5,1.5
1783009330122,2026-07-02 18:22:10.122,C3:00:00:63:4D:07,-66,127,1.5,5.5,1.5
1783009330125,2026-07-02 18:22:10.125,C3:00:00:63:4D:04,-65,127,1.5,5.5,1.5
1783009330147,2026-07-02 18:22:10.147,C3:00:00:63:4D:08,-50,127,1.5,5.5,1.5
1783009330181,2026-07-02 18:22:10.181,C3:00:00:63:4D:0D,-52,127,1.5,5.5,1.5
1783009330186,2026-07-02 18:22:10.186,C3:00:00:63:4D:07,-59,127,1.5,5.5,1.5
1783009330196,2026-07-02 18:22:10.196,C3:00:00:63:4D:05,-56,127,1.5,5.5,1.5
1783009330214,2026-07-02 18:22:10.214,C3:00:00:63:4D:09,-54,127,1.5,5.5,1.5
1783009330216,2026-07-02 18:22:10.216,C3:00:00:63:4D:05,-56,127,1.5,5.5,1.5
1783009330235,2026-07-02 18:22:10.235,C3:00:00:63:4D:04,-65,127,1.5,5.5,1.5
1783009330248,2026-07-02 18:22:10.248,C3:00:00:63:4D:08,-48,127,1.5,5.5,1.5
1783009330252,2026-07-02 18:22:10.252,C3:00:00:63:4D:0A,-74,127,1.5,5.5,1.5
1783009330272,2026-07-02 18:22:10.272,C3:00:00:63:4D:0A,-64,127,1.5,5.5,1.5
1783009330278,2026-07-02 18:22:10.278,C3:00:00:63:4D:0D,-55,127,1.5,5.5,1.5
1783009330306,2026-07-02 18:22:10.306,C3:00:00:63:4D:05,-58,127,1.5,5.5,1.5
1783009330313,2026-07-02 18:22:10.313,C3:00:00:63:4C:D2,-62,127,1.5,5.5,1.5
1783009330333,2026-07-02 18:22:10.333,C3:00:00:63:4D:09,-55,127,1.5,5.5,1.5
1783009330344,2026-07-02 18:22:10.344,C3:00:00:63:4D:04,-68,127,1.5,5.5,1.5
1783009330356,2026-07-02 18:22:10.356,C3:00:00:63:4D:08,-46,127,1.5,5.5,1.5
1783009330372,2026-07-02 18:22:10.372,C3:00:00:63:4D:0A,-64,127,1.5,5.5,1.5
1783009330379,2026-07-02 18:22:10.379,C3:00:00:63:4D:0D,-52,127,1.5,5.5,1.5
1783009330391,2026-07-02 18:22:10.391,C3:00:00:63:4D:0D,-51,127,1.5,5.5,1.5
1783009330425,2026-07-02 18:22:10.425,C3:00:00:63:4C:D2,-61,127,1.5,5.5,1.5
1783009330441,2026-07-02 18:22:10.441,C3:00:00:63:4D:09,-58,127,1.5,5.5,1.5
1783009330461,2026-07-02 18:22:10.461,C3:00:00:63:4D:04,-65,127,1.5,5.5,1.5
1783009330478,2026-07-02 18:22:10.478,C3:00:00:63:4D:08,-48,127,1.5,5.5,1.5
1783009330481,2026-07-02 18:22:10.481,C3:00:00:63:4D:0A,-66,127,1.5,5.5,1.5
1783009330489,2026-07-02 18:22:10.489,C3:00:00:63:4D:0D,-52,127,1.5,5.5,1.5
1783009330532,2026-07-02 18:22:10.532,C3:00:00:63:4D:07,-55,127,1.5,5.5,1.5
1783009330535,2026-07-02 18:22:10.535,C3:00:00:63:4C:D2,-61,127,1.5,5.5,1.5
1783009330538,2026-07-02 18:22:10.538,C3:00:00:63:4D:05,-56,127,1.5,5.5,1.5
1783009330553,2026-07-02 18:22:10.553,C3:00:00:63:4D:09,-54,127,1.5,5.5,1.5
1783009330559,2026-07-02 18:22:10.559,C3:00:00:63:4D:04,-65,127,1.5,5.5,1.5
1783009330576,2026-07-02 18:22:10.576,C3:00:00:63:4D:08,-48,127,1.5,5.5,1.5
1783009330593,2026-07-02 18:22:10.593,C3:00:00:63:4D:0A,-66,127,1.5,5.5,1.5
1783009330608,2026-07-02 18:22:10.608,C3:00:00:63:4D:0D,-51,127,1.5,5.5,1.5
1783009330650,2026-07-02 18:22:10.650,C3:00:00:63:4D:07,-54,127,1.5,5.5,1.5
1783009330655,2026-07-02 18:22:10.655,C3:00:00:63:4D:05,-58,127,1.5,5.5,1.5
1783009330663,2026-07-02 18:22:10.663,C3:00:00:63:4D:08,-48,127,1.5,5.5,1.5
1783009330672,2026-07-02 18:22:10.672,C3:00:00:63:4D:09,-57,127,1.5,5.5,1.5
1783009330675,2026-07-02 18:22:10.675,C3:00:00:63:4D:04,-73,127,1.5,5.5,1.5
1783009330689,2026-07-02 18:22:10.689,C3:00:00:63:4D:08,-48,127,1.5,5.5,1.5
1783009330701,2026-07-02 18:22:10.701,C3:00:00:63:4D:0D,-52,127,1.5,5.5,1.5
1783009330710,2026-07-02 18:22:10.710,C3:00:00:63:4D:0A,-66,127,1.5,5.5,1.5
1783009330728,2026-07-02 18:22:10.728,C3:00:00:63:4D:07,-59,127,1.5,5.5,1.5
1783009330762,2026-07-02 18:22:10.762,C3:00:00:63:4D:07,-59,127,1.5,5.5,1.5
1783009330768,2026-07-02 18:22:10.768,C3:00:00:63:4C:D2,-62,127,1.5,5.5,1.5
1783009330775,2026-07-02 18:22:10.775,C3:00:00:63:4D:05,-65,127,1.5,5.5,1.5
1783009330779,2026-07-02 18:22:10.779,C3:00:00:63:4D:07,-59,127,1.5,5.5,1.5
1783009330795,2026-07-02 18:22:10.795,C3:00:00:63:4C:D2,-61,127,1.5,5.5,1.5
1783009330800,2026-07-02 18:22:10.800,C3:00:00:63:4D:08,-48,127,1.5,5.5,1.5
1783009330805,2026-07-02 18:22:10.805,C3:00:00:63:4D:0D,-52,127,1.5,5.5,1.5
1783009330822,2026-07-02 18:22:10.822,C3:00:00:63:4D:0A,-66,127,1.5,5.5,1.5
1783009330874,2026-07-02 18:22:10.874,C3:00:00:63:4D:07,-56,127,1.5,5.5,1.5
1783009330882,2026-07-02 18:22:10.882,C3:00:00:63:4D:05,-56,127,1.5,5.5,1.5
1783009330888,2026-07-02 18:22:10.888,C3:00:00:63:4C:D2,-61,127,1.5,5.5,1.5
1783009330893,2026-07-02 18:22:10.893,C3:00:00:63:4D:04,-65,127,1.5,5.5,1.5
1783009330894,2026-07-02 18:22:10.894,C3:00:00:63:4D:08,-49,127,1.5,5.5,1.5
1783009330897,2026-07-02 18:22:10.897,C3:00:00:63:4D:09,-54,127,1.5,5.5,1.5
1783009330928,2026-07-02 18:22:10.928,C3:00:00:63:4D:08,-48,127,1.5,5.5,1.5
1783009330935,2026-07-02 18:22:10.935,C3:00:00:63:4D:0A,-63,127,1.5,5.5,1.5
1783009330991,2026-07-02 18:22:10.991,C3:00:00:63:4D:07,-54,127,1.5,5.5,1.5
1783009330999,2026-07-02 18:22:10.999,C3:00:00:63:4D:04,-65,127,1.5,5.5,1.5
1783009331004,2026-07-02 18:22:11.004,C3:00:00:63:4C:D2,-62,127,1.5,5.5,1.5
1783009331042,2026-07-02 18:22:11.042,C3:00:00:63:4D:0A,-67,127,1.5,5.5,1.5
1783009331112,2026-07-02 18:22:11.112,C3:00:00:63:4D:07,-57,127,1.5,5.5,1.5
1783009331117,2026-07-02 18:22:11.117,C3:00:00:63:4D:04,-65,127,1.5,5.5,1.5
1783009331123,2026-07-02 18:22:11.123,C3:00:00:63:4D:05,-56,127,1.5,5.5,1.5
1783009331133,2026-07-02 18:22:11.133,C3:00:00:63:4D:08,-49,127,1.5,5.5,1.5
1783009331144,2026-07-02 18:22:11.144,C3:00:00:63:4D:09,-54,127,1.5,5.5,1.5
1783009331161,2026-07-02 18:22:11.161,C3:00:00:63:4D:0A,-66,127,1.5,5.5,1.5
1783009331171,2026-07-02 18:22:11.171,C3:00:00:63:4C:D2,-61,127,1.5,5.5,1.5
1783009331198,2026-07-02 18:22:11.198,C3:00:00:63:4D:05,-58,127,1.5,5.5,1.5
1783009331216,2026-07-02 18:22:11.216,C3:00:00:63:4D:07,-53,127,1.5,5.5,1.5
1783009331220,2026-07-02 18:22:11.220,C3:00:00:63:4D:0D,-51,127,1.5,5.5,1.5
1783009331228,2026-07-02 18:22:11.228,C3:00:00:63:4D:05,-58,127,1.5,5.5,1.5
1783009331235,2026-07-02 18:22:11.235,C3:00:00:63:4D:08,-47,127,1.5,5.5,1.5
1783009331239,2026-07-02 18:22:11.239,C3:00:00:63:4D:09,-55,127,1.5,5.5,1.5
1783009331272,2026-07-02 18:22:11.272,C3:00:00:63:4D:0A,-64,127,1.5,5.5,1.5
1783009331406,2026-07-02 18:22:11.406,C3:00:00:63:4D:0A,-65,127,1.5,5.5,1.5
1783009331437,2026-07-02 18:22:11.437,C3:00:00:63:4D:07,-56,127,1.5,5.5,1.5
1783009331442,2026-07-02 18:22:11.442,C3:00:00:63:4D:04,-65,127,1.5,5.5,1.5
1783009331452,2026-07-02 18:22:11.452,C3:00:00:63:4D:08,-48,127,1.5,5.5,1.5
1783009331457,2026-07-02 18:22:11.457,C3:00:00:63:4D:05,-56,127,1.5,5.5,1.5
1783009331462,2026-07-02 18:22:11.462,C3:00:00:63:4D:07,-56,127,1.5,5.5,1.5
1783009331466,2026-07-02 18:22:11.466,C3:00:00:63:4C:D2,-62,127,1.5,5.5,1.5
1783009331467,2026-07-02 18:22:11.467,C3:00:00:63:4D:09,-54,127,1.5,5.5,1.5
1783009331499,2026-07-02 18:22:11.499,C3:00:00:63:4D:0A,-64,127,1.5,5.5,1.5
1783009331574,2026-07-02 18:22:11.574,C3:00:00:63:4C:D2,-63,127,1.5,5.5,1.5
1783009331580,2026-07-02 18:22:11.580,C3:00:00:63:4D:09,-55,127,1.5,5.5,1.5
1783009331630,2026-07-02 18:22:11.630,C3:00:00:63:4D:05,-67,127,1.5,5.5,1.5
1783009331636,2026-07-02 18:22:11.636,C3:00:00:63:4D:04,-66,127,1.5,5.5,1.5
1783009331644,2026-07-02 18:22:11.644,C3:00:00:63:4D:0D,-51,127,1.5,5.5,1.5
1783009331654,2026-07-02 18:22:11.654,C3:00:00:63:4D:04,-66,127,1.5,5.5,1.5
1783009331675,2026-07-02 18:22:11.675,C3:00:00:63:4D:08,-48,127,1.5,5.5,1.5
1783009331680,2026-07-02 18:22:11.680,C3:00:00:63:4D:04,-66,127,1.5,5.5,1.5
1783009331687,2026-07-02 18:22:11.687,C3:00:00:63:4D:07,-58,127,1.5,5.5,1.5
1783009331716,2026-07-02 18:22:11.716,C3:00:00:63:4D:0A,-64,127,1.5,5.5,1.5
1783009331730,2026-07-02 18:22:11.730,C3:00:00:63:4D:04,-72,127,1.5,5.5,1.5
1783009331739,2026-07-02 18:22:11.739,C3:00:00:63:4D:08,-49,127,1.5,5.5,1.5
1783009331747,2026-07-02 18:22:11.747,C3:00:00:63:4D:0D,-56,127,1.5,5.5,1.5
1783009331805,2026-07-02 18:22:11.805,C3:00:00:63:4C:D2,-62,127,1.5,5.5,1.5
1783009331851,2026-07-02 18:22:11.851,C3:00:00:63:4D:0D,-51,127,1.5,5.5,1.5
1783009331874,2026-07-02 18:22:11.874,C3:00:00:63:4D:04,-75,127,1.5,5.5,1.5
1783009331890,2026-07-02 18:22:11.890,C3:00:00:63:4D:08,-48,127,1.5,5.5,1.5
1783009331919,2026-07-02 18:22:11.919,C3:00:00:63:4C:D2,-63,127,1.5,5.5,1.5
1783009331922,2026-07-02 18:22:11.922,C3:00:00:63:4D:09,-60,127,1.5,5.5,1.5
1783009331939,2026-07-02 18:22:11.939,C3:00:00:63:4C:D2,-63,127,1.5,5.5,1.5
1783009331947,2026-07-02 18:22:11.947,C3:00:00:63:4D:09,-60,127,1.5,5.5,1.5
1783009331955,2026-07-02 18:22:11.955,C3:00:00:63:4D:0A,-67,127,1.5,5.5,1.5
1783009331998,2026-07-02 18:22:11.998,C3:00:00:63:4D:08,-48,127,1.5,5.5,1.5
1783009332029,2026-07-02 18:22:12.029,C3:00:00:63:4D:05,-56,127,1.5,5.5,1.5
1783009332088,2026-07-02 18:22:12.088,C3:00:00:63:4D:04,-65,127,1.5,5.5,1.5
1783009332110,2026-07-02 18:22:12.110,C3:00:00:63:4D:08,-48,127,1.5,5.5,1.5
1783009332140,2026-07-02 18:22:12.140,C3:00:00:63:4D:07,-54,127,1.5,5.5,1.5
1783009332153,2026-07-02 18:22:12.153,C3:00:00:63:4D:05,-58,127,1.5,5.5,1.5
1783009332156,2026-07-02 18:22:12.156,C3:00:00:63:4C:D2,-63,127,1.5,5.5,1.5
1783009332169,2026-07-02 18:22:12.169,C3:00:00:63:4D:0D,-51,127,1.5,5.5,1.5
1783009332174,2026-07-02 18:22:12.174,C3:00:00:63:4D:0A,-63,127,1.5,5.5,1.5
1783009332215,2026-07-02 18:22:12.215,C3:00:00:63:4D:08,-50,127,1.5,5.5,1.5
1783009332244,2026-07-02 18:22:12.244,C3:00:00:63:4D:05,-73,127,1.5,5.5,1.5
1783009332267,2026-07-02 18:22:12.267,C3:00:00:63:4D:07,-58,127,1.5,5.5,1.5
1783009332274,2026-07-02 18:22:12.274,C3:00:00:63:4D:09,-59,127,1.5,5.5,1.5
1783009332279,2026-07-02 18:22:12.279,C3:00:00:63:4C:D2,-63,127,1.5,5.5,1.5
1783009332287,2026-07-02 18:22:12.287,C3:00:00:63:4D:0A,-68,127,1.5,5.5,1.5
1783009332306,2026-07-02 18:22:12.306,C3:00:00:63:4D:04,-65,127,1.5,5.5,1.5
1783009332312,2026-07-02 18:22:12.312,C3:00:00:63:4D:0A,-66,127,1.5,5.5,1.5
1783009332321,2026-07-02 18:22:12.321,C3:00:00:63:4D:08,-48,127,1.5,5.5,1.5
1783009332372,2026-07-02 18:22:12.372,C3:00:00:63:4D:07,-55,127,1.5,5.5,1.5
1783009332377,2026-07-02 18:22:12.377,C3:00:00:63:4D:09,-53,127,1.5,5.5,1.5
1783009332389,2026-07-02 18:22:12.389,C3:00:00:63:4D:0D,-52,127,1.5,5.5,1.5
1783009332392,2026-07-02 18:22:12.392,C3:00:00:63:4C:D2,-61,127,1.5,5.5,1.5
1783009332396,2026-07-02 18:22:12.396,C3:00:00:63:4D:0D,-51,127,1.5,5.5,1.5
1783009332402,2026-07-02 18:22:12.402,C3:00:00:63:4D:0A,-63,127,1.5,5.5,1.5
1783009332409,2026-07-02 18:22:12.409,C3:00:00:63:4D:04,-70,127,1.5,5.5,1.5
1783009332433,2026-07-02 18:22:12.433,C3:00:00:63:4D:08,-48,127,1.5,5.5,1.5
1783009332484,2026-07-02 18:22:12.484,C3:00:00:63:4D:0D,-51,127,1.5,5.5,1.5
1783009332490,2026-07-02 18:22:12.490,C3:00:00:63:4D:09,-57,127,1.5,5.5,1.5
1783009332506,2026-07-02 18:22:12.506,C3:00:00:63:4C:D2,-63,127,1.5,5.5,1.5
1783009332516,2026-07-02 18:22:12.516,C3:00:00:63:4D:0A,-67,127,1.5,5.5,1.5
1783009332522,2026-07-02 18:22:12.522,C3:00:00:63:4C:D2,-70,127,1.5,5.5,1.5
1783009332526,2026-07-02 18:22:12.526,C3:00:00:63:4D:04,-65,127,1.5,5.5,1.5
1783009332539,2026-07-02 18:22:12.539,C3:00:00:63:4D:08,-50,127,1.5,5.5,1.5
1783009332587,2026-07-02 18:22:12.587,C3:00:00:63:4D:0D,-52,127,1.5,5.5,1.5
1783009332606,2026-07-02 18:22:12.606,C3:00:00:63:4D:07,-55,127,1.5,5.5,1.5
1783009332613,2026-07-02 18:22:12.613,C3:00:00:63:4D:09,-54,127,1.5,5.5,1.5
1783009332628,2026-07-02 18:22:12.628,C3:00:00:63:4D:0A,-66,127,1.5,5.5,1.5
1783009332631,2026-07-02 18:22:12.631,C3:00:00:63:4D:04,-65,127,1.5,5.5,1.5
1783009332656,2026-07-02 18:22:12.656,C3:00:00:63:4D:08,-48,127,1.5,5.5,1.5
1783009332679,2026-07-02 18:22:12.679,C3:00:00:63:4D:08,-48,127,1.5,5.5,1.5
1783009332686,2026-07-02 18:22:12.686,C3:00:00:63:4D:0D,-52,127,1.5,5.5,1.5
1783009332709,2026-07-02 18:22:12.709,C3:00:00:63:4D:0D,-51,127,1.5,5.5,1.5
1783009332715,2026-07-02 18:22:12.715,C3:00:00:63:4D:05,-58,127,1.5,5.5,1.5
1783009332719,2026-07-02 18:22:12.719,C3:00:00:63:4C:D2,-62,127,1.5,5.5,1.5
1783009332724,2026-07-02 18:22:12.724,C3:00:00:63:4D:09,-57,127,1.5,5.5,1.5
1783009332732,2026-07-02 18:22:12.732,C3:00:00:63:4D:07,-54,127,1.5,5.5,1.5
1783009332740,2026-07-02 18:22:12.740,C3:00:00:63:4D:0A,-63,127,1.5,5.5,1.5
1783009332759,2026-07-02 18:22:12.759,C3:00:00:63:4D:08,-48,127,1.5,5.5,1.5
1783009332800,2026-07-02 18:22:12.800,C3:00:00:63:4D:0D,-52,127,1.5,5.5,1.5
1783009332833,2026-07-02 18:22:12.833,C3:00:00:63:4D:09,-59,127,1.5,5.5,1.5
1783009332839,2026-07-02 18:22:12.839,C3:00:00:63:4C:D2,-63,127,1.5,5.5,1.5
1783009332842,2026-07-02 18:22:12.842,C3:00:00:63:4D:07,-59,127,1.5,5.5,1.5
1783009332844,2026-07-02 18:22:12.844,C3:00:00:63:4D:05,-65,127,1.5,5.5,1.5
1783009332853,2026-07-02 18:22:12.853,C3:00:00:63:4D:04,-64,127,1.5,5.5,1.5
1783009332858,2026-07-02 18:22:12.858,C3:00:00:63:4D:0A,-67,127,1.5,5.5,1.5
1783009332865,2026-07-02 18:22:12.865,C3:00:00:63:4D:08,-50,127,1.5,5.5,1.5
1783009332902,2026-07-02 18:22:12.902,C3:00:00:63:4D:0D,-52,127,1.5,5.5,1.5
1783009332925,2026-07-02 18:22:12.925,C3:00:00:63:4D:0D,-53,127,1.5,5.5,1.5
1783009332952,2026-07-02 18:22:12.952,C3:00:00:63:4D:05,-56,127,1.5,5.5,1.5
1783009332960,2026-07-02 18:22:12.960,C3:00:00:63:4D:04,-64,127,1.5,5.5,1.5
1783009332973,2026-07-02 18:22:12.973,C3:00:00:63:4D:0A,-64,127,1.5,5.5,1.5
1783009332979,2026-07-02 18:22:12.979,C3:00:00:63:4D:08,-48,127,1.5,5.5,1.5
1783009332999,2026-07-02 18:22:12.999,C3:00:00:63:4D:09,-56,127,1.5,5.5,1.5
1783009333069,2026-07-02 18:22:13.069,C3:00:00:63:4D:04,-67,127,1.5,5.5,1.5
1783009333080,2026-07-02 18:22:13.080,C3:00:00:63:4D:0A,-64,127,1.5,5.5,1.5
1783009333091,2026-07-02 18:22:13.091,C3:00:00:63:4D:08,-47,127,1.5,5.5,1.5
1783009333119,2026-07-02 18:22:13.119,C3:00:00:63:4D:0D,-50,127,1.5,5.5,1.5
1783009333161,2026-07-02 18:22:13.161,C3:00:00:63:4D:09,-58,127,1.5,5.5,1.5
1783009333183,2026-07-02 18:22:13.183,C3:00:00:63:4D:07,-59,127,1.5,5.5,1.5
1783009333189,2026-07-02 18:22:13.189,C3:00:00:63:4D:05,-65,127,1.5,5.5,1.5
1783009333203,2026-07-02 18:22:13.203,C3:00:00:63:4D:08,-48,127,1.5,5.5,1.5
1783009333205,2026-07-02 18:22:13.205,C3:00:00:63:4C:D2,-61,127,1.5,5.5,1.5
1783009333220,2026-07-02 18:22:13.220,C3:00:00:63:4D:0D,-52,127,1.5,5.5,1.5
1783009333259,2026-07-02 18:22:13.259,C3:00:00:63:4D:04,-65,127,1.5,5.5,1.5
1783009333301,2026-07-02 18:22:13.301,C3:00:00:63:4D:09,-54,127,1.5,5.5,1.5
1783009333306,2026-07-02 18:22:13.306,C3:00:00:63:4D:07,-55,127,1.5,5.5,1.5
1783009333311,2026-07-02 18:22:13.311,C3:00:00:63:4D:05,-58,127,1.5,5.5,1.5
1783009333315,2026-07-02 18:22:13.315,C3:00:00:63:4D:08,-48,127,1.5,5.5,1.5
1783009333319,2026-07-02 18:22:13.319,C3:00:00:63:4D:0A,-63,127,1.5,5.5,1.5
1783009333320,2026-07-02 18:22:13.320,C3:00:00:63:4D:0D,-51,127,1.5,5.5,1.5
1783009333369,2026-07-02 18:22:13.369,C3:00:00:63:4D:0A,-63,127,1.5,5.5,1.5
1783009333394,2026-07-02 18:22:13.394,C3:00:00:63:4D:04,-64,127,1.5,5.5,1.5
1783009333412,2026-07-02 18:22:13.412,C3:00:00:63:4D:07,-59,127,1.5,5.5,1.5
1783009333420,2026-07-02 18:22:13.420,C3:00:00:63:4D:08,-50,127,1.5,5.5,1.5
1783009333425,2026-07-02 18:22:13.425,C3:00:00:63:4D:0D,-52,127,1.5,5.5,1.5
1783009333506,2026-07-02 18:22:13.506,C3:00:00:63:4D:04,-65,127,1.5,5.5,1.5
1783009333512,2026-07-02 18:22:13.512,C3:00:00:63:4D:09,-54,127,1.5,5.5,1.5
1783009333528,2026-07-02 18:22:13.528,C3:00:00:63:4D:0A,-66,127,1.5,5.5,1.5
1783009333633,2026-07-02 18:22:13.633,C3:00:00:63:4D:09,-57,127,1.5,5.5,1.5
1783009333638,2026-07-02 18:22:13.638,C3:00:00:63:4D:08,-48,127,1.5,5.5,1.5
1783009333642,2026-07-02 18:22:13.642,C3:00:00:63:4D:05,-58,127,1.5,5.5,1.5
1783009333653,2026-07-02 18:22:13.653,C3:00:00:63:4D:07,-54,127,1.5,5.5,1.5
1783009333656,2026-07-02 18:22:13.656,C3:00:00:63:4D:0A,-63,127,1.5,5.5,1.5
1783009333658,2026-07-02 18:22:13.658,C3:00:00:63:4D:04,-71,127,1.5,5.5,1.5
1783009333663,2026-07-02 18:22:13.663,C3:00:00:63:4D:05,-59,127,1.5,5.5,1.5
1783009333665,2026-07-02 18:22:13.665,C3:00:00:63:4D:04,-70,127,1.5,5.5,1.5
1783009333720,2026-07-02 18:22:13.720,C3:00:00:63:4D:04,-65,127,1.5,5.5,1.5
1783009333739,2026-07-02 18:22:13.739,C3:00:00:63:4D:08,-50,127,1.5,5.5,1.5
1783009333741,2026-07-02 18:22:13.741,C3:00:00:63:4D:0D,-52,127,1.5,5.5,1.5
1783009333747,2026-07-02 18:22:13.747,C3:00:00:63:4D:07,-59,127,1.5,5.5,1.5
1783009333752,2026-07-02 18:22:13.752,C3:00:00:63:4D:09,-59,127,1.5,5.5,1.5
1783009333755,2026-07-02 18:22:13.755,C3:00:00:63:4C:D2,-63,127,1.5,5.5,1.5
1783009333760,2026-07-02 18:22:13.760,C3:00:00:63:4D:08,-50,127,1.5,5.5,1.5
1783009333834,2026-07-02 18:22:13.834,C3:00:00:63:4D:04,-65,127,1.5,5.5,1.5
1783009333844,2026-07-02 18:22:13.844,C3:00:00:63:4D:0D,-52,127,1.5,5.5,1.5
1783009333854,2026-07-02 18:22:13.854,C3:00:00:63:4D:08,-48,127,1.5,5.5,1.5
1783009333872,2026-07-02 18:22:13.872,C3:00:00:63:4D:05,-55,127,1.5,5.5,1.5
1783009333874,2026-07-02 18:22:13.874,C3:00:00:63:4D:07,-55,127,1.5,5.5,1.5
1783009333878,2026-07-02 18:22:13.878,C3:00:00:63:4D:0A,-66,127,1.5,5.5,1.5
1783009333880,2026-07-02 18:22:13.880,C3:00:00:63:4C:D2,-61,127,1.5,5.5,1.5
1783009333918,2026-07-02 18:22:13.918,C3:00:00:63:4C:D2,-62,127,1.5,5.5,1.5
1783009333937,2026-07-02 18:22:13.937,C3:00:00:63:4D:04,-70,127,1.5,5.5,1.5
1783009333954,2026-07-02 18:22:13.954,C3:00:00:63:4D:0D,-51,127,1.5,5.5,1.5
1783009333961,2026-07-02 18:22:13.961,C3:00:00:63:4D:08,-48,127,1.5,5.5,1.5
1783009333976,2026-07-02 18:22:13.976,C3:00:00:63:4D:09,-58,127,1.5,5.5,1.5
1783009333979,2026-07-02 18:22:13.979,C3:00:00:63:4D:07,-54,127,1.5,5.5,1.5
1783009333982,2026-07-02 18:22:13.982,C3:00:00:63:4D:05,-58,127,1.5,5.5,1.5
1783009333992,2026-07-02 18:22:13.992,C3:00:00:63:4C:D2,-62,127,1.5,5.5,1.5
1783009333994,2026-07-02 18:22:13.994,C3:00:00:63:4D:0A,-63,127,1.5,5.5,1.5
1783009334046,2026-07-02 18:22:14.046,C3:00:00:63:4D:04,-65,127,1.5,5.5,1.5
1783009334049,2026-07-02 18:22:14.049,C3:00:00:63:4D:0D,-50,127,1.5,5.5,1.5
1783009334061,2026-07-02 18:22:14.061,C3:00:00:63:4D:08,-48,127,1.5,5.5,1.5
1783009334075,2026-07-02 18:22:14.075,C3:00:00:63:4D:09,-66,127,1.5,5.5,1.5
1783009334091,2026-07-02 18:22:14.091,C3:00:00:63:4D:0D,-58,127,1.5,5.5,1.5
1783009334099,2026-07-02 18:22:14.099,C3:00:00:63:4D:05,-56,127,1.5,5.5,1.5
1783009334104,2026-07-02 18:22:14.104,C3:00:00:63:4C:D2,-63,127,1.5,5.5,1.5
1783009334126,2026-07-02 18:22:14.126,C3:00:00:63:4D:07,-63,127,1.5,5.5,1.5
1783009334155,2026-07-02 18:22:14.155,C3:00:00:63:4D:04,-63,127,1.5,5.5,1.5
1783009334166,2026-07-02 18:22:14.166,C3:00:00:63:4D:0D,-56,127,1.5,5.5,1.5
1783009334186,2026-07-02 18:22:14.186,C3:00:00:63:4D:08,-48,127,1.5,5.5,1.5
1783009334211,2026-07-02 18:22:14.211,C3:00:00:63:4D:0A,-64,127,1.5,5.5,1.5
1783009334216,2026-07-02 18:22:14.216,C3:00:00:63:4D:05,-59,127,1.5,5.5,1.5
1783009334223,2026-07-02 18:22:14.223,C3:00:00:63:4C:D2,-62,127,1.5,5.5,1.5
1783009334228,2026-07-02 18:22:14.228,C3:00:00:63:4D:05,-59,127,1.5,5.5,1.5
1783009334259,2026-07-02 18:22:14.259,C3:00:00:63:4D:0A,-71,127,1.5,5.5,1.5
1783009334269,2026-07-02 18:22:14.269,C3:00:00:63:4D:04,-67,127,1.5,5.5,1.5
1783009334283,2026-07-02 18:22:14.283,C3:00:00:63:4D:0D,-51,127,1.5,5.5,1.5
1783009334286,2026-07-02 18:22:14.286,C3:00:00:63:4D:08,-47,127,1.5,5.5,1.5
1783009334318,2026-07-02 18:22:14.318,C3:00:00:63:4D:09,-60,127,1.5,5.5,1.5
1783009334322,2026-07-02 18:22:14.322,C3:00:00:63:4D:07,-58,127,1.5,5.5,1.5
1783009334325,2026-07-02 18:22:14.325,C3:00:00:63:4D:0A,-67,127,1.5,5.5,1.5
1783009334370,2026-07-02 18:22:14.370,C3:00:00:63:4D:0D,-52,127,1.5,5.5,1.5
1783009334378,2026-07-02 18:22:14.378,C3:00:00:63:4D:04,-65,127,1.5,5.5,1.5
1783009334396,2026-07-02 18:22:14.396,C3:00:00:63:4D:08,-49,127,1.5,5.5,1.5
1783009334424,2026-07-02 18:22:14.424,C3:00:00:63:4D:09,-54,127,1.5,5.5,1.5
1783009334433,2026-07-02 18:22:14.433,C3:00:00:63:4D:0A,-66,127,1.5,5.5,1.5
1783009334441,2026-07-02 18:22:14.441,C3:00:00:63:4D:07,-56,127,1.5,5.5,1.5
1783009334444,2026-07-02 18:22:14.444,C3:00:00:63:4D:05,-56,127,1.5,5.5,1.5
1783009334456,2026-07-02 18:22:14.456,C3:00:00:63:4C:D2,-61,127,1.5,5.5,1.5
1783009334475,2026-07-02 18:22:14.475,C3:00:00:63:4D:0D,-54,127,1.5,5.5,1.5
1783009334482,2026-07-02 18:22:14.482,C3:00:00:63:4D:04,-65,127,1.5,5.5,1.5
1783009334546,2026-07-02 18:22:14.546,C3:00:00:63:4D:09,-58,127,1.5,5.5,1.5
1783009334554,2026-07-02 18:22:14.554,C3:00:00:63:4D:0A,-63,127,1.5,5.5,1.5
1783009334560,2026-07-02 18:22:14.560,C3:00:00:63:4D:07,-54,127,1.5,5.5,1.5
1783009334566,2026-07-02 18:22:14.566,C3:00:00:63:4C:D2,-62,127,1.5,5.5,1.5
1783009334568,2026-07-02 18:22:14.568,C3:00:00:63:4D:05,-59,127,1.5,5.5,1.5
1783009334583,2026-07-02 18:22:14.583,C3:00:00:63:4D:0D,-52,127,1.5,5.5,1.5
1783009334599,2026-07-02 18:22:14.599,C3:00:00:63:4D:04,-64,127,1.5,5.5,1.5
1783009334617,2026-07-02 18:22:14.617,C3:00:00:63:4D:08,-50,127,1.5,5.5,1.5
1783009334660,2026-07-02 18:22:14.660,C3:00:00:63:4D:09,-60,127,1.5,5.5,1.5
1783009334663,2026-07-02 18:22:14.663,C3:00:00:63:4D:0A,-67,127,1.5,5.5,1.5
1783009334680,2026-07-02 18:22:14.680,C3:00:00:63:4D:07,-58,127,1.5,5.5,1.5
1783009334684,2026-07-02 18:22:14.684,C3:00:00:63:4D:05,-65,127,1.5,5.5,1.5
1783009334688,2026-07-02 18:22:14.688,C3:00:00:63:4D:0D,-52,127,1.5,5.5,1.5
1783009334725,2026-07-02 18:22:14.725,C3:00:00:63:4D:08,-48,127,1.5,5.5,1.5
1783009334774,2026-07-02 18:22:14.774,C3:00:00:63:4D:09,-54,127,1.5,5.5,1.5
1783009334780,2026-07-02 18:22:14.780,C3:00:00:63:4D:0A,-64,127,1.5,5.5,1.5
1783009334787,2026-07-02 18:22:14.787,C3:00:00:63:4D:07,-56,127,1.5,5.5,1.5
1783009334797,2026-07-02 18:22:14.797,C3:00:00:63:4C:D2,-62,127,1.5,5.5,1.5
1783009334809,2026-07-02 18:22:14.809,C3:00:00:63:4D:07,-53,127,1.5,5.5,1.5
1783009334814,2026-07-02 18:22:14.814,C3:00:00:63:4D:04,-67,127,1.5,5.5,1.5
1783009334819,2026-07-02 18:22:14.819,C3:00:00:63:4C:D2,-62,127,1.5,5.5,1.5
1783009334826,2026-07-02 18:22:14.826,C3:00:00:63:4D:08,-47,127,1.5,5.5,1.5
1783009334884,2026-07-02 18:22:14.884,C3:00:00:63:4D:0A,-63,127,1.5,5.5,1.5
1783009334887,2026-07-02 18:22:14.887,C3:00:00:63:4D:09,-55,127,1.5,5.5,1.5
1783009334898,2026-07-02 18:22:14.898,C3:00:00:63:4D:07,-57,127,1.5,5.5,1.5
1783009334916,2026-07-02 18:22:14.916,C3:00:00:63:4D:08,-55,127,1.5,5.5,1.5
1783009334937,2026-07-02 18:22:14.937,C3:00:00:63:4D:08,-48,127,1.5,5.5,1.5
1783009335001,2026-07-02 18:22:15.001,C3:00:00:63:4D:0D,-54,127,1.5,5.5,1.5
1783009335012,2026-07-02 18:22:15.012,C3:00:00:63:4D:09,-54,127,1.5,5.5,1.5
1783009335028,2026-07-02 18:22:15.028,C3:00:00:63:4C:D2,-61,127,1.5,5.5,1.5
1783009335033,2026-07-02 18:22:15.033,C3:00:00:63:4D:04,-64,127,1.5,5.5,1.5
1783009335043,2026-07-02 18:22:15.043,C3:00:00:63:4D:08,-48,127,1.5,5.5,1.5
1783009335113,2026-07-02 18:22:15.113,C3:00:00:63:4D:0D,-51,127,1.5,5.5,1.5
1783009335119,2026-07-02 18:22:15.119,C3:00:00:63:4D:0A,-63,127,1.5,5.5,1.5
1783009335135,2026-07-02 18:22:15.135,C3:00:00:63:4D:07,-54,127,1.5,5.5,1.5
1783009335138,2026-07-02 18:22:15.138,C3:00:00:63:4D:05,-59,127,1.5,5.5,1.5
1783009335140,2026-07-02 18:22:15.140,C3:00:00:63:4D:04,-72,127,1.5,5.5,1.5
1783009335141,2026-07-02 18:22:15.141,C3:00:00:63:4C:D2,-62,127,1.5,5.5,1.5
1783009335159,2026-07-02 18:22:15.159,C3:00:00:63:4D:08,-48,127,1.5,5.5,1.5
1783009335167,2026-07-02 18:22:15.167,C3:00:00:63:4D:09,-58,127,1.5,5.5,1.5
1783009335210,2026-07-02 18:22:15.210,C3:00:00:63:4D:05,-66,127,1.5,5.5,1.5
1783009335214,2026-07-02 18:22:15.214,C3:00:00:63:4C:D2,-63,127,1.5,5.5,1.5
1783009335216,2026-07-02 18:22:15.216,C3:00:00:63:4D:0D,-52,127,1.5,5.5,1.5
1783009335229,2026-07-02 18:22:15.229,C3:00:00:63:4D:09,-60,127,1.5,5.5,1.5
1783009335233,2026-07-02 18:22:15.233,C3:00:00:63:4D:0A,-67,127,1.5,5.5,1.5
1783009335239,2026-07-02 18:22:15.239,C3:00:00:63:4D:07,-59,127,1.5,5.5,1.5
1783009335246,2026-07-02 18:22:15.246,C3:00:00:63:4D:04,-64,127,1.5,5.5,1.5
1783009335249,2026-07-02 18:22:15.249,C3:00:00:63:4D:05,-65,127,1.5,5.5,1.5
1783009335256,2026-07-02 18:22:15.256,C3:00:00:63:4C:D2,-62,127,1.5,5.5,1.5
1783009335265,2026-07-02 18:22:15.265,C3:00:00:63:4D:08,-50,127,1.5,5.5,1.5
1783009335316,2026-07-02 18:22:15.316,C3:00:00:63:4D:0D,-54,127,1.5,5.5,1.5
1783009335340,2026-07-02 18:22:15.340,C3:00:00:63:4D:0A,-66,127,1.5,5.5,1.5
1783009335348,2026-07-02 18:22:15.348,C3:00:00:63:4D:09,-54,127,1.5,5.5,1.5
1783009335357,2026-07-02 18:22:15.357,C3:00:00:63:4D:04,-64,127,1.5,5.5,1.5
1783009335370,2026-07-02 18:22:15.370,C3:00:00:63:4C:D2,-61,127,1.5,5.5,1.5
1783009335378,2026-07-02 18:22:15.378,C3:00:00:63:4D:0A,-67,127,1.5,5.5,1.5
1783009335380,2026-07-02 18:22:15.380,C3:00:00:63:4D:08,-48,127,1.5,5.5,1.5
1783009335408,2026-07-02 18:22:15.408,C3:00:00:63:4D:0A,-63,127,1.5,5.5,1.5
1783009335417,2026-07-02 18:22:15.417,C3:00:00:63:4D:0D,-51,127,1.5,5.5,1.5
1783009335444,2026-07-02 18:22:15.444,C3:00:00:63:4D:07,-54,127,1.5,5.5,1.5
1783009335454,2026-07-02 18:22:15.454,C3:00:00:63:4D:0A,-63,127,1.5,5.5,1.5
1783009335465,2026-07-02 18:22:15.465,C3:00:00:63:4D:04,-72,127,1.5,5.5,1.5
1783009335483,2026-07-02 18:22:15.483,C3:00:00:63:4C:D2,-62,127,1.5,5.5,1.5
1783009335488,2026-07-02 18:22:15.488,C3:00:00:63:4D:05,-59,127,1.5,5.5,1.5
1783009335498,2026-07-02 18:22:15.498,C3:00:00:63:4D:08,-48,127,1.5,5.5,1.5
1783009335531,2026-07-02 18:22:15.531,C3:00:00:63:4D:0D,-52,127,1.5,5.5,1.5
1783009335563,2026-07-02 18:22:15.563,C3:00:00:63:4D:0A,-66,127,1.5,5.5,1.5
1783009335576,2026-07-02 18:22:15.576,C3:00:00:63:4D:09,-60,127,1.5,5.5,1.5
1783009335583,2026-07-02 18:22:15.583,C3:00:00:63:4D:04,-64,127,1.5,5.5,1.5
1783009335596,2026-07-02 18:22:15.596,C3:00:00:63:4D:07,-59,127,1.5,5.5,1.5
1783009335599,2026-07-02 18:22:15.599,C3:00:00:63:4D:08,-49,127,1.5,5.5,1.5
1783009335604,2026-07-02 18:22:15.604,C3:00:00:63:4C:D2,-61,127,1.5,5.5,1.5
1783009335634,2026-07-02 18:22:15.634,C3:00:00:63:4D:0D,-54,127,1.5,5.5,1.5
1783009335650,2026-07-02 18:22:15.650,C3:00:00:63:4D:04,-64,127,1.5,5.5,1.5
1783009335665,2026-07-02 18:22:15.665,C3:00:00:63:4D:05,-56,127,1.5,5.5,1.5
1783009335689,2026-07-02 18:22:15.689,C3:00:00:63:4D:09,-54,127,1.5,5.5,1.5
1783009335695,2026-07-02 18:22:15.695,C3:00:00:63:4D:04,-72,127,1.5,5.5,1.5
1783009335700,2026-07-02 18:22:15.700,C3:00:00:63:4D:08,-48,127,1.5,5.5,1.5
1783009335714,2026-07-02 18:22:15.714,C3:00:00:63:4D:07,-54,127,1.5,5.5,1.5
1783009335716,2026-07-02 18:22:15.716,C3:00:00:63:4D:05,-59,127,1.5,5.5,1.5
1783009335720,2026-07-02 18:22:15.720,C3:00:00:63:4C:D2,-63,127,1.5,5.5,1.5
1783009335732,2026-07-02 18:22:15.732,C3:00:00:63:4D:04,-79,127,1.5,5.5,1.5
1783009335762,2026-07-02 18:22:15.762,C3:00:00:63:4D:08,-47,127,1.5,5.5,1.5
1783009335797,2026-07-02 18:22:15.797,C3:00:00:63:4D:0A,-67,127,1.5,5.5,1.5
1783009335800,2026-07-02 18:22:15.800,C3:00:00:63:4D:04,-65,127,1.5,5.5,1.5
1783009335803,2026-07-02 18:22:15.803,C3:00:00:63:4D:09,-59,127,1.5,5.5,1.5
1783009335807,2026-07-02 18:22:15.807,C3:00:00:63:4D:08,-48,127,1.5,5.5,1.5
1783009335823,2026-07-02 18:22:15.823,C3:00:00:63:4D:07,-57,127,1.5,5.5,1.5
1783009335828,2026-07-02 18:22:15.828,C3:00:00:63:4C:D2,-62,127,1.5,5.5,1.5
1783009335844,2026-07-02 18:22:15.844,C3:00:00:63:4D:0D,-50,127,1.5,5.5,1.5
1783009335901,2026-07-02 18:22:15.901,C3:00:00:63:4D:0A,-65,127,1.5,5.5,1.5
1783009335906,2026-07-02 18:22:15.906,C3:00:00:63:4D:04,-63,127,1.5,5.5,1.5
1783009335916,2026-07-02 18:22:15.916,C3:00:00:63:4D:09,-54,127,1.5,5.5,1.5
1783009335931,2026-07-02 18:22:15.931,C3:00:00:63:4D:07,-55,127,1.5,5.5,1.5
1783009336013,2026-07-02 18:22:16.013,C3:00:00:63:4D:04,-67,127,1.5,5.5,1.5
1783009336019,2026-07-02 18:22:16.019,C3:00:00:63:4D:0A,-63,127,1.5,5.5,1.5
1783009336055,2026-07-02 18:22:16.055,C3:00:00:63:4D:0D,-51,127,1.5,5.5,1.5
1783009336122,2026-07-02 18:22:16.122,C3:00:00:63:4D:04,-65,127,1.5,5.5,1.5
1783009336148,2026-07-02 18:22:16.148,C3:00:00:63:4D:0A,-67,127,1.5,5.5,1.5
1783009336151,2026-07-02 18:22:16.151,C3:00:00:63:4D:08,-48,127,1.5,5.5,1.5
1783009336166,2026-07-02 18:22:16.166,C3:00:00:63:4D:0D,-50,127,1.5,5.5,1.5
1783009336170,2026-07-02 18:22:16.170,C3:00:00:63:4D:07,-57,127,1.5,5.5,1.5
1783009336173,2026-07-02 18:22:16.173,C3:00:00:63:4D:05,-65,127,1.5,5.5,1.5
1783009336178,2026-07-02 18:22:16.178,C3:00:00:63:4C:D2,-62,127,1.5,5.5,1.5
1783009336232,2026-07-02 18:22:16.232,C3:00:00:63:4D:04,-64,127,1.5,5.5,1.5
1783009336252,2026-07-02 18:22:16.252,C3:00:00:63:4D:0A,-67,127,1.5,5.5,1.5
1783009336257,2026-07-02 18:22:16.257,C3:00:00:63:4D:08,-48,127,1.5,5.5,1.5
1783009336259,2026-07-02 18:22:16.259,C3:00:00:63:4D:05,-63,127,1.5,5.5,1.5
1783009336261,2026-07-02 18:22:16.261,C3:00:00:63:4D:09,-54,127,1.5,5.5,1.5
1783009336262,2026-07-02 18:22:16.262,C3:00:00:63:4D:0D,-56,127,1.5,5.5,1.5
1783009336274,2026-07-02 18:22:16.274,C3:00:00:63:4D:07,-56,127,1.5,5.5,1.5
1783009336280,2026-07-02 18:22:16.280,C3:00:00:63:4D:05,-56,127,1.5,5.5,1.5
1783009336283,2026-07-02 18:22:16.283,C3:00:00:63:4C:D2,-61,127,1.5,5.5,1.5
1783009336310,2026-07-02 18:22:16.310,C3:00:00:63:4D:0A,-63,127,1.5,5.5,1.5
1783009336342,2026-07-02 18:22:16.342,C3:00:00:63:4D:04,-70,127,1.5,5.5,1.5
1783009336357,2026-07-02 18:22:16.357,C3:00:00:63:4D:08,-48,127,1.5,5.5,1.5
1783009336371,2026-07-02 18:22:16.371,C3:00:00:63:4D:09,-58,127,1.5,5.5,1.5
1783009336372,2026-07-02 18:22:16.372,C3:00:00:63:4D:0D,-51,127,1.5,5.5,1.5
1783009336394,2026-07-02 18:22:16.394,C3:00:00:63:4D:0D,-52,127,1.5,5.5,1.5
1783009336450,2026-07-02 18:22:16.450,C3:00:00:63:4D:04,-65,127,1.5,5.5,1.5
1783009336470,2026-07-02 18:22:16.470,C3:00:00:63:4D:08,-50,127,1.5,5.5,1.5
1783009336475,2026-07-02 18:22:16.475,C3:00:00:63:4D:0A,-66,127,1.5,5.5,1.5
1783009336477,2026-07-02 18:22:16.477,C3:00:00:63:4D:0D,-52,127,1.5,5.5,1.5
1783009336489,2026-07-02 18:22:16.489,C3:00:00:63:4D:09,-60,127,1.5,5.5,1.5
1783009336509,2026-07-02 18:22:16.509,C3:00:00:63:4D:07,-55,127,1.5,5.5,1.5
1783009336511,2026-07-02 18:22:16.511,C3:00:00:63:4C:D2,-68,127,1.5,5.5,1.5
1783009336517,2026-07-02 18:22:16.517,C3:00:00:63:4D:05,-56,127,1.5,5.5,1.5
1783009336528,2026-07-02 18:22:16.528,C3:00:00:63:4C:D2,-61,127,1.5,5.5,1.5
1783009336550,2026-07-02 18:22:16.550,C3:00:00:63:4D:04,-64,127,1.5,5.5,1.5
1783009336593,2026-07-02 18:22:16.593,C3:00:00:63:4D:09,-58,127,1.5,5.5,1.5
1783009336622,2026-07-02 18:22:16.622,C3:00:00:63:4D:07,-54,127,1.5,5.5,1.5
1783009336629,2026-07-02 18:22:16.629,C3:00:00:63:4D:05,-59,127,1.5,5.5,1.5
1783009336636,2026-07-02 18:22:16.636,C3:00:00:63:4C:D2,-63,127,1.5,5.5,1.5
1783009336666,2026-07-02 18:22:16.666,C3:00:00:63:4D:04,-70,127,1.5,5.5,1.5
1783009336675,2026-07-02 18:22:16.675,C3:00:00:63:4D:08,-48,127,1.5,5.5,1.5
1783009336684,2026-07-02 18:22:16.684,C3:00:00:63:4D:0D,-51,127,1.5,5.5,1.5
1783009336696,2026-07-02 18:22:16.696,C3:00:00:63:4D:08,-50,127,1.5,5.5,1.5
1783009336699,2026-07-02 18:22:16.699,C3:00:00:63:4D:0A,-66,127,1.5,5.5,1.5
1783009336708,2026-07-02 18:22:16.708,C3:00:00:63:4D:09,-60,127,1.5,5.5,1.5
1783009336714,2026-07-02 18:22:16.714,C3:00:00:63:4D:0D,-53,127,1.5,5.5,1.5
1783009336751,2026-07-02 18:22:16.751,C3:00:00:63:4C:D2,-62,127,1.5,5.5,1.5
1783009336767,2026-07-02 18:22:16.767,C3:00:00:63:4D:07,-60,127,1.5,5.5,1.5
1783009336786,2026-07-02 18:22:16.786,C3:00:00:63:4D:04,-65,127,1.5,5.5,1.5
1783009336788,2026-07-02 18:22:16.788,C3:00:00:63:4D:0D,-52,127,1.5,5.5,1.5
1783009336793,2026-07-02 18:22:16.793,C3:00:00:63:4D:08,-50,127,1.5,5.5,1.5
1783009336810,2026-07-02 18:22:16.810,C3:00:00:63:4D:0A,-67,127,1.5,5.5,1.5
1783009336823,2026-07-02 18:22:16.823,C3:00:00:63:4D:09,-54,127,1.5,5.5,1.5
1783009336861,2026-07-02 18:22:16.861,C3:00:00:63:4D:05,-56,127,1.5,5.5,1.5
1783009336879,2026-07-02 18:22:16.879,C3:00:00:63:4D:04,-64,127,1.5,5.5,1.5
1783009336889,2026-07-02 18:22:16.889,C3:00:00:63:4D:0D,-53,127,1.5,5.5,1.5
1783009336898,2026-07-02 18:22:16.898,C3:00:00:63:4D:08,-48,127,1.5,5.5,1.5
1783009336920,2026-07-02 18:22:16.920,C3:00:00:63:4D:0A,-63,127,1.5,5.5,1.5
1783009336943,2026-07-02 18:22:16.943,C3:00:00:63:4D:0D,-51,127,1.5,5.5,1.5
1783009336947,2026-07-02 18:22:16.947,C3:00:00:63:4D:09,-57,127,1.5,5.5,1.5
1783009336972,2026-07-02 18:22:16.972,C3:00:00:63:4D:05,-59,127,1.5,5.5,1.5
1783009336976,2026-07-02 18:22:16.976,C3:00:00:63:4C:D2,-63,127,1.5,5.5,1.5
1783009336993,2026-07-02 18:22:16.993,C3:00:00:63:4D:0D,-52,127,1.5,5.5,1.5
1783009337017,2026-07-02 18:22:17.017,C3:00:00:63:4D:08,-50,127,1.5,5.5,1.5
1783009337032,2026-07-02 18:22:17.032,C3:00:00:63:4D:0A,-66,127,1.5,5.5,1.5
1783009337062,2026-07-02 18:22:17.062,C3:00:00:63:4D:09,-60,127,1.5,5.5,1.5
1783009337086,2026-07-02 18:22:17.086,C3:00:00:63:4D:07,-58,127,1.5,5.5,1.5
1783009337094,2026-07-02 18:22:17.094,C3:00:00:63:4C:D2,-63,127,1.5,5.5,1.5
1783009337100,2026-07-02 18:22:17.100,C3:00:00:63:4D:0D,-54,127,1.5,5.5,1.5
1783009337108,2026-07-02 18:22:17.108,C3:00:00:63:4D:04,-63,127,1.5,5.5,1.5
1783009337116,2026-07-02 18:22:17.116,C3:00:00:63:4D:08,-49,127,1.5,5.5,1.5
1783009337160,2026-07-02 18:22:17.160,C3:00:00:63:4D:09,-54,127,1.5,5.5,1.5
1783009337181,2026-07-02 18:22:17.181,C3:00:00:63:4D:09,-54,127,1.5,5.5,1.5
1783009337188,2026-07-02 18:22:17.188,C3:00:00:63:4D:05,-57,127,1.5,5.5,1.5
1783009337211,2026-07-02 18:22:17.211,C3:00:00:63:4D:0D,-51,127,1.5,5.5,1.5
1783009337221,2026-07-02 18:22:17.221,C3:00:00:63:4C:D2,-63,127,1.5,5.5,1.5
1783009337227,2026-07-02 18:22:17.227,C3:00:00:63:4D:08,-48,127,1.5,5.5,1.5
1783009337232,2026-07-02 18:22:17.232,C3:00:00:63:4C:D2,-63,127,1.5,5.5,1.5
1783009337257,2026-07-02 18:22:17.257,C3:00:00:63:4D:0A,-63,127,1.5,5.5,1.5
1783009337279,2026-07-02 18:22:17.279,C3:00:00:63:4D:04,-70,127,1.5,5.5,1.5
1783009337284,2026-07-02 18:22:17.284,C3:00:00:63:4D:09,-58,127,1.5,5.5,1.5
1783009337321,2026-07-02 18:22:17.321,C3:00:00:63:4C:D2,-63,127,1.5,5.5,1.5
1783009337329,2026-07-02 18:22:17.329,C3:00:00:63:4D:05,-64,127,1.5,5.5,1.5
1783009337338,2026-07-02 18:22:17.338,C3:00:00:63:4D:08,-50,127,1.5,5.5,1.5
1783009337378,2026-07-02 18:22:17.378,C3:00:00:63:4D:0A,-66,127,1.5,5.5,1.5
1783009337396,2026-07-02 18:22:17.396,C3:00:00:63:4D:0A,-67,127,1.5,5.5,1.5
1783009337418,2026-07-02 18:22:17.418,C3:00:00:63:4D:0D,-53,127,1.5,5.5,1.5
1783009337426,2026-07-02 18:22:17.426,C3:00:00:63:4D:0A,-67,127,1.5,5.5,1.5
1783009337431,2026-07-02 18:22:17.431,C3:00:00:63:4D:04,-64,127,1.5,5.5,1.5
1783009337435,2026-07-02 18:22:17.435,C3:00:00:63:4D:07,-55,127,1.5,5.5,1.5
1783009337441,2026-07-02 18:22:17.441,C3:00:00:63:4D:05,-56,127,1.5,5.5,1.5
1783009337446,2026-07-02 18:22:17.446,C3:00:00:63:4C:D2,-61,127,1.5,5.5,1.5
1783009337451,2026-07-02 18:22:17.451,C3:00:00:63:4D:08,-48,127,1.5,5.5,1.5
1783009337452,2026-07-02 18:22:17.452,C3:00:00:63:4D:07,-56,127,1.5,5.5,1.5
1783009337481,2026-07-02 18:22:17.481,C3:00:00:63:4D:0A,-67,127,1.5,5.5,1.5
1783009337504,2026-07-02 18:22:17.504,C3:00:00:63:4D:09,-58,127,1.5,5.5,1.5
1783009337528,2026-07-02 18:22:17.528,C3:00:00:63:4D:0D,-51,127,1.5,5.5,1.5
1783009337540,2026-07-02 18:22:17.540,C3:00:00:63:4D:04,-70,127,1.5,5.5,1.5
1783009337554,2026-07-02 18:22:17.554,C3:00:00:63:4D:07,-54,127,1.5,5.5,1.5
1783009337557,2026-07-02 18:22:17.557,C3:00:00:63:4C:D2,-63,127,1.5,5.5,1.5
1783009337559,2026-07-02 18:22:17.559,C3:00:00:63:4D:05,-59,127,1.5,5.5,1.5
1783009337560,2026-07-02 18:22:17.560,C3:00:00:63:4D:08,-48,127,1.5,5.5,1.5
1783009337598,2026-07-02 18:22:17.598,C3:00:00:63:4D:0A,-66,127,1.5,5.5,1.5
1783009337625,2026-07-02 18:22:17.625,C3:00:00:63:4D:09,-60,127,1.5,5.5,1.5
1783009337630,2026-07-02 18:22:17.630,C3:00:00:63:4D:0D,-52,127,1.5,5.5,1.5
1783009337645,2026-07-02 18:22:17.645,C3:00:00:63:4D:04,-65,127,1.5,5.5,1.5
1783009337657,2026-07-02 18:22:17.657,C3:00:00:63:4D:07,-58,127,1.5,5.5,1.5
1783009337661,2026-07-02 18:22:17.661,C3:00:00:63:4D:04,-65,127,1.5,5.5,1.5
1783009337666,2026-07-02 18:22:17.666,C3:00:00:63:4D:08,-50,127,1.5,5.5,1.5
1783009337672,2026-07-02 18:22:17.672,C3:00:00:63:4D:05,-64,127,1.5,5.5,1.5
1783009337676,2026-07-02 18:22:17.676,C3:00:00:63:4D:04,-65,127,1.5,5.5,1.5
1783009337687,2026-07-02 18:22:17.687,C3:00:00:63:4D:05,-65,127,1.5,5.5,1.5
1783009337706,2026-07-02 18:22:17.706,C3:00:00:63:4D:0A,-67,127,1.5,5.5,1.5
1783009337734,2026-07-02 18:22:17.734,C3:00:00:63:4D:0D,-53,127,1.5,5.5,1.5
1783009337750,2026-07-02 18:22:17.750,C3:00:00:63:4D:09,-54,127,1.5,5.5,1.5
1783009337755,2026-07-02 18:22:17.755,C3:00:00:63:4D:04,-64,127,1.5,5.5,1.5
1783009337777,2026-07-02 18:22:17.777,C3:00:00:63:4D:07,-55,127,1.5,5.5,1.5
1783009337798,2026-07-02 18:22:17.798,C3:00:00:63:4D:08,-47,127,1.5,5.5,1.5
1783009337824,2026-07-02 18:22:17.824,C3:00:00:63:4D:0A,-63,127,1.5,5.5,1.5
1783009337838,2026-07-02 18:22:17.838,C3:00:00:63:4D:0D,-51,127,1.5,5.5,1.5
1783009337855,2026-07-02 18:22:17.855,C3:00:00:63:4D:09,-58,127,1.5,5.5,1.5
1783009337862,2026-07-02 18:22:17.862,C3:00:00:63:4D:04,-70,127,1.5,5.5,1.5
1783009337879,2026-07-02 18:22:17.879,C3:00:00:63:4D:08,-48,127,1.5,5.5,1.5
1783009337884,2026-07-02 18:22:17.884,C3:00:00:63:4D:07,-54,127,1.5,5.5,1.5
1783009337894,2026-07-02 18:22:17.894,C3:00:00:63:4C:D2,-63,127,1.5,5.5,1.5
1783009337898,2026-07-02 18:22:17.898,C3:00:00:63:4D:05,-64,127,1.5,5.5,1.5
1783009337939,2026-07-02 18:22:17.939,C3:00:00:63:4C:D2,-63,127,1.5,5.5,1.5
1783009337944,2026-07-02 18:22:17.944,C3:00:00:63:4D:0A,-66,127,1.5,5.5,1.5
1783009337948,2026-07-02 18:22:17.948,C3:00:00:63:4D:0D,-52,127,1.5,5.5,1.5
1783009337972,2026-07-02 18:22:17.972,C3:00:00:63:4D:09,-60,127,1.5,5.5,1.5
1783009337980,2026-07-02 18:22:17.980,C3:00:00:63:4D:04,-65,127,1.5,5.5,1.5
1783009338009,2026-07-02 18:22:18.009,C3:00:00:63:4D:07,-55,127,1.5,5.5,1.5
1783009338015,2026-07-02 18:22:18.015,C3:00:00:63:4C:D2,-60,127,1.5,5.5,1.5
1783009338018,2026-07-02 18:22:18.018,C3:00:00:63:4D:05,-56,127,1.5,5.5,1.5
1783009338041,2026-07-02 18:22:18.041,C3:00:00:63:4D:0D,-53,127,1.5,5.5,1.5
1783009338080,2026-07-02 18:22:18.080,C3:00:00:63:4D:09,-54,127,1.5,5.5,1.5
1783009338103,2026-07-02 18:22:18.103,C3:00:00:63:4D:0D,-59,127,1.5,5.5,1.5
1783009338107,2026-07-02 18:22:18.107,C3:00:00:63:4D:09,-63,127,1.5,5.5,1.5
1783009338109,2026-07-02 18:22:18.109,C3:00:00:63:4D:08,-46,127,1.5,5.5,1.5
1783009338124,2026-07-02 18:22:18.124,C3:00:00:63:4D:07,-54,127,1.5,5.5,1.5
1783009338143,2026-07-02 18:22:18.143,C3:00:00:63:4D:07,-60,127,1.5,5.5,1.5
1783009338162,2026-07-02 18:22:18.162,C3:00:00:63:4D:0D,-51,127,1.5,5.5,1.5
1783009338188,2026-07-02 18:22:18.188,C3:00:00:63:4D:09,-55,127,1.5,5.5,1.5
1783009338212,2026-07-02 18:22:18.212,C3:00:00:63:4D:08,-48,127,1.5,5.5,1.5
1783009338241,2026-07-02 18:22:18.241,C3:00:00:63:4D:07,-57,127,1.5,5.5,1.5
1783009338248,2026-07-02 18:22:18.248,C3:00:00:63:4C:D2,-62,127,1.5,5.5,1.5
1783009338251,2026-07-02 18:22:18.251,C3:00:00:63:4D:05,-64,127,1.5,5.5,1.5
1783009338254,2026-07-02 18:22:18.254,C3:00:00:63:4D:0D,-50,127,1.5,5.5,1.5
1783009338260,2026-07-02 18:22:18.260,C3:00:00:63:4D:0A,-75,127,1.5,5.5,1.5
1783009338272,2026-07-02 18:22:18.272,C3:00:00:63:4D:0A,-67,127,1.5,5.5,1.5
1783009338301,2026-07-02 18:22:18.301,C3:00:00:63:4D:04,-62,127,1.5,5.5,1.5
1783009338325,2026-07-02 18:22:18.325,C3:00:00:63:4D:08,-49,127,1.5,5.5,1.5
1783009338350,2026-07-02 18:22:18.350,C3:00:00:63:4D:07,-56,127,1.5,5.5,1.5
1783009338359,2026-07-02 18:22:18.359,C3:00:00:63:4C:D2,-62,127,1.5,5.5,1.5
1783009338364,2026-07-02 18:22:18.364,C3:00:00:63:4D:05,-57,127,1.5,5.5,1.5
1783009338375,2026-07-02 18:22:18.375,C3:00:00:63:4D:0D,-56,127,1.5,5.5,1.5
1783009338394,2026-07-02 18:22:18.394,C3:00:00:63:4D:0A,-63,127,1.5,5.5,1.5
1783009338400,2026-07-02 18:22:18.400,C3:00:00:63:4D:0D,-51,127,1.5,5.5,1.5
1783009338405,2026-07-02 18:22:18.405,C3:00:00:63:4D:04,-67,127,1.5,5.5,1.5
1783009338417,2026-07-02 18:22:18.417,C3:00:00:63:4D:09,-56,127,1.5,5.5,1.5
1783009338426,2026-07-02 18:22:18.426,C3:00:00:63:4D:08,-46,127,1.5,5.5,1.5
1783009338467,2026-07-02 18:22:18.467,C3:00:00:63:4D:0D,-51,127,1.5,5.5,1.5
1783009338471,2026-07-02 18:22:18.471,C3:00:00:63:4C:D2,-63,127,1.5,5.5,1.5
1783009338478,2026-07-02 18:22:18.478,C3:00:00:63:4D:05,-59,127,1.5,5.5,1.5
1783009338523,2026-07-02 18:22:18.523,C3:00:00:63:4D:04,-65,127,1.5,5.5,1.5
1783009338573,2026-07-02 18:22:18.573,C3:00:00:63:4D:0D,-52,127,1.5,5.5,1.5
1783009338578,2026-07-02 18:22:18.578,C3:00:00:63:4D:07,-58,127,1.5,5.5,1.5
1783009338614,2026-07-02 18:22:18.614,C3:00:00:63:4D:0A,-67,127,1.5,5.5,1.5
1783009338631,2026-07-02 18:22:18.631,C3:00:00:63:4D:04,-64,127,1.5,5.5,1.5
1783009338646,2026-07-02 18:22:18.646,C3:00:00:63:4D:08,-48,127,1.5,5.5,1.5
1783009338695,2026-07-02 18:22:18.695,C3:00:00:63:4D:07,-54,127,1.5,5.5,1.5
1783009338702,2026-07-02 18:22:18.702,C3:00:00:63:4C:D2,-63,127,1.5,5.5,1.5
1783009338718,2026-07-02 18:22:18.718,C3:00:00:63:4D:05,-59,127,1.5,5.5,1.5
1783009338729,2026-07-02 18:22:18.729,C3:00:00:63:4D:0A,-63,127,1.5,5.5,1.5
1783009338754,2026-07-02 18:22:18.754,C3:00:00:63:4D:08,-47,127,1.5,5.5,1.5
1783009338770,2026-07-02 18:22:18.770,C3:00:00:63:4D:09,-58,127,1.5,5.5,1.5
1783009338777,2026-07-02 18:22:18.777,C3:00:00:63:4D:07,-54,127,1.5,5.5,1.5
1783009338799,2026-07-02 18:22:18.799,C3:00:00:63:4D:07,-59,127,1.5,5.5,1.5
1783009338805,2026-07-02 18:22:18.805,C3:00:00:63:4C:D2,-63,127,1.5,5.5,1.5
1783009338812,2026-07-02 18:22:18.812,C3:00:00:63:4D:05,-64,127,1.5,5.5,1.5
1783009338818,2026-07-02 18:22:18.818,C3:00:00:63:4D:07,-58,127,1.5,5.5,1.5
1783009338838,2026-07-02 18:22:18.838,C3:00:00:63:4C:D2,-62,127,1.5,5.5,1.5
1783009338842,2026-07-02 18:22:18.842,C3:00:00:63:4D:0A,-67,127,1.5,5.5,1.5
1783009338844,2026-07-02 18:22:18.844,C3:00:00:63:4D:04,-65,127,1.5,5.5,1.5
1783009338860,2026-07-02 18:22:18.860,C3:00:00:63:4D:08,-50,127,1.5,5.5,1.5
1783009338877,2026-07-02 18:22:18.877,C3:00:00:63:4D:09,-60,127,1.5,5.5,1.5
1783009338890,2026-07-02 18:22:18.890,C3:00:00:63:4D:08,-50,127,1.5,5.5,1.5
1783009338908,2026-07-02 18:22:18.908,C3:00:00:63:4D:08,-56,127,1.5,5.5,1.5
1783009338945,2026-07-02 18:22:18.945,C3:00:00:63:4D:0D,-53,127,1.5,5.5,1.5
1783009338955,2026-07-02 18:22:18.955,C3:00:00:63:4D:04,-64,127,1.5,5.5,1.5
1783009338968,2026-07-02 18:22:18.968,C3:00:00:63:4D:0A,-67,127,1.5,5.5,1.5
1783009338974,2026-07-02 18:22:18.974,C3:00:00:63:4D:08,-48,127,1.5,5.5,1.5
1783009338986,2026-07-02 18:22:18.986,C3:00:00:63:4D:09,-54,127,1.5,5.5,1.5
1783009338992,2026-07-02 18:22:18.992,C3:00:00:63:4D:0D,-51,127,1.5,5.5,1.5
1783009339011,2026-07-02 18:22:19.011,C3:00:00:63:4D:09,-58,127,1.5,5.5,1.5
1783009339038,2026-07-02 18:22:19.038,C3:00:00:63:4D:07,-54,127,1.5,5.5,1.5
1783009339070,2026-07-02 18:22:19.070,C3:00:00:63:4D:04,-70,127,1.5,5.5,1.5
1783009339095,2026-07-02 18:22:19.095,C3:00:00:63:4D:0D,-52,127,1.5,5.5,1.5
1783009339112,2026-07-02 18:22:19.112,C3:00:00:63:4D:09,-60,127,1.5,5.5,1.5
1783009339168,2026-07-02 18:22:19.168,C3:00:00:63:4C:D2,-62,127,1.5,5.5,1.5
1783009339177,2026-07-02 18:22:19.177,C3:00:00:63:4D:04,-64,127,1.5,5.5,1.5
1783009339195,2026-07-02 18:22:19.195,C3:00:00:63:4D:0A,-66,127,1.5,5.5,1.5
1783009339202,2026-07-02 18:22:19.202,C3:00:00:63:4D:08,-50,127,1.5,5.5,1.5
1783009339211,2026-07-02 18:22:19.211,C3:00:00:63:4D:0D,-54,127,1.5,5.5,1.5
1783009339213,2026-07-02 18:22:19.213,C3:00:00:63:4C:D2,-62,127,1.5,5.5,1.5
1783009339267,2026-07-02 18:22:19.267,C3:00:00:63:4D:07,-55,127,1.5,5.5,1.5
1783009339269,2026-07-02 18:22:19.269,C3:00:00:63:4C:D2,-61,127,1.5,5.5,1.5
1783009339275,2026-07-02 18:22:19.275,C3:00:00:63:4D:05,-56,127,1.5,5.5,1.5
1783009339280,2026-07-02 18:22:19.280,C3:00:00:63:4D:04,-64,127,1.5,5.5,1.5
1783009339295,2026-07-02 18:22:19.295,C3:00:00:63:4D:0A,-63,127,1.5,5.5,1.5
1783009339297,2026-07-02 18:22:19.297,C3:00:00:63:4D:08,-48,127,1.5,5.5,1.5
1783009339312,2026-07-02 18:22:19.312,C3:00:00:63:4D:0D,-50,127,1.5,5.5,1.5
1783009339330,2026-07-02 18:22:19.330,C3:00:00:63:4D:09,-58,127,1.5,5.5,1.5
1783009339383,2026-07-02 18:22:19.383,C3:00:00:63:4D:07,-54,127,1.5,5.5,1.5
1783009339388,2026-07-02 18:22:19.388,C3:00:00:63:4C:D2,-63,127,1.5,5.5,1.5
1783009339395,2026-07-02 18:22:19.395,C3:00:00:63:4D:0A,-63,127,1.5,5.5,1.5
1783009339399,2026-07-02 18:22:19.399,C3:00:00:63:4D:05,-65,127,1.5,5.5,1.5
1783009339410,2026-07-02 18:22:19.410,C3:00:00:63:4D:0D,-52,127,1.5,5.5,1.5
1783009339425,2026-07-02 18:22:19.425,C3:00:00:63:4D:08,-50,127,1.5,5.5,1.5
1783009339434,2026-07-02 18:22:19.434,C3:00:00:63:4D:0A,-67,127,1.5,5.5,1.5
1783009339441,2026-07-02 18:22:19.441,C3:00:00:63:4D:09,-60,127,1.5,5.5,1.5
1783009339465,2026-07-02 18:22:19.465,C3:00:00:63:4D:07,-59,127,1.5,5.5,1.5
1783009339496,2026-07-02 18:22:19.496,C3:00:00:63:4D:04,-65,127,1.5,5.5,1.5
1783009339507,2026-07-02 18:22:19.507,C3:00:00:63:4D:07,-55,127,1.5,5.5,1.5
1783009339513,2026-07-02 18:22:19.513,C3:00:00:63:4D:05,-57,127,1.5,5.5,1.5
1783009339521,2026-07-02 18:22:19.521,C3:00:00:63:4D:0D,-54,127,1.5,5.5,1.5
1783009339524,2026-07-02 18:22:19.524,C3:00:00:63:4D:08,-48,127,1.5,5.5,1.5
1783009339531,2026-07-02 18:22:19.531,C3:00:00:63:4D:0A,-66,127,1.5,5.5,1.5
1783009339563,2026-07-02 18:22:19.563,C3:00:00:63:4D:09,-54,127,1.5,5.5,1.5
1783009339608,2026-07-02 18:22:19.608,C3:00:00:63:4D:04,-74,127,1.5,5.5,1.5
1783009339632,2026-07-02 18:22:19.632,C3:00:00:63:4D:08,-48,127,1.5,5.5,1.5
1783009339636,2026-07-02 18:22:19.636,C3:00:00:63:4D:0D,-51,127,1.5,5.5,1.5
1783009339639,2026-07-02 18:22:19.639,C3:00:00:63:4D:0A,-63,127,1.5,5.5,1.5
1783009339670,2026-07-02 18:22:19.670,C3:00:00:63:4D:04,-74,127,1.5,5.5,1.5
1783009339676,2026-07-02 18:22:19.676,C3:00:00:63:4D:09,-58,127,1.5,5.5,1.5
1783009339693,2026-07-02 18:22:19.693,C3:00:00:63:4D:04,-74,127,1.5,5.5,1.5
1783009339702,2026-07-02 18:22:19.702,C3:00:00:63:4D:05,-66,127,1.5,5.5,1.5
1783009339715,2026-07-02 18:22:19.715,C3:00:00:63:4D:04,-64,127,1.5,5.5,1.5
1783009339728,2026-07-02 18:22:19.728,C3:00:00:63:4D:07,-58,127,1.5,5.5,1.5
1783009339732,2026-07-02 18:22:19.732,C3:00:00:63:4D:0D,-50,127,1.5,5.5,1.5
1783009339736,2026-07-02 18:22:19.736,C3:00:00:63:4D:08,-48,127,1.5,5.5,1.5
1783009339741,2026-07-02 18:22:19.741,C3:00:00:63:4D:05,-67,127,1.5,5.5,1.5
1783009339745,2026-07-02 18:22:19.745,C3:00:00:63:4D:0A,-67,127,1.5,5.5,1.5
1783009339785,2026-07-02 18:22:19.785,C3:00:00:63:4D:09,-58,127,1.5,5.5,1.5
1783009339787,2026-07-02 18:22:19.787,C3:00:00:63:4D:08,-48,127,1.5,5.5,1.5
1783009339826,2026-07-02 18:22:19.826,C3:00:00:63:4D:04,-64,127,1.5,5.5,1.5
1783009339829,2026-07-02 18:22:19.829,C3:00:00:63:4D:0D,-56,127,1.5,5.5,1.5
1783009339852,2026-07-02 18:22:19.852,C3:00:00:63:4D:05,-57,127,1.5,5.5,1.5
1783009339855,2026-07-02 18:22:19.855,C3:00:00:63:4C:D2,-63,127,1.5,5.5,1.5
1783009339859,2026-07-02 18:22:19.859,C3:00:00:63:4D:0A,-64,127,1.5,5.5,1.5
1783009339901,2026-07-02 18:22:19.901,C3:00:00:63:4D:09,-55,127,1.5,5.5,1.5
1783009339930,2026-07-02 18:22:19.930,C3:00:00:63:4D:09,-55,127,1.5,5.5,1.5
1783009339934,2026-07-02 18:22:19.934,C3:00:00:63:4D:0D,-51,127,1.5,5.5,1.5
1783009339942,2026-07-02 18:22:19.942,C3:00:00:63:4C:D2,-63,127,1.5,5.5,1.5
1783009339949,2026-07-02 18:22:19.949,C3:00:00:63:4D:04,-69,127,1.5,5.5,1.5
1783009339953,2026-07-02 18:22:19.953,C3:00:00:63:4D:08,-46,127,1.5,5.5,1.5
1783009339959,2026-07-02 18:22:19.959,C3:00:00:63:4D:07,-53,127,1.5,5.5,1.5
1783009339962,2026-07-02 18:22:19.962,C3:00:00:63:4C:D2,-62,127,1.5,5.5,1.5
1783009339966,2026-07-02 18:22:19.966,C3:00:00:63:4D:05,-59,127,1.5,5.5,1.5
1783009339969,2026-07-02 18:22:19.969,C3:00:00:63:4D:0A,-63,127,1.5,5.5,1.5
1783009340017,2026-07-02 18:22:20.017,C3:00:00:63:4D:09,-58,127,1.5,5.5,1.5
1783009340046,2026-07-02 18:22:20.046,C3:00:00:63:4D:0D,-50,127,1.5,5.5,1.5
1783009340065,2026-07-02 18:22:20.065,C3:00:00:63:4D:08,-48,127,1.5,5.5,1.5
1783009340081,2026-07-02 18:22:20.081,C3:00:00:63:4D:07,-59,127,1.5,5.5,1.5
1783009340084,2026-07-02 18:22:20.084,C3:00:00:63:4D:05,-65,127,1.5,5.5,1.5
1783009340086,2026-07-02 18:22:20.086,C3:00:00:63:4C:D2,-62,127,1.5,5.5,1.5
1783009340087,2026-07-02 18:22:20.087,C3:00:00:63:4D:0A,-67,127,1.5,5.5,1.5
1783009340133,2026-07-02 18:22:20.133,C3:00:00:63:4D:09,-54,127,1.5,5.5,1.5
1783009340149,2026-07-02 18:22:20.149,C3:00:00:63:4D:0D,-54,127,1.5,5.5,1.5
1783009340152,2026-07-02 18:22:20.152,C3:00:00:63:4D:04,-65,127,1.5,5.5,1.5
1783009340174,2026-07-02 18:22:20.174,C3:00:00:63:4D:08,-48,127,1.5,5.5,1.5
1783009340188,2026-07-02 18:22:20.188,C3:00:00:63:4D:07,-55,127,1.5,5.5,1.5
1783009340193,2026-07-02 18:22:20.193,C3:00:00:63:4C:D2,-63,127,1.5,5.5,1.5
1783009340200,2026-07-02 18:22:20.200,C3:00:00:63:4D:05,-58,127,1.5,5.5,1.5
1783009340243,2026-07-02 18:22:20.243,C3:00:00:63:4D:09,-56,127,1.5,5.5,1.5
1783009340267,2026-07-02 18:22:20.267,C3:00:00:63:4D:04,-73,127,1.5,5.5,1.5
1783009340290,2026-07-02 18:22:20.290,C3:00:00:63:4D:08,-48,127,1.5,5.5,1.5
1783009340306,2026-07-02 18:22:20.306,C3:00:00:63:4D:07,-59,127,1.5,5.5,1.5
1783009340310,2026-07-02 18:22:20.310,C3:00:00:63:4D:0A,-67,127,1.5,5.5,1.5
1783009340325,2026-07-02 18:22:20.325,C3:00:00:63:4D:0A,-67,127,1.5,5.5,1.5
1783009340357,2026-07-02 18:22:20.357,C3:00:00:63:4D:0D,-52,127,1.5,5.5,1.5
1783009340362,2026-07-02 18:22:20.362,C3:00:00:63:4D:09,-60,127,1.5,5.5,1.5
1783009340368,2026-07-02 18:22:20.368,C3:00:00:63:4D:04,-65,127,1.5,5.5,1.5
1783009340403,2026-07-02 18:22:20.403,C3:00:00:63:4D:0D,-54,127,1.5,5.5,1.5
1783009340424,2026-07-02 18:22:20.424,C3:00:00:63:4D:07,-55,127,1.5,5.5,1.5
1783009340428,2026-07-02 18:22:20.428,C3:00:00:63:4D:0A,-66,127,1.5,5.5,1.5
1783009340431,2026-07-02 18:22:20.431,C3:00:00:63:4C:D2,-61,127,1.5,5.5,1.5
1783009340464,2026-07-02 18:22:20.464,C3:00:00:63:4D:0D,-53,127,1.5,5.5,1.5
1783009340489,2026-07-02 18:22:20.489,C3:00:00:63:4D:04,-65,127,1.5,5.5,1.5
1783009340503,2026-07-02 18:22:20.503,C3:00:00:63:4D:08,-48,127,1.5,5.5,1.5
1783009340521,2026-07-02 18:22:20.521,C3:00:00:63:4C:D2,-70,127,1.5,5.5,1.5
1783009340533,2026-07-02 18:22:20.533,C3:00:00:63:4D:07,-54,127,1.5,5.5,1.5
1783009340535,2026-07-02 18:22:20.535,C3:00:00:63:4D:0A,-62,127,1.5,5.5,1.5
1783009340563,2026-07-02 18:22:20.563,C3:00:00:63:4D:0D,-51,127,1.5,5.5,1.5
1783009340592,2026-07-02 18:22:20.592,C3:00:00:63:4D:04,-73,127,1.5,5.5,1.5
1783009340597,2026-07-02 18:22:20.597,C3:00:00:63:4D:09,-57,127,1.5,5.5,1.5
1783009340617,2026-07-02 18:22:20.617,C3:00:00:63:4D:08,-50,127,1.5,5.5,1.5
1783009340649,2026-07-02 18:22:20.649,C3:00:00:63:4D:07,-59,127,1.5,5.5,1.5
1783009340656,2026-07-02 18:22:20.656,C3:00:00:63:4D:0A,-67,127,1.5,5.5,1.5
1783009340667,2026-07-02 18:22:20.667,C3:00:00:63:4D:05,-65,127,1.5,5.5,1.5
1783009340676,2026-07-02 18:22:20.676,C3:00:00:63:4D:0D,-52,127,1.5,5.5,1.5
1783009340680,2026-07-02 18:22:20.680,C3:00:00:63:4D:08,-50,127,1.5,5.5,1.5
1783009340700,2026-07-02 18:22:20.700,C3:00:00:63:4D:09,-54,127,1.5,5.5,1.5
1783009340703,2026-07-02 18:22:20.703,C3:00:00:63:4D:04,-65,127,1.5,5.5,1.5
1783009340715,2026-07-02 18:22:20.715,C3:00:00:63:4D:0D,-54,127,1.5,5.5,1.5
1783009340759,2026-07-02 18:22:20.759,C3:00:00:63:4D:0A,-66,127,1.5,5.5,1.5
1783009340768,2026-07-02 18:22:20.768,C3:00:00:63:4D:07,-55,127,1.5,5.5,1.5
1783009340783,2026-07-02 18:22:20.783,C3:00:00:63:4C:D2,-61,127,1.5,5.5,1.5
1783009340787,2026-07-02 18:22:20.787,C3:00:00:63:4D:05,-56,127,1.5,5.5,1.5
1783009340791,2026-07-02 18:22:20.791,C3:00:00:63:4D:0D,-54,127,1.5,5.5,1.5
1783009340793,2026-07-02 18:22:20.793,C3:00:00:63:4D:07,-55,127,1.5,5.5,1.5
1783009340806,2026-07-02 18:22:20.806,C3:00:00:63:4D:04,-74,127,1.5,5.5,1.5
1783009340831,2026-07-02 18:22:20.831,C3:00:00:63:4D:08,-48,127,1.5,5.5,1.5
1783009340877,2026-07-02 18:22:20.877,C3:00:00:63:4D:0A,-63,127,1.5,5.5,1.5
1783009340882,2026-07-02 18:22:20.882,C3:00:00:63:4D:0D,-51,127,1.5,5.5,1.5
1783009340888,2026-07-02 18:22:20.888,C3:00:00:63:4D:07,-54,127,1.5,5.5,1.5
1783009340916,2026-07-02 18:22:20.916,C3:00:00:63:4D:04,-65,127,1.5,5.5,1.5
1783009340936,2026-07-02 18:22:20.936,C3:00:00:63:4D:09,-59,127,1.5,5.5,1.5
1783009340941,2026-07-02 18:22:20.941,C3:00:00:63:4D:08,-50,127,1.5,5.5,1.5
1783009340950,2026-07-02 18:22:20.950,C3:00:00:63:4D:0D,-52,127,1.5,5.5,1.5
1783009340993,2026-07-02 18:22:20.993,C3:00:00:63:4D:0D,-52,127,1.5,5.5,1.5
1783009340998,2026-07-02 18:22:20.998,C3:00:00:63:4D:0A,-66,127,1.5,5.5,1.5
1783009341003,2026-07-02 18:22:21.003,C3:00:00:63:4D:05,-56,127,1.5,5.5,1.5
1783009341009,2026-07-02 18:22:21.009,C3:00:00:63:4D:09,-54,127,1.5,5.5,1.5
1783009341024,2026-07-02 18:22:21.024,C3:00:00:63:4D:04,-65,127,1.5,5.5,1.5
1783009341037,2026-07-02 18:22:21.037,C3:00:00:63:4D:09,-54,127,1.5,5.5,1.5
1783009341046,2026-07-02 18:22:21.046,C3:00:00:63:4D:08,-48,127,1.5,5.5,1.5
1783009341098,2026-07-02 18:22:21.098,C3:00:00:63:4D:0D,-51,127,1.5,5.5,1.5
1783009341108,2026-07-02 18:22:21.108,C3:00:00:63:4D:0A,-63,127,1.5,5.5,1.5
1783009341111,2026-07-02 18:22:21.111,C3:00:00:63:4D:07,-54,127,1.5,5.5,1.5
1783009341118,2026-07-02 18:22:21.118,C3:00:00:63:4D:05,-58,127,1.5,5.5,1.5
1783009341187,2026-07-02 18:22:21.187,C3:00:00:63:4D:05,-59,127,1.5,5.5,1.5
1783009341192,2026-07-02 18:22:21.192,C3:00:00:63:4D:09,-58,127,1.5,5.5,1.5
1783009341200,2026-07-02 18:22:21.200,C3:00:00:63:4D:0D,-50,127,1.5,5.5,1.5
1783009341220,2026-07-02 18:22:21.220,C3:00:00:63:4D:0A,-67,127,1.5,5.5,1.5
1783009341225,2026-07-02 18:22:21.225,C3:00:00:63:4D:05,-66,127,1.5,5.5,1.5
1783009341236,2026-07-02 18:22:21.236,C3:00:00:63:4C:D2,-62,127,1.5,5.5,1.5
1783009341238,2026-07-02 18:22:21.238,C3:00:00:63:4D:07,-58,127,1.5,5.5,1.5
1783009341261,2026-07-02 18:22:21.261,C3:00:00:63:4D:08,-48,127,1.5,5.5,1.5
1783009341275,2026-07-02 18:22:21.275,C3:00:00:63:4D:09,-58,127,1.5,5.5,1.5
1783009341293,2026-07-02 18:22:21.293,C3:00:00:63:4D:04,-65,127,1.5,5.5,1.5
1783009341300,2026-07-02 18:22:21.300,C3:00:00:63:4D:0D,-56,127,1.5,5.5,1.5
1783009341349,2026-07-02 18:22:21.349,C3:00:00:63:4D:05,-56,127,1.5,5.5,1.5
1783009341355,2026-07-02 18:22:21.355,C3:00:00:63:4D:04,-65,127,1.5,5.5,1.5
1783009341369,2026-07-02 18:22:21.369,C3:00:00:63:4D:08,-49,127,1.5,5.5,1.5
1783009341383,2026-07-02 18:22:21.383,C3:00:00:63:4D:09,-54,127,1.5,5.5,1.5
1783009341400,2026-07-02 18:22:21.400,C3:00:00:63:4D:0A,-64,127,1.5,5.5,1.5
1783009341416,2026-07-02 18:22:21.416,C3:00:00:63:4D:0D,-51,127,1.5,5.5,1.5
1783009341421,2026-07-02 18:22:21.421,C3:00:00:63:4D:0A,-64,127,1.5,5.5,1.5
1783009341445,2026-07-02 18:22:21.445,C3:00:00:63:4D:0A,-63,127,1.5,5.5,1.5
1783009341453,2026-07-02 18:22:21.453,C3:00:00:63:4D:07,-53,127,1.5,5.5,1.5
1783009341469,2026-07-02 18:22:21.469,C3:00:00:63:4D:04,-68,127,1.5,5.5,1.5
1783009341471,2026-07-02 18:22:21.471,C3:00:00:63:4D:05,-58,127,1.5,5.5,1.5
1783009341475,2026-07-02 18:22:21.475,C3:00:00:63:4C:D2,-63,127,1.5,5.5,1.5
1783009341479,2026-07-02 18:22:21.479,C3:00:00:63:4D:07,-54,127,1.5,5.5,1.5
1783009341481,2026-07-02 18:22:21.481,C3:00:00:63:4D:08,-46,127,1.5,5.5,1.5
1783009341503,2026-07-02 18:22:21.503,C3:00:00:63:4D:09,-58,127,1.5,5.5,1.5
1783009341553,2026-07-02 18:22:21.553,C3:00:00:63:4D:0A,-67,127,1.5,5.5,1.5
1783009341576,2026-07-02 18:22:21.576,C3:00:00:63:4D:04,-65,127,1.5,5.5,1.5
1783009341582,2026-07-02 18:22:21.582,C3:00:00:63:4D:05,-66,127,1.5,5.5,1.5
1783009341589,2026-07-02 18:22:21.589,C3:00:00:63:4D:07,-58,127,1.5,5.5,1.5
1783009341597,2026-07-02 18:22:21.597,C3:00:00:63:4C:D2,-61,127,1.5,5.5,1.5
1783009341599,2026-07-02 18:22:21.599,C3:00:00:63:4D:08,-48,127,1.5,5.5,1.5
1783009341611,2026-07-02 18:22:21.611,C3:00:00:63:4D:09,-54,127,1.5,5.5,1.5
1783009341616,2026-07-02 18:22:21.616,C3:00:00:63:4D:0D,-56,127,1.5,5.5,1.5
1783009341665,2026-07-02 18:22:21.665,C3:00:00:63:4D:0A,-65,127,1.5,5.5,1.5
1783009341678,2026-07-02 18:22:21.678,C3:00:00:63:4D:04,-65,127,1.5,5.5,1.5
1783009341693,2026-07-02 18:22:21.693,C3:00:00:63:4D:07,-55,127,1.5,5.5,1.5
1783009341699,2026-07-02 18:22:21.699,C3:00:00:63:4D:05,-56,127,1.5,5.5,1.5
1783009341706,2026-07-02 18:22:21.706,C3:00:00:63:4D:08,-46,127,1.5,5.5,1.5
1783009341712,2026-07-02 18:22:21.712,C3:00:00:63:4D:05,-59,127,1.5,5.5,1.5
1783009341720,2026-07-02 18:22:21.720,C3:00:00:63:4D:0D,-51,127,1.5,5.5,1.5
1783009341727,2026-07-02 18:22:21.727,C3:00:00:63:4D:04,-73,127,1.5,5.5,1.5
1783009341734,2026-07-02 18:22:21.734,C3:00:00:63:4D:09,-56,127,1.5,5.5,1.5
1783009341779,2026-07-02 18:22:21.779,C3:00:00:63:4D:0A,-63,127,1.5,5.5,1.5
1783009341786,2026-07-02 18:22:21.786,C3:00:00:63:4D:04,-73,127,1.5,5.5,1.5
1783009341800,2026-07-02 18:22:21.800,C3:00:00:63:4D:07,-59,127,1.5,5.5,1.5
1783009341806,2026-07-02 18:22:21.806,C3:00:00:63:4D:08,-50,127,1.5,5.5,1.5
1783009341810,2026-07-02 18:22:21.810,C3:00:00:63:4D:05,-65,127,1.5,5.5,1.5
1783009341814,2026-07-02 18:22:21.814,C3:00:00:63:4C:D2,-62,127,1.5,5.5,1.5
1783009341824,2026-07-02 18:22:21.824,C3:00:00:63:4D:0D,-52,127,1.5,5.5,1.5
1783009341830,2026-07-02 18:22:21.830,C3:00:00:63:4D:08,-50,127,1.5,5.5,1.5
1783009341843,2026-07-02 18:22:21.843,C3:00:00:63:4D:09,-60,127,1.5,5.5,1.5
1783009341894,2026-07-02 18:22:21.894,C3:00:00:63:4D:0A,-66,127,1.5,5.5,1.5
1783009341899,2026-07-02 18:22:21.899,C3:00:00:63:4D:04,-65,127,1.5,5.5,1.5
1783009341915,2026-07-02 18:22:21.915,C3:00:00:63:4D:07,-55,127,1.5,5.5,1.5
1783009341933,2026-07-02 18:22:21.933,C3:00:00:63:4D:0D,-53,127,1.5,5.5,1.5
1783009341940,2026-07-02 18:22:21.940,C3:00:00:63:4C:D2,-61,127,1.5,5.5,1.5
1783009341953,2026-07-02 18:22:21.953,C3:00:00:63:4D:09,-54,127,1.5,5.5,1.5
1783009342032,2026-07-02 18:22:22.032,C3:00:00:63:4D:08,-48,127,1.5,5.5,1.5
1783009342038,2026-07-02 18:22:22.038,C3:00:00:63:4C:D2,-63,127,1.5,5.5,1.5
1783009342045,2026-07-02 18:22:22.045,C3:00:00:63:4D:07,-54,127,1.5,5.5,1.5
1783009342059,2026-07-02 18:22:22.059,C3:00:00:63:4D:05,-58,127,1.5,5.5,1.5
1783009342071,2026-07-02 18:22:22.071,C3:00:00:63:4D:09,-57,127,1.5,5.5,1.5
1783009342091,2026-07-02 18:22:22.091,C3:00:00:63:4D:09,-67,127,1.5,5.5,1.5
1783009342115,2026-07-02 18:22:22.115,C3:00:00:63:4D:0D,-60,127,1.5,5.5,1.5
1783009342119,2026-07-02 18:22:22.119,C3:00:00:63:4D:0A,-66,127,1.5,5.5,1.5
1783009342123,2026-07-02 18:22:22.123,C3:00:00:63:4D:04,-65,127,1.5,5.5,1.5
1783009342135,2026-07-02 18:22:22.135,C3:00:00:63:4D:08,-50,127,1.5,5.5,1.5
1783009342140,2026-07-02 18:22:22.140,C3:00:00:63:4D:0D,-52,127,1.5,5.5,1.5
1783009342155,2026-07-02 18:22:22.155,C3:00:00:63:4D:05,-65,127,1.5,5.5,1.5
1783009342188,2026-07-02 18:22:22.188,C3:00:00:63:4D:09,-59,127,1.5,5.5,1.5
1783009342229,2026-07-02 18:22:22.229,C3:00:00:63:4D:04,-65,127,1.5,5.5,1.5
1783009342254,2026-07-02 18:22:22.254,C3:00:00:63:4D:0D,-54,127,1.5,5.5,1.5
1783009342259,2026-07-02 18:22:22.259,C3:00:00:63:4D:08,-48,127,1.5,5.5,1.5
1783009342261,2026-07-02 18:22:22.261,C3:00:00:63:4D:07,-55,127,1.5,5.5,1.5
1783009342263,2026-07-02 18:22:22.263,C3:00:00:63:4D:05,-56,127,1.5,5.5,1.5
1783009342267,2026-07-02 18:22:22.267,C3:00:00:63:4C:D2,-61,127,1.5,5.5,1.5
1783009342282,2026-07-02 18:22:22.282,C3:00:00:63:4D:05,-56,127,1.5,5.5,1.5
1783009342292,2026-07-02 18:22:22.292,C3:00:00:63:4D:09,-57,127,1.5,5.5,1.5
1783009342337,2026-07-02 18:22:22.337,C3:00:00:63:4D:04,-72,127,1.5,5.5,1.5
1783009342341,2026-07-02 18:22:22.341,C3:00:00:63:4D:0A,-63,127,1.5,5.5,1.5
1783009342347,2026-07-02 18:22:22.347,C3:00:00:63:4D:0D,-51,127,1.5,5.5,1.5
1783009342374,2026-07-02 18:22:22.374,C3:00:00:63:4D:07,-53,127,1.5,5.5,1.5
1783009342414,2026-07-02 18:22:22.414,C3:00:00:63:4D:09,-59,127,1.5,5.5,1.5
1783009342448,2026-07-02 18:22:22.448,C3:00:00:63:4D:04,-65,127,1.5,5.5,1.5
1783009342458,2026-07-02 18:22:22.458,C3:00:00:63:4D:0A,-67,127,1.5,5.5,1.5
1783009342467,2026-07-02 18:22:22.467,C3:00:00:63:4D:0D,-50,127,1.5,5.5,1.5
1783009342474,2026-07-02 18:22:22.474,C3:00:00:63:4D:08,-48,127,1.5,5.5,1.5
1783009342495,2026-07-02 18:22:22.495,C3:00:00:63:4D:05,-56,127,1.5,5.5,1.5
1783009342521,2026-07-02 18:22:22.521,C3:00:00:63:4D:09,-54,127,1.5,5.5,1.5
1783009342556,2026-07-02 18:22:22.556,C3:00:00:63:4D:04,-63,127,1.5,5.5,1.5
1783009342566,2026-07-02 18:22:22.566,C3:00:00:63:4D:0D,-56,127,1.5,5.5,1.5
1783009342570,2026-07-02 18:22:22.570,C3:00:00:63:4D:0A,-64,127,1.5,5.5,1.5
1783009342576,2026-07-02 18:22:22.576,C3:00:00:63:4D:08,-48,127,1.5,5.5,1.5
1783009342600,2026-07-02 18:22:22.600,C3:00:00:63:4D:07,-54,127,1.5,5.5,1.5
1783009342607,2026-07-02 18:22:22.607,C3:00:00:63:4D:05,-58,127,1.5,5.5,1.5
1783009342636,2026-07-02 18:22:22.636,C3:00:00:63:4D:09,-57,127,1.5,5.5,1.5
1783009342662,2026-07-02 18:22:22.662,C3:00:00:63:4D:04,-67,127,1.5,5.5,1.5
1783009342668,2026-07-02 18:22:22.668,C3:00:00:63:4D:0D,-51,127,1.5,5.5,1.5
1783009342686,2026-07-02 18:22:22.686,C3:00:00:63:4D:08,-46,127,1.5,5.5,1.5
1783009342691,2026-07-02 18:22:22.691,C3:00:00:63:4D:0A,-63,127,1.5,5.5,1.5
1783009342708,2026-07-02 18:22:22.708,C3:00:00:63:4D:08,-48,127,1.5,5.5,1.5
1783009342723,2026-07-02 18:22:22.723,C3:00:00:63:4D:07,-58,127,1.5,5.5,1.5
1783009342728,2026-07-02 18:22:22.728,C3:00:00:63:4C:D2,-62,127,1.5,5.5,1.5
1783009342755,2026-07-02 18:22:22.755,C3:00:00:63:4D:09,-58,127,1.5,5.5,1.5
1783009342787,2026-07-02 18:22:22.787,C3:00:00:63:4D:08,-48,127,1.5,5.5,1.5
1783009342794,2026-07-02 18:22:22.794,C3:00:00:63:4D:07,-56,127,1.5,5.5,1.5
1783009342820,2026-07-02 18:22:22.820,C3:00:00:63:4C:D2,-63,127,1.5,5.5,1.5
1783009342826,2026-07-02 18:22:22.826,C3:00:00:63:4D:07,-56,127,1.5,5.5,1.5
1783009342832,2026-07-02 18:22:22.832,C3:00:00:63:4D:05,-56,127,1.5,5.5,1.5
1783009342866,2026-07-02 18:22:22.866,C3:00:00:63:4D:09,-54,127,1.5,5.5,1.5
1783009342870,2026-07-02 18:22:22.870,C3:00:00:63:4D:0D,-56,127,1.5,5.5,1.5
1783009342882,2026-07-02 18:22:22.882,C3:00:00:63:4D:04,-64,127,1.5,5.5,1.5
1783009342899,2026-07-02 18:22:22.899,C3:00:00:63:4D:08,-46,127,1.5,5.5,1.5
1783009342923,2026-07-02 18:22:22.923,C3:00:00:63:4D:08,-54,127,1.5,5.5,1.5
1783009342944,2026-07-02 18:22:22.944,C3:00:00:63:4D:08,-46,127,1.5,5.5,1.5
1783009342947,2026-07-02 18:22:22.947,C3:00:00:63:4D:07,-53,127,1.5,5.5,1.5
1783009342956,2026-07-02 18:22:22.956,C3:00:00:63:4C:D2,-62,127,1.5,5.5,1.5
1783009342989,2026-07-02 18:22:22.989,C3:00:00:63:4D:04,-67,127,1.5,5.5,1.5
1783009342994,2026-07-02 18:22:22.994,C3:00:00:63:4D:0D,-51,127,1.5,5.5,1.5
1783009343010,2026-07-02 18:22:23.010,C3:00:00:63:4D:09,-60,127,1.5,5.5,1.5
1783009343012,2026-07-02 18:22:23.012,C3:00:00:63:4D:08,-50,127,1.5,5.5,1.5
1783009343023,2026-07-02 18:22:23.023,C3:00:00:63:4D:0A,-67,127,1.5,5.5,1.5
1783009343062,2026-07-02 18:22:23.062,C3:00:00:63:4D:07,-59,127,1.5,5.5,1.5
1783009343068,2026-07-02 18:22:23.068,C3:00:00:63:4C:D2,-62,127,1.5,5.5,1.5
1783009343077,2026-07-02 18:22:23.077,C3:00:00:63:4D:05,-65,127,1.5,5.5,1.5
1783009343089,2026-07-02 18:22:23.089,C3:00:00:63:4D:0D,-52,127,1.5,5.5,1.5
1783009343114,2026-07-02 18:22:23.114,C3:00:00:63:4D:08,-49,127,1.5,5.5,1.5
1783009343134,2026-07-02 18:22:23.134,C3:00:00:63:4D:0A,-67,127,1.5,5.5,1.5
1783009343183,2026-07-02 18:22:23.183,C3:00:00:63:4D:05,-56,127,1.5,5.5,1.5
1783009343204,2026-07-02 18:22:23.204,C3:00:00:63:4D:05,-58,127,1.5,5.5,1.5
1783009343212,2026-07-02 18:22:23.212,C3:00:00:63:4D:04,-72,127,1.5,5.5,1.5
1783009343235,2026-07-02 18:22:23.235,C3:00:00:63:4C:D2,-63,127,1.5,5.5,1.5
1783009343251,2026-07-02 18:22:23.251,C3:00:00:63:4D:0A,-63,127,1.5,5.5,1.5
1783009343297,2026-07-02 18:22:23.297,C3:00:00:63:4D:07,-59,127,1.5,5.5,1.5
1783009343303,2026-07-02 18:22:23.303,C3:00:00:63:4D:0D,-53,127,1.5,5.5,1.5
1783009343314,2026-07-02 18:22:23.314,C3:00:00:63:4D:05,-65,127,1.5,5.5,1.5
1783009343317,2026-07-02 18:22:23.317,C3:00:00:63:4D:04,-65,127,1.5,5.5,1.5
1783009343325,2026-07-02 18:22:23.325,C3:00:00:63:4D:09,-60,127,1.5,5.5,1.5
1783009343333,2026-07-02 18:22:23.333,C3:00:00:63:4D:08,-50,127,1.5,5.5,1.5
1783009343359,2026-07-02 18:22:23.359,C3:00:00:63:4D:0A,-66,127,1.5,5.5,1.5
1783009343401,2026-07-02 18:22:23.401,C3:00:00:63:4D:0D,-53,127,1.5,5.5,1.5
1783009343420,2026-07-02 18:22:23.420,C3:00:00:63:4D:0A,-66,127,1.5,5.5,1.5
1783009343424,2026-07-02 18:22:23.424,C3:00:00:63:4C:D2,-61,127,1.5,5.5,1.5
1783009343426,2026-07-02 18:22:23.426,C3:00:00:63:4D:04,-65,127,1.5,5.5,1.5
1783009343428,2026-07-02 18:22:23.428,C3:00:00:63:4D:0A,-66,127,1.5,5.5,1.5
1783009343440,2026-07-02 18:22:23.440,C3:00:00:63:4D:08,-49,127,1.5,5.5,1.5
1783009343473,2026-07-02 18:22:23.473,C3:00:00:63:4D:0A,-66,127,1.5,5.5,1.5
1783009343478,2026-07-02 18:22:23.478,C3:00:00:63:4D:07,-56,127,1.5,5.5,1.5
1783009343508,2026-07-02 18:22:23.508,C3:00:00:63:4D:0D,-51,127,1.5,5.5,1.5
1783009343531,2026-07-02 18:22:23.531,C3:00:00:63:4D:07,-54,127,1.5,5.5,1.5
1783009343536,2026-07-02 18:22:23.536,C3:00:00:63:4C:D2,-63,127,1.5,5.5,1.5
1783009343541,2026-07-02 18:22:23.541,C3:00:00:63:4D:05,-58,127,1.5,5.5,1.5
1783009343545,2026-07-02 18:22:23.545,C3:00:00:63:4D:08,-47,127,1.5,5.5,1.5
1783009343585,2026-07-02 18:22:23.585,C3:00:00:63:4D:0A,-63,127,1.5,5.5,1.5
1783009343613,2026-07-02 18:22:23.613,C3:00:00:63:4D:0D,-52,127,1.5,5.5,1.5
1783009343642,2026-07-02 18:22:23.642,C3:00:00:63:4D:07,-59,127,1.5,5.5,1.5
1783009343647,2026-07-02 18:22:23.647,C3:00:00:63:4D:04,-65,127,1.5,5.5,1.5
1783009343652,2026-07-02 18:22:23.652,C3:00:00:63:4D:05,-65,127,1.5,5.5,1.5
1783009343655,2026-07-02 18:22:23.655,C3:00:00:63:4C:D2,-62,127,1.5,5.5,1.5
1783009343664,2026-07-02 18:22:23.664,C3:00:00:63:4D:08,-50,127,1.5,5.5,1.5
1783009343672,2026-07-02 18:22:23.672,C3:00:00:63:4D:09,-60,127,1.5,5.5,1.5
1783009343729,2026-07-02 18:22:23.729,C3:00:00:63:4D:05,-56,127,1.5,5.5,1.5
1783009343736,2026-07-02 18:22:23.736,C3:00:00:63:4D:04,-72,127,1.5,5.5,1.5
1783009343755,2026-07-02 18:22:23.755,C3:00:00:63:4D:07,-55,127,1.5,5.5,1.5
1783009343762,2026-07-02 18:22:23.762,C3:00:00:63:4D:04,-65,127,1.5,5.5,1.5
1783009343765,2026-07-02 18:22:23.765,C3:00:00:63:4C:D2,-61,127,1.5,5.5,1.5
1783009343775,2026-07-02 18:22:23.775,C3:00:00:63:4D:08,-48,127,1.5,5.5,1.5
1783009343782,2026-07-02 18:22:23.782,C3:00:00:63:4D:09,-54,127,1.5,5.5,1.5
1783009343807,2026-07-02 18:22:23.807,C3:00:00:63:4D:0A,-63,127,1.5,5.5,1.5
1783009343822,2026-07-02 18:22:23.822,C3:00:00:63:4D:08,-48,127,1.5,5.5,1.5
1783009343825,2026-07-02 18:22:23.825,C3:00:00:63:4D:0D,-51,127,1.5,5.5,1.5
1783009343862,2026-07-02 18:22:23.862,C3:00:00:63:4D:04,-68,127,1.5,5.5,1.5
1783009343869,2026-07-02 18:22:23.869,C3:00:00:63:4D:07,-53,127,1.5,5.5,1.5
1783009343880,2026-07-02 18:22:23.880,C3:00:00:63:4C:D2,-63,127,1.5,5.5,1.5
1783009343883,2026-07-02 18:22:23.883,C3:00:00:63:4D:05,-58,127,1.5,5.5,1.5
1783009343887,2026-07-02 18:22:23.887,C3:00:00:63:4D:08,-47,127,1.5,5.5,1.5
1783009343890,2026-07-02 18:22:23.890,C3:00:00:63:4D:09,-55,127,1.5,5.5,1.5
1783009343924,2026-07-02 18:22:23.924,C3:00:00:63:4D:0D,-52,127,1.5,5.5,1.5
1783009343928,2026-07-02 18:22:23.928,C3:00:00:63:4D:09,-60,127,1.5,5.5,1.5
1783009343933,2026-07-02 18:22:23.933,C3:00:00:63:4D:0A,-67,127,1.5,5.5,1.5
1783009343942,2026-07-02 18:22:23.942,C3:00:00:63:4C:D2,-62,127,1.5,5.5,1.5
1783009343967,2026-07-02 18:22:23.967,C3:00:00:63:4D:04,-65,127,1.5,5.5,1.5
1783009343981,2026-07-02 18:22:23.981,C3:00:00:63:4D:07,-57,127,1.5,5.5,1.5
1783009343991,2026-07-02 18:22:23.991,C3:00:00:63:4C:D2,-62,127,1.5,5.5,1.5
1783009343998,2026-07-02 18:22:23.998,C3:00:00:63:4D:05,-56,127,1.5,5.5,1.5
1783009344006,2026-07-02 18:22:24.006,C3:00:00:63:4D:09,-54,127,1.5,5.5,1.5
1783009344021,2026-07-02 18:22:24.021,C3:00:00:63:4D:0D,-56,127,1.5,5.5,1.5
1783009344036,2026-07-02 18:22:24.036,C3:00:00:63:4D:0A,-64,127,1.5,5.5,1.5
1783009344100,2026-07-02 18:22:24.100,C3:00:00:63:4D:08,-46,127,1.5,5.5,1.5
1783009344111,2026-07-02 18:22:24.111,C3:00:00:63:4D:07,-54,127,1.5,5.5,1.5
1783009344115,2026-07-02 18:22:24.115,C3:00:00:63:4D:05,-58,127,1.5,5.5,1.5
1783009344123,2026-07-02 18:22:24.123,C3:00:00:63:4C:D2,-63,127,1.5,5.5,1.5
1783009344130,2026-07-02 18:22:24.130,C3:00:00:63:4D:09,-55,127,1.5,5.5,1.5
1783009344136,2026-07-02 18:22:24.136,C3:00:00:63:4D:0D,-51,127,1.5,5.5,1.5
1783009344147,2026-07-02 18:22:24.147,C3:00:00:63:4D:0A,-63,127,1.5,5.5,1.5
1783009344191,2026-07-02 18:22:24.191,C3:00:00:63:4D:04,-68,127,1.5,5.5,1.5
1783009344216,2026-07-02 18:22:24.216,C3:00:00:63:4D:08,-48,127,1.5,5.5,1.5
1783009344222,2026-07-02 18:22:24.222,C3:00:00:63:4D:05,-66,127,1.5,5.5,1.5
1783009344231,2026-07-02 18:22:24.231,C3:00:00:63:4D:09,-59,127,1.5,5.5,1.5
1783009344251,2026-07-02 18:22:24.251,C3:00:00:63:4D:0D,-52,127,1.5,5.5,1.5
1783009344266,2026-07-02 18:22:24.266,C3:00:00:63:4D:0A,-67,127,1.5,5.5,1.5
1783009344268,2026-07-02 18:22:24.268,C3:00:00:63:4D:05,-72,127,1.5,5.5,1.5
1783009344299,2026-07-02 18:22:24.299,C3:00:00:63:4D:04,-65,127,1.5,5.5,1.5
1783009344320,2026-07-02 18:22:24.320,C3:00:00:63:4D:08,-48,127,1.5,5.5,1.5
1783009344325,2026-07-02 18:22:24.325,C3:00:00:63:4D:0A,-67,127,1.5,5.5,1.5
1783009344345,2026-07-02 18:22:24.345,C3:00:00:63:4D:0D,-53,127,1.5,5.5,1.5
1783009344351,2026-07-02 18:22:24.351,C3:00:00:63:4D:09,-54,127,1.5,5.5,1.5
1783009344385,2026-07-02 18:22:24.385,C3:00:00:63:4D:0A,-66,127,1.5,5.5,1.5
1783009344414,2026-07-02 18:22:24.414,C3:00:00:63:4D:0D,-51,127,1.5,5.5,1.5
1783009344422,2026-07-02 18:22:24.422,C3:00:00:63:4D:08,-48,127,1.5,5.5,1.5
1783009344443,2026-07-02 18:22:24.443,C3:00:00:63:4D:07,-54,127,1.5,5.5,1.5
1783009344450,2026-07-02 18:22:24.450,C3:00:00:63:4D:0D,-51,127,1.5,5.5,1.5
1783009344461,2026-07-02 18:22:24.461,C3:00:00:63:4D:05,-58,127,1.5,5.5,1.5
1783009344464,2026-07-02 18:22:24.464,C3:00:00:63:4C:D2,-63,127,1.5,5.5,1.5
1783009344466,2026-07-02 18:22:24.466,C3:00:00:63:4D:09,-57,127,1.5,5.5,1.5
1783009344495,2026-07-02 18:22:24.495,C3:00:00:63:4D:0A,-67,127,1.5,5.5,1.5
1783009344517,2026-07-02 18:22:24.517,C3:00:00:63:4D:04,-65,127,1.5,5.5,1.5
1783009344532,2026-07-02 18:22:24.532,C3:00:00:63:4D:08,-50,127,1.5,5.5,1.5
1783009344538,2026-07-02 18:22:24.538,C3:00:00:63:4C:D2,-70,127,1.5,5.5,1.5
1783009344557,2026-07-02 18:22:24.557,C3:00:00:63:4D:0D,-53,127,1.5,5.5,1.5
1783009344563,2026-07-02 18:22:24.563,C3:00:00:63:4D:05,-65,127,1.5,5.5,1.5
1783009344575,2026-07-02 18:22:24.575,C3:00:00:63:4D:07,-59,127,1.5,5.5,1.5
1783009344582,2026-07-02 18:22:24.582,C3:00:00:63:4C:D2,-62,127,1.5,5.5,1.5
1783009344587,2026-07-02 18:22:24.587,C3:00:00:63:4D:09,-60,127,1.5,5.5,1.5
1783009344600,2026-07-02 18:22:24.600,C3:00:00:63:4D:0A,-66,127,1.5,5.5,1.5
1783009344638,2026-07-02 18:22:24.638,C3:00:00:63:4D:08,-48,127,1.5,5.5,1.5
1783009344661,2026-07-02 18:22:24.661,C3:00:00:63:4D:0D,-53,127,1.5,5.5,1.5
1783009344676,2026-07-02 18:22:24.676,C3:00:00:63:4D:07,-55,127,1.5,5.5,1.5
1783009344684,2026-07-02 18:22:24.684,C3:00:00:63:4D:05,-56,127,1.5,5.5,1.5
1783009344686,2026-07-02 18:22:24.686,C3:00:00:63:4C:D2,-61,127,1.5,5.5,1.5
1783009344690,2026-07-02 18:22:24.690,C3:00:00:63:4D:08,-48,127,1.5,5.5,1.5
1783009344692,2026-07-02 18:22:24.692,C3:00:00:63:4D:09,-54,127,1.5,5.5,1.5
1783009344717,2026-07-02 18:22:24.717,C3:00:00:63:4D:0A,-63,127,1.5,5.5,1.5
1783009344723,2026-07-02 18:22:24.723,C3:00:00:63:4D:0D,-52,127,1.5,5.5,1.5
1783009344729,2026-07-02 18:22:24.729,C3:00:00:63:4D:04,-72,127,1.5,5.5,1.5
1783009344765,2026-07-02 18:22:24.765,C3:00:00:63:4D:0D,-51,127,1.5,5.5,1.5
1783009344795,2026-07-02 18:22:24.795,C3:00:00:63:4D:07,-54,127,1.5,5.5,1.5
1783009344800,2026-07-02 18:22:24.800,C3:00:00:63:4D:05,-66,127,1.5,5.5,1.5
1783009344803,2026-07-02 18:22:24.803,C3:00:00:63:4D:09,-58,127,1.5,5.5,1.5
1783009344813,2026-07-02 18:22:24.813,C3:00:00:63:4D:07,-58,127,1.5,5.5,1.5
1783009344834,2026-07-02 18:22:24.834,C3:00:00:63:4D:0A,-67,127,1.5,5.5,1.5
1783009344848,2026-07-02 18:22:24.848,C3:00:00:63:4D:04,-65,127,1.5,5.5,1.5
1783009344866,2026-07-02 18:22:24.866,C3:00:00:63:4D:08,-48,127,1.5,5.5,1.5
1783009344869,2026-07-02 18:22:24.869,C3:00:00:63:4D:0D,-50,127,1.5,5.5,1.5
1783009344907,2026-07-02 18:22:24.907,C3:00:00:63:4D:07,-56,127,1.5,5.5,1.5
1783009344915,2026-07-02 18:22:24.915,C3:00:00:63:4C:D2,-63,127,1.5,5.5,1.5
1783009344927,2026-07-02 18:22:24.927,C3:00:00:63:4D:05,-56,127,1.5,5.5,1.5
1783009344930,2026-07-02 18:22:24.930,C3:00:00:63:4D:09,-54,127,1.5,5.5,1.5
1783009344944,2026-07-02 18:22:24.944,C3:00:00:63:4D:0A,-64,127,1.5,5.5,1.5
1783009344948,2026-07-02 18:22:24.948,C3:00:00:63:4D:04,-64,127,1.5,5.5,1.5
1783009344966,2026-07-02 18:22:24.966,C3:00:00:63:4D:0D,-56,127,1.5,5.5,1.5
1783009344972,2026-07-02 18:22:24.972,C3:00:00:63:4D:08,-48,127,1.5,5.5,1.5
1783009345020,2026-07-02 18:22:25.020,C3:00:00:63:4D:07,-53,127,1.5,5.5,1.5
1783009345026,2026-07-02 18:22:25.026,C3:00:00:63:4D:05,-58,127,1.5,5.5,1.5
1783009345034,2026-07-02 18:22:25.034,C3:00:00:63:4C:D2,-63,127,1.5,5.5,1.5
1783009345042,2026-07-02 18:22:25.042,C3:00:00:63:4D:09,-55,127,1.5,5.5,1.5
1783009345075,2026-07-02 18:22:25.075,C3:00:00:63:4D:08,-46,127,1.5,5.5,1.5
1783009345080,2026-07-02 18:22:25.080,C3:00:00:63:4D:0D,-51,127,1.5,5.5,1.5
1783009345130,2026-07-02 18:22:25.130,C3:00:00:63:4D:07,-57,127,1.5,5.5,1.5
1783009345146,2026-07-02 18:22:25.146,C3:00:00:63:4C:D2,-62,127,1.5,5.5,1.5
1783009345150,2026-07-02 18:22:25.150,C3:00:00:63:4D:09,-58,127,1.5,5.5,1.5
1783009345167,2026-07-02 18:22:25.167,C3:00:00:63:4D:0A,-67,127,1.5,5.5,1.5
1783009345168,2026-07-02 18:22:25.168,C3:00:00:63:4D:04,-65,127,1.5,5.5,1.5
1783009345181,2026-07-02 18:22:25.181,C3:00:00:63:4D:08,-48,127,1.5,5.5,1.5
1783009345195,2026-07-02 18:22:25.195,C3:00:00:63:4D:05,-55,127,1.5,5.5,1.5
1783009345219,2026-07-02 18:22:25.219,C3:00:00:63:4D:09,-54,127,1.5,5.5,1.5
1783009345242,2026-07-02 18:22:25.242,C3:00:00:63:4C:D2,-61,127,1.5,5.5,1.5
1783009345250,2026-07-02 18:22:25.250,C3:00:00:63:4D:07,-55,127,1.5,5.5,1.5
1783009345253,2026-07-02 18:22:25.253,C3:00:00:63:4D:05,-56,127,1.5,5.5,1.5
1783009345262,2026-07-02 18:22:25.262,C3:00:00:63:4D:09,-54,127,1.5,5.5,1.5
1783009345264,2026-07-02 18:22:25.264,C3:00:00:63:4C:D2,-61,127,1.5,5.5,1.5
1783009345272,2026-07-02 18:22:25.272,C3:00:00:63:4D:0A,-66,127,1.5,5.5,1.5
1783009345278,2026-07-02 18:22:25.278,C3:00:00:63:4D:04,-65,127,1.5,5.5,1.5
1783009345288,2026-07-02 18:22:25.288,C3:00:00:63:4D:0D,-52,127,1.5,5.5,1.5
1783009345292,2026-07-02 18:22:25.292,C3:00:00:63:4D:08,-48,127,1.5,5.5,1.5
1783009345304,2026-07-02 18:22:25.304,C3:00:00:63:4D:04,-72,127,1.5,5.5,1.5
1783009345370,2026-07-02 18:22:25.370,C3:00:00:63:4D:05,-58,127,1.5,5.5,1.5
1783009345375,2026-07-02 18:22:25.375,C3:00:00:63:4D:07,-54,127,1.5,5.5,1.5
1783009345379,2026-07-02 18:22:25.379,C3:00:00:63:4D:09,-57,127,1.5,5.5,1.5
1783009345382,2026-07-02 18:22:25.382,C3:00:00:63:4C:D2,-62,127,1.5,5.5,1.5
1783009345395,2026-07-02 18:22:25.395,C3:00:00:63:4D:0D,-52,127,1.5,5.5,1.5
1783009345400,2026-07-02 18:22:25.400,C3:00:00:63:4D:0A,-67,127,1.5,5.5,1.5
1783009345402,2026-07-02 18:22:25.402,C3:00:00:63:4D:08,-50,127,1.5,5.5,1.5
1783009345409,2026-07-02 18:22:25.409,C3:00:00:63:4D:0A,-67,127,1.5,5.5,1.5
1783009345488,2026-07-02 18:22:25.488,C3:00:00:63:4D:07,-59,127,1.5,5.5,1.5
1783009345495,2026-07-02 18:22:25.495,C3:00:00:63:4C:D2,-62,127,1.5,5.5,1.5
1783009345497,2026-07-02 18:22:25.497,C3:00:00:63:4D:0D,-54,127,1.5,5.5,1.5
1783009345504,2026-07-02 18:22:25.504,C3:00:00:63:4D:04,-65,127,1.5,5.5,1.5
1783009345507,2026-07-02 18:22:25.507,C3:00:00:63:4D:07,-56,127,1.5,5.5,1.5
1783009345512,2026-07-02 18:22:25.512,C3:00:00:63:4D:0A,-66,127,1.5,5.5,1.5
1783009345514,2026-07-02 18:22:25.514,C3:00:00:63:4D:08,-48,127,1.5,5.5,1.5
1783009345593,2026-07-02 18:22:25.593,C3:00:00:63:4D:07,-55,127,1.5,5.5,1.5
1783009345620,2026-07-02 18:22:25.620,C3:00:00:63:4D:04,-72,127,1.5,5.5,1.5
1783009345703,2026-07-02 18:22:25.703,C3:00:00:63:4D:04,-65,127,1.5,5.5,1.5
1783009345710,2026-07-02 18:22:25.710,C3:00:00:63:4D:07,-59,127,1.5,5.5,1.5
1783009345716,2026-07-02 18:22:25.716,C3:00:00:63:4D:0D,-52,127,1.5,5.5,1.5
1783009345722,2026-07-02 18:22:25.722,C3:00:00:63:4C:D2,-62,127,1.5,5.5,1.5
1783009345741,2026-07-02 18:22:25.741,C3:00:00:63:4D:05,-65,127,1.5,5.5,1.5
1783009345746,2026-07-02 18:22:25.746,C3:00:00:63:4D:04,-65,127,1.5,5.5,1.5
1783009345813,2026-07-02 18:22:25.813,C3:00:00:63:4D:0D,-52,127,1.5,5.5,1.5
1783009345822,2026-07-02 18:22:25.822,C3:00:00:63:4D:04,-65,127,1.5,5.5,1.5
1783009345838,2026-07-02 18:22:25.838,C3:00:00:63:4C:D2,-61,127,1.5,5.5,1.5
1783009345844,2026-07-02 18:22:25.844,C3:00:00:63:4D:09,-54,127,1.5,5.5,1.5
1783009345918,2026-07-02 18:22:25.918,C3:00:00:63:4D:0D,-51,127,1.5,5.5,1.5
1783009345949,2026-07-02 18:22:25.949,C3:00:00:63:4D:05,-58,127,1.5,5.5,1.5
1783009345954,2026-07-02 18:22:25.954,C3:00:00:63:4D:08,-46,127,1.5,5.5,1.5
1783009345963,2026-07-02 18:22:25.963,C3:00:00:63:4C:D2,-63,127,1.5,5.5,1.5
1783009346027,2026-07-02 18:22:26.027,C3:00:00:63:4D:0D,-50,127,1.5,5.5,1.5
1783009346053,2026-07-02 18:22:26.053,C3:00:00:63:4D:04,-65,127,1.5,5.5,1.5
1783009346061,2026-07-02 18:22:26.061,C3:00:00:63:4D:07,-57,127,1.5,5.5,1.5
1783009346070,2026-07-02 18:22:26.070,C3:00:00:63:4C:D2,-61,127,1.5,5.5,1.5
1783009346073,2026-07-02 18:22:26.073,C3:00:00:63:4D:05,-66,127,1.5,5.5,1.5
1783009346078,2026-07-02 18:22:26.078,C3:00:00:63:4D:0A,-67,127,1.5,5.5,1.5
1783009346089,2026-07-02 18:22:26.089,C3:00:00:63:4D:09,-61,127,1.5,5.5,1.5
1783009346138,2026-07-02 18:22:26.138,C3:00:00:63:4D:0D,-56,127,1.5,5.5,1.5
1783009346161,2026-07-02 18:22:26.161,C3:00:00:63:4D:04,-65,127,1.5,5.5,1.5
1783009346179,2026-07-02 18:22:26.179,C3:00:00:63:4D:09,-54,127,1.5,5.5,1.5
1783009346186,2026-07-02 18:22:26.186,C3:00:00:63:4D:07,-55,127,1.5,5.5,1.5
1783009346189,2026-07-02 18:22:26.189,C3:00:00:63:4D:0A,-66,127,1.5,5.5,1.5
1783009346235,2026-07-02 18:22:26.235,C3:00:00:63:4D:0D,-51,127,1.5,5.5,1.5
1783009346280,2026-07-02 18:22:26.280,C3:00:00:63:4D:07,-54,127,1.5,5.5,1.5
1783009346287,2026-07-02 18:22:26.287,C3:00:00:63:4D:08,-48,127,1.5,5.5,1.5
1783009346294,2026-07-02 18:22:26.294,C3:00:00:63:4D:09,-57,127,1.5,5.5,1.5
1783009346298,2026-07-02 18:22:26.298,C3:00:00:63:4C:D2,-63,127,1.5,5.5,1.5
1783009346302,2026-07-02 18:22:26.302,C3:00:00:63:4D:0A,-66,127,1.5,5.5,1.5
1783009346307,2026-07-02 18:22:26.307,C3:00:00:63:4D:05,-65,127,1.5,5.5,1.5
1783009346340,2026-07-02 18:22:26.340,C3:00:00:63:4D:0D,-53,127,1.5,5.5,1.5
1783009346374,2026-07-02 18:22:26.374,C3:00:00:63:4D:04,-64,127,1.5,5.5,1.5
1783009346387,2026-07-02 18:22:26.387,C3:00:00:63:4D:08,-50,127,1.5,5.5,1.5
1783009346404,2026-07-02 18:22:26.404,C3:00:00:63:4D:07,-55,127,1.5,5.5,1.5
1783009346406,2026-07-02 18:22:26.406,C3:00:00:63:4D:09,-54,127,1.5,5.5,1.5
1783009346410,2026-07-02 18:22:26.410,C3:00:00:63:4D:05,-56,127,1.5,5.5,1.5
1783009346412,2026-07-02 18:22:26.412,C3:00:00:63:4C:D2,-61,127,1.5,5.5,1.5
1783009346446,2026-07-02 18:22:26.446,C3:00:00:63:4D:0D,-53,127,1.5,5.5,1.5
1783009346479,2026-07-02 18:22:26.479,C3:00:00:63:4D:04,-65,127,1.5,5.5,1.5
1783009346503,2026-07-02 18:22:26.503,C3:00:00:63:4D:08,-47,127,1.5,5.5,1.5
1783009346518,2026-07-02 18:22:26.518,C3:00:00:63:4D:07,-54,127,1.5,5.5,1.5
1783009346527,2026-07-02 18:22:26.527,C3:00:00:63:4D:09,-57,127,1.5,5.5,1.5
1783009346530,2026-07-02 18:22:26.530,C3:00:00:63:4C:D2,-63,127,1.5,5.5,1.5
1783009346533,2026-07-02 18:22:26.533,C3:00:00:63:4D:0A,-63,127,1.5,5.5,1.5
1783009346551,2026-07-02 18:22:26.551,C3:00:00:63:4D:0D,-51,127,1.5,5.5,1.5
1783009346592,2026-07-02 18:22:26.592,C3:00:00:63:4D:04,-71,127,1.5,5.5,1.5
1783009346616,2026-07-02 18:22:26.616,C3:00:00:63:4D:08,-50,127,1.5,5.5,1.5
1783009346641,2026-07-02 18:22:26.641,C3:00:00:63:4D:07,-58,127,1.5,5.5,1.5
1783009346644,2026-07-02 18:22:26.644,C3:00:00:63:4D:09,-60,127,1.5,5.5,1.5
1783009346648,2026-07-02 18:22:26.648,C3:00:00:63:4D:0A,-66,127,1.5,5.5,1.5
1783009346652,2026-07-02 18:22:26.652,C3:00:00:63:4C:D2,-62,127,1.5,5.5,1.5
1783009346658,2026-07-02 18:22:26.658,C3:00:00:63:4D:0D,-52,127,1.5,5.5,1.5
1783009346684,2026-07-02 18:22:26.684,C3:00:00:63:4D:08,-50,127,1.5,5.5,1.5
1783009346691,2026-07-02 18:22:26.691,C3:00:00:63:4D:04,-64,127,1.5,5.5,1.5
1783009346717,2026-07-02 18:22:26.717,C3:00:00:63:4D:08,-48,127,1.5,5.5,1.5
1783009346740,2026-07-02 18:22:26.740,C3:00:00:63:4D:09,-54,127,1.5,5.5,1.5
1783009346751,2026-07-02 18:22:26.751,C3:00:00:63:4D:05,-56,127,1.5,5.5,1.5
1783009346754,2026-07-02 18:22:26.754,C3:00:00:63:4C:D2,-61,127,1.5,5.5,1.5
1783009346763,2026-07-02 18:22:26.763,C3:00:00:63:4D:0D,-54,127,1.5,5.5,1.5
1783009346815,2026-07-02 18:22:26.815,C3:00:00:63:4D:07,-54,127,1.5,5.5,1.5
1783009346821,2026-07-02 18:22:26.821,C3:00:00:63:4D:08,-46,127,1.5,5.5,1.5
1783009346829,2026-07-02 18:22:26.829,C3:00:00:63:4C:D2,-63,127,1.5,5.5,1.5
1783009346835,2026-07-02 18:22:26.835,C3:00:00:63:4D:07,-54,127,1.5,5.5,1.5
1783009346857,2026-07-02 18:22:26.857,C3:00:00:63:4D:09,-56,127,1.5,5.5,1.5
1783009346864,2026-07-02 18:22:26.864,C3:00:00:63:4D:07,-54,127,1.5,5.5,1.5
1783009346866,2026-07-02 18:22:26.866,C3:00:00:63:4D:05,-59,127,1.5,5.5,1.5
1783009346870,2026-07-02 18:22:26.870,C3:00:00:63:4C:D2,-63,127,1.5,5.5,1.5
1783009346877,2026-07-02 18:22:26.877,C3:00:00:63:4D:0D,-51,127,1.5,5.5,1.5
1783009346883,2026-07-02 18:22:26.883,C3:00:00:63:4D:08,-46,127,1.5,5.5,1.5
1783009346909,2026-07-02 18:22:26.909,C3:00:00:63:4D:08,-56,127,1.5,5.5,1.5
1783009346935,2026-07-02 18:22:26.935,C3:00:00:63:4D:08,-48,127,1.5,5.5,1.5
1783009346969,2026-07-02 18:22:26.969,C3:00:00:63:4D:09,-59,127,1.5,5.5,1.5
1783009346995,2026-07-02 18:22:26.995,C3:00:00:63:4D:0D,-56,127,1.5,5.5,1.5
1783009346999,2026-07-02 18:22:26.999,C3:00:00:63:4D:09,-54,127,1.5,5.5,1.5
1783009347019,2026-07-02 18:22:27.019,C3:00:00:63:4D:04,-62,127,1.5,5.5,1.5
1783009347036,2026-07-02 18:22:27.036,C3:00:00:63:4D:08,-49,127,1.5,5.5,1.5
1783009347073,2026-07-02 18:22:27.073,C3:00:00:63:4D:0D,-56,127,1.5,5.5,1.5
1783009347088,2026-07-02 18:22:27.088,C3:00:00:63:4D:09,-54,127,1.5,5.5,1.5
1783009347094,2026-07-02 18:22:27.094,C3:00:00:63:4D:07,-56,127,1.5,5.5,1.5
1783009347096,2026-07-02 18:22:27.096,C3:00:00:63:4D:05,-56,127,1.5,5.5,1.5
1783009347104,2026-07-02 18:22:27.104,C3:00:00:63:4D:0A,-63,127,1.5,5.5,1.5
1783009347131,2026-07-02 18:22:27.131,C3:00:00:63:4D:04,-70,127,1.5,5.5,1.5
1783009347151,2026-07-02 18:22:27.151,C3:00:00:63:4D:08,-48,127,1.5,5.5,1.5
1783009347183,2026-07-02 18:22:27.183,C3:00:00:63:4D:0D,-51,127,1.5,5.5,1.5
1783009347191,2026-07-02 18:22:27.191,C3:00:00:63:4D:05,-65,127,1.5,5.5,1.5
1783009347201,2026-07-02 18:22:27.201,C3:00:00:63:4D:07,-59,127,1.5,5.5,1.5
1783009347205,2026-07-02 18:22:27.205,C3:00:00:63:4D:09,-60,127,1.5,5.5,1.5
1783009347211,2026-07-02 18:22:27.211,C3:00:00:63:4D:0A,-65,127,1.5,5.5,1.5
1783009347218,2026-07-02 18:22:27.218,C3:00:00:63:4C:D2,-63,127,1.5,5.5,1.5
1783009347221,2026-07-02 18:22:27.221,C3:00:00:63:4D:09,-60,127,1.5,5.5,1.5
1783009347242,2026-07-02 18:22:27.242,C3:00:00:63:4D:04,-63,127,1.5,5.5,1.5
1783009347251,2026-07-02 18:22:27.251,C3:00:00:63:4C:D2,-63,127,1.5,5.5,1.5
1783009347259,2026-07-02 18:22:27.259,C3:00:00:63:4D:08,-50,127,1.5,5.5,1.5
1783009347288,2026-07-02 18:22:27.288,C3:00:00:63:4D:0D,-52,127,1.5,5.5,1.5
1783009347325,2026-07-02 18:22:27.325,C3:00:00:63:4D:05,-55,127,1.5,5.5,1.5
1783009347330,2026-07-02 18:22:27.330,C3:00:00:63:4C:D2,-61,127,1.5,5.5,1.5
1783009347348,2026-07-02 18:22:27.348,C3:00:00:63:4D:04,-63,127,1.5,5.5,1.5
1783009347365,2026-07-02 18:22:27.365,C3:00:00:63:4D:08,-48,127,1.5,5.5,1.5
1783009347391,2026-07-02 18:22:27.391,C3:00:00:63:4D:0D,-54,127,1.5,5.5,1.5
1783009347416,2026-07-02 18:22:27.416,C3:00:00:63:4D:0A,-63,127,1.5,5.5,1.5
1783009347429,2026-07-02 18:22:27.429,C3:00:00:63:4D:09,-57,127,1.5,5.5,1.5
1783009347435,2026-07-02 18:22:27.435,C3:00:00:63:4D:07,-54,127,1.5,5.5,1.5
1783009347452,2026-07-02 18:22:27.452,C3:00:00:63:4D:04,-70,127,1.5,5.5,1.5
1783009347462,2026-07-02 18:22:27.462,C3:00:00:63:4D:0A,-63,127,1.5,5.5,1.5
1783009347482,2026-07-02 18:22:27.482,C3:00:00:63:4D:08,-47,127,1.5,5.5,1.5
1783009347493,2026-07-02 18:22:27.493,C3:00:00:63:4D:07,-60,127,1.5,5.5,1.5
1783009347497,2026-07-02 18:22:27.497,C3:00:00:63:4D:0D,-52,127,1.5,5.5,1.5
1783009347570,2026-07-02 18:22:27.570,C3:00:00:63:4D:04,-62,127,1.5,5.5,1.5
1783009347603,2026-07-02 18:22:27.603,C3:00:00:63:4D:0D,-55,127,1.5,5.5,1.5
1783009347651,2026-07-02 18:22:27.651,C3:00:00:63:4D:09,-54,127,1.5,5.5,1.5
1783009347663,2026-07-02 18:22:27.663,C3:00:00:63:4D:07,-56,127,1.5,5.5,1.5
1783009347678,2026-07-02 18:22:27.678,C3:00:00:63:4D:05,-56,127,1.5,5.5,1.5
1783009347682,2026-07-02 18:22:27.682,C3:00:00:63:4C:D2,-63,127,1.5,5.5,1.5
1783009347685,2026-07-02 18:22:27.685,C3:00:00:63:4D:04,-63,127,1.5,5.5,1.5
1783009347692,2026-07-02 18:22:27.692,C3:00:00:63:4D:08,-49,127,1.5,5.5,1.5
1783009347705,2026-07-02 18:22:27.705,C3:00:00:63:4D:0D,-51,127,1.5,5.5,1.5
1783009347710,2026-07-02 18:22:27.710,C3:00:00:63:4D:04,-66,127,1.5,5.5,1.5
1783009347731,2026-07-02 18:22:27.731,C3:00:00:63:4D:04,-66,127,1.5,5.5,1.5
1783009347766,2026-07-02 18:22:27.766,C3:00:00:63:4D:0A,-62,127,1.5,5.5,1.5
1783009347771,2026-07-02 18:22:27.771,C3:00:00:63:4D:09,-57,127,1.5,5.5,1.5
1783009347780,2026-07-02 18:22:27.780,C3:00:00:63:4D:07,-54,127,1.5,5.5,1.5
1783009347789,2026-07-02 18:22:27.789,C3:00:00:63:4D:04,-65,127,1.5,5.5,1.5
1783009347792,2026-07-02 18:22:27.792,C3:00:00:63:4D:05,-59,127,1.5,5.5,1.5
1783009347807,2026-07-02 18:22:27.807,C3:00:00:63:4D:08,-50,127,1.5,5.5,1.5
1783009347815,2026-07-02 18:22:27.815,C3:00:00:63:4D:0D,-53,127,1.5,5.5,1.5
1783009347840,2026-07-02 18:22:27.840,C3:00:00:63:4D:08,-50,127,1.5,5.5,1.5
1783009347887,2026-07-02 18:22:27.887,C3:00:00:63:4D:0A,-65,127,1.5,5.5,1.5
1783009347897,2026-07-02 18:22:27.897,C3:00:00:63:4D:04,-64,127,1.5,5.5,1.5
1783009347912,2026-07-02 18:22:27.912,C3:00:00:63:4D:07,-56,127,1.5,5.5,1.5
1783009347914,2026-07-02 18:22:27.914,C3:00:00:63:4C:D2,-61,127,1.5,5.5,1.5
1783009347917,2026-07-02 18:22:27.917,C3:00:00:63:4D:05,-55,127,1.5,5.5,1.5
1783009347921,2026-07-02 18:22:27.921,C3:00:00:63:4D:08,-48,127,1.5,5.5,1.5
1783009347922,2026-07-02 18:22:27.922,C3:00:00:63:4D:0D,-52,127,1.5,5.5,1.5
1783009347931,2026-07-02 18:22:27.931,C3:00:00:63:4D:09,-54,127,1.5,5.5,1.5
1783009347940,2026-07-02 18:22:27.940,C3:00:00:63:4C:D2,-61,127,1.5,5.5,1.5
1783009347998,2026-07-02 18:22:27.998,C3:00:00:63:4D:0A,-62,127,1.5,5.5,1.5
1783009348000,2026-07-02 18:22:28.000,C3:00:00:63:4D:09,-58,127,1.5,5.5,1.5
1783009348003,2026-07-02 18:22:28.003,C3:00:00:63:4D:04,-70,127,1.5,5.5,1.5
1783009348014,2026-07-02 18:22:28.014,C3:00:00:63:4D:07,-54,127,1.5,5.5,1.5
1783009348022,2026-07-02 18:22:28.022,C3:00:00:63:4D:0D,-51,127,1.5,5.5,1.5
1783009348028,2026-07-02 18:22:28.028,C3:00:00:63:4D:08,-47,127,1.5,5.5,1.5
1783009348105,2026-07-02 18:22:28.105,C3:00:00:63:4D:0A,-64,127,1.5,5.5,1.5
1783009348112,2026-07-02 18:22:28.112,C3:00:00:63:4D:09,-60,127,1.5,5.5,1.5
1783009348118,2026-07-02 18:22:28.118,C3:00:00:63:4D:04,-63,127,1.5,5.5,1.5
1783009348125,2026-07-02 18:22:28.125,C3:00:00:63:4D:07,-59,127,1.5,5.5,1.5
1783009348127,2026-07-02 18:22:28.127,C3:00:00:63:4D:0D,-53,127,1.5,5.5,1.5
1783009348133,2026-07-02 18:22:28.133,C3:00:00:63:4D:05,-65,127,1.5,5.5,1.5
1783009348234,2026-07-02 18:22:28.234,C3:00:00:63:4D:07,-56,127,1.5,5.5,1.5
1783009348238,2026-07-02 18:22:28.238,C3:00:00:63:4D:08,-48,127,1.5,5.5,1.5
1783009348242,2026-07-02 18:22:28.242,C3:00:00:63:4C:D2,-61,127,1.5,5.5,1.5
1783009348248,2026-07-02 18:22:28.248,C3:00:00:63:4D:05,-55,127,1.5,5.5,1.5
1783009348273,2026-07-02 18:22:28.273,C3:00:00:63:4D:05,-63,127,1.5,5.5,1.5
1783009348322,2026-07-02 18:22:28.322,C3:00:00:63:4D:0A,-63,127,1.5,5.5,1.5
1783009348333,2026-07-02 18:22:28.333,C3:00:00:63:4D:04,-68,127,1.5,5.5,1.5
1783009348340,2026-07-02 18:22:28.340,C3:00:00:63:4D:0D,-51,127,1.5,5.5,1.5
1783009348352,2026-07-02 18:22:28.352,C3:00:00:63:4D:0A,-63,127,1.5,5.5,1.5
1783009348356,2026-07-02 18:22:28.356,C3:00:00:63:4D:09,-58,127,1.5,5.5,1.5
1783009348358,2026-07-02 18:22:28.358,C3:00:00:63:4D:08,-48,127,1.5,5.5,1.5
1783009348363,2026-07-02 18:22:28.363,C3:00:00:63:4D:07,-54,127,1.5,5.5,1.5
1783009348434,2026-07-02 18:22:28.434,C3:00:00:63:4D:0D,-52,127,1.5,5.5,1.5
1783009348439,2026-07-02 18:22:28.439,C3:00:00:63:4D:04,-63,127,1.5,5.5,1.5
1783009348450,2026-07-02 18:22:28.450,C3:00:00:63:4D:0A,-65,127,1.5,5.5,1.5
1783009348461,2026-07-02 18:22:28.461,C3:00:00:63:4D:09,-60,127,1.5,5.5,1.5
1783009348463,2026-07-02 18:22:28.463,C3:00:00:63:4D:0D,-52,127,1.5,5.5,1.5
1783009348467,2026-07-02 18:22:28.467,C3:00:00:63:4D:08,-49,127,1.5,5.5,1.5
1783009348477,2026-07-02 18:22:28.477,C3:00:00:63:4D:05,-64,127,1.5,5.5,1.5
1783009348556,2026-07-02 18:22:28.556,C3:00:00:63:4D:0A,-65,127,1.5,5.5,1.5
1783009348565,2026-07-02 18:22:28.565,C3:00:00:63:4D:08,-49,127,1.5,5.5,1.5
1783009348581,2026-07-02 18:22:28.581,C3:00:00:63:4D:09,-54,127,1.5,5.5,1.5
1783009348673,2026-07-02 18:22:28.673,C3:00:00:63:4D:0A,-63,127,1.5,5.5,1.5
1783009348681,2026-07-02 18:22:28.681,C3:00:00:63:4D:08,-46,127,1.5,5.5,1.5
1783009348685,2026-07-02 18:22:28.685,C3:00:00:63:4D:09,-55,127,1.5,5.5,1.5
1783009348700,2026-07-02 18:22:28.700,C3:00:00:63:4D:07,-58,127,1.5,5.5,1.5
1783009348703,2026-07-02 18:22:28.703,C3:00:00:63:4D:08,-48,127,1.5,5.5,1.5
1783009348707,2026-07-02 18:22:28.707,C3:00:00:63:4D:05,-65,127,1.5,5.5,1.5
1783009348709,2026-07-02 18:22:28.709,C3:00:00:63:4C:D2,-61,127,1.5,5.5,1.5
1783009348724,2026-07-02 18:22:28.724,C3:00:00:63:4D:0D,-52,127,1.5,5.5,1.5
1783009348760,2026-07-02 18:22:28.760,C3:00:00:63:4D:0D,-53,127,1.5,5.5,1.5
1783009348779,2026-07-02 18:22:28.779,C3:00:00:63:4D:04,-63,127,1.5,5.5,1.5
1783009348783,2026-07-02 18:22:28.783,C3:00:00:63:4D:08,-50,127,1.5,5.5,1.5
1783009348792,2026-07-02 18:22:28.792,C3:00:00:63:4D:0A,-65,127,1.5,5.5,1.5
1783009348802,2026-07-02 18:22:28.802,C3:00:00:63:4D:09,-54,127,1.5,5.5,1.5
1783009348814,2026-07-02 18:22:28.814,C3:00:00:63:4D:07,-55,127,1.5,5.5,1.5
1783009348862,2026-07-02 18:22:28.862,C3:00:00:63:4D:0D,-53,127,1.5,5.5,1.5
1783009348880,2026-07-02 18:22:28.880,C3:00:00:63:4D:04,-64,127,1.5,5.5,1.5
1783009348891,2026-07-02 18:22:28.891,C3:00:00:63:4D:08,-49,127,1.5,5.5,1.5
1783009348900,2026-07-02 18:22:28.900,C3:00:00:63:4D:0A,-62,127,1.5,5.5,1.5
1783009348917,2026-07-02 18:22:28.917,C3:00:00:63:4D:09,-57,127,1.5,5.5,1.5
1783009348934,2026-07-02 18:22:28.934,C3:00:00:63:4D:07,-54,127,1.5,5.5,1.5
1783009348938,2026-07-02 18:22:28.938,C3:00:00:63:4C:D2,-63,127,1.5,5.5,1.5
1783009348943,2026-07-02 18:22:28.943,C3:00:00:63:4D:05,-58,127,1.5,5.5,1.5
1783009348964,2026-07-02 18:22:28.964,C3:00:00:63:4D:0D,-52,127,1.5,5.5,1.5
1783009348981,2026-07-02 18:22:28.981,C3:00:00:63:4D:04,-69,127,1.5,5.5,1.5
1783009348985,2026-07-02 18:22:28.985,C3:00:00:63:4D:0D,-52,127,1.5,5.5,1.5
1783009349004,2026-07-02 18:22:29.004,C3:00:00:63:4D:09,-60,127,1.5,5.5,1.5
1783009349011,2026-07-02 18:22:29.011,C3:00:00:63:4D:08,-50,127,1.5,5.5,1.5
1783009349024,2026-07-02 18:22:29.024,C3:00:00:63:4D:09,-60,127,1.5,5.5,1.5
1783009349049,2026-07-02 18:22:29.049,C3:00:00:63:4D:07,-60,127,1.5,5.5,1.5
1783009349055,2026-07-02 18:22:29.055,C3:00:00:63:4C:D2,-62,127,1.5,5.5,1.5
1783009349059,2026-07-02 18:22:29.059,C3:00:00:63:4D:05,-65,127,1.5,5.5,1.5
1783009349065,2026-07-02 18:22:29.065,C3:00:00:63:4D:0D,-53,127,1.5,5.5,1.5
1783009349092,2026-07-02 18:22:29.092,C3:00:00:63:4D:04,-64,127,1.5,5.5,1.5
1783009349110,2026-07-02 18:22:29.110,C3:00:00:63:4D:08,-48,127,1.5,5.5,1.5
1783009349118,2026-07-02 18:22:29.118,C3:00:00:63:4D:0A,-66,127,1.5,5.5,1.5
1783009349142,2026-07-02 18:22:29.142,C3:00:00:63:4D:09,-54,127,1.5,5.5,1.5
1783009349164,2026-07-02 18:22:29.164,C3:00:00:63:4C:D2,-61,127,1.5,5.5,1.5
1783009349174,2026-07-02 18:22:29.174,C3:00:00:63:4D:05,-56,127,1.5,5.5,1.5
1783009349177,2026-07-02 18:22:29.177,C3:00:00:63:4D:0D,-54,127,1.5,5.5,1.5
1783009349192,2026-07-02 18:22:29.192,C3:00:00:63:4D:05,-60,127,1.5,5.5,1.5
1783009349200,2026-07-02 18:22:29.200,C3:00:00:63:4D:04,-69,127,1.5,5.5,1.5
1783009349224,2026-07-02 18:22:29.224,C3:00:00:63:4D:08,-47,127,1.5,5.5,1.5
1783009349231,2026-07-02 18:22:29.231,C3:00:00:63:4D:0A,-63,127,1.5,5.5,1.5
1783009349255,2026-07-02 18:22:29.255,C3:00:00:63:4D:09,-57,127,1.5,5.5,1.5
1783009349263,2026-07-02 18:22:29.263,C3:00:00:63:4C:D2,-63,127,1.5,5.5,1.5
1783009349282,2026-07-02 18:22:29.282,C3:00:00:63:4C:D2,-63,127,1.5,5.5,1.5
1783009349289,2026-07-02 18:22:29.289,C3:00:00:63:4D:0D,-52,127,1.5,5.5,1.5
1783009349293,2026-07-02 18:22:29.293,C3:00:00:63:4D:05,-59,127,1.5,5.5,1.5
1783009349317,2026-07-02 18:22:29.317,C3:00:00:63:4D:04,-63,127,1.5,5.5,1.5
1783009349332,2026-07-02 18:22:29.332,C3:00:00:63:4D:08,-50,127,1.5,5.5,1.5
1783009349340,2026-07-02 18:22:29.340,C3:00:00:63:4D:04,-63,127,1.5,5.5,1.5
1783009349349,2026-07-02 18:22:29.349,C3:00:00:63:4D:0A,-65,127,1.5,5.5,1.5
1783009349361,2026-07-02 18:22:29.361,C3:00:00:63:4D:09,-60,127,1.5,5.5,1.5
1783009349389,2026-07-02 18:22:29.389,C3:00:00:63:4D:07,-60,127,1.5,5.5,1.5
1783009349396,2026-07-02 18:22:29.396,C3:00:00:63:4D:0D,-53,127,1.5,5.5,1.5
1783009349401,2026-07-02 18:22:29.401,C3:00:00:63:4C:D2,-61,127,1.5,5.5,1.5
1783009349420,2026-07-02 18:22:29.420,C3:00:00:63:4D:0A,-67,127,1.5,5.5,1.5
1783009349422,2026-07-02 18:22:29.422,C3:00:00:63:4D:04,-64,127,1.5,5.5,1.5
1783009349433,2026-07-02 18:22:29.433,C3:00:00:63:4D:08,-48,127,1.5,5.5,1.5
1783009349438,2026-07-02 18:22:29.438,C3:00:00:63:4D:0A,-66,127,1.5,5.5,1.5
1783009349455,2026-07-02 18:22:29.455,C3:00:00:63:4D:0A,-66,127,1.5,5.5,1.5
1783009349478,2026-07-02 18:22:29.478,C3:00:00:63:4D:09,-54,127,1.5,5.5,1.5
1783009349486,2026-07-02 18:22:29.486,C3:00:00:63:4D:0D,-54,127,1.5,5.5,1.5
1783009349505,2026-07-02 18:22:29.505,C3:00:00:63:4D:07,-54,127,1.5,5.5,1.5
1783009349511,2026-07-02 18:22:29.511,C3:00:00:63:4C:D2,-63,127,1.5,5.5,1.5
1783009349516,2026-07-02 18:22:29.516,C3:00:00:63:4D:05,-59,127,1.5,5.5,1.5
1783009349522,2026-07-02 18:22:29.522,C3:00:00:63:4D:07,-54,127,1.5,5.5,1.5
1783009349526,2026-07-02 18:22:29.526,C3:00:00:63:4D:04,-69,127,1.5,5.5,1.5
1783009349544,2026-07-02 18:22:29.544,C3:00:00:63:4D:08,-47,127,1.5,5.5,1.5
1783009349574,2026-07-02 18:22:29.574,C3:00:00:63:4D:0A,-62,127,1.5,5.5,1.5
1783009349630,2026-07-02 18:22:29.630,C3:00:00:63:4C:D2,-63,127,1.5,5.5,1.5
1783009349637,2026-07-02 18:22:29.637,C3:00:00:63:4D:04,-63,127,1.5,5.5,1.5
1783009349658,2026-07-02 18:22:29.658,C3:00:00:63:4D:08,-50,127,1.5,5.5,1.5
1783009349687,2026-07-02 18:22:29.687,C3:00:00:63:4D:0A,-65,127,1.5,5.5,1.5
1783009349698,2026-07-02 18:22:29.698,C3:00:00:63:4D:0D,-53,127,1.5,5.5,1.5
1783009349711,2026-07-02 18:22:29.711,C3:00:00:63:4D:09,-54,127,1.5,5.5,1.5
1783009349717,2026-07-02 18:22:29.717,C3:00:00:63:4D:04,-64,127,1.5,5.5,1.5
1783009349731,2026-07-02 18:22:29.731,C3:00:00:63:4D:07,-55,127,1.5,5.5,1.5
1783009349736,2026-07-02 18:22:29.736,C3:00:00:63:4D:04,-64,127,1.5,5.5,1.5
1783009349756,2026-07-02 18:22:29.756,C3:00:00:63:4D:04,-64,127,1.5,5.5,1.5
1783009349761,2026-07-02 18:22:29.761,C3:00:00:63:4D:08,-48,127,1.5,5.5,1.5
1783009349768,2026-07-02 18:22:29.768,C3:00:00:63:4D:05,-56,127,1.5,5.5,1.5
1783009349804,2026-07-02 18:22:29.804,C3:00:00:63:4D:0A,-62,127,1.5,5.5,1.5
1783009349807,2026-07-02 18:22:29.807,C3:00:00:63:4D:0D,-52,127,1.5,5.5,1.5
1783009349851,2026-07-02 18:22:29.851,C3:00:00:63:4D:07,-54,127,1.5,5.5,1.5
1783009349858,2026-07-02 18:22:29.858,C3:00:00:63:4D:05,-59,127,1.5,5.5,1.5
1783009349865,2026-07-02 18:22:29.865,C3:00:00:63:4D:08,-48,127,1.5,5.5,1.5
1783009349876,2026-07-02 18:22:29.876,C3:00:00:63:4D:08,-47,127,1.5,5.5,1.5
1783009349915,2026-07-02 18:22:29.915,C3:00:00:63:4D:0D,-52,127,1.5,5.5,1.5
1783009349936,2026-07-02 18:22:29.936,C3:00:00:63:4D:09,-60,127,1.5,5.5,1.5
1783009349956,2026-07-02 18:22:29.956,C3:00:00:63:4C:D2,-62,127,1.5,5.5,1.5
1783009349964,2026-07-02 18:22:29.964,C3:00:00:63:4D:07,-60,127,1.5,5.5,1.5
1783009349977,2026-07-02 18:22:29.977,C3:00:00:63:4D:05,-64,127,1.5,5.5,1.5
1783009349979,2026-07-02 18:22:29.979,C3:00:00:63:4C:D2,-62,127,1.5,5.5,1.5
1783009349989,2026-07-02 18:22:29.989,C3:00:00:63:4D:08,-50,127,1.5,5.5,1.5
1783009350020,2026-07-02 18:22:30.020,C3:00:00:63:4D:0D,-53,127,1.5,5.5,1.5
1783009350031,2026-07-02 18:22:30.031,C3:00:00:63:4D:0A,-66,127,1.5,5.5,1.5
1783009350051,2026-07-02 18:22:30.051,C3:00:00:63:4D:09,-54,127,1.5,5.5,1.5
1783009350076,2026-07-02 18:22:30.076,C3:00:00:63:4D:04,-64,127,1.5,5.5,1.5
1783009350081,2026-07-02 18:22:30.081,C3:00:00:63:4D:05,-56,127,1.5,5.5,1.5
1783009350084,2026-07-02 18:22:30.084,C3:00:00:63:4C:D2,-61,127,1.5,5.5,1.5
1783009350098,2026-07-02 18:22:30.098,C3:00:00:63:4D:08,-47,127,1.5,5.5,1.5
1783009350120,2026-07-02 18:22:30.120,C3:00:00:63:4D:0D,-51,127,1.5,5.5,1.5
1783009350125,2026-07-02 18:22:30.125,C3:00:00:63:4D:07,-61,127,1.5,5.5,1.5
1783009350140,2026-07-02 18:22:30.140,C3:00:00:63:4D:0A,-62,127,1.5,5.5,1.5
1783009350145,2026-07-02 18:22:30.145,C3:00:00:63:4D:0D,-59,127,1.5,5.5,1.5
1783009350157,2026-07-02 18:22:30.157,C3:00:00:63:4D:09,-57,127,1.5,5.5,1.5
1783009350182,2026-07-02 18:22:30.182,C3:00:00:63:4D:04,-69,127,1.5,5.5,1.5
1783009350198,2026-07-02 18:22:30.198,C3:00:00:63:4D:05,-64,127,1.5,5.5,1.5
1783009350200,2026-07-02 18:22:30.200,C3:00:00:63:4C:D2,-62,127,1.5,5.5,1.5
1783009350226,2026-07-02 18:22:30.226,C3:00:00:63:4D:0D,-52,127,1.5,5.5,1.5
1783009350250,2026-07-02 18:22:30.250,C3:00:00:63:4D:0A,-65,127,1.5,5.5,1.5
1783009350275,2026-07-02 18:22:30.275,C3:00:00:63:4D:09,-60,127,1.5,5.5,1.5
1783009350283,2026-07-02 18:22:30.283,C3:00:00:63:4D:05,-64,127,1.5,5.5,1.5
1783009350291,2026-07-02 18:22:30.291,C3:00:00:63:4D:04,-64,127,1.5,5.5,1.5
1783009350306,2026-07-02 18:22:30.306,C3:00:00:63:4D:07,-56,127,1.5,5.5,1.5
1783009350309,2026-07-02 18:22:30.309,C3:00:00:63:4D:08,-48,127,1.5,5.5,1.5
1783009350312,2026-07-02 18:22:30.312,C3:00:00:63:4C:D2,-61,127,1.5,5.5,1.5
1783009350330,2026-07-02 18:22:30.330,C3:00:00:63:4D:0D,-54,127,1.5,5.5,1.5
1783009350369,2026-07-02 18:22:30.369,C3:00:00:63:4D:0A,-68,127,1.5,5.5,1.5
1783009350391,2026-07-02 18:22:30.391,C3:00:00:63:4D:09,-54,127,1.5,5.5,1.5
1783009350411,2026-07-02 18:22:30.411,C3:00:00:63:4D:04,-68,127,1.5,5.5,1.5
1783009350423,2026-07-02 18:22:30.423,C3:00:00:63:4D:07,-54,127,1.5,5.5,1.5
1783009350428,2026-07-02 18:22:30.428,C3:00:00:63:4C:D2,-62,127,1.5,5.5,1.5
1783009350434,2026-07-02 18:22:30.434,C3:00:00:63:4D:0D,-51,127,1.5,5.5,1.5
1783009350439,2026-07-02 18:22:30.439,C3:00:00:63:4D:05,-58,127,1.5,5.5,1.5
1783009350451,2026-07-02 18:22:30.451,C3:00:00:63:4D:0D,-51,127,1.5,5.5,1.5
1783009350473,2026-07-02 18:22:30.473,C3:00:00:63:4D:0A,-62,127,1.5,5.5,1.5
1783009350512,2026-07-02 18:22:30.512,C3:00:00:63:4D:04,-65,127,1.5,5.5,1.5
1783009350517,2026-07-02 18:22:30.517,C3:00:00:63:4D:09,-60,127,1.5,5.5,1.5
1783009350532,2026-07-02 18:22:30.532,C3:00:00:63:4D:08,-50,127,1.5,5.5,1.5
1783009350535,2026-07-02 18:22:30.535,C3:00:00:63:4D:07,-60,127,1.5,5.5,1.5
1783009350552,2026-07-02 18:22:30.552,C3:00:00:63:4D:05,-64,127,1.5,5.5,1.5
1783009350620,2026-07-02 18:22:30.620,C3:00:00:63:4D:09,-54,127,1.5,5.5,1.5
1783009350626,2026-07-02 18:22:30.626,C3:00:00:63:4D:04,-63,127,1.5,5.5,1.5
1783009350635,2026-07-02 18:22:30.635,C3:00:00:63:4D:08,-49,127,1.5,5.5,1.5
1783009350652,2026-07-02 18:22:30.652,C3:00:00:63:4D:07,-55,127,1.5,5.5,1.5
1783009350665,2026-07-02 18:22:30.665,C3:00:00:63:4D:05,-55,127,1.5,5.5,1.5
1783009350667,2026-07-02 18:22:30.667,C3:00:00:63:4C:D2,-60,127,1.5,5.5,1.5
1783009350694,2026-07-02 18:22:30.694,C3:00:00:63:4D:08,-48,127,1.5,5.5,1.5
1783009350752,2026-07-02 18:22:30.752,C3:00:00:63:4D:08,-48,127,1.5,5.5,1.5
1783009350758,2026-07-02 18:22:30.758,C3:00:00:63:4D:0D,-51,127,1.5,5.5,1.5
1783009350765,2026-07-02 18:22:30.765,C3:00:00:63:4D:07,-54,127,1.5,5.5,1.5
1783009350820,2026-07-02 18:22:30.820,C3:00:00:63:4D:0A,-66,127,1.5,5.5,1.5
1783009350831,2026-07-02 18:22:30.831,C3:00:00:63:4C:D2,-64,127,1.5,5.5,1.5
1783009350847,2026-07-02 18:22:30.847,C3:00:00:63:4D:04,-66,127,1.5,5.5,1.5
1783009350850,2026-07-02 18:22:30.850,C3:00:00:63:4D:07,-60,127,1.5,5.5,1.5
1783009350852,2026-07-02 18:22:30.852,C3:00:00:63:4D:0D,-52,127,1.5,5.5,1.5
1783009350862,2026-07-02 18:22:30.862,C3:00:00:63:4D:08,-50,127,1.5,5.5,1.5
1783009350866,2026-07-02 18:22:30.866,C3:00:00:63:4D:07,-60,127,1.5,5.5,1.5
1783009350885,2026-07-02 18:22:30.885,C3:00:00:63:4D:05,-65,127,1.5,5.5,1.5
1783009350890,2026-07-02 18:22:30.890,C3:00:00:63:4D:08,-50,127,1.5,5.5,1.5
1783009350910,2026-07-02 18:22:30.910,C3:00:00:63:4D:08,-56,127,1.5,5.5,1.5
1783009350934,2026-07-02 18:22:30.934,C3:00:00:63:4D:0A,-65,127,1.5,5.5,1.5
1783009350944,2026-07-02 18:22:30.944,C3:00:00:63:4D:04,-64,127,1.5,5.5,1.5
1783009350961,2026-07-02 18:22:30.961,C3:00:00:63:4D:0D,-52,127,1.5,5.5,1.5
1783009350963,2026-07-02 18:22:30.963,C3:00:00:63:4D:09,-54,127,1.5,5.5,1.5
1783009350966,2026-07-02 18:22:30.966,C3:00:00:63:4D:08,-48,127,1.5,5.5,1.5
1783009350993,2026-07-02 18:22:30.993,C3:00:00:63:4D:07,-53,127,1.5,5.5,1.5
1783009350995,2026-07-02 18:22:30.995,C3:00:00:63:4D:0D,-52,127,1.5,5.5,1.5
1783009351045,2026-07-02 18:22:31.045,C3:00:00:63:4D:0A,-62,127,1.5,5.5,1.5
1783009351055,2026-07-02 18:22:31.055,C3:00:00:63:4D:04,-70,127,1.5,5.5,1.5
1783009351077,2026-07-02 18:22:31.077,C3:00:00:63:4D:09,-57,127,1.5,5.5,1.5
1783009351117,2026-07-02 18:22:31.117,C3:00:00:63:4D:07,-60,127,1.5,5.5,1.5
1783009351122,2026-07-02 18:22:31.122,C3:00:00:63:4D:05,-65,127,1.5,5.5,1.5
