timestamp,time,mac_address,rssi,tx_power,pos_x,pos_y,pos_z
1783006650579,2026-07-02 17:37:30.579,C3:00:00:63:4D:07,-54,127,1.5,2.5,1.5
1783006650743,2026-07-02 17:37:30.743,C3:00:00:63:4D:0A,-56,127,1.5,2.5,1.5
1783006650813,2026-07-02 17:37:30.813,C3:00:00:63:4D:04,-54,127,1.5,2.5,1.5
1783006650871,2026-07-02 17:37:30.871,C3:00:00:63:4D:09,-64,127,1.5,2.5,1.5
1783006650936,2026-07-02 17:37:30.936,C3:00:00:63:4D:08,-61,127,1.5,2.5,1.5
1783006651005,2026-07-02 17:37:31.005,C3:00:00:63:4C:D2,-64,127,1.5,2.5,1.5
1783006651051,2026-07-02 17:37:31.051,C3:00:00:63:4D:0D,-63,127,1.5,2.5,1.5
1783006651110,2026-07-02 17:37:31.110,C3:00:00:63:4D:07,-57,127,1.5,2.5,1.5
1783006651115,2026-07-02 17:37:31.115,C3:00:00:63:4D:05,-61,127,1.5,2.5,1.5
1783006651162,2026-07-02 17:37:31.162,C3:00:00:63:4D:08,-56,127,1.5,2.5,1.5
1783006651168,2026-07-02 17:37:31.168,C3:00:00:63:4D:04,-59,127,1.5,2.5,1.5
1783006651171,2026-07-02 17:37:31.171,C3:00:00:63:4D:09,-60,127,1.5,2.5,1.5
1783006651175,2026-07-02 17:37:31.175,C3:00:00:63:4D:0D,-54,127,1.5,2.5,1.5
1783006651177,2026-07-02 17:37:31.177,C3:00:00:63:4D:08,-54,127,1.5,2.5,1.5
1783006651178,2026-07-02 17:37:31.178,C3:00:00:63:4C:D2,-70,127,1.5,2.5,1.5
1783006651179,2026-07-02 17:37:31.179,C3:00:00:63:4D:0D,-54,127,1.5,2.5,1.5
1783006651180,2026-07-02 17:37:31.180,C3:00:00:63:4D:07,-54,127,1.5,2.5,1.5
1783006651182,2026-07-02 17:37:31.182,C3:00:00:63:4D:0A,-51,127,1.5,2.5,1.5
1783006651183,2026-07-02 17:37:31.183,C3:00:00:63:4D:04,-63,127,1.5,2.5,1.5
1783006651184,2026-07-02 17:37:31.184,C3:00:00:63:4D:09,-68,127,1.5,2.5,1.5
1783006651186,2026-07-02 17:37:31.186,C3:00:00:63:4D:08,-55,127,1.5,2.5,1.5
1783006651187,2026-07-02 17:37:31.187,C3:00:00:63:4D:09,-90,127,1.5,2.5,1.5
1783006651188,2026-07-02 17:37:31.188,C3:00:00:63:4D:0D,-54,127,1.5,2.5,1.5
1783006651189,2026-07-02 17:37:31.189,C3:00:00:63:4C:D2,-70,127,1.5,2.5,1.5
1783006651191,2026-07-02 17:37:31.191,C3:00:00:63:4D:07,-59,127,1.5,2.5,1.5
1783006651192,2026-07-02 17:37:31.192,C3:00:00:63:4D:05,-63,127,1.5,2.5,1.5
1783006651193,2026-07-02 17:37:31.193,C3:00:00:63:4D:0A,-55,127,1.5,2.5,1.5
1783006651194,2026-07-02 17:37:31.194,C3:00:00:63:4D:04,-54,127,1.5,2.5,1.5
1783006651196,2026-07-02 17:37:31.196,C3:00:00:63:4D:08,-57,127,1.5,2.5,1.5
1783006651197,2026-07-02 17:37:31.197,C3:00:00:63:4D:0D,-63,127,1.5,2.5,1.5
1783006651198,2026-07-02 17:37:31.198,C3:00:00:63:4C:D2,-63,127,1.5,2.5,1.5
1783006651199,2026-07-02 17:37:31.199,C3:00:00:63:4D:07,-54,127,1.5,2.5,1.5
1783006651201,2026-07-02 17:37:31.201,C3:00:00:63:4D:09,-60,127,1.5,2.5,1.5
1783006651202,2026-07-02 17:37:31.202,C3:00:00:63:4D:05,-61,127,1.5,2.5,1.5
1783006651203,2026-07-02 17:37:31.203,C3:00:00:63:4D:04,-61,127,1.5,2.5,1.5
1783006651204,2026-07-02 17:37:31.204,C3:00:00:63:4D:04,-62,127,1.5,2.5,1.5
1783006651206,2026-07-02 17:37:31.206,C3:00:00:63:4D:05,-60,127,1.5,2.5,1.5
1783006651207,2026-07-02 17:37:31.207,C3:00:00:63:4D:08,-57,127,1.5,2.5,1.5
1783006651208,2026-07-02 17:37:31.208,C3:00:00:63:4D:09,-57,127,1.5,2.5,1.5
1783006651209,2026-07-02 17:37:31.209,C3:00:00:63:4D:0D,-53,127,1.5,2.5,1.5
1783006651211,2026-07-02 17:37:31.211,C3:00:00:63:4C:D2,-71,127,1.5,2.5,1.5
1783006651212,2026-07-02 17:37:31.212,C3:00:00:63:4D:07,-59,127,1.5,2.5,1.5
1783006651217,2026-07-02 17:37:31.217,C3:00:00:63:4D:05,-66,127,1.5,2.5,1.5
1783006651219,2026-07-02 17:37:31.219,C3:00:00:63:4D:0A,-52,127,1.5,2.5,1.5
1783006651222,2026-07-02 17:37:31.222,C3:00:00:63:4D:08,-58,127,1.5,2.5,1.5
1783006651246,2026-07-02 17:37:31.246,C3:00:00:63:4C:D2,-63,127,1.5,2.5,1.5
1783006651270,2026-07-02 17:37:31.270,C3:00:00:63:4D:07,-58,127,1.5,2.5,1.5
1783006651298,2026-07-02 17:37:31.298,C3:00:00:63:4D:0A,-55,127,1.5,2.5,1.5
1783006651322,2026-07-02 17:37:31.322,C3:00:00:63:4D:0D,-54,127,1.5,2.5,1.5
1783006651365,2026-07-02 17:37:31.365,C3:00:00:63:4C:D2,-61,127,1.5,2.5,1.5
1783006651413,2026-07-02 17:37:31.413,C3:00:00:63:4D:0A,-61,127,1.5,2.5,1.5
1783006651433,2026-07-02 17:37:31.433,C3:00:00:63:4D:0D,-54,127,1.5,2.5,1.5
1783006651438,2026-07-02 17:37:31.438,C3:00:00:63:4D:08,-59,127,1.5,2.5,1.5
1783006651446,2026-07-02 17:37:31.446,C3:00:00:63:4D:09,-66,127,1.5,2.5,1.5
1783006651479,2026-07-02 17:37:31.479,C3:00:00:63:4C:D2,-68,127,1.5,2.5,1.5
1783006651506,2026-07-02 17:37:31.506,C3:00:00:63:4D:04,-61,127,1.5,2.5,1.5
1783006651527,2026-07-02 17:37:31.527,C3:00:00:63:4D:05,-61,127,1.5,2.5,1.5
1783006651529,2026-07-02 17:37:31.529,C3:00:00:63:4D:04,-58,127,1.5,2.5,1.5
1783006651531,2026-07-02 17:37:31.531,C3:00:00:63:4D:0D,-58,127,1.5,2.5,1.5
1783006651545,2026-07-02 17:37:31.545,C3:00:00:63:4D:08,-57,127,1.5,2.5,1.5
1783006651548,2026-07-02 17:37:31.548,C3:00:00:63:4D:04,-58,127,1.5,2.5,1.5
1783006651552,2026-07-02 17:37:31.552,C3:00:00:63:4D:09,-61,127,1.5,2.5,1.5
1783006651574,2026-07-02 17:37:31.574,C3:00:00:63:4D:05,-60,127,1.5,2.5,1.5
1783006651592,2026-07-02 17:37:31.592,C3:00:00:63:4C:D2,-65,127,1.5,2.5,1.5
1783006651611,2026-07-02 17:37:31.611,C3:00:00:63:4D:07,-56,127,1.5,2.5,1.5
1783006651622,2026-07-02 17:37:31.622,C3:00:00:63:4D:04,-65,127,1.5,2.5,1.5
1783006651651,2026-07-02 17:37:31.651,C3:00:00:63:4D:0D,-54,127,1.5,2.5,1.5
1783006651655,2026-07-02 17:37:31.655,C3:00:00:63:4D:08,-58,127,1.5,2.5,1.5
1783006651671,2026-07-02 17:37:31.671,C3:00:00:63:4D:09,-60,127,1.5,2.5,1.5
1783006651708,2026-07-02 17:37:31.708,C3:00:00:63:4C:D2,-61,127,1.5,2.5,1.5
1783006651727,2026-07-02 17:37:31.727,C3:00:00:63:4C:D2,-69,127,1.5,2.5,1.5
1783006651740,2026-07-02 17:37:31.740,C3:00:00:63:4D:0D,-54,127,1.5,2.5,1.5
1783006651748,2026-07-02 17:37:31.748,C3:00:00:63:4D:05,-65,127,1.5,2.5,1.5
1783006651756,2026-07-02 17:37:31.756,C3:00:00:63:4D:0A,-51,127,1.5,2.5,1.5
1783006651765,2026-07-02 17:37:31.765,C3:00:00:63:4D:08,-55,127,1.5,2.5,1.5
1783006651784,2026-07-02 17:37:31.784,C3:00:00:63:4D:09,-69,127,1.5,2.5,1.5
1783006651794,2026-07-02 17:37:31.794,C3:00:00:63:4C:D2,-74,127,1.5,2.5,1.5
1783006651831,2026-07-02 17:37:31.831,C3:00:00:63:4C:D2,-64,127,1.5,2.5,1.5
1783006651844,2026-07-02 17:37:31.844,C3:00:00:63:4D:07,-55,127,1.5,2.5,1.5
1783006651851,2026-07-02 17:37:31.851,C3:00:00:63:4D:0D,-59,127,1.5,2.5,1.5
1783006651902,2026-07-02 17:37:31.902,C3:00:00:63:4D:09,-61,127,1.5,2.5,1.5
1783006651946,2026-07-02 17:37:31.946,C3:00:00:63:4C:D2,-62,127,1.5,2.5,1.5
1783006651951,2026-07-02 17:37:31.951,C3:00:00:63:4D:0D,-55,127,1.5,2.5,1.5
1783006651957,2026-07-02 17:37:31.957,C3:00:00:63:4D:04,-63,127,1.5,2.5,1.5
1783006651961,2026-07-02 17:37:31.961,C3:00:00:63:4D:07,-54,127,1.5,2.5,1.5
1783006651973,2026-07-02 17:37:31.973,C3:00:00:63:4D:05,-56,127,1.5,2.5,1.5
1783006652017,2026-07-02 17:37:32.017,C3:00:00:63:4D:09,-74,127,1.5,2.5,1.5
1783006652052,2026-07-02 17:37:32.052,C3:00:00:63:4D:0D,-55,127,1.5,2.5,1.5
1783006652056,2026-07-02 17:37:32.056,C3:00:00:63:4D:04,-60,127,1.5,2.5,1.5
1783006652074,2026-07-02 17:37:32.074,C3:00:00:63:4D:0A,-59,127,1.5,2.5,1.5
1783006652075,2026-07-02 17:37:32.075,C3:00:00:63:4D:07,-60,127,1.5,2.5,1.5
1783006652088,2026-07-02 17:37:32.088,C3:00:00:63:4D:08,-56,127,1.5,2.5,1.5
1783006652093,2026-07-02 17:37:32.093,C3:00:00:63:4D:05,-67,127,1.5,2.5,1.5
1783006652131,2026-07-02 17:37:32.131,C3:00:00:63:4D:09,-59,127,1.5,2.5,1.5
1783006652167,2026-07-02 17:37:32.167,C3:00:00:63:4D:04,-58,127,1.5,2.5,1.5
1783006652173,2026-07-02 17:37:32.173,C3:00:00:63:4C:D2,-67,127,1.5,2.5,1.5
1783006652187,2026-07-02 17:37:32.187,C3:00:00:63:4D:07,-58,127,1.5,2.5,1.5
1783006652197,2026-07-02 17:37:32.197,C3:00:00:63:4D:08,-60,127,1.5,2.5,1.5
1783006652202,2026-07-02 17:37:32.202,C3:00:00:63:4D:05,-59,127,1.5,2.5,1.5
1783006652248,2026-07-02 17:37:32.248,C3:00:00:63:4D:09,-61,127,1.5,2.5,1.5
1783006652272,2026-07-02 17:37:32.272,C3:00:00:63:4D:0D,-54,127,1.5,2.5,1.5
1783006652278,2026-07-02 17:37:32.278,C3:00:00:63:4D:04,-64,127,1.5,2.5,1.5
1783006652286,2026-07-02 17:37:32.286,C3:00:00:63:4D:08,-54,127,1.5,2.5,1.5
1783006652298,2026-07-02 17:37:32.298,C3:00:00:63:4D:07,-54,127,1.5,2.5,1.5
1783006652305,2026-07-02 17:37:32.305,C3:00:00:63:4D:08,-54,127,1.5,2.5,1.5
1783006652321,2026-07-02 17:37:32.321,C3:00:00:63:4D:0A,-52,127,1.5,2.5,1.5
1783006652332,2026-07-02 17:37:32.332,C3:00:00:63:4D:05,-68,127,1.5,2.5,1.5
1783006652335,2026-07-02 17:37:32.335,C3:00:00:63:4C:D2,-78,127,1.5,2.5,1.5
1783006652355,2026-07-02 17:37:32.355,C3:00:00:63:4D:09,-64,127,1.5,2.5,1.5
1783006652374,2026-07-02 17:37:32.374,C3:00:00:63:4D:0D,-55,127,1.5,2.5,1.5
1783006652386,2026-07-02 17:37:32.386,C3:00:00:63:4D:04,-60,127,1.5,2.5,1.5
1783006652402,2026-07-02 17:37:32.402,C3:00:00:63:4C:D2,-63,127,1.5,2.5,1.5
1783006652412,2026-07-02 17:37:32.412,C3:00:00:63:4D:08,-60,127,1.5,2.5,1.5
1783006652418,2026-07-02 17:37:32.418,C3:00:00:63:4D:07,-58,127,1.5,2.5,1.5
1783006652430,2026-07-02 17:37:32.430,C3:00:00:63:4D:0A,-55,127,1.5,2.5,1.5
1783006652438,2026-07-02 17:37:32.438,C3:00:00:63:4D:05,-60,127,1.5,2.5,1.5
1783006652470,2026-07-02 17:37:32.470,C3:00:00:63:4D:09,-61,127,1.5,2.5,1.5
1783006652473,2026-07-02 17:37:32.473,C3:00:00:63:4D:0D,-58,127,1.5,2.5,1.5
1783006652486,2026-07-02 17:37:32.486,C3:00:00:63:4D:04,-58,127,1.5,2.5,1.5
1783006652520,2026-07-02 17:37:32.520,C3:00:00:63:4C:D2,-65,127,1.5,2.5,1.5
1783006652527,2026-07-02 17:37:32.527,C3:00:00:63:4D:08,-55,127,1.5,2.5,1.5
1783006652534,2026-07-02 17:37:32.534,C3:00:00:63:4D:07,-54,127,1.5,2.5,1.5
1783006652538,2026-07-02 17:37:32.538,C3:00:00:63:4D:0A,-61,127,1.5,2.5,1.5
1783006652556,2026-07-02 17:37:32.556,C3:00:00:63:4D:05,-57,127,1.5,2.5,1.5
1783006652586,2026-07-02 17:37:32.586,C3:00:00:63:4D:09,-62,127,1.5,2.5,1.5
1783006652597,2026-07-02 17:37:32.597,C3:00:00:63:4D:04,-64,127,1.5,2.5,1.5
1783006652605,2026-07-02 17:37:32.605,C3:00:00:63:4D:09,-69,127,1.5,2.5,1.5
1783006652610,2026-07-02 17:37:32.610,C3:00:00:63:4D:07,-54,127,1.5,2.5,1.5
1783006652653,2026-07-02 17:37:32.653,C3:00:00:63:4D:07,-60,127,1.5,2.5,1.5
1783006652664,2026-07-02 17:37:32.664,C3:00:00:63:4D:0A,-52,127,1.5,2.5,1.5
1783006652669,2026-07-02 17:37:32.669,C3:00:00:63:4D:05,-70,127,1.5,2.5,1.5
1783006652692,2026-07-02 17:37:32.692,C3:00:00:63:4D:0D,-56,127,1.5,2.5,1.5
1783006652701,2026-07-02 17:37:32.701,C3:00:00:63:4D:09,-68,127,1.5,2.5,1.5
1783006652714,2026-07-02 17:37:32.714,C3:00:00:63:4D:04,-60,127,1.5,2.5,1.5
1783006652744,2026-07-02 17:37:32.744,C3:00:00:63:4D:08,-63,127,1.5,2.5,1.5
1783006652759,2026-07-02 17:37:32.759,C3:00:00:63:4C:D2,-65,127,1.5,2.5,1.5
1783006652774,2026-07-02 17:37:32.774,C3:00:00:63:4D:07,-56,127,1.5,2.5,1.5
1783006652780,2026-07-02 17:37:32.780,C3:00:00:63:4D:0A,-56,127,1.5,2.5,1.5
1783006652786,2026-07-02 17:37:32.786,C3:00:00:63:4D:0D,-60,127,1.5,2.5,1.5
1783006652788,2026-07-02 17:37:32.788,C3:00:00:63:4D:0A,-56,127,1.5,2.5,1.5
1783006652795,2026-07-02 17:37:32.795,C3:00:00:63:4D:05,-58,127,1.5,2.5,1.5
1783006652797,2026-07-02 17:37:32.797,C3:00:00:63:4D:0D,-60,127,1.5,2.5,1.5
1783006652805,2026-07-02 17:37:32.805,C3:00:00:63:4D:05,-59,127,1.5,2.5,1.5
1783006652811,2026-07-02 17:37:32.811,C3:00:00:63:4D:09,-61,127,1.5,2.5,1.5
1783006652814,2026-07-02 17:37:32.814,C3:00:00:63:4D:04,-64,127,1.5,2.5,1.5
1783006652830,2026-07-02 17:37:32.830,C3:00:00:63:4D:0D,-54,127,1.5,2.5,1.5
1783006652851,2026-07-02 17:37:32.851,C3:00:00:63:4D:08,-55,127,1.5,2.5,1.5
1783006652862,2026-07-02 17:37:32.862,C3:00:00:63:4C:D2,-64,127,1.5,2.5,1.5
1783006652871,2026-07-02 17:37:32.871,C3:00:00:63:4D:09,-61,127,1.5,2.5,1.5
1783006652879,2026-07-02 17:37:32.879,C3:00:00:63:4D:07,-54,127,1.5,2.5,1.5
1783006652886,2026-07-02 17:37:32.886,C3:00:00:63:4D:0A,-60,127,1.5,2.5,1.5
1783006652897,2026-07-02 17:37:32.897,C3:00:00:63:4D:05,-58,127,1.5,2.5,1.5
1783006652924,2026-07-02 17:37:32.924,C3:00:00:63:4D:09,-67,127,1.5,2.5,1.5
1783006652929,2026-07-02 17:37:32.929,C3:00:00:63:4D:04,-61,127,1.5,2.5,1.5
1783006652954,2026-07-02 17:37:32.954,C3:00:00:63:4D:08,-61,127,1.5,2.5,1.5
1783006652971,2026-07-02 17:37:32.971,C3:00:00:63:4C:D2,-72,127,1.5,2.5,1.5
1783006652991,2026-07-02 17:37:32.991,C3:00:00:63:4D:0A,-51,127,1.5,2.5,1.5
1783006653001,2026-07-02 17:37:33.001,C3:00:00:63:4D:07,-60,127,1.5,2.5,1.5
1783006653003,2026-07-02 17:37:33.003,C3:00:00:63:4D:0D,-56,127,1.5,2.5,1.5
1783006653011,2026-07-02 17:37:33.011,C3:00:00:63:4D:05,-59,127,1.5,2.5,1.5
1783006653038,2026-07-02 17:37:33.038,C3:00:00:63:4D:09,-63,127,1.5,2.5,1.5
1783006653061,2026-07-02 17:37:33.061,C3:00:00:63:4D:09,-63,127,1.5,2.5,1.5
1783006653066,2026-07-02 17:37:33.066,C3:00:00:63:4D:08,-60,127,1.5,2.5,1.5
1783006653087,2026-07-02 17:37:33.087,C3:00:00:63:4C:D2,-63,127,1.5,2.5,1.5
1783006653095,2026-07-02 17:37:33.095,C3:00:00:63:4D:05,-61,127,1.5,2.5,1.5
1783006653107,2026-07-02 17:37:33.107,C3:00:00:63:4D:0A,-55,127,1.5,2.5,1.5
1783006653129,2026-07-02 17:37:33.129,C3:00:00:63:4D:05,-60,127,1.5,2.5,1.5
1783006653178,2026-07-02 17:37:33.178,C3:00:00:63:4D:08,-55,127,1.5,2.5,1.5
1783006653199,2026-07-02 17:37:33.199,C3:00:00:63:4D:0A,-60,127,1.5,2.5,1.5
1783006653204,2026-07-02 17:37:33.204,C3:00:00:63:4C:D2,-62,127,1.5,2.5,1.5
1783006653213,2026-07-02 17:37:33.213,C3:00:00:63:4D:0D,-56,127,1.5,2.5,1.5
1783006653222,2026-07-02 17:37:33.222,C3:00:00:63:4D:0A,-51,127,1.5,2.5,1.5
1783006653227,2026-07-02 17:37:33.227,C3:00:00:63:4D:07,-61,127,1.5,2.5,1.5
1783006653242,2026-07-02 17:37:33.242,C3:00:00:63:4D:05,-67,127,1.5,2.5,1.5
1783006653256,2026-07-02 17:37:33.256,C3:00:00:63:4D:04,-61,127,1.5,2.5,1.5
1783006653269,2026-07-02 17:37:33.269,C3:00:00:63:4D:09,-67,127,1.5,2.5,1.5
1783006653284,2026-07-02 17:37:33.284,C3:00:00:63:4D:08,-59,127,1.5,2.5,1.5
1783006653317,2026-07-02 17:37:33.317,C3:00:00:63:4C:D2,-63,127,1.5,2.5,1.5
1783006653332,2026-07-02 17:37:33.332,C3:00:00:63:4D:0A,-57,127,1.5,2.5,1.5
1783006653339,2026-07-02 17:37:33.339,C3:00:00:63:4D:07,-56,127,1.5,2.5,1.5
1783006653351,2026-07-02 17:37:33.351,C3:00:00:63:4C:D2,-63,127,1.5,2.5,1.5
1783006653363,2026-07-02 17:37:33.363,C3:00:00:63:4D:05,-58,127,1.5,2.5,1.5
1783006653365,2026-07-02 17:37:33.365,C3:00:00:63:4D:04,-57,127,1.5,2.5,1.5
1783006653367,2026-07-02 17:37:33.367,C3:00:00:63:4D:07,-63,127,1.5,2.5,1.5
1783006653382,2026-07-02 17:37:33.382,C3:00:00:63:4D:09,-61,127,1.5,2.5,1.5
1783006653386,2026-07-02 17:37:33.386,C3:00:00:63:4D:08,-61,127,1.5,2.5,1.5
1783006653420,2026-07-02 17:37:33.420,C3:00:00:63:4D:0D,-55,127,1.5,2.5,1.5
1783006653440,2026-07-02 17:37:33.440,C3:00:00:63:4C:D2,-64,127,1.5,2.5,1.5
1783006653452,2026-07-02 17:37:33.452,C3:00:00:63:4D:07,-54,127,1.5,2.5,1.5
1783006653459,2026-07-02 17:37:33.459,C3:00:00:63:4D:0A,-61,127,1.5,2.5,1.5
1783006653468,2026-07-02 17:37:33.468,C3:00:00:63:4D:04,-61,127,1.5,2.5,1.5
1783006653481,2026-07-02 17:37:33.481,C3:00:00:63:4D:05,-59,127,1.5,2.5,1.5
1783006653502,2026-07-02 17:37:33.502,C3:00:00:63:4D:09,-62,127,1.5,2.5,1.5
1783006653504,2026-07-02 17:37:33.504,C3:00:00:63:4D:08,-56,127,1.5,2.5,1.5
1783006653516,2026-07-02 17:37:33.516,C3:00:00:63:4D:04,-62,127,1.5,2.5,1.5
1783006653526,2026-07-02 17:37:33.526,C3:00:00:63:4D:0D,-54,127,1.5,2.5,1.5
1783006653539,2026-07-02 17:37:33.539,C3:00:00:63:4D:04,-62,127,1.5,2.5,1.5
1783006653561,2026-07-02 17:37:33.561,C3:00:00:63:4C:D2,-73,127,1.5,2.5,1.5
1783006653565,2026-07-02 17:37:33.565,C3:00:00:63:4D:0A,-51,127,1.5,2.5,1.5
1783006653568,2026-07-02 17:37:33.568,C3:00:00:63:4D:07,-59,127,1.5,2.5,1.5
1783006653579,2026-07-02 17:37:33.579,C3:00:00:63:4D:04,-62,127,1.5,2.5,1.5
1783006653594,2026-07-02 17:37:33.594,C3:00:00:63:4D:05,-80,127,1.5,2.5,1.5
1783006653631,2026-07-02 17:37:33.631,C3:00:00:63:4D:0D,-60,127,1.5,2.5,1.5
1783006653664,2026-07-02 17:37:33.664,C3:00:00:63:4C:D2,-66,127,1.5,2.5,1.5
1783006653670,2026-07-02 17:37:33.670,C3:00:00:63:4D:0A,-56,127,1.5,2.5,1.5
1783006653690,2026-07-02 17:37:33.690,C3:00:00:63:4D:07,-56,127,1.5,2.5,1.5
1783006653694,2026-07-02 17:37:33.694,C3:00:00:63:4D:04,-58,127,1.5,2.5,1.5
1783006653709,2026-07-02 17:37:33.709,C3:00:00:63:4D:05,-58,127,1.5,2.5,1.5
1783006653719,2026-07-02 17:37:33.719,C3:00:00:63:4C:D2,-62,127,1.5,2.5,1.5
1783006653725,2026-07-02 17:37:33.725,C3:00:00:63:4D:08,-56,127,1.5,2.5,1.5
1783006653729,2026-07-02 17:37:33.729,C3:00:00:63:4D:09,-61,127,1.5,2.5,1.5
1783006653735,2026-07-02 17:37:33.735,C3:00:00:63:4D:0D,-55,127,1.5,2.5,1.5
1783006653777,2026-07-02 17:37:33.777,C3:00:00:63:4C:D2,-63,127,1.5,2.5,1.5
1783006653789,2026-07-02 17:37:33.789,C3:00:00:63:4D:0A,-60,127,1.5,2.5,1.5
1783006653805,2026-07-02 17:37:33.805,C3:00:00:63:4D:04,-63,127,1.5,2.5,1.5
1783006653811,2026-07-02 17:37:33.811,C3:00:00:63:4C:D2,-63,127,1.5,2.5,1.5
1783006653818,2026-07-02 17:37:33.818,C3:00:00:63:4D:05,-71,127,1.5,2.5,1.5
1783006653827,2026-07-02 17:37:33.827,C3:00:00:63:4D:08,-59,127,1.5,2.5,1.5
1783006653843,2026-07-02 17:37:33.843,C3:00:00:63:4D:09,-70,127,1.5,2.5,1.5
1783006653847,2026-07-02 17:37:33.847,C3:00:00:63:4D:0A,-52,127,1.5,2.5,1.5
1783006653851,2026-07-02 17:37:33.851,C3:00:00:63:4D:0D,-56,127,1.5,2.5,1.5
1783006653852,2026-07-02 17:37:33.852,C3:00:00:63:4D:08,-59,127,1.5,2.5,1.5
1783006653861,2026-07-02 17:37:33.861,C3:00:00:63:4D:0D,-55,127,1.5,2.5,1.5
1783006653903,2026-07-02 17:37:33.903,C3:00:00:63:4C:D2,-72,127,1.5,2.5,1.5
1783006653910,2026-07-02 17:37:33.910,C3:00:00:63:4D:0A,-51,127,1.5,2.5,1.5
1783006653919,2026-07-02 17:37:33.919,C3:00:00:63:4D:04,-62,127,1.5,2.5,1.5
1783006653924,2026-07-02 17:37:33.924,C3:00:00:63:4D:07,-58,127,1.5,2.5,1.5
1783006653928,2026-07-02 17:37:33.928,C3:00:00:63:4D:05,-60,127,1.5,2.5,1.5
1783006653941,2026-07-02 17:37:33.941,C3:00:00:63:4D:08,-60,127,1.5,2.5,1.5
1783006653943,2026-07-02 17:37:33.943,C3:00:00:63:4D:0D,-62,127,1.5,2.5,1.5
1783006653951,2026-07-02 17:37:33.951,C3:00:00:63:4D:09,-62,127,1.5,2.5,1.5
1783006653966,2026-07-02 17:37:33.966,C3:00:00:63:4D:07,-58,127,1.5,2.5,1.5
1783006654003,2026-07-02 17:37:34.003,C3:00:00:63:4D:07,-58,127,1.5,2.5,1.5
1783006654011,2026-07-02 17:37:34.011,C3:00:00:63:4C:D2,-66,127,1.5,2.5,1.5
1783006654017,2026-07-02 17:37:34.017,C3:00:00:63:4D:04,-62,127,1.5,2.5,1.5
1783006654025,2026-07-02 17:37:34.025,C3:00:00:63:4D:07,-54,127,1.5,2.5,1.5
1783006654047,2026-07-02 17:37:34.047,C3:00:00:63:4D:05,-62,127,1.5,2.5,1.5
1783006654055,2026-07-02 17:37:34.055,C3:00:00:63:4D:08,-54,127,1.5,2.5,1.5
1783006654061,2026-07-02 17:37:34.061,C3:00:00:63:4D:0D,-54,127,1.5,2.5,1.5
1783006654070,2026-07-02 17:37:34.070,C3:00:00:63:4D:09,-60,127,1.5,2.5,1.5
1783006654123,2026-07-02 17:37:34.123,C3:00:00:63:4C:D2,-78,127,1.5,2.5,1.5
1783006654127,2026-07-02 17:37:34.127,C3:00:00:63:4D:0A,-52,127,1.5,2.5,1.5
1783006654132,2026-07-02 17:37:34.132,C3:00:00:63:4D:04,-62,127,1.5,2.5,1.5
1783006654141,2026-07-02 17:37:34.141,C3:00:00:63:4D:07,-57,127,1.5,2.5,1.5
1783006654155,2026-07-02 17:37:34.155,C3:00:00:63:4D:0D,-55,127,1.5,2.5,1.5
1783006654163,2026-07-02 17:37:34.163,C3:00:00:63:4D:08,-58,127,1.5,2.5,1.5
1783006654168,2026-07-02 17:37:34.168,C3:00:00:63:4D:05,-70,127,1.5,2.5,1.5
1783006654181,2026-07-02 17:37:34.181,C3:00:00:63:4D:09,-66,127,1.5,2.5,1.5
1783006654234,2026-07-02 17:37:34.234,C3:00:00:63:4D:04,-57,127,1.5,2.5,1.5
1783006654238,2026-07-02 17:37:34.238,C3:00:00:63:4C:D2,-67,127,1.5,2.5,1.5
1783006654242,2026-07-02 17:37:34.242,C3:00:00:63:4D:0A,-56,127,1.5,2.5,1.5
1783006654255,2026-07-02 17:37:34.255,C3:00:00:63:4D:0D,-63,127,1.5,2.5,1.5
1783006654262,2026-07-02 17:37:34.262,C3:00:00:63:4D:07,-57,127,1.5,2.5,1.5
1783006654268,2026-07-02 17:37:34.268,C3:00:00:63:4D:08,-62,127,1.5,2.5,1.5
1783006654277,2026-07-02 17:37:34.277,C3:00:00:63:4D:05,-58,127,1.5,2.5,1.5
1783006654289,2026-07-02 17:37:34.289,C3:00:00:63:4D:09,-61,127,1.5,2.5,1.5
1783006654299,2026-07-02 17:37:34.299,C3:00:00:63:4D:08,-64,127,1.5,2.5,1.5
1783006654346,2026-07-02 17:37:34.346,C3:00:00:63:4D:04,-62,127,1.5,2.5,1.5
1783006654352,2026-07-02 17:37:34.352,C3:00:00:63:4C:D2,-64,127,1.5,2.5,1.5
1783006654362,2026-07-02 17:37:34.362,C3:00:00:63:4D:0A,-60,127,1.5,2.5,1.5
1783006654363,2026-07-02 17:37:34.363,C3:00:00:63:4D:0D,-54,127,1.5,2.5,1.5
1783006654391,2026-07-02 17:37:34.391,C3:00:00:63:4D:05,-61,127,1.5,2.5,1.5
1783006654414,2026-07-02 17:37:34.414,C3:00:00:63:4D:09,-64,127,1.5,2.5,1.5
1783006654455,2026-07-02 17:37:34.455,C3:00:00:63:4D:04,-60,127,1.5,2.5,1.5
1783006654470,2026-07-02 17:37:34.470,C3:00:00:63:4D:0D,-54,127,1.5,2.5,1.5
1783006654489,2026-07-02 17:37:34.489,C3:00:00:63:4D:08,-57,127,1.5,2.5,1.5
1783006654492,2026-07-02 17:37:34.492,C3:00:00:63:4D:07,-58,127,1.5,2.5,1.5
1783006654524,2026-07-02 17:37:34.524,C3:00:00:63:4D:09,-60,127,1.5,2.5,1.5
1783006654562,2026-07-02 17:37:34.562,C3:00:00:63:4D:04,-57,127,1.5,2.5,1.5
1783006654582,2026-07-02 17:37:34.582,C3:00:00:63:4D:0A,-56,127,1.5,2.5,1.5
1783006654589,2026-07-02 17:37:34.589,C3:00:00:63:4C:D2,-62,127,1.5,2.5,1.5
1783006654594,2026-07-02 17:37:34.594,C3:00:00:63:4D:08,-59,127,1.5,2.5,1.5
1783006654604,2026-07-02 17:37:34.604,C3:00:00:63:4D:07,-56,127,1.5,2.5,1.5
1783006654639,2026-07-02 17:37:34.639,C3:00:00:63:4D:09,-60,127,1.5,2.5,1.5
1783006654671,2026-07-02 17:37:34.671,C3:00:00:63:4D:04,-61,127,1.5,2.5,1.5
1783006654683,2026-07-02 17:37:34.683,C3:00:00:63:4D:0D,-54,127,1.5,2.5,1.5
1783006654690,2026-07-02 17:37:34.690,C3:00:00:63:4D:0A,-60,127,1.5,2.5,1.5
1783006654705,2026-07-02 17:37:34.705,C3:00:00:63:4C:D2,-63,127,1.5,2.5,1.5
1783006654710,2026-07-02 17:37:34.710,C3:00:00:63:4D:08,-55,127,1.5,2.5,1.5
1783006654721,2026-07-02 17:37:34.721,C3:00:00:63:4D:07,-60,127,1.5,2.5,1.5
1783006654738,2026-07-02 17:37:34.738,C3:00:00:63:4D:05,-67,127,1.5,2.5,1.5
1783006654748,2026-07-02 17:37:34.748,C3:00:00:63:4D:08,-56,127,1.5,2.5,1.5
1783006654755,2026-07-02 17:37:34.755,C3:00:00:63:4D:09,-68,127,1.5,2.5,1.5
1783006654760,2026-07-02 17:37:34.760,C3:00:00:63:4D:08,-64,127,1.5,2.5,1.5
1783006654778,2026-07-02 17:37:34.778,C3:00:00:63:4D:04,-62,127,1.5,2.5,1.5
1783006654788,2026-07-02 17:37:34.788,C3:00:00:63:4D:0D,-55,127,1.5,2.5,1.5
1783006654800,2026-07-02 17:37:34.800,C3:00:00:63:4D:0A,-52,127,1.5,2.5,1.5
1783006654807,2026-07-02 17:37:34.807,C3:00:00:63:4D:0D,-56,127,1.5,2.5,1.5
1783006654810,2026-07-02 17:37:34.810,C3:00:00:63:4D:05,-73,127,1.5,2.5,1.5
1783006654829,2026-07-02 17:37:34.829,C3:00:00:63:4D:07,-56,127,1.5,2.5,1.5
1783006654844,2026-07-02 17:37:34.844,C3:00:00:63:4D:0D,-59,127,1.5,2.5,1.5
1783006654853,2026-07-02 17:37:34.853,C3:00:00:63:4D:05,-57,127,1.5,2.5,1.5
1783006654866,2026-07-02 17:37:34.866,C3:00:00:63:4D:09,-61,127,1.5,2.5,1.5
1783006654885,2026-07-02 17:37:34.885,C3:00:00:63:4D:04,-54,127,1.5,2.5,1.5
1783006654890,2026-07-02 17:37:34.890,C3:00:00:63:4D:09,-61,127,1.5,2.5,1.5
1783006654894,2026-07-02 17:37:34.894,C3:00:00:63:4D:0D,-58,127,1.5,2.5,1.5
1783006654913,2026-07-02 17:37:34.913,C3:00:00:63:4D:0A,-56,127,1.5,2.5,1.5
1783006654916,2026-07-02 17:37:34.916,C3:00:00:63:4D:08,-54,127,1.5,2.5,1.5
1783006654932,2026-07-02 17:37:34.932,C3:00:00:63:4C:D2,-63,127,1.5,2.5,1.5
1783006654951,2026-07-02 17:37:34.951,C3:00:00:63:4D:07,-54,127,1.5,2.5,1.5
1783006654971,2026-07-02 17:37:34.971,C3:00:00:63:4D:05,-65,127,1.5,2.5,1.5
1783006654987,2026-07-02 17:37:34.987,C3:00:00:63:4D:09,-58,127,1.5,2.5,1.5
1783006654997,2026-07-02 17:37:34.997,C3:00:00:63:4D:04,-59,127,1.5,2.5,1.5
1783006655006,2026-07-02 17:37:35.006,C3:00:00:63:4D:0D,-55,127,1.5,2.5,1.5
1783006655047,2026-07-02 17:37:35.047,C3:00:00:63:4C:D2,-71,127,1.5,2.5,1.5
1783006655064,2026-07-02 17:37:35.064,C3:00:00:63:4D:07,-57,127,1.5,2.5,1.5
1783006655068,2026-07-02 17:37:35.068,C3:00:00:63:4D:09,-63,127,1.5,2.5,1.5
1783006655085,2026-07-02 17:37:35.085,C3:00:00:63:4D:04,-58,127,1.5,2.5,1.5
1783006655089,2026-07-02 17:37:35.089,C3:00:00:63:4D:05,-63,127,1.5,2.5,1.5
1783006655092,2026-07-02 17:37:35.092,C3:00:00:63:4D:09,-63,127,1.5,2.5,1.5
1783006655099,2026-07-02 17:37:35.099,C3:00:00:63:4D:0D,-55,127,1.5,2.5,1.5
1783006655108,2026-07-02 17:37:35.108,C3:00:00:63:4D:04,-58,127,1.5,2.5,1.5
1783006655136,2026-07-02 17:37:35.136,C3:00:00:63:4D:08,-61,127,1.5,2.5,1.5
1783006655141,2026-07-02 17:37:35.141,C3:00:00:63:4D:0A,-55,127,1.5,2.5,1.5
1783006655165,2026-07-02 17:37:35.165,C3:00:00:63:4C:D2,-68,127,1.5,2.5,1.5
1783006655175,2026-07-02 17:37:35.175,C3:00:00:63:4D:07,-58,127,1.5,2.5,1.5
1783006655216,2026-07-02 17:37:35.216,C3:00:00:63:4D:04,-61,127,1.5,2.5,1.5
1783006655248,2026-07-02 17:37:35.248,C3:00:00:63:4D:08,-54,127,1.5,2.5,1.5
1783006655254,2026-07-02 17:37:35.254,C3:00:00:63:4D:0A,-58,127,1.5,2.5,1.5
1783006655274,2026-07-02 17:37:35.274,C3:00:00:63:4C:D2,-62,127,1.5,2.5,1.5
1783006655287,2026-07-02 17:37:35.287,C3:00:00:63:4D:07,-54,127,1.5,2.5,1.5
1783006655311,2026-07-02 17:37:35.311,C3:00:00:63:4D:0D,-54,127,1.5,2.5,1.5
1783006655316,2026-07-02 17:37:35.316,C3:00:00:63:4D:05,-61,127,1.5,2.5,1.5
1783006655320,2026-07-02 17:37:35.320,C3:00:00:63:4D:09,-64,127,1.5,2.5,1.5
1783006655327,2026-07-02 17:37:35.327,C3:00:00:63:4D:04,-60,127,1.5,2.5,1.5
1783006655353,2026-07-02 17:37:35.353,C3:00:00:63:4D:08,-56,127,1.5,2.5,1.5
1783006655367,2026-07-02 17:37:35.367,C3:00:00:63:4D:0A,-53,127,1.5,2.5,1.5
1783006655405,2026-07-02 17:37:35.405,C3:00:00:63:4D:07,-56,127,1.5,2.5,1.5
1783006655414,2026-07-02 17:37:35.414,C3:00:00:63:4D:0D,-60,127,1.5,2.5,1.5
1783006655427,2026-07-02 17:37:35.427,C3:00:00:63:4D:05,-58,127,1.5,2.5,1.5
1783006655437,2026-07-02 17:37:35.437,C3:00:00:63:4D:04,-57,127,1.5,2.5,1.5
1783006655466,2026-07-02 17:37:35.466,C3:00:00:63:4D:08,-62,127,1.5,2.5,1.5
1783006655485,2026-07-02 17:37:35.485,C3:00:00:63:4D:0A,-55,127,1.5,2.5,1.5
1783006655505,2026-07-02 17:37:35.505,C3:00:00:63:4C:D2,-67,127,1.5,2.5,1.5
1783006655524,2026-07-02 17:37:35.524,C3:00:00:63:4D:04,-60,127,1.5,2.5,1.5
1783006655546,2026-07-02 17:37:35.546,C3:00:00:63:4D:04,-61,127,1.5,2.5,1.5
1783006655549,2026-07-02 17:37:35.549,C3:00:00:63:4D:05,-60,127,1.5,2.5,1.5
1783006655553,2026-07-02 17:37:35.553,C3:00:00:63:4D:09,-60,127,1.5,2.5,1.5
1783006655572,2026-07-02 17:37:35.572,C3:00:00:63:4D:08,-54,127,1.5,2.5,1.5
1783006655586,2026-07-02 17:37:35.586,C3:00:00:63:4D:04,-68,127,1.5,2.5,1.5
1783006655593,2026-07-02 17:37:35.593,C3:00:00:63:4D:0A,-60,127,1.5,2.5,1.5
1783006655610,2026-07-02 17:37:35.610,C3:00:00:63:4D:05,-61,127,1.5,2.5,1.5
1783006655618,2026-07-02 17:37:35.618,C3:00:00:63:4C:D2,-74,127,1.5,2.5,1.5
1783006655626,2026-07-02 17:37:35.626,C3:00:00:63:4D:0D,-55,127,1.5,2.5,1.5
1783006655636,2026-07-02 17:37:35.636,C3:00:00:63:4D:07,-56,127,1.5,2.5,1.5
1783006655657,2026-07-02 17:37:35.657,C3:00:00:63:4D:05,-65,127,1.5,2.5,1.5
1783006655660,2026-07-02 17:37:35.660,C3:00:00:63:4D:04,-61,127,1.5,2.5,1.5
1783006655665,2026-07-02 17:37:35.665,C3:00:00:63:4D:09,-68,127,1.5,2.5,1.5
1783006655685,2026-07-02 17:37:35.685,C3:00:00:63:4D:08,-56,127,1.5,2.5,1.5
1783006655725,2026-07-02 17:37:35.725,C3:00:00:63:4C:D2,-63,127,1.5,2.5,1.5
1783006655730,2026-07-02 17:37:35.730,C3:00:00:63:4D:0D,-59,127,1.5,2.5,1.5
1783006655745,2026-07-02 17:37:35.745,C3:00:00:63:4C:D2,-63,127,1.5,2.5,1.5
1783006655748,2026-07-02 17:37:35.748,C3:00:00:63:4D:07,-55,127,1.5,2.5,1.5
1783006655755,2026-07-02 17:37:35.755,C3:00:00:63:4D:04,-56,127,1.5,2.5,1.5
1783006655770,2026-07-02 17:37:35.770,C3:00:00:63:4D:05,-58,127,1.5,2.5,1.5
1783006655780,2026-07-02 17:37:35.780,C3:00:00:63:4D:09,-63,127,1.5,2.5,1.5
1783006655789,2026-07-02 17:37:35.789,C3:00:00:63:4D:08,-58,127,1.5,2.5,1.5
1783006655798,2026-07-02 17:37:35.798,C3:00:00:63:4C:D2,-63,127,1.5,2.5,1.5
1783006655819,2026-07-02 17:37:35.819,C3:00:00:63:4D:0A,-60,127,1.5,2.5,1.5
1783006655838,2026-07-02 17:37:35.838,C3:00:00:63:4D:0D,-55,127,1.5,2.5,1.5
1783006655842,2026-07-02 17:37:35.842,C3:00:00:63:4D:08,-55,127,1.5,2.5,1.5
1783006655847,2026-07-02 17:37:35.847,C3:00:00:63:4D:0A,-60,127,1.5,2.5,1.5
1783006655866,2026-07-02 17:37:35.866,C3:00:00:63:4D:04,-63,127,1.5,2.5,1.5
1783006655871,2026-07-02 17:37:35.871,C3:00:00:63:4D:07,-54,127,1.5,2.5,1.5
1783006655888,2026-07-02 17:37:35.888,C3:00:00:63:4D:05,-59,127,1.5,2.5,1.5
1783006655894,2026-07-02 17:37:35.894,C3:00:00:63:4D:09,-60,127,1.5,2.5,1.5
1783006655913,2026-07-02 17:37:35.913,C3:00:00:63:4D:08,-54,127,1.5,2.5,1.5
1783006655928,2026-07-02 17:37:35.928,C3:00:00:63:4D:0D,-64,127,1.5,2.5,1.5
1783006655957,2026-07-02 17:37:35.957,C3:00:00:63:4D:0D,-56,127,1.5,2.5,1.5
1783006655970,2026-07-02 17:37:35.970,C3:00:00:63:4C:D2,-76,127,1.5,2.5,1.5
1783006655976,2026-07-02 17:37:35.976,C3:00:00:63:4D:07,-60,127,1.5,2.5,1.5
1783006655980,2026-07-02 17:37:35.980,C3:00:00:63:4D:04,-61,127,1.5,2.5,1.5
1783006656000,2026-07-02 17:37:36.000,C3:00:00:63:4D:05,-67,127,1.5,2.5,1.5
1783006656006,2026-07-02 17:37:36.006,C3:00:00:63:4D:09,-67,127,1.5,2.5,1.5
1783006656042,2026-07-02 17:37:36.042,C3:00:00:63:4D:0D,-59,127,1.5,2.5,1.5
1783006656048,2026-07-02 17:37:36.048,C3:00:00:63:4D:0A,-55,127,1.5,2.5,1.5
1783006656071,2026-07-02 17:37:36.071,C3:00:00:63:4D:0A,-63,127,1.5,2.5,1.5
1783006656079,2026-07-02 17:37:36.079,C3:00:00:63:4C:D2,-63,127,1.5,2.5,1.5
1783006656090,2026-07-02 17:37:36.090,C3:00:00:63:4D:04,-56,127,1.5,2.5,1.5
1783006656099,2026-07-02 17:37:36.099,C3:00:00:63:4D:07,-56,127,1.5,2.5,1.5
1783006656118,2026-07-02 17:37:36.118,C3:00:00:63:4D:05,-62,127,1.5,2.5,1.5
1783006656123,2026-07-02 17:37:36.123,C3:00:00:63:4D:08,-54,127,1.5,2.5,1.5
1783006656149,2026-07-02 17:37:36.149,C3:00:00:63:4D:0D,-55,127,1.5,2.5,1.5
1783006656162,2026-07-02 17:37:36.162,C3:00:00:63:4D:0A,-60,127,1.5,2.5,1.5
1783006656194,2026-07-02 17:37:36.194,C3:00:00:63:4D:04,-64,127,1.5,2.5,1.5
1783006656198,2026-07-02 17:37:36.198,C3:00:00:63:4C:D2,-61,127,1.5,2.5,1.5
1783006656215,2026-07-02 17:37:36.215,C3:00:00:63:4D:07,-60,127,1.5,2.5,1.5
1783006656232,2026-07-02 17:37:36.232,C3:00:00:63:4D:05,-64,127,1.5,2.5,1.5
1783006656257,2026-07-02 17:37:36.257,C3:00:00:63:4D:0D,-55,127,1.5,2.5,1.5
1783006656278,2026-07-02 17:37:36.278,C3:00:00:63:4D:0A,-52,127,1.5,2.5,1.5
1783006656308,2026-07-02 17:37:36.308,C3:00:00:63:4D:04,-63,127,1.5,2.5,1.5
1783006656312,2026-07-02 17:37:36.312,C3:00:00:63:4D:08,-57,127,1.5,2.5,1.5
1783006656316,2026-07-02 17:37:36.316,C3:00:00:63:4C:D2,-63,127,1.5,2.5,1.5
1783006656330,2026-07-02 17:37:36.330,C3:00:00:63:4D:07,-56,127,1.5,2.5,1.5
1783006656341,2026-07-02 17:37:36.341,C3:00:00:63:4D:08,-60,127,1.5,2.5,1.5
1783006656347,2026-07-02 17:37:36.347,C3:00:00:63:4D:09,-62,127,1.5,2.5,1.5
1783006656353,2026-07-02 17:37:36.353,C3:00:00:63:4C:D2,-71,127,1.5,2.5,1.5
1783006656359,2026-07-02 17:37:36.359,C3:00:00:63:4D:05,-57,127,1.5,2.5,1.5
1783006656364,2026-07-02 17:37:36.364,C3:00:00:63:4D:0D,-59,127,1.5,2.5,1.5
1783006656382,2026-07-02 17:37:36.382,C3:00:00:63:4D:0A,-56,127,1.5,2.5,1.5
1783006656422,2026-07-02 17:37:36.422,C3:00:00:63:4C:D2,-62,127,1.5,2.5,1.5
1783006656446,2026-07-02 17:37:36.446,C3:00:00:63:4D:08,-55,127,1.5,2.5,1.5
1783006656457,2026-07-02 17:37:36.457,C3:00:00:63:4D:09,-60,127,1.5,2.5,1.5
1783006656474,2026-07-02 17:37:36.474,C3:00:00:63:4D:05,-60,127,1.5,2.5,1.5
1783006656497,2026-07-02 17:37:36.497,C3:00:00:63:4D:0A,-61,127,1.5,2.5,1.5
1783006656531,2026-07-02 17:37:36.531,C3:00:00:63:4D:04,-61,127,1.5,2.5,1.5
1783006656546,2026-07-02 17:37:36.546,C3:00:00:63:4C:D2,-73,127,1.5,2.5,1.5
1783006656556,2026-07-02 17:37:36.556,C3:00:00:63:4D:08,-57,127,1.5,2.5,1.5
1783006656564,2026-07-02 17:37:36.564,C3:00:00:63:4D:07,-60,127,1.5,2.5,1.5
1783006656574,2026-07-02 17:37:36.574,C3:00:00:63:4D:0D,-56,127,1.5,2.5,1.5
1783006656611,2026-07-02 17:37:36.611,C3:00:00:63:4D:09,-75,127,1.5,2.5,1.5
1783006656617,2026-07-02 17:37:36.617,C3:00:00:63:4D:0A,-52,127,1.5,2.5,1.5
1783006656634,2026-07-02 17:37:36.634,C3:00:00:63:4D:07,-56,127,1.5,2.5,1.5
1783006656663,2026-07-02 17:37:36.663,C3:00:00:63:4C:D2,-63,127,1.5,2.5,1.5
1783006656674,2026-07-02 17:37:36.674,C3:00:00:63:4D:0D,-59,127,1.5,2.5,1.5
1783006656697,2026-07-02 17:37:36.697,C3:00:00:63:4D:09,-62,127,1.5,2.5,1.5
1783006656725,2026-07-02 17:37:36.725,C3:00:00:63:4D:0A,-59,127,1.5,2.5,1.5
1783006656778,2026-07-02 17:37:36.778,C3:00:00:63:4C:D2,-64,127,1.5,2.5,1.5
1783006656785,2026-07-02 17:37:36.785,C3:00:00:63:4D:0D,-54,127,1.5,2.5,1.5
1783006656793,2026-07-02 17:37:36.793,C3:00:00:63:4D:0A,-59,127,1.5,2.5,1.5
1783006656795,2026-07-02 17:37:36.795,C3:00:00:63:4D:07,-53,127,1.5,2.5,1.5
1783006656804,2026-07-02 17:37:36.804,C3:00:00:63:4D:0D,-54,127,1.5,2.5,1.5
1783006656811,2026-07-02 17:37:36.811,C3:00:00:63:4D:09,-59,127,1.5,2.5,1.5
1783006656818,2026-07-02 17:37:36.818,C3:00:00:63:4D:05,-65,127,1.5,2.5,1.5
1783006656846,2026-07-02 17:37:36.846,C3:00:00:63:4D:0A,-53,127,1.5,2.5,1.5
1783006656850,2026-07-02 17:37:36.850,C3:00:00:63:4D:04,-61,127,1.5,2.5,1.5
1783006656853,2026-07-02 17:37:36.853,C3:00:00:63:4D:0D,-55,127,1.5,2.5,1.5
1783006656868,2026-07-02 17:37:36.868,C3:00:00:63:4D:09,-64,127,1.5,2.5,1.5
1783006656895,2026-07-02 17:37:36.895,C3:00:00:63:4D:08,-57,127,1.5,2.5,1.5
1783006656900,2026-07-02 17:37:36.900,C3:00:00:63:4D:0D,-55,127,1.5,2.5,1.5
1783006656907,2026-07-02 17:37:36.907,C3:00:00:63:4D:07,-58,127,1.5,2.5,1.5
1783006656917,2026-07-02 17:37:36.917,C3:00:00:63:4D:09,-61,127,1.5,2.5,1.5
1783006656950,2026-07-02 17:37:36.950,C3:00:00:63:4D:0A,-55,127,1.5,2.5,1.5
1783006656956,2026-07-02 17:37:36.956,C3:00:00:63:4D:04,-56,127,1.5,2.5,1.5
1783006657007,2026-07-02 17:37:37.007,C3:00:00:63:4C:D2,-62,127,1.5,2.5,1.5
1783006657018,2026-07-02 17:37:37.018,C3:00:00:63:4D:07,-56,127,1.5,2.5,1.5
1783006657038,2026-07-02 17:37:37.038,C3:00:00:63:4D:09,-60,127,1.5,2.5,1.5
1783006657043,2026-07-02 17:37:37.043,C3:00:00:63:4D:05,-62,127,1.5,2.5,1.5
1783006657066,2026-07-02 17:37:37.066,C3:00:00:63:4D:0A,-61,127,1.5,2.5,1.5
1783006657070,2026-07-02 17:37:37.070,C3:00:00:63:4D:04,-62,127,1.5,2.5,1.5
1783006657082,2026-07-02 17:37:37.082,C3:00:00:63:4D:09,-60,127,1.5,2.5,1.5
1783006657103,2026-07-02 17:37:37.103,C3:00:00:63:4D:0D,-54,127,1.5,2.5,1.5
1783006657108,2026-07-02 17:37:37.108,C3:00:00:63:4D:08,-55,127,1.5,2.5,1.5
1783006657141,2026-07-02 17:37:37.141,C3:00:00:63:4D:07,-59,127,1.5,2.5,1.5
1783006657150,2026-07-02 17:37:37.150,C3:00:00:63:4D:09,-67,127,1.5,2.5,1.5
1783006657157,2026-07-02 17:37:37.157,C3:00:00:63:4D:05,-65,127,1.5,2.5,1.5
1783006657174,2026-07-02 17:37:37.174,C3:00:00:63:4D:0A,-52,127,1.5,2.5,1.5
1783006657190,2026-07-02 17:37:37.190,C3:00:00:63:4D:04,-62,127,1.5,2.5,1.5
1783006657199,2026-07-02 17:37:37.199,C3:00:00:63:4D:0D,-56,127,1.5,2.5,1.5
1783006657216,2026-07-02 17:37:37.216,C3:00:00:63:4D:08,-57,127,1.5,2.5,1.5
1783006657219,2026-07-02 17:37:37.219,C3:00:00:63:4D:0A,-55,127,1.5,2.5,1.5
1783006657230,2026-07-02 17:37:37.230,C3:00:00:63:4C:D2,-64,127,1.5,2.5,1.5
1783006657263,2026-07-02 17:37:37.263,C3:00:00:63:4D:09,-62,127,1.5,2.5,1.5
1783006657273,2026-07-02 17:37:37.273,C3:00:00:63:4D:05,-59,127,1.5,2.5,1.5
1783006657291,2026-07-02 17:37:37.291,C3:00:00:63:4D:04,-57,127,1.5,2.5,1.5
1783006657298,2026-07-02 17:37:37.298,C3:00:00:63:4D:0A,-55,127,1.5,2.5,1.5
1783006657315,2026-07-02 17:37:37.315,C3:00:00:63:4D:0D,-59,127,1.5,2.5,1.5
1783006657320,2026-07-02 17:37:37.320,C3:00:00:63:4D:08,-55,127,1.5,2.5,1.5
1783006657333,2026-07-02 17:37:37.333,C3:00:00:63:4C:D2,-62,127,1.5,2.5,1.5
1783006657362,2026-07-02 17:37:37.362,C3:00:00:63:4C:D2,-61,127,1.5,2.5,1.5
1783006657369,2026-07-02 17:37:37.369,C3:00:00:63:4D:07,-54,127,1.5,2.5,1.5
1783006657372,2026-07-02 17:37:37.372,C3:00:00:63:4D:09,-60,127,1.5,2.5,1.5
1783006657407,2026-07-02 17:37:37.407,C3:00:00:63:4D:04,-62,127,1.5,2.5,1.5
1783006657413,2026-07-02 17:37:37.413,C3:00:00:63:4D:0A,-61,127,1.5,2.5,1.5
1783006657415,2026-07-02 17:37:37.415,C3:00:00:63:4D:0D,-56,127,1.5,2.5,1.5
1783006657426,2026-07-02 17:37:37.426,C3:00:00:63:4D:08,-58,127,1.5,2.5,1.5
1783006657463,2026-07-02 17:37:37.463,C3:00:00:63:4C:D2,-74,127,1.5,2.5,1.5
1783006657484,2026-07-02 17:37:37.484,C3:00:00:63:4D:07,-58,127,1.5,2.5,1.5
1783006657490,2026-07-02 17:37:37.490,C3:00:00:63:4D:09,-68,127,1.5,2.5,1.5
1783006657513,2026-07-02 17:37:37.513,C3:00:00:63:4D:05,-66,127,1.5,2.5,1.5
1783006657519,2026-07-02 17:37:37.519,C3:00:00:63:4D:04,-61,127,1.5,2.5,1.5
1783006657521,2026-07-02 17:37:37.521,C3:00:00:63:4D:0D,-58,127,1.5,2.5,1.5
1783006657530,2026-07-02 17:37:37.530,C3:00:00:63:4D:04,-58,127,1.5,2.5,1.5
1783006657539,2026-07-02 17:37:37.539,C3:00:00:63:4D:08,-60,127,1.5,2.5,1.5
1783006657549,2026-07-02 17:37:37.549,C3:00:00:63:4D:04,-58,127,1.5,2.5,1.5
1783006657596,2026-07-02 17:37:37.596,C3:00:00:63:4D:07,-56,127,1.5,2.5,1.5
1783006657600,2026-07-02 17:37:37.600,C3:00:00:63:4D:09,-62,127,1.5,2.5,1.5
1783006657615,2026-07-02 17:37:37.615,C3:00:00:63:4D:04,-57,127,1.5,2.5,1.5
1783006657626,2026-07-02 17:37:37.626,C3:00:00:63:4D:0A,-61,127,1.5,2.5,1.5
1783006657648,2026-07-02 17:37:37.648,C3:00:00:63:4D:08,-54,127,1.5,2.5,1.5
1783006657690,2026-07-02 17:37:37.690,C3:00:00:63:4C:D2,-61,127,1.5,2.5,1.5
1783006657718,2026-07-02 17:37:37.718,C3:00:00:63:4D:09,-65,127,1.5,2.5,1.5
1783006657726,2026-07-02 17:37:37.726,C3:00:00:63:4D:04,-60,127,1.5,2.5,1.5
1783006657741,2026-07-02 17:37:37.741,C3:00:00:63:4D:05,-63,127,1.5,2.5,1.5
1783006657742,2026-07-02 17:37:37.742,C3:00:00:63:4D:0D,-54,127,1.5,2.5,1.5
1783006657744,2026-07-02 17:37:37.744,C3:00:00:63:4D:0A,-52,127,1.5,2.5,1.5
1783006657807,2026-07-02 17:37:37.807,C3:00:00:63:4C:D2,-73,127,1.5,2.5,1.5
1783006657824,2026-07-02 17:37:37.824,C3:00:00:63:4D:07,-58,127,1.5,2.5,1.5
1783006657841,2026-07-02 17:37:37.841,C3:00:00:63:4D:0D,-60,127,1.5,2.5,1.5
1783006657847,2026-07-02 17:37:37.847,C3:00:00:63:4D:05,-58,127,1.5,2.5,1.5
1783006657863,2026-07-02 17:37:37.863,C3:00:00:63:4D:0A,-55,127,1.5,2.5,1.5
1783006657872,2026-07-02 17:37:37.872,C3:00:00:63:4D:0D,-60,127,1.5,2.5,1.5
1783006657877,2026-07-02 17:37:37.877,C3:00:00:63:4D:08,-63,127,1.5,2.5,1.5
1783006657880,2026-07-02 17:37:37.880,C3:00:00:63:4D:0A,-55,127,1.5,2.5,1.5
1783006657930,2026-07-02 17:37:37.930,C3:00:00:63:4C:D2,-61,127,1.5,2.5,1.5
1783006657936,2026-07-02 17:37:37.936,C3:00:00:63:4D:0D,-54,127,1.5,2.5,1.5
1783006657942,2026-07-02 17:37:37.942,C3:00:00:63:4D:07,-54,127,1.5,2.5,1.5
1783006657949,2026-07-02 17:37:37.949,C3:00:00:63:4D:04,-61,127,1.5,2.5,1.5
1783006657951,2026-07-02 17:37:37.951,C3:00:00:63:4D:09,-58,127,1.5,2.5,1.5
1783006657959,2026-07-02 17:37:37.959,C3:00:00:63:4D:05,-63,127,1.5,2.5,1.5
1783006657970,2026-07-02 17:37:37.970,C3:00:00:63:4D:08,-54,127,1.5,2.5,1.5
1783006657986,2026-07-02 17:37:37.986,C3:00:00:63:4D:07,-54,127,1.5,2.5,1.5
1783006658018,2026-07-02 17:37:38.018,C3:00:00:63:4D:07,-56,127,1.5,2.5,1.5
1783006658039,2026-07-02 17:37:38.039,C3:00:00:63:4C:D2,-71,127,1.5,2.5,1.5
1783006658045,2026-07-02 17:37:38.045,C3:00:00:63:4D:0D,-54,127,1.5,2.5,1.5
1783006658055,2026-07-02 17:37:38.055,C3:00:00:63:4D:07,-56,127,1.5,2.5,1.5
1783006658083,2026-07-02 17:37:38.083,C3:00:00:63:4D:0A,-52,127,1.5,2.5,1.5
1783006658089,2026-07-02 17:37:38.089,C3:00:00:63:4D:08,-57,127,1.5,2.5,1.5
1783006658151,2026-07-02 17:37:38.151,C3:00:00:63:4D:0D,-60,127,1.5,2.5,1.5
1783006658157,2026-07-02 17:37:38.157,C3:00:00:63:4C:D2,-65,127,1.5,2.5,1.5
1783006658175,2026-07-02 17:37:38.175,C3:00:00:63:4D:04,-57,127,1.5,2.5,1.5
1783006658189,2026-07-02 17:37:38.189,C3:00:00:63:4D:0A,-55,127,1.5,2.5,1.5
1783006658193,2026-07-02 17:37:38.193,C3:00:00:63:4D:05,-58,127,1.5,2.5,1.5
1783006658256,2026-07-02 17:37:38.256,C3:00:00:63:4D:0D,-54,127,1.5,2.5,1.5
1783006658306,2026-07-02 17:37:38.306,C3:00:00:63:4D:05,-64,127,1.5,2.5,1.5
1783006658329,2026-07-02 17:37:38.329,C3:00:00:63:4D:08,-57,127,1.5,2.5,1.5
1783006658356,2026-07-02 17:37:38.356,C3:00:00:63:4D:0D,-55,127,1.5,2.5,1.5
1783006658380,2026-07-02 17:37:38.380,C3:00:00:63:4C:D2,-73,127,1.5,2.5,1.5
1783006658386,2026-07-02 17:37:38.386,C3:00:00:63:4D:04,-61,127,1.5,2.5,1.5
1783006658396,2026-07-02 17:37:38.396,C3:00:00:63:4D:07,-58,127,1.5,2.5,1.5
1783006658400,2026-07-02 17:37:38.400,C3:00:00:63:4D:09,-69,127,1.5,2.5,1.5
1783006658407,2026-07-02 17:37:38.407,C3:00:00:63:4D:08,-57,127,1.5,2.5,1.5
1783006658417,2026-07-02 17:37:38.417,C3:00:00:63:4D:05,-59,127,1.5,2.5,1.5
1783006658424,2026-07-02 17:37:38.424,C3:00:00:63:4D:0A,-55,127,1.5,2.5,1.5
1783006658442,2026-07-02 17:37:38.442,C3:00:00:63:4D:09,-62,127,1.5,2.5,1.5
1783006658466,2026-07-02 17:37:38.466,C3:00:00:63:4D:0D,-60,127,1.5,2.5,1.5
1783006658485,2026-07-02 17:37:38.485,C3:00:00:63:4D:04,-57,127,1.5,2.5,1.5
1783006658498,2026-07-02 17:37:38.498,C3:00:00:63:4C:D2,-63,127,1.5,2.5,1.5
1783006658513,2026-07-02 17:37:38.513,C3:00:00:63:4D:07,-56,127,1.5,2.5,1.5
1783006658520,2026-07-02 17:37:38.520,C3:00:00:63:4D:09,-62,127,1.5,2.5,1.5
1783006658524,2026-07-02 17:37:38.524,C3:00:00:63:4D:08,-54,127,1.5,2.5,1.5
1783006658530,2026-07-02 17:37:38.530,C3:00:00:63:4D:0A,-61,127,1.5,2.5,1.5
1783006658541,2026-07-02 17:37:38.541,C3:00:00:63:4D:05,-64,127,1.5,2.5,1.5
1783006658564,2026-07-02 17:37:38.564,C3:00:00:63:4D:0D,-54,127,1.5,2.5,1.5
1783006658601,2026-07-02 17:37:38.601,C3:00:00:63:4D:04,-62,127,1.5,2.5,1.5
1783006658623,2026-07-02 17:37:38.623,C3:00:00:63:4C:D2,-74,127,1.5,2.5,1.5
1783006658631,2026-07-02 17:37:38.631,C3:00:00:63:4D:07,-58,127,1.5,2.5,1.5
1783006658641,2026-07-02 17:37:38.641,C3:00:00:63:4D:09,-69,127,1.5,2.5,1.5
1783006658653,2026-07-02 17:37:38.653,C3:00:00:63:4D:0A,-51,127,1.5,2.5,1.5
1783006658657,2026-07-02 17:37:38.657,C3:00:00:63:4D:07,-59,127,1.5,2.5,1.5
1783006658664,2026-07-02 17:37:38.664,C3:00:00:63:4D:05,-64,127,1.5,2.5,1.5
1783006658667,2026-07-02 17:37:38.667,C3:00:00:63:4D:0D,-55,127,1.5,2.5,1.5
1783006658711,2026-07-02 17:37:38.711,C3:00:00:63:4D:04,-61,127,1.5,2.5,1.5
1783006658746,2026-07-02 17:37:38.746,C3:00:00:63:4D:09,-62,127,1.5,2.5,1.5
1783006658750,2026-07-02 17:37:38.750,C3:00:00:63:4D:07,-56,127,1.5,2.5,1.5
1783006658755,2026-07-02 17:37:38.755,C3:00:00:63:4D:08,-61,127,1.5,2.5,1.5
1783006658763,2026-07-02 17:37:38.763,C3:00:00:63:4D:0A,-55,127,1.5,2.5,1.5
1783006658765,2026-07-02 17:37:38.765,C3:00:00:63:4D:05,-59,127,1.5,2.5,1.5
1783006658773,2026-07-02 17:37:38.773,C3:00:00:63:4D:0D,-60,127,1.5,2.5,1.5
1783006658775,2026-07-02 17:37:38.775,C3:00:00:63:4D:08,-69,127,1.5,2.5,1.5
1783006658809,2026-07-02 17:37:38.809,C3:00:00:63:4D:0D,-60,127,1.5,2.5,1.5
1783006658811,2026-07-02 17:37:38.811,C3:00:00:63:4D:04,-57,127,1.5,2.5,1.5
1783006658820,2026-07-02 17:37:38.820,C3:00:00:63:4D:05,-72,127,1.5,2.5,1.5
1783006658840,2026-07-02 17:37:38.840,C3:00:00:63:4C:D2,-61,127,1.5,2.5,1.5
1783006658857,2026-07-02 17:37:38.857,C3:00:00:63:4D:08,-54,127,1.5,2.5,1.5
1783006658865,2026-07-02 17:37:38.865,C3:00:00:63:4D:09,-59,127,1.5,2.5,1.5
1783006658870,2026-07-02 17:37:38.870,C3:00:00:63:4D:07,-54,127,1.5,2.5,1.5
1783006658872,2026-07-02 17:37:38.872,C3:00:00:63:4D:0A,-61,127,1.5,2.5,1.5
1783006658878,2026-07-02 17:37:38.878,C3:00:00:63:4D:0D,-54,127,1.5,2.5,1.5
1783006658881,2026-07-02 17:37:38.881,C3:00:00:63:4D:05,-65,127,1.5,2.5,1.5
1783006658923,2026-07-02 17:37:38.923,C3:00:00:63:4D:04,-62,127,1.5,2.5,1.5
1783006658954,2026-07-02 17:37:38.954,C3:00:00:63:4D:08,-58,127,1.5,2.5,1.5
1783006658962,2026-07-02 17:37:38.962,C3:00:00:63:4C:D2,-74,127,1.5,2.5,1.5
1783006658980,2026-07-02 17:37:38.980,C3:00:00:63:4D:07,-58,127,1.5,2.5,1.5
1783006658988,2026-07-02 17:37:38.988,C3:00:00:63:4D:09,-68,127,1.5,2.5,1.5
1783006658992,2026-07-02 17:37:38.992,C3:00:00:63:4D:0A,-51,127,1.5,2.5,1.5
1783006658995,2026-07-02 17:37:38.995,C3:00:00:63:4D:0D,-55,127,1.5,2.5,1.5
1783006658998,2026-07-02 17:37:38.998,C3:00:00:63:4D:05,-64,127,1.5,2.5,1.5
1783006659024,2026-07-02 17:37:39.024,C3:00:00:63:4D:04,-57,127,1.5,2.5,1.5
1783006659064,2026-07-02 17:37:39.064,C3:00:00:63:4D:08,-60,127,1.5,2.5,1.5
1783006659074,2026-07-02 17:37:39.074,C3:00:00:63:4C:D2,-66,127,1.5,2.5,1.5
1783006659091,2026-07-02 17:37:39.091,C3:00:00:63:4D:07,-58,127,1.5,2.5,1.5
1783006659094,2026-07-02 17:37:39.094,C3:00:00:63:4D:09,-62,127,1.5,2.5,1.5
1783006659099,2026-07-02 17:37:39.099,C3:00:00:63:4D:0D,-60,127,1.5,2.5,1.5
1783006659105,2026-07-02 17:37:39.105,C3:00:00:63:4D:05,-58,127,1.5,2.5,1.5
1783006659110,2026-07-02 17:37:39.110,C3:00:00:63:4D:09,-62,127,1.5,2.5,1.5
1783006659131,2026-07-02 17:37:39.131,C3:00:00:63:4D:05,-63,127,1.5,2.5,1.5
1783006659147,2026-07-02 17:37:39.147,C3:00:00:63:4D:04,-61,127,1.5,2.5,1.5
1783006659182,2026-07-02 17:37:39.182,C3:00:00:63:4D:08,-54,127,1.5,2.5,1.5
1783006659188,2026-07-02 17:37:39.188,C3:00:00:63:4C:D2,-61,127,1.5,2.5,1.5
1783006659205,2026-07-02 17:37:39.205,C3:00:00:63:4D:0D,-54,127,1.5,2.5,1.5
1783006659214,2026-07-02 17:37:39.214,C3:00:00:63:4D:09,-58,127,1.5,2.5,1.5
1783006659217,2026-07-02 17:37:39.217,C3:00:00:63:4D:07,-54,127,1.5,2.5,1.5
1783006659224,2026-07-02 17:37:39.224,C3:00:00:63:4D:0A,-61,127,1.5,2.5,1.5
1783006659226,2026-07-02 17:37:39.226,C3:00:00:63:4D:0A,-52,127,1.5,2.5,1.5
1783006659228,2026-07-02 17:37:39.228,C3:00:00:63:4D:05,-62,127,1.5,2.5,1.5
1783006659249,2026-07-02 17:37:39.249,C3:00:00:63:4D:04,-60,127,1.5,2.5,1.5
1783006659281,2026-07-02 17:37:39.281,C3:00:00:63:4D:08,-56,127,1.5,2.5,1.5
1783006659308,2026-07-02 17:37:39.308,C3:00:00:63:4D:0D,-54,127,1.5,2.5,1.5
1783006659314,2026-07-02 17:37:39.314,C3:00:00:63:4D:09,-65,127,1.5,2.5,1.5
1783006659323,2026-07-02 17:37:39.323,C3:00:00:63:4D:0A,-56,127,1.5,2.5,1.5
1783006659345,2026-07-02 17:37:39.345,C3:00:00:63:4D:05,-58,127,1.5,2.5,1.5
1783006659394,2026-07-02 17:37:39.394,C3:00:00:63:4D:08,-63,127,1.5,2.5,1.5
1783006659423,2026-07-02 17:37:39.423,C3:00:00:63:4D:0D,-60,127,1.5,2.5,1.5
1783006659431,2026-07-02 17:37:39.431,C3:00:00:63:4C:D2,-61,127,1.5,2.5,1.5
1783006659433,2026-07-02 17:37:39.433,C3:00:00:63:4D:09,-59,127,1.5,2.5,1.5
1783006659435,2026-07-02 17:37:39.435,C3:00:00:63:4D:07,-54,127,1.5,2.5,1.5
1783006659439,2026-07-02 17:37:39.439,C3:00:00:63:4D:0A,-60,127,1.5,2.5,1.5
1783006659453,2026-07-02 17:37:39.453,C3:00:00:63:4D:05,-64,127,1.5,2.5,1.5
1783006659470,2026-07-02 17:37:39.470,C3:00:00:63:4D:04,-61,127,1.5,2.5,1.5
1783006659506,2026-07-02 17:37:39.506,C3:00:00:63:4D:08,-54,127,1.5,2.5,1.5
1783006659571,2026-07-02 17:37:39.571,C3:00:00:63:4D:05,-62,127,1.5,2.5,1.5
1783006659579,2026-07-02 17:37:39.579,C3:00:00:63:4D:04,-68,127,1.5,2.5,1.5
1783006659612,2026-07-02 17:37:39.612,C3:00:00:63:4D:04,-60,127,1.5,2.5,1.5
1783006659618,2026-07-02 17:37:39.618,C3:00:00:63:4D:08,-56,127,1.5,2.5,1.5
1783006659623,2026-07-02 17:37:39.623,C3:00:00:63:4D:0D,-60,127,1.5,2.5,1.5
1783006659637,2026-07-02 17:37:39.637,C3:00:00:63:4D:05,-58,127,1.5,2.5,1.5
1783006659649,2026-07-02 17:37:39.649,C3:00:00:63:4C:D2,-65,127,1.5,2.5,1.5
1783006659654,2026-07-02 17:37:39.654,C3:00:00:63:4D:09,-62,127,1.5,2.5,1.5
1783006659665,2026-07-02 17:37:39.665,C3:00:00:63:4D:07,-58,127,1.5,2.5,1.5
1783006659671,2026-07-02 17:37:39.671,C3:00:00:63:4D:0A,-55,127,1.5,2.5,1.5
1783006659682,2026-07-02 17:37:39.682,C3:00:00:63:4D:05,-58,127,1.5,2.5,1.5
1783006659685,2026-07-02 17:37:39.685,C3:00:00:63:4D:04,-58,127,1.5,2.5,1.5
1783006659723,2026-07-02 17:37:39.723,C3:00:00:63:4D:08,-54,127,1.5,2.5,1.5
1783006659726,2026-07-02 17:37:39.726,C3:00:00:63:4D:0D,-54,127,1.5,2.5,1.5
1783006659750,2026-07-02 17:37:39.750,C3:00:00:63:4C:D2,-61,127,1.5,2.5,1.5
1783006659772,2026-07-02 17:37:39.772,C3:00:00:63:4D:09,-59,127,1.5,2.5,1.5
1783006659780,2026-07-02 17:37:39.780,C3:00:00:63:4D:07,-54,127,1.5,2.5,1.5
1783006659785,2026-07-02 17:37:39.785,C3:00:00:63:4D:0A,-60,127,1.5,2.5,1.5
1783006659796,2026-07-02 17:37:39.796,C3:00:00:63:4D:05,-64,127,1.5,2.5,1.5
1783006659810,2026-07-02 17:37:39.810,C3:00:00:63:4D:04,-61,127,1.5,2.5,1.5
1783006659814,2026-07-02 17:37:39.814,C3:00:00:63:4C:D2,-61,127,1.5,2.5,1.5
1783006659834,2026-07-02 17:37:39.834,C3:00:00:63:4D:08,-56,127,1.5,2.5,1.5
1783006659837,2026-07-02 17:37:39.837,C3:00:00:63:4D:0D,-54,127,1.5,2.5,1.5
1783006659845,2026-07-02 17:37:39.845,C3:00:00:63:4D:08,-56,127,1.5,2.5,1.5
1783006659851,2026-07-02 17:37:39.851,C3:00:00:63:4D:0A,-52,127,1.5,2.5,1.5
1783006659875,2026-07-02 17:37:39.875,C3:00:00:63:4C:D2,-71,127,1.5,2.5,1.5
1783006659895,2026-07-02 17:37:39.895,C3:00:00:63:4D:0A,-52,127,1.5,2.5,1.5
1783006659901,2026-07-02 17:37:39.901,C3:00:00:63:4D:07,-56,127,1.5,2.5,1.5
1783006659920,2026-07-02 17:37:39.920,C3:00:00:63:4D:05,-58,127,1.5,2.5,1.5
1783006659937,2026-07-02 17:37:39.937,C3:00:00:63:4D:0D,-61,127,1.5,2.5,1.5
1783006659959,2026-07-02 17:37:39.959,C3:00:00:63:4D:0D,-69,127,1.5,2.5,1.5
1783006659991,2026-07-02 17:37:39.991,C3:00:00:63:4D:07,-58,127,1.5,2.5,1.5
1783006659996,2026-07-02 17:37:39.996,C3:00:00:63:4D:09,-62,127,1.5,2.5,1.5
1783006660000,2026-07-02 17:37:40.000,C3:00:00:63:4C:D2,-66,127,1.5,2.5,1.5
1783006660005,2026-07-02 17:37:40.005,C3:00:00:63:4D:04,-58,127,1.5,2.5,1.5
1783006660013,2026-07-02 17:37:40.013,C3:00:00:63:4D:07,-58,127,1.5,2.5,1.5
1783006660022,2026-07-02 17:37:40.022,C3:00:00:63:4D:05,-63,127,1.5,2.5,1.5
1783006660033,2026-07-02 17:37:40.033,C3:00:00:63:4D:0D,-54,127,1.5,2.5,1.5
1783006660044,2026-07-02 17:37:40.044,C3:00:00:63:4D:08,-54,127,1.5,2.5,1.5
1783006660086,2026-07-02 17:37:40.086,C3:00:00:63:4D:0A,-68,127,1.5,2.5,1.5
1783006660114,2026-07-02 17:37:40.114,C3:00:00:63:4C:D2,-61,127,1.5,2.5,1.5
1783006660132,2026-07-02 17:37:40.132,C3:00:00:63:4D:09,-65,127,1.5,2.5,1.5
1783006660134,2026-07-02 17:37:40.134,C3:00:00:63:4D:0A,-52,127,1.5,2.5,1.5
1783006660137,2026-07-02 17:37:40.137,C3:00:00:63:4D:07,-59,127,1.5,2.5,1.5
1783006660139,2026-07-02 17:37:40.139,C3:00:00:63:4D:0D,-55,127,1.5,2.5,1.5
1783006660147,2026-07-02 17:37:40.147,C3:00:00:63:4D:05,-65,127,1.5,2.5,1.5
1783006660160,2026-07-02 17:37:40.160,C3:00:00:63:4D:08,-57,127,1.5,2.5,1.5
1783006660226,2026-07-02 17:37:40.226,C3:00:00:63:4C:D2,-63,127,1.5,2.5,1.5
1783006660233,2026-07-02 17:37:40.233,C3:00:00:63:4D:09,-62,127,1.5,2.5,1.5
1783006660238,2026-07-02 17:37:40.238,C3:00:00:63:4D:04,-57,127,1.5,2.5,1.5
1783006660260,2026-07-02 17:37:40.260,C3:00:00:63:4D:08,-60,127,1.5,2.5,1.5
1783006660267,2026-07-02 17:37:40.267,C3:00:00:63:4D:05,-58,127,1.5,2.5,1.5
1783006660336,2026-07-02 17:37:40.336,C3:00:00:63:4C:D2,-61,127,1.5,2.5,1.5
1783006660342,2026-07-02 17:37:40.342,C3:00:00:63:4D:09,-59,127,1.5,2.5,1.5
1783006660348,2026-07-02 17:37:40.348,C3:00:00:63:4D:08,-54,127,1.5,2.5,1.5
1783006660355,2026-07-02 17:37:40.355,C3:00:00:63:4D:0A,-61,127,1.5,2.5,1.5
1783006660362,2026-07-02 17:37:40.362,C3:00:00:63:4D:04,-62,127,1.5,2.5,1.5
1783006660364,2026-07-02 17:37:40.364,C3:00:00:63:4D:07,-54,127,1.5,2.5,1.5
1783006660374,2026-07-02 17:37:40.374,C3:00:00:63:4C:D2,-68,127,1.5,2.5,1.5
1783006660375,2026-07-02 17:37:40.375,C3:00:00:63:4D:08,-54,127,1.5,2.5,1.5
1783006660381,2026-07-02 17:37:40.381,C3:00:00:63:4D:05,-64,127,1.5,2.5,1.5
1783006660459,2026-07-02 17:37:40.459,C3:00:00:63:4D:0D,-55,127,1.5,2.5,1.5
1783006660471,2026-07-02 17:37:40.471,C3:00:00:63:4D:07,-59,127,1.5,2.5,1.5
1783006660492,2026-07-02 17:37:40.492,C3:00:00:63:4D:08,-57,127,1.5,2.5,1.5
1783006660495,2026-07-02 17:37:40.495,C3:00:00:63:4D:05,-65,127,1.5,2.5,1.5
1783006660559,2026-07-02 17:37:40.559,C3:00:00:63:4D:0D,-60,127,1.5,2.5,1.5
1783006660565,2026-07-02 17:37:40.565,C3:00:00:63:4D:04,-57,127,1.5,2.5,1.5
1783006660569,2026-07-02 17:37:40.569,C3:00:00:63:4D:0A,-55,127,1.5,2.5,1.5
1783006660589,2026-07-02 17:37:40.589,C3:00:00:63:4D:07,-56,127,1.5,2.5,1.5
1783006660595,2026-07-02 17:37:40.595,C3:00:00:63:4D:08,-60,127,1.5,2.5,1.5
1783006660607,2026-07-02 17:37:40.607,C3:00:00:63:4D:05,-58,127,1.5,2.5,1.5
1783006660666,2026-07-02 17:37:40.666,C3:00:00:63:4D:07,-54,127,1.5,2.5,1.5
1783006660671,2026-07-02 17:37:40.671,C3:00:00:63:4D:0D,-54,127,1.5,2.5,1.5
1783006660676,2026-07-02 17:37:40.676,C3:00:00:63:4D:04,-63,127,1.5,2.5,1.5
1783006660681,2026-07-02 17:37:40.681,C3:00:00:63:4D:09,-59,127,1.5,2.5,1.5
1783006660688,2026-07-02 17:37:40.688,C3:00:00:63:4D:0A,-61,127,1.5,2.5,1.5
1783006660691,2026-07-02 17:37:40.691,C3:00:00:63:4C:D2,-61,127,1.5,2.5,1.5
1783006660700,2026-07-02 17:37:40.700,C3:00:00:63:4D:07,-54,127,1.5,2.5,1.5
1783006660704,2026-07-02 17:37:40.704,C3:00:00:63:4D:08,-54,127,1.5,2.5,1.5
1783006660721,2026-07-02 17:37:40.721,C3:00:00:63:4D:05,-65,127,1.5,2.5,1.5
1783006660776,2026-07-02 17:37:40.776,C3:00:00:63:4D:0D,-55,127,1.5,2.5,1.5
1783006660779,2026-07-02 17:37:40.779,C3:00:00:63:4D:04,-61,127,1.5,2.5,1.5
1783006660789,2026-07-02 17:37:40.789,C3:00:00:63:4D:0A,-52,127,1.5,2.5,1.5
1783006660804,2026-07-02 17:37:40.804,C3:00:00:63:4D:09,-69,127,1.5,2.5,1.5
1783006660811,2026-07-02 17:37:40.811,C3:00:00:63:4C:D2,-71,127,1.5,2.5,1.5
1783006660814,2026-07-02 17:37:40.814,C3:00:00:63:4D:08,-57,127,1.5,2.5,1.5
1783006660820,2026-07-02 17:37:40.820,C3:00:00:63:4D:0A,-52,127,1.5,2.5,1.5
1783006660823,2026-07-02 17:37:40.823,C3:00:00:63:4D:07,-60,127,1.5,2.5,1.5
1783006660824,2026-07-02 17:37:40.824,C3:00:00:63:4D:0D,-61,127,1.5,2.5,1.5
1783006660864,2026-07-02 17:37:40.864,C3:00:00:63:4D:0D,-60,127,1.5,2.5,1.5
1783006660868,2026-07-02 17:37:40.868,C3:00:00:63:4D:09,-62,127,1.5,2.5,1.5
1783006660885,2026-07-02 17:37:40.885,C3:00:00:63:4D:0D,-60,127,1.5,2.5,1.5
1783006660892,2026-07-02 17:37:40.892,C3:00:00:63:4D:04,-56,127,1.5,2.5,1.5
1783006660908,2026-07-02 17:37:40.908,C3:00:00:63:4D:0A,-55,127,1.5,2.5,1.5
1783006660911,2026-07-02 17:37:40.911,C3:00:00:63:4D:09,-62,127,1.5,2.5,1.5
1783006660920,2026-07-02 17:37:40.920,C3:00:00:63:4C:D2,-62,127,1.5,2.5,1.5
1783006660922,2026-07-02 17:37:40.922,C3:00:00:63:4D:08,-54,127,1.5,2.5,1.5
1783006660928,2026-07-02 17:37:40.928,C3:00:00:63:4D:07,-54,127,1.5,2.5,1.5
1783006660952,2026-07-02 17:37:40.952,C3:00:00:63:4D:05,-62,127,1.5,2.5,1.5
1783006660987,2026-07-02 17:37:40.987,C3:00:00:63:4D:0D,-54,127,1.5,2.5,1.5
1783006660992,2026-07-02 17:37:40.992,C3:00:00:63:4D:04,-63,127,1.5,2.5,1.5
1783006661023,2026-07-02 17:37:41.023,C3:00:00:63:4D:0A,-52,127,1.5,2.5,1.5
1783006661029,2026-07-02 17:37:41.029,C3:00:00:63:4D:08,-57,127,1.5,2.5,1.5
1783006661047,2026-07-02 17:37:41.047,C3:00:00:63:4D:09,-68,127,1.5,2.5,1.5
1783006661052,2026-07-02 17:37:41.052,C3:00:00:63:4C:D2,-70,127,1.5,2.5,1.5
1783006661058,2026-07-02 17:37:41.058,C3:00:00:63:4D:07,-60,127,1.5,2.5,1.5
1783006661069,2026-07-02 17:37:41.069,C3:00:00:63:4D:05,-68,127,1.5,2.5,1.5
1783006661086,2026-07-02 17:37:41.086,C3:00:00:63:4D:0D,-55,127,1.5,2.5,1.5
1783006661104,2026-07-02 17:37:41.104,C3:00:00:63:4D:09,-68,127,1.5,2.5,1.5
1783006661108,2026-07-02 17:37:41.108,C3:00:00:63:4D:05,-69,127,1.5,2.5,1.5
1783006661113,2026-07-02 17:37:41.113,C3:00:00:63:4D:04,-62,127,1.5,2.5,1.5
1783006661132,2026-07-02 17:37:41.132,C3:00:00:63:4D:0A,-55,127,1.5,2.5,1.5
1783006661138,2026-07-02 17:37:41.138,C3:00:00:63:4C:D2,-63,127,1.5,2.5,1.5
1783006661145,2026-07-02 17:37:41.145,C3:00:00:63:4D:08,-60,127,1.5,2.5,1.5
1783006661153,2026-07-02 17:37:41.153,C3:00:00:63:4D:07,-56,127,1.5,2.5,1.5
1783006661190,2026-07-02 17:37:41.190,C3:00:00:63:4D:05,-58,127,1.5,2.5,1.5
1783006661192,2026-07-02 17:37:41.192,C3:00:00:63:4D:0D,-60,127,1.5,2.5,1.5
1783006661215,2026-07-02 17:37:41.215,C3:00:00:63:4D:04,-63,127,1.5,2.5,1.5
1783006661222,2026-07-02 17:37:41.222,C3:00:00:63:4D:0A,-60,127,1.5,2.5,1.5
1783006661245,2026-07-02 17:37:41.245,C3:00:00:63:4D:08,-54,127,1.5,2.5,1.5
1783006661255,2026-07-02 17:37:41.255,C3:00:00:63:4C:D2,-64,127,1.5,2.5,1.5
1783006661262,2026-07-02 17:37:41.262,C3:00:00:63:4D:09,-60,127,1.5,2.5,1.5
1783006661272,2026-07-02 17:37:41.272,C3:00:00:63:4D:07,-54,127,1.5,2.5,1.5
1783006661291,2026-07-02 17:37:41.291,C3:00:00:63:4D:05,-61,127,1.5,2.5,1.5
1783006661297,2026-07-02 17:37:41.297,C3:00:00:63:4D:0D,-54,127,1.5,2.5,1.5
1783006661328,2026-07-02 17:37:41.328,C3:00:00:63:4D:04,-61,127,1.5,2.5,1.5
1783006661350,2026-07-02 17:37:41.350,C3:00:00:63:4C:D2,-69,127,1.5,2.5,1.5
1783006661362,2026-07-02 17:37:41.362,C3:00:00:63:4D:08,-57,127,1.5,2.5,1.5
1783006661364,2026-07-02 17:37:41.364,C3:00:00:63:4D:0A,-52,127,1.5,2.5,1.5
1783006661371,2026-07-02 17:37:41.371,C3:00:00:63:4D:09,-69,127,1.5,2.5,1.5
1783006661372,2026-07-02 17:37:41.372,C3:00:00:63:4D:07,-67,127,1.5,2.5,1.5
1783006661376,2026-07-02 17:37:41.376,C3:00:00:63:4C:D2,-68,127,1.5,2.5,1.5
1783006661389,2026-07-02 17:37:41.389,C3:00:00:63:4D:07,-60,127,1.5,2.5,1.5
1783006661394,2026-07-02 17:37:41.394,C3:00:00:63:4D:0D,-55,127,1.5,2.5,1.5
1783006661410,2026-07-02 17:37:41.410,C3:00:00:63:4D:05,-68,127,1.5,2.5,1.5
1783006661425,2026-07-02 17:37:41.425,C3:00:00:63:4D:04,-56,127,1.5,2.5,1.5
1783006661458,2026-07-02 17:37:41.458,C3:00:00:63:4D:08,-59,127,1.5,2.5,1.5
1783006661471,2026-07-02 17:37:41.471,C3:00:00:63:4D:0A,-55,127,1.5,2.5,1.5
1783006661477,2026-07-02 17:37:41.477,C3:00:00:63:4D:09,-63,127,1.5,2.5,1.5
1783006661484,2026-07-02 17:37:41.484,C3:00:00:63:4C:D2,-63,127,1.5,2.5,1.5
1783006661503,2026-07-02 17:37:41.503,C3:00:00:63:4D:0D,-60,127,1.5,2.5,1.5
1783006661522,2026-07-02 17:37:41.522,C3:00:00:63:4D:05,-62,127,1.5,2.5,1.5
1783006661538,2026-07-02 17:37:41.538,C3:00:00:63:4D:04,-63,127,1.5,2.5,1.5
1783006661559,2026-07-02 17:37:41.559,C3:00:00:63:4D:04,-63,127,1.5,2.5,1.5
1783006661575,2026-07-02 17:37:41.575,C3:00:00:63:4D:08,-54,127,1.5,2.5,1.5
1783006661583,2026-07-02 17:37:41.583,C3:00:00:63:4D:04,-63,127,1.5,2.5,1.5
1783006661585,2026-07-02 17:37:41.585,C3:00:00:63:4D:0A,-60,127,1.5,2.5,1.5
1783006661589,2026-07-02 17:37:41.589,C3:00:00:63:4D:09,-60,127,1.5,2.5,1.5
1783006661644,2026-07-02 17:37:41.644,C3:00:00:63:4D:05,-68,127,1.5,2.5,1.5
1783006661649,2026-07-02 17:37:41.649,C3:00:00:63:4D:04,-62,127,1.5,2.5,1.5
1783006661659,2026-07-02 17:37:41.659,C3:00:00:63:4D:05,-67,127,1.5,2.5,1.5
1783006661676,2026-07-02 17:37:41.676,C3:00:00:63:4D:08,-57,127,1.5,2.5,1.5
1783006661705,2026-07-02 17:37:41.705,C3:00:00:63:4D:0A,-52,127,1.5,2.5,1.5
1783006661710,2026-07-02 17:37:41.710,C3:00:00:63:4D:09,-69,127,1.5,2.5,1.5
1783006661719,2026-07-02 17:37:41.719,C3:00:00:63:4D:0D,-59,127,1.5,2.5,1.5
1783006661730,2026-07-02 17:37:41.730,C3:00:00:63:4D:07,-56,127,1.5,2.5,1.5
1783006661751,2026-07-02 17:37:41.751,C3:00:00:63:4D:05,-58,127,1.5,2.5,1.5
1783006661754,2026-07-02 17:37:41.754,C3:00:00:63:4C:D2,-63,127,1.5,2.5,1.5
1783006661758,2026-07-02 17:37:41.758,C3:00:00:63:4D:04,-56,127,1.5,2.5,1.5
1783006661788,2026-07-02 17:37:41.788,C3:00:00:63:4D:08,-59,127,1.5,2.5,1.5
1783006661805,2026-07-02 17:37:41.805,C3:00:00:63:4D:0A,-56,127,1.5,2.5,1.5
1783006661810,2026-07-02 17:37:41.810,C3:00:00:63:4C:D2,-63,127,1.5,2.5,1.5
1783006661818,2026-07-02 17:37:41.818,C3:00:00:63:4D:09,-60,127,1.5,2.5,1.5
1783006661827,2026-07-02 17:37:41.827,C3:00:00:63:4C:D2,-63,127,1.5,2.5,1.5
1783006661841,2026-07-02 17:37:41.841,C3:00:00:63:4D:08,-54,127,1.5,2.5,1.5
1783006661856,2026-07-02 17:37:41.856,C3:00:00:63:4D:0A,-60,127,1.5,2.5,1.5
1783006661866,2026-07-02 17:37:41.866,C3:00:00:63:4D:05,-62,127,1.5,2.5,1.5
1783006661870,2026-07-02 17:37:41.870,C3:00:00:63:4D:04,-63,127,1.5,2.5,1.5
1783006661893,2026-07-02 17:37:41.893,C3:00:00:63:4D:08,-54,127,1.5,2.5,1.5
1783006661926,2026-07-02 17:37:41.926,C3:00:00:63:4D:0D,-55,127,1.5,2.5,1.5
1783006661935,2026-07-02 17:37:41.935,C3:00:00:63:4D:09,-70,127,1.5,2.5,1.5
1783006661944,2026-07-02 17:37:41.944,C3:00:00:63:4C:D2,-70,127,1.5,2.5,1.5
1783006661959,2026-07-02 17:37:41.959,C3:00:00:63:4D:07,-60,127,1.5,2.5,1.5
1783006661977,2026-07-02 17:37:41.977,C3:00:00:63:4D:04,-62,127,1.5,2.5,1.5
1783006661983,2026-07-02 17:37:41.983,C3:00:00:63:4D:05,-67,127,1.5,2.5,1.5
1783006662010,2026-07-02 17:37:42.010,C3:00:00:63:4D:08,-57,127,1.5,2.5,1.5
1783006662022,2026-07-02 17:37:42.022,C3:00:00:63:4D:07,-56,127,1.5,2.5,1.5
1783006662032,2026-07-02 17:37:42.032,C3:00:00:63:4D:0D,-59,127,1.5,2.5,1.5
1783006662037,2026-07-02 17:37:42.037,C3:00:00:63:4D:0A,-56,127,1.5,2.5,1.5
1783006662048,2026-07-02 17:37:42.048,C3:00:00:63:4D:09,-63,127,1.5,2.5,1.5
1783006662083,2026-07-02 17:37:42.083,C3:00:00:63:4D:07,-56,127,1.5,2.5,1.5
1783006662090,2026-07-02 17:37:42.090,C3:00:00:63:4D:04,-56,127,1.5,2.5,1.5
1783006662094,2026-07-02 17:37:42.094,C3:00:00:63:4D:05,-58,127,1.5,2.5,1.5
1783006662137,2026-07-02 17:37:42.137,C3:00:00:63:4D:0D,-54,127,1.5,2.5,1.5
1783006662149,2026-07-02 17:37:42.149,C3:00:00:63:4D:0A,-60,127,1.5,2.5,1.5
1783006662165,2026-07-02 17:37:42.165,C3:00:00:63:4D:09,-60,127,1.5,2.5,1.5
1783006662178,2026-07-02 17:37:42.178,C3:00:00:63:4C:D2,-64,127,1.5,2.5,1.5
1783006662190,2026-07-02 17:37:42.190,C3:00:00:63:4D:07,-54,127,1.5,2.5,1.5
1783006662193,2026-07-02 17:37:42.193,C3:00:00:63:4D:04,-63,127,1.5,2.5,1.5
1783006662221,2026-07-02 17:37:42.221,C3:00:00:63:4D:05,-66,127,1.5,2.5,1.5
1783006662226,2026-07-02 17:37:42.226,C3:00:00:63:4D:08,-57,127,1.5,2.5,1.5
1783006662241,2026-07-02 17:37:42.241,C3:00:00:63:4D:0D,-55,127,1.5,2.5,1.5
1783006662282,2026-07-02 17:37:42.282,C3:00:00:63:4D:09,-70,127,1.5,2.5,1.5
1783006662290,2026-07-02 17:37:42.290,C3:00:00:63:4C:D2,-70,127,1.5,2.5,1.5
1783006662306,2026-07-02 17:37:42.306,C3:00:00:63:4D:07,-59,127,1.5,2.5,1.5
1783006662311,2026-07-02 17:37:42.311,C3:00:00:63:4D:04,-62,127,1.5,2.5,1.5
1783006662325,2026-07-02 17:37:42.325,C3:00:00:63:4D:05,-58,127,1.5,2.5,1.5
1783006662336,2026-07-02 17:37:42.336,C3:00:00:63:4D:08,-59,127,1.5,2.5,1.5
1783006662344,2026-07-02 17:37:42.344,C3:00:00:63:4D:0D,-59,127,1.5,2.5,1.5
1783006662353,2026-07-02 17:37:42.353,C3:00:00:63:4D:08,-59,127,1.5,2.5,1.5
1783006662390,2026-07-02 17:37:42.390,C3:00:00:63:4D:09,-63,127,1.5,2.5,1.5
1783006662402,2026-07-02 17:37:42.402,C3:00:00:63:4C:D2,-63,127,1.5,2.5,1.5
1783006662417,2026-07-02 17:37:42.417,C3:00:00:63:4D:04,-63,127,1.5,2.5,1.5
1783006662425,2026-07-02 17:37:42.425,C3:00:00:63:4D:07,-54,127,1.5,2.5,1.5
1783006662439,2026-07-02 17:37:42.439,C3:00:00:63:4D:05,-62,127,1.5,2.5,1.5
1783006662443,2026-07-02 17:37:42.443,C3:00:00:63:4D:08,-54,127,1.5,2.5,1.5
1783006662451,2026-07-02 17:37:42.451,C3:00:00:63:4D:0D,-54,127,1.5,2.5,1.5
1783006662484,2026-07-02 17:37:42.484,C3:00:00:63:4D:0A,-60,127,1.5,2.5,1.5
1783006662508,2026-07-02 17:37:42.508,C3:00:00:63:4D:09,-60,127,1.5,2.5,1.5
1783006662521,2026-07-02 17:37:42.521,C3:00:00:63:4C:D2,-69,127,1.5,2.5,1.5
1783006662524,2026-07-02 17:37:42.524,C3:00:00:63:4D:04,-60,127,1.5,2.5,1.5
1783006662553,2026-07-02 17:37:42.553,C3:00:00:63:4D:05,-65,127,1.5,2.5,1.5
1783006662606,2026-07-02 17:37:42.606,C3:00:00:63:4D:0A,-53,127,1.5,2.5,1.5
1783006662629,2026-07-02 17:37:42.629,C3:00:00:63:4D:09,-62,127,1.5,2.5,1.5
1783006662635,2026-07-02 17:37:42.635,C3:00:00:63:4D:04,-56,127,1.5,2.5,1.5
1783006662647,2026-07-02 17:37:42.647,C3:00:00:63:4C:D2,-65,127,1.5,2.5,1.5
1783006662665,2026-07-02 17:37:42.665,C3:00:00:63:4D:08,-61,127,1.5,2.5,1.5
1783006662673,2026-07-02 17:37:42.673,C3:00:00:63:4D:07,-58,127,1.5,2.5,1.5
1783006662676,2026-07-02 17:37:42.676,C3:00:00:63:4D:05,-58,127,1.5,2.5,1.5
1783006662712,2026-07-02 17:37:42.712,C3:00:00:63:4D:0A,-56,127,1.5,2.5,1.5
1783006662736,2026-07-02 17:37:42.736,C3:00:00:63:4D:09,-60,127,1.5,2.5,1.5
1783006662741,2026-07-02 17:37:42.741,C3:00:00:63:4D:04,-62,127,1.5,2.5,1.5
1783006662743,2026-07-02 17:37:42.743,C3:00:00:63:4D:08,-54,127,1.5,2.5,1.5
1783006662749,2026-07-02 17:37:42.749,C3:00:00:63:4C:D2,-64,127,1.5,2.5,1.5
1783006662765,2026-07-02 17:37:42.765,C3:00:00:63:4D:07,-54,127,1.5,2.5,1.5
1783006662767,2026-07-02 17:37:42.767,C3:00:00:63:4D:0D,-54,127,1.5,2.5,1.5
1783006662770,2026-07-02 17:37:42.770,C3:00:00:63:4D:08,-61,127,1.5,2.5,1.5
1783006662826,2026-07-02 17:37:42.826,C3:00:00:63:4D:05,-72,127,1.5,2.5,1.5
1783006662829,2026-07-02 17:37:42.829,C3:00:00:63:4D:0D,-54,127,1.5,2.5,1.5
1783006662834,2026-07-02 17:37:42.834,C3:00:00:63:4D:0A,-53,127,1.5,2.5,1.5
1783006662842,2026-07-02 17:37:42.842,C3:00:00:63:4D:04,-60,127,1.5,2.5,1.5
1783006662847,2026-07-02 17:37:42.847,C3:00:00:63:4D:09,-65,127,1.5,2.5,1.5
1783006662865,2026-07-02 17:37:42.865,C3:00:00:63:4D:0D,-54,127,1.5,2.5,1.5
1783006662869,2026-07-02 17:37:42.869,C3:00:00:63:4D:09,-65,127,1.5,2.5,1.5
1783006662875,2026-07-02 17:37:42.875,C3:00:00:63:4D:08,-57,127,1.5,2.5,1.5
1783006662908,2026-07-02 17:37:42.908,C3:00:00:63:4D:05,-66,127,1.5,2.5,1.5
1783006662934,2026-07-02 17:37:42.934,C3:00:00:63:4D:0A,-56,127,1.5,2.5,1.5
1783006662956,2026-07-02 17:37:42.956,C3:00:00:63:4D:04,-56,127,1.5,2.5,1.5
1783006662960,2026-07-02 17:37:42.960,C3:00:00:63:4D:09,-63,127,1.5,2.5,1.5
1783006662984,2026-07-02 17:37:42.984,C3:00:00:63:4D:08,-59,127,1.5,2.5,1.5
1783006662995,2026-07-02 17:37:42.995,C3:00:00:63:4D:07,-56,127,1.5,2.5,1.5
1783006663019,2026-07-02 17:37:43.019,C3:00:00:63:4D:05,-62,127,1.5,2.5,1.5
1783006663047,2026-07-02 17:37:43.047,C3:00:00:63:4D:0A,-60,127,1.5,2.5,1.5
1783006663069,2026-07-02 17:37:43.069,C3:00:00:63:4D:09,-60,127,1.5,2.5,1.5
1783006663074,2026-07-02 17:37:43.074,C3:00:00:63:4D:0D,-54,127,1.5,2.5,1.5
1783006663099,2026-07-02 17:37:43.099,C3:00:00:63:4C:D2,-63,127,1.5,2.5,1.5
1783006663102,2026-07-02 17:37:43.102,C3:00:00:63:4D:05,-62,127,1.5,2.5,1.5
1783006663105,2026-07-02 17:37:43.105,C3:00:00:63:4D:08,-54,127,1.5,2.5,1.5
1783006663109,2026-07-02 17:37:43.109,C3:00:00:63:4D:09,-60,127,1.5,2.5,1.5
1783006663114,2026-07-02 17:37:43.114,C3:00:00:63:4D:07,-54,127,1.5,2.5,1.5
1783006663116,2026-07-02 17:37:43.116,C3:00:00:63:4D:04,-63,127,1.5,2.5,1.5
1783006663138,2026-07-02 17:37:43.138,C3:00:00:63:4D:05,-67,127,1.5,2.5,1.5
1783006663163,2026-07-02 17:37:43.163,C3:00:00:63:4D:0A,-52,127,1.5,2.5,1.5
1783006663183,2026-07-02 17:37:43.183,C3:00:00:63:4D:04,-62,127,1.5,2.5,1.5
1783006663190,2026-07-02 17:37:43.190,C3:00:00:63:4D:0D,-55,127,1.5,2.5,1.5
1783006663193,2026-07-02 17:37:43.193,C3:00:00:63:4D:09,-69,127,1.5,2.5,1.5
1783006663198,2026-07-02 17:37:43.198,C3:00:00:63:4D:08,-58,127,1.5,2.5,1.5
1783006663210,2026-07-02 17:37:43.210,C3:00:00:63:4C:D2,-70,127,1.5,2.5,1.5
1783006663223,2026-07-02 17:37:43.223,C3:00:00:63:4D:07,-56,127,1.5,2.5,1.5
1783006663225,2026-07-02 17:37:43.225,C3:00:00:63:4D:0A,-55,127,1.5,2.5,1.5
1783006663240,2026-07-02 17:37:43.240,C3:00:00:63:4D:05,-58,127,1.5,2.5,1.5
1783006663276,2026-07-02 17:37:43.276,C3:00:00:63:4D:0A,-56,127,1.5,2.5,1.5
1783006663280,2026-07-02 17:37:43.280,C3:00:00:63:4D:04,-56,127,1.5,2.5,1.5
1783006663289,2026-07-02 17:37:43.289,C3:00:00:63:4D:0D,-59,127,1.5,2.5,1.5
1783006663298,2026-07-02 17:37:43.298,C3:00:00:63:4D:09,-62,127,1.5,2.5,1.5
1783006663317,2026-07-02 17:37:43.317,C3:00:00:63:4D:08,-54,127,1.5,2.5,1.5
1783006663323,2026-07-02 17:37:43.323,C3:00:00:63:4C:D2,-64,127,1.5,2.5,1.5
1783006663346,2026-07-02 17:37:43.346,C3:00:00:63:4D:07,-54,127,1.5,2.5,1.5
1783006663368,2026-07-02 17:37:43.368,C3:00:00:63:4D:05,-62,127,1.5,2.5,1.5
1783006663417,2026-07-02 17:37:43.417,C3:00:00:63:4D:09,-69,127,1.5,2.5,1.5
1783006663423,2026-07-02 17:37:43.423,C3:00:00:63:4D:08,-58,127,1.5,2.5,1.5
1783006663442,2026-07-02 17:37:43.442,C3:00:00:63:4C:D2,-70,127,1.5,2.5,1.5
1783006663460,2026-07-02 17:37:43.460,C3:00:00:63:4D:07,-60,127,1.5,2.5,1.5
1783006663475,2026-07-02 17:37:43.475,C3:00:00:63:4D:05,-67,127,1.5,2.5,1.5
1783006663495,2026-07-02 17:37:43.495,C3:00:00:63:4D:0D,-55,127,1.5,2.5,1.5
1783006663500,2026-07-02 17:37:43.500,C3:00:00:63:4D:04,-62,127,1.5,2.5,1.5
1783006663501,2026-07-02 17:37:43.501,C3:00:00:63:4D:0A,-52,127,1.5,2.5,1.5
1783006663525,2026-07-02 17:37:43.525,C3:00:00:63:4D:09,-63,127,1.5,2.5,1.5
1783006663555,2026-07-02 17:37:43.555,C3:00:00:63:4C:D2,-63,127,1.5,2.5,1.5
1783006663558,2026-07-02 17:37:43.558,C3:00:00:63:4D:04,-56,127,1.5,2.5,1.5
1783006663567,2026-07-02 17:37:43.567,C3:00:00:63:4D:07,-56,127,1.5,2.5,1.5
1783006663589,2026-07-02 17:37:43.589,C3:00:00:63:4D:05,-58,127,1.5,2.5,1.5
1783006663604,2026-07-02 17:37:43.604,C3:00:00:63:4D:04,-64,127,1.5,2.5,1.5
1783006663606,2026-07-02 17:37:43.606,C3:00:00:63:4D:0D,-59,127,1.5,2.5,1.5
1783006663619,2026-07-02 17:37:43.619,C3:00:00:63:4D:0A,-60,127,1.5,2.5,1.5
1783006663622,2026-07-02 17:37:43.622,C3:00:00:63:4D:04,-63,127,1.5,2.5,1.5
1783006663637,2026-07-02 17:37:43.637,C3:00:00:63:4D:08,-54,127,1.5,2.5,1.5
1783006663648,2026-07-02 17:37:43.648,C3:00:00:63:4D:09,-60,127,1.5,2.5,1.5
1783006663685,2026-07-02 17:37:43.685,C3:00:00:63:4D:07,-53,127,1.5,2.5,1.5
1783006663705,2026-07-02 17:37:43.705,C3:00:00:63:4D:05,-61,127,1.5,2.5,1.5
1783006663706,2026-07-02 17:37:43.706,C3:00:00:63:4D:0D,-54,127,1.5,2.5,1.5
1783006663722,2026-07-02 17:37:43.722,C3:00:00:63:4D:04,-62,127,1.5,2.5,1.5
1783006663732,2026-07-02 17:37:43.732,C3:00:00:63:4D:0A,-52,127,1.5,2.5,1.5
1783006663750,2026-07-02 17:37:43.750,C3:00:00:63:4D:08,-58,127,1.5,2.5,1.5
1783006663763,2026-07-02 17:37:43.763,C3:00:00:63:4C:D2,-70,127,1.5,2.5,1.5
1783006663781,2026-07-02 17:37:43.781,C3:00:00:63:4C:D2,-69,127,1.5,2.5,1.5
1783006663800,2026-07-02 17:37:43.800,C3:00:00:63:4D:07,-60,127,1.5,2.5,1.5
1783006663811,2026-07-02 17:37:43.811,C3:00:00:63:4C:D2,-69,127,1.5,2.5,1.5
1783006663815,2026-07-02 17:37:43.815,C3:00:00:63:4D:0D,-59,127,1.5,2.5,1.5
1783006663823,2026-07-02 17:37:43.823,C3:00:00:63:4D:04,-56,127,1.5,2.5,1.5
1783006663825,2026-07-02 17:37:43.825,C3:00:00:63:4D:05,-58,127,1.5,2.5,1.5
1783006663835,2026-07-02 17:37:43.835,C3:00:00:63:4D:0A,-56,127,1.5,2.5,1.5
1783006663839,2026-07-02 17:37:43.839,C3:00:00:63:4D:08,-60,127,1.5,2.5,1.5
1783006663855,2026-07-02 17:37:43.855,C3:00:00:63:4D:0A,-56,127,1.5,2.5,1.5
1783006663866,2026-07-02 17:37:43.866,C3:00:00:63:4D:08,-59,127,1.5,2.5,1.5
1783006663872,2026-07-02 17:37:43.872,C3:00:00:63:4D:09,-63,127,1.5,2.5,1.5
1783006663905,2026-07-02 17:37:43.905,C3:00:00:63:4C:D2,-63,127,1.5,2.5,1.5
1783006663918,2026-07-02 17:37:43.918,C3:00:00:63:4D:0D,-54,127,1.5,2.5,1.5
1783006663922,2026-07-02 17:37:43.922,C3:00:00:63:4D:07,-53,127,1.5,2.5,1.5
1783006663939,2026-07-02 17:37:43.939,C3:00:00:63:4D:0D,-62,127,1.5,2.5,1.5
1783006663952,2026-07-02 17:37:43.952,C3:00:00:63:4D:0A,-60,127,1.5,2.5,1.5
1783006663968,2026-07-02 17:37:43.968,C3:00:00:63:4D:08,-54,127,1.5,2.5,1.5
1783006663987,2026-07-02 17:37:43.987,C3:00:00:63:4D:09,-60,127,1.5,2.5,1.5
1783006663998,2026-07-02 17:37:43.998,C3:00:00:63:4D:07,-54,127,1.5,2.5,1.5
1783006664011,2026-07-02 17:37:44.011,C3:00:00:63:4C:D2,-63,127,1.5,2.5,1.5
1783006664023,2026-07-02 17:37:44.023,C3:00:00:63:4D:0D,-55,127,1.5,2.5,1.5
1783006664034,2026-07-02 17:37:44.034,C3:00:00:63:4D:07,-60,127,1.5,2.5,1.5
1783006664044,2026-07-02 17:37:44.044,C3:00:00:63:4D:04,-62,127,1.5,2.5,1.5
1783006664054,2026-07-02 17:37:44.054,C3:00:00:63:4D:05,-67,127,1.5,2.5,1.5
1783006664068,2026-07-02 17:37:44.068,C3:00:00:63:4D:0A,-52,127,1.5,2.5,1.5
1783006664074,2026-07-02 17:37:44.074,C3:00:00:63:4D:08,-57,127,1.5,2.5,1.5
1783006664091,2026-07-02 17:37:44.091,C3:00:00:63:4D:0A,-60,127,1.5,2.5,1.5
1783006664105,2026-07-02 17:37:44.105,C3:00:00:63:4D:09,-68,127,1.5,2.5,1.5
1783006664144,2026-07-02 17:37:44.144,C3:00:00:63:4D:07,-58,127,1.5,2.5,1.5
1783006664155,2026-07-02 17:37:44.155,C3:00:00:63:4D:04,-56,127,1.5,2.5,1.5
1783006664163,2026-07-02 17:37:44.163,C3:00:00:63:4D:05,-58,127,1.5,2.5,1.5
1783006664180,2026-07-02 17:37:44.180,C3:00:00:63:4D:0A,-56,127,1.5,2.5,1.5
1783006664193,2026-07-02 17:37:44.193,C3:00:00:63:4D:08,-61,127,1.5,2.5,1.5
1783006664212,2026-07-02 17:37:44.212,C3:00:00:63:4D:09,-62,127,1.5,2.5,1.5
1783006664231,2026-07-02 17:37:44.231,C3:00:00:63:4D:0D,-54,127,1.5,2.5,1.5
1783006664251,2026-07-02 17:37:44.251,C3:00:00:63:4C:D2,-64,127,1.5,2.5,1.5
1783006664258,2026-07-02 17:37:44.258,C3:00:00:63:4D:07,-54,127,1.5,2.5,1.5
1783006664289,2026-07-02 17:37:44.289,C3:00:00:63:4D:05,-61,127,1.5,2.5,1.5
1783006664298,2026-07-02 17:37:44.298,C3:00:00:63:4D:08,-54,127,1.5,2.5,1.5
1783006664303,2026-07-02 17:37:44.303,C3:00:00:63:4D:0A,-60,127,1.5,2.5,1.5
1783006664332,2026-07-02 17:37:44.332,C3:00:00:63:4D:09,-64,127,1.5,2.5,1.5
1783006664342,2026-07-02 17:37:44.342,C3:00:00:63:4D:0D,-54,127,1.5,2.5,1.5
1783006664357,2026-07-02 17:37:44.357,C3:00:00:63:4C:D2,-68,127,1.5,2.5,1.5
1783006664367,2026-07-02 17:37:44.367,C3:00:00:63:4D:08,-57,127,1.5,2.5,1.5
1783006664375,2026-07-02 17:37:44.375,C3:00:00:63:4D:07,-57,127,1.5,2.5,1.5
1783006664380,2026-07-02 17:37:44.380,C3:00:00:63:4C:D2,-77,127,1.5,2.5,1.5
1783006664399,2026-07-02 17:37:44.399,C3:00:00:63:4D:05,-66,127,1.5,2.5,1.5
1783006664405,2026-07-02 17:37:44.405,C3:00:00:63:4D:08,-57,127,1.5,2.5,1.5
1783006664409,2026-07-02 17:37:44.409,C3:00:00:63:4D:0A,-53,127,1.5,2.5,1.5
1783006664441,2026-07-02 17:37:44.441,C3:00:00:63:4D:09,-62,127,1.5,2.5,1.5
1783006664443,2026-07-02 17:37:44.443,C3:00:00:63:4D:0D,-60,127,1.5,2.5,1.5
1783006664470,2026-07-02 17:37:44.470,C3:00:00:63:4C:D2,-66,127,1.5,2.5,1.5
1783006664477,2026-07-02 17:37:44.477,C3:00:00:63:4D:04,-57,127,1.5,2.5,1.5
1783006664495,2026-07-02 17:37:44.495,C3:00:00:63:4D:07,-58,127,1.5,2.5,1.5
1783006664518,2026-07-02 17:37:44.518,C3:00:00:63:4D:0A,-59,127,1.5,2.5,1.5
1783006664548,2026-07-02 17:37:44.548,C3:00:00:63:4D:0D,-54,127,1.5,2.5,1.5
1783006664555,2026-07-02 17:37:44.555,C3:00:00:63:4D:09,-60,127,1.5,2.5,1.5
1783006664592,2026-07-02 17:37:44.592,C3:00:00:63:4C:D2,-63,127,1.5,2.5,1.5
1783006664595,2026-07-02 17:37:44.595,C3:00:00:63:4D:04,-62,127,1.5,2.5,1.5
1783006664624,2026-07-02 17:37:44.624,C3:00:00:63:4D:09,-72,127,1.5,2.5,1.5
1783006664628,2026-07-02 17:37:44.628,C3:00:00:63:4D:08,-57,127,1.5,2.5,1.5
1783006664631,2026-07-02 17:37:44.631,C3:00:00:63:4D:05,-66,127,1.5,2.5,1.5
1783006664640,2026-07-02 17:37:44.640,C3:00:00:63:4D:0A,-53,127,1.5,2.5,1.5
1783006664658,2026-07-02 17:37:44.658,C3:00:00:63:4D:0D,-54,127,1.5,2.5,1.5
1783006664714,2026-07-02 17:37:44.714,C3:00:00:63:4C:D2,-68,127,1.5,2.5,1.5
1783006664737,2026-07-02 17:37:44.737,C3:00:00:63:4D:08,-61,127,1.5,2.5,1.5
1783006664743,2026-07-02 17:37:44.743,C3:00:00:63:4D:0A,-56,127,1.5,2.5,1.5
1783006664747,2026-07-02 17:37:44.747,C3:00:00:63:4D:05,-58,127,1.5,2.5,1.5
1783006664755,2026-07-02 17:37:44.755,C3:00:00:63:4D:0D,-60,127,1.5,2.5,1.5
1783006664788,2026-07-02 17:37:44.788,C3:00:00:63:4D:09,-62,127,1.5,2.5,1.5
1783006664793,2026-07-02 17:37:44.793,C3:00:00:63:4D:0A,-56,127,1.5,2.5,1.5
1783006664809,2026-07-02 17:37:44.809,C3:00:00:63:4D:04,-56,127,1.5,2.5,1.5
1783006664817,2026-07-02 17:37:44.817,C3:00:00:63:4C:D2,-63,127,1.5,2.5,1.5
1783006664832,2026-07-02 17:37:44.832,C3:00:00:63:4D:0D,-54,127,1.5,2.5,1.5
1783006664852,2026-07-02 17:37:44.852,C3:00:00:63:4D:05,-60,127,1.5,2.5,1.5
1783006664864,2026-07-02 17:37:44.864,C3:00:00:63:4D:0A,-59,127,1.5,2.5,1.5
1783006664870,2026-07-02 17:37:44.870,C3:00:00:63:4D:0D,-54,127,1.5,2.5,1.5
1783006664874,2026-07-02 17:37:44.874,C3:00:00:63:4D:05,-60,127,1.5,2.5,1.5
1783006664880,2026-07-02 17:37:44.880,C3:00:00:63:4D:09,-60,127,1.5,2.5,1.5
1783006664887,2026-07-02 17:37:44.887,C3:00:00:63:4D:0D,-54,127,1.5,2.5,1.5
1783006664900,2026-07-02 17:37:44.900,C3:00:00:63:4D:09,-60,127,1.5,2.5,1.5
1783006664932,2026-07-02 17:37:44.932,C3:00:00:63:4C:D2,-70,127,1.5,2.5,1.5
1783006664978,2026-07-02 17:37:44.978,C3:00:00:63:4D:05,-67,127,1.5,2.5,1.5
1783006665009,2026-07-02 17:37:45.009,C3:00:00:63:4D:09,-69,127,1.5,2.5,1.5
1783006665031,2026-07-02 17:37:45.031,C3:00:00:63:4D:04,-56,127,1.5,2.5,1.5
1783006665052,2026-07-02 17:37:45.052,C3:00:00:63:4C:D2,-64,127,1.5,2.5,1.5
1783006665059,2026-07-02 17:37:45.059,C3:00:00:63:4D:08,-59,127,1.5,2.5,1.5
1783006665066,2026-07-02 17:37:45.066,C3:00:00:63:4D:07,-56,127,1.5,2.5,1.5
1783006665076,2026-07-02 17:37:45.076,C3:00:00:63:4D:0D,-59,127,1.5,2.5,1.5
1783006665083,2026-07-02 17:37:45.083,C3:00:00:63:4D:0A,-56,127,1.5,2.5,1.5
1783006665085,2026-07-02 17:37:45.085,C3:00:00:63:4D:05,-58,127,1.5,2.5,1.5
1783006665099,2026-07-02 17:37:45.099,C3:00:00:63:4D:05,-58,127,1.5,2.5,1.5
1783006665112,2026-07-02 17:37:45.112,C3:00:00:63:4D:09,-63,127,1.5,2.5,1.5
1783006665134,2026-07-02 17:37:45.134,C3:00:00:63:4D:09,-60,127,1.5,2.5,1.5
1783006665136,2026-07-02 17:37:45.136,C3:00:00:63:4D:04,-62,127,1.5,2.5,1.5
1783006665160,2026-07-02 17:37:45.160,C3:00:00:63:4C:D2,-63,127,1.5,2.5,1.5
1783006665166,2026-07-02 17:37:45.166,C3:00:00:63:4D:08,-54,127,1.5,2.5,1.5
1783006665197,2026-07-02 17:37:45.197,C3:00:00:63:4D:0A,-60,127,1.5,2.5,1.5
1783006665205,2026-07-02 17:37:45.205,C3:00:00:63:4D:05,-61,127,1.5,2.5,1.5
1783006665237,2026-07-02 17:37:45.237,C3:00:00:63:4D:0A,-52,127,1.5,2.5,1.5
1783006665245,2026-07-02 17:37:45.245,C3:00:00:63:4D:04,-61,127,1.5,2.5,1.5
1783006665272,2026-07-02 17:37:45.272,C3:00:00:63:4D:08,-58,127,1.5,2.5,1.5
1783006665284,2026-07-02 17:37:45.284,C3:00:00:63:4C:D2,-70,127,1.5,2.5,1.5
1783006665295,2026-07-02 17:37:45.295,C3:00:00:63:4D:0D,-55,127,1.5,2.5,1.5
1783006665300,2026-07-02 17:37:45.300,C3:00:00:63:4D:07,-59,127,1.5,2.5,1.5
1783006665315,2026-07-02 17:37:45.315,C3:00:00:63:4D:05,-58,127,1.5,2.5,1.5
1783006665349,2026-07-02 17:37:45.349,C3:00:00:63:4D:04,-56,127,1.5,2.5,1.5
1783006665352,2026-07-02 17:37:45.352,C3:00:00:63:4C:D2,-63,127,1.5,2.5,1.5
1783006665355,2026-07-02 17:37:45.355,C3:00:00:63:4D:09,-63,127,1.5,2.5,1.5
1783006665361,2026-07-02 17:37:45.361,C3:00:00:63:4D:07,-63,127,1.5,2.5,1.5
1783006665378,2026-07-02 17:37:45.378,C3:00:00:63:4D:08,-59,127,1.5,2.5,1.5
1783006665388,2026-07-02 17:37:45.388,C3:00:00:63:4D:0D,-59,127,1.5,2.5,1.5
1783006665390,2026-07-02 17:37:45.390,C3:00:00:63:4C:D2,-63,127,1.5,2.5,1.5
1783006665414,2026-07-02 17:37:45.414,C3:00:00:63:4D:07,-56,127,1.5,2.5,1.5
1783006665433,2026-07-02 17:37:45.433,C3:00:00:63:4D:05,-61,127,1.5,2.5,1.5
1783006665462,2026-07-02 17:37:45.462,C3:00:00:63:4D:04,-62,127,1.5,2.5,1.5
1783006665494,2026-07-02 17:37:45.494,C3:00:00:63:4D:08,-54,127,1.5,2.5,1.5
1783006665499,2026-07-02 17:37:45.499,C3:00:00:63:4D:0D,-54,127,1.5,2.5,1.5
1783006665503,2026-07-02 17:37:45.503,C3:00:00:63:4C:D2,-63,127,1.5,2.5,1.5
1783006665523,2026-07-02 17:37:45.523,C3:00:00:63:4D:07,-60,127,1.5,2.5,1.5
1783006665539,2026-07-02 17:37:45.539,C3:00:00:63:4D:0A,-52,127,1.5,2.5,1.5
1783006665550,2026-07-02 17:37:45.550,C3:00:00:63:4D:05,-67,127,1.5,2.5,1.5
1783006665567,2026-07-02 17:37:45.567,C3:00:00:63:4D:04,-62,127,1.5,2.5,1.5
1783006665582,2026-07-02 17:37:45.582,C3:00:00:63:4D:09,-69,127,1.5,2.5,1.5
1783006665590,2026-07-02 17:37:45.590,C3:00:00:63:4D:04,-62,127,1.5,2.5,1.5
1783006665609,2026-07-02 17:37:45.609,C3:00:00:63:4D:08,-58,127,1.5,2.5,1.5
1783006665620,2026-07-02 17:37:45.620,C3:00:00:63:4C:D2,-63,127,1.5,2.5,1.5
1783006665639,2026-07-02 17:37:45.639,C3:00:00:63:4D:07,-56,127,1.5,2.5,1.5
1783006665648,2026-07-02 17:37:45.648,C3:00:00:63:4D:0A,-56,127,1.5,2.5,1.5
1783006665659,2026-07-02 17:37:45.659,C3:00:00:63:4D:05,-58,127,1.5,2.5,1.5
1783006665676,2026-07-02 17:37:45.676,C3:00:00:63:4D:04,-56,127,1.5,2.5,1.5
1783006665682,2026-07-02 17:37:45.682,C3:00:00:63:4D:05,-58,127,1.5,2.5,1.5
1783006665697,2026-07-02 17:37:45.697,C3:00:00:63:4D:09,-63,127,1.5,2.5,1.5
1783006665703,2026-07-02 17:37:45.703,C3:00:00:63:4D:0D,-59,127,1.5,2.5,1.5
1783006665719,2026-07-02 17:37:45.719,C3:00:00:63:4D:08,-54,127,1.5,2.5,1.5
1783006665740,2026-07-02 17:37:45.740,C3:00:00:63:4C:D2,-63,127,1.5,2.5,1.5
1783006665768,2026-07-02 17:37:45.768,C3:00:00:63:4C:D2,-64,127,1.5,2.5,1.5
1783006665777,2026-07-02 17:37:45.777,C3:00:00:63:4D:05,-62,127,1.5,2.5,1.5
1783006665797,2026-07-02 17:37:45.797,C3:00:00:63:4D:04,-62,127,1.5,2.5,1.5
1783006665808,2026-07-02 17:37:45.808,C3:00:00:63:4D:0D,-54,127,1.5,2.5,1.5
1783006665815,2026-07-02 17:37:45.815,C3:00:00:63:4D:09,-69,127,1.5,2.5,1.5
1783006665816,2026-07-02 17:37:45.816,C3:00:00:63:4C:D2,-71,127,1.5,2.5,1.5
1783006665821,2026-07-02 17:37:45.821,C3:00:00:63:4D:08,-58,127,1.5,2.5,1.5
1783006665838,2026-07-02 17:37:45.838,C3:00:00:63:4D:08,-58,127,1.5,2.5,1.5
1783006665851,2026-07-02 17:37:45.851,C3:00:00:63:4C:D2,-70,127,1.5,2.5,1.5
1783006665865,2026-07-02 17:37:45.865,C3:00:00:63:4D:0D,-55,127,1.5,2.5,1.5
1783006665871,2026-07-02 17:37:45.871,C3:00:00:63:4D:07,-59,127,1.5,2.5,1.5
1783006665872,2026-07-02 17:37:45.872,C3:00:00:63:4D:0A,-52,127,1.5,2.5,1.5
1783006665886,2026-07-02 17:37:45.886,C3:00:00:63:4D:0A,-52,127,1.5,2.5,1.5
1783006665888,2026-07-02 17:37:45.888,C3:00:00:63:4D:05,-67,127,1.5,2.5,1.5
1783006665899,2026-07-02 17:37:45.899,C3:00:00:63:4D:04,-61,127,1.5,2.5,1.5
1783006665913,2026-07-02 17:37:45.913,C3:00:00:63:4D:0D,-59,127,1.5,2.5,1.5
1783006665927,2026-07-02 17:37:45.927,C3:00:00:63:4D:08,-58,127,1.5,2.5,1.5
1783006665985,2026-07-02 17:37:45.985,C3:00:00:63:4D:07,-56,127,1.5,2.5,1.5
1783006665992,2026-07-02 17:37:45.992,C3:00:00:63:4D:0A,-56,127,1.5,2.5,1.5
1783006666006,2026-07-02 17:37:46.006,C3:00:00:63:4D:04,-56,127,1.5,2.5,1.5
1783006666012,2026-07-02 17:37:46.012,C3:00:00:63:4D:05,-58,127,1.5,2.5,1.5
1783006666015,2026-07-02 17:37:46.015,C3:00:00:63:4D:07,-57,127,1.5,2.5,1.5
1783006666038,2026-07-02 17:37:46.038,C3:00:00:63:4D:09,-60,127,1.5,2.5,1.5
1783006666039,2026-07-02 17:37:46.039,C3:00:00:63:4D:07,-54,127,1.5,2.5,1.5
1783006666040,2026-07-02 17:37:46.040,C3:00:00:63:4D:08,-54,127,1.5,2.5,1.5
1783006666084,2026-07-02 17:37:46.084,C3:00:00:63:4C:D2,-63,127,1.5,2.5,1.5
1783006666103,2026-07-02 17:37:46.103,C3:00:00:63:4D:07,-54,127,1.5,2.5,1.5
1783006666108,2026-07-02 17:37:46.108,C3:00:00:63:4D:0A,-59,127,1.5,2.5,1.5
1783006666124,2026-07-02 17:37:46.124,C3:00:00:63:4D:0D,-54,127,1.5,2.5,1.5
1783006666146,2026-07-02 17:37:46.146,C3:00:00:63:4D:08,-58,127,1.5,2.5,1.5
1783006666152,2026-07-02 17:37:46.152,C3:00:00:63:4D:09,-65,127,1.5,2.5,1.5
1783006666205,2026-07-02 17:37:46.205,C3:00:00:63:4C:D2,-70,127,1.5,2.5,1.5
1783006666213,2026-07-02 17:37:46.213,C3:00:00:63:4D:0A,-52,127,1.5,2.5,1.5
1783006666229,2026-07-02 17:37:46.229,C3:00:00:63:4D:07,-56,127,1.5,2.5,1.5
1783006666248,2026-07-02 17:37:46.248,C3:00:00:63:4D:0D,-61,127,1.5,2.5,1.5
1783006666250,2026-07-02 17:37:46.250,C3:00:00:63:4D:05,-58,127,1.5,2.5,1.5
1783006666257,2026-07-02 17:37:46.257,C3:00:00:63:4D:08,-61,127,1.5,2.5,1.5
1783006666269,2026-07-02 17:37:46.269,C3:00:00:63:4D:09,-62,127,1.5,2.5,1.5
1783006666317,2026-07-02 17:37:46.317,C3:00:00:63:4C:D2,-63,127,1.5,2.5,1.5
1783006666328,2026-07-02 17:37:46.328,C3:00:00:63:4D:0A,-59,127,1.5,2.5,1.5
1783006666334,2026-07-02 17:37:46.334,C3:00:00:63:4D:07,-54,127,1.5,2.5,1.5
1783006666340,2026-07-02 17:37:46.340,C3:00:00:63:4D:04,-61,127,1.5,2.5,1.5
1783006666366,2026-07-02 17:37:46.366,C3:00:00:63:4D:08,-54,127,1.5,2.5,1.5
1783006666379,2026-07-02 17:37:46.379,C3:00:00:63:4D:09,-59,127,1.5,2.5,1.5
1783006666387,2026-07-02 17:37:46.387,C3:00:00:63:4D:08,-54,127,1.5,2.5,1.5
1783006666432,2026-07-02 17:37:46.432,C3:00:00:63:4C:D2,-68,127,1.5,2.5,1.5
1783006666439,2026-07-02 17:37:46.439,C3:00:00:63:4D:0D,-56,127,1.5,2.5,1.5
1783006666451,2026-07-02 17:37:46.451,C3:00:00:63:4D:0A,-53,127,1.5,2.5,1.5
1783006666456,2026-07-02 17:37:46.456,C3:00:00:63:4D:07,-56,127,1.5,2.5,1.5
1783006666465,2026-07-02 17:37:46.465,C3:00:00:63:4D:09,-65,127,1.5,2.5,1.5
1783006666471,2026-07-02 17:37:46.471,C3:00:00:63:4D:05,-67,127,1.5,2.5,1.5
1783006666480,2026-07-02 17:37:46.480,C3:00:00:63:4D:08,-57,127,1.5,2.5,1.5
1783006666494,2026-07-02 17:37:46.494,C3:00:00:63:4D:09,-64,127,1.5,2.5,1.5
1783006666542,2026-07-02 17:37:46.542,C3:00:00:63:4C:D2,-64,127,1.5,2.5,1.5
1783006666546,2026-07-02 17:37:46.546,C3:00:00:63:4D:0D,-61,127,1.5,2.5,1.5
1783006666557,2026-07-02 17:37:46.557,C3:00:00:63:4D:07,-58,127,1.5,2.5,1.5
1783006666581,2026-07-02 17:37:46.581,C3:00:00:63:4D:05,-58,127,1.5,2.5,1.5
1783006666585,2026-07-02 17:37:46.585,C3:00:00:63:4D:08,-62,127,1.5,2.5,1.5
1783006666605,2026-07-02 17:37:46.605,C3:00:00:63:4D:09,-62,127,1.5,2.5,1.5
1783006666661,2026-07-02 17:37:46.661,C3:00:00:63:4C:D2,-62,127,1.5,2.5,1.5
1783006666667,2026-07-02 17:37:46.667,C3:00:00:63:4D:0A,-60,127,1.5,2.5,1.5
1783006666672,2026-07-02 17:37:46.672,C3:00:00:63:4D:04,-62,127,1.5,2.5,1.5
1783006666697,2026-07-02 17:37:46.697,C3:00:00:63:4D:08,-54,127,1.5,2.5,1.5
1783006666710,2026-07-02 17:37:46.710,C3:00:00:63:4D:05,-61,127,1.5,2.5,1.5
1783006666720,2026-07-02 17:37:46.720,C3:00:00:63:4D:07,-54,127,1.5,2.5,1.5
1783006666723,2026-07-02 17:37:46.723,C3:00:00:63:4D:09,-63,127,1.5,2.5,1.5
1783006666741,2026-07-02 17:37:46.741,C3:00:00:63:4D:08,-57,127,1.5,2.5,1.5
1783006666751,2026-07-02 17:37:46.751,C3:00:00:63:4D:0D,-54,127,1.5,2.5,1.5
1783006666760,2026-07-02 17:37:46.760,C3:00:00:63:4D:08,-65,127,1.5,2.5,1.5
1783006666774,2026-07-02 17:37:46.774,C3:00:00:63:4D:04,-60,127,1.5,2.5,1.5
1783006666780,2026-07-02 17:37:46.780,C3:00:00:63:4C:D2,-69,127,1.5,2.5,1.5
1783006666790,2026-07-02 17:37:46.790,C3:00:00:63:4D:07,-56,127,1.5,2.5,1.5
1783006666806,2026-07-02 17:37:46.806,C3:00:00:63:4D:08,-57,127,1.5,2.5,1.5
1783006666812,2026-07-02 17:37:46.812,C3:00:00:63:4D:05,-63,127,1.5,2.5,1.5
1783006666832,2026-07-02 17:37:46.832,C3:00:00:63:4D:05,-66,127,1.5,2.5,1.5
1783006666837,2026-07-02 17:37:46.837,C3:00:00:63:4D:09,-61,127,1.5,2.5,1.5
1783006666847,2026-07-02 17:37:46.847,C3:00:00:63:4D:0D,-60,127,1.5,2.5,1.5
1783006666862,2026-07-02 17:37:46.862,C3:00:00:63:4D:0D,-60,127,1.5,2.5,1.5
1783006666869,2026-07-02 17:37:46.869,C3:00:00:63:4D:09,-62,127,1.5,2.5,1.5
1783006666882,2026-07-02 17:37:46.882,C3:00:00:63:4D:0D,-60,127,1.5,2.5,1.5
1783006666885,2026-07-02 17:37:46.885,C3:00:00:63:4D:04,-57,127,1.5,2.5,1.5
1783006666889,2026-07-02 17:37:46.889,C3:00:00:63:4D:0A,-55,127,1.5,2.5,1.5
1783006666893,2026-07-02 17:37:46.893,C3:00:00:63:4C:D2,-66,127,1.5,2.5,1.5
1783006666902,2026-07-02 17:37:46.902,C3:00:00:63:4D:07,-58,127,1.5,2.5,1.5
1783006666907,2026-07-02 17:37:46.907,C3:00:00:63:4D:08,-63,127,1.5,2.5,1.5
1783006666924,2026-07-02 17:37:46.924,C3:00:00:63:4D:05,-62,127,1.5,2.5,1.5
1783006666954,2026-07-02 17:37:46.954,C3:00:00:63:4D:09,-59,127,1.5,2.5,1.5
1783006666964,2026-07-02 17:37:46.964,C3:00:00:63:4D:0D,-54,127,1.5,2.5,1.5
1783006666993,2026-07-02 17:37:46.993,C3:00:00:63:4D:04,-61,127,1.5,2.5,1.5
1783006667002,2026-07-02 17:37:47.002,C3:00:00:63:4C:D2,-61,127,1.5,2.5,1.5
1783006667014,2026-07-02 17:37:47.014,C3:00:00:63:4D:0A,-60,127,1.5,2.5,1.5
1783006667023,2026-07-02 17:37:47.023,C3:00:00:63:4D:07,-56,127,1.5,2.5,1.5
1783006667030,2026-07-02 17:37:47.030,C3:00:00:63:4D:08,-58,127,1.5,2.5,1.5
1783006667043,2026-07-02 17:37:47.043,C3:00:00:63:4D:05,-63,127,1.5,2.5,1.5
1783006667066,2026-07-02 17:37:47.066,C3:00:00:63:4D:09,-63,127,1.5,2.5,1.5
1783006667074,2026-07-02 17:37:47.074,C3:00:00:63:4D:0D,-54,127,1.5,2.5,1.5
1783006667095,2026-07-02 17:37:47.095,C3:00:00:63:4D:04,-60,127,1.5,2.5,1.5
1783006667097,2026-07-02 17:37:47.097,C3:00:00:63:4D:05,-65,127,1.5,2.5,1.5
1783006667113,2026-07-02 17:37:47.113,C3:00:00:63:4D:0A,-56,127,1.5,2.5,1.5
1783006667114,2026-07-02 17:37:47.114,C3:00:00:63:4C:D2,-67,127,1.5,2.5,1.5
1783006667117,2026-07-02 17:37:47.117,C3:00:00:63:4D:09,-62,127,1.5,2.5,1.5
1783006667135,2026-07-02 17:37:47.135,C3:00:00:63:4D:07,-58,127,1.5,2.5,1.5
1783006667153,2026-07-02 17:37:47.153,C3:00:00:63:4D:05,-58,127,1.5,2.5,1.5
1783006667170,2026-07-02 17:37:47.170,C3:00:00:63:4D:0D,-59,127,1.5,2.5,1.5
1783006667209,2026-07-02 17:37:47.209,C3:00:00:63:4D:04,-58,127,1.5,2.5,1.5
1783006667248,2026-07-02 17:37:47.248,C3:00:00:63:4D:07,-53,127,1.5,2.5,1.5
1783006667264,2026-07-02 17:37:47.264,C3:00:00:63:4D:0A,-60,127,1.5,2.5,1.5
1783006667281,2026-07-02 17:37:47.281,C3:00:00:63:4D:05,-63,127,1.5,2.5,1.5
1783006667284,2026-07-02 17:37:47.284,C3:00:00:63:4D:0D,-54,127,1.5,2.5,1.5
1783006667296,2026-07-02 17:37:47.296,C3:00:00:63:4D:09,-59,127,1.5,2.5,1.5
1783006667317,2026-07-02 17:37:47.317,C3:00:00:63:4D:04,-60,127,1.5,2.5,1.5
1783006667351,2026-07-02 17:37:47.351,C3:00:00:63:4D:0A,-52,127,1.5,2.5,1.5
1783006667355,2026-07-02 17:37:47.355,C3:00:00:63:4D:08,-57,127,1.5,2.5,1.5
1783006667382,2026-07-02 17:37:47.382,C3:00:00:63:4D:0D,-54,127,1.5,2.5,1.5
1783006667388,2026-07-02 17:37:47.388,C3:00:00:63:4D:05,-64,127,1.5,2.5,1.5
1783006667413,2026-07-02 17:37:47.413,C3:00:00:63:4D:09,-64,127,1.5,2.5,1.5
1783006667431,2026-07-02 17:37:47.431,C3:00:00:63:4D:04,-58,127,1.5,2.5,1.5
1783006667461,2026-07-02 17:37:47.461,C3:00:00:63:4D:0A,-56,127,1.5,2.5,1.5
1783006667470,2026-07-02 17:37:47.470,C3:00:00:63:4C:D2,-67,127,1.5,2.5,1.5
1783006667487,2026-07-02 17:37:47.487,C3:00:00:63:4D:07,-56,127,1.5,2.5,1.5
1783006667493,2026-07-02 17:37:47.493,C3:00:00:63:4D:0D,-59,127,1.5,2.5,1.5
1783006667502,2026-07-02 17:37:47.502,C3:00:00:63:4D:05,-58,127,1.5,2.5,1.5
1783006667522,2026-07-02 17:37:47.522,C3:00:00:63:4D:09,-59,127,1.5,2.5,1.5
1783006667549,2026-07-02 17:37:47.549,C3:00:00:63:4D:04,-61,127,1.5,2.5,1.5
1783006667577,2026-07-02 17:37:47.577,C3:00:00:63:4D:04,-68,127,1.5,2.5,1.5
1783006667581,2026-07-02 17:37:47.581,C3:00:00:63:4C:D2,-62,127,1.5,2.5,1.5
1783006667598,2026-07-02 17:37:47.598,C3:00:00:63:4D:0D,-54,127,1.5,2.5,1.5
1783006667603,2026-07-02 17:37:47.603,C3:00:00:63:4D:07,-54,127,1.5,2.5,1.5
1783006667613,2026-07-02 17:37:47.613,C3:00:00:63:4D:04,-62,127,1.5,2.5,1.5
1783006667622,2026-07-02 17:37:47.622,C3:00:00:63:4D:05,-64,127,1.5,2.5,1.5
1783006667630,2026-07-02 17:37:47.630,C3:00:00:63:4D:04,-61,127,1.5,2.5,1.5
1783006667635,2026-07-02 17:37:47.635,C3:00:00:63:4D:09,-64,127,1.5,2.5,1.5
1783006667644,2026-07-02 17:37:47.644,C3:00:00:63:4D:04,-60,127,1.5,2.5,1.5
1783006667685,2026-07-02 17:37:47.685,C3:00:00:63:4D:08,-57,127,1.5,2.5,1.5
1783006667690,2026-07-02 17:37:47.690,C3:00:00:63:4D:0A,-52,127,1.5,2.5,1.5
1783006667695,2026-07-02 17:37:47.695,C3:00:00:63:4C:D2,-71,127,1.5,2.5,1.5
1783006667704,2026-07-02 17:37:47.704,C3:00:00:63:4D:05,-64,127,1.5,2.5,1.5
1783006667712,2026-07-02 17:37:47.712,C3:00:00:63:4D:0D,-54,127,1.5,2.5,1.5
1783006667718,2026-07-02 17:37:47.718,C3:00:00:63:4D:07,-58,127,1.5,2.5,1.5
1783006667729,2026-07-02 17:37:47.729,C3:00:00:63:4D:05,-58,127,1.5,2.5,1.5
1783006667753,2026-07-02 17:37:47.753,C3:00:00:63:4D:09,-62,127,1.5,2.5,1.5
1783006667783,2026-07-02 17:37:47.783,C3:00:00:63:4D:08,-63,127,1.5,2.5,1.5
1783006667785,2026-07-02 17:37:47.785,C3:00:00:63:4C:D2,-67,127,1.5,2.5,1.5
1783006667799,2026-07-02 17:37:47.799,C3:00:00:63:4D:0A,-56,127,1.5,2.5,1.5
1783006667812,2026-07-02 17:37:47.812,C3:00:00:63:4D:0D,-59,127,1.5,2.5,1.5
1783006667817,2026-07-02 17:37:47.817,C3:00:00:63:4C:D2,-65,127,1.5,2.5,1.5
1783006667829,2026-07-02 17:37:47.829,C3:00:00:63:4D:07,-54,127,1.5,2.5,1.5
1783006667831,2026-07-02 17:37:47.831,C3:00:00:63:4C:D2,-62,127,1.5,2.5,1.5
1783006667844,2026-07-02 17:37:47.844,C3:00:00:63:4D:08,-55,127,1.5,2.5,1.5
1783006667872,2026-07-02 17:37:47.872,C3:00:00:63:4D:0A,-62,127,1.5,2.5,1.5
1783006667915,2026-07-02 17:37:47.915,C3:00:00:63:4D:0D,-54,127,1.5,2.5,1.5
1783006667920,2026-07-02 17:37:47.920,C3:00:00:63:4D:0A,-53,127,1.5,2.5,1.5
1783006667932,2026-07-02 17:37:47.932,C3:00:00:63:4C:D2,-74,127,1.5,2.5,1.5
1783006667954,2026-07-02 17:37:47.954,C3:00:00:63:4D:0D,-63,127,1.5,2.5,1.5
1783006667961,2026-07-02 17:37:47.961,C3:00:00:63:4D:05,-66,127,1.5,2.5,1.5
1783006667973,2026-07-02 17:37:47.973,C3:00:00:63:4D:04,-62,127,1.5,2.5,1.5
1783006668020,2026-07-02 17:37:48.020,C3:00:00:63:4D:07,-57,127,1.5,2.5,1.5
1783006668044,2026-07-02 17:37:48.044,C3:00:00:63:4C:D2,-65,127,1.5,2.5,1.5
1783006668079,2026-07-02 17:37:48.079,C3:00:00:63:4D:04,-58,127,1.5,2.5,1.5
1783006668085,2026-07-02 17:37:48.085,C3:00:00:63:4D:05,-59,127,1.5,2.5,1.5
1783006668094,2026-07-02 17:37:48.094,C3:00:00:63:4D:0A,-63,127,1.5,2.5,1.5
1783006668098,2026-07-02 17:37:48.098,C3:00:00:63:4D:09,-63,127,1.5,2.5,1.5
1783006668105,2026-07-02 17:37:48.105,C3:00:00:63:4D:08,-60,127,1.5,2.5,1.5
1783006668152,2026-07-02 17:37:48.152,C3:00:00:63:4C:D2,-62,127,1.5,2.5,1.5
1783006668176,2026-07-02 17:37:48.176,C3:00:00:63:4D:07,-54,127,1.5,2.5,1.5
1783006668225,2026-07-02 17:37:48.225,C3:00:00:63:4D:08,-58,127,1.5,2.5,1.5
1783006668247,2026-07-02 17:37:48.247,C3:00:00:63:4D:0A,-53,127,1.5,2.5,1.5
1783006668289,2026-07-02 17:37:48.289,C3:00:00:63:4D:07,-59,127,1.5,2.5,1.5
1783006668303,2026-07-02 17:37:48.303,C3:00:00:63:4D:04,-62,127,1.5,2.5,1.5
1783006668315,2026-07-02 17:37:48.315,C3:00:00:63:4D:05,-66,127,1.5,2.5,1.5
1783006668327,2026-07-02 17:37:48.327,C3:00:00:63:4D:09,-63,127,1.5,2.5,1.5
1783006668364,2026-07-02 17:37:48.364,C3:00:00:63:4D:0A,-55,127,1.5,2.5,1.5
1783006668383,2026-07-02 17:37:48.383,C3:00:00:63:4C:D2,-65,127,1.5,2.5,1.5
1783006668399,2026-07-02 17:37:48.399,C3:00:00:63:4D:08,-60,127,1.5,2.5,1.5
1783006668404,2026-07-02 17:37:48.404,C3:00:00:63:4C:D2,-73,127,1.5,2.5,1.5
1783006668433,2026-07-02 17:37:48.433,C3:00:00:63:4D:0D,-54,127,1.5,2.5,1.5
1783006668437,2026-07-02 17:37:48.437,C3:00:00:63:4D:09,-60,127,1.5,2.5,1.5
1783006668446,2026-07-02 17:37:48.446,C3:00:00:63:4D:08,-54,127,1.5,2.5,1.5
1783006668499,2026-07-02 17:37:48.499,C3:00:00:63:4C:D2,-62,127,1.5,2.5,1.5
1783006668591,2026-07-02 17:37:48.591,C3:00:00:63:4D:0A,-53,127,1.5,2.5,1.5
1783006668635,2026-07-02 17:37:48.635,C3:00:00:63:4D:09,-70,127,1.5,2.5,1.5
1783006668648,2026-07-02 17:37:48.648,C3:00:00:63:4D:0D,-60,127,1.5,2.5,1.5
1783006668663,2026-07-02 17:37:48.663,C3:00:00:63:4D:08,-63,127,1.5,2.5,1.5
1783006668667,2026-07-02 17:37:48.667,C3:00:00:63:4D:05,-58,127,1.5,2.5,1.5
1783006668677,2026-07-02 17:37:48.677,C3:00:00:63:4D:09,-62,127,1.5,2.5,1.5
1783006668694,2026-07-02 17:37:48.694,C3:00:00:63:4D:0A,-55,127,1.5,2.5,1.5
1783006668712,2026-07-02 17:37:48.712,C3:00:00:63:4D:07,-58,127,1.5,2.5,1.5
1783006668748,2026-07-02 17:37:48.748,C3:00:00:63:4D:0D,-54,127,1.5,2.5,1.5
1783006668755,2026-07-02 17:37:48.755,C3:00:00:63:4D:07,-54,127,1.5,2.5,1.5
1783006668774,2026-07-02 17:37:48.774,C3:00:00:63:4D:08,-54,127,1.5,2.5,1.5
1783006668779,2026-07-02 17:37:48.779,C3:00:00:63:4D:05,-63,127,1.5,2.5,1.5
1783006668799,2026-07-02 17:37:48.799,C3:00:00:63:4D:0A,-63,127,1.5,2.5,1.5
1783006668823,2026-07-02 17:37:48.823,C3:00:00:63:4D:0A,-53,127,1.5,2.5,1.5
1783006668846,2026-07-02 17:37:48.846,C3:00:00:63:4D:04,-62,127,1.5,2.5,1.5
1783006668852,2026-07-02 17:37:48.852,C3:00:00:63:4C:D2,-74,127,1.5,2.5,1.5
1783006668859,2026-07-02 17:37:48.859,C3:00:00:63:4D:0D,-56,127,1.5,2.5,1.5
1783006668862,2026-07-02 17:37:48.862,C3:00:00:63:4D:05,-68,127,1.5,2.5,1.5
1783006668875,2026-07-02 17:37:48.875,C3:00:00:63:4D:09,-67,127,1.5,2.5,1.5
1783006668891,2026-07-02 17:37:48.891,C3:00:00:63:4D:05,-66,127,1.5,2.5,1.5
1783006668902,2026-07-02 17:37:48.902,C3:00:00:63:4D:09,-67,127,1.5,2.5,1.5
1783006668923,2026-07-02 17:37:48.923,C3:00:00:63:4D:0A,-55,127,1.5,2.5,1.5
1783006668981,2026-07-02 17:37:48.981,C3:00:00:63:4D:07,-56,127,1.5,2.5,1.5
1783006668986,2026-07-02 17:37:48.986,C3:00:00:63:4D:08,-61,127,1.5,2.5,1.5
1783006669006,2026-07-02 17:37:49.006,C3:00:00:63:4D:05,-58,127,1.5,2.5,1.5
1783006669011,2026-07-02 17:37:49.011,C3:00:00:63:4D:09,-62,127,1.5,2.5,1.5
1783006669048,2026-07-02 17:37:49.048,C3:00:00:63:4D:0A,-63,127,1.5,2.5,1.5
1783006669058,2026-07-02 17:37:49.058,C3:00:00:63:4D:04,-64,127,1.5,2.5,1.5
1783006669068,2026-07-02 17:37:49.068,C3:00:00:63:4D:0D,-54,127,1.5,2.5,1.5
1783006669082,2026-07-02 17:37:49.082,C3:00:00:63:4C:D2,-63,127,1.5,2.5,1.5
1783006669103,2026-07-02 17:37:49.103,C3:00:00:63:4D:05,-63,127,1.5,2.5,1.5
1783006669123,2026-07-02 17:37:49.123,C3:00:00:63:4D:09,-67,127,1.5,2.5,1.5
1783006669127,2026-07-02 17:37:49.127,C3:00:00:63:4D:05,-67,127,1.5,2.5,1.5
1783006669135,2026-07-02 17:37:49.135,C3:00:00:63:4D:09,-68,127,1.5,2.5,1.5
1783006669164,2026-07-02 17:37:49.164,C3:00:00:63:4D:0A,-53,127,1.5,2.5,1.5
1783006669169,2026-07-02 17:37:49.169,C3:00:00:63:4D:0D,-56,127,1.5,2.5,1.5
1783006669175,2026-07-02 17:37:49.175,C3:00:00:63:4D:04,-62,127,1.5,2.5,1.5
1783006669192,2026-07-02 17:37:49.192,C3:00:00:63:4C:D2,-74,127,1.5,2.5,1.5
1783006669207,2026-07-02 17:37:49.207,C3:00:00:63:4D:08,-58,127,1.5,2.5,1.5
1783006669218,2026-07-02 17:37:49.218,C3:00:00:63:4D:07,-58,127,1.5,2.5,1.5
1783006669227,2026-07-02 17:37:49.227,C3:00:00:63:4D:05,-58,127,1.5,2.5,1.5
1783006669234,2026-07-02 17:37:49.234,C3:00:00:63:4D:09,-62,127,1.5,2.5,1.5
1783006669252,2026-07-02 17:37:49.252,C3:00:00:63:4D:0A,-55,127,1.5,2.5,1.5
1783006669273,2026-07-02 17:37:49.273,C3:00:00:63:4D:0A,-55,127,1.5,2.5,1.5
1783006669290,2026-07-02 17:37:49.290,C3:00:00:63:4D:0D,-59,127,1.5,2.5,1.5
1783006669292,2026-07-02 17:37:49.292,C3:00:00:63:4D:04,-57,127,1.5,2.5,1.5
1783006669305,2026-07-02 17:37:49.305,C3:00:00:63:4D:08,-60,127,1.5,2.5,1.5
1783006669313,2026-07-02 17:37:49.313,C3:00:00:63:4C:D2,-64,127,1.5,2.5,1.5
1783006669328,2026-07-02 17:37:49.328,C3:00:00:63:4D:07,-54,127,1.5,2.5,1.5
1783006669373,2026-07-02 17:37:49.373,C3:00:00:63:4D:07,-61,127,1.5,2.5,1.5
1783006669392,2026-07-02 17:37:49.392,C3:00:00:63:4D:04,-64,127,1.5,2.5,1.5
1783006669438,2026-07-02 17:37:49.438,C3:00:00:63:4D:07,-58,127,1.5,2.5,1.5
1783006669464,2026-07-02 17:37:49.464,C3:00:00:63:4D:05,-67,127,1.5,2.5,1.5
1783006669488,2026-07-02 17:37:49.488,C3:00:00:63:4D:0A,-53,127,1.5,2.5,1.5
1783006669493,2026-07-02 17:37:49.493,C3:00:00:63:4D:0D,-56,127,1.5,2.5,1.5
1783006669504,2026-07-02 17:37:49.504,C3:00:00:63:4D:04,-62,127,1.5,2.5,1.5
1783006669526,2026-07-02 17:37:49.526,C3:00:00:63:4D:08,-61,127,1.5,2.5,1.5
1783006669543,2026-07-02 17:37:49.543,C3:00:00:63:4C:D2,-64,127,1.5,2.5,1.5
1783006669555,2026-07-02 17:37:49.555,C3:00:00:63:4D:07,-56,127,1.5,2.5,1.5
1783006669579,2026-07-02 17:37:49.579,C3:00:00:63:4D:09,-62,127,1.5,2.5,1.5
1783006669589,2026-07-02 17:37:49.589,C3:00:00:63:4D:05,-58,127,1.5,2.5,1.5
1783006669596,2026-07-02 17:37:49.596,C3:00:00:63:4D:04,-58,127,1.5,2.5,1.5
1783006669602,2026-07-02 17:37:49.602,C3:00:00:63:4D:0D,-59,127,1.5,2.5,1.5
1783006669611,2026-07-02 17:37:49.611,C3:00:00:63:4D:0A,-55,127,1.5,2.5,1.5
1783006669624,2026-07-02 17:37:49.624,C3:00:00:63:4D:04,-64,127,1.5,2.5,1.5
1783006669643,2026-07-02 17:37:49.643,C3:00:00:63:4D:08,-54,127,1.5,2.5,1.5
1783006669669,2026-07-02 17:37:49.669,C3:00:00:63:4D:07,-54,127,1.5,2.5,1.5
1783006669697,2026-07-02 17:37:49.697,C3:00:00:63:4D:05,-62,127,1.5,2.5,1.5
1783006669707,2026-07-02 17:37:49.707,C3:00:00:63:4D:09,-59,127,1.5,2.5,1.5
1783006669711,2026-07-02 17:37:49.711,C3:00:00:63:4D:0D,-54,127,1.5,2.5,1.5
1783006669715,2026-07-02 17:37:49.715,C3:00:00:63:4D:05,-62,127,1.5,2.5,1.5
1783006669770,2026-07-02 17:37:49.770,C3:00:00:63:4C:D2,-74,127,1.5,2.5,1.5
1783006669822,2026-07-02 17:37:49.822,C3:00:00:63:4C:D2,-65,127,1.5,2.5,1.5
1783006669829,2026-07-02 17:37:49.829,C3:00:00:63:4D:04,-57,127,1.5,2.5,1.5
1783006669835,2026-07-02 17:37:49.835,C3:00:00:63:4D:0A,-55,127,1.5,2.5,1.5
1783006669861,2026-07-02 17:37:49.861,C3:00:00:63:4D:0D,-59,127,1.5,2.5,1.5
1783006669867,2026-07-02 17:37:49.867,C3:00:00:63:4D:08,-61,127,1.5,2.5,1.5
1783006669876,2026-07-02 17:37:49.876,C3:00:00:63:4D:0A,-55,127,1.5,2.5,1.5
1783006669877,2026-07-02 17:37:49.877,C3:00:00:63:4C:D2,-65,127,1.5,2.5,1.5
1783006669913,2026-07-02 17:37:49.913,C3:00:00:63:4D:09,-62,127,1.5,2.5,1.5
1783006669936,2026-07-02 17:37:49.936,C3:00:00:63:4D:04,-64,127,1.5,2.5,1.5
1783006669941,2026-07-02 17:37:49.941,C3:00:00:63:4D:0A,-63,127,1.5,2.5,1.5
1783006669970,2026-07-02 17:37:49.970,C3:00:00:63:4D:08,-54,127,1.5,2.5,1.5
1783006669994,2026-07-02 17:37:49.994,C3:00:00:63:4C:D2,-63,127,1.5,2.5,1.5
1783006670007,2026-07-02 17:37:50.007,C3:00:00:63:4D:0D,-54,127,1.5,2.5,1.5
1783006670020,2026-07-02 17:37:50.020,C3:00:00:63:4D:07,-59,127,1.5,2.5,1.5
1783006670035,2026-07-02 17:37:50.035,C3:00:00:63:4D:07,-59,127,1.5,2.5,1.5
1783006670040,2026-07-02 17:37:50.040,C3:00:00:63:4D:09,-67,127,1.5,2.5,1.5
1783006670056,2026-07-02 17:37:50.056,C3:00:00:63:4D:05,-67,127,1.5,2.5,1.5
1783006670057,2026-07-02 17:37:50.057,C3:00:00:63:4D:04,-63,127,1.5,2.5,1.5
1783006670058,2026-07-02 17:37:50.058,C3:00:00:63:4D:07,-59,127,1.5,2.5,1.5
1783006670060,2026-07-02 17:37:50.060,C3:00:00:63:4D:0A,-53,127,1.5,2.5,1.5
1783006670075,2026-07-02 17:37:50.075,C3:00:00:63:4D:08,-58,127,1.5,2.5,1.5
1783006670111,2026-07-02 17:37:50.111,C3:00:00:63:4C:D2,-74,127,1.5,2.5,1.5
1783006670127,2026-07-02 17:37:50.127,C3:00:00:63:4D:07,-56,127,1.5,2.5,1.5
1783006670149,2026-07-02 17:37:50.149,C3:00:00:63:4D:05,-58,127,1.5,2.5,1.5
1783006670173,2026-07-02 17:37:50.173,C3:00:00:63:4D:0A,-55,127,1.5,2.5,1.5
1783006670186,2026-07-02 17:37:50.186,C3:00:00:63:4D:08,-61,127,1.5,2.5,1.5
1783006670220,2026-07-02 17:37:50.220,C3:00:00:63:4D:0D,-54,127,1.5,2.5,1.5
1783006670225,2026-07-02 17:37:50.225,C3:00:00:63:4C:D2,-63,127,1.5,2.5,1.5
1783006670250,2026-07-02 17:37:50.250,C3:00:00:63:4D:07,-54,127,1.5,2.5,1.5
1783006670258,2026-07-02 17:37:50.258,C3:00:00:63:4D:09,-58,127,1.5,2.5,1.5
1783006670267,2026-07-02 17:37:50.267,C3:00:00:63:4D:05,-61,127,1.5,2.5,1.5
1783006670270,2026-07-02 17:37:50.270,C3:00:00:63:4D:04,-62,127,1.5,2.5,1.5
1783006670283,2026-07-02 17:37:50.283,C3:00:00:63:4D:0A,-62,127,1.5,2.5,1.5
1783006670299,2026-07-02 17:37:50.299,C3:00:00:63:4D:08,-54,127,1.5,2.5,1.5
1783006670331,2026-07-02 17:37:50.331,C3:00:00:63:4D:0D,-54,127,1.5,2.5,1.5
1783006670341,2026-07-02 17:37:50.341,C3:00:00:63:4C:D2,-72,127,1.5,2.5,1.5
1783006670362,2026-07-02 17:37:50.362,C3:00:00:63:4D:07,-59,127,1.5,2.5,1.5
1783006670374,2026-07-02 17:37:50.374,C3:00:00:63:4D:04,-62,127,1.5,2.5,1.5
1783006670379,2026-07-02 17:37:50.379,C3:00:00:63:4D:05,-67,127,1.5,2.5,1.5
1783006670394,2026-07-02 17:37:50.394,C3:00:00:63:4D:0A,-53,127,1.5,2.5,1.5
1783006670400,2026-07-02 17:37:50.400,C3:00:00:63:4D:08,-57,127,1.5,2.5,1.5
1783006670416,2026-07-02 17:37:50.416,C3:00:00:63:4D:08,-63,127,1.5,2.5,1.5
1783006670436,2026-07-02 17:37:50.436,C3:00:00:63:4D:0D,-60,127,1.5,2.5,1.5
1783006670451,2026-07-02 17:37:50.451,C3:00:00:63:4D:09,-62,127,1.5,2.5,1.5
1783006670456,2026-07-02 17:37:50.456,C3:00:00:63:4C:D2,-68,127,1.5,2.5,1.5
1783006670468,2026-07-02 17:37:50.468,C3:00:00:63:4D:07,-58,127,1.5,2.5,1.5
1783006670484,2026-07-02 17:37:50.484,C3:00:00:63:4D:04,-58,127,1.5,2.5,1.5
1783006670492,2026-07-02 17:37:50.492,C3:00:00:63:4D:09,-62,127,1.5,2.5,1.5
1783006670502,2026-07-02 17:37:50.502,C3:00:00:63:4D:05,-58,127,1.5,2.5,1.5
1783006670535,2026-07-02 17:37:50.535,C3:00:00:63:4D:0D,-54,127,1.5,2.5,1.5
1783006670577,2026-07-02 17:37:50.577,C3:00:00:63:4C:D2,-63,127,1.5,2.5,1.5
1783006670597,2026-07-02 17:37:50.597,C3:00:00:63:4D:07,-54,127,1.5,2.5,1.5
1783006670602,2026-07-02 17:37:50.602,C3:00:00:63:4D:04,-62,127,1.5,2.5,1.5
1783006670620,2026-07-02 17:37:50.620,C3:00:00:63:4D:08,-58,127,1.5,2.5,1.5
1783006670625,2026-07-02 17:37:50.625,C3:00:00:63:4D:0A,-53,127,1.5,2.5,1.5
1783006670641,2026-07-02 17:37:50.641,C3:00:00:63:4D:0D,-54,127,1.5,2.5,1.5
1783006670688,2026-07-02 17:37:50.688,C3:00:00:63:4C:D2,-73,127,1.5,2.5,1.5
1783006670710,2026-07-02 17:37:50.710,C3:00:00:63:4D:04,-62,127,1.5,2.5,1.5
1783006670716,2026-07-02 17:37:50.716,C3:00:00:63:4D:07,-56,127,1.5,2.5,1.5
1783006670723,2026-07-02 17:37:50.723,C3:00:00:63:4D:09,-62,127,1.5,2.5,1.5
1783006670726,2026-07-02 17:37:50.726,C3:00:00:63:4D:07,-56,127,1.5,2.5,1.5
1783006670727,2026-07-02 17:37:50.727,C3:00:00:63:4D:0A,-55,127,1.5,2.5,1.5
1783006670739,2026-07-02 17:37:50.739,C3:00:00:63:4D:08,-61,127,1.5,2.5,1.5
1783006670758,2026-07-02 17:37:50.758,C3:00:00:63:4D:08,-69,127,1.5,2.5,1.5
1783006670800,2026-07-02 17:37:50.800,C3:00:00:63:4C:D2,-65,127,1.5,2.5,1.5
1783006670815,2026-07-02 17:37:50.815,C3:00:00:63:4D:04,-57,127,1.5,2.5,1.5
1783006670829,2026-07-02 17:37:50.829,C3:00:00:63:4D:07,-54,127,1.5,2.5,1.5
1783006670853,2026-07-02 17:37:50.853,C3:00:00:63:4D:05,-63,127,1.5,2.5,1.5
1783006670856,2026-07-02 17:37:50.856,C3:00:00:63:4D:08,-54,127,1.5,2.5,1.5
1783006670859,2026-07-02 17:37:50.859,C3:00:00:63:4D:0D,-54,127,1.5,2.5,1.5
1783006670861,2026-07-02 17:37:50.861,C3:00:00:63:4D:0A,-63,127,1.5,2.5,1.5
1783006670862,2026-07-02 17:37:50.862,C3:00:00:63:4D:05,-71,127,1.5,2.5,1.5
1783006670865,2026-07-02 17:37:50.865,C3:00:00:63:4D:0D,-54,127,1.5,2.5,1.5
1783006670867,2026-07-02 17:37:50.867,C3:00:00:63:4D:09,-60,127,1.5,2.5,1.5
1783006670898,2026-07-02 17:37:50.898,C3:00:00:63:4D:0D,-54,127,1.5,2.5,1.5
1783006670920,2026-07-02 17:37:50.920,C3:00:00:63:4D:04,-62,127,1.5,2.5,1.5
1783006670942,2026-07-02 17:37:50.942,C3:00:00:63:4D:09,-67,127,1.5,2.5,1.5
1783006670966,2026-07-02 17:37:50.966,C3:00:00:63:4D:05,-67,127,1.5,2.5,1.5
1783006671024,2026-07-02 17:37:51.024,C3:00:00:63:4D:04,-58,127,1.5,2.5,1.5
1783006671031,2026-07-02 17:37:51.031,C3:00:00:63:4C:D2,-64,127,1.5,2.5,1.5
1783006671044,2026-07-02 17:37:51.044,C3:00:00:63:4D:07,-56,127,1.5,2.5,1.5
1783006671059,2026-07-02 17:37:51.059,C3:00:00:63:4D:08,-60,127,1.5,2.5,1.5
1783006671061,2026-07-02 17:37:51.061,C3:00:00:63:4D:09,-63,127,1.5,2.5,1.5
1783006671069,2026-07-02 17:37:51.069,C3:00:00:63:4D:0D,-59,127,1.5,2.5,1.5
1783006671102,2026-07-02 17:37:51.102,C3:00:00:63:4D:05,-58,127,1.5,2.5,1.5
1783006671138,2026-07-02 17:37:51.138,C3:00:00:63:4D:04,-63,127,1.5,2.5,1.5
1783006671144,2026-07-02 17:37:51.144,C3:00:00:63:4D:09,-60,127,1.5,2.5,1.5
1783006671159,2026-07-02 17:37:51.159,C3:00:00:63:4C:D2,-61,127,1.5,2.5,1.5
1783006671161,2026-07-02 17:37:51.161,C3:00:00:63:4D:07,-55,127,1.5,2.5,1.5
1783006671165,2026-07-02 17:37:51.165,C3:00:00:63:4D:0D,-54,127,1.5,2.5,1.5
1783006671167,2026-07-02 17:37:51.167,C3:00:00:63:4D:08,-54,127,1.5,2.5,1.5
1783006671173,2026-07-02 17:37:51.173,C3:00:00:63:4D:09,-60,127,1.5,2.5,1.5
1783006671184,2026-07-02 17:37:51.184,C3:00:00:63:4D:05,-64,127,1.5,2.5,1.5
1783006671188,2026-07-02 17:37:51.188,C3:00:00:63:4D:0A,-61,127,1.5,2.5,1.5
1783006671250,2026-07-02 17:37:51.250,C3:00:00:63:4D:04,-62,127,1.5,2.5,1.5
1783006671255,2026-07-02 17:37:51.255,C3:00:00:63:4D:0A,-51,127,1.5,2.5,1.5
1783006671261,2026-07-02 17:37:51.261,C3:00:00:63:4C:D2,-73,127,1.5,2.5,1.5
1783006671279,2026-07-02 17:37:51.279,C3:00:00:63:4D:08,-58,127,1.5,2.5,1.5
1783006671280,2026-07-02 17:37:51.280,C3:00:00:63:4D:0D,-55,127,1.5,2.5,1.5
1783006671301,2026-07-02 17:37:51.301,C3:00:00:63:4D:05,-66,127,1.5,2.5,1.5
1783006671303,2026-07-02 17:37:51.303,C3:00:00:63:4D:0A,-51,127,1.5,2.5,1.5
1783006671350,2026-07-02 17:37:51.350,C3:00:00:63:4D:04,-58,127,1.5,2.5,1.5
1783006671368,2026-07-02 17:37:51.368,C3:00:00:63:4D:0D,-59,127,1.5,2.5,1.5
1783006671375,2026-07-02 17:37:51.375,C3:00:00:63:4C:D2,-64,127,1.5,2.5,1.5
1783006671381,2026-07-02 17:37:51.381,C3:00:00:63:4D:08,-60,127,1.5,2.5,1.5
1783006671389,2026-07-02 17:37:51.389,C3:00:00:63:4D:07,-56,127,1.5,2.5,1.5
1783006671401,2026-07-02 17:37:51.401,C3:00:00:63:4D:09,-63,127,1.5,2.5,1.5
1783006671406,2026-07-02 17:37:51.406,C3:00:00:63:4D:0A,-55,127,1.5,2.5,1.5
1783006671420,2026-07-02 17:37:51.420,C3:00:00:63:4D:05,-64,127,1.5,2.5,1.5
1783006671461,2026-07-02 17:37:51.461,C3:00:00:63:4D:04,-62,127,1.5,2.5,1.5
1783006671483,2026-07-02 17:37:51.483,C3:00:00:63:4D:0D,-54,127,1.5,2.5,1.5
1783006671508,2026-07-02 17:37:51.508,C3:00:00:63:4D:08,-54,127,1.5,2.5,1.5
1783006671517,2026-07-02 17:37:51.517,C3:00:00:63:4D:07,-54,127,1.5,2.5,1.5
1783006671524,2026-07-02 17:37:51.524,C3:00:00:63:4D:09,-59,127,1.5,2.5,1.5
1783006671534,2026-07-02 17:37:51.534,C3:00:00:63:4D:05,-64,127,1.5,2.5,1.5
1783006671569,2026-07-02 17:37:51.569,C3:00:00:63:4D:04,-60,127,1.5,2.5,1.5
1783006671591,2026-07-02 17:37:51.591,C3:00:00:63:4D:0D,-54,127,1.5,2.5,1.5
1783006671612,2026-07-02 17:37:51.612,C3:00:00:63:4D:08,-58,127,1.5,2.5,1.5
1783006671618,2026-07-02 17:37:51.618,C3:00:00:63:4C:D2,-71,127,1.5,2.5,1.5
1783006671627,2026-07-02 17:37:51.627,C3:00:00:63:4D:04,-60,127,1.5,2.5,1.5
1783006671635,2026-07-02 17:37:51.635,C3:00:00:63:4D:09,-62,127,1.5,2.5,1.5
1783006671637,2026-07-02 17:37:51.637,C3:00:00:63:4D:04,-58,127,1.5,2.5,1.5
1783006671640,2026-07-02 17:37:51.640,C3:00:00:63:4D:0A,-55,127,1.5,2.5,1.5
1783006671649,2026-07-02 17:37:51.649,C3:00:00:63:4D:05,-58,127,1.5,2.5,1.5
1783006671683,2026-07-02 17:37:51.683,C3:00:00:63:4D:04,-58,127,1.5,2.5,1.5
1783006671686,2026-07-02 17:37:51.686,C3:00:00:63:4D:0D,-59,127,1.5,2.5,1.5
1783006671710,2026-07-02 17:37:51.710,C3:00:00:63:4D:08,-60,127,1.5,2.5,1.5
1783006671733,2026-07-02 17:37:51.733,C3:00:00:63:4D:05,-64,127,1.5,2.5,1.5
1783006671747,2026-07-02 17:37:51.747,C3:00:00:63:4D:07,-53,127,1.5,2.5,1.5
1783006671752,2026-07-02 17:37:51.752,C3:00:00:63:4D:09,-60,127,1.5,2.5,1.5
1783006671756,2026-07-02 17:37:51.756,C3:00:00:63:4D:0A,-61,127,1.5,2.5,1.5
1783006671760,2026-07-02 17:37:51.760,C3:00:00:63:4D:05,-64,127,1.5,2.5,1.5
1783006671785,2026-07-02 17:37:51.785,C3:00:00:63:4D:04,-63,127,1.5,2.5,1.5
1783006671792,2026-07-02 17:37:51.792,C3:00:00:63:4D:0D,-54,127,1.5,2.5,1.5
1783006671808,2026-07-02 17:37:51.808,C3:00:00:63:4C:D2,-62,127,1.5,2.5,1.5
1783006671823,2026-07-02 17:37:51.823,C3:00:00:63:4D:08,-58,127,1.5,2.5,1.5
1783006671835,2026-07-02 17:37:51.835,C3:00:00:63:4C:D2,-73,127,1.5,2.5,1.5
1783006671852,2026-07-02 17:37:51.852,C3:00:00:63:4D:08,-58,127,1.5,2.5,1.5
1783006671871,2026-07-02 17:37:51.871,C3:00:00:63:4D:0A,-51,127,1.5,2.5,1.5
1783006671885,2026-07-02 17:37:51.885,C3:00:00:63:4D:05,-66,127,1.5,2.5,1.5
1783006671891,2026-07-02 17:37:51.891,C3:00:00:63:4D:0A,-51,127,1.5,2.5,1.5
1783006671901,2026-07-02 17:37:51.901,C3:00:00:63:4D:0D,-55,127,1.5,2.5,1.5
1783006671909,2026-07-02 17:37:51.909,C3:00:00:63:4D:04,-62,127,1.5,2.5,1.5
1783006671926,2026-07-02 17:37:51.926,C3:00:00:63:4D:08,-61,127,1.5,2.5,1.5
1783006671950,2026-07-02 17:37:51.950,C3:00:00:63:4C:D2,-64,127,1.5,2.5,1.5
1783006671969,2026-07-02 17:37:51.969,C3:00:00:63:4D:07,-56,127,1.5,2.5,1.5
1783006671973,2026-07-02 17:37:51.973,C3:00:00:63:4D:09,-63,127,1.5,2.5,1.5
1783006671982,2026-07-02 17:37:51.982,C3:00:00:63:4D:0D,-67,127,1.5,2.5,1.5
1783006671988,2026-07-02 17:37:51.988,C3:00:00:63:4D:0A,-55,127,1.5,2.5,1.5
1783006672035,2026-07-02 17:37:52.035,C3:00:00:63:4D:08,-54,127,1.5,2.5,1.5
1783006672069,2026-07-02 17:37:52.069,C3:00:00:63:4C:D2,-62,127,1.5,2.5,1.5
1783006672115,2026-07-02 17:37:52.115,C3:00:00:63:4D:0A,-69,127,1.5,2.5,1.5
1783006672122,2026-07-02 17:37:52.122,C3:00:00:63:4D:04,-61,127,1.5,2.5,1.5
1783006672185,2026-07-02 17:37:52.185,C3:00:00:63:4C:D2,-71,127,1.5,2.5,1.5
1783006672217,2026-07-02 17:37:52.217,C3:00:00:63:4D:07,-56,127,1.5,2.5,1.5
1783006672219,2026-07-02 17:37:52.219,C3:00:00:63:4D:0A,-52,127,1.5,2.5,1.5
1783006672220,2026-07-02 17:37:52.220,C3:00:00:63:4D:09,-63,127,1.5,2.5,1.5
1783006672254,2026-07-02 17:37:52.254,C3:00:00:63:4D:08,-63,127,1.5,2.5,1.5
1783006672295,2026-07-02 17:37:52.295,C3:00:00:63:4C:D2,-64,127,1.5,2.5,1.5
1783006672306,2026-07-02 17:37:52.306,C3:00:00:63:4D:09,-62,127,1.5,2.5,1.5
1783006672325,2026-07-02 17:37:52.325,C3:00:00:63:4D:07,-54,127,1.5,2.5,1.5
1783006672333,2026-07-02 17:37:52.333,C3:00:00:63:4D:0D,-54,127,1.5,2.5,1.5
1783006672343,2026-07-02 17:37:52.343,C3:00:00:63:4D:04,-61,127,1.5,2.5,1.5
1783006672344,2026-07-02 17:37:52.344,C3:00:00:63:4D:05,-63,127,1.5,2.5,1.5
1783006672399,2026-07-02 17:37:52.399,C3:00:00:63:4C:D2,-69,127,1.5,2.5,1.5
1783006672429,2026-07-02 17:37:52.429,C3:00:00:63:4D:0D,-54,127,1.5,2.5,1.5
1783006672433,2026-07-02 17:37:52.433,C3:00:00:63:4D:0A,-52,127,1.5,2.5,1.5
1783006672441,2026-07-02 17:37:52.441,C3:00:00:63:4D:04,-60,127,1.5,2.5,1.5
1783006672456,2026-07-02 17:37:52.456,C3:00:00:63:4D:05,-63,127,1.5,2.5,1.5
1783006672472,2026-07-02 17:37:52.472,C3:00:00:63:4D:08,-57,127,1.5,2.5,1.5
1783006672530,2026-07-02 17:37:52.530,C3:00:00:63:4C:D2,-67,127,1.5,2.5,1.5
1783006672536,2026-07-02 17:37:52.536,C3:00:00:63:4D:0D,-60,127,1.5,2.5,1.5
1783006672543,2026-07-02 17:37:52.543,C3:00:00:63:4D:09,-62,127,1.5,2.5,1.5
1783006672565,2026-07-02 17:37:52.565,C3:00:00:63:4D:05,-58,127,1.5,2.5,1.5
1783006672584,2026-07-02 17:37:52.584,C3:00:00:63:4D:08,-63,127,1.5,2.5,1.5
1783006672636,2026-07-02 17:37:52.636,C3:00:00:63:4D:0D,-54,127,1.5,2.5,1.5
1783006672641,2026-07-02 17:37:52.641,C3:00:00:63:4D:09,-66,127,1.5,2.5,1.5
1783006672653,2026-07-02 17:37:52.653,C3:00:00:63:4C:D2,-61,127,1.5,2.5,1.5
1783006672658,2026-07-02 17:37:52.658,C3:00:00:63:4D:0A,-60,127,1.5,2.5,1.5
1783006672670,2026-07-02 17:37:52.670,C3:00:00:63:4D:09,-59,127,1.5,2.5,1.5
1783006672675,2026-07-02 17:37:52.675,C3:00:00:63:4D:04,-61,127,1.5,2.5,1.5
1783006672681,2026-07-02 17:37:52.681,C3:00:00:63:4D:05,-63,127,1.5,2.5,1.5
1783006672686,2026-07-02 17:37:52.686,C3:00:00:63:4D:08,-54,127,1.5,2.5,1.5
1783006672736,2026-07-02 17:37:52.736,C3:00:00:63:4D:07,-56,127,1.5,2.5,1.5
1783006672741,2026-07-02 17:37:52.741,C3:00:00:63:4D:0D,-54,127,1.5,2.5,1.5
1783006672758,2026-07-02 17:37:52.758,C3:00:00:63:4C:D2,-70,127,1.5,2.5,1.5
1783006672772,2026-07-02 17:37:52.772,C3:00:00:63:4D:0A,-52,127,1.5,2.5,1.5
1783006672778,2026-07-02 17:37:52.778,C3:00:00:63:4D:09,-63,127,1.5,2.5,1.5
1783006672784,2026-07-02 17:37:52.784,C3:00:00:63:4D:04,-60,127,1.5,2.5,1.5
1783006672794,2026-07-02 17:37:52.794,C3:00:00:63:4D:07,-56,127,1.5,2.5,1.5
1783006672799,2026-07-02 17:37:52.799,C3:00:00:63:4D:08,-57,127,1.5,2.5,1.5
1783006672801,2026-07-02 17:37:52.801,C3:00:00:63:4D:0A,-52,127,1.5,2.5,1.5
1783006672843,2026-07-02 17:37:52.843,C3:00:00:63:4D:0D,-60,127,1.5,2.5,1.5
1783006672873,2026-07-02 17:37:52.873,C3:00:00:63:4C:D2,-67,127,1.5,2.5,1.5
1783006672881,2026-07-02 17:37:52.881,C3:00:00:63:4D:0D,-60,127,1.5,2.5,1.5
1783006672891,2026-07-02 17:37:52.891,C3:00:00:63:4D:09,-62,127,1.5,2.5,1.5
1783006672894,2026-07-02 17:37:52.894,C3:00:00:63:4D:05,-58,127,1.5,2.5,1.5
1783006672902,2026-07-02 17:37:52.902,C3:00:00:63:4D:04,-58,127,1.5,2.5,1.5
1783006672904,2026-07-02 17:37:52.904,C3:00:00:63:4D:09,-62,127,1.5,2.5,1.5
1783006672910,2026-07-02 17:37:52.910,C3:00:00:63:4D:05,-56,127,1.5,2.5,1.5
1783006672915,2026-07-02 17:37:52.915,C3:00:00:63:4D:0D,-54,127,1.5,2.5,1.5
1783006672953,2026-07-02 17:37:52.953,C3:00:00:63:4D:0D,-54,127,1.5,2.5,1.5
1783006673002,2026-07-02 17:37:53.002,C3:00:00:63:4D:07,-54,127,1.5,2.5,1.5
1783006673020,2026-07-02 17:37:53.020,C3:00:00:63:4D:08,-57,127,1.5,2.5,1.5
1783006673031,2026-07-02 17:37:53.031,C3:00:00:63:4D:05,-63,127,1.5,2.5,1.5
1783006673062,2026-07-02 17:37:53.062,C3:00:00:63:4D:0D,-55,127,1.5,2.5,1.5
1783006673104,2026-07-02 17:37:53.104,C3:00:00:63:4C:D2,-72,127,1.5,2.5,1.5
1783006673114,2026-07-02 17:37:53.114,C3:00:00:63:4D:0A,-51,127,1.5,2.5,1.5
1783006673124,2026-07-02 17:37:53.124,C3:00:00:63:4D:07,-57,127,1.5,2.5,1.5
1783006673132,2026-07-02 17:37:53.132,C3:00:00:63:4D:08,-60,127,1.5,2.5,1.5
1783006673139,2026-07-02 17:37:53.139,C3:00:00:63:4D:05,-58,127,1.5,2.5,1.5
1783006673151,2026-07-02 17:37:53.151,C3:00:00:63:4D:09,-63,127,1.5,2.5,1.5
1783006673155,2026-07-02 17:37:53.155,C3:00:00:63:4D:0D,-59,127,1.5,2.5,1.5
1783006673210,2026-07-02 17:37:53.210,C3:00:00:63:4D:04,-58,127,1.5,2.5,1.5
1783006673222,2026-07-02 17:37:53.222,C3:00:00:63:4D:0A,-61,127,1.5,2.5,1.5
1783006673226,2026-07-02 17:37:53.226,C3:00:00:63:4D:09,-59,127,1.5,2.5,1.5
1783006673232,2026-07-02 17:37:53.232,C3:00:00:63:4C:D2,-62,127,1.5,2.5,1.5
1783006673237,2026-07-02 17:37:53.237,C3:00:00:63:4D:08,-54,127,1.5,2.5,1.5
1783006673257,2026-07-02 17:37:53.257,C3:00:00:63:4D:05,-64,127,1.5,2.5,1.5
1783006673267,2026-07-02 17:37:53.267,C3:00:00:63:4D:0A,-61,127,1.5,2.5,1.5
1783006673268,2026-07-02 17:37:53.268,C3:00:00:63:4D:0D,-54,127,1.5,2.5,1.5
1783006673316,2026-07-02 17:37:53.316,C3:00:00:63:4D:04,-62,127,1.5,2.5,1.5
1783006673332,2026-07-02 17:37:53.332,C3:00:00:63:4D:0A,-51,127,1.5,2.5,1.5
1783006673348,2026-07-02 17:37:53.348,C3:00:00:63:4C:D2,-72,127,1.5,2.5,1.5
1783006673350,2026-07-02 17:37:53.350,C3:00:00:63:4D:09,-67,127,1.5,2.5,1.5
1783006673356,2026-07-02 17:37:53.356,C3:00:00:63:4D:08,-58,127,1.5,2.5,1.5
1783006673357,2026-07-02 17:37:53.357,C3:00:00:63:4D:07,-58,127,1.5,2.5,1.5
1783006673369,2026-07-02 17:37:53.369,C3:00:00:63:4D:05,-66,127,1.5,2.5,1.5
1783006673376,2026-07-02 17:37:53.376,C3:00:00:63:4D:0D,-55,127,1.5,2.5,1.5
1783006673380,2026-07-02 17:37:53.380,C3:00:00:63:4D:07,-65,127,1.5,2.5,1.5
1783006673418,2026-07-02 17:37:53.418,C3:00:00:63:4D:04,-58,127,1.5,2.5,1.5
1783006673452,2026-07-02 17:37:53.452,C3:00:00:63:4D:0A,-55,127,1.5,2.5,1.5
1783006673455,2026-07-02 17:37:53.455,C3:00:00:63:4C:D2,-64,127,1.5,2.5,1.5
1783006673460,2026-07-02 17:37:53.460,C3:00:00:63:4D:07,-56,127,1.5,2.5,1.5
1783006673471,2026-07-02 17:37:53.471,C3:00:00:63:4D:0D,-59,127,1.5,2.5,1.5
1783006673488,2026-07-02 17:37:53.488,C3:00:00:63:4D:05,-58,127,1.5,2.5,1.5
1783006673536,2026-07-02 17:37:53.536,C3:00:00:63:4D:04,-63,127,1.5,2.5,1.5
1783006673559,2026-07-02 17:37:53.559,C3:00:00:63:4D:0A,-61,127,1.5,2.5,1.5
1783006673564,2026-07-02 17:37:53.564,C3:00:00:63:4D:08,-54,127,1.5,2.5,1.5
1783006673571,2026-07-02 17:37:53.571,C3:00:00:63:4D:09,-60,127,1.5,2.5,1.5
1783006673601,2026-07-02 17:37:53.601,C3:00:00:63:4D:05,-64,127,1.5,2.5,1.5
1783006673616,2026-07-02 17:37:53.616,C3:00:00:63:4D:04,-64,127,1.5,2.5,1.5
1783006673656,2026-07-02 17:37:53.656,C3:00:00:63:4D:04,-62,127,1.5,2.5,1.5
1783006673681,2026-07-02 17:37:53.681,C3:00:00:63:4D:08,-58,127,1.5,2.5,1.5
1783006673686,2026-07-02 17:37:53.686,C3:00:00:63:4C:D2,-72,127,1.5,2.5,1.5
1783006673695,2026-07-02 17:37:53.695,C3:00:00:63:4D:0D,-56,127,1.5,2.5,1.5
1783006673699,2026-07-02 17:37:53.699,C3:00:00:63:4D:07,-58,127,1.5,2.5,1.5
1783006673752,2026-07-02 17:37:53.752,C3:00:00:63:4D:05,-58,127,1.5,2.5,1.5
1783006673763,2026-07-02 17:37:53.763,C3:00:00:63:4D:04,-58,127,1.5,2.5,1.5
1783006673785,2026-07-02 17:37:53.785,C3:00:00:63:4D:08,-61,127,1.5,2.5,1.5
1783006673790,2026-07-02 17:37:53.790,C3:00:00:63:4D:0D,-59,127,1.5,2.5,1.5
1783006673796,2026-07-02 17:37:53.796,C3:00:00:63:4D:0A,-55,127,1.5,2.5,1.5
1783006673802,2026-07-02 17:37:53.802,C3:00:00:63:4D:09,-62,127,1.5,2.5,1.5
1783006673819,2026-07-02 17:37:53.819,C3:00:00:63:4D:07,-56,127,1.5,2.5,1.5
1783006673827,2026-07-02 17:37:53.827,C3:00:00:63:4C:D2,-62,127,1.5,2.5,1.5
1783006673832,2026-07-02 17:37:53.832,C3:00:00:63:4D:05,-64,127,1.5,2.5,1.5
1783006673839,2026-07-02 17:37:53.839,C3:00:00:63:4C:D2,-62,127,1.5,2.5,1.5
1783006673849,2026-07-02 17:37:53.849,C3:00:00:63:4D:08,-54,127,1.5,2.5,1.5
1783006673856,2026-07-02 17:37:53.856,C3:00:00:63:4D:04,-62,127,1.5,2.5,1.5
1783006673862,2026-07-02 17:37:53.862,C3:00:00:63:4D:0D,-54,127,1.5,2.5,1.5
1783006673877,2026-07-02 17:37:53.877,C3:00:00:63:4D:0A,-62,127,1.5,2.5,1.5
1783006673892,2026-07-02 17:37:53.892,C3:00:00:63:4D:08,-54,127,1.5,2.5,1.5
1783006673898,2026-07-02 17:37:53.898,C3:00:00:63:4D:0D,-54,127,1.5,2.5,1.5
1783006673906,2026-07-02 17:37:53.906,C3:00:00:63:4D:0A,-61,127,1.5,2.5,1.5
1783006673912,2026-07-02 17:37:53.912,C3:00:00:63:4C:D2,-62,127,1.5,2.5,1.5
1783006673915,2026-07-02 17:37:53.915,C3:00:00:63:4D:09,-60,127,1.5,2.5,1.5
1783006673921,2026-07-02 17:37:53.921,C3:00:00:63:4D:07,-58,127,1.5,2.5,1.5
1783006673946,2026-07-02 17:37:53.946,C3:00:00:63:4D:05,-66,127,1.5,2.5,1.5
1783006674005,2026-07-02 17:37:54.005,C3:00:00:63:4D:0D,-55,127,1.5,2.5,1.5
1783006674016,2026-07-02 17:37:54.016,C3:00:00:63:4D:0A,-52,127,1.5,2.5,1.5
1783006674032,2026-07-02 17:37:54.032,C3:00:00:63:4C:D2,-64,127,1.5,2.5,1.5
1783006674037,2026-07-02 17:37:54.037,C3:00:00:63:4D:09,-63,127,1.5,2.5,1.5
1783006674039,2026-07-02 17:37:54.039,C3:00:00:63:4D:07,-56,127,1.5,2.5,1.5
1783006674081,2026-07-02 17:37:54.081,C3:00:00:63:4D:04,-58,127,1.5,2.5,1.5
1783006674111,2026-07-02 17:37:54.111,C3:00:00:63:4D:0D,-59,127,1.5,2.5,1.5
1783006674118,2026-07-02 17:37:54.118,C3:00:00:63:4D:08,-60,127,1.5,2.5,1.5
1783006674133,2026-07-02 17:37:54.133,C3:00:00:63:4D:0A,-61,127,1.5,2.5,1.5
1783006674138,2026-07-02 17:37:54.138,C3:00:00:63:4D:09,-60,127,1.5,2.5,1.5
1783006674141,2026-07-02 17:37:54.141,C3:00:00:63:4C:D2,-62,127,1.5,2.5,1.5
1783006674152,2026-07-02 17:37:54.152,C3:00:00:63:4D:07,-54,127,1.5,2.5,1.5
1783006674171,2026-07-02 17:37:54.171,C3:00:00:63:4D:05,-64,127,1.5,2.5,1.5
1783006674192,2026-07-02 17:37:54.192,C3:00:00:63:4D:04,-62,127,1.5,2.5,1.5
1783006674215,2026-07-02 17:37:54.215,C3:00:00:63:4D:0D,-54,127,1.5,2.5,1.5
1783006674221,2026-07-02 17:37:54.221,C3:00:00:63:4D:08,-58,127,1.5,2.5,1.5
1783006674244,2026-07-02 17:37:54.244,C3:00:00:63:4D:0A,-52,127,1.5,2.5,1.5
1783006674253,2026-07-02 17:37:54.253,C3:00:00:63:4D:09,-67,127,1.5,2.5,1.5
1783006674262,2026-07-02 17:37:54.262,C3:00:00:63:4C:D2,-72,127,1.5,2.5,1.5
1783006674295,2026-07-02 17:37:54.295,C3:00:00:63:4D:05,-66,127,1.5,2.5,1.5
1783006674300,2026-07-02 17:37:54.300,C3:00:00:63:4D:04,-62,127,1.5,2.5,1.5
1783006674328,2026-07-02 17:37:54.328,C3:00:00:63:4D:08,-60,127,1.5,2.5,1.5
1783006674360,2026-07-02 17:37:54.360,C3:00:00:63:4D:0A,-55,127,1.5,2.5,1.5
1783006674366,2026-07-02 17:37:54.366,C3:00:00:63:4D:09,-63,127,1.5,2.5,1.5
1783006674371,2026-07-02 17:37:54.371,C3:00:00:63:4C:D2,-64,127,1.5,2.5,1.5
1783006674391,2026-07-02 17:37:54.391,C3:00:00:63:4D:07,-56,127,1.5,2.5,1.5
1783006674404,2026-07-02 17:37:54.404,C3:00:00:63:4D:05,-58,127,1.5,2.5,1.5
1783006674407,2026-07-02 17:37:54.407,C3:00:00:63:4D:04,-58,127,1.5,2.5,1.5
1783006674424,2026-07-02 17:37:54.424,C3:00:00:63:4D:0D,-54,127,1.5,2.5,1.5
1783006674431,2026-07-02 17:37:54.431,C3:00:00:63:4D:08,-54,127,1.5,2.5,1.5
1783006674458,2026-07-02 17:37:54.458,C3:00:00:63:4D:08,-54,127,1.5,2.5,1.5
1783006674466,2026-07-02 17:37:54.466,C3:00:00:63:4D:09,-60,127,1.5,2.5,1.5
1783006674472,2026-07-02 17:37:54.472,C3:00:00:63:4D:0A,-60,127,1.5,2.5,1.5
1783006674479,2026-07-02 17:37:54.479,C3:00:00:63:4D:09,-59,127,1.5,2.5,1.5
1783006674482,2026-07-02 17:37:54.482,C3:00:00:63:4C:D2,-61,127,1.5,2.5,1.5
1783006674496,2026-07-02 17:37:54.496,C3:00:00:63:4D:07,-54,127,1.5,2.5,1.5
1783006674518,2026-07-02 17:37:54.518,C3:00:00:63:4D:04,-61,127,1.5,2.5,1.5
1783006674524,2026-07-02 17:37:54.524,C3:00:00:63:4D:0D,-55,127,1.5,2.5,1.5
1783006674532,2026-07-02 17:37:54.532,C3:00:00:63:4D:05,-66,127,1.5,2.5,1.5
1783006674548,2026-07-02 17:37:54.548,C3:00:00:63:4D:08,-57,127,1.5,2.5,1.5
1783006674576,2026-07-02 17:37:54.576,C3:00:00:63:4D:0A,-52,127,1.5,2.5,1.5
1783006674588,2026-07-02 17:37:54.588,C3:00:00:63:4D:09,-64,127,1.5,2.5,1.5
1783006674609,2026-07-02 17:37:54.609,C3:00:00:63:4C:D2,-71,127,1.5,2.5,1.5
1783006674628,2026-07-02 17:37:54.628,C3:00:00:63:4D:04,-58,127,1.5,2.5,1.5
1783006674635,2026-07-02 17:37:54.635,C3:00:00:63:4D:0D,-60,127,1.5,2.5,1.5
1783006674638,2026-07-02 17:37:54.638,C3:00:00:63:4D:05,-58,127,1.5,2.5,1.5
1783006674647,2026-07-02 17:37:54.647,C3:00:00:63:4D:08,-63,127,1.5,2.5,1.5
1783006674711,2026-07-02 17:37:54.711,C3:00:00:63:4C:D2,-67,127,1.5,2.5,1.5
1783006674717,2026-07-02 17:37:54.717,C3:00:00:63:4D:09,-62,127,1.5,2.5,1.5
1783006674746,2026-07-02 17:37:54.746,C3:00:00:63:4D:04,-61,127,1.5,2.5,1.5
1783006674751,2026-07-02 17:37:54.751,C3:00:00:63:4D:0D,-54,127,1.5,2.5,1.5
1783006674755,2026-07-02 17:37:54.755,C3:00:00:63:4D:08,-54,127,1.5,2.5,1.5
1783006674757,2026-07-02 17:37:54.757,C3:00:00:63:4D:07,-54,127,1.5,2.5,1.5
1783006674760,2026-07-02 17:37:54.760,C3:00:00:63:4D:05,-63,127,1.5,2.5,1.5
1783006674762,2026-07-02 17:37:54.762,C3:00:00:63:4D:08,-62,127,1.5,2.5,1.5
1783006674784,2026-07-02 17:37:54.784,C3:00:00:63:4D:08,-54,127,1.5,2.5,1.5
1783006674800,2026-07-02 17:37:54.800,C3:00:00:63:4D:0A,-60,127,1.5,2.5,1.5
1783006674826,2026-07-02 17:37:54.826,C3:00:00:63:4D:09,-63,127,1.5,2.5,1.5
1783006674831,2026-07-02 17:37:54.831,C3:00:00:63:4C:D2,-71,127,1.5,2.5,1.5
1783006674839,2026-07-02 17:37:54.839,C3:00:00:63:4D:04,-62,127,1.5,2.5,1.5
1783006674853,2026-07-02 17:37:54.853,C3:00:00:63:4D:05,-74,127,1.5,2.5,1.5
1783006674876,2026-07-02 17:37:54.876,C3:00:00:63:4D:09,-67,127,1.5,2.5,1.5
1783006674880,2026-07-02 17:37:54.880,C3:00:00:63:4D:05,-66,127,1.5,2.5,1.5
1783006674883,2026-07-02 17:37:54.883,C3:00:00:63:4D:08,-58,127,1.5,2.5,1.5
1783006674887,2026-07-02 17:37:54.887,C3:00:00:63:4D:0D,-55,127,1.5,2.5,1.5
1783006674932,2026-07-02 17:37:54.932,C3:00:00:63:4D:09,-63,127,1.5,2.5,1.5
1783006674952,2026-07-02 17:37:54.952,C3:00:00:63:4D:04,-57,127,1.5,2.5,1.5
1783006674963,2026-07-02 17:37:54.963,C3:00:00:63:4D:07,-56,127,1.5,2.5,1.5
1783006674986,2026-07-02 17:37:54.986,C3:00:00:63:4D:05,-58,127,1.5,2.5,1.5
1783006675029,2026-07-02 17:37:55.029,C3:00:00:63:4D:0A,-61,127,1.5,2.5,1.5
1783006675051,2026-07-02 17:37:55.051,C3:00:00:63:4D:0D,-54,127,1.5,2.5,1.5
1783006675066,2026-07-02 17:37:55.066,C3:00:00:63:4D:09,-60,127,1.5,2.5,1.5
1783006675068,2026-07-02 17:37:55.068,C3:00:00:63:4C:D2,-62,127,1.5,2.5,1.5
1783006675071,2026-07-02 17:37:55.071,C3:00:00:63:4D:04,-62,127,1.5,2.5,1.5
1783006675072,2026-07-02 17:37:55.072,C3:00:00:63:4D:07,-54,127,1.5,2.5,1.5
1783006675086,2026-07-02 17:37:55.086,C3:00:00:63:4D:08,-54,127,1.5,2.5,1.5
1783006675088,2026-07-02 17:37:55.088,C3:00:00:63:4D:05,-64,127,1.5,2.5,1.5
1783006675146,2026-07-02 17:37:55.146,C3:00:00:63:4D:0A,-51,127,1.5,2.5,1.5
1783006675154,2026-07-02 17:37:55.154,C3:00:00:63:4D:0D,-55,127,1.5,2.5,1.5
1783006675163,2026-07-02 17:37:55.163,C3:00:00:63:4D:09,-67,127,1.5,2.5,1.5
1783006675170,2026-07-02 17:37:55.170,C3:00:00:63:4D:04,-62,127,1.5,2.5,1.5
1783006675178,2026-07-02 17:37:55.178,C3:00:00:63:4D:09,-64,127,1.5,2.5,1.5
1783006675190,2026-07-02 17:37:55.190,C3:00:00:63:4D:07,-58,127,1.5,2.5,1.5
1783006675193,2026-07-02 17:37:55.193,C3:00:00:63:4D:04,-62,127,1.5,2.5,1.5
1783006675203,2026-07-02 17:37:55.203,C3:00:00:63:4D:08,-58,127,1.5,2.5,1.5
1783006675258,2026-07-02 17:37:55.258,C3:00:00:63:4D:0D,-59,127,1.5,2.5,1.5
1783006675263,2026-07-02 17:37:55.263,C3:00:00:63:4D:0A,-55,127,1.5,2.5,1.5
1783006675285,2026-07-02 17:37:55.285,C3:00:00:63:4C:D2,-64,127,1.5,2.5,1.5
1783006675290,2026-07-02 17:37:55.290,C3:00:00:63:4D:0A,-55,127,1.5,2.5,1.5
1783006675298,2026-07-02 17:37:55.298,C3:00:00:63:4D:07,-56,127,1.5,2.5,1.5
1783006675303,2026-07-02 17:37:55.303,C3:00:00:63:4D:08,-60,127,1.5,2.5,1.5
1783006675321,2026-07-02 17:37:55.321,C3:00:00:63:4D:05,-64,127,1.5,2.5,1.5
1783006675366,2026-07-02 17:37:55.366,C3:00:00:63:4D:0A,-62,127,1.5,2.5,1.5
1783006675372,2026-07-02 17:37:55.372,C3:00:00:63:4D:0D,-54,127,1.5,2.5,1.5
1783006675385,2026-07-02 17:37:55.385,C3:00:00:63:4D:04,-62,127,1.5,2.5,1.5
1783006675389,2026-07-02 17:37:55.389,C3:00:00:63:4D:09,-60,127,1.5,2.5,1.5
1783006675397,2026-07-02 17:37:55.397,C3:00:00:63:4C:D2,-62,127,1.5,2.5,1.5
1783006675414,2026-07-02 17:37:55.414,C3:00:00:63:4D:07,-59,127,1.5,2.5,1.5
1783006675441,2026-07-02 17:37:55.441,C3:00:00:63:4D:05,-66,127,1.5,2.5,1.5
1783006675470,2026-07-02 17:37:55.470,C3:00:00:63:4D:0D,-55,127,1.5,2.5,1.5
1783006675486,2026-07-02 17:37:55.486,C3:00:00:63:4D:0A,-52,127,1.5,2.5,1.5
1783006675496,2026-07-02 17:37:55.496,C3:00:00:63:4D:04,-62,127,1.5,2.5,1.5
1783006675515,2026-07-02 17:37:55.515,C3:00:00:63:4D:09,-67,127,1.5,2.5,1.5
1783006675521,2026-07-02 17:37:55.521,C3:00:00:63:4C:D2,-64,127,1.5,2.5,1.5
1783006675536,2026-07-02 17:37:55.536,C3:00:00:63:4D:07,-56,127,1.5,2.5,1.5
1783006675553,2026-07-02 17:37:55.553,C3:00:00:63:4D:05,-58,127,1.5,2.5,1.5
1783006675580,2026-07-02 17:37:55.580,C3:00:00:63:4D:0D,-59,127,1.5,2.5,1.5
1783006675586,2026-07-02 17:37:55.586,C3:00:00:63:4D:04,-65,127,1.5,2.5,1.5
1783006675596,2026-07-02 17:37:55.596,C3:00:00:63:4D:0A,-55,127,1.5,2.5,1.5
1783006675606,2026-07-02 17:37:55.606,C3:00:00:63:4D:04,-58,127,1.5,2.5,1.5
1783006675621,2026-07-02 17:37:55.621,C3:00:00:63:4D:04,-62,127,1.5,2.5,1.5
1783006675635,2026-07-02 17:37:55.635,C3:00:00:63:4D:08,-54,127,1.5,2.5,1.5
1783006675641,2026-07-02 17:37:55.641,C3:00:00:63:4D:04,-63,127,1.5,2.5,1.5
1783006675650,2026-07-02 17:37:55.650,C3:00:00:63:4D:07,-54,127,1.5,2.5,1.5
1783006675667,2026-07-02 17:37:55.667,C3:00:00:63:4D:05,-64,127,1.5,2.5,1.5
1783006675681,2026-07-02 17:37:55.681,C3:00:00:63:4D:0D,-54,127,1.5,2.5,1.5
1783006675707,2026-07-02 17:37:55.707,C3:00:00:63:4D:0A,-61,127,1.5,2.5,1.5
1783006675722,2026-07-02 17:37:55.722,C3:00:00:63:4D:04,-62,127,1.5,2.5,1.5
1783006675733,2026-07-02 17:37:55.733,C3:00:00:63:4D:09,-67,127,1.5,2.5,1.5
1783006675765,2026-07-02 17:37:55.765,C3:00:00:63:4D:05,-67,127,1.5,2.5,1.5
1783006675772,2026-07-02 17:37:55.772,C3:00:00:63:4D:07,-58,127,1.5,2.5,1.5
1783006675786,2026-07-02 17:37:55.786,C3:00:00:63:4D:05,-66,127,1.5,2.5,1.5
1783006675788,2026-07-02 17:37:55.788,C3:00:00:63:4D:0D,-55,127,1.5,2.5,1.5
1783006675823,2026-07-02 17:37:55.823,C3:00:00:63:4D:04,-57,127,1.5,2.5,1.5
1783006675830,2026-07-02 17:37:55.830,C3:00:00:63:4D:0A,-55,127,1.5,2.5,1.5
1783006675837,2026-07-02 17:37:55.837,C3:00:00:63:4C:D2,-65,127,1.5,2.5,1.5
1783006675850,2026-07-02 17:37:55.850,C3:00:00:63:4D:09,-63,127,1.5,2.5,1.5
1783006675853,2026-07-02 17:37:55.853,C3:00:00:63:4C:D2,-64,127,1.5,2.5,1.5
1783006675858,2026-07-02 17:37:55.858,C3:00:00:63:4D:08,-60,127,1.5,2.5,1.5
1783006675862,2026-07-02 17:37:55.862,C3:00:00:63:4C:D2,-64,127,1.5,2.5,1.5
1783006675870,2026-07-02 17:37:55.870,C3:00:00:63:4D:08,-60,127,1.5,2.5,1.5
1783006675879,2026-07-02 17:37:55.879,C3:00:00:63:4D:07,-56,127,1.5,2.5,1.5
1783006675883,2026-07-02 17:37:55.883,C3:00:00:63:4D:0D,-59,127,1.5,2.5,1.5
1783006675885,2026-07-02 17:37:55.885,C3:00:00:63:4D:0A,-55,127,1.5,2.5,1.5
1783006675893,2026-07-02 17:37:55.893,C3:00:00:63:4D:05,-58,127,1.5,2.5,1.5
1783006675929,2026-07-02 17:37:55.929,C3:00:00:63:4D:04,-62,127,1.5,2.5,1.5
1783006675963,2026-07-02 17:37:55.963,C3:00:00:63:4D:09,-60,127,1.5,2.5,1.5
1783006675970,2026-07-02 17:37:55.970,C3:00:00:63:4D:08,-54,127,1.5,2.5,1.5
1783006675974,2026-07-02 17:37:55.974,C3:00:00:63:4D:0D,-61,127,1.5,2.5,1.5
1783006675991,2026-07-02 17:37:55.991,C3:00:00:63:4D:07,-54,127,1.5,2.5,1.5
1783006675998,2026-07-02 17:37:55.998,C3:00:00:63:4D:0D,-54,127,1.5,2.5,1.5
1783006676043,2026-07-02 17:37:56.043,C3:00:00:63:4D:04,-62,127,1.5,2.5,1.5
1783006676070,2026-07-02 17:37:56.070,C3:00:00:63:4D:08,-58,127,1.5,2.5,1.5
1783006676081,2026-07-02 17:37:56.081,C3:00:00:63:4D:09,-67,127,1.5,2.5,1.5
1783006676095,2026-07-02 17:37:56.095,C3:00:00:63:4D:0A,-59,127,1.5,2.5,1.5
1783006676098,2026-07-02 17:37:56.098,C3:00:00:63:4C:D2,-72,127,1.5,2.5,1.5
1783006676102,2026-07-02 17:37:56.102,C3:00:00:63:4D:0D,-55,127,1.5,2.5,1.5
1783006676112,2026-07-02 17:37:56.112,C3:00:00:63:4D:07,-58,127,1.5,2.5,1.5
1783006676131,2026-07-02 17:37:56.131,C3:00:00:63:4D:05,-58,127,1.5,2.5,1.5
1783006676144,2026-07-02 17:37:56.144,C3:00:00:63:4D:04,-58,127,1.5,2.5,1.5
1783006676158,2026-07-02 17:37:56.158,C3:00:00:63:4D:0A,-55,127,1.5,2.5,1.5
1783006676213,2026-07-02 17:37:56.213,C3:00:00:63:4C:D2,-64,127,1.5,2.5,1.5
1783006676234,2026-07-02 17:37:56.234,C3:00:00:63:4D:07,-54,127,1.5,2.5,1.5
1783006676244,2026-07-02 17:37:56.244,C3:00:00:63:4D:05,-64,127,1.5,2.5,1.5
1783006676263,2026-07-02 17:37:56.263,C3:00:00:63:4D:04,-62,127,1.5,2.5,1.5
1783006676280,2026-07-02 17:37:56.280,C3:00:00:63:4D:0A,-61,127,1.5,2.5,1.5
1783006676297,2026-07-02 17:37:56.297,C3:00:00:63:4D:08,-54,127,1.5,2.5,1.5
1783006676314,2026-07-02 17:37:56.314,C3:00:00:63:4D:0D,-54,127,1.5,2.5,1.5
1783006676329,2026-07-02 17:37:56.329,C3:00:00:63:4C:D2,-72,127,1.5,2.5,1.5
1783006676338,2026-07-02 17:37:56.338,C3:00:00:63:4D:07,-58,127,1.5,2.5,1.5
1783006676360,2026-07-02 17:37:56.360,C3:00:00:63:4D:05,-66,127,1.5,2.5,1.5
1783006676365,2026-07-02 17:37:56.365,C3:00:00:63:4D:04,-62,127,1.5,2.5,1.5
1783006676381,2026-07-02 17:37:56.381,C3:00:00:63:4D:0A,-51,127,1.5,2.5,1.5
1783006676403,2026-07-02 17:37:56.403,C3:00:00:63:4D:08,-58,127,1.5,2.5,1.5
1783006676419,2026-07-02 17:37:56.419,C3:00:00:63:4D:09,-63,127,1.5,2.5,1.5
1783006676443,2026-07-02 17:37:56.443,C3:00:00:63:4C:D2,-64,127,1.5,2.5,1.5
1783006676450,2026-07-02 17:37:56.450,C3:00:00:63:4D:07,-56,127,1.5,2.5,1.5
1783006676455,2026-07-02 17:37:56.455,C3:00:00:63:4D:08,-60,127,1.5,2.5,1.5
1783006676470,2026-07-02 17:37:56.470,C3:00:00:63:4D:04,-58,127,1.5,2.5,1.5
1783006676477,2026-07-02 17:37:56.477,C3:00:00:63:4D:05,-58,127,1.5,2.5,1.5
1783006676497,2026-07-02 17:37:56.497,C3:00:00:63:4D:0A,-55,127,1.5,2.5,1.5
1783006676505,2026-07-02 17:37:56.505,C3:00:00:63:4D:08,-60,127,1.5,2.5,1.5
1783006676518,2026-07-02 17:37:56.518,C3:00:00:63:4D:0D,-54,127,1.5,2.5,1.5
1783006676529,2026-07-02 17:37:56.529,C3:00:00:63:4D:09,-60,127,1.5,2.5,1.5
1783006676555,2026-07-02 17:37:56.555,C3:00:00:63:4C:D2,-62,127,1.5,2.5,1.5
1783006676573,2026-07-02 17:37:56.573,C3:00:00:63:4D:07,-54,127,1.5,2.5,1.5
1783006676593,2026-07-02 17:37:56.593,C3:00:00:63:4D:05,-64,127,1.5,2.5,1.5
1783006676597,2026-07-02 17:37:56.597,C3:00:00:63:4D:04,-63,127,1.5,2.5,1.5
1783006676611,2026-07-02 17:37:56.611,C3:00:00:63:4D:0A,-61,127,1.5,2.5,1.5
1783006676619,2026-07-02 17:37:56.619,C3:00:00:63:4D:08,-58,127,1.5,2.5,1.5
1783006676630,2026-07-02 17:37:56.630,C3:00:00:63:4D:0D,-55,127,1.5,2.5,1.5
1783006676648,2026-07-02 17:37:56.648,C3:00:00:63:4D:09,-67,127,1.5,2.5,1.5
1783006676670,2026-07-02 17:37:56.670,C3:00:00:63:4C:D2,-72,127,1.5,2.5,1.5
1783006676674,2026-07-02 17:37:56.674,C3:00:00:63:4D:09,-75,127,1.5,2.5,1.5
1783006676685,2026-07-02 17:37:56.685,C3:00:00:63:4D:07,-58,127,1.5,2.5,1.5
1783006676697,2026-07-02 17:37:56.697,C3:00:00:63:4D:04,-62,127,1.5,2.5,1.5
1783006676701,2026-07-02 17:37:56.701,C3:00:00:63:4D:05,-66,127,1.5,2.5,1.5
1783006676723,2026-07-02 17:37:56.723,C3:00:00:63:4D:08,-60,127,1.5,2.5,1.5
1783006676728,2026-07-02 17:37:56.728,C3:00:00:63:4D:0A,-55,127,1.5,2.5,1.5
1783006676736,2026-07-02 17:37:56.736,C3:00:00:63:4D:0D,-59,127,1.5,2.5,1.5
1783006676757,2026-07-02 17:37:56.757,C3:00:00:63:4D:07,-55,127,1.5,2.5,1.5
1783006676780,2026-07-02 17:37:56.780,C3:00:00:63:4C:D2,-64,127,1.5,2.5,1.5
1783006676794,2026-07-02 17:37:56.794,C3:00:00:63:4D:07,-56,127,1.5,2.5,1.5
1783006676814,2026-07-02 17:37:56.814,C3:00:00:63:4D:04,-58,127,1.5,2.5,1.5
1783006676816,2026-07-02 17:37:56.816,C3:00:00:63:4D:0A,-55,127,1.5,2.5,1.5
1783006676821,2026-07-02 17:37:56.821,C3:00:00:63:4D:05,-64,127,1.5,2.5,1.5
1783006676835,2026-07-02 17:37:56.835,C3:00:00:63:4D:08,-54,127,1.5,2.5,1.5
1783006676880,2026-07-02 17:37:56.880,C3:00:00:63:4D:09,-60,127,1.5,2.5,1.5
1783006676885,2026-07-02 17:37:56.885,C3:00:00:63:4D:0D,-54,127,1.5,2.5,1.5
1783006676893,2026-07-02 17:37:56.893,C3:00:00:63:4C:D2,-62,127,1.5,2.5,1.5
1783006676896,2026-07-02 17:37:56.896,C3:00:00:63:4D:09,-60,127,1.5,2.5,1.5
1783006676902,2026-07-02 17:37:56.902,C3:00:00:63:4D:05,-64,127,1.5,2.5,1.5
1783006676913,2026-07-02 17:37:56.913,C3:00:00:63:4D:07,-54,127,1.5,2.5,1.5
1783006676914,2026-07-02 17:37:56.914,C3:00:00:63:4D:04,-62,127,1.5,2.5,1.5
1783006676921,2026-07-02 17:37:56.921,C3:00:00:63:4D:0D,-55,127,1.5,2.5,1.5
1783006676955,2026-07-02 17:37:56.955,C3:00:00:63:4D:0A,-52,127,1.5,2.5,1.5
1783006676992,2026-07-02 17:37:56.992,C3:00:00:63:4D:09,-67,127,1.5,2.5,1.5
1783006677017,2026-07-02 17:37:57.017,C3:00:00:63:4C:D2,-73,127,1.5,2.5,1.5
1783006677028,2026-07-02 17:37:57.028,C3:00:00:63:4D:07,-56,127,1.5,2.5,1.5
1783006677043,2026-07-02 17:37:57.043,C3:00:00:63:4D:04,-58,127,1.5,2.5,1.5
1783006677105,2026-07-02 17:37:57.105,C3:00:00:63:4D:05,-58,127,1.5,2.5,1.5
1783006677135,2026-07-02 17:37:57.135,C3:00:00:63:4D:04,-62,127,1.5,2.5,1.5
1783006677149,2026-07-02 17:37:57.149,C3:00:00:63:4D:07,-54,127,1.5,2.5,1.5
1783006677157,2026-07-02 17:37:57.157,C3:00:00:63:4D:0D,-54,127,1.5,2.5,1.5
1783006677164,2026-07-02 17:37:57.164,C3:00:00:63:4D:08,-54,127,1.5,2.5,1.5
1783006677171,2026-07-02 17:37:57.171,C3:00:00:63:4D:05,-63,127,1.5,2.5,1.5
1783006677223,2026-07-02 17:37:57.223,C3:00:00:63:4D:09,-63,127,1.5,2.5,1.5
1783006677249,2026-07-02 17:37:57.249,C3:00:00:63:4C:D2,-71,127,1.5,2.5,1.5
1783006677255,2026-07-02 17:37:57.255,C3:00:00:63:4D:04,-60,127,1.5,2.5,1.5
1783006677260,2026-07-02 17:37:57.260,C3:00:00:63:4D:0D,-54,127,1.5,2.5,1.5
1783006677267,2026-07-02 17:37:57.267,C3:00:00:63:4D:07,-56,127,1.5,2.5,1.5
1783006677275,2026-07-02 17:37:57.275,C3:00:00:63:4D:05,-63,127,1.5,2.5,1.5
1783006677295,2026-07-02 17:37:57.295,C3:00:00:63:4D:0A,-52,127,1.5,2.5,1.5
1783006677328,2026-07-02 17:37:57.328,C3:00:00:63:4D:09,-62,127,1.5,2.5,1.5
1783006677348,2026-07-02 17:37:57.348,C3:00:00:63:4D:04,-58,127,1.5,2.5,1.5
1783006677363,2026-07-02 17:37:57.363,C3:00:00:63:4C:D2,-67,127,1.5,2.5,1.5
1783006677365,2026-07-02 17:37:57.365,C3:00:00:63:4D:0D,-60,127,1.5,2.5,1.5
1783006677377,2026-07-02 17:37:57.377,C3:00:00:63:4D:07,-58,127,1.5,2.5,1.5
1783006677380,2026-07-02 17:37:57.380,C3:00:00:63:4D:08,-62,127,1.5,2.5,1.5
1783006677383,2026-07-02 17:37:57.383,C3:00:00:63:4C:D2,-67,127,1.5,2.5,1.5
1783006677392,2026-07-02 17:37:57.392,C3:00:00:63:4D:07,-65,127,1.5,2.5,1.5
1783006677402,2026-07-02 17:37:57.402,C3:00:00:63:4D:0A,-55,127,1.5,2.5,1.5
1783006677450,2026-07-02 17:37:57.450,C3:00:00:63:4D:09,-60,127,1.5,2.5,1.5
1783006677456,2026-07-02 17:37:57.456,C3:00:00:63:4D:04,-63,127,1.5,2.5,1.5
1783006677462,2026-07-02 17:37:57.462,C3:00:00:63:4D:0D,-54,127,1.5,2.5,1.5
1783006677493,2026-07-02 17:37:57.493,C3:00:00:63:4D:08,-54,127,1.5,2.5,1.5
1783006677510,2026-07-02 17:37:57.510,C3:00:00:63:4D:05,-64,127,1.5,2.5,1.5
1783006677518,2026-07-02 17:37:57.518,C3:00:00:63:4D:0A,-52,127,1.5,2.5,1.5
1783006677558,2026-07-02 17:37:57.558,C3:00:00:63:4D:09,-67,127,1.5,2.5,1.5
1783006677597,2026-07-02 17:37:57.597,C3:00:00:63:4C:D2,-73,127,1.5,2.5,1.5
1783006677606,2026-07-02 17:37:57.606,C3:00:00:63:4D:07,-58,127,1.5,2.5,1.5
1783006677620,2026-07-02 17:37:57.620,C3:00:00:63:4D:05,-58,127,1.5,2.5,1.5
1783006677636,2026-07-02 17:37:57.636,C3:00:00:63:4D:04,-58,127,1.5,2.5,1.5
1783006677639,2026-07-02 17:37:57.639,C3:00:00:63:4D:0A,-55,127,1.5,2.5,1.5
1783006677644,2026-07-02 17:37:57.644,C3:00:00:63:4D:04,-58,127,1.5,2.5,1.5
1783006677666,2026-07-02 17:37:57.666,C3:00:00:63:4D:0D,-59,127,1.5,2.5,1.5
1783006677670,2026-07-02 17:37:57.670,C3:00:00:63:4D:04,-58,127,1.5,2.5,1.5
1783006677674,2026-07-02 17:37:57.674,C3:00:00:63:4D:09,-63,127,1.5,2.5,1.5
1783006677708,2026-07-02 17:37:57.708,C3:00:00:63:4C:D2,-64,127,1.5,2.5,1.5
1783006677711,2026-07-02 17:37:57.711,C3:00:00:63:4D:08,-60,127,1.5,2.5,1.5
1783006677721,2026-07-02 17:37:57.721,C3:00:00:63:4D:07,-54,127,1.5,2.5,1.5
1783006677748,2026-07-02 17:37:57.748,C3:00:00:63:4D:0A,-61,127,1.5,2.5,1.5
1783006677775,2026-07-02 17:37:57.775,C3:00:00:63:4D:05,-64,127,1.5,2.5,1.5
1783006677780,2026-07-02 17:37:57.780,C3:00:00:63:4D:0D,-54,127,1.5,2.5,1.5
1783006677784,2026-07-02 17:37:57.784,C3:00:00:63:4D:04,-62,127,1.5,2.5,1.5
1783006677792,2026-07-02 17:37:57.792,C3:00:00:63:4D:09,-60,127,1.5,2.5,1.5
1783006677820,2026-07-02 17:37:57.820,C3:00:00:63:4D:08,-57,127,1.5,2.5,1.5
1783006677836,2026-07-02 17:37:57.836,C3:00:00:63:4D:07,-58,127,1.5,2.5,1.5
1783006677843,2026-07-02 17:37:57.843,C3:00:00:63:4C:D2,-74,127,1.5,2.5,1.5
1783006677850,2026-07-02 17:37:57.850,C3:00:00:63:4D:0A,-51,127,1.5,2.5,1.5
1783006677854,2026-07-02 17:37:57.854,C3:00:00:63:4C:D2,-74,127,1.5,2.5,1.5
1783006677872,2026-07-02 17:37:57.872,C3:00:00:63:4D:0D,-54,127,1.5,2.5,1.5
1783006677902,2026-07-02 17:37:57.902,C3:00:00:63:4D:09,-64,127,1.5,2.5,1.5
1783006677927,2026-07-02 17:37:57.927,C3:00:00:63:4D:08,-63,127,1.5,2.5,1.5
1783006677933,2026-07-02 17:37:57.933,C3:00:00:63:4C:D2,-67,127,1.5,2.5,1.5
1783006677951,2026-07-02 17:37:57.951,C3:00:00:63:4D:07,-58,127,1.5,2.5,1.5
1783006677968,2026-07-02 17:37:57.968,C3:00:00:63:4D:0A,-56,127,1.5,2.5,1.5
1783006677970,2026-07-02 17:37:57.970,C3:00:00:63:4D:05,-58,127,1.5,2.5,1.5
1783006677992,2026-07-02 17:37:57.992,C3:00:00:63:4D:0D,-60,127,1.5,2.5,1.5
1783006678011,2026-07-02 17:37:58.011,C3:00:00:63:4D:04,-58,127,1.5,2.5,1.5
1783006678016,2026-07-02 17:37:58.016,C3:00:00:63:4D:09,-62,127,1.5,2.5,1.5
1783006678040,2026-07-02 17:37:58.040,C3:00:00:63:4D:08,-54,127,1.5,2.5,1.5
1783006678049,2026-07-02 17:37:58.049,C3:00:00:63:4C:D2,-62,127,1.5,2.5,1.5
1783006678064,2026-07-02 17:37:58.064,C3:00:00:63:4D:07,-54,127,1.5,2.5,1.5
1783006678077,2026-07-02 17:37:58.077,C3:00:00:63:4D:0A,-61,127,1.5,2.5,1.5
1783006678086,2026-07-02 17:37:58.086,C3:00:00:63:4D:05,-64,127,1.5,2.5,1.5
1783006678095,2026-07-02 17:37:58.095,C3:00:00:63:4D:07,-54,127,1.5,2.5,1.5
1783006678101,2026-07-02 17:37:58.101,C3:00:00:63:4D:0D,-54,127,1.5,2.5,1.5
1783006678114,2026-07-02 17:37:58.114,C3:00:00:63:4D:04,-62,127,1.5,2.5,1.5
1783006678128,2026-07-02 17:37:58.128,C3:00:00:63:4D:09,-67,127,1.5,2.5,1.5
1783006678147,2026-07-02 17:37:58.147,C3:00:00:63:4D:08,-58,127,1.5,2.5,1.5
1783006678165,2026-07-02 17:37:58.165,C3:00:00:63:4C:D2,-73,127,1.5,2.5,1.5
1783006678177,2026-07-02 17:37:58.177,C3:00:00:63:4D:07,-58,127,1.5,2.5,1.5
1783006678195,2026-07-02 17:37:58.195,C3:00:00:63:4D:0A,-51,127,1.5,2.5,1.5
1783006678200,2026-07-02 17:37:58.200,C3:00:00:63:4D:0D,-55,127,1.5,2.5,1.5
1783006678202,2026-07-02 17:37:58.202,C3:00:00:63:4D:05,-66,127,1.5,2.5,1.5
1783006678217,2026-07-02 17:37:58.217,C3:00:00:63:4D:04,-58,127,1.5,2.5,1.5
1783006678240,2026-07-02 17:37:58.240,C3:00:00:63:4D:09,-63,127,1.5,2.5,1.5
1783006678249,2026-07-02 17:37:58.249,C3:00:00:63:4D:08,-60,127,1.5,2.5,1.5
1783006678278,2026-07-02 17:37:58.278,C3:00:00:63:4C:D2,-64,127,1.5,2.5,1.5
1783006678312,2026-07-02 17:37:58.312,C3:00:00:63:4D:07,-56,127,1.5,2.5,1.5
1783006678316,2026-07-02 17:37:58.316,C3:00:00:63:4D:0D,-59,127,1.5,2.5,1.5
1783006678318,2026-07-02 17:37:58.318,C3:00:00:63:4D:0A,-55,127,1.5,2.5,1.5
1783006678322,2026-07-02 17:37:58.322,C3:00:00:63:4D:05,-58,127,1.5,2.5,1.5
1783006678329,2026-07-02 17:37:58.329,C3:00:00:63:4D:04,-62,127,1.5,2.5,1.5
1783006678359,2026-07-02 17:37:58.359,C3:00:00:63:4D:09,-60,127,1.5,2.5,1.5
1783006678364,2026-07-02 17:37:58.364,C3:00:00:63:4D:08,-54,127,1.5,2.5,1.5
1783006678393,2026-07-02 17:37:58.393,C3:00:00:63:4C:D2,-61,127,1.5,2.5,1.5
1783006678408,2026-07-02 17:37:58.408,C3:00:00:63:4D:07,-54,127,1.5,2.5,1.5
1783006678414,2026-07-02 17:37:58.414,C3:00:00:63:4D:0D,-54,127,1.5,2.5,1.5
1783006678420,2026-07-02 17:37:58.420,C3:00:00:63:4D:0A,-51,127,1.5,2.5,1.5
1783006678435,2026-07-02 17:37:58.435,C3:00:00:63:4D:05,-66,127,1.5,2.5,1.5
1783006678458,2026-07-02 17:37:58.458,C3:00:00:63:4D:09,-67,127,1.5,2.5,1.5
1783006678465,2026-07-02 17:37:58.465,C3:00:00:63:4D:08,-58,127,1.5,2.5,1.5
1783006678488,2026-07-02 17:37:58.488,C3:00:00:63:4D:08,-58,127,1.5,2.5,1.5
1783006678491,2026-07-02 17:37:58.491,C3:00:00:63:4D:09,-67,127,1.5,2.5,1.5
1783006678510,2026-07-02 17:37:58.510,C3:00:00:63:4C:D2,-71,127,1.5,2.5,1.5
1783006678518,2026-07-02 17:37:58.518,C3:00:00:63:4D:07,-58,127,1.5,2.5,1.5
1783006678528,2026-07-02 17:37:58.528,C3:00:00:63:4D:0A,-56,127,1.5,2.5,1.5
1783006678542,2026-07-02 17:37:58.542,C3:00:00:63:4D:04,-58,127,1.5,2.5,1.5
1783006678547,2026-07-02 17:37:58.547,C3:00:00:63:4D:05,-58,127,1.5,2.5,1.5
1783006678578,2026-07-02 17:37:58.578,C3:00:00:63:4D:08,-63,127,1.5,2.5,1.5
1783006678584,2026-07-02 17:37:58.584,C3:00:00:63:4D:09,-62,127,1.5,2.5,1.5
1783006678621,2026-07-02 17:37:58.621,C3:00:00:63:4C:D2,-62,127,1.5,2.5,1.5
1783006678627,2026-07-02 17:37:58.627,C3:00:00:63:4D:0D,-54,127,1.5,2.5,1.5
1783006678640,2026-07-02 17:37:58.640,C3:00:00:63:4D:07,-54,127,1.5,2.5,1.5
1783006678644,2026-07-02 17:37:58.644,C3:00:00:63:4D:0A,-60,127,1.5,2.5,1.5
1783006678657,2026-07-02 17:37:58.657,C3:00:00:63:4D:05,-63,127,1.5,2.5,1.5
1783006678660,2026-07-02 17:37:58.660,C3:00:00:63:4D:04,-61,127,1.5,2.5,1.5
1783006678693,2026-07-02 17:37:58.693,C3:00:00:63:4D:08,-54,127,1.5,2.5,1.5
1783006678698,2026-07-02 17:37:58.698,C3:00:00:63:4D:09,-60,127,1.5,2.5,1.5
1783006678728,2026-07-02 17:37:58.728,C3:00:00:63:4D:0D,-54,127,1.5,2.5,1.5
1783006678765,2026-07-02 17:37:58.765,C3:00:00:63:4D:04,-60,127,1.5,2.5,1.5
1783006678771,2026-07-02 17:37:58.771,C3:00:00:63:4D:07,-58,127,1.5,2.5,1.5
1783006678798,2026-07-02 17:37:58.798,C3:00:00:63:4D:08,-57,127,1.5,2.5,1.5
1783006678802,2026-07-02 17:37:58.802,C3:00:00:63:4D:09,-64,127,1.5,2.5,1.5
1783006678827,2026-07-02 17:37:58.827,C3:00:00:63:4D:0D,-60,127,1.5,2.5,1.5
1783006678854,2026-07-02 17:37:58.854,C3:00:00:63:4C:D2,-67,127,1.5,2.5,1.5
1783006678866,2026-07-02 17:37:58.866,C3:00:00:63:4D:05,-65,127,1.5,2.5,1.5
1783006678872,2026-07-02 17:37:58.872,C3:00:00:63:4D:07,-58,127,1.5,2.5,1.5
1783006678877,2026-07-02 17:37:58.877,C3:00:00:63:4D:0A,-56,127,1.5,2.5,1.5
1783006678883,2026-07-02 17:37:58.883,C3:00:00:63:4D:09,-62,127,1.5,2.5,1.5
1783006678885,2026-07-02 17:37:58.885,C3:00:00:63:4D:05,-58,127,1.5,2.5,1.5
1783006678892,2026-07-02 17:37:58.892,C3:00:00:63:4D:0D,-60,127,1.5,2.5,1.5
1783006678909,2026-07-02 17:37:58.909,C3:00:00:63:4D:08,-63,127,1.5,2.5,1.5
1783006678924,2026-07-02 17:37:58.924,C3:00:00:63:4D:09,-59,127,1.5,2.5,1.5
1783006678930,2026-07-02 17:37:58.930,C3:00:00:63:4D:0D,-54,127,1.5,2.5,1.5
1783006678949,2026-07-02 17:37:58.949,C3:00:00:63:4D:0D,-54,127,1.5,2.5,1.5
1783006678973,2026-07-02 17:37:58.973,C3:00:00:63:4C:D2,-62,127,1.5,2.5,1.5
1783006678983,2026-07-02 17:37:58.983,C3:00:00:63:4D:0A,-60,127,1.5,2.5,1.5
1783006678991,2026-07-02 17:37:58.991,C3:00:00:63:4D:04,-62,127,1.5,2.5,1.5
1783006679008,2026-07-02 17:37:59.008,C3:00:00:63:4D:05,-64,127,1.5,2.5,1.5
1783006679018,2026-07-02 17:37:59.018,C3:00:00:63:4D:08,-58,127,1.5,2.5,1.5
1783006679033,2026-07-02 17:37:59.033,C3:00:00:63:4D:09,-67,127,1.5,2.5,1.5
1783006679043,2026-07-02 17:37:59.043,C3:00:00:63:4D:0D,-55,127,1.5,2.5,1.5
1783006679087,2026-07-02 17:37:59.087,C3:00:00:63:4C:D2,-72,127,1.5,2.5,1.5
1783006679098,2026-07-02 17:37:59.098,C3:00:00:63:4D:04,-62,127,1.5,2.5,1.5
1783006679115,2026-07-02 17:37:59.115,C3:00:00:63:4D:07,-58,127,1.5,2.5,1.5
1783006679121,2026-07-02 17:37:59.121,C3:00:00:63:4D:0A,-51,127,1.5,2.5,1.5
1783006679123,2026-07-02 17:37:59.123,C3:00:00:63:4D:05,-66,127,1.5,2.5,1.5
1783006679129,2026-07-02 17:37:59.129,C3:00:00:63:4D:08,-60,127,1.5,2.5,1.5
1783006679132,2026-07-02 17:37:59.132,C3:00:00:63:4D:05,-58,127,1.5,2.5,1.5
1783006679146,2026-07-02 17:37:59.146,C3:00:00:63:4D:0D,-60,127,1.5,2.5,1.5
1783006679149,2026-07-02 17:37:59.149,C3:00:00:63:4D:09,-63,127,1.5,2.5,1.5
1783006679177,2026-07-02 17:37:59.177,C3:00:00:63:4D:09,-63,127,1.5,2.5,1.5
1783006679182,2026-07-02 17:37:59.182,C3:00:00:63:4D:04,-58,127,1.5,2.5,1.5
1783006679200,2026-07-02 17:37:59.200,C3:00:00:63:4C:D2,-65,127,1.5,2.5,1.5
1783006679210,2026-07-02 17:37:59.210,C3:00:00:63:4D:04,-58,127,1.5,2.5,1.5
1783006679236,2026-07-02 17:37:59.236,C3:00:00:63:4D:05,-64,127,1.5,2.5,1.5
1783006679253,2026-07-02 17:37:59.253,C3:00:00:63:4D:0D,-54,127,1.5,2.5,1.5
1783006679266,2026-07-02 17:37:59.266,C3:00:00:63:4D:09,-60,127,1.5,2.5,1.5
1783006679281,2026-07-02 17:37:59.281,C3:00:00:63:4D:0A,-61,127,1.5,2.5,1.5
1783006679312,2026-07-02 17:37:59.312,C3:00:00:63:4C:D2,-62,127,1.5,2.5,1.5
1783006679317,2026-07-02 17:37:59.317,C3:00:00:63:4D:04,-62,127,1.5,2.5,1.5
1783006679328,2026-07-02 17:37:59.328,C3:00:00:63:4D:0A,-51,127,1.5,2.5,1.5
1783006679335,2026-07-02 17:37:59.335,C3:00:00:63:4D:07,-59,127,1.5,2.5,1.5
1783006679344,2026-07-02 17:37:59.344,C3:00:00:63:4D:08,-58,127,1.5,2.5,1.5
1783006679355,2026-07-02 17:37:59.355,C3:00:00:63:4D:05,-66,127,1.5,2.5,1.5
1783006679357,2026-07-02 17:37:59.357,C3:00:00:63:4D:0D,-55,127,1.5,2.5,1.5
1783006679376,2026-07-02 17:37:59.376,C3:00:00:63:4D:09,-67,127,1.5,2.5,1.5
1783006679424,2026-07-02 17:37:59.424,C3:00:00:63:4D:04,-58,127,1.5,2.5,1.5
1783006679427,2026-07-02 17:37:59.427,C3:00:00:63:4C:D2,-64,127,1.5,2.5,1.5
1783006679433,2026-07-02 17:37:59.433,C3:00:00:63:4D:0A,-55,127,1.5,2.5,1.5
1783006679448,2026-07-02 17:37:59.448,C3:00:00:63:4D:07,-56,127,1.5,2.5,1.5
1783006679457,2026-07-02 17:37:59.457,C3:00:00:63:4D:08,-60,127,1.5,2.5,1.5
1783006679465,2026-07-02 17:37:59.465,C3:00:00:63:4D:0D,-59,127,1.5,2.5,1.5
1783006679475,2026-07-02 17:37:59.475,C3:00:00:63:4D:05,-58,127,1.5,2.5,1.5
1783006679490,2026-07-02 17:37:59.490,C3:00:00:63:4D:09,-63,127,1.5,2.5,1.5
1783006679531,2026-07-02 17:37:59.531,C3:00:00:63:4D:04,-62,127,1.5,2.5,1.5
1783006679548,2026-07-02 17:37:59.548,C3:00:00:63:4D:0A,-61,127,1.5,2.5,1.5
1783006679554,2026-07-02 17:37:59.554,C3:00:00:63:4C:D2,-62,127,1.5,2.5,1.5
1783006679568,2026-07-02 17:37:59.568,C3:00:00:63:4D:07,-54,127,1.5,2.5,1.5
1783006679576,2026-07-02 17:37:59.576,C3:00:00:63:4D:08,-54,127,1.5,2.5,1.5
1783006679581,2026-07-02 17:37:59.581,C3:00:00:63:4D:0D,-54,127,1.5,2.5,1.5
1783006679632,2026-07-02 17:37:59.632,C3:00:00:63:4D:04,-62,127,1.5,2.5,1.5
1783006679660,2026-07-02 17:37:59.660,C3:00:00:63:4D:04,-62,127,1.5,2.5,1.5
1783006679667,2026-07-02 17:37:59.667,C3:00:00:63:4C:D2,-72,127,1.5,2.5,1.5
1783006679673,2026-07-02 17:37:59.673,C3:00:00:63:4D:0A,-51,127,1.5,2.5,1.5
1783006679679,2026-07-02 17:37:59.679,C3:00:00:63:4D:08,-58,127,1.5,2.5,1.5
1783006679682,2026-07-02 17:37:59.682,C3:00:00:63:4D:0D,-55,127,1.5,2.5,1.5
1783006679683,2026-07-02 17:37:59.683,C3:00:00:63:4D:04,-62,127,1.5,2.5,1.5
1783006679685,2026-07-02 17:37:59.685,C3:00:00:63:4D:07,-58,127,1.5,2.5,1.5
1783006679699,2026-07-02 17:37:59.699,C3:00:00:63:4D:05,-66,127,1.5,2.5,1.5
1783006679719,2026-07-02 17:37:59.719,C3:00:00:63:4D:09,-63,127,1.5,2.5,1.5
1783006679743,2026-07-02 17:37:59.743,C3:00:00:63:4D:04,-57,127,1.5,2.5,1.5
1783006679776,2026-07-02 17:37:59.776,C3:00:00:63:4D:0D,-59,127,1.5,2.5,1.5
1783006679782,2026-07-02 17:37:59.782,C3:00:00:63:4C:D2,-64,127,1.5,2.5,1.5
1783006679788,2026-07-02 17:37:59.788,C3:00:00:63:4D:0A,-55,127,1.5,2.5,1.5
1783006679791,2026-07-02 17:37:59.791,C3:00:00:63:4D:05,-58,127,1.5,2.5,1.5
1783006679793,2026-07-02 17:37:59.793,C3:00:00:63:4D:07,-56,127,1.5,2.5,1.5
1783006679808,2026-07-02 17:37:59.808,C3:00:00:63:4D:05,-58,127,1.5,2.5,1.5
1783006679838,2026-07-02 17:37:59.838,C3:00:00:63:4D:09,-60,127,1.5,2.5,1.5
1783006679846,2026-07-02 17:37:59.846,C3:00:00:63:4C:D2,-62,127,1.5,2.5,1.5
1783006679860,2026-07-02 17:37:59.860,C3:00:00:63:4D:04,-62,127,1.5,2.5,1.5
1783006679863,2026-07-02 17:37:59.863,C3:00:00:63:4C:D2,-62,127,1.5,2.5,1.5
1783006679873,2026-07-02 17:37:59.873,C3:00:00:63:4D:0D,-54,127,1.5,2.5,1.5
1783006679886,2026-07-02 17:37:59.886,C3:00:00:63:4C:D2,-62,127,1.5,2.5,1.5
1783006679907,2026-07-02 17:37:59.907,C3:00:00:63:4D:07,-54,127,1.5,2.5,1.5
1783006679915,2026-07-02 17:37:59.915,C3:00:00:63:4D:0A,-61,127,1.5,2.5,1.5
1783006679924,2026-07-02 17:37:59.924,C3:00:00:63:4D:05,-66,127,1.5,2.5,1.5
1783006679952,2026-07-02 17:37:59.952,C3:00:00:63:4D:09,-67,127,1.5,2.5,1.5
1783006679965,2026-07-02 17:37:59.965,C3:00:00:63:4D:04,-62,127,1.5,2.5,1.5
1783006679984,2026-07-02 17:37:59.984,C3:00:00:63:4D:0D,-63,127,1.5,2.5,1.5
1783006679998,2026-07-02 17:37:59.998,C3:00:00:63:4D:08,-58,127,1.5,2.5,1.5
1783006680004,2026-07-02 17:38:00.004,C3:00:00:63:4D:0A,-51,127,1.5,2.5,1.5
1783006680014,2026-07-02 17:38:00.014,C3:00:00:63:4D:0D,-55,127,1.5,2.5,1.5
1783006680062,2026-07-02 17:38:00.062,C3:00:00:63:4D:09,-63,127,1.5,2.5,1.5
1783006680072,2026-07-02 17:38:00.072,C3:00:00:63:4D:07,-57,127,1.5,2.5,1.5
1783006680076,2026-07-02 17:38:00.076,C3:00:00:63:4D:04,-58,127,1.5,2.5,1.5
1783006680098,2026-07-02 17:38:00.098,C3:00:00:63:4D:0A,-63,127,1.5,2.5,1.5
1783006680104,2026-07-02 17:38:00.104,C3:00:00:63:4D:08,-60,127,1.5,2.5,1.5
1783006680118,2026-07-02 17:38:00.118,C3:00:00:63:4D:0A,-61,127,1.5,2.5,1.5
1783006680124,2026-07-02 17:38:00.124,C3:00:00:63:4C:D2,-61,127,1.5,2.5,1.5
1783006680131,2026-07-02 17:38:00.131,C3:00:00:63:4D:07,-54,127,1.5,2.5,1.5
1783006680157,2026-07-02 17:38:00.157,C3:00:00:63:4D:05,-64,127,1.5,2.5,1.5
1783006680180,2026-07-02 17:38:00.180,C3:00:00:63:4D:04,-62,127,1.5,2.5,1.5
1783006680187,2026-07-02 17:38:00.187,C3:00:00:63:4D:09,-60,127,1.5,2.5,1.5
1783006680198,2026-07-02 17:38:00.198,C3:00:00:63:4D:0D,-54,127,1.5,2.5,1.5
1783006680221,2026-07-02 17:38:00.221,C3:00:00:63:4D:08,-58,127,1.5,2.5,1.5
1783006680227,2026-07-02 17:38:00.227,C3:00:00:63:4D:0A,-51,127,1.5,2.5,1.5
1783006680252,2026-07-02 17:38:00.252,C3:00:00:63:4D:07,-58,127,1.5,2.5,1.5
1783006680278,2026-07-02 17:38:00.278,C3:00:00:63:4D:05,-66,127,1.5,2.5,1.5
1783006680295,2026-07-02 17:38:00.295,C3:00:00:63:4D:09,-67,127,1.5,2.5,1.5
1783006680299,2026-07-02 17:38:00.299,C3:00:00:63:4D:04,-62,127,1.5,2.5,1.5
1783006680305,2026-07-02 17:38:00.305,C3:00:00:63:4D:0D,-55,127,1.5,2.5,1.5
1783006680318,2026-07-02 17:38:00.318,C3:00:00:63:4D:08,-60,127,1.5,2.5,1.5
1783006680344,2026-07-02 17:38:00.344,C3:00:00:63:4D:0A,-55,127,1.5,2.5,1.5
1783006680350,2026-07-02 17:38:00.350,C3:00:00:63:4C:D2,-64,127,1.5,2.5,1.5
1783006680365,2026-07-02 17:38:00.365,C3:00:00:63:4D:07,-56,127,1.5,2.5,1.5
1783006680383,2026-07-02 17:38:00.383,C3:00:00:63:4D:05,-58,127,1.5,2.5,1.5
1783006680400,2026-07-02 17:38:00.400,C3:00:00:63:4D:0D,-59,127,1.5,2.5,1.5
1783006680426,2026-07-02 17:38:00.426,C3:00:00:63:4C:D2,-69,127,1.5,2.5,1.5
1783006680431,2026-07-02 17:38:00.431,C3:00:00:63:4D:08,-54,127,1.5,2.5,1.5
1783006680452,2026-07-02 17:38:00.452,C3:00:00:63:4D:0A,-61,127,1.5,2.5,1.5
1783006680465,2026-07-02 17:38:00.465,C3:00:00:63:4C:D2,-62,127,1.5,2.5,1.5
1783006680471,2026-07-02 17:38:00.471,C3:00:00:63:4D:08,-54,127,1.5,2.5,1.5
1783006680479,2026-07-02 17:38:00.479,C3:00:00:63:4D:07,-54,127,1.5,2.5,1.5
1783006680502,2026-07-02 17:38:00.502,C3:00:00:63:4D:05,-64,127,1.5,2.5,1.5
1783006680514,2026-07-02 17:38:00.514,C3:00:00:63:4D:0D,-54,127,1.5,2.5,1.5
1783006680519,2026-07-02 17:38:00.519,C3:00:00:63:4D:04,-62,127,1.5,2.5,1.5
1783006680544,2026-07-02 17:38:00.544,C3:00:00:63:4D:08,-58,127,1.5,2.5,1.5
1783006680564,2026-07-02 17:38:00.564,C3:00:00:63:4D:0A,-51,127,1.5,2.5,1.5
1783006680585,2026-07-02 17:38:00.585,C3:00:00:63:4C:D2,-72,127,1.5,2.5,1.5
1783006680597,2026-07-02 17:38:00.597,C3:00:00:63:4D:07,-58,127,1.5,2.5,1.5
1783006680616,2026-07-02 17:38:00.616,C3:00:00:63:4D:05,-66,127,1.5,2.5,1.5
1783006680624,2026-07-02 17:38:00.624,C3:00:00:63:4D:0D,-55,127,1.5,2.5,1.5
1783006680625,2026-07-02 17:38:00.625,C3:00:00:63:4D:04,-58,127,1.5,2.5,1.5
1783006680636,2026-07-02 17:38:00.636,C3:00:00:63:4D:09,-63,127,1.5,2.5,1.5
1783006680645,2026-07-02 17:38:00.645,C3:00:00:63:4D:08,-60,127,1.5,2.5,1.5
1783006680659,2026-07-02 17:38:00.659,C3:00:00:63:4D:09,-70,127,1.5,2.5,1.5
1783006680679,2026-07-02 17:38:00.679,C3:00:00:63:4D:0A,-55,127,1.5,2.5,1.5
1783006680695,2026-07-02 17:38:00.695,C3:00:00:63:4C:D2,-64,127,1.5,2.5,1.5
1783006680718,2026-07-02 17:38:00.718,C3:00:00:63:4D:07,-58,127,1.5,2.5,1.5
1783006680724,2026-07-02 17:38:00.724,C3:00:00:63:4D:0D,-54,127,1.5,2.5,1.5
1783006680726,2026-07-02 17:38:00.726,C3:00:00:63:4D:04,-61,127,1.5,2.5,1.5
1783006680730,2026-07-02 17:38:00.730,C3:00:00:63:4D:05,-63,127,1.5,2.5,1.5
1783006680747,2026-07-02 17:38:00.747,C3:00:00:63:4D:09,-59,127,1.5,2.5,1.5
1783006680756,2026-07-02 17:38:00.756,C3:00:00:63:4D:08,-54,127,1.5,2.5,1.5
1783006680788,2026-07-02 17:38:00.788,C3:00:00:63:4D:07,-54,127,1.5,2.5,1.5
1783006680791,2026-07-02 17:38:00.791,C3:00:00:63:4D:0A,-60,127,1.5,2.5,1.5
1783006680807,2026-07-02 17:38:00.807,C3:00:00:63:4C:D2,-62,127,1.5,2.5,1.5
1783006680815,2026-07-02 17:38:00.815,C3:00:00:63:4D:0A,-61,127,1.5,2.5,1.5
1783006680827,2026-07-02 17:38:00.827,C3:00:00:63:4D:0D,-54,127,1.5,2.5,1.5
1783006680835,2026-07-02 17:38:00.835,C3:00:00:63:4D:07,-56,127,1.5,2.5,1.5
1783006680840,2026-07-02 17:38:00.840,C3:00:00:63:4D:04,-60,127,1.5,2.5,1.5
1783006680844,2026-07-02 17:38:00.844,C3:00:00:63:4D:05,-64,127,1.5,2.5,1.5
1783006680856,2026-07-02 17:38:00.856,C3:00:00:63:4D:09,-64,127,1.5,2.5,1.5
1783006680874,2026-07-02 17:38:00.874,C3:00:00:63:4D:09,-64,127,1.5,2.5,1.5
1783006680906,2026-07-02 17:38:00.906,C3:00:00:63:4D:0D,-54,127,1.5,2.5,1.5
1783006680914,2026-07-02 17:38:00.914,C3:00:00:63:4D:0A,-52,127,1.5,2.5,1.5
1783006680925,2026-07-02 17:38:00.925,C3:00:00:63:4D:05,-64,127,1.5,2.5,1.5
1783006680933,2026-07-02 17:38:00.933,C3:00:00:63:4D:0D,-59,127,1.5,2.5,1.5
1783006680941,2026-07-02 17:38:00.941,C3:00:00:63:4D:07,-56,127,1.5,2.5,1.5
1783006680945,2026-07-02 17:38:00.945,C3:00:00:63:4D:04,-58,127,1.5,2.5,1.5
1783006680947,2026-07-02 17:38:00.947,C3:00:00:63:4D:0D,-59,127,1.5,2.5,1.5
1783006680952,2026-07-02 17:38:00.952,C3:00:00:63:4D:05,-58,127,1.5,2.5,1.5
1783006680974,2026-07-02 17:38:00.974,C3:00:00:63:4D:09,-62,127,1.5,2.5,1.5
1783006680980,2026-07-02 17:38:00.980,C3:00:00:63:4D:08,-63,127,1.5,2.5,1.5
1783006681019,2026-07-02 17:38:01.019,C3:00:00:63:4D:0A,-60,127,1.5,2.5,1.5
1783006681029,2026-07-02 17:38:01.029,C3:00:00:63:4D:0D,-54,127,1.5,2.5,1.5
1783006681039,2026-07-02 17:38:01.039,C3:00:00:63:4C:D2,-62,127,1.5,2.5,1.5
1783006681060,2026-07-02 17:38:01.060,C3:00:00:63:4D:07,-53,127,1.5,2.5,1.5
1783006681063,2026-07-02 17:38:01.063,C3:00:00:63:4D:04,-62,127,1.5,2.5,1.5
1783006681071,2026-07-02 17:38:01.071,C3:00:00:63:4D:05,-63,127,1.5,2.5,1.5
1783006681107,2026-07-02 17:38:01.107,C3:00:00:63:4D:05,-63,127,1.5,2.5,1.5
1783006681136,2026-07-02 17:38:01.136,C3:00:00:63:4D:0A,-52,127,1.5,2.5,1.5
1783006681147,2026-07-02 17:38:01.147,C3:00:00:63:4D:0D,-54,127,1.5,2.5,1.5
1783006681161,2026-07-02 17:38:01.161,C3:00:00:63:4C:D2,-71,127,1.5,2.5,1.5
1783006681185,2026-07-02 17:38:01.185,C3:00:00:63:4D:09,-64,127,1.5,2.5,1.5
1783006681193,2026-07-02 17:38:01.193,C3:00:00:63:4D:08,-58,127,1.5,2.5,1.5
1783006681211,2026-07-02 17:38:01.211,C3:00:00:63:4D:09,-64,127,1.5,2.5,1.5
1783006681239,2026-07-02 17:38:01.239,C3:00:00:63:4D:0A,-55,127,1.5,2.5,1.5
1783006681243,2026-07-02 17:38:01.243,C3:00:00:63:4D:0D,-59,127,1.5,2.5,1.5
1783006681284,2026-07-02 17:38:01.284,C3:00:00:63:4D:0A,-56,127,1.5,2.5,1.5
1783006681288,2026-07-02 17:38:01.288,C3:00:00:63:4D:07,-58,127,1.5,2.5,1.5
1783006681300,2026-07-02 17:38:01.300,C3:00:00:63:4D:05,-58,127,1.5,2.5,1.5
1783006681348,2026-07-02 17:38:01.348,C3:00:00:63:4D:0D,-54,127,1.5,2.5,1.5
1783006681351,2026-07-02 17:38:01.351,C3:00:00:63:4D:0A,-60,127,1.5,2.5,1.5
1783006681378,2026-07-02 17:38:01.378,C3:00:00:63:4D:07,-60,127,1.5,2.5,1.5
1783006681383,2026-07-02 17:38:01.383,C3:00:00:63:4C:D2,-62,127,1.5,2.5,1.5
1783006681389,2026-07-02 17:38:01.389,C3:00:00:63:4D:04,-61,127,1.5,2.5,1.5
1783006681411,2026-07-02 17:38:01.411,C3:00:00:63:4D:07,-54,127,1.5,2.5,1.5
1783006681414,2026-07-02 17:38:01.414,C3:00:00:63:4C:D2,-62,127,1.5,2.5,1.5
1783006681420,2026-07-02 17:38:01.420,C3:00:00:63:4D:08,-58,127,1.5,2.5,1.5
1783006681425,2026-07-02 17:38:01.425,C3:00:00:63:4D:05,-63,127,1.5,2.5,1.5
1783006681432,2026-07-02 17:38:01.432,C3:00:00:63:4D:09,-64,127,1.5,2.5,1.5
1783006681458,2026-07-02 17:38:01.458,C3:00:00:63:4D:0D,-54,127,1.5,2.5,1.5
1783006681463,2026-07-02 17:38:01.463,C3:00:00:63:4D:0A,-52,127,1.5,2.5,1.5
1783006681498,2026-07-02 17:38:01.498,C3:00:00:63:4D:04,-60,127,1.5,2.5,1.5
1783006681523,2026-07-02 17:38:01.523,C3:00:00:63:4D:07,-58,127,1.5,2.5,1.5
1783006681531,2026-07-02 17:38:01.531,C3:00:00:63:4D:08,-63,127,1.5,2.5,1.5
1783006681538,2026-07-02 17:38:01.538,C3:00:00:63:4D:05,-58,127,1.5,2.5,1.5
1783006681550,2026-07-02 17:38:01.550,C3:00:00:63:4D:09,-62,127,1.5,2.5,1.5
1783006681558,2026-07-02 17:38:01.558,C3:00:00:63:4D:0D,-60,127,1.5,2.5,1.5
1783006681580,2026-07-02 17:38:01.580,C3:00:00:63:4D:0A,-55,127,1.5,2.5,1.5
1783006681601,2026-07-02 17:38:01.601,C3:00:00:63:4D:04,-58,127,1.5,2.5,1.5
1783006681613,2026-07-02 17:38:01.613,C3:00:00:63:4C:D2,-67,127,1.5,2.5,1.5
1783006681627,2026-07-02 17:38:01.627,C3:00:00:63:4D:08,-54,127,1.5,2.5,1.5
1783006681632,2026-07-02 17:38:01.632,C3:00:00:63:4D:07,-54,127,1.5,2.5,1.5
1783006681638,2026-07-02 17:38:01.638,C3:00:00:63:4D:04,-61,127,1.5,2.5,1.5
1783006681651,2026-07-02 17:38:01.651,C3:00:00:63:4D:05,-63,127,1.5,2.5,1.5
1783006681653,2026-07-02 17:38:01.653,C3:00:00:63:4D:04,-61,127,1.5,2.5,1.5
1783006681665,2026-07-02 17:38:01.665,C3:00:00:63:4D:09,-60,127,1.5,2.5,1.5
1783006681670,2026-07-02 17:38:01.670,C3:00:00:63:4D:0D,-54,127,1.5,2.5,1.5
1783006681702,2026-07-02 17:38:01.702,C3:00:00:63:4D:0A,-60,127,1.5,2.5,1.5
1783006681713,2026-07-02 17:38:01.713,C3:00:00:63:4D:04,-61,127,1.5,2.5,1.5
1783006681728,2026-07-02 17:38:01.728,C3:00:00:63:4C:D2,-71,127,1.5,2.5,1.5
1783006681749,2026-07-02 17:38:01.749,C3:00:00:63:4D:07,-56,127,1.5,2.5,1.5
1783006681771,2026-07-02 17:38:01.771,C3:00:00:63:4D:05,-64,127,1.5,2.5,1.5
1783006681773,2026-07-02 17:38:01.773,C3:00:00:63:4D:0D,-54,127,1.5,2.5,1.5
1783006681778,2026-07-02 17:38:01.778,C3:00:00:63:4D:09,-64,127,1.5,2.5,1.5
1783006681806,2026-07-02 17:38:01.806,C3:00:00:63:4D:05,-64,127,1.5,2.5,1.5
1783006681812,2026-07-02 17:38:01.812,C3:00:00:63:4D:0A,-52,127,1.5,2.5,1.5
1783006681840,2026-07-02 17:38:01.840,C3:00:00:63:4C:D2,-66,127,1.5,2.5,1.5
1783006681860,2026-07-02 17:38:01.860,C3:00:00:63:4D:08,-63,127,1.5,2.5,1.5
1783006681862,2026-07-02 17:38:01.862,C3:00:00:63:4D:07,-58,127,1.5,2.5,1.5
1783006681864,2026-07-02 17:38:01.864,C3:00:00:63:4C:D2,-67,127,1.5,2.5,1.5
1783006681872,2026-07-02 17:38:01.872,C3:00:00:63:4D:08,-63,127,1.5,2.5,1.5
1783006681880,2026-07-02 17:38:01.880,C3:00:00:63:4D:0D,-60,127,1.5,2.5,1.5
1783006681882,2026-07-02 17:38:01.882,C3:00:00:63:4C:D2,-64,127,1.5,2.5,1.5
1783006681889,2026-07-02 17:38:01.889,C3:00:00:63:4D:09,-63,127,1.5,2.5,1.5
1783006681900,2026-07-02 17:38:01.900,C3:00:00:63:4D:0A,-55,127,1.5,2.5,1.5
1783006681917,2026-07-02 17:38:01.917,C3:00:00:63:4D:0A,-61,127,1.5,2.5,1.5
1783006681924,2026-07-02 17:38:01.924,C3:00:00:63:4D:04,-62,127,1.5,2.5,1.5
1783006681957,2026-07-02 17:38:01.957,C3:00:00:63:4D:08,-54,127,1.5,2.5,1.5
1783006681980,2026-07-02 17:38:01.980,C3:00:00:63:4D:07,-54,127,1.5,2.5,1.5
1783006682004,2026-07-02 17:38:02.004,C3:00:00:63:4D:05,-64,127,1.5,2.5,1.5
1783006682007,2026-07-02 17:38:02.007,C3:00:00:63:4D:09,-60,127,1.5,2.5,1.5
1783006682038,2026-07-02 17:38:02.038,C3:00:00:63:4D:0A,-52,127,1.5,2.5,1.5
1783006682043,2026-07-02 17:38:02.043,C3:00:00:63:4D:04,-62,127,1.5,2.5,1.5
1783006682076,2026-07-02 17:38:02.076,C3:00:00:63:4D:07,-59,127,1.5,2.5,1.5
1783006682090,2026-07-02 17:38:02.090,C3:00:00:63:4D:0D,-55,127,1.5,2.5,1.5
1783006682112,2026-07-02 17:38:02.112,C3:00:00:63:4D:05,-66,127,1.5,2.5,1.5
1783006682121,2026-07-02 17:38:02.121,C3:00:00:63:4D:07,-57,127,1.5,2.5,1.5
1783006682127,2026-07-02 17:38:02.127,C3:00:00:63:4D:09,-63,127,1.5,2.5,1.5
1783006682140,2026-07-02 17:38:02.140,C3:00:00:63:4D:04,-58,127,1.5,2.5,1.5
1783006682147,2026-07-02 17:38:02.147,C3:00:00:63:4D:0A,-55,127,1.5,2.5,1.5
1783006682174,2026-07-02 17:38:02.174,C3:00:00:63:4D:08,-60,127,1.5,2.5,1.5
1783006682182,2026-07-02 17:38:02.182,C3:00:00:63:4C:D2,-64,127,1.5,2.5,1.5
1783006682195,2026-07-02 17:38:02.195,C3:00:00:63:4D:0D,-59,127,1.5,2.5,1.5
1783006682203,2026-07-02 17:38:02.203,C3:00:00:63:4D:07,-56,127,1.5,2.5,1.5
1783006682231,2026-07-02 17:38:02.231,C3:00:00:63:4D:05,-64,127,1.5,2.5,1.5
1783006682238,2026-07-02 17:38:02.238,C3:00:00:63:4D:09,-60,127,1.5,2.5,1.5
1783006682257,2026-07-02 17:38:02.257,C3:00:00:63:4D:04,-63,127,1.5,2.5,1.5
1783006682261,2026-07-02 17:38:02.261,C3:00:00:63:4D:0A,-61,127,1.5,2.5,1.5
1783006682288,2026-07-02 17:38:02.288,C3:00:00:63:4D:08,-54,127,1.5,2.5,1.5
1783006682324,2026-07-02 17:38:02.324,C3:00:00:63:4C:D2,-62,127,1.5,2.5,1.5
1783006682326,2026-07-02 17:38:02.326,C3:00:00:63:4D:07,-54,127,1.5,2.5,1.5
1783006682335,2026-07-02 17:38:02.335,C3:00:00:63:4D:05,-66,127,1.5,2.5,1.5
1783006682344,2026-07-02 17:38:02.344,C3:00:00:63:4D:09,-64,127,1.5,2.5,1.5
1783006682363,2026-07-02 17:38:02.363,C3:00:00:63:4D:04,-60,127,1.5,2.5,1.5
1783006682377,2026-07-02 17:38:02.377,C3:00:00:63:4D:0A,-52,127,1.5,2.5,1.5
1783006682391,2026-07-02 17:38:02.391,C3:00:00:63:4D:08,-57,127,1.5,2.5,1.5
1783006682397,2026-07-02 17:38:02.397,C3:00:00:63:4D:0D,-54,127,1.5,2.5,1.5
1783006682420,2026-07-02 17:38:02.420,C3:00:00:63:4C:D2,-66,127,1.5,2.5,1.5
1783006682444,2026-07-02 17:38:02.444,C3:00:00:63:4D:07,-58,127,1.5,2.5,1.5
1783006682466,2026-07-02 17:38:02.466,C3:00:00:63:4D:05,-58,127,1.5,2.5,1.5
1783006682471,2026-07-02 17:38:02.471,C3:00:00:63:4D:09,-62,127,1.5,2.5,1.5
1783006682473,2026-07-02 17:38:02.473,C3:00:00:63:4D:04,-58,127,1.5,2.5,1.5
1783006682478,2026-07-02 17:38:02.478,C3:00:00:63:4D:09,-62,127,1.5,2.5,1.5
1783006682486,2026-07-02 17:38:02.486,C3:00:00:63:4D:0A,-56,127,1.5,2.5,1.5
1783006682487,2026-07-02 17:38:02.487,C3:00:00:63:4D:08,-63,127,1.5,2.5,1.5
1783006682501,2026-07-02 17:38:02.501,C3:00:00:63:4D:0D,-60,127,1.5,2.5,1.5
1783006682512,2026-07-02 17:38:02.512,C3:00:00:63:4D:08,-62,127,1.5,2.5,1.5
1783006682534,2026-07-02 17:38:02.534,C3:00:00:63:4C:D2,-61,127,1.5,2.5,1.5
1783006682544,2026-07-02 17:38:02.544,C3:00:00:63:4D:07,-54,127,1.5,2.5,1.5
1783006682568,2026-07-02 17:38:02.568,C3:00:00:63:4D:05,-63,127,1.5,2.5,1.5
1783006682577,2026-07-02 17:38:02.577,C3:00:00:63:4D:09,-60,127,1.5,2.5,1.5
1783006682592,2026-07-02 17:38:02.592,C3:00:00:63:4D:04,-62,127,1.5,2.5,1.5
1783006682604,2026-07-02 17:38:02.604,C3:00:00:63:4D:0D,-54,127,1.5,2.5,1.5
1783006682620,2026-07-02 17:38:02.620,C3:00:00:63:4D:08,-57,127,1.5,2.5,1.5
1783006682647,2026-07-02 17:38:02.647,C3:00:00:63:4C:D2,-71,127,1.5,2.5,1.5
1783006682659,2026-07-02 17:38:02.659,C3:00:00:63:4D:07,-56,127,1.5,2.5,1.5
1783006682684,2026-07-02 17:38:02.684,C3:00:00:63:4D:05,-64,127,1.5,2.5,1.5
1783006682688,2026-07-02 17:38:02.688,C3:00:00:63:4D:04,-60,127,1.5,2.5,1.5
1783006682693,2026-07-02 17:38:02.693,C3:00:00:63:4D:09,-64,127,1.5,2.5,1.5
1783006682709,2026-07-02 17:38:02.709,C3:00:00:63:4D:0A,-52,127,1.5,2.5,1.5
1783006682717,2026-07-02 17:38:02.717,C3:00:00:63:4D:0D,-54,127,1.5,2.5,1.5
1783006682722,2026-07-02 17:38:02.722,C3:00:00:63:4D:08,-63,127,1.5,2.5,1.5
1783006682743,2026-07-02 17:38:02.743,C3:00:00:63:4D:08,-63,127,1.5,2.5,1.5
1783006682760,2026-07-02 17:38:02.760,C3:00:00:63:4C:D2,-67,127,1.5,2.5,1.5
1783006682769,2026-07-02 17:38:02.769,C3:00:00:63:4D:08,-72,127,1.5,2.5,1.5
1783006682778,2026-07-02 17:38:02.778,C3:00:00:63:4D:07,-58,127,1.5,2.5,1.5
1783006682794,2026-07-02 17:38:02.794,C3:00:00:63:4D:07,-58,127,1.5,2.5,1.5
1783006682798,2026-07-02 17:38:02.798,C3:00:00:63:4D:05,-58,127,1.5,2.5,1.5
1783006682822,2026-07-02 17:38:02.822,C3:00:00:63:4D:0D,-54,127,1.5,2.5,1.5
1783006682827,2026-07-02 17:38:02.827,C3:00:00:63:4D:0A,-60,127,1.5,2.5,1.5
1783006682831,2026-07-02 17:38:02.831,C3:00:00:63:4D:08,-53,127,1.5,2.5,1.5
1783006682869,2026-07-02 17:38:02.869,C3:00:00:63:4D:05,-70,127,1.5,2.5,1.5
1783006682903,2026-07-02 17:38:02.903,C3:00:00:63:4D:07,-54,127,1.5,2.5,1.5
1783006682912,2026-07-02 17:38:02.912,C3:00:00:63:4D:05,-64,127,1.5,2.5,1.5
1783006682918,2026-07-02 17:38:02.918,C3:00:00:63:4D:04,-62,127,1.5,2.5,1.5
1783006682923,2026-07-02 17:38:02.923,C3:00:00:63:4D:09,-67,127,1.5,2.5,1.5
1783006682936,2026-07-02 17:38:02.936,C3:00:00:63:4D:0D,-55,127,1.5,2.5,1.5
1783006682940,2026-07-02 17:38:02.940,C3:00:00:63:4D:0A,-51,127,1.5,2.5,1.5
1783006682956,2026-07-02 17:38:02.956,C3:00:00:63:4D:0D,-55,127,1.5,2.5,1.5
1783006682998,2026-07-02 17:38:02.998,C3:00:00:63:4C:D2,-72,127,1.5,2.5,1.5
1783006683005,2026-07-02 17:38:03.005,C3:00:00:63:4D:07,-59,127,1.5,2.5,1.5
1783006683018,2026-07-02 17:38:03.018,C3:00:00:63:4D:04,-58,127,1.5,2.5,1.5
1783006683027,2026-07-02 17:38:03.027,C3:00:00:63:4D:0D,-59,127,1.5,2.5,1.5
1783006683029,2026-07-02 17:38:03.029,C3:00:00:63:4D:09,-63,127,1.5,2.5,1.5
1783006683035,2026-07-02 17:38:03.035,C3:00:00:63:4D:05,-58,127,1.5,2.5,1.5
1783006683044,2026-07-02 17:38:03.044,C3:00:00:63:4D:0A,-55,127,1.5,2.5,1.5
1783006683049,2026-07-02 17:38:03.049,C3:00:00:63:4D:08,-60,127,1.5,2.5,1.5
1783006683099,2026-07-02 17:38:03.099,C3:00:00:63:4D:05,-58,127,1.5,2.5,1.5
1783006683103,2026-07-02 17:38:03.103,C3:00:00:63:4C:D2,-64,127,1.5,2.5,1.5
1783006683127,2026-07-02 17:38:03.127,C3:00:00:63:4D:07,-54,127,1.5,2.5,1.5
1783006683131,2026-07-02 17:38:03.131,C3:00:00:63:4D:04,-63,127,1.5,2.5,1.5
1783006683143,2026-07-02 17:38:03.143,C3:00:00:63:4D:0D,-54,127,1.5,2.5,1.5
1783006683145,2026-07-02 17:38:03.145,C3:00:00:63:4D:05,-64,127,1.5,2.5,1.5
1783006683152,2026-07-02 17:38:03.152,C3:00:00:63:4D:09,-60,127,1.5,2.5,1.5
1783006683155,2026-07-02 17:38:03.155,C3:00:00:63:4D:08,-54,127,1.5,2.5,1.5
1783006683200,2026-07-02 17:38:03.200,C3:00:00:63:4D:04,-63,127,1.5,2.5,1.5
1783006683243,2026-07-02 17:38:03.243,C3:00:00:63:4D:0D,-55,127,1.5,2.5,1.5
1783006683279,2026-07-02 17:38:03.279,C3:00:00:63:4D:08,-58,127,1.5,2.5,1.5
1783006683286,2026-07-02 17:38:03.286,C3:00:00:63:4D:0A,-51,127,1.5,2.5,1.5
1783006683295,2026-07-02 17:38:03.295,C3:00:00:63:4D:0A,-51,127,1.5,2.5,1.5
1783006683343,2026-07-02 17:38:03.343,C3:00:00:63:4C:D2,-64,127,1.5,2.5,1.5
1783006683352,2026-07-02 17:38:03.352,C3:00:00:63:4D:04,-57,127,1.5,2.5,1.5
1783006683354,2026-07-02 17:38:03.354,C3:00:00:63:4D:0D,-59,127,1.5,2.5,1.5
1783006683357,2026-07-02 17:38:03.357,C3:00:00:63:4D:07,-56,127,1.5,2.5,1.5
1783006683376,2026-07-02 17:38:03.376,C3:00:00:63:4D:08,-60,127,1.5,2.5,1.5
1783006683452,2026-07-02 17:38:03.452,C3:00:00:63:4D:0D,-54,127,1.5,2.5,1.5
1783006683457,2026-07-02 17:38:03.457,C3:00:00:63:4C:D2,-62,127,1.5,2.5,1.5
1783006683466,2026-07-02 17:38:03.466,C3:00:00:63:4D:07,-54,127,1.5,2.5,1.5
1783006683488,2026-07-02 17:38:03.488,C3:00:00:63:4D:08,-54,127,1.5,2.5,1.5
1783006683490,2026-07-02 17:38:03.490,C3:00:00:63:4D:05,-64,127,1.5,2.5,1.5
1783006683495,2026-07-02 17:38:03.495,C3:00:00:63:4D:09,-60,127,1.5,2.5,1.5
1783006683500,2026-07-02 17:38:03.500,C3:00:00:63:4D:0A,-61,127,1.5,2.5,1.5
1783006683551,2026-07-02 17:38:03.551,C3:00:00:63:4D:0D,-55,127,1.5,2.5,1.5
1783006683570,2026-07-02 17:38:03.570,C3:00:00:63:4D:04,-62,127,1.5,2.5,1.5
1783006683600,2026-07-02 17:38:03.600,C3:00:00:63:4D:09,-67,127,1.5,2.5,1.5
1783006683606,2026-07-02 17:38:03.606,C3:00:00:63:4D:05,-66,127,1.5,2.5,1.5
1783006683618,2026-07-02 17:38:03.618,C3:00:00:63:4D:0A,-55,127,1.5,2.5,1.5
1783006683654,2026-07-02 17:38:03.654,C3:00:00:63:4D:04,-58,127,1.5,2.5,1.5
1783006683669,2026-07-02 17:38:03.669,C3:00:00:63:4D:0D,-59,127,1.5,2.5,1.5
1783006683673,2026-07-02 17:38:03.673,C3:00:00:63:4D:04,-58,127,1.5,2.5,1.5
1783006683678,2026-07-02 17:38:03.678,C3:00:00:63:4C:D2,-64,127,1.5,2.5,1.5
1783006683693,2026-07-02 17:38:03.693,C3:00:00:63:4D:04,-58,127,1.5,2.5,1.5
1783006683695,2026-07-02 17:38:03.695,C3:00:00:63:4D:07,-56,127,1.5,2.5,1.5
1783006683699,2026-07-02 17:38:03.699,C3:00:00:63:4D:08,-60,127,1.5,2.5,1.5
1783006683713,2026-07-02 17:38:03.713,C3:00:00:63:4D:09,-60,127,1.5,2.5,1.5
1783006683721,2026-07-02 17:38:03.721,C3:00:00:63:4D:05,-64,127,1.5,2.5,1.5
1783006683734,2026-07-02 17:38:03.734,C3:00:00:63:4D:0A,-61,127,1.5,2.5,1.5
1783006683762,2026-07-02 17:38:03.762,C3:00:00:63:4D:0D,-54,127,1.5,2.5,1.5
1783006683790,2026-07-02 17:38:03.790,C3:00:00:63:4D:04,-62,127,1.5,2.5,1.5
1783006683795,2026-07-02 17:38:03.795,C3:00:00:63:4C:D2,-62,127,1.5,2.5,1.5
1783006683818,2026-07-02 17:38:03.818,C3:00:00:63:4D:08,-57,127,1.5,2.5,1.5
1783006683834,2026-07-02 17:38:03.834,C3:00:00:63:4D:05,-67,127,1.5,2.5,1.5
1783006683841,2026-07-02 17:38:03.841,C3:00:00:63:4D:09,-67,127,1.5,2.5,1.5
1783006683844,2026-07-02 17:38:03.844,C3:00:00:63:4D:05,-66,127,1.5,2.5,1.5
1783006683845,2026-07-02 17:38:03.845,C3:00:00:63:4C:D2,-73,127,1.5,2.5,1.5
1783006683848,2026-07-02 17:38:03.848,C3:00:00:63:4D:0A,-51,127,1.5,2.5,1.5
1783006683886,2026-07-02 17:38:03.886,C3:00:00:63:4D:04,-62,127,1.5,2.5,1.5
1783006683903,2026-07-02 17:38:03.903,C3:00:00:63:4D:0A,-52,127,1.5,2.5,1.5
1783006683914,2026-07-02 17:38:03.914,C3:00:00:63:4C:D2,-64,127,1.5,2.5,1.5
1783006683920,2026-07-02 17:38:03.920,C3:00:00:63:4D:08,-61,127,1.5,2.5,1.5
1783006683923,2026-07-02 17:38:03.923,C3:00:00:63:4D:07,-56,127,1.5,2.5,1.5
1783006683937,2026-07-02 17:38:03.937,C3:00:00:63:4D:09,-63,127,1.5,2.5,1.5
1783006683952,2026-07-02 17:38:03.952,C3:00:00:63:4D:05,-58,127,1.5,2.5,1.5
1783006683955,2026-07-02 17:38:03.955,C3:00:00:63:4D:0A,-55,127,1.5,2.5,1.5
1783006683970,2026-07-02 17:38:03.970,C3:00:00:63:4D:0D,-59,127,1.5,2.5,1.5
1783006683997,2026-07-02 17:38:03.997,C3:00:00:63:4D:04,-58,127,1.5,2.5,1.5
1783006684002,2026-07-02 17:38:04.002,C3:00:00:63:4D:0D,-67,127,1.5,2.5,1.5
1783006684028,2026-07-02 17:38:04.028,C3:00:00:63:4D:08,-54,127,1.5,2.5,1.5
1783006684034,2026-07-02 17:38:04.034,C3:00:00:63:4C:D2,-62,127,1.5,2.5,1.5
1783006684051,2026-07-02 17:38:04.051,C3:00:00:63:4D:07,-54,127,1.5,2.5,1.5
1783006684058,2026-07-02 17:38:04.058,C3:00:00:63:4D:09,-60,127,1.5,2.5,1.5
1783006684068,2026-07-02 17:38:04.068,C3:00:00:63:4D:05,-64,127,1.5,2.5,1.5
1783006684071,2026-07-02 17:38:04.071,C3:00:00:63:4D:0A,-63,127,1.5,2.5,1.5
1783006684078,2026-07-02 17:38:04.078,C3:00:00:63:4D:07,-54,127,1.5,2.5,1.5
1783006684079,2026-07-02 17:38:04.079,C3:00:00:63:4D:0D,-54,127,1.5,2.5,1.5
1783006684099,2026-07-02 17:38:04.099,C3:00:00:63:4D:0A,-69,127,1.5,2.5,1.5
1783006684143,2026-07-02 17:38:04.143,C3:00:00:63:4D:08,-58,127,1.5,2.5,1.5
1783006684146,2026-07-02 17:38:04.146,C3:00:00:63:4C:D2,-73,127,1.5,2.5,1.5
1783006684168,2026-07-02 17:38:04.168,C3:00:00:63:4D:07,-59,127,1.5,2.5,1.5
1783006684175,2026-07-02 17:38:04.175,C3:00:00:63:4D:09,-67,127,1.5,2.5,1.5
1783006684182,2026-07-02 17:38:04.182,C3:00:00:63:4D:05,-66,127,1.5,2.5,1.5
1783006684187,2026-07-02 17:38:04.187,C3:00:00:63:4D:0A,-52,127,1.5,2.5,1.5
1783006684195,2026-07-02 17:38:04.195,C3:00:00:63:4D:0D,-55,127,1.5,2.5,1.5
1783006684211,2026-07-02 17:38:04.211,C3:00:00:63:4D:04,-61,127,1.5,2.5,1.5
1783006684288,2026-07-02 17:38:04.288,C3:00:00:63:4D:09,-62,127,1.5,2.5,1.5
1783006684294,2026-07-02 17:38:04.294,C3:00:00:63:4D:05,-58,127,1.5,2.5,1.5
1783006684326,2026-07-02 17:38:04.326,C3:00:00:63:4D:04,-61,127,1.5,2.5,1.5
1783006684354,2026-07-02 17:38:04.354,C3:00:00:63:4D:08,-54,127,1.5,2.5,1.5
1783006684373,2026-07-02 17:38:04.373,C3:00:00:63:4C:D2,-62,127,1.5,2.5,1.5
1783006684386,2026-07-02 17:38:04.386,C3:00:00:63:4D:07,-54,127,1.5,2.5,1.5
1783006684395,2026-07-02 17:38:04.395,C3:00:00:63:4D:0D,-54,127,1.5,2.5,1.5
1783006684401,2026-07-02 17:38:04.401,C3:00:00:63:4D:09,-59,127,1.5,2.5,1.5
1783006684434,2026-07-02 17:38:04.434,C3:00:00:63:4D:04,-60,127,1.5,2.5,1.5
1783006684439,2026-07-02 17:38:04.439,C3:00:00:63:4C:D2,-81,127,1.5,2.5,1.5
1783006684488,2026-07-02 17:38:04.488,C3:00:00:63:4C:D2,-72,127,1.5,2.5,1.5
1783006684509,2026-07-02 17:38:04.509,C3:00:00:63:4D:0D,-54,127,1.5,2.5,1.5
1783006684518,2026-07-02 17:38:04.518,C3:00:00:63:4D:08,-57,127,1.5,2.5,1.5
1783006684526,2026-07-02 17:38:04.526,C3:00:00:63:4D:07,-56,127,1.5,2.5,1.5
1783006684531,2026-07-02 17:38:04.531,C3:00:00:63:4D:09,-64,127,1.5,2.5,1.5
1783006684532,2026-07-02 17:38:04.532,C3:00:00:63:4D:0A,-56,127,1.5,2.5,1.5
1783006684533,2026-07-02 17:38:04.533,C3:00:00:63:4D:05,-58,127,1.5,2.5,1.5
1783006684543,2026-07-02 17:38:04.543,C3:00:00:63:4D:04,-58,127,1.5,2.5,1.5
1783006684601,2026-07-02 17:38:04.601,C3:00:00:63:4D:0D,-59,127,1.5,2.5,1.5
1783006684609,2026-07-02 17:38:04.609,C3:00:00:63:4C:D2,-64,127,1.5,2.5,1.5
1783006684621,2026-07-02 17:38:04.621,C3:00:00:63:4D:07,-53,127,1.5,2.5,1.5
1783006684644,2026-07-02 17:38:04.644,C3:00:00:63:4D:0A,-61,127,1.5,2.5,1.5
1783006684647,2026-07-02 17:38:04.647,C3:00:00:63:4D:05,-64,127,1.5,2.5,1.5
1783006684653,2026-07-02 17:38:04.653,C3:00:00:63:4D:04,-62,127,1.5,2.5,1.5
1783006684662,2026-07-02 17:38:04.662,C3:00:00:63:4D:09,-67,127,1.5,2.5,1.5
1783006684686,2026-07-02 17:38:04.686,C3:00:00:63:4D:08,-54,127,1.5,2.5,1.5
1783006684716,2026-07-02 17:38:04.716,C3:00:00:63:4D:0D,-54,127,1.5,2.5,1.5
1783006684732,2026-07-02 17:38:04.732,C3:00:00:63:4C:D2,-74,127,1.5,2.5,1.5
1783006684735,2026-07-02 17:38:04.735,C3:00:00:63:4D:07,-59,127,1.5,2.5,1.5
1783006684739,2026-07-02 17:38:04.739,C3:00:00:63:4D:09,-67,127,1.5,2.5,1.5
1783006684746,2026-07-02 17:38:04.746,C3:00:00:63:4D:0A,-52,127,1.5,2.5,1.5
1783006684759,2026-07-02 17:38:04.759,C3:00:00:63:4D:05,-66,127,1.5,2.5,1.5
1783006684763,2026-07-02 17:38:04.763,C3:00:00:63:4D:04,-62,127,1.5,2.5,1.5
1783006684791,2026-07-02 17:38:04.791,C3:00:00:63:4D:08,-58,127,1.5,2.5,1.5
1783006684808,2026-07-02 17:38:04.808,C3:00:00:63:4D:07,-59,127,1.5,2.5,1.5
1783006684813,2026-07-02 17:38:04.813,C3:00:00:63:4D:0D,-55,127,1.5,2.5,1.5
1783006684817,2026-07-02 17:38:04.817,C3:00:00:63:4D:0A,-55,127,1.5,2.5,1.5
1783006684864,2026-07-02 17:38:04.864,C3:00:00:63:4D:0A,-55,127,1.5,2.5,1.5
1783006684868,2026-07-02 17:38:04.868,C3:00:00:63:4D:05,-58,127,1.5,2.5,1.5
1783006684875,2026-07-02 17:38:04.875,C3:00:00:63:4D:04,-57,127,1.5,2.5,1.5
1783006684880,2026-07-02 17:38:04.880,C3:00:00:63:4D:09,-63,127,1.5,2.5,1.5
1783006684908,2026-07-02 17:38:04.908,C3:00:00:63:4D:08,-60,127,1.5,2.5,1.5
1783006684920,2026-07-02 17:38:04.920,C3:00:00:63:4D:0D,-54,127,1.5,2.5,1.5
1783006684925,2026-07-02 17:38:04.925,C3:00:00:63:4D:05,-64,127,1.5,2.5,1.5
1783006684931,2026-07-02 17:38:04.931,C3:00:00:63:4D:0D,-54,127,1.5,2.5,1.5
1783006684950,2026-07-02 17:38:04.950,C3:00:00:63:4C:D2,-62,127,1.5,2.5,1.5
1783006684953,2026-07-02 17:38:04.953,C3:00:00:63:4D:0D,-54,127,1.5,2.5,1.5
1783006684959,2026-07-02 17:38:04.959,C3:00:00:63:4D:07,-54,127,1.5,2.5,1.5
1783006684967,2026-07-02 17:38:04.967,C3:00:00:63:4D:09,-60,127,1.5,2.5,1.5
1783006684972,2026-07-02 17:38:04.972,C3:00:00:63:4D:0A,-61,127,1.5,2.5,1.5
1783006684978,2026-07-02 17:38:04.978,C3:00:00:63:4D:04,-62,127,1.5,2.5,1.5
1783006684983,2026-07-02 17:38:04.983,C3:00:00:63:4D:05,-64,127,1.5,2.5,1.5
1783006685026,2026-07-02 17:38:05.026,C3:00:00:63:4D:0D,-55,127,1.5,2.5,1.5
1783006685059,2026-07-02 17:38:05.059,C3:00:00:63:4C:D2,-73,127,1.5,2.5,1.5
1783006685081,2026-07-02 17:38:05.081,C3:00:00:63:4D:09,-67,127,1.5,2.5,1.5
1783006685093,2026-07-02 17:38:05.093,C3:00:00:63:4D:07,-59,127,1.5,2.5,1.5
1783006685095,2026-07-02 17:38:05.095,C3:00:00:63:4D:0A,-52,127,1.5,2.5,1.5
1783006685102,2026-07-02 17:38:05.102,C3:00:00:63:4D:04,-62,127,1.5,2.5,1.5
1783006685118,2026-07-02 17:38:05.118,C3:00:00:63:4D:05,-58,127,1.5,2.5,1.5
1783006685120,2026-07-02 17:38:05.120,C3:00:00:63:4D:08,-60,127,1.5,2.5,1.5
1783006685124,2026-07-02 17:38:05.124,C3:00:00:63:4D:0D,-59,127,1.5,2.5,1.5
1783006685178,2026-07-02 17:38:05.178,C3:00:00:63:4C:D2,-64,127,1.5,2.5,1.5
1783006685202,2026-07-02 17:38:05.202,C3:00:00:63:4D:0A,-55,127,1.5,2.5,1.5
1783006685218,2026-07-02 17:38:05.218,C3:00:00:63:4D:05,-58,127,1.5,2.5,1.5
1783006685224,2026-07-02 17:38:05.224,C3:00:00:63:4D:09,-60,127,1.5,2.5,1.5
1783006685237,2026-07-02 17:38:05.237,C3:00:00:63:4D:08,-54,127,1.5,2.5,1.5
1783006685239,2026-07-02 17:38:05.239,C3:00:00:63:4D:0D,-54,127,1.5,2.5,1.5
1783006685296,2026-07-02 17:38:05.296,C3:00:00:63:4C:D2,-62,127,1.5,2.5,1.5
1783006685302,2026-07-02 17:38:05.302,C3:00:00:63:4D:0A,-61,127,1.5,2.5,1.5
1783006685311,2026-07-02 17:38:05.311,C3:00:00:63:4D:04,-62,127,1.5,2.5,1.5
1783006685317,2026-07-02 17:38:05.317,C3:00:00:63:4D:07,-54,127,1.5,2.5,1.5
1783006685320,2026-07-02 17:38:05.320,C3:00:00:63:4D:09,-67,127,1.5,2.5,1.5
1783006685324,2026-07-02 17:38:05.324,C3:00:00:63:4D:0A,-52,127,1.5,2.5,1.5
1783006685327,2026-07-02 17:38:05.327,C3:00:00:63:4D:05,-66,127,1.5,2.5,1.5
1783006685331,2026-07-02 17:38:05.331,C3:00:00:63:4D:08,-58,127,1.5,2.5,1.5
1783006685334,2026-07-02 17:38:05.334,C3:00:00:63:4D:0D,-55,127,1.5,2.5,1.5
1783006685394,2026-07-02 17:38:05.394,C3:00:00:63:4C:D2,-75,127,1.5,2.5,1.5
1783006685420,2026-07-02 17:38:05.420,C3:00:00:63:4D:04,-57,127,1.5,2.5,1.5
1783006685425,2026-07-02 17:38:05.425,C3:00:00:63:4D:09,-63,127,1.5,2.5,1.5
1783006685445,2026-07-02 17:38:05.445,C3:00:00:63:4D:08,-60,127,1.5,2.5,1.5
1783006685521,2026-07-02 17:38:05.521,C3:00:00:63:4C:D2,-62,127,1.5,2.5,1.5
1783006685530,2026-07-02 17:38:05.530,C3:00:00:63:4D:04,-62,127,1.5,2.5,1.5
1783006685536,2026-07-02 17:38:05.536,C3:00:00:63:4D:0A,-61,127,1.5,2.5,1.5
1783006685539,2026-07-02 17:38:05.539,C3:00:00:63:4D:07,-56,127,1.5,2.5,1.5
1783006685550,2026-07-02 17:38:05.550,C3:00:00:63:4D:0D,-54,127,1.5,2.5,1.5
1783006685552,2026-07-02 17:38:05.552,C3:00:00:63:4D:08,-54,127,1.5,2.5,1.5
1783006685556,2026-07-02 17:38:05.556,C3:00:00:63:4D:05,-63,127,1.5,2.5,1.5
1783006685630,2026-07-02 17:38:05.630,C3:00:00:63:4D:04,-61,127,1.5,2.5,1.5
1783006685638,2026-07-02 17:38:05.638,C3:00:00:63:4C:D2,-73,127,1.5,2.5,1.5
1783006685656,2026-07-02 17:38:05.656,C3:00:00:63:4D:0A,-51,127,1.5,2.5,1.5
1783006685667,2026-07-02 17:38:05.667,C3:00:00:63:4D:09,-67,127,1.5,2.5,1.5
1783006685673,2026-07-02 17:38:05.673,C3:00:00:63:4D:04,-62,127,1.5,2.5,1.5
1783006685674,2026-07-02 17:38:05.674,C3:00:00:63:4D:08,-58,127,1.5,2.5,1.5
1783006685677,2026-07-02 17:38:05.677,C3:00:00:63:4D:05,-67,127,1.5,2.5,1.5
1783006685682,2026-07-02 17:38:05.682,C3:00:00:63:4D:04,-62,127,1.5,2.5,1.5
1783006685746,2026-07-02 17:38:05.746,C3:00:00:63:4D:04,-58,127,1.5,2.5,1.5
1783006685752,2026-07-02 17:38:05.752,C3:00:00:63:4C:D2,-64,127,1.5,2.5,1.5
1783006685765,2026-07-02 17:38:05.765,C3:00:00:63:4D:0A,-55,127,1.5,2.5,1.5
1783006685773,2026-07-02 17:38:05.773,C3:00:00:63:4D:07,-56,127,1.5,2.5,1.5
1783006685781,2026-07-02 17:38:05.781,C3:00:00:63:4D:09,-63,127,1.5,2.5,1.5
1783006685783,2026-07-02 17:38:05.783,C3:00:00:63:4D:08,-61,127,1.5,2.5,1.5
1783006685784,2026-07-02 17:38:05.784,C3:00:00:63:4D:05,-58,127,1.5,2.5,1.5
1783006685833,2026-07-02 17:38:05.833,C3:00:00:63:4D:05,-63,127,1.5,2.5,1.5
1783006685856,2026-07-02 17:38:05.856,C3:00:00:63:4C:D2,-61,127,1.5,2.5,1.5
1783006685862,2026-07-02 17:38:05.862,C3:00:00:63:4D:04,-62,127,1.5,2.5,1.5
1783006685864,2026-07-02 17:38:05.864,C3:00:00:63:4D:08,-54,127,1.5,2.5,1.5
1783006685868,2026-07-02 17:38:05.868,C3:00:00:63:4D:0D,-54,127,1.5,2.5,1.5
1783006685874,2026-07-02 17:38:05.874,C3:00:00:63:4D:0A,-60,127,1.5,2.5,1.5
1783006685877,2026-07-02 17:38:05.877,C3:00:00:63:4D:09,-59,127,1.5,2.5,1.5
1783006685878,2026-07-02 17:38:05.878,C3:00:00:63:4D:07,-54,127,1.5,2.5,1.5
1783006685883,2026-07-02 17:38:05.883,C3:00:00:63:4D:08,-54,127,1.5,2.5,1.5
1783006685907,2026-07-02 17:38:05.907,C3:00:00:63:4D:05,-63,127,1.5,2.5,1.5
1783006685958,2026-07-02 17:38:05.958,C3:00:00:63:4D:04,-62,127,1.5,2.5,1.5
1783006685982,2026-07-02 17:38:05.982,C3:00:00:63:4D:0D,-55,127,1.5,2.5,1.5
1783006685989,2026-07-02 17:38:05.989,C3:00:00:63:4D:0A,-52,127,1.5,2.5,1.5
1783006686000,2026-07-02 17:38:06.000,C3:00:00:63:4D:09,-67,127,1.5,2.5,1.5
1783006686020,2026-07-02 17:38:06.020,C3:00:00:63:4D:05,-58,127,1.5,2.5,1.5
1783006686075,2026-07-02 17:38:06.075,C3:00:00:63:4D:04,-58,127,1.5,2.5,1.5
1783006686079,2026-07-02 17:38:06.079,C3:00:00:63:4D:0D,-59,127,1.5,2.5,1.5
1783006686091,2026-07-02 17:38:06.091,C3:00:00:63:4D:07,-56,127,1.5,2.5,1.5
1783006686098,2026-07-02 17:38:06.098,C3:00:00:63:4C:D2,-64,127,1.5,2.5,1.5
1783006686105,2026-07-02 17:38:06.105,C3:00:00:63:4D:08,-60,127,1.5,2.5,1.5
1783006686109,2026-07-02 17:38:06.109,C3:00:00:63:4D:0A,-55,127,1.5,2.5,1.5
1783006686113,2026-07-02 17:38:06.113,C3:00:00:63:4D:07,-57,127,1.5,2.5,1.5
1783006686118,2026-07-02 17:38:06.118,C3:00:00:63:4D:09,-63,127,1.5,2.5,1.5
1783006686124,2026-07-02 17:38:06.124,C3:00:00:63:4D:07,-54,127,1.5,2.5,1.5
1783006686126,2026-07-02 17:38:06.126,C3:00:00:63:4D:05,-64,127,1.5,2.5,1.5
1783006686176,2026-07-02 17:38:06.176,C3:00:00:63:4D:0D,-54,127,1.5,2.5,1.5
1783006686183,2026-07-02 17:38:06.183,C3:00:00:63:4D:04,-62,127,1.5,2.5,1.5
1783006686209,2026-07-02 17:38:06.209,C3:00:00:63:4C:D2,-61,127,1.5,2.5,1.5
1783006686217,2026-07-02 17:38:06.217,C3:00:00:63:4D:08,-54,127,1.5,2.5,1.5
1783006686221,2026-07-02 17:38:06.221,C3:00:00:63:4D:0A,-52,127,1.5,2.5,1.5
1783006686225,2026-07-02 17:38:06.225,C3:00:00:63:4D:09,-67,127,1.5,2.5,1.5
1783006686232,2026-07-02 17:38:06.232,C3:00:00:63:4D:07,-59,127,1.5,2.5,1.5
1783006686248,2026-07-02 17:38:06.248,C3:00:00:63:4D:05,-66,127,1.5,2.5,1.5
1783006686323,2026-07-02 17:38:06.323,C3:00:00:63:4D:08,-60,127,1.5,2.5,1.5
1783006686330,2026-07-02 17:38:06.330,C3:00:00:63:4C:D2,-64,127,1.5,2.5,1.5
1783006686334,2026-07-02 17:38:06.334,C3:00:00:63:4D:0A,-55,127,1.5,2.5,1.5
1783006686343,2026-07-02 17:38:06.343,C3:00:00:63:4D:09,-63,127,1.5,2.5,1.5
1783006686349,2026-07-02 17:38:06.349,C3:00:00:63:4D:07,-56,127,1.5,2.5,1.5
1783006686359,2026-07-02 17:38:06.359,C3:00:00:63:4D:05,-58,127,1.5,2.5,1.5
1783006686391,2026-07-02 17:38:06.391,C3:00:00:63:4D:0D,-59,127,1.5,2.5,1.5
1783006686399,2026-07-02 17:38:06.399,C3:00:00:63:4D:04,-58,127,1.5,2.5,1.5
1783006686456,2026-07-02 17:38:06.456,C3:00:00:63:4D:09,-59,127,1.5,2.5,1.5
1783006686459,2026-07-02 17:38:06.459,C3:00:00:63:4D:07,-54,127,1.5,2.5,1.5
1783006686481,2026-07-02 17:38:06.481,C3:00:00:63:4D:05,-63,127,1.5,2.5,1.5
1783006686504,2026-07-02 17:38:06.504,C3:00:00:63:4D:04,-61,127,1.5,2.5,1.5
1783006686508,2026-07-02 17:38:06.508,C3:00:00:63:4D:08,-54,127,1.5,2.5,1.5
1783006686542,2026-07-02 17:38:06.542,C3:00:00:63:4D:08,-57,127,1.5,2.5,1.5
1783006686560,2026-07-02 17:38:06.560,C3:00:00:63:4D:0A,-52,127,1.5,2.5,1.5
1783006686565,2026-07-02 17:38:06.565,C3:00:00:63:4D:09,-64,127,1.5,2.5,1.5
1783006686582,2026-07-02 17:38:06.582,C3:00:00:63:4D:07,-56,127,1.5,2.5,1.5
1783006686599,2026-07-02 17:38:06.599,C3:00:00:63:4D:05,-64,127,1.5,2.5,1.5
1783006686602,2026-07-02 17:38:06.602,C3:00:00:63:4D:0D,-54,127,1.5,2.5,1.5
1783006686617,2026-07-02 17:38:06.617,C3:00:00:63:4D:04,-58,127,1.5,2.5,1.5
1783006686649,2026-07-02 17:38:06.649,C3:00:00:63:4D:08,-63,127,1.5,2.5,1.5
1783006686670,2026-07-02 17:38:06.670,C3:00:00:63:4D:0A,-56,127,1.5,2.5,1.5
1783006686675,2026-07-02 17:38:06.675,C3:00:00:63:4C:D2,-66,127,1.5,2.5,1.5
1783006686680,2026-07-02 17:38:06.680,C3:00:00:63:4D:09,-63,127,1.5,2.5,1.5
1783006686692,2026-07-02 17:38:06.692,C3:00:00:63:4D:07,-56,127,1.5,2.5,1.5
1783006686696,2026-07-02 17:38:06.696,C3:00:00:63:4D:0D,-59,127,1.5,2.5,1.5
1783006686711,2026-07-02 17:38:06.711,C3:00:00:63:4D:05,-58,127,1.5,2.5,1.5
1783006686726,2026-07-02 17:38:06.726,C3:00:00:63:4D:04,-61,127,1.5,2.5,1.5
1783006686750,2026-07-02 17:38:06.750,C3:00:00:63:4D:08,-54,127,1.5,2.5,1.5
1783006686768,2026-07-02 17:38:06.768,C3:00:00:63:4D:08,-61,127,1.5,2.5,1.5
1783006686790,2026-07-02 17:38:06.790,C3:00:00:63:4D:08,-54,127,1.5,2.5,1.5
1783006686809,2026-07-02 17:38:06.809,C3:00:00:63:4D:07,-54,127,1.5,2.5,1.5
1783006686819,2026-07-02 17:38:06.819,C3:00:00:63:4D:0D,-54,127,1.5,2.5,1.5
1783006686824,2026-07-02 17:38:06.824,C3:00:00:63:4D:07,-57,127,1.5,2.5,1.5
1783006686834,2026-07-02 17:38:06.834,C3:00:00:63:4D:04,-60,127,1.5,2.5,1.5
1783006686870,2026-07-02 17:38:06.870,C3:00:00:63:4D:08,-57,127,1.5,2.5,1.5
1783006686875,2026-07-02 17:38:06.875,C3:00:00:63:4D:09,-62,127,1.5,2.5,1.5
1783006686896,2026-07-02 17:38:06.896,C3:00:00:63:4D:0A,-52,127,1.5,2.5,1.5
1783006686903,2026-07-02 17:38:06.903,C3:00:00:63:4C:D2,-72,127,1.5,2.5,1.5
1783006686912,2026-07-02 17:38:06.912,C3:00:00:63:4D:09,-63,127,1.5,2.5,1.5
1783006686925,2026-07-02 17:38:06.925,C3:00:00:63:4D:07,-58,127,1.5,2.5,1.5
1783006686938,2026-07-02 17:38:06.938,C3:00:00:63:4D:0D,-60,127,1.5,2.5,1.5
1783006686944,2026-07-02 17:38:06.944,C3:00:00:63:4D:04,-58,127,1.5,2.5,1.5
1783006686946,2026-07-02 17:38:06.946,C3:00:00:63:4D:05,-58,127,1.5,2.5,1.5
1783006686960,2026-07-02 17:38:06.960,C3:00:00:63:4D:0D,-60,127,1.5,2.5,1.5
1783006686975,2026-07-02 17:38:06.975,C3:00:00:63:4D:08,-63,127,1.5,2.5,1.5
1783006687003,2026-07-02 17:38:07.003,C3:00:00:63:4D:0A,-55,127,1.5,2.5,1.5
1783006687019,2026-07-02 17:38:07.019,C3:00:00:63:4C:D2,-64,127,1.5,2.5,1.5
1783006687028,2026-07-02 17:38:07.028,C3:00:00:63:4D:0D,-54,127,1.5,2.5,1.5
1783006687031,2026-07-02 17:38:07.031,C3:00:00:63:4D:09,-60,127,1.5,2.5,1.5
1783006687052,2026-07-02 17:38:07.052,C3:00:00:63:4D:04,-61,127,1.5,2.5,1.5
1783006687087,2026-07-02 17:38:07.087,C3:00:00:63:4D:08,-54,127,1.5,2.5,1.5
1783006687102,2026-07-02 17:38:07.102,C3:00:00:63:4D:05,-63,127,1.5,2.5,1.5
1783006687130,2026-07-02 17:38:07.130,C3:00:00:63:4D:0D,-54,127,1.5,2.5,1.5
1783006687159,2026-07-02 17:38:07.159,C3:00:00:63:4D:07,-57,127,1.5,2.5,1.5
1783006687164,2026-07-02 17:38:07.164,C3:00:00:63:4D:04,-60,127,1.5,2.5,1.5
1783006687169,2026-07-02 17:38:07.169,C3:00:00:63:4D:05,-64,127,1.5,2.5,1.5
1783006687188,2026-07-02 17:38:07.188,C3:00:00:63:4D:08,-57,127,1.5,2.5,1.5
1783006687213,2026-07-02 17:38:07.213,C3:00:00:63:4D:04,-61,127,1.5,2.5,1.5
1783006687220,2026-07-02 17:38:07.220,C3:00:00:63:4D:09,-64,127,1.5,2.5,1.5
1783006687229,2026-07-02 17:38:07.229,C3:00:00:63:4D:0A,-55,127,1.5,2.5,1.5
1783006687231,2026-07-02 17:38:07.231,C3:00:00:63:4D:0D,-60,127,1.5,2.5,1.5
1783006687242,2026-07-02 17:38:07.242,C3:00:00:63:4D:09,-62,127,1.5,2.5,1.5
1783006687250,2026-07-02 17:38:07.250,C3:00:00:63:4C:D2,-66,127,1.5,2.5,1.5
1783006687258,2026-07-02 17:38:07.258,C3:00:00:63:4D:07,-57,127,1.5,2.5,1.5
1783006687272,2026-07-02 17:38:07.272,C3:00:00:63:4D:04,-58,127,1.5,2.5,1.5
1783006687285,2026-07-02 17:38:07.285,C3:00:00:63:4D:05,-58,127,1.5,2.5,1.5
1783006687306,2026-07-02 17:38:07.306,C3:00:00:63:4D:08,-63,127,1.5,2.5,1.5
1783006687312,2026-07-02 17:38:07.312,C3:00:00:63:4D:0A,-56,127,1.5,2.5,1.5
1783006687330,2026-07-02 17:38:07.330,C3:00:00:63:4D:0D,-54,127,1.5,2.5,1.5
1783006687346,2026-07-02 17:38:07.346,C3:00:00:63:4D:0A,-61,127,1.5,2.5,1.5
1783006687363,2026-07-02 17:38:07.363,C3:00:00:63:4D:09,-60,127,1.5,2.5,1.5
1783006687368,2026-07-02 17:38:07.368,C3:00:00:63:4C:D2,-62,127,1.5,2.5,1.5
1783006687376,2026-07-02 17:38:07.376,C3:00:00:63:4D:04,-63,127,1.5,2.5,1.5
1783006687378,2026-07-02 17:38:07.378,C3:00:00:63:4D:07,-54,127,1.5,2.5,1.5
1783006687395,2026-07-02 17:38:07.395,C3:00:00:63:4D:05,-64,127,1.5,2.5,1.5
1783006687413,2026-07-02 17:38:07.413,C3:00:00:63:4D:08,-54,127,1.5,2.5,1.5
1783006687440,2026-07-02 17:38:07.440,C3:00:00:63:4D:0D,-55,127,1.5,2.5,1.5
1783006687458,2026-07-02 17:38:07.458,C3:00:00:63:4D:0A,-52,127,1.5,2.5,1.5
1783006687480,2026-07-02 17:38:07.480,C3:00:00:63:4C:D2,-73,127,1.5,2.5,1.5
1783006687486,2026-07-02 17:38:07.486,C3:00:00:63:4D:09,-67,127,1.5,2.5,1.5
1783006687492,2026-07-02 17:38:07.492,C3:00:00:63:4D:04,-62,127,1.5,2.5,1.5
1783006687512,2026-07-02 17:38:07.512,C3:00:00:63:4D:05,-67,127,1.5,2.5,1.5
1783006687518,2026-07-02 17:38:07.518,C3:00:00:63:4D:08,-60,127,1.5,2.5,1.5
1783006687544,2026-07-02 17:38:07.544,C3:00:00:63:4D:0D,-60,127,1.5,2.5,1.5
1783006687573,2026-07-02 17:38:07.573,C3:00:00:63:4D:0A,-55,127,1.5,2.5,1.5
1783006687581,2026-07-02 17:38:07.581,C3:00:00:63:4D:04,-64,127,1.5,2.5,1.5
1783006687608,2026-07-02 17:38:07.608,C3:00:00:63:4D:04,-57,127,1.5,2.5,1.5
1783006687614,2026-07-02 17:38:07.614,C3:00:00:63:4D:07,-56,127,1.5,2.5,1.5
1783006687624,2026-07-02 17:38:07.624,C3:00:00:63:4D:08,-54,127,1.5,2.5,1.5
1783006687632,2026-07-02 17:38:07.632,C3:00:00:63:4D:05,-64,127,1.5,2.5,1.5
1783006687648,2026-07-02 17:38:07.648,C3:00:00:63:4D:0D,-54,127,1.5,2.5,1.5
1783006687667,2026-07-02 17:38:07.667,C3:00:00:63:4D:04,-64,127,1.5,2.5,1.5
1783006687685,2026-07-02 17:38:07.685,C3:00:00:63:4D:0A,-61,127,1.5,2.5,1.5
1783006687691,2026-07-02 17:38:07.691,C3:00:00:63:4D:04,-63,127,1.5,2.5,1.5
1783006687699,2026-07-02 17:38:07.699,C3:00:00:63:4D:09,-60,127,1.5,2.5,1.5
1783006687741,2026-07-02 17:38:07.741,C3:00:00:63:4D:08,-57,127,1.5,2.5,1.5
1783006687748,2026-07-02 17:38:07.748,C3:00:00:63:4D:05,-67,127,1.5,2.5,1.5
1783006687760,2026-07-02 17:38:07.760,C3:00:00:63:4D:0D,-55,127,1.5,2.5,1.5
1783006687796,2026-07-02 17:38:07.796,C3:00:00:63:4D:0A,-52,127,1.5,2.5,1.5
1783006687844,2026-07-02 17:38:07.844,C3:00:00:63:4D:05,-59,127,1.5,2.5,1.5
1783006687850,2026-07-02 17:38:07.850,C3:00:00:63:4D:08,-61,127,1.5,2.5,1.5
1783006687869,2026-07-02 17:38:07.869,C3:00:00:63:4C:D2,-64,127,1.5,2.5,1.5
1783006687871,2026-07-02 17:38:07.871,C3:00:00:63:4D:0D,-60,127,1.5,2.5,1.5
1783006687873,2026-07-02 17:38:07.873,C3:00:00:63:4D:05,-58,127,1.5,2.5,1.5
1783006687875,2026-07-02 17:38:07.875,C3:00:00:63:4D:08,-61,127,1.5,2.5,1.5
1783006687880,2026-07-02 17:38:07.880,C3:00:00:63:4C:D2,-64,127,1.5,2.5,1.5
1783006687927,2026-07-02 17:38:07.927,C3:00:00:63:4D:04,-63,127,1.5,2.5,1.5
1783006687933,2026-07-02 17:38:07.933,C3:00:00:63:4D:0A,-62,127,1.5,2.5,1.5
1783006687935,2026-07-02 17:38:07.935,C3:00:00:63:4D:09,-60,127,1.5,2.5,1.5
1783006687952,2026-07-02 17:38:07.952,C3:00:00:63:4D:07,-54,127,1.5,2.5,1.5
1783006687956,2026-07-02 17:38:07.956,C3:00:00:63:4D:08,-54,127,1.5,2.5,1.5
1783006688007,2026-07-02 17:38:08.007,C3:00:00:63:4D:0D,-62,127,1.5,2.5,1.5
1783006688029,2026-07-02 17:38:08.029,C3:00:00:63:4D:0A,-53,127,1.5,2.5,1.5
1783006688038,2026-07-02 17:38:08.038,C3:00:00:63:4D:04,-62,127,1.5,2.5,1.5
1783006688058,2026-07-02 17:38:08.058,C3:00:00:63:4D:09,-68,127,1.5,2.5,1.5
1783006688091,2026-07-02 17:38:08.091,C3:00:00:63:4D:07,-60,127,1.5,2.5,1.5
1783006688096,2026-07-02 17:38:08.096,C3:00:00:63:4D:05,-67,127,1.5,2.5,1.5
1783006688104,2026-07-02 17:38:08.104,C3:00:00:63:4D:0A,-60,127,1.5,2.5,1.5
1783006688163,2026-07-02 17:38:08.163,C3:00:00:63:4C:D2,-64,127,1.5,2.5,1.5
1783006688172,2026-07-02 17:38:08.172,C3:00:00:63:4D:0D,-60,127,1.5,2.5,1.5
1783006688178,2026-07-02 17:38:08.178,C3:00:00:63:4D:08,-60,127,1.5,2.5,1.5
1783006688184,2026-07-02 17:38:08.184,C3:00:00:63:4D:07,-56,127,1.5,2.5,1.5
1783006688242,2026-07-02 17:38:08.242,C3:00:00:63:4D:0A,-61,127,1.5,2.5,1.5
1783006688251,2026-07-02 17:38:08.251,C3:00:00:63:4D:04,-63,127,1.5,2.5,1.5
1783006688299,2026-07-02 17:38:08.299,C3:00:00:63:4D:07,-54,127,1.5,2.5,1.5
1783006688322,2026-07-02 17:38:08.322,C3:00:00:63:4D:05,-67,127,1.5,2.5,1.5
1783006688383,2026-07-02 17:38:08.383,C3:00:00:63:4D:0D,-55,127,1.5,2.5,1.5
1783006688396,2026-07-02 17:38:08.396,C3:00:00:63:4D:09,-68,127,1.5,2.5,1.5
1783006688401,2026-07-02 17:38:08.401,C3:00:00:63:4D:08,-58,127,1.5,2.5,1.5
1783006688404,2026-07-02 17:38:08.404,C3:00:00:63:4C:D2,-74,127,1.5,2.5,1.5
1783006688448,2026-07-02 17:38:08.448,C3:00:00:63:4C:D2,-72,127,1.5,2.5,1.5
1783006688474,2026-07-02 17:38:08.474,C3:00:00:63:4D:04,-57,127,1.5,2.5,1.5
1783006688481,2026-07-02 17:38:08.481,C3:00:00:63:4D:0A,-55,127,1.5,2.5,1.5
1783006688530,2026-07-02 17:38:08.530,C3:00:00:63:4D:08,-54,127,1.5,2.5,1.5
1783006688584,2026-07-02 17:38:08.584,C3:00:00:63:4D:0A,-63,127,1.5,2.5,1.5
1783006688592,2026-07-02 17:38:08.592,C3:00:00:63:4D:0D,-54,127,1.5,2.5,1.5
1783006688609,2026-07-02 17:38:08.609,C3:00:00:63:4D:08,-54,127,1.5,2.5,1.5
1783006688614,2026-07-02 17:38:08.614,C3:00:00:63:4D:09,-67,127,1.5,2.5,1.5
1783006688624,2026-07-02 17:38:08.624,C3:00:00:63:4C:D2,-75,127,1.5,2.5,1.5
1783006688646,2026-07-02 17:38:08.646,C3:00:00:63:4D:07,-59,127,1.5,2.5,1.5
1783006688671,2026-07-02 17:38:08.671,C3:00:00:63:4D:05,-67,127,1.5,2.5,1.5
1783006688675,2026-07-02 17:38:08.675,C3:00:00:63:4D:09,-75,127,1.5,2.5,1.5
1783006688683,2026-07-02 17:38:08.683,C3:00:00:63:4D:04,-63,127,1.5,2.5,1.5
1783006688699,2026-07-02 17:38:08.699,C3:00:00:63:4D:0A,-53,127,1.5,2.5,1.5
1783006688727,2026-07-02 17:38:08.727,C3:00:00:63:4D:09,-62,127,1.5,2.5,1.5
1783006688739,2026-07-02 17:38:08.739,C3:00:00:63:4C:D2,-64,127,1.5,2.5,1.5
1783006688777,2026-07-02 17:38:08.777,C3:00:00:63:4D:05,-58,127,1.5,2.5,1.5
1783006688801,2026-07-02 17:38:08.801,C3:00:00:63:4D:04,-57,127,1.5,2.5,1.5
1783006688805,2026-07-02 17:38:08.805,C3:00:00:63:4D:0D,-59,127,1.5,2.5,1.5
1783006688823,2026-07-02 17:38:08.823,C3:00:00:63:4D:08,-54,127,1.5,2.5,1.5
1783006688832,2026-07-02 17:38:08.832,C3:00:00:63:4D:0A,-64,127,1.5,2.5,1.5
1783006688840,2026-07-02 17:38:08.840,C3:00:00:63:4D:07,-54,127,1.5,2.5,1.5
1783006688847,2026-07-02 17:38:08.847,C3:00:00:63:4D:09,-59,127,1.5,2.5,1.5
1783006688856,2026-07-02 17:38:08.856,C3:00:00:63:4C:D2,-63,127,1.5,2.5,1.5
1783006688876,2026-07-02 17:38:08.876,C3:00:00:63:4D:09,-59,127,1.5,2.5,1.5
1783006688899,2026-07-02 17:38:08.899,C3:00:00:63:4D:05,-63,127,1.5,2.5,1.5
1783006688904,2026-07-02 17:38:08.904,C3:00:00:63:4D:04,-64,127,1.5,2.5,1.5
1783006688912,2026-07-02 17:38:08.912,C3:00:00:63:4D:0D,-54,127,1.5,2.5,1.5
1783006688921,2026-07-02 17:38:08.921,C3:00:00:63:4D:0A,-53,127,1.5,2.5,1.5
1783006688935,2026-07-02 17:38:08.935,C3:00:00:63:4D:08,-57,127,1.5,2.5,1.5
1783006688939,2026-07-02 17:38:08.939,C3:00:00:63:4D:05,-68,127,1.5,2.5,1.5
1783006688946,2026-07-02 17:38:08.946,C3:00:00:63:4D:0D,-56,127,1.5,2.5,1.5
1783006688958,2026-07-02 17:38:08.958,C3:00:00:63:4D:09,-68,127,1.5,2.5,1.5
1783006688965,2026-07-02 17:38:08.965,C3:00:00:63:4D:0D,-56,127,1.5,2.5,1.5
1783006688973,2026-07-02 17:38:08.973,C3:00:00:63:4C:D2,-74,127,1.5,2.5,1.5
1783006689040,2026-07-02 17:38:09.040,C3:00:00:63:4D:0A,-55,127,1.5,2.5,1.5
1783006689047,2026-07-02 17:38:09.047,C3:00:00:63:4D:08,-61,127,1.5,2.5,1.5
1783006689075,2026-07-02 17:38:09.075,C3:00:00:63:4D:09,-62,127,1.5,2.5,1.5
1783006689098,2026-07-02 17:38:09.098,C3:00:00:63:4D:07,-56,127,1.5,2.5,1.5
1783006689113,2026-07-02 17:38:09.113,C3:00:00:63:4D:0D,-54,127,1.5,2.5,1.5
1783006689130,2026-07-02 17:38:09.130,C3:00:00:63:4D:05,-63,127,1.5,2.5,1.5
1783006689155,2026-07-02 17:38:09.155,C3:00:00:63:4D:0A,-63,127,1.5,2.5,1.5
1783006689164,2026-07-02 17:38:09.164,C3:00:00:63:4D:08,-54,127,1.5,2.5,1.5
1783006689190,2026-07-02 17:38:09.190,C3:00:00:63:4D:09,-59,127,1.5,2.5,1.5
1783006689205,2026-07-02 17:38:09.205,C3:00:00:63:4C:D2,-63,127,1.5,2.5,1.5
1783006689222,2026-07-02 17:38:09.222,C3:00:00:63:4D:07,-59,127,1.5,2.5,1.5
1783006689229,2026-07-02 17:38:09.229,C3:00:00:63:4D:09,-68,127,1.5,2.5,1.5
1783006689246,2026-07-02 17:38:09.246,C3:00:00:63:4D:05,-67,127,1.5,2.5,1.5
1783006689266,2026-07-02 17:38:09.266,C3:00:00:63:4D:0A,-52,127,1.5,2.5,1.5
1783006689279,2026-07-02 17:38:09.279,C3:00:00:63:4D:08,-57,127,1.5,2.5,1.5
1783006689295,2026-07-02 17:38:09.295,C3:00:00:63:4D:09,-68,127,1.5,2.5,1.5
1783006689307,2026-07-02 17:38:09.307,C3:00:00:63:4D:0A,-52,127,1.5,2.5,1.5
1783006689326,2026-07-02 17:38:09.326,C3:00:00:63:4D:0D,-60,127,1.5,2.5,1.5
1783006689335,2026-07-02 17:38:09.335,C3:00:00:63:4D:07,-56,127,1.5,2.5,1.5
1783006689339,2026-07-02 17:38:09.339,C3:00:00:63:4D:04,-57,127,1.5,2.5,1.5
1783006689376,2026-07-02 17:38:09.376,C3:00:00:63:4D:07,-64,127,1.5,2.5,1.5
1783006689396,2026-07-02 17:38:09.396,C3:00:00:63:4C:D2,-64,127,1.5,2.5,1.5
1783006689425,2026-07-02 17:38:09.425,C3:00:00:63:4C:D2,-63,127,1.5,2.5,1.5
1783006689435,2026-07-02 17:38:09.435,C3:00:00:63:4D:0D,-54,127,1.5,2.5,1.5
1783006689445,2026-07-02 17:38:09.445,C3:00:00:63:4D:04,-64,127,1.5,2.5,1.5
1783006689448,2026-07-02 17:38:09.448,C3:00:00:63:4D:07,-54,127,1.5,2.5,1.5
1783006689483,2026-07-02 17:38:09.483,C3:00:00:63:4D:08,-54,127,1.5,2.5,1.5
1783006689490,2026-07-02 17:38:09.490,C3:00:00:63:4D:0A,-63,127,1.5,2.5,1.5
1783006689527,2026-07-02 17:38:09.527,C3:00:00:63:4D:09,-68,127,1.5,2.5,1.5
1783006689543,2026-07-02 17:38:09.543,C3:00:00:63:4D:0D,-55,127,1.5,2.5,1.5
1783006689550,2026-07-02 17:38:09.550,C3:00:00:63:4C:D2,-74,127,1.5,2.5,1.5
1783006689566,2026-07-02 17:38:09.566,C3:00:00:63:4D:04,-63,127,1.5,2.5,1.5
1783006689570,2026-07-02 17:38:09.570,C3:00:00:63:4D:07,-58,127,1.5,2.5,1.5
1783006689585,2026-07-02 17:38:09.585,C3:00:00:63:4D:05,-67,127,1.5,2.5,1.5
1783006689595,2026-07-02 17:38:09.595,C3:00:00:63:4D:08,-57,127,1.5,2.5,1.5
1783006689661,2026-07-02 17:38:09.661,C3:00:00:63:4C:D2,-64,127,1.5,2.5,1.5
1783006689671,2026-07-02 17:38:09.671,C3:00:00:63:4D:04,-57,127,1.5,2.5,1.5
1783006689686,2026-07-02 17:38:09.686,C3:00:00:63:4D:07,-56,127,1.5,2.5,1.5
1783006689691,2026-07-02 17:38:09.691,C3:00:00:63:4D:04,-56,127,1.5,2.5,1.5
1783006689704,2026-07-02 17:38:09.704,C3:00:00:63:4D:08,-61,127,1.5,2.5,1.5
1783006689708,2026-07-02 17:38:09.708,C3:00:00:63:4D:04,-57,127,1.5,2.5,1.5
1783006689713,2026-07-02 17:38:09.713,C3:00:00:63:4D:0A,-63,127,1.5,2.5,1.5
1783006689752,2026-07-02 17:38:09.752,C3:00:00:63:4D:0D,-54,127,1.5,2.5,1.5
1783006689762,2026-07-02 17:38:09.762,C3:00:00:63:4D:09,-59,127,1.5,2.5,1.5
1783006689774,2026-07-02 17:38:09.774,C3:00:00:63:4C:D2,-63,127,1.5,2.5,1.5
1783006689781,2026-07-02 17:38:09.781,C3:00:00:63:4D:04,-64,127,1.5,2.5,1.5
1783006689790,2026-07-02 17:38:09.790,C3:00:00:63:4D:07,-54,127,1.5,2.5,1.5
1783006689811,2026-07-02 17:38:09.811,C3:00:00:63:4D:05,-63,127,1.5,2.5,1.5
1783006689816,2026-07-02 17:38:09.816,C3:00:00:63:4D:08,-54,127,1.5,2.5,1.5
1783006689828,2026-07-02 17:38:09.828,C3:00:00:63:4D:0A,-53,127,1.5,2.5,1.5
1783006689849,2026-07-02 17:38:09.849,C3:00:00:63:4D:0D,-55,127,1.5,2.5,1.5
1783006689856,2026-07-02 17:38:09.856,C3:00:00:63:4C:D2,-74,127,1.5,2.5,1.5
1783006689865,2026-07-02 17:38:09.865,C3:00:00:63:4D:08,-58,127,1.5,2.5,1.5
1783006689873,2026-07-02 17:38:09.873,C3:00:00:63:4D:09,-69,127,1.5,2.5,1.5
1783006689881,2026-07-02 17:38:09.881,C3:00:00:63:4D:0D,-55,127,1.5,2.5,1.5
1783006689888,2026-07-02 17:38:09.888,C3:00:00:63:4D:04,-62,127,1.5,2.5,1.5
1783006689893,2026-07-02 17:38:09.893,C3:00:00:63:4C:D2,-73,127,1.5,2.5,1.5
1783006689913,2026-07-02 17:38:09.913,C3:00:00:63:4C:D2,-64,127,1.5,2.5,1.5
1783006689918,2026-07-02 17:38:09.918,C3:00:00:63:4D:0A,-55,127,1.5,2.5,1.5
1783006689943,2026-07-02 17:38:09.943,C3:00:00:63:4D:0A,-55,127,1.5,2.5,1.5
1783006689958,2026-07-02 17:38:09.958,C3:00:00:63:4D:0D,-60,127,1.5,2.5,1.5
1783006689989,2026-07-02 17:38:09.989,C3:00:00:63:4D:09,-61,127,1.5,2.5,1.5
1783006689994,2026-07-02 17:38:09.994,C3:00:00:63:4D:04,-56,127,1.5,2.5,1.5
1783006690009,2026-07-02 17:38:10.009,C3:00:00:63:4C:D2,-64,127,1.5,2.5,1.5
1783006690016,2026-07-02 17:38:10.016,C3:00:00:63:4D:07,-54,127,1.5,2.5,1.5
1783006690028,2026-07-02 17:38:10.028,C3:00:00:63:4D:08,-54,127,1.5,2.5,1.5
1783006690040,2026-07-02 17:38:10.040,C3:00:00:63:4D:05,-62,127,1.5,2.5,1.5
1783006690053,2026-07-02 17:38:10.053,C3:00:00:63:4D:0A,-63,127,1.5,2.5,1.5
1783006690064,2026-07-02 17:38:10.064,C3:00:00:63:4D:0D,-54,127,1.5,2.5,1.5
1783006690097,2026-07-02 17:38:10.097,C3:00:00:63:4D:09,-59,127,1.5,2.5,1.5
1783006690100,2026-07-02 17:38:10.100,C3:00:00:63:4D:07,-54,127,1.5,2.5,1.5
1783006690123,2026-07-02 17:38:10.123,C3:00:00:63:4D:07,-59,127,1.5,2.5,1.5
1783006690145,2026-07-02 17:38:10.145,C3:00:00:63:4D:08,-57,127,1.5,2.5,1.5
1783006690151,2026-07-02 17:38:10.151,C3:00:00:63:4D:07,-58,127,1.5,2.5,1.5
1783006690163,2026-07-02 17:38:10.163,C3:00:00:63:4D:05,-68,127,1.5,2.5,1.5
1783006690177,2026-07-02 17:38:10.177,C3:00:00:63:4D:0D,-55,127,1.5,2.5,1.5
1783006690179,2026-07-02 17:38:10.179,C3:00:00:63:4D:0A,-53,127,1.5,2.5,1.5
1783006690209,2026-07-02 17:38:10.209,C3:00:00:63:4D:09,-69,127,1.5,2.5,1.5
1783006690214,2026-07-02 17:38:10.214,C3:00:00:63:4D:04,-63,127,1.5,2.5,1.5
1783006690241,2026-07-02 17:38:10.241,C3:00:00:63:4C:D2,-68,127,1.5,2.5,1.5
1783006690245,2026-07-02 17:38:10.245,C3:00:00:63:4D:08,-62,127,1.5,2.5,1.5
1783006690254,2026-07-02 17:38:10.254,C3:00:00:63:4D:07,-58,127,1.5,2.5,1.5
1783006690319,2026-07-02 17:38:10.319,C3:00:00:63:4D:04,-63,127,1.5,2.5,1.5
1783006690324,2026-07-02 17:38:10.324,C3:00:00:63:4D:09,-59,127,1.5,2.5,1.5
1783006690348,2026-07-02 17:38:10.348,C3:00:00:63:4D:08,-54,127,1.5,2.5,1.5
1783006690375,2026-07-02 17:38:10.375,C3:00:00:63:4D:07,-54,127,1.5,2.5,1.5
1783006690383,2026-07-02 17:38:10.383,C3:00:00:63:4D:0D,-54,127,1.5,2.5,1.5
1783006690386,2026-07-02 17:38:10.386,C3:00:00:63:4D:05,-60,127,1.5,2.5,1.5
1783006690394,2026-07-02 17:38:10.394,C3:00:00:63:4D:0A,-61,127,1.5,2.5,1.5
1783006690428,2026-07-02 17:38:10.428,C3:00:00:63:4D:04,-61,127,1.5,2.5,1.5
1783006690444,2026-07-02 17:38:10.444,C3:00:00:63:4D:09,-64,127,1.5,2.5,1.5
1783006690464,2026-07-02 17:38:10.464,C3:00:00:63:4D:08,-56,127,1.5,2.5,1.5
1783006690483,2026-07-02 17:38:10.483,C3:00:00:63:4D:0D,-54,127,1.5,2.5,1.5
1783006690486,2026-07-02 17:38:10.486,C3:00:00:63:4D:07,-56,127,1.5,2.5,1.5
1783006690502,2026-07-02 17:38:10.502,C3:00:00:63:4D:05,-67,127,1.5,2.5,1.5
1783006690511,2026-07-02 17:38:10.511,C3:00:00:63:4D:0A,-54,127,1.5,2.5,1.5
1783006690559,2026-07-02 17:38:10.559,C3:00:00:63:4D:09,-63,127,1.5,2.5,1.5
1783006690574,2026-07-02 17:38:10.574,C3:00:00:63:4D:08,-59,127,1.5,2.5,1.5
1783006690592,2026-07-02 17:38:10.592,C3:00:00:63:4D:0D,-58,127,1.5,2.5,1.5
1783006690602,2026-07-02 17:38:10.602,C3:00:00:63:4D:07,-56,127,1.5,2.5,1.5
1783006690620,2026-07-02 17:38:10.620,C3:00:00:63:4D:05,-61,127,1.5,2.5,1.5
1783006690627,2026-07-02 17:38:10.627,C3:00:00:63:4D:0A,-62,127,1.5,2.5,1.5
1783006690645,2026-07-02 17:38:10.645,C3:00:00:63:4D:04,-64,127,1.5,2.5,1.5
1783006690669,2026-07-02 17:38:10.669,C3:00:00:63:4D:09,-59,127,1.5,2.5,1.5
1783006690686,2026-07-02 17:38:10.686,C3:00:00:63:4D:08,-54,127,1.5,2.5,1.5
1783006690694,2026-07-02 17:38:10.694,C3:00:00:63:4C:D2,-65,127,1.5,2.5,1.5
1783006690702,2026-07-02 17:38:10.702,C3:00:00:63:4D:0D,-55,127,1.5,2.5,1.5
1783006690716,2026-07-02 17:38:10.716,C3:00:00:63:4D:07,-59,127,1.5,2.5,1.5
1783006690732,2026-07-02 17:38:10.732,C3:00:00:63:4D:0A,-53,127,1.5,2.5,1.5
1783006690744,2026-07-02 17:38:10.744,C3:00:00:63:4D:08,-57,127,1.5,2.5,1.5
1783006690760,2026-07-02 17:38:10.760,C3:00:00:63:4D:04,-62,127,1.5,2.5,1.5
1783006690763,2026-07-02 17:38:10.763,C3:00:00:63:4D:08,-65,127,1.5,2.5,1.5
1783006690806,2026-07-02 17:38:10.806,C3:00:00:63:4D:0D,-56,127,1.5,2.5,1.5
1783006690829,2026-07-02 17:38:10.829,C3:00:00:63:4D:07,-57,127,1.5,2.5,1.5
1783006690838,2026-07-02 17:38:10.838,C3:00:00:63:4D:0A,-56,127,1.5,2.5,1.5
1783006690852,2026-07-02 17:38:10.852,C3:00:00:63:4D:07,-57,127,1.5,2.5,1.5
1783006690867,2026-07-02 17:38:10.867,C3:00:00:63:4D:04,-56,127,1.5,2.5,1.5
1783006690879,2026-07-02 17:38:10.879,C3:00:00:63:4D:09,-63,127,1.5,2.5,1.5
1783006690884,2026-07-02 17:38:10.884,C3:00:00:63:4D:05,-65,127,1.5,2.5,1.5
1783006690899,2026-07-02 17:38:10.899,C3:00:00:63:4D:08,-58,127,1.5,2.5,1.5
1783006690910,2026-07-02 17:38:10.910,C3:00:00:63:4D:0D,-58,127,1.5,2.5,1.5
1783006690949,2026-07-02 17:38:10.949,C3:00:00:63:4D:07,-54,127,1.5,2.5,1.5
1783006690963,2026-07-02 17:38:10.963,C3:00:00:63:4D:05,-62,127,1.5,2.5,1.5
1783006690982,2026-07-02 17:38:10.982,C3:00:00:63:4D:04,-63,127,1.5,2.5,1.5
1783006690985,2026-07-02 17:38:10.985,C3:00:00:63:4D:0D,-55,127,1.5,2.5,1.5
1783006691006,2026-07-02 17:38:11.006,C3:00:00:63:4D:0D,-55,127,1.5,2.5,1.5
1783006691013,2026-07-02 17:38:11.013,C3:00:00:63:4D:09,-60,127,1.5,2.5,1.5
1783006691066,2026-07-02 17:38:11.066,C3:00:00:63:4D:07,-59,127,1.5,2.5,1.5
1783006691085,2026-07-02 17:38:11.085,C3:00:00:63:4D:0A,-51,127,1.5,2.5,1.5
1783006691087,2026-07-02 17:38:11.087,C3:00:00:63:4D:05,-68,127,1.5,2.5,1.5
1783006691091,2026-07-02 17:38:11.091,C3:00:00:63:4D:04,-62,127,1.5,2.5,1.5
1783006691105,2026-07-02 17:38:11.105,C3:00:00:63:4D:05,-66,127,1.5,2.5,1.5
1783006691120,2026-07-02 17:38:11.120,C3:00:00:63:4D:08,-61,127,1.5,2.5,1.5
1783006691126,2026-07-02 17:38:11.126,C3:00:00:63:4D:09,-62,127,1.5,2.5,1.5
1783006691154,2026-07-02 17:38:11.154,C3:00:00:63:4C:D2,-66,127,1.5,2.5,1.5
1783006691181,2026-07-02 17:38:11.181,C3:00:00:63:4D:07,-57,127,1.5,2.5,1.5
1783006691188,2026-07-02 17:38:11.188,C3:00:00:63:4D:0A,-56,127,1.5,2.5,1.5
1783006691198,2026-07-02 17:38:11.198,C3:00:00:63:4D:04,-56,127,1.5,2.5,1.5
1783006691208,2026-07-02 17:38:11.208,C3:00:00:63:4D:05,-58,127,1.5,2.5,1.5
1783006691220,2026-07-02 17:38:11.220,C3:00:00:63:4D:0D,-54,127,1.5,2.5,1.5
1783006691226,2026-07-02 17:38:11.226,C3:00:00:63:4D:08,-54,127,1.5,2.5,1.5
1783006691228,2026-07-02 17:38:11.228,C3:00:00:63:4D:09,-60,127,1.5,2.5,1.5
1783006691249,2026-07-02 17:38:11.249,C3:00:00:63:4D:09,-59,127,1.5,2.5,1.5
1783006691274,2026-07-02 17:38:11.274,C3:00:00:63:4C:D2,-63,127,1.5,2.5,1.5
1783006691289,2026-07-02 17:38:11.289,C3:00:00:63:4D:07,-54,127,1.5,2.5,1.5
1783006691296,2026-07-02 17:38:11.296,C3:00:00:63:4D:0A,-59,127,1.5,2.5,1.5
1783006691310,2026-07-02 17:38:11.310,C3:00:00:63:4D:05,-61,127,1.5,2.5,1.5
1783006691316,2026-07-02 17:38:11.316,C3:00:00:63:4D:0A,-52,127,1.5,2.5,1.5
1783006691319,2026-07-02 17:38:11.319,C3:00:00:63:4D:0D,-54,127,1.5,2.5,1.5
1783006691336,2026-07-02 17:38:11.336,C3:00:00:63:4D:08,-56,127,1.5,2.5,1.5
1783006691356,2026-07-02 17:38:11.356,C3:00:00:63:4D:09,-64,127,1.5,2.5,1.5
1783006691395,2026-07-02 17:38:11.395,C3:00:00:63:4C:D2,-69,127,1.5,2.5,1.5
1783006691410,2026-07-02 17:38:11.410,C3:00:00:63:4D:07,-56,127,1.5,2.5,1.5
1783006691419,2026-07-02 17:38:11.419,C3:00:00:63:4D:04,-60,127,1.5,2.5,1.5
1783006691428,2026-07-02 17:38:11.428,C3:00:00:63:4D:0A,-52,127,1.5,2.5,1.5
1783006691430,2026-07-02 17:38:11.430,C3:00:00:63:4D:05,-58,127,1.5,2.5,1.5
1783006691439,2026-07-02 17:38:11.439,C3:00:00:63:4D:0D,-59,127,1.5,2.5,1.5
1783006691443,2026-07-02 17:38:11.443,C3:00:00:63:4D:08,-60,127,1.5,2.5,1.5
1783006691462,2026-07-02 17:38:11.462,C3:00:00:63:4D:09,-62,127,1.5,2.5,1.5
1783006691502,2026-07-02 17:38:11.502,C3:00:00:63:4C:D2,-64,127,1.5,2.5,1.5
1783006691528,2026-07-02 17:38:11.528,C3:00:00:63:4D:07,-54,127,1.5,2.5,1.5
1783006691535,2026-07-02 17:38:11.535,C3:00:00:63:4D:04,-63,127,1.5,2.5,1.5
1783006691540,2026-07-02 17:38:11.540,C3:00:00:63:4D:0A,-60,127,1.5,2.5,1.5
1783006691546,2026-07-02 17:38:11.546,C3:00:00:63:4D:0D,-55,127,1.5,2.5,1.5
1783006691575,2026-07-02 17:38:11.575,C3:00:00:63:4D:04,-70,127,1.5,2.5,1.5
1783006691582,2026-07-02 17:38:11.582,C3:00:00:63:4D:09,-60,127,1.5,2.5,1.5
1783006691622,2026-07-02 17:38:11.622,C3:00:00:63:4C:D2,-70,127,1.5,2.5,1.5
1783006691627,2026-07-02 17:38:11.627,C3:00:00:63:4D:04,-61,127,1.5,2.5,1.5
1783006691639,2026-07-02 17:38:11.639,C3:00:00:63:4D:07,-59,127,1.5,2.5,1.5
1783006691647,2026-07-02 17:38:11.647,C3:00:00:63:4D:0A,-51,127,1.5,2.5,1.5
1783006691653,2026-07-02 17:38:11.653,C3:00:00:63:4D:0D,-55,127,1.5,2.5,1.5
1783006691657,2026-07-02 17:38:11.657,C3:00:00:63:4D:05,-68,127,1.5,2.5,1.5
1783006691658,2026-07-02 17:38:11.658,C3:00:00:63:4D:08,-57,127,1.5,2.5,1.5
1783006691686,2026-07-02 17:38:11.686,C3:00:00:63:4D:04,-62,127,1.5,2.5,1.5
1783006691695,2026-07-02 17:38:11.695,C3:00:00:63:4D:09,-68,127,1.5,2.5,1.5
1783006691737,2026-07-02 17:38:11.737,C3:00:00:63:4D:04,-56,127,1.5,2.5,1.5
1783006691746,2026-07-02 17:38:11.746,C3:00:00:63:4D:0D,-58,127,1.5,2.5,1.5
1783006691761,2026-07-02 17:38:11.761,C3:00:00:63:4D:07,-57,127,1.5,2.5,1.5
1783006691772,2026-07-02 17:38:11.772,C3:00:00:63:4D:0A,-56,127,1.5,2.5,1.5
1783006691779,2026-07-02 17:38:11.779,C3:00:00:63:4D:08,-58,127,1.5,2.5,1.5
1783006691782,2026-07-02 17:38:11.782,C3:00:00:63:4D:05,-58,127,1.5,2.5,1.5
1783006691809,2026-07-02 17:38:11.809,C3:00:00:63:4D:09,-63,127,1.5,2.5,1.5
1783006691845,2026-07-02 17:38:11.845,C3:00:00:63:4C:D2,-62,127,1.5,2.5,1.5
1783006691852,2026-07-02 17:38:11.852,C3:00:00:63:4D:04,-63,127,1.5,2.5,1.5
1783006691869,2026-07-02 17:38:11.869,C3:00:00:63:4D:0D,-55,127,1.5,2.5,1.5
1783006691871,2026-07-02 17:38:11.871,C3:00:00:63:4D:07,-54,127,1.5,2.5,1.5
1783006691873,2026-07-02 17:38:11.873,C3:00:00:63:4C:D2,-63,127,1.5,2.5,1.5
1783006691874,2026-07-02 17:38:11.874,C3:00:00:63:4D:08,-54,127,1.5,2.5,1.5
1783006691878,2026-07-02 17:38:11.878,C3:00:00:63:4D:05,-62,127,1.5,2.5,1.5
1783006691893,2026-07-02 17:38:11.893,C3:00:00:63:4D:05,-62,127,1.5,2.5,1.5
1783006691897,2026-07-02 17:38:11.897,C3:00:00:63:4D:08,-54,127,1.5,2.5,1.5
1783006691903,2026-07-02 17:38:11.903,C3:00:00:63:4C:D2,-63,127,1.5,2.5,1.5
1783006691922,2026-07-02 17:38:11.922,C3:00:00:63:4D:09,-68,127,1.5,2.5,1.5
1783006691949,2026-07-02 17:38:11.949,C3:00:00:63:4D:0D,-55,127,1.5,2.5,1.5
1783006691960,2026-07-02 17:38:11.960,C3:00:00:63:4D:04,-61,127,1.5,2.5,1.5
1783006691963,2026-07-02 17:38:11.963,C3:00:00:63:4C:D2,-70,127,1.5,2.5,1.5
1783006691976,2026-07-02 17:38:11.976,C3:00:00:63:4D:0A,-51,127,1.5,2.5,1.5
1783006691982,2026-07-02 17:38:11.982,C3:00:00:63:4D:07,-59,127,1.5,2.5,1.5
1783006691987,2026-07-02 17:38:11.987,C3:00:00:63:4D:08,-56,127,1.5,2.5,1.5
1783006692002,2026-07-02 17:38:12.002,C3:00:00:63:4D:05,-67,127,1.5,2.5,1.5
1783006692040,2026-07-02 17:38:12.040,C3:00:00:63:4D:09,-62,127,1.5,2.5,1.5
1783006692063,2026-07-02 17:38:12.063,C3:00:00:63:4D:0D,-59,127,1.5,2.5,1.5
1783006692071,2026-07-02 17:38:12.071,C3:00:00:63:4D:04,-56,127,1.5,2.5,1.5
1783006692079,2026-07-02 17:38:12.079,C3:00:00:63:4C:D2,-66,127,1.5,2.5,1.5
1783006692086,2026-07-02 17:38:12.086,C3:00:00:63:4D:0A,-56,127,1.5,2.5,1.5
1783006692091,2026-07-02 17:38:12.091,C3:00:00:63:4D:07,-59,127,1.5,2.5,1.5
1783006692094,2026-07-02 17:38:12.094,C3:00:00:63:4D:08,-60,127,1.5,2.5,1.5
1783006692111,2026-07-02 17:38:12.111,C3:00:00:63:4D:05,-58,127,1.5,2.5,1.5
1783006692117,2026-07-02 17:38:12.117,C3:00:00:63:4D:0A,-64,127,1.5,2.5,1.5
1783006692124,2026-07-02 17:38:12.124,C3:00:00:63:4D:07,-54,127,1.5,2.5,1.5
1783006692168,2026-07-02 17:38:12.168,C3:00:00:63:4D:0D,-55,127,1.5,2.5,1.5
1783006692179,2026-07-02 17:38:12.179,C3:00:00:63:4D:04,-63,127,1.5,2.5,1.5
1783006692199,2026-07-02 17:38:12.199,C3:00:00:63:4C:D2,-63,127,1.5,2.5,1.5
1783006692210,2026-07-02 17:38:12.210,C3:00:00:63:4D:08,-54,127,1.5,2.5,1.5
1783006692229,2026-07-02 17:38:12.229,C3:00:00:63:4D:05,-68,127,1.5,2.5,1.5
1783006692263,2026-07-02 17:38:12.263,C3:00:00:63:4D:09,-68,127,1.5,2.5,1.5
1783006692278,2026-07-02 17:38:12.278,C3:00:00:63:4D:0D,-55,127,1.5,2.5,1.5
1783006692287,2026-07-02 17:38:12.287,C3:00:00:63:4D:04,-61,127,1.5,2.5,1.5
1783006692311,2026-07-02 17:38:12.311,C3:00:00:63:4C:D2,-70,127,1.5,2.5,1.5
1783006692325,2026-07-02 17:38:12.325,C3:00:00:63:4D:07,-56,127,1.5,2.5,1.5
1783006692342,2026-07-02 17:38:12.342,C3:00:00:63:4D:05,-58,127,1.5,2.5,1.5
1783006692372,2026-07-02 17:38:12.372,C3:00:00:63:4D:0D,-58,127,1.5,2.5,1.5
1783006692378,2026-07-02 17:38:12.378,C3:00:00:63:4D:09,-63,127,1.5,2.5,1.5
1783006692397,2026-07-02 17:38:12.397,C3:00:00:63:4D:04,-56,127,1.5,2.5,1.5
1783006692421,2026-07-02 17:38:12.421,C3:00:00:63:4D:08,-54,127,1.5,2.5,1.5
1783006692427,2026-07-02 17:38:12.427,C3:00:00:63:4D:0A,-60,127,1.5,2.5,1.5
1783006692436,2026-07-02 17:38:12.436,C3:00:00:63:4D:07,-54,127,1.5,2.5,1.5
1783006692453,2026-07-02 17:38:12.453,C3:00:00:63:4C:D2,-70,127,1.5,2.5,1.5
1783006692469,2026-07-02 17:38:12.469,C3:00:00:63:4D:05,-62,127,1.5,2.5,1.5
1783006692488,2026-07-02 17:38:12.488,C3:00:00:63:4D:0D,-55,127,1.5,2.5,1.5
1783006692494,2026-07-02 17:38:12.494,C3:00:00:63:4D:09,-60,127,1.5,2.5,1.5
1783006692499,2026-07-02 17:38:12.499,C3:00:00:63:4D:04,-63,127,1.5,2.5,1.5
1783006692535,2026-07-02 17:38:12.535,C3:00:00:63:4D:08,-57,127,1.5,2.5,1.5
1783006692540,2026-07-02 17:38:12.540,C3:00:00:63:4C:D2,-70,127,1.5,2.5,1.5
1783006692550,2026-07-02 17:38:12.550,C3:00:00:63:4D:0A,-51,127,1.5,2.5,1.5
1783006692553,2026-07-02 17:38:12.553,C3:00:00:63:4D:07,-59,127,1.5,2.5,1.5
1783006692558,2026-07-02 17:38:12.558,C3:00:00:63:4D:08,-57,127,1.5,2.5,1.5
1783006692575,2026-07-02 17:38:12.575,C3:00:00:63:4D:05,-69,127,1.5,2.5,1.5
1783006692587,2026-07-02 17:38:12.587,C3:00:00:63:4D:0D,-54,127,1.5,2.5,1.5
1783006692615,2026-07-02 17:38:12.615,C3:00:00:63:4D:09,-63,127,1.5,2.5,1.5
1783006692641,2026-07-02 17:38:12.641,C3:00:00:63:4D:08,-61,127,1.5,2.5,1.5
1783006692651,2026-07-02 17:38:12.651,C3:00:00:63:4D:0A,-56,127,1.5,2.5,1.5
1783006692657,2026-07-02 17:38:12.657,C3:00:00:63:4C:D2,-66,127,1.5,2.5,1.5
1783006692672,2026-07-02 17:38:12.672,C3:00:00:63:4D:07,-58,127,1.5,2.5,1.5
1783006692677,2026-07-02 17:38:12.677,C3:00:00:63:4D:09,-69,127,1.5,2.5,1.5
1783006692723,2026-07-02 17:38:12.723,C3:00:00:63:4D:09,-59,127,1.5,2.5,1.5
1783006692728,2026-07-02 17:38:12.728,C3:00:00:63:4D:04,-62,127,1.5,2.5,1.5
1783006692751,2026-07-02 17:38:12.751,C3:00:00:63:4D:08,-54,127,1.5,2.5,1.5
1783006692791,2026-07-02 17:38:12.791,C3:00:00:63:4D:0D,-54,127,1.5,2.5,1.5
1783006692817,2026-07-02 17:38:12.817,C3:00:00:63:4D:05,-62,127,1.5,2.5,1.5
1783006692858,2026-07-02 17:38:12.858,C3:00:00:63:4D:07,-56,127,1.5,2.5,1.5
1783006692864,2026-07-02 17:38:12.864,C3:00:00:63:4D:08,-56,127,1.5,2.5,1.5
1783006692876,2026-07-02 17:38:12.876,C3:00:00:63:4D:0A,-52,127,1.5,2.5,1.5
1783006692881,2026-07-02 17:38:12.881,C3:00:00:63:4D:09,-64,127,1.5,2.5,1.5
1783006692919,2026-07-02 17:38:12.919,C3:00:00:63:4D:05,-58,127,1.5,2.5,1.5
1783006692943,2026-07-02 17:38:12.943,C3:00:00:63:4D:04,-56,127,1.5,2.5,1.5
1783006692950,2026-07-02 17:38:12.950,C3:00:00:63:4D:05,-58,127,1.5,2.5,1.5
1783006692962,2026-07-02 17:38:12.962,C3:00:00:63:4D:09,-62,127,1.5,2.5,1.5
1783006692968,2026-07-02 17:38:12.968,C3:00:00:63:4D:0D,-59,127,1.5,2.5,1.5
1783006692970,2026-07-02 17:38:12.970,C3:00:00:63:4D:08,-61,127,1.5,2.5,1.5
1783006692983,2026-07-02 17:38:12.983,C3:00:00:63:4D:0D,-59,127,1.5,2.5,1.5
1783006692996,2026-07-02 17:38:12.996,C3:00:00:63:4D:0A,-56,127,1.5,2.5,1.5
1783006693003,2026-07-02 17:38:13.003,C3:00:00:63:4C:D2,-66,127,1.5,2.5,1.5
1783006693011,2026-07-02 17:38:13.011,C3:00:00:63:4D:0D,-59,127,1.5,2.5,1.5
1783006693017,2026-07-02 17:38:13.017,C3:00:00:63:4D:07,-58,127,1.5,2.5,1.5
1783006693037,2026-07-02 17:38:13.037,C3:00:00:63:4D:05,-61,127,1.5,2.5,1.5
1783006693052,2026-07-02 17:38:13.052,C3:00:00:63:4D:04,-62,127,1.5,2.5,1.5
1783006693071,2026-07-02 17:38:13.071,C3:00:00:63:4D:09,-59,127,1.5,2.5,1.5
1783006693082,2026-07-02 17:38:13.082,C3:00:00:63:4D:08,-54,127,1.5,2.5,1.5
1783006693106,2026-07-02 17:38:13.106,C3:00:00:63:4D:0A,-59,127,1.5,2.5,1.5
1783006693113,2026-07-02 17:38:13.113,C3:00:00:63:4D:05,-61,127,1.5,2.5,1.5
1783006693119,2026-07-02 17:38:13.119,C3:00:00:63:4D:0D,-54,127,1.5,2.5,1.5
1783006693120,2026-07-02 17:38:13.120,C3:00:00:63:4C:D2,-69,127,1.5,2.5,1.5
1783006693127,2026-07-02 17:38:13.127,C3:00:00:63:4D:07,-56,127,1.5,2.5,1.5
1783006693143,2026-07-02 17:38:13.143,C3:00:00:63:4D:05,-67,127,1.5,2.5,1.5
1783006693153,2026-07-02 17:38:13.153,C3:00:00:63:4D:04,-60,127,1.5,2.5,1.5
1783006693177,2026-07-02 17:38:13.177,C3:00:00:63:4D:09,-64,127,1.5,2.5,1.5
1783006693194,2026-07-02 17:38:13.194,C3:00:00:63:4D:08,-56,127,1.5,2.5,1.5
1783006693223,2026-07-02 17:38:13.223,C3:00:00:63:4D:0A,-56,127,1.5,2.5,1.5
1783006693229,2026-07-02 17:38:13.229,C3:00:00:63:4C:D2,-66,127,1.5,2.5,1.5
1783006693242,2026-07-02 17:38:13.242,C3:00:00:63:4D:09,-62,127,1.5,2.5,1.5
1783006693254,2026-07-02 17:38:13.254,C3:00:00:63:4D:07,-58,127,1.5,2.5,1.5
1783006693268,2026-07-02 17:38:13.268,C3:00:00:63:4D:05,-58,127,1.5,2.5,1.5
1783006693269,2026-07-02 17:38:13.269,C3:00:00:63:4D:04,-56,127,1.5,2.5,1.5
1783006693296,2026-07-02 17:38:13.296,C3:00:00:63:4D:09,-62,127,1.5,2.5,1.5
1783006693300,2026-07-02 17:38:13.300,C3:00:00:63:4D:08,-61,127,1.5,2.5,1.5
1783006693319,2026-07-02 17:38:13.319,C3:00:00:63:4D:0D,-54,127,1.5,2.5,1.5
1783006693324,2026-07-02 17:38:13.324,C3:00:00:63:4D:0A,-60,127,1.5,2.5,1.5
1783006693336,2026-07-02 17:38:13.336,C3:00:00:63:4D:0A,-60,127,1.5,2.5,1.5
1783006693341,2026-07-02 17:38:13.341,C3:00:00:63:4C:D2,-63,127,1.5,2.5,1.5
1783006693364,2026-07-02 17:38:13.364,C3:00:00:63:4D:07,-54,127,1.5,2.5,1.5
1783006693383,2026-07-02 17:38:13.383,C3:00:00:63:4D:05,-62,127,1.5,2.5,1.5
1783006693389,2026-07-02 17:38:13.389,C3:00:00:63:4D:07,-60,127,1.5,2.5,1.5
1783006693402,2026-07-02 17:38:13.402,C3:00:00:63:4D:09,-60,127,1.5,2.5,1.5
1783006693408,2026-07-02 17:38:13.408,C3:00:00:63:4C:D2,-62,127,1.5,2.5,1.5
1783006693417,2026-07-02 17:38:13.417,C3:00:00:63:4D:08,-54,127,1.5,2.5,1.5
1783006693425,2026-07-02 17:38:13.425,C3:00:00:63:4D:0D,-55,127,1.5,2.5,1.5
1783006693443,2026-07-02 17:38:13.443,C3:00:00:63:4D:0A,-52,127,1.5,2.5,1.5
1783006693450,2026-07-02 17:38:13.450,C3:00:00:63:4C:D2,-70,127,1.5,2.5,1.5
1783006693469,2026-07-02 17:38:13.469,C3:00:00:63:4D:07,-59,127,1.5,2.5,1.5
1783006693489,2026-07-02 17:38:13.489,C3:00:00:63:4D:04,-62,127,1.5,2.5,1.5
1783006693499,2026-07-02 17:38:13.499,C3:00:00:63:4D:05,-68,127,1.5,2.5,1.5
1783006693523,2026-07-02 17:38:13.523,C3:00:00:63:4D:09,-63,127,1.5,2.5,1.5
1783006693526,2026-07-02 17:38:13.526,C3:00:00:63:4D:0D,-58,127,1.5,2.5,1.5
1783006693555,2026-07-02 17:38:13.555,C3:00:00:63:4D:0A,-56,127,1.5,2.5,1.5
1783006693573,2026-07-02 17:38:13.573,C3:00:00:63:4C:D2,-64,127,1.5,2.5,1.5
1783006693585,2026-07-02 17:38:13.585,C3:00:00:63:4D:07,-57,127,1.5,2.5,1.5
1783006693591,2026-07-02 17:38:13.591,C3:00:00:63:4D:04,-56,127,1.5,2.5,1.5
1783006693605,2026-07-02 17:38:13.605,C3:00:00:63:4D:05,-58,127,1.5,2.5,1.5
1783006693624,2026-07-02 17:38:13.624,C3:00:00:63:4D:08,-54,127,1.5,2.5,1.5
1783006693633,2026-07-02 17:38:13.633,C3:00:00:63:4D:0D,-55,127,1.5,2.5,1.5
1783006693640,2026-07-02 17:38:13.640,C3:00:00:63:4D:09,-60,127,1.5,2.5,1.5
1783006693677,2026-07-02 17:38:13.677,C3:00:00:63:4D:0A,-60,127,1.5,2.5,1.5
1783006693686,2026-07-02 17:38:13.686,C3:00:00:63:4C:D2,-63,127,1.5,2.5,1.5
1783006693704,2026-07-02 17:38:13.704,C3:00:00:63:4D:04,-63,127,1.5,2.5,1.5
1783006693713,2026-07-02 17:38:13.713,C3:00:00:63:4D:07,-54,127,1.5,2.5,1.5
1783006693727,2026-07-02 17:38:13.727,C3:00:00:63:4D:04,-62,127,1.5,2.5,1.5
1783006693740,2026-07-02 17:38:13.740,C3:00:00:63:4D:08,-57,127,1.5,2.5,1.5
1783006693757,2026-07-02 17:38:13.757,C3:00:00:63:4D:0D,-55,127,1.5,2.5,1.5
1783006693759,2026-07-02 17:38:13.759,C3:00:00:63:4D:04,-62,127,1.5,2.5,1.5
1783006693787,2026-07-02 17:38:13.787,C3:00:00:63:4D:0A,-52,127,1.5,2.5,1.5
1783006693806,2026-07-02 17:38:13.806,C3:00:00:63:4C:D2,-71,127,1.5,2.5,1.5
1783006693812,2026-07-02 17:38:13.812,C3:00:00:63:4D:04,-62,127,1.5,2.5,1.5
1783006693862,2026-07-02 17:38:13.862,C3:00:00:63:4D:09,-63,127,1.5,2.5,1.5
1783006693869,2026-07-02 17:38:13.869,C3:00:00:63:4C:D2,-64,127,1.5,2.5,1.5
1783006693877,2026-07-02 17:38:13.877,C3:00:00:63:4D:08,-59,127,1.5,2.5,1.5
1783006693890,2026-07-02 17:38:13.890,C3:00:00:63:4D:0D,-58,127,1.5,2.5,1.5
1783006693912,2026-07-02 17:38:13.912,C3:00:00:63:4C:D2,-64,127,1.5,2.5,1.5
1783006693917,2026-07-02 17:38:13.917,C3:00:00:63:4D:04,-56,127,1.5,2.5,1.5
1783006693923,2026-07-02 17:38:13.923,C3:00:00:63:4D:0A,-60,127,1.5,2.5,1.5
1783006693935,2026-07-02 17:38:13.935,C3:00:00:63:4D:07,-54,127,1.5,2.5,1.5
1783006694009,2026-07-02 17:38:14.009,C3:00:00:63:4D:0A,-59,127,1.5,2.5,1.5
1783006694030,2026-07-02 17:38:14.030,C3:00:00:63:4D:04,-60,127,1.5,2.5,1.5
1783006694036,2026-07-02 17:38:14.036,C3:00:00:63:4C:D2,-69,127,1.5,2.5,1.5
1783006694049,2026-07-02 17:38:14.049,C3:00:00:63:4D:07,-59,127,1.5,2.5,1.5
1783006694060,2026-07-02 17:38:14.060,C3:00:00:63:4D:0D,-55,127,1.5,2.5,1.5
1783006694067,2026-07-02 17:38:14.067,C3:00:00:63:4D:08,-57,127,1.5,2.5,1.5
1783006694069,2026-07-02 17:38:14.069,C3:00:00:63:4D:05,-67,127,1.5,2.5,1.5
1783006694084,2026-07-02 17:38:14.084,C3:00:00:63:4D:09,-64,127,1.5,2.5,1.5
1783006694146,2026-07-02 17:38:14.146,C3:00:00:63:4C:D2,-66,127,1.5,2.5,1.5
1783006694165,2026-07-02 17:38:14.165,C3:00:00:63:4D:0D,-59,127,1.5,2.5,1.5
1783006694171,2026-07-02 17:38:14.171,C3:00:00:63:4D:08,-61,127,1.5,2.5,1.5
1783006694173,2026-07-02 17:38:14.173,C3:00:00:63:4D:07,-58,127,1.5,2.5,1.5
1783006694182,2026-07-02 17:38:14.182,C3:00:00:63:4D:05,-58,127,1.5,2.5,1.5
1783006694201,2026-07-02 17:38:14.201,C3:00:00:63:4D:09,-62,127,1.5,2.5,1.5
1783006694239,2026-07-02 17:38:14.239,C3:00:00:63:4D:0A,-59,127,1.5,2.5,1.5
1783006694250,2026-07-02 17:38:14.250,C3:00:00:63:4D:04,-62,127,1.5,2.5,1.5
1783006694259,2026-07-02 17:38:14.259,C3:00:00:63:4D:0D,-54,127,1.5,2.5,1.5
1783006694267,2026-07-02 17:38:14.267,C3:00:00:63:4C:D2,-63,127,1.5,2.5,1.5
1783006694274,2026-07-02 17:38:14.274,C3:00:00:63:4D:07,-54,127,1.5,2.5,1.5
1783006694294,2026-07-02 17:38:14.294,C3:00:00:63:4D:05,-61,127,1.5,2.5,1.5
1783006694324,2026-07-02 17:38:14.324,C3:00:00:63:4D:09,-64,127,1.5,2.5,1.5
1783006694343,2026-07-02 17:38:14.343,C3:00:00:63:4D:0A,-52,127,1.5,2.5,1.5
1783006694356,2026-07-02 17:38:14.356,C3:00:00:63:4D:04,-61,127,1.5,2.5,1.5
1783006694366,2026-07-02 17:38:14.366,C3:00:00:63:4D:0D,-55,127,1.5,2.5,1.5
1783006694387,2026-07-02 17:38:14.387,C3:00:00:63:4C:D2,-70,127,1.5,2.5,1.5
1783006694393,2026-07-02 17:38:14.393,C3:00:00:63:4D:08,-57,127,1.5,2.5,1.5
1783006694396,2026-07-02 17:38:14.396,C3:00:00:63:4D:07,-59,127,1.5,2.5,1.5
1783006694409,2026-07-02 17:38:14.409,C3:00:00:63:4D:05,-68,127,1.5,2.5,1.5
1783006694431,2026-07-02 17:38:14.431,C3:00:00:63:4D:09,-63,127,1.5,2.5,1.5
1783006694461,2026-07-02 17:38:14.461,C3:00:00:63:4D:04,-56,127,1.5,2.5,1.5
1783006694468,2026-07-02 17:38:14.468,C3:00:00:63:4D:0A,-56,127,1.5,2.5,1.5
1783006694480,2026-07-02 17:38:14.480,C3:00:00:63:4D:0D,-58,127,1.5,2.5,1.5
1783006694490,2026-07-02 17:38:14.490,C3:00:00:63:4C:D2,-64,127,1.5,2.5,1.5
1783006694496,2026-07-02 17:38:14.496,C3:00:00:63:4D:08,-59,127,1.5,2.5,1.5
1783006694536,2026-07-02 17:38:14.536,C3:00:00:63:4D:05,-62,127,1.5,2.5,1.5
1783006694550,2026-07-02 17:38:14.550,C3:00:00:63:4D:09,-60,127,1.5,2.5,1.5
1783006694563,2026-07-02 17:38:14.563,C3:00:00:63:4D:08,-54,127,1.5,2.5,1.5
1783006694571,2026-07-02 17:38:14.571,C3:00:00:63:4D:04,-63,127,1.5,2.5,1.5
1783006694579,2026-07-02 17:38:14.579,C3:00:00:63:4D:0D,-54,127,1.5,2.5,1.5
1783006694583,2026-07-02 17:38:14.583,C3:00:00:63:4D:0A,-60,127,1.5,2.5,1.5
1783006694603,2026-07-02 17:38:14.603,C3:00:00:63:4D:08,-54,127,1.5,2.5,1.5
1783006694615,2026-07-02 17:38:14.615,C3:00:00:63:4C:D2,-62,127,1.5,2.5,1.5
1783006694628,2026-07-02 17:38:14.628,C3:00:00:63:4D:07,-59,127,1.5,2.5,1.5
1783006694639,2026-07-02 17:38:14.639,C3:00:00:63:4D:05,-68,127,1.5,2.5,1.5
1783006694688,2026-07-02 17:38:14.688,C3:00:00:63:4D:0D,-56,127,1.5,2.5,1.5
1783006694694,2026-07-02 17:38:14.694,C3:00:00:63:4D:04,-62,127,1.5,2.5,1.5
1783006694702,2026-07-02 17:38:14.702,C3:00:00:63:4D:0A,-52,127,1.5,2.5,1.5
1783006694725,2026-07-02 17:38:14.725,C3:00:00:63:4D:08,-57,127,1.5,2.5,1.5
1783006694727,2026-07-02 17:38:14.727,C3:00:00:63:4C:D2,-64,127,1.5,2.5,1.5
1783006694734,2026-07-02 17:38:14.734,C3:00:00:63:4D:07,-56,127,1.5,2.5,1.5
1783006694762,2026-07-02 17:38:14.762,C3:00:00:63:4D:05,-58,127,1.5,2.5,1.5
1783006694772,2026-07-02 17:38:14.772,C3:00:00:63:4D:09,-63,127,1.5,2.5,1.5
1783006694775,2026-07-02 17:38:14.775,C3:00:00:63:4D:08,-66,127,1.5,2.5,1.5
1783006694789,2026-07-02 17:38:14.789,C3:00:00:63:4D:0D,-58,127,1.5,2.5,1.5
1783006694794,2026-07-02 17:38:14.794,C3:00:00:63:4D:0A,-56,127,1.5,2.5,1.5
1783006694827,2026-07-02 17:38:14.827,C3:00:00:63:4D:08,-54,127,1.5,2.5,1.5
1783006694854,2026-07-02 17:38:14.854,C3:00:00:63:4D:07,-54,127,1.5,2.5,1.5
1783006694878,2026-07-02 17:38:14.878,C3:00:00:63:4D:05,-62,127,1.5,2.5,1.5
1783006694883,2026-07-02 17:38:14.883,C3:00:00:63:4D:09,-59,127,1.5,2.5,1.5
1783006694899,2026-07-02 17:38:14.899,C3:00:00:63:4D:0D,-54,127,1.5,2.5,1.5
1783006694900,2026-07-02 17:38:14.900,C3:00:00:63:4D:05,-69,127,1.5,2.5,1.5
1783006694904,2026-07-02 17:38:14.904,C3:00:00:63:4D:09,-60,127,1.5,2.5,1.5
1783006694912,2026-07-02 17:38:14.912,C3:00:00:63:4D:04,-62,127,1.5,2.5,1.5
1783006694914,2026-07-02 17:38:14.914,C3:00:00:63:4D:0A,-60,127,1.5,2.5,1.5
1783006694924,2026-07-02 17:38:14.924,C3:00:00:63:4D:08,-57,127,1.5,2.5,1.5
1783006694953,2026-07-02 17:38:14.953,C3:00:00:63:4C:D2,-70,127,1.5,2.5,1.5
1783006694968,2026-07-02 17:38:14.968,C3:00:00:63:4D:07,-59,127,1.5,2.5,1.5
1783006694973,2026-07-02 17:38:14.973,C3:00:00:63:4D:0D,-56,127,1.5,2.5,1.5
1783006694990,2026-07-02 17:38:14.990,C3:00:00:63:4D:05,-69,127,1.5,2.5,1.5
1783006694994,2026-07-02 17:38:14.994,C3:00:00:63:4D:0D,-56,127,1.5,2.5,1.5
1783006695005,2026-07-02 17:38:15.005,C3:00:00:63:4D:04,-62,127,1.5,2.5,1.5
1783006695015,2026-07-02 17:38:15.015,C3:00:00:63:4D:0D,-58,127,1.5,2.5,1.5
1783006695031,2026-07-02 17:38:15.031,C3:00:00:63:4D:0A,-56,127,1.5,2.5,1.5
1783006695049,2026-07-02 17:38:15.049,C3:00:00:63:4D:08,-58,127,1.5,2.5,1.5
1783006695067,2026-07-02 17:38:15.067,C3:00:00:63:4C:D2,-64,127,1.5,2.5,1.5
1783006695089,2026-07-02 17:38:15.089,C3:00:00:63:4D:07,-56,127,1.5,2.5,1.5
1783006695100,2026-07-02 17:38:15.100,C3:00:00:63:4D:05,-58,127,1.5,2.5,1.5
1783006695123,2026-07-02 17:38:15.123,C3:00:00:63:4D:05,-63,127,1.5,2.5,1.5
1783006695142,2026-07-02 17:38:15.142,C3:00:00:63:4D:0A,-60,127,1.5,2.5,1.5
1783006695155,2026-07-02 17:38:15.155,C3:00:00:63:4D:08,-54,127,1.5,2.5,1.5
1783006695182,2026-07-02 17:38:15.182,C3:00:00:63:4C:D2,-63,127,1.5,2.5,1.5
1783006695202,2026-07-02 17:38:15.202,C3:00:00:63:4D:07,-54,127,1.5,2.5,1.5
1783006695214,2026-07-02 17:38:15.214,C3:00:00:63:4D:0D,-54,127,1.5,2.5,1.5
1783006695226,2026-07-02 17:38:15.226,C3:00:00:63:4D:05,-68,127,1.5,2.5,1.5
1783006695233,2026-07-02 17:38:15.233,C3:00:00:63:4D:04,-62,127,1.5,2.5,1.5
1783006695234,2026-07-02 17:38:15.234,C3:00:00:63:4D:09,-68,127,1.5,2.5,1.5
1783006695247,2026-07-02 17:38:15.247,C3:00:00:63:4D:09,-68,127,1.5,2.5,1.5
1783006695249,2026-07-02 17:38:15.249,C3:00:00:63:4D:04,-62,127,1.5,2.5,1.5
1783006695256,2026-07-02 17:38:15.256,C3:00:00:63:4D:0A,-52,127,1.5,2.5,1.5
1783006695258,2026-07-02 17:38:15.258,C3:00:00:63:4D:08,-58,127,1.5,2.5,1.5
1783006695292,2026-07-02 17:38:15.292,C3:00:00:63:4C:D2,-70,127,1.5,2.5,1.5
1783006695329,2026-07-02 17:38:15.329,C3:00:00:63:4D:0A,-56,127,1.5,2.5,1.5
1783006695336,2026-07-02 17:38:15.336,C3:00:00:63:4D:05,-58,127,1.5,2.5,1.5
1783006695343,2026-07-02 17:38:15.343,C3:00:00:63:4D:04,-56,127,1.5,2.5,1.5
1783006695367,2026-07-02 17:38:15.367,C3:00:00:63:4D:0A,-56,127,1.5,2.5,1.5
1783006695374,2026-07-02 17:38:15.374,C3:00:00:63:4D:08,-59,127,1.5,2.5,1.5
1783006695408,2026-07-02 17:38:15.408,C3:00:00:63:4C:D2,-64,127,1.5,2.5,1.5
1783006695417,2026-07-02 17:38:15.417,C3:00:00:63:4D:0D,-54,127,1.5,2.5,1.5
1783006695433,2026-07-02 17:38:15.433,C3:00:00:63:4D:07,-54,127,1.5,2.5,1.5
1783006695440,2026-07-02 17:38:15.440,C3:00:00:63:4D:04,-62,127,1.5,2.5,1.5
1783006695455,2026-07-02 17:38:15.455,C3:00:00:63:4D:05,-62,127,1.5,2.5,1.5
1783006695461,2026-07-02 17:38:15.461,C3:00:00:63:4D:09,-60,127,1.5,2.5,1.5
1783006695472,2026-07-02 17:38:15.472,C3:00:00:63:4D:0A,-60,127,1.5,2.5,1.5
1783006695474,2026-07-02 17:38:15.474,C3:00:00:63:4D:08,-54,127,1.5,2.5,1.5
1783006695522,2026-07-02 17:38:15.522,C3:00:00:63:4D:0D,-55,127,1.5,2.5,1.5
1783006695534,2026-07-02 17:38:15.534,C3:00:00:63:4C:D2,-70,127,1.5,2.5,1.5
1783006695560,2026-07-02 17:38:15.560,C3:00:00:63:4D:07,-59,127,1.5,2.5,1.5
1783006695565,2026-07-02 17:38:15.565,C3:00:00:63:4D:05,-69,127,1.5,2.5,1.5
1783006695573,2026-07-02 17:38:15.573,C3:00:00:63:4D:09,-67,127,1.5,2.5,1.5
1783006695581,2026-07-02 17:38:15.581,C3:00:00:63:4D:04,-69,127,1.5,2.5,1.5
1783006695589,2026-07-02 17:38:15.589,C3:00:00:63:4D:0A,-52,127,1.5,2.5,1.5
1783006695623,2026-07-02 17:38:15.623,C3:00:00:63:4D:0D,-61,127,1.5,2.5,1.5
1783006695647,2026-07-02 17:38:15.647,C3:00:00:63:4C:D2,-64,127,1.5,2.5,1.5
1783006695665,2026-07-02 17:38:15.665,C3:00:00:63:4D:07,-58,127,1.5,2.5,1.5
1783006695668,2026-07-02 17:38:15.668,C3:00:00:63:4D:04,-56,127,1.5,2.5,1.5
1783006695680,2026-07-02 17:38:15.680,C3:00:00:63:4D:05,-58,127,1.5,2.5,1.5
1783006695685,2026-07-02 17:38:15.685,C3:00:00:63:4D:09,-62,127,1.5,2.5,1.5
1783006695697,2026-07-02 17:38:15.697,C3:00:00:63:4D:08,-63,127,1.5,2.5,1.5
1783006695699,2026-07-02 17:38:15.699,C3:00:00:63:4D:04,-57,127,1.5,2.5,1.5
1783006695713,2026-07-02 17:38:15.713,C3:00:00:63:4D:0A,-56,127,1.5,2.5,1.5
1783006695727,2026-07-02 17:38:15.727,C3:00:00:63:4D:04,-61,127,1.5,2.5,1.5
1783006695792,2026-07-02 17:38:15.792,C3:00:00:63:4D:05,-62,127,1.5,2.5,1.5
1783006695805,2026-07-02 17:38:15.805,C3:00:00:63:4D:09,-59,127,1.5,2.5,1.5
1783006695819,2026-07-02 17:38:15.819,C3:00:00:63:4D:08,-54,127,1.5,2.5,1.5
1783006695839,2026-07-02 17:38:15.839,C3:00:00:63:4D:0D,-54,127,1.5,2.5,1.5
1783006695881,2026-07-02 17:38:15.881,C3:00:00:63:4D:04,-60,127,1.5,2.5,1.5
1783006695887,2026-07-02 17:38:15.887,C3:00:00:63:4D:08,-57,127,1.5,2.5,1.5
1783006695915,2026-07-02 17:38:15.915,C3:00:00:63:4D:05,-63,127,1.5,2.5,1.5
1783006695923,2026-07-02 17:38:15.923,C3:00:00:63:4D:08,-64,127,1.5,2.5,1.5
1783006695930,2026-07-02 17:38:15.930,C3:00:00:63:4C:D2,-66,127,1.5,2.5,1.5
1783006695936,2026-07-02 17:38:15.936,C3:00:00:63:4D:05,-58,127,1.5,2.5,1.5
1783006695937,2026-07-02 17:38:15.937,C3:00:00:63:4D:0A,-55,127,1.5,2.5,1.5
1783006695944,2026-07-02 17:38:15.944,C3:00:00:63:4D:0D,-61,127,1.5,2.5,1.5
1783006695954,2026-07-02 17:38:15.954,C3:00:00:63:4D:0A,-55,127,1.5,2.5,1.5
1783006695986,2026-07-02 17:38:15.986,C3:00:00:63:4C:D2,-63,127,1.5,2.5,1.5
1783006695988,2026-07-02 17:38:15.988,C3:00:00:63:4D:04,-56,127,1.5,2.5,1.5
1783006696007,2026-07-02 17:38:16.007,C3:00:00:63:4D:07,-58,127,1.5,2.5,1.5
1783006696026,2026-07-02 17:38:16.026,C3:00:00:63:4D:05,-63,127,1.5,2.5,1.5
1783006696031,2026-07-02 17:38:16.031,C3:00:00:63:4D:08,-54,127,1.5,2.5,1.5
1783006696037,2026-07-02 17:38:16.037,C3:00:00:63:4D:09,-59,127,1.5,2.5,1.5
1783006696051,2026-07-02 17:38:16.051,C3:00:00:63:4D:0A,-60,127,1.5,2.5,1.5
1783006696053,2026-07-02 17:38:16.053,C3:00:00:63:4D:0D,-54,127,1.5,2.5,1.5
1783006696102,2026-07-02 17:38:16.102,C3:00:00:63:4D:04,-62,127,1.5,2.5,1.5
1783006696105,2026-07-02 17:38:16.105,C3:00:00:63:4C:D2,-61,127,1.5,2.5,1.5
1783006696112,2026-07-02 17:38:16.112,C3:00:00:63:4D:0A,-68,127,1.5,2.5,1.5
1783006696125,2026-07-02 17:38:16.125,C3:00:00:63:4D:07,-56,127,1.5,2.5,1.5
1783006696138,2026-07-02 17:38:16.138,C3:00:00:63:4D:08,-56,127,1.5,2.5,1.5
1783006696211,2026-07-02 17:38:16.211,C3:00:00:63:4D:04,-60,127,1.5,2.5,1.5
1783006696221,2026-07-02 17:38:16.221,C3:00:00:63:4C:D2,-70,127,1.5,2.5,1.5
1783006696239,2026-07-02 17:38:16.239,C3:00:00:63:4D:07,-58,127,1.5,2.5,1.5
1783006696247,2026-07-02 17:38:16.247,C3:00:00:63:4D:08,-62,127,1.5,2.5,1.5
1783006696255,2026-07-02 17:38:16.255,C3:00:00:63:4D:05,-58,127,1.5,2.5,1.5
1783006696265,2026-07-02 17:38:16.265,C3:00:00:63:4D:0D,-61,127,1.5,2.5,1.5
1783006696269,2026-07-02 17:38:16.269,C3:00:00:63:4D:09,-62,127,1.5,2.5,1.5
1783006696271,2026-07-02 17:38:16.271,C3:00:00:63:4D:0A,-56,127,1.5,2.5,1.5
1783006696311,2026-07-02 17:38:16.311,C3:00:00:63:4D:04,-57,127,1.5,2.5,1.5
1783006696328,2026-07-02 17:38:16.328,C3:00:00:63:4C:D2,-62,127,1.5,2.5,1.5
1783006696367,2026-07-02 17:38:16.367,C3:00:00:63:4D:0D,-54,127,1.5,2.5,1.5
1783006696369,2026-07-02 17:38:16.369,C3:00:00:63:4D:05,-65,127,1.5,2.5,1.5
1783006696372,2026-07-02 17:38:16.372,C3:00:00:63:4D:09,-60,127,1.5,2.5,1.5
1783006696388,2026-07-02 17:38:16.388,C3:00:00:63:4D:0A,-60,127,1.5,2.5,1.5
1783006696433,2026-07-02 17:38:16.433,C3:00:00:63:4D:04,-62,127,1.5,2.5,1.5
1783006696455,2026-07-02 17:38:16.455,C3:00:00:63:4C:D2,-70,127,1.5,2.5,1.5
1783006696462,2026-07-02 17:38:16.462,C3:00:00:63:4D:08,-56,127,1.5,2.5,1.5
1783006696471,2026-07-02 17:38:16.471,C3:00:00:63:4D:07,-59,127,1.5,2.5,1.5
1783006696474,2026-07-02 17:38:16.474,C3:00:00:63:4C:D2,-79,127,1.5,2.5,1.5
1783006696485,2026-07-02 17:38:16.485,C3:00:00:63:4D:09,-68,127,1.5,2.5,1.5
1783006696489,2026-07-02 17:38:16.489,C3:00:00:63:4D:05,-67,127,1.5,2.5,1.5
1783006696499,2026-07-02 17:38:16.499,C3:00:00:63:4D:0A,-52,127,1.5,2.5,1.5
1783006696555,2026-07-02 17:38:16.555,C3:00:00:63:4C:D2,-64,127,1.5,2.5,1.5
1783006696564,2026-07-02 17:38:16.564,C3:00:00:63:4D:08,-58,127,1.5,2.5,1.5
1783006696574,2026-07-02 17:38:16.574,C3:00:00:63:4D:0D,-60,127,1.5,2.5,1.5
1783006696579,2026-07-02 17:38:16.579,C3:00:00:63:4D:07,-56,127,1.5,2.5,1.5
1783006696586,2026-07-02 17:38:16.586,C3:00:00:63:4D:08,-59,127,1.5,2.5,1.5
1783006696595,2026-07-02 17:38:16.595,C3:00:00:63:4D:05,-58,127,1.5,2.5,1.5
1783006696597,2026-07-02 17:38:16.597,C3:00:00:63:4D:09,-62,127,1.5,2.5,1.5
1783006696613,2026-07-02 17:38:16.613,C3:00:00:63:4D:0A,-55,127,1.5,2.5,1.5
1783006696640,2026-07-02 17:38:16.640,C3:00:00:63:4D:04,-64,127,1.5,2.5,1.5
1783006696702,2026-07-02 17:38:16.702,C3:00:00:63:4D:07,-54,127,1.5,2.5,1.5
1783006696727,2026-07-02 17:38:16.727,C3:00:00:63:4D:0A,-52,127,1.5,2.5,1.5
1783006696760,2026-07-02 17:38:16.760,C3:00:00:63:4D:04,-63,127,1.5,2.5,1.5
1783006696790,2026-07-02 17:38:16.790,C3:00:00:63:4D:0D,-55,127,1.5,2.5,1.5
1783006696797,2026-07-02 17:38:16.797,C3:00:00:63:4D:08,-56,127,1.5,2.5,1.5
1783006696808,2026-07-02 17:38:16.808,C3:00:00:63:4C:D2,-70,127,1.5,2.5,1.5
1783006696814,2026-07-02 17:38:16.814,C3:00:00:63:4D:07,-59,127,1.5,2.5,1.5
1783006696862,2026-07-02 17:38:16.862,C3:00:00:63:4D:0A,-56,127,1.5,2.5,1.5
1783006696868,2026-07-02 17:38:16.868,C3:00:00:63:4D:04,-57,127,1.5,2.5,1.5
1783006696870,2026-07-02 17:38:16.870,C3:00:00:63:4D:09,-63,127,1.5,2.5,1.5
1783006696879,2026-07-02 17:38:16.879,C3:00:00:63:4D:07,-56,127,1.5,2.5,1.5
1783006696885,2026-07-02 17:38:16.885,C3:00:00:63:4D:0D,-60,127,1.5,2.5,1.5
1783006696909,2026-07-02 17:38:16.909,C3:00:00:63:4C:D2,-64,127,1.5,2.5,1.5
1783006696927,2026-07-02 17:38:16.927,C3:00:00:63:4D:07,-54,127,1.5,2.5,1.5
1783006696944,2026-07-02 17:38:16.944,C3:00:00:63:4D:09,-60,127,1.5,2.5,1.5
1783006696955,2026-07-02 17:38:16.955,C3:00:00:63:4D:0A,-60,127,1.5,2.5,1.5
1783006696959,2026-07-02 17:38:16.959,C3:00:00:63:4D:05,-65,127,1.5,2.5,1.5
1783006696961,2026-07-02 17:38:16.961,C3:00:00:63:4D:05,-65,127,1.5,2.5,1.5
1783006696968,2026-07-02 17:38:16.968,C3:00:00:63:4D:04,-64,127,1.5,2.5,1.5
1783006696978,2026-07-02 17:38:16.978,C3:00:00:63:4D:0D,-55,127,1.5,2.5,1.5
1783006697003,2026-07-02 17:38:17.003,C3:00:00:63:4D:08,-54,127,1.5,2.5,1.5
1783006697008,2026-07-02 17:38:17.008,C3:00:00:63:4D:0D,-54,127,1.5,2.5,1.5
1783006697021,2026-07-02 17:38:17.021,C3:00:00:63:4C:D2,-71,127,1.5,2.5,1.5
1783006697042,2026-07-02 17:38:17.042,C3:00:00:63:4D:0D,-56,127,1.5,2.5,1.5
1783006697044,2026-07-02 17:38:17.044,C3:00:00:63:4D:07,-59,127,1.5,2.5,1.5
1783006697055,2026-07-02 17:38:17.055,C3:00:00:63:4D:09,-68,127,1.5,2.5,1.5
1783006697063,2026-07-02 17:38:17.063,C3:00:00:63:4D:05,-64,127,1.5,2.5,1.5
1783006697070,2026-07-02 17:38:17.070,C3:00:00:63:4D:0A,-52,127,1.5,2.5,1.5
1783006697082,2026-07-02 17:38:17.082,C3:00:00:63:4D:04,-61,127,1.5,2.5,1.5
1783006697103,2026-07-02 17:38:17.103,C3:00:00:63:4D:0D,-54,127,1.5,2.5,1.5
1783006697112,2026-07-02 17:38:17.112,C3:00:00:63:4D:05,-65,127,1.5,2.5,1.5
1783006697121,2026-07-02 17:38:17.121,C3:00:00:63:4D:08,-56,127,1.5,2.5,1.5
1783006697143,2026-07-02 17:38:17.143,C3:00:00:63:4C:D2,-66,127,1.5,2.5,1.5
1783006697153,2026-07-02 17:38:17.153,C3:00:00:63:4D:07,-58,127,1.5,2.5,1.5
1783006697177,2026-07-02 17:38:17.177,C3:00:00:63:4D:0A,-56,127,1.5,2.5,1.5
1783006697187,2026-07-02 17:38:17.187,C3:00:00:63:4D:04,-58,127,1.5,2.5,1.5
1783006697207,2026-07-02 17:38:17.207,C3:00:00:63:4D:0D,-61,127,1.5,2.5,1.5
1783006697219,2026-07-02 17:38:17.219,C3:00:00:63:4D:08,-54,127,1.5,2.5,1.5
1783006697260,2026-07-02 17:38:17.260,C3:00:00:63:4C:D2,-62,127,1.5,2.5,1.5
1783006697267,2026-07-02 17:38:17.267,C3:00:00:63:4D:09,-60,127,1.5,2.5,1.5
1783006697272,2026-07-02 17:38:17.272,C3:00:00:63:4D:07,-54,127,1.5,2.5,1.5
1783006697281,2026-07-02 17:38:17.281,C3:00:00:63:4D:09,-60,127,1.5,2.5,1.5
1783006697287,2026-07-02 17:38:17.287,C3:00:00:63:4D:0A,-60,127,1.5,2.5,1.5
1783006697295,2026-07-02 17:38:17.295,C3:00:00:63:4D:05,-64,127,1.5,2.5,1.5
1783006697301,2026-07-02 17:38:17.301,C3:00:00:63:4D:04,-62,127,1.5,2.5,1.5
1783006697305,2026-07-02 17:38:17.305,C3:00:00:63:4D:0D,-54,127,1.5,2.5,1.5
1783006697329,2026-07-02 17:38:17.329,C3:00:00:63:4D:08,-56,127,1.5,2.5,1.5
1783006697333,2026-07-02 17:38:17.333,C3:00:00:63:4D:0A,-52,127,1.5,2.5,1.5
1783006697370,2026-07-02 17:38:17.370,C3:00:00:63:4C:D2,-69,127,1.5,2.5,1.5
1783006697387,2026-07-02 17:38:17.387,C3:00:00:63:4D:07,-64,127,1.5,2.5,1.5
1783006697412,2026-07-02 17:38:17.412,C3:00:00:63:4D:09,-64,127,1.5,2.5,1.5
1783006697416,2026-07-02 17:38:17.416,C3:00:00:63:4D:0A,-52,127,1.5,2.5,1.5
1783006697420,2026-07-02 17:38:17.420,C3:00:00:63:4D:0D,-54,127,1.5,2.5,1.5
1783006697424,2026-07-02 17:38:17.424,C3:00:00:63:4C:D2,-66,127,1.5,2.5,1.5
1783006697479,2026-07-02 17:38:17.479,C3:00:00:63:4C:D2,-66,127,1.5,2.5,1.5
1783006697499,2026-07-02 17:38:17.499,C3:00:00:63:4D:07,-58,127,1.5,2.5,1.5
1783006697519,2026-07-02 17:38:17.519,C3:00:00:63:4D:09,-62,127,1.5,2.5,1.5
1783006697525,2026-07-02 17:38:17.525,C3:00:00:63:4D:0D,-54,127,1.5,2.5,1.5
1783006697531,2026-07-02 17:38:17.531,C3:00:00:63:4D:05,-64,127,1.5,2.5,1.5
1783006697552,2026-07-02 17:38:17.552,C3:00:00:63:4D:08,-54,127,1.5,2.5,1.5
1783006697596,2026-07-02 17:38:17.596,C3:00:00:63:4C:D2,-62,127,1.5,2.5,1.5
1783006697614,2026-07-02 17:38:17.614,C3:00:00:63:4D:07,-54,127,1.5,2.5,1.5
1783006697631,2026-07-02 17:38:17.631,C3:00:00:63:4D:0D,-55,127,1.5,2.5,1.5
1783006697660,2026-07-02 17:38:17.660,C3:00:00:63:4D:08,-56,127,1.5,2.5,1.5
1783006697715,2026-07-02 17:38:17.715,C3:00:00:63:4D:04,-62,127,1.5,2.5,1.5
1783006697737,2026-07-02 17:38:17.737,C3:00:00:63:4D:0D,-60,127,1.5,2.5,1.5
1783006697741,2026-07-02 17:38:17.741,C3:00:00:63:4D:04,-58,127,1.5,2.5,1.5
1783006697745,2026-07-02 17:38:17.745,C3:00:00:63:4D:09,-62,127,1.5,2.5,1.5
1783006697751,2026-07-02 17:38:17.751,C3:00:00:63:4D:0A,-55,127,1.5,2.5,1.5
1783006697753,2026-07-02 17:38:17.753,C3:00:00:63:4D:05,-58,127,1.5,2.5,1.5
1783006697756,2026-07-02 17:38:17.756,C3:00:00:63:4D:04,-57,127,1.5,2.5,1.5
1783006697764,2026-07-02 17:38:17.764,C3:00:00:63:4D:08,-58,127,1.5,2.5,1.5
1783006697822,2026-07-02 17:38:17.822,C3:00:00:63:4C:D2,-62,127,1.5,2.5,1.5
1783006697830,2026-07-02 17:38:17.830,C3:00:00:63:4D:0D,-54,127,1.5,2.5,1.5
1783006697851,2026-07-02 17:38:17.851,C3:00:00:63:4D:07,-53,127,1.5,2.5,1.5
1783006697855,2026-07-02 17:38:17.855,C3:00:00:63:4D:09,-60,127,1.5,2.5,1.5
1783006697858,2026-07-02 17:38:17.858,C3:00:00:63:4D:0A,-60,127,1.5,2.5,1.5
1783006697875,2026-07-02 17:38:17.875,C3:00:00:63:4D:08,-54,127,1.5,2.5,1.5
1783006697895,2026-07-02 17:38:17.895,C3:00:00:63:4D:0D,-54,127,1.5,2.5,1.5
1783006697898,2026-07-02 17:38:17.898,C3:00:00:63:4D:08,-54,127,1.5,2.5,1.5
1783006697918,2026-07-02 17:38:17.918,C3:00:00:63:4D:05,-67,127,1.5,2.5,1.5
1783006697937,2026-07-02 17:38:17.937,C3:00:00:63:4D:0D,-55,127,1.5,2.5,1.5
1783006697941,2026-07-02 17:38:17.941,C3:00:00:63:4D:0A,-52,127,1.5,2.5,1.5
1783006697947,2026-07-02 17:38:17.947,C3:00:00:63:4C:D2,-71,127,1.5,2.5,1.5
1783006697961,2026-07-02 17:38:17.961,C3:00:00:63:4D:0A,-51,127,1.5,2.5,1.5
1783006697969,2026-07-02 17:38:17.969,C3:00:00:63:4D:09,-67,127,1.5,2.5,1.5
1783006697982,2026-07-02 17:38:17.982,C3:00:00:63:4D:08,-56,127,1.5,2.5,1.5
1783006698045,2026-07-02 17:38:18.045,C3:00:00:63:4D:0D,-61,127,1.5,2.5,1.5
1783006698062,2026-07-02 17:38:18.062,C3:00:00:63:4D:04,-58,127,1.5,2.5,1.5
1783006698079,2026-07-02 17:38:18.079,C3:00:00:63:4C:D2,-66,127,1.5,2.5,1.5
1783006698080,2026-07-02 17:38:18.080,C3:00:00:63:4D:07,-58,127,1.5,2.5,1.5
1783006698082,2026-07-02 17:38:18.082,C3:00:00:63:4D:0A,-55,127,1.5,2.5,1.5
1783006698087,2026-07-02 17:38:18.087,C3:00:00:63:4D:09,-62,127,1.5,2.5,1.5
1783006698092,2026-07-02 17:38:18.092,C3:00:00:63:4D:05,-58,127,1.5,2.5,1.5
1783006698122,2026-07-02 17:38:18.122,C3:00:00:63:4D:07,-54,127,1.5,2.5,1.5
1783006698147,2026-07-02 17:38:18.147,C3:00:00:63:4D:07,-54,127,1.5,2.5,1.5
1783006698172,2026-07-02 17:38:18.172,C3:00:00:63:4C:D2,-62,127,1.5,2.5,1.5
1783006698176,2026-07-02 17:38:18.176,C3:00:00:63:4D:04,-62,127,1.5,2.5,1.5
1783006698184,2026-07-02 17:38:18.184,C3:00:00:63:4D:07,-54,127,1.5,2.5,1.5
1783006698201,2026-07-02 17:38:18.201,C3:00:00:63:4D:08,-54,127,1.5,2.5,1.5
1783006698220,2026-07-02 17:38:18.220,C3:00:00:63:4D:05,-65,127,1.5,2.5,1.5
1783006698258,2026-07-02 17:38:18.258,C3:00:00:63:4D:0D,-54,127,1.5,2.5,1.5
1783006698293,2026-07-02 17:38:18.293,C3:00:00:63:4C:D2,-70,127,1.5,2.5,1.5
1783006698313,2026-07-02 17:38:18.313,C3:00:00:63:4D:09,-64,127,1.5,2.5,1.5
1783006698328,2026-07-02 17:38:18.328,C3:00:00:63:4D:05,-58,127,1.5,2.5,1.5
1783006698387,2026-07-02 17:38:18.387,C3:00:00:63:4D:04,-58,127,1.5,2.5,1.5
1783006698412,2026-07-02 17:38:18.412,C3:00:00:63:4C:D2,-66,127,1.5,2.5,1.5
1783006698432,2026-07-02 17:38:18.432,C3:00:00:63:4D:08,-54,127,1.5,2.5,1.5
1783006698437,2026-07-02 17:38:18.437,C3:00:00:63:4D:09,-60,127,1.5,2.5,1.5
1783006698441,2026-07-02 17:38:18.441,C3:00:00:63:4D:05,-64,127,1.5,2.5,1.5
1783006698458,2026-07-02 17:38:18.458,C3:00:00:63:4D:0D,-54,127,1.5,2.5,1.5
1783006698468,2026-07-02 17:38:18.468,C3:00:00:63:4D:09,-59,127,1.5,2.5,1.5
1783006698505,2026-07-02 17:38:18.505,C3:00:00:63:4D:04,-62,127,1.5,2.5,1.5
1783006698524,2026-07-02 17:38:18.524,C3:00:00:63:4C:D2,-62,127,1.5,2.5,1.5
1783006698536,2026-07-02 17:38:18.536,C3:00:00:63:4D:0A,-51,127,1.5,2.5,1.5
1783006698553,2026-07-02 17:38:18.553,C3:00:00:63:4D:05,-64,127,1.5,2.5,1.5
1783006698587,2026-07-02 17:38:18.587,C3:00:00:63:4D:08,-56,127,1.5,2.5,1.5
1783006698610,2026-07-02 17:38:18.610,C3:00:00:63:4D:04,-61,127,1.5,2.5,1.5
1783006698634,2026-07-02 17:38:18.634,C3:00:00:63:4C:D2,-66,127,1.5,2.5,1.5
1783006698639,2026-07-02 17:38:18.639,C3:00:00:63:4D:08,-62,127,1.5,2.5,1.5
1783006698644,2026-07-02 17:38:18.644,C3:00:00:63:4D:07,-58,127,1.5,2.5,1.5
1783006698647,2026-07-02 17:38:18.647,C3:00:00:63:4D:0A,-56,127,1.5,2.5,1.5
1783006698662,2026-07-02 17:38:18.662,C3:00:00:63:4D:05,-58,127,1.5,2.5,1.5
1783006698670,2026-07-02 17:38:18.670,C3:00:00:63:4D:0D,-61,127,1.5,2.5,1.5
1783006698715,2026-07-02 17:38:18.715,C3:00:00:63:4D:04,-58,127,1.5,2.5,1.5
1783006698744,2026-07-02 17:38:18.744,C3:00:00:63:4C:D2,-62,127,1.5,2.5,1.5
1783006698755,2026-07-02 17:38:18.755,C3:00:00:63:4D:08,-54,127,1.5,2.5,1.5
1783006698757,2026-07-02 17:38:18.757,C3:00:00:63:4D:0A,-60,127,1.5,2.5,1.5
1783006698761,2026-07-02 17:38:18.761,C3:00:00:63:4D:09,-59,127,1.5,2.5,1.5
1783006698762,2026-07-02 17:38:18.762,C3:00:00:63:4D:07,-54,127,1.5,2.5,1.5
1783006698779,2026-07-02 17:38:18.779,C3:00:00:63:4D:0D,-54,127,1.5,2.5,1.5
1783006698788,2026-07-02 17:38:18.788,C3:00:00:63:4D:05,-64,127,1.5,2.5,1.5
1783006698794,2026-07-02 17:38:18.794,C3:00:00:63:4D:08,-61,127,1.5,2.5,1.5
1783006698828,2026-07-02 17:38:18.828,C3:00:00:63:4D:04,-61,127,1.5,2.5,1.5
1783006698861,2026-07-02 17:38:18.861,C3:00:00:63:4D:08,-56,127,1.5,2.5,1.5
1783006698867,2026-07-02 17:38:18.867,C3:00:00:63:4C:D2,-72,127,1.5,2.5,1.5
1783006698891,2026-07-02 17:38:18.891,C3:00:00:63:4D:07,-59,127,1.5,2.5,1.5
1783006698894,2026-07-02 17:38:18.894,C3:00:00:63:4D:0D,-55,127,1.5,2.5,1.5
1783006698900,2026-07-02 17:38:18.900,C3:00:00:63:4D:09,-68,127,1.5,2.5,1.5
1783006698902,2026-07-02 17:38:18.902,C3:00:00:63:4D:05,-66,127,1.5,2.5,1.5
1783006698903,2026-07-02 17:38:18.903,C3:00:00:63:4D:07,-59,127,1.5,2.5,1.5
1783006698917,2026-07-02 17:38:18.917,C3:00:00:63:4D:05,-66,127,1.5,2.5,1.5
1783006698926,2026-07-02 17:38:18.926,C3:00:00:63:4D:04,-58,127,1.5,2.5,1.5
1783006698969,2026-07-02 17:38:18.969,C3:00:00:63:4D:08,-60,127,1.5,2.5,1.5
1783006698978,2026-07-02 17:38:18.978,C3:00:00:63:4C:D2,-64,127,1.5,2.5,1.5
1783006698990,2026-07-02 17:38:18.990,C3:00:00:63:4D:0A,-55,127,1.5,2.5,1.5
1783006699006,2026-07-02 17:38:19.006,C3:00:00:63:4D:0D,-60,127,1.5,2.5,1.5
1783006699021,2026-07-02 17:38:19.021,C3:00:00:63:4D:05,-58,127,1.5,2.5,1.5
1783006699023,2026-07-02 17:38:19.023,C3:00:00:63:4D:0D,-54,127,1.5,2.5,1.5
1783006699045,2026-07-02 17:38:19.045,C3:00:00:63:4D:04,-63,127,1.5,2.5,1.5
1783006699074,2026-07-02 17:38:19.074,C3:00:00:63:4D:08,-54,127,1.5,2.5,1.5
1783006699092,2026-07-02 17:38:19.092,C3:00:00:63:4C:D2,-62,127,1.5,2.5,1.5
1783006699104,2026-07-02 17:38:19.104,C3:00:00:63:4D:09,-60,127,1.5,2.5,1.5
1783006699116,2026-07-02 17:38:19.116,C3:00:00:63:4D:05,-65,127,1.5,2.5,1.5
1783006699119,2026-07-02 17:38:19.119,C3:00:00:63:4D:07,-54,127,1.5,2.5,1.5
1783006699135,2026-07-02 17:38:19.135,C3:00:00:63:4D:05,-66,127,1.5,2.5,1.5
1783006699156,2026-07-02 17:38:19.156,C3:00:00:63:4D:04,-62,127,1.5,2.5,1.5
1783006699188,2026-07-02 17:38:19.188,C3:00:00:63:4D:08,-56,127,1.5,2.5,1.5
1783006699216,2026-07-02 17:38:19.216,C3:00:00:63:4C:D2,-72,127,1.5,2.5,1.5
1783006699222,2026-07-02 17:38:19.222,C3:00:00:63:4D:0A,-51,127,1.5,2.5,1.5
1783006699248,2026-07-02 17:38:19.248,C3:00:00:63:4D:05,-58,127,1.5,2.5,1.5
1783006699258,2026-07-02 17:38:19.258,C3:00:00:63:4D:04,-58,127,1.5,2.5,1.5
1783006699278,2026-07-02 17:38:19.278,C3:00:00:63:4D:09,-63,127,1.5,2.5,1.5
1783006699285,2026-07-02 17:38:19.285,C3:00:00:63:4D:04,-58,127,1.5,2.5,1.5
1783006699301,2026-07-02 17:38:19.301,C3:00:00:63:4D:0D,-60,127,1.5,2.5,1.5
1783006699322,2026-07-02 17:38:19.322,C3:00:00:63:4C:D2,-62,127,1.5,2.5,1.5
1783006699345,2026-07-02 17:38:19.345,C3:00:00:63:4D:0A,-60,127,1.5,2.5,1.5
1783006699368,2026-07-02 17:38:19.368,C3:00:00:63:4D:05,-65,127,1.5,2.5,1.5
1783006699375,2026-07-02 17:38:19.375,C3:00:00:63:4D:04,-63,127,1.5,2.5,1.5
1783006699404,2026-07-02 17:38:19.404,C3:00:00:63:4D:08,-54,127,1.5,2.5,1.5
1783006699412,2026-07-02 17:38:19.412,C3:00:00:63:4D:0D,-54,127,1.5,2.5,1.5
1783006699436,2026-07-02 17:38:19.436,C3:00:00:63:4D:0A,-51,127,1.5,2.5,1.5
1783006699439,2026-07-02 17:38:19.439,C3:00:00:63:4C:D2,-72,127,1.5,2.5,1.5
1783006699457,2026-07-02 17:38:19.457,C3:00:00:63:4D:09,-68,127,1.5,2.5,1.5
1783006699467,2026-07-02 17:38:19.467,C3:00:00:63:4D:07,-59,127,1.5,2.5,1.5
1783006699471,2026-07-02 17:38:19.471,C3:00:00:63:4D:05,-66,127,1.5,2.5,1.5
1783006699476,2026-07-02 17:38:19.476,C3:00:00:63:4D:04,-62,127,1.5,2.5,1.5
1783006699506,2026-07-02 17:38:19.506,C3:00:00:63:4D:08,-56,127,1.5,2.5,1.5
1783006699512,2026-07-02 17:38:19.512,C3:00:00:63:4D:0D,-55,127,1.5,2.5,1.5
1783006699546,2026-07-02 17:38:19.546,C3:00:00:63:4D:0A,-55,127,1.5,2.5,1.5
1783006699552,2026-07-02 17:38:19.552,C3:00:00:63:4C:D2,-64,127,1.5,2.5,1.5
1783006699567,2026-07-02 17:38:19.567,C3:00:00:63:4D:09,-63,127,1.5,2.5,1.5
1783006699573,2026-07-02 17:38:19.573,C3:00:00:63:4D:07,-56,127,1.5,2.5,1.5
1783006699586,2026-07-02 17:38:19.586,C3:00:00:63:4D:05,-58,127,1.5,2.5,1.5
1783006699602,2026-07-02 17:38:19.602,C3:00:00:63:4D:04,-57,127,1.5,2.5,1.5
1783006699659,2026-07-02 17:38:19.659,C3:00:00:63:4D:0A,-61,127,1.5,2.5,1.5
1783006699669,2026-07-02 17:38:19.669,C3:00:00:63:4C:D2,-62,127,1.5,2.5,1.5
1783006699686,2026-07-02 17:38:19.686,C3:00:00:63:4D:09,-60,127,1.5,2.5,1.5
1783006699692,2026-07-02 17:38:19.692,C3:00:00:63:4D:07,-54,127,1.5,2.5,1.5
1783006699704,2026-07-02 17:38:19.704,C3:00:00:63:4D:05,-66,127,1.5,2.5,1.5
1783006699717,2026-07-02 17:38:19.717,C3:00:00:63:4D:0D,-55,127,1.5,2.5,1.5
1783006699724,2026-07-02 17:38:19.724,C3:00:00:63:4D:04,-62,127,1.5,2.5,1.5
1783006699729,2026-07-02 17:38:19.729,C3:00:00:63:4D:08,-56,127,1.5,2.5,1.5
1783006699751,2026-07-02 17:38:19.751,C3:00:00:63:4D:04,-62,127,1.5,2.5,1.5
1783006699787,2026-07-02 17:38:19.787,C3:00:00:63:4C:D2,-72,127,1.5,2.5,1.5
1783006699793,2026-07-02 17:38:19.793,C3:00:00:63:4D:09,-68,127,1.5,2.5,1.5
1783006699802,2026-07-02 17:38:19.802,C3:00:00:63:4D:07,-59,127,1.5,2.5,1.5
1783006699814,2026-07-02 17:38:19.814,C3:00:00:63:4D:04,-62,127,1.5,2.5,1.5
1783006699830,2026-07-02 17:38:19.830,C3:00:00:63:4D:0D,-60,127,1.5,2.5,1.5
1783006699836,2026-07-02 17:38:19.836,C3:00:00:63:4D:08,-59,127,1.5,2.5,1.5
1783006699865,2026-07-02 17:38:19.865,C3:00:00:63:4C:D2,-64,127,1.5,2.5,1.5
1783006699888,2026-07-02 17:38:19.888,C3:00:00:63:4D:08,-59,127,1.5,2.5,1.5
1783006699893,2026-07-02 17:38:19.893,C3:00:00:63:4D:0A,-55,127,1.5,2.5,1.5
1783006699899,2026-07-02 17:38:19.899,C3:00:00:63:4C:D2,-64,127,1.5,2.5,1.5
1783006699902,2026-07-02 17:38:19.902,C3:00:00:63:4D:09,-62,127,1.5,2.5,1.5
1783006699931,2026-07-02 17:38:19.931,C3:00:00:63:4D:0D,-54,127,1.5,2.5,1.5
1783006699937,2026-07-02 17:38:19.937,C3:00:00:63:4D:05,-66,127,1.5,2.5,1.5
1783006699944,2026-07-02 17:38:19.944,C3:00:00:63:4D:0A,-61,127,1.5,2.5,1.5
1783006699947,2026-07-02 17:38:19.947,C3:00:00:63:4C:D2,-62,127,1.5,2.5,1.5
1783006700020,2026-07-02 17:38:20.020,C3:00:00:63:4C:D2,-72,127,1.5,2.5,1.5
1783006700025,2026-07-02 17:38:20.025,C3:00:00:63:4D:09,-68,127,1.5,2.5,1.5
1783006700031,2026-07-02 17:38:20.031,C3:00:00:63:4D:0D,-63,127,1.5,2.5,1.5
1783006700057,2026-07-02 17:38:20.057,C3:00:00:63:4D:0D,-55,127,1.5,2.5,1.5
1783006700064,2026-07-02 17:38:20.064,C3:00:00:63:4D:05,-66,127,1.5,2.5,1.5
1783006700068,2026-07-02 17:38:20.068,C3:00:00:63:4D:08,-56,127,1.5,2.5,1.5
1783006700130,2026-07-02 17:38:20.130,C3:00:00:63:4C:D2,-64,127,1.5,2.5,1.5
1783006700135,2026-07-02 17:38:20.135,C3:00:00:63:4D:04,-57,127,1.5,2.5,1.5
1783006700140,2026-07-02 17:38:20.140,C3:00:00:63:4D:07,-57,127,1.5,2.5,1.5
1783006700145,2026-07-02 17:38:20.145,C3:00:00:63:4D:0D,-60,127,1.5,2.5,1.5
1783006700153,2026-07-02 17:38:20.153,C3:00:00:63:4D:07,-56,127,1.5,2.5,1.5
1783006700165,2026-07-02 17:38:20.165,C3:00:00:63:4D:05,-58,127,1.5,2.5,1.5
1783006700170,2026-07-02 17:38:20.170,C3:00:00:63:4D:08,-59,127,1.5,2.5,1.5
1783006700226,2026-07-02 17:38:20.226,C3:00:00:63:4D:0A,-60,127,1.5,2.5,1.5
1783006700249,2026-07-02 17:38:20.249,C3:00:00:63:4C:D2,-62,127,1.5,2.5,1.5
1783006700268,2026-07-02 17:38:20.268,C3:00:00:63:4D:07,-54,127,1.5,2.5,1.5
1783006700278,2026-07-02 17:38:20.278,C3:00:00:63:4D:08,-54,127,1.5,2.5,1.5
1783006700286,2026-07-02 17:38:20.286,C3:00:00:63:4D:05,-65,127,1.5,2.5,1.5
1783006700342,2026-07-02 17:38:20.342,C3:00:00:63:4D:0A,-52,127,1.5,2.5,1.5
1783006700366,2026-07-02 17:38:20.366,C3:00:00:63:4D:04,-61,127,1.5,2.5,1.5
1783006700371,2026-07-02 17:38:20.371,C3:00:00:63:4D:0D,-54,127,1.5,2.5,1.5
1783006700374,2026-07-02 17:38:20.374,C3:00:00:63:4D:09,-64,127,1.5,2.5,1.5
1783006700377,2026-07-02 17:38:20.377,C3:00:00:63:4D:07,-56,127,1.5,2.5,1.5
1783006700389,2026-07-02 17:38:20.389,C3:00:00:63:4D:08,-56,127,1.5,2.5,1.5
1783006700392,2026-07-02 17:38:20.392,C3:00:00:63:4D:05,-63,127,1.5,2.5,1.5
1783006700450,2026-07-02 17:38:20.450,C3:00:00:63:4D:0A,-55,127,1.5,2.5,1.5
1783006700456,2026-07-02 17:38:20.456,C3:00:00:63:4D:0D,-60,127,1.5,2.5,1.5
1783006700484,2026-07-02 17:38:20.484,C3:00:00:63:4C:D2,-66,127,1.5,2.5,1.5
1783006700487,2026-07-02 17:38:20.487,C3:00:00:63:4D:09,-62,127,1.5,2.5,1.5
1783006700494,2026-07-02 17:38:20.494,C3:00:00:63:4D:07,-58,127,1.5,2.5,1.5
1783006700502,2026-07-02 17:38:20.502,C3:00:00:63:4D:08,-62,127,1.5,2.5,1.5
1783006700504,2026-07-02 17:38:20.504,C3:00:00:63:4C:D2,-73,127,1.5,2.5,1.5
1783006700569,2026-07-02 17:38:20.569,C3:00:00:63:4D:04,-62,127,1.5,2.5,1.5
1783006700592,2026-07-02 17:38:20.592,C3:00:00:63:4D:09,-60,127,1.5,2.5,1.5
1783006700611,2026-07-02 17:38:20.611,C3:00:00:63:4D:08,-54,127,1.5,2.5,1.5
1783006700618,2026-07-02 17:38:20.618,C3:00:00:63:4D:07,-54,127,1.5,2.5,1.5
1783006700621,2026-07-02 17:38:20.621,C3:00:00:63:4D:08,-56,127,1.5,2.5,1.5
1783006700626,2026-07-02 17:38:20.626,C3:00:00:63:4D:05,-63,127,1.5,2.5,1.5
1783006700666,2026-07-02 17:38:20.666,C3:00:00:63:4D:0D,-54,127,1.5,2.5,1.5
1783006700684,2026-07-02 17:38:20.684,C3:00:00:63:4D:0A,-52,127,1.5,2.5,1.5
1783006700687,2026-07-02 17:38:20.687,C3:00:00:63:4D:04,-61,127,1.5,2.5,1.5
1783006700692,2026-07-02 17:38:20.692,C3:00:00:63:4D:09,-72,127,1.5,2.5,1.5
1783006700700,2026-07-02 17:38:20.700,C3:00:00:63:4C:D2,-70,127,1.5,2.5,1.5
1783006700714,2026-07-02 17:38:20.714,C3:00:00:63:4D:08,-56,127,1.5,2.5,1.5
1783006700716,2026-07-02 17:38:20.716,C3:00:00:63:4D:09,-64,127,1.5,2.5,1.5
1783006700719,2026-07-02 17:38:20.719,C3:00:00:63:4D:07,-58,127,1.5,2.5,1.5
1783006700737,2026-07-02 17:38:20.737,C3:00:00:63:4D:05,-58,127,1.5,2.5,1.5
1783006700784,2026-07-02 17:38:20.784,C3:00:00:63:4D:04,-57,127,1.5,2.5,1.5
1783006700790,2026-07-02 17:38:20.790,C3:00:00:63:4D:0A,-55,127,1.5,2.5,1.5
1783006700819,2026-07-02 17:38:20.819,C3:00:00:63:4D:09,-62,127,1.5,2.5,1.5
1783006700825,2026-07-02 17:38:20.825,C3:00:00:63:4D:08,-54,127,1.5,2.5,1.5
1783006700832,2026-07-02 17:38:20.832,C3:00:00:63:4D:07,-54,127,1.5,2.5,1.5
1783006700842,2026-07-02 17:38:20.842,C3:00:00:63:4D:0A,-60,127,1.5,2.5,1.5
1783006700849,2026-07-02 17:38:20.849,C3:00:00:63:4D:05,-64,127,1.5,2.5,1.5
1783006700879,2026-07-02 17:38:20.879,C3:00:00:63:4D:09,-60,127,1.5,2.5,1.5
1783006700881,2026-07-02 17:38:20.881,C3:00:00:63:4D:0D,-54,127,1.5,2.5,1.5
1783006700896,2026-07-02 17:38:20.896,C3:00:00:63:4D:04,-62,127,1.5,2.5,1.5
1783006700900,2026-07-02 17:38:20.900,C3:00:00:63:4D:0A,-60,127,1.5,2.5,1.5
1783006700908,2026-07-02 17:38:20.908,C3:00:00:63:4D:07,-54,127,1.5,2.5,1.5
1783006700930,2026-07-02 17:38:20.930,C3:00:00:63:4D:09,-64,127,1.5,2.5,1.5
1783006700966,2026-07-02 17:38:20.966,C3:00:00:63:4D:05,-63,127,1.5,2.5,1.5
1783006700988,2026-07-02 17:38:20.988,C3:00:00:63:4D:0D,-54,127,1.5,2.5,1.5
1783006700991,2026-07-02 17:38:20.991,C3:00:00:63:4D:05,-65,127,1.5,2.5,1.5
1783006701001,2026-07-02 17:38:21.001,C3:00:00:63:4D:0D,-54,127,1.5,2.5,1.5
1783006701016,2026-07-02 17:38:21.016,C3:00:00:63:4D:0D,-61,127,1.5,2.5,1.5
1783006701040,2026-07-02 17:38:21.040,C3:00:00:63:4D:08,-62,127,1.5,2.5,1.5
1783006701046,2026-07-02 17:38:21.046,C3:00:00:63:4D:09,-62,127,1.5,2.5,1.5
1783006701050,2026-07-02 17:38:21.050,C3:00:00:63:4C:D2,-66,127,1.5,2.5,1.5
1783006701067,2026-07-02 17:38:21.067,C3:00:00:63:4D:07,-58,127,1.5,2.5,1.5
1783006701086,2026-07-02 17:38:21.086,C3:00:00:63:4D:0D,-60,127,1.5,2.5,1.5
1783006701091,2026-07-02 17:38:21.091,C3:00:00:63:4D:05,-58,127,1.5,2.5,1.5
1783006701108,2026-07-02 17:38:21.108,C3:00:00:63:4D:05,-58,127,1.5,2.5,1.5
1783006701112,2026-07-02 17:38:21.112,C3:00:00:63:4D:04,-58,127,1.5,2.5,1.5
1783006701124,2026-07-02 17:38:21.124,C3:00:00:63:4D:0A,-60,127,1.5,2.5,1.5
1783006701142,2026-07-02 17:38:21.142,C3:00:00:63:4D:08,-54,127,1.5,2.5,1.5
1783006701165,2026-07-02 17:38:21.165,C3:00:00:63:4D:09,-60,127,1.5,2.5,1.5
1783006701175,2026-07-02 17:38:21.175,C3:00:00:63:4D:07,-54,127,1.5,2.5,1.5
1783006701195,2026-07-02 17:38:21.195,C3:00:00:63:4D:0D,-54,127,1.5,2.5,1.5
1783006701205,2026-07-02 17:38:21.205,C3:00:00:63:4D:05,-64,127,1.5,2.5,1.5
1783006701225,2026-07-02 17:38:21.225,C3:00:00:63:4D:04,-61,127,1.5,2.5,1.5
1783006701249,2026-07-02 17:38:21.249,C3:00:00:63:4D:0A,-52,127,1.5,2.5,1.5
1783006701254,2026-07-02 17:38:21.254,C3:00:00:63:4D:08,-56,127,1.5,2.5,1.5
1783006701277,2026-07-02 17:38:21.277,C3:00:00:63:4C:D2,-71,127,1.5,2.5,1.5
1783006701283,2026-07-02 17:38:21.283,C3:00:00:63:4D:09,-64,127,1.5,2.5,1.5
1783006701291,2026-07-02 17:38:21.291,C3:00:00:63:4D:09,-64,127,1.5,2.5,1.5
1783006701300,2026-07-02 17:38:21.300,C3:00:00:63:4D:0D,-54,127,1.5,2.5,1.5
1783006701336,2026-07-02 17:38:21.336,C3:00:00:63:4D:04,-58,127,1.5,2.5,1.5
1783006701351,2026-07-02 17:38:21.351,C3:00:00:63:4D:0A,-56,127,1.5,2.5,1.5
1783006701368,2026-07-02 17:38:21.368,C3:00:00:63:4D:08,-61,127,1.5,2.5,1.5
1783006701373,2026-07-02 17:38:21.373,C3:00:00:63:4D:0A,-56,127,1.5,2.5,1.5
1783006701383,2026-07-02 17:38:21.383,C3:00:00:63:4D:09,-62,127,1.5,2.5,1.5
1783006701387,2026-07-02 17:38:21.387,C3:00:00:63:4C:D2,-66,127,1.5,2.5,1.5
1783006701397,2026-07-02 17:38:21.397,C3:00:00:63:4D:0D,-61,127,1.5,2.5,1.5
1783006701400,2026-07-02 17:38:21.400,C3:00:00:63:4D:07,-56,127,1.5,2.5,1.5
1783006701420,2026-07-02 17:38:21.420,C3:00:00:63:4C:D2,-62,127,1.5,2.5,1.5
1783006701424,2026-07-02 17:38:21.424,C3:00:00:63:4D:05,-66,127,1.5,2.5,1.5
1783006701441,2026-07-02 17:38:21.441,C3:00:00:63:4D:04,-62,127,1.5,2.5,1.5
1783006701475,2026-07-02 17:38:21.475,C3:00:00:63:4D:0A,-60,127,1.5,2.5,1.5
1783006701479,2026-07-02 17:38:21.479,C3:00:00:63:4D:08,-54,127,1.5,2.5,1.5
1783006701515,2026-07-02 17:38:21.515,C3:00:00:63:4D:0D,-54,127,1.5,2.5,1.5
1783006701524,2026-07-02 17:38:21.524,C3:00:00:63:4D:07,-56,127,1.5,2.5,1.5
1783006701552,2026-07-02 17:38:21.552,C3:00:00:63:4D:05,-64,127,1.5,2.5,1.5
1783006701554,2026-07-02 17:38:21.554,C3:00:00:63:4D:04,-61,127,1.5,2.5,1.5
1783006701577,2026-07-02 17:38:21.577,C3:00:00:63:4D:0A,-52,127,1.5,2.5,1.5
1783006701619,2026-07-02 17:38:21.619,C3:00:00:63:4D:0D,-61,127,1.5,2.5,1.5
1783006701624,2026-07-02 17:38:21.624,C3:00:00:63:4C:D2,-66,127,1.5,2.5,1.5
1783006701643,2026-07-02 17:38:21.643,C3:00:00:63:4D:07,-58,127,1.5,2.5,1.5
1783006701657,2026-07-02 17:38:21.657,C3:00:00:63:4D:05,-58,127,1.5,2.5,1.5
1783006701662,2026-07-02 17:38:21.662,C3:00:00:63:4D:04,-58,127,1.5,2.5,1.5
1783006701687,2026-07-02 17:38:21.687,C3:00:00:63:4D:0A,-56,127,1.5,2.5,1.5
1783006701691,2026-07-02 17:38:21.691,C3:00:00:63:4D:08,-61,127,1.5,2.5,1.5
1783006701723,2026-07-02 17:38:21.723,C3:00:00:63:4D:0D,-54,127,1.5,2.5,1.5
1783006701737,2026-07-02 17:38:21.737,C3:00:00:63:4D:04,-64,127,1.5,2.5,1.5
1783006701756,2026-07-02 17:38:21.756,C3:00:00:63:4D:07,-54,127,1.5,2.5,1.5
1783006701763,2026-07-02 17:38:21.763,C3:00:00:63:4D:04,-62,127,1.5,2.5,1.5
1783006701779,2026-07-02 17:38:21.779,C3:00:00:63:4D:05,-64,127,1.5,2.5,1.5
1783006701816,2026-07-02 17:38:21.816,C3:00:00:63:4D:0A,-60,127,1.5,2.5,1.5
1783006701824,2026-07-02 17:38:21.824,C3:00:00:63:4D:0D,-54,127,1.5,2.5,1.5
1783006701853,2026-07-02 17:38:21.853,C3:00:00:63:4D:09,-64,127,1.5,2.5,1.5
1783006701859,2026-07-02 17:38:21.859,C3:00:00:63:4C:D2,-70,127,1.5,2.5,1.5
1783006701869,2026-07-02 17:38:21.869,C3:00:00:63:4D:07,-57,127,1.5,2.5,1.5
1783006701878,2026-07-02 17:38:21.878,C3:00:00:63:4C:D2,-71,127,1.5,2.5,1.5
1783006701883,2026-07-02 17:38:21.883,C3:00:00:63:4D:04,-61,127,1.5,2.5,1.5
1783006701890,2026-07-02 17:38:21.890,C3:00:00:63:4D:08,-56,127,1.5,2.5,1.5
1783006701891,2026-07-02 17:38:21.891,C3:00:00:63:4D:05,-64,127,1.5,2.5,1.5
1783006701894,2026-07-02 17:38:21.894,C3:00:00:63:4D:0D,-54,127,1.5,2.5,1.5
1783006701928,2026-07-02 17:38:21.928,C3:00:00:63:4D:0D,-61,127,1.5,2.5,1.5
1783006701954,2026-07-02 17:38:21.954,C3:00:00:63:4D:09,-62,127,1.5,2.5,1.5
1783006701965,2026-07-02 17:38:21.965,C3:00:00:63:4D:05,-58,127,1.5,2.5,1.5
1783006701968,2026-07-02 17:38:21.968,C3:00:00:63:4C:D2,-66,127,1.5,2.5,1.5
1783006701975,2026-07-02 17:38:21.975,C3:00:00:63:4C:D2,-66,127,1.5,2.5,1.5
1783006701981,2026-07-02 17:38:21.981,C3:00:00:63:4D:07,-58,127,1.5,2.5,1.5
1783006701983,2026-07-02 17:38:21.983,C3:00:00:63:4D:04,-58,127,1.5,2.5,1.5
1783006702006,2026-07-02 17:38:22.006,C3:00:00:63:4D:05,-58,127,1.5,2.5,1.5
1783006702023,2026-07-02 17:38:22.023,C3:00:00:63:4D:08,-54,127,1.5,2.5,1.5
1783006702039,2026-07-02 17:38:22.039,C3:00:00:63:4D:0D,-54,127,1.5,2.5,1.5
1783006702043,2026-07-02 17:38:22.043,C3:00:00:63:4D:0A,-60,127,1.5,2.5,1.5
1783006702074,2026-07-02 17:38:22.074,C3:00:00:63:4D:09,-60,127,1.5,2.5,1.5
1783006702079,2026-07-02 17:38:22.079,C3:00:00:63:4C:D2,-62,127,1.5,2.5,1.5
1783006702091,2026-07-02 17:38:22.091,C3:00:00:63:4D:04,-62,127,1.5,2.5,1.5
1783006702096,2026-07-02 17:38:22.096,C3:00:00:63:4D:07,-54,127,1.5,2.5,1.5
1783006702121,2026-07-02 17:38:22.121,C3:00:00:63:4D:05,-64,127,1.5,2.5,1.5
1783006702124,2026-07-02 17:38:22.124,C3:00:00:63:4D:08,-56,127,1.5,2.5,1.5
1783006702133,2026-07-02 17:38:22.133,C3:00:00:63:4D:0D,-54,127,1.5,2.5,1.5
1783006702140,2026-07-02 17:38:22.140,C3:00:00:63:4D:07,-57,127,1.5,2.5,1.5
1783006702149,2026-07-02 17:38:22.149,C3:00:00:63:4D:0A,-52,127,1.5,2.5,1.5
1783006702165,2026-07-02 17:38:22.165,C3:00:00:63:4D:07,-57,127,1.5,2.5,1.5
1783006702185,2026-07-02 17:38:22.185,C3:00:00:63:4D:09,-64,127,1.5,2.5,1.5
1783006702197,2026-07-02 17:38:22.197,C3:00:00:63:4C:D2,-70,127,1.5,2.5,1.5
1783006702203,2026-07-02 17:38:22.203,C3:00:00:63:4D:04,-61,127,1.5,2.5,1.5
1783006702230,2026-07-02 17:38:22.230,C3:00:00:63:4D:05,-58,127,1.5,2.5,1.5
1783006702238,2026-07-02 17:38:22.238,C3:00:00:63:4D:08,-62,127,1.5,2.5,1.5
1783006702243,2026-07-02 17:38:22.243,C3:00:00:63:4D:0D,-61,127,1.5,2.5,1.5
1783006702264,2026-07-02 17:38:22.264,C3:00:00:63:4D:0A,-56,127,1.5,2.5,1.5
1783006702295,2026-07-02 17:38:22.295,C3:00:00:63:4D:09,-62,127,1.5,2.5,1.5
1783006702309,2026-07-02 17:38:22.309,C3:00:00:63:4C:D2,-66,127,1.5,2.5,1.5
1783006702318,2026-07-02 17:38:22.318,C3:00:00:63:4D:04,-58,127,1.5,2.5,1.5
1783006702330,2026-07-02 17:38:22.330,C3:00:00:63:4D:07,-54,127,1.5,2.5,1.5
1783006702348,2026-07-02 17:38:22.348,C3:00:00:63:4D:0D,-54,127,1.5,2.5,1.5
1783006702351,2026-07-02 17:38:22.351,C3:00:00:63:4D:05,-64,127,1.5,2.5,1.5
1783006702372,2026-07-02 17:38:22.372,C3:00:00:63:4D:0A,-60,127,1.5,2.5,1.5
1783006702412,2026-07-02 17:38:22.412,C3:00:00:63:4D:09,-60,127,1.5,2.5,1.5
1783006702436,2026-07-02 17:38:22.436,C3:00:00:63:4D:04,-62,127,1.5,2.5,1.5
1783006702452,2026-07-02 17:38:22.452,C3:00:00:63:4D:07,-59,127,1.5,2.5,1.5
1783006702454,2026-07-02 17:38:22.454,C3:00:00:63:4D:0D,-55,127,1.5,2.5,1.5
1783006702458,2026-07-02 17:38:22.458,C3:00:00:63:4D:08,-56,127,1.5,2.5,1.5
1783006702471,2026-07-02 17:38:22.471,C3:00:00:63:4D:09,-68,127,1.5,2.5,1.5
1783006702483,2026-07-02 17:38:22.483,C3:00:00:63:4D:0A,-52,127,1.5,2.5,1.5
1783006702526,2026-07-02 17:38:22.526,C3:00:00:63:4D:09,-62,127,1.5,2.5,1.5
1783006702535,2026-07-02 17:38:22.535,C3:00:00:63:4D:04,-57,127,1.5,2.5,1.5
1783006702542,2026-07-02 17:38:22.542,C3:00:00:63:4C:D2,-64,127,1.5,2.5,1.5
1783006702555,2026-07-02 17:38:22.555,C3:00:00:63:4D:07,-56,127,1.5,2.5,1.5
1783006702586,2026-07-02 17:38:22.586,C3:00:00:63:4D:05,-58,127,1.5,2.5,1.5
1783006702595,2026-07-02 17:38:22.595,C3:00:00:63:4D:0A,-55,127,1.5,2.5,1.5
1783006702621,2026-07-02 17:38:22.621,C3:00:00:63:4D:08,-54,127,1.5,2.5,1.5
1783006702641,2026-07-02 17:38:22.641,C3:00:00:63:4D:04,-63,127,1.5,2.5,1.5
1783006702647,2026-07-02 17:38:22.647,C3:00:00:63:4D:09,-60,127,1.5,2.5,1.5
1783006702658,2026-07-02 17:38:22.658,C3:00:00:63:4C:D2,-62,127,1.5,2.5,1.5
1783006702661,2026-07-02 17:38:22.661,C3:00:00:63:4D:0D,-54,127,1.5,2.5,1.5
1783006702673,2026-07-02 17:38:22.673,C3:00:00:63:4D:07,-54,127,1.5,2.5,1.5
1783006702679,2026-07-02 17:38:22.679,C3:00:00:63:4D:08,-54,127,1.5,2.5,1.5
1783006702689,2026-07-02 17:38:22.689,C3:00:00:63:4D:05,-65,127,1.5,2.5,1.5
1783006702719,2026-07-02 17:38:22.719,C3:00:00:63:4D:0A,-52,127,1.5,2.5,1.5
1783006702752,2026-07-02 17:38:22.752,C3:00:00:63:4D:04,-62,127,1.5,2.5,1.5
1783006702763,2026-07-02 17:38:22.763,C3:00:00:63:4D:09,-68,127,1.5,2.5,1.5
1783006702769,2026-07-02 17:38:22.769,C3:00:00:63:4D:08,-64,127,1.5,2.5,1.5
1783006702814,2026-07-02 17:38:22.814,C3:00:00:63:4D:05,-67,127,1.5,2.5,1.5
1783006702854,2026-07-02 17:38:22.854,C3:00:00:63:4D:04,-58,127,1.5,2.5,1.5
1783006702880,2026-07-02 17:38:22.880,C3:00:00:63:4D:0D,-60,127,1.5,2.5,1.5
1783006702886,2026-07-02 17:38:22.886,C3:00:00:63:4C:D2,-64,127,1.5,2.5,1.5
1783006702894,2026-07-02 17:38:22.894,C3:00:00:63:4D:09,-63,127,1.5,2.5,1.5
1783006702898,2026-07-02 17:38:22.898,C3:00:00:63:4D:08,-60,127,1.5,2.5,1.5
1783006702906,2026-07-02 17:38:22.906,C3:00:00:63:4D:07,-56,127,1.5,2.5,1.5
1783006702913,2026-07-02 17:38:22.913,C3:00:00:63:4D:05,-65,127,1.5,2.5,1.5
1783006702930,2026-07-02 17:38:22.930,C3:00:00:63:4D:0A,-60,127,1.5,2.5,1.5
1783006702937,2026-07-02 17:38:22.937,C3:00:00:63:4D:05,-65,127,1.5,2.5,1.5
1783006702970,2026-07-02 17:38:22.970,C3:00:00:63:4D:04,-63,127,1.5,2.5,1.5
1783006702976,2026-07-02 17:38:22.976,C3:00:00:63:4D:0D,-54,127,1.5,2.5,1.5
1783006702989,2026-07-02 17:38:22.989,C3:00:00:63:4D:09,-60,127,1.5,2.5,1.5
1783006702998,2026-07-02 17:38:22.998,C3:00:00:63:4D:08,-54,127,1.5,2.5,1.5
1783006703010,2026-07-02 17:38:23.010,C3:00:00:63:4C:D2,-62,127,1.5,2.5,1.5
1783006703016,2026-07-02 17:38:23.016,C3:00:00:63:4D:0D,-54,127,1.5,2.5,1.5
1783006703023,2026-07-02 17:38:23.023,C3:00:00:63:4D:07,-60,127,1.5,2.5,1.5
1783006703031,2026-07-02 17:38:23.031,C3:00:00:63:4D:0D,-55,127,1.5,2.5,1.5
1783006703033,2026-07-02 17:38:23.033,C3:00:00:63:4D:05,-67,127,1.5,2.5,1.5
1783006703040,2026-07-02 17:38:23.040,C3:00:00:63:4D:0A,-52,127,1.5,2.5,1.5
1783006703106,2026-07-02 17:38:23.106,C3:00:00:63:4D:05,-68,127,1.5,2.5,1.5
1783006703115,2026-07-02 17:38:23.115,C3:00:00:63:4D:08,-56,127,1.5,2.5,1.5
1783006703121,2026-07-02 17:38:23.121,C3:00:00:63:4C:D2,-72,127,1.5,2.5,1.5
1783006703141,2026-07-02 17:38:23.141,C3:00:00:63:4D:07,-56,127,1.5,2.5,1.5
1783006703149,2026-07-02 17:38:23.149,C3:00:00:63:4D:05,-58,127,1.5,2.5,1.5
1783006703162,2026-07-02 17:38:23.162,C3:00:00:63:4D:0A,-55,127,1.5,2.5,1.5
1783006703183,2026-07-02 17:38:23.183,C3:00:00:63:4D:0D,-60,127,1.5,2.5,1.5
1783006703187,2026-07-02 17:38:23.187,C3:00:00:63:4D:04,-57,127,1.5,2.5,1.5
1783006703218,2026-07-02 17:38:23.218,C3:00:00:63:4D:08,-54,127,1.5,2.5,1.5
1783006703235,2026-07-02 17:38:23.235,C3:00:00:63:4C:D2,-62,127,1.5,2.5,1.5
1783006703248,2026-07-02 17:38:23.248,C3:00:00:63:4D:07,-54,127,1.5,2.5,1.5
1783006703270,2026-07-02 17:38:23.270,C3:00:00:63:4D:04,-63,127,1.5,2.5,1.5
1783006703279,2026-07-02 17:38:23.279,C3:00:00:63:4D:0A,-60,127,1.5,2.5,1.5
1783006703288,2026-07-02 17:38:23.288,C3:00:00:63:4D:0D,-54,127,1.5,2.5,1.5
1783006703292,2026-07-02 17:38:23.292,C3:00:00:63:4D:09,-60,127,1.5,2.5,1.5
1783006703299,2026-07-02 17:38:23.299,C3:00:00:63:4D:04,-63,127,1.5,2.5,1.5
1783006703328,2026-07-02 17:38:23.328,C3:00:00:63:4D:08,-56,127,1.5,2.5,1.5
1783006703348,2026-07-02 17:38:23.348,C3:00:00:63:4C:D2,-72,127,1.5,2.5,1.5
1783006703354,2026-07-02 17:38:23.354,C3:00:00:63:4D:0A,-52,127,1.5,2.5,1.5
1783006703387,2026-07-02 17:38:23.387,C3:00:00:63:4D:05,-67,127,1.5,2.5,1.5
1783006703394,2026-07-02 17:38:23.394,C3:00:00:63:4D:0A,-52,127,1.5,2.5,1.5
1783006703400,2026-07-02 17:38:23.400,C3:00:00:63:4D:0D,-55,127,1.5,2.5,1.5
1783006703406,2026-07-02 17:38:23.406,C3:00:00:63:4D:04,-62,127,1.5,2.5,1.5
1783006703431,2026-07-02 17:38:23.431,C3:00:00:63:4D:08,-59,127,1.5,2.5,1.5
1783006703439,2026-07-02 17:38:23.439,C3:00:00:63:4D:09,-62,127,1.5,2.5,1.5
1783006703461,2026-07-02 17:38:23.461,C3:00:00:63:4C:D2,-64,127,1.5,2.5,1.5
1783006703476,2026-07-02 17:38:23.476,C3:00:00:63:4D:07,-58,127,1.5,2.5,1.5
1783006703503,2026-07-02 17:38:23.503,C3:00:00:63:4D:0A,-55,127,1.5,2.5,1.5
1783006703510,2026-07-02 17:38:23.510,C3:00:00:63:4D:0D,-60,127,1.5,2.5,1.5
1783006703525,2026-07-02 17:38:23.525,C3:00:00:63:4D:04,-57,127,1.5,2.5,1.5
1783006703539,2026-07-02 17:38:23.539,C3:00:00:63:4D:08,-54,127,1.5,2.5,1.5
1783006703554,2026-07-02 17:38:23.554,C3:00:00:63:4D:09,-60,127,1.5,2.5,1.5
1783006703572,2026-07-02 17:38:23.572,C3:00:00:63:4C:D2,-62,127,1.5,2.5,1.5
1783006703580,2026-07-02 17:38:23.580,C3:00:00:63:4D:04,-71,127,1.5,2.5,1.5
1783006703613,2026-07-02 17:38:23.613,C3:00:00:63:4D:05,-65,127,1.5,2.5,1.5
1783006703620,2026-07-02 17:38:23.620,C3:00:00:63:4D:0A,-52,127,1.5,2.5,1.5
1783006703623,2026-07-02 17:38:23.623,C3:00:00:63:4D:04,-62,127,1.5,2.5,1.5
1783006703660,2026-07-02 17:38:23.660,C3:00:00:63:4D:08,-56,127,1.5,2.5,1.5
1783006703674,2026-07-02 17:38:23.674,C3:00:00:63:4D:09,-68,127,1.5,2.5,1.5
1783006703695,2026-07-02 17:38:23.695,C3:00:00:63:4C:D2,-72,127,1.5,2.5,1.5
1783006703710,2026-07-02 17:38:23.710,C3:00:00:63:4D:0D,-55,127,1.5,2.5,1.5
1783006703725,2026-07-02 17:38:23.725,C3:00:00:63:4D:0A,-55,127,1.5,2.5,1.5
1783006703739,2026-07-02 17:38:23.739,C3:00:00:63:4D:04,-58,127,1.5,2.5,1.5
1783006703756,2026-07-02 17:38:23.756,C3:00:00:63:4D:08,-59,127,1.5,2.5,1.5
1783006703762,2026-07-02 17:38:23.762,C3:00:00:63:4D:04,-58,127,1.5,2.5,1.5
1783006703779,2026-07-02 17:38:23.779,C3:00:00:63:4D:09,-62,127,1.5,2.5,1.5
1783006703806,2026-07-02 17:38:23.806,C3:00:00:63:4C:D2,-64,127,1.5,2.5,1.5
1783006703821,2026-07-02 17:38:23.821,C3:00:00:63:4D:0D,-54,127,1.5,2.5,1.5
1783006703823,2026-07-02 17:38:23.823,C3:00:00:63:4D:07,-54,127,1.5,2.5,1.5
1783006703836,2026-07-02 17:38:23.836,C3:00:00:63:4D:0A,-60,127,1.5,2.5,1.5
1783006703869,2026-07-02 17:38:23.869,C3:00:00:63:4D:08,-54,127,1.5,2.5,1.5
1783006703880,2026-07-02 17:38:23.880,C3:00:00:63:4C:D2,-63,127,1.5,2.5,1.5
1783006703895,2026-07-02 17:38:23.895,C3:00:00:63:4D:08,-54,127,1.5,2.5,1.5
1783006703899,2026-07-02 17:38:23.899,C3:00:00:63:4D:09,-60,127,1.5,2.5,1.5
1783006703924,2026-07-02 17:38:23.924,C3:00:00:63:4D:0D,-55,127,1.5,2.5,1.5
1783006703943,2026-07-02 17:38:23.943,C3:00:00:63:4D:07,-60,127,1.5,2.5,1.5
1783006703949,2026-07-02 17:38:23.949,C3:00:00:63:4D:04,-62,127,1.5,2.5,1.5
1783006703954,2026-07-02 17:38:23.954,C3:00:00:63:4D:0A,-51,127,1.5,2.5,1.5
1783006703962,2026-07-02 17:38:23.962,C3:00:00:63:4D:05,-67,127,1.5,2.5,1.5
1783006703968,2026-07-02 17:38:23.968,C3:00:00:63:4C:D2,-73,127,1.5,2.5,1.5
1783006703972,2026-07-02 17:38:23.972,C3:00:00:63:4D:0A,-52,127,1.5,2.5,1.5
1783006703981,2026-07-02 17:38:23.981,C3:00:00:63:4D:08,-56,127,1.5,2.5,1.5
1783006704005,2026-07-02 17:38:24.005,C3:00:00:63:4D:09,-67,127,1.5,2.5,1.5
1783006704026,2026-07-02 17:38:24.026,C3:00:00:63:4D:0D,-61,127,1.5,2.5,1.5
1783006704032,2026-07-02 17:38:24.032,C3:00:00:63:4C:D2,-66,127,1.5,2.5,1.5
1783006704047,2026-07-02 17:38:24.047,C3:00:00:63:4D:0D,-69,127,1.5,2.5,1.5
1783006704065,2026-07-02 17:38:24.065,C3:00:00:63:4D:0A,-55,127,1.5,2.5,1.5
1783006704079,2026-07-02 17:38:24.079,C3:00:00:63:4D:05,-58,127,1.5,2.5,1.5
1783006704115,2026-07-02 17:38:24.115,C3:00:00:63:4D:0A,-63,127,1.5,2.5,1.5
1783006704132,2026-07-02 17:38:24.132,C3:00:00:63:4D:09,-60,127,1.5,2.5,1.5
1783006704134,2026-07-02 17:38:24.134,C3:00:00:63:4D:0D,-54,127,1.5,2.5,1.5
1783006704146,2026-07-02 17:38:24.146,C3:00:00:63:4D:07,-54,127,1.5,2.5,1.5
1783006704177,2026-07-02 17:38:24.177,C3:00:00:63:4D:07,-54,127,1.5,2.5,1.5
1783006704183,2026-07-02 17:38:24.183,C3:00:00:63:4D:0A,-60,127,1.5,2.5,1.5
1783006704187,2026-07-02 17:38:24.187,C3:00:00:63:4D:05,-63,127,1.5,2.5,1.5
1783006704198,2026-07-02 17:38:24.198,C3:00:00:63:4D:08,-54,127,1.5,2.5,1.5
1783006704239,2026-07-02 17:38:24.239,C3:00:00:63:4D:0D,-54,127,1.5,2.5,1.5
1783006704243,2026-07-02 17:38:24.243,C3:00:00:63:4D:09,-64,127,1.5,2.5,1.5
1783006704268,2026-07-02 17:38:24.268,C3:00:00:63:4C:D2,-70,127,1.5,2.5,1.5
1783006704280,2026-07-02 17:38:24.280,C3:00:00:63:4D:04,-62,127,1.5,2.5,1.5
1783006704290,2026-07-02 17:38:24.290,C3:00:00:63:4D:07,-60,127,1.5,2.5,1.5
1783006704298,2026-07-02 17:38:24.298,C3:00:00:63:4D:05,-67,127,1.5,2.5,1.5
1783006704312,2026-07-02 17:38:24.312,C3:00:00:63:4D:08,-56,127,1.5,2.5,1.5
1783006704343,2026-07-02 17:38:24.343,C3:00:00:63:4D:0D,-60,127,1.5,2.5,1.5
1783006704418,2026-07-02 17:38:24.418,C3:00:00:63:4D:05,-58,127,1.5,2.5,1.5
1783006704424,2026-07-02 17:38:24.424,C3:00:00:63:4D:08,-54,127,1.5,2.5,1.5
1783006704450,2026-07-02 17:38:24.450,C3:00:00:63:4D:0D,-54,127,1.5,2.5,1.5
1783006704471,2026-07-02 17:38:24.471,C3:00:00:63:4D:09,-60,127,1.5,2.5,1.5
1783006704493,2026-07-02 17:38:24.493,C3:00:00:63:4D:04,-63,127,1.5,2.5,1.5
1783006704501,2026-07-02 17:38:24.501,C3:00:00:63:4C:D2,-62,127,1.5,2.5,1.5
1783006704515,2026-07-02 17:38:24.515,C3:00:00:63:4D:07,-54,127,1.5,2.5,1.5
1783006704520,2026-07-02 17:38:24.520,C3:00:00:63:4C:D2,-79,127,1.5,2.5,1.5
1783006704523,2026-07-02 17:38:24.523,C3:00:00:63:4D:0A,-52,127,1.5,2.5,1.5
1783006704536,2026-07-02 17:38:24.536,C3:00:00:63:4D:05,-67,127,1.5,2.5,1.5
1783006704550,2026-07-02 17:38:24.550,C3:00:00:63:4D:0D,-55,127,1.5,2.5,1.5
1783006704576,2026-07-02 17:38:24.576,C3:00:00:63:4D:09,-68,127,1.5,2.5,1.5
1783006704609,2026-07-02 17:38:24.609,C3:00:00:63:4C:D2,-72,127,1.5,2.5,1.5
1783006704636,2026-07-02 17:38:24.636,C3:00:00:63:4D:0A,-55,127,1.5,2.5,1.5
1783006704693,2026-07-02 17:38:24.693,C3:00:00:63:4D:09,-62,127,1.5,2.5,1.5
1783006704716,2026-07-02 17:38:24.716,C3:00:00:63:4D:04,-57,127,1.5,2.5,1.5
1783006704719,2026-07-02 17:38:24.719,C3:00:00:63:4D:09,-70,127,1.5,2.5,1.5
1783006704727,2026-07-02 17:38:24.727,C3:00:00:63:4C:D2,-62,127,1.5,2.5,1.5
1783006704740,2026-07-02 17:38:24.740,C3:00:00:63:4D:08,-54,127,1.5,2.5,1.5
1783006704748,2026-07-02 17:38:24.748,C3:00:00:63:4D:07,-54,127,1.5,2.5,1.5
1783006704761,2026-07-02 17:38:24.761,C3:00:00:63:4D:05,-64,127,1.5,2.5,1.5
1783006704764,2026-07-02 17:38:24.764,C3:00:00:63:4D:0D,-54,127,1.5,2.5,1.5
1783006704808,2026-07-02 17:38:24.808,C3:00:00:63:4D:09,-60,127,1.5,2.5,1.5
1783006704821,2026-07-02 17:38:24.821,C3:00:00:63:4D:04,-62,127,1.5,2.5,1.5
1783006704846,2026-07-02 17:38:24.846,C3:00:00:63:4C:D2,-72,127,1.5,2.5,1.5
1783006704849,2026-07-02 17:38:24.849,C3:00:00:63:4D:0A,-52,127,1.5,2.5,1.5
1783006704853,2026-07-02 17:38:24.853,C3:00:00:63:4D:08,-56,127,1.5,2.5,1.5
1783006704861,2026-07-02 17:38:24.861,C3:00:00:63:4D:07,-60,127,1.5,2.5,1.5
1783006704876,2026-07-02 17:38:24.876,C3:00:00:63:4D:09,-68,127,1.5,2.5,1.5
1783006704884,2026-07-02 17:38:24.884,C3:00:00:63:4D:05,-67,127,1.5,2.5,1.5
1783006704920,2026-07-02 17:38:24.920,C3:00:00:63:4D:09,-62,127,1.5,2.5,1.5
1783006704925,2026-07-02 17:38:24.925,C3:00:00:63:4D:04,-57,127,1.5,2.5,1.5
1783006704931,2026-07-02 17:38:24.931,C3:00:00:63:4D:07,-57,127,1.5,2.5,1.5
1783006704956,2026-07-02 17:38:24.956,C3:00:00:63:4D:08,-59,127,1.5,2.5,1.5
1783006704976,2026-07-02 17:38:24.976,C3:00:00:63:4D:0D,-60,127,1.5,2.5,1.5
1783006704987,2026-07-02 17:38:24.987,C3:00:00:63:4D:05,-58,127,1.5,2.5,1.5
1783006705008,2026-07-02 17:38:25.008,C3:00:00:63:4D:05,-58,127,1.5,2.5,1.5
1783006705019,2026-07-02 17:38:25.019,C3:00:00:63:4D:0D,-54,127,1.5,2.5,1.5
1783006705032,2026-07-02 17:38:25.032,C3:00:00:63:4D:04,-64,127,1.5,2.5,1.5
1783006705037,2026-07-02 17:38:25.037,C3:00:00:63:4D:09,-60,127,1.5,2.5,1.5
1783006705043,2026-07-02 17:38:25.043,C3:00:00:63:4D:0D,-54,127,1.5,2.5,1.5
1783006705069,2026-07-02 17:38:25.069,C3:00:00:63:4C:D2,-62,127,1.5,2.5,1.5
1783006705075,2026-07-02 17:38:25.075,C3:00:00:63:4D:0D,-54,127,1.5,2.5,1.5
1783006705087,2026-07-02 17:38:25.087,C3:00:00:63:4D:0A,-60,127,1.5,2.5,1.5
1783006705090,2026-07-02 17:38:25.090,C3:00:00:63:4D:07,-54,127,1.5,2.5,1.5
1783006705101,2026-07-02 17:38:25.101,C3:00:00:63:4D:05,-64,127,1.5,2.5,1.5
1783006705132,2026-07-02 17:38:25.132,C3:00:00:63:4D:05,-67,127,1.5,2.5,1.5
1783006705152,2026-07-02 17:38:25.152,C3:00:00:63:4D:04,-62,127,1.5,2.5,1.5
1783006705160,2026-07-02 17:38:25.160,C3:00:00:63:4D:09,-68,127,1.5,2.5,1.5
1783006705178,2026-07-02 17:38:25.178,C3:00:00:63:4D:08,-56,127,1.5,2.5,1.5
1783006705183,2026-07-02 17:38:25.183,C3:00:00:63:4D:0D,-55,127,1.5,2.5,1.5
1783006705187,2026-07-02 17:38:25.187,C3:00:00:63:4C:D2,-72,127,1.5,2.5,1.5
1783006705201,2026-07-02 17:38:25.201,C3:00:00:63:4D:0A,-52,127,1.5,2.5,1.5
1783006705203,2026-07-02 17:38:25.203,C3:00:00:63:4D:07,-60,127,1.5,2.5,1.5
1783006705219,2026-07-02 17:38:25.219,C3:00:00:63:4D:05,-58,127,1.5,2.5,1.5
1783006705255,2026-07-02 17:38:25.255,C3:00:00:63:4D:04,-57,127,1.5,2.5,1.5
1783006705270,2026-07-02 17:38:25.270,C3:00:00:63:4D:09,-62,127,1.5,2.5,1.5
1783006705287,2026-07-02 17:38:25.287,C3:00:00:63:4D:08,-59,127,1.5,2.5,1.5
1783006705303,2026-07-02 17:38:25.303,C3:00:00:63:4D:0D,-60,127,1.5,2.5,1.5
1783006705306,2026-07-02 17:38:25.306,C3:00:00:63:4C:D2,-64,127,1.5,2.5,1.5
1783006705311,2026-07-02 17:38:25.311,C3:00:00:63:4D:09,-63,127,1.5,2.5,1.5
1783006705314,2026-07-02 17:38:25.314,C3:00:00:63:4D:0A,-56,127,1.5,2.5,1.5
1783006705320,2026-07-02 17:38:25.320,C3:00:00:63:4D:07,-54,127,1.5,2.5,1.5
1783006705337,2026-07-02 17:38:25.337,C3:00:00:63:4D:05,-63,127,1.5,2.5,1.5
1783006705361,2026-07-02 17:38:25.361,C3:00:00:63:4D:0A,-60,127,1.5,2.5,1.5
1783006705367,2026-07-02 17:38:25.367,C3:00:00:63:4D:04,-62,127,1.5,2.5,1.5
1783006705378,2026-07-02 17:38:25.378,C3:00:00:63:4D:09,-60,127,1.5,2.5,1.5
1783006705381,2026-07-02 17:38:25.381,C3:00:00:63:4D:07,-60,127,1.5,2.5,1.5
1783006705393,2026-07-02 17:38:25.393,C3:00:00:63:4D:0D,-54,127,1.5,2.5,1.5
1783006705420,2026-07-02 17:38:25.420,C3:00:00:63:4C:D2,-70,127,1.5,2.5,1.5
1783006705426,2026-07-02 17:38:25.426,C3:00:00:63:4D:0A,-52,127,1.5,2.5,1.5
1783006705434,2026-07-02 17:38:25.434,C3:00:00:63:4D:07,-58,127,1.5,2.5,1.5
1783006705437,2026-07-02 17:38:25.437,C3:00:00:63:4C:D2,-71,127,1.5,2.5,1.5
1783006705479,2026-07-02 17:38:25.479,C3:00:00:63:4D:04,-61,127,1.5,2.5,1.5
1783006705500,2026-07-02 17:38:25.500,C3:00:00:63:4D:09,-64,127,1.5,2.5,1.5
1783006705514,2026-07-02 17:38:25.514,C3:00:00:63:4D:0D,-54,127,1.5,2.5,1.5
1783006705517,2026-07-02 17:38:25.517,C3:00:00:63:4D:08,-56,127,1.5,2.5,1.5
1783006705550,2026-07-02 17:38:25.550,C3:00:00:63:4D:07,-57,127,1.5,2.5,1.5
1783006705570,2026-07-02 17:38:25.570,C3:00:00:63:4D:05,-58,127,1.5,2.5,1.5
1783006705593,2026-07-02 17:38:25.593,C3:00:00:63:4D:04,-57,127,1.5,2.5,1.5
1783006705602,2026-07-02 17:38:25.602,C3:00:00:63:4D:0D,-60,127,1.5,2.5,1.5
1783006705614,2026-07-02 17:38:25.614,C3:00:00:63:4D:09,-62,127,1.5,2.5,1.5
1783006705621,2026-07-02 17:38:25.621,C3:00:00:63:4D:08,-54,127,1.5,2.5,1.5
1783006705643,2026-07-02 17:38:25.643,C3:00:00:63:4C:D2,-62,127,1.5,2.5,1.5
1783006705651,2026-07-02 17:38:25.651,C3:00:00:63:4D:0A,-60,127,1.5,2.5,1.5
1783006705661,2026-07-02 17:38:25.661,C3:00:00:63:4D:07,-54,127,1.5,2.5,1.5
1783006705685,2026-07-02 17:38:25.685,C3:00:00:63:4D:05,-64,127,1.5,2.5,1.5
1783006705696,2026-07-02 17:38:25.696,C3:00:00:63:4D:04,-63,127,1.5,2.5,1.5
1783006705716,2026-07-02 17:38:25.716,C3:00:00:63:4D:0D,-54,127,1.5,2.5,1.5
1783006705727,2026-07-02 17:38:25.727,C3:00:00:63:4D:09,-67,127,1.5,2.5,1.5
1783006705730,2026-07-02 17:38:25.730,C3:00:00:63:4D:08,-56,127,1.5,2.5,1.5
1783006705749,2026-07-02 17:38:25.749,C3:00:00:63:4D:04,-62,127,1.5,2.5,1.5
1783006705762,2026-07-02 17:38:25.762,C3:00:00:63:4C:D2,-72,127,1.5,2.5,1.5
1783006705765,2026-07-02 17:38:25.765,C3:00:00:63:4D:0A,-52,127,1.5,2.5,1.5
1783006705779,2026-07-02 17:38:25.779,C3:00:00:63:4D:04,-63,127,1.5,2.5,1.5
1783006705781,2026-07-02 17:38:25.781,C3:00:00:63:4D:07,-60,127,1.5,2.5,1.5
1783006705799,2026-07-02 17:38:25.799,C3:00:00:63:4D:05,-67,127,1.5,2.5,1.5
1783006705804,2026-07-02 17:38:25.804,C3:00:00:63:4D:04,-62,127,1.5,2.5,1.5
1783006705829,2026-07-02 17:38:25.829,C3:00:00:63:4D:08,-60,127,1.5,2.5,1.5
1783006705832,2026-07-02 17:38:25.832,C3:00:00:63:4D:09,-62,127,1.5,2.5,1.5
1783006705876,2026-07-02 17:38:25.876,C3:00:00:63:4D:0A,-55,127,1.5,2.5,1.5
1783006705883,2026-07-02 17:38:25.883,C3:00:00:63:4C:D2,-64,127,1.5,2.5,1.5
1783006705889,2026-07-02 17:38:25.889,C3:00:00:63:4D:08,-60,127,1.5,2.5,1.5
1783006705895,2026-07-02 17:38:25.895,C3:00:00:63:4D:07,-56,127,1.5,2.5,1.5
1783006705898,2026-07-02 17:38:25.898,C3:00:00:63:4D:0D,-61,127,1.5,2.5,1.5
1783006705911,2026-07-02 17:38:25.911,C3:00:00:63:4D:04,-57,127,1.5,2.5,1.5
1783006705914,2026-07-02 17:38:25.914,C3:00:00:63:4D:05,-58,127,1.5,2.5,1.5
1783006705920,2026-07-02 17:38:25.920,C3:00:00:63:4D:0D,-54,127,1.5,2.5,1.5
1783006705938,2026-07-02 17:38:25.938,C3:00:00:63:4D:08,-54,127,1.5,2.5,1.5
1783006705945,2026-07-02 17:38:25.945,C3:00:00:63:4D:09,-60,127,1.5,2.5,1.5
1783006705981,2026-07-02 17:38:25.981,C3:00:00:63:4C:D2,-62,127,1.5,2.5,1.5
1783006705987,2026-07-02 17:38:25.987,C3:00:00:63:4D:0A,-60,127,1.5,2.5,1.5
1783006705997,2026-07-02 17:38:25.997,C3:00:00:63:4C:D2,-62,127,1.5,2.5,1.5
1783006706016,2026-07-02 17:38:26.016,C3:00:00:63:4D:04,-61,127,1.5,2.5,1.5
1783006706056,2026-07-02 17:38:26.056,C3:00:00:63:4D:08,-56,127,1.5,2.5,1.5
1783006706062,2026-07-02 17:38:26.062,C3:00:00:63:4D:09,-64,127,1.5,2.5,1.5
1783006706101,2026-07-02 17:38:26.101,C3:00:00:63:4D:0A,-52,127,1.5,2.5,1.5
1783006706109,2026-07-02 17:38:26.109,C3:00:00:63:4C:D2,-70,127,1.5,2.5,1.5
1783006706131,2026-07-02 17:38:26.131,C3:00:00:63:4D:04,-58,127,1.5,2.5,1.5
1783006706137,2026-07-02 17:38:26.137,C3:00:00:63:4D:05,-58,127,1.5,2.5,1.5
1783006706156,2026-07-02 17:38:26.156,C3:00:00:63:4D:07,-58,127,1.5,2.5,1.5
1783006706163,2026-07-02 17:38:26.163,C3:00:00:63:4D:08,-62,127,1.5,2.5,1.5
1783006706170,2026-07-02 17:38:26.170,C3:00:00:63:4D:07,-58,127,1.5,2.5,1.5
1783006706178,2026-07-02 17:38:26.178,C3:00:00:63:4D:09,-62,127,1.5,2.5,1.5
1783006706213,2026-07-02 17:38:26.213,C3:00:00:63:4D:0A,-55,127,1.5,2.5,1.5
1783006706217,2026-07-02 17:38:26.217,C3:00:00:63:4C:D2,-62,127,1.5,2.5,1.5
1783006706227,2026-07-02 17:38:26.227,C3:00:00:63:4D:0D,-54,127,1.5,2.5,1.5
1783006706232,2026-07-02 17:38:26.232,C3:00:00:63:4D:04,-62,127,1.5,2.5,1.5
1783006706243,2026-07-02 17:38:26.243,C3:00:00:63:4D:07,-54,127,1.5,2.5,1.5
1783006706263,2026-07-02 17:38:26.263,C3:00:00:63:4D:05,-63,127,1.5,2.5,1.5
1783006706276,2026-07-02 17:38:26.276,C3:00:00:63:4D:08,-54,127,1.5,2.5,1.5
1783006706287,2026-07-02 17:38:26.287,C3:00:00:63:4D:09,-60,127,1.5,2.5,1.5
1783006706335,2026-07-02 17:38:26.335,C3:00:00:63:4D:0D,-54,127,1.5,2.5,1.5
1783006706354,2026-07-02 17:38:26.354,C3:00:00:63:4D:04,-61,127,1.5,2.5,1.5
1783006706361,2026-07-02 17:38:26.361,C3:00:00:63:4D:07,-57,127,1.5,2.5,1.5
1783006706378,2026-07-02 17:38:26.378,C3:00:00:63:4D:08,-56,127,1.5,2.5,1.5
1783006706380,2026-07-02 17:38:26.380,C3:00:00:63:4D:05,-65,127,1.5,2.5,1.5
1783006706410,2026-07-02 17:38:26.410,C3:00:00:63:4D:09,-64,127,1.5,2.5,1.5
1783006706437,2026-07-02 17:38:26.437,C3:00:00:63:4D:0A,-56,127,1.5,2.5,1.5
1783006706442,2026-07-02 17:38:26.442,C3:00:00:63:4D:0D,-61,127,1.5,2.5,1.5
1783006706451,2026-07-02 17:38:26.451,C3:00:00:63:4C:D2,-66,127,1.5,2.5,1.5
1783006706454,2026-07-02 17:38:26.454,C3:00:00:63:4D:04,-58,127,1.5,2.5,1.5
1783006706462,2026-07-02 17:38:26.462,C3:00:00:63:4D:07,-58,127,1.5,2.5,1.5
1783006706477,2026-07-02 17:38:26.477,C3:00:00:63:4D:09,-62,127,1.5,2.5,1.5
1783006706483,2026-07-02 17:38:26.483,C3:00:00:63:4D:08,-62,127,1.5,2.5,1.5
1783006706488,2026-07-02 17:38:26.488,C3:00:00:63:4D:05,-58,127,1.5,2.5,1.5
1783006706517,2026-07-02 17:38:26.517,C3:00:00:63:4D:09,-59,127,1.5,2.5,1.5
1783006706551,2026-07-02 17:38:26.551,C3:00:00:63:4D:0D,-54,127,1.5,2.5,1.5
1783006706560,2026-07-02 17:38:26.560,C3:00:00:63:4D:0A,-60,127,1.5,2.5,1.5
1783006706574,2026-07-02 17:38:26.574,C3:00:00:63:4D:04,-64,127,1.5,2.5,1.5
1783006706582,2026-07-02 17:38:26.582,C3:00:00:63:4C:D2,-62,127,1.5,2.5,1.5
1783006706585,2026-07-02 17:38:26.585,C3:00:00:63:4D:07,-54,127,1.5,2.5,1.5
1783006706595,2026-07-02 17:38:26.595,C3:00:00:63:4D:08,-54,127,1.5,2.5,1.5
1783006706599,2026-07-02 17:38:26.599,C3:00:00:63:4D:05,-65,127,1.5,2.5,1.5
1783006706630,2026-07-02 17:38:26.630,C3:00:00:63:4D:09,-67,127,1.5,2.5,1.5
1783006706659,2026-07-02 17:38:26.659,C3:00:00:63:4D:0D,-55,127,1.5,2.5,1.5
1783006706664,2026-07-02 17:38:26.664,C3:00:00:63:4D:0A,-52,127,1.5,2.5,1.5
1783006706682,2026-07-02 17:38:26.682,C3:00:00:63:4C:D2,-72,127,1.5,2.5,1.5
1783006706697,2026-07-02 17:38:26.697,C3:00:00:63:4D:07,-60,127,1.5,2.5,1.5
1783006706721,2026-07-02 17:38:26.721,C3:00:00:63:4D:05,-58,127,1.5,2.5,1.5
1783006706743,2026-07-02 17:38:26.743,C3:00:00:63:4D:08,-59,127,1.5,2.5,1.5
1783006706748,2026-07-02 17:38:26.748,C3:00:00:63:4D:09,-62,127,1.5,2.5,1.5
1783006706761,2026-07-02 17:38:26.761,C3:00:00:63:4D:08,-67,127,1.5,2.5,1.5
1783006706779,2026-07-02 17:38:26.779,C3:00:00:63:4D:0A,-55,127,1.5,2.5,1.5
1783006706785,2026-07-02 17:38:26.785,C3:00:00:63:4D:04,-57,127,1.5,2.5,1.5
1783006706796,2026-07-02 17:38:26.796,C3:00:00:63:4C:D2,-64,127,1.5,2.5,1.5
1783006706834,2026-07-02 17:38:26.834,C3:00:00:63:4D:05,-65,127,1.5,2.5,1.5
1783006706867,2026-07-02 17:38:26.867,C3:00:00:63:4D:0D,-54,127,1.5,2.5,1.5
1783006706894,2026-07-02 17:38:26.894,C3:00:00:63:4D:09,-60,127,1.5,2.5,1.5
1783006706937,2026-07-02 17:38:26.937,C3:00:00:63:4D:07,-59,127,1.5,2.5,1.5
1783006706951,2026-07-02 17:38:26.951,C3:00:00:63:4D:05,-67,127,1.5,2.5,1.5
1783006706954,2026-07-02 17:38:26.954,C3:00:00:63:4D:07,-59,127,1.5,2.5,1.5
1783006706970,2026-07-02 17:38:26.970,C3:00:00:63:4D:0D,-55,127,1.5,2.5,1.5
1783006706983,2026-07-02 17:38:26.983,C3:00:00:63:4D:09,-67,127,1.5,2.5,1.5
1783006706995,2026-07-02 17:38:26.995,C3:00:00:63:4D:04,-62,127,1.5,2.5,1.5
1783006707031,2026-07-02 17:38:27.031,C3:00:00:63:4C:D2,-64,127,1.5,2.5,1.5
1783006707045,2026-07-02 17:38:27.045,C3:00:00:63:4D:07,-56,127,1.5,2.5,1.5
1783006707051,2026-07-02 17:38:27.051,C3:00:00:63:4D:0D,-61,127,1.5,2.5,1.5
1783006707059,2026-07-02 17:38:27.059,C3:00:00:63:4D:05,-58,127,1.5,2.5,1.5
1783006707069,2026-07-02 17:38:27.069,C3:00:00:63:4D:0D,-60,127,1.5,2.5,1.5
1783006707087,2026-07-02 17:38:27.087,C3:00:00:63:4D:09,-63,127,1.5,2.5,1.5
1783006707105,2026-07-02 17:38:27.105,C3:00:00:63:4D:05,-58,127,1.5,2.5,1.5
1783006707110,2026-07-02 17:38:27.110,C3:00:00:63:4D:04,-57,127,1.5,2.5,1.5
1783006707120,2026-07-02 17:38:27.120,C3:00:00:63:4D:0A,-60,127,1.5,2.5,1.5
1783006707147,2026-07-02 17:38:27.147,C3:00:00:63:4D:08,-53,127,1.5,2.5,1.5
1783006707153,2026-07-02 17:38:27.153,C3:00:00:63:4D:07,-54,127,1.5,2.5,1.5
1783006707178,2026-07-02 17:38:27.178,C3:00:00:63:4D:0D,-54,127,1.5,2.5,1.5
1783006707184,2026-07-02 17:38:27.184,C3:00:00:63:4D:05,-65,127,1.5,2.5,1.5
1783006707200,2026-07-02 17:38:27.200,C3:00:00:63:4D:09,-60,127,1.5,2.5,1.5
1783006707226,2026-07-02 17:38:27.226,C3:00:00:63:4D:04,-62,127,1.5,2.5,1.5
1783006707232,2026-07-02 17:38:27.232,C3:00:00:63:4D:0A,-51,127,1.5,2.5,1.5
1783006707248,2026-07-02 17:38:27.248,C3:00:00:63:4D:08,-56,127,1.5,2.5,1.5
1783006707255,2026-07-02 17:38:27.255,C3:00:00:63:4C:D2,-71,127,1.5,2.5,1.5
1783006707282,2026-07-02 17:38:27.282,C3:00:00:63:4D:07,-59,127,1.5,2.5,1.5
1783006707287,2026-07-02 17:38:27.287,C3:00:00:63:4D:0D,-55,127,1.5,2.5,1.5
1783006707296,2026-07-02 17:38:27.296,C3:00:00:63:4D:04,-62,127,1.5,2.5,1.5
1783006707302,2026-07-02 17:38:27.302,C3:00:00:63:4D:05,-66,127,1.5,2.5,1.5
1783006707307,2026-07-02 17:38:27.307,C3:00:00:63:4D:09,-68,127,1.5,2.5,1.5
1783006707329,2026-07-02 17:38:27.329,C3:00:00:63:4D:09,-63,127,1.5,2.5,1.5
1783006707345,2026-07-02 17:38:27.345,C3:00:00:63:4D:0A,-55,127,1.5,2.5,1.5
1783006707365,2026-07-02 17:38:27.365,C3:00:00:63:4D:08,-60,127,1.5,2.5,1.5
1783006707371,2026-07-02 17:38:27.371,C3:00:00:63:4D:0A,-55,127,1.5,2.5,1.5
1783006707378,2026-07-02 17:38:27.378,C3:00:00:63:4C:D2,-64,127,1.5,2.5,1.5
1783006707384,2026-07-02 17:38:27.384,C3:00:00:63:4D:0D,-60,127,1.5,2.5,1.5
1783006707410,2026-07-02 17:38:27.410,C3:00:00:63:4D:05,-58,127,1.5,2.5,1.5
1783006707461,2026-07-02 17:38:27.461,C3:00:00:63:4D:0A,-61,127,1.5,2.5,1.5
1783006707468,2026-07-02 17:38:27.468,C3:00:00:63:4D:08,-54,127,1.5,2.5,1.5
1783006707486,2026-07-02 17:38:27.486,C3:00:00:63:4C:D2,-62,127,1.5,2.5,1.5
1783006707492,2026-07-02 17:38:27.492,C3:00:00:63:4D:0D,-54,127,1.5,2.5,1.5
1783006707501,2026-07-02 17:38:27.501,C3:00:00:63:4D:07,-54,127,1.5,2.5,1.5
1783006707517,2026-07-02 17:38:27.517,C3:00:00:63:4D:05,-66,127,1.5,2.5,1.5
1783006707543,2026-07-02 17:38:27.543,C3:00:00:63:4D:04,-62,127,1.5,2.5,1.5
1783006707548,2026-07-02 17:38:27.548,C3:00:00:63:4D:09,-68,127,1.5,2.5,1.5
1783006707566,2026-07-02 17:38:27.566,C3:00:00:63:4D:0A,-52,127,1.5,2.5,1.5
1783006707572,2026-07-02 17:38:27.572,C3:00:00:63:4D:08,-56,127,1.5,2.5,1.5
1783006707589,2026-07-02 17:38:27.589,C3:00:00:63:4D:04,-69,127,1.5,2.5,1.5
1783006707600,2026-07-02 17:38:27.600,C3:00:00:63:4D:0D,-55,127,1.5,2.5,1.5
1783006707606,2026-07-02 17:38:27.606,C3:00:00:63:4C:D2,-72,127,1.5,2.5,1.5
1783006707617,2026-07-02 17:38:27.617,C3:00:00:63:4D:07,-57,127,1.5,2.5,1.5
1783006707633,2026-07-02 17:38:27.633,C3:00:00:63:4D:05,-58,127,1.5,2.5,1.5
1783006707654,2026-07-02 17:38:27.654,C3:00:00:63:4D:09,-63,127,1.5,2.5,1.5
1783006707662,2026-07-02 17:38:27.662,C3:00:00:63:4D:04,-57,127,1.5,2.5,1.5
1783006707677,2026-07-02 17:38:27.677,C3:00:00:63:4D:0A,-55,127,1.5,2.5,1.5
1783006707681,2026-07-02 17:38:27.681,C3:00:00:63:4D:08,-60,127,1.5,2.5,1.5
1783006707697,2026-07-02 17:38:27.697,C3:00:00:63:4D:0D,-59,127,1.5,2.5,1.5
1783006707723,2026-07-02 17:38:27.723,C3:00:00:63:4C:D2,-62,127,1.5,2.5,1.5
1783006707742,2026-07-02 17:38:27.742,C3:00:00:63:4D:07,-54,127,1.5,2.5,1.5
1783006707763,2026-07-02 17:38:27.763,C3:00:00:63:4D:05,-66,127,1.5,2.5,1.5
1783006707767,2026-07-02 17:38:27.767,C3:00:00:63:4D:04,-64,127,1.5,2.5,1.5
1783006707769,2026-07-02 17:38:27.769,C3:00:00:63:4D:09,-60,127,1.5,2.5,1.5
1783006707781,2026-07-02 17:38:27.781,C3:00:00:63:4D:04,-64,127,1.5,2.5,1.5
1783006707792,2026-07-02 17:38:27.792,C3:00:00:63:4D:08,-54,127,1.5,2.5,1.5
1783006707799,2026-07-02 17:38:27.799,C3:00:00:63:4D:0A,-61,127,1.5,2.5,1.5
1783006707802,2026-07-02 17:38:27.802,C3:00:00:63:4D:0D,-54,127,1.5,2.5,1.5
1783006707808,2026-07-02 17:38:27.808,C3:00:00:63:4D:04,-65,127,1.5,2.5,1.5
1783006707831,2026-07-02 17:38:27.831,C3:00:00:63:4C:D2,-71,127,1.5,2.5,1.5
1783006707865,2026-07-02 17:38:27.865,C3:00:00:63:4D:05,-64,127,1.5,2.5,1.5
1783006707878,2026-07-02 17:38:27.878,C3:00:00:63:4C:D2,-71,127,1.5,2.5,1.5
1783006707897,2026-07-02 17:38:27.897,C3:00:00:63:4D:08,-56,127,1.5,2.5,1.5
1783006707954,2026-07-02 17:38:27.954,C3:00:00:63:4D:0A,-56,127,1.5,2.5,1.5
1783006707986,2026-07-02 17:38:27.986,C3:00:00:63:4C:D2,-67,127,1.5,2.5,1.5
1783006708001,2026-07-02 17:38:28.001,C3:00:00:63:4D:05,-58,127,1.5,2.5,1.5
1783006708021,2026-07-02 17:38:28.021,C3:00:00:63:4D:0A,-60,127,1.5,2.5,1.5
1783006708053,2026-07-02 17:38:28.053,C3:00:00:63:4D:0D,-61,127,1.5,2.5,1.5
1783006708068,2026-07-02 17:38:28.068,C3:00:00:63:4C:D2,-62,127,1.5,2.5,1.5
1783006708093,2026-07-02 17:38:28.093,C3:00:00:63:4D:04,-63,127,1.5,2.5,1.5
1783006708096,2026-07-02 17:38:28.096,C3:00:00:63:4D:05,-64,127,1.5,2.5,1.5
1783006708115,2026-07-02 17:38:28.115,C3:00:00:63:4D:09,-65,127,1.5,2.5,1.5
1783006708121,2026-07-02 17:38:28.121,C3:00:00:63:4D:0A,-60,127,1.5,2.5,1.5
1783006708123,2026-07-02 17:38:28.123,C3:00:00:63:4D:0D,-56,127,1.5,2.5,1.5
1783006708124,2026-07-02 17:38:28.124,C3:00:00:63:4D:08,-57,127,1.5,2.5,1.5
1783006708160,2026-07-02 17:38:28.160,C3:00:00:63:4D:07,-57,127,1.5,2.5,1.5
1783006708175,2026-07-02 17:38:28.175,C3:00:00:63:4C:D2,-71,127,1.5,2.5,1.5
1783006708231,2026-07-02 17:38:28.231,C3:00:00:63:4D:08,-64,127,1.5,2.5,1.5
1783006708303,2026-07-02 17:38:28.303,C3:00:00:63:4D:04,-60,127,1.5,2.5,1.5
1783006708314,2026-07-02 17:38:28.314,C3:00:00:63:4D:07,-58,127,1.5,2.5,1.5
1783006708338,2026-07-02 17:38:28.338,C3:00:00:63:4D:0D,-54,127,1.5,2.5,1.5
1783006708408,2026-07-02 17:38:28.408,C3:00:00:63:4C:D2,-62,127,1.5,2.5,1.5
1783006708440,2026-07-02 17:38:28.440,C3:00:00:63:4D:05,-67,127,1.5,2.5,1.5
1783006708444,2026-07-02 17:38:28.444,C3:00:00:63:4D:0D,-56,127,1.5,2.5,1.5
1783006708447,2026-07-02 17:38:28.447,C3:00:00:63:4D:08,-57,127,1.5,2.5,1.5
1783006708461,2026-07-02 17:38:28.461,C3:00:00:63:4D:09,-68,127,1.5,2.5,1.5
1783006708477,2026-07-02 17:38:28.477,C3:00:00:63:4D:0A,-53,127,1.5,2.5,1.5
1783006708515,2026-07-02 17:38:28.515,C3:00:00:63:4C:D2,-79,127,1.5,2.5,1.5
1783006708521,2026-07-02 17:38:28.521,C3:00:00:63:4D:04,-58,127,1.5,2.5,1.5
1783006708531,2026-07-02 17:38:28.531,C3:00:00:63:4D:07,-58,127,1.5,2.5,1.5
1783006708535,2026-07-02 17:38:28.535,C3:00:00:63:4C:D2,-66,127,1.5,2.5,1.5
1783006708547,2026-07-02 17:38:28.547,C3:00:00:63:4D:0D,-61,127,1.5,2.5,1.5
1783006708582,2026-07-02 17:38:28.582,C3:00:00:63:4D:0A,-56,127,1.5,2.5,1.5
1783006708654,2026-07-02 17:38:28.654,C3:00:00:63:4D:08,-54,127,1.5,2.5,1.5
1783006708681,2026-07-02 17:38:28.681,C3:00:00:63:4D:08,-54,127,1.5,2.5,1.5
1783006708686,2026-07-02 17:38:28.686,C3:00:00:63:4D:05,-64,127,1.5,2.5,1.5
1783006708692,2026-07-02 17:38:28.692,C3:00:00:63:4D:09,-59,127,1.5,2.5,1.5
1783006708699,2026-07-02 17:38:28.699,C3:00:00:63:4D:0A,-63,127,1.5,2.5,1.5
1783006708710,2026-07-02 17:38:28.710,C3:00:00:63:4D:09,-68,127,1.5,2.5,1.5
1783006708744,2026-07-02 17:38:28.744,C3:00:00:63:4D:04,-63,127,1.5,2.5,1.5
1783006708749,2026-07-02 17:38:28.749,C3:00:00:63:4D:0D,-56,127,1.5,2.5,1.5
1783006708751,2026-07-02 17:38:28.751,C3:00:00:63:4C:D2,-72,127,1.5,2.5,1.5
1783006708766,2026-07-02 17:38:28.766,C3:00:00:63:4D:07,-59,127,1.5,2.5,1.5
1783006708782,2026-07-02 17:38:28.782,C3:00:00:63:4D:08,-56,127,1.5,2.5,1.5
1783006708784,2026-07-02 17:38:28.784,C3:00:00:63:4D:05,-67,127,1.5,2.5,1.5
1783006708798,2026-07-02 17:38:28.798,C3:00:00:63:4D:09,-68,127,1.5,2.5,1.5
1783006708816,2026-07-02 17:38:28.816,C3:00:00:63:4D:0A,-55,127,1.5,2.5,1.5
1783006708852,2026-07-02 17:38:28.852,C3:00:00:63:4D:04,-57,127,1.5,2.5,1.5
1783006708870,2026-07-02 17:38:28.870,C3:00:00:63:4C:D2,-65,127,1.5,2.5,1.5
1783006708874,2026-07-02 17:38:28.874,C3:00:00:63:4D:09,-62,127,1.5,2.5,1.5
1783006708879,2026-07-02 17:38:28.879,C3:00:00:63:4D:07,-56,127,1.5,2.5,1.5
1783006708883,2026-07-02 17:38:28.883,C3:00:00:63:4D:08,-60,127,1.5,2.5,1.5
1783006708901,2026-07-02 17:38:28.901,C3:00:00:63:4D:05,-58,127,1.5,2.5,1.5
1783006708910,2026-07-02 17:38:28.910,C3:00:00:63:4D:09,-62,127,1.5,2.5,1.5
1783006708918,2026-07-02 17:38:28.918,C3:00:00:63:4D:0A,-63,127,1.5,2.5,1.5
1783006708970,2026-07-02 17:38:28.970,C3:00:00:63:4D:0D,-54,127,1.5,2.5,1.5
1783006708988,2026-07-02 17:38:28.988,C3:00:00:63:4C:D2,-63,127,1.5,2.5,1.5
1783006708999,2026-07-02 17:38:28.999,C3:00:00:63:4D:08,-54,127,1.5,2.5,1.5
1783006709006,2026-07-02 17:38:29.006,C3:00:00:63:4D:07,-54,127,1.5,2.5,1.5
1783006709008,2026-07-02 17:38:29.008,C3:00:00:63:4D:05,-64,127,1.5,2.5,1.5
1783006709029,2026-07-02 17:38:29.029,C3:00:00:63:4D:09,-67,127,1.5,2.5,1.5
1783006709035,2026-07-02 17:38:29.035,C3:00:00:63:4D:05,-67,127,1.5,2.5,1.5
1783006709042,2026-07-02 17:38:29.042,C3:00:00:63:4D:0D,-56,127,1.5,2.5,1.5
1783006709046,2026-07-02 17:38:29.046,C3:00:00:63:4D:0A,-53,127,1.5,2.5,1.5
1783006709073,2026-07-02 17:38:29.073,C3:00:00:63:4D:04,-63,127,1.5,2.5,1.5
1783006709079,2026-07-02 17:38:29.079,C3:00:00:63:4D:0D,-56,127,1.5,2.5,1.5
1783006709100,2026-07-02 17:38:29.100,C3:00:00:63:4C:D2,-72,127,1.5,2.5,1.5
1783006709110,2026-07-02 17:38:29.110,C3:00:00:63:4D:08,-56,127,1.5,2.5,1.5
1783006709117,2026-07-02 17:38:29.117,C3:00:00:63:4D:07,-59,127,1.5,2.5,1.5
1783006709138,2026-07-02 17:38:29.138,C3:00:00:63:4D:05,-58,127,1.5,2.5,1.5
1783006709147,2026-07-02 17:38:29.147,C3:00:00:63:4D:09,-62,127,1.5,2.5,1.5
1783006709150,2026-07-02 17:38:29.150,C3:00:00:63:4D:0A,-55,127,1.5,2.5,1.5
1783006709167,2026-07-02 17:38:29.167,C3:00:00:63:4D:0D,-60,127,1.5,2.5,1.5
1783006709176,2026-07-02 17:38:29.176,C3:00:00:63:4D:04,-57,127,1.5,2.5,1.5
1783006709207,2026-07-02 17:38:29.207,C3:00:00:63:4D:08,-59,127,1.5,2.5,1.5
1783006709230,2026-07-02 17:38:29.230,C3:00:00:63:4D:07,-54,127,1.5,2.5,1.5
1783006709248,2026-07-02 17:38:29.248,C3:00:00:63:4D:05,-64,127,1.5,2.5,1.5
1783006709259,2026-07-02 17:38:29.259,C3:00:00:63:4D:09,-61,127,1.5,2.5,1.5
1783006709279,2026-07-02 17:38:29.279,C3:00:00:63:4D:0D,-54,127,1.5,2.5,1.5
1783006709293,2026-07-02 17:38:29.293,C3:00:00:63:4D:04,-65,127,1.5,2.5,1.5
1783006709315,2026-07-02 17:38:29.315,C3:00:00:63:4D:09,-60,127,1.5,2.5,1.5
1783006709319,2026-07-02 17:38:29.319,C3:00:00:63:4D:08,-56,127,1.5,2.5,1.5
1783006709325,2026-07-02 17:38:29.325,C3:00:00:63:4C:D2,-72,127,1.5,2.5,1.5
1783006709343,2026-07-02 17:38:29.343,C3:00:00:63:4D:07,-59,127,1.5,2.5,1.5
1783006709367,2026-07-02 17:38:29.367,C3:00:00:63:4D:05,-67,127,1.5,2.5,1.5
1783006709375,2026-07-02 17:38:29.375,C3:00:00:63:4D:09,-68,127,1.5,2.5,1.5
1783006709383,2026-07-02 17:38:29.383,C3:00:00:63:4D:0A,-53,127,1.5,2.5,1.5
1783006709395,2026-07-02 17:38:29.395,C3:00:00:63:4D:0D,-56,127,1.5,2.5,1.5
1783006709399,2026-07-02 17:38:29.399,C3:00:00:63:4D:07,-66,127,1.5,2.5,1.5
1783006709400,2026-07-02 17:38:29.400,C3:00:00:63:4D:0A,-53,127,1.5,2.5,1.5
1783006709404,2026-07-02 17:38:29.404,C3:00:00:63:4D:04,-63,127,1.5,2.5,1.5
1783006709426,2026-07-02 17:38:29.426,C3:00:00:63:4D:08,-60,127,1.5,2.5,1.5
1783006709446,2026-07-02 17:38:29.446,C3:00:00:63:4C:D2,-65,127,1.5,2.5,1.5
1783006709461,2026-07-02 17:38:29.461,C3:00:00:63:4D:07,-56,127,1.5,2.5,1.5
1783006709488,2026-07-02 17:38:29.488,C3:00:00:63:4D:0D,-60,127,1.5,2.5,1.5
1783006709518,2026-07-02 17:38:29.518,C3:00:00:63:4D:04,-57,127,1.5,2.5,1.5
1783006709538,2026-07-02 17:38:29.538,C3:00:00:63:4D:08,-54,127,1.5,2.5,1.5
1783006709550,2026-07-02 17:38:29.550,C3:00:00:63:4C:D2,-63,127,1.5,2.5,1.5
1783006709574,2026-07-02 17:38:29.574,C3:00:00:63:4D:07,-54,127,1.5,2.5,1.5
1783006709590,2026-07-02 17:38:29.590,C3:00:00:63:4D:05,-64,127,1.5,2.5,1.5
1783006709597,2026-07-02 17:38:29.597,C3:00:00:63:4D:0D,-54,127,1.5,2.5,1.5
1783006709603,2026-07-02 17:38:29.603,C3:00:00:63:4D:09,-59,127,1.5,2.5,1.5
1783006709610,2026-07-02 17:38:29.610,C3:00:00:63:4D:0A,-63,127,1.5,2.5,1.5
1783006709614,2026-07-02 17:38:29.614,C3:00:00:63:4D:04,-65,127,1.5,2.5,1.5
1783006709666,2026-07-02 17:38:29.666,C3:00:00:63:4D:08,-56,127,1.5,2.5,1.5
1783006709667,2026-07-02 17:38:29.667,C3:00:00:63:4C:D2,-72,127,1.5,2.5,1.5
1783006709688,2026-07-02 17:38:29.688,C3:00:00:63:4D:07,-59,127,1.5,2.5,1.5
1783006709696,2026-07-02 17:38:29.696,C3:00:00:63:4D:0D,-56,127,1.5,2.5,1.5
1783006709724,2026-07-02 17:38:29.724,C3:00:00:63:4D:04,-57,127,1.5,2.5,1.5
1783006709764,2026-07-02 17:38:29.764,C3:00:00:63:4D:08,-63,127,1.5,2.5,1.5
1783006709770,2026-07-02 17:38:29.770,C3:00:00:63:4D:04,-58,127,1.5,2.5,1.5
1783006709782,2026-07-02 17:38:29.782,C3:00:00:63:4D:04,-58,127,1.5,2.5,1.5
1783006709795,2026-07-02 17:38:29.795,C3:00:00:63:4C:D2,-68,127,1.5,2.5,1.5
1783006709800,2026-07-02 17:38:29.800,C3:00:00:63:4D:0D,-61,127,1.5,2.5,1.5
1783006709808,2026-07-02 17:38:29.808,C3:00:00:63:4D:07,-58,127,1.5,2.5,1.5
1783006709822,2026-07-02 17:38:29.822,C3:00:00:63:4D:05,-63,127,1.5,2.5,1.5
1783006709831,2026-07-02 17:38:29.831,C3:00:00:63:4D:09,-59,127,1.5,2.5,1.5
1783006709837,2026-07-02 17:38:29.837,C3:00:00:63:4D:0A,-62,127,1.5,2.5,1.5
1783006709839,2026-07-02 17:38:29.839,C3:00:00:63:4D:04,-63,127,1.5,2.5,1.5
1783006709865,2026-07-02 17:38:29.865,C3:00:00:63:4D:08,-54,127,1.5,2.5,1.5
1783006709889,2026-07-02 17:38:29.889,C3:00:00:63:4C:D2,-64,127,1.5,2.5,1.5
1783006709895,2026-07-02 17:38:29.895,C3:00:00:63:4D:08,-54,127,1.5,2.5,1.5
1783006709910,2026-07-02 17:38:29.910,C3:00:00:63:4D:0D,-54,127,1.5,2.5,1.5
1783006709917,2026-07-02 17:38:29.917,C3:00:00:63:4D:07,-56,127,1.5,2.5,1.5
1783006709931,2026-07-02 17:38:29.931,C3:00:00:63:4D:0D,-55,127,1.5,2.5,1.5
1783006709942,2026-07-02 17:38:29.942,C3:00:00:63:4D:04,-61,127,1.5,2.5,1.5
1783006709950,2026-07-02 17:38:29.950,C3:00:00:63:4D:09,-64,127,1.5,2.5,1.5
1783006709966,2026-07-02 17:38:29.966,C3:00:00:63:4D:0A,-53,127,1.5,2.5,1.5
1783006709971,2026-07-02 17:38:29.971,C3:00:00:63:4D:08,-56,127,1.5,2.5,1.5
1783006710001,2026-07-02 17:38:30.001,C3:00:00:63:4C:D2,-72,127,1.5,2.5,1.5
1783006710019,2026-07-02 17:38:30.019,C3:00:00:63:4D:05,-58,127,1.5,2.5,1.5
1783006710023,2026-07-02 17:38:30.023,C3:00:00:63:4C:D2,-68,127,1.5,2.5,1.5
1783006710031,2026-07-02 17:38:30.031,C3:00:00:63:4D:07,-58,127,1.5,2.5,1.5
1783006710054,2026-07-02 17:38:30.054,C3:00:00:63:4D:05,-58,127,1.5,2.5,1.5
1783006710059,2026-07-02 17:38:30.059,C3:00:00:63:4D:0A,-55,127,1.5,2.5,1.5
1783006710067,2026-07-02 17:38:30.067,C3:00:00:63:4D:04,-58,127,1.5,2.5,1.5
1783006710082,2026-07-02 17:38:30.082,C3:00:00:63:4D:08,-60,127,1.5,2.5,1.5
1783006710114,2026-07-02 17:38:30.114,C3:00:00:63:4D:0D,-60,127,1.5,2.5,1.5
1783006710131,2026-07-02 17:38:30.131,C3:00:00:63:4C:D2,-63,127,1.5,2.5,1.5
1783006710142,2026-07-02 17:38:30.142,C3:00:00:63:4D:07,-54,127,1.5,2.5,1.5
1783006710157,2026-07-02 17:38:30.157,C3:00:00:63:4D:04,-65,127,1.5,2.5,1.5
1783006710166,2026-07-02 17:38:30.166,C3:00:00:63:4D:09,-59,127,1.5,2.5,1.5
1783006710173,2026-07-02 17:38:30.173,C3:00:00:63:4D:07,-54,127,1.5,2.5,1.5
1783006710221,2026-07-02 17:38:30.221,C3:00:00:63:4D:0D,-56,127,1.5,2.5,1.5
1783006710254,2026-07-02 17:38:30.254,C3:00:00:63:4C:D2,-72,127,1.5,2.5,1.5
1783006710274,2026-07-02 17:38:30.274,C3:00:00:63:4D:07,-59,127,1.5,2.5,1.5
1783006710277,2026-07-02 17:38:30.277,C3:00:00:63:4D:04,-63,127,1.5,2.5,1.5
1783006710281,2026-07-02 17:38:30.281,C3:00:00:63:4D:0A,-52,127,1.5,2.5,1.5
1783006710309,2026-07-02 17:38:30.309,C3:00:00:63:4D:08,-56,127,1.5,2.5,1.5
1783006710335,2026-07-02 17:38:30.335,C3:00:00:63:4D:0D,-60,127,1.5,2.5,1.5
1783006710362,2026-07-02 17:38:30.362,C3:00:00:63:4C:D2,-65,127,1.5,2.5,1.5
1783006710379,2026-07-02 17:38:30.379,C3:00:00:63:4D:07,-56,127,1.5,2.5,1.5
1783006710384,2026-07-02 17:38:30.384,C3:00:00:63:4D:04,-58,127,1.5,2.5,1.5
1783006710395,2026-07-02 17:38:30.395,C3:00:00:63:4D:05,-58,127,1.5,2.5,1.5
1783006710432,2026-07-02 17:38:30.432,C3:00:00:63:4D:0D,-54,127,1.5,2.5,1.5
1783006710475,2026-07-02 17:38:30.475,C3:00:00:63:4C:D2,-63,127,1.5,2.5,1.5
1783006710480,2026-07-02 17:38:30.480,C3:00:00:63:4D:09,-59,127,1.5,2.5,1.5
1783006710510,2026-07-02 17:38:30.510,C3:00:00:63:4D:04,-65,127,1.5,2.5,1.5
1783006710512,2026-07-02 17:38:30.512,C3:00:00:63:4D:07,-54,127,1.5,2.5,1.5
1783006710514,2026-07-02 17:38:30.514,C3:00:00:63:4D:0A,-62,127,1.5,2.5,1.5
1783006710519,2026-07-02 17:38:30.519,C3:00:00:63:4D:05,-64,127,1.5,2.5,1.5
1783006710520,2026-07-02 17:38:30.520,C3:00:00:63:4D:09,-59,127,1.5,2.5,1.5
1783006710521,2026-07-02 17:38:30.521,C3:00:00:63:4D:08,-56,127,1.5,2.5,1.5
1783006710530,2026-07-02 17:38:30.530,C3:00:00:63:4D:0D,-56,127,1.5,2.5,1.5
1783006710592,2026-07-02 17:38:30.592,C3:00:00:63:4C:D2,-73,127,1.5,2.5,1.5
1783006710601,2026-07-02 17:38:30.601,C3:00:00:63:4D:04,-63,127,1.5,2.5,1.5
1783006710624,2026-07-02 17:38:30.624,C3:00:00:63:4D:07,-59,127,1.5,2.5,1.5
1783006710627,2026-07-02 17:38:30.627,C3:00:00:63:4D:0A,-55,127,1.5,2.5,1.5
1783006710631,2026-07-02 17:38:30.631,C3:00:00:63:4D:05,-58,127,1.5,2.5,1.5
1783006710639,2026-07-02 17:38:30.639,C3:00:00:63:4D:0D,-60,127,1.5,2.5,1.5
1783006710672,2026-07-02 17:38:30.672,C3:00:00:63:4D:08,-60,127,1.5,2.5,1.5
1783006710708,2026-07-02 17:38:30.708,C3:00:00:63:4D:04,-58,127,1.5,2.5,1.5
1783006710715,2026-07-02 17:38:30.715,C3:00:00:63:4C:D2,-67,127,1.5,2.5,1.5
1783006710726,2026-07-02 17:38:30.726,C3:00:00:63:4D:07,-54,127,1.5,2.5,1.5
1783006710736,2026-07-02 17:38:30.736,C3:00:00:63:4D:0A,-63,127,1.5,2.5,1.5
1783006710740,2026-07-02 17:38:30.740,C3:00:00:63:4D:08,-54,127,1.5,2.5,1.5
1783006710742,2026-07-02 17:38:30.742,C3:00:00:63:4D:09,-59,127,1.5,2.5,1.5
1783006710778,2026-07-02 17:38:30.778,C3:00:00:63:4D:08,-62,127,1.5,2.5,1.5
1783006710815,2026-07-02 17:38:30.815,C3:00:00:63:4D:04,-65,127,1.5,2.5,1.5
1783006710829,2026-07-02 17:38:30.829,C3:00:00:63:4C:D2,-73,127,1.5,2.5,1.5
1783006710846,2026-07-02 17:38:30.846,C3:00:00:63:4D:07,-59,127,1.5,2.5,1.5
1783006710851,2026-07-02 17:38:30.851,C3:00:00:63:4D:0A,-53,127,1.5,2.5,1.5
1783006710857,2026-07-02 17:38:30.857,C3:00:00:63:4D:09,-68,127,1.5,2.5,1.5
1783006710859,2026-07-02 17:38:30.859,C3:00:00:63:4D:05,-67,127,1.5,2.5,1.5
1783006710919,2026-07-02 17:38:30.919,C3:00:00:63:4D:05,-66,127,1.5,2.5,1.5
1783006710925,2026-07-02 17:38:30.925,C3:00:00:63:4D:04,-57,127,1.5,2.5,1.5
1783006710941,2026-07-02 17:38:30.941,C3:00:00:63:4C:D2,-64,127,1.5,2.5,1.5
1783006710964,2026-07-02 17:38:30.964,C3:00:00:63:4D:09,-63,127,1.5,2.5,1.5
1783006710971,2026-07-02 17:38:30.971,C3:00:00:63:4D:05,-58,127,1.5,2.5,1.5
1783006710981,2026-07-02 17:38:30.981,C3:00:00:63:4D:07,-57,127,1.5,2.5,1.5
1783006711037,2026-07-02 17:38:31.037,C3:00:00:63:4D:04,-63,127,1.5,2.5,1.5
1783006711043,2026-07-02 17:38:31.043,C3:00:00:63:4D:0D,-54,127,1.5,2.5,1.5
1783006711046,2026-07-02 17:38:31.046,C3:00:00:63:4C:D2,-62,127,1.5,2.5,1.5
1783006711064,2026-07-02 17:38:31.064,C3:00:00:63:4D:0D,-54,127,1.5,2.5,1.5
1783006711068,2026-07-02 17:38:31.068,C3:00:00:63:4D:08,-54,127,1.5,2.5,1.5
1783006711079,2026-07-02 17:38:31.079,C3:00:00:63:4D:09,-60,127,1.5,2.5,1.5
1783006711085,2026-07-02 17:38:31.085,C3:00:00:63:4D:05,-65,127,1.5,2.5,1.5
1783006711090,2026-07-02 17:38:31.090,C3:00:00:63:4D:0D,-54,127,1.5,2.5,1.5
1783006711107,2026-07-02 17:38:31.107,C3:00:00:63:4D:05,-66,127,1.5,2.5,1.5
1783006711141,2026-07-02 17:38:31.141,C3:00:00:63:4D:04,-62,127,1.5,2.5,1.5
1783006711163,2026-07-02 17:38:31.163,C3:00:00:63:4D:0D,-54,127,1.5,2.5,1.5
1783006711167,2026-07-02 17:38:31.167,C3:00:00:63:4C:D2,-70,127,1.5,2.5,1.5
1783006711178,2026-07-02 17:38:31.178,C3:00:00:63:4D:08,-56,127,1.5,2.5,1.5
1783006711181,2026-07-02 17:38:31.181,C3:00:00:63:4D:0A,-52,127,1.5,2.5,1.5
1783006711184,2026-07-02 17:38:31.184,C3:00:00:63:4D:07,-56,127,1.5,2.5,1.5
1783006711195,2026-07-02 17:38:31.195,C3:00:00:63:4D:09,-64,127,1.5,2.5,1.5
1783006711206,2026-07-02 17:38:31.206,C3:00:00:63:4D:05,-64,127,1.5,2.5,1.5
1783006711250,2026-07-02 17:38:31.250,C3:00:00:63:4D:04,-58,127,1.5,2.5,1.5
1783006711279,2026-07-02 17:38:31.279,C3:00:00:63:4D:0D,-61,127,1.5,2.5,1.5
1783006711288,2026-07-02 17:38:31.288,C3:00:00:63:4D:08,-62,127,1.5,2.5,1.5
1783006711296,2026-07-02 17:38:31.296,C3:00:00:63:4D:0A,-56,127,1.5,2.5,1.5
1783006711301,2026-07-02 17:38:31.301,C3:00:00:63:4D:07,-58,127,1.5,2.5,1.5
1783006711306,2026-07-02 17:38:31.306,C3:00:00:63:4D:04,-58,127,1.5,2.5,1.5
1783006711307,2026-07-02 17:38:31.307,C3:00:00:63:4D:09,-62,127,1.5,2.5,1.5
1783006711312,2026-07-02 17:38:31.312,C3:00:00:63:4D:05,-58,127,1.5,2.5,1.5
1783006711318,2026-07-02 17:38:31.318,C3:00:00:63:4D:09,-60,127,1.5,2.5,1.5
1783006711378,2026-07-02 17:38:31.378,C3:00:00:63:4D:0D,-54,127,1.5,2.5,1.5
1783006711381,2026-07-02 17:38:31.381,C3:00:00:63:4D:0A,-61,127,1.5,2.5,1.5
1783006711389,2026-07-02 17:38:31.389,C3:00:00:63:4D:08,-54,127,1.5,2.5,1.5
1783006711397,2026-07-02 17:38:31.397,C3:00:00:63:4C:D2,-62,127,1.5,2.5,1.5
1783006711406,2026-07-02 17:38:31.406,C3:00:00:63:4D:0A,-61,127,1.5,2.5,1.5
1783006711424,2026-07-02 17:38:31.424,C3:00:00:63:4D:07,-59,127,1.5,2.5,1.5
1783006711427,2026-07-02 17:38:31.427,C3:00:00:63:4D:09,-68,127,1.5,2.5,1.5
1783006711436,2026-07-02 17:38:31.436,C3:00:00:63:4D:05,-66,127,1.5,2.5,1.5
1783006711478,2026-07-02 17:38:31.478,C3:00:00:63:4D:0D,-55,127,1.5,2.5,1.5
1783006711510,2026-07-02 17:38:31.510,C3:00:00:63:4D:08,-56,127,1.5,2.5,1.5
1783006711517,2026-07-02 17:38:31.517,C3:00:00:63:4C:D2,-72,127,1.5,2.5,1.5
1783006711535,2026-07-02 17:38:31.535,C3:00:00:63:4D:0A,-55,127,1.5,2.5,1.5
1783006711537,2026-07-02 17:38:31.537,C3:00:00:63:4D:07,-56,127,1.5,2.5,1.5
1783006711548,2026-07-02 17:38:31.548,C3:00:00:63:4D:09,-62,127,1.5,2.5,1.5
1783006711551,2026-07-02 17:38:31.551,C3:00:00:63:4D:05,-58,127,1.5,2.5,1.5
1783006711583,2026-07-02 17:38:31.583,C3:00:00:63:4D:04,-58,127,1.5,2.5,1.5
1783006711585,2026-07-02 17:38:31.585,C3:00:00:63:4D:0D,-60,127,1.5,2.5,1.5
1783006711598,2026-07-02 17:38:31.598,C3:00:00:63:4D:04,-65,127,1.5,2.5,1.5
1783006711613,2026-07-02 17:38:31.613,C3:00:00:63:4D:08,-59,127,1.5,2.5,1.5
1783006711628,2026-07-02 17:38:31.628,C3:00:00:63:4C:D2,-62,127,1.5,2.5,1.5
1783006711631,2026-07-02 17:38:31.631,C3:00:00:63:4D:0A,-61,127,1.5,2.5,1.5
1783006711640,2026-07-02 17:38:31.640,C3:00:00:63:4D:07,-54,127,1.5,2.5,1.5
1783006711650,2026-07-02 17:38:31.650,C3:00:00:63:4D:09,-60,127,1.5,2.5,1.5
1783006711744,2026-07-02 17:38:31.744,C3:00:00:63:4C:D2,-74,127,1.5,2.5,1.5
1783006711751,2026-07-02 17:38:31.751,C3:00:00:63:4D:0A,-53,127,1.5,2.5,1.5
1783006711759,2026-07-02 17:38:31.759,C3:00:00:63:4D:07,-60,127,1.5,2.5,1.5
1783006711767,2026-07-02 17:38:31.767,C3:00:00:63:4D:09,-68,127,1.5,2.5,1.5
1783006711779,2026-07-02 17:38:31.779,C3:00:00:63:4D:05,-66,127,1.5,2.5,1.5
1783006711780,2026-07-02 17:38:31.780,C3:00:00:63:4D:04,-62,127,1.5,2.5,1.5
1783006711799,2026-07-02 17:38:31.799,C3:00:00:63:4D:0D,-55,127,1.5,2.5,1.5
1783006711804,2026-07-02 17:38:31.804,C3:00:00:63:4D:04,-62,127,1.5,2.5,1.5
1783006711823,2026-07-02 17:38:31.823,C3:00:00:63:4D:04,-57,127,1.5,2.5,1.5
1783006711831,2026-07-02 17:38:31.831,C3:00:00:63:4D:08,-62,127,1.5,2.5,1.5
1783006711861,2026-07-02 17:38:31.861,C3:00:00:63:4C:D2,-66,127,1.5,2.5,1.5
1783006711866,2026-07-02 17:38:31.866,C3:00:00:63:4D:0A,-56,127,1.5,2.5,1.5
1783006711872,2026-07-02 17:38:31.872,C3:00:00:63:4D:07,-58,127,1.5,2.5,1.5
1783006711888,2026-07-02 17:38:31.888,C3:00:00:63:4D:09,-62,127,1.5,2.5,1.5
1783006711894,2026-07-02 17:38:31.894,C3:00:00:63:4C:D2,-66,127,1.5,2.5,1.5
1783006711897,2026-07-02 17:38:31.897,C3:00:00:63:4D:05,-58,127,1.5,2.5,1.5
1783006711905,2026-07-02 17:38:31.905,C3:00:00:63:4D:08,-62,127,1.5,2.5,1.5
1783006711908,2026-07-02 17:38:31.908,C3:00:00:63:4D:04,-58,127,1.5,2.5,1.5
1783006711937,2026-07-02 17:38:31.937,C3:00:00:63:4D:08,-54,127,1.5,2.5,1.5
1783006711964,2026-07-02 17:38:31.964,C3:00:00:63:4D:0A,-61,127,1.5,2.5,1.5
1783006711969,2026-07-02 17:38:31.969,C3:00:00:63:4C:D2,-62,127,1.5,2.5,1.5
1783006712000,2026-07-02 17:38:32.000,C3:00:00:63:4D:09,-60,127,1.5,2.5,1.5
1783006712007,2026-07-02 17:38:32.007,C3:00:00:63:4C:D2,-62,127,1.5,2.5,1.5
1783006712011,2026-07-02 17:38:32.011,C3:00:00:63:4D:0D,-54,127,1.5,2.5,1.5
1783006712016,2026-07-02 17:38:32.016,C3:00:00:63:4D:04,-61,127,1.5,2.5,1.5
1783006712056,2026-07-02 17:38:32.056,C3:00:00:63:4D:0D,-62,127,1.5,2.5,1.5
1783006712112,2026-07-02 17:38:32.112,C3:00:00:63:4D:09,-64,127,1.5,2.5,1.5
1783006712119,2026-07-02 17:38:32.119,C3:00:00:63:4D:05,-58,127,1.5,2.5,1.5
1783006712135,2026-07-02 17:38:32.135,C3:00:00:63:4D:04,-58,127,1.5,2.5,1.5
1783006712142,2026-07-02 17:38:32.142,C3:00:00:63:4D:0A,-63,127,1.5,2.5,1.5
1783006712156,2026-07-02 17:38:32.156,C3:00:00:63:4D:08,-62,127,1.5,2.5,1.5
1783006712204,2026-07-02 17:38:32.204,C3:00:00:63:4D:0A,-56,127,1.5,2.5,1.5
1783006712222,2026-07-02 17:38:32.222,C3:00:00:63:4D:0D,-54,127,1.5,2.5,1.5
1783006712228,2026-07-02 17:38:32.228,C3:00:00:63:4D:07,-54,127,1.5,2.5,1.5
1783006712236,2026-07-02 17:38:32.236,C3:00:00:63:4D:09,-60,127,1.5,2.5,1.5
1783006712240,2026-07-02 17:38:32.240,C3:00:00:63:4D:04,-62,127,1.5,2.5,1.5
1783006712259,2026-07-02 17:38:32.259,C3:00:00:63:4D:08,-54,127,1.5,2.5,1.5
1783006712319,2026-07-02 17:38:32.319,C3:00:00:63:4D:0A,-51,127,1.5,2.5,1.5
1783006712326,2026-07-02 17:38:32.326,C3:00:00:63:4D:0D,-54,127,1.5,2.5,1.5
1783006712333,2026-07-02 17:38:32.333,C3:00:00:63:4D:09,-64,127,1.5,2.5,1.5
1783006712340,2026-07-02 17:38:32.340,C3:00:00:63:4D:07,-56,127,1.5,2.5,1.5
1783006712351,2026-07-02 17:38:32.351,C3:00:00:63:4D:04,-61,127,1.5,2.5,1.5
1783006712363,2026-07-02 17:38:32.363,C3:00:00:63:4D:05,-64,127,1.5,2.5,1.5
1783006712375,2026-07-02 17:38:32.375,C3:00:00:63:4D:08,-56,127,1.5,2.5,1.5
1783006712427,2026-07-02 17:38:32.427,C3:00:00:63:4D:0A,-56,127,1.5,2.5,1.5
1783006712431,2026-07-02 17:38:32.431,C3:00:00:63:4C:D2,-66,127,1.5,2.5,1.5
1783006712451,2026-07-02 17:38:32.451,C3:00:00:63:4D:09,-62,127,1.5,2.5,1.5
1783006712454,2026-07-02 17:38:32.454,C3:00:00:63:4D:07,-58,127,1.5,2.5,1.5
1783006712455,2026-07-02 17:38:32.455,C3:00:00:63:4D:04,-58,127,1.5,2.5,1.5
1783006712470,2026-07-02 17:38:32.470,C3:00:00:63:4D:05,-58,127,1.5,2.5,1.5
1783006712491,2026-07-02 17:38:32.491,C3:00:00:63:4D:08,-62,127,1.5,2.5,1.5
1783006712524,2026-07-02 17:38:32.524,C3:00:00:63:4C:D2,-69,127,1.5,2.5,1.5
1783006712529,2026-07-02 17:38:32.529,C3:00:00:63:4D:0D,-54,127,1.5,2.5,1.5
1783006712544,2026-07-02 17:38:32.544,C3:00:00:63:4D:0A,-60,127,1.5,2.5,1.5
1783006712546,2026-07-02 17:38:32.546,C3:00:00:63:4C:D2,-62,127,1.5,2.5,1.5
1783006712563,2026-07-02 17:38:32.563,C3:00:00:63:4D:04,-62,127,1.5,2.5,1.5
1783006712579,2026-07-02 17:38:32.579,C3:00:00:63:4D:05,-64,127,1.5,2.5,1.5
1783006712595,2026-07-02 17:38:32.595,C3:00:00:63:4D:08,-54,127,1.5,2.5,1.5
1783006712642,2026-07-02 17:38:32.642,C3:00:00:63:4D:0D,-54,127,1.5,2.5,1.5
1783006712652,2026-07-02 17:38:32.652,C3:00:00:63:4D:0A,-52,127,1.5,2.5,1.5
1783006712668,2026-07-02 17:38:32.668,C3:00:00:63:4C:D2,-70,127,1.5,2.5,1.5
1783006712676,2026-07-02 17:38:32.676,C3:00:00:63:4D:07,-56,127,1.5,2.5,1.5
1783006712686,2026-07-02 17:38:32.686,C3:00:00:63:4D:08,-56,127,1.5,2.5,1.5
1783006712697,2026-07-02 17:38:32.697,C3:00:00:63:4D:05,-64,127,1.5,2.5,1.5
1783006712711,2026-07-02 17:38:32.711,C3:00:00:63:4D:08,-56,127,1.5,2.5,1.5
1783006712727,2026-07-02 17:38:32.727,C3:00:00:63:4D:09,-70,127,1.5,2.5,1.5
1783006712773,2026-07-02 17:38:32.773,C3:00:00:63:4D:0A,-56,127,1.5,2.5,1.5
1783006712780,2026-07-02 17:38:32.780,C3:00:00:63:4C:D2,-66,127,1.5,2.5,1.5
1783006712795,2026-07-02 17:38:32.795,C3:00:00:63:4D:04,-58,127,1.5,2.5,1.5
1783006712798,2026-07-02 17:38:32.798,C3:00:00:63:4D:09,-62,127,1.5,2.5,1.5
1783006712806,2026-07-02 17:38:32.806,C3:00:00:63:4D:07,-58,127,1.5,2.5,1.5
1783006712817,2026-07-02 17:38:32.817,C3:00:00:63:4D:08,-62,127,1.5,2.5,1.5
1783006712818,2026-07-02 17:38:32.818,C3:00:00:63:4D:05,-58,127,1.5,2.5,1.5
1783006712849,2026-07-02 17:38:32.849,C3:00:00:63:4D:0D,-54,127,1.5,2.5,1.5
1783006712860,2026-07-02 17:38:32.860,C3:00:00:63:4D:0A,-60,127,1.5,2.5,1.5
1783006712886,2026-07-02 17:38:32.886,C3:00:00:63:4D:09,-60,127,1.5,2.5,1.5
1783006712892,2026-07-02 17:38:32.892,C3:00:00:63:4D:0A,-60,127,1.5,2.5,1.5
1783006712894,2026-07-02 17:38:32.894,C3:00:00:63:4D:04,-62,127,1.5,2.5,1.5
1783006712897,2026-07-02 17:38:32.897,C3:00:00:63:4C:D2,-62,127,1.5,2.5,1.5
1783006712905,2026-07-02 17:38:32.905,C3:00:00:63:4D:07,-54,127,1.5,2.5,1.5
1783006712917,2026-07-02 17:38:32.917,C3:00:00:63:4D:08,-56,127,1.5,2.5,1.5
1783006712923,2026-07-02 17:38:32.923,C3:00:00:63:4D:05,-66,127,1.5,2.5,1.5
1783006712949,2026-07-02 17:38:32.949,C3:00:00:63:4D:0D,-55,127,1.5,2.5,1.5
1783006712983,2026-07-02 17:38:32.983,C3:00:00:63:4D:07,-57,127,1.5,2.5,1.5
1783006712988,2026-07-02 17:38:32.988,C3:00:00:63:4D:0A,-52,127,1.5,2.5,1.5
1783006712998,2026-07-02 17:38:32.998,C3:00:00:63:4D:04,-61,127,1.5,2.5,1.5
1783006713017,2026-07-02 17:38:33.017,C3:00:00:63:4C:D2,-70,127,1.5,2.5,1.5
1783006713027,2026-07-02 17:38:33.027,C3:00:00:63:4D:09,-62,127,1.5,2.5,1.5
1783006713029,2026-07-02 17:38:33.029,C3:00:00:63:4D:05,-58,127,1.5,2.5,1.5
1783006713032,2026-07-02 17:38:33.032,C3:00:00:63:4D:07,-58,127,1.5,2.5,1.5
1783006713034,2026-07-02 17:38:33.034,C3:00:00:63:4D:08,-62,127,1.5,2.5,1.5
1783006713041,2026-07-02 17:38:33.041,C3:00:00:63:4D:05,-58,127,1.5,2.5,1.5
1783006713050,2026-07-02 17:38:33.050,C3:00:00:63:4D:0D,-61,127,1.5,2.5,1.5
1783006713078,2026-07-02 17:38:33.078,C3:00:00:63:4D:0D,-62,127,1.5,2.5,1.5
1783006713100,2026-07-02 17:38:33.100,C3:00:00:63:4D:05,-58,127,1.5,2.5,1.5
1783006713107,2026-07-02 17:38:33.107,C3:00:00:63:4D:0D,-61,127,1.5,2.5,1.5
1783006713116,2026-07-02 17:38:33.116,C3:00:00:63:4C:D2,-62,127,1.5,2.5,1.5
1783006713129,2026-07-02 17:38:33.129,C3:00:00:63:4D:09,-60,127,1.5,2.5,1.5
1783006713147,2026-07-02 17:38:33.147,C3:00:00:63:4D:08,-54,127,1.5,2.5,1.5
1783006713152,2026-07-02 17:38:33.152,C3:00:00:63:4D:07,-54,127,1.5,2.5,1.5
1783006713160,2026-07-02 17:38:33.160,C3:00:00:63:4D:05,-64,127,1.5,2.5,1.5
1783006713166,2026-07-02 17:38:33.166,C3:00:00:63:4D:0D,-54,127,1.5,2.5,1.5
1783006713213,2026-07-02 17:38:33.213,C3:00:00:63:4D:04,-62,127,1.5,2.5,1.5
1783006713220,2026-07-02 17:38:33.220,C3:00:00:63:4D:0A,-52,127,1.5,2.5,1.5
1783006713238,2026-07-02 17:38:33.238,C3:00:00:63:4C:D2,-70,127,1.5,2.5,1.5
1783006713244,2026-07-02 17:38:33.244,C3:00:00:63:4D:08,-54,127,1.5,2.5,1.5
1783006713252,2026-07-02 17:38:33.252,C3:00:00:63:4D:07,-59,127,1.5,2.5,1.5
1783006713267,2026-07-02 17:38:33.267,C3:00:00:63:4D:0D,-54,127,1.5,2.5,1.5
1783006713277,2026-07-02 17:38:33.277,C3:00:00:63:4D:05,-64,127,1.5,2.5,1.5
1783006713333,2026-07-02 17:38:33.333,C3:00:00:63:4D:09,-62,127,1.5,2.5,1.5
1783006713363,2026-07-02 17:38:33.363,C3:00:00:63:4D:09,-62,127,1.5,2.5,1.5
1783006713369,2026-07-02 17:38:33.369,C3:00:00:63:4D:07,-58,127,1.5,2.5,1.5
1783006713390,2026-07-02 17:38:33.390,C3:00:00:63:4D:05,-58,127,1.5,2.5,1.5
1783006713396,2026-07-02 17:38:33.396,C3:00:00:63:4D:07,-66,127,1.5,2.5,1.5
1783006713433,2026-07-02 17:38:33.433,C3:00:00:63:4D:04,-62,127,1.5,2.5,1.5
1783006713468,2026-07-02 17:38:33.468,C3:00:00:63:4D:08,-54,127,1.5,2.5,1.5
1783006713479,2026-07-02 17:38:33.479,C3:00:00:63:4C:D2,-62,127,1.5,2.5,1.5
1783006713498,2026-07-02 17:38:33.498,C3:00:00:63:4D:05,-64,127,1.5,2.5,1.5
1783006713539,2026-07-02 17:38:33.539,C3:00:00:63:4D:04,-61,127,1.5,2.5,1.5
1783006713555,2026-07-02 17:38:33.555,C3:00:00:63:4D:0A,-51,127,1.5,2.5,1.5
1783006713573,2026-07-02 17:38:33.573,C3:00:00:63:4D:08,-56,127,1.5,2.5,1.5
1783006713578,2026-07-02 17:38:33.578,C3:00:00:63:4D:0D,-55,127,1.5,2.5,1.5
1783006713584,2026-07-02 17:38:33.584,C3:00:00:63:4C:D2,-72,127,1.5,2.5,1.5
1783006713593,2026-07-02 17:38:33.593,C3:00:00:63:4D:09,-64,127,1.5,2.5,1.5
1783006713600,2026-07-02 17:38:33.600,C3:00:00:63:4D:07,-57,127,1.5,2.5,1.5
1783006713621,2026-07-02 17:38:33.621,C3:00:00:63:4D:05,-58,127,1.5,2.5,1.5
1783006713653,2026-07-02 17:38:33.653,C3:00:00:63:4D:04,-58,127,1.5,2.5,1.5
1783006713669,2026-07-02 17:38:33.669,C3:00:00:63:4D:0A,-56,127,1.5,2.5,1.5
1783006713698,2026-07-02 17:38:33.698,C3:00:00:63:4C:D2,-66,127,1.5,2.5,1.5
1783006713706,2026-07-02 17:38:33.706,C3:00:00:63:4D:09,-62,127,1.5,2.5,1.5
1783006713712,2026-07-02 17:38:33.712,C3:00:00:63:4D:07,-58,127,1.5,2.5,1.5
1783006713730,2026-07-02 17:38:33.730,C3:00:00:63:4D:05,-64,127,1.5,2.5,1.5
1783006713790,2026-07-02 17:38:33.790,C3:00:00:63:4D:08,-54,127,1.5,2.5,1.5
1783006713795,2026-07-02 17:38:33.795,C3:00:00:63:4D:0D,-54,127,1.5,2.5,1.5
1783006713816,2026-07-02 17:38:33.816,C3:00:00:63:4D:04,-62,127,1.5,2.5,1.5
1783006713820,2026-07-02 17:38:33.820,C3:00:00:63:4D:09,-64,127,1.5,2.5,1.5
1783006713830,2026-07-02 17:38:33.830,C3:00:00:63:4D:07,-57,127,1.5,2.5,1.5
1783006713847,2026-07-02 17:38:33.847,C3:00:00:63:4D:05,-65,127,1.5,2.5,1.5
1783006713868,2026-07-02 17:38:33.868,C3:00:00:63:4D:04,-61,127,1.5,2.5,1.5
1783006713895,2026-07-02 17:38:33.895,C3:00:00:63:4C:D2,-72,127,1.5,2.5,1.5
1783006713902,2026-07-02 17:38:33.902,C3:00:00:63:4D:08,-57,127,1.5,2.5,1.5
1783006713918,2026-07-02 17:38:33.918,C3:00:00:63:4D:0D,-60,127,1.5,2.5,1.5
1783006713924,2026-07-02 17:38:33.924,C3:00:00:63:4D:08,-59,127,1.5,2.5,1.5
1783006713927,2026-07-02 17:38:33.927,C3:00:00:63:4C:D2,-64,127,1.5,2.5,1.5
1783006713929,2026-07-02 17:38:33.929,C3:00:00:63:4D:09,-62,127,1.5,2.5,1.5
1783006713963,2026-07-02 17:38:33.963,C3:00:00:63:4D:05,-58,127,1.5,2.5,1.5
1783006713968,2026-07-02 17:38:33.968,C3:00:00:63:4D:0A,-56,127,1.5,2.5,1.5
1783006713971,2026-07-02 17:38:33.971,C3:00:00:63:4D:04,-58,127,1.5,2.5,1.5
1783006713996,2026-07-02 17:38:33.996,C3:00:00:63:4D:0D,-61,127,1.5,2.5,1.5
1783006714017,2026-07-02 17:38:34.017,C3:00:00:63:4D:0A,-56,127,1.5,2.5,1.5
1783006714041,2026-07-02 17:38:34.041,C3:00:00:63:4C:D2,-62,127,1.5,2.5,1.5
1783006714054,2026-07-02 17:38:34.054,C3:00:00:63:4D:07,-54,127,1.5,2.5,1.5
1783006714077,2026-07-02 17:38:34.077,C3:00:00:63:4D:05,-63,127,1.5,2.5,1.5
1783006714083,2026-07-02 17:38:34.083,C3:00:00:63:4D:04,-62,127,1.5,2.5,1.5
1783006714109,2026-07-02 17:38:34.109,C3:00:00:63:4D:0D,-54,127,1.5,2.5,1.5
1783006714118,2026-07-02 17:38:34.118,C3:00:00:63:4D:0A,-52,127,1.5,2.5,1.5
1783006714159,2026-07-02 17:38:34.159,C3:00:00:63:4D:09,-64,127,1.5,2.5,1.5
1783006714180,2026-07-02 17:38:34.180,C3:00:00:63:4D:07,-57,127,1.5,2.5,1.5
1783006714188,2026-07-02 17:38:34.188,C3:00:00:63:4D:07,-58,127,1.5,2.5,1.5
1783006714211,2026-07-02 17:38:34.211,C3:00:00:63:4D:07,-60,127,1.5,2.5,1.5
1783006714232,2026-07-02 17:38:34.232,C3:00:00:63:4D:08,-62,127,1.5,2.5,1.5
1783006714242,2026-07-02 17:38:34.242,C3:00:00:63:4D:0A,-56,127,1.5,2.5,1.5
1783006714278,2026-07-02 17:38:34.278,C3:00:00:63:4C:D2,-66,127,1.5,2.5,1.5
1783006714284,2026-07-02 17:38:34.284,C3:00:00:63:4D:09,-62,127,1.5,2.5,1.5
1783006714294,2026-07-02 17:38:34.294,C3:00:00:63:4D:07,-58,127,1.5,2.5,1.5
1783006714312,2026-07-02 17:38:34.312,C3:00:00:63:4D:04,-58,127,1.5,2.5,1.5
1783006714318,2026-07-02 17:38:34.318,C3:00:00:63:4D:0D,-61,127,1.5,2.5,1.5
1783006714340,2026-07-02 17:38:34.340,C3:00:00:63:4D:08,-54,127,1.5,2.5,1.5
1783006714347,2026-07-02 17:38:34.347,C3:00:00:63:4D:0A,-60,127,1.5,2.5,1.5
1783006714384,2026-07-02 17:38:34.384,C3:00:00:63:4C:D2,-62,127,1.5,2.5,1.5
1783006714386,2026-07-02 17:38:34.386,C3:00:00:63:4D:09,-60,127,1.5,2.5,1.5
1783006714406,2026-07-02 17:38:34.406,C3:00:00:63:4D:07,-54,127,1.5,2.5,1.5
1783006714423,2026-07-02 17:38:34.423,C3:00:00:63:4D:04,-61,127,1.5,2.5,1.5
1783006714433,2026-07-02 17:38:34.433,C3:00:00:63:4D:05,-65,127,1.5,2.5,1.5
1783006714436,2026-07-02 17:38:34.436,C3:00:00:63:4D:0D,-54,127,1.5,2.5,1.5
1783006714444,2026-07-02 17:38:34.444,C3:00:00:63:4D:08,-56,127,1.5,2.5,1.5
1783006714459,2026-07-02 17:38:34.459,C3:00:00:63:4D:0A,-52,127,1.5,2.5,1.5
1783006714480,2026-07-02 17:38:34.480,C3:00:00:63:4D:09,-65,127,1.5,2.5,1.5
1783006714502,2026-07-02 17:38:34.502,C3:00:00:63:4C:D2,-70,127,1.5,2.5,1.5
1783006714511,2026-07-02 17:38:34.511,C3:00:00:63:4D:09,-64,127,1.5,2.5,1.5
1783006714516,2026-07-02 17:38:34.516,C3:00:00:63:4D:07,-58,127,1.5,2.5,1.5
1783006714526,2026-07-02 17:38:34.526,C3:00:00:63:4D:04,-57,127,1.5,2.5,1.5
1783006714528,2026-07-02 17:38:34.528,C3:00:00:63:4D:0D,-60,127,1.5,2.5,1.5
1783006714540,2026-07-02 17:38:34.540,C3:00:00:63:4D:05,-58,127,1.5,2.5,1.5
1783006714559,2026-07-02 17:38:34.559,C3:00:00:63:4D:08,-60,127,1.5,2.5,1.5
1783006714616,2026-07-02 17:38:34.616,C3:00:00:63:4D:09,-62,127,1.5,2.5,1.5
1783006714624,2026-07-02 17:38:34.624,C3:00:00:63:4C:D2,-62,127,1.5,2.5,1.5
1783006714643,2026-07-02 17:38:34.643,C3:00:00:63:4D:04,-64,127,1.5,2.5,1.5
1783006714662,2026-07-02 17:38:34.662,C3:00:00:63:4D:05,-64,127,1.5,2.5,1.5
1783006714664,2026-07-02 17:38:34.664,C3:00:00:63:4D:08,-54,127,1.5,2.5,1.5
1783006714689,2026-07-02 17:38:34.689,C3:00:00:63:4D:0A,-60,127,1.5,2.5,1.5
1783006714695,2026-07-02 17:38:34.695,C3:00:00:63:4D:08,-54,127,1.5,2.5,1.5
1783006714728,2026-07-02 17:38:34.728,C3:00:00:63:4D:09,-67,127,1.5,2.5,1.5
1783006714735,2026-07-02 17:38:34.735,C3:00:00:63:4C:D2,-72,127,1.5,2.5,1.5
1783006714751,2026-07-02 17:38:34.751,C3:00:00:63:4D:08,-56,127,1.5,2.5,1.5
1783006714753,2026-07-02 17:38:34.753,C3:00:00:63:4D:07,-60,127,1.5,2.5,1.5
1783006714765,2026-07-02 17:38:34.765,C3:00:00:63:4D:08,-65,127,1.5,2.5,1.5
1783006714768,2026-07-02 17:38:34.768,C3:00:00:63:4D:05,-67,127,1.5,2.5,1.5
1783006714791,2026-07-02 17:38:34.791,C3:00:00:63:4D:08,-56,127,1.5,2.5,1.5
1783006714808,2026-07-02 17:38:34.808,C3:00:00:63:4D:0A,-52,127,1.5,2.5,1.5
1783006714847,2026-07-02 17:38:34.847,C3:00:00:63:4C:D2,-64,127,1.5,2.5,1.5
1783006714856,2026-07-02 17:38:34.856,C3:00:00:63:4D:04,-57,127,1.5,2.5,1.5
1783006714864,2026-07-02 17:38:34.864,C3:00:00:63:4D:07,-56,127,1.5,2.5,1.5
1783006714875,2026-07-02 17:38:34.875,C3:00:00:63:4D:09,-63,127,1.5,2.5,1.5
1783006714883,2026-07-02 17:38:34.883,C3:00:00:63:4D:08,-59,127,1.5,2.5,1.5
1783006714885,2026-07-02 17:38:34.885,C3:00:00:63:4D:05,-58,127,1.5,2.5,1.5
1783006714903,2026-07-02 17:38:34.903,C3:00:00:63:4D:0A,-56,127,1.5,2.5,1.5
1783006714934,2026-07-02 17:38:34.934,C3:00:00:63:4D:05,-70,127,1.5,2.5,1.5
1783006714960,2026-07-02 17:38:34.960,C3:00:00:63:4D:0D,-54,127,1.5,2.5,1.5
1783006714966,2026-07-02 17:38:34.966,C3:00:00:63:4D:04,-62,127,1.5,2.5,1.5
1783006714972,2026-07-02 17:38:34.972,C3:00:00:63:4C:D2,-62,127,1.5,2.5,1.5
1783006714987,2026-07-02 17:38:34.987,C3:00:00:63:4D:08,-54,127,1.5,2.5,1.5
1783006714995,2026-07-02 17:38:34.995,C3:00:00:63:4D:05,-63,127,1.5,2.5,1.5
1783006715002,2026-07-02 17:38:35.002,C3:00:00:63:4D:07,-54,127,1.5,2.5,1.5
1783006715021,2026-07-02 17:38:35.021,C3:00:00:63:4D:0A,-52,127,1.5,2.5,1.5
1783006715059,2026-07-02 17:38:35.059,C3:00:00:63:4D:0D,-54,127,1.5,2.5,1.5
1783006715078,2026-07-02 17:38:35.078,C3:00:00:63:4C:D2,-70,127,1.5,2.5,1.5
1783006715084,2026-07-02 17:38:35.084,C3:00:00:63:4D:0D,-54,127,1.5,2.5,1.5
1783006715106,2026-07-02 17:38:35.106,C3:00:00:63:4D:08,-56,127,1.5,2.5,1.5
1783006715108,2026-07-02 17:38:35.108,C3:00:00:63:4D:0D,-54,127,1.5,2.5,1.5
1783006715113,2026-07-02 17:38:35.113,C3:00:00:63:4D:05,-65,127,1.5,2.5,1.5
1783006715119,2026-07-02 17:38:35.119,C3:00:00:63:4D:05,-58,127,1.5,2.5,1.5
1783006715136,2026-07-02 17:38:35.136,C3:00:00:63:4D:0A,-55,127,1.5,2.5,1.5
1783006715155,2026-07-02 17:38:35.155,C3:00:00:63:4D:0D,-60,127,1.5,2.5,1.5
1783006715180,2026-07-02 17:38:35.180,C3:00:00:63:4D:04,-57,127,1.5,2.5,1.5
1783006715192,2026-07-02 17:38:35.192,C3:00:00:63:4C:D2,-66,127,1.5,2.5,1.5
1783006715198,2026-07-02 17:38:35.198,C3:00:00:63:4D:09,-62,127,1.5,2.5,1.5
1783006715231,2026-07-02 17:38:35.231,C3:00:00:63:4D:05,-63,127,1.5,2.5,1.5
1783006715256,2026-07-02 17:38:35.256,C3:00:00:63:4D:0A,-60,127,1.5,2.5,1.5
1783006715262,2026-07-02 17:38:35.262,C3:00:00:63:4D:0D,-54,127,1.5,2.5,1.5
1783006715289,2026-07-02 17:38:35.289,C3:00:00:63:4D:04,-62,127,1.5,2.5,1.5
1783006715297,2026-07-02 17:38:35.297,C3:00:00:63:4D:09,-60,127,1.5,2.5,1.5
1783006715311,2026-07-02 17:38:35.311,C3:00:00:63:4C:D2,-62,127,1.5,2.5,1.5
1783006715329,2026-07-02 17:38:35.329,C3:00:00:63:4D:07,-57,127,1.5,2.5,1.5
1783006715346,2026-07-02 17:38:35.346,C3:00:00:63:4D:05,-65,127,1.5,2.5,1.5
1783006715352,2026-07-02 17:38:35.352,C3:00:00:63:4D:09,-64,127,1.5,2.5,1.5
1783006715361,2026-07-02 17:38:35.361,C3:00:00:63:4D:0A,-52,127,1.5,2.5,1.5
1783006715368,2026-07-02 17:38:35.368,C3:00:00:63:4D:0D,-54,127,1.5,2.5,1.5
1783006715383,2026-07-02 17:38:35.383,C3:00:00:63:4D:0A,-52,127,1.5,2.5,1.5
1783006715395,2026-07-02 17:38:35.395,C3:00:00:63:4D:04,-61,127,1.5,2.5,1.5
1783006715415,2026-07-02 17:38:35.415,C3:00:00:63:4D:09,-64,127,1.5,2.5,1.5
1783006715424,2026-07-02 17:38:35.424,C3:00:00:63:4C:D2,-66,127,1.5,2.5,1.5
1783006715433,2026-07-02 17:38:35.433,C3:00:00:63:4D:08,-62,127,1.5,2.5,1.5
1783006715436,2026-07-02 17:38:35.436,C3:00:00:63:4D:07,-58,127,1.5,2.5,1.5
1783006715453,2026-07-02 17:38:35.453,C3:00:00:63:4D:05,-58,127,1.5,2.5,1.5
1783006715470,2026-07-02 17:38:35.470,C3:00:00:63:4D:0D,-61,127,1.5,2.5,1.5
1783006715499,2026-07-02 17:38:35.499,C3:00:00:63:4D:04,-57,127,1.5,2.5,1.5
1783006715527,2026-07-02 17:38:35.527,C3:00:00:63:4D:09,-60,127,1.5,2.5,1.5
1783006715530,2026-07-02 17:38:35.530,C3:00:00:63:4D:08,-54,127,1.5,2.5,1.5
1783006715541,2026-07-02 17:38:35.541,C3:00:00:63:4C:D2,-62,127,1.5,2.5,1.5
1783006715552,2026-07-02 17:38:35.552,C3:00:00:63:4D:07,-54,127,1.5,2.5,1.5
1783006715569,2026-07-02 17:38:35.569,C3:00:00:63:4D:05,-63,127,1.5,2.5,1.5
1783006715574,2026-07-02 17:38:35.574,C3:00:00:63:4D:04,-70,127,1.5,2.5,1.5
1783006715598,2026-07-02 17:38:35.598,C3:00:00:63:4D:0A,-60,127,1.5,2.5,1.5
1783006715622,2026-07-02 17:38:35.622,C3:00:00:63:4D:04,-61,127,1.5,2.5,1.5
1783006715648,2026-07-02 17:38:35.648,C3:00:00:63:4D:08,-56,127,1.5,2.5,1.5
1783006715673,2026-07-02 17:38:35.673,C3:00:00:63:4D:07,-58,127,1.5,2.5,1.5
1783006715684,2026-07-02 17:38:35.684,C3:00:00:63:4D:0D,-54,127,1.5,2.5,1.5
1783006715693,2026-07-02 17:38:35.693,C3:00:00:63:4D:05,-65,127,1.5,2.5,1.5
1783006715701,2026-07-02 17:38:35.701,C3:00:00:63:4D:0A,-52,127,1.5,2.5,1.5
1783006715721,2026-07-02 17:38:35.721,C3:00:00:63:4D:04,-58,127,1.5,2.5,1.5
1783006715758,2026-07-02 17:38:35.758,C3:00:00:63:4D:08,-62,127,1.5,2.5,1.5
1783006715765,2026-07-02 17:38:35.765,C3:00:00:63:4D:09,-62,127,1.5,2.5,1.5
1783006715781,2026-07-02 17:38:35.781,C3:00:00:63:4C:D2,-66,127,1.5,2.5,1.5
1783006715789,2026-07-02 17:38:35.789,C3:00:00:63:4D:07,-58,127,1.5,2.5,1.5
1783006715799,2026-07-02 17:38:35.799,C3:00:00:63:4D:04,-58,127,1.5,2.5,1.5
1783006715806,2026-07-02 17:38:35.806,C3:00:00:63:4D:05,-58,127,1.5,2.5,1.5
1783006715813,2026-07-02 17:38:35.813,C3:00:00:63:4D:0A,-55,127,1.5,2.5,1.5
1783006715816,2026-07-02 17:38:35.816,C3:00:00:63:4D:04,-64,127,1.5,2.5,1.5
1783006715842,2026-07-02 17:38:35.842,C3:00:00:63:4D:04,-62,127,1.5,2.5,1.5
1783006715860,2026-07-02 17:38:35.860,C3:00:00:63:4D:08,-54,127,1.5,2.5,1.5
1783006715898,2026-07-02 17:38:35.898,C3:00:00:63:4D:0D,-54,127,1.5,2.5,1.5
1783006715902,2026-07-02 17:38:35.902,C3:00:00:63:4D:08,-54,127,1.5,2.5,1.5
1783006715911,2026-07-02 17:38:35.911,C3:00:00:63:4D:07,-54,127,1.5,2.5,1.5
1783006715915,2026-07-02 17:38:35.915,C3:00:00:63:4C:D2,-62,127,1.5,2.5,1.5
1783006715918,2026-07-02 17:38:35.918,C3:00:00:63:4D:05,-65,127,1.5,2.5,1.5
1783006715932,2026-07-02 17:38:35.932,C3:00:00:63:4D:0A,-52,127,1.5,2.5,1.5
1783006715941,2026-07-02 17:38:35.941,C3:00:00:63:4D:04,-61,127,1.5,2.5,1.5
1783006715973,2026-07-02 17:38:35.973,C3:00:00:63:4D:0A,-52,127,1.5,2.5,1.5
1783006715981,2026-07-02 17:38:35.981,C3:00:00:63:4D:09,-64,127,1.5,2.5,1.5
1783006716001,2026-07-02 17:38:36.001,C3:00:00:63:4D:0D,-54,127,1.5,2.5,1.5
1783006716021,2026-07-02 17:38:36.021,C3:00:00:63:4C:D2,-70,127,1.5,2.5,1.5
1783006716024,2026-07-02 17:38:36.024,C3:00:00:63:4D:07,-58,127,1.5,2.5,1.5
1783006716030,2026-07-02 17:38:36.030,C3:00:00:63:4D:05,-58,127,1.5,2.5,1.5
1783006716045,2026-07-02 17:38:36.045,C3:00:00:63:4D:0A,-56,127,1.5,2.5,1.5
1783006716052,2026-07-02 17:38:36.052,C3:00:00:63:4D:04,-58,127,1.5,2.5,1.5
1783006716059,2026-07-02 17:38:36.059,C3:00:00:63:4D:05,-58,127,1.5,2.5,1.5
1783006716072,2026-07-02 17:38:36.072,C3:00:00:63:4D:0D,-69,127,1.5,2.5,1.5
1783006716078,2026-07-02 17:38:36.078,C3:00:00:63:4D:08,-62,127,1.5,2.5,1.5
1783006716096,2026-07-02 17:38:36.096,C3:00:00:63:4D:09,-62,127,1.5,2.5,1.5
1783006716100,2026-07-02 17:38:36.100,C3:00:00:63:4D:0D,-62,127,1.5,2.5,1.5
1783006716109,2026-07-02 17:38:36.109,C3:00:00:63:4C:D2,-66,127,1.5,2.5,1.5
1783006716126,2026-07-02 17:38:36.126,C3:00:00:63:4D:07,-54,127,1.5,2.5,1.5
1783006716129,2026-07-02 17:38:36.129,C3:00:00:63:4D:0A,-68,127,1.5,2.5,1.5
1783006716151,2026-07-02 17:38:36.151,C3:00:00:63:4D:05,-63,127,1.5,2.5,1.5
1783006716159,2026-07-02 17:38:36.159,C3:00:00:63:4D:0A,-60,127,1.5,2.5,1.5
1783006716168,2026-07-02 17:38:36.168,C3:00:00:63:4D:04,-63,127,1.5,2.5,1.5
1783006716187,2026-07-02 17:38:36.187,C3:00:00:63:4D:08,-54,127,1.5,2.5,1.5
1783006716201,2026-07-02 17:38:36.201,C3:00:00:63:4D:0D,-54,127,1.5,2.5,1.5
1783006716223,2026-07-02 17:38:36.223,C3:00:00:63:4C:D2,-72,127,1.5,2.5,1.5
1783006716250,2026-07-02 17:38:36.250,C3:00:00:63:4D:07,-60,127,1.5,2.5,1.5
1783006716267,2026-07-02 17:38:36.267,C3:00:00:63:4D:04,-62,127,1.5,2.5,1.5
1783006716275,2026-07-02 17:38:36.275,C3:00:00:63:4D:05,-67,127,1.5,2.5,1.5
1783006716302,2026-07-02 17:38:36.302,C3:00:00:63:4D:08,-56,127,1.5,2.5,1.5
1783006716315,2026-07-02 17:38:36.315,C3:00:00:63:4D:0D,-55,127,1.5,2.5,1.5
1783006716320,2026-07-02 17:38:36.320,C3:00:00:63:4D:09,-62,127,1.5,2.5,1.5
1783006716343,2026-07-02 17:38:36.343,C3:00:00:63:4C:D2,-64,127,1.5,2.5,1.5
1783006716359,2026-07-02 17:38:36.359,C3:00:00:63:4D:07,-56,127,1.5,2.5,1.5
1783006716376,2026-07-02 17:38:36.376,C3:00:00:63:4D:05,-58,127,1.5,2.5,1.5
1783006716382,2026-07-02 17:38:36.382,C3:00:00:63:4D:0A,-55,127,1.5,2.5,1.5
1783006716384,2026-07-02 17:38:36.384,C3:00:00:63:4D:04,-57,127,1.5,2.5,1.5
1783006716410,2026-07-02 17:38:36.410,C3:00:00:63:4D:08,-59,127,1.5,2.5,1.5
1783006716416,2026-07-02 17:38:36.416,C3:00:00:63:4D:0D,-60,127,1.5,2.5,1.5
1783006716439,2026-07-02 17:38:36.439,C3:00:00:63:4D:09,-60,127,1.5,2.5,1.5
1783006716453,2026-07-02 17:38:36.453,C3:00:00:63:4C:D2,-62,127,1.5,2.5,1.5
1783006716478,2026-07-02 17:38:36.478,C3:00:00:63:4D:07,-54,127,1.5,2.5,1.5
1783006716485,2026-07-02 17:38:36.485,C3:00:00:63:4D:04,-63,127,1.5,2.5,1.5
1783006716521,2026-07-02 17:38:36.521,C3:00:00:63:4D:08,-56,127,1.5,2.5,1.5
1783006716524,2026-07-02 17:38:36.524,C3:00:00:63:4D:0D,-55,127,1.5,2.5,1.5
1783006716538,2026-07-02 17:38:36.538,C3:00:00:63:4C:D2,-80,127,1.5,2.5,1.5
1783006716574,2026-07-02 17:38:36.574,C3:00:00:63:4C:D2,-71,127,1.5,2.5,1.5
1783006716592,2026-07-02 17:38:36.592,C3:00:00:63:4D:07,-57,127,1.5,2.5,1.5
1783006716595,2026-07-02 17:38:36.595,C3:00:00:63:4D:04,-61,127,1.5,2.5,1.5
1783006716612,2026-07-02 17:38:36.612,C3:00:00:63:4D:0A,-52,127,1.5,2.5,1.5
1783006716624,2026-07-02 17:38:36.624,C3:00:00:63:4D:08,-62,127,1.5,2.5,1.5
1783006716627,2026-07-02 17:38:36.627,C3:00:00:63:4D:0D,-61,127,1.5,2.5,1.5
1783006716669,2026-07-02 17:38:36.669,C3:00:00:63:4D:09,-62,127,1.5,2.5,1.5
1783006716686,2026-07-02 17:38:36.686,C3:00:00:63:4C:D2,-66,127,1.5,2.5,1.5
1783006716707,2026-07-02 17:38:36.707,C3:00:00:63:4D:08,-62,127,1.5,2.5,1.5
1783006716717,2026-07-02 17:38:36.717,C3:00:00:63:4D:0A,-60,127,1.5,2.5,1.5
1783006716725,2026-07-02 17:38:36.725,C3:00:00:63:4D:05,-63,127,1.5,2.5,1.5
1783006716740,2026-07-02 17:38:36.740,C3:00:00:63:4D:08,-54,127,1.5,2.5,1.5
1783006716785,2026-07-02 17:38:36.785,C3:00:00:63:4D:09,-60,127,1.5,2.5,1.5
1783006716807,2026-07-02 17:38:36.807,C3:00:00:63:4C:D2,-62,127,1.5,2.5,1.5
1783006716812,2026-07-02 17:38:36.812,C3:00:00:63:4D:04,-62,127,1.5,2.5,1.5
1783006716824,2026-07-02 17:38:36.824,C3:00:00:63:4D:07,-58,127,1.5,2.5,1.5
1783006716840,2026-07-02 17:38:36.840,C3:00:00:63:4D:0A,-52,127,1.5,2.5,1.5
1783006716843,2026-07-02 17:38:36.843,C3:00:00:63:4D:05,-65,127,1.5,2.5,1.5
1783006716848,2026-07-02 17:38:36.848,C3:00:00:63:4D:08,-56,127,1.5,2.5,1.5
1783006716863,2026-07-02 17:38:36.863,C3:00:00:63:4D:0A,-52,127,1.5,2.5,1.5
1783006716871,2026-07-02 17:38:36.871,C3:00:00:63:4D:09,-64,127,1.5,2.5,1.5
1783006716898,2026-07-02 17:38:36.898,C3:00:00:63:4D:09,-64,127,1.5,2.5,1.5
1783006716919,2026-07-02 17:38:36.919,C3:00:00:63:4C:D2,-66,127,1.5,2.5,1.5
1783006716928,2026-07-02 17:38:36.928,C3:00:00:63:4D:04,-58,127,1.5,2.5,1.5
1783006716946,2026-07-02 17:38:36.946,C3:00:00:63:4D:07,-58,127,1.5,2.5,1.5
1783006716948,2026-07-02 17:38:36.948,C3:00:00:63:4D:0D,-61,127,1.5,2.5,1.5
1783006716953,2026-07-02 17:38:36.953,C3:00:00:63:4D:0A,-56,127,1.5,2.5,1.5
1783006716955,2026-07-02 17:38:36.955,C3:00:00:63:4D:05,-58,127,1.5,2.5,1.5
1783006716957,2026-07-02 17:38:36.957,C3:00:00:63:4D:08,-62,127,1.5,2.5,1.5
1783006717001,2026-07-02 17:38:37.001,C3:00:00:63:4D:07,-58,127,1.5,2.5,1.5
1783006717009,2026-07-02 17:38:37.009,C3:00:00:63:4D:09,-62,127,1.5,2.5,1.5
1783006717025,2026-07-02 17:38:37.025,C3:00:00:63:4D:04,-62,127,1.5,2.5,1.5
1783006717045,2026-07-02 17:38:37.045,C3:00:00:63:4D:0D,-54,127,1.5,2.5,1.5
1783006717048,2026-07-02 17:38:37.048,C3:00:00:63:4D:07,-54,127,1.5,2.5,1.5
1783006717054,2026-07-02 17:38:37.054,C3:00:00:63:4D:0A,-60,127,1.5,2.5,1.5
1783006717067,2026-07-02 17:38:37.067,C3:00:00:63:4D:0D,-54,127,1.5,2.5,1.5
1783006717124,2026-07-02 17:38:37.124,C3:00:00:63:4D:09,-68,127,1.5,2.5,1.5
1783006717174,2026-07-02 17:38:37.174,C3:00:00:63:4D:07,-59,127,1.5,2.5,1.5
1783006717179,2026-07-02 17:38:37.179,C3:00:00:63:4D:0A,-52,127,1.5,2.5,1.5
1783006717184,2026-07-02 17:38:37.184,C3:00:00:63:4D:08,-56,127,1.5,2.5,1.5
1783006717187,2026-07-02 17:38:37.187,C3:00:00:63:4D:05,-67,127,1.5,2.5,1.5
1783006717234,2026-07-02 17:38:37.234,C3:00:00:63:4D:09,-62,127,1.5,2.5,1.5
1783006717264,2026-07-02 17:38:37.264,C3:00:00:63:4C:D2,-64,127,1.5,2.5,1.5
1783006717275,2026-07-02 17:38:37.275,C3:00:00:63:4D:07,-56,127,1.5,2.5,1.5
1783006717291,2026-07-02 17:38:37.291,C3:00:00:63:4D:08,-59,127,1.5,2.5,1.5
1783006717298,2026-07-02 17:38:37.298,C3:00:00:63:4D:0A,-55,127,1.5,2.5,1.5
1783006717304,2026-07-02 17:38:37.304,C3:00:00:63:4D:05,-58,127,1.5,2.5,1.5
1783006717355,2026-07-02 17:38:37.355,C3:00:00:63:4D:09,-59,127,1.5,2.5,1.5
1783006717358,2026-07-02 17:38:37.358,C3:00:00:63:4D:04,-63,127,1.5,2.5,1.5
1783006717362,2026-07-02 17:38:37.362,C3:00:00:63:4D:0D,-54,127,1.5,2.5,1.5
1783006717372,2026-07-02 17:38:37.372,C3:00:00:63:4D:09,-60,127,1.5,2.5,1.5
1783006717378,2026-07-02 17:38:37.378,C3:00:00:63:4C:D2,-62,127,1.5,2.5,1.5
1783006717382,2026-07-02 17:38:37.382,C3:00:00:63:4D:07,-61,127,1.5,2.5,1.5
1783006717390,2026-07-02 17:38:37.390,C3:00:00:63:4D:08,-54,127,1.5,2.5,1.5
1783006717391,2026-07-02 17:38:37.391,C3:00:00:63:4D:0A,-61,127,1.5,2.5,1.5
1783006717403,2026-07-02 17:38:37.403,C3:00:00:63:4D:07,-54,127,1.5,2.5,1.5
1783006717413,2026-07-02 17:38:37.413,C3:00:00:63:4D:0A,-61,127,1.5,2.5,1.5
1783006717460,2026-07-02 17:38:37.460,C3:00:00:63:4C:D2,-72,127,1.5,2.5,1.5
1783006717465,2026-07-02 17:38:37.465,C3:00:00:63:4D:09,-68,127,1.5,2.5,1.5
1783006717470,2026-07-02 17:38:37.470,C3:00:00:63:4D:0D,-55,127,1.5,2.5,1.5
1783006717473,2026-07-02 17:38:37.473,C3:00:00:63:4D:04,-62,127,1.5,2.5,1.5
1783006717503,2026-07-02 17:38:37.503,C3:00:00:63:4D:07,-60,127,1.5,2.5,1.5
1783006717527,2026-07-02 17:38:37.527,C3:00:00:63:4D:05,-58,127,1.5,2.5,1.5
1783006717582,2026-07-02 17:38:37.582,C3:00:00:63:4D:09,-62,127,1.5,2.5,1.5
1783006717602,2026-07-02 17:38:37.602,C3:00:00:63:4D:08,-62,127,1.5,2.5,1.5
1783006717608,2026-07-02 17:38:37.608,C3:00:00:63:4C:D2,-66,127,1.5,2.5,1.5
1783006717624,2026-07-02 17:38:37.624,C3:00:00:63:4D:0A,-60,127,1.5,2.5,1.5
1783006717627,2026-07-02 17:38:37.627,C3:00:00:63:4D:07,-54,127,1.5,2.5,1.5
1783006717639,2026-07-02 17:38:37.639,C3:00:00:63:4D:05,-64,127,1.5,2.5,1.5
1783006717680,2026-07-02 17:38:37.680,C3:00:00:63:4D:0D,-54,127,1.5,2.5,1.5
1783006717685,2026-07-02 17:38:37.685,C3:00:00:63:4D:04,-62,127,1.5,2.5,1.5
1783006717692,2026-07-02 17:38:37.692,C3:00:00:63:4D:09,-60,127,1.5,2.5,1.5
1783006717718,2026-07-02 17:38:37.718,C3:00:00:63:4D:08,-56,127,1.5,2.5,1.5
1783006717738,2026-07-02 17:38:37.738,C3:00:00:63:4D:0A,-52,127,1.5,2.5,1.5
1783006717764,2026-07-02 17:38:37.764,C3:00:00:63:4D:05,-65,127,1.5,2.5,1.5
1783006717793,2026-07-02 17:38:37.793,C3:00:00:63:4D:04,-61,127,1.5,2.5,1.5
1783006717818,2026-07-02 17:38:37.818,C3:00:00:63:4D:09,-64,127,1.5,2.5,1.5
1783006717824,2026-07-02 17:38:37.824,C3:00:00:63:4D:04,-58,127,1.5,2.5,1.5
1783006717828,2026-07-02 17:38:37.828,C3:00:00:63:4D:08,-61,127,1.5,2.5,1.5
1783006717835,2026-07-02 17:38:37.835,C3:00:00:63:4C:D2,-66,127,1.5,2.5,1.5
1783006717842,2026-07-02 17:38:37.842,C3:00:00:63:4D:04,-58,127,1.5,2.5,1.5
1783006717849,2026-07-02 17:38:37.849,C3:00:00:63:4D:0A,-56,127,1.5,2.5,1.5
1783006717855,2026-07-02 17:38:37.855,C3:00:00:63:4D:07,-58,127,1.5,2.5,1.5
1783006717864,2026-07-02 17:38:37.864,C3:00:00:63:4D:05,-58,127,1.5,2.5,1.5
1783006717888,2026-07-02 17:38:37.888,C3:00:00:63:4D:0D,-61,127,1.5,2.5,1.5
1783006717892,2026-07-02 17:38:37.892,C3:00:00:63:4C:D2,-66,127,1.5,2.5,1.5
1783006717907,2026-07-02 17:38:37.907,C3:00:00:63:4D:04,-58,127,1.5,2.5,1.5
1783006717923,2026-07-02 17:38:37.923,C3:00:00:63:4D:09,-60,127,1.5,2.5,1.5
1783006717929,2026-07-02 17:38:37.929,C3:00:00:63:4D:0D,-54,127,1.5,2.5,1.5
1783006717931,2026-07-02 17:38:37.931,C3:00:00:63:4D:08,-54,127,1.5,2.5,1.5
1783006717949,2026-07-02 17:38:37.949,C3:00:00:63:4C:D2,-62,127,1.5,2.5,1.5
1783006717968,2026-07-02 17:38:37.968,C3:00:00:63:4D:0A,-60,127,1.5,2.5,1.5
1783006717973,2026-07-02 17:38:37.973,C3:00:00:63:4D:07,-54,127,1.5,2.5,1.5
1783006717994,2026-07-02 17:38:37.994,C3:00:00:63:4D:0D,-54,127,1.5,2.5,1.5
1783006718011,2026-07-02 17:38:38.011,C3:00:00:63:4D:04,-62,127,1.5,2.5,1.5
1783006718038,2026-07-02 17:38:38.038,C3:00:00:63:4D:09,-64,127,1.5,2.5,1.5
1783006718042,2026-07-02 17:38:38.042,C3:00:00:63:4D:08,-56,127,1.5,2.5,1.5
1783006718048,2026-07-02 17:38:38.048,C3:00:00:63:4C:D2,-72,127,1.5,2.5,1.5
1783006718067,2026-07-02 17:38:38.067,C3:00:00:63:4C:D2,-71,127,1.5,2.5,1.5
1783006718079,2026-07-02 17:38:38.079,C3:00:00:63:4D:0A,-51,127,1.5,2.5,1.5
1783006718083,2026-07-02 17:38:38.083,C3:00:00:63:4D:05,-66,127,1.5,2.5,1.5
1783006718107,2026-07-02 17:38:38.107,C3:00:00:63:4D:05,-65,127,1.5,2.5,1.5
1783006718144,2026-07-02 17:38:38.144,C3:00:00:63:4D:09,-62,127,1.5,2.5,1.5
1783006718183,2026-07-02 17:38:38.183,C3:00:00:63:4C:D2,-66,127,1.5,2.5,1.5
1783006718189,2026-07-02 17:38:38.189,C3:00:00:63:4D:0A,-56,127,1.5,2.5,1.5
1783006718210,2026-07-02 17:38:38.210,C3:00:00:63:4D:07,-58,127,1.5,2.5,1.5
1783006718212,2026-07-02 17:38:38.212,C3:00:00:63:4D:0D,-61,127,1.5,2.5,1.5
1783006718224,2026-07-02 17:38:38.224,C3:00:00:63:4D:05,-64,127,1.5,2.5,1.5
1783006718233,2026-07-02 17:38:38.233,C3:00:00:63:4D:07,-54,127,1.5,2.5,1.5
1783006718245,2026-07-02 17:38:38.245,C3:00:00:63:4D:07,-54,127,1.5,2.5,1.5
1783006718254,2026-07-02 17:38:38.254,C3:00:00:63:4D:08,-54,127,1.5,2.5,1.5
1783006718264,2026-07-02 17:38:38.264,C3:00:00:63:4D:09,-60,127,1.5,2.5,1.5
1783006718299,2026-07-02 17:38:38.299,C3:00:00:63:4C:D2,-62,127,1.5,2.5,1.5
1783006718306,2026-07-02 17:38:38.306,C3:00:00:63:4D:0A,-60,127,1.5,2.5,1.5
1783006718331,2026-07-02 17:38:38.331,C3:00:00:63:4D:05,-65,127,1.5,2.5,1.5
1783006718342,2026-07-02 17:38:38.342,C3:00:00:63:4D:04,-61,127,1.5,2.5,1.5
1783006718376,2026-07-02 17:38:38.376,C3:00:00:63:4D:09,-68,127,1.5,2.5,1.5
1783006718414,2026-07-02 17:38:38.414,C3:00:00:63:4D:0D,-54,127,1.5,2.5,1.5
1783006718421,2026-07-02 17:38:38.421,C3:00:00:63:4D:0A,-56,127,1.5,2.5,1.5
1783006718449,2026-07-02 17:38:38.449,C3:00:00:63:4D:05,-58,127,1.5,2.5,1.5
1783006718455,2026-07-02 17:38:38.455,C3:00:00:63:4D:04,-58,127,1.5,2.5,1.5
1783006718479,2026-07-02 17:38:38.479,C3:00:00:63:4D:09,-62,127,1.5,2.5,1.5
1783006718485,2026-07-02 17:38:38.485,C3:00:00:63:4D:08,-62,127,1.5,2.5,1.5
1783006718498,2026-07-02 17:38:38.498,C3:00:00:63:4D:09,-61,127,1.5,2.5,1.5
1783006718518,2026-07-02 17:38:38.518,C3:00:00:63:4D:0D,-61,127,1.5,2.5,1.5
1783006718529,2026-07-02 17:38:38.529,C3:00:00:63:4D:0A,-60,127,1.5,2.5,1.5
1783006718535,2026-07-02 17:38:38.535,C3:00:00:63:4C:D2,-62,127,1.5,2.5,1.5
1783006718542,2026-07-02 17:38:38.542,C3:00:00:63:4D:07,-54,127,1.5,2.5,1.5
1783006718560,2026-07-02 17:38:38.560,C3:00:00:63:4D:04,-62,127,1.5,2.5,1.5
1783006718566,2026-07-02 17:38:38.566,C3:00:00:63:4D:05,-63,127,1.5,2.5,1.5
1783006718585,2026-07-02 17:38:38.585,C3:00:00:63:4D:08,-54,127,1.5,2.5,1.5
1783006718601,2026-07-02 17:38:38.601,C3:00:00:63:4D:09,-60,127,1.5,2.5,1.5
1783006718621,2026-07-02 17:38:38.621,C3:00:00:63:4D:0D,-54,127,1.5,2.5,1.5
1783006718666,2026-07-02 17:38:38.666,C3:00:00:63:4D:07,-57,127,1.5,2.5,1.5
1783006718671,2026-07-02 17:38:38.671,C3:00:00:63:4D:04,-61,127,1.5,2.5,1.5
1783006718683,2026-07-02 17:38:38.683,C3:00:00:63:4D:05,-67,127,1.5,2.5,1.5
1783006718704,2026-07-02 17:38:38.704,C3:00:00:63:4D:08,-57,127,1.5,2.5,1.5
1783006718723,2026-07-02 17:38:38.723,C3:00:00:63:4D:0D,-60,127,1.5,2.5,1.5
1783006718748,2026-07-02 17:38:38.748,C3:00:00:63:4D:08,-60,127,1.5,2.5,1.5
1783006718754,2026-07-02 17:38:38.754,C3:00:00:63:4D:0A,-55,127,1.5,2.5,1.5
1783006718759,2026-07-02 17:38:38.759,C3:00:00:63:4C:D2,-64,127,1.5,2.5,1.5
1783006718766,2026-07-02 17:38:38.766,C3:00:00:63:4D:08,-67,127,1.5,2.5,1.5
1783006718771,2026-07-02 17:38:38.771,C3:00:00:63:4D:04,-57,127,1.5,2.5,1.5
1783006718777,2026-07-02 17:38:38.777,C3:00:00:63:4D:07,-56,127,1.5,2.5,1.5
1783006718790,2026-07-02 17:38:38.790,C3:00:00:63:4D:05,-58,127,1.5,2.5,1.5
1783006718804,2026-07-02 17:38:38.804,C3:00:00:63:4D:08,-59,127,1.5,2.5,1.5
1783006718834,2026-07-02 17:38:38.834,C3:00:00:63:4D:09,-60,127,1.5,2.5,1.5
1783006718839,2026-07-02 17:38:38.839,C3:00:00:63:4D:0D,-54,127,1.5,2.5,1.5
1783006718867,2026-07-02 17:38:38.867,C3:00:00:63:4D:0A,-60,127,1.5,2.5,1.5
1783006718888,2026-07-02 17:38:38.888,C3:00:00:63:4D:04,-64,127,1.5,2.5,1.5
1783006718895,2026-07-02 17:38:38.895,C3:00:00:63:4D:07,-54,127,1.5,2.5,1.5
1783006718912,2026-07-02 17:38:38.912,C3:00:00:63:4D:05,-65,127,1.5,2.5,1.5
1783006718915,2026-07-02 17:38:38.915,C3:00:00:63:4D:08,-56,127,1.5,2.5,1.5
1783006718930,2026-07-02 17:38:38.930,C3:00:00:63:4D:0D,-55,127,1.5,2.5,1.5
1783006718945,2026-07-02 17:38:38.945,C3:00:00:63:4D:05,-74,127,1.5,2.5,1.5
1783006718948,2026-07-02 17:38:38.948,C3:00:00:63:4D:09,-67,127,1.5,2.5,1.5
1783006718975,2026-07-02 17:38:38.975,C3:00:00:63:4D:0A,-51,127,1.5,2.5,1.5
1783006718996,2026-07-02 17:38:38.996,C3:00:00:63:4D:04,-62,127,1.5,2.5,1.5
1783006719005,2026-07-02 17:38:39.005,C3:00:00:63:4D:07,-59,127,1.5,2.5,1.5
1783006719028,2026-07-02 17:38:39.028,C3:00:00:63:4D:07,-57,127,1.5,2.5,1.5
1783006719039,2026-07-02 17:38:39.039,C3:00:00:63:4D:0D,-60,127,1.5,2.5,1.5
1783006719062,2026-07-02 17:38:39.062,C3:00:00:63:4D:09,-62,127,1.5,2.5,1.5
1783006719079,2026-07-02 17:38:39.079,C3:00:00:63:4D:0D,-60,127,1.5,2.5,1.5
1783006719088,2026-07-02 17:38:39.088,C3:00:00:63:4D:0A,-55,127,1.5,2.5,1.5
1783006719104,2026-07-02 17:38:39.104,C3:00:00:63:4D:0D,-60,127,1.5,2.5,1.5
1783006719105,2026-07-02 17:38:39.105,C3:00:00:63:4C:D2,-64,127,1.5,2.5,1.5
1783006719106,2026-07-02 17:38:39.106,C3:00:00:63:4D:04,-57,127,1.5,2.5,1.5
1783006719109,2026-07-02 17:38:39.109,C3:00:00:63:4D:05,-59,127,1.5,2.5,1.5
1783006719113,2026-07-02 17:38:39.113,C3:00:00:63:4D:07,-54,127,1.5,2.5,1.5
1783006719130,2026-07-02 17:38:39.130,C3:00:00:63:4D:08,-54,127,1.5,2.5,1.5
1783006719133,2026-07-02 17:38:39.133,C3:00:00:63:4D:05,-65,127,1.5,2.5,1.5
1783006719144,2026-07-02 17:38:39.144,C3:00:00:63:4D:0D,-54,127,1.5,2.5,1.5
1783006719208,2026-07-02 17:38:39.208,C3:00:00:63:4D:04,-63,127,1.5,2.5,1.5
1783006719216,2026-07-02 17:38:39.216,C3:00:00:63:4D:0A,-60,127,1.5,2.5,1.5
1783006719224,2026-07-02 17:38:39.224,C3:00:00:63:4C:D2,-71,127,1.5,2.5,1.5
1783006719242,2026-07-02 17:38:39.242,C3:00:00:63:4D:08,-56,127,1.5,2.5,1.5
1783006719248,2026-07-02 17:38:39.248,C3:00:00:63:4D:0D,-55,127,1.5,2.5,1.5
1783006719254,2026-07-02 17:38:39.254,C3:00:00:63:4D:05,-66,127,1.5,2.5,1.5
1783006719291,2026-07-02 17:38:39.291,C3:00:00:63:4D:09,-67,127,1.5,2.5,1.5
1783006719313,2026-07-02 17:38:39.313,C3:00:00:63:4D:04,-57,127,1.5,2.5,1.5
1783006719328,2026-07-02 17:38:39.328,C3:00:00:63:4C:D2,-64,127,1.5,2.5,1.5
1783006719346,2026-07-02 17:38:39.346,C3:00:00:63:4D:04,-58,127,1.5,2.5,1.5
1783006719350,2026-07-02 17:38:39.350,C3:00:00:63:4D:07,-56,127,1.5,2.5,1.5
1783006719353,2026-07-02 17:38:39.353,C3:00:00:63:4D:08,-59,127,1.5,2.5,1.5
1783006719364,2026-07-02 17:38:39.364,C3:00:00:63:4D:0D,-60,127,1.5,2.5,1.5
1783006719367,2026-07-02 17:38:39.367,C3:00:00:63:4D:09,-63,127,1.5,2.5,1.5
1783006719373,2026-07-02 17:38:39.373,C3:00:00:63:4D:05,-58,127,1.5,2.5,1.5
1783006719403,2026-07-02 17:38:39.403,C3:00:00:63:4D:0A,-56,127,1.5,2.5,1.5
1783006719410,2026-07-02 17:38:39.410,C3:00:00:63:4D:09,-62,127,1.5,2.5,1.5
1783006719429,2026-07-02 17:38:39.429,C3:00:00:63:4D:04,-64,127,1.5,2.5,1.5
1783006719436,2026-07-02 17:38:39.436,C3:00:00:63:4D:0A,-60,127,1.5,2.5,1.5
1783006719445,2026-07-02 17:38:39.445,C3:00:00:63:4C:D2,-62,127,1.5,2.5,1.5
1783006719461,2026-07-02 17:38:39.461,C3:00:00:63:4D:07,-54,127,1.5,2.5,1.5
1783006719479,2026-07-02 17:38:39.479,C3:00:00:63:4D:05,-65,127,1.5,2.5,1.5
1783006719524,2026-07-02 17:38:39.524,C3:00:00:63:4D:09,-68,127,1.5,2.5,1.5
1783006719543,2026-07-02 17:38:39.543,C3:00:00:63:4D:04,-62,127,1.5,2.5,1.5
1783006719554,2026-07-02 17:38:39.554,C3:00:00:63:4D:0A,-51,127,1.5,2.5,1.5
1783006719572,2026-07-02 17:38:39.572,C3:00:00:63:4C:D2,-71,127,1.5,2.5,1.5
1783006719575,2026-07-02 17:38:39.575,C3:00:00:63:4D:08,-56,127,1.5,2.5,1.5
1783006719579,2026-07-02 17:38:39.579,C3:00:00:63:4D:07,-59,127,1.5,2.5,1.5
1783006719588,2026-07-02 17:38:39.588,C3:00:00:63:4D:04,-69,127,1.5,2.5,1.5
1783006719593,2026-07-02 17:38:39.593,C3:00:00:63:4D:05,-66,127,1.5,2.5,1.5
1783006719633,2026-07-02 17:38:39.633,C3:00:00:63:4D:09,-63,127,1.5,2.5,1.5
1783006719659,2026-07-02 17:38:39.659,C3:00:00:63:4D:0A,-55,127,1.5,2.5,1.5
1783006719686,2026-07-02 17:38:39.686,C3:00:00:63:4D:0D,-60,127,1.5,2.5,1.5
1783006719688,2026-07-02 17:38:39.688,C3:00:00:63:4D:08,-59,127,1.5,2.5,1.5
1783006719690,2026-07-02 17:38:39.690,C3:00:00:63:4C:D2,-64,127,1.5,2.5,1.5
1783006719695,2026-07-02 17:38:39.695,C3:00:00:63:4D:07,-56,127,1.5,2.5,1.5
1783006719745,2026-07-02 17:38:39.745,C3:00:00:63:4D:09,-60,127,1.5,2.5,1.5
1783006719754,2026-07-02 17:38:39.754,C3:00:00:63:4D:04,-64,127,1.5,2.5,1.5
1783006719774,2026-07-02 17:38:39.774,C3:00:00:63:4D:0A,-60,127,1.5,2.5,1.5
1783006719779,2026-07-02 17:38:39.779,C3:00:00:63:4D:0D,-54,127,1.5,2.5,1.5
1783006719805,2026-07-02 17:38:39.805,C3:00:00:63:4D:07,-54,127,1.5,2.5,1.5
1783006719821,2026-07-02 17:38:39.821,C3:00:00:63:4D:04,-62,127,1.5,2.5,1.5
1783006719826,2026-07-02 17:38:39.826,C3:00:00:63:4D:05,-66,127,1.5,2.5,1.5
1783006719882,2026-07-02 17:38:39.882,C3:00:00:63:4D:0D,-55,127,1.5,2.5,1.5
1783006719889,2026-07-02 17:38:39.889,C3:00:00:63:4D:0A,-52,127,1.5,2.5,1.5
1783006719896,2026-07-02 17:38:39.896,C3:00:00:63:4D:08,-56,127,1.5,2.5,1.5
1783006719916,2026-07-02 17:38:39.916,C3:00:00:63:4C:D2,-72,127,1.5,2.5,1.5
1783006719918,2026-07-02 17:38:39.918,C3:00:00:63:4D:08,-56,127,1.5,2.5,1.5
1783006719925,2026-07-02 17:38:39.925,C3:00:00:63:4C:D2,-64,127,1.5,2.5,1.5
1783006719929,2026-07-02 17:38:39.929,C3:00:00:63:4D:07,-57,127,1.5,2.5,1.5
1783006719936,2026-07-02 17:38:39.936,C3:00:00:63:4D:05,-58,127,1.5,2.5,1.5
1783006719968,2026-07-02 17:38:39.968,C3:00:00:63:4D:09,-62,127,1.5,2.5,1.5
1783006719981,2026-07-02 17:38:39.981,C3:00:00:63:4D:0D,-60,127,1.5,2.5,1.5
1783006719988,2026-07-02 17:38:39.988,C3:00:00:63:4D:0A,-56,127,1.5,2.5,1.5
1783006720003,2026-07-02 17:38:40.003,C3:00:00:63:4D:0A,-55,127,1.5,2.5,1.5
1783006720020,2026-07-02 17:38:40.020,C3:00:00:63:4C:D2,-62,127,1.5,2.5,1.5
1783006720041,2026-07-02 17:38:40.041,C3:00:00:63:4D:07,-54,127,1.5,2.5,1.5
1783006720053,2026-07-02 17:38:40.053,C3:00:00:63:4C:D2,-62,127,1.5,2.5,1.5
1783006720082,2026-07-02 17:38:40.082,C3:00:00:63:4D:0D,-62,127,1.5,2.5,1.5
1783006720086,2026-07-02 17:38:40.086,C3:00:00:63:4D:09,-60,127,1.5,2.5,1.5
1783006720089,2026-07-02 17:38:40.089,C3:00:00:63:4D:04,-64,127,1.5,2.5,1.5
1783006720093,2026-07-02 17:38:40.093,C3:00:00:63:4D:05,-65,127,1.5,2.5,1.5
1783006720096,2026-07-02 17:38:40.096,C3:00:00:63:4D:0D,-54,127,1.5,2.5,1.5
1783006720116,2026-07-02 17:38:40.116,C3:00:00:63:4D:0A,-60,127,1.5,2.5,1.5
1783006720136,2026-07-02 17:38:40.136,C3:00:00:63:4D:0A,-59,127,1.5,2.5,1.5
1783006720140,2026-07-02 17:38:40.140,C3:00:00:63:4C:D2,-72,127,1.5,2.5,1.5
1783006720174,2026-07-02 17:38:40.174,C3:00:00:63:4D:05,-66,127,1.5,2.5,1.5
1783006720200,2026-07-02 17:38:40.200,C3:00:00:63:4D:04,-62,127,1.5,2.5,1.5
1783006720206,2026-07-02 17:38:40.206,C3:00:00:63:4D:0D,-55,127,1.5,2.5,1.5
1783006720222,2026-07-02 17:38:40.222,C3:00:00:63:4D:0A,-55,127,1.5,2.5,1.5
1783006720250,2026-07-02 17:38:40.250,C3:00:00:63:4C:D2,-64,127,1.5,2.5,1.5
1783006720273,2026-07-02 17:38:40.273,C3:00:00:63:4D:07,-56,127,1.5,2.5,1.5
1783006720305,2026-07-02 17:38:40.305,C3:00:00:63:4D:0D,-61,127,1.5,2.5,1.5
1783006720314,2026-07-02 17:38:40.314,C3:00:00:63:4D:04,-58,127,1.5,2.5,1.5
1783006720323,2026-07-02 17:38:40.323,C3:00:00:63:4D:09,-62,127,1.5,2.5,1.5
1783006720336,2026-07-02 17:38:40.336,C3:00:00:63:4D:08,-54,127,1.5,2.5,1.5
1783006720337,2026-07-02 17:38:40.337,C3:00:00:63:4D:0A,-60,127,1.5,2.5,1.5
1783006720360,2026-07-02 17:38:40.360,C3:00:00:63:4C:D2,-62,127,1.5,2.5,1.5
1783006720382,2026-07-02 17:38:40.382,C3:00:00:63:4D:07,-54,127,1.5,2.5,1.5
1783006720405,2026-07-02 17:38:40.405,C3:00:00:63:4D:05,-64,127,1.5,2.5,1.5
1783006720410,2026-07-02 17:38:40.410,C3:00:00:63:4D:0D,-54,127,1.5,2.5,1.5
1783006720414,2026-07-02 17:38:40.414,C3:00:00:63:4D:04,-62,127,1.5,2.5,1.5
1783006720442,2026-07-02 17:38:40.442,C3:00:00:63:4D:08,-56,127,1.5,2.5,1.5
1783006720447,2026-07-02 17:38:40.447,C3:00:00:63:4D:0A,-52,127,1.5,2.5,1.5
1783006720480,2026-07-02 17:38:40.480,C3:00:00:63:4C:D2,-70,127,1.5,2.5,1.5
1783006720506,2026-07-02 17:38:40.506,C3:00:00:63:4D:07,-57,127,1.5,2.5,1.5
1783006720521,2026-07-02 17:38:40.521,C3:00:00:63:4D:0D,-54,127,1.5,2.5,1.5
1783006720544,2026-07-02 17:38:40.544,C3:00:00:63:4D:09,-62,127,1.5,2.5,1.5
1783006720549,2026-07-02 17:38:40.549,C3:00:00:63:4C:D2,-73,127,1.5,2.5,1.5
1783006720554,2026-07-02 17:38:40.554,C3:00:00:63:4D:08,-61,127,1.5,2.5,1.5
1783006720560,2026-07-02 17:38:40.560,C3:00:00:63:4D:0A,-56,127,1.5,2.5,1.5
1783006720597,2026-07-02 17:38:40.597,C3:00:00:63:4C:D2,-66,127,1.5,2.5,1.5
1783006720611,2026-07-02 17:38:40.611,C3:00:00:63:4D:07,-57,127,1.5,2.5,1.5
1783006720617,2026-07-02 17:38:40.617,C3:00:00:63:4D:0D,-60,127,1.5,2.5,1.5
1783006720627,2026-07-02 17:38:40.627,C3:00:00:63:4D:04,-64,127,1.5,2.5,1.5
1783006720636,2026-07-02 17:38:40.636,C3:00:00:63:4D:05,-66,127,1.5,2.5,1.5
1783006720662,2026-07-02 17:38:40.662,C3:00:00:63:4D:09,-60,127,1.5,2.5,1.5
1783006720685,2026-07-02 17:38:40.685,C3:00:00:63:4D:08,-54,127,1.5,2.5,1.5
1783006720715,2026-07-02 17:38:40.715,C3:00:00:63:4C:D2,-62,127,1.5,2.5,1.5
1783006720726,2026-07-02 17:38:40.726,C3:00:00:63:4D:0D,-55,127,1.5,2.5,1.5
1783006720730,2026-07-02 17:38:40.730,C3:00:00:63:4D:07,-59,127,1.5,2.5,1.5
1783006720739,2026-07-02 17:38:40.739,C3:00:00:63:4D:09,-75,127,1.5,2.5,1.5
1783006720751,2026-07-02 17:38:40.751,C3:00:00:63:4D:05,-66,127,1.5,2.5,1.5
1783006720766,2026-07-02 17:38:40.766,C3:00:00:63:4D:09,-67,127,1.5,2.5,1.5
1783006720772,2026-07-02 17:38:40.772,C3:00:00:63:4D:08,-56,127,1.5,2.5,1.5
1783006720790,2026-07-02 17:38:40.790,C3:00:00:63:4D:0A,-51,127,1.5,2.5,1.5
1783006720824,2026-07-02 17:38:40.824,C3:00:00:63:4C:D2,-64,127,1.5,2.5,1.5
1783006720852,2026-07-02 17:38:40.852,C3:00:00:63:4D:04,-57,127,1.5,2.5,1.5
1783006720854,2026-07-02 17:38:40.854,C3:00:00:63:4D:07,-57,127,1.5,2.5,1.5
1783006720863,2026-07-02 17:38:40.863,C3:00:00:63:4D:0A,-55,127,1.5,2.5,1.5
1783006720872,2026-07-02 17:38:40.872,C3:00:00:63:4D:09,-63,127,1.5,2.5,1.5
1783006720889,2026-07-02 17:38:40.889,C3:00:00:63:4D:09,-62,127,1.5,2.5,1.5
1783006720930,2026-07-02 17:38:40.930,C3:00:00:63:4D:0D,-54,127,1.5,2.5,1.5
1783006720946,2026-07-02 17:38:40.946,C3:00:00:63:4C:D2,-62,127,1.5,2.5,1.5
1783006720967,2026-07-02 17:38:40.967,C3:00:00:63:4D:07,-54,127,1.5,2.5,1.5
1783006721013,2026-07-02 17:38:41.013,C3:00:00:63:4D:0A,-60,127,1.5,2.5,1.5
1783006721029,2026-07-02 17:38:41.029,C3:00:00:63:4D:07,-59,127,1.5,2.5,1.5
1783006721037,2026-07-02 17:38:41.037,C3:00:00:63:4D:0D,-55,127,1.5,2.5,1.5
1783006721053,2026-07-02 17:38:41.053,C3:00:00:63:4C:D2,-71,127,1.5,2.5,1.5
1783006721061,2026-07-02 17:38:41.061,C3:00:00:63:4D:04,-62,127,1.5,2.5,1.5
1783006721076,2026-07-02 17:38:41.076,C3:00:00:63:4D:07,-59,127,1.5,2.5,1.5
1783006721087,2026-07-02 17:38:41.087,C3:00:00:63:4D:0D,-55,127,1.5,2.5,1.5
1783006721092,2026-07-02 17:38:41.092,C3:00:00:63:4D:05,-66,127,1.5,2.5,1.5
1783006721095,2026-07-02 17:38:41.095,C3:00:00:63:4D:08,-56,127,1.5,2.5,1.5
1783006721101,2026-07-02 17:38:41.101,C3:00:00:63:4D:0D,-55,127,1.5,2.5,1.5
1783006721107,2026-07-02 17:38:41.107,C3:00:00:63:4D:05,-68,127,1.5,2.5,1.5
1783006721120,2026-07-02 17:38:41.120,C3:00:00:63:4D:0A,-55,127,1.5,2.5,1.5
1783006721143,2026-07-02 17:38:41.143,C3:00:00:63:4D:0D,-60,127,1.5,2.5,1.5
1783006721172,2026-07-02 17:38:41.172,C3:00:00:63:4C:D2,-64,127,1.5,2.5,1.5
1783006721179,2026-07-02 17:38:41.179,C3:00:00:63:4D:04,-57,127,1.5,2.5,1.5
1783006721201,2026-07-02 17:38:41.201,C3:00:00:63:4D:07,-56,127,1.5,2.5,1.5
1783006721210,2026-07-02 17:38:41.210,C3:00:00:63:4D:08,-59,127,1.5,2.5,1.5
1783006721218,2026-07-02 17:38:41.218,C3:00:00:63:4D:05,-58,127,1.5,2.5,1.5
1783006721226,2026-07-02 17:38:41.226,C3:00:00:63:4D:09,-60,127,1.5,2.5,1.5
1783006721234,2026-07-02 17:38:41.234,C3:00:00:63:4D:0A,-61,127,1.5,2.5,1.5
1783006721240,2026-07-02 17:38:41.240,C3:00:00:63:4D:0D,-54,127,1.5,2.5,1.5
1783006721303,2026-07-02 17:38:41.303,C3:00:00:63:4D:07,-54,127,1.5,2.5,1.5
1783006721326,2026-07-02 17:38:41.326,C3:00:00:63:4D:08,-56,127,1.5,2.5,1.5
1783006721332,2026-07-02 17:38:41.332,C3:00:00:63:4D:05,-66,127,1.5,2.5,1.5
1783006721386,2026-07-02 17:38:41.386,C3:00:00:63:4D:07,-67,127,1.5,2.5,1.5
1783006721390,2026-07-02 17:38:41.390,C3:00:00:63:4D:04,-62,127,1.5,2.5,1.5
1783006721398,2026-07-02 17:38:41.398,C3:00:00:63:4C:D2,-71,127,1.5,2.5,1.5
1783006721414,2026-07-02 17:38:41.414,C3:00:00:63:4D:0A,-52,127,1.5,2.5,1.5
1783006721420,2026-07-02 17:38:41.420,C3:00:00:63:4D:07,-57,127,1.5,2.5,1.5
1783006721426,2026-07-02 17:38:41.426,C3:00:00:63:4D:08,-59,127,1.5,2.5,1.5
1783006721436,2026-07-02 17:38:41.436,C3:00:00:63:4D:05,-58,127,1.5,2.5,1.5
1783006721451,2026-07-02 17:38:41.451,C3:00:00:63:4D:0D,-60,127,1.5,2.5,1.5
1783006721460,2026-07-02 17:38:41.460,C3:00:00:63:4C:D2,-64,127,1.5,2.5,1.5
1783006721507,2026-07-02 17:38:41.507,C3:00:00:63:4D:04,-57,127,1.5,2.5,1.5
1783006721519,2026-07-02 17:38:41.519,C3:00:00:63:4C:D2,-62,127,1.5,2.5,1.5
1783006721535,2026-07-02 17:38:41.535,C3:00:00:63:4D:08,-54,127,1.5,2.5,1.5
1783006721541,2026-07-02 17:38:41.541,C3:00:00:63:4D:07,-54,127,1.5,2.5,1.5
1783006721554,2026-07-02 17:38:41.554,C3:00:00:63:4D:05,-65,127,1.5,2.5,1.5
1783006721570,2026-07-02 17:38:41.570,C3:00:00:63:4D:09,-60,127,1.5,2.5,1.5
1783006721587,2026-07-02 17:38:41.587,C3:00:00:63:4D:0A,-60,127,1.5,2.5,1.5
1783006721635,2026-07-02 17:38:41.635,C3:00:00:63:4C:D2,-71,127,1.5,2.5,1.5
1783006721642,2026-07-02 17:38:41.642,C3:00:00:63:4D:08,-57,127,1.5,2.5,1.5
1783006721653,2026-07-02 17:38:41.653,C3:00:00:63:4D:07,-59,127,1.5,2.5,1.5
1783006721678,2026-07-02 17:38:41.678,C3:00:00:63:4D:05,-66,127,1.5,2.5,1.5
1783006721687,2026-07-02 17:38:41.687,C3:00:00:63:4D:09,-67,127,1.5,2.5,1.5
1783006721692,2026-07-02 17:38:41.692,C3:00:00:63:4D:0A,-51,127,1.5,2.5,1.5
1783006721747,2026-07-02 17:38:41.747,C3:00:00:63:4C:D2,-64,127,1.5,2.5,1.5
1783006721750,2026-07-02 17:38:41.750,C3:00:00:63:4D:08,-59,127,1.5,2.5,1.5
1783006721772,2026-07-02 17:38:41.772,C3:00:00:63:4D:07,-56,127,1.5,2.5,1.5
1783006721773,2026-07-02 17:38:41.773,C3:00:00:63:4D:0D,-60,127,1.5,2.5,1.5
1783006721788,2026-07-02 17:38:41.788,C3:00:00:63:4D:05,-58,127,1.5,2.5,1.5
1783006721796,2026-07-02 17:38:41.796,C3:00:00:63:4D:09,-62,127,1.5,2.5,1.5
1783006721808,2026-07-02 17:38:41.808,C3:00:00:63:4D:0A,-55,127,1.5,2.5,1.5
1783006721820,2026-07-02 17:38:41.820,C3:00:00:63:4D:04,-64,127,1.5,2.5,1.5
1783006721846,2026-07-02 17:38:41.846,C3:00:00:63:4D:04,-64,127,1.5,2.5,1.5
1783006721859,2026-07-02 17:38:41.859,C3:00:00:63:4C:D2,-62,127,1.5,2.5,1.5
1783006721864,2026-07-02 17:38:41.864,C3:00:00:63:4D:08,-54,127,1.5,2.5,1.5
1783006721878,2026-07-02 17:38:41.878,C3:00:00:63:4D:07,-54,127,1.5,2.5,1.5
1783006721903,2026-07-02 17:38:41.903,C3:00:00:63:4C:D2,-62,127,1.5,2.5,1.5
1783006721928,2026-07-02 17:38:41.928,C3:00:00:63:4D:08,-54,127,1.5,2.5,1.5
1783006721930,2026-07-02 17:38:41.930,C3:00:00:63:4D:09,-60,127,1.5,2.5,1.5
1783006721934,2026-07-02 17:38:41.934,C3:00:00:63:4D:0A,-51,127,1.5,2.5,1.5
1783006721936,2026-07-02 17:38:41.936,C3:00:00:63:4D:0D,-55,127,1.5,2.5,1.5
1783006721937,2026-07-02 17:38:41.937,C3:00:00:63:4D:04,-62,127,1.5,2.5,1.5
1783006721962,2026-07-02 17:38:41.962,C3:00:00:63:4D:08,-57,127,1.5,2.5,1.5
1783006721975,2026-07-02 17:38:41.975,C3:00:00:63:4C:D2,-71,127,1.5,2.5,1.5
1783006721981,2026-07-02 17:38:41.981,C3:00:00:63:4D:0D,-55,127,1.5,2.5,1.5
1783006721984,2026-07-02 17:38:41.984,C3:00:00:63:4D:0A,-52,127,1.5,2.5,1.5
1783006722017,2026-07-02 17:38:42.017,C3:00:00:63:4D:05,-58,127,1.5,2.5,1.5
1783006722021,2026-07-02 17:38:42.021,C3:00:00:63:4D:09,-62,127,1.5,2.5,1.5
1783006722026,2026-07-02 17:38:42.026,C3:00:00:63:4D:0A,-56,127,1.5,2.5,1.5
1783006722054,2026-07-02 17:38:42.054,C3:00:00:63:4D:04,-58,127,1.5,2.5,1.5
1783006722060,2026-07-02 17:38:42.060,C3:00:00:63:4C:D2,-66,127,1.5,2.5,1.5
1783006722082,2026-07-02 17:38:42.082,C3:00:00:63:4D:08,-62,127,1.5,2.5,1.5
1783006722088,2026-07-02 17:38:42.088,C3:00:00:63:4D:0D,-61,127,1.5,2.5,1.5
1783006722092,2026-07-02 17:38:42.092,C3:00:00:63:4C:D2,-66,127,1.5,2.5,1.5
1783006722106,2026-07-02 17:38:42.106,C3:00:00:63:4D:07,-58,127,1.5,2.5,1.5
1783006722127,2026-07-02 17:38:42.127,C3:00:00:63:4D:05,-64,127,1.5,2.5,1.5
1783006722154,2026-07-02 17:38:42.154,C3:00:00:63:4D:04,-62,127,1.5,2.5,1.5
1783006722184,2026-07-02 17:38:42.184,C3:00:00:63:4D:08,-54,127,1.5,2.5,1.5
1783006722192,2026-07-02 17:38:42.192,C3:00:00:63:4D:0D,-54,127,1.5,2.5,1.5
1783006722205,2026-07-02 17:38:42.205,C3:00:00:63:4C:D2,-62,127,1.5,2.5,1.5
1783006722212,2026-07-02 17:38:42.212,C3:00:00:63:4D:07,-54,127,1.5,2.5,1.5
1783006722230,2026-07-02 17:38:42.230,C3:00:00:63:4D:07,-57,127,1.5,2.5,1.5
1783006722243,2026-07-02 17:38:42.243,C3:00:00:63:4D:05,-64,127,1.5,2.5,1.5
1783006722257,2026-07-02 17:38:42.257,C3:00:00:63:4D:09,-64,127,1.5,2.5,1.5
1783006722260,2026-07-02 17:38:42.260,C3:00:00:63:4D:0A,-52,127,1.5,2.5,1.5
1783006722294,2026-07-02 17:38:42.294,C3:00:00:63:4D:08,-56,127,1.5,2.5,1.5
1783006722301,2026-07-02 17:38:42.301,C3:00:00:63:4D:0D,-54,127,1.5,2.5,1.5
1783006722320,2026-07-02 17:38:42.320,C3:00:00:63:4C:D2,-66,127,1.5,2.5,1.5
1783006722353,2026-07-02 17:38:42.353,C3:00:00:63:4D:05,-58,127,1.5,2.5,1.5
1783006722374,2026-07-02 17:38:42.374,C3:00:00:63:4D:04,-58,127,1.5,2.5,1.5
1783006722402,2026-07-02 17:38:42.402,C3:00:00:63:4D:08,-62,127,1.5,2.5,1.5
1783006722442,2026-07-02 17:38:42.442,C3:00:00:63:4C:D2,-62,127,1.5,2.5,1.5
1783006722451,2026-07-02 17:38:42.451,C3:00:00:63:4D:07,-54,127,1.5,2.5,1.5
1783006722480,2026-07-02 17:38:42.480,C3:00:00:63:4D:05,-64,127,1.5,2.5,1.5
1783006722484,2026-07-02 17:38:42.484,C3:00:00:63:4D:04,-62,127,1.5,2.5,1.5
1783006722504,2026-07-02 17:38:42.504,C3:00:00:63:4D:09,-60,127,1.5,2.5,1.5
1783006722510,2026-07-02 17:38:42.510,C3:00:00:63:4D:0D,-54,127,1.5,2.5,1.5
1783006722514,2026-07-02 17:38:42.514,C3:00:00:63:4D:08,-54,127,1.5,2.5,1.5
1783006722558,2026-07-02 17:38:42.558,C3:00:00:63:4C:D2,-70,127,1.5,2.5,1.5
1783006722583,2026-07-02 17:38:42.583,C3:00:00:63:4D:07,-57,127,1.5,2.5,1.5
1783006722591,2026-07-02 17:38:42.591,C3:00:00:63:4D:05,-64,127,1.5,2.5,1.5
1783006722597,2026-07-02 17:38:42.597,C3:00:00:63:4D:04,-61,127,1.5,2.5,1.5
1783006722603,2026-07-02 17:38:42.603,C3:00:00:63:4D:09,-64,127,1.5,2.5,1.5
1783006722608,2026-07-02 17:38:42.608,C3:00:00:63:4D:0A,-52,127,1.5,2.5,1.5
1783006722610,2026-07-02 17:38:42.610,C3:00:00:63:4D:0D,-54,127,1.5,2.5,1.5
1783006722618,2026-07-02 17:38:42.618,C3:00:00:63:4D:08,-62,127,1.5,2.5,1.5
1783006722672,2026-07-02 17:38:42.672,C3:00:00:63:4C:D2,-66,127,1.5,2.5,1.5
1783006722685,2026-07-02 17:38:42.685,C3:00:00:63:4D:07,-58,127,1.5,2.5,1.5
1783006722706,2026-07-02 17:38:42.706,C3:00:00:63:4D:04,-58,127,1.5,2.5,1.5
1783006722711,2026-07-02 17:38:42.711,C3:00:00:63:4D:0A,-56,127,1.5,2.5,1.5
1783006722713,2026-07-02 17:38:42.713,C3:00:00:63:4D:05,-58,127,1.5,2.5,1.5
1783006722715,2026-07-02 17:38:42.715,C3:00:00:63:4D:09,-62,127,1.5,2.5,1.5
1783006722717,2026-07-02 17:38:42.717,C3:00:00:63:4D:0D,-61,127,1.5,2.5,1.5
1783006722752,2026-07-02 17:38:42.752,C3:00:00:63:4D:08,-54,127,1.5,2.5,1.5
1783006722780,2026-07-02 17:38:42.780,C3:00:00:63:4D:08,-54,127,1.5,2.5,1.5
1783006722786,2026-07-02 17:38:42.786,C3:00:00:63:4C:D2,-62,127,1.5,2.5,1.5
1783006722794,2026-07-02 17:38:42.794,C3:00:00:63:4D:07,-54,127,1.5,2.5,1.5
1783006722802,2026-07-02 17:38:42.802,C3:00:00:63:4D:08,-61,127,1.5,2.5,1.5
1783006722804,2026-07-02 17:38:42.804,C3:00:00:63:4D:04,-62,127,1.5,2.5,1.5
1783006722817,2026-07-02 17:38:42.817,C3:00:00:63:4D:0A,-52,127,1.5,2.5,1.5
1783006722822,2026-07-02 17:38:42.822,C3:00:00:63:4D:09,-64,127,1.5,2.5,1.5
1783006722825,2026-07-02 17:38:42.825,C3:00:00:63:4D:0D,-54,127,1.5,2.5,1.5
1783006722837,2026-07-02 17:38:42.837,C3:00:00:63:4D:08,-56,127,1.5,2.5,1.5
1783006722877,2026-07-02 17:38:42.877,C3:00:00:63:4D:09,-64,127,1.5,2.5,1.5
1783006722897,2026-07-02 17:38:42.897,C3:00:00:63:4C:D2,-70,127,1.5,2.5,1.5
1783006722923,2026-07-02 17:38:42.923,C3:00:00:63:4D:07,-58,127,1.5,2.5,1.5
1783006722925,2026-07-02 17:38:42.925,C3:00:00:63:4D:04,-58,127,1.5,2.5,1.5
1783006722929,2026-07-02 17:38:42.929,C3:00:00:63:4D:0D,-61,127,1.5,2.5,1.5
1783006722934,2026-07-02 17:38:42.934,C3:00:00:63:4D:05,-58,127,1.5,2.5,1.5
1783006722939,2026-07-02 17:38:42.939,C3:00:00:63:4D:0A,-56,127,1.5,2.5,1.5
1783006722947,2026-07-02 17:38:42.947,C3:00:00:63:4D:08,-62,127,1.5,2.5,1.5
1783006722955,2026-07-02 17:38:42.955,C3:00:00:63:4D:05,-65,127,1.5,2.5,1.5
1783006723009,2026-07-02 17:38:43.009,C3:00:00:63:4C:D2,-66,127,1.5,2.5,1.5
1783006723033,2026-07-02 17:38:43.033,C3:00:00:63:4D:04,-62,127,1.5,2.5,1.5
1783006723055,2026-07-02 17:38:43.055,C3:00:00:63:4D:0A,-60,127,1.5,2.5,1.5
1783006723059,2026-07-02 17:38:43.059,C3:00:00:63:4D:07,-54,127,1.5,2.5,1.5
1783006723061,2026-07-02 17:38:43.061,C3:00:00:63:4D:05,-63,127,1.5,2.5,1.5
1783006723063,2026-07-02 17:38:43.063,C3:00:00:63:4D:09,-60,127,1.5,2.5,1.5
1783006723064,2026-07-02 17:38:43.064,C3:00:00:63:4D:08,-54,127,1.5,2.5,1.5
1783006723079,2026-07-02 17:38:43.079,C3:00:00:63:4D:0D,-54,127,1.5,2.5,1.5
1783006723100,2026-07-02 17:38:43.100,C3:00:00:63:4D:0D,-54,127,1.5,2.5,1.5
1783006723104,2026-07-02 17:38:43.104,C3:00:00:63:4D:05,-64,127,1.5,2.5,1.5
1783006723127,2026-07-02 17:38:43.127,C3:00:00:63:4C:D2,-70,127,1.5,2.5,1.5
1783006723148,2026-07-02 17:38:43.148,C3:00:00:63:4D:0D,-54,127,1.5,2.5,1.5
1783006723151,2026-07-02 17:38:43.151,C3:00:00:63:4D:07,-57,127,1.5,2.5,1.5
1783006723161,2026-07-02 17:38:43.161,C3:00:00:63:4D:05,-67,127,1.5,2.5,1.5
1783006723174,2026-07-02 17:38:43.174,C3:00:00:63:4D:09,-67,127,1.5,2.5,1.5
1783006723176,2026-07-02 17:38:43.176,C3:00:00:63:4D:0A,-52,127,1.5,2.5,1.5
1783006723241,2026-07-02 17:38:43.241,C3:00:00:63:4C:D2,-66,127,1.5,2.5,1.5
1783006723247,2026-07-02 17:38:43.247,C3:00:00:63:4D:04,-58,127,1.5,2.5,1.5
1783006723254,2026-07-02 17:38:43.254,C3:00:00:63:4D:07,-58,127,1.5,2.5,1.5
1783006723278,2026-07-02 17:38:43.278,C3:00:00:63:4D:0A,-56,127,1.5,2.5,1.5
1783006723280,2026-07-02 17:38:43.280,C3:00:00:63:4D:08,-62,127,1.5,2.5,1.5
1783006723284,2026-07-02 17:38:43.284,C3:00:00:63:4D:05,-58,127,1.5,2.5,1.5
1783006723344,2026-07-02 17:38:43.344,C3:00:00:63:4D:0D,-54,127,1.5,2.5,1.5
1783006723350,2026-07-02 17:38:43.350,C3:00:00:63:4D:04,-63,127,1.5,2.5,1.5
1783006723371,2026-07-02 17:38:43.371,C3:00:00:63:4C:D2,-62,127,1.5,2.5,1.5
1783006723374,2026-07-02 17:38:43.374,C3:00:00:63:4D:04,-62,127,1.5,2.5,1.5
1783006723378,2026-07-02 17:38:43.378,C3:00:00:63:4D:07,-54,127,1.5,2.5,1.5
1783006723382,2026-07-02 17:38:43.382,C3:00:00:63:4D:09,-60,127,1.5,2.5,1.5
1783006723390,2026-07-02 17:38:43.390,C3:00:00:63:4D:05,-63,127,1.5,2.5,1.5
1783006723396,2026-07-02 17:38:43.396,C3:00:00:63:4D:09,-60,127,1.5,2.5,1.5
1783006723415,2026-07-02 17:38:43.415,C3:00:00:63:4D:0A,-52,127,1.5,2.5,1.5
1783006723458,2026-07-02 17:38:43.458,C3:00:00:63:4D:0D,-54,127,1.5,2.5,1.5
1783006723480,2026-07-02 17:38:43.480,C3:00:00:63:4C:D2,-70,127,1.5,2.5,1.5
1783006723490,2026-07-02 17:38:43.490,C3:00:00:63:4D:07,-59,127,1.5,2.5,1.5
1783006723503,2026-07-02 17:38:43.503,C3:00:00:63:4D:08,-57,127,1.5,2.5,1.5
1783006723518,2026-07-02 17:38:43.518,C3:00:00:63:4D:09,-64,127,1.5,2.5,1.5
1783006723587,2026-07-02 17:38:43.587,C3:00:00:63:4C:D2,-66,127,1.5,2.5,1.5
1783006723593,2026-07-02 17:38:43.593,C3:00:00:63:4D:04,-65,127,1.5,2.5,1.5
1783006723601,2026-07-02 17:38:43.601,C3:00:00:63:4D:08,-62,127,1.5,2.5,1.5
1783006723616,2026-07-02 17:38:43.616,C3:00:00:63:4D:0A,-56,127,1.5,2.5,1.5
1783006723659,2026-07-02 17:38:43.659,C3:00:00:63:4D:0D,-54,127,1.5,2.5,1.5
1783006723683,2026-07-02 17:38:43.683,C3:00:00:63:4D:04,-62,127,1.5,2.5,1.5
1783006723705,2026-07-02 17:38:43.705,C3:00:00:63:4C:D2,-62,127,1.5,2.5,1.5
1783006723709,2026-07-02 17:38:43.709,C3:00:00:63:4D:08,-54,127,1.5,2.5,1.5
1783006723718,2026-07-02 17:38:43.718,C3:00:00:63:4D:07,-57,127,1.5,2.5,1.5
1783006723732,2026-07-02 17:38:43.732,C3:00:00:63:4D:0A,-51,127,1.5,2.5,1.5
1783006723767,2026-07-02 17:38:43.767,C3:00:00:63:4D:0D,-54,127,1.5,2.5,1.5
1783006723794,2026-07-02 17:38:43.794,C3:00:00:63:4D:04,-61,127,1.5,2.5,1.5
1783006723819,2026-07-02 17:38:43.819,C3:00:00:63:4C:D2,-71,127,1.5,2.5,1.5
1783006723824,2026-07-02 17:38:43.824,C3:00:00:63:4D:08,-59,127,1.5,2.5,1.5
1783006723853,2026-07-02 17:38:43.853,C3:00:00:63:4D:09,-62,127,1.5,2.5,1.5
1783006723858,2026-07-02 17:38:43.858,C3:00:00:63:4D:05,-58,127,1.5,2.5,1.5
1783006723868,2026-07-02 17:38:43.868,C3:00:00:63:4D:04,-58,127,1.5,2.5,1.5
1783006723876,2026-07-02 17:38:43.876,C3:00:00:63:4D:0D,-61,127,1.5,2.5,1.5
1783006723897,2026-07-02 17:38:43.897,C3:00:00:63:4D:04,-58,127,1.5,2.5,1.5
1783006723906,2026-07-02 17:38:43.906,C3:00:00:63:4D:08,-62,127,1.5,2.5,1.5
1783006723935,2026-07-02 17:38:43.935,C3:00:00:63:4D:08,-54,127,1.5,2.5,1.5
1783006723940,2026-07-02 17:38:43.940,C3:00:00:63:4C:D2,-62,127,1.5,2.5,1.5
1783006723957,2026-07-02 17:38:43.957,C3:00:00:63:4D:0A,-60,127,1.5,2.5,1.5
1783006723964,2026-07-02 17:38:43.964,C3:00:00:63:4D:07,-54,127,1.5,2.5,1.5
1783006723972,2026-07-02 17:38:43.972,C3:00:00:63:4D:09,-60,127,1.5,2.5,1.5
1783006723990,2026-07-02 17:38:43.990,C3:00:00:63:4D:0A,-60,127,1.5,2.5,1.5
1783006724007,2026-07-02 17:38:44.007,C3:00:00:63:4D:04,-62,127,1.5,2.5,1.5
1783006724038,2026-07-02 17:38:44.038,C3:00:00:63:4D:08,-56,127,1.5,2.5,1.5
1783006724044,2026-07-02 17:38:44.044,C3:00:00:63:4C:D2,-70,127,1.5,2.5,1.5
1783006724062,2026-07-02 17:38:44.062,C3:00:00:63:4D:07,-57,127,1.5,2.5,1.5
1783006724073,2026-07-02 17:38:44.073,C3:00:00:63:4D:0A,-52,127,1.5,2.5,1.5
1783006724075,2026-07-02 17:38:44.075,C3:00:00:63:4C:D2,-70,127,1.5,2.5,1.5
1783006724080,2026-07-02 17:38:44.080,C3:00:00:63:4D:09,-64,127,1.5,2.5,1.5
1783006724083,2026-07-02 17:38:44.083,C3:00:00:63:4D:0D,-54,127,1.5,2.5,1.5
1783006724103,2026-07-02 17:38:44.103,C3:00:00:63:4D:0D,-62,127,1.5,2.5,1.5
1783006724117,2026-07-02 17:38:44.117,C3:00:00:63:4D:04,-58,127,1.5,2.5,1.5
1783006724124,2026-07-02 17:38:44.124,C3:00:00:63:4D:05,-58,127,1.5,2.5,1.5
1783006724140,2026-07-02 17:38:44.140,C3:00:00:63:4D:0A,-63,127,1.5,2.5,1.5
1783006724146,2026-07-02 17:38:44.146,C3:00:00:63:4D:08,-59,127,1.5,2.5,1.5
1783006724164,2026-07-02 17:38:44.164,C3:00:00:63:4C:D2,-64,127,1.5,2.5,1.5
1783006724187,2026-07-02 17:38:44.187,C3:00:00:63:4D:0D,-61,127,1.5,2.5,1.5
1783006724200,2026-07-02 17:38:44.200,C3:00:00:63:4D:09,-62,127,1.5,2.5,1.5
1783006724203,2026-07-02 17:38:44.203,C3:00:00:63:4D:05,-58,127,1.5,2.5,1.5
1783006724214,2026-07-02 17:38:44.214,C3:00:00:63:4D:07,-54,127,1.5,2.5,1.5
1783006724224,2026-07-02 17:38:44.224,C3:00:00:63:4D:04,-62,127,1.5,2.5,1.5
1783006724254,2026-07-02 17:38:44.254,C3:00:00:63:4D:08,-54,127,1.5,2.5,1.5
1783006724281,2026-07-02 17:38:44.281,C3:00:00:63:4C:D2,-62,127,1.5,2.5,1.5
1783006724291,2026-07-02 17:38:44.291,C3:00:00:63:4D:0D,-54,127,1.5,2.5,1.5
1783006724299,2026-07-02 17:38:44.299,C3:00:00:63:4D:07,-54,127,1.5,2.5,1.5
1783006724301,2026-07-02 17:38:44.301,C3:00:00:63:4D:0A,-60,127,1.5,2.5,1.5
1783006724313,2026-07-02 17:38:44.313,C3:00:00:63:4D:09,-60,127,1.5,2.5,1.5
1783006724338,2026-07-02 17:38:44.338,C3:00:00:63:4D:04,-61,127,1.5,2.5,1.5
1783006724365,2026-07-02 17:38:44.365,C3:00:00:63:4D:08,-56,127,1.5,2.5,1.5
1783006724397,2026-07-02 17:38:44.397,C3:00:00:63:4C:D2,-70,127,1.5,2.5,1.5
1783006724404,2026-07-02 17:38:44.404,C3:00:00:63:4D:0D,-54,127,1.5,2.5,1.5
1783006724412,2026-07-02 17:38:44.412,C3:00:00:63:4D:0A,-52,127,1.5,2.5,1.5
1783006724416,2026-07-02 17:38:44.416,C3:00:00:63:4D:07,-57,127,1.5,2.5,1.5
1783006724423,2026-07-02 17:38:44.423,C3:00:00:63:4D:09,-62,127,1.5,2.5,1.5
1783006724426,2026-07-02 17:38:44.426,C3:00:00:63:4D:05,-58,127,1.5,2.5,1.5
1783006724434,2026-07-02 17:38:44.434,C3:00:00:63:4D:04,-57,127,1.5,2.5,1.5
1783006724474,2026-07-02 17:38:44.474,C3:00:00:63:4D:08,-62,127,1.5,2.5,1.5
1783006724503,2026-07-02 17:38:44.503,C3:00:00:63:4D:0D,-61,127,1.5,2.5,1.5
1783006724509,2026-07-02 17:38:44.509,C3:00:00:63:4C:D2,-66,127,1.5,2.5,1.5
1783006724526,2026-07-02 17:38:44.526,C3:00:00:63:4D:0A,-60,127,1.5,2.5,1.5
1783006724531,2026-07-02 17:38:44.531,C3:00:00:63:4D:07,-54,127,1.5,2.5,1.5
1783006724542,2026-07-02 17:38:44.542,C3:00:00:63:4D:09,-60,127,1.5,2.5,1.5
1783006724548,2026-07-02 17:38:44.548,C3:00:00:63:4D:05,-64,127,1.5,2.5,1.5
1783006724554,2026-07-02 17:38:44.554,C3:00:00:63:4D:04,-62,127,1.5,2.5,1.5
1783006724557,2026-07-02 17:38:44.557,C3:00:00:63:4C:D2,-69,127,1.5,2.5,1.5
1783006724586,2026-07-02 17:38:44.586,C3:00:00:63:4D:08,-54,127,1.5,2.5,1.5
1783006724609,2026-07-02 17:38:44.609,C3:00:00:63:4D:0D,-54,127,1.5,2.5,1.5
1783006724623,2026-07-02 17:38:44.623,C3:00:00:63:4C:D2,-70,127,1.5,2.5,1.5
1783006724627,2026-07-02 17:38:44.627,C3:00:00:63:4D:0A,-52,127,1.5,2.5,1.5
1783006724633,2026-07-02 17:38:44.633,C3:00:00:63:4D:07,-57,127,1.5,2.5,1.5
1783006724651,2026-07-02 17:38:44.651,C3:00:00:63:4D:09,-64,127,1.5,2.5,1.5
1783006724694,2026-07-02 17:38:44.694,C3:00:00:63:4D:08,-56,127,1.5,2.5,1.5
1783006724735,2026-07-02 17:38:44.735,C3:00:00:63:4C:D2,-66,127,1.5,2.5,1.5
1783006724740,2026-07-02 17:38:44.740,C3:00:00:63:4D:0A,-56,127,1.5,2.5,1.5
1783006724751,2026-07-02 17:38:44.751,C3:00:00:63:4D:07,-58,127,1.5,2.5,1.5
1783006724769,2026-07-02 17:38:44.769,C3:00:00:63:4D:08,-59,127,1.5,2.5,1.5
1783006724773,2026-07-02 17:38:44.773,C3:00:00:63:4D:04,-57,127,1.5,2.5,1.5
1783006724777,2026-07-02 17:38:44.777,C3:00:00:63:4D:09,-62,127,1.5,2.5,1.5
1783006724778,2026-07-02 17:38:44.778,C3:00:00:63:4D:05,-58,127,1.5,2.5,1.5
1783006724794,2026-07-02 17:38:44.794,C3:00:00:63:4D:08,-59,127,1.5,2.5,1.5
1783006724815,2026-07-02 17:38:44.815,C3:00:00:63:4D:0D,-60,127,1.5,2.5,1.5
1783006724849,2026-07-02 17:38:44.849,C3:00:00:63:4C:D2,-62,127,1.5,2.5,1.5
1783006724859,2026-07-02 17:38:44.859,C3:00:00:63:4D:0A,-60,127,1.5,2.5,1.5
1783006724870,2026-07-02 17:38:44.870,C3:00:00:63:4D:07,-54,127,1.5,2.5,1.5
1783006724878,2026-07-02 17:38:44.878,C3:00:00:63:4D:09,-60,127,1.5,2.5,1.5
1783006724882,2026-07-02 17:38:44.882,C3:00:00:63:4D:0A,-60,127,1.5,2.5,1.5
1783006724884,2026-07-02 17:38:44.884,C3:00:00:63:4D:04,-63,127,1.5,2.5,1.5
1783006724889,2026-07-02 17:38:44.889,C3:00:00:63:4D:05,-65,127,1.5,2.5,1.5
1783006724892,2026-07-02 17:38:44.892,C3:00:00:63:4D:09,-60,127,1.5,2.5,1.5
1783006724903,2026-07-02 17:38:44.903,C3:00:00:63:4D:08,-54,127,1.5,2.5,1.5
1783006724919,2026-07-02 17:38:44.919,C3:00:00:63:4D:0D,-55,127,1.5,2.5,1.5
1783006724968,2026-07-02 17:38:44.968,C3:00:00:63:4C:D2,-72,127,1.5,2.5,1.5
1783006724990,2026-07-02 17:38:44.990,C3:00:00:63:4D:07,-60,127,1.5,2.5,1.5
1783006724997,2026-07-02 17:38:44.997,C3:00:00:63:4D:09,-68,127,1.5,2.5,1.5
1783006725000,2026-07-02 17:38:45.000,C3:00:00:63:4D:04,-62,127,1.5,2.5,1.5
1783006725008,2026-07-02 17:38:45.008,C3:00:00:63:4D:05,-67,127,1.5,2.5,1.5
1783006725059,2026-07-02 17:38:45.059,C3:00:00:63:4D:07,-56,127,1.5,2.5,1.5
1783006725063,2026-07-02 17:38:45.063,C3:00:00:63:4D:05,-58,127,1.5,2.5,1.5
1783006725078,2026-07-02 17:38:45.078,C3:00:00:63:4C:D2,-63,127,1.5,2.5,1.5
1783006725084,2026-07-02 17:38:45.084,C3:00:00:63:4D:0A,-55,127,1.5,2.5,1.5
1783006725091,2026-07-02 17:38:45.091,C3:00:00:63:4D:07,-56,127,1.5,2.5,1.5
1783006725105,2026-07-02 17:38:45.105,C3:00:00:63:4D:05,-58,127,1.5,2.5,1.5
1783006725123,2026-07-02 17:38:45.123,C3:00:00:63:4D:0D,-54,127,1.5,2.5,1.5
1783006725151,2026-07-02 17:38:45.151,C3:00:00:63:4D:0D,-54,127,1.5,2.5,1.5
1783006725194,2026-07-02 17:38:45.194,C3:00:00:63:4C:D2,-62,127,1.5,2.5,1.5
1783006725199,2026-07-02 17:38:45.199,C3:00:00:63:4D:0A,-60,127,1.5,2.5,1.5
1783006725215,2026-07-02 17:38:45.215,C3:00:00:63:4D:04,-62,127,1.5,2.5,1.5
1783006725228,2026-07-02 17:38:45.228,C3:00:00:63:4D:07,-54,127,1.5,2.5,1.5
1783006725232,2026-07-02 17:38:45.232,C3:00:00:63:4D:09,-64,127,1.5,2.5,1.5
1783006725241,2026-07-02 17:38:45.241,C3:00:00:63:4D:05,-65,127,1.5,2.5,1.5
1783006725245,2026-07-02 17:38:45.245,C3:00:00:63:4D:0D,-54,127,1.5,2.5,1.5
1783006725313,2026-07-02 17:38:45.313,C3:00:00:63:4D:0A,-52,127,1.5,2.5,1.5
1783006725319,2026-07-02 17:38:45.319,C3:00:00:63:4C:D2,-70,127,1.5,2.5,1.5
1783006725327,2026-07-02 17:38:45.327,C3:00:00:63:4D:04,-61,127,1.5,2.5,1.5
1783006725334,2026-07-02 17:38:45.334,C3:00:00:63:4D:07,-57,127,1.5,2.5,1.5
1783006725343,2026-07-02 17:38:45.343,C3:00:00:63:4D:09,-62,127,1.5,2.5,1.5
1783006725346,2026-07-02 17:38:45.346,C3:00:00:63:4D:0D,-61,127,1.5,2.5,1.5
1783006725347,2026-07-02 17:38:45.347,C3:00:00:63:4D:08,-61,127,1.5,2.5,1.5
1783006725350,2026-07-02 17:38:45.350,C3:00:00:63:4D:05,-58,127,1.5,2.5,1.5
1783006725390,2026-07-02 17:38:45.390,C3:00:00:63:4D:07,-64,127,1.5,2.5,1.5
1783006725393,2026-07-02 17:38:45.393,C3:00:00:63:4D:09,-62,127,1.5,2.5,1.5
1783006725429,2026-07-02 17:38:45.429,C3:00:00:63:4C:D2,-62,127,1.5,2.5,1.5
1783006725456,2026-07-02 17:38:45.456,C3:00:00:63:4D:0A,-60,127,1.5,2.5,1.5
1783006725465,2026-07-02 17:38:45.465,C3:00:00:63:4D:07,-54,127,1.5,2.5,1.5
1783006725470,2026-07-02 17:38:45.470,C3:00:00:63:4D:0D,-54,127,1.5,2.5,1.5
1783006725475,2026-07-02 17:38:45.475,C3:00:00:63:4D:09,-60,127,1.5,2.5,1.5
1783006725477,2026-07-02 17:38:45.477,C3:00:00:63:4D:08,-54,127,1.5,2.5,1.5
1783006725480,2026-07-02 17:38:45.480,C3:00:00:63:4C:D2,-63,127,1.5,2.5,1.5
1783006725531,2026-07-02 17:38:45.531,C3:00:00:63:4D:04,-61,127,1.5,2.5,1.5
1783006725534,2026-07-02 17:38:45.534,C3:00:00:63:4D:0A,-52,127,1.5,2.5,1.5
1783006725559,2026-07-02 17:38:45.559,C3:00:00:63:4D:07,-58,127,1.5,2.5,1.5
1783006725565,2026-07-02 17:38:45.565,C3:00:00:63:4D:09,-64,127,1.5,2.5,1.5
1783006725574,2026-07-02 17:38:45.574,C3:00:00:63:4D:08,-56,127,1.5,2.5,1.5
1783006725647,2026-07-02 17:38:45.647,C3:00:00:63:4D:0A,-56,127,1.5,2.5,1.5
1783006725655,2026-07-02 17:38:45.655,C3:00:00:63:4D:0D,-61,127,1.5,2.5,1.5
1783006725675,2026-07-02 17:38:45.675,C3:00:00:63:4D:08,-62,127,1.5,2.5,1.5
1783006725699,2026-07-02 17:38:45.699,C3:00:00:63:4D:05,-58,127,1.5,2.5,1.5
1783006725750,2026-07-02 17:38:45.750,C3:00:00:63:4D:04,-64,127,1.5,2.5,1.5
1783006725756,2026-07-02 17:38:45.756,C3:00:00:63:4D:0A,-60,127,1.5,2.5,1.5
1783006725772,2026-07-02 17:38:45.772,C3:00:00:63:4D:0D,-54,127,1.5,2.5,1.5
1783006725781,2026-07-02 17:38:45.781,C3:00:00:63:4C:D2,-62,127,1.5,2.5,1.5
1783006725789,2026-07-02 17:38:45.789,C3:00:00:63:4D:08,-54,127,1.5,2.5,1.5
1783006725796,2026-07-02 17:38:45.796,C3:00:00:63:4D:07,-56,127,1.5,2.5,1.5
1783006725813,2026-07-02 17:38:45.813,C3:00:00:63:4D:05,-64,127,1.5,2.5,1.5
1783006725841,2026-07-02 17:38:45.841,C3:00:00:63:4D:04,-63,127,1.5,2.5,1.5
1783006725870,2026-07-02 17:38:45.870,C3:00:00:63:4D:0A,-50,127,1.5,2.5,1.5
1783006725894,2026-07-02 17:38:45.894,C3:00:00:63:4D:04,-62,127,1.5,2.5,1.5
1783006725902,2026-07-02 17:38:45.902,C3:00:00:63:4C:D2,-71,127,1.5,2.5,1.5
1783006725904,2026-07-02 17:38:45.904,C3:00:00:63:4D:08,-56,127,1.5,2.5,1.5
1783006725910,2026-07-02 17:38:45.910,C3:00:00:63:4D:09,-67,127,1.5,2.5,1.5
1783006725914,2026-07-02 17:38:45.914,C3:00:00:63:4D:07,-60,127,1.5,2.5,1.5
1783006725916,2026-07-02 17:38:45.916,C3:00:00:63:4C:D2,-73,127,1.5,2.5,1.5
1783006725923,2026-07-02 17:38:45.923,C3:00:00:63:4D:0D,-60,127,1.5,2.5,1.5
1783006725980,2026-07-02 17:38:45.980,C3:00:00:63:4D:0A,-55,127,1.5,2.5,1.5
1783006726003,2026-07-02 17:38:46.003,C3:00:00:63:4D:08,-59,127,1.5,2.5,1.5
1783006726016,2026-07-02 17:38:46.016,C3:00:00:63:4D:0A,-55,127,1.5,2.5,1.5
1783006726018,2026-07-02 17:38:46.018,C3:00:00:63:4D:07,-56,127,1.5,2.5,1.5
1783006726020,2026-07-02 17:38:46.020,C3:00:00:63:4D:09,-60,127,1.5,2.5,1.5
1783006726039,2026-07-02 17:38:46.039,C3:00:00:63:4D:05,-64,127,1.5,2.5,1.5
1783006726076,2026-07-02 17:38:46.076,C3:00:00:63:4D:0D,-55,127,1.5,2.5,1.5
1783006726083,2026-07-02 17:38:46.083,C3:00:00:63:4C:D2,-62,127,1.5,2.5,1.5
1783006726097,2026-07-02 17:38:46.097,C3:00:00:63:4D:0A,-60,127,1.5,2.5,1.5
1783006726135,2026-07-02 17:38:46.135,C3:00:00:63:4D:09,-67,127,1.5,2.5,1.5
1783006726139,2026-07-02 17:38:46.139,C3:00:00:63:4D:05,-67,127,1.5,2.5,1.5
1783006726144,2026-07-02 17:38:46.144,C3:00:00:63:4D:07,-60,127,1.5,2.5,1.5
1783006726148,2026-07-02 17:38:46.148,C3:00:00:63:4D:05,-67,127,1.5,2.5,1.5
1783006726184,2026-07-02 17:38:46.184,C3:00:00:63:4D:04,-62,127,1.5,2.5,1.5
1783006726209,2026-07-02 17:38:46.209,C3:00:00:63:4D:0A,-52,127,1.5,2.5,1.5
1783006726235,2026-07-02 17:38:46.235,C3:00:00:63:4D:08,-59,127,1.5,2.5,1.5
1783006726242,2026-07-02 17:38:46.242,C3:00:00:63:4D:07,-55,127,1.5,2.5,1.5
1783006726245,2026-07-02 17:38:46.245,C3:00:00:63:4C:D2,-63,127,1.5,2.5,1.5
1783006726247,2026-07-02 17:38:46.247,C3:00:00:63:4D:09,-62,127,1.5,2.5,1.5
1783006726248,2026-07-02 17:38:46.248,C3:00:00:63:4D:07,-56,127,1.5,2.5,1.5
1783006726257,2026-07-02 17:38:46.257,C3:00:00:63:4D:05,-58,127,1.5,2.5,1.5
1783006726281,2026-07-02 17:38:46.281,C3:00:00:63:4D:0D,-60,127,1.5,2.5,1.5
1783006726297,2026-07-02 17:38:46.297,C3:00:00:63:4D:04,-57,127,1.5,2.5,1.5
1783006726320,2026-07-02 17:38:46.320,C3:00:00:63:4D:0A,-60,127,1.5,2.5,1.5
1783006726329,2026-07-02 17:38:46.329,C3:00:00:63:4D:08,-54,127,1.5,2.5,1.5
1783006726352,2026-07-02 17:38:46.352,C3:00:00:63:4C:D2,-62,127,1.5,2.5,1.5
1783006726370,2026-07-02 17:38:46.370,C3:00:00:63:4D:09,-60,127,1.5,2.5,1.5
1783006726372,2026-07-02 17:38:46.372,C3:00:00:63:4D:07,-54,127,1.5,2.5,1.5
1783006726376,2026-07-02 17:38:46.376,C3:00:00:63:4D:05,-64,127,1.5,2.5,1.5
1783006726384,2026-07-02 17:38:46.384,C3:00:00:63:4D:0D,-54,127,1.5,2.5,1.5
1783006726405,2026-07-02 17:38:46.405,C3:00:00:63:4D:04,-64,127,1.5,2.5,1.5
1783006726439,2026-07-02 17:38:46.439,C3:00:00:63:4D:0A,-52,127,1.5,2.5,1.5
1783006726447,2026-07-02 17:38:46.447,C3:00:00:63:4D:08,-56,127,1.5,2.5,1.5
1783006726468,2026-07-02 17:38:46.468,C3:00:00:63:4C:D2,-71,127,1.5,2.5,1.5
1783006726472,2026-07-02 17:38:46.472,C3:00:00:63:4D:09,-67,127,1.5,2.5,1.5
1783006726479,2026-07-02 17:38:46.479,C3:00:00:63:4D:07,-60,127,1.5,2.5,1.5
1783006726497,2026-07-02 17:38:46.497,C3:00:00:63:4D:0D,-55,127,1.5,2.5,1.5
1783006726517,2026-07-02 17:38:46.517,C3:00:00:63:4D:04,-57,127,1.5,2.5,1.5
1783006726543,2026-07-02 17:38:46.543,C3:00:00:63:4D:08,-59,127,1.5,2.5,1.5
1783006726552,2026-07-02 17:38:46.552,C3:00:00:63:4D:0A,-55,127,1.5,2.5,1.5
1783006726580,2026-07-02 17:38:46.580,C3:00:00:63:4C:D2,-64,127,1.5,2.5,1.5
1783006726593,2026-07-02 17:38:46.593,C3:00:00:63:4D:07,-56,127,1.5,2.5,1.5
1783006726599,2026-07-02 17:38:46.599,C3:00:00:63:4D:0D,-60,127,1.5,2.5,1.5
1783006726618,2026-07-02 17:38:46.618,C3:00:00:63:4D:05,-64,127,1.5,2.5,1.5
1783006726622,2026-07-02 17:38:46.622,C3:00:00:63:4D:04,-64,127,1.5,2.5,1.5
1783006726659,2026-07-02 17:38:46.659,C3:00:00:63:4D:08,-54,127,1.5,2.5,1.5
1783006726662,2026-07-02 17:38:46.662,C3:00:00:63:4D:0A,-60,127,1.5,2.5,1.5
1783006726688,2026-07-02 17:38:46.688,C3:00:00:63:4C:D2,-62,127,1.5,2.5,1.5
1783006726707,2026-07-02 17:38:46.707,C3:00:00:63:4D:09,-60,127,1.5,2.5,1.5
1783006726709,2026-07-02 17:38:46.709,C3:00:00:63:4D:07,-54,127,1.5,2.5,1.5
1783006726727,2026-07-02 17:38:46.727,C3:00:00:63:4D:05,-66,127,1.5,2.5,1.5
1783006726738,2026-07-02 17:38:46.738,C3:00:00:63:4D:04,-62,127,1.5,2.5,1.5
1783006726754,2026-07-02 17:38:46.754,C3:00:00:63:4D:08,-57,127,1.5,2.5,1.5
1783006726777,2026-07-02 17:38:46.777,C3:00:00:63:4D:08,-64,127,1.5,2.5,1.5
1783006726785,2026-07-02 17:38:46.785,C3:00:00:63:4D:0A,-52,127,1.5,2.5,1.5
1783006726802,2026-07-02 17:38:46.802,C3:00:00:63:4D:08,-56,127,1.5,2.5,1.5
1783006726831,2026-07-02 17:38:46.831,C3:00:00:63:4D:0D,-55,127,1.5,2.5,1.5
1783006726833,2026-07-02 17:38:46.833,C3:00:00:63:4D:08,-57,127,1.5,2.5,1.5
1783006726837,2026-07-02 17:38:46.837,C3:00:00:63:4D:07,-56,127,1.5,2.5,1.5
1783006726844,2026-07-02 17:38:46.844,C3:00:00:63:4D:05,-58,127,1.5,2.5,1.5
1783006726874,2026-07-02 17:38:46.874,C3:00:00:63:4D:08,-59,127,1.5,2.5,1.5
1783006726878,2026-07-02 17:38:46.878,C3:00:00:63:4D:09,-62,127,1.5,2.5,1.5
1783006726885,2026-07-02 17:38:46.885,C3:00:00:63:4D:0A,-55,127,1.5,2.5,1.5
1783006726912,2026-07-02 17:38:46.912,C3:00:00:63:4D:0D,-60,127,1.5,2.5,1.5
1783006726915,2026-07-02 17:38:46.915,C3:00:00:63:4C:D2,-62,127,1.5,2.5,1.5
1783006726927,2026-07-02 17:38:46.927,C3:00:00:63:4D:09,-60,127,1.5,2.5,1.5
1783006726933,2026-07-02 17:38:46.933,C3:00:00:63:4D:07,-54,127,1.5,2.5,1.5
1783006726947,2026-07-02 17:38:46.947,C3:00:00:63:4D:04,-64,127,1.5,2.5,1.5
1783006726953,2026-07-02 17:38:46.953,C3:00:00:63:4D:05,-64,127,1.5,2.5,1.5
1783006726968,2026-07-02 17:38:46.968,C3:00:00:63:4D:05,-71,127,1.5,2.5,1.5
1783006726978,2026-07-02 17:38:46.978,C3:00:00:63:4D:08,-54,127,1.5,2.5,1.5
1783006727000,2026-07-02 17:38:47.000,C3:00:00:63:4D:0A,-60,127,1.5,2.5,1.5
1783006727015,2026-07-02 17:38:47.015,C3:00:00:63:4D:0D,-55,127,1.5,2.5,1.5
1783006727034,2026-07-02 17:38:47.034,C3:00:00:63:4C:D2,-72,127,1.5,2.5,1.5
1783006727050,2026-07-02 17:38:47.050,C3:00:00:63:4D:07,-60,127,1.5,2.5,1.5
1783006727070,2026-07-02 17:38:47.070,C3:00:00:63:4D:04,-62,127,1.5,2.5,1.5
1783006727076,2026-07-02 17:38:47.076,C3:00:00:63:4D:05,-66,127,1.5,2.5,1.5
1783006727083,2026-07-02 17:38:47.083,C3:00:00:63:4D:07,-60,127,1.5,2.5,1.5
1783006727086,2026-07-02 17:38:47.086,C3:00:00:63:4D:08,-57,127,1.5,2.5,1.5
1783006727098,2026-07-02 17:38:47.098,C3:00:00:63:4D:0D,-55,127,1.5,2.5,1.5
1783006727102,2026-07-02 17:38:47.102,C3:00:00:63:4D:05,-67,127,1.5,2.5,1.5
1783006727112,2026-07-02 17:38:47.112,C3:00:00:63:4D:0A,-52,127,1.5,2.5,1.5
1783006727115,2026-07-02 17:38:47.115,C3:00:00:63:4D:0D,-60,127,1.5,2.5,1.5
1783006727140,2026-07-02 17:38:47.140,C3:00:00:63:4D:0D,-60,127,1.5,2.5,1.5
1783006727166,2026-07-02 17:38:47.166,C3:00:00:63:4D:04,-57,127,1.5,2.5,1.5
1783006727171,2026-07-02 17:38:47.171,C3:00:00:63:4D:07,-56,127,1.5,2.5,1.5
1783006727189,2026-07-02 17:38:47.189,C3:00:00:63:4D:05,-58,127,1.5,2.5,1.5
1783006727206,2026-07-02 17:38:47.206,C3:00:00:63:4D:08,-59,127,1.5,2.5,1.5
1783006727220,2026-07-02 17:38:47.220,C3:00:00:63:4D:0A,-60,127,1.5,2.5,1.5
1783006727225,2026-07-02 17:38:47.225,C3:00:00:63:4D:0D,-54,127,1.5,2.5,1.5
1783006727262,2026-07-02 17:38:47.262,C3:00:00:63:4C:D2,-62,127,1.5,2.5,1.5
1783006727280,2026-07-02 17:38:47.280,C3:00:00:63:4D:07,-54,127,1.5,2.5,1.5
1783006727299,2026-07-02 17:38:47.299,C3:00:00:63:4D:05,-64,127,1.5,2.5,1.5
1783006727315,2026-07-02 17:38:47.315,C3:00:00:63:4D:08,-54,127,1.5,2.5,1.5
1783006727337,2026-07-02 17:38:47.337,C3:00:00:63:4D:0D,-55,127,1.5,2.5,1.5
1783006727341,2026-07-02 17:38:47.341,C3:00:00:63:4D:0A,-52,127,1.5,2.5,1.5
1783006727361,2026-07-02 17:38:47.361,C3:00:00:63:4D:04,-62,127,1.5,2.5,1.5
1783006727380,2026-07-02 17:38:47.380,C3:00:00:63:4C:D2,-72,127,1.5,2.5,1.5
1783006727417,2026-07-02 17:38:47.417,C3:00:00:63:4D:05,-67,127,1.5,2.5,1.5
1783006727421,2026-07-02 17:38:47.421,C3:00:00:63:4D:08,-59,127,1.5,2.5,1.5
1783006727425,2026-07-02 17:38:47.425,C3:00:00:63:4D:0A,-55,127,1.5,2.5,1.5
1783006727435,2026-07-02 17:38:47.435,C3:00:00:63:4D:0D,-60,127,1.5,2.5,1.5
1783006727450,2026-07-02 17:38:47.450,C3:00:00:63:4D:0A,-55,127,1.5,2.5,1.5
1783006727495,2026-07-02 17:38:47.495,C3:00:00:63:4D:04,-56,127,1.5,2.5,1.5
1783006727498,2026-07-02 17:38:47.498,C3:00:00:63:4D:09,-62,127,1.5,2.5,1.5
1783006727505,2026-07-02 17:38:47.505,C3:00:00:63:4D:07,-55,127,1.5,2.5,1.5
1783006727523,2026-07-02 17:38:47.523,C3:00:00:63:4D:08,-54,127,1.5,2.5,1.5
1783006727541,2026-07-02 17:38:47.541,C3:00:00:63:4D:05,-64,127,1.5,2.5,1.5
1783006727546,2026-07-02 17:38:47.546,C3:00:00:63:4D:0D,-54,127,1.5,2.5,1.5
1783006727563,2026-07-02 17:38:47.563,C3:00:00:63:4D:0A,-60,127,1.5,2.5,1.5
1783006727587,2026-07-02 17:38:47.587,C3:00:00:63:4D:04,-72,127,1.5,2.5,1.5
1783006727610,2026-07-02 17:38:47.610,C3:00:00:63:4D:04,-64,127,1.5,2.5,1.5
1783006727632,2026-07-02 17:38:47.632,C3:00:00:63:4D:09,-60,127,1.5,2.5,1.5
1783006727650,2026-07-02 17:38:47.650,C3:00:00:63:4D:05,-67,127,1.5,2.5,1.5
1783006727652,2026-07-02 17:38:47.652,C3:00:00:63:4D:0D,-55,127,1.5,2.5,1.5
1783006727677,2026-07-02 17:38:47.677,C3:00:00:63:4D:0A,-52,127,1.5,2.5,1.5
1783006727719,2026-07-02 17:38:47.719,C3:00:00:63:4D:04,-57,127,1.5,2.5,1.5
1783006727725,2026-07-02 17:38:47.725,C3:00:00:63:4D:09,-62,127,1.5,2.5,1.5
1783006727741,2026-07-02 17:38:47.741,C3:00:00:63:4C:D2,-64,127,1.5,2.5,1.5
1783006727748,2026-07-02 17:38:47.748,C3:00:00:63:4D:08,-59,127,1.5,2.5,1.5
1783006727751,2026-07-02 17:38:47.751,C3:00:00:63:4D:07,-56,127,1.5,2.5,1.5
1783006727760,2026-07-02 17:38:47.760,C3:00:00:63:4D:0D,-60,127,1.5,2.5,1.5
1783006727764,2026-07-02 17:38:47.764,C3:00:00:63:4D:05,-58,127,1.5,2.5,1.5
1783006727796,2026-07-02 17:38:47.796,C3:00:00:63:4D:0A,-55,127,1.5,2.5,1.5
1783006727818,2026-07-02 17:38:47.818,C3:00:00:63:4D:04,-64,127,1.5,2.5,1.5
1783006727843,2026-07-02 17:38:47.843,C3:00:00:63:4D:09,-60,127,1.5,2.5,1.5
1783006727851,2026-07-02 17:38:47.851,C3:00:00:63:4C:D2,-62,127,1.5,2.5,1.5
1783006727857,2026-07-02 17:38:47.857,C3:00:00:63:4D:04,-65,127,1.5,2.5,1.5
1783006727861,2026-07-02 17:38:47.861,C3:00:00:63:4D:08,-54,127,1.5,2.5,1.5
1783006727866,2026-07-02 17:38:47.866,C3:00:00:63:4D:07,-55,127,1.5,2.5,1.5
1783006727870,2026-07-02 17:38:47.870,C3:00:00:63:4D:0D,-54,127,1.5,2.5,1.5
1783006727876,2026-07-02 17:38:47.876,C3:00:00:63:4D:04,-65,127,1.5,2.5,1.5
1783006727906,2026-07-02 17:38:47.906,C3:00:00:63:4D:08,-55,127,1.5,2.5,1.5
1783006727913,2026-07-02 17:38:47.913,C3:00:00:63:4D:0A,-61,127,1.5,2.5,1.5
1783006727921,2026-07-02 17:38:47.921,C3:00:00:63:4C:D2,-62,127,1.5,2.5,1.5
1783006727959,2026-07-02 17:38:47.959,C3:00:00:63:4C:D2,-74,127,1.5,2.5,1.5
1783006727998,2026-07-02 17:38:47.998,C3:00:00:63:4D:05,-68,127,1.5,2.5,1.5
1783006728006,2026-07-02 17:38:48.006,C3:00:00:63:4D:0A,-53,127,1.5,2.5,1.5
1783006728038,2026-07-02 17:38:48.038,C3:00:00:63:4D:04,-57,127,1.5,2.5,1.5
1783006728090,2026-07-02 17:38:48.090,C3:00:00:63:4D:0D,-69,127,1.5,2.5,1.5
1783006728095,2026-07-02 17:38:48.095,C3:00:00:63:4C:D2,-65,127,1.5,2.5,1.5
1783006728104,2026-07-02 17:38:48.104,C3:00:00:63:4D:05,-58,127,1.5,2.5,1.5
1783006728131,2026-07-02 17:38:48.131,C3:00:00:63:4D:0A,-61,127,1.5,2.5,1.5
1783006728148,2026-07-02 17:38:48.148,C3:00:00:63:4D:0A,-68,127,1.5,2.5,1.5
1783006728152,2026-07-02 17:38:48.152,C3:00:00:63:4D:05,-64,127,1.5,2.5,1.5
1783006728169,2026-07-02 17:38:48.169,C3:00:00:63:4D:0D,-54,127,1.5,2.5,1.5
1783006728179,2026-07-02 17:38:48.179,C3:00:00:63:4D:09,-60,127,1.5,2.5,1.5
1783006728186,2026-07-02 17:38:48.186,C3:00:00:63:4D:08,-54,127,1.5,2.5,1.5
1783006728188,2026-07-02 17:38:48.188,C3:00:00:63:4C:D2,-62,127,1.5,2.5,1.5
1783006728203,2026-07-02 17:38:48.203,C3:00:00:63:4D:07,-54,127,1.5,2.5,1.5
1783006728228,2026-07-02 17:38:48.228,C3:00:00:63:4D:07,-61,127,1.5,2.5,1.5
1783006728249,2026-07-02 17:38:48.249,C3:00:00:63:4D:0A,-53,127,1.5,2.5,1.5
1783006728254,2026-07-02 17:38:48.254,C3:00:00:63:4D:04,-63,127,1.5,2.5,1.5
1783006728314,2026-07-02 17:38:48.314,C3:00:00:63:4D:07,-56,127,1.5,2.5,1.5
1783006728332,2026-07-02 17:38:48.332,C3:00:00:63:4D:05,-58,127,1.5,2.5,1.5
1783006728380,2026-07-02 17:38:48.380,C3:00:00:63:4D:0D,-60,127,1.5,2.5,1.5
1783006728395,2026-07-02 17:38:48.395,C3:00:00:63:4D:08,-60,127,1.5,2.5,1.5
1783006728410,2026-07-02 17:38:48.410,C3:00:00:63:4D:09,-62,127,1.5,2.5,1.5
1783006728470,2026-07-02 17:38:48.470,C3:00:00:63:4D:0A,-62,127,1.5,2.5,1.5
1783006728473,2026-07-02 17:38:48.473,C3:00:00:63:4D:04,-64,127,1.5,2.5,1.5
1783006728528,2026-07-02 17:38:48.528,C3:00:00:63:4C:D2,-72,127,1.5,2.5,1.5
1783006728536,2026-07-02 17:38:48.536,C3:00:00:63:4D:09,-69,127,1.5,2.5,1.5
1783006728551,2026-07-02 17:38:48.551,C3:00:00:63:4D:07,-61,127,1.5,2.5,1.5
1783006728571,2026-07-02 17:38:48.571,C3:00:00:63:4C:D2,-80,127,1.5,2.5,1.5
1783006728585,2026-07-02 17:38:48.585,C3:00:00:63:4D:0A,-53,127,1.5,2.5,1.5
1783006728658,2026-07-02 17:38:48.658,C3:00:00:63:4D:07,-59,127,1.5,2.5,1.5
1783006728692,2026-07-02 17:38:48.692,C3:00:00:63:4D:04,-58,127,1.5,2.5,1.5
1783006728698,2026-07-02 17:38:48.698,C3:00:00:63:4D:0D,-60,127,1.5,2.5,1.5
1783006728745,2026-07-02 17:38:48.745,C3:00:00:63:4D:09,-59,127,1.5,2.5,1.5
1783006728778,2026-07-02 17:38:48.778,C3:00:00:63:4D:07,-54,127,1.5,2.5,1.5
1783006728784,2026-07-02 17:38:48.784,C3:00:00:63:4D:08,-54,127,1.5,2.5,1.5
1783006728795,2026-07-02 17:38:48.795,C3:00:00:63:4D:05,-63,127,1.5,2.5,1.5
1783006728809,2026-07-02 17:38:48.809,C3:00:00:63:4D:0A,-62,127,1.5,2.5,1.5
1783006728836,2026-07-02 17:38:48.836,C3:00:00:63:4D:08,-56,127,1.5,2.5,1.5
1783006728862,2026-07-02 17:38:48.862,C3:00:00:63:4D:09,-68,127,1.5,2.5,1.5
1783006728870,2026-07-02 17:38:48.870,C3:00:00:63:4C:D2,-73,127,1.5,2.5,1.5
1783006728877,2026-07-02 17:38:48.877,C3:00:00:63:4D:0A,-52,127,1.5,2.5,1.5
1783006728884,2026-07-02 17:38:48.884,C3:00:00:63:4D:09,-68,127,1.5,2.5,1.5
1783006728891,2026-07-02 17:38:48.891,C3:00:00:63:4D:07,-59,127,1.5,2.5,1.5
1783006728905,2026-07-02 17:38:48.905,C3:00:00:63:4D:0D,-56,127,1.5,2.5,1.5
1783006728910,2026-07-02 17:38:48.910,C3:00:00:63:4D:04,-63,127,1.5,2.5,1.5
1783006728916,2026-07-02 17:38:48.916,C3:00:00:63:4D:05,-67,127,1.5,2.5,1.5
1783006728918,2026-07-02 17:38:48.918,C3:00:00:63:4D:0A,-55,127,1.5,2.5,1.5
1783006728943,2026-07-02 17:38:48.943,C3:00:00:63:4D:08,-60,127,1.5,2.5,1.5
1783006728976,2026-07-02 17:38:48.976,C3:00:00:63:4D:09,-62,127,1.5,2.5,1.5
1783006728993,2026-07-02 17:38:48.993,C3:00:00:63:4C:D2,-64,127,1.5,2.5,1.5
1783006729014,2026-07-02 17:38:49.014,C3:00:00:63:4D:07,-56,127,1.5,2.5,1.5
1783006729019,2026-07-02 17:38:49.019,C3:00:00:63:4D:0D,-54,127,1.5,2.5,1.5
1783006729023,2026-07-02 17:38:49.023,C3:00:00:63:4D:05,-63,127,1.5,2.5,1.5
1783006729034,2026-07-02 17:38:49.034,C3:00:00:63:4D:0A,-63,127,1.5,2.5,1.5
1783006729051,2026-07-02 17:38:49.051,C3:00:00:63:4D:08,-54,127,1.5,2.5,1.5
1783006729074,2026-07-02 17:38:49.074,C3:00:00:63:4D:05,-63,127,1.5,2.5,1.5
1783006729080,2026-07-02 17:38:49.080,C3:00:00:63:4D:07,-54,127,1.5,2.5,1.5
1783006729098,2026-07-02 17:38:49.098,C3:00:00:63:4D:09,-60,127,1.5,2.5,1.5
1783006729121,2026-07-02 17:38:49.121,C3:00:00:63:4D:0D,-56,127,1.5,2.5,1.5
1783006729123,2026-07-02 17:38:49.123,C3:00:00:63:4D:07,-59,127,1.5,2.5,1.5
1783006729129,2026-07-02 17:38:49.129,C3:00:00:63:4D:04,-63,127,1.5,2.5,1.5
1783006729137,2026-07-02 17:38:49.137,C3:00:00:63:4D:0D,-56,127,1.5,2.5,1.5
1783006729144,2026-07-02 17:38:49.144,C3:00:00:63:4D:0A,-52,127,1.5,2.5,1.5
1783006729153,2026-07-02 17:38:49.153,C3:00:00:63:4D:0D,-56,127,1.5,2.5,1.5
1783006729162,2026-07-02 17:38:49.162,C3:00:00:63:4D:08,-56,127,1.5,2.5,1.5
1783006729216,2026-07-02 17:38:49.216,C3:00:00:63:4D:09,-68,127,1.5,2.5,1.5
1783006729221,2026-07-02 17:38:49.221,C3:00:00:63:4C:D2,-64,127,1.5,2.5,1.5
1783006729239,2026-07-02 17:38:49.239,C3:00:00:63:4D:07,-56,127,1.5,2.5,1.5
1783006729243,2026-07-02 17:38:49.243,C3:00:00:63:4D:04,-57,127,1.5,2.5,1.5
1783006729259,2026-07-02 17:38:49.259,C3:00:00:63:4D:05,-58,127,1.5,2.5,1.5
1783006729261,2026-07-02 17:38:49.261,C3:00:00:63:4D:0A,-55,127,1.5,2.5,1.5
1783006729267,2026-07-02 17:38:49.267,C3:00:00:63:4D:08,-60,127,1.5,2.5,1.5
1783006729329,2026-07-02 17:38:49.329,C3:00:00:63:4D:09,-60,127,1.5,2.5,1.5
1783006729338,2026-07-02 17:38:49.338,C3:00:00:63:4D:0D,-54,127,1.5,2.5,1.5
1783006729344,2026-07-02 17:38:49.344,C3:00:00:63:4C:D2,-64,127,1.5,2.5,1.5
1783006729351,2026-07-02 17:38:49.351,C3:00:00:63:4D:04,-65,127,1.5,2.5,1.5
1783006729358,2026-07-02 17:38:49.358,C3:00:00:63:4D:07,-54,127,1.5,2.5,1.5
1783006729370,2026-07-02 17:38:49.370,C3:00:00:63:4D:0A,-62,127,1.5,2.5,1.5
1783006729379,2026-07-02 17:38:49.379,C3:00:00:63:4D:05,-64,127,1.5,2.5,1.5
1783006729384,2026-07-02 17:38:49.384,C3:00:00:63:4D:08,-54,127,1.5,2.5,1.5
1783006729390,2026-07-02 17:38:49.390,C3:00:00:63:4D:07,-61,127,1.5,2.5,1.5
1783006729398,2026-07-02 17:38:49.398,C3:00:00:63:4D:09,-60,127,1.5,2.5,1.5
1783006729444,2026-07-02 17:38:49.444,C3:00:00:63:4D:09,-68,127,1.5,2.5,1.5
1783006729450,2026-07-02 17:38:49.450,C3:00:00:63:4C:D2,-73,127,1.5,2.5,1.5
1783006729462,2026-07-02 17:38:49.462,C3:00:00:63:4D:04,-63,127,1.5,2.5,1.5
1783006729489,2026-07-02 17:38:49.489,C3:00:00:63:4D:0A,-52,127,1.5,2.5,1.5
1783006729500,2026-07-02 17:38:49.500,C3:00:00:63:4D:05,-67,127,1.5,2.5,1.5
1783006729503,2026-07-02 17:38:49.503,C3:00:00:63:4D:08,-56,127,1.5,2.5,1.5
1783006729543,2026-07-02 17:38:49.543,C3:00:00:63:4D:0D,-60,127,1.5,2.5,1.5
1783006729560,2026-07-02 17:38:49.560,C3:00:00:63:4D:09,-62,127,1.5,2.5,1.5
1783006729565,2026-07-02 17:38:49.565,C3:00:00:63:4C:D2,-67,127,1.5,2.5,1.5
1783006729569,2026-07-02 17:38:49.569,C3:00:00:63:4D:04,-57,127,1.5,2.5,1.5
1783006729577,2026-07-02 17:38:49.577,C3:00:00:63:4D:07,-56,127,1.5,2.5,1.5
1783006729591,2026-07-02 17:38:49.591,C3:00:00:63:4D:08,-60,127,1.5,2.5,1.5
1783006729598,2026-07-02 17:38:49.598,C3:00:00:63:4D:05,-58,127,1.5,2.5,1.5
1783006729601,2026-07-02 17:38:49.601,C3:00:00:63:4D:0A,-55,127,1.5,2.5,1.5
1783006729643,2026-07-02 17:38:49.643,C3:00:00:63:4D:0D,-54,127,1.5,2.5,1.5
1783006729668,2026-07-02 17:38:49.668,C3:00:00:63:4D:09,-60,127,1.5,2.5,1.5
1783006729676,2026-07-02 17:38:49.676,C3:00:00:63:4D:04,-65,127,1.5,2.5,1.5
1783006729682,2026-07-02 17:38:49.682,C3:00:00:63:4C:D2,-64,127,1.5,2.5,1.5
1783006729700,2026-07-02 17:38:49.700,C3:00:00:63:4D:07,-54,127,1.5,2.5,1.5
1783006729704,2026-07-02 17:38:49.704,C3:00:00:63:4D:08,-54,127,1.5,2.5,1.5
1783006729710,2026-07-02 17:38:49.710,C3:00:00:63:4D:0A,-62,127,1.5,2.5,1.5
1783006729716,2026-07-02 17:38:49.716,C3:00:00:63:4D:05,-67,127,1.5,2.5,1.5
1783006729753,2026-07-02 17:38:49.753,C3:00:00:63:4D:0D,-56,127,1.5,2.5,1.5
1783006729777,2026-07-02 17:38:49.777,C3:00:00:63:4D:09,-68,127,1.5,2.5,1.5
1783006729782,2026-07-02 17:38:49.782,C3:00:00:63:4D:04,-63,127,1.5,2.5,1.5
1783006729795,2026-07-02 17:38:49.795,C3:00:00:63:4C:D2,-73,127,1.5,2.5,1.5
1783006729814,2026-07-02 17:38:49.814,C3:00:00:63:4D:07,-59,127,1.5,2.5,1.5
1783006729819,2026-07-02 17:38:49.819,C3:00:00:63:4D:08,-60,127,1.5,2.5,1.5
1783006729832,2026-07-02 17:38:49.832,C3:00:00:63:4D:0A,-55,127,1.5,2.5,1.5
1783006729834,2026-07-02 17:38:49.834,C3:00:00:63:4D:05,-58,127,1.5,2.5,1.5
1783006729846,2026-07-02 17:38:49.846,C3:00:00:63:4D:0D,-60,127,1.5,2.5,1.5
1783006729858,2026-07-02 17:38:49.858,C3:00:00:63:4D:04,-57,127,1.5,2.5,1.5
1783006729879,2026-07-02 17:38:49.879,C3:00:00:63:4D:04,-58,127,1.5,2.5,1.5
1783006729899,2026-07-02 17:38:49.899,C3:00:00:63:4D:09,-62,127,1.5,2.5,1.5
1783006729904,2026-07-02 17:38:49.904,C3:00:00:63:4D:04,-57,127,1.5,2.5,1.5
1783006729909,2026-07-02 17:38:49.909,C3:00:00:63:4C:D2,-64,127,1.5,2.5,1.5
1783006729911,2026-07-02 17:38:49.911,C3:00:00:63:4D:08,-60,127,1.5,2.5,1.5
1783006729925,2026-07-02 17:38:49.925,C3:00:00:63:4D:0D,-54,127,1.5,2.5,1.5
1783006729932,2026-07-02 17:38:49.932,C3:00:00:63:4D:07,-54,127,1.5,2.5,1.5
1783006729939,2026-07-02 17:38:49.939,C3:00:00:63:4D:08,-53,127,1.5,2.5,1.5
1783006730000,2026-07-02 17:38:50.000,C3:00:00:63:4D:04,-65,127,1.5,2.5,1.5
1783006730034,2026-07-02 17:38:50.034,C3:00:00:63:4C:D2,-72,127,1.5,2.5,1.5
1783006730044,2026-07-02 17:38:50.044,C3:00:00:63:4D:08,-56,127,1.5,2.5,1.5
1783006730048,2026-07-02 17:38:50.048,C3:00:00:63:4D:07,-59,127,1.5,2.5,1.5
1783006730053,2026-07-02 17:38:50.053,C3:00:00:63:4D:0A,-53,127,1.5,2.5,1.5
1783006730060,2026-07-02 17:38:50.060,C3:00:00:63:4D:0D,-56,127,1.5,2.5,1.5
1783006730072,2026-07-02 17:38:50.072,C3:00:00:63:4D:05,-68,127,1.5,2.5,1.5
1783006730106,2026-07-02 17:38:50.106,C3:00:00:63:4C:D2,-73,127,1.5,2.5,1.5
1783006730109,2026-07-02 17:38:50.109,C3:00:00:63:4D:04,-63,127,1.5,2.5,1.5
1783006730115,2026-07-02 17:38:50.115,C3:00:00:63:4D:09,-62,127,1.5,2.5,1.5
1783006730150,2026-07-02 17:38:50.150,C3:00:00:63:4D:08,-60,127,1.5,2.5,1.5
1783006730157,2026-07-02 17:38:50.157,C3:00:00:63:4C:D2,-64,127,1.5,2.5,1.5
1783006730163,2026-07-02 17:38:50.163,C3:00:00:63:4D:07,-56,127,1.5,2.5,1.5
1783006730165,2026-07-02 17:38:50.165,C3:00:00:63:4D:0A,-55,127,1.5,2.5,1.5
1783006730170,2026-07-02 17:38:50.170,C3:00:00:63:4D:0D,-60,127,1.5,2.5,1.5
1783006730175,2026-07-02 17:38:50.175,C3:00:00:63:4D:05,-58,127,1.5,2.5,1.5
1783006730194,2026-07-02 17:38:50.194,C3:00:00:63:4D:05,-58,127,1.5,2.5,1.5
1783006730220,2026-07-02 17:38:50.220,C3:00:00:63:4D:04,-65,127,1.5,2.5,1.5
1783006730235,2026-07-02 17:38:50.235,C3:00:00:63:4D:09,-59,127,1.5,2.5,1.5
1783006730240,2026-07-02 17:38:50.240,C3:00:00:63:4D:07,-54,127,1.5,2.5,1.5
1783006730251,2026-07-02 17:38:50.251,C3:00:00:63:4C:D2,-64,127,1.5,2.5,1.5
1783006730258,2026-07-02 17:38:50.258,C3:00:00:63:4D:07,-54,127,1.5,2.5,1.5
1783006730279,2026-07-02 17:38:50.279,C3:00:00:63:4D:0D,-54,127,1.5,2.5,1.5
1783006730283,2026-07-02 17:38:50.283,C3:00:00:63:4D:0A,-62,127,1.5,2.5,1.5
1783006730288,2026-07-02 17:38:50.288,C3:00:00:63:4D:07,-54,127,1.5,2.5,1.5
1783006730290,2026-07-02 17:38:50.290,C3:00:00:63:4D:05,-62,127,1.5,2.5,1.5
1783006730330,2026-07-02 17:38:50.330,C3:00:00:63:4D:04,-62,127,1.5,2.5,1.5
1783006730358,2026-07-02 17:38:50.358,C3:00:00:63:4D:09,-64,127,1.5,2.5,1.5
1783006730378,2026-07-02 17:38:50.378,C3:00:00:63:4C:D2,-70,127,1.5,2.5,1.5
1783006730383,2026-07-02 17:38:50.383,C3:00:00:63:4D:0D,-54,127,1.5,2.5,1.5
1783006730387,2026-07-02 17:38:50.387,C3:00:00:63:4D:07,-57,127,1.5,2.5,1.5
1783006730393,2026-07-02 17:38:50.393,C3:00:00:63:4D:0A,-53,127,1.5,2.5,1.5
1783006730412,2026-07-02 17:38:50.412,C3:00:00:63:4D:05,-66,127,1.5,2.5,1.5
1783006730469,2026-07-02 17:38:50.469,C3:00:00:63:4D:09,-61,127,1.5,2.5,1.5
1783006730476,2026-07-02 17:38:50.476,C3:00:00:63:4D:08,-62,127,1.5,2.5,1.5
1783006730484,2026-07-02 17:38:50.484,C3:00:00:63:4D:0D,-61,127,1.5,2.5,1.5
1783006730492,2026-07-02 17:38:50.492,C3:00:00:63:4C:D2,-67,127,1.5,2.5,1.5
1783006730499,2026-07-02 17:38:50.499,C3:00:00:63:4D:09,-61,127,1.5,2.5,1.5
1783006730521,2026-07-02 17:38:50.521,C3:00:00:63:4D:05,-63,127,1.5,2.5,1.5
1783006730549,2026-07-02 17:38:50.549,C3:00:00:63:4D:04,-65,127,1.5,2.5,1.5
1783006730581,2026-07-02 17:38:50.581,C3:00:00:63:4D:09,-59,127,1.5,2.5,1.5
1783006730587,2026-07-02 17:38:50.587,C3:00:00:63:4D:0D,-54,127,1.5,2.5,1.5
1783006730603,2026-07-02 17:38:50.603,C3:00:00:63:4C:D2,-64,127,1.5,2.5,1.5
1783006730625,2026-07-02 17:38:50.625,C3:00:00:63:4D:07,-57,127,1.5,2.5,1.5
1783006730631,2026-07-02 17:38:50.631,C3:00:00:63:4D:05,-66,127,1.5,2.5,1.5
1783006730662,2026-07-02 17:38:50.662,C3:00:00:63:4D:04,-62,127,1.5,2.5,1.5
1783006730695,2026-07-02 17:38:50.695,C3:00:00:63:4D:08,-56,127,1.5,2.5,1.5
1783006730702,2026-07-02 17:38:50.702,C3:00:00:63:4D:09,-65,127,1.5,2.5,1.5
1783006730711,2026-07-02 17:38:50.711,C3:00:00:63:4D:0D,-54,127,1.5,2.5,1.5
1783006730749,2026-07-02 17:38:50.749,C3:00:00:63:4D:05,-58,127,1.5,2.5,1.5
1783006730756,2026-07-02 17:38:50.756,C3:00:00:63:4D:08,-63,127,1.5,2.5,1.5
1783006730765,2026-07-02 17:38:50.765,C3:00:00:63:4D:04,-58,127,1.5,2.5,1.5
1783006730800,2026-07-02 17:38:50.800,C3:00:00:63:4D:0D,-61,127,1.5,2.5,1.5
1783006730832,2026-07-02 17:38:50.832,C3:00:00:63:4D:08,-54,127,1.5,2.5,1.5
1783006730837,2026-07-02 17:38:50.837,C3:00:00:63:4C:D2,-64,127,1.5,2.5,1.5
1783006730843,2026-07-02 17:38:50.843,C3:00:00:63:4D:0A,-62,127,1.5,2.5,1.5
1783006730850,2026-07-02 17:38:50.850,C3:00:00:63:4D:07,-54,127,1.5,2.5,1.5
1783006730869,2026-07-02 17:38:50.869,C3:00:00:63:4D:05,-62,127,1.5,2.5,1.5
1783006730875,2026-07-02 17:38:50.875,C3:00:00:63:4D:04,-63,127,1.5,2.5,1.5
1783006730880,2026-07-02 17:38:50.880,C3:00:00:63:4D:09,-60,127,1.5,2.5,1.5
1783006730904,2026-07-02 17:38:50.904,C3:00:00:63:4D:08,-54,127,1.5,2.5,1.5
1783006730915,2026-07-02 17:38:50.915,C3:00:00:63:4D:0D,-54,127,1.5,2.5,1.5
1783006730918,2026-07-02 17:38:50.918,C3:00:00:63:4D:09,-65,127,1.5,2.5,1.5
1783006730954,2026-07-02 17:38:50.954,C3:00:00:63:4C:D2,-70,127,1.5,2.5,1.5
1783006730962,2026-07-02 17:38:50.962,C3:00:00:63:4D:0A,-53,127,1.5,2.5,1.5
1783006730964,2026-07-02 17:38:50.964,C3:00:00:63:4D:07,-57,127,1.5,2.5,1.5
1783006730966,2026-07-02 17:38:50.966,C3:00:00:63:4D:05,-73,127,1.5,2.5,1.5
1783006730976,2026-07-02 17:38:50.976,C3:00:00:63:4D:04,-62,127,1.5,2.5,1.5
1783006730989,2026-07-02 17:38:50.989,C3:00:00:63:4D:05,-65,127,1.5,2.5,1.5
1783006731008,2026-07-02 17:38:51.008,C3:00:00:63:4D:0D,-54,127,1.5,2.5,1.5
1783006731028,2026-07-02 17:38:51.028,C3:00:00:63:4D:09,-62,127,1.5,2.5,1.5
1783006731068,2026-07-02 17:38:51.068,C3:00:00:63:4C:D2,-66,127,1.5,2.5,1.5
1783006731074,2026-07-02 17:38:51.074,C3:00:00:63:4D:0A,-56,127,1.5,2.5,1.5
1783006731079,2026-07-02 17:38:51.079,C3:00:00:63:4D:07,-58,127,1.5,2.5,1.5
1783006731095,2026-07-02 17:38:51.095,C3:00:00:63:4D:04,-58,127,1.5,2.5,1.5
1783006731099,2026-07-02 17:38:51.099,C3:00:00:63:4D:07,-58,127,1.5,2.5,1.5
1783006731102,2026-07-02 17:38:51.102,C3:00:00:63:4D:05,-58,127,1.5,2.5,1.5
1783006731117,2026-07-02 17:38:51.117,C3:00:00:63:4D:0D,-54,127,1.5,2.5,1.5
1783006731123,2026-07-02 17:38:51.123,C3:00:00:63:4D:05,-63,127,1.5,2.5,1.5
1783006731125,2026-07-02 17:38:51.125,C3:00:00:63:4D:08,-54,127,1.5,2.5,1.5
1783006731144,2026-07-02 17:38:51.144,C3:00:00:63:4D:09,-60,127,1.5,2.5,1.5
1783006731150,2026-07-02 17:38:51.150,C3:00:00:63:4D:0D,-54,127,1.5,2.5,1.5
1783006731178,2026-07-02 17:38:51.178,C3:00:00:63:4C:D2,-62,127,1.5,2.5,1.5
1783006731183,2026-07-02 17:38:51.183,C3:00:00:63:4D:0A,-60,127,1.5,2.5,1.5
1783006731205,2026-07-02 17:38:51.205,C3:00:00:63:4D:04,-62,127,1.5,2.5,1.5
1783006731214,2026-07-02 17:38:51.214,C3:00:00:63:4D:05,-63,127,1.5,2.5,1.5
1783006731223,2026-07-02 17:38:51.223,C3:00:00:63:4D:0D,-54,127,1.5,2.5,1.5
1783006731261,2026-07-02 17:38:51.261,C3:00:00:63:4D:09,-64,127,1.5,2.5,1.5
1783006731294,2026-07-02 17:38:51.294,C3:00:00:63:4D:0A,-52,127,1.5,2.5,1.5
1783006731303,2026-07-02 17:38:51.303,C3:00:00:63:4C:D2,-70,127,1.5,2.5,1.5
1783006731308,2026-07-02 17:38:51.308,C3:00:00:63:4D:07,-58,127,1.5,2.5,1.5
1783006731323,2026-07-02 17:38:51.323,C3:00:00:63:4D:0D,-61,127,1.5,2.5,1.5
1783006731329,2026-07-02 17:38:51.329,C3:00:00:63:4D:05,-58,127,1.5,2.5,1.5
1783006731338,2026-07-02 17:38:51.338,C3:00:00:63:4D:08,-62,127,1.5,2.5,1.5
1783006731375,2026-07-02 17:38:51.375,C3:00:00:63:4D:09,-62,127,1.5,2.5,1.5
1783006731379,2026-07-02 17:38:51.379,C3:00:00:63:4D:04,-58,127,1.5,2.5,1.5
1783006731407,2026-07-02 17:38:51.407,C3:00:00:63:4C:D2,-65,127,1.5,2.5,1.5
1783006731415,2026-07-02 17:38:51.415,C3:00:00:63:4D:0A,-56,127,1.5,2.5,1.5
1783006731423,2026-07-02 17:38:51.423,C3:00:00:63:4D:09,-60,127,1.5,2.5,1.5
1783006731425,2026-07-02 17:38:51.425,C3:00:00:63:4D:04,-62,127,1.5,2.5,1.5
1783006731431,2026-07-02 17:38:51.431,C3:00:00:63:4D:07,-54,127,1.5,2.5,1.5
1783006731432,2026-07-02 17:38:51.432,C3:00:00:63:4D:0A,-60,127,1.5,2.5,1.5
1783006731439,2026-07-02 17:38:51.439,C3:00:00:63:4D:05,-63,127,1.5,2.5,1.5
1783006731447,2026-07-02 17:38:51.447,C3:00:00:63:4D:08,-54,127,1.5,2.5,1.5
1783006731490,2026-07-02 17:38:51.490,C3:00:00:63:4D:09,-60,127,1.5,2.5,1.5
1783006731522,2026-07-02 17:38:51.522,C3:00:00:63:4C:D2,-70,127,1.5,2.5,1.5
1783006731528,2026-07-02 17:38:51.528,C3:00:00:63:4D:0A,-52,127,1.5,2.5,1.5
1783006731535,2026-07-02 17:38:51.535,C3:00:00:63:4D:04,-62,127,1.5,2.5,1.5
1783006731545,2026-07-02 17:38:51.545,C3:00:00:63:4D:0D,-55,127,1.5,2.5,1.5
1783006731551,2026-07-02 17:38:51.551,C3:00:00:63:4D:07,-60,127,1.5,2.5,1.5
1783006731559,2026-07-02 17:38:51.559,C3:00:00:63:4D:08,-57,127,1.5,2.5,1.5
1783006731567,2026-07-02 17:38:51.567,C3:00:00:63:4D:05,-67,127,1.5,2.5,1.5
1783006731579,2026-07-02 17:38:51.579,C3:00:00:63:4D:04,-70,127,1.5,2.5,1.5
1783006731599,2026-07-02 17:38:51.599,C3:00:00:63:4D:09,-68,127,1.5,2.5,1.5
1783006731637,2026-07-02 17:38:51.637,C3:00:00:63:4D:04,-57,127,1.5,2.5,1.5
1783006731644,2026-07-02 17:38:51.644,C3:00:00:63:4D:0D,-60,127,1.5,2.5,1.5
1783006731660,2026-07-02 17:38:51.660,C3:00:00:63:4D:07,-56,127,1.5,2.5,1.5
1783006731674,2026-07-02 17:38:51.674,C3:00:00:63:4D:05,-58,127,1.5,2.5,1.5
1783006731682,2026-07-02 17:38:51.682,C3:00:00:63:4D:08,-59,127,1.5,2.5,1.5
1783006731720,2026-07-02 17:38:51.720,C3:00:00:63:4D:09,-60,127,1.5,2.5,1.5
1783006731746,2026-07-02 17:38:51.746,C3:00:00:63:4D:0D,-54,127,1.5,2.5,1.5
1783006731753,2026-07-02 17:38:51.753,C3:00:00:63:4D:04,-64,127,1.5,2.5,1.5
1783006731760,2026-07-02 17:38:51.760,C3:00:00:63:4C:D2,-62,127,1.5,2.5,1.5
1783006731778,2026-07-02 17:38:51.778,C3:00:00:63:4D:07,-54,127,1.5,2.5,1.5
1783006731782,2026-07-02 17:38:51.782,C3:00:00:63:4D:08,-54,127,1.5,2.5,1.5
1783006731790,2026-07-02 17:38:51.790,C3:00:00:63:4D:05,-65,127,1.5,2.5,1.5
1783006731832,2026-07-02 17:38:51.832,C3:00:00:63:4D:09,-67,127,1.5,2.5,1.5
1783006731851,2026-07-02 17:38:51.851,C3:00:00:63:4D:0D,-55,127,1.5,2.5,1.5
1783006731868,2026-07-02 17:38:51.868,C3:00:00:63:4D:0A,-52,127,1.5,2.5,1.5
1783006731872,2026-07-02 17:38:51.872,C3:00:00:63:4D:04,-62,127,1.5,2.5,1.5
1783006731875,2026-07-02 17:38:51.875,C3:00:00:63:4C:D2,-71,127,1.5,2.5,1.5
1783006731883,2026-07-02 17:38:51.883,C3:00:00:63:4D:04,-63,127,1.5,2.5,1.5
1783006731885,2026-07-02 17:38:51.885,C3:00:00:63:4D:08,-56,127,1.5,2.5,1.5
1783006731886,2026-07-02 17:38:51.886,C3:00:00:63:4D:07,-60,127,1.5,2.5,1.5
1783006731903,2026-07-02 17:38:51.903,C3:00:00:63:4D:04,-63,127,1.5,2.5,1.5
1783006731909,2026-07-02 17:38:51.909,C3:00:00:63:4D:08,-58,127,1.5,2.5,1.5
1783006731915,2026-07-02 17:38:51.915,C3:00:00:63:4C:D2,-65,127,1.5,2.5,1.5
1783006731943,2026-07-02 17:38:51.943,C3:00:00:63:4D:09,-62,127,1.5,2.5,1.5
1783006731957,2026-07-02 17:38:51.957,C3:00:00:63:4D:0D,-60,127,1.5,2.5,1.5
1783006731964,2026-07-02 17:38:51.964,C3:00:00:63:4D:04,-57,127,1.5,2.5,1.5
1783006731974,2026-07-02 17:38:51.974,C3:00:00:63:4D:0A,-55,127,1.5,2.5,1.5
1783006731989,2026-07-02 17:38:51.989,C3:00:00:63:4C:D2,-65,127,1.5,2.5,1.5
1783006732024,2026-07-02 17:38:52.024,C3:00:00:63:4D:05,-64,127,1.5,2.5,1.5
1783006732079,2026-07-02 17:38:52.079,C3:00:00:63:4D:04,-62,127,1.5,2.5,1.5
1783006732094,2026-07-02 17:38:52.094,C3:00:00:63:4C:D2,-62,127,1.5,2.5,1.5
1783006732104,2026-07-02 17:38:52.104,C3:00:00:63:4D:08,-54,127,1.5,2.5,1.5
1783006732112,2026-07-02 17:38:52.112,C3:00:00:63:4D:0D,-61,127,1.5,2.5,1.5
1783006732123,2026-07-02 17:38:52.123,C3:00:00:63:4D:07,-54,127,1.5,2.5,1.5
1783006732126,2026-07-02 17:38:52.126,C3:00:00:63:4C:D2,-70,127,1.5,2.5,1.5
1783006732136,2026-07-02 17:38:52.136,C3:00:00:63:4D:05,-67,127,1.5,2.5,1.5
1783006732148,2026-07-02 17:38:52.148,C3:00:00:63:4D:0A,-60,127,1.5,2.5,1.5
1783006732167,2026-07-02 17:38:52.167,C3:00:00:63:4D:0D,-54,127,1.5,2.5,1.5
1783006732181,2026-07-02 17:38:52.181,C3:00:00:63:4D:09,-64,127,1.5,2.5,1.5
1783006732186,2026-07-02 17:38:52.186,C3:00:00:63:4D:04,-61,127,1.5,2.5,1.5
1783006732191,2026-07-02 17:38:52.191,C3:00:00:63:4D:05,-65,127,1.5,2.5,1.5
1783006732206,2026-07-02 17:38:52.206,C3:00:00:63:4D:0A,-52,127,1.5,2.5,1.5
1783006732210,2026-07-02 17:38:52.210,C3:00:00:63:4D:08,-56,127,1.5,2.5,1.5
1783006732223,2026-07-02 17:38:52.223,C3:00:00:63:4D:07,-57,127,1.5,2.5,1.5
1783006732267,2026-07-02 17:38:52.267,C3:00:00:63:4D:0D,-61,127,1.5,2.5,1.5
1783006732286,2026-07-02 17:38:52.286,C3:00:00:63:4D:09,-62,127,1.5,2.5,1.5
1783006732290,2026-07-02 17:38:52.290,C3:00:00:63:4D:04,-58,127,1.5,2.5,1.5
1783006732318,2026-07-02 17:38:52.318,C3:00:00:63:4D:0A,-60,127,1.5,2.5,1.5
1783006732322,2026-07-02 17:38:52.322,C3:00:00:63:4D:08,-54,127,1.5,2.5,1.5
1783006732327,2026-07-02 17:38:52.327,C3:00:00:63:4C:D2,-62,127,1.5,2.5,1.5
1783006732348,2026-07-02 17:38:52.348,C3:00:00:63:4D:07,-53,127,1.5,2.5,1.5
1783006732363,2026-07-02 17:38:52.363,C3:00:00:63:4D:05,-63,127,1.5,2.5,1.5
1783006732380,2026-07-02 17:38:52.380,C3:00:00:63:4D:0D,-54,127,1.5,2.5,1.5
1783006732404,2026-07-02 17:38:52.404,C3:00:00:63:4D:09,-60,127,1.5,2.5,1.5
1783006732438,2026-07-02 17:38:52.438,C3:00:00:63:4D:08,-56,127,1.5,2.5,1.5
1783006732440,2026-07-02 17:38:52.440,C3:00:00:63:4C:D2,-70,127,1.5,2.5,1.5
1783006732463,2026-07-02 17:38:52.463,C3:00:00:63:4D:07,-60,127,1.5,2.5,1.5
1783006732486,2026-07-02 17:38:52.486,C3:00:00:63:4D:05,-65,127,1.5,2.5,1.5
1783006732489,2026-07-02 17:38:52.489,C3:00:00:63:4D:0D,-54,127,1.5,2.5,1.5
1783006732537,2026-07-02 17:38:52.537,C3:00:00:63:4D:0A,-55,127,1.5,2.5,1.5
1783006732544,2026-07-02 17:38:52.544,C3:00:00:63:4D:08,-61,127,1.5,2.5,1.5
1783006732555,2026-07-02 17:38:52.555,C3:00:00:63:4C:D2,-65,127,1.5,2.5,1.5
1783006732581,2026-07-02 17:38:52.581,C3:00:00:63:4D:0D,-61,127,1.5,2.5,1.5
1783006732588,2026-07-02 17:38:52.588,C3:00:00:63:4C:D2,-73,127,1.5,2.5,1.5
1783006732597,2026-07-02 17:38:52.597,C3:00:00:63:4D:05,-58,127,1.5,2.5,1.5
1783006732620,2026-07-02 17:38:52.620,C3:00:00:63:4D:04,-62,127,1.5,2.5,1.5
1783006732627,2026-07-02 17:38:52.627,C3:00:00:63:4D:09,-60,127,1.5,2.5,1.5
1783006732653,2026-07-02 17:38:52.653,C3:00:00:63:4D:08,-54,127,1.5,2.5,1.5
1783006732679,2026-07-02 17:38:52.679,C3:00:00:63:4C:D2,-62,127,1.5,2.5,1.5
1783006732685,2026-07-02 17:38:52.685,C3:00:00:63:4D:0D,-54,127,1.5,2.5,1.5
1783006732692,2026-07-02 17:38:52.692,C3:00:00:63:4D:07,-54,127,1.5,2.5,1.5
1783006732710,2026-07-02 17:38:52.710,C3:00:00:63:4D:05,-63,127,1.5,2.5,1.5
1783006732726,2026-07-02 17:38:52.726,C3:00:00:63:4D:04,-61,127,1.5,2.5,1.5
1783006732743,2026-07-02 17:38:52.743,C3:00:00:63:4D:09,-63,127,1.5,2.5,1.5
1783006732764,2026-07-02 17:38:52.764,C3:00:00:63:4D:0A,-52,127,1.5,2.5,1.5
1783006732770,2026-07-02 17:38:52.770,C3:00:00:63:4D:09,-75,127,1.5,2.5,1.5
1783006732791,2026-07-02 17:38:52.791,C3:00:00:63:4C:D2,-71,127,1.5,2.5,1.5
1783006732797,2026-07-02 17:38:52.797,C3:00:00:63:4D:0D,-55,127,1.5,2.5,1.5
1783006732803,2026-07-02 17:38:52.803,C3:00:00:63:4D:07,-60,127,1.5,2.5,1.5
1783006732826,2026-07-02 17:38:52.826,C3:00:00:63:4D:08,-59,127,1.5,2.5,1.5
1783006732828,2026-07-02 17:38:52.828,C3:00:00:63:4D:05,-58,127,1.5,2.5,1.5
1783006732838,2026-07-02 17:38:52.838,C3:00:00:63:4D:04,-57,127,1.5,2.5,1.5
1783006732856,2026-07-02 17:38:52.856,C3:00:00:63:4D:09,-62,127,1.5,2.5,1.5
1783006732903,2026-07-02 17:38:52.903,C3:00:00:63:4C:D2,-64,127,1.5,2.5,1.5
1783006732935,2026-07-02 17:38:52.935,C3:00:00:63:4D:05,-64,127,1.5,2.5,1.5
1783006732942,2026-07-02 17:38:52.942,C3:00:00:63:4D:04,-64,127,1.5,2.5,1.5
1783006732987,2026-07-02 17:38:52.987,C3:00:00:63:4D:0A,-60,127,1.5,2.5,1.5
1783006733008,2026-07-02 17:38:53.008,C3:00:00:63:4D:0D,-54,127,1.5,2.5,1.5
1783006733015,2026-07-02 17:38:53.015,C3:00:00:63:4C:D2,-71,127,1.5,2.5,1.5
1783006733033,2026-07-02 17:38:53.033,C3:00:00:63:4D:07,-60,127,1.5,2.5,1.5
1783006733052,2026-07-02 17:38:53.052,C3:00:00:63:4D:04,-63,127,1.5,2.5,1.5
1783006733058,2026-07-02 17:38:53.058,C3:00:00:63:4D:05,-67,127,1.5,2.5,1.5
1783006733086,2026-07-02 17:38:53.086,C3:00:00:63:4D:09,-67,127,1.5,2.5,1.5
1783006733096,2026-07-02 17:38:53.096,C3:00:00:63:4D:08,-57,127,1.5,2.5,1.5
1783006733099,2026-07-02 17:38:53.099,C3:00:00:63:4D:05,-66,127,1.5,2.5,1.5
1783006733101,2026-07-02 17:38:53.101,C3:00:00:63:4D:0A,-52,127,1.5,2.5,1.5
1783006733105,2026-07-02 17:38:53.105,C3:00:00:63:4D:07,-60,127,1.5,2.5,1.5
1783006733112,2026-07-02 17:38:53.112,C3:00:00:63:4D:05,-58,127,1.5,2.5,1.5
1783006733129,2026-07-02 17:38:53.129,C3:00:00:63:4D:0D,-60,127,1.5,2.5,1.5
1783006733142,2026-07-02 17:38:53.142,C3:00:00:63:4D:07,-56,127,1.5,2.5,1.5
1783006733149,2026-07-02 17:38:53.149,C3:00:00:63:4D:0D,-60,127,1.5,2.5,1.5
1783006733161,2026-07-02 17:38:53.161,C3:00:00:63:4D:04,-57,127,1.5,2.5,1.5
1783006733165,2026-07-02 17:38:53.165,C3:00:00:63:4D:05,-58,127,1.5,2.5,1.5
1783006733191,2026-07-02 17:38:53.191,C3:00:00:63:4D:08,-61,127,1.5,2.5,1.5
1783006733215,2026-07-02 17:38:53.215,C3:00:00:63:4D:0D,-61,127,1.5,2.5,1.5
1783006733221,2026-07-02 17:38:53.221,C3:00:00:63:4D:0A,-60,127,1.5,2.5,1.5
1783006733251,2026-07-02 17:38:53.251,C3:00:00:63:4C:D2,-62,127,1.5,2.5,1.5
1783006733257,2026-07-02 17:38:53.257,C3:00:00:63:4D:07,-54,127,1.5,2.5,1.5
1783006733277,2026-07-02 17:38:53.277,C3:00:00:63:4D:04,-63,127,1.5,2.5,1.5
1783006733302,2026-07-02 17:38:53.302,C3:00:00:63:4D:08,-54,127,1.5,2.5,1.5
1783006733314,2026-07-02 17:38:53.314,C3:00:00:63:4D:09,-63,127,1.5,2.5,1.5
1783006733324,2026-07-02 17:38:53.324,C3:00:00:63:4D:0A,-52,127,1.5,2.5,1.5
1783006733376,2026-07-02 17:38:53.376,C3:00:00:63:4D:07,-58,127,1.5,2.5,1.5
1783006733382,2026-07-02 17:38:53.382,C3:00:00:63:4D:04,-61,127,1.5,2.5,1.5
1783006733395,2026-07-02 17:38:53.395,C3:00:00:63:4D:07,-65,127,1.5,2.5,1.5
1783006733415,2026-07-02 17:38:53.415,C3:00:00:63:4D:08,-57,127,1.5,2.5,1.5
1783006733421,2026-07-02 17:38:53.421,C3:00:00:63:4D:09,-62,127,1.5,2.5,1.5
1783006733429,2026-07-02 17:38:53.429,C3:00:00:63:4D:0D,-61,127,1.5,2.5,1.5
1783006733440,2026-07-02 17:38:53.440,C3:00:00:63:4D:0A,-55,127,1.5,2.5,1.5
1783006733442,2026-07-02 17:38:53.442,C3:00:00:63:4D:09,-62,127,1.5,2.5,1.5
1783006733456,2026-07-02 17:38:53.456,C3:00:00:63:4D:0A,-55,127,1.5,2.5,1.5
1783006733473,2026-07-02 17:38:53.473,C3:00:00:63:4C:D2,-66,127,1.5,2.5,1.5
1783006733492,2026-07-02 17:38:53.492,C3:00:00:63:4D:04,-58,127,1.5,2.5,1.5
1783006733496,2026-07-02 17:38:53.496,C3:00:00:63:4C:D2,-66,127,1.5,2.5,1.5
1783006733503,2026-07-02 17:38:53.503,C3:00:00:63:4D:07,-57,127,1.5,2.5,1.5
1783006733511,2026-07-02 17:38:53.511,C3:00:00:63:4D:05,-58,127,1.5,2.5,1.5
1783006733525,2026-07-02 17:38:53.525,C3:00:00:63:4D:08,-54,127,1.5,2.5,1.5
1783006733529,2026-07-02 17:38:53.529,C3:00:00:63:4D:0D,-54,127,1.5,2.5,1.5
1783006733552,2026-07-02 17:38:53.552,C3:00:00:63:4D:09,-60,127,1.5,2.5,1.5
1783006733562,2026-07-02 17:38:53.562,C3:00:00:63:4D:0A,-60,127,1.5,2.5,1.5
1783006733590,2026-07-02 17:38:53.590,C3:00:00:63:4C:D2,-62,127,1.5,2.5,1.5
1783006733597,2026-07-02 17:38:53.597,C3:00:00:63:4D:04,-63,127,1.5,2.5,1.5
1783006733614,2026-07-02 17:38:53.614,C3:00:00:63:4D:07,-54,127,1.5,2.5,1.5
1783006733628,2026-07-02 17:38:53.628,C3:00:00:63:4D:05,-64,127,1.5,2.5,1.5
1783006733661,2026-07-02 17:38:53.661,C3:00:00:63:4D:09,-64,127,1.5,2.5,1.5
1783006733673,2026-07-02 17:38:53.673,C3:00:00:63:4D:0A,-52,127,1.5,2.5,1.5
1783006733710,2026-07-02 17:38:53.710,C3:00:00:63:4C:D2,-70,127,1.5,2.5,1.5
1783006733717,2026-07-02 17:38:53.717,C3:00:00:63:4D:04,-61,127,1.5,2.5,1.5
1783006733725,2026-07-02 17:38:53.725,C3:00:00:63:4D:07,-56,127,1.5,2.5,1.5
1783006733740,2026-07-02 17:38:53.740,C3:00:00:63:4D:0D,-60,127,1.5,2.5,1.5
1783006733742,2026-07-02 17:38:53.742,C3:00:00:63:4D:05,-58,127,1.5,2.5,1.5
1783006733746,2026-07-02 17:38:53.746,C3:00:00:63:4D:08,-59,127,1.5,2.5,1.5
1783006733771,2026-07-02 17:38:53.771,C3:00:00:63:4D:09,-62,127,1.5,2.5,1.5
1783006733777,2026-07-02 17:38:53.777,C3:00:00:63:4D:0A,-55,127,1.5,2.5,1.5
1783006733820,2026-07-02 17:38:53.820,C3:00:00:63:4C:D2,-62,127,1.5,2.5,1.5
1783006733827,2026-07-02 17:38:53.827,C3:00:00:63:4D:04,-63,127,1.5,2.5,1.5
1783006733849,2026-07-02 17:38:53.849,C3:00:00:63:4D:0D,-54,127,1.5,2.5,1.5
1783006733851,2026-07-02 17:38:53.851,C3:00:00:63:4D:08,-54,127,1.5,2.5,1.5
1783006733862,2026-07-02 17:38:53.862,C3:00:00:63:4D:05,-63,127,1.5,2.5,1.5
1783006733876,2026-07-02 17:38:53.876,C3:00:00:63:4D:04,-63,127,1.5,2.5,1.5
1783006733888,2026-07-02 17:38:53.888,C3:00:00:63:4D:09,-60,127,1.5,2.5,1.5
1783006733899,2026-07-02 17:38:53.899,C3:00:00:63:4D:0A,-60,127,1.5,2.5,1.5
1783006733906,2026-07-02 17:38:53.906,C3:00:00:63:4D:04,-64,127,1.5,2.5,1.5
1783006733920,2026-07-02 17:38:53.920,C3:00:00:63:4C:D2,-70,127,1.5,2.5,1.5
1783006733924,2026-07-02 17:38:53.924,C3:00:00:63:4D:08,-56,127,1.5,2.5,1.5
1783006733930,2026-07-02 17:38:53.930,C3:00:00:63:4D:04,-61,127,1.5,2.5,1.5
1783006733936,2026-07-02 17:38:53.936,C3:00:00:63:4D:0D,-55,127,1.5,2.5,1.5
1783006733939,2026-07-02 17:38:53.939,C3:00:00:63:4C:D2,-70,127,1.5,2.5,1.5
1783006733953,2026-07-02 17:38:53.953,C3:00:00:63:4D:07,-58,127,1.5,2.5,1.5
1783006733969,2026-07-02 17:38:53.969,C3:00:00:63:4D:05,-64,127,1.5,2.5,1.5
1783006734006,2026-07-02 17:38:54.006,C3:00:00:63:4D:09,-64,127,1.5,2.5,1.5
1783006734012,2026-07-02 17:38:54.012,C3:00:00:63:4D:0A,-52,127,1.5,2.5,1.5
1783006734027,2026-07-02 17:38:54.027,C3:00:00:63:4D:0A,-56,127,1.5,2.5,1.5
1783006734033,2026-07-02 17:38:54.033,C3:00:00:63:4D:04,-58,127,1.5,2.5,1.5
1783006734050,2026-07-02 17:38:54.050,C3:00:00:63:4D:0D,-60,127,1.5,2.5,1.5
1783006734057,2026-07-02 17:38:54.057,C3:00:00:63:4C:D2,-64,127,1.5,2.5,1.5
1783006734086,2026-07-02 17:38:54.086,C3:00:00:63:4D:05,-58,127,1.5,2.5,1.5
1783006734124,2026-07-02 17:38:54.124,C3:00:00:63:4C:D2,-62,127,1.5,2.5,1.5
1783006734143,2026-07-02 17:38:54.143,C3:00:00:63:4D:04,-64,127,1.5,2.5,1.5
1783006734174,2026-07-02 17:38:54.174,C3:00:00:63:4D:08,-54,127,1.5,2.5,1.5
1783006734183,2026-07-02 17:38:54.183,C3:00:00:63:4D:07,-54,127,1.5,2.5,1.5
1783006734194,2026-07-02 17:38:54.194,C3:00:00:63:4D:05,-64,127,1.5,2.5,1.5
1783006734217,2026-07-02 17:38:54.217,C3:00:00:63:4D:05,-67,127,1.5,2.5,1.5
1783006734228,2026-07-02 17:38:54.228,C3:00:00:63:4D:09,-67,127,1.5,2.5,1.5
1783006734237,2026-07-02 17:38:54.237,C3:00:00:63:4D:0A,-52,127,1.5,2.5,1.5
1783006734249,2026-07-02 17:38:54.249,C3:00:00:63:4D:04,-62,127,1.5,2.5,1.5
1783006734261,2026-07-02 17:38:54.261,C3:00:00:63:4D:07,-60,127,1.5,2.5,1.5
1783006734265,2026-07-02 17:38:54.265,C3:00:00:63:4D:0D,-55,127,1.5,2.5,1.5
1783006734272,2026-07-02 17:38:54.272,C3:00:00:63:4D:07,-60,127,1.5,2.5,1.5
1783006734281,2026-07-02 17:38:54.281,C3:00:00:63:4D:08,-56,127,1.5,2.5,1.5
1783006734298,2026-07-02 17:38:54.298,C3:00:00:63:4D:07,-60,127,1.5,2.5,1.5
1783006734322,2026-07-02 17:38:54.322,C3:00:00:63:4D:05,-58,127,1.5,2.5,1.5
1783006734341,2026-07-02 17:38:54.341,C3:00:00:63:4D:0A,-55,127,1.5,2.5,1.5
1783006734360,2026-07-02 17:38:54.360,C3:00:00:63:4D:09,-62,127,1.5,2.5,1.5
1783006734366,2026-07-02 17:38:54.366,C3:00:00:63:4D:04,-57,127,1.5,2.5,1.5
1783006734374,2026-07-02 17:38:54.374,C3:00:00:63:4D:0D,-60,127,1.5,2.5,1.5
1783006734398,2026-07-02 17:38:54.398,C3:00:00:63:4D:08,-59,127,1.5,2.5,1.5
1783006734403,2026-07-02 17:38:54.403,C3:00:00:63:4C:D2,-64,127,1.5,2.5,1.5
1783006734414,2026-07-02 17:38:54.414,C3:00:00:63:4D:07,-54,127,1.5,2.5,1.5
1783006734453,2026-07-02 17:38:54.453,C3:00:00:63:4D:09,-60,127,1.5,2.5,1.5
1783006734459,2026-07-02 17:38:54.459,C3:00:00:63:4D:0A,-60,127,1.5,2.5,1.5
1783006734481,2026-07-02 17:38:54.481,C3:00:00:63:4D:04,-64,127,1.5,2.5,1.5
1783006734483,2026-07-02 17:38:54.483,C3:00:00:63:4D:0D,-54,127,1.5,2.5,1.5
1783006734485,2026-07-02 17:38:54.485,C3:00:00:63:4D:09,-60,127,1.5,2.5,1.5
1783006734500,2026-07-02 17:38:54.500,C3:00:00:63:4D:08,-54,127,1.5,2.5,1.5
1783006734506,2026-07-02 17:38:54.506,C3:00:00:63:4C:D2,-62,127,1.5,2.5,1.5
1783006734532,2026-07-02 17:38:54.532,C3:00:00:63:4D:07,-58,127,1.5,2.5,1.5
1783006734552,2026-07-02 17:38:54.552,C3:00:00:63:4D:05,-65,127,1.5,2.5,1.5
1783006734570,2026-07-02 17:38:54.570,C3:00:00:63:4D:0A,-52,127,1.5,2.5,1.5
1783006734577,2026-07-02 17:38:54.577,C3:00:00:63:4D:09,-64,127,1.5,2.5,1.5
1783006734581,2026-07-02 17:38:54.581,C3:00:00:63:4D:0D,-54,127,1.5,2.5,1.5
1783006734589,2026-07-02 17:38:54.589,C3:00:00:63:4D:04,-61,127,1.5,2.5,1.5
1783006734609,2026-07-02 17:38:54.609,C3:00:00:63:4D:08,-56,127,1.5,2.5,1.5
1783006734648,2026-07-02 17:38:54.648,C3:00:00:63:4D:07,-58,127,1.5,2.5,1.5
1783006734661,2026-07-02 17:38:54.661,C3:00:00:63:4D:05,-58,127,1.5,2.5,1.5
1783006734681,2026-07-02 17:38:54.681,C3:00:00:63:4D:09,-62,127,1.5,2.5,1.5
1783006734687,2026-07-02 17:38:54.687,C3:00:00:63:4D:0D,-60,127,1.5,2.5,1.5
1783006734695,2026-07-02 17:38:54.695,C3:00:00:63:4D:0A,-55,127,1.5,2.5,1.5
1783006734697,2026-07-02 17:38:54.697,C3:00:00:63:4D:04,-57,127,1.5,2.5,1.5
1783006734719,2026-07-02 17:38:54.719,C3:00:00:63:4D:08,-54,127,1.5,2.5,1.5
1783006734742,2026-07-02 17:38:54.742,C3:00:00:63:4C:D2,-62,127,1.5,2.5,1.5
1783006734749,2026-07-02 17:38:54.749,C3:00:00:63:4D:08,-54,127,1.5,2.5,1.5
1783006734760,2026-07-02 17:38:54.760,C3:00:00:63:4D:07,-54,127,1.5,2.5,1.5
1783006734764,2026-07-02 17:38:54.764,C3:00:00:63:4D:08,-62,127,1.5,2.5,1.5
1783006734775,2026-07-02 17:38:54.775,C3:00:00:63:4D:05,-63,127,1.5,2.5,1.5
1783006734786,2026-07-02 17:38:54.786,C3:00:00:63:4D:0D,-54,127,1.5,2.5,1.5
1783006734793,2026-07-02 17:38:54.793,C3:00:00:63:4D:0A,-60,127,1.5,2.5,1.5
1783006734825,2026-07-02 17:38:54.825,C3:00:00:63:4D:08,-56,127,1.5,2.5,1.5
1783006734855,2026-07-02 17:38:54.855,C3:00:00:63:4D:08,-56,127,1.5,2.5,1.5
1783006734861,2026-07-02 17:38:54.861,C3:00:00:63:4C:D2,-70,127,1.5,2.5,1.5
1783006734871,2026-07-02 17:38:54.871,C3:00:00:63:4D:07,-58,127,1.5,2.5,1.5
1783006734878,2026-07-02 17:38:54.878,C3:00:00:63:4D:09,-64,127,1.5,2.5,1.5
1783006734894,2026-07-02 17:38:54.894,C3:00:00:63:4D:05,-65,127,1.5,2.5,1.5
1783006734905,2026-07-02 17:38:54.905,C3:00:00:63:4D:0A,-52,127,1.5,2.5,1.5
1783006734914,2026-07-02 17:38:54.914,C3:00:00:63:4D:09,-64,127,1.5,2.5,1.5
1783006734932,2026-07-02 17:38:54.932,C3:00:00:63:4D:08,-61,127,1.5,2.5,1.5
1783006734974,2026-07-02 17:38:54.974,C3:00:00:63:4D:05,-65,127,1.5,2.5,1.5
1783006734982,2026-07-02 17:38:54.982,C3:00:00:63:4C:D2,-66,127,1.5,2.5,1.5
1783006734988,2026-07-02 17:38:54.988,C3:00:00:63:4D:07,-58,127,1.5,2.5,1.5
1783006735003,2026-07-02 17:38:55.003,C3:00:00:63:4D:0D,-61,127,1.5,2.5,1.5
1783006735011,2026-07-02 17:38:55.011,C3:00:00:63:4D:05,-58,127,1.5,2.5,1.5
1783006735026,2026-07-02 17:38:55.026,C3:00:00:63:4D:04,-57,127,1.5,2.5,1.5
1783006735027,2026-07-02 17:38:55.027,C3:00:00:63:4D:0A,-60,127,1.5,2.5,1.5
1783006735029,2026-07-02 17:38:55.029,C3:00:00:63:4D:09,-60,127,1.5,2.5,1.5
1783006735041,2026-07-02 17:38:55.041,C3:00:00:63:4D:08,-54,127,1.5,2.5,1.5
1783006735107,2026-07-02 17:38:55.107,C3:00:00:63:4D:07,-54,127,1.5,2.5,1.5
1783006735116,2026-07-02 17:38:55.116,C3:00:00:63:4D:0D,-54,127,1.5,2.5,1.5
1783006735133,2026-07-02 17:38:55.133,C3:00:00:63:4D:07,-60,127,1.5,2.5,1.5
1783006735141,2026-07-02 17:38:55.141,C3:00:00:63:4D:0A,-52,127,1.5,2.5,1.5
1783006735144,2026-07-02 17:38:55.144,C3:00:00:63:4D:09,-68,127,1.5,2.5,1.5
1783006735159,2026-07-02 17:38:55.159,C3:00:00:63:4D:0D,-55,127,1.5,2.5,1.5
1783006735163,2026-07-02 17:38:55.163,C3:00:00:63:4D:08,-56,127,1.5,2.5,1.5
1783006735216,2026-07-02 17:38:55.216,C3:00:00:63:4D:0D,-55,127,1.5,2.5,1.5
1783006735224,2026-07-02 17:38:55.224,C3:00:00:63:4D:07,-56,127,1.5,2.5,1.5
1783006735229,2026-07-02 17:38:55.229,C3:00:00:63:4D:04,-57,127,1.5,2.5,1.5
1783006735237,2026-07-02 17:38:55.237,C3:00:00:63:4D:05,-58,127,1.5,2.5,1.5
1783006735250,2026-07-02 17:38:55.250,C3:00:00:63:4D:0A,-54,127,1.5,2.5,1.5
1783006735270,2026-07-02 17:38:55.270,C3:00:00:63:4D:08,-59,127,1.5,2.5,1.5
1783006735316,2026-07-02 17:38:55.316,C3:00:00:63:4D:0D,-54,127,1.5,2.5,1.5
1783006735325,2026-07-02 17:38:55.325,C3:00:00:63:4C:D2,-62,127,1.5,2.5,1.5
1783006735336,2026-07-02 17:38:55.336,C3:00:00:63:4D:07,-54,127,1.5,2.5,1.5
1783006735340,2026-07-02 17:38:55.340,C3:00:00:63:4D:04,-63,127,1.5,2.5,1.5
1783006735355,2026-07-02 17:38:55.355,C3:00:00:63:4D:05,-64,127,1.5,2.5,1.5
1783006735363,2026-07-02 17:38:55.363,C3:00:00:63:4D:0A,-61,127,1.5,2.5,1.5
1783006735369,2026-07-02 17:38:55.369,C3:00:00:63:4D:09,-60,127,1.5,2.5,1.5
1783006735385,2026-07-02 17:38:55.385,C3:00:00:63:4D:04,-63,127,1.5,2.5,1.5
1783006735424,2026-07-02 17:38:55.424,C3:00:00:63:4D:0D,-54,127,1.5,2.5,1.5
1783006735429,2026-07-02 17:38:55.429,C3:00:00:63:4C:D2,-70,127,1.5,2.5,1.5
1783006735438,2026-07-02 17:38:55.438,C3:00:00:63:4D:09,-64,127,1.5,2.5,1.5
1783006735460,2026-07-02 17:38:55.460,C3:00:00:63:4D:04,-61,127,1.5,2.5,1.5
1783006735477,2026-07-02 17:38:55.477,C3:00:00:63:4D:0A,-52,127,1.5,2.5,1.5
1783006735480,2026-07-02 17:38:55.480,C3:00:00:63:4D:09,-64,127,1.5,2.5,1.5
1783006735487,2026-07-02 17:38:55.487,C3:00:00:63:4D:08,-56,127,1.5,2.5,1.5
1783006735521,2026-07-02 17:38:55.521,C3:00:00:63:4D:0D,-61,127,1.5,2.5,1.5
1783006735548,2026-07-02 17:38:55.548,C3:00:00:63:4C:D2,-66,127,1.5,2.5,1.5
1783006735580,2026-07-02 17:38:55.580,C3:00:00:63:4D:04,-64,127,1.5,2.5,1.5
1783006735586,2026-07-02 17:38:55.586,C3:00:00:63:4D:05,-58,127,1.5,2.5,1.5
1783006735603,2026-07-02 17:38:55.603,C3:00:00:63:4D:08,-62,127,1.5,2.5,1.5
1783006735609,2026-07-02 17:38:55.609,C3:00:00:63:4D:09,-62,127,1.5,2.5,1.5
1783006735631,2026-07-02 17:38:55.631,C3:00:00:63:4D:0D,-54,127,1.5,2.5,1.5
1783006735666,2026-07-02 17:38:55.666,C3:00:00:63:4C:D2,-62,127,1.5,2.5,1.5
1783006735674,2026-07-02 17:38:55.674,C3:00:00:63:4D:04,-62,127,1.5,2.5,1.5
1783006735677,2026-07-02 17:38:55.677,C3:00:00:63:4D:07,-54,127,1.5,2.5,1.5
1783006735703,2026-07-02 17:38:55.703,C3:00:00:63:4D:0A,-60,127,1.5,2.5,1.5
1783006735721,2026-07-02 17:38:55.721,C3:00:00:63:4D:09,-60,127,1.5,2.5,1.5
1783006735786,2026-07-02 17:38:55.786,C3:00:00:63:4D:04,-61,127,1.5,2.5,1.5
1783006735790,2026-07-02 17:38:55.790,C3:00:00:63:4D:07,-57,127,1.5,2.5,1.5
1783006735814,2026-07-02 17:38:55.814,C3:00:00:63:4D:08,-56,127,1.5,2.5,1.5
1783006735820,2026-07-02 17:38:55.820,C3:00:00:63:4D:09,-62,127,1.5,2.5,1.5
1783006735839,2026-07-02 17:38:55.839,C3:00:00:63:4D:0D,-61,127,1.5,2.5,1.5
1783006735888,2026-07-02 17:38:55.888,C3:00:00:63:4D:04,-58,127,1.5,2.5,1.5
1783006735897,2026-07-02 17:38:55.897,C3:00:00:63:4C:D2,-66,127,1.5,2.5,1.5
1783006735915,2026-07-02 17:38:55.915,C3:00:00:63:4D:04,-58,127,1.5,2.5,1.5
1783006735918,2026-07-02 17:38:55.918,C3:00:00:63:4D:07,-58,127,1.5,2.5,1.5
1783006735928,2026-07-02 17:38:55.928,C3:00:00:63:4D:08,-54,127,1.5,2.5,1.5
1783006735930,2026-07-02 17:38:55.930,C3:00:00:63:4C:D2,-62,127,1.5,2.5,1.5
1783006735931,2026-07-02 17:38:55.931,C3:00:00:63:4D:05,-64,127,1.5,2.5,1.5
1783006735934,2026-07-02 17:38:55.934,C3:00:00:63:4D:04,-62,127,1.5,2.5,1.5
1783006735938,2026-07-02 17:38:55.938,C3:00:00:63:4D:09,-60,127,1.5,2.5,1.5
1783006735939,2026-07-02 17:38:55.939,C3:00:00:63:4D:08,-54,127,1.5,2.5,1.5
1783006735944,2026-07-02 17:38:55.944,C3:00:00:63:4D:0D,-54,127,1.5,2.5,1.5
1783006736004,2026-07-02 17:38:56.004,C3:00:00:63:4D:04,-63,127,1.5,2.5,1.5
1783006736007,2026-07-02 17:38:56.007,C3:00:00:63:4C:D2,-62,127,1.5,2.5,1.5
1783006736010,2026-07-02 17:38:56.010,C3:00:00:63:4D:0A,-61,127,1.5,2.5,1.5
1783006736024,2026-07-02 17:38:56.024,C3:00:00:63:4D:07,-59,127,1.5,2.5,1.5
1783006736037,2026-07-02 17:38:56.037,C3:00:00:63:4D:08,-57,127,1.5,2.5,1.5
1783006736051,2026-07-02 17:38:56.051,C3:00:00:63:4D:0A,-52,127,1.5,2.5,1.5
1783006736052,2026-07-02 17:38:56.052,C3:00:00:63:4D:05,-67,127,1.5,2.5,1.5
1783006736056,2026-07-02 17:38:56.056,C3:00:00:63:4D:09,-68,127,1.5,2.5,1.5
1783006736106,2026-07-02 17:38:56.106,C3:00:00:63:4D:04,-62,127,1.5,2.5,1.5
1783006736111,2026-07-02 17:38:56.111,C3:00:00:63:4D:0D,-63,127,1.5,2.5,1.5
1783006736119,2026-07-02 17:38:56.119,C3:00:00:63:4C:D2,-64,127,1.5,2.5,1.5
1783006736133,2026-07-02 17:38:56.133,C3:00:00:63:4C:D2,-64,127,1.5,2.5,1.5
1783006736136,2026-07-02 17:38:56.136,C3:00:00:63:4D:0A,-63,127,1.5,2.5,1.5
1783006736156,2026-07-02 17:38:56.156,C3:00:00:63:4D:0A,-56,127,1.5,2.5,1.5
1783006736164,2026-07-02 17:38:56.164,C3:00:00:63:4D:09,-62,127,1.5,2.5,1.5
1783006736208,2026-07-02 17:38:56.208,C3:00:00:63:4D:05,-58,127,1.5,2.5,1.5
1783006736220,2026-07-02 17:38:56.220,C3:00:00:63:4D:04,-64,127,1.5,2.5,1.5
1783006736247,2026-07-02 17:38:56.247,C3:00:00:63:4D:07,-54,127,1.5,2.5,1.5
1783006736263,2026-07-02 17:38:56.263,C3:00:00:63:4D:0D,-54,127,1.5,2.5,1.5
1783006736271,2026-07-02 17:38:56.271,C3:00:00:63:4D:0A,-60,127,1.5,2.5,1.5
1783006736281,2026-07-02 17:38:56.281,C3:00:00:63:4D:05,-65,127,1.5,2.5,1.5
1783006736282,2026-07-02 17:38:56.282,C3:00:00:63:4D:07,-54,127,1.5,2.5,1.5
1783006736286,2026-07-02 17:38:56.286,C3:00:00:63:4D:09,-60,127,1.5,2.5,1.5
1783006736321,2026-07-02 17:38:56.321,C3:00:00:63:4D:04,-62,127,1.5,2.5,1.5
1783006736382,2026-07-02 17:38:56.382,C3:00:00:63:4D:0A,-52,127,1.5,2.5,1.5
1783006736393,2026-07-02 17:38:56.393,C3:00:00:63:4D:05,-64,127,1.5,2.5,1.5
1783006736399,2026-07-02 17:38:56.399,C3:00:00:63:4D:09,-64,127,1.5,2.5,1.5
1783006736434,2026-07-02 17:38:56.434,C3:00:00:63:4D:04,-58,127,1.5,2.5,1.5
1783006736462,2026-07-02 17:38:56.462,C3:00:00:63:4D:08,-61,127,1.5,2.5,1.5
1783006736469,2026-07-02 17:38:56.469,C3:00:00:63:4C:D2,-66,127,1.5,2.5,1.5
1783006736478,2026-07-02 17:38:56.478,C3:00:00:63:4D:0D,-61,127,1.5,2.5,1.5
1783006736481,2026-07-02 17:38:56.481,C3:00:00:63:4D:07,-58,127,1.5,2.5,1.5
1783006736493,2026-07-02 17:38:56.493,C3:00:00:63:4D:0A,-56,127,1.5,2.5,1.5
1783006736500,2026-07-02 17:38:56.500,C3:00:00:63:4D:05,-58,127,1.5,2.5,1.5
1783006736504,2026-07-02 17:38:56.504,C3:00:00:63:4D:09,-62,127,1.5,2.5,1.5
1783006736544,2026-07-02 17:38:56.544,C3:00:00:63:4D:04,-62,127,1.5,2.5,1.5
1783006736571,2026-07-02 17:38:56.571,C3:00:00:63:4D:08,-54,127,1.5,2.5,1.5
1783006736584,2026-07-02 17:38:56.584,C3:00:00:63:4D:0D,-54,127,1.5,2.5,1.5
1783006736589,2026-07-02 17:38:56.589,C3:00:00:63:4C:D2,-62,127,1.5,2.5,1.5
1783006736604,2026-07-02 17:38:56.604,C3:00:00:63:4D:07,-54,127,1.5,2.5,1.5
1783006736606,2026-07-02 17:38:56.606,C3:00:00:63:4D:0A,-60,127,1.5,2.5,1.5
1783006736611,2026-07-02 17:38:56.611,C3:00:00:63:4C:D2,-69,127,1.5,2.5,1.5
1783006736623,2026-07-02 17:38:56.623,C3:00:00:63:4D:05,-66,127,1.5,2.5,1.5
1783006736656,2026-07-02 17:38:56.656,C3:00:00:63:4D:04,-61,127,1.5,2.5,1.5
1783006736686,2026-07-02 17:38:56.686,C3:00:00:63:4D:0D,-54,127,1.5,2.5,1.5
1783006736691,2026-07-02 17:38:56.691,C3:00:00:63:4D:08,-56,127,1.5,2.5,1.5
1783006736701,2026-07-02 17:38:56.701,C3:00:00:63:4C:D2,-70,127,1.5,2.5,1.5
1783006736718,2026-07-02 17:38:56.718,C3:00:00:63:4D:07,-56,127,1.5,2.5,1.5
1783006736724,2026-07-02 17:38:56.724,C3:00:00:63:4D:0A,-56,127,1.5,2.5,1.5
1783006736755,2026-07-02 17:38:56.755,C3:00:00:63:4D:04,-58,127,1.5,2.5,1.5
1783006736773,2026-07-02 17:38:56.773,C3:00:00:63:4D:09,-70,127,1.5,2.5,1.5
1783006736780,2026-07-02 17:38:56.780,C3:00:00:63:4D:0D,-61,127,1.5,2.5,1.5
1783006736795,2026-07-02 17:38:56.795,C3:00:00:63:4D:08,-61,127,1.5,2.5,1.5
1783006736811,2026-07-02 17:38:56.811,C3:00:00:63:4C:D2,-66,127,1.5,2.5,1.5
1783006736843,2026-07-02 17:38:56.843,C3:00:00:63:4D:08,-54,127,1.5,2.5,1.5
1783006736873,2026-07-02 17:38:56.873,C3:00:00:63:4D:04,-62,127,1.5,2.5,1.5
1783006736885,2026-07-02 17:38:56.885,C3:00:00:63:4D:09,-60,127,1.5,2.5,1.5
1783006736890,2026-07-02 17:38:56.890,C3:00:00:63:4D:0D,-54,127,1.5,2.5,1.5
1783006736901,2026-07-02 17:38:56.901,C3:00:00:63:4D:0A,-60,127,1.5,2.5,1.5
1783006736903,2026-07-02 17:38:56.903,C3:00:00:63:4D:08,-54,127,1.5,2.5,1.5
1783006736944,2026-07-02 17:38:56.944,C3:00:00:63:4D:07,-59,127,1.5,2.5,1.5
1783006736950,2026-07-02 17:38:56.950,C3:00:00:63:4D:0A,-52,127,1.5,2.5,1.5
1783006736962,2026-07-02 17:38:56.962,C3:00:00:63:4D:05,-66,127,1.5,2.5,1.5
1783006736971,2026-07-02 17:38:56.971,C3:00:00:63:4D:09,-68,127,1.5,2.5,1.5
1783006736993,2026-07-02 17:38:56.993,C3:00:00:63:4D:0D,-55,127,1.5,2.5,1.5
1783006737015,2026-07-02 17:38:57.015,C3:00:00:63:4D:08,-56,127,1.5,2.5,1.5
1783006737048,2026-07-02 17:38:57.048,C3:00:00:63:4C:D2,-64,127,1.5,2.5,1.5
1783006737058,2026-07-02 17:38:57.058,C3:00:00:63:4D:07,-57,127,1.5,2.5,1.5
1783006737075,2026-07-02 17:38:57.075,C3:00:00:63:4D:09,-63,127,1.5,2.5,1.5
1783006737077,2026-07-02 17:38:57.077,C3:00:00:63:4D:05,-58,127,1.5,2.5,1.5
1783006737093,2026-07-02 17:38:57.093,C3:00:00:63:4D:04,-57,127,1.5,2.5,1.5
1783006737096,2026-07-02 17:38:57.096,C3:00:00:63:4D:0D,-60,127,1.5,2.5,1.5
1783006737101,2026-07-02 17:38:57.101,C3:00:00:63:4D:05,-58,127,1.5,2.5,1.5
1783006737112,2026-07-02 17:38:57.112,C3:00:00:63:4D:08,-59,127,1.5,2.5,1.5
1783006737125,2026-07-02 17:38:57.125,C3:00:00:63:4D:07,-54,127,1.5,2.5,1.5
1783006737128,2026-07-02 17:38:57.128,C3:00:00:63:4D:05,-65,127,1.5,2.5,1.5
1783006737137,2026-07-02 17:38:57.137,C3:00:00:63:4D:0D,-54,127,1.5,2.5,1.5
1783006737152,2026-07-02 17:38:57.152,C3:00:00:63:4C:D2,-62,127,1.5,2.5,1.5
1783006737173,2026-07-02 17:38:57.173,C3:00:00:63:4D:07,-54,127,1.5,2.5,1.5
1783006737178,2026-07-02 17:38:57.178,C3:00:00:63:4D:0A,-60,127,1.5,2.5,1.5
1783006737194,2026-07-02 17:38:57.194,C3:00:00:63:4D:05,-65,127,1.5,2.5,1.5
1783006737197,2026-07-02 17:38:57.197,C3:00:00:63:4D:09,-60,127,1.5,2.5,1.5
1783006737200,2026-07-02 17:38:57.200,C3:00:00:63:4D:04,-64,127,1.5,2.5,1.5
1783006737208,2026-07-02 17:38:57.208,C3:00:00:63:4D:0D,-54,127,1.5,2.5,1.5
1783006737221,2026-07-02 17:38:57.221,C3:00:00:63:4D:08,-56,127,1.5,2.5,1.5
1783006737267,2026-07-02 17:38:57.267,C3:00:00:63:4C:D2,-71,127,1.5,2.5,1.5
1783006737306,2026-07-02 17:38:57.306,C3:00:00:63:4D:09,-68,127,1.5,2.5,1.5
1783006737313,2026-07-02 17:38:57.313,C3:00:00:63:4D:05,-66,127,1.5,2.5,1.5
1783006737318,2026-07-02 17:38:57.318,C3:00:00:63:4D:04,-62,127,1.5,2.5,1.5
1783006737390,2026-07-02 17:38:57.390,C3:00:00:63:4C:D2,-64,127,1.5,2.5,1.5
1783006737397,2026-07-02 17:38:57.397,C3:00:00:63:4D:0A,-55,127,1.5,2.5,1.5
1783006737404,2026-07-02 17:38:57.404,C3:00:00:63:4D:07,-64,127,1.5,2.5,1.5
1783006737418,2026-07-02 17:38:57.418,C3:00:00:63:4D:04,-57,127,1.5,2.5,1.5
1783006737420,2026-07-02 17:38:57.420,C3:00:00:63:4D:07,-57,127,1.5,2.5,1.5
1783006737426,2026-07-02 17:38:57.426,C3:00:00:63:4D:0D,-54,127,1.5,2.5,1.5
1783006737429,2026-07-02 17:38:57.429,C3:00:00:63:4D:05,-65,127,1.5,2.5,1.5
1783006737436,2026-07-02 17:38:57.436,C3:00:00:63:4D:09,-60,127,1.5,2.5,1.5
1783006737439,2026-07-02 17:38:57.439,C3:00:00:63:4D:08,-54,127,1.5,2.5,1.5
1783006737448,2026-07-02 17:38:57.448,C3:00:00:63:4D:0A,-60,127,1.5,2.5,1.5
1783006737498,2026-07-02 17:38:57.498,C3:00:00:63:4C:D2,-62,127,1.5,2.5,1.5
1783006737510,2026-07-02 17:38:57.510,C3:00:00:63:4D:0A,-60,127,1.5,2.5,1.5
1783006737522,2026-07-02 17:38:57.522,C3:00:00:63:4D:0D,-54,127,1.5,2.5,1.5
1783006737525,2026-07-02 17:38:57.525,C3:00:00:63:4D:04,-61,127,1.5,2.5,1.5
1783006737533,2026-07-02 17:38:57.533,C3:00:00:63:4D:05,-64,127,1.5,2.5,1.5
1783006737535,2026-07-02 17:38:57.535,C3:00:00:63:4D:09,-64,127,1.5,2.5,1.5
1783006737559,2026-07-02 17:38:57.559,C3:00:00:63:4D:08,-57,127,1.5,2.5,1.5
1783006737619,2026-07-02 17:38:57.619,C3:00:00:63:4C:D2,-66,127,1.5,2.5,1.5
1783006737668,2026-07-02 17:38:57.668,C3:00:00:63:4D:08,-62,127,1.5,2.5,1.5
1783006737727,2026-07-02 17:38:57.727,C3:00:00:63:4C:D2,-62,127,1.5,2.5,1.5
1783006737733,2026-07-02 17:38:57.733,C3:00:00:63:4D:0D,-54,127,1.5,2.5,1.5
1783006737740,2026-07-02 17:38:57.740,C3:00:00:63:4D:0A,-60,127,1.5,2.5,1.5
1783006737748,2026-07-02 17:38:57.748,C3:00:00:63:4D:07,-54,127,1.5,2.5,1.5
1783006737755,2026-07-02 17:38:57.755,C3:00:00:63:4D:04,-62,127,1.5,2.5,1.5
1783006737773,2026-07-02 17:38:57.773,C3:00:00:63:4D:09,-60,127,1.5,2.5,1.5
1783006737774,2026-07-02 17:38:57.774,C3:00:00:63:4D:05,-64,127,1.5,2.5,1.5
1783006737776,2026-07-02 17:38:57.776,C3:00:00:63:4D:08,-54,127,1.5,2.5,1.5
1783006737847,2026-07-02 17:38:57.847,C3:00:00:63:4C:D2,-70,127,1.5,2.5,1.5
1783006737851,2026-07-02 17:38:57.851,C3:00:00:63:4D:04,-61,127,1.5,2.5,1.5
1783006737856,2026-07-02 17:38:57.856,C3:00:00:63:4D:0A,-52,127,1.5,2.5,1.5
1783006737869,2026-07-02 17:38:57.869,C3:00:00:63:4D:07,-56,127,1.5,2.5,1.5
1783006737881,2026-07-02 17:38:57.881,C3:00:00:63:4D:09,-68,127,1.5,2.5,1.5
1783006737888,2026-07-02 17:38:57.888,C3:00:00:63:4D:08,-57,127,1.5,2.5,1.5
1783006737893,2026-07-02 17:38:57.893,C3:00:00:63:4D:04,-62,127,1.5,2.5,1.5
1783006737918,2026-07-02 17:38:57.918,C3:00:00:63:4D:04,-58,127,1.5,2.5,1.5
1783006737942,2026-07-02 17:38:57.942,C3:00:00:63:4D:0D,-61,127,1.5,2.5,1.5
1783006737958,2026-07-02 17:38:57.958,C3:00:00:63:4D:04,-58,127,1.5,2.5,1.5
1783006737975,2026-07-02 17:38:57.975,C3:00:00:63:4D:0D,-61,127,1.5,2.5,1.5
1783006737995,2026-07-02 17:38:57.995,C3:00:00:63:4D:05,-55,127,1.5,2.5,1.5
1783006738014,2026-07-02 17:38:58.014,C3:00:00:63:4D:08,-62,127,1.5,2.5,1.5
1783006738020,2026-07-02 17:38:58.020,C3:00:00:63:4D:0A,-60,127,1.5,2.5,1.5
1783006738039,2026-07-02 17:38:58.039,C3:00:00:63:4D:0D,-54,127,1.5,2.5,1.5
1783006738070,2026-07-02 17:38:58.070,C3:00:00:63:4D:04,-62,127,1.5,2.5,1.5
1783006738075,2026-07-02 17:38:58.075,C3:00:00:63:4D:0A,-60,127,1.5,2.5,1.5
1783006738080,2026-07-02 17:38:58.080,C3:00:00:63:4C:D2,-62,127,1.5,2.5,1.5
1783006738091,2026-07-02 17:38:58.091,C3:00:00:63:4D:07,-54,127,1.5,2.5,1.5
1783006738099,2026-07-02 17:38:58.099,C3:00:00:63:4D:08,-54,127,1.5,2.5,1.5
1783006738109,2026-07-02 17:38:58.109,C3:00:00:63:4D:09,-60,127,1.5,2.5,1.5
1783006738116,2026-07-02 17:38:58.116,C3:00:00:63:4D:05,-64,127,1.5,2.5,1.5
1783006738141,2026-07-02 17:38:58.141,C3:00:00:63:4C:D2,-70,127,1.5,2.5,1.5
1783006738148,2026-07-02 17:38:58.148,C3:00:00:63:4D:0D,-54,127,1.5,2.5,1.5
1783006738182,2026-07-02 17:38:58.182,C3:00:00:63:4D:04,-61,127,1.5,2.5,1.5
1783006738188,2026-07-02 17:38:58.188,C3:00:00:63:4D:0A,-52,127,1.5,2.5,1.5
1783006738205,2026-07-02 17:38:58.205,C3:00:00:63:4C:D2,-70,127,1.5,2.5,1.5
1783006738228,2026-07-02 17:38:58.228,C3:00:00:63:4D:09,-63,127,1.5,2.5,1.5
1783006738230,2026-07-02 17:38:58.230,C3:00:00:63:4D:05,-58,127,1.5,2.5,1.5
1783006738245,2026-07-02 17:38:58.245,C3:00:00:63:4D:05,-58,127,1.5,2.5,1.5
1783006738255,2026-07-02 17:38:58.255,C3:00:00:63:4D:0D,-60,127,1.5,2.5,1.5
1783006738263,2026-07-02 17:38:58.263,C3:00:00:63:4D:07,-57,127,1.5,2.5,1.5
1783006738295,2026-07-02 17:38:58.295,C3:00:00:63:4D:0A,-55,127,1.5,2.5,1.5
1783006738307,2026-07-02 17:38:58.307,C3:00:00:63:4C:D2,-64,127,1.5,2.5,1.5
1783006738324,2026-07-02 17:38:58.324,C3:00:00:63:4D:08,-54,127,1.5,2.5,1.5
1783006738345,2026-07-02 17:38:58.345,C3:00:00:63:4D:05,-65,127,1.5,2.5,1.5
1783006738360,2026-07-02 17:38:58.360,C3:00:00:63:4D:0D,-54,127,1.5,2.5,1.5
1783006738399,2026-07-02 17:38:58.399,C3:00:00:63:4D:04,-64,127,1.5,2.5,1.5
1783006738408,2026-07-02 17:38:58.408,C3:00:00:63:4D:0A,-60,127,1.5,2.5,1.5
1783006738425,2026-07-02 17:38:58.425,C3:00:00:63:4C:D2,-71,127,1.5,2.5,1.5
1783006738432,2026-07-02 17:38:58.432,C3:00:00:63:4D:08,-56,127,1.5,2.5,1.5
1783006738440,2026-07-02 17:38:58.440,C3:00:00:63:4D:07,-59,127,1.5,2.5,1.5
1783006738443,2026-07-02 17:38:58.443,C3:00:00:63:4D:09,-68,127,1.5,2.5,1.5
1783006738500,2026-07-02 17:38:58.500,C3:00:00:63:4D:09,-68,127,1.5,2.5,1.5
1783006738521,2026-07-02 17:38:58.521,C3:00:00:63:4D:0A,-55,127,1.5,2.5,1.5
1783006738532,2026-07-02 17:38:58.532,C3:00:00:63:4C:D2,-64,127,1.5,2.5,1.5
1783006738550,2026-07-02 17:38:58.550,C3:00:00:63:4D:08,-59,127,1.5,2.5,1.5
1783006738559,2026-07-02 17:38:58.559,C3:00:00:63:4D:07,-57,127,1.5,2.5,1.5
1783006738568,2026-07-02 17:38:58.568,C3:00:00:63:4D:09,-62,127,1.5,2.5,1.5
1783006738574,2026-07-02 17:38:58.574,C3:00:00:63:4D:0D,-60,127,1.5,2.5,1.5
1783006738613,2026-07-02 17:38:58.613,C3:00:00:63:4D:04,-57,127,1.5,2.5,1.5
1783006738641,2026-07-02 17:38:58.641,C3:00:00:63:4D:0A,-60,127,1.5,2.5,1.5
1783006738672,2026-07-02 17:38:58.672,C3:00:00:63:4D:07,-54,127,1.5,2.5,1.5
1783006738683,2026-07-02 17:38:58.683,C3:00:00:63:4D:09,-60,127,1.5,2.5,1.5
1783006738691,2026-07-02 17:38:58.691,C3:00:00:63:4D:0D,-54,127,1.5,2.5,1.5
1783006738700,2026-07-02 17:38:58.700,C3:00:00:63:4D:05,-64,127,1.5,2.5,1.5
1783006738724,2026-07-02 17:38:58.724,C3:00:00:63:4D:04,-61,127,1.5,2.5,1.5
1783006738749,2026-07-02 17:38:58.749,C3:00:00:63:4D:08,-56,127,1.5,2.5,1.5
1783006738758,2026-07-02 17:38:58.758,C3:00:00:63:4D:0A,-52,127,1.5,2.5,1.5
1783006738765,2026-07-02 17:38:58.765,C3:00:00:63:4D:08,-65,127,1.5,2.5,1.5
1783006738780,2026-07-02 17:38:58.780,C3:00:00:63:4D:07,-57,127,1.5,2.5,1.5
1783006738785,2026-07-02 17:38:58.785,C3:00:00:63:4D:0D,-54,127,1.5,2.5,1.5
1783006738792,2026-07-02 17:38:58.792,C3:00:00:63:4D:08,-56,127,1.5,2.5,1.5
1783006738798,2026-07-02 17:38:58.798,C3:00:00:63:4D:09,-64,127,1.5,2.5,1.5
1783006738801,2026-07-02 17:38:58.801,C3:00:00:63:4D:05,-64,127,1.5,2.5,1.5
1783006738833,2026-07-02 17:38:58.833,C3:00:00:63:4D:04,-58,127,1.5,2.5,1.5
1783006738857,2026-07-02 17:38:58.857,C3:00:00:63:4D:08,-59,127,1.5,2.5,1.5
1783006738867,2026-07-02 17:38:58.867,C3:00:00:63:4D:0A,-55,127,1.5,2.5,1.5
1783006738879,2026-07-02 17:38:58.879,C3:00:00:63:4D:08,-59,127,1.5,2.5,1.5
1783006738883,2026-07-02 17:38:58.883,C3:00:00:63:4D:09,-63,127,1.5,2.5,1.5
1783006738890,2026-07-02 17:38:58.890,C3:00:00:63:4C:D2,-66,127,1.5,2.5,1.5
1783006738892,2026-07-02 17:38:58.892,C3:00:00:63:4D:0D,-61,127,1.5,2.5,1.5
1783006738903,2026-07-02 17:38:58.903,C3:00:00:63:4D:07,-58,127,1.5,2.5,1.5
1783006738937,2026-07-02 17:38:58.937,C3:00:00:63:4D:04,-62,127,1.5,2.5,1.5
1783006738976,2026-07-02 17:38:58.976,C3:00:00:63:4D:0A,-60,127,1.5,2.5,1.5
1783006738999,2026-07-02 17:38:58.999,C3:00:00:63:4D:0D,-54,127,1.5,2.5,1.5
1783006739015,2026-07-02 17:38:59.015,C3:00:00:63:4D:07,-54,127,1.5,2.5,1.5
1783006739020,2026-07-02 17:38:59.020,C3:00:00:63:4D:09,-64,127,1.5,2.5,1.5
1783006739032,2026-07-02 17:38:59.032,C3:00:00:63:4D:05,-64,127,1.5,2.5,1.5
1783006739051,2026-07-02 17:38:59.051,C3:00:00:63:4D:04,-61,127,1.5,2.5,1.5
1783006739087,2026-07-02 17:38:59.087,C3:00:00:63:4D:08,-57,127,1.5,2.5,1.5
1783006739093,2026-07-02 17:38:59.093,C3:00:00:63:4D:0A,-51,127,1.5,2.5,1.5
1783006739102,2026-07-02 17:38:59.102,C3:00:00:63:4D:0D,-55,127,1.5,2.5,1.5
1783006739107,2026-07-02 17:38:59.107,C3:00:00:63:4D:05,-67,127,1.5,2.5,1.5
1783006739109,2026-07-02 17:38:59.109,C3:00:00:63:4C:D2,-72,127,1.5,2.5,1.5
1783006739125,2026-07-02 17:38:59.125,C3:00:00:63:4D:07,-56,127,1.5,2.5,1.5
1783006739127,2026-07-02 17:38:59.127,C3:00:00:63:4D:09,-62,127,1.5,2.5,1.5
1783006739148,2026-07-02 17:38:59.148,C3:00:00:63:4D:05,-58,127,1.5,2.5,1.5
1783006739153,2026-07-02 17:38:59.153,C3:00:00:63:4D:0D,-60,127,1.5,2.5,1.5
1783006739157,2026-07-02 17:38:59.157,C3:00:00:63:4D:07,-56,127,1.5,2.5,1.5
1783006739167,2026-07-02 17:38:59.167,C3:00:00:63:4D:0D,-60,127,1.5,2.5,1.5
1783006739202,2026-07-02 17:38:59.202,C3:00:00:63:4D:08,-59,127,1.5,2.5,1.5
1783006739207,2026-07-02 17:38:59.207,C3:00:00:63:4D:0D,-60,127,1.5,2.5,1.5
1783006739224,2026-07-02 17:38:59.224,C3:00:00:63:4D:0A,-55,127,1.5,2.5,1.5
1783006739226,2026-07-02 17:38:59.226,C3:00:00:63:4C:D2,-62,127,1.5,2.5,1.5
1783006739240,2026-07-02 17:38:59.240,C3:00:00:63:4D:07,-54,127,1.5,2.5,1.5
1783006739259,2026-07-02 17:38:59.259,C3:00:00:63:4D:05,-65,127,1.5,2.5,1.5
1783006739267,2026-07-02 17:38:59.267,C3:00:00:63:4D:04,-64,127,1.5,2.5,1.5
1783006739320,2026-07-02 17:38:59.320,C3:00:00:63:4D:0A,-51,127,1.5,2.5,1.5
1783006739341,2026-07-02 17:38:59.341,C3:00:00:63:4C:D2,-71,127,1.5,2.5,1.5
1783006739365,2026-07-02 17:38:59.365,C3:00:00:63:4D:09,-68,127,1.5,2.5,1.5
1783006739375,2026-07-02 17:38:59.375,C3:00:00:63:4D:05,-67,127,1.5,2.5,1.5
1783006739382,2026-07-02 17:38:59.382,C3:00:00:63:4D:04,-62,127,1.5,2.5,1.5
1783006739404,2026-07-02 17:38:59.404,C3:00:00:63:4D:04,-63,127,1.5,2.5,1.5
1783006739415,2026-07-02 17:38:59.415,C3:00:00:63:4D:0D,-55,127,1.5,2.5,1.5
1783006739421,2026-07-02 17:38:59.421,C3:00:00:63:4D:08,-57,127,1.5,2.5,1.5
1783006739424,2026-07-02 17:38:59.424,C3:00:00:63:4D:0A,-55,127,1.5,2.5,1.5
1783006739449,2026-07-02 17:38:59.449,C3:00:00:63:4D:09,-62,127,1.5,2.5,1.5
1783006739456,2026-07-02 17:38:59.456,C3:00:00:63:4C:D2,-64,127,1.5,2.5,1.5
1783006739477,2026-07-02 17:38:59.477,C3:00:00:63:4D:07,-57,127,1.5,2.5,1.5
1783006739483,2026-07-02 17:38:59.483,C3:00:00:63:4D:09,-62,127,1.5,2.5,1.5
1783006739491,2026-07-02 17:38:59.491,C3:00:00:63:4D:04,-57,127,1.5,2.5,1.5
1783006739498,2026-07-02 17:38:59.498,C3:00:00:63:4D:05,-58,127,1.5,2.5,1.5
1783006739517,2026-07-02 17:38:59.517,C3:00:00:63:4D:0D,-54,127,1.5,2.5,1.5
1783006739522,2026-07-02 17:38:59.522,C3:00:00:63:4D:08,-54,127,1.5,2.5,1.5
1783006739539,2026-07-02 17:38:59.539,C3:00:00:63:4D:0A,-60,127,1.5,2.5,1.5
1783006739568,2026-07-02 17:38:59.568,C3:00:00:63:4C:D2,-60,127,1.5,2.5,1.5
1783006739587,2026-07-02 17:38:59.587,C3:00:00:63:4D:07,-54,127,1.5,2.5,1.5
1783006739592,2026-07-02 17:38:59.592,C3:00:00:63:4D:09,-60,127,1.5,2.5,1.5
1783006739607,2026-07-02 17:38:59.607,C3:00:00:63:4D:04,-63,127,1.5,2.5,1.5
1783006739610,2026-07-02 17:38:59.610,C3:00:00:63:4D:05,-64,127,1.5,2.5,1.5
1783006739622,2026-07-02 17:38:59.622,C3:00:00:63:4D:0D,-54,127,1.5,2.5,1.5
1783006739652,2026-07-02 17:38:59.652,C3:00:00:63:4D:0A,-52,127,1.5,2.5,1.5
1783006739683,2026-07-02 17:38:59.683,C3:00:00:63:4C:D2,-69,127,1.5,2.5,1.5
1783006739705,2026-07-02 17:38:59.705,C3:00:00:63:4D:09,-64,127,1.5,2.5,1.5
1783006739712,2026-07-02 17:38:59.712,C3:00:00:63:4D:07,-57,127,1.5,2.5,1.5
1783006739725,2026-07-02 17:38:59.725,C3:00:00:63:4D:04,-60,127,1.5,2.5,1.5
1783006739727,2026-07-02 17:38:59.727,C3:00:00:63:4D:05,-58,127,1.5,2.5,1.5
1783006739728,2026-07-02 17:38:59.728,C3:00:00:63:4D:0D,-61,127,1.5,2.5,1.5
1783006739734,2026-07-02 17:38:59.734,C3:00:00:63:4D:08,-62,127,1.5,2.5,1.5
1783006739766,2026-07-02 17:38:59.766,C3:00:00:63:4D:0A,-56,127,1.5,2.5,1.5
1783006739802,2026-07-02 17:38:59.802,C3:00:00:63:4C:D2,-64,127,1.5,2.5,1.5
1783006739831,2026-07-02 17:38:59.831,C3:00:00:63:4D:0D,-54,127,1.5,2.5,1.5
1783006739840,2026-07-02 17:38:59.840,C3:00:00:63:4D:05,-62,127,1.5,2.5,1.5
1783006739848,2026-07-02 17:38:59.848,C3:00:00:63:4D:08,-54,127,1.5,2.5,1.5
1783006739876,2026-07-02 17:38:59.876,C3:00:00:63:4D:0A,-59,127,1.5,2.5,1.5
1783006739903,2026-07-02 17:38:59.903,C3:00:00:63:4D:04,-62,127,1.5,2.5,1.5
1783006739921,2026-07-02 17:38:59.921,C3:00:00:63:4C:D2,-69,127,1.5,2.5,1.5
1783006739926,2026-07-02 17:38:59.926,C3:00:00:63:4D:04,-60,127,1.5,2.5,1.5
1783006739929,2026-07-02 17:38:59.929,C3:00:00:63:4D:08,-57,127,1.5,2.5,1.5
1783006739938,2026-07-02 17:38:59.938,C3:00:00:63:4D:07,-57,127,1.5,2.5,1.5
1783006739939,2026-07-02 17:38:59.939,C3:00:00:63:4D:09,-64,127,1.5,2.5,1.5
1783006739941,2026-07-02 17:38:59.941,C3:00:00:63:4C:D2,-69,127,1.5,2.5,1.5
1783006739942,2026-07-02 17:38:59.942,C3:00:00:63:4D:0D,-54,127,1.5,2.5,1.5
1783006739944,2026-07-02 17:38:59.944,C3:00:00:63:4D:04,-60,127,1.5,2.5,1.5
1783006739949,2026-07-02 17:38:59.949,C3:00:00:63:4D:05,-64,127,1.5,2.5,1.5
1783006739950,2026-07-02 17:38:59.950,C3:00:00:63:4D:08,-57,127,1.5,2.5,1.5
1783006740002,2026-07-02 17:39:00.002,C3:00:00:63:4D:0A,-53,127,1.5,2.5,1.5
1783006740028,2026-07-02 17:39:00.028,C3:00:00:63:4D:0A,-56,127,1.5,2.5,1.5
1783006740034,2026-07-02 17:39:00.034,C3:00:00:63:4C:D2,-65,127,1.5,2.5,1.5
1783006740041,2026-07-02 17:39:00.041,C3:00:00:63:4D:04,-56,127,1.5,2.5,1.5
1783006740047,2026-07-02 17:39:00.047,C3:00:00:63:4D:0D,-60,127,1.5,2.5,1.5
1783006740056,2026-07-02 17:39:00.056,C3:00:00:63:4D:05,-58,127,1.5,2.5,1.5
1783006740102,2026-07-02 17:39:00.102,C3:00:00:63:4D:0A,-56,127,1.5,2.5,1.5
1783006740122,2026-07-02 17:39:00.122,C3:00:00:63:4D:0D,-62,127,1.5,2.5,1.5
1783006740142,2026-07-02 17:39:00.142,C3:00:00:63:4D:04,-63,127,1.5,2.5,1.5
1783006740143,2026-07-02 17:39:00.143,C3:00:00:63:4D:0A,-68,127,1.5,2.5,1.5
1783006740150,2026-07-02 17:39:00.150,C3:00:00:63:4D:09,-59,127,1.5,2.5,1.5
1783006740164,2026-07-02 17:39:00.164,C3:00:00:63:4D:07,-54,127,1.5,2.5,1.5
1783006740180,2026-07-02 17:39:00.180,C3:00:00:63:4D:05,-62,127,1.5,2.5,1.5
1783006740225,2026-07-02 17:39:00.225,C3:00:00:63:4D:0A,-52,127,1.5,2.5,1.5
1783006740243,2026-07-02 17:39:00.243,C3:00:00:63:4D:05,-68,127,1.5,2.5,1.5
1783006740256,2026-07-02 17:39:00.256,C3:00:00:63:4D:0D,-56,127,1.5,2.5,1.5
1783006740263,2026-07-02 17:39:00.263,C3:00:00:63:4C:D2,-69,127,1.5,2.5,1.5
1783006740272,2026-07-02 17:39:00.272,C3:00:00:63:4D:09,-66,127,1.5,2.5,1.5
1783006740274,2026-07-02 17:39:00.274,C3:00:00:63:4D:07,-60,127,1.5,2.5,1.5
1783006740277,2026-07-02 17:39:00.277,C3:00:00:63:4D:08,-57,127,1.5,2.5,1.5
1783006740290,2026-07-02 17:39:00.290,C3:00:00:63:4D:07,-60,127,1.5,2.5,1.5
1783006740292,2026-07-02 17:39:00.292,C3:00:00:63:4D:05,-67,127,1.5,2.5,1.5
1783006740328,2026-07-02 17:39:00.328,C3:00:00:63:4D:0A,-55,127,1.5,2.5,1.5
1783006740380,2026-07-02 17:39:00.380,C3:00:00:63:4C:D2,-63,127,1.5,2.5,1.5
1783006740387,2026-07-02 17:39:00.387,C3:00:00:63:4D:09,-63,127,1.5,2.5,1.5
1783006740398,2026-07-02 17:39:00.398,C3:00:00:63:4D:08,-58,127,1.5,2.5,1.5
1783006740418,2026-07-02 17:39:00.418,C3:00:00:63:4D:05,-61,127,1.5,2.5,1.5
1783006740450,2026-07-02 17:39:00.450,C3:00:00:63:4D:0A,-60,127,1.5,2.5,1.5
1783006740467,2026-07-02 17:39:00.467,C3:00:00:63:4D:0D,-54,127,1.5,2.5,1.5
1783006740473,2026-07-02 17:39:00.473,C3:00:00:63:4D:04,-62,127,1.5,2.5,1.5
1783006740491,2026-07-02 17:39:00.491,C3:00:00:63:4C:D2,-63,127,1.5,2.5,1.5
1783006740494,2026-07-02 17:39:00.494,C3:00:00:63:4D:09,-60,127,1.5,2.5,1.5
1783006740497,2026-07-02 17:39:00.497,C3:00:00:63:4D:08,-54,127,1.5,2.5,1.5
1783006740506,2026-07-02 17:39:00.506,C3:00:00:63:4D:07,-55,127,1.5,2.5,1.5
1783006740533,2026-07-02 17:39:00.533,C3:00:00:63:4D:05,-67,127,1.5,2.5,1.5
1783006740562,2026-07-02 17:39:00.562,C3:00:00:63:4D:0A,-52,127,1.5,2.5,1.5
1783006740565,2026-07-02 17:39:00.565,C3:00:00:63:4D:0D,-55,127,1.5,2.5,1.5
1783006740586,2026-07-02 17:39:00.586,C3:00:00:63:4D:04,-61,127,1.5,2.5,1.5
1783006740625,2026-07-02 17:39:00.625,C3:00:00:63:4D:07,-56,127,1.5,2.5,1.5
1783006740629,2026-07-02 17:39:00.629,C3:00:00:63:4C:D2,-70,127,1.5,2.5,1.5
1783006740636,2026-07-02 17:39:00.636,C3:00:00:63:4D:05,-58,127,1.5,2.5,1.5
1783006740668,2026-07-02 17:39:00.668,C3:00:00:63:4D:0D,-59,127,1.5,2.5,1.5
1783006740695,2026-07-02 17:39:00.695,C3:00:00:63:4D:04,-56,127,1.5,2.5,1.5
1783006740725,2026-07-02 17:39:00.725,C3:00:00:63:4D:08,-54,127,1.5,2.5,1.5
1783006740731,2026-07-02 17:39:00.731,C3:00:00:63:4D:09,-60,127,1.5,2.5,1.5
1783006740742,2026-07-02 17:39:00.742,C3:00:00:63:4D:07,-54,127,1.5,2.5,1.5
1783006740756,2026-07-02 17:39:00.756,C3:00:00:63:4D:05,-61,127,1.5,2.5,1.5
1783006740780,2026-07-02 17:39:00.780,C3:00:00:63:4D:0D,-54,127,1.5,2.5,1.5
1783006740784,2026-07-02 17:39:00.784,C3:00:00:63:4D:09,-67,127,1.5,2.5,1.5
1783006740791,2026-07-02 17:39:00.791,C3:00:00:63:4D:04,-63,127,1.5,2.5,1.5
1783006740833,2026-07-02 17:39:00.833,C3:00:00:63:4D:08,-57,127,1.5,2.5,1.5
1783006740835,2026-07-02 17:39:00.835,C3:00:00:63:4D:09,-67,127,1.5,2.5,1.5
1783006740851,2026-07-02 17:39:00.851,C3:00:00:63:4D:07,-60,127,1.5,2.5,1.5
1783006740871,2026-07-02 17:39:00.871,C3:00:00:63:4D:08,-57,127,1.5,2.5,1.5
1783006740879,2026-07-02 17:39:00.879,C3:00:00:63:4D:0D,-55,127,1.5,2.5,1.5
1783006740897,2026-07-02 17:39:00.897,C3:00:00:63:4D:0A,-53,127,1.5,2.5,1.5
1783006740903,2026-07-02 17:39:00.903,C3:00:00:63:4D:04,-61,127,1.5,2.5,1.5
1783006740923,2026-07-02 17:39:00.923,C3:00:00:63:4D:0A,-52,127,1.5,2.5,1.5
1783006740939,2026-07-02 17:39:00.939,C3:00:00:63:4D:08,-58,127,1.5,2.5,1.5
1783006740949,2026-07-02 17:39:00.949,C3:00:00:63:4C:D2,-64,127,1.5,2.5,1.5
1783006740958,2026-07-02 17:39:00.958,C3:00:00:63:4D:09,-63,127,1.5,2.5,1.5
1783006740965,2026-07-02 17:39:00.965,C3:00:00:63:4D:07,-56,127,1.5,2.5,1.5
1783006740985,2026-07-02 17:39:00.985,C3:00:00:63:4D:05,-58,127,1.5,2.5,1.5
1783006740987,2026-07-02 17:39:00.987,C3:00:00:63:4D:0D,-59,127,1.5,2.5,1.5
1783006741045,2026-07-02 17:39:01.045,C3:00:00:63:4D:08,-54,127,1.5,2.5,1.5
1783006741067,2026-07-02 17:39:01.067,C3:00:00:63:4C:D2,-64,127,1.5,2.5,1.5
1783006741086,2026-07-02 17:39:01.086,C3:00:00:63:4D:09,-60,127,1.5,2.5,1.5
1783006741095,2026-07-02 17:39:01.095,C3:00:00:63:4D:07,-54,127,1.5,2.5,1.5
1783006741101,2026-07-02 17:39:01.101,C3:00:00:63:4D:0D,-54,127,1.5,2.5,1.5
1783006741103,2026-07-02 17:39:01.103,C3:00:00:63:4D:05,-61,127,1.5,2.5,1.5
1783006741135,2026-07-02 17:39:01.135,C3:00:00:63:4D:05,-67,127,1.5,2.5,1.5
1783006741147,2026-07-02 17:39:01.147,C3:00:00:63:4D:07,-60,127,1.5,2.5,1.5
1783006741151,2026-07-02 17:39:01.151,C3:00:00:63:4D:08,-57,127,1.5,2.5,1.5
1783006741183,2026-07-02 17:39:01.183,C3:00:00:63:4C:D2,-68,127,1.5,2.5,1.5
1783006741190,2026-07-02 17:39:01.190,C3:00:00:63:4D:0D,-56,127,1.5,2.5,1.5
1783006741196,2026-07-02 17:39:01.196,C3:00:00:63:4D:09,-67,127,1.5,2.5,1.5
1783006741214,2026-07-02 17:39:01.214,C3:00:00:63:4D:07,-57,127,1.5,2.5,1.5
1783006741216,2026-07-02 17:39:01.216,C3:00:00:63:4D:0D,-54,127,1.5,2.5,1.5
1783006741224,2026-07-02 17:39:01.224,C3:00:00:63:4D:05,-65,127,1.5,2.5,1.5
1783006741230,2026-07-02 17:39:01.230,C3:00:00:63:4D:04,-56,127,1.5,2.5,1.5
1783006741237,2026-07-02 17:39:01.237,C3:00:00:63:4D:0A,-56,127,1.5,2.5,1.5
1783006741296,2026-07-02 17:39:01.296,C3:00:00:63:4D:0D,-60,127,1.5,2.5,1.5
1783006741320,2026-07-02 17:39:01.320,C3:00:00:63:4D:07,-57,127,1.5,2.5,1.5
1783006741342,2026-07-02 17:39:01.342,C3:00:00:63:4D:04,-62,127,1.5,2.5,1.5
1783006741350,2026-07-02 17:39:01.350,C3:00:00:63:4D:0A,-59,127,1.5,2.5,1.5
1783006741364,2026-07-02 17:39:01.364,C3:00:00:63:4D:08,-54,127,1.5,2.5,1.5
1783006741391,2026-07-02 17:39:01.391,C3:00:00:63:4D:07,-59,127,1.5,2.5,1.5
1783006741399,2026-07-02 17:39:01.399,C3:00:00:63:4D:0D,-54,127,1.5,2.5,1.5
1783006741413,2026-07-02 17:39:01.413,C3:00:00:63:4D:09,-60,127,1.5,2.5,1.5
1783006741419,2026-07-02 17:39:01.419,C3:00:00:63:4C:D2,-64,127,1.5,2.5,1.5
1783006741427,2026-07-02 17:39:01.427,C3:00:00:63:4D:07,-57,127,1.5,2.5,1.5
1783006741448,2026-07-02 17:39:01.448,C3:00:00:63:4D:05,-65,127,1.5,2.5,1.5
1783006741462,2026-07-02 17:39:01.462,C3:00:00:63:4D:09,-63,127,1.5,2.5,1.5
1783006741515,2026-07-02 17:39:01.515,C3:00:00:63:4D:0D,-54,127,1.5,2.5,1.5
1783006741521,2026-07-02 17:39:01.521,C3:00:00:63:4C:D2,-67,127,1.5,2.5,1.5
1783006741527,2026-07-02 17:39:01.527,C3:00:00:63:4D:09,-62,127,1.5,2.5,1.5
1783006741547,2026-07-02 17:39:01.547,C3:00:00:63:4C:D2,-66,127,1.5,2.5,1.5
1783006741553,2026-07-02 17:39:01.553,C3:00:00:63:4D:07,-57,127,1.5,2.5,1.5
1783006741561,2026-07-02 17:39:01.561,C3:00:00:63:4D:04,-55,127,1.5,2.5,1.5
1783006741563,2026-07-02 17:39:01.563,C3:00:00:63:4D:05,-58,127,1.5,2.5,1.5
1783006741571,2026-07-02 17:39:01.571,C3:00:00:63:4D:0A,-56,127,1.5,2.5,1.5
1783006741584,2026-07-02 17:39:01.584,C3:00:00:63:4D:08,-60,127,1.5,2.5,1.5
1783006741610,2026-07-02 17:39:01.610,C3:00:00:63:4D:0D,-60,127,1.5,2.5,1.5
1783006741636,2026-07-02 17:39:01.636,C3:00:00:63:4D:09,-59,127,1.5,2.5,1.5
1783006741642,2026-07-02 17:39:01.642,C3:00:00:63:4C:D2,-64,127,1.5,2.5,1.5
1783006741655,2026-07-02 17:39:01.655,C3:00:00:63:4D:07,-54,127,1.5,2.5,1.5
1783006741664,2026-07-02 17:39:01.664,C3:00:00:63:4D:04,-61,127,1.5,2.5,1.5
1783006741687,2026-07-02 17:39:01.687,C3:00:00:63:4D:05,-60,127,1.5,2.5,1.5
1783006741694,2026-07-02 17:39:01.694,C3:00:00:63:4D:0A,-59,127,1.5,2.5,1.5
1783006741698,2026-07-02 17:39:01.698,C3:00:00:63:4D:08,-54,127,1.5,2.5,1.5
1783006741713,2026-07-02 17:39:01.713,C3:00:00:63:4D:0D,-54,127,1.5,2.5,1.5
1783006741751,2026-07-02 17:39:01.751,C3:00:00:63:4D:09,-67,127,1.5,2.5,1.5
1783006741762,2026-07-02 17:39:01.762,C3:00:00:63:4C:D2,-68,127,1.5,2.5,1.5
1783006741781,2026-07-02 17:39:01.781,C3:00:00:63:4D:07,-60,127,1.5,2.5,1.5
1783006741794,2026-07-02 17:39:01.794,C3:00:00:63:4D:05,-67,127,1.5,2.5,1.5
1783006741812,2026-07-02 17:39:01.812,C3:00:00:63:4D:0A,-52,127,1.5,2.5,1.5
1783006741818,2026-07-02 17:39:01.818,C3:00:00:63:4D:08,-57,127,1.5,2.5,1.5
1783006741821,2026-07-02 17:39:01.821,C3:00:00:63:4D:0D,-60,127,1.5,2.5,1.5
1783006741868,2026-07-02 17:39:01.868,C3:00:00:63:4C:D2,-64,127,1.5,2.5,1.5
1783006741871,2026-07-02 17:39:01.871,C3:00:00:63:4D:09,-63,127,1.5,2.5,1.5
1783006741894,2026-07-02 17:39:01.894,C3:00:00:63:4D:07,-55,127,1.5,2.5,1.5
1783006741901,2026-07-02 17:39:01.901,C3:00:00:63:4D:05,-58,127,1.5,2.5,1.5
1783006741911,2026-07-02 17:39:01.911,C3:00:00:63:4D:08,-58,127,1.5,2.5,1.5
1783006741937,2026-07-02 17:39:01.937,C3:00:00:63:4D:04,-63,127,1.5,2.5,1.5
1783006741943,2026-07-02 17:39:01.943,C3:00:00:63:4D:08,-55,127,1.5,2.5,1.5
1783006741952,2026-07-02 17:39:01.952,C3:00:00:63:4D:0D,-55,127,1.5,2.5,1.5
1783006741981,2026-07-02 17:39:01.981,C3:00:00:63:4D:09,-60,127,1.5,2.5,1.5
1783006741984,2026-07-02 17:39:01.984,C3:00:00:63:4C:D2,-64,127,1.5,2.5,1.5
1783006741995,2026-07-02 17:39:01.995,C3:00:00:63:4D:04,-62,127,1.5,2.5,1.5
1783006742004,2026-07-02 17:39:02.004,C3:00:00:63:4D:07,-54,127,1.5,2.5,1.5
1783006742022,2026-07-02 17:39:02.022,C3:00:00:63:4D:0A,-53,127,1.5,2.5,1.5
1783006742026,2026-07-02 17:39:02.026,C3:00:00:63:4D:08,-56,127,1.5,2.5,1.5
1783006742039,2026-07-02 17:39:02.039,C3:00:00:63:4D:0D,-55,127,1.5,2.5,1.5
1783006742046,2026-07-02 17:39:02.046,C3:00:00:63:4D:0A,-52,127,1.5,2.5,1.5
1783006742100,2026-07-02 17:39:02.100,C3:00:00:63:4D:09,-68,127,1.5,2.5,1.5
1783006742106,2026-07-02 17:39:02.106,C3:00:00:63:4D:04,-64,127,1.5,2.5,1.5
1783006742111,2026-07-02 17:39:02.111,C3:00:00:63:4C:D2,-68,127,1.5,2.5,1.5
1783006742115,2026-07-02 17:39:02.115,C3:00:00:63:4D:07,-56,127,1.5,2.5,1.5
1783006742129,2026-07-02 17:39:02.129,C3:00:00:63:4D:05,-58,127,1.5,2.5,1.5
1783006742132,2026-07-02 17:39:02.132,C3:00:00:63:4D:08,-58,127,1.5,2.5,1.5
1783006742135,2026-07-02 17:39:02.135,C3:00:00:63:4D:0A,-55,127,1.5,2.5,1.5
1783006742143,2026-07-02 17:39:02.143,C3:00:00:63:4D:0D,-60,127,1.5,2.5,1.5
1783006742164,2026-07-02 17:39:02.164,C3:00:00:63:4C:D2,-64,127,1.5,2.5,1.5
1783006742208,2026-07-02 17:39:02.208,C3:00:00:63:4D:09,-63,127,1.5,2.5,1.5
1783006742219,2026-07-02 17:39:02.219,C3:00:00:63:4D:04,-55,127,1.5,2.5,1.5
1783006742226,2026-07-02 17:39:02.226,C3:00:00:63:4C:D2,-64,127,1.5,2.5,1.5
1783006742250,2026-07-02 17:39:02.250,C3:00:00:63:4D:07,-54,127,1.5,2.5,1.5
1783006742251,2026-07-02 17:39:02.251,C3:00:00:63:4D:0D,-54,127,1.5,2.5,1.5
1783006742254,2026-07-02 17:39:02.254,C3:00:00:63:4D:08,-54,127,1.5,2.5,1.5
1783006742255,2026-07-02 17:39:02.255,C3:00:00:63:4D:05,-60,127,1.5,2.5,1.5
1783006742258,2026-07-02 17:39:02.258,C3:00:00:63:4D:0A,-59,127,1.5,2.5,1.5
1783006742263,2026-07-02 17:39:02.263,C3:00:00:63:4D:05,-60,127,1.5,2.5,1.5
1783006742280,2026-07-02 17:39:02.280,C3:00:00:63:4D:07,-54,127,1.5,2.5,1.5
1783006742301,2026-07-02 17:39:02.301,C3:00:00:63:4D:07,-54,127,1.5,2.5,1.5
1783006742319,2026-07-02 17:39:02.319,C3:00:00:63:4D:09,-64,127,1.5,2.5,1.5
1783006742324,2026-07-02 17:39:02.324,C3:00:00:63:4D:04,-60,127,1.5,2.5,1.5
1783006742329,2026-07-02 17:39:02.329,C3:00:00:63:4C:D2,-69,127,1.5,2.5,1.5
1783006742344,2026-07-02 17:39:02.344,C3:00:00:63:4D:07,-57,127,1.5,2.5,1.5
1783006742347,2026-07-02 17:39:02.347,C3:00:00:63:4D:0D,-54,127,1.5,2.5,1.5
1783006742357,2026-07-02 17:39:02.357,C3:00:00:63:4D:08,-58,127,1.5,2.5,1.5
1783006742374,2026-07-02 17:39:02.374,C3:00:00:63:4D:0A,-53,127,1.5,2.5,1.5
1783006742435,2026-07-02 17:39:02.435,C3:00:00:63:4D:04,-56,127,1.5,2.5,1.5
1783006742440,2026-07-02 17:39:02.440,C3:00:00:63:4D:09,-62,127,1.5,2.5,1.5
1783006742445,2026-07-02 17:39:02.445,C3:00:00:63:4C:D2,-66,127,1.5,2.5,1.5
1783006742452,2026-07-02 17:39:02.452,C3:00:00:63:4D:0D,-61,127,1.5,2.5,1.5
1783006742465,2026-07-02 17:39:02.465,C3:00:00:63:4D:07,-58,127,1.5,2.5,1.5
1783006742468,2026-07-02 17:39:02.468,C3:00:00:63:4D:08,-60,127,1.5,2.5,1.5
1783006742543,2026-07-02 17:39:02.543,C3:00:00:63:4D:04,-61,127,1.5,2.5,1.5
1783006742552,2026-07-02 17:39:02.552,C3:00:00:63:4D:09,-59,127,1.5,2.5,1.5
1783006742566,2026-07-02 17:39:02.566,C3:00:00:63:4D:0D,-54,127,1.5,2.5,1.5
1783006742568,2026-07-02 17:39:02.568,C3:00:00:63:4C:D2,-64,127,1.5,2.5,1.5
1783006742575,2026-07-02 17:39:02.575,C3:00:00:63:4D:08,-54,127,1.5,2.5,1.5
1783006742578,2026-07-02 17:39:02.578,C3:00:00:63:4D:07,-54,127,1.5,2.5,1.5
1783006742584,2026-07-02 17:39:02.584,C3:00:00:63:4D:0A,-58,127,1.5,2.5,1.5
1783006742593,2026-07-02 17:39:02.593,C3:00:00:63:4D:05,-60,127,1.5,2.5,1.5
1783006742651,2026-07-02 17:39:02.651,C3:00:00:63:4D:04,-60,127,1.5,2.5,1.5
1783006742677,2026-07-02 17:39:02.677,C3:00:00:63:4D:0D,-54,127,1.5,2.5,1.5
1783006742683,2026-07-02 17:39:02.683,C3:00:00:63:4D:09,-64,127,1.5,2.5,1.5
1783006742692,2026-07-02 17:39:02.692,C3:00:00:63:4C:D2,-67,127,1.5,2.5,1.5
1783006742696,2026-07-02 17:39:02.696,C3:00:00:63:4D:08,-58,127,1.5,2.5,1.5
1783006742702,2026-07-02 17:39:02.702,C3:00:00:63:4D:07,-60,127,1.5,2.5,1.5
1783006742704,2026-07-02 17:39:02.704,C3:00:00:63:4D:0A,-52,127,1.5,2.5,1.5
1783006742776,2026-07-02 17:39:02.776,C3:00:00:63:4D:09,-63,127,1.5,2.5,1.5
1783006742786,2026-07-02 17:39:02.786,C3:00:00:63:4C:D2,-64,127,1.5,2.5,1.5
1783006742792,2026-07-02 17:39:02.792,C3:00:00:63:4D:08,-58,127,1.5,2.5,1.5
1783006742813,2026-07-02 17:39:02.813,C3:00:00:63:4D:07,-56,127,1.5,2.5,1.5
1783006742819,2026-07-02 17:39:02.819,C3:00:00:63:4D:0A,-60,127,1.5,2.5,1.5
1783006742828,2026-07-02 17:39:02.828,C3:00:00:63:4D:05,-62,127,1.5,2.5,1.5
1783006742863,2026-07-02 17:39:02.863,C3:00:00:63:4D:04,-63,127,1.5,2.5,1.5
1783006742877,2026-07-02 17:39:02.877,C3:00:00:63:4D:0D,-54,127,1.5,2.5,1.5
1783006742881,2026-07-02 17:39:02.881,C3:00:00:63:4D:08,-54,127,1.5,2.5,1.5
1783006742886,2026-07-02 17:39:02.886,C3:00:00:63:4D:09,-60,127,1.5,2.5,1.5
1783006742913,2026-07-02 17:39:02.913,C3:00:00:63:4C:D2,-64,127,1.5,2.5,1.5
1783006742932,2026-07-02 17:39:02.932,C3:00:00:63:4D:07,-60,127,1.5,2.5,1.5
1783006742939,2026-07-02 17:39:02.939,C3:00:00:63:4D:0A,-52,127,1.5,2.5,1.5
1783006742979,2026-07-02 17:39:02.979,C3:00:00:63:4D:04,-61,127,1.5,2.5,1.5
1783006742983,2026-07-02 17:39:02.983,C3:00:00:63:4D:0D,-55,127,1.5,2.5,1.5
1783006742997,2026-07-02 17:39:02.997,C3:00:00:63:4D:05,-74,127,1.5,2.5,1.5
1783006743002,2026-07-02 17:39:03.002,C3:00:00:63:4D:09,-68,127,1.5,2.5,1.5
1783006743008,2026-07-02 17:39:03.008,C3:00:00:63:4D:08,-58,127,1.5,2.5,1.5
1783006743017,2026-07-02 17:39:03.017,C3:00:00:63:4C:D2,-64,127,1.5,2.5,1.5
1783006743031,2026-07-02 17:39:03.031,C3:00:00:63:4D:07,-56,127,1.5,2.5,1.5
1783006743038,2026-07-02 17:39:03.038,C3:00:00:63:4D:0A,-56,127,1.5,2.5,1.5
1783006743052,2026-07-02 17:39:03.052,C3:00:00:63:4D:05,-58,127,1.5,2.5,1.5
1783006743105,2026-07-02 17:39:03.105,C3:00:00:63:4D:05,-58,127,1.5,2.5,1.5
1783006743135,2026-07-02 17:39:03.135,C3:00:00:63:4C:D2,-63,127,1.5,2.5,1.5
1783006743158,2026-07-02 17:39:03.158,C3:00:00:63:4D:07,-54,127,1.5,2.5,1.5
1783006743169,2026-07-02 17:39:03.169,C3:00:00:63:4D:05,-61,127,1.5,2.5,1.5
1783006743193,2026-07-02 17:39:03.193,C3:00:00:63:4D:0D,-54,127,1.5,2.5,1.5
1783006743197,2026-07-02 17:39:03.197,C3:00:00:63:4D:04,-61,127,1.5,2.5,1.5
1783006743212,2026-07-02 17:39:03.212,C3:00:00:63:4D:0D,-54,127,1.5,2.5,1.5
1783006743232,2026-07-02 17:39:03.232,C3:00:00:63:4D:08,-58,127,1.5,2.5,1.5
1783006743237,2026-07-02 17:39:03.237,C3:00:00:63:4D:09,-64,127,1.5,2.5,1.5
1783006743265,2026-07-02 17:39:03.265,C3:00:00:63:4D:07,-57,127,1.5,2.5,1.5
1783006743270,2026-07-02 17:39:03.270,C3:00:00:63:4D:0A,-53,127,1.5,2.5,1.5
1783006743290,2026-07-02 17:39:03.290,C3:00:00:63:4D:05,-65,127,1.5,2.5,1.5
1783006743301,2026-07-02 17:39:03.301,C3:00:00:63:4D:0D,-54,127,1.5,2.5,1.5
1783006743303,2026-07-02 17:39:03.303,C3:00:00:63:4D:04,-60,127,1.5,2.5,1.5
1783006743334,2026-07-02 17:39:03.334,C3:00:00:63:4D:08,-58,127,1.5,2.5,1.5
1783006743352,2026-07-02 17:39:03.352,C3:00:00:63:4D:09,-62,127,1.5,2.5,1.5
1783006743374,2026-07-02 17:39:03.374,C3:00:00:63:4C:D2,-66,127,1.5,2.5,1.5
1783006743386,2026-07-02 17:39:03.386,C3:00:00:63:4D:0A,-56,127,1.5,2.5,1.5
1783006743396,2026-07-02 17:39:03.396,C3:00:00:63:4D:07,-58,127,1.5,2.5,1.5
1783006743403,2026-07-02 17:39:03.403,C3:00:00:63:4D:0D,-61,127,1.5,2.5,1.5
1783006743405,2026-07-02 17:39:03.405,C3:00:00:63:4D:05,-58,127,1.5,2.5,1.5
1783006743413,2026-07-02 17:39:03.413,C3:00:00:63:4D:04,-56,127,1.5,2.5,1.5
1783006743432,2026-07-02 17:39:03.432,C3:00:00:63:4D:04,-62,127,1.5,2.5,1.5
1783006743443,2026-07-02 17:39:03.443,C3:00:00:63:4D:08,-54,127,1.5,2.5,1.5
1783006743466,2026-07-02 17:39:03.466,C3:00:00:63:4D:09,-59,127,1.5,2.5,1.5
1783006743477,2026-07-02 17:39:03.477,C3:00:00:63:4D:0A,-59,127,1.5,2.5,1.5
1783006743482,2026-07-02 17:39:03.482,C3:00:00:63:4C:D2,-63,127,1.5,2.5,1.5
1783006743487,2026-07-02 17:39:03.487,C3:00:00:63:4D:09,-59,127,1.5,2.5,1.5
1783006743495,2026-07-02 17:39:03.495,C3:00:00:63:4D:07,-54,127,1.5,2.5,1.5
1783006743499,2026-07-02 17:39:03.499,C3:00:00:63:4D:0A,-58,127,1.5,2.5,1.5
1783006743503,2026-07-02 17:39:03.503,C3:00:00:63:4D:0D,-54,127,1.5,2.5,1.5
1783006743520,2026-07-02 17:39:03.520,C3:00:00:63:4D:05,-65,127,1.5,2.5,1.5
1783006743526,2026-07-02 17:39:03.526,C3:00:00:63:4D:04,-60,127,1.5,2.5,1.5
1783006743559,2026-07-02 17:39:03.559,C3:00:00:63:4D:08,-58,127,1.5,2.5,1.5
1783006743585,2026-07-02 17:39:03.585,C3:00:00:63:4D:09,-64,127,1.5,2.5,1.5
1783006743602,2026-07-02 17:39:03.602,C3:00:00:63:4C:D2,-68,127,1.5,2.5,1.5
1783006743610,2026-07-02 17:39:03.610,C3:00:00:63:4D:0D,-54,127,1.5,2.5,1.5
1783006743619,2026-07-02 17:39:03.619,C3:00:00:63:4D:0A,-53,127,1.5,2.5,1.5
1783006743628,2026-07-02 17:39:03.628,C3:00:00:63:4D:04,-56,127,1.5,2.5,1.5
1783006743632,2026-07-02 17:39:03.632,C3:00:00:63:4D:05,-58,127,1.5,2.5,1.5
1783006743655,2026-07-02 17:39:03.655,C3:00:00:63:4D:08,-58,127,1.5,2.5,1.5
1783006743691,2026-07-02 17:39:03.691,C3:00:00:63:4D:09,-63,127,1.5,2.5,1.5
1783006743733,2026-07-02 17:39:03.733,C3:00:00:63:4D:07,-54,127,1.5,2.5,1.5
1783006743743,2026-07-02 17:39:03.743,C3:00:00:63:4D:04,-62,127,1.5,2.5,1.5
1783006743758,2026-07-02 17:39:03.758,C3:00:00:63:4D:05,-62,127,1.5,2.5,1.5
1783006743772,2026-07-02 17:39:03.772,C3:00:00:63:4D:08,-54,127,1.5,2.5,1.5
1783006743800,2026-07-02 17:39:03.800,C3:00:00:63:4D:09,-60,127,1.5,2.5,1.5
1783006743824,2026-07-02 17:39:03.824,C3:00:00:63:4D:0D,-55,127,1.5,2.5,1.5
1783006743830,2026-07-02 17:39:03.830,C3:00:00:63:4C:D2,-69,127,1.5,2.5,1.5
1783006743846,2026-07-02 17:39:03.846,C3:00:00:63:4D:07,-59,127,1.5,2.5,1.5
1783006743850,2026-07-02 17:39:03.850,C3:00:00:63:4D:04,-61,127,1.5,2.5,1.5
1783006743857,2026-07-02 17:39:03.857,C3:00:00:63:4D:05,-66,127,1.5,2.5,1.5
1783006743881,2026-07-02 17:39:03.881,C3:00:00:63:4D:08,-58,127,1.5,2.5,1.5
1783006743926,2026-07-02 17:39:03.926,C3:00:00:63:4D:0D,-60,127,1.5,2.5,1.5
1783006743931,2026-07-02 17:39:03.931,C3:00:00:63:4D:04,-56,127,1.5,2.5,1.5
1783006743937,2026-07-02 17:39:03.937,C3:00:00:63:4D:08,-58,127,1.5,2.5,1.5
1783006743951,2026-07-02 17:39:03.951,C3:00:00:63:4C:D2,-64,127,1.5,2.5,1.5
1783006743959,2026-07-02 17:39:03.959,C3:00:00:63:4D:0A,-56,127,1.5,2.5,1.5
1783006743962,2026-07-02 17:39:03.962,C3:00:00:63:4D:04,-56,127,1.5,2.5,1.5
1783006743966,2026-07-02 17:39:03.966,C3:00:00:63:4C:D2,-64,127,1.5,2.5,1.5
1783006743968,2026-07-02 17:39:03.968,C3:00:00:63:4D:04,-56,127,1.5,2.5,1.5
1783006743976,2026-07-02 17:39:03.976,C3:00:00:63:4D:05,-58,127,1.5,2.5,1.5
1783006743984,2026-07-02 17:39:03.984,C3:00:00:63:4D:08,-58,127,1.5,2.5,1.5
1783006744057,2026-07-02 17:39:04.057,C3:00:00:63:4D:0A,-60,127,1.5,2.5,1.5
1783006744060,2026-07-02 17:39:04.060,C3:00:00:63:4D:04,-62,127,1.5,2.5,1.5
1783006744068,2026-07-02 17:39:04.068,C3:00:00:63:4D:07,-54,127,1.5,2.5,1.5
1783006744096,2026-07-02 17:39:04.096,C3:00:00:63:4D:05,-61,127,1.5,2.5,1.5
1783006744102,2026-07-02 17:39:04.102,C3:00:00:63:4D:08,-54,127,1.5,2.5,1.5
1783006744125,2026-07-02 17:39:04.125,C3:00:00:63:4D:0D,-63,127,1.5,2.5,1.5
1783006744150,2026-07-02 17:39:04.150,C3:00:00:63:4D:09,-68,127,1.5,2.5,1.5
1783006744152,2026-07-02 17:39:04.152,C3:00:00:63:4D:0D,-55,127,1.5,2.5,1.5
1783006744168,2026-07-02 17:39:04.168,C3:00:00:63:4D:04,-61,127,1.5,2.5,1.5
1783006744176,2026-07-02 17:39:04.176,C3:00:00:63:4D:0A,-52,127,1.5,2.5,1.5
1783006744191,2026-07-02 17:39:04.191,C3:00:00:63:4D:07,-59,127,1.5,2.5,1.5
1783006744202,2026-07-02 17:39:04.202,C3:00:00:63:4C:D2,-70,127,1.5,2.5,1.5
1783006744203,2026-07-02 17:39:04.203,C3:00:00:63:4D:05,-66,127,1.5,2.5,1.5
1783006744208,2026-07-02 17:39:04.208,C3:00:00:63:4D:08,-58,127,1.5,2.5,1.5
1783006744233,2026-07-02 17:39:04.233,C3:00:00:63:4D:0D,-60,127,1.5,2.5,1.5
1783006744252,2026-07-02 17:39:04.252,C3:00:00:63:4D:09,-63,127,1.5,2.5,1.5
1783006744268,2026-07-02 17:39:04.268,C3:00:00:63:4D:05,-58,127,1.5,2.5,1.5
1783006744280,2026-07-02 17:39:04.280,C3:00:00:63:4D:04,-56,127,1.5,2.5,1.5
1783006744284,2026-07-02 17:39:04.284,C3:00:00:63:4C:D2,-64,127,1.5,2.5,1.5
1783006744289,2026-07-02 17:39:04.289,C3:00:00:63:4D:07,-57,127,1.5,2.5,1.5
1783006744311,2026-07-02 17:39:04.311,C3:00:00:63:4D:08,-58,127,1.5,2.5,1.5
1783006744318,2026-07-02 17:39:04.318,C3:00:00:63:4D:05,-61,127,1.5,2.5,1.5
1783006744341,2026-07-02 17:39:04.341,C3:00:00:63:4D:0D,-54,127,1.5,2.5,1.5
1783006744393,2026-07-02 17:39:04.393,C3:00:00:63:4D:04,-62,127,1.5,2.5,1.5
1783006744399,2026-07-02 17:39:04.399,C3:00:00:63:4C:D2,-63,127,1.5,2.5,1.5
1783006744406,2026-07-02 17:39:04.406,C3:00:00:63:4D:0A,-59,127,1.5,2.5,1.5
1783006744423,2026-07-02 17:39:04.423,C3:00:00:63:4D:07,-60,127,1.5,2.5,1.5
1783006744438,2026-07-02 17:39:04.438,C3:00:00:63:4D:05,-66,127,1.5,2.5,1.5
1783006744444,2026-07-02 17:39:04.444,C3:00:00:63:4D:0D,-55,127,1.5,2.5,1.5
1783006744488,2026-07-02 17:39:04.488,C3:00:00:63:4D:09,-68,127,1.5,2.5,1.5
1783006744506,2026-07-02 17:39:04.506,C3:00:00:63:4D:04,-61,127,1.5,2.5,1.5
1783006744521,2026-07-02 17:39:04.521,C3:00:00:63:4C:D2,-69,127,1.5,2.5,1.5
1783006744530,2026-07-02 17:39:04.530,C3:00:00:63:4D:07,-56,127,1.5,2.5,1.5
1783006744535,2026-07-02 17:39:04.535,C3:00:00:63:4D:08,-58,127,1.5,2.5,1.5
1783006744602,2026-07-02 17:39:04.602,C3:00:00:63:4D:09,-63,127,1.5,2.5,1.5
1783006744615,2026-07-02 17:39:04.615,C3:00:00:63:4D:04,-56,127,1.5,2.5,1.5
1783006744625,2026-07-02 17:39:04.625,C3:00:00:63:4D:0A,-60,127,1.5,2.5,1.5
1783006744634,2026-07-02 17:39:04.634,C3:00:00:63:4C:D2,-63,127,1.5,2.5,1.5
1783006744645,2026-07-02 17:39:04.645,C3:00:00:63:4D:08,-54,127,1.5,2.5,1.5
1783006744717,2026-07-02 17:39:04.717,C3:00:00:63:4D:04,-61,127,1.5,2.5,1.5
1783006744721,2026-07-02 17:39:04.721,C3:00:00:63:4D:09,-69,127,1.5,2.5,1.5
1783006744761,2026-07-02 17:39:04.761,C3:00:00:63:4D:07,-60,127,1.5,2.5,1.5
1783006744767,2026-07-02 17:39:04.767,C3:00:00:63:4D:0D,-55,127,1.5,2.5,1.5
1783006744781,2026-07-02 17:39:04.781,C3:00:00:63:4D:05,-66,127,1.5,2.5,1.5
1783006744789,2026-07-02 17:39:04.789,C3:00:00:63:4D:09,-76,127,1.5,2.5,1.5
1783006744823,2026-07-02 17:39:04.823,C3:00:00:63:4D:09,-63,127,1.5,2.5,1.5
1783006744826,2026-07-02 17:39:04.826,C3:00:00:63:4D:04,-56,127,1.5,2.5,1.5
1783006744847,2026-07-02 17:39:04.847,C3:00:00:63:4D:0A,-56,127,1.5,2.5,1.5
1783006744857,2026-07-02 17:39:04.857,C3:00:00:63:4C:D2,-64,127,1.5,2.5,1.5
1783006744866,2026-07-02 17:39:04.866,C3:00:00:63:4D:08,-58,127,1.5,2.5,1.5
1783006744868,2026-07-02 17:39:04.868,C3:00:00:63:4D:0D,-60,127,1.5,2.5,1.5
1783006744872,2026-07-02 17:39:04.872,C3:00:00:63:4D:09,-63,127,1.5,2.5,1.5
1783006744875,2026-07-02 17:39:04.875,C3:00:00:63:4D:07,-56,127,1.5,2.5,1.5
1783006744885,2026-07-02 17:39:04.885,C3:00:00:63:4D:08,-59,127,1.5,2.5,1.5
1783006744897,2026-07-02 17:39:04.897,C3:00:00:63:4D:0A,-56,127,1.5,2.5,1.5
1783006744899,2026-07-02 17:39:04.899,C3:00:00:63:4D:05,-58,127,1.5,2.5,1.5
1783006744928,2026-07-02 17:39:04.928,C3:00:00:63:4D:04,-62,127,1.5,2.5,1.5
1783006744941,2026-07-02 17:39:04.941,C3:00:00:63:4D:09,-60,127,1.5,2.5,1.5
1783006744963,2026-07-02 17:39:04.963,C3:00:00:63:4D:0A,-60,127,1.5,2.5,1.5
1783006744966,2026-07-02 17:39:04.966,C3:00:00:63:4D:0D,-54,127,1.5,2.5,1.5
1783006744973,2026-07-02 17:39:04.973,C3:00:00:63:4D:08,-54,127,1.5,2.5,1.5
1783006744974,2026-07-02 17:39:04.974,C3:00:00:63:4C:D2,-63,127,1.5,2.5,1.5
1783006744992,2026-07-02 17:39:04.992,C3:00:00:63:4D:07,-54,127,1.5,2.5,1.5
1783006745040,2026-07-02 17:39:05.040,C3:00:00:63:4D:04,-61,127,1.5,2.5,1.5
1783006745053,2026-07-02 17:39:05.053,C3:00:00:63:4D:09,-68,127,1.5,2.5,1.5
1783006745074,2026-07-02 17:39:05.074,C3:00:00:63:4D:0D,-55,127,1.5,2.5,1.5
1783006745075,2026-07-02 17:39:05.075,C3:00:00:63:4D:0A,-50,127,1.5,2.5,1.5
1783006745090,2026-07-02 17:39:05.090,C3:00:00:63:4C:D2,-70,127,1.5,2.5,1.5
1783006745105,2026-07-02 17:39:05.105,C3:00:00:63:4D:05,-65,127,1.5,2.5,1.5
1783006745107,2026-07-02 17:39:05.107,C3:00:00:63:4D:07,-60,127,1.5,2.5,1.5
1783006745124,2026-07-02 17:39:05.124,C3:00:00:63:4D:05,-58,127,1.5,2.5,1.5
1783006745145,2026-07-02 17:39:05.145,C3:00:00:63:4D:05,-58,127,1.5,2.5,1.5
1783006745147,2026-07-02 17:39:05.147,C3:00:00:63:4D:04,-56,127,1.5,2.5,1.5
1783006745167,2026-07-02 17:39:05.167,C3:00:00:63:4D:0D,-60,127,1.5,2.5,1.5
1783006745172,2026-07-02 17:39:05.172,C3:00:00:63:4D:07,-56,127,1.5,2.5,1.5
1783006745183,2026-07-02 17:39:05.183,C3:00:00:63:4D:09,-63,127,1.5,2.5,1.5
1783006745184,2026-07-02 17:39:05.184,C3:00:00:63:4D:08,-58,127,1.5,2.5,1.5
1783006745196,2026-07-02 17:39:05.196,C3:00:00:63:4C:D2,-64,127,1.5,2.5,1.5
1783006745206,2026-07-02 17:39:05.206,C3:00:00:63:4D:0D,-60,127,1.5,2.5,1.5
1783006745239,2026-07-02 17:39:05.239,C3:00:00:63:4D:05,-61,127,1.5,2.5,1.5
1783006745269,2026-07-02 17:39:05.269,C3:00:00:63:4D:04,-62,127,1.5,2.5,1.5
1783006745289,2026-07-02 17:39:05.289,C3:00:00:63:4D:09,-59,127,1.5,2.5,1.5
1783006745292,2026-07-02 17:39:05.292,C3:00:00:63:4D:08,-54,127,1.5,2.5,1.5
1783006745338,2026-07-02 17:39:05.338,C3:00:00:63:4D:07,-60,127,1.5,2.5,1.5
1783006745351,2026-07-02 17:39:05.351,C3:00:00:63:4D:05,-67,127,1.5,2.5,1.5
1783006745375,2026-07-02 17:39:05.375,C3:00:00:63:4D:04,-61,127,1.5,2.5,1.5
1783006745393,2026-07-02 17:39:05.393,C3:00:00:63:4D:0D,-55,127,1.5,2.5,1.5
1783006745397,2026-07-02 17:39:05.397,C3:00:00:63:4D:07,-66,127,1.5,2.5,1.5
1783006745401,2026-07-02 17:39:05.401,C3:00:00:63:4D:09,-69,127,1.5,2.5,1.5
1783006745410,2026-07-02 17:39:05.410,C3:00:00:63:4D:08,-58,127,1.5,2.5,1.5
1783006745454,2026-07-02 17:39:05.454,C3:00:00:63:4D:07,-56,127,1.5,2.5,1.5
1783006745468,2026-07-02 17:39:05.468,C3:00:00:63:4D:05,-58,127,1.5,2.5,1.5
1783006745476,2026-07-02 17:39:05.476,C3:00:00:63:4D:09,-63,127,1.5,2.5,1.5
1783006745483,2026-07-02 17:39:05.483,C3:00:00:63:4D:0A,-56,127,1.5,2.5,1.5
1783006745486,2026-07-02 17:39:05.486,C3:00:00:63:4D:04,-56,127,1.5,2.5,1.5
1783006745493,2026-07-02 17:39:05.493,C3:00:00:63:4D:0D,-59,127,1.5,2.5,1.5
1783006745506,2026-07-02 17:39:05.506,C3:00:00:63:4D:09,-62,127,1.5,2.5,1.5
1783006745513,2026-07-02 17:39:05.513,C3:00:00:63:4D:08,-60,127,1.5,2.5,1.5
1783006745515,2026-07-02 17:39:05.515,C3:00:00:63:4C:D2,-63,127,1.5,2.5,1.5
1783006745532,2026-07-02 17:39:05.532,C3:00:00:63:4D:0A,-60,127,1.5,2.5,1.5
1783006745552,2026-07-02 17:39:05.552,C3:00:00:63:4C:D2,-62,127,1.5,2.5,1.5
1783006745569,2026-07-02 17:39:05.569,C3:00:00:63:4D:07,-54,127,1.5,2.5,1.5
1783006745589,2026-07-02 17:39:05.589,C3:00:00:63:4D:05,-62,127,1.5,2.5,1.5
1783006745594,2026-07-02 17:39:05.594,C3:00:00:63:4D:04,-62,127,1.5,2.5,1.5
1783006745608,2026-07-02 17:39:05.608,C3:00:00:63:4D:0D,-54,127,1.5,2.5,1.5
1783006745634,2026-07-02 17:39:05.634,C3:00:00:63:4D:08,-58,127,1.5,2.5,1.5
1783006745640,2026-07-02 17:39:05.640,C3:00:00:63:4D:09,-67,127,1.5,2.5,1.5
1783006745644,2026-07-02 17:39:05.644,C3:00:00:63:4D:0A,-52,127,1.5,2.5,1.5
1783006745665,2026-07-02 17:39:05.665,C3:00:00:63:4C:D2,-72,127,1.5,2.5,1.5
1783006745684,2026-07-02 17:39:05.684,C3:00:00:63:4D:07,-59,127,1.5,2.5,1.5
1783006745696,2026-07-02 17:39:05.696,C3:00:00:63:4D:05,-66,127,1.5,2.5,1.5
1783006745732,2026-07-02 17:39:05.732,C3:00:00:63:4D:08,-60,127,1.5,2.5,1.5
1783006745743,2026-07-02 17:39:05.743,C3:00:00:63:4D:09,-62,127,1.5,2.5,1.5
1783006745755,2026-07-02 17:39:05.755,C3:00:00:63:4D:0A,-56,127,1.5,2.5,1.5
1783006745780,2026-07-02 17:39:05.780,C3:00:00:63:4C:D2,-63,127,1.5,2.5,1.5
1783006745797,2026-07-02 17:39:05.797,C3:00:00:63:4D:07,-56,127,1.5,2.5,1.5
1783006745807,2026-07-02 17:39:05.807,C3:00:00:63:4D:04,-56,127,1.5,2.5,1.5
1783006745839,2026-07-02 17:39:05.839,C3:00:00:63:4D:08,-54,127,1.5,2.5,1.5
1783006745861,2026-07-02 17:39:05.861,C3:00:00:63:4D:09,-60,127,1.5,2.5,1.5
1783006745865,2026-07-02 17:39:05.865,C3:00:00:63:4D:0A,-61,127,1.5,2.5,1.5
1783006745891,2026-07-02 17:39:05.891,C3:00:00:63:4C:D2,-61,127,1.5,2.5,1.5
1783006745923,2026-07-02 17:39:05.923,C3:00:00:63:4D:04,-60,127,1.5,2.5,1.5
1783006745933,2026-07-02 17:39:05.933,C3:00:00:63:4D:08,-57,127,1.5,2.5,1.5
1783006745945,2026-07-02 17:39:05.945,C3:00:00:63:4D:05,-65,127,1.5,2.5,1.5
1783006745953,2026-07-02 17:39:05.953,C3:00:00:63:4D:04,-60,127,1.5,2.5,1.5
1783006745955,2026-07-02 17:39:05.955,C3:00:00:63:4D:0D,-55,127,1.5,2.5,1.5
1783006745961,2026-07-02 17:39:05.961,C3:00:00:63:4D:08,-58,127,1.5,2.5,1.5
1783006745963,2026-07-02 17:39:05.963,C3:00:00:63:4D:04,-61,127,1.5,2.5,1.5
1783006745968,2026-07-02 17:39:05.968,C3:00:00:63:4D:09,-63,127,1.5,2.5,1.5
1783006745974,2026-07-02 17:39:05.974,C3:00:00:63:4D:0A,-53,127,1.5,2.5,1.5
1783006746023,2026-07-02 17:39:06.023,C3:00:00:63:4D:04,-57,127,1.5,2.5,1.5
1783006746025,2026-07-02 17:39:06.025,C3:00:00:63:4D:0D,-60,127,1.5,2.5,1.5
1783006746030,2026-07-02 17:39:06.030,C3:00:00:63:4D:07,-58,127,1.5,2.5,1.5
1783006746033,2026-07-02 17:39:06.033,C3:00:00:63:4D:0A,-56,127,1.5,2.5,1.5
1783006746067,2026-07-02 17:39:06.067,C3:00:00:63:4D:08,-63,127,1.5,2.5,1.5
1783006746091,2026-07-02 17:39:06.091,C3:00:00:63:4D:09,-61,127,1.5,2.5,1.5
1783006746098,2026-07-02 17:39:06.098,C3:00:00:63:4D:0A,-56,127,1.5,2.5,1.5
1783006746127,2026-07-02 17:39:06.127,C3:00:00:63:4D:0D,-54,127,1.5,2.5,1.5
1783006746146,2026-07-02 17:39:06.146,C3:00:00:63:4D:07,-54,127,1.5,2.5,1.5
1783006746162,2026-07-02 17:39:06.162,C3:00:00:63:4D:05,-62,127,1.5,2.5,1.5
1783006746167,2026-07-02 17:39:06.167,C3:00:00:63:4D:08,-54,127,1.5,2.5,1.5
1783006746176,2026-07-02 17:39:06.176,C3:00:00:63:4C:D2,-62,127,1.5,2.5,1.5
1783006746192,2026-07-02 17:39:06.192,C3:00:00:63:4D:09,-60,127,1.5,2.5,1.5
1783006746206,2026-07-02 17:39:06.206,C3:00:00:63:4D:0A,-61,127,1.5,2.5,1.5
1783006746235,2026-07-02 17:39:06.235,C3:00:00:63:4D:0D,-54,127,1.5,2.5,1.5
1783006746248,2026-07-02 17:39:06.248,C3:00:00:63:4C:D2,-70,127,1.5,2.5,1.5
1783006746260,2026-07-02 17:39:06.260,C3:00:00:63:4D:04,-60,127,1.5,2.5,1.5
1783006746264,2026-07-02 17:39:06.264,C3:00:00:63:4D:07,-56,127,1.5,2.5,1.5
1783006746275,2026-07-02 17:39:06.275,C3:00:00:63:4D:05,-65,127,1.5,2.5,1.5
1783006746290,2026-07-02 17:39:06.290,C3:00:00:63:4D:05,-67,127,1.5,2.5,1.5
1783006746301,2026-07-02 17:39:06.301,C3:00:00:63:4D:07,-57,127,1.5,2.5,1.5
1783006746315,2026-07-02 17:39:06.315,C3:00:00:63:4D:09,-62,127,1.5,2.5,1.5
1783006746324,2026-07-02 17:39:06.324,C3:00:00:63:4D:0A,-56,127,1.5,2.5,1.5
1783006746328,2026-07-02 17:39:06.328,C3:00:00:63:4D:07,-58,127,1.5,2.5,1.5
1783006746332,2026-07-02 17:39:06.332,C3:00:00:63:4D:0D,-60,127,1.5,2.5,1.5
1783006746352,2026-07-02 17:39:06.352,C3:00:00:63:4C:D2,-67,127,1.5,2.5,1.5
1783006746356,2026-07-02 17:39:06.356,C3:00:00:63:4D:04,-57,127,1.5,2.5,1.5
1783006746369,2026-07-02 17:39:06.369,C3:00:00:63:4D:07,-58,127,1.5,2.5,1.5
1783006746389,2026-07-02 17:39:06.389,C3:00:00:63:4D:05,-58,127,1.5,2.5,1.5
1783006746393,2026-07-02 17:39:06.393,C3:00:00:63:4D:08,-63,127,1.5,2.5,1.5
1783006746443,2026-07-02 17:39:06.443,C3:00:00:63:4D:0D,-54,127,1.5,2.5,1.5
1783006746467,2026-07-02 17:39:06.467,C3:00:00:63:4D:04,-61,127,1.5,2.5,1.5
1783006746472,2026-07-02 17:39:06.472,C3:00:00:63:4C:D2,-62,127,1.5,2.5,1.5
1783006746484,2026-07-02 17:39:06.484,C3:00:00:63:4D:07,-54,127,1.5,2.5,1.5
1783006746488,2026-07-02 17:39:06.488,C3:00:00:63:4D:08,-54,127,1.5,2.5,1.5
1783006746492,2026-07-02 17:39:06.492,C3:00:00:63:4D:09,-60,127,1.5,2.5,1.5
1783006746498,2026-07-02 17:39:06.498,C3:00:00:63:4D:05,-62,127,1.5,2.5,1.5
1783006746538,2026-07-02 17:39:06.538,C3:00:00:63:4D:09,-66,127,1.5,2.5,1.5
1783006746548,2026-07-02 17:39:06.548,C3:00:00:63:4D:0D,-56,127,1.5,2.5,1.5
1783006746557,2026-07-02 17:39:06.557,C3:00:00:63:4D:0A,-52,127,1.5,2.5,1.5
1783006746574,2026-07-02 17:39:06.574,C3:00:00:63:4D:04,-61,127,1.5,2.5,1.5
1783006746624,2026-07-02 17:39:06.624,C3:00:00:63:4D:05,-58,127,1.5,2.5,1.5
1783006746652,2026-07-02 17:39:06.652,C3:00:00:63:4D:0D,-60,127,1.5,2.5,1.5
1783006746658,2026-07-02 17:39:06.658,C3:00:00:63:4D:09,-62,127,1.5,2.5,1.5
1783006746663,2026-07-02 17:39:06.663,C3:00:00:63:4D:0A,-56,127,1.5,2.5,1.5
1783006746687,2026-07-02 17:39:06.687,C3:00:00:63:4D:04,-57,127,1.5,2.5,1.5
1783006746708,2026-07-02 17:39:06.708,C3:00:00:63:4C:D2,-67,127,1.5,2.5,1.5
1783006746728,2026-07-02 17:39:06.728,C3:00:00:63:4D:07,-58,127,1.5,2.5,1.5
1783006746739,2026-07-02 17:39:06.739,C3:00:00:63:4D:05,-62,127,1.5,2.5,1.5
1783006746751,2026-07-02 17:39:06.751,C3:00:00:63:4D:08,-54,127,1.5,2.5,1.5
1783006746764,2026-07-02 17:39:06.764,C3:00:00:63:4D:0D,-54,127,1.5,2.5,1.5
1783006746775,2026-07-02 17:39:06.775,C3:00:00:63:4D:09,-60,127,1.5,2.5,1.5
1783006746777,2026-07-02 17:39:06.777,C3:00:00:63:4D:0A,-60,127,1.5,2.5,1.5
1783006746780,2026-07-02 17:39:06.780,C3:00:00:63:4D:04,-61,127,1.5,2.5,1.5
1783006746816,2026-07-02 17:39:06.816,C3:00:00:63:4C:D2,-70,127,1.5,2.5,1.5
1783006746831,2026-07-02 17:39:06.831,C3:00:00:63:4D:08,-57,127,1.5,2.5,1.5
1783006746833,2026-07-02 17:39:06.833,C3:00:00:63:4D:07,-56,127,1.5,2.5,1.5
1783006746856,2026-07-02 17:39:06.856,C3:00:00:63:4D:05,-67,127,1.5,2.5,1.5
1783006746862,2026-07-02 17:39:06.862,C3:00:00:63:4D:0D,-56,127,1.5,2.5,1.5
1783006746876,2026-07-02 17:39:06.876,C3:00:00:63:4D:09,-66,127,1.5,2.5,1.5
1783006746887,2026-07-02 17:39:06.887,C3:00:00:63:4D:0A,-52,127,1.5,2.5,1.5
1783006746900,2026-07-02 17:39:06.900,C3:00:00:63:4D:09,-65,127,1.5,2.5,1.5
1783006746908,2026-07-02 17:39:06.908,C3:00:00:63:4D:08,-57,127,1.5,2.5,1.5
1783006746914,2026-07-02 17:39:06.914,C3:00:00:63:4D:04,-62,127,1.5,2.5,1.5
1783006746923,2026-07-02 17:39:06.923,C3:00:00:63:4C:D2,-65,127,1.5,2.5,1.5
1783006746924,2026-07-02 17:39:06.924,C3:00:00:63:4D:08,-59,127,1.5,2.5,1.5
1783006746952,2026-07-02 17:39:06.952,C3:00:00:63:4D:07,-57,127,1.5,2.5,1.5
1783006746964,2026-07-02 17:39:06.964,C3:00:00:63:4D:05,-58,127,1.5,2.5,1.5
1783006746972,2026-07-02 17:39:06.972,C3:00:00:63:4D:0D,-58,127,1.5,2.5,1.5
1783006746998,2026-07-02 17:39:06.998,C3:00:00:63:4D:09,-62,127,1.5,2.5,1.5
1783006747006,2026-07-02 17:39:07.006,C3:00:00:63:4D:05,-65,127,1.5,2.5,1.5
1783006747013,2026-07-02 17:39:07.013,C3:00:00:63:4D:0A,-55,127,1.5,2.5,1.5
1783006747019,2026-07-02 17:39:07.019,C3:00:00:63:4D:04,-56,127,1.5,2.5,1.5
1783006747043,2026-07-02 17:39:07.043,C3:00:00:63:4C:D2,-62,127,1.5,2.5,1.5
1783006747048,2026-07-02 17:39:07.048,C3:00:00:63:4D:08,-55,127,1.5,2.5,1.5
1783006747055,2026-07-02 17:39:07.055,C3:00:00:63:4D:07,-54,127,1.5,2.5,1.5
1783006747068,2026-07-02 17:39:07.068,C3:00:00:63:4D:0D,-55,127,1.5,2.5,1.5
1783006747083,2026-07-02 17:39:07.083,C3:00:00:63:4D:05,-63,127,1.5,2.5,1.5
1783006747111,2026-07-02 17:39:07.111,C3:00:00:63:4D:09,-60,127,1.5,2.5,1.5
1783006747115,2026-07-02 17:39:07.115,C3:00:00:63:4D:0A,-52,127,1.5,2.5,1.5
1783006747146,2026-07-02 17:39:07.146,C3:00:00:63:4D:08,-58,127,1.5,2.5,1.5
1783006747164,2026-07-02 17:39:07.164,C3:00:00:63:4C:D2,-72,127,1.5,2.5,1.5
1783006747187,2026-07-02 17:39:07.187,C3:00:00:63:4D:07,-59,127,1.5,2.5,1.5
1783006747194,2026-07-02 17:39:07.194,C3:00:00:63:4D:05,-67,127,1.5,2.5,1.5
1783006747199,2026-07-02 17:39:07.199,C3:00:00:63:4D:0D,-56,127,1.5,2.5,1.5
1783006747208,2026-07-02 17:39:07.208,C3:00:00:63:4D:07,-59,127,1.5,2.5,1.5
1783006747209,2026-07-02 17:39:07.209,C3:00:00:63:4D:0D,-56,127,1.5,2.5,1.5
1783006747220,2026-07-02 17:39:07.220,C3:00:00:63:4D:09,-62,127,1.5,2.5,1.5
1783006747256,2026-07-02 17:39:07.256,C3:00:00:63:4D:08,-60,127,1.5,2.5,1.5
1783006747279,2026-07-02 17:39:07.279,C3:00:00:63:4C:D2,-64,127,1.5,2.5,1.5
1783006747285,2026-07-02 17:39:07.285,C3:00:00:63:4D:0D,-58,127,1.5,2.5,1.5
1783006747310,2026-07-02 17:39:07.310,C3:00:00:63:4D:05,-58,127,1.5,2.5,1.5
1783006747331,2026-07-02 17:39:07.331,C3:00:00:63:4D:0A,-61,127,1.5,2.5,1.5
1783006747340,2026-07-02 17:39:07.340,C3:00:00:63:4D:09,-60,127,1.5,2.5,1.5
1783006747389,2026-07-02 17:39:07.389,C3:00:00:63:4D:0D,-55,127,1.5,2.5,1.5
1783006747394,2026-07-02 17:39:07.394,C3:00:00:63:4C:D2,-62,127,1.5,2.5,1.5
1783006747408,2026-07-02 17:39:07.408,C3:00:00:63:4D:07,-54,127,1.5,2.5,1.5
1783006747425,2026-07-02 17:39:07.425,C3:00:00:63:4D:05,-67,127,1.5,2.5,1.5
1783006747442,2026-07-02 17:39:07.442,C3:00:00:63:4D:04,-62,127,1.5,2.5,1.5
1783006747458,2026-07-02 17:39:07.458,C3:00:00:63:4D:09,-65,127,1.5,2.5,1.5
1783006747461,2026-07-02 17:39:07.461,C3:00:00:63:4D:0A,-52,127,1.5,2.5,1.5
1783006747465,2026-07-02 17:39:07.465,C3:00:00:63:4D:04,-62,127,1.5,2.5,1.5
1783006747475,2026-07-02 17:39:07.475,C3:00:00:63:4D:08,-58,127,1.5,2.5,1.5
1783006747483,2026-07-02 17:39:07.483,C3:00:00:63:4D:0A,-52,127,1.5,2.5,1.5
1783006747489,2026-07-02 17:39:07.489,C3:00:00:63:4D:0D,-56,127,1.5,2.5,1.5
1783006747507,2026-07-02 17:39:07.507,C3:00:00:63:4C:D2,-71,127,1.5,2.5,1.5
1783006747522,2026-07-02 17:39:07.522,C3:00:00:63:4D:07,-56,127,1.5,2.5,1.5
1783006747542,2026-07-02 17:39:07.542,C3:00:00:63:4D:05,-58,127,1.5,2.5,1.5
1783006747555,2026-07-02 17:39:07.555,C3:00:00:63:4D:04,-57,127,1.5,2.5,1.5
1783006747561,2026-07-02 17:39:07.561,C3:00:00:63:4D:09,-62,127,1.5,2.5,1.5
1783006747564,2026-07-02 17:39:07.564,C3:00:00:63:4D:0A,-55,127,1.5,2.5,1.5
1783006747579,2026-07-02 17:39:07.579,C3:00:00:63:4D:04,-64,127,1.5,2.5,1.5
1783006747587,2026-07-02 17:39:07.587,C3:00:00:63:4D:08,-60,127,1.5,2.5,1.5
1783006747599,2026-07-02 17:39:07.599,C3:00:00:63:4D:0D,-58,127,1.5,2.5,1.5
1783006747618,2026-07-02 17:39:07.618,C3:00:00:63:4C:D2,-62,127,1.5,2.5,1.5
1783006747632,2026-07-02 17:39:07.632,C3:00:00:63:4D:07,-54,127,1.5,2.5,1.5
1783006747659,2026-07-02 17:39:07.659,C3:00:00:63:4D:05,-63,127,1.5,2.5,1.5
1783006747682,2026-07-02 17:39:07.682,C3:00:00:63:4D:0A,-61,127,1.5,2.5,1.5
1783006747690,2026-07-02 17:39:07.690,C3:00:00:63:4D:09,-60,127,1.5,2.5,1.5
1783006747697,2026-07-02 17:39:07.697,C3:00:00:63:4D:08,-55,127,1.5,2.5,1.5
1783006747700,2026-07-02 17:39:07.700,C3:00:00:63:4D:0D,-55,127,1.5,2.5,1.5
1783006747735,2026-07-02 17:39:07.735,C3:00:00:63:4C:D2,-71,127,1.5,2.5,1.5
1783006747759,2026-07-02 17:39:07.759,C3:00:00:63:4D:07,-59,127,1.5,2.5,1.5
1783006747789,2026-07-02 17:39:07.789,C3:00:00:63:4D:0A,-52,127,1.5,2.5,1.5
1783006747793,2026-07-02 17:39:07.793,C3:00:00:63:4D:09,-65,127,1.5,2.5,1.5
1783006747811,2026-07-02 17:39:07.811,C3:00:00:63:4D:08,-57,127,1.5,2.5,1.5
1783006747815,2026-07-02 17:39:07.815,C3:00:00:63:4D:0D,-56,127,1.5,2.5,1.5
1783006747850,2026-07-02 17:39:07.850,C3:00:00:63:4C:D2,-65,127,1.5,2.5,1.5
1783006747905,2026-07-02 17:39:07.905,C3:00:00:63:4D:0A,-56,127,1.5,2.5,1.5
1783006747914,2026-07-02 17:39:07.914,C3:00:00:63:4D:08,-60,127,1.5,2.5,1.5
1783006747925,2026-07-02 17:39:07.925,C3:00:00:63:4D:09,-63,127,1.5,2.5,1.5
1783006747927,2026-07-02 17:39:07.927,C3:00:00:63:4D:0D,-58,127,1.5,2.5,1.5
1783006747929,2026-07-02 17:39:07.929,C3:00:00:63:4D:08,-55,127,1.5,2.5,1.5
1783006747955,2026-07-02 17:39:07.955,C3:00:00:63:4D:04,-63,127,1.5,2.5,1.5
1783006747958,2026-07-02 17:39:07.958,C3:00:00:63:4C:D2,-63,127,1.5,2.5,1.5
1783006748006,2026-07-02 17:39:08.006,C3:00:00:63:4D:05,-63,127,1.5,2.5,1.5
1783006748027,2026-07-02 17:39:08.027,C3:00:00:63:4D:09,-66,127,1.5,2.5,1.5
1783006748032,2026-07-02 17:39:08.032,C3:00:00:63:4D:08,-58,127,1.5,2.5,1.5
1783006748040,2026-07-02 17:39:08.040,C3:00:00:63:4D:0A,-53,127,1.5,2.5,1.5
1783006748080,2026-07-02 17:39:08.080,C3:00:00:63:4C:D2,-72,127,1.5,2.5,1.5
1783006748090,2026-07-02 17:39:08.090,C3:00:00:63:4D:07,-60,127,1.5,2.5,1.5
1783006748099,2026-07-02 17:39:08.099,C3:00:00:63:4D:04,-62,127,1.5,2.5,1.5
1783006748137,2026-07-02 17:39:08.137,C3:00:00:63:4D:0D,-66,127,1.5,2.5,1.5
1783006748145,2026-07-02 17:39:08.145,C3:00:00:63:4D:0A,-63,127,1.5,2.5,1.5
1783006748198,2026-07-02 17:39:08.198,C3:00:00:63:4C:D2,-65,127,1.5,2.5,1.5
1783006748224,2026-07-02 17:39:08.224,C3:00:00:63:4C:D2,-63,127,1.5,2.5,1.5
1783006748229,2026-07-02 17:39:08.229,C3:00:00:63:4D:0D,-55,127,1.5,2.5,1.5
1783006748237,2026-07-02 17:39:08.237,C3:00:00:63:4D:05,-63,127,1.5,2.5,1.5
1783006748239,2026-07-02 17:39:08.239,C3:00:00:63:4D:08,-55,127,1.5,2.5,1.5
1783006748246,2026-07-02 17:39:08.246,C3:00:00:63:4D:0A,-62,127,1.5,2.5,1.5
1783006748254,2026-07-02 17:39:08.254,C3:00:00:63:4D:09,-60,127,1.5,2.5,1.5
1783006748300,2026-07-02 17:39:08.300,C3:00:00:63:4D:05,-63,127,1.5,2.5,1.5
1783006748307,2026-07-02 17:39:08.307,C3:00:00:63:4C:D2,-63,127,1.5,2.5,1.5
1783006748321,2026-07-02 17:39:08.321,C3:00:00:63:4D:04,-62,127,1.5,2.5,1.5
1783006748360,2026-07-02 17:39:08.360,C3:00:00:63:4D:0A,-53,127,1.5,2.5,1.5
1783006748371,2026-07-02 17:39:08.371,C3:00:00:63:4D:09,-66,127,1.5,2.5,1.5
1783006748424,2026-07-02 17:39:08.424,C3:00:00:63:4D:04,-57,127,1.5,2.5,1.5
1783006748427,2026-07-02 17:39:08.427,C3:00:00:63:4C:D2,-65,127,1.5,2.5,1.5
1783006748442,2026-07-02 17:39:08.442,C3:00:00:63:4D:07,-56,127,1.5,2.5,1.5
1783006748444,2026-07-02 17:39:08.444,C3:00:00:63:4D:0D,-58,127,1.5,2.5,1.5
1783006748458,2026-07-02 17:39:08.458,C3:00:00:63:4D:08,-60,127,1.5,2.5,1.5
1783006748577,2026-07-02 17:39:08.577,C3:00:00:63:4D:0A,-62,127,1.5,2.5,1.5
1783006748583,2026-07-02 17:39:08.583,C3:00:00:63:4D:05,-62,127,1.5,2.5,1.5
1783006748596,2026-07-02 17:39:08.596,C3:00:00:63:4D:09,-60,127,1.5,2.5,1.5
1783006748638,2026-07-02 17:39:08.638,C3:00:00:63:4C:D2,-79,127,1.5,2.5,1.5
1783006748644,2026-07-02 17:39:08.644,C3:00:00:63:4D:04,-61,127,1.5,2.5,1.5
1783006748657,2026-07-02 17:39:08.657,C3:00:00:63:4D:0D,-55,127,1.5,2.5,1.5
1783006748661,2026-07-02 17:39:08.661,C3:00:00:63:4C:D2,-71,127,1.5,2.5,1.5
1783006748673,2026-07-02 17:39:08.673,C3:00:00:63:4D:07,-57,127,1.5,2.5,1.5
1783006748706,2026-07-02 17:39:08.706,C3:00:00:63:4D:09,-63,127,1.5,2.5,1.5
1783006748789,2026-07-02 17:39:08.789,C3:00:00:63:4D:08,-60,127,1.5,2.5,1.5
1783006748796,2026-07-02 17:39:08.796,C3:00:00:63:4D:07,-56,127,1.5,2.5,1.5
1783006748809,2026-07-02 17:39:08.809,C3:00:00:63:4D:09,-70,127,1.5,2.5,1.5
1783006748812,2026-07-02 17:39:08.812,C3:00:00:63:4D:0A,-55,127,1.5,2.5,1.5
1783006748814,2026-07-02 17:39:08.814,C3:00:00:63:4D:05,-58,127,1.5,2.5,1.5
1783006748861,2026-07-02 17:39:08.861,C3:00:00:63:4D:0D,-55,127,1.5,2.5,1.5
1783006748867,2026-07-02 17:39:08.867,C3:00:00:63:4D:04,-63,127,1.5,2.5,1.5
1783006748876,2026-07-02 17:39:08.876,C3:00:00:63:4D:09,-60,127,1.5,2.5,1.5
1783006748886,2026-07-02 17:39:08.886,C3:00:00:63:4C:D2,-64,127,1.5,2.5,1.5
1783006748892,2026-07-02 17:39:08.892,C3:00:00:63:4D:08,-54,127,1.5,2.5,1.5
1783006748895,2026-07-02 17:39:08.895,C3:00:00:63:4D:07,-54,127,1.5,2.5,1.5
1783006748899,2026-07-02 17:39:08.899,C3:00:00:63:4D:0A,-64,127,1.5,2.5,1.5
1783006748914,2026-07-02 17:39:08.914,C3:00:00:63:4D:08,-58,127,1.5,2.5,1.5
1783006748920,2026-07-02 17:39:08.920,C3:00:00:63:4D:0A,-53,127,1.5,2.5,1.5
1783006748938,2026-07-02 17:39:08.938,C3:00:00:63:4D:09,-66,127,1.5,2.5,1.5
1783006748966,2026-07-02 17:39:08.966,C3:00:00:63:4D:0D,-57,127,1.5,2.5,1.5
1783006748978,2026-07-02 17:39:08.978,C3:00:00:63:4D:04,-63,127,1.5,2.5,1.5
1783006748997,2026-07-02 17:39:08.997,C3:00:00:63:4C:D2,-72,127,1.5,2.5,1.5
1783006749003,2026-07-02 17:39:09.003,C3:00:00:63:4D:08,-57,127,1.5,2.5,1.5
1783006749023,2026-07-02 17:39:09.023,C3:00:00:63:4D:07,-56,127,1.5,2.5,1.5
1783006749028,2026-07-02 17:39:09.028,C3:00:00:63:4D:0A,-55,127,1.5,2.5,1.5
1783006749036,2026-07-02 17:39:09.036,C3:00:00:63:4D:05,-58,127,1.5,2.5,1.5
1783006749053,2026-07-02 17:39:09.053,C3:00:00:63:4D:09,-62,127,1.5,2.5,1.5
1783006749062,2026-07-02 17:39:09.062,C3:00:00:63:4D:0D,-58,127,1.5,2.5,1.5
1783006749081,2026-07-02 17:39:09.081,C3:00:00:63:4D:04,-57,127,1.5,2.5,1.5
1783006749103,2026-07-02 17:39:09.103,C3:00:00:63:4D:05,-58,127,1.5,2.5,1.5
1783006749142,2026-07-02 17:39:09.142,C3:00:00:63:4D:07,-54,127,1.5,2.5,1.5
1783006749173,2026-07-02 17:39:09.173,C3:00:00:63:4D:0D,-55,127,1.5,2.5,1.5
1783006749178,2026-07-02 17:39:09.178,C3:00:00:63:4D:05,-62,127,1.5,2.5,1.5
1783006749187,2026-07-02 17:39:09.187,C3:00:00:63:4D:04,-63,127,1.5,2.5,1.5
1783006749196,2026-07-02 17:39:09.196,C3:00:00:63:4D:0D,-55,127,1.5,2.5,1.5
1783006749199,2026-07-02 17:39:09.199,C3:00:00:63:4D:07,-54,127,1.5,2.5,1.5
1783006749219,2026-07-02 17:39:09.219,C3:00:00:63:4D:0D,-57,127,1.5,2.5,1.5
1783006749225,2026-07-02 17:39:09.225,C3:00:00:63:4D:08,-57,127,1.5,2.5,1.5
1783006749229,2026-07-02 17:39:09.229,C3:00:00:63:4C:D2,-72,127,1.5,2.5,1.5
1783006749245,2026-07-02 17:39:09.245,C3:00:00:63:4D:07,-58,127,1.5,2.5,1.5
1783006749261,2026-07-02 17:39:09.261,C3:00:00:63:4D:0A,-53,127,1.5,2.5,1.5
1783006749282,2026-07-02 17:39:09.282,C3:00:00:63:4D:0D,-57,127,1.5,2.5,1.5
1783006749286,2026-07-02 17:39:09.286,C3:00:00:63:4D:09,-65,127,1.5,2.5,1.5
1783006749303,2026-07-02 17:39:09.303,C3:00:00:63:4D:04,-62,127,1.5,2.5,1.5
1783006749330,2026-07-02 17:39:09.330,C3:00:00:63:4D:08,-60,127,1.5,2.5,1.5
1783006749350,2026-07-02 17:39:09.350,C3:00:00:63:4C:D2,-65,127,1.5,2.5,1.5
1783006749361,2026-07-02 17:39:09.361,C3:00:00:63:4D:07,-56,127,1.5,2.5,1.5
1783006749379,2026-07-02 17:39:09.379,C3:00:00:63:4D:0D,-58,127,1.5,2.5,1.5
1783006749383,2026-07-02 17:39:09.383,C3:00:00:63:4D:05,-58,127,1.5,2.5,1.5
1783006749388,2026-07-02 17:39:09.388,C3:00:00:63:4D:09,-62,127,1.5,2.5,1.5
1783006749401,2026-07-02 17:39:09.401,C3:00:00:63:4D:07,-63,127,1.5,2.5,1.5
1783006749404,2026-07-02 17:39:09.404,C3:00:00:63:4D:04,-57,127,1.5,2.5,1.5
1783006749435,2026-07-02 17:39:09.435,C3:00:00:63:4D:08,-54,127,1.5,2.5,1.5
1783006749459,2026-07-02 17:39:09.459,C3:00:00:63:4C:D2,-64,127,1.5,2.5,1.5
1783006749484,2026-07-02 17:39:09.484,C3:00:00:63:4D:07,-54,127,1.5,2.5,1.5
1783006749493,2026-07-02 17:39:09.493,C3:00:00:63:4D:05,-62,127,1.5,2.5,1.5
1783006749498,2026-07-02 17:39:09.498,C3:00:00:63:4D:09,-60,127,1.5,2.5,1.5
1783006749519,2026-07-02 17:39:09.519,C3:00:00:63:4D:09,-65,127,1.5,2.5,1.5
1783006749527,2026-07-02 17:39:09.527,C3:00:00:63:4C:D2,-74,127,1.5,2.5,1.5
1783006749554,2026-07-02 17:39:09.554,C3:00:00:63:4D:08,-58,127,1.5,2.5,1.5
1783006749593,2026-07-02 17:39:09.593,C3:00:00:63:4D:07,-58,127,1.5,2.5,1.5
1783006749598,2026-07-02 17:39:09.598,C3:00:00:63:4D:0D,-56,127,1.5,2.5,1.5
1783006749604,2026-07-02 17:39:09.604,C3:00:00:63:4D:0A,-53,127,1.5,2.5,1.5
1783006749621,2026-07-02 17:39:09.621,C3:00:00:63:4D:05,-67,127,1.5,2.5,1.5
1783006749626,2026-07-02 17:39:09.626,C3:00:00:63:4D:09,-62,127,1.5,2.5,1.5
1783006749628,2026-07-02 17:39:09.628,C3:00:00:63:4D:04,-57,127,1.5,2.5,1.5
1783006749653,2026-07-02 17:39:09.653,C3:00:00:63:4D:08,-60,127,1.5,2.5,1.5
1783006749687,2026-07-02 17:39:09.687,C3:00:00:63:4C:D2,-65,127,1.5,2.5,1.5
1783006749704,2026-07-02 17:39:09.704,C3:00:00:63:4D:0D,-58,127,1.5,2.5,1.5
1783006749711,2026-07-02 17:39:09.711,C3:00:00:63:4D:07,-56,127,1.5,2.5,1.5
1783006749716,2026-07-02 17:39:09.716,C3:00:00:63:4D:0A,-55,127,1.5,2.5,1.5
1783006749731,2026-07-02 17:39:09.731,C3:00:00:63:4D:04,-63,127,1.5,2.5,1.5
1783006749734,2026-07-02 17:39:09.734,C3:00:00:63:4D:09,-60,127,1.5,2.5,1.5
1783006749771,2026-07-02 17:39:09.771,C3:00:00:63:4D:08,-54,127,1.5,2.5,1.5
1783006749807,2026-07-02 17:39:09.807,C3:00:00:63:4D:0D,-55,127,1.5,2.5,1.5
1783006749828,2026-07-02 17:39:09.828,C3:00:00:63:4D:0A,-53,127,1.5,2.5,1.5
1783006749849,2026-07-02 17:39:09.849,C3:00:00:63:4D:04,-63,127,1.5,2.5,1.5
1783006749854,2026-07-02 17:39:09.854,C3:00:00:63:4D:05,-67,127,1.5,2.5,1.5
1783006749857,2026-07-02 17:39:09.857,C3:00:00:63:4D:09,-66,127,1.5,2.5,1.5
1783006749872,2026-07-02 17:39:09.872,C3:00:00:63:4D:08,-58,127,1.5,2.5,1.5
1783006749920,2026-07-02 17:39:09.920,C3:00:00:63:4C:D2,-65,127,1.5,2.5,1.5
1783006749941,2026-07-02 17:39:09.941,C3:00:00:63:4D:08,-60,127,1.5,2.5,1.5
1783006749946,2026-07-02 17:39:09.946,C3:00:00:63:4D:07,-56,127,1.5,2.5,1.5
1783006749948,2026-07-02 17:39:09.948,C3:00:00:63:4D:0A,-55,127,1.5,2.5,1.5
1783006749950,2026-07-02 17:39:09.950,C3:00:00:63:4C:D2,-66,127,1.5,2.5,1.5
1783006749952,2026-07-02 17:39:09.952,C3:00:00:63:4D:0D,-58,127,1.5,2.5,1.5
1783006749954,2026-07-02 17:39:09.954,C3:00:00:63:4D:05,-57,127,1.5,2.5,1.5
1783006749973,2026-07-02 17:39:09.973,C3:00:00:63:4D:04,-57,127,1.5,2.5,1.5
1783006749986,2026-07-02 17:39:09.986,C3:00:00:63:4D:08,-60,127,1.5,2.5,1.5
1783006750002,2026-07-02 17:39:10.002,C3:00:00:63:4D:04,-57,127,1.5,2.5,1.5
1783006750023,2026-07-02 17:39:10.023,C3:00:00:63:4D:0D,-58,127,1.5,2.5,1.5
1783006750029,2026-07-02 17:39:10.029,C3:00:00:63:4C:D2,-64,127,1.5,2.5,1.5
1783006750043,2026-07-02 17:39:10.043,C3:00:00:63:4D:0A,-64,127,1.5,2.5,1.5
1783006750050,2026-07-02 17:39:10.050,C3:00:00:63:4D:07,-54,127,1.5,2.5,1.5
1783006750060,2026-07-02 17:39:10.060,C3:00:00:63:4D:04,-63,127,1.5,2.5,1.5
1783006750063,2026-07-02 17:39:10.063,C3:00:00:63:4D:0A,-63,127,1.5,2.5,1.5
1783006750072,2026-07-02 17:39:10.072,C3:00:00:63:4D:05,-62,127,1.5,2.5,1.5
1783006750076,2026-07-02 17:39:10.076,C3:00:00:63:4D:09,-60,127,1.5,2.5,1.5
1783006750089,2026-07-02 17:39:10.089,C3:00:00:63:4D:08,-54,127,1.5,2.5,1.5
1783006750111,2026-07-02 17:39:10.111,C3:00:00:63:4D:0D,-55,127,1.5,2.5,1.5
1783006750150,2026-07-02 17:39:10.150,C3:00:00:63:4C:D2,-72,127,1.5,2.5,1.5
1783006750163,2026-07-02 17:39:10.163,C3:00:00:63:4D:07,-58,127,1.5,2.5,1.5
1783006750170,2026-07-02 17:39:10.170,C3:00:00:63:4D:0A,-53,127,1.5,2.5,1.5
1783006750176,2026-07-02 17:39:10.176,C3:00:00:63:4D:04,-63,127,1.5,2.5,1.5
1783006750188,2026-07-02 17:39:10.188,C3:00:00:63:4D:09,-66,127,1.5,2.5,1.5
1783006750196,2026-07-02 17:39:10.196,C3:00:00:63:4D:05,-67,127,1.5,2.5,1.5
1783006750205,2026-07-02 17:39:10.205,C3:00:00:63:4D:08,-56,127,1.5,2.5,1.5
1783006750216,2026-07-02 17:39:10.216,C3:00:00:63:4D:0D,-58,127,1.5,2.5,1.5
1783006750276,2026-07-02 17:39:10.276,C3:00:00:63:4D:04,-57,127,1.5,2.5,1.5
1783006750281,2026-07-02 17:39:10.281,C3:00:00:63:4D:0A,-55,127,1.5,2.5,1.5
1783006750285,2026-07-02 17:39:10.285,C3:00:00:63:4D:07,-56,127,1.5,2.5,1.5
1783006750300,2026-07-02 17:39:10.300,C3:00:00:63:4D:05,-58,127,1.5,2.5,1.5
1783006750305,2026-07-02 17:39:10.305,C3:00:00:63:4D:09,-62,127,1.5,2.5,1.5
1783006750307,2026-07-02 17:39:10.307,C3:00:00:63:4D:07,-56,127,1.5,2.5,1.5
1783006750312,2026-07-02 17:39:10.312,C3:00:00:63:4D:05,-62,127,1.5,2.5,1.5
1783006750319,2026-07-02 17:39:10.319,C3:00:00:63:4D:0D,-55,127,1.5,2.5,1.5
1783006750386,2026-07-02 17:39:10.386,C3:00:00:63:4C:D2,-64,127,1.5,2.5,1.5
1783006750397,2026-07-02 17:39:10.397,C3:00:00:63:4D:04,-63,127,1.5,2.5,1.5
1783006750402,2026-07-02 17:39:10.402,C3:00:00:63:4D:07,-54,127,1.5,2.5,1.5
1783006750409,2026-07-02 17:39:10.409,C3:00:00:63:4D:0A,-63,127,1.5,2.5,1.5
1783006750423,2026-07-02 17:39:10.423,C3:00:00:63:4D:08,-57,127,1.5,2.5,1.5
1783006750497,2026-07-02 17:39:10.497,C3:00:00:63:4D:09,-66,127,1.5,2.5,1.5
1783006750502,2026-07-02 17:39:10.502,C3:00:00:63:4C:D2,-72,127,1.5,2.5,1.5
1783006750510,2026-07-02 17:39:10.510,C3:00:00:63:4D:04,-63,127,1.5,2.5,1.5
1783006750512,2026-07-02 17:39:10.512,C3:00:00:63:4D:0A,-52,127,1.5,2.5,1.5
1783006750513,2026-07-02 17:39:10.513,C3:00:00:63:4D:07,-58,127,1.5,2.5,1.5
1783006750527,2026-07-02 17:39:10.527,C3:00:00:63:4D:05,-58,127,1.5,2.5,1.5
1783006750608,2026-07-02 17:39:10.608,C3:00:00:63:4D:04,-57,127,1.5,2.5,1.5
1783006750615,2026-07-02 17:39:10.615,C3:00:00:63:4D:0A,-55,127,1.5,2.5,1.5
1783006750632,2026-07-02 17:39:10.632,C3:00:00:63:4D:07,-54,127,1.5,2.5,1.5
1783006750647,2026-07-02 17:39:10.647,C3:00:00:63:4D:09,-60,127,1.5,2.5,1.5
1783006750659,2026-07-02 17:39:10.659,C3:00:00:63:4D:05,-62,127,1.5,2.5,1.5
1783006750712,2026-07-02 17:39:10.712,C3:00:00:63:4D:04,-63,127,1.5,2.5,1.5
1783006750735,2026-07-02 17:39:10.735,C3:00:00:63:4D:0A,-52,127,1.5,2.5,1.5
1783006750741,2026-07-02 17:39:10.741,C3:00:00:63:4C:D2,-72,127,1.5,2.5,1.5
1783006750748,2026-07-02 17:39:10.748,C3:00:00:63:4D:07,-58,127,1.5,2.5,1.5
1783006750751,2026-07-02 17:39:10.751,C3:00:00:63:4D:08,-57,127,1.5,2.5,1.5
1783006750757,2026-07-02 17:39:10.757,C3:00:00:63:4D:09,-66,127,1.5,2.5,1.5
1783006750760,2026-07-02 17:39:10.760,C3:00:00:63:4D:08,-57,127,1.5,2.5,1.5
1783006750822,2026-07-02 17:39:10.822,C3:00:00:63:4D:04,-57,127,1.5,2.5,1.5
1783006750841,2026-07-02 17:39:10.841,C3:00:00:63:4C:D2,-65,127,1.5,2.5,1.5
1783006750847,2026-07-02 17:39:10.847,C3:00:00:63:4D:0D,-58,127,1.5,2.5,1.5
1783006750864,2026-07-02 17:39:10.864,C3:00:00:63:4D:08,-60,127,1.5,2.5,1.5
1783006750866,2026-07-02 17:39:10.866,C3:00:00:63:4D:07,-56,127,1.5,2.5,1.5
1783006750893,2026-07-02 17:39:10.893,C3:00:00:63:4D:09,-62,127,1.5,2.5,1.5
1783006750928,2026-07-02 17:39:10.928,C3:00:00:63:4D:04,-62,127,1.5,2.5,1.5
1783006750932,2026-07-02 17:39:10.932,C3:00:00:63:4D:08,-54,127,1.5,2.5,1.5
1783006750961,2026-07-02 17:39:10.961,C3:00:00:63:4D:0D,-55,127,1.5,2.5,1.5
1783006750991,2026-07-02 17:39:10.991,C3:00:00:63:4D:09,-60,127,1.5,2.5,1.5
1783006750996,2026-07-02 17:39:10.996,C3:00:00:63:4D:05,-63,127,1.5,2.5,1.5
1783006751011,2026-07-02 17:39:11.011,C3:00:00:63:4D:05,-75,127,1.5,2.5,1.5
1783006751039,2026-07-02 17:39:11.039,C3:00:00:63:4D:04,-61,127,1.5,2.5,1.5
1783006751065,2026-07-02 17:39:11.065,C3:00:00:63:4D:0D,-54,127,1.5,2.5,1.5
1783006751075,2026-07-02 17:39:11.075,C3:00:00:63:4D:08,-56,127,1.5,2.5,1.5
1783006751098,2026-07-02 17:39:11.098,C3:00:00:63:4D:07,-56,127,1.5,2.5,1.5
1783006751102,2026-07-02 17:39:11.102,C3:00:00:63:4D:09,-63,127,1.5,2.5,1.5
1783006751134,2026-07-02 17:39:11.134,C3:00:00:63:4D:05,-58,127,1.5,2.5,1.5
1783006751154,2026-07-02 17:39:11.154,C3:00:00:63:4D:04,-57,127,1.5,2.5,1.5
1783006751167,2026-07-02 17:39:11.167,C3:00:00:63:4D:0D,-59,127,1.5,2.5,1.5
1783006751178,2026-07-02 17:39:11.178,C3:00:00:63:4D:0A,-56,127,1.5,2.5,1.5
1783006751186,2026-07-02 17:39:11.186,C3:00:00:63:4D:0D,-60,127,1.5,2.5,1.5
1783006751200,2026-07-02 17:39:11.200,C3:00:00:63:4D:07,-58,127,1.5,2.5,1.5
1783006751209,2026-07-02 17:39:11.209,C3:00:00:63:4D:09,-62,127,1.5,2.5,1.5
1783006751220,2026-07-02 17:39:11.220,C3:00:00:63:4D:05,-62,127,1.5,2.5,1.5
1783006751224,2026-07-02 17:39:11.224,C3:00:00:63:4D:07,-54,127,1.5,2.5,1.5
1783006751228,2026-07-02 17:39:11.228,C3:00:00:63:4D:0D,-55,127,1.5,2.5,1.5
1783006751262,2026-07-02 17:39:11.262,C3:00:00:63:4D:04,-61,127,1.5,2.5,1.5
1783006751284,2026-07-02 17:39:11.284,C3:00:00:63:4D:0D,-54,127,1.5,2.5,1.5
1783006751293,2026-07-02 17:39:11.293,C3:00:00:63:4D:08,-54,127,1.5,2.5,1.5
1783006751301,2026-07-02 17:39:11.301,C3:00:00:63:4C:D2,-62,127,1.5,2.5,1.5
1783006751317,2026-07-02 17:39:11.317,C3:00:00:63:4D:07,-56,127,1.5,2.5,1.5
1783006751329,2026-07-02 17:39:11.329,C3:00:00:63:4D:09,-66,127,1.5,2.5,1.5
1783006751335,2026-07-02 17:39:11.335,C3:00:00:63:4D:05,-67,127,1.5,2.5,1.5
1783006751365,2026-07-02 17:39:11.365,C3:00:00:63:4D:04,-62,127,1.5,2.5,1.5
1783006751376,2026-07-02 17:39:11.376,C3:00:00:63:4D:0D,-56,127,1.5,2.5,1.5
1783006751403,2026-07-02 17:39:11.403,C3:00:00:63:4D:0A,-52,127,1.5,2.5,1.5
1783006751420,2026-07-02 17:39:11.420,C3:00:00:63:4C:D2,-64,127,1.5,2.5,1.5
1783006751437,2026-07-02 17:39:11.437,C3:00:00:63:4D:07,-56,127,1.5,2.5,1.5
1783006751446,2026-07-02 17:39:11.446,C3:00:00:63:4D:09,-63,127,1.5,2.5,1.5
1783006751452,2026-07-02 17:39:11.452,C3:00:00:63:4D:04,-57,127,1.5,2.5,1.5
1783006751457,2026-07-02 17:39:11.457,C3:00:00:63:4D:05,-58,127,1.5,2.5,1.5
1783006751474,2026-07-02 17:39:11.474,C3:00:00:63:4D:04,-57,127,1.5,2.5,1.5
1783006751498,2026-07-02 17:39:11.498,C3:00:00:63:4D:0A,-56,127,1.5,2.5,1.5
1783006751503,2026-07-02 17:39:11.503,C3:00:00:63:4D:09,-63,127,1.5,2.5,1.5
1783006751510,2026-07-02 17:39:11.510,C3:00:00:63:4D:08,-60,127,1.5,2.5,1.5
1783006751520,2026-07-02 17:39:11.520,C3:00:00:63:4D:0A,-61,127,1.5,2.5,1.5
1783006751534,2026-07-02 17:39:11.534,C3:00:00:63:4C:D2,-62,127,1.5,2.5,1.5
1783006751552,2026-07-02 17:39:11.552,C3:00:00:63:4D:07,-54,127,1.5,2.5,1.5
1783006751558,2026-07-02 17:39:11.558,C3:00:00:63:4D:09,-60,127,1.5,2.5,1.5
1783006751567,2026-07-02 17:39:11.567,C3:00:00:63:4D:05,-63,127,1.5,2.5,1.5
1783006751591,2026-07-02 17:39:11.591,C3:00:00:63:4D:04,-69,127,1.5,2.5,1.5
1783006751601,2026-07-02 17:39:11.601,C3:00:00:63:4D:0D,-55,127,1.5,2.5,1.5
1783006751609,2026-07-02 17:39:11.609,C3:00:00:63:4D:04,-62,127,1.5,2.5,1.5
1783006751619,2026-07-02 17:39:11.619,C3:00:00:63:4D:08,-58,127,1.5,2.5,1.5
1783006751648,2026-07-02 17:39:11.648,C3:00:00:63:4C:D2,-71,127,1.5,2.5,1.5
1783006751659,2026-07-02 17:39:11.659,C3:00:00:63:4D:07,-58,127,1.5,2.5,1.5
1783006751675,2026-07-02 17:39:11.675,C3:00:00:63:4D:09,-66,127,1.5,2.5,1.5
1783006751692,2026-07-02 17:39:11.692,C3:00:00:63:4D:05,-67,127,1.5,2.5,1.5
1783006751698,2026-07-02 17:39:11.698,C3:00:00:63:4D:0D,-56,127,1.5,2.5,1.5
1783006751708,2026-07-02 17:39:11.708,C3:00:00:63:4D:04,-62,127,1.5,2.5,1.5
1783006751744,2026-07-02 17:39:11.744,C3:00:00:63:4D:0A,-56,127,1.5,2.5,1.5
1783006751760,2026-07-02 17:39:11.760,C3:00:00:63:4C:D2,-67,127,1.5,2.5,1.5
1783006751778,2026-07-02 17:39:11.778,C3:00:00:63:4D:07,-58,127,1.5,2.5,1.5
1783006751792,2026-07-02 17:39:11.792,C3:00:00:63:4D:09,-62,127,1.5,2.5,1.5
1783006751795,2026-07-02 17:39:11.795,C3:00:00:63:4D:05,-58,127,1.5,2.5,1.5
1783006751797,2026-07-02 17:39:11.797,C3:00:00:63:4D:0D,-60,127,1.5,2.5,1.5
1783006751803,2026-07-02 17:39:11.803,C3:00:00:63:4D:04,-57,127,1.5,2.5,1.5
1783006751839,2026-07-02 17:39:11.839,C3:00:00:63:4D:08,-54,127,1.5,2.5,1.5
1783006751852,2026-07-02 17:39:11.852,C3:00:00:63:4D:0A,-60,127,1.5,2.5,1.5
1783006751883,2026-07-02 17:39:11.883,C3:00:00:63:4C:D2,-62,127,1.5,2.5,1.5
1783006751888,2026-07-02 17:39:11.888,C3:00:00:63:4D:07,-54,127,1.5,2.5,1.5
1783006751914,2026-07-02 17:39:11.914,C3:00:00:63:4D:04,-61,127,1.5,2.5,1.5
1783006751917,2026-07-02 17:39:11.917,C3:00:00:63:4D:05,-65,127,1.5,2.5,1.5
1783006751929,2026-07-02 17:39:11.929,C3:00:00:63:4D:08,-57,127,1.5,2.5,1.5
1783006751961,2026-07-02 17:39:11.961,C3:00:00:63:4D:04,-62,127,1.5,2.5,1.5
1783006751965,2026-07-02 17:39:11.965,C3:00:00:63:4D:0A,-52,127,1.5,2.5,1.5
1783006751993,2026-07-02 17:39:11.993,C3:00:00:63:4C:D2,-70,127,1.5,2.5,1.5
1783006752003,2026-07-02 17:39:12.003,C3:00:00:63:4D:0D,-54,127,1.5,2.5,1.5
1783006752017,2026-07-02 17:39:12.017,C3:00:00:63:4D:07,-56,127,1.5,2.5,1.5
1783006752019,2026-07-02 17:39:12.019,C3:00:00:63:4D:05,-58,127,1.5,2.5,1.5
1783006752041,2026-07-02 17:39:12.041,C3:00:00:63:4D:0A,-56,127,1.5,2.5,1.5
1783006752085,2026-07-02 17:39:12.085,C3:00:00:63:4D:0A,-56,127,1.5,2.5,1.5
1783006752111,2026-07-02 17:39:12.111,C3:00:00:63:4C:D2,-67,127,1.5,2.5,1.5
1783006752117,2026-07-02 17:39:12.117,C3:00:00:63:4D:0D,-60,127,1.5,2.5,1.5
1783006752120,2026-07-02 17:39:12.120,C3:00:00:63:4D:07,-53,127,1.5,2.5,1.5
1783006752136,2026-07-02 17:39:12.136,C3:00:00:63:4D:09,-60,127,1.5,2.5,1.5
1783006752142,2026-07-02 17:39:12.142,C3:00:00:63:4D:05,-62,127,1.5,2.5,1.5
1783006752148,2026-07-02 17:39:12.148,C3:00:00:63:4D:0D,-62,127,1.5,2.5,1.5
1783006752157,2026-07-02 17:39:12.157,C3:00:00:63:4D:0A,-68,127,1.5,2.5,1.5
1783006752159,2026-07-02 17:39:12.159,C3:00:00:63:4D:08,-54,127,1.5,2.5,1.5
1783006752196,2026-07-02 17:39:12.196,C3:00:00:63:4D:0A,-60,127,1.5,2.5,1.5
1783006752209,2026-07-02 17:39:12.209,C3:00:00:63:4C:D2,-62,127,1.5,2.5,1.5
1783006752231,2026-07-02 17:39:12.231,C3:00:00:63:4C:D2,-70,127,1.5,2.5,1.5
1783006752235,2026-07-02 17:39:12.235,C3:00:00:63:4D:09,-63,127,1.5,2.5,1.5
1783006752244,2026-07-02 17:39:12.244,C3:00:00:63:4D:07,-56,127,1.5,2.5,1.5
1783006752257,2026-07-02 17:39:12.257,C3:00:00:63:4D:05,-65,127,1.5,2.5,1.5
1783006752272,2026-07-02 17:39:12.272,C3:00:00:63:4D:08,-57,127,1.5,2.5,1.5
1783006752319,2026-07-02 17:39:12.319,C3:00:00:63:4D:07,-57,127,1.5,2.5,1.5
1783006752322,2026-07-02 17:39:12.322,C3:00:00:63:4D:0D,-58,127,1.5,2.5,1.5
1783006752338,2026-07-02 17:39:12.338,C3:00:00:63:4C:D2,-64,127,1.5,2.5,1.5
1783006752355,2026-07-02 17:39:12.355,C3:00:00:63:4D:04,-57,127,1.5,2.5,1.5
1783006752357,2026-07-02 17:39:12.357,C3:00:00:63:4D:09,-63,127,1.5,2.5,1.5
1783006752361,2026-07-02 17:39:12.361,C3:00:00:63:4D:07,-56,127,1.5,2.5,1.5
1783006752370,2026-07-02 17:39:12.370,C3:00:00:63:4D:05,-58,127,1.5,2.5,1.5
1783006752383,2026-07-02 17:39:12.383,C3:00:00:63:4D:08,-60,127,1.5,2.5,1.5
1783006752419,2026-07-02 17:39:12.419,C3:00:00:63:4D:0A,-61,127,1.5,2.5,1.5
1783006752425,2026-07-02 17:39:12.425,C3:00:00:63:4D:0D,-55,127,1.5,2.5,1.5
1783006752445,2026-07-02 17:39:12.445,C3:00:00:63:4C:D2,-63,127,1.5,2.5,1.5
1783006752464,2026-07-02 17:39:12.464,C3:00:00:63:4D:07,-54,127,1.5,2.5,1.5
1783006752472,2026-07-02 17:39:12.472,C3:00:00:63:4D:09,-60,127,1.5,2.5,1.5
1783006752533,2026-07-02 17:39:12.533,C3:00:00:63:4D:0A,-52,127,1.5,2.5,1.5
1783006752539,2026-07-02 17:39:12.539,C3:00:00:63:4D:0D,-56,127,1.5,2.5,1.5
1783006752563,2026-07-02 17:39:12.563,C3:00:00:63:4D:04,-62,127,1.5,2.5,1.5
1783006752579,2026-07-02 17:39:12.579,C3:00:00:63:4D:09,-66,127,1.5,2.5,1.5
1783006752585,2026-07-02 17:39:12.585,C3:00:00:63:4D:07,-58,127,1.5,2.5,1.5
1783006752603,2026-07-02 17:39:12.603,C3:00:00:63:4D:05,-67,127,1.5,2.5,1.5
1783006752639,2026-07-02 17:39:12.639,C3:00:00:63:4D:0D,-58,127,1.5,2.5,1.5
1783006752649,2026-07-02 17:39:12.649,C3:00:00:63:4D:0A,-56,127,1.5,2.5,1.5
1783006752652,2026-07-02 17:39:12.652,C3:00:00:63:4C:D2,-72,127,1.5,2.5,1.5
1783006752679,2026-07-02 17:39:12.679,C3:00:00:63:4D:04,-57,127,1.5,2.5,1.5
1783006752686,2026-07-02 17:39:12.686,C3:00:00:63:4C:D2,-64,127,1.5,2.5,1.5
1783006752702,2026-07-02 17:39:12.702,C3:00:00:63:4D:07,-56,127,1.5,2.5,1.5
1783006752705,2026-07-02 17:39:12.705,C3:00:00:63:4D:09,-63,127,1.5,2.5,1.5
1783006752710,2026-07-02 17:39:12.710,C3:00:00:63:4D:08,-62,127,1.5,2.5,1.5
1783006752713,2026-07-02 17:39:12.713,C3:00:00:63:4D:05,-58,127,1.5,2.5,1.5
1783006752736,2026-07-02 17:39:12.736,C3:00:00:63:4D:0D,-54,127,1.5,2.5,1.5
1783006752764,2026-07-02 17:39:12.764,C3:00:00:63:4D:0A,-60,127,1.5,2.5,1.5
1783006752789,2026-07-02 17:39:12.789,C3:00:00:63:4D:04,-61,127,1.5,2.5,1.5
1783006752820,2026-07-02 17:39:12.820,C3:00:00:63:4D:07,-54,127,1.5,2.5,1.5
1783006752827,2026-07-02 17:39:12.827,C3:00:00:63:4D:08,-56,127,1.5,2.5,1.5
1783006752832,2026-07-02 17:39:12.832,C3:00:00:63:4D:09,-63,127,1.5,2.5,1.5
1783006752845,2026-07-02 17:39:12.845,C3:00:00:63:4D:05,-65,127,1.5,2.5,1.5
1783006752847,2026-07-02 17:39:12.847,C3:00:00:63:4D:0D,-54,127,1.5,2.5,1.5
1783006752876,2026-07-02 17:39:12.876,C3:00:00:63:4D:0A,-52,127,1.5,2.5,1.5
1783006752880,2026-07-02 17:39:12.880,C3:00:00:63:4D:09,-63,127,1.5,2.5,1.5
1783006752891,2026-07-02 17:39:12.891,C3:00:00:63:4D:04,-61,127,1.5,2.5,1.5
1783006752909,2026-07-02 17:39:12.909,C3:00:00:63:4D:0A,-52,127,1.5,2.5,1.5
1783006752924,2026-07-02 17:39:12.924,C3:00:00:63:4D:07,-56,127,1.5,2.5,1.5
1783006752949,2026-07-02 17:39:12.949,C3:00:00:63:4D:0D,-58,127,1.5,2.5,1.5
1783006752954,2026-07-02 17:39:12.954,C3:00:00:63:4D:05,-58,127,1.5,2.5,1.5
1783006753025,2026-07-02 17:39:13.025,C3:00:00:63:4C:D2,-62,127,1.5,2.5,1.5
1783006753036,2026-07-02 17:39:13.036,C3:00:00:63:4D:08,-54,127,1.5,2.5,1.5
1783006753051,2026-07-02 17:39:13.051,C3:00:00:63:4D:09,-60,127,1.5,2.5,1.5
1783006753054,2026-07-02 17:39:13.054,C3:00:00:63:4D:07,-54,127,1.5,2.5,1.5
1783006753063,2026-07-02 17:39:13.063,C3:00:00:63:4D:05,-62,127,1.5,2.5,1.5
1783006753070,2026-07-02 17:39:13.070,C3:00:00:63:4D:0D,-54,127,1.5,2.5,1.5
1783006753101,2026-07-02 17:39:13.101,C3:00:00:63:4D:0A,-60,127,1.5,2.5,1.5
1783006753104,2026-07-02 17:39:13.104,C3:00:00:63:4D:05,-62,127,1.5,2.5,1.5
1783006753114,2026-07-02 17:39:13.114,C3:00:00:63:4D:04,-61,127,1.5,2.5,1.5
1783006753144,2026-07-02 17:39:13.144,C3:00:00:63:4C:D2,-70,127,1.5,2.5,1.5
1783006753158,2026-07-02 17:39:13.158,C3:00:00:63:4D:09,-63,127,1.5,2.5,1.5
1783006753162,2026-07-02 17:39:13.162,C3:00:00:63:4D:07,-56,127,1.5,2.5,1.5
1783006753166,2026-07-02 17:39:13.166,C3:00:00:63:4D:0D,-54,127,1.5,2.5,1.5
1783006753173,2026-07-02 17:39:13.173,C3:00:00:63:4D:05,-67,127,1.5,2.5,1.5
1783006753185,2026-07-02 17:39:13.185,C3:00:00:63:4D:05,-65,127,1.5,2.5,1.5
1783006753192,2026-07-02 17:39:13.192,C3:00:00:63:4D:0D,-55,127,1.5,2.5,1.5
1783006753240,2026-07-02 17:39:13.240,C3:00:00:63:4D:0D,-60,127,1.5,2.5,1.5
1783006753249,2026-07-02 17:39:13.249,C3:00:00:63:4D:08,-60,127,1.5,2.5,1.5
1783006753263,2026-07-02 17:39:13.263,C3:00:00:63:4C:D2,-64,127,1.5,2.5,1.5
1783006753271,2026-07-02 17:39:13.271,C3:00:00:63:4D:09,-63,127,1.5,2.5,1.5
1783006753274,2026-07-02 17:39:13.274,C3:00:00:63:4D:0D,-58,127,1.5,2.5,1.5
1783006753284,2026-07-02 17:39:13.284,C3:00:00:63:4D:07,-56,127,1.5,2.5,1.5
1783006753286,2026-07-02 17:39:13.286,C3:00:00:63:4D:05,-58,127,1.5,2.5,1.5
1783006753330,2026-07-02 17:39:13.330,C3:00:00:63:4D:04,-61,127,1.5,2.5,1.5
1783006753369,2026-07-02 17:39:13.369,C3:00:00:63:4D:08,-54,127,1.5,2.5,1.5
1783006753374,2026-07-02 17:39:13.374,C3:00:00:63:4D:0D,-54,127,1.5,2.5,1.5
1783006753377,2026-07-02 17:39:13.377,C3:00:00:63:4C:D2,-62,127,1.5,2.5,1.5
1783006753383,2026-07-02 17:39:13.383,C3:00:00:63:4D:09,-60,127,1.5,2.5,1.5
1783006753397,2026-07-02 17:39:13.397,C3:00:00:63:4D:07,-54,127,1.5,2.5,1.5
1783006753435,2026-07-02 17:39:13.435,C3:00:00:63:4D:04,-61,127,1.5,2.5,1.5
1783006753440,2026-07-02 17:39:13.440,C3:00:00:63:4D:0A,-53,127,1.5,2.5,1.5
1783006753477,2026-07-02 17:39:13.477,C3:00:00:63:4D:08,-57,127,1.5,2.5,1.5
1783006753482,2026-07-02 17:39:13.482,C3:00:00:63:4D:0D,-54,127,1.5,2.5,1.5
1783006753490,2026-07-02 17:39:13.490,C3:00:00:63:4C:D2,-70,127,1.5,2.5,1.5
1783006753499,2026-07-02 17:39:13.499,C3:00:00:63:4D:09,-63,127,1.5,2.5,1.5
1783006753512,2026-07-02 17:39:13.512,C3:00:00:63:4D:09,-62,127,1.5,2.5,1.5
1783006753516,2026-07-02 17:39:13.516,C3:00:00:63:4D:05,-58,127,1.5,2.5,1.5
1783006753537,2026-07-02 17:39:13.537,C3:00:00:63:4C:D2,-67,127,1.5,2.5,1.5
1783006753578,2026-07-02 17:39:13.578,C3:00:00:63:4D:08,-60,127,1.5,2.5,1.5
1783006753583,2026-07-02 17:39:13.583,C3:00:00:63:4D:0D,-58,127,1.5,2.5,1.5
1783006753605,2026-07-02 17:39:13.605,C3:00:00:63:4C:D2,-65,127,1.5,2.5,1.5
1783006753613,2026-07-02 17:39:13.613,C3:00:00:63:4D:09,-63,127,1.5,2.5,1.5
1783006753619,2026-07-02 17:39:13.619,C3:00:00:63:4D:07,-54,127,1.5,2.5,1.5
1783006753631,2026-07-02 17:39:13.631,C3:00:00:63:4D:05,-63,127,1.5,2.5,1.5
1783006753658,2026-07-02 17:39:13.658,C3:00:00:63:4D:04,-62,127,1.5,2.5,1.5
1783006753664,2026-07-02 17:39:13.664,C3:00:00:63:4D:0A,-61,127,1.5,2.5,1.5
1783006753690,2026-07-02 17:39:13.690,C3:00:00:63:4D:0D,-55,127,1.5,2.5,1.5
1783006753698,2026-07-02 17:39:13.698,C3:00:00:63:4D:08,-55,127,1.5,2.5,1.5
1783006753720,2026-07-02 17:39:13.720,C3:00:00:63:4C:D2,-71,127,1.5,2.5,1.5
1783006753740,2026-07-02 17:39:13.740,C3:00:00:63:4D:09,-66,127,1.5,2.5,1.5
1783006753743,2026-07-02 17:39:13.743,C3:00:00:63:4D:07,-58,127,1.5,2.5,1.5
1783006753758,2026-07-02 17:39:13.758,C3:00:00:63:4D:05,-67,127,1.5,2.5,1.5
1783006753775,2026-07-02 17:39:13.775,C3:00:00:63:4D:04,-62,127,1.5,2.5,1.5
1783006753786,2026-07-02 17:39:13.786,C3:00:00:63:4D:0A,-52,127,1.5,2.5,1.5
1783006753794,2026-07-02 17:39:13.794,C3:00:00:63:4D:0D,-56,127,1.5,2.5,1.5
1783006753835,2026-07-02 17:39:13.835,C3:00:00:63:4C:D2,-65,127,1.5,2.5,1.5
1783006753842,2026-07-02 17:39:13.842,C3:00:00:63:4D:09,-63,127,1.5,2.5,1.5
1783006753847,2026-07-02 17:39:13.847,C3:00:00:63:4D:07,-56,127,1.5,2.5,1.5
1783006753861,2026-07-02 17:39:13.861,C3:00:00:63:4D:05,-58,127,1.5,2.5,1.5
1783006753878,2026-07-02 17:39:13.878,C3:00:00:63:4D:04,-57,127,1.5,2.5,1.5
1783006753889,2026-07-02 17:39:13.889,C3:00:00:63:4D:0A,-56,127,1.5,2.5,1.5
1783006753891,2026-07-02 17:39:13.891,C3:00:00:63:4D:0D,-58,127,1.5,2.5,1.5
1783006753905,2026-07-02 17:39:13.905,C3:00:00:63:4D:08,-60,127,1.5,2.5,1.5
1783006753935,2026-07-02 17:39:13.935,C3:00:00:63:4D:08,-54,127,1.5,2.5,1.5
1783006753950,2026-07-02 17:39:13.950,C3:00:00:63:4C:D2,-62,127,1.5,2.5,1.5
1783006753958,2026-07-02 17:39:13.958,C3:00:00:63:4D:0D,-55,127,1.5,2.5,1.5
1783006753967,2026-07-02 17:39:13.967,C3:00:00:63:4D:09,-60,127,1.5,2.5,1.5
1783006753972,2026-07-02 17:39:13.972,C3:00:00:63:4D:07,-54,127,1.5,2.5,1.5
1783006753976,2026-07-02 17:39:13.976,C3:00:00:63:4D:04,-63,127,1.5,2.5,1.5
1783006753978,2026-07-02 17:39:13.978,C3:00:00:63:4C:D2,-63,127,1.5,2.5,1.5
1783006753983,2026-07-02 17:39:13.983,C3:00:00:63:4D:05,-63,127,1.5,2.5,1.5
1783006753995,2026-07-02 17:39:13.995,C3:00:00:63:4D:0D,-55,127,1.5,2.5,1.5
1783006753996,2026-07-02 17:39:13.996,C3:00:00:63:4D:04,-62,127,1.5,2.5,1.5
1783006754004,2026-07-02 17:39:14.004,C3:00:00:63:4D:0A,-61,127,1.5,2.5,1.5
1783006754023,2026-07-02 17:39:14.023,C3:00:00:63:4D:08,-58,127,1.5,2.5,1.5
1783006754053,2026-07-02 17:39:14.053,C3:00:00:63:4D:0A,-52,127,1.5,2.5,1.5
1783006754071,2026-07-02 17:39:14.071,C3:00:00:63:4D:09,-66,127,1.5,2.5,1.5
1783006754095,2026-07-02 17:39:14.095,C3:00:00:63:4D:07,-58,127,1.5,2.5,1.5
1783006754109,2026-07-02 17:39:14.109,C3:00:00:63:4D:05,-67,127,1.5,2.5,1.5
1783006754113,2026-07-02 17:39:14.113,C3:00:00:63:4D:0D,-56,127,1.5,2.5,1.5
1783006754127,2026-07-02 17:39:14.127,C3:00:00:63:4D:08,-60,127,1.5,2.5,1.5
1783006754180,2026-07-02 17:39:14.180,C3:00:00:63:4C:D2,-65,127,1.5,2.5,1.5
1783006754182,2026-07-02 17:39:14.182,C3:00:00:63:4D:09,-63,127,1.5,2.5,1.5
1783006754192,2026-07-02 17:39:14.192,C3:00:00:63:4D:07,-56,127,1.5,2.5,1.5
1783006754206,2026-07-02 17:39:14.206,C3:00:00:63:4D:04,-57,127,1.5,2.5,1.5
1783006754212,2026-07-02 17:39:14.212,C3:00:00:63:4D:0D,-58,127,1.5,2.5,1.5
1783006754214,2026-07-02 17:39:14.214,C3:00:00:63:4D:05,-58,127,1.5,2.5,1.5
1783006754216,2026-07-02 17:39:14.216,C3:00:00:63:4C:D2,-62,127,1.5,2.5,1.5
1783006754230,2026-07-02 17:39:14.230,C3:00:00:63:4D:0A,-61,127,1.5,2.5,1.5
1783006754232,2026-07-02 17:39:14.232,C3:00:00:63:4D:08,-55,127,1.5,2.5,1.5
1783006754303,2026-07-02 17:39:14.303,C3:00:00:63:4D:09,-60,127,1.5,2.5,1.5
1783006754311,2026-07-02 17:39:14.311,C3:00:00:63:4D:07,-54,127,1.5,2.5,1.5
1783006754318,2026-07-02 17:39:14.318,C3:00:00:63:4D:04,-62,127,1.5,2.5,1.5
1783006754328,2026-07-02 17:39:14.328,C3:00:00:63:4D:0D,-56,127,1.5,2.5,1.5
1783006754331,2026-07-02 17:39:14.331,C3:00:00:63:4D:07,-58,127,1.5,2.5,1.5
1783006754335,2026-07-02 17:39:14.335,C3:00:00:63:4D:05,-67,127,1.5,2.5,1.5
1783006754339,2026-07-02 17:39:14.339,C3:00:00:63:4D:0A,-52,127,1.5,2.5,1.5
1783006754345,2026-07-02 17:39:14.345,C3:00:00:63:4D:08,-58,127,1.5,2.5,1.5
1783006754346,2026-07-02 17:39:14.346,C3:00:00:63:4D:07,-59,127,1.5,2.5,1.5
1783006754348,2026-07-02 17:39:14.348,C3:00:00:63:4D:05,-67,127,1.5,2.5,1.5
1783006754406,2026-07-02 17:39:14.406,C3:00:00:63:4C:D2,-71,127,1.5,2.5,1.5
1783006754412,2026-07-02 17:39:14.412,C3:00:00:63:4D:09,-66,127,1.5,2.5,1.5
1783006754422,2026-07-02 17:39:14.422,C3:00:00:63:4D:04,-57,127,1.5,2.5,1.5
1783006754426,2026-07-02 17:39:14.426,C3:00:00:63:4D:0D,-58,127,1.5,2.5,1.5
1783006754439,2026-07-02 17:39:14.439,C3:00:00:63:4D:05,-58,127,1.5,2.5,1.5
1783006754456,2026-07-02 17:39:14.456,C3:00:00:63:4D:08,-60,127,1.5,2.5,1.5
1783006754460,2026-07-02 17:39:14.460,C3:00:00:63:4D:0A,-56,127,1.5,2.5,1.5
1783006754500,2026-07-02 17:39:14.500,C3:00:00:63:4D:09,-63,127,1.5,2.5,1.5
1783006754523,2026-07-02 17:39:14.523,C3:00:00:63:4D:09,-60,127,1.5,2.5,1.5
1783006754530,2026-07-02 17:39:14.530,C3:00:00:63:4C:D2,-62,127,1.5,2.5,1.5
1783006754537,2026-07-02 17:39:14.537,C3:00:00:63:4D:0D,-56,127,1.5,2.5,1.5
1783006754543,2026-07-02 17:39:14.543,C3:00:00:63:4D:07,-54,127,1.5,2.5,1.5
1783006754558,2026-07-02 17:39:14.558,C3:00:00:63:4D:05,-63,127,1.5,2.5,1.5
1783006754561,2026-07-02 17:39:14.561,C3:00:00:63:4D:08,-54,127,1.5,2.5,1.5
1783006754565,2026-07-02 17:39:14.565,C3:00:00:63:4D:0A,-61,127,1.5,2.5,1.5
1783006754633,2026-07-02 17:39:14.633,C3:00:00:63:4D:0D,-56,127,1.5,2.5,1.5
1783006754639,2026-07-02 17:39:14.639,C3:00:00:63:4D:09,-66,127,1.5,2.5,1.5
1783006754660,2026-07-02 17:39:14.660,C3:00:00:63:4D:07,-59,127,1.5,2.5,1.5
1783006754667,2026-07-02 17:39:14.667,C3:00:00:63:4D:05,-67,127,1.5,2.5,1.5
1783006754674,2026-07-02 17:39:14.674,C3:00:00:63:4D:08,-58,127,1.5,2.5,1.5
1783006754682,2026-07-02 17:39:14.682,C3:00:00:63:4D:0A,-52,127,1.5,2.5,1.5
1783006754739,2026-07-02 17:39:14.739,C3:00:00:63:4D:0D,-58,127,1.5,2.5,1.5
1783006754747,2026-07-02 17:39:14.747,C3:00:00:63:4D:04,-57,127,1.5,2.5,1.5
1783006754751,2026-07-02 17:39:14.751,C3:00:00:63:4D:08,-60,127,1.5,2.5,1.5
1783006754761,2026-07-02 17:39:14.761,C3:00:00:63:4C:D2,-64,127,1.5,2.5,1.5
1783006754766,2026-07-02 17:39:14.766,C3:00:00:63:4D:09,-63,127,1.5,2.5,1.5
1783006754768,2026-07-02 17:39:14.768,C3:00:00:63:4D:08,-68,127,1.5,2.5,1.5
1783006754770,2026-07-02 17:39:14.770,C3:00:00:63:4D:07,-56,127,1.5,2.5,1.5
1783006754790,2026-07-02 17:39:14.790,C3:00:00:63:4D:05,-58,127,1.5,2.5,1.5
1783006754794,2026-07-02 17:39:14.794,C3:00:00:63:4D:08,-60,127,1.5,2.5,1.5
1783006754798,2026-07-02 17:39:14.798,C3:00:00:63:4D:0A,-55,127,1.5,2.5,1.5
1783006754843,2026-07-02 17:39:14.843,C3:00:00:63:4D:0D,-55,127,1.5,2.5,1.5
1783006754856,2026-07-02 17:39:14.856,C3:00:00:63:4D:04,-62,127,1.5,2.5,1.5
1783006754859,2026-07-02 17:39:14.859,C3:00:00:63:4D:09,-60,127,1.5,2.5,1.5
1783006754866,2026-07-02 17:39:14.866,C3:00:00:63:4C:D2,-63,127,1.5,2.5,1.5
1783006754880,2026-07-02 17:39:14.880,C3:00:00:63:4D:07,-54,127,1.5,2.5,1.5
1783006754887,2026-07-02 17:39:14.887,C3:00:00:63:4D:08,-55,127,1.5,2.5,1.5
1783006754890,2026-07-02 17:39:14.890,C3:00:00:63:4D:09,-61,127,1.5,2.5,1.5
1783006754900,2026-07-02 17:39:14.900,C3:00:00:63:4D:0A,-61,127,1.5,2.5,1.5
1783006754961,2026-07-02 17:39:14.961,C3:00:00:63:4D:08,-58,127,1.5,2.5,1.5
1783006754971,2026-07-02 17:39:14.971,C3:00:00:63:4D:04,-62,127,1.5,2.5,1.5
1783006754977,2026-07-02 17:39:14.977,C3:00:00:63:4D:09,-66,127,1.5,2.5,1.5
1783006754983,2026-07-02 17:39:14.983,C3:00:00:63:4C:D2,-71,127,1.5,2.5,1.5
1783006755000,2026-07-02 17:39:15.000,C3:00:00:63:4D:07,-59,127,1.5,2.5,1.5
1783006755003,2026-07-02 17:39:15.003,C3:00:00:63:4D:08,-57,127,1.5,2.5,1.5
1783006755020,2026-07-02 17:39:15.020,C3:00:00:63:4D:05,-67,127,1.5,2.5,1.5
1783006755021,2026-07-02 17:39:15.021,C3:00:00:63:4D:0A,-56,127,1.5,2.5,1.5
1783006755028,2026-07-02 17:39:15.028,C3:00:00:63:4D:05,-65,127,1.5,2.5,1.5
1783006755046,2026-07-02 17:39:15.046,C3:00:00:63:4D:0D,-58,127,1.5,2.5,1.5
1783006755089,2026-07-02 17:39:15.089,C3:00:00:63:4D:09,-63,127,1.5,2.5,1.5
1783006755095,2026-07-02 17:39:15.095,C3:00:00:63:4C:D2,-64,127,1.5,2.5,1.5
1783006755101,2026-07-02 17:39:15.101,C3:00:00:63:4D:05,-58,127,1.5,2.5,1.5
1783006755116,2026-07-02 17:39:15.116,C3:00:00:63:4D:08,-60,127,1.5,2.5,1.5
1783006755118,2026-07-02 17:39:15.118,C3:00:00:63:4D:07,-56,127,1.5,2.5,1.5
1783006755129,2026-07-02 17:39:15.129,C3:00:00:63:4D:05,-62,127,1.5,2.5,1.5
1783006755136,2026-07-02 17:39:15.136,C3:00:00:63:4D:0A,-61,127,1.5,2.5,1.5
1783006755155,2026-07-02 17:39:15.155,C3:00:00:63:4D:0D,-55,127,1.5,2.5,1.5
1783006755191,2026-07-02 17:39:15.191,C3:00:00:63:4D:04,-62,127,1.5,2.5,1.5
1783006755214,2026-07-02 17:39:15.214,C3:00:00:63:4D:09,-60,127,1.5,2.5,1.5
1783006755221,2026-07-02 17:39:15.221,C3:00:00:63:4C:D2,-71,127,1.5,2.5,1.5
1783006755227,2026-07-02 17:39:15.227,C3:00:00:63:4D:08,-57,127,1.5,2.5,1.5
1783006755233,2026-07-02 17:39:15.233,C3:00:00:63:4D:07,-59,127,1.5,2.5,1.5
1783006755248,2026-07-02 17:39:15.248,C3:00:00:63:4D:0A,-52,127,1.5,2.5,1.5
1783006755250,2026-07-02 17:39:15.250,C3:00:00:63:4D:0D,-56,127,1.5,2.5,1.5
1783006755255,2026-07-02 17:39:15.255,C3:00:00:63:4D:07,-60,127,1.5,2.5,1.5
1783006755263,2026-07-02 17:39:15.263,C3:00:00:63:4D:0D,-56,127,1.5,2.5,1.5
1783006755290,2026-07-02 17:39:15.290,C3:00:00:63:4D:04,-62,127,1.5,2.5,1.5
1783006755319,2026-07-02 17:39:15.319,C3:00:00:63:4C:D2,-64,127,1.5,2.5,1.5
1783006755327,2026-07-02 17:39:15.327,C3:00:00:63:4D:08,-60,127,1.5,2.5,1.5
1783006755343,2026-07-02 17:39:15.343,C3:00:00:63:4D:07,-56,127,1.5,2.5,1.5
1783006755368,2026-07-02 17:39:15.368,C3:00:00:63:4D:0A,-56,127,1.5,2.5,1.5
1783006755371,2026-07-02 17:39:15.371,C3:00:00:63:4D:05,-58,127,1.5,2.5,1.5
1783006755398,2026-07-02 17:39:15.398,C3:00:00:63:4D:04,-56,127,1.5,2.5,1.5
1783006755439,2026-07-02 17:39:15.439,C3:00:00:63:4D:09,-60,127,1.5,2.5,1.5
1783006755444,2026-07-02 17:39:15.444,C3:00:00:63:4D:08,-54,127,1.5,2.5,1.5
1783006755448,2026-07-02 17:39:15.448,C3:00:00:63:4C:D2,-62,127,1.5,2.5,1.5
1783006755456,2026-07-02 17:39:15.456,C3:00:00:63:4D:07,-54,127,1.5,2.5,1.5
1783006755465,2026-07-02 17:39:15.465,C3:00:00:63:4D:04,-62,127,1.5,2.5,1.5
1783006755471,2026-07-02 17:39:15.471,C3:00:00:63:4D:0A,-61,127,1.5,2.5,1.5
1783006755472,2026-07-02 17:39:15.472,C3:00:00:63:4D:05,-63,127,1.5,2.5,1.5
1783006755476,2026-07-02 17:39:15.476,C3:00:00:63:4D:0D,-55,127,1.5,2.5,1.5
1783006755507,2026-07-02 17:39:15.507,C3:00:00:63:4D:0A,-61,127,1.5,2.5,1.5
1783006755514,2026-07-02 17:39:15.514,C3:00:00:63:4D:04,-62,127,1.5,2.5,1.5
1783006755522,2026-07-02 17:39:15.522,C3:00:00:63:4D:09,-66,127,1.5,2.5,1.5
1783006755546,2026-07-02 17:39:15.546,C3:00:00:63:4D:08,-57,127,1.5,2.5,1.5
1783006755573,2026-07-02 17:39:15.573,C3:00:00:63:4D:07,-57,127,1.5,2.5,1.5
1783006755580,2026-07-02 17:39:15.580,C3:00:00:63:4D:0D,-55,127,1.5,2.5,1.5
1783006755583,2026-07-02 17:39:15.583,C3:00:00:63:4D:0A,-53,127,1.5,2.5,1.5
1783006755595,2026-07-02 17:39:15.595,C3:00:00:63:4D:05,-66,127,1.5,2.5,1.5
1783006755618,2026-07-02 17:39:15.618,C3:00:00:63:4D:04,-57,127,1.5,2.5,1.5
1783006755647,2026-07-02 17:39:15.647,C3:00:00:63:4D:08,-62,127,1.5,2.5,1.5
1783006755655,2026-07-02 17:39:15.655,C3:00:00:63:4D:09,-62,127,1.5,2.5,1.5
1783006755672,2026-07-02 17:39:15.672,C3:00:00:63:4C:D2,-67,127,1.5,2.5,1.5
1783006755678,2026-07-02 17:39:15.678,C3:00:00:63:4D:0D,-60,127,1.5,2.5,1.5
1783006755686,2026-07-02 17:39:15.686,C3:00:00:63:4D:07,-57,127,1.5,2.5,1.5
1783006755696,2026-07-02 17:39:15.696,C3:00:00:63:4D:0A,-56,127,1.5,2.5,1.5
1783006755701,2026-07-02 17:39:15.701,C3:00:00:63:4D:05,-57,127,1.5,2.5,1.5
1783006755734,2026-07-02 17:39:15.734,C3:00:00:63:4D:04,-61,127,1.5,2.5,1.5
1783006755763,2026-07-02 17:39:15.763,C3:00:00:63:4D:08,-54,127,1.5,2.5,1.5
1783006755784,2026-07-02 17:39:15.784,C3:00:00:63:4D:09,-60,127,1.5,2.5,1.5
1783006755787,2026-07-02 17:39:15.787,C3:00:00:63:4D:0D,-54,127,1.5,2.5,1.5
1783006755793,2026-07-02 17:39:15.793,C3:00:00:63:4C:D2,-62,127,1.5,2.5,1.5
1783006755798,2026-07-02 17:39:15.798,C3:00:00:63:4D:07,-54,127,1.5,2.5,1.5
1783006755813,2026-07-02 17:39:15.813,C3:00:00:63:4D:0A,-61,127,1.5,2.5,1.5
1783006755819,2026-07-02 17:39:15.819,C3:00:00:63:4D:05,-67,127,1.5,2.5,1.5
1783006755841,2026-07-02 17:39:15.841,C3:00:00:63:4D:04,-62,127,1.5,2.5,1.5
1783006755876,2026-07-02 17:39:15.876,C3:00:00:63:4D:08,-58,127,1.5,2.5,1.5
1783006755889,2026-07-02 17:39:15.889,C3:00:00:63:4D:09,-66,127,1.5,2.5,1.5
1783006755899,2026-07-02 17:39:15.899,C3:00:00:63:4C:D2,-71,127,1.5,2.5,1.5
1783006755917,2026-07-02 17:39:15.917,C3:00:00:63:4D:07,-56,127,1.5,2.5,1.5
1783006755928,2026-07-02 17:39:15.928,C3:00:00:63:4D:0A,-56,127,1.5,2.5,1.5
1783006755938,2026-07-02 17:39:15.938,C3:00:00:63:4D:05,-58,127,1.5,2.5,1.5
1783006755980,2026-07-02 17:39:15.980,C3:00:00:63:4D:04,-58,127,1.5,2.5,1.5
1783006755985,2026-07-02 17:39:15.985,C3:00:00:63:4D:08,-60,127,1.5,2.5,1.5
1783006755995,2026-07-02 17:39:15.995,C3:00:00:63:4D:0D,-58,127,1.5,2.5,1.5
1783006756003,2026-07-02 17:39:16.003,C3:00:00:63:4D:09,-63,127,1.5,2.5,1.5
1783006756007,2026-07-02 17:39:16.007,C3:00:00:63:4D:04,-57,127,1.5,2.5,1.5
1783006756013,2026-07-02 17:39:16.013,C3:00:00:63:4C:D2,-65,127,1.5,2.5,1.5
1783006756031,2026-07-02 17:39:16.031,C3:00:00:63:4D:07,-54,127,1.5,2.5,1.5
1783006756064,2026-07-02 17:39:16.064,C3:00:00:63:4D:0A,-61,127,1.5,2.5,1.5
1783006756067,2026-07-02 17:39:16.067,C3:00:00:63:4D:05,-63,127,1.5,2.5,1.5
1783006756072,2026-07-02 17:39:16.072,C3:00:00:63:4D:04,-62,127,1.5,2.5,1.5
1783006756097,2026-07-02 17:39:16.097,C3:00:00:63:4D:08,-55,127,1.5,2.5,1.5
1783006756102,2026-07-02 17:39:16.102,C3:00:00:63:4D:0D,-55,127,1.5,2.5,1.5
1783006756122,2026-07-02 17:39:16.122,C3:00:00:63:4D:09,-66,127,1.5,2.5,1.5
1783006756131,2026-07-02 17:39:16.131,C3:00:00:63:4C:D2,-71,127,1.5,2.5,1.5
1783006756147,2026-07-02 17:39:16.147,C3:00:00:63:4D:0A,-52,127,1.5,2.5,1.5
1783006756151,2026-07-02 17:39:16.151,C3:00:00:63:4D:07,-59,127,1.5,2.5,1.5
1783006756163,2026-07-02 17:39:16.163,C3:00:00:63:4D:0D,-64,127,1.5,2.5,1.5
1783006756165,2026-07-02 17:39:16.165,C3:00:00:63:4D:05,-67,127,1.5,2.5,1.5
1783006756167,2026-07-02 17:39:16.167,C3:00:00:63:4D:0A,-60,127,1.5,2.5,1.5
1783006756171,2026-07-02 17:39:16.171,C3:00:00:63:4D:04,-62,127,1.5,2.5,1.5
1783006756192,2026-07-02 17:39:16.192,C3:00:00:63:4D:08,-58,127,1.5,2.5,1.5
1783006756199,2026-07-02 17:39:16.199,C3:00:00:63:4D:0D,-56,127,1.5,2.5,1.5
1783006756248,2026-07-02 17:39:16.248,C3:00:00:63:4C:D2,-64,127,1.5,2.5,1.5
1783006756253,2026-07-02 17:39:16.253,C3:00:00:63:4D:07,-56,127,1.5,2.5,1.5
1783006756261,2026-07-02 17:39:16.261,C3:00:00:63:4D:0A,-55,127,1.5,2.5,1.5
1783006756275,2026-07-02 17:39:16.275,C3:00:00:63:4D:04,-56,127,1.5,2.5,1.5
1783006756286,2026-07-02 17:39:16.286,C3:00:00:63:4D:05,-58,127,1.5,2.5,1.5
1783006756305,2026-07-02 17:39:16.305,C3:00:00:63:4D:08,-60,127,1.5,2.5,1.5
1783006756318,2026-07-02 17:39:16.318,C3:00:00:63:4D:0D,-58,127,1.5,2.5,1.5
1783006756336,2026-07-02 17:39:16.336,C3:00:00:63:4D:07,-54,127,1.5,2.5,1.5
1783006756344,2026-07-02 17:39:16.344,C3:00:00:63:4D:09,-60,127,1.5,2.5,1.5
1783006756360,2026-07-02 17:39:16.360,C3:00:00:63:4D:05,-63,127,1.5,2.5,1.5
1783006756366,2026-07-02 17:39:16.366,C3:00:00:63:4C:D2,-62,127,1.5,2.5,1.5
1783006756378,2026-07-02 17:39:16.378,C3:00:00:63:4D:07,-54,127,1.5,2.5,1.5
1783006756381,2026-07-02 17:39:16.381,C3:00:00:63:4D:0A,-61,127,1.5,2.5,1.5
1783006756388,2026-07-02 17:39:16.388,C3:00:00:63:4D:04,-62,127,1.5,2.5,1.5
1783006756390,2026-07-02 17:39:16.390,C3:00:00:63:4D:05,-63,127,1.5,2.5,1.5
1783006756413,2026-07-02 17:39:16.413,C3:00:00:63:4D:0D,-56,127,1.5,2.5,1.5
1783006756415,2026-07-02 17:39:16.415,C3:00:00:63:4D:08,-58,127,1.5,2.5,1.5
1783006756451,2026-07-02 17:39:16.451,C3:00:00:63:4D:09,-66,127,1.5,2.5,1.5
1783006756475,2026-07-02 17:39:16.475,C3:00:00:63:4C:D2,-71,127,1.5,2.5,1.5
1783006756490,2026-07-02 17:39:16.490,C3:00:00:63:4D:0A,-52,127,1.5,2.5,1.5
1783006756513,2026-07-02 17:39:16.513,C3:00:00:63:4D:05,-67,127,1.5,2.5,1.5
1783006756516,2026-07-02 17:39:16.516,C3:00:00:63:4D:0D,-58,127,1.5,2.5,1.5
1783006756521,2026-07-02 17:39:16.521,C3:00:00:63:4D:08,-60,127,1.5,2.5,1.5
1783006756563,2026-07-02 17:39:16.563,C3:00:00:63:4D:09,-63,127,1.5,2.5,1.5
1783006756581,2026-07-02 17:39:16.581,C3:00:00:63:4C:D2,-64,127,1.5,2.5,1.5
1783006756599,2026-07-02 17:39:16.599,C3:00:00:63:4D:07,-56,127,1.5,2.5,1.5
1783006756619,2026-07-02 17:39:16.619,C3:00:00:63:4D:0D,-55,127,1.5,2.5,1.5
1783006756625,2026-07-02 17:39:16.625,C3:00:00:63:4D:05,-63,127,1.5,2.5,1.5
1783006756634,2026-07-02 17:39:16.634,C3:00:00:63:4D:08,-55,127,1.5,2.5,1.5
1783006756658,2026-07-02 17:39:16.658,C3:00:00:63:4C:D2,-70,127,1.5,2.5,1.5
1783006756682,2026-07-02 17:39:16.682,C3:00:00:63:4D:09,-60,127,1.5,2.5,1.5
1783006756708,2026-07-02 17:39:16.708,C3:00:00:63:4D:04,-62,127,1.5,2.5,1.5
1783006756717,2026-07-02 17:39:16.717,C3:00:00:63:4D:07,-60,127,1.5,2.5,1.5
1783006756723,2026-07-02 17:39:16.723,C3:00:00:63:4D:0A,-52,127,1.5,2.5,1.5
1783006756732,2026-07-02 17:39:16.732,C3:00:00:63:4D:0D,-56,127,1.5,2.5,1.5
1783006756739,2026-07-02 17:39:16.739,C3:00:00:63:4D:05,-67,127,1.5,2.5,1.5
1783006756801,2026-07-02 17:39:16.801,C3:00:00:63:4D:09,-66,127,1.5,2.5,1.5
1783006756813,2026-07-02 17:39:16.813,C3:00:00:63:4D:09,-70,127,1.5,2.5,1.5
1783006756824,2026-07-02 17:39:16.824,C3:00:00:63:4C:D2,-64,127,1.5,2.5,1.5
1783006756846,2026-07-02 17:39:16.846,C3:00:00:63:4D:08,-60,127,1.5,2.5,1.5
1783006756853,2026-07-02 17:39:16.853,C3:00:00:63:4D:05,-58,127,1.5,2.5,1.5
1783006756876,2026-07-02 17:39:16.876,C3:00:00:63:4D:09,-63,127,1.5,2.5,1.5
1783006756914,2026-07-02 17:39:16.914,C3:00:00:63:4D:0A,-56,127,1.5,2.5,1.5
1783006756920,2026-07-02 17:39:16.920,C3:00:00:63:4D:09,-60,127,1.5,2.5,1.5
1783006756928,2026-07-02 17:39:16.928,C3:00:00:63:4D:04,-62,127,1.5,2.5,1.5
1783006756934,2026-07-02 17:39:16.934,C3:00:00:63:4C:D2,-62,127,1.5,2.5,1.5
1783006756936,2026-07-02 17:39:16.936,C3:00:00:63:4D:0A,-61,127,1.5,2.5,1.5
1783006756939,2026-07-02 17:39:16.939,C3:00:00:63:4D:0D,-55,127,1.5,2.5,1.5
1783006756946,2026-07-02 17:39:16.946,C3:00:00:63:4D:07,-54,127,1.5,2.5,1.5
1783006756952,2026-07-02 17:39:16.952,C3:00:00:63:4D:08,-55,127,1.5,2.5,1.5
1783006756966,2026-07-02 17:39:16.966,C3:00:00:63:4D:05,-63,127,1.5,2.5,1.5
1783006757032,2026-07-02 17:39:17.032,C3:00:00:63:4D:09,-66,127,1.5,2.5,1.5
1783006757052,2026-07-02 17:39:17.052,C3:00:00:63:4D:0D,-56,127,1.5,2.5,1.5
1783006757062,2026-07-02 17:39:17.062,C3:00:00:63:4D:0A,-52,127,1.5,2.5,1.5
1783006757089,2026-07-02 17:39:17.089,C3:00:00:63:4D:05,-67,127,1.5,2.5,1.5
1783006757102,2026-07-02 17:39:17.102,C3:00:00:63:4D:05,-67,127,1.5,2.5,1.5
1783006757136,2026-07-02 17:39:17.136,C3:00:00:63:4D:09,-63,127,1.5,2.5,1.5
1783006757143,2026-07-02 17:39:17.143,C3:00:00:63:4D:0D,-58,127,1.5,2.5,1.5
1783006757176,2026-07-02 17:39:17.176,C3:00:00:63:4D:08,-60,127,1.5,2.5,1.5
1783006757187,2026-07-02 17:39:17.187,C3:00:00:63:4D:05,-58,127,1.5,2.5,1.5
1783006757189,2026-07-02 17:39:17.189,C3:00:00:63:4D:07,-56,127,1.5,2.5,1.5
1783006757194,2026-07-02 17:39:17.194,C3:00:00:63:4D:05,-58,127,1.5,2.5,1.5
1783006757201,2026-07-02 17:39:17.201,C3:00:00:63:4D:0D,-58,127,1.5,2.5,1.5
1783006757248,2026-07-02 17:39:17.248,C3:00:00:63:4D:07,-54,127,1.5,2.5,1.5
1783006757252,2026-07-02 17:39:17.252,C3:00:00:63:4D:0D,-55,127,1.5,2.5,1.5
1783006757258,2026-07-02 17:39:17.258,C3:00:00:63:4D:09,-60,127,1.5,2.5,1.5
1783006757261,2026-07-02 17:39:17.261,C3:00:00:63:4D:04,-62,127,1.5,2.5,1.5
1783006757264,2026-07-02 17:39:17.264,C3:00:00:63:4D:0D,-55,127,1.5,2.5,1.5
1783006757279,2026-07-02 17:39:17.279,C3:00:00:63:4D:0A,-61,127,1.5,2.5,1.5
1783006757284,2026-07-02 17:39:17.284,C3:00:00:63:4D:08,-54,127,1.5,2.5,1.5
1783006757296,2026-07-02 17:39:17.296,C3:00:00:63:4D:07,-54,127,1.5,2.5,1.5
1783006757309,2026-07-02 17:39:17.309,C3:00:00:63:4D:05,-63,127,1.5,2.5,1.5
1783006757354,2026-07-02 17:39:17.354,C3:00:00:63:4D:0D,-56,127,1.5,2.5,1.5
1783006757375,2026-07-02 17:39:17.375,C3:00:00:63:4D:04,-62,127,1.5,2.5,1.5
1783006757396,2026-07-02 17:39:17.396,C3:00:00:63:4D:08,-58,127,1.5,2.5,1.5
1783006757403,2026-07-02 17:39:17.403,C3:00:00:63:4D:07,-66,127,1.5,2.5,1.5
1783006757426,2026-07-02 17:39:17.426,C3:00:00:63:4D:07,-56,127,1.5,2.5,1.5
1783006757434,2026-07-02 17:39:17.434,C3:00:00:63:4D:05,-58,127,1.5,2.5,1.5
1783006757465,2026-07-02 17:39:17.465,C3:00:00:63:4D:0D,-58,127,1.5,2.5,1.5
1783006757469,2026-07-02 17:39:17.469,C3:00:00:63:4D:04,-57,127,1.5,2.5,1.5
1783006757482,2026-07-02 17:39:17.482,C3:00:00:63:4D:09,-63,127,1.5,2.5,1.5
1783006757507,2026-07-02 17:39:17.507,C3:00:00:63:4D:0A,-56,127,1.5,2.5,1.5
1783006757511,2026-07-02 17:39:17.511,C3:00:00:63:4D:08,-60,127,1.5,2.5,1.5
1783006757518,2026-07-02 17:39:17.518,C3:00:00:63:4C:D2,-64,127,1.5,2.5,1.5
1783006757522,2026-07-02 17:39:17.522,C3:00:00:63:4D:07,-54,127,1.5,2.5,1.5
1783006757541,2026-07-02 17:39:17.541,C3:00:00:63:4C:D2,-63,127,1.5,2.5,1.5
1783006757545,2026-07-02 17:39:17.545,C3:00:00:63:4D:05,-63,127,1.5,2.5,1.5
1783006757567,2026-07-02 17:39:17.567,C3:00:00:63:4D:0D,-55,127,1.5,2.5,1.5
1783006757584,2026-07-02 17:39:17.584,C3:00:00:63:4D:04,-62,127,1.5,2.5,1.5
1783006757599,2026-07-02 17:39:17.599,C3:00:00:63:4D:09,-60,127,1.5,2.5,1.5
1783006757614,2026-07-02 17:39:17.614,C3:00:00:63:4D:08,-54,127,1.5,2.5,1.5
1783006757619,2026-07-02 17:39:17.619,C3:00:00:63:4D:0A,-52,127,1.5,2.5,1.5
1783006757629,2026-07-02 17:39:17.629,C3:00:00:63:4C:D2,-71,127,1.5,2.5,1.5
1783006757641,2026-07-02 17:39:17.641,C3:00:00:63:4D:07,-58,127,1.5,2.5,1.5
1783006757658,2026-07-02 17:39:17.658,C3:00:00:63:4D:05,-67,127,1.5,2.5,1.5
1783006757680,2026-07-02 17:39:17.680,C3:00:00:63:4D:0D,-56,127,1.5,2.5,1.5
1783006757687,2026-07-02 17:39:17.687,C3:00:00:63:4D:04,-62,127,1.5,2.5,1.5
1783006757710,2026-07-02 17:39:17.710,C3:00:00:63:4D:09,-66,127,1.5,2.5,1.5
1783006757726,2026-07-02 17:39:17.726,C3:00:00:63:4D:08,-60,127,1.5,2.5,1.5
1783006757732,2026-07-02 17:39:17.732,C3:00:00:63:4D:0A,-55,127,1.5,2.5,1.5
1783006757741,2026-07-02 17:39:17.741,C3:00:00:63:4C:D2,-64,127,1.5,2.5,1.5
1783006757756,2026-07-02 17:39:17.756,C3:00:00:63:4D:07,-56,127,1.5,2.5,1.5
1783006757775,2026-07-02 17:39:17.775,C3:00:00:63:4D:05,-58,127,1.5,2.5,1.5
1783006757779,2026-07-02 17:39:17.779,C3:00:00:63:4D:0D,-58,127,1.5,2.5,1.5
1783006757804,2026-07-02 17:39:17.804,C3:00:00:63:4D:04,-57,127,1.5,2.5,1.5
1783006757831,2026-07-02 17:39:17.831,C3:00:00:63:4D:08,-55,127,1.5,2.5,1.5
1783006757837,2026-07-02 17:39:17.837,C3:00:00:63:4D:09,-60,127,1.5,2.5,1.5
1783006757853,2026-07-02 17:39:17.853,C3:00:00:63:4D:0A,-61,127,1.5,2.5,1.5
1783006757858,2026-07-02 17:39:17.858,C3:00:00:63:4C:D2,-62,127,1.5,2.5,1.5
1783006757867,2026-07-02 17:39:17.867,C3:00:00:63:4D:07,-54,127,1.5,2.5,1.5
1783006757882,2026-07-02 17:39:17.882,C3:00:00:63:4D:0D,-55,127,1.5,2.5,1.5
1783006757891,2026-07-02 17:39:17.891,C3:00:00:63:4D:05,-63,127,1.5,2.5,1.5
1783006757909,2026-07-02 17:39:17.909,C3:00:00:63:4D:04,-62,127,1.5,2.5,1.5
1783006757939,2026-07-02 17:39:17.939,C3:00:00:63:4D:08,-58,127,1.5,2.5,1.5
1783006757945,2026-07-02 17:39:17.945,C3:00:00:63:4D:09,-66,127,1.5,2.5,1.5
1783006757961,2026-07-02 17:39:17.961,C3:00:00:63:4D:0A,-52,127,1.5,2.5,1.5
1783006757965,2026-07-02 17:39:17.965,C3:00:00:63:4C:D2,-71,127,1.5,2.5,1.5
1783006757981,2026-07-02 17:39:17.981,C3:00:00:63:4D:04,-62,127,1.5,2.5,1.5
1783006757988,2026-07-02 17:39:17.988,C3:00:00:63:4D:07,-58,127,1.5,2.5,1.5
1783006758007,2026-07-02 17:39:18.007,C3:00:00:63:4D:04,-62,127,1.5,2.5,1.5
1783006758053,2026-07-02 17:39:18.053,C3:00:00:63:4D:09,-63,127,1.5,2.5,1.5
1783006758060,2026-07-02 17:39:18.060,C3:00:00:63:4D:0A,-56,127,1.5,2.5,1.5
1783006758092,2026-07-02 17:39:18.092,C3:00:00:63:4D:0D,-58,127,1.5,2.5,1.5
1783006758095,2026-07-02 17:39:18.095,C3:00:00:63:4D:07,-56,127,1.5,2.5,1.5
1783006758156,2026-07-02 17:39:18.156,C3:00:00:63:4D:08,-54,127,1.5,2.5,1.5
1783006758167,2026-07-02 17:39:18.167,C3:00:00:63:4D:09,-60,127,1.5,2.5,1.5
1783006758199,2026-07-02 17:39:18.199,C3:00:00:63:4D:0D,-55,127,1.5,2.5,1.5
1783006758201,2026-07-02 17:39:18.201,C3:00:00:63:4C:D2,-62,127,1.5,2.5,1.5
1783006758230,2026-07-02 17:39:18.230,C3:00:00:63:4D:04,-62,127,1.5,2.5,1.5
1783006758270,2026-07-02 17:39:18.270,C3:00:00:63:4D:08,-57,127,1.5,2.5,1.5
1783006758289,2026-07-02 17:39:18.289,C3:00:00:63:4D:09,-66,127,1.5,2.5,1.5
1783006758294,2026-07-02 17:39:18.294,C3:00:00:63:4D:0A,-52,127,1.5,2.5,1.5
1783006758304,2026-07-02 17:39:18.304,C3:00:00:63:4D:0D,-56,127,1.5,2.5,1.5
1783006758332,2026-07-02 17:39:18.332,C3:00:00:63:4D:07,-56,127,1.5,2.5,1.5
1783006758348,2026-07-02 17:39:18.348,C3:00:00:63:4D:04,-57,127,1.5,2.5,1.5
1783006758352,2026-07-02 17:39:18.352,C3:00:00:63:4D:05,-58,127,1.5,2.5,1.5
1783006758357,2026-07-02 17:39:18.357,C3:00:00:63:4D:07,-57,127,1.5,2.5,1.5
1783006758369,2026-07-02 17:39:18.369,C3:00:00:63:4D:07,-56,127,1.5,2.5,1.5
1783006758389,2026-07-02 17:39:18.389,C3:00:00:63:4D:09,-63,127,1.5,2.5,1.5
1783006758400,2026-07-02 17:39:18.400,C3:00:00:63:4D:0D,-58,127,1.5,2.5,1.5
1783006758408,2026-07-02 17:39:18.408,C3:00:00:63:4D:0A,-56,127,1.5,2.5,1.5
1783006758428,2026-07-02 17:39:18.428,C3:00:00:63:4C:D2,-62,127,1.5,2.5,1.5
1783006758440,2026-07-02 17:39:18.440,C3:00:00:63:4D:07,-54,127,1.5,2.5,1.5
1783006758455,2026-07-02 17:39:18.455,C3:00:00:63:4D:04,-62,127,1.5,2.5,1.5
1783006758465,2026-07-02 17:39:18.465,C3:00:00:63:4D:05,-63,127,1.5,2.5,1.5
1783006758483,2026-07-02 17:39:18.483,C3:00:00:63:4D:08,-55,127,1.5,2.5,1.5
1783006758509,2026-07-02 17:39:18.509,C3:00:00:63:4D:09,-60,127,1.5,2.5,1.5
1783006758525,2026-07-02 17:39:18.525,C3:00:00:63:4D:0A,-52,127,1.5,2.5,1.5
1783006758533,2026-07-02 17:39:18.533,C3:00:00:63:4D:09,-66,127,1.5,2.5,1.5
1783006758541,2026-07-02 17:39:18.541,C3:00:00:63:4C:D2,-71,127,1.5,2.5,1.5
1783006758560,2026-07-02 17:39:18.560,C3:00:00:63:4D:07,-59,127,1.5,2.5,1.5
1783006758562,2026-07-02 17:39:18.562,C3:00:00:63:4D:04,-62,127,1.5,2.5,1.5
1783006758574,2026-07-02 17:39:18.574,C3:00:00:63:4D:05,-67,127,1.5,2.5,1.5
1783006758592,2026-07-02 17:39:18.592,C3:00:00:63:4D:08,-58,127,1.5,2.5,1.5
1783006758626,2026-07-02 17:39:18.626,C3:00:00:63:4D:09,-63,127,1.5,2.5,1.5
1783006758639,2026-07-02 17:39:18.639,C3:00:00:63:4D:0A,-55,127,1.5,2.5,1.5
1783006758657,2026-07-02 17:39:18.657,C3:00:00:63:4C:D2,-64,127,1.5,2.5,1.5
1783006758687,2026-07-02 17:39:18.687,C3:00:00:63:4D:05,-58,127,1.5,2.5,1.5
1783006758707,2026-07-02 17:39:18.707,C3:00:00:63:4D:08,-60,127,1.5,2.5,1.5
1783006758729,2026-07-02 17:39:18.729,C3:00:00:63:4D:0D,-55,127,1.5,2.5,1.5
1783006758747,2026-07-02 17:39:18.747,C3:00:00:63:4D:09,-60,127,1.5,2.5,1.5
1783006758749,2026-07-02 17:39:18.749,C3:00:00:63:4D:0A,-61,127,1.5,2.5,1.5
1783006758752,2026-07-02 17:39:18.752,C3:00:00:63:4D:08,-55,127,1.5,2.5,1.5
1783006758761,2026-07-02 17:39:18.761,C3:00:00:63:4D:08,-62,127,1.5,2.5,1.5
1783006758774,2026-07-02 17:39:18.774,C3:00:00:63:4C:D2,-62,127,1.5,2.5,1.5
1783006758779,2026-07-02 17:39:18.779,C3:00:00:63:4D:04,-62,127,1.5,2.5,1.5
1783006758791,2026-07-02 17:39:18.791,C3:00:00:63:4D:07,-54,127,1.5,2.5,1.5
1783006758817,2026-07-02 17:39:18.817,C3:00:00:63:4D:05,-67,127,1.5,2.5,1.5
1783006758826,2026-07-02 17:39:18.826,C3:00:00:63:4D:0D,-56,127,1.5,2.5,1.5
1783006758858,2026-07-02 17:39:18.858,C3:00:00:63:4D:09,-66,127,1.5,2.5,1.5
1783006758867,2026-07-02 17:39:18.867,C3:00:00:63:4D:0A,-52,127,1.5,2.5,1.5
1783006758892,2026-07-02 17:39:18.892,C3:00:00:63:4C:D2,-71,127,1.5,2.5,1.5
1783006758900,2026-07-02 17:39:18.900,C3:00:00:63:4D:04,-62,127,1.5,2.5,1.5
1783006758908,2026-07-02 17:39:18.908,C3:00:00:63:4D:07,-59,127,1.5,2.5,1.5
1783006758926,2026-07-02 17:39:18.926,C3:00:00:63:4D:05,-58,127,1.5,2.5,1.5
1783006758936,2026-07-02 17:39:18.936,C3:00:00:63:4D:0D,-58,127,1.5,2.5,1.5
1783006758966,2026-07-02 17:39:18.966,C3:00:00:63:4D:09,-63,127,1.5,2.5,1.5
1783006758974,2026-07-02 17:39:18.974,C3:00:00:63:4D:0A,-56,127,1.5,2.5,1.5
1783006758983,2026-07-02 17:39:18.983,C3:00:00:63:4D:08,-60,127,1.5,2.5,1.5
1783006759002,2026-07-02 17:39:19.002,C3:00:00:63:4D:04,-56,127,1.5,2.5,1.5
1783006759015,2026-07-02 17:39:19.015,C3:00:00:63:4D:07,-54,127,1.5,2.5,1.5
1783006759021,2026-07-02 17:39:19.021,C3:00:00:63:4D:05,-70,127,1.5,2.5,1.5
1783006759028,2026-07-02 17:39:19.028,C3:00:00:63:4D:08,-55,127,1.5,2.5,1.5
1783006759033,2026-07-02 17:39:19.033,C3:00:00:63:4D:0D,-55,127,1.5,2.5,1.5
1783006759042,2026-07-02 17:39:19.042,C3:00:00:63:4D:05,-63,127,1.5,2.5,1.5
1783006759079,2026-07-02 17:39:19.079,C3:00:00:63:4D:09,-60,127,1.5,2.5,1.5
1783006759084,2026-07-02 17:39:19.084,C3:00:00:63:4D:0A,-61,127,1.5,2.5,1.5
1783006759100,2026-07-02 17:39:19.100,C3:00:00:63:4D:05,-63,127,1.5,2.5,1.5
1783006759109,2026-07-02 17:39:19.109,C3:00:00:63:4D:04,-62,127,1.5,2.5,1.5
1783006759118,2026-07-02 17:39:19.118,C3:00:00:63:4C:D2,-71,127,1.5,2.5,1.5
1783006759142,2026-07-02 17:39:19.142,C3:00:00:63:4D:08,-57,127,1.5,2.5,1.5
1783006759154,2026-07-02 17:39:19.154,C3:00:00:63:4D:05,-67,127,1.5,2.5,1.5
1783006759200,2026-07-02 17:39:19.200,C3:00:00:63:4D:09,-66,127,1.5,2.5,1.5
1783006759205,2026-07-02 17:39:19.205,C3:00:00:63:4D:0A,-52,127,1.5,2.5,1.5
1783006759220,2026-07-02 17:39:19.220,C3:00:00:63:4D:04,-57,127,1.5,2.5,1.5
1783006759237,2026-07-02 17:39:19.237,C3:00:00:63:4C:D2,-67,127,1.5,2.5,1.5
1783006759264,2026-07-02 17:39:19.264,C3:00:00:63:4D:05,-58,127,1.5,2.5,1.5
1783006759270,2026-07-02 17:39:19.270,C3:00:00:63:4D:07,-58,127,1.5,2.5,1.5
1783006759274,2026-07-02 17:39:19.274,C3:00:00:63:4D:0D,-60,127,1.5,2.5,1.5
1783006759326,2026-07-02 17:39:19.326,C3:00:00:63:4D:04,-62,127,1.5,2.5,1.5
1783006759347,2026-07-02 17:39:19.347,C3:00:00:63:4D:0D,-54,127,1.5,2.5,1.5
1783006759361,2026-07-02 17:39:19.361,C3:00:00:63:4D:08,-55,127,1.5,2.5,1.5
1783006759369,2026-07-02 17:39:19.369,C3:00:00:63:4D:07,-54,127,1.5,2.5,1.5
1783006759424,2026-07-02 17:39:19.424,C3:00:00:63:4D:09,-66,127,1.5,2.5,1.5
1783006759429,2026-07-02 17:39:19.429,C3:00:00:63:4D:0A,-52,127,1.5,2.5,1.5
1783006759444,2026-07-02 17:39:19.444,C3:00:00:63:4D:04,-62,127,1.5,2.5,1.5
1783006759463,2026-07-02 17:39:19.463,C3:00:00:63:4D:0D,-56,127,1.5,2.5,1.5
1783006759472,2026-07-02 17:39:19.472,C3:00:00:63:4D:08,-57,127,1.5,2.5,1.5
1783006759501,2026-07-02 17:39:19.501,C3:00:00:63:4D:05,-67,127,1.5,2.5,1.5
1783006759518,2026-07-02 17:39:19.518,C3:00:00:63:4D:0A,-56,127,1.5,2.5,1.5
1783006759533,2026-07-02 17:39:19.533,C3:00:00:63:4D:09,-63,127,1.5,2.5,1.5
1783006759540,2026-07-02 17:39:19.540,C3:00:00:63:4D:0A,-55,127,1.5,2.5,1.5
1783006759547,2026-07-02 17:39:19.547,C3:00:00:63:4D:04,-57,127,1.5,2.5,1.5
1783006759555,2026-07-02 17:39:19.555,C3:00:00:63:4D:09,-64,127,1.5,2.5,1.5
1783006759577,2026-07-02 17:39:19.577,C3:00:00:63:4D:08,-60,127,1.5,2.5,1.5
1783006759582,2026-07-02 17:39:19.582,C3:00:00:63:4C:D2,-64,127,1.5,2.5,1.5
1783006759585,2026-07-02 17:39:19.585,C3:00:00:63:4D:04,-64,127,1.5,2.5,1.5
1783006759593,2026-07-02 17:39:19.593,C3:00:00:63:4D:07,-56,127,1.5,2.5,1.5
1783006759612,2026-07-02 17:39:19.612,C3:00:00:63:4D:05,-58,127,1.5,2.5,1.5
1783006759645,2026-07-02 17:39:19.645,C3:00:00:63:4D:0A,-61,127,1.5,2.5,1.5
1783006759650,2026-07-02 17:39:19.650,C3:00:00:63:4D:04,-62,127,1.5,2.5,1.5
1783006759655,2026-07-02 17:39:19.655,C3:00:00:63:4D:09,-60,127,1.5,2.5,1.5
1783006759683,2026-07-02 17:39:19.683,C3:00:00:63:4D:08,-55,127,1.5,2.5,1.5
1783006759696,2026-07-02 17:39:19.696,C3:00:00:63:4C:D2,-62,127,1.5,2.5,1.5
1783006759706,2026-07-02 17:39:19.706,C3:00:00:63:4D:07,-54,127,1.5,2.5,1.5
1783006759733,2026-07-02 17:39:19.733,C3:00:00:63:4D:05,-67,127,1.5,2.5,1.5
1783006759762,2026-07-02 17:39:19.762,C3:00:00:63:4D:04,-62,127,1.5,2.5,1.5
1783006759766,2026-07-02 17:39:19.766,C3:00:00:63:4D:0A,-52,127,1.5,2.5,1.5
1783006759773,2026-07-02 17:39:19.773,C3:00:00:63:4D:09,-66,127,1.5,2.5,1.5
1783006759780,2026-07-02 17:39:19.780,C3:00:00:63:4D:0D,-56,127,1.5,2.5,1.5
1783006759790,2026-07-02 17:39:19.790,C3:00:00:63:4D:08,-57,127,1.5,2.5,1.5
1783006759812,2026-07-02 17:39:19.812,C3:00:00:63:4C:D2,-71,127,1.5,2.5,1.5
1783006759827,2026-07-02 17:39:19.827,C3:00:00:63:4D:07,-56,127,1.5,2.5,1.5
1783006759851,2026-07-02 17:39:19.851,C3:00:00:63:4D:05,-58,127,1.5,2.5,1.5
1783006759866,2026-07-02 17:39:19.866,C3:00:00:63:4D:04,-57,127,1.5,2.5,1.5
1783006759879,2026-07-02 17:39:19.879,C3:00:00:63:4D:0A,-55,127,1.5,2.5,1.5
1783006759882,2026-07-02 17:39:19.882,C3:00:00:63:4D:09,-63,127,1.5,2.5,1.5
1783006759903,2026-07-02 17:39:19.903,C3:00:00:63:4D:08,-60,127,1.5,2.5,1.5
1783006759926,2026-07-02 17:39:19.926,C3:00:00:63:4C:D2,-62,127,1.5,2.5,1.5
1783006759943,2026-07-02 17:39:19.943,C3:00:00:63:4D:07,-54,127,1.5,2.5,1.5
1783006759947,2026-07-02 17:39:19.947,C3:00:00:63:4D:08,-55,127,1.5,2.5,1.5
1783006759957,2026-07-02 17:39:19.957,C3:00:00:63:4C:D2,-62,127,1.5,2.5,1.5
1783006759963,2026-07-02 17:39:19.963,C3:00:00:63:4D:05,-62,127,1.5,2.5,1.5
1783006759974,2026-07-02 17:39:19.974,C3:00:00:63:4D:04,-62,127,1.5,2.5,1.5
1783006759988,2026-07-02 17:39:19.988,C3:00:00:63:4D:0D,-55,127,1.5,2.5,1.5
1783006759994,2026-07-02 17:39:19.994,C3:00:00:63:4D:0A,-61,127,1.5,2.5,1.5
1783006759998,2026-07-02 17:39:19.998,C3:00:00:63:4D:04,-62,127,1.5,2.5,1.5
1783006760013,2026-07-02 17:39:20.013,C3:00:00:63:4D:08,-57,127,1.5,2.5,1.5
1783006760018,2026-07-02 17:39:20.018,C3:00:00:63:4D:04,-61,127,1.5,2.5,1.5
1783006760042,2026-07-02 17:39:20.042,C3:00:00:63:4C:D2,-70,127,1.5,2.5,1.5
1783006760055,2026-07-02 17:39:20.055,C3:00:00:63:4D:07,-56,127,1.5,2.5,1.5
1783006760061,2026-07-02 17:39:20.061,C3:00:00:63:4D:0A,-52,127,1.5,2.5,1.5
1783006760072,2026-07-02 17:39:20.072,C3:00:00:63:4D:05,-65,127,1.5,2.5,1.5
1783006760093,2026-07-02 17:39:20.093,C3:00:00:63:4D:04,-61,127,1.5,2.5,1.5
1783006760106,2026-07-02 17:39:20.106,C3:00:00:63:4D:0A,-53,127,1.5,2.5,1.5
1783006760114,2026-07-02 17:39:20.114,C3:00:00:63:4D:09,-63,127,1.5,2.5,1.5
1783006760122,2026-07-02 17:39:20.122,C3:00:00:63:4D:08,-62,127,1.5,2.5,1.5
1783006760150,2026-07-02 17:39:20.150,C3:00:00:63:4C:D2,-67,127,1.5,2.5,1.5
1783006760151,2026-07-02 17:39:20.151,C3:00:00:63:4D:0A,-63,127,1.5,2.5,1.5
1783006760158,2026-07-02 17:39:20.158,C3:00:00:63:4D:0D,-68,127,1.5,2.5,1.5
1783006760166,2026-07-02 17:39:20.166,C3:00:00:63:4D:07,-58,127,1.5,2.5,1.5
1783006760183,2026-07-02 17:39:20.183,C3:00:00:63:4D:05,-57,127,1.5,2.5,1.5
1783006760193,2026-07-02 17:39:20.193,C3:00:00:63:4D:0D,-60,127,1.5,2.5,1.5
1783006760219,2026-07-02 17:39:20.219,C3:00:00:63:4D:0A,-60,127,1.5,2.5,1.5
1783006760223,2026-07-02 17:39:20.223,C3:00:00:63:4D:08,-54,127,1.5,2.5,1.5
1783006760246,2026-07-02 17:39:20.246,C3:00:00:63:4C:D2,-62,127,1.5,2.5,1.5
1783006760268,2026-07-02 17:39:20.268,C3:00:00:63:4C:D2,-62,127,1.5,2.5,1.5
1783006760288,2026-07-02 17:39:20.288,C3:00:00:63:4D:07,-54,127,1.5,2.5,1.5
1783006760301,2026-07-02 17:39:20.301,C3:00:00:63:4D:05,-62,127,1.5,2.5,1.5
1783006760310,2026-07-02 17:39:20.310,C3:00:00:63:4D:04,-62,127,1.5,2.5,1.5
1783006760326,2026-07-02 17:39:20.326,C3:00:00:63:4D:0A,-52,127,1.5,2.5,1.5
1783006760332,2026-07-02 17:39:20.332,C3:00:00:63:4D:09,-66,127,1.5,2.5,1.5
1783006760339,2026-07-02 17:39:20.339,C3:00:00:63:4D:08,-57,127,1.5,2.5,1.5
1783006760342,2026-07-02 17:39:20.342,C3:00:00:63:4D:07,-59,127,1.5,2.5,1.5
1783006760383,2026-07-02 17:39:20.383,C3:00:00:63:4C:D2,-65,127,1.5,2.5,1.5
1783006760385,2026-07-02 17:39:20.385,C3:00:00:63:4D:05,-58,127,1.5,2.5,1.5
1783006760394,2026-07-02 17:39:20.394,C3:00:00:63:4D:07,-56,127,1.5,2.5,1.5
1783006760399,2026-07-02 17:39:20.399,C3:00:00:63:4D:0D,-58,127,1.5,2.5,1.5
1783006760436,2026-07-02 17:39:20.436,C3:00:00:63:4D:0A,-55,127,1.5,2.5,1.5
1783006760441,2026-07-02 17:39:20.441,C3:00:00:63:4D:08,-60,127,1.5,2.5,1.5
1783006760446,2026-07-02 17:39:20.446,C3:00:00:63:4D:09,-63,127,1.5,2.5,1.5
1783006760499,2026-07-02 17:39:20.499,C3:00:00:63:4C:D2,-62,127,1.5,2.5,1.5
1783006760521,2026-07-02 17:39:20.521,C3:00:00:63:4D:07,-54,127,1.5,2.5,1.5
1783006760529,2026-07-02 17:39:20.529,C3:00:00:63:4D:04,-62,127,1.5,2.5,1.5
1783006760533,2026-07-02 17:39:20.533,C3:00:00:63:4D:05,-62,127,1.5,2.5,1.5
1783006760553,2026-07-02 17:39:20.553,C3:00:00:63:4D:08,-55,127,1.5,2.5,1.5
1783006760555,2026-07-02 17:39:20.555,C3:00:00:63:4D:0A,-61,127,1.5,2.5,1.5
1783006760558,2026-07-02 17:39:20.558,C3:00:00:63:4D:09,-60,127,1.5,2.5,1.5
1783006760609,2026-07-02 17:39:20.609,C3:00:00:63:4D:0D,-56,127,1.5,2.5,1.5
1783006760611,2026-07-02 17:39:20.611,C3:00:00:63:4C:D2,-70,127,1.5,2.5,1.5
1783006760628,2026-07-02 17:39:20.628,C3:00:00:63:4D:07,-59,127,1.5,2.5,1.5
1783006760631,2026-07-02 17:39:20.631,C3:00:00:63:4D:04,-62,127,1.5,2.5,1.5
1783006760647,2026-07-02 17:39:20.647,C3:00:00:63:4D:05,-66,127,1.5,2.5,1.5
1783006760718,2026-07-02 17:39:20.718,C3:00:00:63:4D:0D,-60,127,1.5,2.5,1.5
1783006760723,2026-07-02 17:39:20.723,C3:00:00:63:4C:D2,-67,127,1.5,2.5,1.5
1783006760744,2026-07-02 17:39:20.744,C3:00:00:63:4D:04,-57,127,1.5,2.5,1.5
1783006760748,2026-07-02 17:39:20.748,C3:00:00:63:4D:07,-57,127,1.5,2.5,1.5
1783006760760,2026-07-02 17:39:20.760,C3:00:00:63:4D:05,-57,127,1.5,2.5,1.5
1783006760780,2026-07-02 17:39:20.780,C3:00:00:63:4D:08,-54,127,1.5,2.5,1.5
1783006760789,2026-07-02 17:39:20.789,C3:00:00:63:4D:09,-60,127,1.5,2.5,1.5
1783006760817,2026-07-02 17:39:20.817,C3:00:00:63:4D:09,-67,127,1.5,2.5,1.5
1783006760822,2026-07-02 17:39:20.822,C3:00:00:63:4D:0D,-54,127,1.5,2.5,1.5
1783006760845,2026-07-02 17:39:20.845,C3:00:00:63:4C:D2,-62,127,1.5,2.5,1.5
1783006760851,2026-07-02 17:39:20.851,C3:00:00:63:4D:04,-61,127,1.5,2.5,1.5
1783006760869,2026-07-02 17:39:20.869,C3:00:00:63:4D:07,-54,127,1.5,2.5,1.5
1783006760880,2026-07-02 17:39:20.880,C3:00:00:63:4D:09,-63,127,1.5,2.5,1.5
1783006760884,2026-07-02 17:39:20.884,C3:00:00:63:4D:05,-65,127,1.5,2.5,1.5
1783006760885,2026-07-02 17:39:20.885,C3:00:00:63:4D:08,-57,127,1.5,2.5,1.5
1783006760895,2026-07-02 17:39:20.895,C3:00:00:63:4D:0A,-53,127,1.5,2.5,1.5
1783006760914,2026-07-02 17:39:20.914,C3:00:00:63:4D:0A,-52,127,1.5,2.5,1.5
1783006760928,2026-07-02 17:39:20.928,C3:00:00:63:4D:0D,-56,127,1.5,2.5,1.5
1783006760960,2026-07-02 17:39:20.960,C3:00:00:63:4C:D2,-70,127,1.5,2.5,1.5
1783006760964,2026-07-02 17:39:20.964,C3:00:00:63:4D:04,-62,127,1.5,2.5,1.5
1783006760974,2026-07-02 17:39:20.974,C3:00:00:63:4D:07,-56,127,1.5,2.5,1.5
1783006760991,2026-07-02 17:39:20.991,C3:00:00:63:4D:05,-57,127,1.5,2.5,1.5
1783006760995,2026-07-02 17:39:20.995,C3:00:00:63:4D:08,-60,127,1.5,2.5,1.5
1783006761018,2026-07-02 17:39:21.018,C3:00:00:63:4D:09,-63,127,1.5,2.5,1.5
1783006761035,2026-07-02 17:39:21.035,C3:00:00:63:4D:0D,-58,127,1.5,2.5,1.5
1783006761066,2026-07-02 17:39:21.066,C3:00:00:63:4D:04,-55,127,1.5,2.5,1.5
1783006761089,2026-07-02 17:39:21.089,C3:00:00:63:4D:07,-54,127,1.5,2.5,1.5
1783006761106,2026-07-02 17:39:21.106,C3:00:00:63:4D:05,-62,127,1.5,2.5,1.5
1783006761116,2026-07-02 17:39:21.116,C3:00:00:63:4D:08,-54,127,1.5,2.5,1.5
1783006761117,2026-07-02 17:39:21.117,C3:00:00:63:4D:0A,-60,127,1.5,2.5,1.5
1783006761136,2026-07-02 17:39:21.136,C3:00:00:63:4D:09,-60,127,1.5,2.5,1.5
1783006761141,2026-07-02 17:39:21.141,C3:00:00:63:4D:0D,-55,127,1.5,2.5,1.5
1783006761176,2026-07-02 17:39:21.176,C3:00:00:63:4D:04,-62,127,1.5,2.5,1.5
1783006761193,2026-07-02 17:39:21.193,C3:00:00:63:4D:05,-67,127,1.5,2.5,1.5
1783006761195,2026-07-02 17:39:21.195,C3:00:00:63:4C:D2,-70,127,1.5,2.5,1.5
1783006761214,2026-07-02 17:39:21.214,C3:00:00:63:4D:07,-59,127,1.5,2.5,1.5
1783006761216,2026-07-02 17:39:21.216,C3:00:00:63:4D:08,-58,127,1.5,2.5,1.5
1783006761222,2026-07-02 17:39:21.222,C3:00:00:63:4D:0D,-56,127,1.5,2.5,1.5
1783006761239,2026-07-02 17:39:21.239,C3:00:00:63:4D:0A,-52,127,1.5,2.5,1.5
1783006761242,2026-07-02 17:39:21.242,C3:00:00:63:4D:0D,-56,127,1.5,2.5,1.5
1783006761267,2026-07-02 17:39:21.267,C3:00:00:63:4D:0D,-56,127,1.5,2.5,1.5
1783006761290,2026-07-02 17:39:21.290,C3:00:00:63:4D:04,-56,127,1.5,2.5,1.5
1783006761299,2026-07-02 17:39:21.299,C3:00:00:63:4C:D2,-64,127,1.5,2.5,1.5
1783006761314,2026-07-02 17:39:21.314,C3:00:00:63:4D:08,-60,127,1.5,2.5,1.5
1783006761321,2026-07-02 17:39:21.321,C3:00:00:63:4D:07,-56,127,1.5,2.5,1.5
1783006761334,2026-07-02 17:39:21.334,C3:00:00:63:4D:05,-57,127,1.5,2.5,1.5
1783006761351,2026-07-02 17:39:21.351,C3:00:00:63:4D:0D,-58,127,1.5,2.5,1.5
1783006761367,2026-07-02 17:39:21.367,C3:00:00:63:4D:09,-63,127,1.5,2.5,1.5
1783006761396,2026-07-02 17:39:21.396,C3:00:00:63:4D:04,-62,127,1.5,2.5,1.5
1783006761400,2026-07-02 17:39:21.400,C3:00:00:63:4D:07,-60,127,1.5,2.5,1.5
1783006761416,2026-07-02 17:39:21.416,C3:00:00:63:4C:D2,-62,127,1.5,2.5,1.5
1783006761432,2026-07-02 17:39:21.432,C3:00:00:63:4D:08,-55,127,1.5,2.5,1.5
1783006761437,2026-07-02 17:39:21.437,C3:00:00:63:4D:07,-54,127,1.5,2.5,1.5
1783006761449,2026-07-02 17:39:21.449,C3:00:00:63:4D:05,-62,127,1.5,2.5,1.5
1783006761454,2026-07-02 17:39:21.454,C3:00:00:63:4D:0A,-61,127,1.5,2.5,1.5
1783006761460,2026-07-02 17:39:21.460,C3:00:00:63:4D:0D,-55,127,1.5,2.5,1.5
1783006761471,2026-07-02 17:39:21.471,C3:00:00:63:4D:09,-67,127,1.5,2.5,1.5
1783006761512,2026-07-02 17:39:21.512,C3:00:00:63:4D:04,-62,127,1.5,2.5,1.5
1783006761526,2026-07-02 17:39:21.526,C3:00:00:63:4D:0A,-52,127,1.5,2.5,1.5
1783006761539,2026-07-02 17:39:21.539,C3:00:00:63:4D:08,-56,127,1.5,2.5,1.5
1783006761555,2026-07-02 17:39:21.555,C3:00:00:63:4D:07,-59,127,1.5,2.5,1.5
1783006761558,2026-07-02 17:39:21.558,C3:00:00:63:4D:0D,-56,127,1.5,2.5,1.5
1783006761565,2026-07-02 17:39:21.565,C3:00:00:63:4D:05,-66,127,1.5,2.5,1.5
1783006761574,2026-07-02 17:39:21.574,C3:00:00:63:4D:0A,-55,127,1.5,2.5,1.5
1783006761582,2026-07-02 17:39:21.582,C3:00:00:63:4D:09,-63,127,1.5,2.5,1.5
1783006761613,2026-07-02 17:39:21.613,C3:00:00:63:4D:04,-56,127,1.5,2.5,1.5
1783006761643,2026-07-02 17:39:21.643,C3:00:00:63:4D:08,-60,127,1.5,2.5,1.5
1783006761646,2026-07-02 17:39:21.646,C3:00:00:63:4C:D2,-64,127,1.5,2.5,1.5
1783006761667,2026-07-02 17:39:21.667,C3:00:00:63:4D:07,-58,127,1.5,2.5,1.5
1783006761671,2026-07-02 17:39:21.671,C3:00:00:63:4D:0D,-60,127,1.5,2.5,1.5
1783006761695,2026-07-02 17:39:21.695,C3:00:00:63:4D:0A,-60,127,1.5,2.5,1.5
1783006761699,2026-07-02 17:39:21.699,C3:00:00:63:4D:05,-61,127,1.5,2.5,1.5
1783006761711,2026-07-02 17:39:21.711,C3:00:00:63:4D:09,-60,127,1.5,2.5,1.5
1783006761724,2026-07-02 17:39:21.724,C3:00:00:63:4D:04,-61,127,1.5,2.5,1.5
1783006761758,2026-07-02 17:39:21.758,C3:00:00:63:4C:D2,-63,127,1.5,2.5,1.5
1783006761764,2026-07-02 17:39:21.764,C3:00:00:63:4D:08,-54,127,1.5,2.5,1.5
1783006761781,2026-07-02 17:39:21.781,C3:00:00:63:4D:07,-56,127,1.5,2.5,1.5
1783006761796,2026-07-02 17:39:21.796,C3:00:00:63:4D:05,-65,127,1.5,2.5,1.5
1783006761804,2026-07-02 17:39:21.804,C3:00:00:63:4D:0A,-52,127,1.5,2.5,1.5
1783006761818,2026-07-02 17:39:21.818,C3:00:00:63:4D:09,-64,127,1.5,2.5,1.5
1783006761838,2026-07-02 17:39:21.838,C3:00:00:63:4D:04,-61,127,1.5,2.5,1.5
1783006761870,2026-07-02 17:39:21.870,C3:00:00:63:4D:08,-57,127,1.5,2.5,1.5
1783006761894,2026-07-02 17:39:21.894,C3:00:00:63:4D:07,-56,127,1.5,2.5,1.5
1783006761919,2026-07-02 17:39:21.919,C3:00:00:63:4D:0A,-56,127,1.5,2.5,1.5
1783006761923,2026-07-02 17:39:21.923,C3:00:00:63:4D:05,-58,127,1.5,2.5,1.5
1783006761932,2026-07-02 17:39:21.932,C3:00:00:63:4D:09,-63,127,1.5,2.5,1.5
1783006761939,2026-07-02 17:39:21.939,C3:00:00:63:4D:04,-56,127,1.5,2.5,1.5
1783006761979,2026-07-02 17:39:21.979,C3:00:00:63:4D:08,-55,127,1.5,2.5,1.5
1783006761991,2026-07-02 17:39:21.991,C3:00:00:63:4C:D2,-62,127,1.5,2.5,1.5
1783006762017,2026-07-02 17:39:22.017,C3:00:00:63:4D:07,-54,127,1.5,2.5,1.5
1783006762025,2026-07-02 17:39:22.025,C3:00:00:63:4D:04,-62,127,1.5,2.5,1.5
1783006762060,2026-07-02 17:39:22.060,C3:00:00:63:4D:0A,-60,127,1.5,2.5,1.5
1783006762085,2026-07-02 17:39:22.085,C3:00:00:63:4D:08,-58,127,1.5,2.5,1.5
1783006762091,2026-07-02 17:39:22.091,C3:00:00:63:4D:0D,-56,127,1.5,2.5,1.5
1783006762112,2026-07-02 17:39:22.112,C3:00:00:63:4C:D2,-71,127,1.5,2.5,1.5
1783006762124,2026-07-02 17:39:22.124,C3:00:00:63:4D:07,-58,127,1.5,2.5,1.5
1783006762141,2026-07-02 17:39:22.141,C3:00:00:63:4D:0A,-52,127,1.5,2.5,1.5
1783006762151,2026-07-02 17:39:22.151,C3:00:00:63:4D:05,-66,127,1.5,2.5,1.5
1783006762161,2026-07-02 17:39:22.161,C3:00:00:63:4D:04,-62,127,1.5,2.5,1.5
1783006762165,2026-07-02 17:39:22.165,C3:00:00:63:4D:09,-67,127,1.5,2.5,1.5
1783006762187,2026-07-02 17:39:22.187,C3:00:00:63:4D:0D,-58,127,1.5,2.5,1.5
1783006762191,2026-07-02 17:39:22.191,C3:00:00:63:4D:08,-60,127,1.5,2.5,1.5
1783006762224,2026-07-02 17:39:22.224,C3:00:00:63:4C:D2,-64,127,1.5,2.5,1.5
1783006762244,2026-07-02 17:39:22.244,C3:00:00:63:4D:07,-56,127,1.5,2.5,1.5
1783006762254,2026-07-02 17:39:22.254,C3:00:00:63:4D:0A,-56,127,1.5,2.5,1.5
1783006762267,2026-07-02 17:39:22.267,C3:00:00:63:4D:05,-58,127,1.5,2.5,1.5
1783006762269,2026-07-02 17:39:22.269,C3:00:00:63:4C:D2,-64,127,1.5,2.5,1.5
1783006762292,2026-07-02 17:39:22.292,C3:00:00:63:4D:0D,-55,127,1.5,2.5,1.5
1783006762304,2026-07-02 17:39:22.304,C3:00:00:63:4D:08,-55,127,1.5,2.5,1.5
1783006762337,2026-07-02 17:39:22.337,C3:00:00:63:4C:D2,-63,127,1.5,2.5,1.5
1783006762350,2026-07-02 17:39:22.350,C3:00:00:63:4D:07,-54,127,1.5,2.5,1.5
1783006762364,2026-07-02 17:39:22.364,C3:00:00:63:4D:0A,-61,127,1.5,2.5,1.5
1783006762371,2026-07-02 17:39:22.371,C3:00:00:63:4D:05,-67,127,1.5,2.5,1.5
1783006762373,2026-07-02 17:39:22.373,C3:00:00:63:4D:07,-58,127,1.5,2.5,1.5
1783006762381,2026-07-02 17:39:22.381,C3:00:00:63:4D:04,-62,127,1.5,2.5,1.5
1783006762395,2026-07-02 17:39:22.395,C3:00:00:63:4D:09,-67,127,1.5,2.5,1.5
1783006762402,2026-07-02 17:39:22.402,C3:00:00:63:4D:0D,-56,127,1.5,2.5,1.5
1783006762407,2026-07-02 17:39:22.407,C3:00:00:63:4D:07,-58,127,1.5,2.5,1.5
1783006762411,2026-07-02 17:39:22.411,C3:00:00:63:4D:05,-66,127,1.5,2.5,1.5
1783006762413,2026-07-02 17:39:22.413,C3:00:00:63:4D:08,-58,127,1.5,2.5,1.5
1783006762474,2026-07-02 17:39:22.474,C3:00:00:63:4D:07,-56,127,1.5,2.5,1.5
1783006762481,2026-07-02 17:39:22.481,C3:00:00:63:4D:05,-58,127,1.5,2.5,1.5
1783006762491,2026-07-02 17:39:22.491,C3:00:00:63:4D:04,-57,127,1.5,2.5,1.5
1783006762515,2026-07-02 17:39:22.515,C3:00:00:63:4D:08,-60,127,1.5,2.5,1.5
1783006762524,2026-07-02 17:39:22.524,C3:00:00:63:4D:09,-63,127,1.5,2.5,1.5
1783006762567,2026-07-02 17:39:22.567,C3:00:00:63:4C:D2,-64,127,1.5,2.5,1.5
1783006762590,2026-07-02 17:39:22.590,C3:00:00:63:4D:07,-54,127,1.5,2.5,1.5
1783006762596,2026-07-02 17:39:22.596,C3:00:00:63:4D:0A,-60,127,1.5,2.5,1.5
1783006762605,2026-07-02 17:39:22.605,C3:00:00:63:4D:0D,-54,127,1.5,2.5,1.5
1783006762616,2026-07-02 17:39:22.616,C3:00:00:63:4D:09,-60,127,1.5,2.5,1.5
1783006762684,2026-07-02 17:39:22.684,C3:00:00:63:4C:D2,-70,127,1.5,2.5,1.5
1783006762707,2026-07-02 17:39:22.707,C3:00:00:63:4D:04,-61,127,1.5,2.5,1.5
1783006762719,2026-07-02 17:39:22.719,C3:00:00:63:4D:05,-65,127,1.5,2.5,1.5
1783006762735,2026-07-02 17:39:22.735,C3:00:00:63:4D:09,-64,127,1.5,2.5,1.5
1783006762741,2026-07-02 17:39:22.741,C3:00:00:63:4D:08,-57,127,1.5,2.5,1.5
1783006762758,2026-07-02 17:39:22.758,C3:00:00:63:4D:08,-57,127,1.5,2.5,1.5
1783006762778,2026-07-02 17:39:22.778,C3:00:00:63:4D:08,-70,127,1.5,2.5,1.5
1783006762796,2026-07-02 17:39:22.796,C3:00:00:63:4C:D2,-67,127,1.5,2.5,1.5
1783006762813,2026-07-02 17:39:22.813,C3:00:00:63:4D:0A,-56,127,1.5,2.5,1.5
1783006762818,2026-07-02 17:39:22.818,C3:00:00:63:4D:07,-58,127,1.5,2.5,1.5
1783006762820,2026-07-02 17:39:22.820,C3:00:00:63:4D:0D,-60,127,1.5,2.5,1.5
1783006762833,2026-07-02 17:39:22.833,C3:00:00:63:4D:05,-58,127,1.5,2.5,1.5
1783006762844,2026-07-02 17:39:22.844,C3:00:00:63:4D:08,-58,127,1.5,2.5,1.5
1783006762872,2026-07-02 17:39:22.872,C3:00:00:63:4D:09,-60,127,1.5,2.5,1.5
1783006762911,2026-07-02 17:39:22.911,C3:00:00:63:4C:D2,-63,127,1.5,2.5,1.5
1783006762921,2026-07-02 17:39:22.921,C3:00:00:63:4D:0D,-54,127,1.5,2.5,1.5
1783006762935,2026-07-02 17:39:22.935,C3:00:00:63:4D:04,-61,127,1.5,2.5,1.5
1783006762939,2026-07-02 17:39:22.939,C3:00:00:63:4D:07,-54,127,1.5,2.5,1.5
1783006762940,2026-07-02 17:39:22.940,C3:00:00:63:4D:0A,-60,127,1.5,2.5,1.5
1783006762952,2026-07-02 17:39:22.952,C3:00:00:63:4D:05,-62,127,1.5,2.5,1.5
1783006762955,2026-07-02 17:39:22.955,C3:00:00:63:4D:08,-54,127,1.5,2.5,1.5
1783006762957,2026-07-02 17:39:22.957,C3:00:00:63:4D:09,-60,127,1.5,2.5,1.5
1783006763011,2026-07-02 17:39:23.011,C3:00:00:63:4D:08,-57,127,1.5,2.5,1.5
1783006763025,2026-07-02 17:39:23.025,C3:00:00:63:4D:05,-73,127,1.5,2.5,1.5
1783006763038,2026-07-02 17:39:23.038,C3:00:00:63:4D:0A,-52,127,1.5,2.5,1.5
1783006763050,2026-07-02 17:39:23.050,C3:00:00:63:4D:07,-56,127,1.5,2.5,1.5
1783006763063,2026-07-02 17:39:23.063,C3:00:00:63:4D:05,-65,127,1.5,2.5,1.5
1783006763072,2026-07-02 17:39:23.072,C3:00:00:63:4D:08,-57,127,1.5,2.5,1.5
1783006763080,2026-07-02 17:39:23.080,C3:00:00:63:4D:09,-64,127,1.5,2.5,1.5
1783006763102,2026-07-02 17:39:23.102,C3:00:00:63:4D:05,-58,127,1.5,2.5,1.5
1783006763131,2026-07-02 17:39:23.131,C3:00:00:63:4D:0D,-59,127,1.5,2.5,1.5
1783006763139,2026-07-02 17:39:23.139,C3:00:00:63:4C:D2,-66,127,1.5,2.5,1.5
1783006763146,2026-07-02 17:39:23.146,C3:00:00:63:4D:04,-57,127,1.5,2.5,1.5
1783006763157,2026-07-02 17:39:23.157,C3:00:00:63:4D:0A,-55,127,1.5,2.5,1.5
1783006763165,2026-07-02 17:39:23.165,C3:00:00:63:4D:07,-56,127,1.5,2.5,1.5
1783006763180,2026-07-02 17:39:23.180,C3:00:00:63:4D:08,-55,127,1.5,2.5,1.5
1783006763188,2026-07-02 17:39:23.188,C3:00:00:63:4D:05,-63,127,1.5,2.5,1.5
1783006763190,2026-07-02 17:39:23.190,C3:00:00:63:4D:09,-60,127,1.5,2.5,1.5
1783006763242,2026-07-02 17:39:23.242,C3:00:00:63:4D:04,-62,127,1.5,2.5,1.5
1783006763247,2026-07-02 17:39:23.247,C3:00:00:63:4D:0D,-55,127,1.5,2.5,1.5
1783006763253,2026-07-02 17:39:23.253,C3:00:00:63:4C:D2,-62,127,1.5,2.5,1.5
1783006763267,2026-07-02 17:39:23.267,C3:00:00:63:4D:0A,-61,127,1.5,2.5,1.5
1783006763278,2026-07-02 17:39:23.278,C3:00:00:63:4D:0D,-56,127,1.5,2.5,1.5
1783006763291,2026-07-02 17:39:23.291,C3:00:00:63:4D:05,-66,127,1.5,2.5,1.5
1783006763297,2026-07-02 17:39:23.297,C3:00:00:63:4D:09,-67,127,1.5,2.5,1.5
1783006763348,2026-07-02 17:39:23.348,C3:00:00:63:4D:0D,-56,127,1.5,2.5,1.5
1783006763364,2026-07-02 17:39:23.364,C3:00:00:63:4D:04,-62,127,1.5,2.5,1.5
1783006763384,2026-07-02 17:39:23.384,C3:00:00:63:4D:0A,-55,127,1.5,2.5,1.5
1783006763411,2026-07-02 17:39:23.411,C3:00:00:63:4D:09,-63,127,1.5,2.5,1.5
1783006763418,2026-07-02 17:39:23.418,C3:00:00:63:4D:05,-58,127,1.5,2.5,1.5
1783006763451,2026-07-02 17:39:23.451,C3:00:00:63:4D:0D,-58,127,1.5,2.5,1.5
1783006763467,2026-07-02 17:39:23.467,C3:00:00:63:4D:04,-57,127,1.5,2.5,1.5
1783006763488,2026-07-02 17:39:23.488,C3:00:00:63:4C:D2,-62,127,1.5,2.5,1.5
1783006763501,2026-07-02 17:39:23.501,C3:00:00:63:4D:04,-62,127,1.5,2.5,1.5
1783006763506,2026-07-02 17:39:23.506,C3:00:00:63:4D:0A,-61,127,1.5,2.5,1.5
1783006763511,2026-07-02 17:39:23.511,C3:00:00:63:4D:07,-54,127,1.5,2.5,1.5
1783006763520,2026-07-02 17:39:23.520,C3:00:00:63:4D:05,-63,127,1.5,2.5,1.5
1783006763522,2026-07-02 17:39:23.522,C3:00:00:63:4D:09,-60,127,1.5,2.5,1.5
1783006763526,2026-07-02 17:39:23.526,C3:00:00:63:4D:0A,-61,127,1.5,2.5,1.5
1783006763550,2026-07-02 17:39:23.550,C3:00:00:63:4D:0D,-55,127,1.5,2.5,1.5
1783006763554,2026-07-02 17:39:23.554,C3:00:00:63:4D:09,-60,127,1.5,2.5,1.5
1783006763575,2026-07-02 17:39:23.575,C3:00:00:63:4D:04,-62,127,1.5,2.5,1.5
1783006763594,2026-07-02 17:39:23.594,C3:00:00:63:4D:04,-69,127,1.5,2.5,1.5
1783006763603,2026-07-02 17:39:23.603,C3:00:00:63:4C:D2,-71,127,1.5,2.5,1.5
1783006763615,2026-07-02 17:39:23.615,C3:00:00:63:4D:08,-57,127,1.5,2.5,1.5
1783006763619,2026-07-02 17:39:23.619,C3:00:00:63:4D:07,-58,127,1.5,2.5,1.5
1783006763638,2026-07-02 17:39:23.638,C3:00:00:63:4D:05,-65,127,1.5,2.5,1.5
1783006763659,2026-07-02 17:39:23.659,C3:00:00:63:4D:09,-63,127,1.5,2.5,1.5
1783006763664,2026-07-02 17:39:23.664,C3:00:00:63:4D:0D,-54,127,1.5,2.5,1.5
1783006763689,2026-07-02 17:39:23.689,C3:00:00:63:4D:04,-57,127,1.5,2.5,1.5
1783006763715,2026-07-02 17:39:23.715,C3:00:00:63:4C:D2,-67,127,1.5,2.5,1.5
1783006763721,2026-07-02 17:39:23.721,C3:00:00:63:4D:08,-62,127,1.5,2.5,1.5
1783006763733,2026-07-02 17:39:23.733,C3:00:00:63:4D:0A,-56,127,1.5,2.5,1.5
1783006763735,2026-07-02 17:39:23.735,C3:00:00:63:4D:07,-58,127,1.5,2.5,1.5
1783006763753,2026-07-02 17:39:23.753,C3:00:00:63:4D:09,-62,127,1.5,2.5,1.5
1783006763761,2026-07-02 17:39:23.761,C3:00:00:63:4D:0D,-60,127,1.5,2.5,1.5
1783006763800,2026-07-02 17:39:23.800,C3:00:00:63:4D:04,-62,127,1.5,2.5,1.5
1783006763827,2026-07-02 17:39:23.827,C3:00:00:63:4D:08,-54,127,1.5,2.5,1.5
1783006763830,2026-07-02 17:39:23.830,C3:00:00:63:4D:0A,-60,127,1.5,2.5,1.5
1783006763854,2026-07-02 17:39:23.854,C3:00:00:63:4D:07,-54,127,1.5,2.5,1.5
1783006763862,2026-07-02 17:39:23.862,C3:00:00:63:4D:0D,-54,127,1.5,2.5,1.5
1783006763869,2026-07-02 17:39:23.869,C3:00:00:63:4D:05,-62,127,1.5,2.5,1.5
1783006763875,2026-07-02 17:39:23.875,C3:00:00:63:4D:09,-63,127,1.5,2.5,1.5
1783006763909,2026-07-02 17:39:23.909,C3:00:00:63:4D:04,-61,127,1.5,2.5,1.5
1783006763934,2026-07-02 17:39:23.934,C3:00:00:63:4D:08,-57,127,1.5,2.5,1.5
1783006763950,2026-07-02 17:39:23.950,C3:00:00:63:4D:0A,-52,127,1.5,2.5,1.5
1783006763955,2026-07-02 17:39:23.955,C3:00:00:63:4D:08,-57,127,1.5,2.5,1.5
1783006763962,2026-07-02 17:39:23.962,C3:00:00:63:4D:07,-56,127,1.5,2.5,1.5
1783006763978,2026-07-02 17:39:23.978,C3:00:00:63:4D:09,-62,127,1.5,2.5,1.5
1783006764015,2026-07-02 17:39:24.015,C3:00:00:63:4D:04,-56,127,1.5,2.5,1.5
1783006764042,2026-07-02 17:39:24.042,C3:00:00:63:4D:04,-58,127,1.5,2.5,1.5
1783006764045,2026-07-02 17:39:24.045,C3:00:00:63:4D:08,-60,127,1.5,2.5,1.5
1783006764054,2026-07-02 17:39:24.054,C3:00:00:63:4D:0A,-56,127,1.5,2.5,1.5
1783006764062,2026-07-02 17:39:24.062,C3:00:00:63:4C:D2,-64,127,1.5,2.5,1.5
1783006764076,2026-07-02 17:39:24.076,C3:00:00:63:4D:0A,-61,127,1.5,2.5,1.5
1783006764092,2026-07-02 17:39:24.092,C3:00:00:63:4D:05,-63,127,1.5,2.5,1.5
1783006764100,2026-07-02 17:39:24.100,C3:00:00:63:4D:09,-60,127,1.5,2.5,1.5
1783006764120,2026-07-02 17:39:24.120,C3:00:00:63:4D:04,-62,127,1.5,2.5,1.5
1783006764150,2026-07-02 17:39:24.150,C3:00:00:63:4D:08,-55,127,1.5,2.5,1.5
1783006764160,2026-07-02 17:39:24.160,C3:00:00:63:4D:0A,-69,127,1.5,2.5,1.5
1783006764178,2026-07-02 17:39:24.178,C3:00:00:63:4D:0D,-64,127,1.5,2.5,1.5
1783006764186,2026-07-02 17:39:24.186,C3:00:00:63:4C:D2,-70,127,1.5,2.5,1.5
1783006764192,2026-07-02 17:39:24.192,C3:00:00:63:4D:0A,-52,127,1.5,2.5,1.5
1783006764195,2026-07-02 17:39:24.195,C3:00:00:63:4D:07,-58,127,1.5,2.5,1.5
1783006764196,2026-07-02 17:39:24.196,C3:00:00:63:4D:0D,-56,127,1.5,2.5,1.5
1783006764208,2026-07-02 17:39:24.208,C3:00:00:63:4D:09,-66,127,1.5,2.5,1.5
1783006764235,2026-07-02 17:39:24.235,C3:00:00:63:4D:04,-62,127,1.5,2.5,1.5
1783006764264,2026-07-02 17:39:24.264,C3:00:00:63:4D:08,-57,127,1.5,2.5,1.5
1783006764269,2026-07-02 17:39:24.269,C3:00:00:63:4C:D2,-71,127,1.5,2.5,1.5
1783006764286,2026-07-02 17:39:24.286,C3:00:00:63:4D:0A,-56,127,1.5,2.5,1.5
1783006764290,2026-07-02 17:39:24.290,C3:00:00:63:4D:0D,-58,127,1.5,2.5,1.5
1783006764293,2026-07-02 17:39:24.293,C3:00:00:63:4C:D2,-64,127,1.5,2.5,1.5
1783006764307,2026-07-02 17:39:24.307,C3:00:00:63:4D:07,-56,127,1.5,2.5,1.5
1783006764326,2026-07-02 17:39:24.326,C3:00:00:63:4D:05,-58,127,1.5,2.5,1.5
1783006764338,2026-07-02 17:39:24.338,C3:00:00:63:4D:04,-57,127,1.5,2.5,1.5
1783006764356,2026-07-02 17:39:24.356,C3:00:00:63:4D:07,-56,127,1.5,2.5,1.5
1783006764369,2026-07-02 17:39:24.369,C3:00:00:63:4D:08,-60,127,1.5,2.5,1.5
1783006764396,2026-07-02 17:39:24.396,C3:00:00:63:4D:0A,-61,127,1.5,2.5,1.5
1783006764401,2026-07-02 17:39:24.401,C3:00:00:63:4D:0D,-55,127,1.5,2.5,1.5
1783006764405,2026-07-02 17:39:24.405,C3:00:00:63:4C:D2,-62,127,1.5,2.5,1.5
1783006764414,2026-07-02 17:39:24.414,C3:00:00:63:4D:05,-63,127,1.5,2.5,1.5
1783006764427,2026-07-02 17:39:24.427,C3:00:00:63:4D:07,-54,127,1.5,2.5,1.5
1783006764439,2026-07-02 17:39:24.439,C3:00:00:63:4D:09,-60,127,1.5,2.5,1.5
1783006764444,2026-07-02 17:39:24.444,C3:00:00:63:4D:05,-63,127,1.5,2.5,1.5
1783006764478,2026-07-02 17:39:24.478,C3:00:00:63:4D:08,-57,127,1.5,2.5,1.5
1783006764542,2026-07-02 17:39:24.542,C3:00:00:63:4D:07,-58,127,1.5,2.5,1.5
1783006764564,2026-07-02 17:39:24.564,C3:00:00:63:4D:04,-62,127,1.5,2.5,1.5
1783006764595,2026-07-02 17:39:24.595,C3:00:00:63:4D:08,-60,127,1.5,2.5,1.5
1783006764614,2026-07-02 17:39:24.614,C3:00:00:63:4D:0D,-58,127,1.5,2.5,1.5
1783006764627,2026-07-02 17:39:24.627,C3:00:00:63:4D:0A,-56,127,1.5,2.5,1.5
1783006764652,2026-07-02 17:39:24.652,C3:00:00:63:4D:07,-56,127,1.5,2.5,1.5
1783006764666,2026-07-02 17:39:24.666,C3:00:00:63:4D:09,-63,127,1.5,2.5,1.5
1783006764670,2026-07-02 17:39:24.670,C3:00:00:63:4D:05,-58,127,1.5,2.5,1.5
1783006764678,2026-07-02 17:39:24.678,C3:00:00:63:4C:D2,-70,127,1.5,2.5,1.5
1783006764693,2026-07-02 17:39:24.693,C3:00:00:63:4D:08,-54,127,1.5,2.5,1.5
1783006764708,2026-07-02 17:39:24.708,C3:00:00:63:4D:0D,-55,127,1.5,2.5,1.5
1783006764732,2026-07-02 17:39:24.732,C3:00:00:63:4D:0A,-61,127,1.5,2.5,1.5
1783006764757,2026-07-02 17:39:24.757,C3:00:00:63:4C:D2,-62,127,1.5,2.5,1.5
1783006764785,2026-07-02 17:39:24.785,C3:00:00:63:4D:09,-66,127,1.5,2.5,1.5
1783006764815,2026-07-02 17:39:24.815,C3:00:00:63:4D:08,-57,127,1.5,2.5,1.5
1783006764818,2026-07-02 17:39:24.818,C3:00:00:63:4D:0D,-56,127,1.5,2.5,1.5
1783006764828,2026-07-02 17:39:24.828,C3:00:00:63:4D:09,-74,127,1.5,2.5,1.5
1783006764845,2026-07-02 17:39:24.845,C3:00:00:63:4D:0A,-52,127,1.5,2.5,1.5
1783006764871,2026-07-02 17:39:24.871,C3:00:00:63:4C:D2,-70,127,1.5,2.5,1.5
1783006764885,2026-07-02 17:39:24.885,C3:00:00:63:4D:07,-56,127,1.5,2.5,1.5
1783006764896,2026-07-02 17:39:24.896,C3:00:00:63:4D:09,-63,127,1.5,2.5,1.5
1783006764903,2026-07-02 17:39:24.903,C3:00:00:63:4D:05,-57,127,1.5,2.5,1.5
1783006764911,2026-07-02 17:39:24.911,C3:00:00:63:4D:0D,-60,127,1.5,2.5,1.5
1783006764923,2026-07-02 17:39:24.923,C3:00:00:63:4D:08,-62,127,1.5,2.5,1.5
1783006764928,2026-07-02 17:39:24.928,C3:00:00:63:4D:0A,-56,127,1.5,2.5,1.5
1783006764956,2026-07-02 17:39:24.956,C3:00:00:63:4D:0A,-56,127,1.5,2.5,1.5
1783006764987,2026-07-02 17:39:24.987,C3:00:00:63:4C:D2,-62,127,1.5,2.5,1.5
1783006765000,2026-07-02 17:39:25.000,C3:00:00:63:4D:07,-54,127,1.5,2.5,1.5
1783006765015,2026-07-02 17:39:25.015,C3:00:00:63:4D:09,-60,127,1.5,2.5,1.5
1783006765021,2026-07-02 17:39:25.021,C3:00:00:63:4D:05,-61,127,1.5,2.5,1.5
1783006765026,2026-07-02 17:39:25.026,C3:00:00:63:4D:08,-54,127,1.5,2.5,1.5
1783006765029,2026-07-02 17:39:25.029,C3:00:00:63:4D:0D,-54,127,1.5,2.5,1.5
1783006765045,2026-07-02 17:39:25.045,C3:00:00:63:4D:08,-54,127,1.5,2.5,1.5
1783006765076,2026-07-02 17:39:25.076,C3:00:00:63:4D:0A,-52,127,1.5,2.5,1.5
1783006765097,2026-07-02 17:39:25.097,C3:00:00:63:4C:D2,-70,127,1.5,2.5,1.5
1783006765103,2026-07-02 17:39:25.103,C3:00:00:63:4D:04,-62,127,1.5,2.5,1.5
1783006765109,2026-07-02 17:39:25.109,C3:00:00:63:4D:05,-67,127,1.5,2.5,1.5
1783006765117,2026-07-02 17:39:25.117,C3:00:00:63:4D:07,-56,127,1.5,2.5,1.5
1783006765125,2026-07-02 17:39:25.125,C3:00:00:63:4D:09,-63,127,1.5,2.5,1.5
1783006765129,2026-07-02 17:39:25.129,C3:00:00:63:4D:0D,-54,127,1.5,2.5,1.5
1783006765135,2026-07-02 17:39:25.135,C3:00:00:63:4D:05,-65,127,1.5,2.5,1.5
1783006765139,2026-07-02 17:39:25.139,C3:00:00:63:4D:08,-56,127,1.5,2.5,1.5
1783006765185,2026-07-02 17:39:25.185,C3:00:00:63:4D:0A,-56,127,1.5,2.5,1.5
1783006765208,2026-07-02 17:39:25.208,C3:00:00:63:4D:05,-57,127,1.5,2.5,1.5
1783006765230,2026-07-02 17:39:25.230,C3:00:00:63:4D:04,-57,127,1.5,2.5,1.5
1783006765232,2026-07-02 17:39:25.232,C3:00:00:63:4C:D2,-67,127,1.5,2.5,1.5
1783006765233,2026-07-02 17:39:25.233,C3:00:00:63:4D:0D,-60,127,1.5,2.5,1.5
1783006765245,2026-07-02 17:39:25.245,C3:00:00:63:4D:07,-58,127,1.5,2.5,1.5
1783006765251,2026-07-02 17:39:25.251,C3:00:00:63:4D:09,-62,127,1.5,2.5,1.5
1783006765254,2026-07-02 17:39:25.254,C3:00:00:63:4D:08,-62,127,1.5,2.5,1.5
1783006765259,2026-07-02 17:39:25.259,C3:00:00:63:4D:05,-58,127,1.5,2.5,1.5
1783006765261,2026-07-02 17:39:25.261,C3:00:00:63:4D:0D,-60,127,1.5,2.5,1.5
1783006765284,2026-07-02 17:39:25.284,C3:00:00:63:4D:0D,-54,127,1.5,2.5,1.5
1783006765286,2026-07-02 17:39:25.286,C3:00:00:63:4D:07,-54,127,1.5,2.5,1.5
1783006765293,2026-07-02 17:39:25.293,C3:00:00:63:4D:0A,-60,127,1.5,2.5,1.5
1783006765320,2026-07-02 17:39:25.320,C3:00:00:63:4D:04,-61,127,1.5,2.5,1.5
1783006765321,2026-07-02 17:39:25.321,C3:00:00:63:4C:D2,-62,127,1.5,2.5,1.5
1783006765340,2026-07-02 17:39:25.340,C3:00:00:63:4D:0D,-54,127,1.5,2.5,1.5
1783006765345,2026-07-02 17:39:25.345,C3:00:00:63:4D:07,-54,127,1.5,2.5,1.5
1783006765352,2026-07-02 17:39:25.352,C3:00:00:63:4D:09,-60,127,1.5,2.5,1.5
1783006765356,2026-07-02 17:39:25.356,C3:00:00:63:4D:08,-54,127,1.5,2.5,1.5
1783006765365,2026-07-02 17:39:25.365,C3:00:00:63:4D:05,-61,127,1.5,2.5,1.5
1783006765398,2026-07-02 17:39:25.398,C3:00:00:63:4D:07,-66,127,1.5,2.5,1.5
1783006765416,2026-07-02 17:39:25.416,C3:00:00:63:4D:0A,-52,127,1.5,2.5,1.5
1783006765435,2026-07-02 17:39:25.435,C3:00:00:63:4D:04,-62,127,1.5,2.5,1.5
1783006765442,2026-07-02 17:39:25.442,C3:00:00:63:4D:0D,-56,127,1.5,2.5,1.5
1783006765450,2026-07-02 17:39:25.450,C3:00:00:63:4C:D2,-70,127,1.5,2.5,1.5
1783006765453,2026-07-02 17:39:25.453,C3:00:00:63:4D:07,-58,127,1.5,2.5,1.5
1783006765470,2026-07-02 17:39:25.470,C3:00:00:63:4D:09,-66,127,1.5,2.5,1.5
1783006765476,2026-07-02 17:39:25.476,C3:00:00:63:4D:05,-58,127,1.5,2.5,1.5
1783006765525,2026-07-02 17:39:25.525,C3:00:00:63:4D:0A,-56,127,1.5,2.5,1.5
1783006765536,2026-07-02 17:39:25.536,C3:00:00:63:4D:04,-57,127,1.5,2.5,1.5
1783006765544,2026-07-02 17:39:25.544,C3:00:00:63:4D:0A,-56,127,1.5,2.5,1.5
1783006765551,2026-07-02 17:39:25.551,C3:00:00:63:4D:0D,-58,127,1.5,2.5,1.5
1783006765558,2026-07-02 17:39:25.558,C3:00:00:63:4C:D2,-65,127,1.5,2.5,1.5
1783006765567,2026-07-02 17:39:25.567,C3:00:00:63:4D:09,-63,127,1.5,2.5,1.5
1783006765575,2026-07-02 17:39:25.575,C3:00:00:63:4D:08,-55,127,1.5,2.5,1.5
1783006765579,2026-07-02 17:39:25.579,C3:00:00:63:4D:07,-54,127,1.5,2.5,1.5
1783006765582,2026-07-02 17:39:25.582,C3:00:00:63:4C:D2,-62,127,1.5,2.5,1.5
1783006765585,2026-07-02 17:39:25.585,C3:00:00:63:4D:09,-60,127,1.5,2.5,1.5
1783006765592,2026-07-02 17:39:25.592,C3:00:00:63:4D:05,-63,127,1.5,2.5,1.5
1783006765638,2026-07-02 17:39:25.638,C3:00:00:63:4D:0A,-61,127,1.5,2.5,1.5
1783006765644,2026-07-02 17:39:25.644,C3:00:00:63:4D:04,-62,127,1.5,2.5,1.5
1783006765657,2026-07-02 17:39:25.657,C3:00:00:63:4D:0D,-55,127,1.5,2.5,1.5
1783006765682,2026-07-02 17:39:25.682,C3:00:00:63:4C:D2,-70,127,1.5,2.5,1.5
1783006765691,2026-07-02 17:39:25.691,C3:00:00:63:4D:08,-58,127,1.5,2.5,1.5
1783006765695,2026-07-02 17:39:25.695,C3:00:00:63:4D:07,-58,127,1.5,2.5,1.5
1783006765709,2026-07-02 17:39:25.709,C3:00:00:63:4D:05,-67,127,1.5,2.5,1.5
1783006765750,2026-07-02 17:39:25.750,C3:00:00:63:4D:0A,-52,127,1.5,2.5,1.5
1783006765823,2026-07-02 17:39:25.823,C3:00:00:63:4D:05,-58,127,1.5,2.5,1.5
1783006765857,2026-07-02 17:39:25.857,C3:00:00:63:4D:0D,-58,127,1.5,2.5,1.5
1783006765861,2026-07-02 17:39:25.861,C3:00:00:63:4D:0A,-56,127,1.5,2.5,1.5
1783006765867,2026-07-02 17:39:25.867,C3:00:00:63:4D:04,-57,127,1.5,2.5,1.5
1783006765894,2026-07-02 17:39:25.894,C3:00:00:63:4D:08,-55,127,1.5,2.5,1.5
1783006765905,2026-07-02 17:39:25.905,C3:00:00:63:4C:D2,-62,127,1.5,2.5,1.5
1783006765919,2026-07-02 17:39:25.919,C3:00:00:63:4D:07,-54,127,1.5,2.5,1.5
1783006765922,2026-07-02 17:39:25.922,C3:00:00:63:4D:09,-60,127,1.5,2.5,1.5
1783006765933,2026-07-02 17:39:25.933,C3:00:00:63:4D:05,-63,127,1.5,2.5,1.5
1783006765948,2026-07-02 17:39:25.948,C3:00:00:63:4D:08,-55,127,1.5,2.5,1.5
1783006765978,2026-07-02 17:39:25.978,C3:00:00:63:4D:0A,-52,127,1.5,2.5,1.5
1783006765984,2026-07-02 17:39:25.984,C3:00:00:63:4D:04,-62,127,1.5,2.5,1.5
1783006765994,2026-07-02 17:39:25.994,C3:00:00:63:4D:0D,-56,127,1.5,2.5,1.5
1783006766006,2026-07-02 17:39:26.006,C3:00:00:63:4D:08,-58,127,1.5,2.5,1.5
1783006766023,2026-07-02 17:39:26.023,C3:00:00:63:4C:D2,-70,127,1.5,2.5,1.5
1783006766027,2026-07-02 17:39:26.027,C3:00:00:63:4D:04,-62,127,1.5,2.5,1.5
1783006766036,2026-07-02 17:39:26.036,C3:00:00:63:4D:09,-66,127,1.5,2.5,1.5
1783006766040,2026-07-02 17:39:26.040,C3:00:00:63:4D:07,-58,127,1.5,2.5,1.5
1783006766048,2026-07-02 17:39:26.048,C3:00:00:63:4D:04,-62,127,1.5,2.5,1.5
1783006766056,2026-07-02 17:39:26.056,C3:00:00:63:4D:05,-66,127,1.5,2.5,1.5
1783006766069,2026-07-02 17:39:26.069,C3:00:00:63:4D:0A,-56,127,1.5,2.5,1.5
1783006766090,2026-07-02 17:39:26.090,C3:00:00:63:4D:04,-57,127,1.5,2.5,1.5
1783006766100,2026-07-02 17:39:26.100,C3:00:00:63:4D:0A,-56,127,1.5,2.5,1.5
1783006766118,2026-07-02 17:39:26.118,C3:00:00:63:4D:08,-60,127,1.5,2.5,1.5
1783006766134,2026-07-02 17:39:26.134,C3:00:00:63:4C:D2,-65,127,1.5,2.5,1.5
1783006766150,2026-07-02 17:39:26.150,C3:00:00:63:4D:07,-56,127,1.5,2.5,1.5
1783006766159,2026-07-02 17:39:26.159,C3:00:00:63:4D:09,-63,127,1.5,2.5,1.5
1783006766176,2026-07-02 17:39:26.176,C3:00:00:63:4D:05,-63,127,1.5,2.5,1.5
1783006766181,2026-07-02 17:39:26.181,C3:00:00:63:4D:0D,-55,127,1.5,2.5,1.5
1783006766200,2026-07-02 17:39:26.200,C3:00:00:63:4D:04,-61,127,1.5,2.5,1.5
1783006766208,2026-07-02 17:39:26.208,C3:00:00:63:4D:0A,-60,127,1.5,2.5,1.5
1783006766227,2026-07-02 17:39:26.227,C3:00:00:63:4D:08,-54,127,1.5,2.5,1.5
1783006766254,2026-07-02 17:39:26.254,C3:00:00:63:4C:D2,-62,127,1.5,2.5,1.5
1783006766271,2026-07-02 17:39:26.271,C3:00:00:63:4D:07,-54,127,1.5,2.5,1.5
1783006766279,2026-07-02 17:39:26.279,C3:00:00:63:4D:09,-60,127,1.5,2.5,1.5
1783006766287,2026-07-02 17:39:26.287,C3:00:00:63:4D:0D,-54,127,1.5,2.5,1.5
1783006766296,2026-07-02 17:39:26.296,C3:00:00:63:4C:D2,-71,127,1.5,2.5,1.5
1783006766302,2026-07-02 17:39:26.302,C3:00:00:63:4D:05,-65,127,1.5,2.5,1.5
1783006766309,2026-07-02 17:39:26.309,C3:00:00:63:4D:04,-61,127,1.5,2.5,1.5
1783006766321,2026-07-02 17:39:26.321,C3:00:00:63:4D:0A,-52,127,1.5,2.5,1.5
1783006766339,2026-07-02 17:39:26.339,C3:00:00:63:4D:08,-57,127,1.5,2.5,1.5
1783006766369,2026-07-02 17:39:26.369,C3:00:00:63:4C:D2,-70,127,1.5,2.5,1.5
1783006766376,2026-07-02 17:39:26.376,C3:00:00:63:4D:07,-58,127,1.5,2.5,1.5
1783006766382,2026-07-02 17:39:26.382,C3:00:00:63:4D:09,-63,127,1.5,2.5,1.5
1783006766385,2026-07-02 17:39:26.385,C3:00:00:63:4D:0D,-58,127,1.5,2.5,1.5
1783006766391,2026-07-02 17:39:26.391,C3:00:00:63:4D:07,-56,127,1.5,2.5,1.5
1783006766401,2026-07-02 17:39:26.401,C3:00:00:63:4D:05,-58,127,1.5,2.5,1.5
1783006766404,2026-07-02 17:39:26.404,C3:00:00:63:4D:07,-58,127,1.5,2.5,1.5
1783006766410,2026-07-02 17:39:26.410,C3:00:00:63:4D:04,-57,127,1.5,2.5,1.5
1783006766436,2026-07-02 17:39:26.436,C3:00:00:63:4D:05,-58,127,1.5,2.5,1.5
1783006766480,2026-07-02 17:39:26.480,C3:00:00:63:4C:D2,-62,127,1.5,2.5,1.5
1783006766498,2026-07-02 17:39:26.498,C3:00:00:63:4D:09,-60,127,1.5,2.5,1.5
1783006766500,2026-07-02 17:39:26.500,C3:00:00:63:4D:0D,-54,127,1.5,2.5,1.5
1783006766502,2026-07-02 17:39:26.502,C3:00:00:63:4D:07,-53,127,1.5,2.5,1.5
1783006766505,2026-07-02 17:39:26.505,C3:00:00:63:4D:09,-60,127,1.5,2.5,1.5
1783006766509,2026-07-02 17:39:26.509,C3:00:00:63:4D:05,-62,127,1.5,2.5,1.5
1783006766514,2026-07-02 17:39:26.514,C3:00:00:63:4D:04,-61,127,1.5,2.5,1.5
1783006766540,2026-07-02 17:39:26.540,C3:00:00:63:4D:0A,-60,127,1.5,2.5,1.5
1783006766556,2026-07-02 17:39:26.556,C3:00:00:63:4D:08,-54,127,1.5,2.5,1.5
1783006766598,2026-07-02 17:39:26.598,C3:00:00:63:4C:D2,-69,127,1.5,2.5,1.5
1783006766609,2026-07-02 17:39:26.609,C3:00:00:63:4D:0D,-54,127,1.5,2.5,1.5
1783006766613,2026-07-02 17:39:26.613,C3:00:00:63:4D:07,-56,127,1.5,2.5,1.5
1783006766617,2026-07-02 17:39:26.617,C3:00:00:63:4D:09,-63,127,1.5,2.5,1.5
1783006766624,2026-07-02 17:39:26.624,C3:00:00:63:4D:05,-65,127,1.5,2.5,1.5
1783006766632,2026-07-02 17:39:26.632,C3:00:00:63:4D:04,-61,127,1.5,2.5,1.5
1783006766653,2026-07-02 17:39:26.653,C3:00:00:63:4D:0A,-53,127,1.5,2.5,1.5
1783006766669,2026-07-02 17:39:26.669,C3:00:00:63:4D:08,-57,127,1.5,2.5,1.5
1783006766702,2026-07-02 17:39:26.702,C3:00:00:63:4D:0D,-58,127,1.5,2.5,1.5
1783006766711,2026-07-02 17:39:26.711,C3:00:00:63:4C:D2,-64,127,1.5,2.5,1.5
1783006766718,2026-07-02 17:39:26.718,C3:00:00:63:4D:09,-63,127,1.5,2.5,1.5
1783006766724,2026-07-02 17:39:26.724,C3:00:00:63:4D:07,-56,127,1.5,2.5,1.5
1783006766742,2026-07-02 17:39:26.742,C3:00:00:63:4D:04,-57,127,1.5,2.5,1.5
1783006766749,2026-07-02 17:39:26.749,C3:00:00:63:4D:05,-58,127,1.5,2.5,1.5
1783006766753,2026-07-02 17:39:26.753,C3:00:00:63:4D:08,-60,127,1.5,2.5,1.5
1783006766767,2026-07-02 17:39:26.767,C3:00:00:63:4D:0A,-56,127,1.5,2.5,1.5
1783006766768,2026-07-02 17:39:26.768,C3:00:00:63:4D:08,-62,127,1.5,2.5,1.5
1783006766803,2026-07-02 17:39:26.803,C3:00:00:63:4D:0D,-55,127,1.5,2.5,1.5
1783006766824,2026-07-02 17:39:26.824,C3:00:00:63:4C:D2,-62,127,1.5,2.5,1.5
1783006766845,2026-07-02 17:39:26.845,C3:00:00:63:4D:04,-62,127,1.5,2.5,1.5
1783006766858,2026-07-02 17:39:26.858,C3:00:00:63:4D:05,-63,127,1.5,2.5,1.5
1783006766880,2026-07-02 17:39:26.880,C3:00:00:63:4D:0A,-52,127,1.5,2.5,1.5
1783006766886,2026-07-02 17:39:26.886,C3:00:00:63:4D:08,-58,127,1.5,2.5,1.5
1783006766912,2026-07-02 17:39:26.912,C3:00:00:63:4D:0D,-56,127,1.5,2.5,1.5
1783006766940,2026-07-02 17:39:26.940,C3:00:00:63:4C:D2,-70,127,1.5,2.5,1.5
1783006766962,2026-07-02 17:39:26.962,C3:00:00:63:4D:07,-58,127,1.5,2.5,1.5
1783006766966,2026-07-02 17:39:26.966,C3:00:00:63:4D:04,-62,127,1.5,2.5,1.5
1783006766971,2026-07-02 17:39:26.971,C3:00:00:63:4D:05,-58,127,1.5,2.5,1.5
1783006766991,2026-07-02 17:39:26.991,C3:00:00:63:4D:08,-59,127,1.5,2.5,1.5
1783006766998,2026-07-02 17:39:26.998,C3:00:00:63:4D:0A,-56,127,1.5,2.5,1.5
1783006767018,2026-07-02 17:39:27.018,C3:00:00:63:4D:0D,-58,127,1.5,2.5,1.5
1783006767033,2026-07-02 17:39:27.033,C3:00:00:63:4D:08,-59,127,1.5,2.5,1.5
1783006767042,2026-07-02 17:39:27.042,C3:00:00:63:4D:05,-65,127,1.5,2.5,1.5
1783006767049,2026-07-02 17:39:27.049,C3:00:00:63:4C:D2,-64,127,1.5,2.5,1.5
1783006767088,2026-07-02 17:39:27.088,C3:00:00:63:4D:05,-63,127,1.5,2.5,1.5
1783006767097,2026-07-02 17:39:27.097,C3:00:00:63:4D:08,-55,127,1.5,2.5,1.5
1783006767105,2026-07-02 17:39:27.105,C3:00:00:63:4D:05,-64,127,1.5,2.5,1.5
1783006767113,2026-07-02 17:39:27.113,C3:00:00:63:4D:0A,-61,127,1.5,2.5,1.5
1783006767122,2026-07-02 17:39:27.122,C3:00:00:63:4D:0D,-55,127,1.5,2.5,1.5
1783006767176,2026-07-02 17:39:27.176,C3:00:00:63:4D:04,-62,127,1.5,2.5,1.5
1783006767204,2026-07-02 17:39:27.204,C3:00:00:63:4D:08,-58,127,1.5,2.5,1.5
1783006767209,2026-07-02 17:39:27.209,C3:00:00:63:4D:05,-66,127,1.5,2.5,1.5
1783006767229,2026-07-02 17:39:27.229,C3:00:00:63:4D:0A,-52,127,1.5,2.5,1.5
1783006767234,2026-07-02 17:39:27.234,C3:00:00:63:4D:0D,-56,127,1.5,2.5,1.5
1783006767249,2026-07-02 17:39:27.249,C3:00:00:63:4D:0D,-56,127,1.5,2.5,1.5
1783006767280,2026-07-02 17:39:27.280,C3:00:00:63:4D:04,-57,127,1.5,2.5,1.5
1783006767285,2026-07-02 17:39:27.285,C3:00:00:63:4D:09,-63,127,1.5,2.5,1.5
1783006767297,2026-07-02 17:39:27.297,C3:00:00:63:4D:07,-57,127,1.5,2.5,1.5
1783006767301,2026-07-02 17:39:27.301,C3:00:00:63:4D:0D,-58,127,1.5,2.5,1.5
1783006767310,2026-07-02 17:39:27.310,C3:00:00:63:4D:08,-60,127,1.5,2.5,1.5
1783006767315,2026-07-02 17:39:27.315,C3:00:00:63:4D:05,-58,127,1.5,2.5,1.5
1783006767317,2026-07-02 17:39:27.317,C3:00:00:63:4D:07,-56,127,1.5,2.5,1.5
1783006767331,2026-07-02 17:39:27.331,C3:00:00:63:4D:0D,-58,127,1.5,2.5,1.5
1783006767335,2026-07-02 17:39:27.335,C3:00:00:63:4D:0A,-56,127,1.5,2.5,1.5
1783006767393,2026-07-02 17:39:27.393,C3:00:00:63:4D:04,-62,127,1.5,2.5,1.5
1783006767398,2026-07-02 17:39:27.398,C3:00:00:63:4C:D2,-62,127,1.5,2.5,1.5
1783006767413,2026-07-02 17:39:27.413,C3:00:00:63:4D:09,-60,127,1.5,2.5,1.5
1783006767416,2026-07-02 17:39:27.416,C3:00:00:63:4D:07,-54,127,1.5,2.5,1.5
1783006767419,2026-07-02 17:39:27.419,C3:00:00:63:4D:08,-55,127,1.5,2.5,1.5
1783006767436,2026-07-02 17:39:27.436,C3:00:00:63:4D:0D,-55,127,1.5,2.5,1.5
1783006767449,2026-07-02 17:39:27.449,C3:00:00:63:4D:0A,-61,127,1.5,2.5,1.5
1783006767500,2026-07-02 17:39:27.500,C3:00:00:63:4D:04,-62,127,1.5,2.5,1.5
1783006767520,2026-07-02 17:39:27.520,C3:00:00:63:4D:09,-66,127,1.5,2.5,1.5
1783006767522,2026-07-02 17:39:27.522,C3:00:00:63:4C:D2,-70,127,1.5,2.5,1.5
1783006767527,2026-07-02 17:39:27.527,C3:00:00:63:4D:04,-62,127,1.5,2.5,1.5
1783006767532,2026-07-02 17:39:27.532,C3:00:00:63:4D:07,-58,127,1.5,2.5,1.5
1783006767538,2026-07-02 17:39:27.538,C3:00:00:63:4D:08,-58,127,1.5,2.5,1.5
1783006767543,2026-07-02 17:39:27.543,C3:00:00:63:4D:0D,-56,127,1.5,2.5,1.5
1783006767568,2026-07-02 17:39:27.568,C3:00:00:63:4D:0A,-52,127,1.5,2.5,1.5
1783006767576,2026-07-02 17:39:27.576,C3:00:00:63:4D:04,-65,127,1.5,2.5,1.5
1783006767581,2026-07-02 17:39:27.581,C3:00:00:63:4D:09,-63,127,1.5,2.5,1.5
1783006767607,2026-07-02 17:39:27.607,C3:00:00:63:4D:04,-57,127,1.5,2.5,1.5
1783006767629,2026-07-02 17:39:27.629,C3:00:00:63:4D:09,-63,127,1.5,2.5,1.5
1783006767634,2026-07-02 17:39:27.634,C3:00:00:63:4C:D2,-64,127,1.5,2.5,1.5
1783006767641,2026-07-02 17:39:27.641,C3:00:00:63:4D:08,-60,127,1.5,2.5,1.5
1783006767668,2026-07-02 17:39:27.668,C3:00:00:63:4D:05,-58,127,1.5,2.5,1.5
1783006767677,2026-07-02 17:39:27.677,C3:00:00:63:4D:0A,-61,127,1.5,2.5,1.5
1783006767728,2026-07-02 17:39:27.728,C3:00:00:63:4D:04,-62,127,1.5,2.5,1.5
1783006767749,2026-07-02 17:39:27.749,C3:00:00:63:4C:D2,-62,127,1.5,2.5,1.5
1783006767756,2026-07-02 17:39:27.756,C3:00:00:63:4D:09,-60,127,1.5,2.5,1.5
1783006767766,2026-07-02 17:39:27.766,C3:00:00:63:4D:0D,-55,127,1.5,2.5,1.5
1783006767771,2026-07-02 17:39:27.771,C3:00:00:63:4D:08,-54,127,1.5,2.5,1.5
1783006767777,2026-07-02 17:39:27.777,C3:00:00:63:4D:07,-54,127,1.5,2.5,1.5
1783006767781,2026-07-02 17:39:27.781,C3:00:00:63:4D:05,-66,127,1.5,2.5,1.5
1783006767788,2026-07-02 17:39:27.788,C3:00:00:63:4D:0A,-52,127,1.5,2.5,1.5
1783006767828,2026-07-02 17:39:27.828,C3:00:00:63:4D:04,-62,127,1.5,2.5,1.5
1783006767858,2026-07-02 17:39:27.858,C3:00:00:63:4C:D2,-70,127,1.5,2.5,1.5
1783006767861,2026-07-02 17:39:27.861,C3:00:00:63:4D:0D,-56,127,1.5,2.5,1.5
1783006767876,2026-07-02 17:39:27.876,C3:00:00:63:4D:07,-56,127,1.5,2.5,1.5
1783006767931,2026-07-02 17:39:27.931,C3:00:00:63:4D:04,-57,127,1.5,2.5,1.5
1783006767953,2026-07-02 17:39:27.953,C3:00:00:63:4D:08,-60,127,1.5,2.5,1.5
1783006768005,2026-07-02 17:39:28.005,C3:00:00:63:4D:05,-63,127,1.5,2.5,1.5
1783006768013,2026-07-02 17:39:28.013,C3:00:00:63:4D:0A,-62,127,1.5,2.5,1.5
1783006768035,2026-07-02 17:39:28.035,C3:00:00:63:4D:04,-62,127,1.5,2.5,1.5
1783006768053,2026-07-02 17:39:28.053,C3:00:00:63:4D:04,-62,127,1.5,2.5,1.5
1783006768069,2026-07-02 17:39:28.069,C3:00:00:63:4D:0D,-55,127,1.5,2.5,1.5
1783006768081,2026-07-02 17:39:28.081,C3:00:00:63:4D:0A,-53,127,1.5,2.5,1.5
1783006768089,2026-07-02 17:39:28.089,C3:00:00:63:4C:D2,-70,127,1.5,2.5,1.5
1783006768096,2026-07-02 17:39:28.096,C3:00:00:63:4D:09,-64,127,1.5,2.5,1.5
1783006768191,2026-07-02 17:39:28.191,C3:00:00:63:4D:0D,-68,127,1.5,2.5,1.5
1783006768236,2026-07-02 17:39:28.236,C3:00:00:63:4D:0A,-56,127,1.5,2.5,1.5
1783006768242,2026-07-02 17:39:28.242,C3:00:00:63:4D:05,-58,127,1.5,2.5,1.5
1783006768295,2026-07-02 17:39:28.295,C3:00:00:63:4C:D2,-63,127,1.5,2.5,1.5
1783006768301,2026-07-02 17:39:28.301,C3:00:00:63:4D:08,-55,127,1.5,2.5,1.5
1783006768372,2026-07-02 17:39:28.372,C3:00:00:63:4D:04,-61,127,1.5,2.5,1.5
1783006768376,2026-07-02 17:39:28.376,C3:00:00:63:4D:07,-57,127,1.5,2.5,1.5
1783006768430,2026-07-02 17:39:28.430,C3:00:00:63:4C:D2,-70,127,1.5,2.5,1.5
1783006768452,2026-07-02 17:39:28.452,C3:00:00:63:4D:05,-66,127,1.5,2.5,1.5
1783006768456,2026-07-02 17:39:28.456,C3:00:00:63:4D:07,-56,127,1.5,2.5,1.5
1783006768490,2026-07-02 17:39:28.490,C3:00:00:63:4D:0D,-60,127,1.5,2.5,1.5
1783006768516,2026-07-02 17:39:28.516,C3:00:00:63:4D:08,-62,127,1.5,2.5,1.5
1783006768569,2026-07-02 17:39:28.569,C3:00:00:63:4D:07,-59,127,1.5,2.5,1.5
1783006768583,2026-07-02 17:39:28.583,C3:00:00:63:4D:05,-62,127,1.5,2.5,1.5
1783006768660,2026-07-02 17:39:28.660,C3:00:00:63:4C:D2,-63,127,1.5,2.5,1.5
1783006768665,2026-07-02 17:39:28.665,C3:00:00:63:4D:09,-60,127,1.5,2.5,1.5
1783006768691,2026-07-02 17:39:28.691,C3:00:00:63:4C:D2,-78,127,1.5,2.5,1.5
1783006768698,2026-07-02 17:39:28.698,C3:00:00:63:4D:05,-66,127,1.5,2.5,1.5
1783006768712,2026-07-02 17:39:28.712,C3:00:00:63:4D:0D,-55,127,1.5,2.5,1.5
1783006768715,2026-07-02 17:39:28.715,C3:00:00:63:4D:04,-61,127,1.5,2.5,1.5
1783006768728,2026-07-02 17:39:28.728,C3:00:00:63:4D:08,-58,127,1.5,2.5,1.5
1783006768781,2026-07-02 17:39:28.781,C3:00:00:63:4C:D2,-68,127,1.5,2.5,1.5
1783006768798,2026-07-02 17:39:28.798,C3:00:00:63:4D:07,-58,127,1.5,2.5,1.5
1783006768818,2026-07-02 17:39:28.818,C3:00:00:63:4D:0D,-59,127,1.5,2.5,1.5
1783006768819,2026-07-02 17:39:28.819,C3:00:00:63:4D:0A,-55,127,1.5,2.5,1.5
1783006768821,2026-07-02 17:39:28.821,C3:00:00:63:4D:04,-57,127,1.5,2.5,1.5
1783006768823,2026-07-02 17:39:28.823,C3:00:00:63:4D:05,-58,127,1.5,2.5,1.5
1783006768834,2026-07-02 17:39:28.834,C3:00:00:63:4D:09,-69,127,1.5,2.5,1.5
1783006768847,2026-07-02 17:39:28.847,C3:00:00:63:4D:08,-63,127,1.5,2.5,1.5
1783006768880,2026-07-02 17:39:28.880,C3:00:00:63:4D:09,-60,127,1.5,2.5,1.5
1783006768898,2026-07-02 17:39:28.898,C3:00:00:63:4C:D2,-65,127,1.5,2.5,1.5
1783006768905,2026-07-02 17:39:28.905,C3:00:00:63:4D:09,-59,127,1.5,2.5,1.5
1783006768916,2026-07-02 17:39:28.916,C3:00:00:63:4D:0D,-54,127,1.5,2.5,1.5
1783006768918,2026-07-02 17:39:28.918,C3:00:00:63:4D:07,-54,127,1.5,2.5,1.5
1783006768922,2026-07-02 17:39:28.922,C3:00:00:63:4D:0A,-63,127,1.5,2.5,1.5
1783006768941,2026-07-02 17:39:28.941,C3:00:00:63:4D:0A,-64,127,1.5,2.5,1.5
1783006768946,2026-07-02 17:39:28.946,C3:00:00:63:4D:08,-54,127,1.5,2.5,1.5
1783006769010,2026-07-02 17:39:29.010,C3:00:00:63:4D:0D,-56,127,1.5,2.5,1.5
1783006769025,2026-07-02 17:39:29.025,C3:00:00:63:4D:07,-58,127,1.5,2.5,1.5
1783006769028,2026-07-02 17:39:29.028,C3:00:00:63:4D:0A,-52,127,1.5,2.5,1.5
1783006769034,2026-07-02 17:39:29.034,C3:00:00:63:4D:04,-63,127,1.5,2.5,1.5
1783006769041,2026-07-02 17:39:29.041,C3:00:00:63:4D:05,-67,127,1.5,2.5,1.5
1783006769050,2026-07-02 17:39:29.050,C3:00:00:63:4D:08,-58,127,1.5,2.5,1.5
1783006769072,2026-07-02 17:39:29.072,C3:00:00:63:4D:08,-60,127,1.5,2.5,1.5
1783006769104,2026-07-02 17:39:29.104,C3:00:00:63:4D:05,-58,127,1.5,2.5,1.5
1783006769114,2026-07-02 17:39:29.114,C3:00:00:63:4D:09,-62,127,1.5,2.5,1.5
1783006769120,2026-07-02 17:39:29.120,C3:00:00:63:4D:0D,-58,127,1.5,2.5,1.5
1783006769128,2026-07-02 17:39:29.128,C3:00:00:63:4C:D2,-65,127,1.5,2.5,1.5
1783006769132,2026-07-02 17:39:29.132,C3:00:00:63:4D:04,-57,127,1.5,2.5,1.5
1783006769157,2026-07-02 17:39:29.157,C3:00:00:63:4D:05,-58,127,1.5,2.5,1.5
1783006769170,2026-07-02 17:39:29.170,C3:00:00:63:4D:08,-60,127,1.5,2.5,1.5
1783006769220,2026-07-02 17:39:29.220,C3:00:00:63:4D:05,-62,127,1.5,2.5,1.5
1783006769228,2026-07-02 17:39:29.228,C3:00:00:63:4D:0D,-55,127,1.5,2.5,1.5
1783006769234,2026-07-02 17:39:29.234,C3:00:00:63:4D:09,-60,127,1.5,2.5,1.5
1783006769241,2026-07-02 17:39:29.241,C3:00:00:63:4C:D2,-64,127,1.5,2.5,1.5
1783006769251,2026-07-02 17:39:29.251,C3:00:00:63:4D:04,-63,127,1.5,2.5,1.5
1783006769258,2026-07-02 17:39:29.258,C3:00:00:63:4D:0A,-63,127,1.5,2.5,1.5
1783006769275,2026-07-02 17:39:29.275,C3:00:00:63:4D:05,-67,127,1.5,2.5,1.5
1783006769282,2026-07-02 17:39:29.282,C3:00:00:63:4D:08,-58,127,1.5,2.5,1.5
1783006769313,2026-07-02 17:39:29.313,C3:00:00:63:4D:07,-59,127,1.5,2.5,1.5
1783006769337,2026-07-02 17:39:29.337,C3:00:00:63:4D:0D,-56,127,1.5,2.5,1.5
1783006769342,2026-07-02 17:39:29.342,C3:00:00:63:4D:09,-66,127,1.5,2.5,1.5
1783006769348,2026-07-02 17:39:29.348,C3:00:00:63:4C:D2,-71,127,1.5,2.5,1.5
1783006769353,2026-07-02 17:39:29.353,C3:00:00:63:4D:04,-63,127,1.5,2.5,1.5
1783006769367,2026-07-02 17:39:29.367,C3:00:00:63:4D:07,-58,127,1.5,2.5,1.5
1783006769402,2026-07-02 17:39:29.402,C3:00:00:63:4D:07,-65,127,1.5,2.5,1.5
1783006769430,2026-07-02 17:39:29.430,C3:00:00:63:4D:0D,-59,127,1.5,2.5,1.5
1783006769454,2026-07-02 17:39:29.454,C3:00:00:63:4D:09,-62,127,1.5,2.5,1.5
1783006769465,2026-07-02 17:39:29.465,C3:00:00:63:4D:04,-57,127,1.5,2.5,1.5
1783006769475,2026-07-02 17:39:29.475,C3:00:00:63:4C:D2,-68,127,1.5,2.5,1.5
1783006769490,2026-07-02 17:39:29.490,C3:00:00:63:4D:0A,-63,127,1.5,2.5,1.5
1783006769495,2026-07-02 17:39:29.495,C3:00:00:63:4D:07,-54,127,1.5,2.5,1.5
1783006769502,2026-07-02 17:39:29.502,C3:00:00:63:4D:05,-61,127,1.5,2.5,1.5
1783006769551,2026-07-02 17:39:29.551,C3:00:00:63:4D:0A,-64,127,1.5,2.5,1.5
1783006769591,2026-07-02 17:39:29.591,C3:00:00:63:4D:09,-66,127,1.5,2.5,1.5
1783006769595,2026-07-02 17:39:29.595,C3:00:00:63:4D:0A,-53,127,1.5,2.5,1.5
1783006769600,2026-07-02 17:39:29.600,C3:00:00:63:4D:07,-58,127,1.5,2.5,1.5
1783006769605,2026-07-02 17:39:29.605,C3:00:00:63:4D:08,-57,127,1.5,2.5,1.5
1783006769679,2026-07-02 17:39:29.679,C3:00:00:63:4D:04,-57,127,1.5,2.5,1.5
1783006769700,2026-07-02 17:39:29.700,C3:00:00:63:4C:D2,-65,127,1.5,2.5,1.5
1783006769707,2026-07-02 17:39:29.707,C3:00:00:63:4D:0A,-55,127,1.5,2.5,1.5
1783006769711,2026-07-02 17:39:29.711,C3:00:00:63:4D:08,-60,127,1.5,2.5,1.5
1783006769715,2026-07-02 17:39:29.715,C3:00:00:63:4D:07,-56,127,1.5,2.5,1.5
1783006769736,2026-07-02 17:39:29.736,C3:00:00:63:4D:05,-58,127,1.5,2.5,1.5
1783006769748,2026-07-02 17:39:29.748,C3:00:00:63:4D:0D,-58,127,1.5,2.5,1.5
1783006769790,2026-07-02 17:39:29.790,C3:00:00:63:4D:04,-63,127,1.5,2.5,1.5
1783006769808,2026-07-02 17:39:29.808,C3:00:00:63:4D:09,-60,127,1.5,2.5,1.5
1783006769825,2026-07-02 17:39:29.825,C3:00:00:63:4D:0A,-64,127,1.5,2.5,1.5
1783006769827,2026-07-02 17:39:29.827,C3:00:00:63:4C:D2,-64,127,1.5,2.5,1.5
1783006769830,2026-07-02 17:39:29.830,C3:00:00:63:4D:07,-54,127,1.5,2.5,1.5
1783006769896,2026-07-02 17:39:29.896,C3:00:00:63:4D:04,-63,127,1.5,2.5,1.5
1783006769916,2026-07-02 17:39:29.916,C3:00:00:63:4D:09,-66,127,1.5,2.5,1.5
1783006769931,2026-07-02 17:39:29.931,C3:00:00:63:4D:0A,-53,127,1.5,2.5,1.5
1783006769933,2026-07-02 17:39:29.933,C3:00:00:63:4C:D2,-71,127,1.5,2.5,1.5
1783006769936,2026-07-02 17:39:29.936,C3:00:00:63:4D:08,-58,127,1.5,2.5,1.5
1783006769941,2026-07-02 17:39:29.941,C3:00:00:63:4D:07,-58,127,1.5,2.5,1.5
1783006769953,2026-07-02 17:39:29.953,C3:00:00:63:4D:08,-58,127,1.5,2.5,1.5
1783006769963,2026-07-02 17:39:29.963,C3:00:00:63:4D:05,-67,127,1.5,2.5,1.5
1783006769971,2026-07-02 17:39:29.971,C3:00:00:63:4C:D2,-65,127,1.5,2.5,1.5
1783006769977,2026-07-02 17:39:29.977,C3:00:00:63:4D:0D,-59,127,1.5,2.5,1.5
1783006770005,2026-07-02 17:39:30.005,C3:00:00:63:4D:04,-57,127,1.5,2.5,1.5
1783006770029,2026-07-02 17:39:30.029,C3:00:00:63:4D:09,-62,127,1.5,2.5,1.5
1783006770041,2026-07-02 17:39:30.041,C3:00:00:63:4D:08,-60,127,1.5,2.5,1.5
1783006770048,2026-07-02 17:39:30.048,C3:00:00:63:4D:0A,-55,127,1.5,2.5,1.5
1783006770060,2026-07-02 17:39:30.060,C3:00:00:63:4D:0D,-58,127,1.5,2.5,1.5
1783006770074,2026-07-02 17:39:30.074,C3:00:00:63:4D:04,-58,127,1.5,2.5,1.5
1783006770083,2026-07-02 17:39:30.083,C3:00:00:63:4D:05,-62,127,1.5,2.5,1.5
1783006770117,2026-07-02 17:39:30.117,C3:00:00:63:4D:04,-63,127,1.5,2.5,1.5
1783006770142,2026-07-02 17:39:30.142,C3:00:00:63:4D:09,-60,127,1.5,2.5,1.5
1783006770153,2026-07-02 17:39:30.153,C3:00:00:63:4D:08,-54,127,1.5,2.5,1.5
1783006770165,2026-07-02 17:39:30.165,C3:00:00:63:4D:0D,-55,127,1.5,2.5,1.5
1783006770178,2026-07-02 17:39:30.178,C3:00:00:63:4D:07,-58,127,1.5,2.5,1.5
1783006770193,2026-07-02 17:39:30.193,C3:00:00:63:4D:05,-67,127,1.5,2.5,1.5
1783006770227,2026-07-02 17:39:30.227,C3:00:00:63:4D:04,-63,127,1.5,2.5,1.5
1783006770252,2026-07-02 17:39:30.252,C3:00:00:63:4D:09,-66,127,1.5,2.5,1.5
1783006770266,2026-07-02 17:39:30.266,C3:00:00:63:4D:08,-58,127,1.5,2.5,1.5
1783006770271,2026-07-02 17:39:30.271,C3:00:00:63:4C:D2,-71,127,1.5,2.5,1.5
1783006770274,2026-07-02 17:39:30.274,C3:00:00:63:4D:0D,-58,127,1.5,2.5,1.5
1783006770292,2026-07-02 17:39:30.292,C3:00:00:63:4D:07,-56,127,1.5,2.5,1.5
1783006770302,2026-07-02 17:39:30.302,C3:00:00:63:4C:D2,-65,127,1.5,2.5,1.5
1783006770308,2026-07-02 17:39:30.308,C3:00:00:63:4D:05,-58,127,1.5,2.5,1.5
1783006770330,2026-07-02 17:39:30.330,C3:00:00:63:4D:04,-57,127,1.5,2.5,1.5
1783006770365,2026-07-02 17:39:30.365,C3:00:00:63:4D:08,-60,127,1.5,2.5,1.5
1783006770369,2026-07-02 17:39:30.369,C3:00:00:63:4D:09,-62,127,1.5,2.5,1.5
1783006770374,2026-07-02 17:39:30.374,C3:00:00:63:4D:0D,-55,127,1.5,2.5,1.5
1783006770378,2026-07-02 17:39:30.378,C3:00:00:63:4D:07,-54,127,1.5,2.5,1.5
1783006770402,2026-07-02 17:39:30.402,C3:00:00:63:4D:07,-54,127,1.5,2.5,1.5
1783006770428,2026-07-02 17:39:30.428,C3:00:00:63:4D:07,-54,127,1.5,2.5,1.5
1783006770432,2026-07-02 17:39:30.432,C3:00:00:63:4D:05,-61,127,1.5,2.5,1.5
1783006770451,2026-07-02 17:39:30.451,C3:00:00:63:4D:04,-62,127,1.5,2.5,1.5
1783006770475,2026-07-02 17:39:30.475,C3:00:00:63:4D:05,-61,127,1.5,2.5,1.5
1783006770486,2026-07-02 17:39:30.486,C3:00:00:63:4D:0D,-55,127,1.5,2.5,1.5
1783006770498,2026-07-02 17:39:30.498,C3:00:00:63:4D:09,-64,127,1.5,2.5,1.5
1783006770500,2026-07-02 17:39:30.500,C3:00:00:63:4D:0A,-53,127,1.5,2.5,1.5
1783006770501,2026-07-02 17:39:30.501,C3:00:00:63:4C:D2,-70,127,1.5,2.5,1.5
1783006770507,2026-07-02 17:39:30.507,C3:00:00:63:4D:09,-64,127,1.5,2.5,1.5
1783006770512,2026-07-02 17:39:30.512,C3:00:00:63:4D:07,-58,127,1.5,2.5,1.5
