timestamp,time,mac_address,rssi,tx_power,pos_x,pos_y,pos_z
1784195772239,2026-07-16 11:56:12.239,C3:00:00:63:4D:08,-56,127,6.0,2.5,1.5
1784195772382,2026-07-16 11:56:12.382,C3:00:00:63:4D:05,-60,127,6.0,2.5,1.5
1784195772429,2026-07-16 11:56:12.429,C3:00:00:63:4D:08,-55,127,6.0,2.5,1.5
1784195772430,2026-07-16 11:56:12.430,C3:00:00:63:4D:0A,-70,127,6.0,2.5,1.5
1784195772490,2026-07-16 11:56:12.490,C3:00:00:63:4D:05,-54,127,6.0,2.5,1.5
1784195772492,2026-07-16 11:56:12.492,C3:00:00:63:4C:D2,-55,127,6.0,2.5,1.5
1784195772552,2026-07-16 11:56:12.552,C3:00:00:63:4D:09,-61,127,6.0,2.5,1.5
1784195772611,2026-07-16 11:56:12.611,C3:00:00:63:4D:0A,-58,127,6.0,2.5,1.5
1784195772616,2026-07-16 11:56:12.616,C3:00:00:63:4D:07,-63,127,6.0,2.5,1.5
1784195772687,2026-07-16 11:56:12.687,C3:00:00:63:4D:05,-60,127,6.0,2.5,1.5
1784195772691,2026-07-16 11:56:12.691,C3:00:00:63:4D:09,-60,127,6.0,2.5,1.5
1784195772694,2026-07-16 11:56:12.694,C3:00:00:63:4D:08,-54,127,6.0,2.5,1.5
1784195772701,2026-07-16 11:56:12.701,C3:00:00:63:4D:0D,-62,127,6.0,2.5,1.5
1784195772760,2026-07-16 11:56:12.760,C3:00:00:63:4D:05,-55,127,6.0,2.5,1.5
1784195772761,2026-07-16 11:56:12.761,C3:00:00:63:4D:04,-62,127,6.0,2.5,1.5
1784195772824,2026-07-16 11:56:12.824,C3:00:00:63:4D:05,-55,127,6.0,2.5,1.5
1784195772828,2026-07-16 11:56:12.828,C3:00:00:63:4D:0A,-67,127,6.0,2.5,1.5
1784195772833,2026-07-16 11:56:12.833,C3:00:00:63:4D:0A,-70,127,6.0,2.5,1.5
1784195772836,2026-07-16 11:56:12.836,C3:00:00:63:4D:08,-55,127,6.0,2.5,1.5
1784195772839,2026-07-16 11:56:12.839,C3:00:00:63:4D:0D,-70,127,6.0,2.5,1.5
1784195772842,2026-07-16 11:56:12.842,C3:00:00:63:4C:D2,-55,127,6.0,2.5,1.5
1784195772843,2026-07-16 11:56:12.843,C3:00:00:63:4D:05,-54,127,6.0,2.5,1.5
1784195772845,2026-07-16 11:56:12.845,C3:00:00:63:4D:07,-71,127,6.0,2.5,1.5
1784195772846,2026-07-16 11:56:12.846,C3:00:00:63:4D:04,-58,127,6.0,2.5,1.5
1784195772853,2026-07-16 11:56:12.853,C3:00:00:63:4D:0D,-78,127,6.0,2.5,1.5
1784195772854,2026-07-16 11:56:12.854,C3:00:00:63:4D:09,-62,127,6.0,2.5,1.5
1784195772855,2026-07-16 11:56:12.855,C3:00:00:63:4D:0A,-59,127,6.0,2.5,1.5
1784195772857,2026-07-16 11:56:12.857,C3:00:00:63:4C:D2,-67,127,6.0,2.5,1.5
1784195772858,2026-07-16 11:56:12.858,C3:00:00:63:4C:D2,-64,127,6.0,2.5,1.5
1784195772859,2026-07-16 11:56:12.859,C3:00:00:63:4D:07,-63,127,6.0,2.5,1.5
1784195772861,2026-07-16 11:56:12.861,C3:00:00:63:4D:04,-58,127,6.0,2.5,1.5
1784195772863,2026-07-16 11:56:12.863,C3:00:00:63:4D:04,-63,127,6.0,2.5,1.5
1784195772867,2026-07-16 11:56:12.867,C3:00:00:63:4D:0A,-66,127,6.0,2.5,1.5
1784195772902,2026-07-16 11:56:12.902,C3:00:00:63:4D:05,-54,127,6.0,2.5,1.5
1784195772908,2026-07-16 11:56:12.908,C3:00:00:63:4C:D2,-55,127,6.0,2.5,1.5
1784195772917,2026-07-16 11:56:12.917,C3:00:00:63:4D:0D,-61,127,6.0,2.5,1.5
1784195772923,2026-07-16 11:56:12.923,C3:00:00:63:4D:07,-60,127,6.0,2.5,1.5
1784195772924,2026-07-16 11:56:12.924,C3:00:00:63:4D:04,-62,127,6.0,2.5,1.5
1784195772957,2026-07-16 11:56:12.957,C3:00:00:63:4D:08,-56,127,6.0,2.5,1.5
1784195772960,2026-07-16 11:56:12.960,C3:00:00:63:4D:0A,-79,127,6.0,2.5,1.5
1784195772977,2026-07-16 11:56:12.977,C3:00:00:63:4D:09,-61,127,6.0,2.5,1.5
1784195773092,2026-07-16 11:56:13.092,C3:00:00:63:4D:09,-61,127,6.0,2.5,1.5
1784195773118,2026-07-16 11:56:13.118,C3:00:00:63:4D:0A,-68,127,6.0,2.5,1.5
1784195773135,2026-07-16 11:56:13.135,C3:00:00:63:4C:D2,-70,127,6.0,2.5,1.5
1784195773145,2026-07-16 11:56:13.145,C3:00:00:63:4D:07,-60,127,6.0,2.5,1.5
1784195773199,2026-07-16 11:56:13.199,C3:00:00:63:4D:09,-78,127,6.0,2.5,1.5
1784195773228,2026-07-16 11:56:13.228,C3:00:00:63:4D:05,-54,127,6.0,2.5,1.5
1784195773253,2026-07-16 11:56:13.253,C3:00:00:63:4C:D2,-56,127,6.0,2.5,1.5
1784195773258,2026-07-16 11:56:13.258,C3:00:00:63:4D:09,-62,127,6.0,2.5,1.5
1784195773309,2026-07-16 11:56:13.309,C3:00:00:63:4D:09,-62,127,6.0,2.5,1.5
1784195773349,2026-07-16 11:56:13.349,C3:00:00:63:4D:05,-56,127,6.0,2.5,1.5
1784195773373,2026-07-16 11:56:13.373,C3:00:00:63:4D:0A,-59,127,6.0,2.5,1.5
1784195773376,2026-07-16 11:56:13.376,C3:00:00:63:4D:07,-62,127,6.0,2.5,1.5
1784195773393,2026-07-16 11:56:13.393,C3:00:00:63:4D:04,-55,127,6.0,2.5,1.5
1784195773395,2026-07-16 11:56:13.395,C3:00:00:63:4D:0D,-75,127,6.0,2.5,1.5
1784195773429,2026-07-16 11:56:13.429,C3:00:00:63:4D:09,-61,127,6.0,2.5,1.5
1784195773456,2026-07-16 11:56:13.456,C3:00:00:63:4D:08,-58,127,6.0,2.5,1.5
1784195773462,2026-07-16 11:56:13.462,C3:00:00:63:4D:05,-54,127,6.0,2.5,1.5
1784195773465,2026-07-16 11:56:13.465,C3:00:00:63:4C:D2,-54,127,6.0,2.5,1.5
1784195773476,2026-07-16 11:56:13.476,C3:00:00:63:4D:0A,-68,127,6.0,2.5,1.5
1784195773488,2026-07-16 11:56:13.488,C3:00:00:63:4D:0D,-62,127,6.0,2.5,1.5
1784195773490,2026-07-16 11:56:13.490,C3:00:00:63:4D:07,-61,127,6.0,2.5,1.5
1784195773505,2026-07-16 11:56:13.505,C3:00:00:63:4D:04,-63,127,6.0,2.5,1.5
1784195773541,2026-07-16 11:56:13.541,C3:00:00:63:4D:09,-75,127,6.0,2.5,1.5
1784195773551,2026-07-16 11:56:13.551,C3:00:00:63:4D:08,-56,127,6.0,2.5,1.5
1784195773562,2026-07-16 11:56:13.562,C3:00:00:63:4D:05,-52,127,6.0,2.5,1.5
1784195773584,2026-07-16 11:56:13.584,C3:00:00:63:4C:D2,-56,127,6.0,2.5,1.5
1784195773596,2026-07-16 11:56:13.596,C3:00:00:63:4D:0A,-72,127,6.0,2.5,1.5
1784195773597,2026-07-16 11:56:13.597,C3:00:00:63:4D:05,-54,127,6.0,2.5,1.5
1784195773603,2026-07-16 11:56:13.603,C3:00:00:63:4D:09,-70,127,6.0,2.5,1.5
1784195773616,2026-07-16 11:56:13.616,C3:00:00:63:4D:04,-58,127,6.0,2.5,1.5
1784195773620,2026-07-16 11:56:13.620,C3:00:00:63:4C:D2,-54,127,6.0,2.5,1.5
1784195773651,2026-07-16 11:56:13.651,C3:00:00:63:4D:09,-60,127,6.0,2.5,1.5
1784195773657,2026-07-16 11:56:13.657,C3:00:00:63:4D:08,-62,127,6.0,2.5,1.5
1784195773688,2026-07-16 11:56:13.688,C3:00:00:63:4C:D2,-65,127,6.0,2.5,1.5
1784195773691,2026-07-16 11:56:13.691,C3:00:00:63:4D:0A,-58,127,6.0,2.5,1.5
1784195773727,2026-07-16 11:56:13.727,C3:00:00:63:4D:07,-60,127,6.0,2.5,1.5
1784195773732,2026-07-16 11:56:13.732,C3:00:00:63:4D:04,-55,127,6.0,2.5,1.5
1784195773751,2026-07-16 11:56:13.751,C3:00:00:63:4D:08,-59,127,6.0,2.5,1.5
1784195773789,2026-07-16 11:56:13.789,C3:00:00:63:4D:05,-54,127,6.0,2.5,1.5
1784195773807,2026-07-16 11:56:13.807,C3:00:00:63:4C:D2,-54,127,6.0,2.5,1.5
1784195773861,2026-07-16 11:56:13.861,C3:00:00:63:4D:08,-55,127,6.0,2.5,1.5
1784195773888,2026-07-16 11:56:13.888,C3:00:00:63:4D:05,-60,127,6.0,2.5,1.5
1784195773909,2026-07-16 11:56:13.909,C3:00:00:63:4D:05,-54,127,6.0,2.5,1.5
1784195773913,2026-07-16 11:56:13.913,C3:00:00:63:4C:D2,-56,127,6.0,2.5,1.5
1784195773956,2026-07-16 11:56:13.956,C3:00:00:63:4D:08,-60,127,6.0,2.5,1.5
1784195773979,2026-07-16 11:56:13.979,C3:00:00:63:4D:07,-61,127,6.0,2.5,1.5
1784195773983,2026-07-16 11:56:13.983,C3:00:00:63:4D:04,-56,127,6.0,2.5,1.5
1784195774000,2026-07-16 11:56:14.000,C3:00:00:63:4D:05,-57,127,6.0,2.5,1.5
1784195774006,2026-07-16 11:56:14.006,C3:00:00:63:4D:0A,-58,127,6.0,2.5,1.5
1784195774032,2026-07-16 11:56:14.032,C3:00:00:63:4C:D2,-63,127,6.0,2.5,1.5
1784195774056,2026-07-16 11:56:14.056,C3:00:00:63:4D:08,-56,127,6.0,2.5,1.5
1784195774066,2026-07-16 11:56:14.066,C3:00:00:63:4D:0D,-64,127,6.0,2.5,1.5
1784195774075,2026-07-16 11:56:14.075,C3:00:00:63:4D:07,-62,127,6.0,2.5,1.5
1784195774089,2026-07-16 11:56:14.089,C3:00:00:63:4D:04,-65,127,6.0,2.5,1.5
1784195774102,2026-07-16 11:56:14.102,C3:00:00:63:4D:0A,-70,127,6.0,2.5,1.5
1784195774106,2026-07-16 11:56:14.106,C3:00:00:63:4D:09,-75,127,6.0,2.5,1.5
1784195774113,2026-07-16 11:56:14.113,C3:00:00:63:4D:05,-54,127,6.0,2.5,1.5
1784195774144,2026-07-16 11:56:14.144,C3:00:00:63:4C:D2,-56,127,6.0,2.5,1.5
1784195774156,2026-07-16 11:56:14.156,C3:00:00:63:4D:08,-54,127,6.0,2.5,1.5
1784195774172,2026-07-16 11:56:14.172,C3:00:00:63:4D:08,-55,127,6.0,2.5,1.5
1784195774183,2026-07-16 11:56:14.183,C3:00:00:63:4D:07,-68,127,6.0,2.5,1.5
1784195774195,2026-07-16 11:56:14.195,C3:00:00:63:4D:04,-59,127,6.0,2.5,1.5
1784195774209,2026-07-16 11:56:14.209,C3:00:00:63:4D:09,-64,127,6.0,2.5,1.5
1784195774224,2026-07-16 11:56:14.224,C3:00:00:63:4D:05,-54,127,6.0,2.5,1.5
1784195774240,2026-07-16 11:56:14.240,C3:00:00:63:4D:0A,-78,127,6.0,2.5,1.5
1784195774249,2026-07-16 11:56:14.249,C3:00:00:63:4C:D2,-64,127,6.0,2.5,1.5
1784195774257,2026-07-16 11:56:14.257,C3:00:00:63:4D:08,-57,127,6.0,2.5,1.5
1784195774300,2026-07-16 11:56:14.300,C3:00:00:63:4D:07,-60,127,6.0,2.5,1.5
1784195774313,2026-07-16 11:56:14.313,C3:00:00:63:4D:0A,-58,127,6.0,2.5,1.5
1784195774332,2026-07-16 11:56:14.332,C3:00:00:63:4D:09,-60,127,6.0,2.5,1.5
1784195774336,2026-07-16 11:56:14.336,C3:00:00:63:4D:05,-54,127,6.0,2.5,1.5
1784195774360,2026-07-16 11:56:14.360,C3:00:00:63:4D:08,-57,127,6.0,2.5,1.5
1784195774408,2026-07-16 11:56:14.408,C3:00:00:63:4D:07,-61,127,6.0,2.5,1.5
1784195774426,2026-07-16 11:56:14.426,C3:00:00:63:4D:0A,-68,127,6.0,2.5,1.5
1784195774429,2026-07-16 11:56:14.429,C3:00:00:63:4D:04,-63,127,6.0,2.5,1.5
1784195774476,2026-07-16 11:56:14.476,C3:00:00:63:4C:D2,-55,127,6.0,2.5,1.5
1784195774516,2026-07-16 11:56:14.516,C3:00:00:63:4D:0A,-76,127,6.0,2.5,1.5
1784195774535,2026-07-16 11:56:14.535,C3:00:00:63:4D:04,-58,127,6.0,2.5,1.5
1784195774596,2026-07-16 11:56:14.596,C3:00:00:63:4C:D2,-65,127,6.0,2.5,1.5
1784195774616,2026-07-16 11:56:14.616,C3:00:00:63:4D:05,-54,127,6.0,2.5,1.5
1784195774637,2026-07-16 11:56:14.637,C3:00:00:63:4D:0D,-68,127,6.0,2.5,1.5
1784195774643,2026-07-16 11:56:14.643,C3:00:00:63:4D:07,-61,127,6.0,2.5,1.5
1784195774656,2026-07-16 11:56:14.656,C3:00:00:63:4D:08,-54,127,6.0,2.5,1.5
1784195774659,2026-07-16 11:56:14.659,C3:00:00:63:4D:04,-65,127,6.0,2.5,1.5
1784195774662,2026-07-16 11:56:14.662,C3:00:00:63:4D:05,-56,127,6.0,2.5,1.5
1784195774666,2026-07-16 11:56:14.666,C3:00:00:63:4D:09,-78,127,6.0,2.5,1.5
1784195774695,2026-07-16 11:56:14.695,C3:00:00:63:4C:D2,-54,127,6.0,2.5,1.5
1784195774742,2026-07-16 11:56:14.742,C3:00:00:63:4D:0D,-63,127,6.0,2.5,1.5
1784195774758,2026-07-16 11:56:14.758,C3:00:00:63:4D:07,-86,127,6.0,2.5,1.5
1784195774762,2026-07-16 11:56:14.762,C3:00:00:63:4D:08,-54,127,6.0,2.5,1.5
1784195774765,2026-07-16 11:56:14.765,C3:00:00:63:4D:0D,-63,127,6.0,2.5,1.5
1784195774770,2026-07-16 11:56:14.770,C3:00:00:63:4D:04,-57,127,6.0,2.5,1.5
1784195774773,2026-07-16 11:56:14.773,C3:00:00:63:4C:D2,-56,127,6.0,2.5,1.5
1784195774774,2026-07-16 11:56:14.774,C3:00:00:63:4D:05,-54,127,6.0,2.5,1.5
1784195774807,2026-07-16 11:56:14.807,C3:00:00:63:4C:D2,-55,127,6.0,2.5,1.5
1784195774829,2026-07-16 11:56:14.829,C3:00:00:63:4D:0A,-76,127,6.0,2.5,1.5
1784195774857,2026-07-16 11:56:14.857,C3:00:00:63:4D:08,-60,127,6.0,2.5,1.5
1784195774874,2026-07-16 11:56:14.874,C3:00:00:63:4D:0D,-71,127,6.0,2.5,1.5
1784195774878,2026-07-16 11:56:14.878,C3:00:00:63:4D:07,-61,127,6.0,2.5,1.5
1784195774886,2026-07-16 11:56:14.886,C3:00:00:63:4D:04,-56,127,6.0,2.5,1.5
1784195774889,2026-07-16 11:56:14.889,C3:00:00:63:4D:05,-54,127,6.0,2.5,1.5
1784195774896,2026-07-16 11:56:14.896,C3:00:00:63:4D:09,-60,127,6.0,2.5,1.5
1784195774934,2026-07-16 11:56:14.934,C3:00:00:63:4D:0A,-59,127,6.0,2.5,1.5
1784195774950,2026-07-16 11:56:14.950,C3:00:00:63:4D:08,-56,127,6.0,2.5,1.5
1784195774988,2026-07-16 11:56:14.988,C3:00:00:63:4D:09,-78,127,6.0,2.5,1.5
1784195774992,2026-07-16 11:56:14.992,C3:00:00:63:4D:05,-55,127,6.0,2.5,1.5
1784195775009,2026-07-16 11:56:15.009,C3:00:00:63:4D:04,-64,127,6.0,2.5,1.5
1784195775036,2026-07-16 11:56:15.036,C3:00:00:63:4C:D2,-54,127,6.0,2.5,1.5
1784195775052,2026-07-16 11:56:15.052,C3:00:00:63:4D:08,-56,127,6.0,2.5,1.5
1784195775081,2026-07-16 11:56:15.081,C3:00:00:63:4D:04,-58,127,6.0,2.5,1.5
1784195775104,2026-07-16 11:56:15.104,C3:00:00:63:4D:07,-71,127,6.0,2.5,1.5
1784195775107,2026-07-16 11:56:15.107,C3:00:00:63:4D:05,-54,127,6.0,2.5,1.5
1784195775124,2026-07-16 11:56:15.124,C3:00:00:63:4D:04,-58,127,6.0,2.5,1.5
1784195775128,2026-07-16 11:56:15.128,C3:00:00:63:4D:09,-61,127,6.0,2.5,1.5
1784195775147,2026-07-16 11:56:15.147,C3:00:00:63:4D:0A,-59,127,6.0,2.5,1.5
1784195775160,2026-07-16 11:56:15.160,C3:00:00:63:4D:08,-59,127,6.0,2.5,1.5
1784195775229,2026-07-16 11:56:15.229,C3:00:00:63:4D:04,-56,127,6.0,2.5,1.5
1784195775238,2026-07-16 11:56:15.238,C3:00:00:63:4D:09,-60,127,6.0,2.5,1.5
1784195775250,2026-07-16 11:56:15.250,C3:00:00:63:4D:0A,-68,127,6.0,2.5,1.5
1784195775257,2026-07-16 11:56:15.257,C3:00:00:63:4D:08,-54,127,6.0,2.5,1.5
1784195775264,2026-07-16 11:56:15.264,C3:00:00:63:4C:D2,-55,127,6.0,2.5,1.5
1784195775276,2026-07-16 11:56:15.276,C3:00:00:63:4D:09,-73,127,6.0,2.5,1.5
1784195775321,2026-07-16 11:56:15.321,C3:00:00:63:4D:05,-54,127,6.0,2.5,1.5
1784195775328,2026-07-16 11:56:15.328,C3:00:00:63:4D:0D,-62,127,6.0,2.5,1.5
1784195775331,2026-07-16 11:56:15.331,C3:00:00:63:4D:07,-60,127,6.0,2.5,1.5
1784195775344,2026-07-16 11:56:15.344,C3:00:00:63:4D:04,-58,127,6.0,2.5,1.5
1784195775349,2026-07-16 11:56:15.349,C3:00:00:63:4D:09,-62,127,6.0,2.5,1.5
1784195775356,2026-07-16 11:56:15.356,C3:00:00:63:4D:0A,-75,127,6.0,2.5,1.5
1784195775368,2026-07-16 11:56:15.368,C3:00:00:63:4C:D2,-56,127,6.0,2.5,1.5
1784195775399,2026-07-16 11:56:15.399,C3:00:00:63:4D:0D,-67,127,6.0,2.5,1.5
1784195775437,2026-07-16 11:56:15.437,C3:00:00:63:4D:05,-54,127,6.0,2.5,1.5
1784195775443,2026-07-16 11:56:15.443,C3:00:00:63:4D:0D,-76,127,6.0,2.5,1.5
1784195775447,2026-07-16 11:56:15.447,C3:00:00:63:4D:07,-61,127,6.0,2.5,1.5
1784195775454,2026-07-16 11:56:15.454,C3:00:00:63:4D:09,-61,127,6.0,2.5,1.5
1784195775459,2026-07-16 11:56:15.459,C3:00:00:63:4D:0A,-59,127,6.0,2.5,1.5
1784195775462,2026-07-16 11:56:15.462,C3:00:00:63:4D:04,-56,127,6.0,2.5,1.5
1784195775488,2026-07-16 11:56:15.488,C3:00:00:63:4C:D2,-66,127,6.0,2.5,1.5
1784195775514,2026-07-16 11:56:15.514,C3:00:00:63:4C:D2,-73,127,6.0,2.5,1.5
1784195775546,2026-07-16 11:56:15.546,C3:00:00:63:4D:05,-54,127,6.0,2.5,1.5
1784195775552,2026-07-16 11:56:15.552,C3:00:00:63:4D:08,-56,127,6.0,2.5,1.5
1784195775560,2026-07-16 11:56:15.560,C3:00:00:63:4D:07,-60,127,6.0,2.5,1.5
1784195775563,2026-07-16 11:56:15.563,C3:00:00:63:4D:0D,-61,127,6.0,2.5,1.5
1784195775568,2026-07-16 11:56:15.568,C3:00:00:63:4D:05,-54,127,6.0,2.5,1.5
1784195775573,2026-07-16 11:56:15.573,C3:00:00:63:4D:04,-62,127,6.0,2.5,1.5
1784195775577,2026-07-16 11:56:15.577,C3:00:00:63:4D:09,-75,127,6.0,2.5,1.5
1784195775584,2026-07-16 11:56:15.584,C3:00:00:63:4D:08,-64,127,6.0,2.5,1.5
1784195775589,2026-07-16 11:56:15.589,C3:00:00:63:4C:D2,-55,127,6.0,2.5,1.5
1784195775618,2026-07-16 11:56:15.618,C3:00:00:63:4D:0D,-62,127,6.0,2.5,1.5
1784195775667,2026-07-16 11:56:15.667,C3:00:00:63:4D:0A,-74,127,6.0,2.5,1.5
1784195775683,2026-07-16 11:56:15.683,C3:00:00:63:4D:0D,-64,127,6.0,2.5,1.5
1784195775687,2026-07-16 11:56:15.687,C3:00:00:63:4D:09,-62,127,6.0,2.5,1.5
1784195775691,2026-07-16 11:56:15.691,C3:00:00:63:4D:04,-57,127,6.0,2.5,1.5
1784195775710,2026-07-16 11:56:15.710,C3:00:00:63:4C:D2,-55,127,6.0,2.5,1.5
1784195775753,2026-07-16 11:56:15.753,C3:00:00:63:4D:08,-59,127,6.0,2.5,1.5
1784195775765,2026-07-16 11:56:15.765,C3:00:00:63:4D:05,-58,127,6.0,2.5,1.5
1784195775778,2026-07-16 11:56:15.778,C3:00:00:63:4D:0A,-59,127,6.0,2.5,1.5
1784195775799,2026-07-16 11:56:15.799,C3:00:00:63:4D:04,-57,127,6.0,2.5,1.5
1784195775819,2026-07-16 11:56:15.819,C3:00:00:63:4C:D2,-68,127,6.0,2.5,1.5
1784195775858,2026-07-16 11:56:15.858,C3:00:00:63:4D:08,-57,127,6.0,2.5,1.5
1784195775872,2026-07-16 11:56:15.872,C3:00:00:63:4D:05,-54,127,6.0,2.5,1.5
1784195775910,2026-07-16 11:56:15.910,C3:00:00:63:4D:07,-61,127,6.0,2.5,1.5
1784195775919,2026-07-16 11:56:15.919,C3:00:00:63:4D:04,-63,127,6.0,2.5,1.5
1784195775931,2026-07-16 11:56:15.931,C3:00:00:63:4C:D2,-54,127,6.0,2.5,1.5
1784195775952,2026-07-16 11:56:15.952,C3:00:00:63:4D:04,-59,127,6.0,2.5,1.5
1784195775969,2026-07-16 11:56:15.969,C3:00:00:63:4D:08,-56,127,6.0,2.5,1.5
1784195775981,2026-07-16 11:56:15.981,C3:00:00:63:4D:05,-54,127,6.0,2.5,1.5
1784195776036,2026-07-16 11:56:16.036,C3:00:00:63:4D:04,-58,127,6.0,2.5,1.5
1784195776052,2026-07-16 11:56:16.052,C3:00:00:63:4D:08,-59,127,6.0,2.5,1.5
1784195776086,2026-07-16 11:56:16.086,C3:00:00:63:4D:0A,-59,127,6.0,2.5,1.5
1784195776092,2026-07-16 11:56:16.092,C3:00:00:63:4D:07,-62,127,6.0,2.5,1.5
1784195776112,2026-07-16 11:56:16.112,C3:00:00:63:4D:04,-64,127,6.0,2.5,1.5
1784195776133,2026-07-16 11:56:16.133,C3:00:00:63:4D:0D,-70,127,6.0,2.5,1.5
1784195776152,2026-07-16 11:56:16.152,C3:00:00:63:4D:04,-62,127,6.0,2.5,1.5
1784195776159,2026-07-16 11:56:16.159,C3:00:00:63:4D:08,-55,127,6.0,2.5,1.5
1784195776174,2026-07-16 11:56:16.174,C3:00:00:63:4D:08,-56,127,6.0,2.5,1.5
1784195776186,2026-07-16 11:56:16.186,C3:00:00:63:4D:0A,-67,127,6.0,2.5,1.5
1784195776200,2026-07-16 11:56:16.200,C3:00:00:63:4D:05,-55,127,6.0,2.5,1.5
1784195776245,2026-07-16 11:56:16.245,C3:00:00:63:4D:09,-62,127,6.0,2.5,1.5
1784195776251,2026-07-16 11:56:16.251,C3:00:00:63:4D:08,-56,127,6.0,2.5,1.5
1784195776273,2026-07-16 11:56:16.273,C3:00:00:63:4D:08,-55,127,6.0,2.5,1.5
1784195776278,2026-07-16 11:56:16.278,C3:00:00:63:4D:07,-89,127,6.0,2.5,1.5
1784195776288,2026-07-16 11:56:16.288,C3:00:00:63:4D:0A,-74,127,6.0,2.5,1.5
1784195776312,2026-07-16 11:56:16.312,C3:00:00:63:4D:05,-54,127,6.0,2.5,1.5
1784195776359,2026-07-16 11:56:16.359,C3:00:00:63:4D:08,-60,127,6.0,2.5,1.5
1784195776371,2026-07-16 11:56:16.371,C3:00:00:63:4D:07,-62,127,6.0,2.5,1.5
1784195776386,2026-07-16 11:56:16.386,C3:00:00:63:4C:D2,-64,127,6.0,2.5,1.5
1784195776390,2026-07-16 11:56:16.390,C3:00:00:63:4D:04,-56,127,6.0,2.5,1.5
1784195776401,2026-07-16 11:56:16.401,C3:00:00:63:4C:D2,-64,127,6.0,2.5,1.5
1784195776424,2026-07-16 11:56:16.424,C3:00:00:63:4D:05,-57,127,6.0,2.5,1.5
1784195776448,2026-07-16 11:56:16.448,C3:00:00:63:4D:08,-55,127,6.0,2.5,1.5
1784195776460,2026-07-16 11:56:16.460,C3:00:00:63:4D:07,-63,127,6.0,2.5,1.5
1784195776471,2026-07-16 11:56:16.471,C3:00:00:63:4D:09,-88,127,6.0,2.5,1.5
1784195776477,2026-07-16 11:56:16.477,C3:00:00:63:4D:0D,-61,127,6.0,2.5,1.5
1784195776480,2026-07-16 11:56:16.480,C3:00:00:63:4D:07,-64,127,6.0,2.5,1.5
1784195776487,2026-07-16 11:56:16.487,C3:00:00:63:4D:0D,-69,127,6.0,2.5,1.5
1784195776493,2026-07-16 11:56:16.493,C3:00:00:63:4D:0A,-68,127,6.0,2.5,1.5
1784195776496,2026-07-16 11:56:16.496,C3:00:00:63:4D:04,-62,127,6.0,2.5,1.5
1784195776530,2026-07-16 11:56:16.530,C3:00:00:63:4D:05,-54,127,6.0,2.5,1.5
1784195776553,2026-07-16 11:56:16.553,C3:00:00:63:4D:08,-56,127,6.0,2.5,1.5
1784195776593,2026-07-16 11:56:16.593,C3:00:00:63:4D:07,-74,127,6.0,2.5,1.5
1784195776600,2026-07-16 11:56:16.600,C3:00:00:63:4D:0D,-61,127,6.0,2.5,1.5
1784195776604,2026-07-16 11:56:16.604,C3:00:00:63:4D:0A,-74,127,6.0,2.5,1.5
1784195776611,2026-07-16 11:56:16.611,C3:00:00:63:4C:D2,-55,127,6.0,2.5,1.5
1784195776617,2026-07-16 11:56:16.617,C3:00:00:63:4D:0A,-74,127,6.0,2.5,1.5
1784195776620,2026-07-16 11:56:16.620,C3:00:00:63:4D:05,-54,127,6.0,2.5,1.5
1784195776647,2026-07-16 11:56:16.647,C3:00:00:63:4D:05,-57,127,6.0,2.5,1.5
1784195776701,2026-07-16 11:56:16.701,C3:00:00:63:4D:0A,-58,127,6.0,2.5,1.5
1784195776703,2026-07-16 11:56:16.703,C3:00:00:63:4D:09,-61,127,6.0,2.5,1.5
1784195776709,2026-07-16 11:56:16.709,C3:00:00:63:4D:0D,-72,127,6.0,2.5,1.5
1784195776714,2026-07-16 11:56:16.714,C3:00:00:63:4C:D2,-65,127,6.0,2.5,1.5
1784195776720,2026-07-16 11:56:16.720,C3:00:00:63:4D:04,-56,127,6.0,2.5,1.5
1784195776747,2026-07-16 11:56:16.747,C3:00:00:63:4D:05,-55,127,6.0,2.5,1.5
1784195776750,2026-07-16 11:56:16.750,C3:00:00:63:4D:0D,-63,127,6.0,2.5,1.5
1784195776752,2026-07-16 11:56:16.752,C3:00:00:63:4D:08,-58,127,6.0,2.5,1.5
1784195776786,2026-07-16 11:56:16.786,C3:00:00:63:4C:D2,-55,127,6.0,2.5,1.5
1784195776811,2026-07-16 11:56:16.811,C3:00:00:63:4D:09,-70,127,6.0,2.5,1.5
1784195776815,2026-07-16 11:56:16.815,C3:00:00:63:4D:0A,-66,127,6.0,2.5,1.5
1784195776844,2026-07-16 11:56:16.844,C3:00:00:63:4D:04,-58,127,6.0,2.5,1.5
1784195776852,2026-07-16 11:56:16.852,C3:00:00:63:4D:08,-56,127,6.0,2.5,1.5
1784195776866,2026-07-16 11:56:16.866,C3:00:00:63:4D:04,-58,127,6.0,2.5,1.5
1784195776912,2026-07-16 11:56:16.912,C3:00:00:63:4D:0A,-72,127,6.0,2.5,1.5
1784195776931,2026-07-16 11:56:16.931,C3:00:00:63:4D:09,-63,127,6.0,2.5,1.5
1784195776936,2026-07-16 11:56:16.936,C3:00:00:63:4C:D2,-54,127,6.0,2.5,1.5
1784195776941,2026-07-16 11:56:16.941,C3:00:00:63:4D:0D,-71,127,6.0,2.5,1.5
1784195776954,2026-07-16 11:56:16.954,C3:00:00:63:4D:04,-56,127,6.0,2.5,1.5
1784195776956,2026-07-16 11:56:16.956,C3:00:00:63:4D:08,-61,127,6.0,2.5,1.5
1784195776974,2026-07-16 11:56:16.974,C3:00:00:63:4D:05,-54,127,6.0,2.5,1.5
1784195777043,2026-07-16 11:56:17.043,C3:00:00:63:4D:09,-71,127,6.0,2.5,1.5
1784195777048,2026-07-16 11:56:17.048,C3:00:00:63:4C:D2,-54,127,6.0,2.5,1.5
1784195777052,2026-07-16 11:56:17.052,C3:00:00:63:4D:07,-62,127,6.0,2.5,1.5
1784195777056,2026-07-16 11:56:17.056,C3:00:00:63:4D:0D,-61,127,6.0,2.5,1.5
1784195777061,2026-07-16 11:56:17.061,C3:00:00:63:4D:08,-58,127,6.0,2.5,1.5
1784195777071,2026-07-16 11:56:17.071,C3:00:00:63:4D:04,-66,127,6.0,2.5,1.5
1784195777083,2026-07-16 11:56:17.083,C3:00:00:63:4D:05,-56,127,6.0,2.5,1.5
1784195777091,2026-07-16 11:56:17.091,C3:00:00:63:4D:04,-65,127,6.0,2.5,1.5
1784195777116,2026-07-16 11:56:17.116,C3:00:00:63:4D:0A,-65,127,6.0,2.5,1.5
1784195777134,2026-07-16 11:56:17.134,C3:00:00:63:4D:0A,-72,127,6.0,2.5,1.5
1784195777149,2026-07-16 11:56:17.149,C3:00:00:63:4D:08,-54,127,6.0,2.5,1.5
1784195777158,2026-07-16 11:56:17.158,C3:00:00:63:4C:D2,-54,127,6.0,2.5,1.5
1784195777180,2026-07-16 11:56:17.180,C3:00:00:63:4D:04,-58,127,6.0,2.5,1.5
1784195777221,2026-07-16 11:56:17.221,C3:00:00:63:4D:0A,-72,127,6.0,2.5,1.5
1784195777251,2026-07-16 11:56:17.251,C3:00:00:63:4D:08,-58,127,6.0,2.5,1.5
1784195777273,2026-07-16 11:56:17.273,C3:00:00:63:4D:09,-60,127,6.0,2.5,1.5
1784195777276,2026-07-16 11:56:17.276,C3:00:00:63:4C:D2,-65,127,6.0,2.5,1.5
1784195777296,2026-07-16 11:56:17.296,C3:00:00:63:4D:07,-62,127,6.0,2.5,1.5
1784195777312,2026-07-16 11:56:17.312,C3:00:00:63:4D:05,-56,127,6.0,2.5,1.5
1784195777315,2026-07-16 11:56:17.315,C3:00:00:63:4D:09,-62,127,6.0,2.5,1.5
1784195777354,2026-07-16 11:56:17.354,C3:00:00:63:4D:08,-57,127,6.0,2.5,1.5
1784195777378,2026-07-16 11:56:17.378,C3:00:00:63:4D:09,-76,127,6.0,2.5,1.5
1784195777387,2026-07-16 11:56:17.387,C3:00:00:63:4C:D2,-55,127,6.0,2.5,1.5
1784195777398,2026-07-16 11:56:17.398,C3:00:00:63:4D:07,-61,127,6.0,2.5,1.5
1784195777406,2026-07-16 11:56:17.406,C3:00:00:63:4D:0D,-61,127,6.0,2.5,1.5
1784195777453,2026-07-16 11:56:17.453,C3:00:00:63:4D:08,-55,127,6.0,2.5,1.5
1784195777491,2026-07-16 11:56:17.491,C3:00:00:63:4D:09,-62,127,6.0,2.5,1.5
1784195777523,2026-07-16 11:56:17.523,C3:00:00:63:4D:04,-58,127,6.0,2.5,1.5
1784195777538,2026-07-16 11:56:17.538,C3:00:00:63:4D:0A,-73,127,6.0,2.5,1.5
1784195777553,2026-07-16 11:56:17.553,C3:00:00:63:4D:08,-61,127,6.0,2.5,1.5
1784195777590,2026-07-16 11:56:17.590,C3:00:00:63:4D:09,-69,127,6.0,2.5,1.5
1784195777641,2026-07-16 11:56:17.641,C3:00:00:63:4D:05,-56,127,6.0,2.5,1.5
1784195777655,2026-07-16 11:56:17.655,C3:00:00:63:4D:08,-56,127,6.0,2.5,1.5
1784195777717,2026-07-16 11:56:17.717,C3:00:00:63:4D:09,-74,127,6.0,2.5,1.5
1784195777723,2026-07-16 11:56:17.723,C3:00:00:63:4C:D2,-55,127,6.0,2.5,1.5
1784195777742,2026-07-16 11:56:17.742,C3:00:00:63:4D:07,-81,127,6.0,2.5,1.5
1784195777746,2026-07-16 11:56:17.746,C3:00:00:63:4D:05,-54,127,6.0,2.5,1.5
1784195777750,2026-07-16 11:56:17.750,C3:00:00:63:4D:0A,-76,127,6.0,2.5,1.5
1784195777754,2026-07-16 11:56:17.754,C3:00:00:63:4D:08,-54,127,6.0,2.5,1.5
1784195777829,2026-07-16 11:56:17.829,C3:00:00:63:4D:09,-63,127,6.0,2.5,1.5
1784195777835,2026-07-16 11:56:17.835,C3:00:00:63:4C:D2,-54,127,6.0,2.5,1.5
1784195777854,2026-07-16 11:56:17.854,C3:00:00:63:4D:0A,-58,127,6.0,2.5,1.5
1784195777859,2026-07-16 11:56:17.859,C3:00:00:63:4D:07,-60,127,6.0,2.5,1.5
1784195777877,2026-07-16 11:56:17.877,C3:00:00:63:4D:04,-56,127,6.0,2.5,1.5
1784195777884,2026-07-16 11:56:17.884,C3:00:00:63:4D:05,-62,127,6.0,2.5,1.5
1784195777948,2026-07-16 11:56:17.948,C3:00:00:63:4C:D2,-55,127,6.0,2.5,1.5
1784195777953,2026-07-16 11:56:17.953,C3:00:00:63:4D:0A,-66,127,6.0,2.5,1.5
1784195777957,2026-07-16 11:56:17.957,C3:00:00:63:4D:04,-64,127,6.0,2.5,1.5
1784195777970,2026-07-16 11:56:17.970,C3:00:00:63:4D:05,-55,127,6.0,2.5,1.5
1784195777974,2026-07-16 11:56:17.974,C3:00:00:63:4D:07,-63,127,6.0,2.5,1.5
1784195777976,2026-07-16 11:56:17.976,C3:00:00:63:4D:0D,-62,127,6.0,2.5,1.5
1784195777979,2026-07-16 11:56:17.979,C3:00:00:63:4D:08,-57,127,6.0,2.5,1.5
1784195777991,2026-07-16 11:56:17.991,C3:00:00:63:4D:04,-64,127,6.0,2.5,1.5
1784195778054,2026-07-16 11:56:18.054,C3:00:00:63:4D:08,-54,127,6.0,2.5,1.5
1784195778058,2026-07-16 11:56:18.058,C3:00:00:63:4C:D2,-54,127,6.0,2.5,1.5
1784195778080,2026-07-16 11:56:18.080,C3:00:00:63:4D:05,-54,127,6.0,2.5,1.5
1784195778098,2026-07-16 11:56:18.098,C3:00:00:63:4D:07,-76,127,6.0,2.5,1.5
1784195778103,2026-07-16 11:56:18.103,C3:00:00:63:4D:04,-59,127,6.0,2.5,1.5
1784195778150,2026-07-16 11:56:18.150,C3:00:00:63:4D:08,-59,127,6.0,2.5,1.5
1784195778163,2026-07-16 11:56:18.163,C3:00:00:63:4D:0A,-58,127,6.0,2.5,1.5
1784195778166,2026-07-16 11:56:18.166,C3:00:00:63:4D:09,-60,127,6.0,2.5,1.5
1784195778175,2026-07-16 11:56:18.175,C3:00:00:63:4C:D2,-65,127,6.0,2.5,1.5
1784195778183,2026-07-16 11:56:18.183,C3:00:00:63:4D:05,-54,127,6.0,2.5,1.5
1784195778201,2026-07-16 11:56:18.201,C3:00:00:63:4D:07,-61,127,6.0,2.5,1.5
1784195778209,2026-07-16 11:56:18.209,C3:00:00:63:4D:0D,-68,127,6.0,2.5,1.5
1784195778239,2026-07-16 11:56:18.239,C3:00:00:63:4D:05,-54,127,6.0,2.5,1.5
1784195778251,2026-07-16 11:56:18.251,C3:00:00:63:4D:0A,-67,127,6.0,2.5,1.5
1784195778269,2026-07-16 11:56:18.269,C3:00:00:63:4D:0A,-66,127,6.0,2.5,1.5
1784195778278,2026-07-16 11:56:18.278,C3:00:00:63:4D:09,-72,127,6.0,2.5,1.5
1784195778283,2026-07-16 11:56:18.283,C3:00:00:63:4C:D2,-55,127,6.0,2.5,1.5
1784195778318,2026-07-16 11:56:18.318,C3:00:00:63:4D:0D,-61,127,6.0,2.5,1.5
1784195778322,2026-07-16 11:56:18.322,C3:00:00:63:4D:07,-63,127,6.0,2.5,1.5
1784195778332,2026-07-16 11:56:18.332,C3:00:00:63:4D:04,-64,127,6.0,2.5,1.5
1784195778348,2026-07-16 11:56:18.348,C3:00:00:63:4D:08,-54,127,6.0,2.5,1.5
1784195778392,2026-07-16 11:56:18.392,C3:00:00:63:4D:09,-61,127,6.0,2.5,1.5
1784195778398,2026-07-16 11:56:18.398,C3:00:00:63:4C:D2,-55,127,6.0,2.5,1.5
1784195778404,2026-07-16 11:56:18.404,C3:00:00:63:4D:05,-54,127,6.0,2.5,1.5
1784195778432,2026-07-16 11:56:18.432,C3:00:00:63:4D:0D,-61,127,6.0,2.5,1.5
1784195778437,2026-07-16 11:56:18.437,C3:00:00:63:4D:07,-70,127,6.0,2.5,1.5
1784195778473,2026-07-16 11:56:18.473,C3:00:00:63:4D:0A,-58,127,6.0,2.5,1.5
1784195778521,2026-07-16 11:56:18.521,C3:00:00:63:4D:05,-52,127,6.0,2.5,1.5
1784195778544,2026-07-16 11:56:18.544,C3:00:00:63:4D:0D,-62,127,6.0,2.5,1.5
1784195778548,2026-07-16 11:56:18.548,C3:00:00:63:4D:08,-57,127,6.0,2.5,1.5
1784195778554,2026-07-16 11:56:18.554,C3:00:00:63:4D:07,-61,127,6.0,2.5,1.5
1784195778567,2026-07-16 11:56:18.567,C3:00:00:63:4D:04,-64,127,6.0,2.5,1.5
1784195778577,2026-07-16 11:56:18.577,C3:00:00:63:4D:0A,-66,127,6.0,2.5,1.5
1784195778615,2026-07-16 11:56:18.615,C3:00:00:63:4C:D2,-55,127,6.0,2.5,1.5
1784195778623,2026-07-16 11:56:18.623,C3:00:00:63:4D:05,-55,127,6.0,2.5,1.5
1784195778648,2026-07-16 11:56:18.648,C3:00:00:63:4D:05,-54,127,6.0,2.5,1.5
1784195778652,2026-07-16 11:56:18.652,C3:00:00:63:4D:08,-55,127,6.0,2.5,1.5
1784195778659,2026-07-16 11:56:18.659,C3:00:00:63:4D:0D,-62,127,6.0,2.5,1.5
1784195778665,2026-07-16 11:56:18.665,C3:00:00:63:4D:07,-74,127,6.0,2.5,1.5
1784195778682,2026-07-16 11:56:18.682,C3:00:00:63:4D:0A,-74,127,6.0,2.5,1.5
1784195778732,2026-07-16 11:56:18.732,C3:00:00:63:4C:D2,-55,127,6.0,2.5,1.5
1784195778738,2026-07-16 11:56:18.738,C3:00:00:63:4D:09,-61,127,6.0,2.5,1.5
1784195778754,2026-07-16 11:56:18.754,C3:00:00:63:4D:0D,-71,127,6.0,2.5,1.5
1784195778759,2026-07-16 11:56:18.759,C3:00:00:63:4D:08,-61,127,6.0,2.5,1.5
1784195778779,2026-07-16 11:56:18.779,C3:00:00:63:4D:0D,-75,127,6.0,2.5,1.5
1784195778789,2026-07-16 11:56:18.789,C3:00:00:63:4D:0A,-58,127,6.0,2.5,1.5
1784195778839,2026-07-16 11:56:18.839,C3:00:00:63:4C:D2,-66,127,6.0,2.5,1.5
1784195778850,2026-07-16 11:56:18.850,C3:00:00:63:4D:09,-72,127,6.0,2.5,1.5
1784195778856,2026-07-16 11:56:18.856,C3:00:00:63:4D:08,-59,127,6.0,2.5,1.5
1784195778882,2026-07-16 11:56:18.882,C3:00:00:63:4D:0A,-67,127,6.0,2.5,1.5
1784195778893,2026-07-16 11:56:18.893,C3:00:00:63:4D:0D,-61,127,6.0,2.5,1.5
1784195778898,2026-07-16 11:56:18.898,C3:00:00:63:4D:07,-61,127,6.0,2.5,1.5
1784195778908,2026-07-16 11:56:18.908,C3:00:00:63:4D:04,-64,127,6.0,2.5,1.5
1784195778951,2026-07-16 11:56:18.951,C3:00:00:63:4D:08,-55,127,6.0,2.5,1.5
1784195778956,2026-07-16 11:56:18.956,C3:00:00:63:4C:D2,-55,127,6.0,2.5,1.5
1784195778961,2026-07-16 11:56:18.961,C3:00:00:63:4D:05,-54,127,6.0,2.5,1.5
1784195778988,2026-07-16 11:56:18.988,C3:00:00:63:4D:0A,-75,127,6.0,2.5,1.5
1784195778992,2026-07-16 11:56:18.992,C3:00:00:63:4D:09,-62,127,6.0,2.5,1.5
1784195779013,2026-07-16 11:56:19.013,C3:00:00:63:4D:07,-78,127,6.0,2.5,1.5
1784195779020,2026-07-16 11:56:19.020,C3:00:00:63:4D:04,-58,127,6.0,2.5,1.5
1784195779059,2026-07-16 11:56:19.059,C3:00:00:63:4D:08,-60,127,6.0,2.5,1.5
1784195779066,2026-07-16 11:56:19.066,C3:00:00:63:4D:05,-57,127,6.0,2.5,1.5
1784195779072,2026-07-16 11:56:19.072,C3:00:00:63:4C:D2,-64,127,6.0,2.5,1.5
1784195779075,2026-07-16 11:56:19.075,C3:00:00:63:4D:09,-60,127,6.0,2.5,1.5
1784195779101,2026-07-16 11:56:19.101,C3:00:00:63:4D:0A,-59,127,6.0,2.5,1.5
1784195779106,2026-07-16 11:56:19.106,C3:00:00:63:4D:04,-56,127,6.0,2.5,1.5
1784195779120,2026-07-16 11:56:19.120,C3:00:00:63:4D:0D,-81,127,6.0,2.5,1.5
1784195779126,2026-07-16 11:56:19.126,C3:00:00:63:4D:07,-62,127,6.0,2.5,1.5
1784195779143,2026-07-16 11:56:19.143,C3:00:00:63:4D:04,-64,127,6.0,2.5,1.5
1784195779171,2026-07-16 11:56:19.171,C3:00:00:63:4D:05,-55,127,6.0,2.5,1.5
1784195779183,2026-07-16 11:56:19.183,C3:00:00:63:4C:D2,-55,127,6.0,2.5,1.5
1784195779186,2026-07-16 11:56:19.186,C3:00:00:63:4D:09,-72,127,6.0,2.5,1.5
1784195779203,2026-07-16 11:56:19.203,C3:00:00:63:4D:0A,-68,127,6.0,2.5,1.5
1784195779235,2026-07-16 11:56:19.235,C3:00:00:63:4D:0D,-63,127,6.0,2.5,1.5
1784195779251,2026-07-16 11:56:19.251,C3:00:00:63:4D:07,-74,127,6.0,2.5,1.5
1784195779254,2026-07-16 11:56:19.254,C3:00:00:63:4D:08,-55,127,6.0,2.5,1.5
1784195779255,2026-07-16 11:56:19.255,C3:00:00:63:4D:04,-59,127,6.0,2.5,1.5
1784195779279,2026-07-16 11:56:19.279,C3:00:00:63:4D:09,-62,127,6.0,2.5,1.5
1784195779294,2026-07-16 11:56:19.294,C3:00:00:63:4C:D2,-55,127,6.0,2.5,1.5
1784195779307,2026-07-16 11:56:19.307,C3:00:00:63:4D:09,-63,127,6.0,2.5,1.5
1784195779314,2026-07-16 11:56:19.314,C3:00:00:63:4D:0A,-74,127,6.0,2.5,1.5
1784195779330,2026-07-16 11:56:19.330,C3:00:00:63:4D:09,-62,127,6.0,2.5,1.5
1784195779369,2026-07-16 11:56:19.369,C3:00:00:63:4D:04,-56,127,6.0,2.5,1.5
1784195779395,2026-07-16 11:56:19.395,C3:00:00:63:4D:05,-56,127,6.0,2.5,1.5
1784195779397,2026-07-16 11:56:19.397,C3:00:00:63:4D:0D,-72,127,6.0,2.5,1.5
1784195779406,2026-07-16 11:56:19.406,C3:00:00:63:4C:D2,-64,127,6.0,2.5,1.5
1784195779408,2026-07-16 11:56:19.408,C3:00:00:63:4D:0A,-59,127,6.0,2.5,1.5
1784195779414,2026-07-16 11:56:19.414,C3:00:00:63:4D:09,-60,127,6.0,2.5,1.5
1784195779508,2026-07-16 11:56:19.508,C3:00:00:63:4D:05,-56,127,6.0,2.5,1.5
1784195779513,2026-07-16 11:56:19.513,C3:00:00:63:4C:D2,-55,127,6.0,2.5,1.5
1784195779558,2026-07-16 11:56:19.558,C3:00:00:63:4D:08,-55,127,6.0,2.5,1.5
1784195779588,2026-07-16 11:56:19.588,C3:00:00:63:4D:08,-63,127,6.0,2.5,1.5
1784195779597,2026-07-16 11:56:19.597,C3:00:00:63:4D:05,-54,127,6.0,2.5,1.5
1784195779601,2026-07-16 11:56:19.601,C3:00:00:63:4D:04,-59,127,6.0,2.5,1.5
1784195779624,2026-07-16 11:56:19.624,C3:00:00:63:4D:05,-54,127,6.0,2.5,1.5
1784195779626,2026-07-16 11:56:19.626,C3:00:00:63:4D:0A,-74,127,6.0,2.5,1.5
1784195779636,2026-07-16 11:56:19.636,C3:00:00:63:4D:09,-61,127,6.0,2.5,1.5
1784195779644,2026-07-16 11:56:19.644,C3:00:00:63:4D:0D,-69,127,6.0,2.5,1.5
1784195779648,2026-07-16 11:56:19.648,C3:00:00:63:4C:D2,-66,127,6.0,2.5,1.5
1784195779661,2026-07-16 11:56:19.661,C3:00:00:63:4D:08,-59,127,6.0,2.5,1.5
1784195779698,2026-07-16 11:56:19.698,C3:00:00:63:4D:0D,-70,127,6.0,2.5,1.5
1784195779708,2026-07-16 11:56:19.708,C3:00:00:63:4D:07,-62,127,6.0,2.5,1.5
1784195779712,2026-07-16 11:56:19.712,C3:00:00:63:4D:04,-55,127,6.0,2.5,1.5
1784195779730,2026-07-16 11:56:19.730,C3:00:00:63:4D:0A,-58,127,6.0,2.5,1.5
1784195779741,2026-07-16 11:56:19.741,C3:00:00:63:4C:D2,-65,127,6.0,2.5,1.5
1784195779815,2026-07-16 11:56:19.815,C3:00:00:63:4D:0D,-60,127,6.0,2.5,1.5
1784195779821,2026-07-16 11:56:19.821,C3:00:00:63:4D:07,-61,127,6.0,2.5,1.5
1784195779827,2026-07-16 11:56:19.827,C3:00:00:63:4D:04,-65,127,6.0,2.5,1.5
1784195779849,2026-07-16 11:56:19.849,C3:00:00:63:4C:D2,-54,127,6.0,2.5,1.5
1784195779855,2026-07-16 11:56:19.855,C3:00:00:63:4D:08,-54,127,6.0,2.5,1.5
1784195779927,2026-07-16 11:56:19.927,C3:00:00:63:4D:0D,-60,127,6.0,2.5,1.5
1784195779940,2026-07-16 11:56:19.940,C3:00:00:63:4D:05,-54,127,6.0,2.5,1.5
1784195779957,2026-07-16 11:56:19.957,C3:00:00:63:4D:08,-61,127,6.0,2.5,1.5
1784195779970,2026-07-16 11:56:19.970,C3:00:00:63:4D:04,-56,127,6.0,2.5,1.5
1784195779974,2026-07-16 11:56:19.974,C3:00:00:63:4C:D2,-66,127,6.0,2.5,1.5
1784195779979,2026-07-16 11:56:19.979,C3:00:00:63:4D:08,-62,127,6.0,2.5,1.5
1784195779984,2026-07-16 11:56:19.984,C3:00:00:63:4D:09,-59,127,6.0,2.5,1.5
1784195779998,2026-07-16 11:56:19.998,C3:00:00:63:4D:07,-62,127,6.0,2.5,1.5
1784195780043,2026-07-16 11:56:20.043,C3:00:00:63:4D:0A,-58,127,6.0,2.5,1.5
1784195780046,2026-07-16 11:56:20.046,C3:00:00:63:4D:0D,-62,127,6.0,2.5,1.5
1784195780064,2026-07-16 11:56:20.064,C3:00:00:63:4D:05,-54,127,6.0,2.5,1.5
1784195780081,2026-07-16 11:56:20.081,C3:00:00:63:4C:D2,-54,127,6.0,2.5,1.5
1784195780091,2026-07-16 11:56:20.091,C3:00:00:63:4D:09,-73,127,6.0,2.5,1.5
1784195780107,2026-07-16 11:56:20.107,C3:00:00:63:4D:07,-62,127,6.0,2.5,1.5
1784195780124,2026-07-16 11:56:20.124,C3:00:00:63:4D:04,-72,127,6.0,2.5,1.5
1784195780134,2026-07-16 11:56:20.134,C3:00:00:63:4D:0A,-66,127,6.0,2.5,1.5
1784195780160,2026-07-16 11:56:20.160,C3:00:00:63:4D:07,-73,127,6.0,2.5,1.5
1784195780166,2026-07-16 11:56:20.166,C3:00:00:63:4D:05,-54,127,6.0,2.5,1.5
1784195780185,2026-07-16 11:56:20.185,C3:00:00:63:4D:08,-54,127,6.0,2.5,1.5
1784195780189,2026-07-16 11:56:20.189,C3:00:00:63:4C:D2,-55,127,6.0,2.5,1.5
1784195780203,2026-07-16 11:56:20.203,C3:00:00:63:4D:09,-62,127,6.0,2.5,1.5
1784195780274,2026-07-16 11:56:20.274,C3:00:00:63:4D:0D,-69,127,6.0,2.5,1.5
1784195780279,2026-07-16 11:56:20.279,C3:00:00:63:4D:05,-54,127,6.0,2.5,1.5
1784195780302,2026-07-16 11:56:20.302,C3:00:00:63:4C:D2,-66,127,6.0,2.5,1.5
1784195780350,2026-07-16 11:56:20.350,C3:00:00:63:4D:08,-59,127,6.0,2.5,1.5
1784195780382,2026-07-16 11:56:20.382,C3:00:00:63:4D:05,-56,127,6.0,2.5,1.5
1784195780405,2026-07-16 11:56:20.405,C3:00:00:63:4D:04,-64,127,6.0,2.5,1.5
1784195780433,2026-07-16 11:56:20.433,C3:00:00:63:4D:09,-74,127,6.0,2.5,1.5
1784195780453,2026-07-16 11:56:20.453,C3:00:00:63:4D:0A,-74,127,6.0,2.5,1.5
1784195780472,2026-07-16 11:56:20.472,C3:00:00:63:4D:07,-74,127,6.0,2.5,1.5
1784195780493,2026-07-16 11:56:20.493,C3:00:00:63:4D:05,-54,127,6.0,2.5,1.5
1784195780498,2026-07-16 11:56:20.498,C3:00:00:63:4D:0D,-60,127,6.0,2.5,1.5
1784195780513,2026-07-16 11:56:20.513,C3:00:00:63:4D:04,-58,127,6.0,2.5,1.5
1784195780520,2026-07-16 11:56:20.520,C3:00:00:63:4C:D2,-55,127,6.0,2.5,1.5
1784195780524,2026-07-16 11:56:20.524,C3:00:00:63:4D:0D,-69,127,6.0,2.5,1.5
1784195780543,2026-07-16 11:56:20.543,C3:00:00:63:4D:09,-59,127,6.0,2.5,1.5
1784195780550,2026-07-16 11:56:20.550,C3:00:00:63:4D:0A,-58,127,6.0,2.5,1.5
1784195780557,2026-07-16 11:56:20.557,C3:00:00:63:4D:08,-60,127,6.0,2.5,1.5
1784195780606,2026-07-16 11:56:20.606,C3:00:00:63:4D:05,-54,127,6.0,2.5,1.5
1784195780633,2026-07-16 11:56:20.633,C3:00:00:63:4D:07,-61,127,6.0,2.5,1.5
1784195780638,2026-07-16 11:56:20.638,C3:00:00:63:4D:0D,-73,127,6.0,2.5,1.5
1784195780643,2026-07-16 11:56:20.643,C3:00:00:63:4D:04,-55,127,6.0,2.5,1.5
1784195780647,2026-07-16 11:56:20.647,C3:00:00:63:4C:D2,-67,127,6.0,2.5,1.5
1784195780649,2026-07-16 11:56:20.649,C3:00:00:63:4D:0A,-66,127,6.0,2.5,1.5
1784195780656,2026-07-16 11:56:20.656,C3:00:00:63:4D:09,-74,127,6.0,2.5,1.5
1784195780691,2026-07-16 11:56:20.691,C3:00:00:63:4D:0A,-66,127,6.0,2.5,1.5
1784195780713,2026-07-16 11:56:20.713,C3:00:00:63:4D:05,-56,127,6.0,2.5,1.5
1784195780738,2026-07-16 11:56:20.738,C3:00:00:63:4D:07,-61,127,6.0,2.5,1.5
1784195780746,2026-07-16 11:56:20.746,C3:00:00:63:4C:D2,-55,127,6.0,2.5,1.5
1784195780758,2026-07-16 11:56:20.758,C3:00:00:63:4D:0D,-60,127,6.0,2.5,1.5
1784195780773,2026-07-16 11:56:20.773,C3:00:00:63:4D:09,-62,127,6.0,2.5,1.5
1784195780808,2026-07-16 11:56:20.808,C3:00:00:63:4C:D2,-56,127,6.0,2.5,1.5
1784195780830,2026-07-16 11:56:20.830,C3:00:00:63:4D:05,-54,127,6.0,2.5,1.5
1784195780879,2026-07-16 11:56:20.879,C3:00:00:63:4D:04,-56,127,6.0,2.5,1.5
1784195780932,2026-07-16 11:56:20.932,C3:00:00:63:4D:05,-56,127,6.0,2.5,1.5
1784195780954,2026-07-16 11:56:20.954,C3:00:00:63:4D:08,-57,127,6.0,2.5,1.5
1784195780962,2026-07-16 11:56:20.962,C3:00:00:63:4D:0D,-62,127,6.0,2.5,1.5
1784195780965,2026-07-16 11:56:20.965,C3:00:00:63:4D:07,-62,127,6.0,2.5,1.5
1784195780976,2026-07-16 11:56:20.976,C3:00:00:63:4C:D2,-55,127,6.0,2.5,1.5
1784195780983,2026-07-16 11:56:20.983,C3:00:00:63:4D:04,-63,127,6.0,2.5,1.5
1784195781049,2026-07-16 11:56:21.049,C3:00:00:63:4D:08,-55,127,6.0,2.5,1.5
1784195781081,2026-07-16 11:56:21.081,C3:00:00:63:4D:0D,-61,127,6.0,2.5,1.5
1784195781086,2026-07-16 11:56:21.086,C3:00:00:63:4C:D2,-55,127,6.0,2.5,1.5
1784195781101,2026-07-16 11:56:21.101,C3:00:00:63:4D:04,-58,127,6.0,2.5,1.5
1784195781120,2026-07-16 11:56:21.120,C3:00:00:63:4D:0A,-82,127,6.0,2.5,1.5
1784195781154,2026-07-16 11:56:21.154,C3:00:00:63:4D:08,-61,127,6.0,2.5,1.5
1784195781179,2026-07-16 11:56:21.179,C3:00:00:63:4D:0A,-59,127,6.0,2.5,1.5
1784195781188,2026-07-16 11:56:21.188,C3:00:00:63:4D:0D,-76,127,6.0,2.5,1.5
1784195781192,2026-07-16 11:56:21.192,C3:00:00:63:4C:D2,-65,127,6.0,2.5,1.5
1784195781205,2026-07-16 11:56:21.205,C3:00:00:63:4D:07,-62,127,6.0,2.5,1.5
1784195781217,2026-07-16 11:56:21.217,C3:00:00:63:4D:04,-56,127,6.0,2.5,1.5
1784195781254,2026-07-16 11:56:21.254,C3:00:00:63:4D:08,-56,127,6.0,2.5,1.5
1784195781275,2026-07-16 11:56:21.275,C3:00:00:63:4D:0A,-67,127,6.0,2.5,1.5
1784195781300,2026-07-16 11:56:21.300,C3:00:00:63:4D:09,-73,127,6.0,2.5,1.5
1784195781304,2026-07-16 11:56:21.304,C3:00:00:63:4D:0D,-63,127,6.0,2.5,1.5
1784195781308,2026-07-16 11:56:21.308,C3:00:00:63:4C:D2,-55,127,6.0,2.5,1.5
1784195781313,2026-07-16 11:56:21.313,C3:00:00:63:4D:07,-63,127,6.0,2.5,1.5
1784195781317,2026-07-16 11:56:21.317,C3:00:00:63:4D:09,-74,127,6.0,2.5,1.5
1784195781328,2026-07-16 11:56:21.328,C3:00:00:63:4D:04,-63,127,6.0,2.5,1.5
1784195781340,2026-07-16 11:56:21.340,C3:00:00:63:4D:09,-62,127,6.0,2.5,1.5
1784195781357,2026-07-16 11:56:21.357,C3:00:00:63:4D:08,-55,127,6.0,2.5,1.5
1784195781392,2026-07-16 11:56:21.392,C3:00:00:63:4D:0A,-75,127,6.0,2.5,1.5
1784195781403,2026-07-16 11:56:21.403,C3:00:00:63:4D:0D,-62,127,6.0,2.5,1.5
1784195781424,2026-07-16 11:56:21.424,C3:00:00:63:4D:0D,-62,127,6.0,2.5,1.5
1784195781430,2026-07-16 11:56:21.430,C3:00:00:63:4D:07,-80,127,6.0,2.5,1.5
1784195781439,2026-07-16 11:56:21.439,C3:00:00:63:4D:04,-58,127,6.0,2.5,1.5
1784195781456,2026-07-16 11:56:21.456,C3:00:00:63:4D:09,-60,127,6.0,2.5,1.5
1784195781485,2026-07-16 11:56:21.485,C3:00:00:63:4D:0A,-59,127,6.0,2.5,1.5
1784195781535,2026-07-16 11:56:21.535,C3:00:00:63:4C:D2,-64,127,6.0,2.5,1.5
1784195781543,2026-07-16 11:56:21.543,C3:00:00:63:4D:07,-63,127,6.0,2.5,1.5
1784195781560,2026-07-16 11:56:21.560,C3:00:00:63:4D:08,-56,127,6.0,2.5,1.5
1784195781599,2026-07-16 11:56:21.599,C3:00:00:63:4D:05,-55,127,6.0,2.5,1.5
1784195781601,2026-07-16 11:56:21.601,C3:00:00:63:4D:09,-80,127,6.0,2.5,1.5
1784195781619,2026-07-16 11:56:21.619,C3:00:00:63:4D:05,-57,127,6.0,2.5,1.5
1784195781645,2026-07-16 11:56:21.645,C3:00:00:63:4C:D2,-54,127,6.0,2.5,1.5
1784195781648,2026-07-16 11:56:21.648,C3:00:00:63:4D:08,-55,127,6.0,2.5,1.5
1784195781667,2026-07-16 11:56:21.667,C3:00:00:63:4C:D2,-55,127,6.0,2.5,1.5
1784195781671,2026-07-16 11:56:21.671,C3:00:00:63:4D:09,-62,127,6.0,2.5,1.5
1784195781705,2026-07-16 11:56:21.705,C3:00:00:63:4D:0A,-73,127,6.0,2.5,1.5
1784195781708,2026-07-16 11:56:21.708,C3:00:00:63:4D:05,-54,127,6.0,2.5,1.5
1784195781750,2026-07-16 11:56:21.750,C3:00:00:63:4D:08,-61,127,6.0,2.5,1.5
1784195781770,2026-07-16 11:56:21.770,C3:00:00:63:4D:07,-60,127,6.0,2.5,1.5
1784195781780,2026-07-16 11:56:21.780,C3:00:00:63:4D:04,-55,127,6.0,2.5,1.5
1784195781798,2026-07-16 11:56:21.798,C3:00:00:63:4D:0A,-59,127,6.0,2.5,1.5
1784195781817,2026-07-16 11:56:21.817,C3:00:00:63:4D:05,-56,127,6.0,2.5,1.5
1784195781852,2026-07-16 11:56:21.852,C3:00:00:63:4D:08,-56,127,6.0,2.5,1.5
1784195781870,2026-07-16 11:56:21.870,C3:00:00:63:4C:D2,-55,127,6.0,2.5,1.5
1784195781902,2026-07-16 11:56:21.902,C3:00:00:63:4D:09,-72,127,6.0,2.5,1.5
1784195781926,2026-07-16 11:56:21.926,C3:00:00:63:4D:05,-55,127,6.0,2.5,1.5
1784195781979,2026-07-16 11:56:21.979,C3:00:00:63:4D:08,-55,127,6.0,2.5,1.5
1784195781983,2026-07-16 11:56:21.983,C3:00:00:63:4C:D2,-55,127,6.0,2.5,1.5
1784195781998,2026-07-16 11:56:21.998,C3:00:00:63:4D:0D,-62,127,6.0,2.5,1.5
1784195782004,2026-07-16 11:56:22.004,C3:00:00:63:4D:0A,-78,127,6.0,2.5,1.5
1784195782016,2026-07-16 11:56:22.016,C3:00:00:63:4D:04,-58,127,6.0,2.5,1.5
1784195782030,2026-07-16 11:56:22.030,C3:00:00:63:4D:05,-54,127,6.0,2.5,1.5
1784195782098,2026-07-16 11:56:22.098,C3:00:00:63:4C:D2,-64,127,6.0,2.5,1.5
1784195782105,2026-07-16 11:56:22.105,C3:00:00:63:4D:07,-63,127,6.0,2.5,1.5
1784195782121,2026-07-16 11:56:22.121,C3:00:00:63:4D:0A,-59,127,6.0,2.5,1.5
1784195782189,2026-07-16 11:56:22.189,C3:00:00:63:4D:08,-56,127,6.0,2.5,1.5
1784195782210,2026-07-16 11:56:22.210,C3:00:00:63:4C:D2,-55,127,6.0,2.5,1.5
1784195782219,2026-07-16 11:56:22.219,C3:00:00:63:4D:0A,-67,127,6.0,2.5,1.5
1784195782232,2026-07-16 11:56:22.232,C3:00:00:63:4D:09,-72,127,6.0,2.5,1.5
1784195782254,2026-07-16 11:56:22.254,C3:00:00:63:4D:08,-55,127,6.0,2.5,1.5
1784195782261,2026-07-16 11:56:22.261,C3:00:00:63:4D:05,-54,127,6.0,2.5,1.5
1784195782263,2026-07-16 11:56:22.263,C3:00:00:63:4D:0A,-74,127,6.0,2.5,1.5
1784195782316,2026-07-16 11:56:22.316,C3:00:00:63:4C:D2,-54,127,6.0,2.5,1.5
1784195782344,2026-07-16 11:56:22.344,C3:00:00:63:4D:07,-61,127,6.0,2.5,1.5
1784195782356,2026-07-16 11:56:22.356,C3:00:00:63:4D:09,-60,127,6.0,2.5,1.5
1784195782368,2026-07-16 11:56:22.368,C3:00:00:63:4D:04,-55,127,6.0,2.5,1.5
1784195782431,2026-07-16 11:56:22.431,C3:00:00:63:4C:D2,-64,127,6.0,2.5,1.5
1784195782451,2026-07-16 11:56:22.451,C3:00:00:63:4D:08,-56,127,6.0,2.5,1.5
1784195782467,2026-07-16 11:56:22.467,C3:00:00:63:4D:0D,-62,127,6.0,2.5,1.5
1784195782475,2026-07-16 11:56:22.475,C3:00:00:63:4D:05,-57,127,6.0,2.5,1.5
1784195782579,2026-07-16 11:56:22.579,C3:00:00:63:4D:09,-62,127,6.0,2.5,1.5
1784195782584,2026-07-16 11:56:22.584,C3:00:00:63:4D:0D,-61,127,6.0,2.5,1.5
1784195782588,2026-07-16 11:56:22.588,C3:00:00:63:4D:05,-54,127,6.0,2.5,1.5
1784195782595,2026-07-16 11:56:22.595,C3:00:00:63:4D:04,-59,127,6.0,2.5,1.5
1784195782651,2026-07-16 11:56:22.651,C3:00:00:63:4C:D2,-65,127,6.0,2.5,1.5
1784195782656,2026-07-16 11:56:22.656,C3:00:00:63:4D:08,-61,127,6.0,2.5,1.5
1784195782660,2026-07-16 11:56:22.660,C3:00:00:63:4D:0A,-58,127,6.0,2.5,1.5
1784195782683,2026-07-16 11:56:22.683,C3:00:00:63:4D:0A,-59,127,6.0,2.5,1.5
1784195782696,2026-07-16 11:56:22.696,C3:00:00:63:4D:07,-61,127,6.0,2.5,1.5
1784195782707,2026-07-16 11:56:22.707,C3:00:00:63:4D:04,-56,127,6.0,2.5,1.5
1784195782738,2026-07-16 11:56:22.738,C3:00:00:63:4D:0A,-58,127,6.0,2.5,1.5
1784195782758,2026-07-16 11:56:22.758,C3:00:00:63:4D:0D,-62,127,6.0,2.5,1.5
1784195782773,2026-07-16 11:56:22.773,C3:00:00:63:4C:D2,-55,127,6.0,2.5,1.5
1784195782802,2026-07-16 11:56:22.802,C3:00:00:63:4D:07,-62,127,6.0,2.5,1.5
1784195782806,2026-07-16 11:56:22.806,C3:00:00:63:4D:05,-55,127,6.0,2.5,1.5
1784195782811,2026-07-16 11:56:22.811,C3:00:00:63:4D:04,-63,127,6.0,2.5,1.5
1784195782822,2026-07-16 11:56:22.822,C3:00:00:63:4C:D2,-55,127,6.0,2.5,1.5
1784195782852,2026-07-16 11:56:22.852,C3:00:00:63:4D:08,-55,127,6.0,2.5,1.5
1784195782873,2026-07-16 11:56:22.873,C3:00:00:63:4C:D2,-55,127,6.0,2.5,1.5
1784195782909,2026-07-16 11:56:22.909,C3:00:00:63:4D:05,-54,127,6.0,2.5,1.5
1784195782913,2026-07-16 11:56:22.913,C3:00:00:63:4D:09,-62,127,6.0,2.5,1.5
1784195782933,2026-07-16 11:56:22.933,C3:00:00:63:4D:04,-58,127,6.0,2.5,1.5
1784195782947,2026-07-16 11:56:22.947,C3:00:00:63:4D:0A,-59,127,6.0,2.5,1.5
1784195782955,2026-07-16 11:56:22.955,C3:00:00:63:4D:08,-62,127,6.0,2.5,1.5
1784195783000,2026-07-16 11:56:23.000,C3:00:00:63:4D:09,-61,127,6.0,2.5,1.5
1784195783021,2026-07-16 11:56:23.021,C3:00:00:63:4D:05,-56,127,6.0,2.5,1.5
1784195783027,2026-07-16 11:56:23.027,C3:00:00:63:4D:09,-60,127,6.0,2.5,1.5
1784195783031,2026-07-16 11:56:23.031,C3:00:00:63:4D:07,-62,127,6.0,2.5,1.5
1784195783049,2026-07-16 11:56:23.049,C3:00:00:63:4D:04,-63,127,6.0,2.5,1.5
1784195783121,2026-07-16 11:56:23.121,C3:00:00:63:4D:04,-63,127,6.0,2.5,1.5
1784195783128,2026-07-16 11:56:23.128,C3:00:00:63:4D:05,-55,127,6.0,2.5,1.5
1784195783143,2026-07-16 11:56:23.143,C3:00:00:63:4D:09,-62,127,6.0,2.5,1.5
1784195783147,2026-07-16 11:56:23.147,C3:00:00:63:4D:07,-77,127,6.0,2.5,1.5
1784195783151,2026-07-16 11:56:23.151,C3:00:00:63:4D:0D,-61,127,6.0,2.5,1.5
1784195783156,2026-07-16 11:56:23.156,C3:00:00:63:4D:0A,-76,127,6.0,2.5,1.5
1784195783165,2026-07-16 11:56:23.165,C3:00:00:63:4D:04,-58,127,6.0,2.5,1.5
1784195783248,2026-07-16 11:56:23.248,C3:00:00:63:4D:05,-54,127,6.0,2.5,1.5
1784195783267,2026-07-16 11:56:23.267,C3:00:00:63:4D:0D,-72,127,6.0,2.5,1.5
1784195783329,2026-07-16 11:56:23.329,C3:00:00:63:4C:D2,-65,127,6.0,2.5,1.5
1784195783337,2026-07-16 11:56:23.337,C3:00:00:63:4D:09,-60,127,6.0,2.5,1.5
1784195783354,2026-07-16 11:56:23.354,C3:00:00:63:4D:08,-58,127,6.0,2.5,1.5
1784195783376,2026-07-16 11:56:23.376,C3:00:00:63:4D:0D,-62,127,6.0,2.5,1.5
1784195783379,2026-07-16 11:56:23.379,C3:00:00:63:4D:07,-61,127,6.0,2.5,1.5
1784195783433,2026-07-16 11:56:23.433,C3:00:00:63:4C:D2,-54,127,6.0,2.5,1.5
1784195783445,2026-07-16 11:56:23.445,C3:00:00:63:4D:08,-55,127,6.0,2.5,1.5
1784195783465,2026-07-16 11:56:23.465,C3:00:00:63:4D:05,-54,127,6.0,2.5,1.5
1784195783495,2026-07-16 11:56:23.495,C3:00:00:63:4D:0D,-61,127,6.0,2.5,1.5
1784195783498,2026-07-16 11:56:23.498,C3:00:00:63:4D:07,-74,127,6.0,2.5,1.5
1784195783503,2026-07-16 11:56:23.503,C3:00:00:63:4D:04,-59,127,6.0,2.5,1.5
1784195783550,2026-07-16 11:56:23.550,C3:00:00:63:4D:08,-60,127,6.0,2.5,1.5
1784195783569,2026-07-16 11:56:23.569,C3:00:00:63:4D:05,-54,127,6.0,2.5,1.5
1784195783593,2026-07-16 11:56:23.593,C3:00:00:63:4D:09,-59,127,6.0,2.5,1.5
1784195783610,2026-07-16 11:56:23.610,C3:00:00:63:4D:0D,-75,127,6.0,2.5,1.5
1784195783623,2026-07-16 11:56:23.623,C3:00:00:63:4D:04,-55,127,6.0,2.5,1.5
1784195783645,2026-07-16 11:56:23.645,C3:00:00:63:4D:0D,-62,127,6.0,2.5,1.5
1784195783649,2026-07-16 11:56:23.649,C3:00:00:63:4C:D2,-55,127,6.0,2.5,1.5
1784195783671,2026-07-16 11:56:23.671,C3:00:00:63:4C:D2,-54,127,6.0,2.5,1.5
1784195783704,2026-07-16 11:56:23.704,C3:00:00:63:4D:09,-72,127,6.0,2.5,1.5
1784195783722,2026-07-16 11:56:23.722,C3:00:00:63:4D:0D,-62,127,6.0,2.5,1.5
1784195783739,2026-07-16 11:56:23.739,C3:00:00:63:4D:04,-63,127,6.0,2.5,1.5
1784195783756,2026-07-16 11:56:23.756,C3:00:00:63:4D:08,-55,127,6.0,2.5,1.5
1784195783770,2026-07-16 11:56:23.770,C3:00:00:63:4C:D2,-55,127,6.0,2.5,1.5
1784195783776,2026-07-16 11:56:23.776,C3:00:00:63:4D:0A,-75,127,6.0,2.5,1.5
1784195783797,2026-07-16 11:56:23.797,C3:00:00:63:4D:05,-54,127,6.0,2.5,1.5
1784195783841,2026-07-16 11:56:23.841,C3:00:00:63:4D:07,-62,127,6.0,2.5,1.5
1784195783843,2026-07-16 11:56:23.843,C3:00:00:63:4D:0D,-82,127,6.0,2.5,1.5
1784195783846,2026-07-16 11:56:23.846,C3:00:00:63:4D:08,-62,127,6.0,2.5,1.5
1784195783861,2026-07-16 11:56:23.861,C3:00:00:63:4D:04,-56,127,6.0,2.5,1.5
1784195783882,2026-07-16 11:56:23.882,C3:00:00:63:4D:0A,-59,127,6.0,2.5,1.5
1784195783884,2026-07-16 11:56:23.884,C3:00:00:63:4C:D2,-65,127,6.0,2.5,1.5
1784195783900,2026-07-16 11:56:23.900,C3:00:00:63:4D:05,-56,127,6.0,2.5,1.5
1784195783933,2026-07-16 11:56:23.933,C3:00:00:63:4D:09,-60,127,6.0,2.5,1.5
1784195783951,2026-07-16 11:56:23.951,C3:00:00:63:4D:0D,-63,127,6.0,2.5,1.5
1784195783976,2026-07-16 11:56:23.976,C3:00:00:63:4D:04,-62,127,6.0,2.5,1.5
1784195784012,2026-07-16 11:56:24.012,C3:00:00:63:4D:05,-55,127,6.0,2.5,1.5
1784195784020,2026-07-16 11:56:24.020,C3:00:00:63:4D:07,-62,127,6.0,2.5,1.5
1784195784043,2026-07-16 11:56:24.043,C3:00:00:63:4D:09,-62,127,6.0,2.5,1.5
1784195784052,2026-07-16 11:56:24.052,C3:00:00:63:4D:08,-55,127,6.0,2.5,1.5
1784195784068,2026-07-16 11:56:24.068,C3:00:00:63:4D:0D,-60,127,6.0,2.5,1.5
1784195784071,2026-07-16 11:56:24.071,C3:00:00:63:4D:07,-76,127,6.0,2.5,1.5
1784195784085,2026-07-16 11:56:24.085,C3:00:00:63:4D:04,-58,127,6.0,2.5,1.5
1784195784087,2026-07-16 11:56:24.087,C3:00:00:63:4D:0A,-74,127,6.0,2.5,1.5
1784195784104,2026-07-16 11:56:24.104,C3:00:00:63:4C:D2,-55,127,6.0,2.5,1.5
1784195784112,2026-07-16 11:56:24.112,C3:00:00:63:4D:07,-77,127,6.0,2.5,1.5
1784195784138,2026-07-16 11:56:24.138,C3:00:00:63:4D:04,-64,127,6.0,2.5,1.5
1784195784152,2026-07-16 11:56:24.152,C3:00:00:63:4D:08,-62,127,6.0,2.5,1.5
1784195784161,2026-07-16 11:56:24.161,C3:00:00:63:4D:09,-60,127,6.0,2.5,1.5
1784195784184,2026-07-16 11:56:24.184,C3:00:00:63:4D:07,-63,127,6.0,2.5,1.5
1784195784196,2026-07-16 11:56:24.196,C3:00:00:63:4D:0A,-59,127,6.0,2.5,1.5
1784195784200,2026-07-16 11:56:24.200,C3:00:00:63:4D:04,-56,127,6.0,2.5,1.5
1784195784219,2026-07-16 11:56:24.219,C3:00:00:63:4C:D2,-65,127,6.0,2.5,1.5
1784195784236,2026-07-16 11:56:24.236,C3:00:00:63:4D:05,-56,127,6.0,2.5,1.5
1784195784251,2026-07-16 11:56:24.251,C3:00:00:63:4D:08,-56,127,6.0,2.5,1.5
1784195784267,2026-07-16 11:56:24.267,C3:00:00:63:4D:09,-74,127,6.0,2.5,1.5
1784195784270,2026-07-16 11:56:24.270,C3:00:00:63:4D:08,-58,127,6.0,2.5,1.5
1784195784287,2026-07-16 11:56:24.287,C3:00:00:63:4D:07,-69,127,6.0,2.5,1.5
1784195784291,2026-07-16 11:56:24.291,C3:00:00:63:4D:0A,-66,127,6.0,2.5,1.5
1784195784307,2026-07-16 11:56:24.307,C3:00:00:63:4D:07,-61,127,6.0,2.5,1.5
1784195784316,2026-07-16 11:56:24.316,C3:00:00:63:4D:04,-63,127,6.0,2.5,1.5
1784195784343,2026-07-16 11:56:24.343,C3:00:00:63:4D:05,-53,127,6.0,2.5,1.5
1784195784350,2026-07-16 11:56:24.350,C3:00:00:63:4D:08,-55,127,6.0,2.5,1.5
1784195784381,2026-07-16 11:56:24.381,C3:00:00:63:4D:09,-62,127,6.0,2.5,1.5
1784195784409,2026-07-16 11:56:24.409,C3:00:00:63:4D:07,-75,127,6.0,2.5,1.5
1784195784411,2026-07-16 11:56:24.411,C3:00:00:63:4D:0D,-60,127,6.0,2.5,1.5
1784195784428,2026-07-16 11:56:24.428,C3:00:00:63:4D:04,-58,127,6.0,2.5,1.5
1784195784441,2026-07-16 11:56:24.441,C3:00:00:63:4C:D2,-65,127,6.0,2.5,1.5
1784195784445,2026-07-16 11:56:24.445,C3:00:00:63:4D:08,-62,127,6.0,2.5,1.5
1784195784457,2026-07-16 11:56:24.457,C3:00:00:63:4D:05,-56,127,6.0,2.5,1.5
1784195784500,2026-07-16 11:56:24.500,C3:00:00:63:4D:09,-60,127,6.0,2.5,1.5
1784195784508,2026-07-16 11:56:24.508,C3:00:00:63:4D:0A,-59,127,6.0,2.5,1.5
1784195784513,2026-07-16 11:56:24.513,C3:00:00:63:4D:0D,-83,127,6.0,2.5,1.5
1784195784528,2026-07-16 11:56:24.528,C3:00:00:63:4D:07,-63,127,6.0,2.5,1.5
1784195784536,2026-07-16 11:56:24.536,C3:00:00:63:4D:0D,-80,127,6.0,2.5,1.5
1784195784545,2026-07-16 11:56:24.545,C3:00:00:63:4D:04,-62,127,6.0,2.5,1.5
1784195784552,2026-07-16 11:56:24.552,C3:00:00:63:4D:08,-56,127,6.0,2.5,1.5
1784195784554,2026-07-16 11:56:24.554,C3:00:00:63:4C:D2,-55,127,6.0,2.5,1.5
1784195784566,2026-07-16 11:56:24.566,C3:00:00:63:4D:05,-55,127,6.0,2.5,1.5
1784195784647,2026-07-16 11:56:24.647,C3:00:00:63:4D:07,-75,127,6.0,2.5,1.5
1784195784651,2026-07-16 11:56:24.651,C3:00:00:63:4D:0A,-74,127,6.0,2.5,1.5
1784195784655,2026-07-16 11:56:24.655,C3:00:00:63:4D:08,-55,127,6.0,2.5,1.5
1784195784706,2026-07-16 11:56:24.706,C3:00:00:63:4D:0A,-75,127,6.0,2.5,1.5
1784195784747,2026-07-16 11:56:24.747,C3:00:00:63:4D:08,-62,127,6.0,2.5,1.5
1784195784760,2026-07-16 11:56:24.760,C3:00:00:63:4D:07,-63,127,6.0,2.5,1.5
1784195784774,2026-07-16 11:56:24.774,C3:00:00:63:4D:04,-56,127,6.0,2.5,1.5
1784195784783,2026-07-16 11:56:24.783,C3:00:00:63:4D:05,-56,127,6.0,2.5,1.5
1784195784784,2026-07-16 11:56:24.784,C3:00:00:63:4D:0D,-79,127,6.0,2.5,1.5
1784195784816,2026-07-16 11:56:24.816,C3:00:00:63:4D:0A,-59,127,6.0,2.5,1.5
1784195784830,2026-07-16 11:56:24.830,C3:00:00:63:4C:D2,-65,127,6.0,2.5,1.5
1784195784834,2026-07-16 11:56:24.834,C3:00:00:63:4D:09,-60,127,6.0,2.5,1.5
1784195784861,2026-07-16 11:56:24.861,C3:00:00:63:4D:04,-63,127,6.0,2.5,1.5
1784195784867,2026-07-16 11:56:24.867,C3:00:00:63:4D:0D,-63,127,6.0,2.5,1.5
1784195784869,2026-07-16 11:56:24.869,C3:00:00:63:4D:07,-61,127,6.0,2.5,1.5
1784195784887,2026-07-16 11:56:24.887,C3:00:00:63:4D:05,-56,127,6.0,2.5,1.5
1784195784891,2026-07-16 11:56:24.891,C3:00:00:63:4D:04,-63,127,6.0,2.5,1.5
1784195784894,2026-07-16 11:56:24.894,C3:00:00:63:4C:D2,-55,127,6.0,2.5,1.5
1784195784920,2026-07-16 11:56:24.920,C3:00:00:63:4D:0A,-66,127,6.0,2.5,1.5
1784195784945,2026-07-16 11:56:24.945,C3:00:00:63:4D:09,-62,127,6.0,2.5,1.5
1784195784951,2026-07-16 11:56:24.951,C3:00:00:63:4D:08,-55,127,6.0,2.5,1.5
1784195784990,2026-07-16 11:56:24.990,C3:00:00:63:4D:0D,-61,127,6.0,2.5,1.5
1784195784999,2026-07-16 11:56:24.999,C3:00:00:63:4D:05,-54,127,6.0,2.5,1.5
1784195785007,2026-07-16 11:56:25.007,C3:00:00:63:4C:D2,-55,127,6.0,2.5,1.5
1784195785028,2026-07-16 11:56:25.028,C3:00:00:63:4D:0A,-74,127,6.0,2.5,1.5
1784195785052,2026-07-16 11:56:25.052,C3:00:00:63:4D:08,-61,127,6.0,2.5,1.5
1784195785061,2026-07-16 11:56:25.061,C3:00:00:63:4D:09,-59,127,6.0,2.5,1.5
1784195785099,2026-07-16 11:56:25.099,C3:00:00:63:4D:0D,-71,127,6.0,2.5,1.5
1784195785118,2026-07-16 11:56:25.118,C3:00:00:63:4C:D2,-66,127,6.0,2.5,1.5
1784195785122,2026-07-16 11:56:25.122,C3:00:00:63:4D:0A,-66,127,6.0,2.5,1.5
1784195785140,2026-07-16 11:56:25.140,C3:00:00:63:4D:0A,-68,127,6.0,2.5,1.5
1784195785175,2026-07-16 11:56:25.175,C3:00:00:63:4D:09,-74,127,6.0,2.5,1.5
1784195785225,2026-07-16 11:56:25.225,C3:00:00:63:4D:05,-55,127,6.0,2.5,1.5
1784195785232,2026-07-16 11:56:25.232,C3:00:00:63:4C:D2,-55,127,6.0,2.5,1.5
1784195785235,2026-07-16 11:56:25.235,C3:00:00:63:4D:0A,-68,127,6.0,2.5,1.5
1784195785251,2026-07-16 11:56:25.251,C3:00:00:63:4D:08,-55,127,6.0,2.5,1.5
1784195785283,2026-07-16 11:56:25.283,C3:00:00:63:4D:09,-62,127,6.0,2.5,1.5
1784195785325,2026-07-16 11:56:25.325,C3:00:00:63:4D:09,-63,127,6.0,2.5,1.5
1784195785333,2026-07-16 11:56:25.333,C3:00:00:63:4D:07,-75,127,6.0,2.5,1.5
1784195785334,2026-07-16 11:56:25.334,C3:00:00:63:4C:D2,-55,127,6.0,2.5,1.5
1784195785340,2026-07-16 11:56:25.340,C3:00:00:63:4D:0D,-61,127,6.0,2.5,1.5
1784195785345,2026-07-16 11:56:25.345,C3:00:00:63:4D:0A,-74,127,6.0,2.5,1.5
1784195785350,2026-07-16 11:56:25.350,C3:00:00:63:4D:09,-61,127,6.0,2.5,1.5
1784195785357,2026-07-16 11:56:25.357,C3:00:00:63:4D:08,-61,127,6.0,2.5,1.5
1784195785396,2026-07-16 11:56:25.396,C3:00:00:63:4D:09,-61,127,6.0,2.5,1.5
1784195785407,2026-07-16 11:56:25.407,C3:00:00:63:4D:0D,-78,127,6.0,2.5,1.5
1784195785436,2026-07-16 11:56:25.436,C3:00:00:63:4D:0A,-59,127,6.0,2.5,1.5
1784195785452,2026-07-16 11:56:25.452,C3:00:00:63:4C:D2,-55,127,6.0,2.5,1.5
1784195785455,2026-07-16 11:56:25.455,C3:00:00:63:4D:04,-63,127,6.0,2.5,1.5
1784195785508,2026-07-16 11:56:25.508,C3:00:00:63:4D:09,-74,127,6.0,2.5,1.5
1784195785549,2026-07-16 11:56:25.549,C3:00:00:63:4D:05,-54,127,6.0,2.5,1.5
1784195785555,2026-07-16 11:56:25.555,C3:00:00:63:4D:08,-55,127,6.0,2.5,1.5
1784195785559,2026-07-16 11:56:25.559,C3:00:00:63:4D:0D,-61,127,6.0,2.5,1.5
1784195785576,2026-07-16 11:56:25.576,C3:00:00:63:4D:04,-58,127,6.0,2.5,1.5
1784195785604,2026-07-16 11:56:25.604,C3:00:00:63:4D:09,-70,127,6.0,2.5,1.5
1784195785621,2026-07-16 11:56:25.621,C3:00:00:63:4D:09,-62,127,6.0,2.5,1.5
1784195785639,2026-07-16 11:56:25.639,C3:00:00:63:4D:05,-57,127,6.0,2.5,1.5
1784195785683,2026-07-16 11:56:25.683,C3:00:00:63:4C:D2,-65,127,6.0,2.5,1.5
1784195785696,2026-07-16 11:56:25.696,C3:00:00:63:4D:04,-56,127,6.0,2.5,1.5
1784195785741,2026-07-16 11:56:25.741,C3:00:00:63:4D:09,-74,127,6.0,2.5,1.5
1784195785750,2026-07-16 11:56:25.750,C3:00:00:63:4D:08,-56,127,6.0,2.5,1.5
1784195785783,2026-07-16 11:56:25.783,C3:00:00:63:4C:D2,-54,127,6.0,2.5,1.5
1784195785791,2026-07-16 11:56:25.791,C3:00:00:63:4D:0D,-62,127,6.0,2.5,1.5
1784195785796,2026-07-16 11:56:25.796,C3:00:00:63:4D:07,-62,127,6.0,2.5,1.5
1784195785819,2026-07-16 11:56:25.819,C3:00:00:63:4D:04,-63,127,6.0,2.5,1.5
1784195785853,2026-07-16 11:56:25.853,C3:00:00:63:4D:08,-55,127,6.0,2.5,1.5
1784195785856,2026-07-16 11:56:25.856,C3:00:00:63:4D:0A,-75,127,6.0,2.5,1.5
1784195785896,2026-07-16 11:56:25.896,C3:00:00:63:4C:D2,-55,127,6.0,2.5,1.5
1784195785913,2026-07-16 11:56:25.913,C3:00:00:63:4D:0D,-61,127,6.0,2.5,1.5
1784195785917,2026-07-16 11:56:25.917,C3:00:00:63:4D:05,-61,127,6.0,2.5,1.5
1784195785920,2026-07-16 11:56:25.920,C3:00:00:63:4D:07,-76,127,6.0,2.5,1.5
1784195785952,2026-07-16 11:56:25.952,C3:00:00:63:4D:08,-61,127,6.0,2.5,1.5
1784195785956,2026-07-16 11:56:25.956,C3:00:00:63:4D:0A,-59,127,6.0,2.5,1.5
1784195785999,2026-07-16 11:56:25.999,C3:00:00:63:4D:05,-56,127,6.0,2.5,1.5
1784195786012,2026-07-16 11:56:26.012,C3:00:00:63:4C:D2,-66,127,6.0,2.5,1.5
1784195786036,2026-07-16 11:56:26.036,C3:00:00:63:4D:0D,-72,127,6.0,2.5,1.5
1784195786042,2026-07-16 11:56:26.042,C3:00:00:63:4D:07,-61,127,6.0,2.5,1.5
1784195786052,2026-07-16 11:56:26.052,C3:00:00:63:4D:08,-58,127,6.0,2.5,1.5
1784195786066,2026-07-16 11:56:26.066,C3:00:00:63:4D:0A,-67,127,6.0,2.5,1.5
1784195786102,2026-07-16 11:56:26.102,C3:00:00:63:4D:05,-56,127,6.0,2.5,1.5
1784195786117,2026-07-16 11:56:26.117,C3:00:00:63:4D:07,-62,127,6.0,2.5,1.5
1784195786123,2026-07-16 11:56:26.123,C3:00:00:63:4C:D2,-54,127,6.0,2.5,1.5
1784195786138,2026-07-16 11:56:26.138,C3:00:00:63:4D:07,-62,127,6.0,2.5,1.5
1784195786153,2026-07-16 11:56:26.153,C3:00:00:63:4D:08,-54,127,6.0,2.5,1.5
1784195786166,2026-07-16 11:56:26.166,C3:00:00:63:4D:0A,-73,127,6.0,2.5,1.5
1784195786189,2026-07-16 11:56:26.189,C3:00:00:63:4D:09,-62,127,6.0,2.5,1.5
1784195786207,2026-07-16 11:56:26.207,C3:00:00:63:4D:08,-55,127,6.0,2.5,1.5
1784195786211,2026-07-16 11:56:26.211,C3:00:00:63:4D:05,-54,127,6.0,2.5,1.5
1784195786241,2026-07-16 11:56:26.241,C3:00:00:63:4C:D2,-54,127,6.0,2.5,1.5
1784195786249,2026-07-16 11:56:26.249,C3:00:00:63:4D:08,-61,127,6.0,2.5,1.5
1784195786251,2026-07-16 11:56:26.251,C3:00:00:63:4D:0D,-72,127,6.0,2.5,1.5
1784195786266,2026-07-16 11:56:26.266,C3:00:00:63:4D:0A,-60,127,6.0,2.5,1.5
1784195786290,2026-07-16 11:56:26.290,C3:00:00:63:4D:0A,-58,127,6.0,2.5,1.5
1784195786302,2026-07-16 11:56:26.302,C3:00:00:63:4D:09,-59,127,6.0,2.5,1.5
1784195786328,2026-07-16 11:56:26.328,C3:00:00:63:4D:05,-54,127,6.0,2.5,1.5
1784195786346,2026-07-16 11:56:26.346,C3:00:00:63:4C:D2,-54,127,6.0,2.5,1.5
1784195786353,2026-07-16 11:56:26.353,C3:00:00:63:4D:08,-58,127,6.0,2.5,1.5
1784195786377,2026-07-16 11:56:26.377,C3:00:00:63:4D:0A,-66,127,6.0,2.5,1.5
1784195786422,2026-07-16 11:56:26.422,C3:00:00:63:4D:09,-74,127,6.0,2.5,1.5
1784195786434,2026-07-16 11:56:26.434,C3:00:00:63:4D:05,-56,127,6.0,2.5,1.5
1784195786451,2026-07-16 11:56:26.451,C3:00:00:63:4D:08,-55,127,6.0,2.5,1.5
1784195786465,2026-07-16 11:56:26.465,C3:00:00:63:4C:D2,-54,127,6.0,2.5,1.5
1784195786482,2026-07-16 11:56:26.482,C3:00:00:63:4D:0A,-74,127,6.0,2.5,1.5
1784195786486,2026-07-16 11:56:26.486,C3:00:00:63:4D:07,-73,127,6.0,2.5,1.5
1784195786530,2026-07-16 11:56:26.530,C3:00:00:63:4D:09,-62,127,6.0,2.5,1.5
1784195786570,2026-07-16 11:56:26.570,C3:00:00:63:4C:D2,-66,127,6.0,2.5,1.5
1784195786586,2026-07-16 11:56:26.586,C3:00:00:63:4D:0A,-59,127,6.0,2.5,1.5
1784195786602,2026-07-16 11:56:26.602,C3:00:00:63:4D:07,-63,127,6.0,2.5,1.5
1784195786611,2026-07-16 11:56:26.611,C3:00:00:63:4D:04,-56,127,6.0,2.5,1.5
1784195786646,2026-07-16 11:56:26.646,C3:00:00:63:4D:09,-74,127,6.0,2.5,1.5
1784195786652,2026-07-16 11:56:26.652,C3:00:00:63:4D:08,-56,127,6.0,2.5,1.5
1784195786657,2026-07-16 11:56:26.657,C3:00:00:63:4D:05,-55,127,6.0,2.5,1.5
1784195786664,2026-07-16 11:56:26.664,C3:00:00:63:4D:0A,-68,127,6.0,2.5,1.5
1784195786683,2026-07-16 11:56:26.683,C3:00:00:63:4D:05,-55,127,6.0,2.5,1.5
1784195786710,2026-07-16 11:56:26.710,C3:00:00:63:4D:0D,-62,127,6.0,2.5,1.5
1784195786716,2026-07-16 11:56:26.716,C3:00:00:63:4D:0A,-68,127,6.0,2.5,1.5
1784195786732,2026-07-16 11:56:26.732,C3:00:00:63:4D:04,-63,127,6.0,2.5,1.5
1784195786762,2026-07-16 11:56:26.762,C3:00:00:63:4D:05,-54,127,6.0,2.5,1.5
1784195786775,2026-07-16 11:56:26.775,C3:00:00:63:4D:0D,-61,127,6.0,2.5,1.5
1784195786796,2026-07-16 11:56:26.796,C3:00:00:63:4D:0A,-76,127,6.0,2.5,1.5
1784195786799,2026-07-16 11:56:26.799,C3:00:00:63:4C:D2,-55,127,6.0,2.5,1.5
1784195786828,2026-07-16 11:56:26.828,C3:00:00:63:4D:0D,-60,127,6.0,2.5,1.5
1784195786843,2026-07-16 11:56:26.843,C3:00:00:63:4D:04,-58,127,6.0,2.5,1.5
1784195786847,2026-07-16 11:56:26.847,C3:00:00:63:4C:D2,-65,127,6.0,2.5,1.5
1784195786855,2026-07-16 11:56:26.855,C3:00:00:63:4D:08,-61,127,6.0,2.5,1.5
1784195786899,2026-07-16 11:56:26.899,C3:00:00:63:4D:0A,-59,127,6.0,2.5,1.5
1784195786905,2026-07-16 11:56:26.905,C3:00:00:63:4C:D2,-65,127,6.0,2.5,1.5
1784195786944,2026-07-16 11:56:26.944,C3:00:00:63:4D:0D,-62,127,6.0,2.5,1.5
1784195786948,2026-07-16 11:56:26.948,C3:00:00:63:4D:07,-62,127,6.0,2.5,1.5
1784195786952,2026-07-16 11:56:26.952,C3:00:00:63:4D:08,-56,127,6.0,2.5,1.5
1784195786957,2026-07-16 11:56:26.957,C3:00:00:63:4D:04,-63,127,6.0,2.5,1.5
1784195786981,2026-07-16 11:56:26.981,C3:00:00:63:4D:05,-55,127,6.0,2.5,1.5
1784195786988,2026-07-16 11:56:26.988,C3:00:00:63:4D:09,-74,127,6.0,2.5,1.5
1784195787005,2026-07-16 11:56:27.005,C3:00:00:63:4D:0A,-67,127,6.0,2.5,1.5
1784195787011,2026-07-16 11:56:27.011,C3:00:00:63:4D:09,-75,127,6.0,2.5,1.5
1784195787016,2026-07-16 11:56:27.016,C3:00:00:63:4C:D2,-55,127,6.0,2.5,1.5
1784195787055,2026-07-16 11:56:27.055,C3:00:00:63:4D:08,-55,127,6.0,2.5,1.5
1784195787060,2026-07-16 11:56:27.060,C3:00:00:63:4D:0D,-60,127,6.0,2.5,1.5
1784195787065,2026-07-16 11:56:27.065,C3:00:00:63:4D:07,-75,127,6.0,2.5,1.5
1784195787067,2026-07-16 11:56:27.067,C3:00:00:63:4D:04,-58,127,6.0,2.5,1.5
1784195787100,2026-07-16 11:56:27.100,C3:00:00:63:4D:09,-62,127,6.0,2.5,1.5
1784195787103,2026-07-16 11:56:27.103,C3:00:00:63:4D:0A,-77,127,6.0,2.5,1.5
1784195787132,2026-07-16 11:56:27.132,C3:00:00:63:4C:D2,-55,127,6.0,2.5,1.5
1784195787140,2026-07-16 11:56:27.140,C3:00:00:63:4D:04,-56,127,6.0,2.5,1.5
1784195787147,2026-07-16 11:56:27.147,C3:00:00:63:4D:08,-62,127,6.0,2.5,1.5
1784195787172,2026-07-16 11:56:27.172,C3:00:00:63:4D:0D,-85,127,6.0,2.5,1.5
1784195787180,2026-07-16 11:56:27.180,C3:00:00:63:4D:07,-62,127,6.0,2.5,1.5
1784195787210,2026-07-16 11:56:27.210,C3:00:00:63:4D:05,-56,127,6.0,2.5,1.5
1784195787215,2026-07-16 11:56:27.215,C3:00:00:63:4D:09,-61,127,6.0,2.5,1.5
1784195787284,2026-07-16 11:56:27.284,C3:00:00:63:4D:07,-62,127,6.0,2.5,1.5
1784195787290,2026-07-16 11:56:27.290,C3:00:00:63:4D:0D,-62,127,6.0,2.5,1.5
1784195787304,2026-07-16 11:56:27.304,C3:00:00:63:4D:04,-63,127,6.0,2.5,1.5
1784195787312,2026-07-16 11:56:27.312,C3:00:00:63:4D:0A,-67,127,6.0,2.5,1.5
1784195787317,2026-07-16 11:56:27.317,C3:00:00:63:4D:05,-55,127,6.0,2.5,1.5
1784195787340,2026-07-16 11:56:27.340,C3:00:00:63:4D:09,-62,127,6.0,2.5,1.5
1784195787404,2026-07-16 11:56:27.404,C3:00:00:63:4D:0D,-61,127,6.0,2.5,1.5
1784195787419,2026-07-16 11:56:27.419,C3:00:00:63:4D:0A,-76,127,6.0,2.5,1.5
1784195787423,2026-07-16 11:56:27.423,C3:00:00:63:4D:0D,-61,127,6.0,2.5,1.5
1784195787428,2026-07-16 11:56:27.428,C3:00:00:63:4D:05,-54,127,6.0,2.5,1.5
1784195787463,2026-07-16 11:56:27.463,C3:00:00:63:4C:D2,-64,127,6.0,2.5,1.5
1784195787550,2026-07-16 11:56:27.550,C3:00:00:63:4D:08,-56,127,6.0,2.5,1.5
1784195787555,2026-07-16 11:56:27.555,C3:00:00:63:4D:09,-72,127,6.0,2.5,1.5
1784195787580,2026-07-16 11:56:27.580,C3:00:00:63:4C:D2,-55,127,6.0,2.5,1.5
1784195787602,2026-07-16 11:56:27.602,C3:00:00:63:4D:08,-64,127,6.0,2.5,1.5
1784195787622,2026-07-16 11:56:27.622,C3:00:00:63:4D:0A,-67,127,6.0,2.5,1.5
1784195787634,2026-07-16 11:56:27.634,C3:00:00:63:4D:0D,-62,127,6.0,2.5,1.5
1784195787635,2026-07-16 11:56:27.635,C3:00:00:63:4D:07,-62,127,6.0,2.5,1.5
1784195787648,2026-07-16 11:56:27.648,C3:00:00:63:4D:08,-54,127,6.0,2.5,1.5
1784195787663,2026-07-16 11:56:27.663,C3:00:00:63:4D:09,-61,127,6.0,2.5,1.5
1784195787675,2026-07-16 11:56:27.675,C3:00:00:63:4C:D2,-55,127,6.0,2.5,1.5
1784195787691,2026-07-16 11:56:27.691,C3:00:00:63:4C:D2,-55,127,6.0,2.5,1.5
1784195787732,2026-07-16 11:56:27.732,C3:00:00:63:4D:0A,-76,127,6.0,2.5,1.5
1784195787749,2026-07-16 11:56:27.749,C3:00:00:63:4D:07,-61,127,6.0,2.5,1.5
1784195787766,2026-07-16 11:56:27.766,C3:00:00:63:4D:04,-56,127,6.0,2.5,1.5
1784195787778,2026-07-16 11:56:27.778,C3:00:00:63:4D:09,-60,127,6.0,2.5,1.5
1784195787806,2026-07-16 11:56:27.806,C3:00:00:63:4C:D2,-64,127,6.0,2.5,1.5
1784195787831,2026-07-16 11:56:27.831,C3:00:00:63:4D:0A,-59,127,6.0,2.5,1.5
1784195787863,2026-07-16 11:56:27.863,C3:00:00:63:4D:05,-55,127,6.0,2.5,1.5
1784195787868,2026-07-16 11:56:27.868,C3:00:00:63:4D:0D,-62,127,6.0,2.5,1.5
1784195787873,2026-07-16 11:56:27.873,C3:00:00:63:4D:07,-62,127,6.0,2.5,1.5
1784195787884,2026-07-16 11:56:27.884,C3:00:00:63:4D:04,-63,127,6.0,2.5,1.5
1784195787886,2026-07-16 11:56:27.886,C3:00:00:63:4D:09,-73,127,6.0,2.5,1.5
1784195787920,2026-07-16 11:56:27.920,C3:00:00:63:4C:D2,-55,127,6.0,2.5,1.5
1784195787939,2026-07-16 11:56:27.939,C3:00:00:63:4D:0A,-67,127,6.0,2.5,1.5
1784195787964,2026-07-16 11:56:27.964,C3:00:00:63:4D:04,-58,127,6.0,2.5,1.5
1784195787972,2026-07-16 11:56:27.972,C3:00:00:63:4D:05,-54,127,6.0,2.5,1.5
1784195787981,2026-07-16 11:56:27.981,C3:00:00:63:4D:0D,-62,127,6.0,2.5,1.5
1784195787997,2026-07-16 11:56:27.997,C3:00:00:63:4D:09,-62,127,6.0,2.5,1.5
1784195788014,2026-07-16 11:56:28.014,C3:00:00:63:4D:08,-55,127,6.0,2.5,1.5
1784195788041,2026-07-16 11:56:28.041,C3:00:00:63:4D:0A,-75,127,6.0,2.5,1.5
1784195788049,2026-07-16 11:56:28.049,C3:00:00:63:4D:08,-61,127,6.0,2.5,1.5
1784195788054,2026-07-16 11:56:28.054,C3:00:00:63:4D:07,-61,127,6.0,2.5,1.5
1784195788096,2026-07-16 11:56:28.096,C3:00:00:63:4D:0D,-78,127,6.0,2.5,1.5
1784195788111,2026-07-16 11:56:28.111,C3:00:00:63:4D:09,-60,127,6.0,2.5,1.5
1784195788120,2026-07-16 11:56:28.120,C3:00:00:63:4D:07,-62,127,6.0,2.5,1.5
1784195788137,2026-07-16 11:56:28.137,C3:00:00:63:4C:D2,-64,127,6.0,2.5,1.5
1784195788147,2026-07-16 11:56:28.147,C3:00:00:63:4D:0A,-67,127,6.0,2.5,1.5
1784195788151,2026-07-16 11:56:28.151,C3:00:00:63:4D:08,-56,127,6.0,2.5,1.5
1784195788155,2026-07-16 11:56:28.155,C3:00:00:63:4D:04,-71,127,6.0,2.5,1.5
1784195788191,2026-07-16 11:56:28.191,C3:00:00:63:4D:05,-55,127,6.0,2.5,1.5
1784195788207,2026-07-16 11:56:28.207,C3:00:00:63:4D:0D,-61,127,6.0,2.5,1.5
1784195788214,2026-07-16 11:56:28.214,C3:00:00:63:4D:07,-62,127,6.0,2.5,1.5
1784195788220,2026-07-16 11:56:28.220,C3:00:00:63:4D:08,-56,127,6.0,2.5,1.5
1784195788252,2026-07-16 11:56:28.252,C3:00:00:63:4D:0A,-75,127,6.0,2.5,1.5
1784195788256,2026-07-16 11:56:28.256,C3:00:00:63:4D:08,-55,127,6.0,2.5,1.5
1784195788279,2026-07-16 11:56:28.279,C3:00:00:63:4D:08,-55,127,6.0,2.5,1.5
1784195788292,2026-07-16 11:56:28.292,C3:00:00:63:4D:07,-84,127,6.0,2.5,1.5
1784195788318,2026-07-16 11:56:28.318,C3:00:00:63:4D:0D,-61,127,6.0,2.5,1.5
1784195788325,2026-07-16 11:56:28.325,C3:00:00:63:4D:07,-77,127,6.0,2.5,1.5
1784195788341,2026-07-16 11:56:28.341,C3:00:00:63:4D:04,-58,127,6.0,2.5,1.5
1784195788363,2026-07-16 11:56:28.363,C3:00:00:63:4C:D2,-65,127,6.0,2.5,1.5
1784195788416,2026-07-16 11:56:28.416,C3:00:00:63:4C:D2,-65,127,6.0,2.5,1.5
1784195788419,2026-07-16 11:56:28.419,C3:00:00:63:4D:05,-56,127,6.0,2.5,1.5
1784195788444,2026-07-16 11:56:28.444,C3:00:00:63:4D:08,-58,127,6.0,2.5,1.5
1784195788453,2026-07-16 11:56:28.453,C3:00:00:63:4D:04,-63,127,6.0,2.5,1.5
1784195788456,2026-07-16 11:56:28.456,C3:00:00:63:4D:09,-72,127,6.0,2.5,1.5
1784195788480,2026-07-16 11:56:28.480,C3:00:00:63:4C:D2,-55,127,6.0,2.5,1.5
1784195788496,2026-07-16 11:56:28.496,C3:00:00:63:4D:07,-63,127,6.0,2.5,1.5
1784195788550,2026-07-16 11:56:28.550,C3:00:00:63:4D:08,-55,127,6.0,2.5,1.5
1784195788555,2026-07-16 11:56:28.555,C3:00:00:63:4D:07,-72,127,6.0,2.5,1.5
1784195788559,2026-07-16 11:56:28.559,C3:00:00:63:4D:0D,-60,127,6.0,2.5,1.5
1784195788564,2026-07-16 11:56:28.564,C3:00:00:63:4D:0A,-73,127,6.0,2.5,1.5
1784195788586,2026-07-16 11:56:28.586,C3:00:00:63:4C:D2,-55,127,6.0,2.5,1.5
1784195788629,2026-07-16 11:56:28.629,C3:00:00:63:4D:05,-54,127,6.0,2.5,1.5
1784195788653,2026-07-16 11:56:28.653,C3:00:00:63:4D:08,-61,127,6.0,2.5,1.5
1784195788666,2026-07-16 11:56:28.666,C3:00:00:63:4D:0A,-58,127,6.0,2.5,1.5
1784195788670,2026-07-16 11:56:28.670,C3:00:00:63:4D:0D,-68,127,6.0,2.5,1.5
1784195788705,2026-07-16 11:56:28.705,C3:00:00:63:4D:0A,-58,127,6.0,2.5,1.5
1784195788785,2026-07-16 11:56:28.785,C3:00:00:63:4D:07,-61,127,6.0,2.5,1.5
1784195788791,2026-07-16 11:56:28.791,C3:00:00:63:4D:09,-73,127,6.0,2.5,1.5
1784195788802,2026-07-16 11:56:28.802,C3:00:00:63:4D:0D,-63,127,6.0,2.5,1.5
1784195788813,2026-07-16 11:56:28.813,C3:00:00:63:4C:D2,-54,127,6.0,2.5,1.5
1784195788859,2026-07-16 11:56:28.859,C3:00:00:63:4C:D2,-55,127,6.0,2.5,1.5
1784195788866,2026-07-16 11:56:28.866,C3:00:00:63:4D:04,-58,127,6.0,2.5,1.5
1784195788914,2026-07-16 11:56:28.914,C3:00:00:63:4D:04,-58,127,6.0,2.5,1.5
1784195788918,2026-07-16 11:56:28.918,C3:00:00:63:4C:D2,-55,127,6.0,2.5,1.5
1784195788959,2026-07-16 11:56:28.959,C3:00:00:63:4D:05,-56,127,6.0,2.5,1.5
1784195788983,2026-07-16 11:56:28.983,C3:00:00:63:4D:0A,-59,127,6.0,2.5,1.5
1784195789017,2026-07-16 11:56:29.017,C3:00:00:63:4D:07,-62,127,6.0,2.5,1.5
1784195789037,2026-07-16 11:56:29.037,C3:00:00:63:4D:04,-56,127,6.0,2.5,1.5
1784195789041,2026-07-16 11:56:29.041,C3:00:00:63:4C:D2,-64,127,6.0,2.5,1.5
1784195789048,2026-07-16 11:56:29.048,C3:00:00:63:4D:08,-56,127,6.0,2.5,1.5
1784195789071,2026-07-16 11:56:29.071,C3:00:00:63:4D:05,-55,127,6.0,2.5,1.5
1784195789078,2026-07-16 11:56:29.078,C3:00:00:63:4D:0A,-67,127,6.0,2.5,1.5
1784195789132,2026-07-16 11:56:29.132,C3:00:00:63:4D:0D,-61,127,6.0,2.5,1.5
1784195789149,2026-07-16 11:56:29.149,C3:00:00:63:4D:04,-64,127,6.0,2.5,1.5
1784195789154,2026-07-16 11:56:29.154,C3:00:00:63:4C:D2,-55,127,6.0,2.5,1.5
1784195789156,2026-07-16 11:56:29.156,C3:00:00:63:4D:08,-55,127,6.0,2.5,1.5
1784195789162,2026-07-16 11:56:29.162,C3:00:00:63:4D:04,-58,127,6.0,2.5,1.5
1784195789181,2026-07-16 11:56:29.181,C3:00:00:63:4D:0A,-74,127,6.0,2.5,1.5
1784195789186,2026-07-16 11:56:29.186,C3:00:00:63:4D:05,-54,127,6.0,2.5,1.5
1784195789245,2026-07-16 11:56:29.245,C3:00:00:63:4D:0D,-79,127,6.0,2.5,1.5
1784195789249,2026-07-16 11:56:29.249,C3:00:00:63:4D:08,-60,127,6.0,2.5,1.5
1784195789266,2026-07-16 11:56:29.266,C3:00:00:63:4C:D2,-64,127,6.0,2.5,1.5
1784195789292,2026-07-16 11:56:29.292,C3:00:00:63:4D:05,-56,127,6.0,2.5,1.5
1784195789351,2026-07-16 11:56:29.351,C3:00:00:63:4D:08,-56,127,6.0,2.5,1.5
1784195789361,2026-07-16 11:56:29.361,C3:00:00:63:4D:0D,-64,127,6.0,2.5,1.5
1784195789364,2026-07-16 11:56:29.364,C3:00:00:63:4D:07,-63,127,6.0,2.5,1.5
1784195789375,2026-07-16 11:56:29.375,C3:00:00:63:4D:04,-62,127,6.0,2.5,1.5
1784195789389,2026-07-16 11:56:29.389,C3:00:00:63:4D:0A,-66,127,6.0,2.5,1.5
1784195789394,2026-07-16 11:56:29.394,C3:00:00:63:4D:09,-73,127,6.0,2.5,1.5
1784195789408,2026-07-16 11:56:29.408,C3:00:00:63:4D:05,-56,127,6.0,2.5,1.5
1784195789413,2026-07-16 11:56:29.413,C3:00:00:63:4D:0D,-64,127,6.0,2.5,1.5
1784195789447,2026-07-16 11:56:29.447,C3:00:00:63:4D:08,-54,127,6.0,2.5,1.5
1784195789471,2026-07-16 11:56:29.471,C3:00:00:63:4D:0D,-61,127,6.0,2.5,1.5
1784195789473,2026-07-16 11:56:29.473,C3:00:00:63:4D:09,-62,127,6.0,2.5,1.5
1784195789478,2026-07-16 11:56:29.478,C3:00:00:63:4D:07,-72,127,6.0,2.5,1.5
1784195789486,2026-07-16 11:56:29.486,C3:00:00:63:4D:04,-58,127,6.0,2.5,1.5
1784195789502,2026-07-16 11:56:29.502,C3:00:00:63:4D:0A,-72,127,6.0,2.5,1.5
1784195789517,2026-07-16 11:56:29.517,C3:00:00:63:4D:05,-54,127,6.0,2.5,1.5
1784195789556,2026-07-16 11:56:29.556,C3:00:00:63:4D:08,-61,127,6.0,2.5,1.5
1784195789579,2026-07-16 11:56:29.579,C3:00:00:63:4D:09,-60,127,6.0,2.5,1.5
1784195789589,2026-07-16 11:56:29.589,C3:00:00:63:4D:07,-61,127,6.0,2.5,1.5
1784195789599,2026-07-16 11:56:29.599,C3:00:00:63:4D:0D,-68,127,6.0,2.5,1.5
1784195789605,2026-07-16 11:56:29.605,C3:00:00:63:4D:0A,-58,127,6.0,2.5,1.5
1784195789609,2026-07-16 11:56:29.609,C3:00:00:63:4D:04,-55,127,6.0,2.5,1.5
1784195789650,2026-07-16 11:56:29.650,C3:00:00:63:4D:08,-59,127,6.0,2.5,1.5
1784195789692,2026-07-16 11:56:29.692,C3:00:00:63:4D:09,-73,127,6.0,2.5,1.5
1784195789721,2026-07-16 11:56:29.721,C3:00:00:63:4D:04,-64,127,6.0,2.5,1.5
1784195789840,2026-07-16 11:56:29.840,C3:00:00:63:4D:04,-58,127,6.0,2.5,1.5
1784195789887,2026-07-16 11:56:29.887,C3:00:00:63:4D:05,-64,127,6.0,2.5,1.5
1784195789915,2026-07-16 11:56:29.915,C3:00:00:63:4D:0A,-59,127,6.0,2.5,1.5
1784195789918,2026-07-16 11:56:29.918,C3:00:00:63:4D:09,-60,127,6.0,2.5,1.5
1784195789968,2026-07-16 11:56:29.968,C3:00:00:63:4D:04,-64,127,6.0,2.5,1.5
1784195790023,2026-07-16 11:56:30.023,C3:00:00:63:4D:0A,-67,127,6.0,2.5,1.5
1784195790029,2026-07-16 11:56:30.029,C3:00:00:63:4D:09,-74,127,6.0,2.5,1.5
1784195790044,2026-07-16 11:56:30.044,C3:00:00:63:4C:D2,-55,127,6.0,2.5,1.5
1784195790052,2026-07-16 11:56:30.052,C3:00:00:63:4D:07,-77,127,6.0,2.5,1.5
1784195790063,2026-07-16 11:56:30.063,C3:00:00:63:4D:05,-54,127,6.0,2.5,1.5
1784195790066,2026-07-16 11:56:30.066,C3:00:00:63:4D:07,-76,127,6.0,2.5,1.5
1784195790128,2026-07-16 11:56:30.128,C3:00:00:63:4D:0A,-76,127,6.0,2.5,1.5
1784195790133,2026-07-16 11:56:30.133,C3:00:00:63:4D:07,-76,127,6.0,2.5,1.5
1784195790149,2026-07-16 11:56:30.149,C3:00:00:63:4D:09,-60,127,6.0,2.5,1.5
1784195790164,2026-07-16 11:56:30.164,C3:00:00:63:4D:0D,-80,127,6.0,2.5,1.5
1784195790168,2026-07-16 11:56:30.168,C3:00:00:63:4D:07,-62,127,6.0,2.5,1.5
1784195790171,2026-07-16 11:56:30.171,C3:00:00:63:4D:05,-56,127,6.0,2.5,1.5
1784195790217,2026-07-16 11:56:30.217,C3:00:00:63:4D:08,-60,127,6.0,2.5,1.5
1784195790232,2026-07-16 11:56:30.232,C3:00:00:63:4D:0A,-60,127,6.0,2.5,1.5
1784195790251,2026-07-16 11:56:30.251,C3:00:00:63:4D:08,-56,127,6.0,2.5,1.5
1784195790280,2026-07-16 11:56:30.280,C3:00:00:63:4D:07,-62,127,6.0,2.5,1.5
1784195790284,2026-07-16 11:56:30.284,C3:00:00:63:4D:0A,-68,127,6.0,2.5,1.5
1784195790299,2026-07-16 11:56:30.299,C3:00:00:63:4D:05,-55,127,6.0,2.5,1.5
1784195790376,2026-07-16 11:56:30.376,C3:00:00:63:4D:09,-62,127,6.0,2.5,1.5
1784195790382,2026-07-16 11:56:30.382,C3:00:00:63:4C:D2,-55,127,6.0,2.5,1.5
1784195790397,2026-07-16 11:56:30.397,C3:00:00:63:4D:0D,-61,127,6.0,2.5,1.5
1784195790403,2026-07-16 11:56:30.403,C3:00:00:63:4D:05,-54,127,6.0,2.5,1.5
1784195790408,2026-07-16 11:56:30.408,C3:00:00:63:4D:04,-58,127,6.0,2.5,1.5
1784195790433,2026-07-16 11:56:30.433,C3:00:00:63:4D:0A,-75,127,6.0,2.5,1.5
1784195790448,2026-07-16 11:56:30.448,C3:00:00:63:4D:08,-62,127,6.0,2.5,1.5
1784195790488,2026-07-16 11:56:30.488,C3:00:00:63:4D:09,-59,127,6.0,2.5,1.5
1784195790496,2026-07-16 11:56:30.496,C3:00:00:63:4C:D2,-66,127,6.0,2.5,1.5
1784195790506,2026-07-16 11:56:30.506,C3:00:00:63:4D:05,-54,127,6.0,2.5,1.5
1784195790513,2026-07-16 11:56:30.513,C3:00:00:63:4D:07,-60,127,6.0,2.5,1.5
1784195790529,2026-07-16 11:56:30.529,C3:00:00:63:4D:04,-55,127,6.0,2.5,1.5
1784195790538,2026-07-16 11:56:30.538,C3:00:00:63:4D:0A,-67,127,6.0,2.5,1.5
1784195790599,2026-07-16 11:56:30.599,C3:00:00:63:4D:09,-74,127,6.0,2.5,1.5
1784195790625,2026-07-16 11:56:30.625,C3:00:00:63:4D:0D,-61,127,6.0,2.5,1.5
1784195790629,2026-07-16 11:56:30.629,C3:00:00:63:4D:07,-62,127,6.0,2.5,1.5
1784195790719,2026-07-16 11:56:30.719,C3:00:00:63:4C:D2,-55,127,6.0,2.5,1.5
1784195790722,2026-07-16 11:56:30.722,C3:00:00:63:4D:0A,-73,127,6.0,2.5,1.5
1784195790740,2026-07-16 11:56:30.740,C3:00:00:63:4D:05,-54,127,6.0,2.5,1.5
1784195790746,2026-07-16 11:56:30.746,C3:00:00:63:4D:0D,-60,127,6.0,2.5,1.5
1784195790750,2026-07-16 11:56:30.750,C3:00:00:63:4D:04,-56,127,6.0,2.5,1.5
1784195790753,2026-07-16 11:56:30.753,C3:00:00:63:4D:08,-62,127,6.0,2.5,1.5
1784195790787,2026-07-16 11:56:30.787,C3:00:00:63:4D:0D,-78,127,6.0,2.5,1.5
1784195790829,2026-07-16 11:56:30.829,C3:00:00:63:4D:09,-59,127,6.0,2.5,1.5
1784195790839,2026-07-16 11:56:30.839,C3:00:00:63:4D:05,-56,127,6.0,2.5,1.5
1784195790852,2026-07-16 11:56:30.852,C3:00:00:63:4D:0A,-67,127,6.0,2.5,1.5
1784195790859,2026-07-16 11:56:30.859,C3:00:00:63:4D:07,-63,127,6.0,2.5,1.5
1784195790866,2026-07-16 11:56:30.866,C3:00:00:63:4D:04,-64,127,6.0,2.5,1.5
1784195790943,2026-07-16 11:56:30.943,C3:00:00:63:4D:09,-73,127,6.0,2.5,1.5
1784195790948,2026-07-16 11:56:30.948,C3:00:00:63:4D:05,-54,127,6.0,2.5,1.5
1784195790953,2026-07-16 11:56:30.953,C3:00:00:63:4D:08,-55,127,6.0,2.5,1.5
1784195790968,2026-07-16 11:56:30.968,C3:00:00:63:4D:0D,-60,127,6.0,2.5,1.5
1784195791018,2026-07-16 11:56:31.018,C3:00:00:63:4D:09,-62,127,6.0,2.5,1.5
1784195791053,2026-07-16 11:56:31.053,C3:00:00:63:4D:09,-61,127,6.0,2.5,1.5
1784195791058,2026-07-16 11:56:31.058,C3:00:00:63:4D:08,-61,127,6.0,2.5,1.5
1784195791063,2026-07-16 11:56:31.063,C3:00:00:63:4C:D2,-65,127,6.0,2.5,1.5
1784195791161,2026-07-16 11:56:31.161,C3:00:00:63:4D:05,-55,127,6.0,2.5,1.5
1784195791167,2026-07-16 11:56:31.167,C3:00:00:63:4D:0A,-67,127,6.0,2.5,1.5
1784195791198,2026-07-16 11:56:31.198,C3:00:00:63:4D:07,-62,127,6.0,2.5,1.5
1784195791202,2026-07-16 11:56:31.202,C3:00:00:63:4D:0D,-63,127,6.0,2.5,1.5
1784195791209,2026-07-16 11:56:31.209,C3:00:00:63:4D:04,-64,127,6.0,2.5,1.5
1784195791255,2026-07-16 11:56:31.255,C3:00:00:63:4D:08,-55,127,6.0,2.5,1.5
1784195791275,2026-07-16 11:56:31.275,C3:00:00:63:4C:D2,-55,127,6.0,2.5,1.5
1784195791279,2026-07-16 11:56:31.279,C3:00:00:63:4D:09,-61,127,6.0,2.5,1.5
1784195791366,2026-07-16 11:56:31.366,C3:00:00:63:4D:09,-61,127,6.0,2.5,1.5
1784195791371,2026-07-16 11:56:31.371,C3:00:00:63:4D:0A,-59,127,6.0,2.5,1.5
1784195791390,2026-07-16 11:56:31.390,C3:00:00:63:4D:05,-56,127,6.0,2.5,1.5
1784195791395,2026-07-16 11:56:31.395,C3:00:00:63:4D:09,-61,127,6.0,2.5,1.5
1784195791434,2026-07-16 11:56:31.434,C3:00:00:63:4D:07,-63,127,6.0,2.5,1.5
1784195791439,2026-07-16 11:56:31.439,C3:00:00:63:4D:0D,-80,127,6.0,2.5,1.5
1784195791455,2026-07-16 11:56:31.455,C3:00:00:63:4D:08,-56,127,6.0,2.5,1.5
1784195791473,2026-07-16 11:56:31.473,C3:00:00:63:4D:0A,-67,127,6.0,2.5,1.5
1784195791488,2026-07-16 11:56:31.488,C3:00:00:63:4D:05,-55,127,6.0,2.5,1.5
1784195791497,2026-07-16 11:56:31.497,C3:00:00:63:4C:D2,-55,127,6.0,2.5,1.5
1784195791558,2026-07-16 11:56:31.558,C3:00:00:63:4D:04,-58,127,6.0,2.5,1.5
1784195791563,2026-07-16 11:56:31.563,C3:00:00:63:4C:D2,-62,127,6.0,2.5,1.5
1784195791582,2026-07-16 11:56:31.582,C3:00:00:63:4D:0A,-75,127,6.0,2.5,1.5
1784195791596,2026-07-16 11:56:31.596,C3:00:00:63:4D:08,-62,127,6.0,2.5,1.5
1784195791602,2026-07-16 11:56:31.602,C3:00:00:63:4D:05,-54,127,6.0,2.5,1.5
1784195791618,2026-07-16 11:56:31.618,C3:00:00:63:4D:09,-61,127,6.0,2.5,1.5
1784195791652,2026-07-16 11:56:31.652,C3:00:00:63:4D:08,-60,127,6.0,2.5,1.5
1784195791674,2026-07-16 11:56:31.674,C3:00:00:63:4D:04,-56,127,6.0,2.5,1.5
1784195791728,2026-07-16 11:56:31.728,C3:00:00:63:4D:09,-61,127,6.0,2.5,1.5
1784195791751,2026-07-16 11:56:31.751,C3:00:00:63:4D:08,-56,127,6.0,2.5,1.5
1784195791774,2026-07-16 11:56:31.774,C3:00:00:63:4D:0D,-63,127,6.0,2.5,1.5
1784195791778,2026-07-16 11:56:31.778,C3:00:00:63:4D:07,-62,127,6.0,2.5,1.5
1784195791783,2026-07-16 11:56:31.783,C3:00:00:63:4D:04,-64,127,6.0,2.5,1.5
1784195791787,2026-07-16 11:56:31.787,C3:00:00:63:4D:0A,-66,127,6.0,2.5,1.5
1784195791824,2026-07-16 11:56:31.824,C3:00:00:63:4D:05,-55,127,6.0,2.5,1.5
1784195791837,2026-07-16 11:56:31.837,C3:00:00:63:4D:09,-72,127,6.0,2.5,1.5
1784195791854,2026-07-16 11:56:31.854,C3:00:00:63:4D:08,-55,127,6.0,2.5,1.5
1784195791884,2026-07-16 11:56:31.884,C3:00:00:63:4D:0D,-60,127,6.0,2.5,1.5
1784195791888,2026-07-16 11:56:31.888,C3:00:00:63:4D:07,-78,127,6.0,2.5,1.5
1784195791892,2026-07-16 11:56:31.892,C3:00:00:63:4D:0A,-75,127,6.0,2.5,1.5
1784195791904,2026-07-16 11:56:31.904,C3:00:00:63:4D:04,-58,127,6.0,2.5,1.5
1784195791931,2026-07-16 11:56:31.931,C3:00:00:63:4D:05,-54,127,6.0,2.5,1.5
1784195791949,2026-07-16 11:56:31.949,C3:00:00:63:4C:D2,-66,127,6.0,2.5,1.5
1784195791953,2026-07-16 11:56:31.953,C3:00:00:63:4D:08,-60,127,6.0,2.5,1.5
1784195791957,2026-07-16 11:56:31.957,C3:00:00:63:4D:09,-61,127,6.0,2.5,1.5
1784195791961,2026-07-16 11:56:31.961,C3:00:00:63:4D:04,-56,127,6.0,2.5,1.5
1784195792002,2026-07-16 11:56:32.002,C3:00:00:63:4D:0A,-58,127,6.0,2.5,1.5
1784195792005,2026-07-16 11:56:32.005,C3:00:00:63:4D:0D,-80,127,6.0,2.5,1.5
1784195792035,2026-07-16 11:56:32.035,C3:00:00:63:4D:08,-60,127,6.0,2.5,1.5
1784195792041,2026-07-16 11:56:32.041,C3:00:00:63:4D:05,-56,127,6.0,2.5,1.5
1784195792051,2026-07-16 11:56:32.051,C3:00:00:63:4D:08,-56,127,6.0,2.5,1.5
1784195792064,2026-07-16 11:56:32.064,C3:00:00:63:4C:D2,-55,127,6.0,2.5,1.5
1784195792068,2026-07-16 11:56:32.068,C3:00:00:63:4D:09,-72,127,6.0,2.5,1.5
1784195792077,2026-07-16 11:56:32.077,C3:00:00:63:4D:07,-63,127,6.0,2.5,1.5
1784195792093,2026-07-16 11:56:32.093,C3:00:00:63:4D:0A,-67,127,6.0,2.5,1.5
1784195792114,2026-07-16 11:56:32.114,C3:00:00:63:4D:0D,-62,127,6.0,2.5,1.5
1784195792120,2026-07-16 11:56:32.120,C3:00:00:63:4D:07,-62,127,6.0,2.5,1.5
1784195792139,2026-07-16 11:56:32.139,C3:00:00:63:4D:04,-64,127,6.0,2.5,1.5
1784195792142,2026-07-16 11:56:32.142,C3:00:00:63:4D:07,-78,127,6.0,2.5,1.5
1784195792166,2026-07-16 11:56:32.166,C3:00:00:63:4D:04,-65,127,6.0,2.5,1.5
1784195792171,2026-07-16 11:56:32.171,C3:00:00:63:4C:D2,-55,127,6.0,2.5,1.5
1784195792185,2026-07-16 11:56:32.185,C3:00:00:63:4D:09,-61,127,6.0,2.5,1.5
1784195792228,2026-07-16 11:56:32.228,C3:00:00:63:4D:08,-55,127,6.0,2.5,1.5
1784195792250,2026-07-16 11:56:32.250,C3:00:00:63:4D:07,-73,127,6.0,2.5,1.5
1784195792254,2026-07-16 11:56:32.254,C3:00:00:63:4D:0D,-60,127,6.0,2.5,1.5
1784195792258,2026-07-16 11:56:32.258,C3:00:00:63:4D:04,-56,127,6.0,2.5,1.5
1784195792265,2026-07-16 11:56:32.265,C3:00:00:63:4D:05,-54,127,6.0,2.5,1.5
1784195792287,2026-07-16 11:56:32.287,C3:00:00:63:4C:D2,-66,127,6.0,2.5,1.5
1784195792302,2026-07-16 11:56:32.302,C3:00:00:63:4D:09,-60,127,6.0,2.5,1.5
1784195792310,2026-07-16 11:56:32.310,C3:00:00:63:4D:0A,-58,127,6.0,2.5,1.5
1784195792314,2026-07-16 11:56:32.314,C3:00:00:63:4D:07,-69,127,6.0,2.5,1.5
1784195792355,2026-07-16 11:56:32.355,C3:00:00:63:4D:0D,-62,127,6.0,2.5,1.5
1784195792357,2026-07-16 11:56:32.357,C3:00:00:63:4D:07,-62,127,6.0,2.5,1.5
1784195792362,2026-07-16 11:56:32.362,C3:00:00:63:4D:04,-64,127,6.0,2.5,1.5
1784195792401,2026-07-16 11:56:32.401,C3:00:00:63:4C:D2,-54,127,6.0,2.5,1.5
1784195792404,2026-07-16 11:56:32.404,C3:00:00:63:4D:09,-72,127,6.0,2.5,1.5
1784195792410,2026-07-16 11:56:32.410,C3:00:00:63:4D:0A,-66,127,6.0,2.5,1.5
1784195792429,2026-07-16 11:56:32.429,C3:00:00:63:4C:D2,-55,127,6.0,2.5,1.5
1784195792456,2026-07-16 11:56:32.456,C3:00:00:63:4D:08,-54,127,6.0,2.5,1.5
1784195792487,2026-07-16 11:56:32.487,C3:00:00:63:4D:05,-54,127,6.0,2.5,1.5
1784195792489,2026-07-16 11:56:32.489,C3:00:00:63:4D:04,-58,127,6.0,2.5,1.5
1784195792503,2026-07-16 11:56:32.503,C3:00:00:63:4D:07,-75,127,6.0,2.5,1.5
1784195792506,2026-07-16 11:56:32.506,C3:00:00:63:4C:D2,-54,127,6.0,2.5,1.5
1784195792512,2026-07-16 11:56:32.512,C3:00:00:63:4D:0A,-74,127,6.0,2.5,1.5
1784195792518,2026-07-16 11:56:32.518,C3:00:00:63:4D:09,-61,127,6.0,2.5,1.5
1784195792545,2026-07-16 11:56:32.545,C3:00:00:63:4D:0D,-75,127,6.0,2.5,1.5
1784195792549,2026-07-16 11:56:32.549,C3:00:00:63:4D:08,-59,127,6.0,2.5,1.5
1784195792583,2026-07-16 11:56:32.583,C3:00:00:63:4D:07,-61,127,6.0,2.5,1.5
1784195792585,2026-07-16 11:56:32.585,C3:00:00:63:4D:0D,-67,127,6.0,2.5,1.5
1784195792593,2026-07-16 11:56:32.593,C3:00:00:63:4D:05,-54,127,6.0,2.5,1.5
1784195792597,2026-07-16 11:56:32.597,C3:00:00:63:4D:04,-56,127,6.0,2.5,1.5
1784195792692,2026-07-16 11:56:32.692,C3:00:00:63:4D:0A,-67,127,6.0,2.5,1.5
1784195792709,2026-07-16 11:56:32.709,C3:00:00:63:4D:05,-56,127,6.0,2.5,1.5
1784195792722,2026-07-16 11:56:32.722,C3:00:00:63:4D:04,-65,127,6.0,2.5,1.5
1784195792724,2026-07-16 11:56:32.724,C3:00:00:63:4D:0A,-66,127,6.0,2.5,1.5
1784195792727,2026-07-16 11:56:32.727,C3:00:00:63:4C:D2,-54,127,6.0,2.5,1.5
1784195792732,2026-07-16 11:56:32.732,C3:00:00:63:4D:05,-57,127,6.0,2.5,1.5
1784195792747,2026-07-16 11:56:32.747,C3:00:00:63:4D:09,-61,127,6.0,2.5,1.5
1784195792751,2026-07-16 11:56:32.751,C3:00:00:63:4D:08,-54,127,6.0,2.5,1.5
1784195792790,2026-07-16 11:56:32.790,C3:00:00:63:4D:0D,-60,127,6.0,2.5,1.5
1784195792829,2026-07-16 11:56:32.829,C3:00:00:63:4D:04,-60,127,6.0,2.5,1.5
1784195792848,2026-07-16 11:56:32.848,C3:00:00:63:4C:D2,-66,127,6.0,2.5,1.5
1784195792881,2026-07-16 11:56:32.881,C3:00:00:63:4C:D2,-66,127,6.0,2.5,1.5
1784195792920,2026-07-16 11:56:32.920,C3:00:00:63:4D:05,-54,127,6.0,2.5,1.5
1784195792925,2026-07-16 11:56:32.925,C3:00:00:63:4D:07,-60,127,6.0,2.5,1.5
1784195792932,2026-07-16 11:56:32.932,C3:00:00:63:4D:0A,-58,127,6.0,2.5,1.5
1784195792953,2026-07-16 11:56:32.953,C3:00:00:63:4D:08,-58,127,6.0,2.5,1.5
1784195792958,2026-07-16 11:56:32.958,C3:00:00:63:4C:D2,-54,127,6.0,2.5,1.5
1784195792972,2026-07-16 11:56:32.972,C3:00:00:63:4D:09,-72,127,6.0,2.5,1.5
1784195793040,2026-07-16 11:56:33.040,C3:00:00:63:4D:0D,-62,127,6.0,2.5,1.5
1784195793046,2026-07-16 11:56:33.046,C3:00:00:63:4D:07,-62,127,6.0,2.5,1.5
1784195793052,2026-07-16 11:56:33.052,C3:00:00:63:4D:08,-54,127,6.0,2.5,1.5
1784195793058,2026-07-16 11:56:33.058,C3:00:00:63:4D:04,-58,127,6.0,2.5,1.5
1784195793070,2026-07-16 11:56:33.070,C3:00:00:63:4C:D2,-55,127,6.0,2.5,1.5
1784195793085,2026-07-16 11:56:33.085,C3:00:00:63:4D:09,-61,127,6.0,2.5,1.5
1784195793134,2026-07-16 11:56:33.134,C3:00:00:63:4D:0A,-84,127,6.0,2.5,1.5
1784195793159,2026-07-16 11:56:33.159,C3:00:00:63:4D:08,-60,127,6.0,2.5,1.5
1784195793166,2026-07-16 11:56:33.166,C3:00:00:63:4D:04,-56,127,6.0,2.5,1.5
1784195793181,2026-07-16 11:56:33.181,C3:00:00:63:4C:D2,-65,127,6.0,2.5,1.5
1784195793190,2026-07-16 11:56:33.190,C3:00:00:63:4D:04,-56,127,6.0,2.5,1.5
1784195793256,2026-07-16 11:56:33.256,C3:00:00:63:4D:05,-55,127,6.0,2.5,1.5
1784195793269,2026-07-16 11:56:33.269,C3:00:00:63:4D:07,-62,127,6.0,2.5,1.5
1784195793286,2026-07-16 11:56:33.286,C3:00:00:63:4D:04,-64,127,6.0,2.5,1.5
1784195793292,2026-07-16 11:56:33.292,C3:00:00:63:4C:D2,-55,127,6.0,2.5,1.5
1784195793304,2026-07-16 11:56:33.304,C3:00:00:63:4D:09,-72,127,6.0,2.5,1.5
1784195793354,2026-07-16 11:56:33.354,C3:00:00:63:4D:0A,-75,127,6.0,2.5,1.5
1784195793372,2026-07-16 11:56:33.372,C3:00:00:63:4D:05,-54,127,6.0,2.5,1.5
1784195793376,2026-07-16 11:56:33.376,C3:00:00:63:4D:09,-62,127,6.0,2.5,1.5
1784195793387,2026-07-16 11:56:33.387,C3:00:00:63:4D:0D,-60,127,6.0,2.5,1.5
1784195793398,2026-07-16 11:56:33.398,C3:00:00:63:4D:09,-62,127,6.0,2.5,1.5
1784195793406,2026-07-16 11:56:33.406,C3:00:00:63:4C:D2,-55,127,6.0,2.5,1.5
1784195793408,2026-07-16 11:56:33.408,C3:00:00:63:4D:04,-58,127,6.0,2.5,1.5
1784195793416,2026-07-16 11:56:33.416,C3:00:00:63:4D:0D,-60,127,6.0,2.5,1.5
1784195793478,2026-07-16 11:56:33.478,C3:00:00:63:4D:05,-56,127,6.0,2.5,1.5
1784195793510,2026-07-16 11:56:33.510,C3:00:00:63:4D:04,-56,127,6.0,2.5,1.5
1784195793519,2026-07-16 11:56:33.519,C3:00:00:63:4C:D2,-65,127,6.0,2.5,1.5
1784195793537,2026-07-16 11:56:33.537,C3:00:00:63:4D:09,-61,127,6.0,2.5,1.5
1784195793553,2026-07-16 11:56:33.553,C3:00:00:63:4D:08,-56,127,6.0,2.5,1.5
1784195793555,2026-07-16 11:56:33.555,C3:00:00:63:4D:0A,-67,127,6.0,2.5,1.5
1784195793589,2026-07-16 11:56:33.589,C3:00:00:63:4D:05,-55,127,6.0,2.5,1.5
1784195793619,2026-07-16 11:56:33.619,C3:00:00:63:4D:0D,-63,127,6.0,2.5,1.5
1784195793624,2026-07-16 11:56:33.624,C3:00:00:63:4D:07,-62,127,6.0,2.5,1.5
1784195793630,2026-07-16 11:56:33.630,C3:00:00:63:4D:09,-80,127,6.0,2.5,1.5
1784195793634,2026-07-16 11:56:33.634,C3:00:00:63:4D:04,-64,127,6.0,2.5,1.5
1784195793638,2026-07-16 11:56:33.638,C3:00:00:63:4C:D2,-55,127,6.0,2.5,1.5
1784195793698,2026-07-16 11:56:33.698,C3:00:00:63:4C:D2,-55,127,6.0,2.5,1.5
1784195793721,2026-07-16 11:56:33.721,C3:00:00:63:4D:05,-54,127,6.0,2.5,1.5
1784195793727,2026-07-16 11:56:33.727,C3:00:00:63:4D:07,-78,127,6.0,2.5,1.5
1784195793739,2026-07-16 11:56:33.739,C3:00:00:63:4D:0D,-60,127,6.0,2.5,1.5
1784195793745,2026-07-16 11:56:33.745,C3:00:00:63:4C:D2,-55,127,6.0,2.5,1.5
1784195793747,2026-07-16 11:56:33.747,C3:00:00:63:4D:04,-56,127,6.0,2.5,1.5
1784195793751,2026-07-16 11:56:33.751,C3:00:00:63:4D:08,-60,127,6.0,2.5,1.5
1784195793758,2026-07-16 11:56:33.758,C3:00:00:63:4D:09,-61,127,6.0,2.5,1.5
1784195793765,2026-07-16 11:56:33.765,C3:00:00:63:4D:0A,-59,127,6.0,2.5,1.5
1784195793804,2026-07-16 11:56:33.804,C3:00:00:63:4D:05,-56,127,6.0,2.5,1.5
1784195793847,2026-07-16 11:56:33.847,C3:00:00:63:4D:07,-62,127,6.0,2.5,1.5
1784195793852,2026-07-16 11:56:33.852,C3:00:00:63:4D:08,-56,127,6.0,2.5,1.5
1784195793857,2026-07-16 11:56:33.857,C3:00:00:63:4C:D2,-55,127,6.0,2.5,1.5
1784195793862,2026-07-16 11:56:33.862,C3:00:00:63:4D:04,-64,127,6.0,2.5,1.5
1784195793869,2026-07-16 11:56:33.869,C3:00:00:63:4D:0A,-67,127,6.0,2.5,1.5
1784195793872,2026-07-16 11:56:33.872,C3:00:00:63:4D:09,-72,127,6.0,2.5,1.5
1784195793891,2026-07-16 11:56:33.891,C3:00:00:63:4D:05,-62,127,6.0,2.5,1.5
1784195793916,2026-07-16 11:56:33.916,C3:00:00:63:4D:05,-55,127,6.0,2.5,1.5
1784195793949,2026-07-16 11:56:33.949,C3:00:00:63:4D:08,-54,127,6.0,2.5,1.5
1784195793971,2026-07-16 11:56:33.971,C3:00:00:63:4D:0D,-60,127,6.0,2.5,1.5
1784195793976,2026-07-16 11:56:33.976,C3:00:00:63:4C:D2,-55,127,6.0,2.5,1.5
1784195793979,2026-07-16 11:56:33.979,C3:00:00:63:4D:04,-58,127,6.0,2.5,1.5
1784195793982,2026-07-16 11:56:33.982,C3:00:00:63:4D:0A,-75,127,6.0,2.5,1.5
1784195793987,2026-07-16 11:56:33.987,C3:00:00:63:4D:09,-61,127,6.0,2.5,1.5
1784195793989,2026-07-16 11:56:33.989,C3:00:00:63:4D:04,-58,127,6.0,2.5,1.5
1784195794025,2026-07-16 11:56:34.025,C3:00:00:63:4D:05,-54,127,6.0,2.5,1.5
1784195794049,2026-07-16 11:56:34.049,C3:00:00:63:4D:08,-60,127,6.0,2.5,1.5
1784195794069,2026-07-16 11:56:34.069,C3:00:00:63:4D:08,-60,127,6.0,2.5,1.5
1784195794075,2026-07-16 11:56:34.075,C3:00:00:63:4D:07,-62,127,6.0,2.5,1.5
1784195794083,2026-07-16 11:56:34.083,C3:00:00:63:4D:0A,-59,127,6.0,2.5,1.5
1784195794086,2026-07-16 11:56:34.086,C3:00:00:63:4C:D2,-65,127,6.0,2.5,1.5
1784195794091,2026-07-16 11:56:34.091,C3:00:00:63:4D:04,-56,127,6.0,2.5,1.5
1784195794099,2026-07-16 11:56:34.099,C3:00:00:63:4D:09,-61,127,6.0,2.5,1.5
1784195794156,2026-07-16 11:56:34.156,C3:00:00:63:4D:08,-56,127,6.0,2.5,1.5
1784195794183,2026-07-16 11:56:34.183,C3:00:00:63:4D:0A,-67,127,6.0,2.5,1.5
1784195794187,2026-07-16 11:56:34.187,C3:00:00:63:4D:07,-62,127,6.0,2.5,1.5
1784195794192,2026-07-16 11:56:34.192,C3:00:00:63:4D:0D,-62,127,6.0,2.5,1.5
1784195794204,2026-07-16 11:56:34.204,C3:00:00:63:4C:D2,-55,127,6.0,2.5,1.5
1784195794212,2026-07-16 11:56:34.212,C3:00:00:63:4D:04,-64,127,6.0,2.5,1.5
1784195794218,2026-07-16 11:56:34.218,C3:00:00:63:4D:09,-72,127,6.0,2.5,1.5
1784195794235,2026-07-16 11:56:34.235,C3:00:00:63:4D:08,-58,127,6.0,2.5,1.5
1784195794252,2026-07-16 11:56:34.252,C3:00:00:63:4D:05,-54,127,6.0,2.5,1.5
1784195794295,2026-07-16 11:56:34.295,C3:00:00:63:4D:05,-54,127,6.0,2.5,1.5
1784195794300,2026-07-16 11:56:34.300,C3:00:00:63:4D:0D,-60,127,6.0,2.5,1.5
1784195794310,2026-07-16 11:56:34.310,C3:00:00:63:4D:0A,-75,127,6.0,2.5,1.5
1784195794321,2026-07-16 11:56:34.321,C3:00:00:63:4D:07,-76,127,6.0,2.5,1.5
1784195794323,2026-07-16 11:56:34.323,C3:00:00:63:4D:04,-58,127,6.0,2.5,1.5
1784195794329,2026-07-16 11:56:34.329,C3:00:00:63:4D:09,-61,127,6.0,2.5,1.5
1784195794355,2026-07-16 11:56:34.355,C3:00:00:63:4D:08,-59,127,6.0,2.5,1.5
1784195794385,2026-07-16 11:56:34.385,C3:00:00:63:4D:0A,-58,127,6.0,2.5,1.5
1784195794412,2026-07-16 11:56:34.412,C3:00:00:63:4C:D2,-66,127,6.0,2.5,1.5
1784195794424,2026-07-16 11:56:34.424,C3:00:00:63:4D:0D,-68,127,6.0,2.5,1.5
1784195794440,2026-07-16 11:56:34.440,C3:00:00:63:4D:07,-61,127,6.0,2.5,1.5
1784195794445,2026-07-16 11:56:34.445,C3:00:00:63:4D:09,-60,127,6.0,2.5,1.5
1784195794453,2026-07-16 11:56:34.453,C3:00:00:63:4D:08,-58,127,6.0,2.5,1.5
1784195794465,2026-07-16 11:56:34.465,C3:00:00:63:4D:05,-56,127,6.0,2.5,1.5
1784195794491,2026-07-16 11:56:34.491,C3:00:00:63:4D:0A,-66,127,6.0,2.5,1.5
1784195794536,2026-07-16 11:56:34.536,C3:00:00:63:4D:07,-62,127,6.0,2.5,1.5
1784195794541,2026-07-16 11:56:34.541,C3:00:00:63:4D:0D,-63,127,6.0,2.5,1.5
1784195794571,2026-07-16 11:56:34.571,C3:00:00:63:4D:05,-54,127,6.0,2.5,1.5
1784195794598,2026-07-16 11:56:34.598,C3:00:00:63:4D:0A,-75,127,6.0,2.5,1.5
1784195794648,2026-07-16 11:56:34.648,C3:00:00:63:4D:0D,-68,127,6.0,2.5,1.5
1784195794660,2026-07-16 11:56:34.660,C3:00:00:63:4D:09,-60,127,6.0,2.5,1.5
1784195794675,2026-07-16 11:56:34.675,C3:00:00:63:4D:04,-56,127,6.0,2.5,1.5
1784195794686,2026-07-16 11:56:34.686,C3:00:00:63:4D:05,-54,127,6.0,2.5,1.5
1784195794693,2026-07-16 11:56:34.693,C3:00:00:63:4D:0A,-58,127,6.0,2.5,1.5
1784195794712,2026-07-16 11:56:34.712,C3:00:00:63:4D:0A,-58,127,6.0,2.5,1.5
1784195794730,2026-07-16 11:56:34.730,C3:00:00:63:4D:05,-54,127,6.0,2.5,1.5
1784195794806,2026-07-16 11:56:34.806,C3:00:00:63:4D:0A,-66,127,6.0,2.5,1.5
1784195794854,2026-07-16 11:56:34.854,C3:00:00:63:4D:08,-54,127,6.0,2.5,1.5
1784195794859,2026-07-16 11:56:34.859,C3:00:00:63:4C:D2,-54,127,6.0,2.5,1.5
1784195794879,2026-07-16 11:56:34.879,C3:00:00:63:4D:0D,-60,127,6.0,2.5,1.5
1784195794884,2026-07-16 11:56:34.884,C3:00:00:63:4D:07,-76,127,6.0,2.5,1.5
1784195794888,2026-07-16 11:56:34.888,C3:00:00:63:4C:D2,-55,127,6.0,2.5,1.5
1784195794898,2026-07-16 11:56:34.898,C3:00:00:63:4D:04,-58,127,6.0,2.5,1.5
1784195794901,2026-07-16 11:56:34.901,C3:00:00:63:4D:05,-54,127,6.0,2.5,1.5
1784195794906,2026-07-16 11:56:34.906,C3:00:00:63:4D:0A,-75,127,6.0,2.5,1.5
1784195794954,2026-07-16 11:56:34.954,C3:00:00:63:4D:08,-60,127,6.0,2.5,1.5
1784195794974,2026-07-16 11:56:34.974,C3:00:00:63:4C:D2,-66,127,6.0,2.5,1.5
1784195794996,2026-07-16 11:56:34.996,C3:00:00:63:4D:07,-60,127,6.0,2.5,1.5
1784195795003,2026-07-16 11:56:35.003,C3:00:00:63:4D:09,-60,127,6.0,2.5,1.5
1784195795019,2026-07-16 11:56:35.019,C3:00:00:63:4D:05,-54,127,6.0,2.5,1.5
1784195795020,2026-07-16 11:56:35.020,C3:00:00:63:4D:04,-56,127,6.0,2.5,1.5
1784195795024,2026-07-16 11:56:35.024,C3:00:00:63:4D:09,-60,127,6.0,2.5,1.5
1784195795050,2026-07-16 11:56:35.050,C3:00:00:63:4D:08,-58,127,6.0,2.5,1.5
1784195795116,2026-07-16 11:56:35.116,C3:00:00:63:4D:07,-62,127,6.0,2.5,1.5
1784195795122,2026-07-16 11:56:35.122,C3:00:00:63:4D:05,-55,127,6.0,2.5,1.5
1784195795128,2026-07-16 11:56:35.128,C3:00:00:63:4D:04,-65,127,6.0,2.5,1.5
1784195795152,2026-07-16 11:56:35.152,C3:00:00:63:4D:08,-54,127,6.0,2.5,1.5
1784195795186,2026-07-16 11:56:35.186,C3:00:00:63:4D:04,-59,127,6.0,2.5,1.5
1784195795195,2026-07-16 11:56:35.195,C3:00:00:63:4C:D2,-55,127,6.0,2.5,1.5
1784195795223,2026-07-16 11:56:35.223,C3:00:00:63:4D:0A,-78,127,6.0,2.5,1.5
1784195795229,2026-07-16 11:56:35.229,C3:00:00:63:4D:0D,-60,127,6.0,2.5,1.5
1784195795234,2026-07-16 11:56:35.234,C3:00:00:63:4D:05,-54,127,6.0,2.5,1.5
1784195795246,2026-07-16 11:56:35.246,C3:00:00:63:4D:04,-58,127,6.0,2.5,1.5
1784195795252,2026-07-16 11:56:35.252,C3:00:00:63:4D:08,-60,127,6.0,2.5,1.5
1784195795313,2026-07-16 11:56:35.313,C3:00:00:63:4C:D2,-66,127,6.0,2.5,1.5
1784195795322,2026-07-16 11:56:35.322,C3:00:00:63:4D:0A,-58,127,6.0,2.5,1.5
1784195795341,2026-07-16 11:56:35.341,C3:00:00:63:4D:0D,-67,127,6.0,2.5,1.5
1784195795345,2026-07-16 11:56:35.345,C3:00:00:63:4D:07,-62,127,6.0,2.5,1.5
1784195795358,2026-07-16 11:56:35.358,C3:00:00:63:4D:04,-65,127,6.0,2.5,1.5
1784195795416,2026-07-16 11:56:35.416,C3:00:00:63:4C:D2,-54,127,6.0,2.5,1.5
1784195795419,2026-07-16 11:56:35.419,C3:00:00:63:4D:09,-72,127,6.0,2.5,1.5
1784195795422,2026-07-16 11:56:35.422,C3:00:00:63:4D:0D,-63,127,6.0,2.5,1.5
1784195795425,2026-07-16 11:56:35.425,C3:00:00:63:4D:0A,-66,127,6.0,2.5,1.5
1784195795466,2026-07-16 11:56:35.466,C3:00:00:63:4D:04,-58,127,6.0,2.5,1.5
1784195795530,2026-07-16 11:56:35.530,C3:00:00:63:4C:D2,-54,127,6.0,2.5,1.5
1784195795553,2026-07-16 11:56:35.553,C3:00:00:63:4D:08,-60,127,6.0,2.5,1.5
1784195795567,2026-07-16 11:56:35.567,C3:00:00:63:4D:05,-56,127,6.0,2.5,1.5
1784195795572,2026-07-16 11:56:35.572,C3:00:00:63:4D:0D,-67,127,6.0,2.5,1.5
1784195795584,2026-07-16 11:56:35.584,C3:00:00:63:4D:04,-56,127,6.0,2.5,1.5
1784195795690,2026-07-16 11:56:35.690,C3:00:00:63:4D:0D,-63,127,6.0,2.5,1.5
1784195795695,2026-07-16 11:56:35.695,C3:00:00:63:4D:04,-65,127,6.0,2.5,1.5
1784195795703,2026-07-16 11:56:35.703,C3:00:00:63:4C:D2,-54,127,6.0,2.5,1.5
1784195795708,2026-07-16 11:56:35.708,C3:00:00:63:4D:05,-56,127,6.0,2.5,1.5
1784195795750,2026-07-16 11:56:35.750,C3:00:00:63:4D:08,-54,127,6.0,2.5,1.5
1784195795795,2026-07-16 11:56:35.795,C3:00:00:63:4D:09,-61,127,6.0,2.5,1.5
1784195795798,2026-07-16 11:56:35.798,C3:00:00:63:4D:07,-76,127,6.0,2.5,1.5
1784195795801,2026-07-16 11:56:35.801,C3:00:00:63:4D:0D,-59,127,6.0,2.5,1.5
1784195795844,2026-07-16 11:56:35.844,C3:00:00:63:4D:0A,-58,127,6.0,2.5,1.5
1784195795849,2026-07-16 11:56:35.849,C3:00:00:63:4D:08,-59,127,6.0,2.5,1.5
1784195795870,2026-07-16 11:56:35.870,C3:00:00:63:4C:D2,-65,127,6.0,2.5,1.5
1784195795897,2026-07-16 11:56:35.897,C3:00:00:63:4D:05,-56,127,6.0,2.5,1.5
1784195795925,2026-07-16 11:56:35.925,C3:00:00:63:4D:09,-61,127,6.0,2.5,1.5
1784195795928,2026-07-16 11:56:35.928,C3:00:00:63:4D:07,-63,127,6.0,2.5,1.5
1784195795932,2026-07-16 11:56:35.932,C3:00:00:63:4D:04,-56,127,6.0,2.5,1.5
1784195795944,2026-07-16 11:56:35.944,C3:00:00:63:4D:0A,-67,127,6.0,2.5,1.5
1784195795951,2026-07-16 11:56:35.951,C3:00:00:63:4D:08,-56,127,6.0,2.5,1.5
1784195795962,2026-07-16 11:56:35.962,C3:00:00:63:4D:04,-64,127,6.0,2.5,1.5
1784195795978,2026-07-16 11:56:35.978,C3:00:00:63:4C:D2,-55,127,6.0,2.5,1.5
1784195796020,2026-07-16 11:56:36.020,C3:00:00:63:4D:09,-72,127,6.0,2.5,1.5
1784195796052,2026-07-16 11:56:36.052,C3:00:00:63:4D:04,-58,127,6.0,2.5,1.5
1784195796055,2026-07-16 11:56:36.055,C3:00:00:63:4D:0A,-75,127,6.0,2.5,1.5
1784195796057,2026-07-16 11:56:36.057,C3:00:00:63:4D:08,-55,127,6.0,2.5,1.5
1784195796092,2026-07-16 11:56:36.092,C3:00:00:63:4C:D2,-55,127,6.0,2.5,1.5
1784195796109,2026-07-16 11:56:36.109,C3:00:00:63:4D:07,-79,127,6.0,2.5,1.5
1784195796114,2026-07-16 11:56:36.114,C3:00:00:63:4D:05,-54,127,6.0,2.5,1.5
1784195796137,2026-07-16 11:56:36.137,C3:00:00:63:4D:09,-61,127,6.0,2.5,1.5
1784195796142,2026-07-16 11:56:36.142,C3:00:00:63:4D:07,-64,127,6.0,2.5,1.5
1784195796247,2026-07-16 11:56:36.247,C3:00:00:63:4D:08,-56,127,6.0,2.5,1.5
1784195796251,2026-07-16 11:56:36.251,C3:00:00:63:4D:09,-72,127,6.0,2.5,1.5
1784195796255,2026-07-16 11:56:36.255,C3:00:00:63:4D:07,-62,127,6.0,2.5,1.5
1784195796260,2026-07-16 11:56:36.260,C3:00:00:63:4D:0A,-67,127,6.0,2.5,1.5
1784195796262,2026-07-16 11:56:36.262,C3:00:00:63:4D:0D,-62,127,6.0,2.5,1.5
1784195796302,2026-07-16 11:56:36.302,C3:00:00:63:4D:08,-56,127,6.0,2.5,1.5
1784195796319,2026-07-16 11:56:36.319,C3:00:00:63:4C:D2,-55,127,6.0,2.5,1.5
1784195796327,2026-07-16 11:56:36.327,C3:00:00:63:4D:05,-55,127,6.0,2.5,1.5
1784195796348,2026-07-16 11:56:36.348,C3:00:00:63:4D:08,-55,127,6.0,2.5,1.5
1784195796375,2026-07-16 11:56:36.375,C3:00:00:63:4D:0D,-60,127,6.0,2.5,1.5
1784195796391,2026-07-16 11:56:36.391,C3:00:00:63:4D:04,-58,127,6.0,2.5,1.5
1784195796429,2026-07-16 11:56:36.429,C3:00:00:63:4C:D2,-54,127,6.0,2.5,1.5
1784195796455,2026-07-16 11:56:36.455,C3:00:00:63:4D:05,-54,127,6.0,2.5,1.5
1784195796463,2026-07-16 11:56:36.463,C3:00:00:63:4D:0A,-58,127,6.0,2.5,1.5
1784195796480,2026-07-16 11:56:36.480,C3:00:00:63:4D:09,-60,127,6.0,2.5,1.5
1784195796488,2026-07-16 11:56:36.488,C3:00:00:63:4D:0D,-68,127,6.0,2.5,1.5
1784195796491,2026-07-16 11:56:36.491,C3:00:00:63:4D:07,-61,127,6.0,2.5,1.5
1784195796502,2026-07-16 11:56:36.502,C3:00:00:63:4D:04,-56,127,6.0,2.5,1.5
1784195796539,2026-07-16 11:56:36.539,C3:00:00:63:4C:D2,-65,127,6.0,2.5,1.5
1784195796556,2026-07-16 11:56:36.556,C3:00:00:63:4D:05,-55,127,6.0,2.5,1.5
1784195796575,2026-07-16 11:56:36.575,C3:00:00:63:4D:0A,-67,127,6.0,2.5,1.5
1784195796600,2026-07-16 11:56:36.600,C3:00:00:63:4D:0D,-63,127,6.0,2.5,1.5
1784195796603,2026-07-16 11:56:36.603,C3:00:00:63:4D:07,-62,127,6.0,2.5,1.5
1784195796624,2026-07-16 11:56:36.624,C3:00:00:63:4D:04,-64,127,6.0,2.5,1.5
1784195796647,2026-07-16 11:56:36.647,C3:00:00:63:4D:08,-54,127,6.0,2.5,1.5
1784195796667,2026-07-16 11:56:36.667,C3:00:00:63:4D:05,-54,127,6.0,2.5,1.5
1784195796702,2026-07-16 11:56:36.702,C3:00:00:63:4D:09,-61,127,6.0,2.5,1.5
1784195796731,2026-07-16 11:56:36.731,C3:00:00:63:4D:04,-58,127,6.0,2.5,1.5
1784195796749,2026-07-16 11:56:36.749,C3:00:00:63:4D:0A,-59,127,6.0,2.5,1.5
1784195796754,2026-07-16 11:56:36.754,C3:00:00:63:4D:08,-60,127,6.0,2.5,1.5
1784195796767,2026-07-16 11:56:36.767,C3:00:00:63:4C:D2,-65,127,6.0,2.5,1.5
1784195796774,2026-07-16 11:56:36.774,C3:00:00:63:4D:05,-56,127,6.0,2.5,1.5
1784195796782,2026-07-16 11:56:36.782,C3:00:00:63:4D:0A,-59,127,6.0,2.5,1.5
1784195796799,2026-07-16 11:56:36.799,C3:00:00:63:4D:0D,-78,127,6.0,2.5,1.5
1784195796840,2026-07-16 11:56:36.840,C3:00:00:63:4D:07,-63,127,6.0,2.5,1.5
1784195796860,2026-07-16 11:56:36.860,C3:00:00:63:4D:08,-56,127,6.0,2.5,1.5
1784195796864,2026-07-16 11:56:36.864,C3:00:00:63:4D:04,-64,127,6.0,2.5,1.5
1784195796884,2026-07-16 11:56:36.884,C3:00:00:63:4D:04,-65,127,6.0,2.5,1.5
1784195796888,2026-07-16 11:56:36.888,C3:00:00:63:4D:05,-55,127,6.0,2.5,1.5
1784195796930,2026-07-16 11:56:36.930,C3:00:00:63:4D:09,-73,127,6.0,2.5,1.5
1784195796949,2026-07-16 11:56:36.949,C3:00:00:63:4D:08,-55,127,6.0,2.5,1.5
1784195796954,2026-07-16 11:56:36.954,C3:00:00:63:4D:07,-78,127,6.0,2.5,1.5
1784195796956,2026-07-16 11:56:36.956,C3:00:00:63:4D:0D,-60,127,6.0,2.5,1.5
1784195796967,2026-07-16 11:56:36.967,C3:00:00:63:4D:04,-58,127,6.0,2.5,1.5
1784195796988,2026-07-16 11:56:36.988,C3:00:00:63:4D:0A,-75,127,6.0,2.5,1.5
1784195797038,2026-07-16 11:56:37.038,C3:00:00:63:4D:09,-61,127,6.0,2.5,1.5
1784195797049,2026-07-16 11:56:37.049,C3:00:00:63:4D:08,-60,127,6.0,2.5,1.5
1784195797069,2026-07-16 11:56:37.069,C3:00:00:63:4D:07,-63,127,6.0,2.5,1.5
1784195797071,2026-07-16 11:56:37.071,C3:00:00:63:4D:0D,-80,127,6.0,2.5,1.5
1784195797080,2026-07-16 11:56:37.080,C3:00:00:63:4D:04,-56,127,6.0,2.5,1.5
1784195797094,2026-07-16 11:56:37.094,C3:00:00:63:4D:0A,-58,127,6.0,2.5,1.5
1784195797097,2026-07-16 11:56:37.097,C3:00:00:63:4D:05,-56,127,6.0,2.5,1.5
1784195797104,2026-07-16 11:56:37.104,C3:00:00:63:4C:D2,-65,127,6.0,2.5,1.5
1784195797151,2026-07-16 11:56:37.151,C3:00:00:63:4D:09,-73,127,6.0,2.5,1.5
1784195797155,2026-07-16 11:56:37.155,C3:00:00:63:4D:08,-56,127,6.0,2.5,1.5
1784195797183,2026-07-16 11:56:37.183,C3:00:00:63:4D:0D,-62,127,6.0,2.5,1.5
1784195797188,2026-07-16 11:56:37.188,C3:00:00:63:4D:04,-64,127,6.0,2.5,1.5
1784195797199,2026-07-16 11:56:37.199,C3:00:00:63:4D:0A,-67,127,6.0,2.5,1.5
1784195797206,2026-07-16 11:56:37.206,C3:00:00:63:4C:D2,-55,127,6.0,2.5,1.5
1784195797214,2026-07-16 11:56:37.214,C3:00:00:63:4D:05,-55,127,6.0,2.5,1.5
1784195797216,2026-07-16 11:56:37.216,C3:00:00:63:4D:04,-64,127,6.0,2.5,1.5
1784195797250,2026-07-16 11:56:37.250,C3:00:00:63:4D:08,-54,127,6.0,2.5,1.5
1784195797265,2026-07-16 11:56:37.265,C3:00:00:63:4D:09,-61,127,6.0,2.5,1.5
1784195797309,2026-07-16 11:56:37.309,C3:00:00:63:4D:0A,-76,127,6.0,2.5,1.5
1784195797334,2026-07-16 11:56:37.334,C3:00:00:63:4D:05,-54,127,6.0,2.5,1.5
1784195797359,2026-07-16 11:56:37.359,C3:00:00:63:4D:08,-59,127,6.0,2.5,1.5
1784195797384,2026-07-16 11:56:37.384,C3:00:00:63:4D:09,-60,127,6.0,2.5,1.5
1784195797405,2026-07-16 11:56:37.405,C3:00:00:63:4D:09,-60,127,6.0,2.5,1.5
1784195797410,2026-07-16 11:56:37.410,C3:00:00:63:4D:07,-61,127,6.0,2.5,1.5
1784195797422,2026-07-16 11:56:37.422,C3:00:00:63:4D:04,-56,127,6.0,2.5,1.5
1784195797429,2026-07-16 11:56:37.429,C3:00:00:63:4D:05,-54,127,6.0,2.5,1.5
1784195797452,2026-07-16 11:56:37.452,C3:00:00:63:4D:08,-58,127,6.0,2.5,1.5
1784195797522,2026-07-16 11:56:37.522,C3:00:00:63:4D:0D,-62,127,6.0,2.5,1.5
1784195797530,2026-07-16 11:56:37.530,C3:00:00:63:4D:07,-63,127,6.0,2.5,1.5
1784195797554,2026-07-16 11:56:37.554,C3:00:00:63:4D:05,-54,127,6.0,2.5,1.5
1784195797607,2026-07-16 11:56:37.607,C3:00:00:63:4D:09,-61,127,6.0,2.5,1.5
1784195797634,2026-07-16 11:56:37.634,C3:00:00:63:4D:09,-69,127,6.0,2.5,1.5
1784195797643,2026-07-16 11:56:37.643,C3:00:00:63:4D:07,-62,127,6.0,2.5,1.5
1784195797655,2026-07-16 11:56:37.655,C3:00:00:63:4C:D2,-65,127,6.0,2.5,1.5
1784195797720,2026-07-16 11:56:37.720,C3:00:00:63:4D:0A,-59,127,6.0,2.5,1.5
1784195797726,2026-07-16 11:56:37.726,C3:00:00:63:4D:09,-61,127,6.0,2.5,1.5
1784195797730,2026-07-16 11:56:37.730,C3:00:00:63:4D:05,-56,127,6.0,2.5,1.5
1784195797747,2026-07-16 11:56:37.747,C3:00:00:63:4D:08,-56,127,6.0,2.5,1.5
1784195797752,2026-07-16 11:56:37.752,C3:00:00:63:4D:07,-62,127,6.0,2.5,1.5
1784195797761,2026-07-16 11:56:37.761,C3:00:00:63:4D:0D,-60,127,6.0,2.5,1.5
1784195797770,2026-07-16 11:56:37.770,C3:00:00:63:4D:04,-63,127,6.0,2.5,1.5
1784195797772,2026-07-16 11:56:37.772,C3:00:00:63:4C:D2,-55,127,6.0,2.5,1.5
1784195797815,2026-07-16 11:56:37.815,C3:00:00:63:4D:0A,-67,127,6.0,2.5,1.5
1784195797829,2026-07-16 11:56:37.829,C3:00:00:63:4D:09,-72,127,6.0,2.5,1.5
1784195797871,2026-07-16 11:56:37.871,C3:00:00:63:4D:0D,-61,127,6.0,2.5,1.5
1784195797876,2026-07-16 11:56:37.876,C3:00:00:63:4D:07,-74,127,6.0,2.5,1.5
1784195797882,2026-07-16 11:56:37.882,C3:00:00:63:4D:05,-54,127,6.0,2.5,1.5
1784195797885,2026-07-16 11:56:37.885,C3:00:00:63:4D:04,-59,127,6.0,2.5,1.5
1784195797889,2026-07-16 11:56:37.889,C3:00:00:63:4C:D2,-55,127,6.0,2.5,1.5
1784195797892,2026-07-16 11:56:37.892,C3:00:00:63:4D:05,-61,127,6.0,2.5,1.5
1784195797929,2026-07-16 11:56:37.929,C3:00:00:63:4D:0A,-74,127,6.0,2.5,1.5
1784195797939,2026-07-16 11:56:37.939,C3:00:00:63:4D:09,-62,127,6.0,2.5,1.5
1784195797962,2026-07-16 11:56:37.962,C3:00:00:63:4D:08,-60,127,6.0,2.5,1.5
1784195797981,2026-07-16 11:56:37.981,C3:00:00:63:4D:04,-56,127,6.0,2.5,1.5
1784195797985,2026-07-16 11:56:37.985,C3:00:00:63:4D:05,-56,127,6.0,2.5,1.5
1784195797990,2026-07-16 11:56:37.990,C3:00:00:63:4D:07,-63,127,6.0,2.5,1.5
1784195797996,2026-07-16 11:56:37.996,C3:00:00:63:4C:D2,-64,127,6.0,2.5,1.5
1784195798001,2026-07-16 11:56:38.001,C3:00:00:63:4D:04,-56,127,6.0,2.5,1.5
1784195798028,2026-07-16 11:56:38.028,C3:00:00:63:4D:0A,-59,127,6.0,2.5,1.5
1784195798047,2026-07-16 11:56:38.047,C3:00:00:63:4D:08,-57,127,6.0,2.5,1.5
1784195798065,2026-07-16 11:56:38.065,C3:00:00:63:4D:08,-57,127,6.0,2.5,1.5
1784195798087,2026-07-16 11:56:38.087,C3:00:00:63:4D:05,-55,127,6.0,2.5,1.5
1784195798108,2026-07-16 11:56:38.108,C3:00:00:63:4D:0D,-63,127,6.0,2.5,1.5
1784195798113,2026-07-16 11:56:38.113,C3:00:00:63:4C:D2,-55,127,6.0,2.5,1.5
1784195798117,2026-07-16 11:56:38.117,C3:00:00:63:4D:07,-63,127,6.0,2.5,1.5
1784195798128,2026-07-16 11:56:38.128,C3:00:00:63:4D:0A,-68,127,6.0,2.5,1.5
1784195798149,2026-07-16 11:56:38.149,C3:00:00:63:4D:08,-54,127,6.0,2.5,1.5
1784195798172,2026-07-16 11:56:38.172,C3:00:00:63:4D:09,-61,127,6.0,2.5,1.5
1784195798201,2026-07-16 11:56:38.201,C3:00:00:63:4D:05,-54,127,6.0,2.5,1.5
1784195798213,2026-07-16 11:56:38.213,C3:00:00:63:4D:07,-73,127,6.0,2.5,1.5
1784195798218,2026-07-16 11:56:38.218,C3:00:00:63:4D:0D,-59,127,6.0,2.5,1.5
1784195798301,2026-07-16 11:56:38.301,C3:00:00:63:4D:05,-54,127,6.0,2.5,1.5
1784195798306,2026-07-16 11:56:38.306,C3:00:00:63:4D:0A,-58,127,6.0,2.5,1.5
1784195798321,2026-07-16 11:56:38.321,C3:00:00:63:4D:05,-54,127,6.0,2.5,1.5
1784195798327,2026-07-16 11:56:38.327,C3:00:00:63:4D:07,-61,127,6.0,2.5,1.5
1784195798338,2026-07-16 11:56:38.338,C3:00:00:63:4D:0A,-58,127,6.0,2.5,1.5
1784195798345,2026-07-16 11:56:38.345,C3:00:00:63:4D:08,-58,127,6.0,2.5,1.5
1784195798401,2026-07-16 11:56:38.401,C3:00:00:63:4D:09,-73,127,6.0,2.5,1.5
1784195798442,2026-07-16 11:56:38.442,C3:00:00:63:4C:D2,-55,127,6.0,2.5,1.5
1784195798454,2026-07-16 11:56:38.454,C3:00:00:63:4D:08,-54,127,6.0,2.5,1.5
1784195798469,2026-07-16 11:56:38.469,C3:00:00:63:4D:04,-59,127,6.0,2.5,1.5
1784195798510,2026-07-16 11:56:38.510,C3:00:00:63:4D:09,-61,127,6.0,2.5,1.5
1784195798536,2026-07-16 11:56:38.536,C3:00:00:63:4D:05,-54,127,6.0,2.5,1.5
1784195798559,2026-07-16 11:56:38.559,C3:00:00:63:4C:D2,-65,127,6.0,2.5,1.5
1784195798564,2026-07-16 11:56:38.564,C3:00:00:63:4D:07,-62,127,6.0,2.5,1.5
1784195798566,2026-07-16 11:56:38.566,C3:00:00:63:4D:0D,-69,127,6.0,2.5,1.5
1784195798578,2026-07-16 11:56:38.578,C3:00:00:63:4D:04,-56,127,6.0,2.5,1.5
1784195798620,2026-07-16 11:56:38.620,C3:00:00:63:4D:09,-59,127,6.0,2.5,1.5
1784195798642,2026-07-16 11:56:38.642,C3:00:00:63:4D:05,-54,127,6.0,2.5,1.5
1784195798646,2026-07-16 11:56:38.646,C3:00:00:63:4D:08,-58,127,6.0,2.5,1.5
1784195798651,2026-07-16 11:56:38.651,C3:00:00:63:4D:0A,-66,127,6.0,2.5,1.5
1784195798664,2026-07-16 11:56:38.664,C3:00:00:63:4C:D2,-54,127,6.0,2.5,1.5
1784195798671,2026-07-16 11:56:38.671,C3:00:00:63:4D:0D,-63,127,6.0,2.5,1.5
1784195798686,2026-07-16 11:56:38.686,C3:00:00:63:4D:04,-63,127,6.0,2.5,1.5
1784195798733,2026-07-16 11:56:38.733,C3:00:00:63:4D:09,-74,127,6.0,2.5,1.5
1784195798751,2026-07-16 11:56:38.751,C3:00:00:63:4D:08,-54,127,6.0,2.5,1.5
1784195798755,2026-07-16 11:56:38.755,C3:00:00:63:4D:05,-54,127,6.0,2.5,1.5
1784195798814,2026-07-16 11:56:38.814,C3:00:00:63:4D:0D,-60,127,6.0,2.5,1.5
1784195798870,2026-07-16 11:56:38.870,C3:00:00:63:4D:05,-54,127,6.0,2.5,1.5
1784195798893,2026-07-16 11:56:38.893,C3:00:00:63:4C:D2,-65,127,6.0,2.5,1.5
1784195798900,2026-07-16 11:56:38.900,C3:00:00:63:4D:0D,-76,127,6.0,2.5,1.5
1784195798916,2026-07-16 11:56:38.916,C3:00:00:63:4D:07,-61,127,6.0,2.5,1.5
1784195798918,2026-07-16 11:56:38.918,C3:00:00:63:4D:04,-56,127,6.0,2.5,1.5
1784195798931,2026-07-16 11:56:38.931,C3:00:00:63:4C:D2,-65,127,6.0,2.5,1.5
1784195798948,2026-07-16 11:56:38.948,C3:00:00:63:4D:08,-58,127,6.0,2.5,1.5
1784195798961,2026-07-16 11:56:38.961,C3:00:00:63:4D:0A,-66,127,6.0,2.5,1.5
1784195799005,2026-07-16 11:56:39.005,C3:00:00:63:4C:D2,-54,127,6.0,2.5,1.5
1784195799019,2026-07-16 11:56:39.019,C3:00:00:63:4D:07,-61,127,6.0,2.5,1.5
1784195799035,2026-07-16 11:56:39.035,C3:00:00:63:4D:09,-73,127,6.0,2.5,1.5
1784195799046,2026-07-16 11:56:39.046,C3:00:00:63:4D:04,-64,127,6.0,2.5,1.5
1784195799055,2026-07-16 11:56:39.055,C3:00:00:63:4D:08,-55,127,6.0,2.5,1.5
1784195799071,2026-07-16 11:56:39.071,C3:00:00:63:4D:09,-61,127,6.0,2.5,1.5
1784195799079,2026-07-16 11:56:39.079,C3:00:00:63:4D:05,-54,127,6.0,2.5,1.5
1784195799122,2026-07-16 11:56:39.122,C3:00:00:63:4C:D2,-55,127,6.0,2.5,1.5
1784195799142,2026-07-16 11:56:39.142,C3:00:00:63:4D:07,-70,127,6.0,2.5,1.5
1784195799146,2026-07-16 11:56:39.146,C3:00:00:63:4D:0D,-60,127,6.0,2.5,1.5
1784195799151,2026-07-16 11:56:39.151,C3:00:00:63:4D:04,-56,127,6.0,2.5,1.5
1784195799176,2026-07-16 11:56:39.176,C3:00:00:63:4D:0A,-58,127,6.0,2.5,1.5
1784195799198,2026-07-16 11:56:39.198,C3:00:00:63:4D:05,-54,127,6.0,2.5,1.5
1784195799227,2026-07-16 11:56:39.227,C3:00:00:63:4C:D2,-66,127,6.0,2.5,1.5
1784195799248,2026-07-16 11:56:39.248,C3:00:00:63:4D:0D,-60,127,6.0,2.5,1.5
1784195799252,2026-07-16 11:56:39.252,C3:00:00:63:4D:08,-58,127,6.0,2.5,1.5
1784195799260,2026-07-16 11:56:39.260,C3:00:00:63:4D:04,-65,127,6.0,2.5,1.5
1784195799278,2026-07-16 11:56:39.278,C3:00:00:63:4D:0A,-66,127,6.0,2.5,1.5
1784195799301,2026-07-16 11:56:39.301,C3:00:00:63:4D:09,-72,127,6.0,2.5,1.5
1784195799337,2026-07-16 11:56:39.337,C3:00:00:63:4C:D2,-54,127,6.0,2.5,1.5
1784195799356,2026-07-16 11:56:39.356,C3:00:00:63:4D:08,-55,127,6.0,2.5,1.5
1784195799377,2026-07-16 11:56:39.377,C3:00:00:63:4D:0A,-72,127,6.0,2.5,1.5
1784195799382,2026-07-16 11:56:39.382,C3:00:00:63:4D:04,-59,127,6.0,2.5,1.5
1784195799408,2026-07-16 11:56:39.408,C3:00:00:63:4D:09,-61,127,6.0,2.5,1.5
1784195799417,2026-07-16 11:56:39.417,C3:00:00:63:4D:05,-53,127,6.0,2.5,1.5
1784195799423,2026-07-16 11:56:39.423,C3:00:00:63:4D:0D,-60,127,6.0,2.5,1.5
1784195799448,2026-07-16 11:56:39.448,C3:00:00:63:4D:09,-60,127,6.0,2.5,1.5
1784195799453,2026-07-16 11:56:39.453,C3:00:00:63:4D:08,-60,127,6.0,2.5,1.5
1784195799457,2026-07-16 11:56:39.457,C3:00:00:63:4C:D2,-66,127,6.0,2.5,1.5
1784195799478,2026-07-16 11:56:39.478,C3:00:00:63:4D:0D,-74,127,6.0,2.5,1.5
1784195799485,2026-07-16 11:56:39.485,C3:00:00:63:4D:07,-61,127,6.0,2.5,1.5
1784195799494,2026-07-16 11:56:39.494,C3:00:00:63:4D:04,-56,127,6.0,2.5,1.5
1784195799528,2026-07-16 11:56:39.528,C3:00:00:63:4D:05,-54,127,6.0,2.5,1.5
1784195799552,2026-07-16 11:56:39.552,C3:00:00:63:4D:08,-58,127,6.0,2.5,1.5
1784195799592,2026-07-16 11:56:39.592,C3:00:00:63:4D:07,-61,127,6.0,2.5,1.5
1784195799615,2026-07-16 11:56:39.615,C3:00:00:63:4D:08,-66,127,6.0,2.5,1.5
1784195799634,2026-07-16 11:56:39.634,C3:00:00:63:4D:05,-56,127,6.0,2.5,1.5
1784195799653,2026-07-16 11:56:39.653,C3:00:00:63:4D:08,-55,127,6.0,2.5,1.5
1784195799678,2026-07-16 11:56:39.678,C3:00:00:63:4C:D2,-55,127,6.0,2.5,1.5
1784195799698,2026-07-16 11:56:39.698,C3:00:00:63:4D:0A,-72,127,6.0,2.5,1.5
1784195799711,2026-07-16 11:56:39.711,C3:00:00:63:4D:07,-74,127,6.0,2.5,1.5
1784195799717,2026-07-16 11:56:39.717,C3:00:00:63:4C:D2,-56,127,6.0,2.5,1.5
1784195799747,2026-07-16 11:56:39.747,C3:00:00:63:4D:05,-54,127,6.0,2.5,1.5
1784195799767,2026-07-16 11:56:39.767,C3:00:00:63:4D:05,-54,127,6.0,2.5,1.5
1784195799791,2026-07-16 11:56:39.791,C3:00:00:63:4C:D2,-67,127,6.0,2.5,1.5
1784195799795,2026-07-16 11:56:39.795,C3:00:00:63:4D:0A,-58,127,6.0,2.5,1.5
1784195799828,2026-07-16 11:56:39.828,C3:00:00:63:4D:0D,-79,127,6.0,2.5,1.5
1784195799833,2026-07-16 11:56:39.833,C3:00:00:63:4D:07,-61,127,6.0,2.5,1.5
1784195799857,2026-07-16 11:56:39.857,C3:00:00:63:4D:08,-56,127,6.0,2.5,1.5
1784195799861,2026-07-16 11:56:39.861,C3:00:00:63:4D:05,-56,127,6.0,2.5,1.5
1784195799867,2026-07-16 11:56:39.867,C3:00:00:63:4D:09,-73,127,6.0,2.5,1.5
1784195799896,2026-07-16 11:56:39.896,C3:00:00:63:4D:0A,-66,127,6.0,2.5,1.5
1784195799902,2026-07-16 11:56:39.902,C3:00:00:63:4C:D2,-54,127,6.0,2.5,1.5
1784195799933,2026-07-16 11:56:39.933,C3:00:00:63:4D:07,-61,127,6.0,2.5,1.5
1784195799938,2026-07-16 11:56:39.938,C3:00:00:63:4D:0D,-61,127,6.0,2.5,1.5
1784195799955,2026-07-16 11:56:39.955,C3:00:00:63:4D:04,-59,127,6.0,2.5,1.5
1784195799967,2026-07-16 11:56:39.967,C3:00:00:63:4D:05,-54,127,6.0,2.5,1.5
1784195799971,2026-07-16 11:56:39.971,C3:00:00:63:4D:04,-59,127,6.0,2.5,1.5
1784195799974,2026-07-16 11:56:39.974,C3:00:00:63:4D:09,-62,127,6.0,2.5,1.5
1784195800001,2026-07-16 11:56:40.001,C3:00:00:63:4D:0A,-72,127,6.0,2.5,1.5
1784195800014,2026-07-16 11:56:40.014,C3:00:00:63:4C:D2,-54,127,6.0,2.5,1.5
1784195800077,2026-07-16 11:56:40.077,C3:00:00:63:4D:04,-56,127,6.0,2.5,1.5
1784195800100,2026-07-16 11:56:40.100,C3:00:00:63:4D:09,-60,127,6.0,2.5,1.5
1784195800122,2026-07-16 11:56:40.122,C3:00:00:63:4D:07,-64,127,6.0,2.5,1.5
1784195800148,2026-07-16 11:56:40.148,C3:00:00:63:4D:08,-56,127,6.0,2.5,1.5
1784195800153,2026-07-16 11:56:40.153,C3:00:00:63:4D:07,-62,127,6.0,2.5,1.5
1784195800178,2026-07-16 11:56:40.178,C3:00:00:63:4D:07,-62,127,6.0,2.5,1.5
1784195800202,2026-07-16 11:56:40.202,C3:00:00:63:4D:04,-71,127,6.0,2.5,1.5
1784195800207,2026-07-16 11:56:40.207,C3:00:00:63:4D:0A,-68,127,6.0,2.5,1.5
1784195800238,2026-07-16 11:56:40.238,C3:00:00:63:4C:D2,-55,127,6.0,2.5,1.5
1784195800246,2026-07-16 11:56:40.246,C3:00:00:63:4D:08,-55,127,6.0,2.5,1.5
1784195800267,2026-07-16 11:56:40.267,C3:00:00:63:4D:08,-56,127,6.0,2.5,1.5
1784195800283,2026-07-16 11:56:40.283,C3:00:00:63:4D:0D,-61,127,6.0,2.5,1.5
1784195800286,2026-07-16 11:56:40.286,C3:00:00:63:4D:07,-73,127,6.0,2.5,1.5
1784195800290,2026-07-16 11:56:40.290,C3:00:00:63:4D:05,-54,127,6.0,2.5,1.5
1784195800301,2026-07-16 11:56:40.301,C3:00:00:63:4D:04,-58,127,6.0,2.5,1.5
1784195800305,2026-07-16 11:56:40.305,C3:00:00:63:4D:08,-56,127,6.0,2.5,1.5
1784195800321,2026-07-16 11:56:40.321,C3:00:00:63:4D:07,-80,127,6.0,2.5,1.5
1784195800354,2026-07-16 11:56:40.354,C3:00:00:63:4D:08,-62,127,6.0,2.5,1.5
1784195800397,2026-07-16 11:56:40.397,C3:00:00:63:4D:07,-63,127,6.0,2.5,1.5
1784195800405,2026-07-16 11:56:40.405,C3:00:00:63:4D:05,-56,127,6.0,2.5,1.5
1784195800421,2026-07-16 11:56:40.421,C3:00:00:63:4D:04,-56,127,6.0,2.5,1.5
1784195800423,2026-07-16 11:56:40.423,C3:00:00:63:4D:0A,-58,127,6.0,2.5,1.5
1784195800436,2026-07-16 11:56:40.436,C3:00:00:63:4D:09,-60,127,6.0,2.5,1.5
1784195800446,2026-07-16 11:56:40.446,C3:00:00:63:4D:08,-56,127,6.0,2.5,1.5
1784195800457,2026-07-16 11:56:40.457,C3:00:00:63:4C:D2,-55,127,6.0,2.5,1.5
1784195800477,2026-07-16 11:56:40.477,C3:00:00:63:4C:D2,-55,127,6.0,2.5,1.5
1784195800512,2026-07-16 11:56:40.512,C3:00:00:63:4D:07,-62,127,6.0,2.5,1.5
1784195800516,2026-07-16 11:56:40.516,C3:00:00:63:4D:0D,-61,127,6.0,2.5,1.5
1784195800520,2026-07-16 11:56:40.520,C3:00:00:63:4D:05,-55,127,6.0,2.5,1.5
1784195800528,2026-07-16 11:56:40.528,C3:00:00:63:4D:0A,-68,127,6.0,2.5,1.5
1784195800534,2026-07-16 11:56:40.534,C3:00:00:63:4D:07,-62,127,6.0,2.5,1.5
1784195800556,2026-07-16 11:56:40.556,C3:00:00:63:4D:08,-55,127,6.0,2.5,1.5
1784195800568,2026-07-16 11:56:40.568,C3:00:00:63:4C:D2,-55,127,6.0,2.5,1.5
1784195800631,2026-07-16 11:56:40.631,C3:00:00:63:4D:0A,-73,127,6.0,2.5,1.5
1784195800636,2026-07-16 11:56:40.636,C3:00:00:63:4D:0D,-61,127,6.0,2.5,1.5
1784195800644,2026-07-16 11:56:40.644,C3:00:00:63:4D:04,-56,127,6.0,2.5,1.5
1784195800655,2026-07-16 11:56:40.655,C3:00:00:63:4D:08,-62,127,6.0,2.5,1.5
1784195800663,2026-07-16 11:56:40.663,C3:00:00:63:4D:09,-60,127,6.0,2.5,1.5
1784195800683,2026-07-16 11:56:40.683,C3:00:00:63:4C:D2,-66,127,6.0,2.5,1.5
1784195800714,2026-07-16 11:56:40.714,C3:00:00:63:4D:0A,-59,127,6.0,2.5,1.5
1784195800735,2026-07-16 11:56:40.735,C3:00:00:63:4D:05,-56,127,6.0,2.5,1.5
1784195800742,2026-07-16 11:56:40.742,C3:00:00:63:4D:0D,-61,127,6.0,2.5,1.5
1784195800753,2026-07-16 11:56:40.753,C3:00:00:63:4D:07,-62,127,6.0,2.5,1.5
1784195800758,2026-07-16 11:56:40.758,C3:00:00:63:4D:04,-64,127,6.0,2.5,1.5
1784195800761,2026-07-16 11:56:40.761,C3:00:00:63:4D:05,-56,127,6.0,2.5,1.5
1784195800767,2026-07-16 11:56:40.767,C3:00:00:63:4D:09,-75,127,6.0,2.5,1.5
1784195800792,2026-07-16 11:56:40.792,C3:00:00:63:4C:D2,-55,127,6.0,2.5,1.5
1784195800798,2026-07-16 11:56:40.798,C3:00:00:63:4D:0D,-61,127,6.0,2.5,1.5
1784195800837,2026-07-16 11:56:40.837,C3:00:00:63:4D:0A,-68,127,6.0,2.5,1.5
1784195800856,2026-07-16 11:56:40.856,C3:00:00:63:4D:08,-55,127,6.0,2.5,1.5
1784195800860,2026-07-16 11:56:40.860,C3:00:00:63:4D:0D,-61,127,6.0,2.5,1.5
1784195800868,2026-07-16 11:56:40.868,C3:00:00:63:4D:04,-58,127,6.0,2.5,1.5
1784195800886,2026-07-16 11:56:40.886,C3:00:00:63:4D:09,-62,127,6.0,2.5,1.5
1784195800889,2026-07-16 11:56:40.889,C3:00:00:63:4D:04,-59,127,6.0,2.5,1.5
1784195800931,2026-07-16 11:56:40.931,C3:00:00:63:4C:D2,-55,127,6.0,2.5,1.5
1784195800936,2026-07-16 11:56:40.936,C3:00:00:63:4D:0A,-74,127,6.0,2.5,1.5
1784195800954,2026-07-16 11:56:40.954,C3:00:00:63:4D:08,-62,127,6.0,2.5,1.5
1784195800958,2026-07-16 11:56:40.958,C3:00:00:63:4D:05,-56,127,6.0,2.5,1.5
1784195800990,2026-07-16 11:56:40.990,C3:00:00:63:4D:04,-56,127,6.0,2.5,1.5
1784195800995,2026-07-16 11:56:40.995,C3:00:00:63:4D:09,-61,127,6.0,2.5,1.5
1784195801017,2026-07-16 11:56:41.017,C3:00:00:63:4C:D2,-66,127,6.0,2.5,1.5
1784195801043,2026-07-16 11:56:41.043,C3:00:00:63:4D:08,-56,127,6.0,2.5,1.5
1784195801048,2026-07-16 11:56:41.048,C3:00:00:63:4D:0A,-68,127,6.0,2.5,1.5
1784195801061,2026-07-16 11:56:41.061,C3:00:00:63:4D:05,-55,127,6.0,2.5,1.5
1784195801084,2026-07-16 11:56:41.084,C3:00:00:63:4D:0D,-61,127,6.0,2.5,1.5
1784195801090,2026-07-16 11:56:41.090,C3:00:00:63:4D:07,-62,127,6.0,2.5,1.5
1784195801100,2026-07-16 11:56:41.100,C3:00:00:63:4D:04,-64,127,6.0,2.5,1.5
1784195801131,2026-07-16 11:56:41.131,C3:00:00:63:4D:0A,-75,127,6.0,2.5,1.5
1784195801147,2026-07-16 11:56:41.147,C3:00:00:63:4D:08,-54,127,6.0,2.5,1.5
1784195801169,2026-07-16 11:56:41.169,C3:00:00:63:4D:05,-54,127,6.0,2.5,1.5
1784195801203,2026-07-16 11:56:41.203,C3:00:00:63:4D:0D,-61,127,6.0,2.5,1.5
1784195801209,2026-07-16 11:56:41.209,C3:00:00:63:4D:07,-73,127,6.0,2.5,1.5
1784195801214,2026-07-16 11:56:41.214,C3:00:00:63:4D:04,-59,127,6.0,2.5,1.5
1784195801219,2026-07-16 11:56:41.219,C3:00:00:63:4D:09,-62,127,6.0,2.5,1.5
1784195801243,2026-07-16 11:56:41.243,C3:00:00:63:4C:D2,-66,127,6.0,2.5,1.5
1784195801251,2026-07-16 11:56:41.251,C3:00:00:63:4D:08,-62,127,6.0,2.5,1.5
1784195801255,2026-07-16 11:56:41.255,C3:00:00:63:4D:0A,-58,127,6.0,2.5,1.5
1784195801286,2026-07-16 11:56:41.286,C3:00:00:63:4D:05,-56,127,6.0,2.5,1.5
1784195801317,2026-07-16 11:56:41.317,C3:00:00:63:4D:07,-63,127,6.0,2.5,1.5
1784195801357,2026-07-16 11:56:41.357,C3:00:00:63:4D:0A,-68,127,6.0,2.5,1.5
1784195801391,2026-07-16 11:56:41.391,C3:00:00:63:4D:05,-55,127,6.0,2.5,1.5
1784195801421,2026-07-16 11:56:41.421,C3:00:00:63:4D:0D,-62,127,6.0,2.5,1.5
1784195801428,2026-07-16 11:56:41.428,C3:00:00:63:4D:09,-75,127,6.0,2.5,1.5
1784195801432,2026-07-16 11:56:41.432,C3:00:00:63:4D:07,-61,127,6.0,2.5,1.5
1784195801453,2026-07-16 11:56:41.453,C3:00:00:63:4D:08,-55,127,6.0,2.5,1.5
1784195801467,2026-07-16 11:56:41.467,C3:00:00:63:4C:D2,-55,127,6.0,2.5,1.5
1784195801472,2026-07-16 11:56:41.472,C3:00:00:63:4D:09,-62,127,6.0,2.5,1.5
1784195801508,2026-07-16 11:56:41.508,C3:00:00:63:4D:05,-54,127,6.0,2.5,1.5
1784195801550,2026-07-16 11:56:41.550,C3:00:00:63:4D:07,-61,127,6.0,2.5,1.5
1784195801558,2026-07-16 11:56:41.558,C3:00:00:63:4D:0D,-79,127,6.0,2.5,1.5
1784195801563,2026-07-16 11:56:41.563,C3:00:00:63:4D:08,-62,127,6.0,2.5,1.5
1784195801567,2026-07-16 11:56:41.567,C3:00:00:63:4D:09,-60,127,6.0,2.5,1.5
1784195801572,2026-07-16 11:56:41.572,C3:00:00:63:4D:0A,-58,127,6.0,2.5,1.5
1784195801577,2026-07-16 11:56:41.577,C3:00:00:63:4D:04,-56,127,6.0,2.5,1.5
1784195801580,2026-07-16 11:56:41.580,C3:00:00:63:4C:D2,-66,127,6.0,2.5,1.5
1784195801615,2026-07-16 11:56:41.615,C3:00:00:63:4D:05,-54,127,6.0,2.5,1.5
1784195801648,2026-07-16 11:56:41.648,C3:00:00:63:4D:09,-82,127,6.0,2.5,1.5
1784195801653,2026-07-16 11:56:41.653,C3:00:00:63:4D:08,-56,127,6.0,2.5,1.5
1784195801668,2026-07-16 11:56:41.668,C3:00:00:63:4D:0A,-68,127,6.0,2.5,1.5
1784195801695,2026-07-16 11:56:41.695,C3:00:00:63:4C:D2,-55,127,6.0,2.5,1.5
1784195801718,2026-07-16 11:56:41.718,C3:00:00:63:4D:05,-55,127,6.0,2.5,1.5
1784195801722,2026-07-16 11:56:41.722,C3:00:00:63:4C:D2,-55,127,6.0,2.5,1.5
1784195801755,2026-07-16 11:56:41.755,C3:00:00:63:4D:08,-55,127,6.0,2.5,1.5
1784195801758,2026-07-16 11:56:41.758,C3:00:00:63:4D:05,-54,127,6.0,2.5,1.5
1784195801766,2026-07-16 11:56:41.766,C3:00:00:63:4D:0A,-74,127,6.0,2.5,1.5
1784195801780,2026-07-16 11:56:41.780,C3:00:00:63:4D:0D,-61,127,6.0,2.5,1.5
1784195801785,2026-07-16 11:56:41.785,C3:00:00:63:4D:09,-62,127,6.0,2.5,1.5
1784195801792,2026-07-16 11:56:41.792,C3:00:00:63:4D:04,-58,127,6.0,2.5,1.5
1784195801799,2026-07-16 11:56:41.799,C3:00:00:63:4C:D2,-55,127,6.0,2.5,1.5
1784195801836,2026-07-16 11:56:41.836,C3:00:00:63:4D:05,-54,127,6.0,2.5,1.5
1784195801850,2026-07-16 11:56:41.850,C3:00:00:63:4D:08,-62,127,6.0,2.5,1.5
1784195801875,2026-07-16 11:56:41.875,C3:00:00:63:4D:0A,-58,127,6.0,2.5,1.5
1784195801894,2026-07-16 11:56:41.894,C3:00:00:63:4D:07,-63,127,6.0,2.5,1.5
1784195801900,2026-07-16 11:56:41.900,C3:00:00:63:4D:05,-63,127,6.0,2.5,1.5
1784195801901,2026-07-16 11:56:41.901,C3:00:00:63:4D:0D,-75,127,6.0,2.5,1.5
1784195801903,2026-07-16 11:56:41.903,C3:00:00:63:4D:09,-61,127,6.0,2.5,1.5
1784195801908,2026-07-16 11:56:41.908,C3:00:00:63:4D:04,-56,127,6.0,2.5,1.5
1784195801915,2026-07-16 11:56:41.915,C3:00:00:63:4C:D2,-65,127,6.0,2.5,1.5
1784195801947,2026-07-16 11:56:41.947,C3:00:00:63:4D:05,-55,127,6.0,2.5,1.5
1784195801949,2026-07-16 11:56:41.949,C3:00:00:63:4D:08,-56,127,6.0,2.5,1.5
1784195801971,2026-07-16 11:56:41.971,C3:00:00:63:4D:04,-64,127,6.0,2.5,1.5
1784195801987,2026-07-16 11:56:41.987,C3:00:00:63:4D:0A,-68,127,6.0,2.5,1.5
1784195802003,2026-07-16 11:56:42.003,C3:00:00:63:4D:09,-74,127,6.0,2.5,1.5
1784195802049,2026-07-16 11:56:42.049,C3:00:00:63:4D:08,-55,127,6.0,2.5,1.5
1784195802052,2026-07-16 11:56:42.052,C3:00:00:63:4D:05,-54,127,6.0,2.5,1.5
1784195802124,2026-07-16 11:56:42.124,C3:00:00:63:4D:09,-62,127,6.0,2.5,1.5
1784195802130,2026-07-16 11:56:42.130,C3:00:00:63:4D:0D,-60,127,6.0,2.5,1.5
1784195802135,2026-07-16 11:56:42.135,C3:00:00:63:4D:07,-71,127,6.0,2.5,1.5
1784195802140,2026-07-16 11:56:42.140,C3:00:00:63:4C:D2,-55,127,6.0,2.5,1.5
1784195802144,2026-07-16 11:56:42.144,C3:00:00:63:4D:04,-59,127,6.0,2.5,1.5
1784195802153,2026-07-16 11:56:42.153,C3:00:00:63:4D:08,-62,127,6.0,2.5,1.5
1784195802167,2026-07-16 11:56:42.167,C3:00:00:63:4D:05,-54,127,6.0,2.5,1.5
1784195802172,2026-07-16 11:56:42.172,C3:00:00:63:4D:07,-62,127,6.0,2.5,1.5
1784195802186,2026-07-16 11:56:42.186,C3:00:00:63:4D:0A,-58,127,6.0,2.5,1.5
1784195802239,2026-07-16 11:56:42.239,C3:00:00:63:4D:0D,-80,127,6.0,2.5,1.5
1784195802244,2026-07-16 11:56:42.244,C3:00:00:63:4D:09,-60,127,6.0,2.5,1.5
1784195802250,2026-07-16 11:56:42.250,C3:00:00:63:4D:07,-61,127,6.0,2.5,1.5
1784195802260,2026-07-16 11:56:42.260,C3:00:00:63:4C:D2,-54,127,6.0,2.5,1.5
1784195802263,2026-07-16 11:56:42.263,C3:00:00:63:4D:08,-58,127,6.0,2.5,1.5
1784195802265,2026-07-16 11:56:42.265,C3:00:00:63:4D:04,-64,127,6.0,2.5,1.5
1784195802275,2026-07-16 11:56:42.275,C3:00:00:63:4D:08,-56,127,6.0,2.5,1.5
1784195802292,2026-07-16 11:56:42.292,C3:00:00:63:4D:0A,-68,127,6.0,2.5,1.5
1784195802314,2026-07-16 11:56:42.314,C3:00:00:63:4D:05,-55,127,6.0,2.5,1.5
1784195802324,2026-07-16 11:56:42.324,C3:00:00:63:4D:0A,-68,127,6.0,2.5,1.5
1784195802353,2026-07-16 11:56:42.353,C3:00:00:63:4D:07,-74,127,6.0,2.5,1.5
1784195802357,2026-07-16 11:56:42.357,C3:00:00:63:4D:0D,-61,127,6.0,2.5,1.5
1784195802362,2026-07-16 11:56:42.362,C3:00:00:63:4D:04,-58,127,6.0,2.5,1.5
1784195802366,2026-07-16 11:56:42.366,C3:00:00:63:4C:D2,-55,127,6.0,2.5,1.5
1784195802385,2026-07-16 11:56:42.385,C3:00:00:63:4D:05,-54,127,6.0,2.5,1.5
1784195802393,2026-07-16 11:56:42.393,C3:00:00:63:4D:0A,-74,127,6.0,2.5,1.5
1784195802459,2026-07-16 11:56:42.459,C3:00:00:63:4D:08,-62,127,6.0,2.5,1.5
1784195802464,2026-07-16 11:56:42.464,C3:00:00:63:4D:09,-61,127,6.0,2.5,1.5
1784195802472,2026-07-16 11:56:42.472,C3:00:00:63:4D:0D,-75,127,6.0,2.5,1.5
1784195802476,2026-07-16 11:56:42.476,C3:00:00:63:4C:D2,-66,127,6.0,2.5,1.5
1784195802492,2026-07-16 11:56:42.492,C3:00:00:63:4D:04,-56,127,6.0,2.5,1.5
1784195802495,2026-07-16 11:56:42.495,C3:00:00:63:4D:05,-56,127,6.0,2.5,1.5
1784195802553,2026-07-16 11:56:42.553,C3:00:00:63:4D:08,-56,127,6.0,2.5,1.5
1784195802602,2026-07-16 11:56:42.602,C3:00:00:63:4D:0A,-68,127,6.0,2.5,1.5
1784195802655,2026-07-16 11:56:42.655,C3:00:00:63:4D:08,-55,127,6.0,2.5,1.5
1784195802691,2026-07-16 11:56:42.691,C3:00:00:63:4D:09,-62,127,6.0,2.5,1.5
1784195802699,2026-07-16 11:56:42.699,C3:00:00:63:4D:07,-74,127,6.0,2.5,1.5
1784195802703,2026-07-16 11:56:42.703,C3:00:00:63:4C:D2,-55,127,6.0,2.5,1.5
1784195802715,2026-07-16 11:56:42.715,C3:00:00:63:4D:0A,-74,127,6.0,2.5,1.5
1784195802720,2026-07-16 11:56:42.720,C3:00:00:63:4D:04,-58,127,6.0,2.5,1.5
1784195802723,2026-07-16 11:56:42.723,C3:00:00:63:4D:05,-54,127,6.0,2.5,1.5
1784195802755,2026-07-16 11:56:42.755,C3:00:00:63:4D:08,-62,127,6.0,2.5,1.5
1784195802778,2026-07-16 11:56:42.778,C3:00:00:63:4D:05,-56,127,6.0,2.5,1.5
1784195802802,2026-07-16 11:56:42.802,C3:00:00:63:4D:0D,-75,127,6.0,2.5,1.5
1784195802806,2026-07-16 11:56:42.806,C3:00:00:63:4D:09,-61,127,6.0,2.5,1.5
1784195802814,2026-07-16 11:56:42.814,C3:00:00:63:4D:07,-61,127,6.0,2.5,1.5
1784195802829,2026-07-16 11:56:42.829,C3:00:00:63:4D:0D,-80,127,6.0,2.5,1.5
1784195802832,2026-07-16 11:56:42.832,C3:00:00:63:4D:05,-54,127,6.0,2.5,1.5
1784195802838,2026-07-16 11:56:42.838,C3:00:00:63:4D:04,-56,127,6.0,2.5,1.5
1784195802850,2026-07-16 11:56:42.850,C3:00:00:63:4D:08,-58,127,6.0,2.5,1.5
1784195802917,2026-07-16 11:56:42.917,C3:00:00:63:4D:0A,-68,127,6.0,2.5,1.5
1784195802924,2026-07-16 11:56:42.924,C3:00:00:63:4D:0D,-61,127,6.0,2.5,1.5
1784195802930,2026-07-16 11:56:42.930,C3:00:00:63:4D:07,-62,127,6.0,2.5,1.5
1784195802935,2026-07-16 11:56:42.935,C3:00:00:63:4D:05,-55,127,6.0,2.5,1.5
1784195802944,2026-07-16 11:56:42.944,C3:00:00:63:4C:D2,-55,127,6.0,2.5,1.5
1784195802956,2026-07-16 11:56:42.956,C3:00:00:63:4D:08,-55,127,6.0,2.5,1.5
1784195803023,2026-07-16 11:56:43.023,C3:00:00:63:4D:0A,-74,127,6.0,2.5,1.5
1784195803048,2026-07-16 11:56:43.048,C3:00:00:63:4D:05,-54,127,6.0,2.5,1.5
1784195803056,2026-07-16 11:56:43.056,C3:00:00:63:4D:09,-61,127,6.0,2.5,1.5
1784195803129,2026-07-16 11:56:43.129,C3:00:00:63:4D:0A,-58,127,6.0,2.5,1.5
1784195803157,2026-07-16 11:56:43.157,C3:00:00:63:4D:0D,-61,127,6.0,2.5,1.5
1784195803164,2026-07-16 11:56:43.164,C3:00:00:63:4D:07,-62,127,6.0,2.5,1.5
1784195803168,2026-07-16 11:56:43.168,C3:00:00:63:4D:04,-63,127,6.0,2.5,1.5
1784195803228,2026-07-16 11:56:43.228,C3:00:00:63:4D:04,-64,127,6.0,2.5,1.5
1784195803234,2026-07-16 11:56:43.234,C3:00:00:63:4D:0A,-68,127,6.0,2.5,1.5
1784195803241,2026-07-16 11:56:43.241,C3:00:00:63:4D:08,-55,127,6.0,2.5,1.5
1784195803253,2026-07-16 11:56:43.253,C3:00:00:63:4D:09,-62,127,6.0,2.5,1.5
1784195803262,2026-07-16 11:56:43.262,C3:00:00:63:4C:D2,-55,127,6.0,2.5,1.5
1784195803266,2026-07-16 11:56:43.266,C3:00:00:63:4D:05,-54,127,6.0,2.5,1.5
1784195803292,2026-07-16 11:56:43.292,C3:00:00:63:4D:04,-58,127,6.0,2.5,1.5
1784195803333,2026-07-16 11:56:43.333,C3:00:00:63:4D:0A,-74,127,6.0,2.5,1.5
1784195803364,2026-07-16 11:56:43.364,C3:00:00:63:4D:09,-61,127,6.0,2.5,1.5
1784195803372,2026-07-16 11:56:43.372,C3:00:00:63:4D:05,-55,127,6.0,2.5,1.5
1784195803389,2026-07-16 11:56:43.389,C3:00:00:63:4D:07,-63,127,6.0,2.5,1.5
1784195803393,2026-07-16 11:56:43.393,C3:00:00:63:4D:0D,-75,127,6.0,2.5,1.5
1784195803435,2026-07-16 11:56:43.435,C3:00:00:63:4D:0D,-76,127,6.0,2.5,1.5
1784195803452,2026-07-16 11:56:43.452,C3:00:00:63:4D:08,-56,127,6.0,2.5,1.5
1784195803457,2026-07-16 11:56:43.457,C3:00:00:63:4D:09,-75,127,6.0,2.5,1.5
1784195803479,2026-07-16 11:56:43.479,C3:00:00:63:4D:09,-74,127,6.0,2.5,1.5
1784195803481,2026-07-16 11:56:43.481,C3:00:00:63:4D:05,-55,127,6.0,2.5,1.5
1784195803484,2026-07-16 11:56:43.484,C3:00:00:63:4C:D2,-55,127,6.0,2.5,1.5
1784195803497,2026-07-16 11:56:43.497,C3:00:00:63:4D:0D,-61,127,6.0,2.5,1.5
1784195803506,2026-07-16 11:56:43.506,C3:00:00:63:4D:07,-62,127,6.0,2.5,1.5
1784195803522,2026-07-16 11:56:43.522,C3:00:00:63:4D:04,-64,127,6.0,2.5,1.5
1784195803533,2026-07-16 11:56:43.533,C3:00:00:63:4D:0A,-68,127,6.0,2.5,1.5
1784195803545,2026-07-16 11:56:43.545,C3:00:00:63:4D:08,-55,127,6.0,2.5,1.5
1784195803602,2026-07-16 11:56:43.602,C3:00:00:63:4D:05,-54,127,6.0,2.5,1.5
1784195803604,2026-07-16 11:56:43.604,C3:00:00:63:4C:D2,-55,127,6.0,2.5,1.5
1784195803617,2026-07-16 11:56:43.617,C3:00:00:63:4D:07,-73,127,6.0,2.5,1.5
1784195803622,2026-07-16 11:56:43.622,C3:00:00:63:4D:0D,-61,127,6.0,2.5,1.5
1784195803629,2026-07-16 11:56:43.629,C3:00:00:63:4C:D2,-62,127,6.0,2.5,1.5
1784195803632,2026-07-16 11:56:43.632,C3:00:00:63:4D:04,-58,127,6.0,2.5,1.5
1784195803648,2026-07-16 11:56:43.648,C3:00:00:63:4D:08,-62,127,6.0,2.5,1.5
1784195803701,2026-07-16 11:56:43.701,C3:00:00:63:4D:05,-56,127,6.0,2.5,1.5
1784195803709,2026-07-16 11:56:43.709,C3:00:00:63:4D:09,-61,127,6.0,2.5,1.5
1784195803715,2026-07-16 11:56:43.715,C3:00:00:63:4C:D2,-65,127,6.0,2.5,1.5
1784195803720,2026-07-16 11:56:43.720,C3:00:00:63:4D:0D,-73,127,6.0,2.5,1.5
1784195803737,2026-07-16 11:56:43.737,C3:00:00:63:4D:0D,-74,127,6.0,2.5,1.5
1784195803742,2026-07-16 11:56:43.742,C3:00:00:63:4C:D2,-66,127,6.0,2.5,1.5
1784195803748,2026-07-16 11:56:43.748,C3:00:00:63:4D:08,-58,127,6.0,2.5,1.5
1784195803768,2026-07-16 11:56:43.768,C3:00:00:63:4D:05,-55,127,6.0,2.5,1.5
1784195803817,2026-07-16 11:56:43.817,C3:00:00:63:4D:09,-74,127,6.0,2.5,1.5
1784195803820,2026-07-16 11:56:43.820,C3:00:00:63:4D:05,-56,127,6.0,2.5,1.5
1784195803824,2026-07-16 11:56:43.824,C3:00:00:63:4C:D2,-54,127,6.0,2.5,1.5
1784195803846,2026-07-16 11:56:43.846,C3:00:00:63:4D:08,-55,127,6.0,2.5,1.5
1784195803854,2026-07-16 11:56:43.854,C3:00:00:63:4D:0D,-60,127,6.0,2.5,1.5
1784195803927,2026-07-16 11:56:43.927,C3:00:00:63:4D:05,-54,127,6.0,2.5,1.5
1784195803931,2026-07-16 11:56:43.931,C3:00:00:63:4C:D2,-55,127,6.0,2.5,1.5
1784195803936,2026-07-16 11:56:43.936,C3:00:00:63:4D:09,-62,127,6.0,2.5,1.5
1784195803952,2026-07-16 11:56:43.952,C3:00:00:63:4D:08,-62,127,6.0,2.5,1.5
1784195803956,2026-07-16 11:56:43.956,C3:00:00:63:4D:0A,-58,127,6.0,2.5,1.5
1784195803978,2026-07-16 11:56:43.978,C3:00:00:63:4D:07,-62,127,6.0,2.5,1.5
1784195803988,2026-07-16 11:56:43.988,C3:00:00:63:4D:04,-56,127,6.0,2.5,1.5
1784195804052,2026-07-16 11:56:44.052,C3:00:00:63:4D:09,-74,127,6.0,2.5,1.5
1784195804100,2026-07-16 11:56:44.100,C3:00:00:63:4D:04,-65,127,6.0,2.5,1.5
1784195804105,2026-07-16 11:56:44.105,C3:00:00:63:4D:08,-58,127,6.0,2.5,1.5
1784195804150,2026-07-16 11:56:44.150,C3:00:00:63:4D:07,-70,127,6.0,2.5,1.5
1784195804170,2026-07-16 11:56:44.170,C3:00:00:63:4D:07,-70,127,6.0,2.5,1.5
1784195804196,2026-07-16 11:56:44.196,C3:00:00:63:4D:07,-72,127,6.0,2.5,1.5
1784195804202,2026-07-16 11:56:44.202,C3:00:00:63:4D:04,-65,127,6.0,2.5,1.5
1784195804255,2026-07-16 11:56:44.255,C3:00:00:63:4D:05,-56,127,6.0,2.5,1.5
1784195804279,2026-07-16 11:56:44.279,C3:00:00:63:4D:0A,-58,127,6.0,2.5,1.5
1784195804282,2026-07-16 11:56:44.282,C3:00:00:63:4C:D2,-66,127,6.0,2.5,1.5
1784195804286,2026-07-16 11:56:44.286,C3:00:00:63:4D:09,-61,127,6.0,2.5,1.5
1784195804289,2026-07-16 11:56:44.289,C3:00:00:63:4D:08,-62,127,6.0,2.5,1.5
1784195804316,2026-07-16 11:56:44.316,C3:00:00:63:4D:0D,-74,127,6.0,2.5,1.5
1784195804323,2026-07-16 11:56:44.323,C3:00:00:63:4D:08,-62,127,6.0,2.5,1.5
1784195804331,2026-07-16 11:56:44.331,C3:00:00:63:4D:04,-56,127,6.0,2.5,1.5
1784195804336,2026-07-16 11:56:44.336,C3:00:00:63:4D:07,-71,127,6.0,2.5,1.5
1784195804348,2026-07-16 11:56:44.348,C3:00:00:63:4D:08,-56,127,6.0,2.5,1.5
1784195804371,2026-07-16 11:56:44.371,C3:00:00:63:4D:0A,-67,127,6.0,2.5,1.5
1784195804379,2026-07-16 11:56:44.379,C3:00:00:63:4D:09,-74,127,6.0,2.5,1.5
1784195804443,2026-07-16 11:56:44.443,C3:00:00:63:4D:04,-64,127,6.0,2.5,1.5
1784195804454,2026-07-16 11:56:44.454,C3:00:00:63:4D:08,-55,127,6.0,2.5,1.5
1784195804480,2026-07-16 11:56:44.480,C3:00:00:63:4D:0A,-74,127,6.0,2.5,1.5
1784195804501,2026-07-16 11:56:44.501,C3:00:00:63:4D:09,-62,127,6.0,2.5,1.5
1784195804539,2026-07-16 11:56:44.539,C3:00:00:63:4D:0D,-61,127,6.0,2.5,1.5
1784195804546,2026-07-16 11:56:44.546,C3:00:00:63:4D:07,-63,127,6.0,2.5,1.5
1784195804551,2026-07-16 11:56:44.551,C3:00:00:63:4D:08,-62,127,6.0,2.5,1.5
1784195804566,2026-07-16 11:56:44.566,C3:00:00:63:4D:07,-64,127,6.0,2.5,1.5
1784195804687,2026-07-16 11:56:44.687,C3:00:00:63:4D:0A,-67,127,6.0,2.5,1.5
1784195804694,2026-07-16 11:56:44.694,C3:00:00:63:4D:05,-55,127,6.0,2.5,1.5
1784195804720,2026-07-16 11:56:44.720,C3:00:00:63:4C:D2,-55,127,6.0,2.5,1.5
1784195804728,2026-07-16 11:56:44.728,C3:00:00:63:4D:09,-74,127,6.0,2.5,1.5
1784195804746,2026-07-16 11:56:44.746,C3:00:00:63:4D:08,-55,127,6.0,2.5,1.5
1784195804770,2026-07-16 11:56:44.770,C3:00:00:63:4D:0D,-61,127,6.0,2.5,1.5
1784195804781,2026-07-16 11:56:44.781,C3:00:00:63:4D:0A,-74,127,6.0,2.5,1.5
1784195804791,2026-07-16 11:56:44.791,C3:00:00:63:4D:04,-58,127,6.0,2.5,1.5
1784195804796,2026-07-16 11:56:44.796,C3:00:00:63:4D:05,-54,127,6.0,2.5,1.5
1784195804812,2026-07-16 11:56:44.812,C3:00:00:63:4D:05,-54,127,6.0,2.5,1.5
1784195804823,2026-07-16 11:56:44.823,C3:00:00:63:4C:D2,-55,127,6.0,2.5,1.5
1784195804832,2026-07-16 11:56:44.832,C3:00:00:63:4D:09,-62,127,6.0,2.5,1.5
1784195804889,2026-07-16 11:56:44.889,C3:00:00:63:4D:0D,-81,127,6.0,2.5,1.5
1784195804894,2026-07-16 11:56:44.894,C3:00:00:63:4D:07,-62,127,6.0,2.5,1.5
1784195804908,2026-07-16 11:56:44.908,C3:00:00:63:4D:0A,-58,127,6.0,2.5,1.5
1784195804912,2026-07-16 11:56:44.912,C3:00:00:63:4D:04,-56,127,6.0,2.5,1.5
1784195804917,2026-07-16 11:56:44.917,C3:00:00:63:4D:05,-54,127,6.0,2.5,1.5
1784195804941,2026-07-16 11:56:44.941,C3:00:00:63:4C:D2,-54,127,6.0,2.5,1.5
1784195804944,2026-07-16 11:56:44.944,C3:00:00:63:4D:09,-74,127,6.0,2.5,1.5
1784195804947,2026-07-16 11:56:44.947,C3:00:00:63:4D:08,-58,127,6.0,2.5,1.5
1784195805002,2026-07-16 11:56:45.002,C3:00:00:63:4D:07,-61,127,6.0,2.5,1.5
1784195805005,2026-07-16 11:56:45.005,C3:00:00:63:4D:0D,-61,127,6.0,2.5,1.5
1784195805015,2026-07-16 11:56:45.015,C3:00:00:63:4D:04,-65,127,6.0,2.5,1.5
1784195805027,2026-07-16 11:56:45.027,C3:00:00:63:4D:05,-56,127,6.0,2.5,1.5
1784195805052,2026-07-16 11:56:45.052,C3:00:00:63:4D:08,-55,127,6.0,2.5,1.5
1784195805063,2026-07-16 11:56:45.063,C3:00:00:63:4D:09,-61,127,6.0,2.5,1.5
1784195805117,2026-07-16 11:56:45.117,C3:00:00:63:4D:0D,-60,127,6.0,2.5,1.5
1784195805120,2026-07-16 11:56:45.120,C3:00:00:63:4D:07,-71,127,6.0,2.5,1.5
1784195805129,2026-07-16 11:56:45.129,C3:00:00:63:4D:04,-59,127,6.0,2.5,1.5
1784195805139,2026-07-16 11:56:45.139,C3:00:00:63:4D:05,-54,127,6.0,2.5,1.5
1784195805142,2026-07-16 11:56:45.142,C3:00:00:63:4D:0A,-81,127,6.0,2.5,1.5
1784195805148,2026-07-16 11:56:45.148,C3:00:00:63:4D:08,-62,127,6.0,2.5,1.5
1784195805206,2026-07-16 11:56:45.206,C3:00:00:63:4D:0A,-58,127,6.0,2.5,1.5
1784195805238,2026-07-16 11:56:45.238,C3:00:00:63:4D:05,-56,127,6.0,2.5,1.5
1784195805245,2026-07-16 11:56:45.245,C3:00:00:63:4D:08,-56,127,6.0,2.5,1.5
1784195805270,2026-07-16 11:56:45.270,C3:00:00:63:4C:D2,-55,127,6.0,2.5,1.5
1784195805280,2026-07-16 11:56:45.280,C3:00:00:63:4D:09,-74,127,6.0,2.5,1.5
1784195805354,2026-07-16 11:56:45.354,C3:00:00:63:4D:05,-54,127,6.0,2.5,1.5
1784195805359,2026-07-16 11:56:45.359,C3:00:00:63:4D:04,-58,127,6.0,2.5,1.5
1784195805416,2026-07-16 11:56:45.416,C3:00:00:63:4D:0A,-74,127,6.0,2.5,1.5
1784195805458,2026-07-16 11:56:45.458,C3:00:00:63:4D:09,-62,127,6.0,2.5,1.5
1784195805467,2026-07-16 11:56:45.467,C3:00:00:63:4D:07,-63,127,6.0,2.5,1.5
1784195805483,2026-07-16 11:56:45.483,C3:00:00:63:4D:09,-61,127,6.0,2.5,1.5
1784195805503,2026-07-16 11:56:45.503,C3:00:00:63:4C:D2,-66,127,6.0,2.5,1.5
1784195805512,2026-07-16 11:56:45.512,C3:00:00:63:4D:09,-61,127,6.0,2.5,1.5
1784195805544,2026-07-16 11:56:45.544,C3:00:00:63:4D:08,-56,127,6.0,2.5,1.5
1784195805571,2026-07-16 11:56:45.571,C3:00:00:63:4D:07,-61,127,6.0,2.5,1.5
1784195805574,2026-07-16 11:56:45.574,C3:00:00:63:4D:0D,-61,127,6.0,2.5,1.5
1784195805621,2026-07-16 11:56:45.621,C3:00:00:63:4D:0A,-66,127,6.0,2.5,1.5
1784195805645,2026-07-16 11:56:45.645,C3:00:00:63:4D:08,-55,127,6.0,2.5,1.5
1784195805691,2026-07-16 11:56:45.691,C3:00:00:63:4D:07,-71,127,6.0,2.5,1.5
1784195805723,2026-07-16 11:56:45.723,C3:00:00:63:4D:0A,-73,127,6.0,2.5,1.5
1784195805752,2026-07-16 11:56:45.752,C3:00:00:63:4D:08,-61,127,6.0,2.5,1.5
1784195805784,2026-07-16 11:56:45.784,C3:00:00:63:4D:05,-56,127,6.0,2.5,1.5
1784195805808,2026-07-16 11:56:45.808,C3:00:00:63:4D:07,-63,127,6.0,2.5,1.5
1784195805829,2026-07-16 11:56:45.829,C3:00:00:63:4D:0A,-58,127,6.0,2.5,1.5
1784195805851,2026-07-16 11:56:45.851,C3:00:00:63:4D:08,-58,127,6.0,2.5,1.5
1784195805892,2026-07-16 11:56:45.892,C3:00:00:63:4D:05,-64,127,6.0,2.5,1.5
1784195805918,2026-07-16 11:56:45.918,C3:00:00:63:4D:05,-56,127,6.0,2.5,1.5
1784195805924,2026-07-16 11:56:45.924,C3:00:00:63:4D:0D,-61,127,6.0,2.5,1.5
1784195805944,2026-07-16 11:56:45.944,C3:00:00:63:4C:D2,-55,127,6.0,2.5,1.5
1784195805949,2026-07-16 11:56:45.949,C3:00:00:63:4D:08,-55,127,6.0,2.5,1.5
1784195806018,2026-07-16 11:56:46.018,C3:00:00:63:4D:05,-54,127,6.0,2.5,1.5
1784195806044,2026-07-16 11:56:46.044,C3:00:00:63:4D:08,-61,127,6.0,2.5,1.5
1784195806050,2026-07-16 11:56:46.050,C3:00:00:63:4D:04,-56,127,6.0,2.5,1.5
1784195806063,2026-07-16 11:56:46.063,C3:00:00:63:4C:D2,-66,127,6.0,2.5,1.5
1784195806083,2026-07-16 11:56:46.083,C3:00:00:63:4D:09,-60,127,6.0,2.5,1.5
1784195806125,2026-07-16 11:56:46.125,C3:00:00:63:4D:05,-56,127,6.0,2.5,1.5
1784195806143,2026-07-16 11:56:46.143,C3:00:00:63:4D:0A,-58,127,6.0,2.5,1.5
1784195806148,2026-07-16 11:56:46.148,C3:00:00:63:4D:0D,-61,127,6.0,2.5,1.5
1784195806152,2026-07-16 11:56:46.152,C3:00:00:63:4D:08,-56,127,6.0,2.5,1.5
1784195806156,2026-07-16 11:56:46.156,C3:00:00:63:4D:07,-62,127,6.0,2.5,1.5
1784195806167,2026-07-16 11:56:46.167,C3:00:00:63:4D:04,-64,127,6.0,2.5,1.5
1784195806170,2026-07-16 11:56:46.170,C3:00:00:63:4C:D2,-55,127,6.0,2.5,1.5
1784195806176,2026-07-16 11:56:46.176,C3:00:00:63:4D:07,-62,127,6.0,2.5,1.5
1784195806184,2026-07-16 11:56:46.184,C3:00:00:63:4D:07,-62,127,6.0,2.5,1.5
1784195806235,2026-07-16 11:56:46.235,C3:00:00:63:4D:05,-55,127,6.0,2.5,1.5
1784195806243,2026-07-16 11:56:46.243,C3:00:00:63:4D:0A,-74,127,6.0,2.5,1.5
1784195806248,2026-07-16 11:56:46.248,C3:00:00:63:4D:08,-55,127,6.0,2.5,1.5
1784195806268,2026-07-16 11:56:46.268,C3:00:00:63:4D:0D,-61,127,6.0,2.5,1.5
1784195806279,2026-07-16 11:56:46.279,C3:00:00:63:4D:04,-58,127,6.0,2.5,1.5
1784195806283,2026-07-16 11:56:46.283,C3:00:00:63:4C:D2,-55,127,6.0,2.5,1.5
1784195806285,2026-07-16 11:56:46.285,C3:00:00:63:4D:08,-55,127,6.0,2.5,1.5
1784195806298,2026-07-16 11:56:46.298,C3:00:00:63:4D:09,-62,127,6.0,2.5,1.5
1784195806330,2026-07-16 11:56:46.330,C3:00:00:63:4D:05,-55,127,6.0,2.5,1.5
1784195806336,2026-07-16 11:56:46.336,C3:00:00:63:4D:0A,-74,127,6.0,2.5,1.5
1784195806358,2026-07-16 11:56:46.358,C3:00:00:63:4D:0A,-58,127,6.0,2.5,1.5
1784195806382,2026-07-16 11:56:46.382,C3:00:00:63:4D:0D,-75,127,6.0,2.5,1.5
1784195806397,2026-07-16 11:56:46.397,C3:00:00:63:4C:D2,-66,127,6.0,2.5,1.5
1784195806403,2026-07-16 11:56:46.403,C3:00:00:63:4D:04,-56,127,6.0,2.5,1.5
1784195806420,2026-07-16 11:56:46.420,C3:00:00:63:4D:09,-61,127,6.0,2.5,1.5
1784195806503,2026-07-16 11:56:46.503,C3:00:00:63:4C:D2,-55,127,6.0,2.5,1.5
1784195806559,2026-07-16 11:56:46.559,C3:00:00:63:4D:0A,-74,127,6.0,2.5,1.5
1784195806566,2026-07-16 11:56:46.566,C3:00:00:63:4D:05,-54,127,6.0,2.5,1.5
1784195806613,2026-07-16 11:56:46.613,C3:00:00:63:4D:0D,-61,127,6.0,2.5,1.5
1784195806625,2026-07-16 11:56:46.625,C3:00:00:63:4C:D2,-55,127,6.0,2.5,1.5
1784195806630,2026-07-16 11:56:46.630,C3:00:00:63:4D:04,-58,127,6.0,2.5,1.5
1784195806646,2026-07-16 11:56:46.646,C3:00:00:63:4D:09,-61,127,6.0,2.5,1.5
1784195806649,2026-07-16 11:56:46.649,C3:00:00:63:4D:08,-62,127,6.0,2.5,1.5
1784195806676,2026-07-16 11:56:46.676,C3:00:00:63:4D:05,-56,127,6.0,2.5,1.5
1784195806727,2026-07-16 11:56:46.727,C3:00:00:63:4D:07,-63,127,6.0,2.5,1.5
1784195806747,2026-07-16 11:56:46.747,C3:00:00:63:4D:08,-56,127,6.0,2.5,1.5
1784195806765,2026-07-16 11:56:46.765,C3:00:00:63:4D:0A,-67,127,6.0,2.5,1.5
1784195806782,2026-07-16 11:56:46.782,C3:00:00:63:4D:05,-55,127,6.0,2.5,1.5
1784195806796,2026-07-16 11:56:46.796,C3:00:00:63:4D:0A,-67,127,6.0,2.5,1.5
1784195806840,2026-07-16 11:56:46.840,C3:00:00:63:4D:0D,-61,127,6.0,2.5,1.5
1784195806845,2026-07-16 11:56:46.845,C3:00:00:63:4D:07,-74,127,6.0,2.5,1.5
1784195806861,2026-07-16 11:56:46.861,C3:00:00:63:4D:04,-58,127,6.0,2.5,1.5
1784195806863,2026-07-16 11:56:46.863,C3:00:00:63:4D:0A,-74,127,6.0,2.5,1.5
1784195806897,2026-07-16 11:56:46.897,C3:00:00:63:4D:05,-54,127,6.0,2.5,1.5
1784195806956,2026-07-16 11:56:46.956,C3:00:00:63:4D:0D,-75,127,6.0,2.5,1.5
1784195806966,2026-07-16 11:56:46.966,C3:00:00:63:4D:04,-56,127,6.0,2.5,1.5
1784195806969,2026-07-16 11:56:46.969,C3:00:00:63:4D:0A,-58,127,6.0,2.5,1.5
1784195807002,2026-07-16 11:56:47.002,C3:00:00:63:4D:05,-56,127,6.0,2.5,1.5
1784195807040,2026-07-16 11:56:47.040,C3:00:00:63:4D:09,-61,127,6.0,2.5,1.5
1784195807047,2026-07-16 11:56:47.047,C3:00:00:63:4D:08,-56,127,6.0,2.5,1.5
1784195807064,2026-07-16 11:56:47.064,C3:00:00:63:4C:D2,-55,127,6.0,2.5,1.5
1784195807068,2026-07-16 11:56:47.068,C3:00:00:63:4D:0D,-61,127,6.0,2.5,1.5
1784195807070,2026-07-16 11:56:47.070,C3:00:00:63:4D:07,-62,127,6.0,2.5,1.5
1784195807072,2026-07-16 11:56:47.072,C3:00:00:63:4D:0A,-67,127,6.0,2.5,1.5
1784195807079,2026-07-16 11:56:47.079,C3:00:00:63:4D:04,-63,127,6.0,2.5,1.5
1784195807096,2026-07-16 11:56:47.096,C3:00:00:63:4D:09,-74,127,6.0,2.5,1.5
1784195807184,2026-07-16 11:56:47.184,C3:00:00:63:4C:D2,-55,127,6.0,2.5,1.5
1784195807196,2026-07-16 11:56:47.196,C3:00:00:63:4D:04,-59,127,6.0,2.5,1.5
1784195807223,2026-07-16 11:56:47.223,C3:00:00:63:4D:05,-54,127,6.0,2.5,1.5
1784195807252,2026-07-16 11:56:47.252,C3:00:00:63:4D:08,-61,127,6.0,2.5,1.5
1784195807290,2026-07-16 11:56:47.290,C3:00:00:63:4C:D2,-67,127,6.0,2.5,1.5
1784195807324,2026-07-16 11:56:47.324,C3:00:00:63:4D:09,-60,127,6.0,2.5,1.5
1784195807336,2026-07-16 11:56:47.336,C3:00:00:63:4D:05,-54,127,6.0,2.5,1.5
1784195807384,2026-07-16 11:56:47.384,C3:00:00:63:4D:0A,-66,127,6.0,2.5,1.5
1784195807411,2026-07-16 11:56:47.411,C3:00:00:63:4C:D2,-55,127,6.0,2.5,1.5
1784195807416,2026-07-16 11:56:47.416,C3:00:00:63:4D:0D,-61,127,6.0,2.5,1.5
1784195807422,2026-07-16 11:56:47.422,C3:00:00:63:4D:07,-61,127,6.0,2.5,1.5
1784195807429,2026-07-16 11:56:47.429,C3:00:00:63:4D:04,-66,127,6.0,2.5,1.5
1784195807437,2026-07-16 11:56:47.437,C3:00:00:63:4D:05,-56,127,6.0,2.5,1.5
1784195807446,2026-07-16 11:56:47.446,C3:00:00:63:4D:0D,-61,127,6.0,2.5,1.5
1784195807453,2026-07-16 11:56:47.453,C3:00:00:63:4D:08,-55,127,6.0,2.5,1.5
1784195807472,2026-07-16 11:56:47.472,C3:00:00:63:4D:09,-62,127,6.0,2.5,1.5
1784195807521,2026-07-16 11:56:47.521,C3:00:00:63:4C:D2,-55,127,6.0,2.5,1.5
1784195807539,2026-07-16 11:56:47.539,C3:00:00:63:4D:0D,-60,127,6.0,2.5,1.5
1784195807544,2026-07-16 11:56:47.544,C3:00:00:63:4D:04,-56,127,6.0,2.5,1.5
1784195807550,2026-07-16 11:56:47.550,C3:00:00:63:4D:09,-60,127,6.0,2.5,1.5
1784195807620,2026-07-16 11:56:47.620,C3:00:00:63:4D:08,-70,127,6.0,2.5,1.5
1784195807698,2026-07-16 11:56:47.698,C3:00:00:63:4D:0A,-66,127,6.0,2.5,1.5
1784195807743,2026-07-16 11:56:47.743,C3:00:00:63:4D:08,-55,127,6.0,2.5,1.5
1784195807754,2026-07-16 11:56:47.754,C3:00:00:63:4D:07,-71,127,6.0,2.5,1.5
1784195807767,2026-07-16 11:56:47.767,C3:00:00:63:4D:0D,-60,127,6.0,2.5,1.5
1784195807772,2026-07-16 11:56:47.772,C3:00:00:63:4C:D2,-55,127,6.0,2.5,1.5
1784195807777,2026-07-16 11:56:47.777,C3:00:00:63:4D:09,-62,127,6.0,2.5,1.5
1784195807779,2026-07-16 11:56:47.779,C3:00:00:63:4D:05,-54,127,6.0,2.5,1.5
1784195807781,2026-07-16 11:56:47.781,C3:00:00:63:4D:04,-59,127,6.0,2.5,1.5
1784195807790,2026-07-16 11:56:47.790,C3:00:00:63:4D:05,-54,127,6.0,2.5,1.5
1784195807853,2026-07-16 11:56:47.853,C3:00:00:63:4D:08,-61,127,6.0,2.5,1.5
1784195807857,2026-07-16 11:56:47.857,C3:00:00:63:4C:D2,-67,127,6.0,2.5,1.5
1784195807874,2026-07-16 11:56:47.874,C3:00:00:63:4D:07,-62,127,6.0,2.5,1.5
1784195807881,2026-07-16 11:56:47.881,C3:00:00:63:4D:05,-54,127,6.0,2.5,1.5
1784195807885,2026-07-16 11:56:47.885,C3:00:00:63:4D:09,-60,127,6.0,2.5,1.5
1784195807892,2026-07-16 11:56:47.892,C3:00:00:63:4D:04,-56,127,6.0,2.5,1.5
1784195807918,2026-07-16 11:56:47.918,C3:00:00:63:4D:0A,-58,127,6.0,2.5,1.5
1784195807967,2026-07-16 11:56:47.967,C3:00:00:63:4C:D2,-54,127,6.0,2.5,1.5
1784195807973,2026-07-16 11:56:47.973,C3:00:00:63:4D:04,-65,127,6.0,2.5,1.5
1784195807985,2026-07-16 11:56:47.985,C3:00:00:63:4D:07,-61,127,6.0,2.5,1.5
1784195807997,2026-07-16 11:56:47.997,C3:00:00:63:4D:05,-56,127,6.0,2.5,1.5
1784195808000,2026-07-16 11:56:48.000,C3:00:00:63:4D:09,-73,127,6.0,2.5,1.5
1784195808005,2026-07-16 11:56:48.005,C3:00:00:63:4D:04,-64,127,6.0,2.5,1.5
1784195808016,2026-07-16 11:56:48.016,C3:00:00:63:4D:0A,-66,127,6.0,2.5,1.5
1784195808046,2026-07-16 11:56:48.046,C3:00:00:63:4D:08,-55,127,6.0,2.5,1.5
1784195808078,2026-07-16 11:56:48.078,C3:00:00:63:4C:D2,-54,127,6.0,2.5,1.5
1784195808105,2026-07-16 11:56:48.105,C3:00:00:63:4D:05,-54,127,6.0,2.5,1.5
1784195808109,2026-07-16 11:56:48.109,C3:00:00:63:4D:09,-62,127,6.0,2.5,1.5
1784195808115,2026-07-16 11:56:48.115,C3:00:00:63:4D:08,-55,127,6.0,2.5,1.5
1784195808120,2026-07-16 11:56:48.120,C3:00:00:63:4D:04,-59,127,6.0,2.5,1.5
1784195808145,2026-07-16 11:56:48.145,C3:00:00:63:4D:08,-61,127,6.0,2.5,1.5
1784195808176,2026-07-16 11:56:48.176,C3:00:00:63:4D:07,-62,127,6.0,2.5,1.5
1784195808198,2026-07-16 11:56:48.198,C3:00:00:63:4D:07,-62,127,6.0,2.5,1.5
1784195808211,2026-07-16 11:56:48.211,C3:00:00:63:4D:05,-54,127,6.0,2.5,1.5
1784195808229,2026-07-16 11:56:48.229,C3:00:00:63:4D:0D,-78,127,6.0,2.5,1.5
1784195808297,2026-07-16 11:56:48.297,C3:00:00:63:4D:08,-58,127,6.0,2.5,1.5
1784195808327,2026-07-16 11:56:48.327,C3:00:00:63:4D:0A,-66,127,6.0,2.5,1.5
1784195808331,2026-07-16 11:56:48.331,C3:00:00:63:4D:08,-58,127,6.0,2.5,1.5
1784195808338,2026-07-16 11:56:48.338,C3:00:00:63:4D:0D,-61,127,6.0,2.5,1.5
1784195808356,2026-07-16 11:56:48.356,C3:00:00:63:4D:07,-80,127,6.0,2.5,1.5
1784195808413,2026-07-16 11:56:48.413,C3:00:00:63:4C:D2,-55,127,6.0,2.5,1.5
1784195808427,2026-07-16 11:56:48.427,C3:00:00:63:4D:0A,-72,127,6.0,2.5,1.5
1784195808444,2026-07-16 11:56:48.444,C3:00:00:63:4D:05,-54,127,6.0,2.5,1.5
1784195808459,2026-07-16 11:56:48.459,C3:00:00:63:4D:09,-60,127,6.0,2.5,1.5
1784195808462,2026-07-16 11:56:48.462,C3:00:00:63:4D:04,-56,127,6.0,2.5,1.5
1784195808479,2026-07-16 11:56:48.479,C3:00:00:63:4C:D2,-66,127,6.0,2.5,1.5
1784195808526,2026-07-16 11:56:48.526,C3:00:00:63:4C:D2,-66,127,6.0,2.5,1.5
1784195808535,2026-07-16 11:56:48.535,C3:00:00:63:4D:0A,-58,127,6.0,2.5,1.5
1784195808555,2026-07-16 11:56:48.555,C3:00:00:63:4D:07,-61,127,6.0,2.5,1.5
1784195808566,2026-07-16 11:56:48.566,C3:00:00:63:4D:0D,-61,127,6.0,2.5,1.5
1784195808568,2026-07-16 11:56:48.568,C3:00:00:63:4D:09,-73,127,6.0,2.5,1.5
1784195808575,2026-07-16 11:56:48.575,C3:00:00:63:4D:07,-61,127,6.0,2.5,1.5
1784195808578,2026-07-16 11:56:48.578,C3:00:00:63:4D:04,-64,127,6.0,2.5,1.5
1784195808582,2026-07-16 11:56:48.582,C3:00:00:63:4D:0D,-69,127,6.0,2.5,1.5
1784195808639,2026-07-16 11:56:48.639,C3:00:00:63:4D:0A,-66,127,6.0,2.5,1.5
1784195808644,2026-07-16 11:56:48.644,C3:00:00:63:4C:D2,-54,127,6.0,2.5,1.5
1784195808658,2026-07-16 11:56:48.658,C3:00:00:63:4D:08,-55,127,6.0,2.5,1.5
1784195808660,2026-07-16 11:56:48.660,C3:00:00:63:4D:05,-54,127,6.0,2.5,1.5
1784195808675,2026-07-16 11:56:48.675,C3:00:00:63:4D:09,-62,127,6.0,2.5,1.5
1784195808683,2026-07-16 11:56:48.683,C3:00:00:63:4D:0D,-61,127,6.0,2.5,1.5
1784195808690,2026-07-16 11:56:48.690,C3:00:00:63:4D:07,-74,127,6.0,2.5,1.5
1784195808692,2026-07-16 11:56:48.692,C3:00:00:63:4D:04,-58,127,6.0,2.5,1.5
1784195808746,2026-07-16 11:56:48.746,C3:00:00:63:4C:D2,-66,127,6.0,2.5,1.5
1784195808763,2026-07-16 11:56:48.763,C3:00:00:63:4D:0A,-58,127,6.0,2.5,1.5
1784195808791,2026-07-16 11:56:48.791,C3:00:00:63:4D:09,-61,127,6.0,2.5,1.5
1784195808796,2026-07-16 11:56:48.796,C3:00:00:63:4D:0D,-74,127,6.0,2.5,1.5
1784195808811,2026-07-16 11:56:48.811,C3:00:00:63:4D:04,-56,127,6.0,2.5,1.5
1784195808815,2026-07-16 11:56:48.815,C3:00:00:63:4D:05,-56,127,6.0,2.5,1.5
1784195808847,2026-07-16 11:56:48.847,C3:00:00:63:4D:0A,-67,127,6.0,2.5,1.5
1784195808852,2026-07-16 11:56:48.852,C3:00:00:63:4D:08,-56,127,6.0,2.5,1.5
1784195808861,2026-07-16 11:56:48.861,C3:00:00:63:4C:D2,-55,127,6.0,2.5,1.5
1784195808874,2026-07-16 11:56:48.874,C3:00:00:63:4D:05,-55,127,6.0,2.5,1.5
1784195808914,2026-07-16 11:56:48.914,C3:00:00:63:4D:04,-64,127,6.0,2.5,1.5
1784195808938,2026-07-16 11:56:48.938,C3:00:00:63:4D:04,-64,127,6.0,2.5,1.5
1784195808979,2026-07-16 11:56:48.979,C3:00:00:63:4C:D2,-55,127,6.0,2.5,1.5
1784195808984,2026-07-16 11:56:48.984,C3:00:00:63:4D:05,-54,127,6.0,2.5,1.5
1784195808990,2026-07-16 11:56:48.990,C3:00:00:63:4C:D2,-56,127,6.0,2.5,1.5
1784195809044,2026-07-16 11:56:49.044,C3:00:00:63:4D:04,-56,127,6.0,2.5,1.5
1784195809086,2026-07-16 11:56:49.086,C3:00:00:63:4C:D2,-66,127,6.0,2.5,1.5
1784195809093,2026-07-16 11:56:49.093,C3:00:00:63:4D:05,-54,127,6.0,2.5,1.5
1784195809127,2026-07-16 11:56:49.127,C3:00:00:63:4D:09,-60,127,6.0,2.5,1.5
1784195809147,2026-07-16 11:56:49.147,C3:00:00:63:4D:0D,-79,127,6.0,2.5,1.5
1784195809149,2026-07-16 11:56:49.149,C3:00:00:63:4D:0A,-74,127,6.0,2.5,1.5
1784195809152,2026-07-16 11:56:49.152,C3:00:00:63:4D:08,-58,127,6.0,2.5,1.5
1784195809153,2026-07-16 11:56:49.153,C3:00:00:63:4D:04,-64,127,6.0,2.5,1.5
1784195809195,2026-07-16 11:56:49.195,C3:00:00:63:4C:D2,-54,127,6.0,2.5,1.5
1784195809201,2026-07-16 11:56:49.201,C3:00:00:63:4D:05,-56,127,6.0,2.5,1.5
1784195809249,2026-07-16 11:56:49.249,C3:00:00:63:4D:08,-55,127,6.0,2.5,1.5
1784195809255,2026-07-16 11:56:49.255,C3:00:00:63:4D:04,-59,127,6.0,2.5,1.5
1784195809260,2026-07-16 11:56:49.260,C3:00:00:63:4D:0D,-59,127,6.0,2.5,1.5
1784195809278,2026-07-16 11:56:49.278,C3:00:00:63:4D:04,-59,127,6.0,2.5,1.5
1784195809305,2026-07-16 11:56:49.305,C3:00:00:63:4C:D2,-55,127,6.0,2.5,1.5
1784195809311,2026-07-16 11:56:49.311,C3:00:00:63:4D:05,-54,127,6.0,2.5,1.5
1784195809343,2026-07-16 11:56:49.343,C3:00:00:63:4D:08,-61,127,6.0,2.5,1.5
1784195809358,2026-07-16 11:56:49.358,C3:00:00:63:4D:09,-60,127,6.0,2.5,1.5
1784195809364,2026-07-16 11:56:49.364,C3:00:00:63:4D:0A,-58,127,6.0,2.5,1.5
1784195809388,2026-07-16 11:56:49.388,C3:00:00:63:4D:04,-56,127,6.0,2.5,1.5
1784195809419,2026-07-16 11:56:49.419,C3:00:00:63:4C:D2,-66,127,6.0,2.5,1.5
1784195809423,2026-07-16 11:56:49.423,C3:00:00:63:4D:05,-54,127,6.0,2.5,1.5
1784195809447,2026-07-16 11:56:49.447,C3:00:00:63:4D:08,-58,127,6.0,2.5,1.5
1784195809474,2026-07-16 11:56:49.474,C3:00:00:63:4D:09,-74,127,6.0,2.5,1.5
1784195809480,2026-07-16 11:56:49.480,C3:00:00:63:4D:0A,-66,127,6.0,2.5,1.5
1784195809492,2026-07-16 11:56:49.492,C3:00:00:63:4D:07,-61,127,6.0,2.5,1.5
1784195809495,2026-07-16 11:56:49.495,C3:00:00:63:4D:09,-74,127,6.0,2.5,1.5
1784195809508,2026-07-16 11:56:49.508,C3:00:00:63:4D:09,-74,127,6.0,2.5,1.5
1784195809554,2026-07-16 11:56:49.554,C3:00:00:63:4D:08,-55,127,6.0,2.5,1.5
1784195809607,2026-07-16 11:56:49.607,C3:00:00:63:4D:0D,-60,127,6.0,2.5,1.5
1784195809610,2026-07-16 11:56:49.610,C3:00:00:63:4D:07,-72,127,6.0,2.5,1.5
1784195809615,2026-07-16 11:56:49.615,C3:00:00:63:4D:04,-59,127,6.0,2.5,1.5
1784195809640,2026-07-16 11:56:49.640,C3:00:00:63:4C:D2,-66,127,6.0,2.5,1.5
1784195809645,2026-07-16 11:56:49.645,C3:00:00:63:4D:08,-62,127,6.0,2.5,1.5
1784195809649,2026-07-16 11:56:49.649,C3:00:00:63:4D:05,-56,127,6.0,2.5,1.5
1784195809659,2026-07-16 11:56:49.659,C3:00:00:63:4D:09,-68,127,6.0,2.5,1.5
1784195809676,2026-07-16 11:56:49.676,C3:00:00:63:4D:0A,-58,127,6.0,2.5,1.5
1784195809697,2026-07-16 11:56:49.697,C3:00:00:63:4D:09,-60,127,6.0,2.5,1.5
1784195809719,2026-07-16 11:56:49.719,C3:00:00:63:4D:07,-61,127,6.0,2.5,1.5
1784195809737,2026-07-16 11:56:49.737,C3:00:00:63:4D:04,-56,127,6.0,2.5,1.5
1784195809760,2026-07-16 11:56:49.760,C3:00:00:63:4C:D2,-54,127,6.0,2.5,1.5
1784195809779,2026-07-16 11:56:49.779,C3:00:00:63:4D:0A,-66,127,6.0,2.5,1.5
1784195809791,2026-07-16 11:56:49.791,C3:00:00:63:4C:D2,-55,127,6.0,2.5,1.5
1784195809800,2026-07-16 11:56:49.800,C3:00:00:63:4D:09,-74,127,6.0,2.5,1.5
1784195809818,2026-07-16 11:56:49.818,C3:00:00:63:4D:05,-57,127,6.0,2.5,1.5
1784195809832,2026-07-16 11:56:49.832,C3:00:00:63:4D:0D,-61,127,6.0,2.5,1.5
1784195809845,2026-07-16 11:56:49.845,C3:00:00:63:4D:08,-55,127,6.0,2.5,1.5
1784195809870,2026-07-16 11:56:49.870,C3:00:00:63:4C:D2,-55,127,6.0,2.5,1.5
1784195809889,2026-07-16 11:56:49.889,C3:00:00:63:4D:0A,-73,127,6.0,2.5,1.5
1784195809922,2026-07-16 11:56:49.922,C3:00:00:63:4D:09,-62,127,6.0,2.5,1.5
1784195809945,2026-07-16 11:56:49.945,C3:00:00:63:4D:07,-62,127,6.0,2.5,1.5
1784195809950,2026-07-16 11:56:49.950,C3:00:00:63:4D:0D,-74,127,6.0,2.5,1.5
1784195809955,2026-07-16 11:56:49.955,C3:00:00:63:4D:08,-62,127,6.0,2.5,1.5
1784195809962,2026-07-16 11:56:49.962,C3:00:00:63:4D:04,-56,127,6.0,2.5,1.5
1784195809987,2026-07-16 11:56:49.987,C3:00:00:63:4C:D2,-66,127,6.0,2.5,1.5
1784195809991,2026-07-16 11:56:49.991,C3:00:00:63:4D:0A,-58,127,6.0,2.5,1.5
1784195810035,2026-07-16 11:56:50.035,C3:00:00:63:4D:09,-60,127,6.0,2.5,1.5
1784195810049,2026-07-16 11:56:50.049,C3:00:00:63:4D:08,-58,127,6.0,2.5,1.5
1784195810059,2026-07-16 11:56:50.059,C3:00:00:63:4D:0D,-61,127,6.0,2.5,1.5
1784195810076,2026-07-16 11:56:50.076,C3:00:00:63:4D:04,-64,127,6.0,2.5,1.5
1784195810084,2026-07-16 11:56:50.084,C3:00:00:63:4D:05,-56,127,6.0,2.5,1.5
1784195810096,2026-07-16 11:56:50.096,C3:00:00:63:4D:0A,-67,127,6.0,2.5,1.5
1784195810099,2026-07-16 11:56:50.099,C3:00:00:63:4C:D2,-54,127,6.0,2.5,1.5
1784195810122,2026-07-16 11:56:50.122,C3:00:00:63:4D:08,-58,127,6.0,2.5,1.5
1784195810148,2026-07-16 11:56:50.148,C3:00:00:63:4D:08,-55,127,6.0,2.5,1.5
1784195810156,2026-07-16 11:56:50.156,C3:00:00:63:4D:09,-61,127,6.0,2.5,1.5
1784195810186,2026-07-16 11:56:50.186,C3:00:00:63:4D:04,-59,127,6.0,2.5,1.5
1784195810190,2026-07-16 11:56:50.190,C3:00:00:63:4D:07,-71,127,6.0,2.5,1.5
1784195810195,2026-07-16 11:56:50.195,C3:00:00:63:4D:0A,-73,127,6.0,2.5,1.5
1784195810197,2026-07-16 11:56:50.197,C3:00:00:63:4D:05,-54,127,6.0,2.5,1.5
1784195810205,2026-07-16 11:56:50.205,C3:00:00:63:4C:D2,-55,127,6.0,2.5,1.5
1784195810257,2026-07-16 11:56:50.257,C3:00:00:63:4D:08,-62,127,6.0,2.5,1.5
1784195810260,2026-07-16 11:56:50.260,C3:00:00:63:4D:09,-60,127,6.0,2.5,1.5
1784195810342,2026-07-16 11:56:50.342,C3:00:00:63:4D:0A,-67,127,6.0,2.5,1.5
1784195810348,2026-07-16 11:56:50.348,C3:00:00:63:4D:08,-58,127,6.0,2.5,1.5
1784195810372,2026-07-16 11:56:50.372,C3:00:00:63:4D:09,-74,127,6.0,2.5,1.5
1784195810404,2026-07-16 11:56:50.404,C3:00:00:63:4D:07,-61,127,6.0,2.5,1.5
1784195810416,2026-07-16 11:56:50.416,C3:00:00:63:4D:05,-56,127,6.0,2.5,1.5
1784195810430,2026-07-16 11:56:50.430,C3:00:00:63:4D:04,-64,127,6.0,2.5,1.5
1784195810436,2026-07-16 11:56:50.436,C3:00:00:63:4C:D2,-54,127,6.0,2.5,1.5
1784195810449,2026-07-16 11:56:50.449,C3:00:00:63:4D:08,-55,127,6.0,2.5,1.5
1784195810485,2026-07-16 11:56:50.485,C3:00:00:63:4D:09,-62,127,6.0,2.5,1.5
1784195810510,2026-07-16 11:56:50.510,C3:00:00:63:4D:0A,-73,127,6.0,2.5,1.5
1784195810520,2026-07-16 11:56:50.520,C3:00:00:63:4D:05,-54,127,6.0,2.5,1.5
1784195810524,2026-07-16 11:56:50.524,C3:00:00:63:4D:0D,-60,127,6.0,2.5,1.5
1784195810528,2026-07-16 11:56:50.528,C3:00:00:63:4D:07,-71,127,6.0,2.5,1.5
1784195810540,2026-07-16 11:56:50.540,C3:00:00:63:4C:D2,-55,127,6.0,2.5,1.5
1784195810546,2026-07-16 11:56:50.546,C3:00:00:63:4D:08,-61,127,6.0,2.5,1.5
1784195810606,2026-07-16 11:56:50.606,C3:00:00:63:4D:09,-61,127,6.0,2.5,1.5
1784195810654,2026-07-16 11:56:50.654,C3:00:00:63:4D:04,-64,127,6.0,2.5,1.5
1784195810710,2026-07-16 11:56:50.710,C3:00:00:63:4D:09,-74,127,6.0,2.5,1.5
1784195810746,2026-07-16 11:56:50.746,C3:00:00:63:4D:05,-54,127,6.0,2.5,1.5
1784195810752,2026-07-16 11:56:50.752,C3:00:00:63:4D:08,-55,127,6.0,2.5,1.5
1784195810756,2026-07-16 11:56:50.756,C3:00:00:63:4D:0D,-60,127,6.0,2.5,1.5
1784195810763,2026-07-16 11:56:50.763,C3:00:00:63:4C:D2,-55,127,6.0,2.5,1.5
1784195810809,2026-07-16 11:56:50.809,C3:00:00:63:4D:0A,-74,127,6.0,2.5,1.5
1784195810829,2026-07-16 11:56:50.829,C3:00:00:63:4D:0A,-73,127,6.0,2.5,1.5
1784195810854,2026-07-16 11:56:50.854,C3:00:00:63:4D:08,-61,127,6.0,2.5,1.5
1784195810859,2026-07-16 11:56:50.859,C3:00:00:63:4D:05,-54,127,6.0,2.5,1.5
1784195810863,2026-07-16 11:56:50.863,C3:00:00:63:4D:0D,-76,127,6.0,2.5,1.5
1784195810869,2026-07-16 11:56:50.869,C3:00:00:63:4D:07,-61,127,6.0,2.5,1.5
1784195810883,2026-07-16 11:56:50.883,C3:00:00:63:4D:04,-56,127,6.0,2.5,1.5
1784195810985,2026-07-16 11:56:50.985,C3:00:00:63:4D:0D,-60,127,6.0,2.5,1.5
1784195810990,2026-07-16 11:56:50.990,C3:00:00:63:4D:07,-61,127,6.0,2.5,1.5
1784195811010,2026-07-16 11:56:51.010,C3:00:00:63:4C:D2,-55,127,6.0,2.5,1.5
1784195811032,2026-07-16 11:56:51.032,C3:00:00:63:4D:0A,-66,127,6.0,2.5,1.5
1784195811047,2026-07-16 11:56:51.047,C3:00:00:63:4D:08,-55,127,6.0,2.5,1.5
1784195811073,2026-07-16 11:56:51.073,C3:00:00:63:4D:09,-62,127,6.0,2.5,1.5
1784195811091,2026-07-16 11:56:51.091,C3:00:00:63:4D:07,-74,127,6.0,2.5,1.5
1784195811096,2026-07-16 11:56:51.096,C3:00:00:63:4D:0D,-60,127,6.0,2.5,1.5
1784195811103,2026-07-16 11:56:51.103,C3:00:00:63:4C:D2,-55,127,6.0,2.5,1.5
1784195811107,2026-07-16 11:56:51.107,C3:00:00:63:4D:04,-58,127,6.0,2.5,1.5
1784195811146,2026-07-16 11:56:51.146,C3:00:00:63:4D:08,-61,127,6.0,2.5,1.5
1784195811181,2026-07-16 11:56:51.181,C3:00:00:63:4D:05,-56,127,6.0,2.5,1.5
1784195811208,2026-07-16 11:56:51.208,C3:00:00:63:4D:07,-62,127,6.0,2.5,1.5
1784195811214,2026-07-16 11:56:51.214,C3:00:00:63:4C:D2,-66,127,6.0,2.5,1.5
1784195811230,2026-07-16 11:56:51.230,C3:00:00:63:4D:04,-55,127,6.0,2.5,1.5
1784195811232,2026-07-16 11:56:51.232,C3:00:00:63:4D:0A,-58,127,6.0,2.5,1.5
1784195811247,2026-07-16 11:56:51.247,C3:00:00:63:4D:08,-56,127,6.0,2.5,1.5
1784195811259,2026-07-16 11:56:51.259,C3:00:00:63:4D:04,-64,127,6.0,2.5,1.5
1784195811272,2026-07-16 11:56:51.272,C3:00:00:63:4D:09,-72,127,6.0,2.5,1.5
1784195811284,2026-07-16 11:56:51.284,C3:00:00:63:4D:05,-54,127,6.0,2.5,1.5
1784195811322,2026-07-16 11:56:51.322,C3:00:00:63:4D:0D,-61,127,6.0,2.5,1.5
1784195811329,2026-07-16 11:56:51.329,C3:00:00:63:4C:D2,-55,127,6.0,2.5,1.5
1784195811336,2026-07-16 11:56:51.336,C3:00:00:63:4D:04,-63,127,6.0,2.5,1.5
1784195811338,2026-07-16 11:56:51.338,C3:00:00:63:4D:0A,-67,127,6.0,2.5,1.5
1784195811344,2026-07-16 11:56:51.344,C3:00:00:63:4D:08,-55,127,6.0,2.5,1.5
1784195811386,2026-07-16 11:56:51.386,C3:00:00:63:4D:09,-62,127,6.0,2.5,1.5
1784195811440,2026-07-16 11:56:51.440,C3:00:00:63:4C:D2,-55,127,6.0,2.5,1.5
1784195811460,2026-07-16 11:56:51.460,C3:00:00:63:4D:08,-62,127,6.0,2.5,1.5
1784195811465,2026-07-16 11:56:51.465,C3:00:00:63:4D:04,-55,127,6.0,2.5,1.5
1784195811502,2026-07-16 11:56:51.502,C3:00:00:63:4D:09,-61,127,6.0,2.5,1.5
1784195811509,2026-07-16 11:56:51.509,C3:00:00:63:4D:05,-56,127,6.0,2.5,1.5
1784195811517,2026-07-16 11:56:51.517,C3:00:00:63:4D:09,-61,127,6.0,2.5,1.5
1784195811541,2026-07-16 11:56:51.541,C3:00:00:63:4D:09,-61,127,6.0,2.5,1.5
1784195811545,2026-07-16 11:56:51.545,C3:00:00:63:4D:08,-56,127,6.0,2.5,1.5
1784195811550,2026-07-16 11:56:51.550,C3:00:00:63:4D:0A,-67,127,6.0,2.5,1.5
1784195811557,2026-07-16 11:56:51.557,C3:00:00:63:4C:D2,-55,127,6.0,2.5,1.5
1784195811561,2026-07-16 11:56:51.561,C3:00:00:63:4D:0D,-62,127,6.0,2.5,1.5
1784195811619,2026-07-16 11:56:51.619,C3:00:00:63:4D:05,-55,127,6.0,2.5,1.5
1784195811623,2026-07-16 11:56:51.623,C3:00:00:63:4D:08,-64,127,6.0,2.5,1.5
1784195811642,2026-07-16 11:56:51.642,C3:00:00:63:4C:D2,-62,127,6.0,2.5,1.5
1784195811646,2026-07-16 11:56:51.646,C3:00:00:63:4D:08,-54,127,6.0,2.5,1.5
1784195811651,2026-07-16 11:56:51.651,C3:00:00:63:4D:0A,-75,127,6.0,2.5,1.5
1784195811663,2026-07-16 11:56:51.663,C3:00:00:63:4C:D2,-54,127,6.0,2.5,1.5
1784195811668,2026-07-16 11:56:51.668,C3:00:00:63:4D:0D,-60,127,6.0,2.5,1.5
1784195811680,2026-07-16 11:56:51.680,C3:00:00:63:4D:04,-58,127,6.0,2.5,1.5
1784195811733,2026-07-16 11:56:51.733,C3:00:00:63:4D:09,-61,127,6.0,2.5,1.5
1784195811740,2026-07-16 11:56:51.740,C3:00:00:63:4D:0D,-60,127,6.0,2.5,1.5
1784195811760,2026-07-16 11:56:51.760,C3:00:00:63:4D:0A,-58,127,6.0,2.5,1.5
1784195811772,2026-07-16 11:56:51.772,C3:00:00:63:4C:D2,-66,127,6.0,2.5,1.5
1784195811788,2026-07-16 11:56:51.788,C3:00:00:63:4D:0D,-69,127,6.0,2.5,1.5
1784195811806,2026-07-16 11:56:51.806,C3:00:00:63:4D:04,-56,127,6.0,2.5,1.5
1784195811827,2026-07-16 11:56:51.827,C3:00:00:63:4D:05,-54,127,6.0,2.5,1.5
1784195811843,2026-07-16 11:56:51.843,C3:00:00:63:4D:09,-60,127,6.0,2.5,1.5
1784195811846,2026-07-16 11:56:51.846,C3:00:00:63:4D:05,-56,127,6.0,2.5,1.5
1784195811887,2026-07-16 11:56:51.887,C3:00:00:63:4C:D2,-55,127,6.0,2.5,1.5
1784195811897,2026-07-16 11:56:51.897,C3:00:00:63:4D:0D,-61,127,6.0,2.5,1.5
1784195811916,2026-07-16 11:56:51.916,C3:00:00:63:4D:04,-64,127,6.0,2.5,1.5
1784195811947,2026-07-16 11:56:51.947,C3:00:00:63:4D:05,-54,127,6.0,2.5,1.5
1784195811952,2026-07-16 11:56:51.952,C3:00:00:63:4D:08,-55,127,6.0,2.5,1.5
1784195811959,2026-07-16 11:56:51.959,C3:00:00:63:4D:09,-61,127,6.0,2.5,1.5
1784195811973,2026-07-16 11:56:51.973,C3:00:00:63:4D:04,-58,127,6.0,2.5,1.5
1784195811996,2026-07-16 11:56:51.996,C3:00:00:63:4C:D2,-55,127,6.0,2.5,1.5
1784195812015,2026-07-16 11:56:52.015,C3:00:00:63:4D:0D,-60,127,6.0,2.5,1.5
1784195812023,2026-07-16 11:56:52.023,C3:00:00:63:4D:07,-78,127,6.0,2.5,1.5
1784195812044,2026-07-16 11:56:52.044,C3:00:00:63:4D:08,-61,127,6.0,2.5,1.5
1784195812061,2026-07-16 11:56:52.061,C3:00:00:63:4D:05,-56,127,6.0,2.5,1.5
1784195812071,2026-07-16 11:56:52.071,C3:00:00:63:4D:0A,-58,127,6.0,2.5,1.5
1784195812116,2026-07-16 11:56:52.116,C3:00:00:63:4C:D2,-65,127,6.0,2.5,1.5
1784195812134,2026-07-16 11:56:52.134,C3:00:00:63:4D:07,-62,127,6.0,2.5,1.5
1784195812139,2026-07-16 11:56:52.139,C3:00:00:63:4D:08,-61,127,6.0,2.5,1.5
1784195812157,2026-07-16 11:56:52.157,C3:00:00:63:4D:08,-56,127,6.0,2.5,1.5
1784195812166,2026-07-16 11:56:52.166,C3:00:00:63:4D:05,-55,127,6.0,2.5,1.5
1784195812178,2026-07-16 11:56:52.178,C3:00:00:63:4D:0A,-67,127,6.0,2.5,1.5
1784195812207,2026-07-16 11:56:52.207,C3:00:00:63:4D:07,-63,127,6.0,2.5,1.5
1784195812225,2026-07-16 11:56:52.225,C3:00:00:63:4C:D2,-55,127,6.0,2.5,1.5
1784195812238,2026-07-16 11:56:52.238,C3:00:00:63:4D:04,-71,127,6.0,2.5,1.5
1784195812244,2026-07-16 11:56:52.244,C3:00:00:63:4D:0D,-60,127,6.0,2.5,1.5
1784195812249,2026-07-16 11:56:52.249,C3:00:00:63:4D:07,-80,127,6.0,2.5,1.5
1784195812256,2026-07-16 11:56:52.256,C3:00:00:63:4D:08,-55,127,6.0,2.5,1.5
1784195812258,2026-07-16 11:56:52.258,C3:00:00:63:4D:04,-58,127,6.0,2.5,1.5
1784195812280,2026-07-16 11:56:52.280,C3:00:00:63:4D:05,-55,127,6.0,2.5,1.5
1784195812287,2026-07-16 11:56:52.287,C3:00:00:63:4D:09,-61,127,6.0,2.5,1.5
1784195812332,2026-07-16 11:56:52.332,C3:00:00:63:4C:D2,-55,127,6.0,2.5,1.5
1784195812352,2026-07-16 11:56:52.352,C3:00:00:63:4D:07,-70,127,6.0,2.5,1.5
1784195812360,2026-07-16 11:56:52.360,C3:00:00:63:4D:08,-61,127,6.0,2.5,1.5
1784195812364,2026-07-16 11:56:52.364,C3:00:00:63:4D:07,-62,127,6.0,2.5,1.5
1784195812382,2026-07-16 11:56:52.382,C3:00:00:63:4D:0A,-59,127,6.0,2.5,1.5
1784195812388,2026-07-16 11:56:52.388,C3:00:00:63:4D:05,-56,127,6.0,2.5,1.5
1784195812406,2026-07-16 11:56:52.406,C3:00:00:63:4D:09,-61,127,6.0,2.5,1.5
1784195812447,2026-07-16 11:56:52.447,C3:00:00:63:4C:D2,-55,127,6.0,2.5,1.5
1784195812450,2026-07-16 11:56:52.450,C3:00:00:63:4D:08,-56,127,6.0,2.5,1.5
1784195812468,2026-07-16 11:56:52.468,C3:00:00:63:4D:0D,-61,127,6.0,2.5,1.5
1784195812472,2026-07-16 11:56:52.472,C3:00:00:63:4D:07,-63,127,6.0,2.5,1.5
1784195812489,2026-07-16 11:56:52.489,C3:00:00:63:4D:0A,-67,127,6.0,2.5,1.5
1784195812492,2026-07-16 11:56:52.492,C3:00:00:63:4D:04,-64,127,6.0,2.5,1.5
1784195812494,2026-07-16 11:56:52.494,C3:00:00:63:4C:D2,-55,127,6.0,2.5,1.5
1784195812497,2026-07-16 11:56:52.497,C3:00:00:63:4D:05,-55,127,6.0,2.5,1.5
1784195812547,2026-07-16 11:56:52.547,C3:00:00:63:4D:08,-54,127,6.0,2.5,1.5
1784195812572,2026-07-16 11:56:52.572,C3:00:00:63:4D:07,-76,127,6.0,2.5,1.5
1784195812592,2026-07-16 11:56:52.592,C3:00:00:63:4D:0D,-60,127,6.0,2.5,1.5
1784195812596,2026-07-16 11:56:52.596,C3:00:00:63:4D:07,-76,127,6.0,2.5,1.5
1784195812607,2026-07-16 11:56:52.607,C3:00:00:63:4D:04,-58,127,6.0,2.5,1.5
1784195812633,2026-07-16 11:56:52.633,C3:00:00:63:4D:09,-61,127,6.0,2.5,1.5
1784195812669,2026-07-16 11:56:52.669,C3:00:00:63:4C:D2,-66,127,6.0,2.5,1.5
1784195812702,2026-07-16 11:56:52.702,C3:00:00:63:4D:07,-61,127,6.0,2.5,1.5
1784195812712,2026-07-16 11:56:52.712,C3:00:00:63:4D:0D,-68,127,6.0,2.5,1.5
1784195812728,2026-07-16 11:56:52.728,C3:00:00:63:4D:04,-55,127,6.0,2.5,1.5
1784195812732,2026-07-16 11:56:52.732,C3:00:00:63:4D:05,-54,127,6.0,2.5,1.5
1784195812749,2026-07-16 11:56:52.749,C3:00:00:63:4D:08,-58,127,6.0,2.5,1.5
1784195812768,2026-07-16 11:56:52.768,C3:00:00:63:4D:0A,-66,127,6.0,2.5,1.5
1784195812773,2026-07-16 11:56:52.773,C3:00:00:63:4C:D2,-54,127,6.0,2.5,1.5
1784195812796,2026-07-16 11:56:52.796,C3:00:00:63:4D:0A,-66,127,6.0,2.5,1.5
1784195812820,2026-07-16 11:56:52.820,C3:00:00:63:4D:0A,-66,127,6.0,2.5,1.5
1784195812830,2026-07-16 11:56:52.830,C3:00:00:63:4D:05,-56,127,6.0,2.5,1.5
1784195812897,2026-07-16 11:56:52.897,C3:00:00:63:4C:D2,-56,127,6.0,2.5,1.5
1784195812903,2026-07-16 11:56:52.903,C3:00:00:63:4D:0A,-76,127,6.0,2.5,1.5
1784195812926,2026-07-16 11:56:52.926,C3:00:00:63:4D:04,-58,127,6.0,2.5,1.5
1784195812930,2026-07-16 11:56:52.930,C3:00:00:63:4D:07,-79,127,6.0,2.5,1.5
1784195812934,2026-07-16 11:56:52.934,C3:00:00:63:4D:0D,-60,127,6.0,2.5,1.5
1784195812947,2026-07-16 11:56:52.947,C3:00:00:63:4D:08,-61,127,6.0,2.5,1.5
1784195812973,2026-07-16 11:56:52.973,C3:00:00:63:4D:09,-61,127,6.0,2.5,1.5
1784195813004,2026-07-16 11:56:53.004,C3:00:00:63:4C:D2,-66,127,6.0,2.5,1.5
1784195813010,2026-07-16 11:56:53.010,C3:00:00:63:4D:0A,-58,127,6.0,2.5,1.5
1784195813045,2026-07-16 11:56:53.045,C3:00:00:63:4D:08,-56,127,6.0,2.5,1.5
1784195813053,2026-07-16 11:56:53.053,C3:00:00:63:4D:07,-63,127,6.0,2.5,1.5
1784195813067,2026-07-16 11:56:53.067,C3:00:00:63:4D:04,-64,127,6.0,2.5,1.5
1784195813083,2026-07-16 11:56:53.083,C3:00:00:63:4D:09,-74,127,6.0,2.5,1.5
1784195813106,2026-07-16 11:56:53.106,C3:00:00:63:4D:0A,-67,127,6.0,2.5,1.5
1784195813112,2026-07-16 11:56:53.112,C3:00:00:63:4C:D2,-55,127,6.0,2.5,1.5
1784195813156,2026-07-16 11:56:53.156,C3:00:00:63:4D:08,-54,127,6.0,2.5,1.5
1784195813163,2026-07-16 11:56:53.163,C3:00:00:63:4D:05,-54,127,6.0,2.5,1.5
1784195813179,2026-07-16 11:56:53.179,C3:00:00:63:4D:0D,-60,127,6.0,2.5,1.5
1784195813186,2026-07-16 11:56:53.186,C3:00:00:63:4D:04,-58,127,6.0,2.5,1.5
1784195813237,2026-07-16 11:56:53.237,C3:00:00:63:4C:D2,-55,127,6.0,2.5,1.5
1784195813261,2026-07-16 11:56:53.261,C3:00:00:63:4D:08,-60,127,6.0,2.5,1.5
1784195813269,2026-07-16 11:56:53.269,C3:00:00:63:4D:05,-54,127,6.0,2.5,1.5
1784195813283,2026-07-16 11:56:53.283,C3:00:00:63:4D:04,-56,127,6.0,2.5,1.5
1784195813286,2026-07-16 11:56:53.286,C3:00:00:63:4D:07,-61,127,6.0,2.5,1.5
1784195813288,2026-07-16 11:56:53.288,C3:00:00:63:4D:0D,-68,127,6.0,2.5,1.5
1784195813312,2026-07-16 11:56:53.312,C3:00:00:63:4D:09,-60,127,6.0,2.5,1.5
1784195813324,2026-07-16 11:56:53.324,C3:00:00:63:4D:0A,-58,127,6.0,2.5,1.5
1784195813341,2026-07-16 11:56:53.341,C3:00:00:63:4C:D2,-66,127,6.0,2.5,1.5
1784195813378,2026-07-16 11:56:53.378,C3:00:00:63:4D:05,-57,127,6.0,2.5,1.5
1784195813389,2026-07-16 11:56:53.389,C3:00:00:63:4D:07,-62,127,6.0,2.5,1.5
1784195813400,2026-07-16 11:56:53.400,C3:00:00:63:4D:0D,-62,127,6.0,2.5,1.5
1784195813414,2026-07-16 11:56:53.414,C3:00:00:63:4D:04,-65,127,6.0,2.5,1.5
1784195813445,2026-07-16 11:56:53.445,C3:00:00:63:4D:0D,-60,127,6.0,2.5,1.5
1784195813451,2026-07-16 11:56:53.451,C3:00:00:63:4D:08,-54,127,6.0,2.5,1.5
1784195813490,2026-07-16 11:56:53.490,C3:00:00:63:4D:05,-54,127,6.0,2.5,1.5
1784195813518,2026-07-16 11:56:53.518,C3:00:00:63:4D:0D,-60,127,6.0,2.5,1.5
1784195813524,2026-07-16 11:56:53.524,C3:00:00:63:4D:09,-62,127,6.0,2.5,1.5
1784195813528,2026-07-16 11:56:53.528,C3:00:00:63:4D:04,-58,127,6.0,2.5,1.5
1784195813533,2026-07-16 11:56:53.533,C3:00:00:63:4D:0A,-76,127,6.0,2.5,1.5
1784195813539,2026-07-16 11:56:53.539,C3:00:00:63:4D:09,-62,127,6.0,2.5,1.5
1784195813607,2026-07-16 11:56:53.607,C3:00:00:63:4D:05,-54,127,6.0,2.5,1.5
1784195813625,2026-07-16 11:56:53.625,C3:00:00:63:4D:0A,-58,127,6.0,2.5,1.5
1784195813629,2026-07-16 11:56:53.629,C3:00:00:63:4D:07,-58,127,6.0,2.5,1.5
1784195813649,2026-07-16 11:56:53.649,C3:00:00:63:4D:04,-56,127,6.0,2.5,1.5
1784195813651,2026-07-16 11:56:53.651,C3:00:00:63:4D:09,-73,127,6.0,2.5,1.5
1784195813653,2026-07-16 11:56:53.653,C3:00:00:63:4D:08,-58,127,6.0,2.5,1.5
1784195813713,2026-07-16 11:56:53.713,C3:00:00:63:4D:05,-57,127,6.0,2.5,1.5
1784195813733,2026-07-16 11:56:53.733,C3:00:00:63:4D:0A,-66,127,6.0,2.5,1.5
1784195813738,2026-07-16 11:56:53.738,C3:00:00:63:4D:07,-62,127,6.0,2.5,1.5
1784195813760,2026-07-16 11:56:53.760,C3:00:00:63:4D:09,-61,127,6.0,2.5,1.5
1784195813772,2026-07-16 11:56:53.772,C3:00:00:63:4C:D2,-55,127,6.0,2.5,1.5
1784195813821,2026-07-16 11:56:53.821,C3:00:00:63:4D:05,-54,127,6.0,2.5,1.5
1784195813841,2026-07-16 11:56:53.841,C3:00:00:63:4D:05,-54,127,6.0,2.5,1.5
1784195813846,2026-07-16 11:56:53.846,C3:00:00:63:4D:0A,-74,127,6.0,2.5,1.5
1784195813850,2026-07-16 11:56:53.850,C3:00:00:63:4D:08,-60,127,6.0,2.5,1.5
1784195813856,2026-07-16 11:56:53.856,C3:00:00:63:4D:07,-61,127,6.0,2.5,1.5
1784195813859,2026-07-16 11:56:53.859,C3:00:00:63:4D:0D,-69,127,6.0,2.5,1.5
1784195813870,2026-07-16 11:56:53.870,C3:00:00:63:4D:04,-55,127,6.0,2.5,1.5
1784195813875,2026-07-16 11:56:53.875,C3:00:00:63:4D:09,-60,127,6.0,2.5,1.5
1784195813901,2026-07-16 11:56:53.901,C3:00:00:63:4D:05,-61,127,6.0,2.5,1.5
1784195813905,2026-07-16 11:56:53.905,C3:00:00:63:4C:D2,-66,127,6.0,2.5,1.5
1784195813933,2026-07-16 11:56:53.933,C3:00:00:63:4D:05,-54,127,6.0,2.5,1.5
1784195813945,2026-07-16 11:56:53.945,C3:00:00:63:4D:08,-58,127,6.0,2.5,1.5
1784195813975,2026-07-16 11:56:53.975,C3:00:00:63:4D:04,-65,127,6.0,2.5,1.5
1784195813987,2026-07-16 11:56:53.987,C3:00:00:63:4D:09,-73,127,6.0,2.5,1.5
1784195814003,2026-07-16 11:56:54.003,C3:00:00:63:4D:04,-64,127,6.0,2.5,1.5
1784195814011,2026-07-16 11:56:54.011,C3:00:00:63:4C:D2,-54,127,6.0,2.5,1.5
1784195814036,2026-07-16 11:56:54.036,C3:00:00:63:4D:05,-56,127,6.0,2.5,1.5
1784195814054,2026-07-16 11:56:54.054,C3:00:00:63:4D:0A,-74,127,6.0,2.5,1.5
1784195814058,2026-07-16 11:56:54.058,C3:00:00:63:4D:08,-55,127,6.0,2.5,1.5
1784195814088,2026-07-16 11:56:54.088,C3:00:00:63:4D:0D,-60,127,6.0,2.5,1.5
1784195814123,2026-07-16 11:56:54.123,C3:00:00:63:4C:D2,-55,127,6.0,2.5,1.5
1784195814153,2026-07-16 11:56:54.153,C3:00:00:63:4D:08,-60,127,6.0,2.5,1.5
1784195814158,2026-07-16 11:56:54.158,C3:00:00:63:4D:0A,-58,127,6.0,2.5,1.5
1784195814174,2026-07-16 11:56:54.174,C3:00:00:63:4D:08,-60,127,6.0,2.5,1.5
1784195814189,2026-07-16 11:56:54.189,C3:00:00:63:4D:07,-61,127,6.0,2.5,1.5
1784195814205,2026-07-16 11:56:54.205,C3:00:00:63:4D:0D,-69,127,6.0,2.5,1.5
1784195814207,2026-07-16 11:56:54.207,C3:00:00:63:4D:07,-61,127,6.0,2.5,1.5
1784195814212,2026-07-16 11:56:54.212,C3:00:00:63:4D:04,-55,127,6.0,2.5,1.5
1784195814233,2026-07-16 11:56:54.233,C3:00:00:63:4D:07,-61,127,6.0,2.5,1.5
1784195814243,2026-07-16 11:56:54.243,C3:00:00:63:4C:D2,-66,127,6.0,2.5,1.5
1784195814264,2026-07-16 11:56:54.264,C3:00:00:63:4D:05,-56,127,6.0,2.5,1.5
1784195814315,2026-07-16 11:56:54.315,C3:00:00:63:4D:08,-58,127,6.0,2.5,1.5
1784195814326,2026-07-16 11:56:54.326,C3:00:00:63:4D:09,-73,127,6.0,2.5,1.5
1784195814341,2026-07-16 11:56:54.341,C3:00:00:63:4D:04,-64,127,6.0,2.5,1.5
1784195814347,2026-07-16 11:56:54.347,C3:00:00:63:4D:08,-55,127,6.0,2.5,1.5
1784195814354,2026-07-16 11:56:54.354,C3:00:00:63:4C:D2,-54,127,6.0,2.5,1.5
1784195814378,2026-07-16 11:56:54.378,C3:00:00:63:4D:0A,-75,127,6.0,2.5,1.5
1784195814432,2026-07-16 11:56:54.432,C3:00:00:63:4D:07,-78,127,6.0,2.5,1.5
1784195814436,2026-07-16 11:56:54.436,C3:00:00:63:4D:0D,-60,127,6.0,2.5,1.5
1784195814441,2026-07-16 11:56:54.441,C3:00:00:63:4D:09,-61,127,6.0,2.5,1.5
1784195814446,2026-07-16 11:56:54.446,C3:00:00:63:4D:04,-56,127,6.0,2.5,1.5
1784195814465,2026-07-16 11:56:54.465,C3:00:00:63:4C:D2,-66,127,6.0,2.5,1.5
1784195814548,2026-07-16 11:56:54.548,C3:00:00:63:4D:08,-58,127,6.0,2.5,1.5
1784195814554,2026-07-16 11:56:54.554,C3:00:00:63:4D:09,-73,127,6.0,2.5,1.5
1784195814559,2026-07-16 11:56:54.559,C3:00:00:63:4D:04,-64,127,6.0,2.5,1.5
1784195814565,2026-07-16 11:56:54.565,C3:00:00:63:4D:0A,-66,127,6.0,2.5,1.5
1784195814574,2026-07-16 11:56:54.574,C3:00:00:63:4C:D2,-54,127,6.0,2.5,1.5
1784195814587,2026-07-16 11:56:54.587,C3:00:00:63:4D:05,-56,127,6.0,2.5,1.5
1784195814648,2026-07-16 11:56:54.648,C3:00:00:63:4D:08,-54,127,6.0,2.5,1.5
1784195814682,2026-07-16 11:56:54.682,C3:00:00:63:4C:D2,-54,127,6.0,2.5,1.5
1784195814696,2026-07-16 11:56:54.696,C3:00:00:63:4D:05,-54,127,6.0,2.5,1.5
1784195814773,2026-07-16 11:56:54.773,C3:00:00:63:4D:0D,-69,127,6.0,2.5,1.5
1784195814778,2026-07-16 11:56:54.778,C3:00:00:63:4D:0A,-58,127,6.0,2.5,1.5
1784195814782,2026-07-16 11:56:54.782,C3:00:00:63:4D:07,-61,127,6.0,2.5,1.5
1784195814797,2026-07-16 11:56:54.797,C3:00:00:63:4C:D2,-66,127,6.0,2.5,1.5
1784195814799,2026-07-16 11:56:54.799,C3:00:00:63:4D:0A,-58,127,6.0,2.5,1.5
1784195814809,2026-07-16 11:56:54.809,C3:00:00:63:4D:05,-54,127,6.0,2.5,1.5
1784195814851,2026-07-16 11:56:54.851,C3:00:00:63:4D:08,-58,127,6.0,2.5,1.5
1784195814856,2026-07-16 11:56:54.856,C3:00:00:63:4D:05,-57,127,6.0,2.5,1.5
1784195814872,2026-07-16 11:56:54.872,C3:00:00:63:4D:0A,-66,127,6.0,2.5,1.5
1784195814888,2026-07-16 11:56:54.888,C3:00:00:63:4D:09,-73,127,6.0,2.5,1.5
1784195814906,2026-07-16 11:56:54.906,C3:00:00:63:4D:04,-64,127,6.0,2.5,1.5
1784195814944,2026-07-16 11:56:54.944,C3:00:00:63:4D:08,-55,127,6.0,2.5,1.5
1784195814984,2026-07-16 11:56:54.984,C3:00:00:63:4D:0A,-74,127,6.0,2.5,1.5
1784195815007,2026-07-16 11:56:55.007,C3:00:00:63:4D:09,-61,127,6.0,2.5,1.5
1784195815012,2026-07-16 11:56:55.012,C3:00:00:63:4D:0D,-60,127,6.0,2.5,1.5
1784195815014,2026-07-16 11:56:55.014,C3:00:00:63:4D:07,-76,127,6.0,2.5,1.5
1784195815016,2026-07-16 11:56:55.016,C3:00:00:63:4C:D2,-55,127,6.0,2.5,1.5
1784195815019,2026-07-16 11:56:55.019,C3:00:00:63:4D:04,-58,127,6.0,2.5,1.5
1784195815037,2026-07-16 11:56:55.037,C3:00:00:63:4C:D2,-54,127,6.0,2.5,1.5
1784195815054,2026-07-16 11:56:55.054,C3:00:00:63:4D:08,-60,127,6.0,2.5,1.5
1784195815061,2026-07-16 11:56:55.061,C3:00:00:63:4D:09,-60,127,6.0,2.5,1.5
1784195815088,2026-07-16 11:56:55.088,C3:00:00:63:4D:0A,-58,127,6.0,2.5,1.5
1784195815116,2026-07-16 11:56:55.116,C3:00:00:63:4D:07,-61,127,6.0,2.5,1.5
1784195815125,2026-07-16 11:56:55.125,C3:00:00:63:4D:0D,-69,127,6.0,2.5,1.5
1784195815129,2026-07-16 11:56:55.129,C3:00:00:63:4D:04,-55,127,6.0,2.5,1.5
1784195815148,2026-07-16 11:56:55.148,C3:00:00:63:4D:05,-54,127,6.0,2.5,1.5
1784195815152,2026-07-16 11:56:55.152,C3:00:00:63:4D:08,-58,127,6.0,2.5,1.5
1784195815187,2026-07-16 11:56:55.187,C3:00:00:63:4D:0A,-66,127,6.0,2.5,1.5
1784195815238,2026-07-16 11:56:55.238,C3:00:00:63:4D:09,-73,127,6.0,2.5,1.5
1784195815242,2026-07-16 11:56:55.242,C3:00:00:63:4C:D2,-55,127,6.0,2.5,1.5
1784195815247,2026-07-16 11:56:55.247,C3:00:00:63:4D:04,-58,127,6.0,2.5,1.5
1784195815287,2026-07-16 11:56:55.287,C3:00:00:63:4D:04,-58,127,6.0,2.5,1.5
1784195815293,2026-07-16 11:56:55.293,C3:00:00:63:4D:0A,-74,127,6.0,2.5,1.5
1784195815340,2026-07-16 11:56:55.340,C3:00:00:63:4D:09,-61,127,6.0,2.5,1.5
1784195815349,2026-07-16 11:56:55.349,C3:00:00:63:4D:07,-61,127,6.0,2.5,1.5
1784195815354,2026-07-16 11:56:55.354,C3:00:00:63:4D:08,-60,127,6.0,2.5,1.5
1784195815365,2026-07-16 11:56:55.365,C3:00:00:63:4C:D2,-66,127,6.0,2.5,1.5
1784195815392,2026-07-16 11:56:55.392,C3:00:00:63:4D:0A,-58,127,6.0,2.5,1.5
1784195815442,2026-07-16 11:56:55.442,C3:00:00:63:4D:0D,-62,127,6.0,2.5,1.5
1784195815448,2026-07-16 11:56:55.448,C3:00:00:63:4D:08,-58,127,6.0,2.5,1.5
1784195815454,2026-07-16 11:56:55.454,C3:00:00:63:4D:09,-73,127,6.0,2.5,1.5
1784195815470,2026-07-16 11:56:55.470,C3:00:00:63:4C:D2,-54,127,6.0,2.5,1.5
1784195815475,2026-07-16 11:56:55.475,C3:00:00:63:4D:05,-56,127,6.0,2.5,1.5
1784195815477,2026-07-16 11:56:55.477,C3:00:00:63:4D:04,-64,127,6.0,2.5,1.5
1784195815502,2026-07-16 11:56:55.502,C3:00:00:63:4D:0A,-65,127,6.0,2.5,1.5
1784195815545,2026-07-16 11:56:55.545,C3:00:00:63:4D:09,-62,127,6.0,2.5,1.5
1784195815582,2026-07-16 11:56:55.582,C3:00:00:63:4C:D2,-55,127,6.0,2.5,1.5
1784195815592,2026-07-16 11:56:55.592,C3:00:00:63:4D:04,-58,127,6.0,2.5,1.5
1784195815616,2026-07-16 11:56:55.616,C3:00:00:63:4D:0A,-74,127,6.0,2.5,1.5
1784195815626,2026-07-16 11:56:55.626,C3:00:00:63:4D:08,-62,127,6.0,2.5,1.5
1784195815649,2026-07-16 11:56:55.649,C3:00:00:63:4D:08,-60,127,6.0,2.5,1.5
1784195815689,2026-07-16 11:56:55.689,C3:00:00:63:4D:09,-61,127,6.0,2.5,1.5
1784195815692,2026-07-16 11:56:55.692,C3:00:00:63:4C:D2,-66,127,6.0,2.5,1.5
1784195815696,2026-07-16 11:56:55.696,C3:00:00:63:4D:07,-61,127,6.0,2.5,1.5
1784195815699,2026-07-16 11:56:55.699,C3:00:00:63:4D:05,-54,127,6.0,2.5,1.5
1784195815703,2026-07-16 11:56:55.703,C3:00:00:63:4D:0D,-69,127,6.0,2.5,1.5
1784195815706,2026-07-16 11:56:55.706,C3:00:00:63:4D:0A,-58,127,6.0,2.5,1.5
1784195815713,2026-07-16 11:56:55.713,C3:00:00:63:4D:04,-56,127,6.0,2.5,1.5
1784195815744,2026-07-16 11:56:55.744,C3:00:00:63:4D:0D,-62,127,6.0,2.5,1.5
1784195815747,2026-07-16 11:56:55.747,C3:00:00:63:4D:08,-57,127,6.0,2.5,1.5
1784195815790,2026-07-16 11:56:55.790,C3:00:00:63:4C:D2,-55,127,6.0,2.5,1.5
1784195815819,2026-07-16 11:56:55.819,C3:00:00:63:4D:0A,-65,127,6.0,2.5,1.5
1784195815823,2026-07-16 11:56:55.823,C3:00:00:63:4D:04,-64,127,6.0,2.5,1.5
1784195815847,2026-07-16 11:56:55.847,C3:00:00:63:4D:08,-54,127,6.0,2.5,1.5
1784195815903,2026-07-16 11:56:55.903,C3:00:00:63:4D:09,-61,127,6.0,2.5,1.5
1784195815908,2026-07-16 11:56:55.908,C3:00:00:63:4D:05,-54,127,6.0,2.5,1.5
1784195815919,2026-07-16 11:56:55.919,C3:00:00:63:4D:0D,-59,127,6.0,2.5,1.5
1784195815941,2026-07-16 11:56:55.941,C3:00:00:63:4D:04,-58,127,6.0,2.5,1.5
1784195816026,2026-07-16 11:56:56.026,C3:00:00:63:4C:D2,-65,127,6.0,2.5,1.5
1784195816139,2026-07-16 11:56:56.139,C3:00:00:63:4D:09,-74,127,6.0,2.5,1.5
1784195816144,2026-07-16 11:56:56.144,C3:00:00:63:4C:D2,-55,127,6.0,2.5,1.5
1784195816148,2026-07-16 11:56:56.148,C3:00:00:63:4D:08,-55,127,6.0,2.5,1.5
1784195816154,2026-07-16 11:56:56.154,C3:00:00:63:4D:0D,-60,127,6.0,2.5,1.5
1784195816158,2026-07-16 11:56:56.158,C3:00:00:63:4D:07,-79,127,6.0,2.5,1.5
1784195816170,2026-07-16 11:56:56.170,C3:00:00:63:4D:04,-58,127,6.0,2.5,1.5
1784195816173,2026-07-16 11:56:56.173,C3:00:00:63:4D:08,-55,127,6.0,2.5,1.5
1784195816233,2026-07-16 11:56:56.233,C3:00:00:63:4D:0A,-76,127,6.0,2.5,1.5
1784195816236,2026-07-16 11:56:56.236,C3:00:00:63:4D:05,-54,127,6.0,2.5,1.5
1784195816240,2026-07-16 11:56:56.240,C3:00:00:63:4D:04,-64,127,6.0,2.5,1.5
1784195816273,2026-07-16 11:56:56.273,C3:00:00:63:4D:0D,-83,127,6.0,2.5,1.5
1784195816278,2026-07-16 11:56:56.278,C3:00:00:63:4D:07,-62,127,6.0,2.5,1.5
1784195816293,2026-07-16 11:56:56.293,C3:00:00:63:4D:04,-56,127,6.0,2.5,1.5
1784195816322,2026-07-16 11:56:56.322,C3:00:00:63:4D:08,-61,127,6.0,2.5,1.5
1784195816333,2026-07-16 11:56:56.333,C3:00:00:63:4D:0A,-59,127,6.0,2.5,1.5
1784195816356,2026-07-16 11:56:56.356,C3:00:00:63:4D:08,-56,127,6.0,2.5,1.5
1784195816358,2026-07-16 11:56:56.358,C3:00:00:63:4D:07,-70,127,6.0,2.5,1.5
1784195816359,2026-07-16 11:56:56.359,C3:00:00:63:4D:05,-55,127,6.0,2.5,1.5
1784195816363,2026-07-16 11:56:56.363,C3:00:00:63:4D:09,-74,127,6.0,2.5,1.5
1784195816364,2026-07-16 11:56:56.364,C3:00:00:63:4C:D2,-55,127,6.0,2.5,1.5
1784195816382,2026-07-16 11:56:56.382,C3:00:00:63:4D:07,-62,127,6.0,2.5,1.5
1784195816385,2026-07-16 11:56:56.385,C3:00:00:63:4D:0D,-61,127,6.0,2.5,1.5
1784195816399,2026-07-16 11:56:56.399,C3:00:00:63:4D:04,-64,127,6.0,2.5,1.5
1784195816462,2026-07-16 11:56:56.462,C3:00:00:63:4D:05,-54,127,6.0,2.5,1.5
1784195816498,2026-07-16 11:56:56.498,C3:00:00:63:4D:07,-78,127,6.0,2.5,1.5
1784195816503,2026-07-16 11:56:56.503,C3:00:00:63:4D:0D,-60,127,6.0,2.5,1.5
1784195816509,2026-07-16 11:56:56.509,C3:00:00:63:4D:04,-58,127,6.0,2.5,1.5
1784195816574,2026-07-16 11:56:56.574,C3:00:00:63:4D:05,-56,127,6.0,2.5,1.5
1784195816580,2026-07-16 11:56:56.580,C3:00:00:63:4D:07,-63,127,6.0,2.5,1.5
1784195816584,2026-07-16 11:56:56.584,C3:00:00:63:4D:09,-61,127,6.0,2.5,1.5
1784195816589,2026-07-16 11:56:56.589,C3:00:00:63:4C:D2,-65,127,6.0,2.5,1.5
1784195816617,2026-07-16 11:56:56.617,C3:00:00:63:4D:07,-62,127,6.0,2.5,1.5
1784195816634,2026-07-16 11:56:56.634,C3:00:00:63:4D:04,-56,127,6.0,2.5,1.5
1784195816639,2026-07-16 11:56:56.639,C3:00:00:63:4D:0D,-82,127,6.0,2.5,1.5
1784195816682,2026-07-16 11:56:56.682,C3:00:00:63:4D:05,-55,127,6.0,2.5,1.5
1784195816730,2026-07-16 11:56:56.730,C3:00:00:63:4D:0D,-61,127,6.0,2.5,1.5
1784195816743,2026-07-16 11:56:56.743,C3:00:00:63:4D:08,-54,127,6.0,2.5,1.5
1784195816755,2026-07-16 11:56:56.755,C3:00:00:63:4D:04,-58,127,6.0,2.5,1.5
1784195816758,2026-07-16 11:56:56.758,C3:00:00:63:4D:0A,-76,127,6.0,2.5,1.5
1784195816779,2026-07-16 11:56:56.779,C3:00:00:63:4D:0A,-75,127,6.0,2.5,1.5
1784195816784,2026-07-16 11:56:56.784,C3:00:00:63:4D:05,-55,127,6.0,2.5,1.5
1784195816807,2026-07-16 11:56:56.807,C3:00:00:63:4D:09,-60,127,6.0,2.5,1.5
1784195816831,2026-07-16 11:56:56.831,C3:00:00:63:4D:0A,-75,127,6.0,2.5,1.5
1784195816838,2026-07-16 11:56:56.838,C3:00:00:63:4D:0D,-60,127,6.0,2.5,1.5
1784195816852,2026-07-16 11:56:56.852,C3:00:00:63:4D:0A,-58,127,6.0,2.5,1.5
1784195816859,2026-07-16 11:56:56.859,C3:00:00:63:4D:0D,-82,127,6.0,2.5,1.5
1784195816896,2026-07-16 11:56:56.896,C3:00:00:63:4D:05,-56,127,6.0,2.5,1.5
1784195816923,2026-07-16 11:56:56.923,C3:00:00:63:4C:D2,-65,127,6.0,2.5,1.5
1784195816928,2026-07-16 11:56:56.928,C3:00:00:63:4D:04,-56,127,6.0,2.5,1.5
1784195816944,2026-07-16 11:56:56.944,C3:00:00:63:4D:08,-56,127,6.0,2.5,1.5
1784195816961,2026-07-16 11:56:56.961,C3:00:00:63:4D:07,-62,127,6.0,2.5,1.5
1784195817017,2026-07-16 11:56:57.017,C3:00:00:63:4D:05,-55,127,6.0,2.5,1.5
1784195817023,2026-07-16 11:56:57.023,C3:00:00:63:4C:D2,-55,127,6.0,2.5,1.5
1784195817045,2026-07-16 11:56:57.045,C3:00:00:63:4C:D2,-55,127,6.0,2.5,1.5
1784195817059,2026-07-16 11:56:57.059,C3:00:00:63:4D:0A,-76,127,6.0,2.5,1.5
1784195817072,2026-07-16 11:56:57.072,C3:00:00:63:4D:0D,-60,127,6.0,2.5,1.5
1784195817143,2026-07-16 11:56:57.143,C3:00:00:63:4D:0A,-67,127,6.0,2.5,1.5
1784195817175,2026-07-16 11:56:57.175,C3:00:00:63:4D:0A,-58,127,6.0,2.5,1.5
1784195817185,2026-07-16 11:56:57.185,C3:00:00:63:4D:07,-62,127,6.0,2.5,1.5
1784195817195,2026-07-16 11:56:57.195,C3:00:00:63:4D:0D,-83,127,6.0,2.5,1.5
1784195817206,2026-07-16 11:56:57.206,C3:00:00:63:4D:04,-56,127,6.0,2.5,1.5
1784195817250,2026-07-16 11:56:57.250,C3:00:00:63:4D:08,-56,127,6.0,2.5,1.5
1784195817338,2026-07-16 11:56:57.338,C3:00:00:63:4D:05,-55,127,6.0,2.5,1.5
1784195817345,2026-07-16 11:56:57.345,C3:00:00:63:4D:08,-55,127,6.0,2.5,1.5
1784195817369,2026-07-16 11:56:57.369,C3:00:00:63:4D:0A,-76,127,6.0,2.5,1.5
1784195817373,2026-07-16 11:56:57.373,C3:00:00:63:4D:09,-62,127,6.0,2.5,1.5
1784195817376,2026-07-16 11:56:57.376,C3:00:00:63:4C:D2,-55,127,6.0,2.5,1.5
1784195817417,2026-07-16 11:56:57.417,C3:00:00:63:4D:07,-78,127,6.0,2.5,1.5
1784195817422,2026-07-16 11:56:57.422,C3:00:00:63:4D:0D,-59,127,6.0,2.5,1.5
1784195817427,2026-07-16 11:56:57.427,C3:00:00:63:4D:04,-58,127,6.0,2.5,1.5
1784195817444,2026-07-16 11:56:57.444,C3:00:00:63:4D:0D,-83,127,6.0,2.5,1.5
1784195817448,2026-07-16 11:56:57.448,C3:00:00:63:4D:08,-61,127,6.0,2.5,1.5
1784195817452,2026-07-16 11:56:57.452,C3:00:00:63:4D:05,-56,127,6.0,2.5,1.5
1784195817474,2026-07-16 11:56:57.474,C3:00:00:63:4D:0A,-58,127,6.0,2.5,1.5
1784195817481,2026-07-16 11:56:57.481,C3:00:00:63:4C:D2,-65,127,6.0,2.5,1.5
1784195817491,2026-07-16 11:56:57.491,C3:00:00:63:4D:09,-61,127,6.0,2.5,1.5
1784195817552,2026-07-16 11:56:57.552,C3:00:00:63:4D:04,-64,127,6.0,2.5,1.5
1784195817556,2026-07-16 11:56:57.556,C3:00:00:63:4D:05,-55,127,6.0,2.5,1.5
1784195817561,2026-07-16 11:56:57.561,C3:00:00:63:4D:09,-74,127,6.0,2.5,1.5
1784195817575,2026-07-16 11:56:57.575,C3:00:00:63:4D:0A,-67,127,6.0,2.5,1.5
1784195817594,2026-07-16 11:56:57.594,C3:00:00:63:4C:D2,-54,127,6.0,2.5,1.5
1784195817647,2026-07-16 11:56:57.647,C3:00:00:63:4D:07,-79,127,6.0,2.5,1.5
1784195817652,2026-07-16 11:56:57.652,C3:00:00:63:4D:08,-55,127,6.0,2.5,1.5
1784195817674,2026-07-16 11:56:57.674,C3:00:00:63:4D:04,-58,127,6.0,2.5,1.5
1784195817677,2026-07-16 11:56:57.677,C3:00:00:63:4D:05,-54,127,6.0,2.5,1.5
1784195817680,2026-07-16 11:56:57.680,C3:00:00:63:4D:0A,-76,127,6.0,2.5,1.5
1784195817714,2026-07-16 11:56:57.714,C3:00:00:63:4D:09,-62,127,6.0,2.5,1.5
1784195817717,2026-07-16 11:56:57.717,C3:00:00:63:4C:D2,-55,127,6.0,2.5,1.5
1784195817749,2026-07-16 11:56:57.749,C3:00:00:63:4D:08,-61,127,6.0,2.5,1.5
1784195817782,2026-07-16 11:56:57.782,C3:00:00:63:4D:04,-56,127,6.0,2.5,1.5
1784195817791,2026-07-16 11:56:57.791,C3:00:00:63:4D:05,-56,127,6.0,2.5,1.5
1784195817802,2026-07-16 11:56:57.802,C3:00:00:63:4C:D2,-65,127,6.0,2.5,1.5
1784195817821,2026-07-16 11:56:57.821,C3:00:00:63:4C:D2,-65,127,6.0,2.5,1.5
1784195817864,2026-07-16 11:56:57.864,C3:00:00:63:4D:05,-56,127,6.0,2.5,1.5
1784195817875,2026-07-16 11:56:57.875,C3:00:00:63:4D:07,-63,127,6.0,2.5,1.5
1784195817900,2026-07-16 11:56:57.900,C3:00:00:63:4D:04,-64,127,6.0,2.5,1.5
1784195817906,2026-07-16 11:56:57.906,C3:00:00:63:4D:05,-62,127,6.0,2.5,1.5
1784195817932,2026-07-16 11:56:57.932,C3:00:00:63:4C:D2,-55,127,6.0,2.5,1.5
1784195817949,2026-07-16 11:56:57.949,C3:00:00:63:4D:08,-54,127,6.0,2.5,1.5
1784195817992,2026-07-16 11:56:57.992,C3:00:00:63:4D:07,-79,127,6.0,2.5,1.5
1784195817997,2026-07-16 11:56:57.997,C3:00:00:63:4D:0A,-76,127,6.0,2.5,1.5
1784195818003,2026-07-16 11:56:58.003,C3:00:00:63:4D:0D,-60,127,6.0,2.5,1.5
1784195818008,2026-07-16 11:56:58.008,C3:00:00:63:4D:05,-54,127,6.0,2.5,1.5
1784195818013,2026-07-16 11:56:58.013,C3:00:00:63:4D:04,-58,127,6.0,2.5,1.5
1784195818041,2026-07-16 11:56:58.041,C3:00:00:63:4C:D2,-65,127,6.0,2.5,1.5
1784195818048,2026-07-16 11:56:58.048,C3:00:00:63:4D:08,-60,127,6.0,2.5,1.5
1784195818057,2026-07-16 11:56:58.057,C3:00:00:63:4D:09,-61,127,6.0,2.5,1.5
1784195818099,2026-07-16 11:56:58.099,C3:00:00:63:4D:0A,-58,127,6.0,2.5,1.5
1784195818120,2026-07-16 11:56:58.120,C3:00:00:63:4D:04,-56,127,6.0,2.5,1.5
1784195818168,2026-07-16 11:56:58.168,C3:00:00:63:4D:08,-56,127,6.0,2.5,1.5
1784195818173,2026-07-16 11:56:58.173,C3:00:00:63:4D:09,-74,127,6.0,2.5,1.5
1784195818226,2026-07-16 11:56:58.226,C3:00:00:63:4D:05,-55,127,6.0,2.5,1.5
1784195818244,2026-07-16 11:56:58.244,C3:00:00:63:4D:08,-56,127,6.0,2.5,1.5
1784195818248,2026-07-16 11:56:58.248,C3:00:00:63:4D:07,-79,127,6.0,2.5,1.5
1784195818269,2026-07-16 11:56:58.269,C3:00:00:63:4C:D2,-55,127,6.0,2.5,1.5
1784195818308,2026-07-16 11:56:58.308,C3:00:00:63:4D:0A,-76,127,6.0,2.5,1.5
1784195818338,2026-07-16 11:56:58.338,C3:00:00:63:4D:05,-54,127,6.0,2.5,1.5
1784195818344,2026-07-16 11:56:58.344,C3:00:00:63:4D:08,-54,127,6.0,2.5,1.5
1784195818356,2026-07-16 11:56:58.356,C3:00:00:63:4D:08,-61,127,6.0,2.5,1.5
1784195818380,2026-07-16 11:56:58.380,C3:00:00:63:4C:D2,-65,127,6.0,2.5,1.5
1784195818401,2026-07-16 11:56:58.401,C3:00:00:63:4D:09,-61,127,6.0,2.5,1.5
1784195818407,2026-07-16 11:56:58.407,C3:00:00:63:4D:0A,-58,127,6.0,2.5,1.5
1784195818447,2026-07-16 11:56:58.447,C3:00:00:63:4D:08,-56,127,6.0,2.5,1.5
1784195818452,2026-07-16 11:56:58.452,C3:00:00:63:4D:0D,-61,127,6.0,2.5,1.5
1784195818458,2026-07-16 11:56:58.458,C3:00:00:63:4D:07,-63,127,6.0,2.5,1.5
1784195818474,2026-07-16 11:56:58.474,C3:00:00:63:4D:04,-64,127,6.0,2.5,1.5
1784195818498,2026-07-16 11:56:58.498,C3:00:00:63:4D:09,-74,127,6.0,2.5,1.5
1784195818508,2026-07-16 11:56:58.508,C3:00:00:63:4D:0A,-66,127,6.0,2.5,1.5
1784195818550,2026-07-16 11:56:58.550,C3:00:00:63:4D:05,-54,127,6.0,2.5,1.5
1784195818552,2026-07-16 11:56:58.552,C3:00:00:63:4D:08,-55,127,6.0,2.5,1.5
1784195818568,2026-07-16 11:56:58.568,C3:00:00:63:4D:0D,-60,127,6.0,2.5,1.5
1784195818583,2026-07-16 11:56:58.583,C3:00:00:63:4D:04,-58,127,6.0,2.5,1.5
1784195818624,2026-07-16 11:56:58.624,C3:00:00:63:4D:0A,-76,127,6.0,2.5,1.5
1784195818645,2026-07-16 11:56:58.645,C3:00:00:63:4D:08,-61,127,6.0,2.5,1.5
1784195818654,2026-07-16 11:56:58.654,C3:00:00:63:4D:05,-56,127,6.0,2.5,1.5
1784195818687,2026-07-16 11:56:58.687,C3:00:00:63:4D:07,-62,127,6.0,2.5,1.5
1784195818697,2026-07-16 11:56:58.697,C3:00:00:63:4D:04,-55,127,6.0,2.5,1.5
1784195818721,2026-07-16 11:56:58.721,C3:00:00:63:4D:0A,-58,127,6.0,2.5,1.5
1784195818727,2026-07-16 11:56:58.727,C3:00:00:63:4C:D2,-66,127,6.0,2.5,1.5
1784195818731,2026-07-16 11:56:58.731,C3:00:00:63:4D:09,-60,127,6.0,2.5,1.5
1784195818789,2026-07-16 11:56:58.789,C3:00:00:63:4D:0A,-66,127,6.0,2.5,1.5
1784195818798,2026-07-16 11:56:58.798,C3:00:00:63:4D:0D,-62,127,6.0,2.5,1.5
1784195818811,2026-07-16 11:56:58.811,C3:00:00:63:4D:07,-62,127,6.0,2.5,1.5
1784195818818,2026-07-16 11:56:58.818,C3:00:00:63:4D:04,-64,127,6.0,2.5,1.5
1784195818824,2026-07-16 11:56:58.824,C3:00:00:63:4C:D2,-54,127,6.0,2.5,1.5
1784195818829,2026-07-16 11:56:58.829,C3:00:00:63:4D:0A,-65,127,6.0,2.5,1.5
1784195818832,2026-07-16 11:56:58.832,C3:00:00:63:4D:0D,-62,127,6.0,2.5,1.5
1784195818848,2026-07-16 11:56:58.848,C3:00:00:63:4D:0A,-75,127,6.0,2.5,1.5
1784195818877,2026-07-16 11:56:58.877,C3:00:00:63:4D:05,-54,127,6.0,2.5,1.5
1784195818921,2026-07-16 11:56:58.921,C3:00:00:63:4D:07,-78,127,6.0,2.5,1.5
1784195818930,2026-07-16 11:56:58.930,C3:00:00:63:4D:04,-58,127,6.0,2.5,1.5
1784195818952,2026-07-16 11:56:58.952,C3:00:00:63:4D:09,-61,127,6.0,2.5,1.5
1784195818993,2026-07-16 11:56:58.993,C3:00:00:63:4D:05,-56,127,6.0,2.5,1.5
1784195819034,2026-07-16 11:56:59.034,C3:00:00:63:4D:07,-62,127,6.0,2.5,1.5
1784195819043,2026-07-16 11:56:59.043,C3:00:00:63:4D:08,-56,127,6.0,2.5,1.5
1784195819060,2026-07-16 11:56:59.060,C3:00:00:63:4D:09,-74,127,6.0,2.5,1.5
1784195819100,2026-07-16 11:56:59.100,C3:00:00:63:4D:05,-55,127,6.0,2.5,1.5
1784195819150,2026-07-16 11:56:59.150,C3:00:00:63:4D:08,-54,127,6.0,2.5,1.5
1784195819159,2026-07-16 11:56:59.159,C3:00:00:63:4D:04,-58,127,6.0,2.5,1.5
1784195819181,2026-07-16 11:56:59.181,C3:00:00:63:4D:09,-62,127,6.0,2.5,1.5
1784195819266,2026-07-16 11:56:59.266,C3:00:00:63:4D:0D,-83,127,6.0,2.5,1.5
1784195819284,2026-07-16 11:56:59.284,C3:00:00:63:4D:04,-56,127,6.0,2.5,1.5
1784195819291,2026-07-16 11:56:59.291,C3:00:00:63:4D:09,-61,127,6.0,2.5,1.5
1784195819320,2026-07-16 11:56:59.320,C3:00:00:63:4D:05,-56,127,6.0,2.5,1.5
1784195819345,2026-07-16 11:56:59.345,C3:00:00:63:4D:0A,-67,127,6.0,2.5,1.5
1784195819372,2026-07-16 11:56:59.372,C3:00:00:63:4D:0D,-61,127,6.0,2.5,1.5
1784195819375,2026-07-16 11:56:59.375,C3:00:00:63:4D:07,-63,127,6.0,2.5,1.5
1784195819382,2026-07-16 11:56:59.382,C3:00:00:63:4D:04,-64,127,6.0,2.5,1.5
1784195819393,2026-07-16 11:56:59.393,C3:00:00:63:4C:D2,-55,127,6.0,2.5,1.5
1784195819406,2026-07-16 11:56:59.406,C3:00:00:63:4D:09,-74,127,6.0,2.5,1.5
1784195819430,2026-07-16 11:56:59.430,C3:00:00:63:4D:05,-55,127,6.0,2.5,1.5
1784195819441,2026-07-16 11:56:59.441,C3:00:00:63:4D:08,-56,127,6.0,2.5,1.5
1784195819449,2026-07-16 11:56:59.449,C3:00:00:63:4D:0D,-60,127,6.0,2.5,1.5
1784195819488,2026-07-16 11:56:59.488,C3:00:00:63:4D:07,-76,127,6.0,2.5,1.5
1784195819493,2026-07-16 11:56:59.493,C3:00:00:63:4D:0D,-59,127,6.0,2.5,1.5
1784195819509,2026-07-16 11:56:59.509,C3:00:00:63:4D:04,-58,127,6.0,2.5,1.5
1784195819524,2026-07-16 11:56:59.524,C3:00:00:63:4D:09,-61,127,6.0,2.5,1.5
1784195819542,2026-07-16 11:56:59.542,C3:00:00:63:4D:05,-54,127,6.0,2.5,1.5
1784195819546,2026-07-16 11:56:59.546,C3:00:00:63:4D:09,-61,127,6.0,2.5,1.5
1784195819553,2026-07-16 11:56:59.553,C3:00:00:63:4D:08,-61,127,6.0,2.5,1.5
1784195819555,2026-07-16 11:56:59.555,C3:00:00:63:4D:0A,-58,127,6.0,2.5,1.5
1784195819571,2026-07-16 11:56:59.571,C3:00:00:63:4D:09,-61,127,6.0,2.5,1.5
1784195819602,2026-07-16 11:56:59.602,C3:00:00:63:4D:0D,-83,127,6.0,2.5,1.5
1784195819609,2026-07-16 11:56:59.609,C3:00:00:63:4D:07,-62,127,6.0,2.5,1.5
1784195819613,2026-07-16 11:56:59.613,C3:00:00:63:4C:D2,-65,127,6.0,2.5,1.5
1784195819627,2026-07-16 11:56:59.627,C3:00:00:63:4D:04,-56,127,6.0,2.5,1.5
1784195819638,2026-07-16 11:56:59.638,C3:00:00:63:4D:09,-61,127,6.0,2.5,1.5
1784195819661,2026-07-16 11:56:59.661,C3:00:00:63:4D:0A,-67,127,6.0,2.5,1.5
1784195819722,2026-07-16 11:56:59.722,C3:00:00:63:4C:D2,-55,127,6.0,2.5,1.5
1784195819744,2026-07-16 11:56:59.744,C3:00:00:63:4D:09,-61,127,6.0,2.5,1.5
1784195819747,2026-07-16 11:56:59.747,C3:00:00:63:4D:08,-55,127,6.0,2.5,1.5
1784195819754,2026-07-16 11:56:59.754,C3:00:00:63:4D:05,-55,127,6.0,2.5,1.5
1784195819762,2026-07-16 11:56:59.762,C3:00:00:63:4D:0D,-60,127,6.0,2.5,1.5
1784195819798,2026-07-16 11:56:59.798,C3:00:00:63:4C:D2,-55,127,6.0,2.5,1.5
1784195819834,2026-07-16 11:56:59.834,C3:00:00:63:4D:0D,-60,127,6.0,2.5,1.5
1784195819841,2026-07-16 11:56:59.841,C3:00:00:63:4C:D2,-64,127,6.0,2.5,1.5
1784195819854,2026-07-16 11:56:59.854,C3:00:00:63:4D:04,-56,127,6.0,2.5,1.5
1784195819861,2026-07-16 11:56:59.861,C3:00:00:63:4D:09,-61,127,6.0,2.5,1.5
1784195819870,2026-07-16 11:56:59.870,C3:00:00:63:4D:0A,-58,127,6.0,2.5,1.5
1784195819873,2026-07-16 11:56:59.873,C3:00:00:63:4D:05,-56,127,6.0,2.5,1.5
1784195819897,2026-07-16 11:56:59.897,C3:00:00:63:4D:05,-56,127,6.0,2.5,1.5
1784195819954,2026-07-16 11:56:59.954,C3:00:00:63:4D:0D,-61,127,6.0,2.5,1.5
1784195819973,2026-07-16 11:56:59.973,C3:00:00:63:4D:09,-74,127,6.0,2.5,1.5
1784195819982,2026-07-16 11:56:59.982,C3:00:00:63:4D:04,-64,127,6.0,2.5,1.5
1784195819993,2026-07-16 11:56:59.993,C3:00:00:63:4D:05,-55,127,6.0,2.5,1.5
1784195820044,2026-07-16 11:57:00.044,C3:00:00:63:4D:08,-54,127,6.0,2.5,1.5
1784195820064,2026-07-16 11:57:00.064,C3:00:00:63:4D:0D,-60,127,6.0,2.5,1.5
1784195820069,2026-07-16 11:57:00.069,C3:00:00:63:4D:07,-78,127,6.0,2.5,1.5
1784195820082,2026-07-16 11:57:00.082,C3:00:00:63:4D:04,-58,127,6.0,2.5,1.5
1784195820086,2026-07-16 11:57:00.086,C3:00:00:63:4D:05,-54,127,6.0,2.5,1.5
1784195820179,2026-07-16 11:57:00.179,C3:00:00:63:4C:D2,-65,127,6.0,2.5,1.5
1784195820185,2026-07-16 11:57:00.185,C3:00:00:63:4D:07,-62,127,6.0,2.5,1.5
1784195820190,2026-07-16 11:57:00.190,C3:00:00:63:4D:08,-61,127,6.0,2.5,1.5
1784195820195,2026-07-16 11:57:00.195,C3:00:00:63:4D:0A,-58,127,6.0,2.5,1.5
1784195820199,2026-07-16 11:57:00.199,C3:00:00:63:4D:04,-56,127,6.0,2.5,1.5
1784195820203,2026-07-16 11:57:00.203,C3:00:00:63:4D:09,-61,127,6.0,2.5,1.5
1784195820208,2026-07-16 11:57:00.208,C3:00:00:63:4D:05,-56,127,6.0,2.5,1.5
1784195820210,2026-07-16 11:57:00.210,C3:00:00:63:4D:07,-62,127,6.0,2.5,1.5
1784195820249,2026-07-16 11:57:00.249,C3:00:00:63:4D:08,-56,127,6.0,2.5,1.5
1784195820254,2026-07-16 11:57:00.254,C3:00:00:63:4D:04,-72,127,6.0,2.5,1.5
1784195820295,2026-07-16 11:57:00.295,C3:00:00:63:4D:07,-62,127,6.0,2.5,1.5
1784195820300,2026-07-16 11:57:00.300,C3:00:00:63:4D:0D,-62,127,6.0,2.5,1.5
1784195820359,2026-07-16 11:57:00.359,C3:00:00:63:4D:07,-82,127,6.0,2.5,1.5
1784195820364,2026-07-16 11:57:00.364,C3:00:00:63:4D:08,-54,127,6.0,2.5,1.5
1784195820406,2026-07-16 11:57:00.406,C3:00:00:63:4C:D2,-55,127,6.0,2.5,1.5
1784195820410,2026-07-16 11:57:00.410,C3:00:00:63:4D:07,-76,127,6.0,2.5,1.5
1784195820434,2026-07-16 11:57:00.434,C3:00:00:63:4D:04,-58,127,6.0,2.5,1.5
1784195820439,2026-07-16 11:57:00.439,C3:00:00:63:4D:09,-61,127,6.0,2.5,1.5
1784195820445,2026-07-16 11:57:00.445,C3:00:00:63:4D:08,-60,127,6.0,2.5,1.5
1784195820494,2026-07-16 11:57:00.494,C3:00:00:63:4D:0A,-58,127,6.0,2.5,1.5
1784195820594,2026-07-16 11:57:00.594,C3:00:00:63:4D:07,-64,127,6.0,2.5,1.5
1784195820614,2026-07-16 11:57:00.614,C3:00:00:63:4D:0D,-70,127,6.0,2.5,1.5
1784195820633,2026-07-16 11:57:00.633,C3:00:00:63:4D:05,-56,127,6.0,2.5,1.5
1784195820640,2026-07-16 11:57:00.640,C3:00:00:63:4D:07,-62,127,6.0,2.5,1.5
1784195820647,2026-07-16 11:57:00.647,C3:00:00:63:4D:0D,-60,127,6.0,2.5,1.5
1784195820650,2026-07-16 11:57:00.650,C3:00:00:63:4D:08,-54,127,6.0,2.5,1.5
1784195820697,2026-07-16 11:57:00.697,C3:00:00:63:4D:0A,-74,127,6.0,2.5,1.5
1784195820735,2026-07-16 11:57:00.735,C3:00:00:63:4C:D2,-55,127,6.0,2.5,1.5
1784195820745,2026-07-16 11:57:00.745,C3:00:00:63:4D:08,-60,127,6.0,2.5,1.5
1784195820758,2026-07-16 11:57:00.758,C3:00:00:63:4D:05,-54,127,6.0,2.5,1.5
1784195820773,2026-07-16 11:57:00.773,C3:00:00:63:4D:04,-56,127,6.0,2.5,1.5
1784195820808,2026-07-16 11:57:00.808,C3:00:00:63:4D:0A,-58,127,6.0,2.5,1.5
1784195820826,2026-07-16 11:57:00.826,C3:00:00:63:4D:0A,-58,127,6.0,2.5,1.5
1784195820848,2026-07-16 11:57:00.848,C3:00:00:63:4D:0D,-62,127,6.0,2.5,1.5
1784195820856,2026-07-16 11:57:00.856,C3:00:00:63:4D:0A,-66,127,6.0,2.5,1.5
1784195820862,2026-07-16 11:57:00.862,C3:00:00:63:4D:05,-56,127,6.0,2.5,1.5
1784195820882,2026-07-16 11:57:00.882,C3:00:00:63:4D:09,-73,127,6.0,2.5,1.5
1784195820884,2026-07-16 11:57:00.884,C3:00:00:63:4D:04,-65,127,6.0,2.5,1.5
1784195820890,2026-07-16 11:57:00.890,C3:00:00:63:4D:05,-57,127,6.0,2.5,1.5
1784195820928,2026-07-16 11:57:00.928,C3:00:00:63:4D:04,-65,127,6.0,2.5,1.5
1784195820946,2026-07-16 11:57:00.946,C3:00:00:63:4D:08,-54,127,6.0,2.5,1.5
1784195820966,2026-07-16 11:57:00.966,C3:00:00:63:4C:D2,-54,127,6.0,2.5,1.5
1784195820987,2026-07-16 11:57:00.987,C3:00:00:63:4D:0D,-60,127,6.0,2.5,1.5
1784195821007,2026-07-16 11:57:01.007,C3:00:00:63:4D:04,-58,127,6.0,2.5,1.5
1784195821012,2026-07-16 11:57:01.012,C3:00:00:63:4D:0A,-74,127,6.0,2.5,1.5
1784195821044,2026-07-16 11:57:01.044,C3:00:00:63:4D:08,-54,127,6.0,2.5,1.5
1784195821079,2026-07-16 11:57:01.079,C3:00:00:63:4C:D2,-66,127,6.0,2.5,1.5
1784195821085,2026-07-16 11:57:01.085,C3:00:00:63:4D:05,-54,127,6.0,2.5,1.5
1784195821094,2026-07-16 11:57:01.094,C3:00:00:63:4D:0D,-69,127,6.0,2.5,1.5
1784195821109,2026-07-16 11:57:01.109,C3:00:00:63:4D:09,-62,127,6.0,2.5,1.5
1784195821118,2026-07-16 11:57:01.118,C3:00:00:63:4D:0A,-58,127,6.0,2.5,1.5
1784195821151,2026-07-16 11:57:01.151,C3:00:00:63:4D:08,-56,127,6.0,2.5,1.5
1784195821185,2026-07-16 11:57:01.185,C3:00:00:63:4C:D2,-55,127,6.0,2.5,1.5
1784195821193,2026-07-16 11:57:01.193,C3:00:00:63:4D:05,-55,127,6.0,2.5,1.5
1784195821226,2026-07-16 11:57:01.226,C3:00:00:63:4D:04,-64,127,6.0,2.5,1.5
1784195821251,2026-07-16 11:57:01.251,C3:00:00:63:4D:08,-54,127,6.0,2.5,1.5
1784195821298,2026-07-16 11:57:01.298,C3:00:00:63:4C:D2,-55,127,6.0,2.5,1.5
1784195821307,2026-07-16 11:57:01.307,C3:00:00:63:4D:05,-54,127,6.0,2.5,1.5
1784195821322,2026-07-16 11:57:01.322,C3:00:00:63:4D:04,-58,127,6.0,2.5,1.5
1784195821324,2026-07-16 11:57:01.324,C3:00:00:63:4D:09,-61,127,6.0,2.5,1.5
1784195821347,2026-07-16 11:57:01.347,C3:00:00:63:4D:08,-61,127,6.0,2.5,1.5
1784195821416,2026-07-16 11:57:01.416,C3:00:00:63:4D:05,-56,127,6.0,2.5,1.5
1784195821426,2026-07-16 11:57:01.426,C3:00:00:63:4D:0A,-58,127,6.0,2.5,1.5
1784195821446,2026-07-16 11:57:01.446,C3:00:00:63:4D:09,-73,127,6.0,2.5,1.5
1784195821448,2026-07-16 11:57:01.448,C3:00:00:63:4D:08,-56,127,6.0,2.5,1.5
1784195821450,2026-07-16 11:57:01.450,C3:00:00:63:4D:07,-63,127,6.0,2.5,1.5
1784195821453,2026-07-16 11:57:01.453,C3:00:00:63:4D:04,-64,127,6.0,2.5,1.5
1784195821515,2026-07-16 11:57:01.515,C3:00:00:63:4D:05,-55,127,6.0,2.5,1.5
1784195821521,2026-07-16 11:57:01.521,C3:00:00:63:4C:D2,-55,127,6.0,2.5,1.5
1784195821528,2026-07-16 11:57:01.528,C3:00:00:63:4D:0A,-67,127,6.0,2.5,1.5
1784195821550,2026-07-16 11:57:01.550,C3:00:00:63:4D:08,-54,127,6.0,2.5,1.5
1784195821559,2026-07-16 11:57:01.559,C3:00:00:63:4D:07,-79,127,6.0,2.5,1.5
1784195821563,2026-07-16 11:57:01.563,C3:00:00:63:4D:0D,-60,127,6.0,2.5,1.5
1784195821571,2026-07-16 11:57:01.571,C3:00:00:63:4D:04,-58,127,6.0,2.5,1.5
1784195821577,2026-07-16 11:57:01.577,C3:00:00:63:4D:09,-61,127,6.0,2.5,1.5
1784195821629,2026-07-16 11:57:01.629,C3:00:00:63:4C:D2,-55,127,6.0,2.5,1.5
1784195821632,2026-07-16 11:57:01.632,C3:00:00:63:4D:0A,-76,127,6.0,2.5,1.5
1784195821647,2026-07-16 11:57:01.647,C3:00:00:63:4D:08,-61,127,6.0,2.5,1.5
1784195821697,2026-07-16 11:57:01.697,C3:00:00:63:4D:04,-55,127,6.0,2.5,1.5
1784195821740,2026-07-16 11:57:01.740,C3:00:00:63:4D:05,-54,127,6.0,2.5,1.5
1784195821848,2026-07-16 11:57:01.848,C3:00:00:63:4D:05,-54,127,6.0,2.5,1.5
1784195821854,2026-07-16 11:57:01.854,C3:00:00:63:4D:08,-54,127,6.0,2.5,1.5
1784195821894,2026-07-16 11:57:01.894,C3:00:00:63:4D:09,-61,127,6.0,2.5,1.5
1784195821900,2026-07-16 11:57:01.900,C3:00:00:63:4D:05,-55,127,6.0,2.5,1.5
1784195821926,2026-07-16 11:57:01.926,C3:00:00:63:4D:04,-58,127,6.0,2.5,1.5
1784195821949,2026-07-16 11:57:01.949,C3:00:00:63:4D:0A,-58,127,6.0,2.5,1.5
1784195821959,2026-07-16 11:57:01.959,C3:00:00:63:4D:05,-54,127,6.0,2.5,1.5
1784195821973,2026-07-16 11:57:01.973,C3:00:00:63:4C:D2,-66,127,6.0,2.5,1.5
1784195822018,2026-07-16 11:57:02.018,C3:00:00:63:4D:07,-61,127,6.0,2.5,1.5
1784195822021,2026-07-16 11:57:02.021,C3:00:00:63:4D:0D,-68,127,6.0,2.5,1.5
1784195822039,2026-07-16 11:57:02.039,C3:00:00:63:4D:04,-56,127,6.0,2.5,1.5
1784195822044,2026-07-16 11:57:02.044,C3:00:00:63:4D:08,-58,127,6.0,2.5,1.5
1784195822072,2026-07-16 11:57:02.072,C3:00:00:63:4D:05,-56,127,6.0,2.5,1.5
1784195822124,2026-07-16 11:57:02.124,C3:00:00:63:4D:09,-74,127,6.0,2.5,1.5
1784195822149,2026-07-16 11:57:02.149,C3:00:00:63:4D:08,-56,127,6.0,2.5,1.5
1784195822154,2026-07-16 11:57:02.154,C3:00:00:63:4D:04,-58,127,6.0,2.5,1.5
1784195822159,2026-07-16 11:57:02.159,C3:00:00:63:4D:0A,-76,127,6.0,2.5,1.5
1784195822184,2026-07-16 11:57:02.184,C3:00:00:63:4D:08,-54,127,6.0,2.5,1.5
1784195822239,2026-07-16 11:57:02.239,C3:00:00:63:4D:09,-62,127,6.0,2.5,1.5
1784195822245,2026-07-16 11:57:02.245,C3:00:00:63:4D:0D,-83,127,6.0,2.5,1.5
1784195822255,2026-07-16 11:57:02.255,C3:00:00:63:4D:0A,-58,127,6.0,2.5,1.5
1784195822289,2026-07-16 11:57:02.289,C3:00:00:63:4D:05,-56,127,6.0,2.5,1.5
1784195822302,2026-07-16 11:57:02.302,C3:00:00:63:4C:D2,-65,127,6.0,2.5,1.5
1784195822345,2026-07-16 11:57:02.345,C3:00:00:63:4D:08,-56,127,6.0,2.5,1.5
1784195822351,2026-07-16 11:57:02.351,C3:00:00:63:4D:09,-74,127,6.0,2.5,1.5
1784195822359,2026-07-16 11:57:02.359,C3:00:00:63:4D:07,-63,127,6.0,2.5,1.5
1784195822372,2026-07-16 11:57:02.372,C3:00:00:63:4D:0D,-61,127,6.0,2.5,1.5
1784195822374,2026-07-16 11:57:02.374,C3:00:00:63:4D:08,-57,127,6.0,2.5,1.5
1784195822381,2026-07-16 11:57:02.381,C3:00:00:63:4D:04,-64,127,6.0,2.5,1.5
1784195822393,2026-07-16 11:57:02.393,C3:00:00:63:4D:05,-55,127,6.0,2.5,1.5
1784195822407,2026-07-16 11:57:02.407,C3:00:00:63:4C:D2,-55,127,6.0,2.5,1.5
1784195822446,2026-07-16 11:57:02.446,C3:00:00:63:4D:08,-54,127,6.0,2.5,1.5
1784195822464,2026-07-16 11:57:02.464,C3:00:00:63:4D:09,-64,127,6.0,2.5,1.5
1784195822479,2026-07-16 11:57:02.479,C3:00:00:63:4D:0D,-60,127,6.0,2.5,1.5
1784195822498,2026-07-16 11:57:02.498,C3:00:00:63:4D:04,-58,127,6.0,2.5,1.5
1784195822509,2026-07-16 11:57:02.509,C3:00:00:63:4D:05,-54,127,6.0,2.5,1.5
1784195822527,2026-07-16 11:57:02.527,C3:00:00:63:4C:D2,-54,127,6.0,2.5,1.5
1784195822555,2026-07-16 11:57:02.555,C3:00:00:63:4D:08,-60,127,6.0,2.5,1.5
1784195822615,2026-07-16 11:57:02.615,C3:00:00:63:4D:04,-56,127,6.0,2.5,1.5
1784195822642,2026-07-16 11:57:02.642,C3:00:00:63:4C:D2,-66,127,6.0,2.5,1.5
1784195822671,2026-07-16 11:57:02.671,C3:00:00:63:4D:0A,-66,127,6.0,2.5,1.5
1784195822705,2026-07-16 11:57:02.705,C3:00:00:63:4D:07,-62,127,6.0,2.5,1.5
1784195822733,2026-07-16 11:57:02.733,C3:00:00:63:4D:05,-57,127,6.0,2.5,1.5
1784195822740,2026-07-16 11:57:02.740,C3:00:00:63:4D:08,-54,127,6.0,2.5,1.5
1784195822781,2026-07-16 11:57:02.781,C3:00:00:63:4D:0A,-76,127,6.0,2.5,1.5
1784195822794,2026-07-16 11:57:02.794,C3:00:00:63:4D:09,-62,127,6.0,2.5,1.5
1784195822807,2026-07-16 11:57:02.807,C3:00:00:63:4D:0A,-76,127,6.0,2.5,1.5
1784195822825,2026-07-16 11:57:02.825,C3:00:00:63:4D:07,-78,127,6.0,2.5,1.5
1784195822827,2026-07-16 11:57:02.827,C3:00:00:63:4D:0D,-60,127,6.0,2.5,1.5
1784195822840,2026-07-16 11:57:02.840,C3:00:00:63:4D:0D,-83,127,6.0,2.5,1.5
1784195822869,2026-07-16 11:57:02.869,C3:00:00:63:4D:0A,-58,127,6.0,2.5,1.5
1784195822897,2026-07-16 11:57:02.897,C3:00:00:63:4D:05,-56,127,6.0,2.5,1.5
1784195822913,2026-07-16 11:57:02.913,C3:00:00:63:4D:09,-61,127,6.0,2.5,1.5
1784195822954,2026-07-16 11:57:02.954,C3:00:00:63:4D:05,-55,127,6.0,2.5,1.5
1784195822957,2026-07-16 11:57:02.957,C3:00:00:63:4D:04,-64,127,6.0,2.5,1.5
1784195822971,2026-07-16 11:57:02.971,C3:00:00:63:4C:D2,-55,127,6.0,2.5,1.5
1784195822990,2026-07-16 11:57:02.990,C3:00:00:63:4D:0A,-66,127,6.0,2.5,1.5
1784195823051,2026-07-16 11:57:03.051,C3:00:00:63:4D:08,-54,127,6.0,2.5,1.5
1784195823057,2026-07-16 11:57:03.057,C3:00:00:63:4D:0D,-60,127,6.0,2.5,1.5
1784195823063,2026-07-16 11:57:03.063,C3:00:00:63:4C:D2,-56,127,6.0,2.5,1.5
1784195823146,2026-07-16 11:57:03.146,C3:00:00:63:4D:08,-61,127,6.0,2.5,1.5
1784195823177,2026-07-16 11:57:03.177,C3:00:00:63:4D:07,-62,127,6.0,2.5,1.5
1784195823181,2026-07-16 11:57:03.181,C3:00:00:63:4D:05,-56,127,6.0,2.5,1.5
1784195823185,2026-07-16 11:57:03.185,C3:00:00:63:4D:0D,-83,127,6.0,2.5,1.5
1784195823187,2026-07-16 11:57:03.187,C3:00:00:63:4D:04,-56,127,6.0,2.5,1.5
1784195823284,2026-07-16 11:57:03.284,C3:00:00:63:4D:05,-56,127,6.0,2.5,1.5
1784195823290,2026-07-16 11:57:03.290,C3:00:00:63:4D:0D,-62,127,6.0,2.5,1.5
1784195823315,2026-07-16 11:57:03.315,C3:00:00:63:4C:D2,-54,127,6.0,2.5,1.5
1784195823328,2026-07-16 11:57:03.328,C3:00:00:63:4D:04,-65,127,6.0,2.5,1.5
1784195823345,2026-07-16 11:57:03.345,C3:00:00:63:4D:08,-54,127,6.0,2.5,1.5
1784195823360,2026-07-16 11:57:03.360,C3:00:00:63:4D:09,-61,127,6.0,2.5,1.5
1784195823402,2026-07-16 11:57:03.402,C3:00:00:63:4D:0D,-60,127,6.0,2.5,1.5
1784195823405,2026-07-16 11:57:03.405,C3:00:00:63:4D:0A,-76,127,6.0,2.5,1.5
1784195823412,2026-07-16 11:57:03.412,C3:00:00:63:4D:04,-58,127,6.0,2.5,1.5
1784195823417,2026-07-16 11:57:03.417,C3:00:00:63:4C:D2,-55,127,6.0,2.5,1.5
1784195823448,2026-07-16 11:57:03.448,C3:00:00:63:4D:08,-60,127,6.0,2.5,1.5
1784195823475,2026-07-16 11:57:03.475,C3:00:00:63:4D:09,-61,127,6.0,2.5,1.5
1784195823499,2026-07-16 11:57:03.499,C3:00:00:63:4D:05,-57,127,6.0,2.5,1.5
1784195823505,2026-07-16 11:57:03.505,C3:00:00:63:4D:0A,-58,127,6.0,2.5,1.5
1784195823536,2026-07-16 11:57:03.536,C3:00:00:63:4D:04,-56,127,6.0,2.5,1.5
1784195823540,2026-07-16 11:57:03.540,C3:00:00:63:4C:D2,-65,127,6.0,2.5,1.5
1784195823575,2026-07-16 11:57:03.575,C3:00:00:63:4D:09,-74,127,6.0,2.5,1.5
1784195823596,2026-07-16 11:57:03.596,C3:00:00:63:4D:09,-73,127,6.0,2.5,1.5
1784195823610,2026-07-16 11:57:03.610,C3:00:00:63:4D:05,-55,127,6.0,2.5,1.5
1784195823614,2026-07-16 11:57:03.614,C3:00:00:63:4D:0A,-66,127,6.0,2.5,1.5
1784195823619,2026-07-16 11:57:03.619,C3:00:00:63:4D:09,-73,127,6.0,2.5,1.5
1784195823632,2026-07-16 11:57:03.632,C3:00:00:63:4D:08,-63,127,6.0,2.5,1.5
1784195823639,2026-07-16 11:57:03.639,C3:00:00:63:4D:04,-64,127,6.0,2.5,1.5
1784195823644,2026-07-16 11:57:03.644,C3:00:00:63:4C:D2,-55,127,6.0,2.5,1.5
1784195823651,2026-07-16 11:57:03.651,C3:00:00:63:4D:08,-54,127,6.0,2.5,1.5
1784195823683,2026-07-16 11:57:03.683,C3:00:00:63:4C:D2,-62,127,6.0,2.5,1.5
1784195823704,2026-07-16 11:57:03.704,C3:00:00:63:4D:09,-61,127,6.0,2.5,1.5
1784195823719,2026-07-16 11:57:03.719,C3:00:00:63:4D:0A,-76,127,6.0,2.5,1.5
1784195823723,2026-07-16 11:57:03.723,C3:00:00:63:4D:05,-54,127,6.0,2.5,1.5
1784195823740,2026-07-16 11:57:03.740,C3:00:00:63:4D:08,-54,127,6.0,2.5,1.5
1784195823757,2026-07-16 11:57:03.757,C3:00:00:63:4C:D2,-65,127,6.0,2.5,1.5
1784195823761,2026-07-16 11:57:03.761,C3:00:00:63:4D:04,-56,127,6.0,2.5,1.5
1784195823779,2026-07-16 11:57:03.779,C3:00:00:63:4D:0D,-83,127,6.0,2.5,1.5
1784195823821,2026-07-16 11:57:03.821,C3:00:00:63:4D:09,-61,127,6.0,2.5,1.5
1784195823823,2026-07-16 11:57:03.823,C3:00:00:63:4D:0A,-58,127,6.0,2.5,1.5
1784195823841,2026-07-16 11:57:03.841,C3:00:00:63:4D:08,-56,127,6.0,2.5,1.5
1784195823853,2026-07-16 11:57:03.853,C3:00:00:63:4D:07,-62,127,6.0,2.5,1.5
1784195823867,2026-07-16 11:57:03.867,C3:00:00:63:4D:0D,-61,127,6.0,2.5,1.5
1784195823874,2026-07-16 11:57:03.874,C3:00:00:63:4C:D2,-55,127,6.0,2.5,1.5
1784195823878,2026-07-16 11:57:03.878,C3:00:00:63:4D:04,-64,127,6.0,2.5,1.5
1784195823913,2026-07-16 11:57:03.913,C3:00:00:63:4D:05,-56,127,6.0,2.5,1.5
1784195823924,2026-07-16 11:57:03.924,C3:00:00:63:4D:0A,-66,127,6.0,2.5,1.5
1784195823927,2026-07-16 11:57:03.927,C3:00:00:63:4D:09,-74,127,6.0,2.5,1.5
1784195823942,2026-07-16 11:57:03.942,C3:00:00:63:4D:08,-56,127,6.0,2.5,1.5
1784195823971,2026-07-16 11:57:03.971,C3:00:00:63:4D:07,-78,127,6.0,2.5,1.5
1784195823986,2026-07-16 11:57:03.986,C3:00:00:63:4D:04,-58,127,6.0,2.5,1.5
1784195824032,2026-07-16 11:57:04.032,C3:00:00:63:4D:0A,-76,127,6.0,2.5,1.5
1784195824036,2026-07-16 11:57:04.036,C3:00:00:63:4D:09,-61,127,6.0,2.5,1.5
1784195824043,2026-07-16 11:57:04.043,C3:00:00:63:4D:08,-61,127,6.0,2.5,1.5
1784195824054,2026-07-16 11:57:04.054,C3:00:00:63:4D:05,-56,127,6.0,2.5,1.5
1784195824090,2026-07-16 11:57:04.090,C3:00:00:63:4D:07,-62,127,6.0,2.5,1.5
1784195824095,2026-07-16 11:57:04.095,C3:00:00:63:4C:D2,-65,127,6.0,2.5,1.5
1784195824108,2026-07-16 11:57:04.108,C3:00:00:63:4D:04,-56,127,6.0,2.5,1.5
1784195824131,2026-07-16 11:57:04.131,C3:00:00:63:4D:0A,-58,127,6.0,2.5,1.5
1784195824153,2026-07-16 11:57:04.153,C3:00:00:63:4D:08,-56,127,6.0,2.5,1.5
1784195824160,2026-07-16 11:57:04.160,C3:00:00:63:4D:05,-55,127,6.0,2.5,1.5
1784195824195,2026-07-16 11:57:04.195,C3:00:00:63:4D:08,-56,127,6.0,2.5,1.5
1784195824207,2026-07-16 11:57:04.207,C3:00:00:63:4C:D2,-55,127,6.0,2.5,1.5
1784195824222,2026-07-16 11:57:04.222,C3:00:00:63:4D:04,-64,127,6.0,2.5,1.5
1784195824236,2026-07-16 11:57:04.236,C3:00:00:63:4D:07,-63,127,6.0,2.5,1.5
1784195824244,2026-07-16 11:57:04.244,C3:00:00:63:4D:0A,-66,127,6.0,2.5,1.5
1784195824251,2026-07-16 11:57:04.251,C3:00:00:63:4D:08,-54,127,6.0,2.5,1.5
1784195824263,2026-07-16 11:57:04.263,C3:00:00:63:4D:07,-78,127,6.0,2.5,1.5
1784195824273,2026-07-16 11:57:04.273,C3:00:00:63:4D:05,-54,127,6.0,2.5,1.5
1784195824323,2026-07-16 11:57:04.323,C3:00:00:63:4D:07,-77,127,6.0,2.5,1.5
1784195824356,2026-07-16 11:57:04.356,C3:00:00:63:4D:08,-61,127,6.0,2.5,1.5
1784195824432,2026-07-16 11:57:04.432,C3:00:00:63:4D:0D,-68,127,6.0,2.5,1.5
1784195824438,2026-07-16 11:57:04.438,C3:00:00:63:4C:D2,-66,127,6.0,2.5,1.5
1784195824444,2026-07-16 11:57:04.444,C3:00:00:63:4D:07,-60,127,6.0,2.5,1.5
1784195824451,2026-07-16 11:57:04.451,C3:00:00:63:4D:0A,-66,127,6.0,2.5,1.5
1784195824534,2026-07-16 11:57:04.534,C3:00:00:63:4C:D2,-55,127,6.0,2.5,1.5
1784195824541,2026-07-16 11:57:04.541,C3:00:00:63:4D:07,-75,127,6.0,2.5,1.5
1784195824545,2026-07-16 11:57:04.545,C3:00:00:63:4D:08,-52,127,6.0,2.5,1.5
1784195824559,2026-07-16 11:57:04.559,C3:00:00:63:4C:D2,-54,127,6.0,2.5,1.5
1784195824565,2026-07-16 11:57:04.565,C3:00:00:63:4D:04,-58,127,6.0,2.5,1.5
1784195824605,2026-07-16 11:57:04.605,C3:00:00:63:4D:05,-54,127,6.0,2.5,1.5
1784195824608,2026-07-16 11:57:04.608,C3:00:00:63:4D:09,-61,127,6.0,2.5,1.5
1784195824630,2026-07-16 11:57:04.630,C3:00:00:63:4D:0D,-68,127,6.0,2.5,1.5
1784195824639,2026-07-16 11:57:04.639,C3:00:00:63:4D:08,-54,127,6.0,2.5,1.5
1784195824652,2026-07-16 11:57:04.652,C3:00:00:63:4D:0A,-58,127,6.0,2.5,1.5
1784195824658,2026-07-16 11:57:04.658,C3:00:00:63:4D:07,-60,127,6.0,2.5,1.5
1784195824676,2026-07-16 11:57:04.676,C3:00:00:63:4D:04,-56,127,6.0,2.5,1.5
1784195824712,2026-07-16 11:57:04.712,C3:00:00:63:4D:05,-56,127,6.0,2.5,1.5
1784195824718,2026-07-16 11:57:04.718,C3:00:00:63:4D:09,-61,127,6.0,2.5,1.5
1784195824741,2026-07-16 11:57:04.741,C3:00:00:63:4D:08,-56,127,6.0,2.5,1.5
1784195824763,2026-07-16 11:57:04.763,C3:00:00:63:4C:D2,-56,127,6.0,2.5,1.5
1784195824775,2026-07-16 11:57:04.775,C3:00:00:63:4D:07,-62,127,6.0,2.5,1.5
1784195824801,2026-07-16 11:57:04.801,C3:00:00:63:4D:04,-64,127,6.0,2.5,1.5
1784195824822,2026-07-16 11:57:04.822,C3:00:00:63:4D:05,-55,127,6.0,2.5,1.5
1784195824847,2026-07-16 11:57:04.847,C3:00:00:63:4D:08,-55,127,6.0,2.5,1.5
1784195824850,2026-07-16 11:57:04.850,C3:00:00:63:4D:0D,-60,127,6.0,2.5,1.5
1784195824877,2026-07-16 11:57:04.877,C3:00:00:63:4C:D2,-55,127,6.0,2.5,1.5
1784195824881,2026-07-16 11:57:04.881,C3:00:00:63:4D:0A,-76,127,6.0,2.5,1.5
1784195824892,2026-07-16 11:57:04.892,C3:00:00:63:4D:0D,-60,127,6.0,2.5,1.5
1784195824903,2026-07-16 11:57:04.903,C3:00:00:63:4D:07,-78,127,6.0,2.5,1.5
1784195824911,2026-07-16 11:57:04.911,C3:00:00:63:4D:05,-55,127,6.0,2.5,1.5
1784195824913,2026-07-16 11:57:04.913,C3:00:00:63:4D:04,-58,127,6.0,2.5,1.5
1784195824932,2026-07-16 11:57:04.932,C3:00:00:63:4D:04,-58,127,6.0,2.5,1.5
1784195824941,2026-07-16 11:57:04.941,C3:00:00:63:4D:08,-61,127,6.0,2.5,1.5
1784195824997,2026-07-16 11:57:04.997,C3:00:00:63:4C:D2,-66,127,6.0,2.5,1.5
1784195825008,2026-07-16 11:57:05.008,C3:00:00:63:4D:0D,-82,127,6.0,2.5,1.5
1784195825023,2026-07-16 11:57:05.023,C3:00:00:63:4D:07,-62,127,6.0,2.5,1.5
1784195825035,2026-07-16 11:57:05.035,C3:00:00:63:4D:04,-56,127,6.0,2.5,1.5
1784195825042,2026-07-16 11:57:05.042,C3:00:00:63:4D:05,-56,127,6.0,2.5,1.5
1784195825064,2026-07-16 11:57:05.064,C3:00:00:63:4D:09,-73,127,6.0,2.5,1.5
1784195825067,2026-07-16 11:57:05.067,C3:00:00:63:4D:0A,-65,127,6.0,2.5,1.5
1784195825080,2026-07-16 11:57:05.080,C3:00:00:63:4C:D2,-55,127,6.0,2.5,1.5
1784195825128,2026-07-16 11:57:05.128,C3:00:00:63:4D:0D,-62,127,6.0,2.5,1.5
1784195825147,2026-07-16 11:57:05.147,C3:00:00:63:4D:0A,-82,127,6.0,2.5,1.5
1784195825152,2026-07-16 11:57:05.152,C3:00:00:63:4D:04,-58,127,6.0,2.5,1.5
1784195825156,2026-07-16 11:57:05.156,C3:00:00:63:4D:08,-55,127,6.0,2.5,1.5
1784195825158,2026-07-16 11:57:05.158,C3:00:00:63:4D:05,-54,127,6.0,2.5,1.5
1784195825181,2026-07-16 11:57:05.181,C3:00:00:63:4D:0A,-74,127,6.0,2.5,1.5
1784195825216,2026-07-16 11:57:05.216,C3:00:00:63:4C:D2,-54,127,6.0,2.5,1.5
1784195825237,2026-07-16 11:57:05.237,C3:00:00:63:4D:0D,-59,127,6.0,2.5,1.5
1784195825247,2026-07-16 11:57:05.247,C3:00:00:63:4D:08,-60,127,6.0,2.5,1.5
1784195825259,2026-07-16 11:57:05.259,C3:00:00:63:4D:04,-55,127,6.0,2.5,1.5
1784195825262,2026-07-16 11:57:05.262,C3:00:00:63:4D:05,-54,127,6.0,2.5,1.5
1784195825273,2026-07-16 11:57:05.273,C3:00:00:63:4D:0A,-58,127,6.0,2.5,1.5
1784195825284,2026-07-16 11:57:05.284,C3:00:00:63:4D:09,-60,127,6.0,2.5,1.5
1784195825330,2026-07-16 11:57:05.330,C3:00:00:63:4C:D2,-65,127,6.0,2.5,1.5
1784195825356,2026-07-16 11:57:05.356,C3:00:00:63:4D:0D,-61,127,6.0,2.5,1.5
1784195825366,2026-07-16 11:57:05.366,C3:00:00:63:4D:05,-55,127,6.0,2.5,1.5
1784195825379,2026-07-16 11:57:05.379,C3:00:00:63:4D:04,-64,127,6.0,2.5,1.5
1784195825381,2026-07-16 11:57:05.381,C3:00:00:63:4D:0A,-66,127,6.0,2.5,1.5
1784195825393,2026-07-16 11:57:05.393,C3:00:00:63:4D:09,-73,127,6.0,2.5,1.5
1784195825442,2026-07-16 11:57:05.442,C3:00:00:63:4C:D2,-55,127,6.0,2.5,1.5
1784195825461,2026-07-16 11:57:05.461,C3:00:00:63:4D:0D,-60,127,6.0,2.5,1.5
1784195825477,2026-07-16 11:57:05.477,C3:00:00:63:4D:0D,-60,127,6.0,2.5,1.5
1784195825492,2026-07-16 11:57:05.492,C3:00:00:63:4D:04,-58,127,6.0,2.5,1.5
1784195825552,2026-07-16 11:57:05.552,C3:00:00:63:4D:08,-61,127,6.0,2.5,1.5
1784195825557,2026-07-16 11:57:05.557,C3:00:00:63:4C:D2,-65,127,6.0,2.5,1.5
1784195825585,2026-07-16 11:57:05.585,C3:00:00:63:4D:09,-61,127,6.0,2.5,1.5
1784195825595,2026-07-16 11:57:05.595,C3:00:00:63:4D:0D,-82,127,6.0,2.5,1.5
1784195825598,2026-07-16 11:57:05.598,C3:00:00:63:4D:0A,-58,127,6.0,2.5,1.5
1784195825602,2026-07-16 11:57:05.602,C3:00:00:63:4D:05,-56,127,6.0,2.5,1.5
1784195825605,2026-07-16 11:57:05.605,C3:00:00:63:4D:04,-56,127,6.0,2.5,1.5
1784195825616,2026-07-16 11:57:05.616,C3:00:00:63:4D:09,-61,127,6.0,2.5,1.5
1784195825695,2026-07-16 11:57:05.695,C3:00:00:63:4D:0A,-66,127,6.0,2.5,1.5
1784195825698,2026-07-16 11:57:05.698,C3:00:00:63:4D:07,-62,127,6.0,2.5,1.5
1784195825703,2026-07-16 11:57:05.703,C3:00:00:63:4D:09,-81,127,6.0,2.5,1.5
1784195825707,2026-07-16 11:57:05.707,C3:00:00:63:4D:0D,-61,127,6.0,2.5,1.5
1784195825716,2026-07-16 11:57:05.716,C3:00:00:63:4D:05,-55,127,6.0,2.5,1.5
1784195825719,2026-07-16 11:57:05.719,C3:00:00:63:4D:04,-64,127,6.0,2.5,1.5
1784195825744,2026-07-16 11:57:05.744,C3:00:00:63:4D:08,-54,127,6.0,2.5,1.5
1784195825777,2026-07-16 11:57:05.777,C3:00:00:63:4C:D2,-54,127,6.0,2.5,1.5
1784195825813,2026-07-16 11:57:05.813,C3:00:00:63:4D:05,-54,127,6.0,2.5,1.5
1784195825820,2026-07-16 11:57:05.820,C3:00:00:63:4D:0D,-59,127,6.0,2.5,1.5
1784195825826,2026-07-16 11:57:05.826,C3:00:00:63:4C:D2,-55,127,6.0,2.5,1.5
1784195825830,2026-07-16 11:57:05.830,C3:00:00:63:4D:04,-58,127,6.0,2.5,1.5
1784195825851,2026-07-16 11:57:05.851,C3:00:00:63:4D:09,-60,127,6.0,2.5,1.5
1784195825888,2026-07-16 11:57:05.888,C3:00:00:63:4C:D2,-66,127,6.0,2.5,1.5
1784195825899,2026-07-16 11:57:05.899,C3:00:00:63:4D:0A,-58,127,6.0,2.5,1.5
1784195825931,2026-07-16 11:57:05.931,C3:00:00:63:4D:05,-54,127,6.0,2.5,1.5
1784195825935,2026-07-16 11:57:05.935,C3:00:00:63:4D:0D,-68,127,6.0,2.5,1.5
1784195825962,2026-07-16 11:57:05.962,C3:00:00:63:4D:09,-73,127,6.0,2.5,1.5
1784195825975,2026-07-16 11:57:05.975,C3:00:00:63:4D:04,-65,127,6.0,2.5,1.5
1784195826005,2026-07-16 11:57:06.005,C3:00:00:63:4C:D2,-54,127,6.0,2.5,1.5
1784195826044,2026-07-16 11:57:06.044,C3:00:00:63:4D:08,-54,127,6.0,2.5,1.5
1784195826050,2026-07-16 11:57:06.050,C3:00:00:63:4D:0D,-59,127,6.0,2.5,1.5
1784195826056,2026-07-16 11:57:06.056,C3:00:00:63:4D:04,-58,127,6.0,2.5,1.5
1784195826110,2026-07-16 11:57:06.110,C3:00:00:63:4D:0A,-76,127,6.0,2.5,1.5
1784195826138,2026-07-16 11:57:06.138,C3:00:00:63:4D:05,-54,127,6.0,2.5,1.5
1784195826143,2026-07-16 11:57:06.143,C3:00:00:63:4D:08,-61,127,6.0,2.5,1.5
1784195826156,2026-07-16 11:57:06.156,C3:00:00:63:4D:07,-62,127,6.0,2.5,1.5
1784195826178,2026-07-16 11:57:06.178,C3:00:00:63:4D:04,-56,127,6.0,2.5,1.5
1784195826184,2026-07-16 11:57:06.184,C3:00:00:63:4D:09,-61,127,6.0,2.5,1.5
1784195826210,2026-07-16 11:57:06.210,C3:00:00:63:4D:08,-61,127,6.0,2.5,1.5
1784195826214,2026-07-16 11:57:06.214,C3:00:00:63:4D:0A,-58,127,6.0,2.5,1.5
1784195826223,2026-07-16 11:57:06.223,C3:00:00:63:4D:07,-63,127,6.0,2.5,1.5
1784195826231,2026-07-16 11:57:06.231,C3:00:00:63:4C:D2,-65,127,6.0,2.5,1.5
1784195826239,2026-07-16 11:57:06.239,C3:00:00:63:4D:08,-56,127,6.0,2.5,1.5
1784195826272,2026-07-16 11:57:06.272,C3:00:00:63:4D:0D,-61,127,6.0,2.5,1.5
1784195826297,2026-07-16 11:57:06.297,C3:00:00:63:4D:07,-63,127,6.0,2.5,1.5
1784195826326,2026-07-16 11:57:06.326,C3:00:00:63:4C:D2,-55,127,6.0,2.5,1.5
1784195826346,2026-07-16 11:57:06.346,C3:00:00:63:4D:08,-54,127,6.0,2.5,1.5
1784195826368,2026-07-16 11:57:06.368,C3:00:00:63:4D:05,-54,127,6.0,2.5,1.5
1784195826372,2026-07-16 11:57:06.372,C3:00:00:63:4D:08,-54,127,6.0,2.5,1.5
1784195826382,2026-07-16 11:57:06.382,C3:00:00:63:4D:0D,-60,127,6.0,2.5,1.5
1784195826397,2026-07-16 11:57:06.397,C3:00:00:63:4D:07,-78,127,6.0,2.5,1.5
1784195826401,2026-07-16 11:57:06.401,C3:00:00:63:4D:05,-54,127,6.0,2.5,1.5
1784195826402,2026-07-16 11:57:06.402,C3:00:00:63:4D:0A,-76,127,6.0,2.5,1.5
1784195826405,2026-07-16 11:57:06.405,C3:00:00:63:4D:04,-58,127,6.0,2.5,1.5
1784195826411,2026-07-16 11:57:06.411,C3:00:00:63:4D:09,-62,127,6.0,2.5,1.5
1784195826448,2026-07-16 11:57:06.448,C3:00:00:63:4C:D2,-65,127,6.0,2.5,1.5
1784195826451,2026-07-16 11:57:06.451,C3:00:00:63:4D:08,-61,127,6.0,2.5,1.5
1784195826528,2026-07-16 11:57:06.528,C3:00:00:63:4D:04,-56,127,6.0,2.5,1.5
1784195826533,2026-07-16 11:57:06.533,C3:00:00:63:4D:09,-61,127,6.0,2.5,1.5
1784195826538,2026-07-16 11:57:06.538,C3:00:00:63:4D:0A,-58,127,6.0,2.5,1.5
1784195826557,2026-07-16 11:57:06.557,C3:00:00:63:4C:D2,-55,127,6.0,2.5,1.5
1784195826579,2026-07-16 11:57:06.579,C3:00:00:63:4D:05,-55,127,6.0,2.5,1.5
1784195826618,2026-07-16 11:57:06.618,C3:00:00:63:4D:0D,-61,127,6.0,2.5,1.5
1784195826625,2026-07-16 11:57:06.625,C3:00:00:63:4D:07,-63,127,6.0,2.5,1.5
1784195826630,2026-07-16 11:57:06.630,C3:00:00:63:4D:0A,-66,127,6.0,2.5,1.5
1784195826636,2026-07-16 11:57:06.636,C3:00:00:63:4D:04,-64,127,6.0,2.5,1.5
1784195826644,2026-07-16 11:57:06.644,C3:00:00:63:4D:08,-56,127,6.0,2.5,1.5
1784195826738,2026-07-16 11:57:06.738,C3:00:00:63:4D:0D,-60,127,6.0,2.5,1.5
1784195826759,2026-07-16 11:57:06.759,C3:00:00:63:4D:09,-61,127,6.0,2.5,1.5
1784195826782,2026-07-16 11:57:06.782,C3:00:00:63:4C:D2,-65,127,6.0,2.5,1.5
1784195826800,2026-07-16 11:57:06.800,C3:00:00:63:4D:05,-56,127,6.0,2.5,1.5
1784195826845,2026-07-16 11:57:06.845,C3:00:00:63:4D:0A,-67,127,6.0,2.5,1.5
1784195826866,2026-07-16 11:57:06.866,C3:00:00:63:4D:09,-73,127,6.0,2.5,1.5
1784195826869,2026-07-16 11:57:06.869,C3:00:00:63:4D:04,-64,127,6.0,2.5,1.5
1784195826871,2026-07-16 11:57:06.871,C3:00:00:63:4D:0D,-62,127,6.0,2.5,1.5
1784195826874,2026-07-16 11:57:06.874,C3:00:00:63:4D:0A,-67,127,6.0,2.5,1.5
1784195826908,2026-07-16 11:57:06.908,C3:00:00:63:4D:05,-55,127,6.0,2.5,1.5
1784195826967,2026-07-16 11:57:06.967,C3:00:00:63:4D:07,-76,127,6.0,2.5,1.5
1784195826979,2026-07-16 11:57:06.979,C3:00:00:63:4D:09,-61,127,6.0,2.5,1.5
1784195826984,2026-07-16 11:57:06.984,C3:00:00:63:4D:04,-58,127,6.0,2.5,1.5
1784195827015,2026-07-16 11:57:07.015,C3:00:00:63:4D:05,-54,127,6.0,2.5,1.5
1784195827070,2026-07-16 11:57:07.070,C3:00:00:63:4D:09,-60,127,6.0,2.5,1.5
1784195827082,2026-07-16 11:57:07.082,C3:00:00:63:4D:07,-61,127,6.0,2.5,1.5
1784195827088,2026-07-16 11:57:07.088,C3:00:00:63:4D:0D,-69,127,6.0,2.5,1.5
1784195827094,2026-07-16 11:57:07.094,C3:00:00:63:4C:D2,-66,127,6.0,2.5,1.5
1784195827103,2026-07-16 11:57:07.103,C3:00:00:63:4D:09,-60,127,6.0,2.5,1.5
1784195827107,2026-07-16 11:57:07.107,C3:00:00:63:4D:04,-55,127,6.0,2.5,1.5
1784195827132,2026-07-16 11:57:07.132,C3:00:00:63:4D:05,-54,127,6.0,2.5,1.5
1784195827141,2026-07-16 11:57:07.141,C3:00:00:63:4D:08,-60,127,6.0,2.5,1.5
1784195827150,2026-07-16 11:57:07.150,C3:00:00:63:4D:0A,-66,127,6.0,2.5,1.5
1784195827193,2026-07-16 11:57:07.193,C3:00:00:63:4D:0D,-62,127,6.0,2.5,1.5
1784195827196,2026-07-16 11:57:07.196,C3:00:00:63:4D:07,-62,127,6.0,2.5,1.5
1784195827207,2026-07-16 11:57:07.207,C3:00:00:63:4D:04,-65,127,6.0,2.5,1.5
1784195827228,2026-07-16 11:57:07.228,C3:00:00:63:4C:D2,-55,127,6.0,2.5,1.5
1784195827241,2026-07-16 11:57:07.241,C3:00:00:63:4D:08,-55,127,6.0,2.5,1.5
1784195827253,2026-07-16 11:57:07.253,C3:00:00:63:4D:05,-54,127,6.0,2.5,1.5
1784195827309,2026-07-16 11:57:07.309,C3:00:00:63:4D:0D,-60,127,6.0,2.5,1.5
1784195827318,2026-07-16 11:57:07.318,C3:00:00:63:4D:09,-62,127,6.0,2.5,1.5
1784195827357,2026-07-16 11:57:07.357,C3:00:00:63:4D:05,-56,127,6.0,2.5,1.5
1784195827362,2026-07-16 11:57:07.362,C3:00:00:63:4D:0A,-58,127,6.0,2.5,1.5
1784195827428,2026-07-16 11:57:07.428,C3:00:00:63:4D:07,-62,127,6.0,2.5,1.5
1784195827453,2026-07-16 11:57:07.453,C3:00:00:63:4D:08,-56,127,6.0,2.5,1.5
1784195827458,2026-07-16 11:57:07.458,C3:00:00:63:4D:0D,-62,127,6.0,2.5,1.5
1784195827462,2026-07-16 11:57:07.462,C3:00:00:63:4D:05,-55,127,6.0,2.5,1.5
1784195827466,2026-07-16 11:57:07.466,C3:00:00:63:4D:0A,-67,127,6.0,2.5,1.5
1784195827537,2026-07-16 11:57:07.537,C3:00:00:63:4D:07,-63,127,6.0,2.5,1.5
1784195827547,2026-07-16 11:57:07.547,C3:00:00:63:4D:09,-62,127,6.0,2.5,1.5
1784195827552,2026-07-16 11:57:07.552,C3:00:00:63:4D:08,-55,127,6.0,2.5,1.5
1784195827564,2026-07-16 11:57:07.564,C3:00:00:63:4D:04,-58,127,6.0,2.5,1.5
1784195827568,2026-07-16 11:57:07.568,C3:00:00:63:4D:0A,-76,127,6.0,2.5,1.5
1784195827576,2026-07-16 11:57:07.576,C3:00:00:63:4D:05,-54,127,6.0,2.5,1.5
1784195827580,2026-07-16 11:57:07.580,C3:00:00:63:4C:D2,-55,127,6.0,2.5,1.5
1784195827595,2026-07-16 11:57:07.595,C3:00:00:63:4D:09,-62,127,6.0,2.5,1.5
1784195827653,2026-07-16 11:57:07.653,C3:00:00:63:4D:07,-62,127,6.0,2.5,1.5
1784195827658,2026-07-16 11:57:07.658,C3:00:00:63:4D:0D,-83,127,6.0,2.5,1.5
1784195827664,2026-07-16 11:57:07.664,C3:00:00:63:4D:08,-60,127,6.0,2.5,1.5
1784195827676,2026-07-16 11:57:07.676,C3:00:00:63:4D:0A,-58,127,6.0,2.5,1.5
1784195827679,2026-07-16 11:57:07.679,C3:00:00:63:4D:04,-56,127,6.0,2.5,1.5
1784195827685,2026-07-16 11:57:07.685,C3:00:00:63:4C:D2,-65,127,6.0,2.5,1.5
1784195827688,2026-07-16 11:57:07.688,C3:00:00:63:4D:05,-56,127,6.0,2.5,1.5
1784195827773,2026-07-16 11:57:07.773,C3:00:00:63:4D:0A,-66,127,6.0,2.5,1.5
1784195827785,2026-07-16 11:57:07.785,C3:00:00:63:4D:0D,-61,127,6.0,2.5,1.5
1784195827797,2026-07-16 11:57:07.797,C3:00:00:63:4C:D2,-55,127,6.0,2.5,1.5
1784195827826,2026-07-16 11:57:07.826,C3:00:00:63:4C:D2,-56,127,6.0,2.5,1.5
1784195827883,2026-07-16 11:57:07.883,C3:00:00:63:4D:09,-60,127,6.0,2.5,1.5
1784195827888,2026-07-16 11:57:07.888,C3:00:00:63:4D:0A,-76,127,6.0,2.5,1.5
1784195827893,2026-07-16 11:57:07.893,C3:00:00:63:4D:07,-78,127,6.0,2.5,1.5
1784195827898,2026-07-16 11:57:07.898,C3:00:00:63:4D:0D,-60,127,6.0,2.5,1.5
1784195827901,2026-07-16 11:57:07.901,C3:00:00:63:4C:D2,-55,127,6.0,2.5,1.5
1784195827910,2026-07-16 11:57:07.910,C3:00:00:63:4D:05,-54,127,6.0,2.5,1.5
1784195827940,2026-07-16 11:57:07.940,C3:00:00:63:4D:05,-54,127,6.0,2.5,1.5
1784195827953,2026-07-16 11:57:07.953,C3:00:00:63:4D:08,-61,127,6.0,2.5,1.5
1784195827983,2026-07-16 11:57:07.983,C3:00:00:63:4D:04,-56,127,6.0,2.5,1.5
1784195827987,2026-07-16 11:57:07.987,C3:00:00:63:4D:0A,-58,127,6.0,2.5,1.5
1784195828006,2026-07-16 11:57:08.006,C3:00:00:63:4D:07,-62,127,6.0,2.5,1.5
1784195828010,2026-07-16 11:57:08.010,C3:00:00:63:4C:D2,-65,127,6.0,2.5,1.5
1784195828014,2026-07-16 11:57:08.014,C3:00:00:63:4D:05,-56,127,6.0,2.5,1.5
1784195828039,2026-07-16 11:57:08.039,C3:00:00:63:4D:08,-61,127,6.0,2.5,1.5
1784195828088,2026-07-16 11:57:08.088,C3:00:00:63:4D:0A,-66,127,6.0,2.5,1.5
1784195828118,2026-07-16 11:57:08.118,C3:00:00:63:4D:05,-56,127,6.0,2.5,1.5
1784195828140,2026-07-16 11:57:08.140,C3:00:00:63:4D:04,-65,127,6.0,2.5,1.5
1784195828146,2026-07-16 11:57:08.146,C3:00:00:63:4D:08,-54,127,6.0,2.5,1.5
1784195828191,2026-07-16 11:57:08.191,C3:00:00:63:4D:0A,-76,127,6.0,2.5,1.5
1784195828242,2026-07-16 11:57:08.242,C3:00:00:63:4D:04,-58,127,6.0,2.5,1.5
1784195828247,2026-07-16 11:57:08.247,C3:00:00:63:4D:08,-60,127,6.0,2.5,1.5
1784195828284,2026-07-16 11:57:08.284,C3:00:00:63:4D:04,-63,127,6.0,2.5,1.5
1784195828338,2026-07-16 11:57:08.338,C3:00:00:63:4D:09,-61,127,6.0,2.5,1.5
1784195828358,2026-07-16 11:57:08.358,C3:00:00:63:4D:04,-64,127,6.0,2.5,1.5
1784195828366,2026-07-16 11:57:08.366,C3:00:00:63:4D:08,-56,127,6.0,2.5,1.5
1784195828382,2026-07-16 11:57:08.382,C3:00:00:63:4D:08,-56,127,6.0,2.5,1.5
1784195828396,2026-07-16 11:57:08.396,C3:00:00:63:4D:0A,-67,127,6.0,2.5,1.5
1784195828448,2026-07-16 11:57:08.448,C3:00:00:63:4D:08,-56,127,6.0,2.5,1.5
1784195828453,2026-07-16 11:57:08.453,C3:00:00:63:4D:05,-54,127,6.0,2.5,1.5
1784195828478,2026-07-16 11:57:08.478,C3:00:00:63:4D:04,-58,127,6.0,2.5,1.5
1784195828546,2026-07-16 11:57:08.546,C3:00:00:63:4D:08,-61,127,6.0,2.5,1.5
1784195828567,2026-07-16 11:57:08.567,C3:00:00:63:4D:05,-56,127,6.0,2.5,1.5
1784195828572,2026-07-16 11:57:08.572,C3:00:00:63:4D:09,-61,127,6.0,2.5,1.5
1784195828576,2026-07-16 11:57:08.576,C3:00:00:63:4C:D2,-65,127,6.0,2.5,1.5
1784195828590,2026-07-16 11:57:08.590,C3:00:00:63:4D:04,-56,127,6.0,2.5,1.5
1784195828608,2026-07-16 11:57:08.608,C3:00:00:63:4D:0A,-58,127,6.0,2.5,1.5
1784195828645,2026-07-16 11:57:08.645,C3:00:00:63:4D:0D,-69,127,6.0,2.5,1.5
1784195828665,2026-07-16 11:57:08.665,C3:00:00:63:4D:05,-55,127,6.0,2.5,1.5
1784195828679,2026-07-16 11:57:08.679,C3:00:00:63:4C:D2,-55,127,6.0,2.5,1.5
1784195828701,2026-07-16 11:57:08.701,C3:00:00:63:4D:04,-64,127,6.0,2.5,1.5
1784195828711,2026-07-16 11:57:08.711,C3:00:00:63:4D:0A,-67,127,6.0,2.5,1.5
1784195828752,2026-07-16 11:57:08.752,C3:00:00:63:4D:08,-54,127,6.0,2.5,1.5
1784195828781,2026-07-16 11:57:08.781,C3:00:00:63:4D:05,-54,127,6.0,2.5,1.5
1784195828802,2026-07-16 11:57:08.802,C3:00:00:63:4D:07,-78,127,6.0,2.5,1.5
1784195828821,2026-07-16 11:57:08.821,C3:00:00:63:4D:0A,-76,127,6.0,2.5,1.5
1784195828824,2026-07-16 11:57:08.824,C3:00:00:63:4D:04,-58,127,6.0,2.5,1.5
1784195828900,2026-07-16 11:57:08.900,C3:00:00:63:4D:09,-61,127,6.0,2.5,1.5
1784195828911,2026-07-16 11:57:08.911,C3:00:00:63:4C:D2,-65,127,6.0,2.5,1.5
1784195828928,2026-07-16 11:57:08.928,C3:00:00:63:4D:0A,-58,127,6.0,2.5,1.5
1784195828935,2026-07-16 11:57:08.935,C3:00:00:63:4D:07,-62,127,6.0,2.5,1.5
1784195828937,2026-07-16 11:57:08.937,C3:00:00:63:4D:04,-56,127,6.0,2.5,1.5
1784195828939,2026-07-16 11:57:08.939,C3:00:00:63:4D:05,-56,127,6.0,2.5,1.5
1784195828956,2026-07-16 11:57:08.956,C3:00:00:63:4D:04,-64,127,6.0,2.5,1.5
1784195829001,2026-07-16 11:57:09.001,C3:00:00:63:4D:05,-57,127,6.0,2.5,1.5
1784195829013,2026-07-16 11:57:09.013,C3:00:00:63:4D:09,-72,127,6.0,2.5,1.5
1784195829029,2026-07-16 11:57:09.029,C3:00:00:63:4C:D2,-54,127,6.0,2.5,1.5
1784195829037,2026-07-16 11:57:09.037,C3:00:00:63:4D:0A,-66,127,6.0,2.5,1.5
1784195829039,2026-07-16 11:57:09.039,C3:00:00:63:4D:07,-62,127,6.0,2.5,1.5
1784195829042,2026-07-16 11:57:09.042,C3:00:00:63:4D:0D,-62,127,6.0,2.5,1.5
1784195829047,2026-07-16 11:57:09.047,C3:00:00:63:4D:04,-58,127,6.0,2.5,1.5
1784195829051,2026-07-16 11:57:09.051,C3:00:00:63:4D:08,-54,127,6.0,2.5,1.5
1784195829099,2026-07-16 11:57:09.099,C3:00:00:63:4C:D2,-55,127,6.0,2.5,1.5
1784195829129,2026-07-16 11:57:09.129,C3:00:00:63:4D:0A,-74,127,6.0,2.5,1.5
1784195829134,2026-07-16 11:57:09.134,C3:00:00:63:4D:09,-62,127,6.0,2.5,1.5
1784195829146,2026-07-16 11:57:09.146,C3:00:00:63:4C:D2,-54,127,6.0,2.5,1.5
1784195829150,2026-07-16 11:57:09.150,C3:00:00:63:4D:08,-60,127,6.0,2.5,1.5
1784195829152,2026-07-16 11:57:09.152,C3:00:00:63:4D:07,-62,127,6.0,2.5,1.5
1784195829157,2026-07-16 11:57:09.157,C3:00:00:63:4D:0A,-66,127,6.0,2.5,1.5
1784195829231,2026-07-16 11:57:09.231,C3:00:00:63:4D:0A,-58,127,6.0,2.5,1.5
1784195829243,2026-07-16 11:57:09.243,C3:00:00:63:4D:08,-56,127,6.0,2.5,1.5
1784195829264,2026-07-16 11:57:09.264,C3:00:00:63:4D:07,-62,127,6.0,2.5,1.5
1784195829267,2026-07-16 11:57:09.267,C3:00:00:63:4D:0D,-61,127,6.0,2.5,1.5
1784195829280,2026-07-16 11:57:09.280,C3:00:00:63:4D:04,-64,127,6.0,2.5,1.5
1784195829333,2026-07-16 11:57:09.333,C3:00:00:63:4D:05,-55,127,6.0,2.5,1.5
1784195829338,2026-07-16 11:57:09.338,C3:00:00:63:4D:0A,-66,127,6.0,2.5,1.5
1784195829355,2026-07-16 11:57:09.355,C3:00:00:63:4D:09,-62,127,6.0,2.5,1.5
1784195829360,2026-07-16 11:57:09.360,C3:00:00:63:4D:04,-58,127,6.0,2.5,1.5
1784195829379,2026-07-16 11:57:09.379,C3:00:00:63:4D:0D,-60,127,6.0,2.5,1.5
1784195829401,2026-07-16 11:57:09.401,C3:00:00:63:4D:04,-58,127,6.0,2.5,1.5
1784195829439,2026-07-16 11:57:09.439,C3:00:00:63:4D:05,-54,127,6.0,2.5,1.5
1784195829444,2026-07-16 11:57:09.444,C3:00:00:63:4D:0A,-76,127,6.0,2.5,1.5
1784195829449,2026-07-16 11:57:09.449,C3:00:00:63:4D:08,-60,127,6.0,2.5,1.5
1784195829510,2026-07-16 11:57:09.510,C3:00:00:63:4D:04,-56,127,6.0,2.5,1.5
1784195829539,2026-07-16 11:57:09.539,C3:00:00:63:4D:0A,-58,127,6.0,2.5,1.5
1784195829544,2026-07-16 11:57:09.544,C3:00:00:63:4D:08,-56,127,6.0,2.5,1.5
1784195829572,2026-07-16 11:57:09.572,C3:00:00:63:4D:09,-73,127,6.0,2.5,1.5
1784195829588,2026-07-16 11:57:09.588,C3:00:00:63:4C:D2,-55,127,6.0,2.5,1.5
1784195829603,2026-07-16 11:57:09.603,C3:00:00:63:4D:07,-62,127,6.0,2.5,1.5
1784195829609,2026-07-16 11:57:09.609,C3:00:00:63:4D:0D,-61,127,6.0,2.5,1.5
1784195829613,2026-07-16 11:57:09.613,C3:00:00:63:4D:09,-74,127,6.0,2.5,1.5
1784195829620,2026-07-16 11:57:09.620,C3:00:00:63:4D:04,-64,127,6.0,2.5,1.5
1784195829643,2026-07-16 11:57:09.643,C3:00:00:63:4D:0A,-76,127,6.0,2.5,1.5
1784195829666,2026-07-16 11:57:09.666,C3:00:00:63:4D:05,-54,127,6.0,2.5,1.5
1784195829692,2026-07-16 11:57:09.692,C3:00:00:63:4C:D2,-54,127,6.0,2.5,1.5
1784195829717,2026-07-16 11:57:09.717,C3:00:00:63:4D:09,-69,127,6.0,2.5,1.5
1784195829741,2026-07-16 11:57:09.741,C3:00:00:63:4D:04,-55,127,6.0,2.5,1.5
1784195829745,2026-07-16 11:57:09.745,C3:00:00:63:4D:08,-60,127,6.0,2.5,1.5
1784195829803,2026-07-16 11:57:09.803,C3:00:00:63:4C:D2,-65,127,6.0,2.5,1.5
1784195829835,2026-07-16 11:57:09.835,C3:00:00:63:4D:07,-62,127,6.0,2.5,1.5
1784195829840,2026-07-16 11:57:09.840,C3:00:00:63:4C:D2,-55,127,6.0,2.5,1.5
1784195829846,2026-07-16 11:57:09.846,C3:00:00:63:4D:08,-56,127,6.0,2.5,1.5
1784195829858,2026-07-16 11:57:09.858,C3:00:00:63:4D:04,-64,127,6.0,2.5,1.5
1784195829873,2026-07-16 11:57:09.873,C3:00:00:63:4D:05,-57,127,6.0,2.5,1.5
1784195829909,2026-07-16 11:57:09.909,C3:00:00:63:4D:05,-62,127,6.0,2.5,1.5
1784195829921,2026-07-16 11:57:09.921,C3:00:00:63:4D:09,-73,127,6.0,2.5,1.5
1784195829930,2026-07-16 11:57:09.930,C3:00:00:63:4C:D2,-55,127,6.0,2.5,1.5
1784195829944,2026-07-16 11:57:09.944,C3:00:00:63:4D:08,-55,127,6.0,2.5,1.5
1784195829953,2026-07-16 11:57:09.953,C3:00:00:63:4D:05,-55,127,6.0,2.5,1.5
1784195829958,2026-07-16 11:57:09.958,C3:00:00:63:4D:0A,-75,127,6.0,2.5,1.5
1784195829961,2026-07-16 11:57:09.961,C3:00:00:63:4D:04,-58,127,6.0,2.5,1.5
1784195829981,2026-07-16 11:57:09.981,C3:00:00:63:4D:04,-58,127,6.0,2.5,1.5
1784195829986,2026-07-16 11:57:09.986,C3:00:00:63:4D:05,-54,127,6.0,2.5,1.5
1784195830028,2026-07-16 11:57:10.028,C3:00:00:63:4C:D2,-55,127,6.0,2.5,1.5
1784195830035,2026-07-16 11:57:10.035,C3:00:00:63:4D:09,-62,127,6.0,2.5,1.5
1784195830046,2026-07-16 11:57:10.046,C3:00:00:63:4D:08,-60,127,6.0,2.5,1.5
1784195830066,2026-07-16 11:57:10.066,C3:00:00:63:4D:0A,-58,127,6.0,2.5,1.5
1784195830100,2026-07-16 11:57:10.100,C3:00:00:63:4D:05,-56,127,6.0,2.5,1.5
1784195830152,2026-07-16 11:57:10.152,C3:00:00:63:4D:08,-56,127,6.0,2.5,1.5
1784195830172,2026-07-16 11:57:10.172,C3:00:00:63:4D:0A,-66,127,6.0,2.5,1.5
1784195830184,2026-07-16 11:57:10.184,C3:00:00:63:4D:0D,-61,127,6.0,2.5,1.5
1784195830230,2026-07-16 11:57:10.230,C3:00:00:63:4D:07,-62,127,6.0,2.5,1.5
1784195830244,2026-07-16 11:57:10.244,C3:00:00:63:4D:08,-54,127,6.0,2.5,1.5
1784195830260,2026-07-16 11:57:10.260,C3:00:00:63:4D:09,-61,127,6.0,2.5,1.5
1784195830271,2026-07-16 11:57:10.271,C3:00:00:63:4C:D2,-55,127,6.0,2.5,1.5
1784195830299,2026-07-16 11:57:10.299,C3:00:00:63:4D:0D,-59,127,6.0,2.5,1.5
1784195830306,2026-07-16 11:57:10.306,C3:00:00:63:4D:07,-76,127,6.0,2.5,1.5
1784195830319,2026-07-16 11:57:10.319,C3:00:00:63:4D:04,-58,127,6.0,2.5,1.5
1784195830375,2026-07-16 11:57:10.375,C3:00:00:63:4D:08,-60,127,6.0,2.5,1.5
1784195830402,2026-07-16 11:57:10.402,C3:00:00:63:4D:0A,-58,127,6.0,2.5,1.5
1784195830412,2026-07-16 11:57:10.412,C3:00:00:63:4D:07,-60,127,6.0,2.5,1.5
1784195830422,2026-07-16 11:57:10.422,C3:00:00:63:4D:05,-54,127,6.0,2.5,1.5
1784195830433,2026-07-16 11:57:10.433,C3:00:00:63:4D:04,-56,127,6.0,2.5,1.5
1784195830435,2026-07-16 11:57:10.435,C3:00:00:63:4D:05,-56,127,6.0,2.5,1.5
1784195830440,2026-07-16 11:57:10.440,C3:00:00:63:4D:08,-56,127,6.0,2.5,1.5
1784195830478,2026-07-16 11:57:10.478,C3:00:00:63:4C:D2,-54,127,6.0,2.5,1.5
1784195830482,2026-07-16 11:57:10.482,C3:00:00:63:4D:0A,-66,127,6.0,2.5,1.5
1784195830532,2026-07-16 11:57:10.532,C3:00:00:63:4D:07,-62,127,6.0,2.5,1.5
1784195830540,2026-07-16 11:57:10.540,C3:00:00:63:4D:08,-58,127,6.0,2.5,1.5
1784195830581,2026-07-16 11:57:10.581,C3:00:00:63:4D:0A,-74,127,6.0,2.5,1.5
1784195830591,2026-07-16 11:57:10.591,C3:00:00:63:4C:D2,-54,127,6.0,2.5,1.5
1784195830604,2026-07-16 11:57:10.604,C3:00:00:63:4D:09,-61,127,6.0,2.5,1.5
1784195830638,2026-07-16 11:57:10.638,C3:00:00:63:4D:07,-76,127,6.0,2.5,1.5
1784195830668,2026-07-16 11:57:10.668,C3:00:00:63:4D:04,-56,127,6.0,2.5,1.5
1784195830687,2026-07-16 11:57:10.687,C3:00:00:63:4D:0A,-58,127,6.0,2.5,1.5
1784195830706,2026-07-16 11:57:10.706,C3:00:00:63:4C:D2,-66,127,6.0,2.5,1.5
1784195830710,2026-07-16 11:57:10.710,C3:00:00:63:4D:09,-60,127,6.0,2.5,1.5
1784195830745,2026-07-16 11:57:10.745,C3:00:00:63:4D:08,-56,127,6.0,2.5,1.5
1784195830763,2026-07-16 11:57:10.763,C3:00:00:63:4D:07,-62,127,6.0,2.5,1.5
1784195830789,2026-07-16 11:57:10.789,C3:00:00:63:4D:0A,-66,127,6.0,2.5,1.5
1784195830817,2026-07-16 11:57:10.817,C3:00:00:63:4C:D2,-54,127,6.0,2.5,1.5
1784195830823,2026-07-16 11:57:10.823,C3:00:00:63:4D:09,-72,127,6.0,2.5,1.5
1784195830836,2026-07-16 11:57:10.836,C3:00:00:63:4D:0A,-66,127,6.0,2.5,1.5
1784195830842,2026-07-16 11:57:10.842,C3:00:00:63:4D:08,-58,127,6.0,2.5,1.5
1784195830872,2026-07-16 11:57:10.872,C3:00:00:63:4D:05,-54,127,6.0,2.5,1.5
1784195830884,2026-07-16 11:57:10.884,C3:00:00:63:4D:04,-58,127,6.0,2.5,1.5
1784195830893,2026-07-16 11:57:10.893,C3:00:00:63:4D:0A,-74,127,6.0,2.5,1.5
1784195830911,2026-07-16 11:57:10.911,C3:00:00:63:4D:0A,-74,127,6.0,2.5,1.5
1784195830928,2026-07-16 11:57:10.928,C3:00:00:63:4D:09,-61,127,6.0,2.5,1.5
1784195830946,2026-07-16 11:57:10.946,C3:00:00:63:4D:05,-54,127,6.0,2.5,1.5
1784195830952,2026-07-16 11:57:10.952,C3:00:00:63:4D:08,-60,127,6.0,2.5,1.5
1784195830989,2026-07-16 11:57:10.989,C3:00:00:63:4D:05,-54,127,6.0,2.5,1.5
1784195830992,2026-07-16 11:57:10.992,C3:00:00:63:4D:07,-60,127,6.0,2.5,1.5
1784195830999,2026-07-16 11:57:10.999,C3:00:00:63:4D:0D,-68,127,6.0,2.5,1.5
1784195831013,2026-07-16 11:57:11.013,C3:00:00:63:4D:0A,-58,127,6.0,2.5,1.5
1784195831018,2026-07-16 11:57:11.018,C3:00:00:63:4D:04,-56,127,6.0,2.5,1.5
1784195831043,2026-07-16 11:57:11.043,C3:00:00:63:4D:08,-58,127,6.0,2.5,1.5
1784195831049,2026-07-16 11:57:11.049,C3:00:00:63:4D:09,-73,127,6.0,2.5,1.5
1784195831073,2026-07-16 11:57:11.073,C3:00:00:63:4D:09,-74,127,6.0,2.5,1.5
1784195831097,2026-07-16 11:57:11.097,C3:00:00:63:4D:05,-55,127,6.0,2.5,1.5
1784195831102,2026-07-16 11:57:11.102,C3:00:00:63:4D:0A,-66,127,6.0,2.5,1.5
1784195831142,2026-07-16 11:57:11.142,C3:00:00:63:4D:08,-54,127,6.0,2.5,1.5
1784195831149,2026-07-16 11:57:11.149,C3:00:00:63:4C:D2,-55,127,6.0,2.5,1.5
1784195831160,2026-07-16 11:57:11.160,C3:00:00:63:4D:09,-62,127,6.0,2.5,1.5
1784195831199,2026-07-16 11:57:11.199,C3:00:00:63:4D:05,-54,127,6.0,2.5,1.5
1784195831203,2026-07-16 11:57:11.203,C3:00:00:63:4D:0A,-76,127,6.0,2.5,1.5
1784195831231,2026-07-16 11:57:11.231,C3:00:00:63:4D:04,-58,127,6.0,2.5,1.5
1784195831267,2026-07-16 11:57:11.267,C3:00:00:63:4C:D2,-65,127,6.0,2.5,1.5
1784195831274,2026-07-16 11:57:11.274,C3:00:00:63:4D:09,-61,127,6.0,2.5,1.5
1784195831307,2026-07-16 11:57:11.307,C3:00:00:63:4D:05,-56,127,6.0,2.5,1.5
1784195831313,2026-07-16 11:57:11.313,C3:00:00:63:4D:0A,-58,127,6.0,2.5,1.5
1784195831340,2026-07-16 11:57:11.340,C3:00:00:63:4D:08,-60,127,6.0,2.5,1.5
1784195831351,2026-07-16 11:57:11.351,C3:00:00:63:4D:04,-64,127,6.0,2.5,1.5
1784195831376,2026-07-16 11:57:11.376,C3:00:00:63:4C:D2,-55,127,6.0,2.5,1.5
1784195831378,2026-07-16 11:57:11.378,C3:00:00:63:4D:04,-64,127,6.0,2.5,1.5
1784195831415,2026-07-16 11:57:11.415,C3:00:00:63:4D:0A,-67,127,6.0,2.5,1.5
1784195831420,2026-07-16 11:57:11.420,C3:00:00:63:4D:05,-55,127,6.0,2.5,1.5
1784195831452,2026-07-16 11:57:11.452,C3:00:00:63:4D:07,-78,127,6.0,2.5,1.5
1784195831460,2026-07-16 11:57:11.460,C3:00:00:63:4D:04,-58,127,6.0,2.5,1.5
1784195831467,2026-07-16 11:57:11.467,C3:00:00:63:4D:0D,-61,127,6.0,2.5,1.5
1784195831486,2026-07-16 11:57:11.486,C3:00:00:63:4C:D2,-55,127,6.0,2.5,1.5
1784195831502,2026-07-16 11:57:11.502,C3:00:00:63:4D:09,-61,127,6.0,2.5,1.5
1784195831515,2026-07-16 11:57:11.515,C3:00:00:63:4D:0A,-76,127,6.0,2.5,1.5
1784195831534,2026-07-16 11:57:11.534,C3:00:00:63:4D:05,-55,127,6.0,2.5,1.5
1784195831539,2026-07-16 11:57:11.539,C3:00:00:63:4D:08,-55,127,6.0,2.5,1.5
1784195831569,2026-07-16 11:57:11.569,C3:00:00:63:4D:07,-62,127,6.0,2.5,1.5
1784195831587,2026-07-16 11:57:11.587,C3:00:00:63:4D:04,-56,127,6.0,2.5,1.5
1784195831601,2026-07-16 11:57:11.601,C3:00:00:63:4C:D2,-65,127,6.0,2.5,1.5
1784195831632,2026-07-16 11:57:11.632,C3:00:00:63:4D:09,-61,127,6.0,2.5,1.5
1784195831637,2026-07-16 11:57:11.637,C3:00:00:63:4D:05,-56,127,6.0,2.5,1.5
1784195831640,2026-07-16 11:57:11.640,C3:00:00:63:4D:08,-56,127,6.0,2.5,1.5
1784195831652,2026-07-16 11:57:11.652,C3:00:00:63:4D:09,-73,127,6.0,2.5,1.5
1784195831660,2026-07-16 11:57:11.660,C3:00:00:63:4D:08,-64,127,6.0,2.5,1.5
1784195831676,2026-07-16 11:57:11.676,C3:00:00:63:4D:0D,-62,127,6.0,2.5,1.5
1784195831692,2026-07-16 11:57:11.692,C3:00:00:63:4D:04,-64,127,6.0,2.5,1.5
1784195831699,2026-07-16 11:57:11.699,C3:00:00:63:4C:D2,-62,127,6.0,2.5,1.5
1784195831723,2026-07-16 11:57:11.723,C3:00:00:63:4C:D2,-55,127,6.0,2.5,1.5
1784195831746,2026-07-16 11:57:11.746,C3:00:00:63:4D:08,-55,127,6.0,2.5,1.5
1784195831795,2026-07-16 11:57:11.795,C3:00:00:63:4D:0D,-60,127,6.0,2.5,1.5
1784195831823,2026-07-16 11:57:11.823,C3:00:00:63:4D:04,-58,127,6.0,2.5,1.5
1784195831828,2026-07-16 11:57:11.828,C3:00:00:63:4D:0D,-61,127,6.0,2.5,1.5
1784195831833,2026-07-16 11:57:11.833,C3:00:00:63:4D:0A,-76,127,6.0,2.5,1.5
1784195831845,2026-07-16 11:57:11.845,C3:00:00:63:4D:08,-61,127,6.0,2.5,1.5
1784195831912,2026-07-16 11:57:11.912,C3:00:00:63:4D:07,-58,127,6.0,2.5,1.5
1784195831938,2026-07-16 11:57:11.938,C3:00:00:63:4C:D2,-66,127,6.0,2.5,1.5
1784195831943,2026-07-16 11:57:11.943,C3:00:00:63:4D:0A,-58,127,6.0,2.5,1.5
1784195831949,2026-07-16 11:57:11.949,C3:00:00:63:4D:09,-73,127,6.0,2.5,1.5
1784195831961,2026-07-16 11:57:11.961,C3:00:00:63:4D:05,-56,127,6.0,2.5,1.5
1784195831986,2026-07-16 11:57:11.986,C3:00:00:63:4D:04,-65,127,6.0,2.5,1.5
1784195832044,2026-07-16 11:57:12.044,C3:00:00:63:4D:0A,-67,127,6.0,2.5,1.5
1784195832085,2026-07-16 11:57:12.085,C3:00:00:63:4D:05,-54,127,6.0,2.5,1.5
1784195832138,2026-07-16 11:57:12.138,C3:00:00:63:4D:0D,-59,127,6.0,2.5,1.5
1784195832143,2026-07-16 11:57:12.143,C3:00:00:63:4D:07,-76,127,6.0,2.5,1.5
1784195832151,2026-07-16 11:57:12.151,C3:00:00:63:4D:04,-56,127,6.0,2.5,1.5
1784195832180,2026-07-16 11:57:12.180,C3:00:00:63:4D:09,-60,127,6.0,2.5,1.5
1784195832189,2026-07-16 11:57:12.189,C3:00:00:63:4D:05,-54,127,6.0,2.5,1.5
1784195832231,2026-07-16 11:57:12.231,C3:00:00:63:4D:07,-61,127,6.0,2.5,1.5
1784195832235,2026-07-16 11:57:12.235,C3:00:00:63:4D:08,-60,127,6.0,2.5,1.5
1784195832253,2026-07-16 11:57:12.253,C3:00:00:63:4D:0A,-66,127,6.0,2.5,1.5
1784195832255,2026-07-16 11:57:12.255,C3:00:00:63:4D:07,-62,127,6.0,2.5,1.5
1784195832257,2026-07-16 11:57:12.257,C3:00:00:63:4D:0D,-62,127,6.0,2.5,1.5
1784195832295,2026-07-16 11:57:12.295,C3:00:00:63:4D:04,-72,127,6.0,2.5,1.5
1784195832311,2026-07-16 11:57:12.311,C3:00:00:63:4D:07,-62,127,6.0,2.5,1.5
1784195832366,2026-07-16 11:57:12.366,C3:00:00:63:4D:0D,-61,127,6.0,2.5,1.5
1784195832371,2026-07-16 11:57:12.371,C3:00:00:63:4D:07,-79,127,6.0,2.5,1.5
1784195832378,2026-07-16 11:57:12.378,C3:00:00:63:4D:08,-54,127,6.0,2.5,1.5
1784195832381,2026-07-16 11:57:12.381,C3:00:00:63:4D:04,-58,127,6.0,2.5,1.5
1784195832386,2026-07-16 11:57:12.386,C3:00:00:63:4C:D2,-55,127,6.0,2.5,1.5
1784195832393,2026-07-16 11:57:12.393,C3:00:00:63:4D:07,-85,127,6.0,2.5,1.5
1784195832400,2026-07-16 11:57:12.400,C3:00:00:63:4D:08,-54,127,6.0,2.5,1.5
1784195832407,2026-07-16 11:57:12.407,C3:00:00:63:4D:09,-62,127,6.0,2.5,1.5
1784195832412,2026-07-16 11:57:12.412,C3:00:00:63:4D:05,-54,127,6.0,2.5,1.5
1784195832448,2026-07-16 11:57:12.448,C3:00:00:63:4D:08,-62,127,6.0,2.5,1.5
1784195832457,2026-07-16 11:57:12.457,C3:00:00:63:4D:0A,-59,127,6.0,2.5,1.5
1784195832480,2026-07-16 11:57:12.480,C3:00:00:63:4D:07,-62,127,6.0,2.5,1.5
1784195832503,2026-07-16 11:57:12.503,C3:00:00:63:4C:D2,-65,127,6.0,2.5,1.5
1784195832507,2026-07-16 11:57:12.507,C3:00:00:63:4D:04,-56,127,6.0,2.5,1.5
1784195832514,2026-07-16 11:57:12.514,C3:00:00:63:4D:09,-61,127,6.0,2.5,1.5
1784195832525,2026-07-16 11:57:12.525,C3:00:00:63:4D:05,-56,127,6.0,2.5,1.5
1784195832543,2026-07-16 11:57:12.543,C3:00:00:63:4D:08,-56,127,6.0,2.5,1.5
1784195832559,2026-07-16 11:57:12.559,C3:00:00:63:4D:0A,-67,127,6.0,2.5,1.5
1784195832565,2026-07-16 11:57:12.565,C3:00:00:63:4C:D2,-55,127,6.0,2.5,1.5
1784195832604,2026-07-16 11:57:12.604,C3:00:00:63:4C:D2,-55,127,6.0,2.5,1.5
1784195832623,2026-07-16 11:57:12.623,C3:00:00:63:4D:09,-73,127,6.0,2.5,1.5
1784195832629,2026-07-16 11:57:12.629,C3:00:00:63:4D:05,-55,127,6.0,2.5,1.5
1784195832642,2026-07-16 11:57:12.642,C3:00:00:63:4D:08,-56,127,6.0,2.5,1.5
1784195832648,2026-07-16 11:57:12.648,C3:00:00:63:4D:0D,-69,127,6.0,2.5,1.5
1784195832660,2026-07-16 11:57:12.660,C3:00:00:63:4D:0A,-76,127,6.0,2.5,1.5
1784195832718,2026-07-16 11:57:12.718,C3:00:00:63:4D:0D,-60,127,6.0,2.5,1.5
1784195832747,2026-07-16 11:57:12.747,C3:00:00:63:4D:08,-61,127,6.0,2.5,1.5
1784195832829,2026-07-16 11:57:12.829,C3:00:00:63:4C:D2,-65,127,6.0,2.5,1.5
1784195832842,2026-07-16 11:57:12.842,C3:00:00:63:4D:04,-64,127,6.0,2.5,1.5
1784195832861,2026-07-16 11:57:12.861,C3:00:00:63:4D:09,-73,127,6.0,2.5,1.5
1784195832950,2026-07-16 11:57:12.950,C3:00:00:63:4D:04,-58,127,6.0,2.5,1.5
1784195832971,2026-07-16 11:57:12.971,C3:00:00:63:4D:05,-54,127,6.0,2.5,1.5
1784195832976,2026-07-16 11:57:12.976,C3:00:00:63:4D:0A,-75,127,6.0,2.5,1.5
1784195832979,2026-07-16 11:57:12.979,C3:00:00:63:4D:05,-55,127,6.0,2.5,1.5
1784195833051,2026-07-16 11:57:13.051,C3:00:00:63:4C:D2,-65,127,6.0,2.5,1.5
1784195833059,2026-07-16 11:57:13.059,C3:00:00:63:4D:07,-62,127,6.0,2.5,1.5
1784195833064,2026-07-16 11:57:13.064,C3:00:00:63:4D:0D,-82,127,6.0,2.5,1.5
1784195833068,2026-07-16 11:57:13.068,C3:00:00:63:4D:05,-56,127,6.0,2.5,1.5
1784195833079,2026-07-16 11:57:13.079,C3:00:00:63:4D:04,-56,127,6.0,2.5,1.5
1784195833081,2026-07-16 11:57:13.081,C3:00:00:63:4D:0A,-59,127,6.0,2.5,1.5
1784195833083,2026-07-16 11:57:13.083,C3:00:00:63:4D:09,-61,127,6.0,2.5,1.5
1784195833148,2026-07-16 11:57:13.148,C3:00:00:63:4D:08,-56,127,6.0,2.5,1.5
1784195833153,2026-07-16 11:57:13.153,C3:00:00:63:4D:0A,-77,127,6.0,2.5,1.5
1784195833168,2026-07-16 11:57:13.168,C3:00:00:63:4C:D2,-55,127,6.0,2.5,1.5
1784195833189,2026-07-16 11:57:13.189,C3:00:00:63:4D:04,-64,127,6.0,2.5,1.5
1784195833195,2026-07-16 11:57:13.195,C3:00:00:63:4D:09,-74,127,6.0,2.5,1.5
1784195833245,2026-07-16 11:57:13.245,C3:00:00:63:4D:08,-54,127,6.0,2.5,1.5
1784195833278,2026-07-16 11:57:13.278,C3:00:00:63:4C:D2,-55,127,6.0,2.5,1.5
1784195833308,2026-07-16 11:57:13.308,C3:00:00:63:4D:09,-61,127,6.0,2.5,1.5
1784195833375,2026-07-16 11:57:13.375,C3:00:00:63:4D:04,-56,127,6.0,2.5,1.5
1784195833392,2026-07-16 11:57:13.392,C3:00:00:63:4C:D2,-65,127,6.0,2.5,1.5
1784195833396,2026-07-16 11:57:13.396,C3:00:00:63:4D:0A,-58,127,6.0,2.5,1.5
1784195833405,2026-07-16 11:57:13.405,C3:00:00:63:4D:05,-56,127,6.0,2.5,1.5
1784195833407,2026-07-16 11:57:13.407,C3:00:00:63:4D:0D,-82,127,6.0,2.5,1.5
1784195833424,2026-07-16 11:57:13.424,C3:00:00:63:4D:04,-56,127,6.0,2.5,1.5
1784195833448,2026-07-16 11:57:13.448,C3:00:00:63:4D:08,-56,127,6.0,2.5,1.5
1784195833464,2026-07-16 11:57:13.464,C3:00:00:63:4D:0D,-61,127,6.0,2.5,1.5
1784195833502,2026-07-16 11:57:13.502,C3:00:00:63:4C:D2,-55,127,6.0,2.5,1.5
1784195833515,2026-07-16 11:57:13.515,C3:00:00:63:4D:07,-63,127,6.0,2.5,1.5
1784195833528,2026-07-16 11:57:13.528,C3:00:00:63:4D:0D,-61,127,6.0,2.5,1.5
1784195833535,2026-07-16 11:57:13.535,C3:00:00:63:4D:09,-74,127,6.0,2.5,1.5
1784195833541,2026-07-16 11:57:13.541,C3:00:00:63:4D:04,-64,127,6.0,2.5,1.5
1784195833544,2026-07-16 11:57:13.544,C3:00:00:63:4D:08,-54,127,6.0,2.5,1.5
1784195833601,2026-07-16 11:57:13.601,C3:00:00:63:4D:0A,-76,127,6.0,2.5,1.5
1784195833619,2026-07-16 11:57:13.619,C3:00:00:63:4C:D2,-55,127,6.0,2.5,1.5
1784195833624,2026-07-16 11:57:13.624,C3:00:00:63:4D:05,-54,127,6.0,2.5,1.5
1784195833631,2026-07-16 11:57:13.631,C3:00:00:63:4D:0D,-60,127,6.0,2.5,1.5
1784195833640,2026-07-16 11:57:13.640,C3:00:00:63:4D:07,-79,127,6.0,2.5,1.5
1784195833648,2026-07-16 11:57:13.648,C3:00:00:63:4D:09,-61,127,6.0,2.5,1.5
1784195833650,2026-07-16 11:57:13.650,C3:00:00:63:4D:04,-56,127,6.0,2.5,1.5
1784195833661,2026-07-16 11:57:13.661,C3:00:00:63:4D:09,-61,127,6.0,2.5,1.5
1784195833687,2026-07-16 11:57:13.687,C3:00:00:63:4D:09,-61,127,6.0,2.5,1.5
1784195833710,2026-07-16 11:57:13.710,C3:00:00:63:4D:09,-68,127,6.0,2.5,1.5
1784195833727,2026-07-16 11:57:13.727,C3:00:00:63:4C:D2,-66,127,6.0,2.5,1.5
1784195833732,2026-07-16 11:57:13.732,C3:00:00:63:4D:05,-54,127,6.0,2.5,1.5
1784195833807,2026-07-16 11:57:13.807,C3:00:00:63:4D:0A,-66,127,6.0,2.5,1.5
1784195833836,2026-07-16 11:57:13.836,C3:00:00:63:4C:D2,-54,127,6.0,2.5,1.5
1784195833843,2026-07-16 11:57:13.843,C3:00:00:63:4D:08,-58,127,6.0,2.5,1.5
1784195833850,2026-07-16 11:57:13.850,C3:00:00:63:4D:05,-56,127,6.0,2.5,1.5
1784195833855,2026-07-16 11:57:13.855,C3:00:00:63:4C:D2,-55,127,6.0,2.5,1.5
1784195833873,2026-07-16 11:57:13.873,C3:00:00:63:4D:09,-61,127,6.0,2.5,1.5
1784195833877,2026-07-16 11:57:13.877,C3:00:00:63:4D:04,-55,127,6.0,2.5,1.5
1784195833911,2026-07-16 11:57:13.911,C3:00:00:63:4D:05,-61,127,6.0,2.5,1.5
1784195833947,2026-07-16 11:57:13.947,C3:00:00:63:4D:05,-56,127,6.0,2.5,1.5
1784195833972,2026-07-16 11:57:13.972,C3:00:00:63:4D:07,-61,127,6.0,2.5,1.5
1784195833977,2026-07-16 11:57:13.977,C3:00:00:63:4D:05,-57,127,6.0,2.5,1.5
1784195834011,2026-07-16 11:57:14.011,C3:00:00:63:4D:04,-56,127,6.0,2.5,1.5
1784195834016,2026-07-16 11:57:14.016,C3:00:00:63:4D:0A,-58,127,6.0,2.5,1.5
1784195834090,2026-07-16 11:57:14.090,C3:00:00:63:4D:07,-63,127,6.0,2.5,1.5
1784195834107,2026-07-16 11:57:14.107,C3:00:00:63:4D:04,-64,127,6.0,2.5,1.5
1784195834146,2026-07-16 11:57:14.146,C3:00:00:63:4D:08,-55,127,6.0,2.5,1.5
1784195834173,2026-07-16 11:57:14.173,C3:00:00:63:4C:D2,-56,127,6.0,2.5,1.5
1784195834203,2026-07-16 11:57:14.203,C3:00:00:63:4D:09,-61,127,6.0,2.5,1.5
1784195834210,2026-07-16 11:57:14.210,C3:00:00:63:4D:0D,-60,127,6.0,2.5,1.5
1784195834222,2026-07-16 11:57:14.222,C3:00:00:63:4D:04,-58,127,6.0,2.5,1.5
1784195834242,2026-07-16 11:57:14.242,C3:00:00:63:4D:07,-79,127,6.0,2.5,1.5
1784195834259,2026-07-16 11:57:14.259,C3:00:00:63:4D:08,-62,127,6.0,2.5,1.5
1784195834275,2026-07-16 11:57:14.275,C3:00:00:63:4D:05,-56,127,6.0,2.5,1.5
1784195834331,2026-07-16 11:57:14.331,C3:00:00:63:4D:0D,-81,127,6.0,2.5,1.5
1784195834333,2026-07-16 11:57:14.333,C3:00:00:63:4D:0A,-58,127,6.0,2.5,1.5
1784195834349,2026-07-16 11:57:14.349,C3:00:00:63:4D:07,-63,127,6.0,2.5,1.5
1784195834353,2026-07-16 11:57:14.353,C3:00:00:63:4D:08,-56,127,6.0,2.5,1.5
1784195834387,2026-07-16 11:57:14.387,C3:00:00:63:4D:05,-54,127,6.0,2.5,1.5
1784195834394,2026-07-16 11:57:14.394,C3:00:00:63:4D:08,-56,127,6.0,2.5,1.5
1784195834448,2026-07-16 11:57:14.448,C3:00:00:63:4D:08,-55,127,6.0,2.5,1.5
1784195834451,2026-07-16 11:57:14.451,C3:00:00:63:4D:0A,-76,127,6.0,2.5,1.5
1784195834542,2026-07-16 11:57:14.542,C3:00:00:63:4D:08,-55,127,6.0,2.5,1.5
1784195834547,2026-07-16 11:57:14.547,C3:00:00:63:4D:09,-61,127,6.0,2.5,1.5
1784195834645,2026-07-16 11:57:14.645,C3:00:00:63:4D:08,-56,127,6.0,2.5,1.5
1784195834682,2026-07-16 11:57:14.682,C3:00:00:63:4D:04,-64,127,6.0,2.5,1.5
1784195834723,2026-07-16 11:57:14.723,C3:00:00:63:4D:05,-55,127,6.0,2.5,1.5
1784195834743,2026-07-16 11:57:14.743,C3:00:00:63:4C:D2,-55,127,6.0,2.5,1.5
1784195834747,2026-07-16 11:57:14.747,C3:00:00:63:4D:08,-56,127,6.0,2.5,1.5
1784195834751,2026-07-16 11:57:14.751,C3:00:00:63:4D:0A,-76,127,6.0,2.5,1.5
1784195834783,2026-07-16 11:57:14.783,C3:00:00:63:4D:0D,-60,127,6.0,2.5,1.5
1784195834851,2026-07-16 11:57:14.851,C3:00:00:63:4D:0A,-58,127,6.0,2.5,1.5
1784195834878,2026-07-16 11:57:14.878,C3:00:00:63:4D:0A,-59,127,6.0,2.5,1.5
1784195834885,2026-07-16 11:57:14.885,C3:00:00:63:4D:09,-61,127,6.0,2.5,1.5
1784195834899,2026-07-16 11:57:14.899,C3:00:00:63:4D:07,-62,127,6.0,2.5,1.5
1784195834903,2026-07-16 11:57:14.903,C3:00:00:63:4D:0D,-81,127,6.0,2.5,1.5
1784195834914,2026-07-16 11:57:14.914,C3:00:00:63:4D:0A,-59,127,6.0,2.5,1.5
1784195834917,2026-07-16 11:57:14.917,C3:00:00:63:4D:04,-56,127,6.0,2.5,1.5
1784195834944,2026-07-16 11:57:14.944,C3:00:00:63:4D:08,-56,127,6.0,2.5,1.5
1784195834970,2026-07-16 11:57:14.970,C3:00:00:63:4D:05,-55,127,6.0,2.5,1.5
1784195834996,2026-07-16 11:57:14.996,C3:00:00:63:4D:09,-73,127,6.0,2.5,1.5
1784195835015,2026-07-16 11:57:15.015,C3:00:00:63:4D:0D,-61,127,6.0,2.5,1.5
1784195835033,2026-07-16 11:57:15.033,C3:00:00:63:4D:04,-64,127,6.0,2.5,1.5
1784195835040,2026-07-16 11:57:15.040,C3:00:00:63:4D:08,-56,127,6.0,2.5,1.5
1784195835046,2026-07-16 11:57:15.046,C3:00:00:63:4D:05,-54,127,6.0,2.5,1.5
1784195835054,2026-07-16 11:57:15.054,C3:00:00:63:4D:0A,-76,127,6.0,2.5,1.5
1784195835072,2026-07-16 11:57:15.072,C3:00:00:63:4C:D2,-55,127,6.0,2.5,1.5
1784195835087,2026-07-16 11:57:15.087,C3:00:00:63:4D:09,-63,127,6.0,2.5,1.5
1784195835115,2026-07-16 11:57:15.115,C3:00:00:63:4D:09,-62,127,6.0,2.5,1.5
1784195835133,2026-07-16 11:57:15.133,C3:00:00:63:4C:D2,-55,127,6.0,2.5,1.5
1784195835157,2026-07-16 11:57:15.157,C3:00:00:63:4D:05,-56,127,6.0,2.5,1.5
1784195835180,2026-07-16 11:57:15.180,C3:00:00:63:4C:D2,-65,127,6.0,2.5,1.5
1784195835342,2026-07-16 11:57:15.342,C3:00:00:63:4D:08,-56,127,6.0,2.5,1.5
1784195835356,2026-07-16 11:57:15.356,C3:00:00:63:4D:07,-78,127,6.0,2.5,1.5
1784195835375,2026-07-16 11:57:15.375,C3:00:00:63:4D:0A,-74,127,6.0,2.5,1.5
1784195835384,2026-07-16 11:57:15.384,C3:00:00:63:4D:05,-54,127,6.0,2.5,1.5
1784195835396,2026-07-16 11:57:15.396,C3:00:00:63:4D:04,-58,127,6.0,2.5,1.5
1784195835403,2026-07-16 11:57:15.403,C3:00:00:63:4C:D2,-55,127,6.0,2.5,1.5
1784195835457,2026-07-16 11:57:15.457,C3:00:00:63:4D:09,-61,127,6.0,2.5,1.5
1784195835473,2026-07-16 11:57:15.473,C3:00:00:63:4D:0D,-82,127,6.0,2.5,1.5
1784195835476,2026-07-16 11:57:15.476,C3:00:00:63:4D:0A,-58,127,6.0,2.5,1.5
1784195835489,2026-07-16 11:57:15.489,C3:00:00:63:4D:05,-56,127,6.0,2.5,1.5
1784195835491,2026-07-16 11:57:15.491,C3:00:00:63:4D:04,-56,127,6.0,2.5,1.5
1784195835522,2026-07-16 11:57:15.522,C3:00:00:63:4C:D2,-65,127,6.0,2.5,1.5
1784195835540,2026-07-16 11:57:15.540,C3:00:00:63:4D:08,-61,127,6.0,2.5,1.5
1784195835570,2026-07-16 11:57:15.570,C3:00:00:63:4D:0A,-66,127,6.0,2.5,1.5
1784195835628,2026-07-16 11:57:15.628,C3:00:00:63:4C:D2,-55,127,6.0,2.5,1.5
1784195835656,2026-07-16 11:57:15.656,C3:00:00:63:4D:09,-62,127,6.0,2.5,1.5
1784195835675,2026-07-16 11:57:15.675,C3:00:00:63:4D:08,-62,127,6.0,2.5,1.5
1784195835679,2026-07-16 11:57:15.679,C3:00:00:63:4D:09,-62,127,6.0,2.5,1.5
1784195835703,2026-07-16 11:57:15.703,C3:00:00:63:4D:0D,-60,127,6.0,2.5,1.5
1784195835709,2026-07-16 11:57:15.709,C3:00:00:63:4D:05,-54,127,6.0,2.5,1.5
1784195835737,2026-07-16 11:57:15.737,C3:00:00:63:4D:08,-55,127,6.0,2.5,1.5
1784195835744,2026-07-16 11:57:15.744,C3:00:00:63:4C:D2,-65,127,6.0,2.5,1.5
1784195835782,2026-07-16 11:57:15.782,C3:00:00:63:4D:0A,-58,127,6.0,2.5,1.5
1784195835792,2026-07-16 11:57:15.792,C3:00:00:63:4D:09,-61,127,6.0,2.5,1.5
1784195835809,2026-07-16 11:57:15.809,C3:00:00:63:4D:0D,-82,127,6.0,2.5,1.5
1784195835816,2026-07-16 11:57:15.816,C3:00:00:63:4D:05,-56,127,6.0,2.5,1.5
1784195835831,2026-07-16 11:57:15.831,C3:00:00:63:4D:04,-56,127,6.0,2.5,1.5
1784195835845,2026-07-16 11:57:15.845,C3:00:00:63:4D:08,-56,127,6.0,2.5,1.5
1784195835853,2026-07-16 11:57:15.853,C3:00:00:63:4C:D2,-55,127,6.0,2.5,1.5
1784195835871,2026-07-16 11:57:15.871,C3:00:00:63:4C:D2,-55,127,6.0,2.5,1.5
1784195835930,2026-07-16 11:57:15.930,C3:00:00:63:4D:05,-55,127,6.0,2.5,1.5
1784195835963,2026-07-16 11:57:15.963,C3:00:00:63:4C:D2,-55,127,6.0,2.5,1.5
1784195836016,2026-07-16 11:57:16.016,C3:00:00:63:4D:09,-61,127,6.0,2.5,1.5
1784195836064,2026-07-16 11:57:16.064,C3:00:00:63:4D:04,-56,127,6.0,2.5,1.5
1784195836082,2026-07-16 11:57:16.082,C3:00:00:63:4C:D2,-66,127,6.0,2.5,1.5
1784195836097,2026-07-16 11:57:16.097,C3:00:00:63:4D:0A,-58,127,6.0,2.5,1.5
1784195836147,2026-07-16 11:57:16.147,C3:00:00:63:4D:05,-55,127,6.0,2.5,1.5
1784195836166,2026-07-16 11:57:16.166,C3:00:00:63:4D:07,-62,127,6.0,2.5,1.5
1784195836170,2026-07-16 11:57:16.170,C3:00:00:63:4D:0D,-61,127,6.0,2.5,1.5
1784195836175,2026-07-16 11:57:16.175,C3:00:00:63:4D:04,-64,127,6.0,2.5,1.5
1784195836186,2026-07-16 11:57:16.186,C3:00:00:63:4C:D2,-55,127,6.0,2.5,1.5
1784195836240,2026-07-16 11:57:16.240,C3:00:00:63:4D:08,-56,127,6.0,2.5,1.5
1784195836243,2026-07-16 11:57:16.243,C3:00:00:63:4D:09,-73,127,6.0,2.5,1.5
1784195836247,2026-07-16 11:57:16.247,C3:00:00:63:4D:07,-78,127,6.0,2.5,1.5
1784195836267,2026-07-16 11:57:16.267,C3:00:00:63:4D:05,-54,127,6.0,2.5,1.5
1784195836291,2026-07-16 11:57:16.291,C3:00:00:63:4D:0D,-59,127,6.0,2.5,1.5
1784195836293,2026-07-16 11:57:16.293,C3:00:00:63:4D:04,-58,127,6.0,2.5,1.5
1784195836307,2026-07-16 11:57:16.307,C3:00:00:63:4D:0A,-74,127,6.0,2.5,1.5
1784195836319,2026-07-16 11:57:16.319,C3:00:00:63:4D:04,-65,127,6.0,2.5,1.5
1784195836339,2026-07-16 11:57:16.339,C3:00:00:63:4D:07,-75,127,6.0,2.5,1.5
1784195836344,2026-07-16 11:57:16.344,C3:00:00:63:4D:08,-55,127,6.0,2.5,1.5
1784195836354,2026-07-16 11:57:16.354,C3:00:00:63:4D:09,-61,127,6.0,2.5,1.5
1784195836390,2026-07-16 11:57:16.390,C3:00:00:63:4D:0D,-82,127,6.0,2.5,1.5
1784195836394,2026-07-16 11:57:16.394,C3:00:00:63:4D:08,-61,127,6.0,2.5,1.5
1784195836403,2026-07-16 11:57:16.403,C3:00:00:63:4D:0A,-58,127,6.0,2.5,1.5
1784195836414,2026-07-16 11:57:16.414,C3:00:00:63:4D:04,-56,127,6.0,2.5,1.5
1784195836419,2026-07-16 11:57:16.419,C3:00:00:63:4C:D2,-65,127,6.0,2.5,1.5
1784195836473,2026-07-16 11:57:16.473,C3:00:00:63:4D:09,-73,127,6.0,2.5,1.5
1784195836507,2026-07-16 11:57:16.507,C3:00:00:63:4D:07,-62,127,6.0,2.5,1.5
1784195836511,2026-07-16 11:57:16.511,C3:00:00:63:4D:0A,-66,127,6.0,2.5,1.5
1784195836516,2026-07-16 11:57:16.516,C3:00:00:63:4D:0D,-61,127,6.0,2.5,1.5
1784195836520,2026-07-16 11:57:16.520,C3:00:00:63:4C:D2,-55,127,6.0,2.5,1.5
1784195836539,2026-07-16 11:57:16.539,C3:00:00:63:4D:08,-56,127,6.0,2.5,1.5
1784195836576,2026-07-16 11:57:16.576,C3:00:00:63:4C:D2,-56,127,6.0,2.5,1.5
1784195836586,2026-07-16 11:57:16.586,C3:00:00:63:4D:09,-62,127,6.0,2.5,1.5
1784195836621,2026-07-16 11:57:16.621,C3:00:00:63:4D:0D,-60,127,6.0,2.5,1.5
1784195836637,2026-07-16 11:57:16.637,C3:00:00:63:4C:D2,-55,127,6.0,2.5,1.5
1784195836642,2026-07-16 11:57:16.642,C3:00:00:63:4D:04,-58,127,6.0,2.5,1.5
1784195836644,2026-07-16 11:57:16.644,C3:00:00:63:4D:08,-60,127,6.0,2.5,1.5
1784195836661,2026-07-16 11:57:16.661,C3:00:00:63:4D:0D,-91,127,6.0,2.5,1.5
1784195836720,2026-07-16 11:57:16.720,C3:00:00:63:4D:0A,-56,127,6.0,2.5,1.5
1784195836742,2026-07-16 11:57:16.742,C3:00:00:63:4D:0D,-81,127,6.0,2.5,1.5
1784195836749,2026-07-16 11:57:16.749,C3:00:00:63:4C:D2,-55,127,6.0,2.5,1.5
1784195836806,2026-07-16 11:57:16.806,C3:00:00:63:4D:05,-55,127,6.0,2.5,1.5
1784195836856,2026-07-16 11:57:16.856,C3:00:00:63:4D:07,-76,127,6.0,2.5,1.5
1784195836860,2026-07-16 11:57:16.860,C3:00:00:63:4C:D2,-55,127,6.0,2.5,1.5
1784195836865,2026-07-16 11:57:16.865,C3:00:00:63:4D:0A,-75,127,6.0,2.5,1.5
1784195836870,2026-07-16 11:57:16.870,C3:00:00:63:4D:04,-58,127,6.0,2.5,1.5
1784195836878,2026-07-16 11:57:16.878,C3:00:00:63:4D:0D,-60,127,6.0,2.5,1.5
1784195836921,2026-07-16 11:57:16.921,C3:00:00:63:4D:09,-61,127,6.0,2.5,1.5
1784195836929,2026-07-16 11:57:16.929,C3:00:00:63:4D:0A,-75,127,6.0,2.5,1.5
1784195836955,2026-07-16 11:57:16.955,C3:00:00:63:4D:0A,-58,127,6.0,2.5,1.5
1784195836959,2026-07-16 11:57:16.959,C3:00:00:63:4D:04,-56,127,6.0,2.5,1.5
1784195836966,2026-07-16 11:57:16.966,C3:00:00:63:4D:0D,-83,127,6.0,2.5,1.5
1784195836970,2026-07-16 11:57:16.970,C3:00:00:63:4D:07,-62,127,6.0,2.5,1.5
1784195836981,2026-07-16 11:57:16.981,C3:00:00:63:4C:D2,-65,127,6.0,2.5,1.5
1784195836987,2026-07-16 11:57:16.987,C3:00:00:63:4D:05,-57,127,6.0,2.5,1.5
1784195837037,2026-07-16 11:57:17.037,C3:00:00:63:4D:09,-61,127,6.0,2.5,1.5
1784195837044,2026-07-16 11:57:17.044,C3:00:00:63:4D:08,-56,127,6.0,2.5,1.5
1784195837098,2026-07-16 11:57:17.098,C3:00:00:63:4D:04,-64,127,6.0,2.5,1.5
1784195837140,2026-07-16 11:57:17.140,C3:00:00:63:4D:05,-55,127,6.0,2.5,1.5
1784195837147,2026-07-16 11:57:17.147,C3:00:00:63:4C:D2,-55,127,6.0,2.5,1.5
1784195837200,2026-07-16 11:57:17.200,C3:00:00:63:4C:D2,-55,127,6.0,2.5,1.5
1784195837205,2026-07-16 11:57:17.205,C3:00:00:63:4D:0D,-60,127,6.0,2.5,1.5
1784195837236,2026-07-16 11:57:17.236,C3:00:00:63:4D:08,-55,127,6.0,2.5,1.5
1784195837243,2026-07-16 11:57:17.243,C3:00:00:63:4D:0A,-59,127,6.0,2.5,1.5
1784195837252,2026-07-16 11:57:17.252,C3:00:00:63:4D:05,-56,127,6.0,2.5,1.5
1784195837264,2026-07-16 11:57:17.264,C3:00:00:63:4D:09,-61,127,6.0,2.5,1.5
1784195837306,2026-07-16 11:57:17.306,C3:00:00:63:4C:D2,-65,127,6.0,2.5,1.5
1784195837326,2026-07-16 11:57:17.326,C3:00:00:63:4D:04,-56,127,6.0,2.5,1.5
1784195837349,2026-07-16 11:57:17.349,C3:00:00:63:4D:08,-60,127,6.0,2.5,1.5
1784195837354,2026-07-16 11:57:17.354,C3:00:00:63:4D:0A,-66,127,6.0,2.5,1.5
1784195837357,2026-07-16 11:57:17.357,C3:00:00:63:4D:05,-55,127,6.0,2.5,1.5
1784195837381,2026-07-16 11:57:17.381,C3:00:00:63:4D:09,-73,127,6.0,2.5,1.5
1784195837431,2026-07-16 11:57:17.431,C3:00:00:63:4D:0D,-61,127,6.0,2.5,1.5
1784195837445,2026-07-16 11:57:17.445,C3:00:00:63:4D:08,-54,127,6.0,2.5,1.5
1784195837459,2026-07-16 11:57:17.459,C3:00:00:63:4D:04,-58,127,6.0,2.5,1.5
1784195837486,2026-07-16 11:57:17.486,C3:00:00:63:4D:09,-62,127,6.0,2.5,1.5
1784195837538,2026-07-16 11:57:17.538,C3:00:00:63:4C:D2,-55,127,6.0,2.5,1.5
1784195837542,2026-07-16 11:57:17.542,C3:00:00:63:4D:08,-55,127,6.0,2.5,1.5
1784195837552,2026-07-16 11:57:17.552,C3:00:00:63:4D:0A,-58,127,6.0,2.5,1.5
1784195837568,2026-07-16 11:57:17.568,C3:00:00:63:4D:04,-56,127,6.0,2.5,1.5
1784195837600,2026-07-16 11:57:17.600,C3:00:00:63:4D:09,-60,127,6.0,2.5,1.5
1784195837655,2026-07-16 11:57:17.655,C3:00:00:63:4D:07,-62,127,6.0,2.5,1.5
1784195837660,2026-07-16 11:57:17.660,C3:00:00:63:4D:0D,-62,127,6.0,2.5,1.5
1784195837666,2026-07-16 11:57:17.666,C3:00:00:63:4D:09,-73,127,6.0,2.5,1.5
1784195837680,2026-07-16 11:57:17.680,C3:00:00:63:4D:09,-74,127,6.0,2.5,1.5
1784195837692,2026-07-16 11:57:17.692,C3:00:00:63:4D:05,-57,127,6.0,2.5,1.5
1784195837717,2026-07-16 11:57:17.717,C3:00:00:63:4D:09,-73,127,6.0,2.5,1.5
1784195837736,2026-07-16 11:57:17.736,C3:00:00:63:4D:09,-81,127,6.0,2.5,1.5
1784195837755,2026-07-16 11:57:17.755,C3:00:00:63:4D:08,-54,127,6.0,2.5,1.5
1784195837762,2026-07-16 11:57:17.762,C3:00:00:63:4C:D2,-54,127,6.0,2.5,1.5
1784195837773,2026-07-16 11:57:17.773,C3:00:00:63:4D:07,-75,127,6.0,2.5,1.5
1784195837779,2026-07-16 11:57:17.779,C3:00:00:63:4D:0D,-60,127,6.0,2.5,1.5
1784195837803,2026-07-16 11:57:17.803,C3:00:00:63:4D:05,-54,127,6.0,2.5,1.5
1784195837828,2026-07-16 11:57:17.828,C3:00:00:63:4D:09,-62,127,6.0,2.5,1.5
1784195837846,2026-07-16 11:57:17.846,C3:00:00:63:4D:08,-55,127,6.0,2.5,1.5
1784195837865,2026-07-16 11:57:17.865,C3:00:00:63:4D:0A,-58,127,6.0,2.5,1.5
1784195837890,2026-07-16 11:57:17.890,C3:00:00:63:4D:0D,-82,127,6.0,2.5,1.5
1784195837901,2026-07-16 11:57:17.901,C3:00:00:63:4D:04,-56,127,6.0,2.5,1.5
1784195837912,2026-07-16 11:57:17.912,C3:00:00:63:4D:05,-56,127,6.0,2.5,1.5
1784195837936,2026-07-16 11:57:17.936,C3:00:00:63:4D:09,-60,127,6.0,2.5,1.5
1784195837971,2026-07-16 11:57:17.971,C3:00:00:63:4D:0A,-66,127,6.0,2.5,1.5
1784195837982,2026-07-16 11:57:17.982,C3:00:00:63:4C:D2,-55,127,6.0,2.5,1.5
1784195837999,2026-07-16 11:57:17.999,C3:00:00:63:4D:07,-62,127,6.0,2.5,1.5
1784195838003,2026-07-16 11:57:18.003,C3:00:00:63:4D:05,-55,127,6.0,2.5,1.5
1784195838016,2026-07-16 11:57:18.016,C3:00:00:63:4D:04,-64,127,6.0,2.5,1.5
1784195838040,2026-07-16 11:57:18.040,C3:00:00:63:4D:08,-56,127,6.0,2.5,1.5
1784195838050,2026-07-16 11:57:18.050,C3:00:00:63:4D:09,-61,127,6.0,2.5,1.5
1784195838072,2026-07-16 11:57:18.072,C3:00:00:63:4D:0A,-76,127,6.0,2.5,1.5
1784195838118,2026-07-16 11:57:18.118,C3:00:00:63:4D:0D,-60,127,6.0,2.5,1.5
1784195838139,2026-07-16 11:57:18.139,C3:00:00:63:4D:05,-54,127,6.0,2.5,1.5
1784195838172,2026-07-16 11:57:18.172,C3:00:00:63:4D:09,-61,127,6.0,2.5,1.5
1784195838180,2026-07-16 11:57:18.180,C3:00:00:63:4D:0A,-58,127,6.0,2.5,1.5
1784195838201,2026-07-16 11:57:18.201,C3:00:00:63:4C:D2,-65,127,6.0,2.5,1.5
1784195838232,2026-07-16 11:57:18.232,C3:00:00:63:4D:07,-62,127,6.0,2.5,1.5
1784195838238,2026-07-16 11:57:18.238,C3:00:00:63:4D:0D,-82,127,6.0,2.5,1.5
1784195838243,2026-07-16 11:57:18.243,C3:00:00:63:4D:05,-55,127,6.0,2.5,1.5
1784195838259,2026-07-16 11:57:18.259,C3:00:00:63:4D:08,-56,127,6.0,2.5,1.5
1784195838314,2026-07-16 11:57:18.314,C3:00:00:63:4C:D2,-55,127,6.0,2.5,1.5
1784195838351,2026-07-16 11:57:18.351,C3:00:00:63:4D:0D,-60,127,6.0,2.5,1.5
1784195838371,2026-07-16 11:57:18.371,C3:00:00:63:4D:07,-78,127,6.0,2.5,1.5
1784195838386,2026-07-16 11:57:18.386,C3:00:00:63:4D:0A,-76,127,6.0,2.5,1.5
1784195838410,2026-07-16 11:57:18.410,C3:00:00:63:4D:08,-55,127,6.0,2.5,1.5
1784195838428,2026-07-16 11:57:18.428,C3:00:00:63:4C:D2,-55,127,6.0,2.5,1.5
1784195838443,2026-07-16 11:57:18.443,C3:00:00:63:4D:08,-55,127,6.0,2.5,1.5
1784195838466,2026-07-16 11:57:18.466,C3:00:00:63:4D:0D,-82,127,6.0,2.5,1.5
1784195838491,2026-07-16 11:57:18.491,C3:00:00:63:4D:0A,-58,127,6.0,2.5,1.5
1784195838512,2026-07-16 11:57:18.512,C3:00:00:63:4D:09,-61,127,6.0,2.5,1.5
1784195838535,2026-07-16 11:57:18.535,C3:00:00:63:4C:D2,-65,127,6.0,2.5,1.5
1784195838538,2026-07-16 11:57:18.538,C3:00:00:63:4D:08,-61,127,6.0,2.5,1.5
1784195838572,2026-07-16 11:57:18.572,C3:00:00:63:4D:05,-55,127,6.0,2.5,1.5
1784195838578,2026-07-16 11:57:18.578,C3:00:00:63:4D:0D,-61,127,6.0,2.5,1.5
1784195838586,2026-07-16 11:57:18.586,C3:00:00:63:4D:0A,-66,127,6.0,2.5,1.5
1784195838596,2026-07-16 11:57:18.596,C3:00:00:63:4D:04,-64,127,6.0,2.5,1.5
1784195838614,2026-07-16 11:57:18.614,C3:00:00:63:4D:09,-74,127,6.0,2.5,1.5
1784195838659,2026-07-16 11:57:18.659,C3:00:00:63:4C:D2,-55,127,6.0,2.5,1.5
1784195838688,2026-07-16 11:57:18.688,C3:00:00:63:4D:07,-78,127,6.0,2.5,1.5
1784195838697,2026-07-16 11:57:18.697,C3:00:00:63:4D:0D,-60,127,6.0,2.5,1.5
1784195838710,2026-07-16 11:57:18.710,C3:00:00:63:4D:04,-58,127,6.0,2.5,1.5
1784195838733,2026-07-16 11:57:18.733,C3:00:00:63:4D:09,-62,127,6.0,2.5,1.5
1784195838735,2026-07-16 11:57:18.735,C3:00:00:63:4D:08,-55,127,6.0,2.5,1.5
1784195838768,2026-07-16 11:57:18.768,C3:00:00:63:4C:D2,-65,127,6.0,2.5,1.5
1784195838789,2026-07-16 11:57:18.789,C3:00:00:63:4D:05,-56,127,6.0,2.5,1.5
1784195838795,2026-07-16 11:57:18.795,C3:00:00:63:4D:0A,-58,127,6.0,2.5,1.5
1784195838811,2026-07-16 11:57:18.811,C3:00:00:63:4D:0D,-82,127,6.0,2.5,1.5
1784195838826,2026-07-16 11:57:18.826,C3:00:00:63:4D:04,-56,127,6.0,2.5,1.5
1784195838841,2026-07-16 11:57:18.841,C3:00:00:63:4D:09,-61,127,6.0,2.5,1.5
1784195838843,2026-07-16 11:57:18.843,C3:00:00:63:4D:08,-56,127,6.0,2.5,1.5
1784195838872,2026-07-16 11:57:18.872,C3:00:00:63:4D:0A,-67,127,6.0,2.5,1.5
1784195838880,2026-07-16 11:57:18.880,C3:00:00:63:4C:D2,-55,127,6.0,2.5,1.5
1784195838887,2026-07-16 11:57:18.887,C3:00:00:63:4D:0D,-62,127,6.0,2.5,1.5
1784195838917,2026-07-16 11:57:18.917,C3:00:00:63:4D:07,-62,127,6.0,2.5,1.5
1784195838933,2026-07-16 11:57:18.933,C3:00:00:63:4D:0D,-61,127,6.0,2.5,1.5
1784195838936,2026-07-16 11:57:18.936,C3:00:00:63:4D:0A,-67,127,6.0,2.5,1.5
1784195838954,2026-07-16 11:57:18.954,C3:00:00:63:4D:09,-61,127,6.0,2.5,1.5
1784195838985,2026-07-16 11:57:18.985,C3:00:00:63:4C:D2,-55,127,6.0,2.5,1.5
1784195839002,2026-07-16 11:57:19.002,C3:00:00:63:4D:05,-54,127,6.0,2.5,1.5
1784195839023,2026-07-16 11:57:19.023,C3:00:00:63:4D:05,-54,127,6.0,2.5,1.5
1784195839035,2026-07-16 11:57:19.035,C3:00:00:63:4D:08,-55,127,6.0,2.5,1.5
1784195839045,2026-07-16 11:57:19.045,C3:00:00:63:4D:0D,-60,127,6.0,2.5,1.5
1784195839060,2026-07-16 11:57:19.060,C3:00:00:63:4D:04,-56,127,6.0,2.5,1.5
1784195839096,2026-07-16 11:57:19.096,C3:00:00:63:4D:09,-61,127,6.0,2.5,1.5
1784195839112,2026-07-16 11:57:19.112,C3:00:00:63:4C:D2,-65,127,6.0,2.5,1.5
1784195839140,2026-07-16 11:57:19.140,C3:00:00:63:4D:08,-56,127,6.0,2.5,1.5
1784195839152,2026-07-16 11:57:19.152,C3:00:00:63:4D:07,-62,127,6.0,2.5,1.5
1784195839164,2026-07-16 11:57:19.164,C3:00:00:63:4C:D2,-55,127,6.0,2.5,1.5
1784195839178,2026-07-16 11:57:19.178,C3:00:00:63:4D:04,-65,127,6.0,2.5,1.5
1784195839211,2026-07-16 11:57:19.211,C3:00:00:63:4C:D2,-55,127,6.0,2.5,1.5
1784195839215,2026-07-16 11:57:19.215,C3:00:00:63:4D:0A,-67,127,6.0,2.5,1.5
1784195839233,2026-07-16 11:57:19.233,C3:00:00:63:4D:05,-55,127,6.0,2.5,1.5
1784195839251,2026-07-16 11:57:19.251,C3:00:00:63:4D:08,-54,127,6.0,2.5,1.5
1784195839272,2026-07-16 11:57:19.272,C3:00:00:63:4D:0D,-60,127,6.0,2.5,1.5
1784195839285,2026-07-16 11:57:19.285,C3:00:00:63:4D:04,-58,127,6.0,2.5,1.5
1784195839322,2026-07-16 11:57:19.322,C3:00:00:63:4C:D2,-55,127,6.0,2.5,1.5
1784195839421,2026-07-16 11:57:19.421,C3:00:00:63:4D:0A,-58,127,6.0,2.5,1.5
1784195839427,2026-07-16 11:57:19.427,C3:00:00:63:4D:04,-56,127,6.0,2.5,1.5
1784195839435,2026-07-16 11:57:19.435,C3:00:00:63:4C:D2,-65,127,6.0,2.5,1.5
1784195839453,2026-07-16 11:57:19.453,C3:00:00:63:4D:05,-55,127,6.0,2.5,1.5
1784195839524,2026-07-16 11:57:19.524,C3:00:00:63:4D:0A,-66,127,6.0,2.5,1.5
1784195839529,2026-07-16 11:57:19.529,C3:00:00:63:4D:09,-74,127,6.0,2.5,1.5
1784195839535,2026-07-16 11:57:19.535,C3:00:00:63:4D:08,-56,127,6.0,2.5,1.5
1784195839557,2026-07-16 11:57:19.557,C3:00:00:63:4D:05,-54,127,6.0,2.5,1.5
1784195839616,2026-07-16 11:57:19.616,C3:00:00:63:4D:07,-77,127,6.0,2.5,1.5
1784195839636,2026-07-16 11:57:19.636,C3:00:00:63:4D:0A,-76,127,6.0,2.5,1.5
1784195839642,2026-07-16 11:57:19.642,C3:00:00:63:4D:08,-55,127,6.0,2.5,1.5
1784195839661,2026-07-16 11:57:19.661,C3:00:00:63:4D:08,-69,127,6.0,2.5,1.5
1784195839664,2026-07-16 11:57:19.664,C3:00:00:63:4C:D2,-65,127,6.0,2.5,1.5
1784195839684,2026-07-16 11:57:19.684,C3:00:00:63:4D:09,-61,127,6.0,2.5,1.5
1784195839705,2026-07-16 11:57:19.705,C3:00:00:63:4D:09,-61,127,6.0,2.5,1.5
1784195839780,2026-07-16 11:57:19.780,C3:00:00:63:4C:D2,-54,127,6.0,2.5,1.5
1784195839820,2026-07-16 11:57:19.820,C3:00:00:63:4D:0D,-62,127,6.0,2.5,1.5
1784195839829,2026-07-16 11:57:19.829,C3:00:00:63:4D:0A,-66,127,6.0,2.5,1.5
1784195839845,2026-07-16 11:57:19.845,C3:00:00:63:4D:07,-75,127,6.0,2.5,1.5
1784195839859,2026-07-16 11:57:19.859,C3:00:00:63:4D:09,-61,127,6.0,2.5,1.5
1784195839895,2026-07-16 11:57:19.895,C3:00:00:63:4D:05,-54,127,6.0,2.5,1.5
1784195839898,2026-07-16 11:57:19.898,C3:00:00:63:4C:D2,-54,127,6.0,2.5,1.5
1784195839946,2026-07-16 11:57:19.946,C3:00:00:63:4D:08,-60,127,6.0,2.5,1.5
1784195839971,2026-07-16 11:57:19.971,C3:00:00:63:4D:07,-61,127,6.0,2.5,1.5
1784195839975,2026-07-16 11:57:19.975,C3:00:00:63:4D:0D,-68,127,6.0,2.5,1.5
1784195839980,2026-07-16 11:57:19.980,C3:00:00:63:4D:09,-60,127,6.0,2.5,1.5
1784195839982,2026-07-16 11:57:19.982,C3:00:00:63:4D:04,-55,127,6.0,2.5,1.5
1784195840003,2026-07-16 11:57:20.003,C3:00:00:63:4D:05,-54,127,6.0,2.5,1.5
1784195840022,2026-07-16 11:57:20.022,C3:00:00:63:4D:05,-57,127,6.0,2.5,1.5
1784195840047,2026-07-16 11:57:20.047,C3:00:00:63:4D:08,-61,127,6.0,2.5,1.5
1784195840071,2026-07-16 11:57:20.071,C3:00:00:63:4D:07,-62,127,6.0,2.5,1.5
1784195840076,2026-07-16 11:57:20.076,C3:00:00:63:4D:0D,-61,127,6.0,2.5,1.5
1784195840081,2026-07-16 11:57:20.081,C3:00:00:63:4D:09,-73,127,6.0,2.5,1.5
1784195840104,2026-07-16 11:57:20.104,C3:00:00:63:4D:05,-56,127,6.0,2.5,1.5
1784195840116,2026-07-16 11:57:20.116,C3:00:00:63:4C:D2,-54,127,6.0,2.5,1.5
1784195840151,2026-07-16 11:57:20.151,C3:00:00:63:4D:08,-54,127,6.0,2.5,1.5
1784195840187,2026-07-16 11:57:20.187,C3:00:00:63:4D:07,-75,127,6.0,2.5,1.5
1784195840200,2026-07-16 11:57:20.200,C3:00:00:63:4D:09,-61,127,6.0,2.5,1.5
1784195840227,2026-07-16 11:57:20.227,C3:00:00:63:4C:D2,-54,127,6.0,2.5,1.5
1784195840231,2026-07-16 11:57:20.231,C3:00:00:63:4D:05,-54,127,6.0,2.5,1.5
1784195840243,2026-07-16 11:57:20.243,C3:00:00:63:4D:08,-60,127,6.0,2.5,1.5
1784195840250,2026-07-16 11:57:20.250,C3:00:00:63:4D:0A,-58,127,6.0,2.5,1.5
1784195840256,2026-07-16 11:57:20.256,C3:00:00:63:4D:07,-60,127,6.0,2.5,1.5
1784195840276,2026-07-16 11:57:20.276,C3:00:00:63:4D:08,-60,127,6.0,2.5,1.5
1784195840301,2026-07-16 11:57:20.301,C3:00:00:63:4D:07,-61,127,6.0,2.5,1.5
1784195840311,2026-07-16 11:57:20.311,C3:00:00:63:4D:0D,-68,127,6.0,2.5,1.5
1784195840315,2026-07-16 11:57:20.315,C3:00:00:63:4D:09,-60,127,6.0,2.5,1.5
1784195840319,2026-07-16 11:57:20.319,C3:00:00:63:4D:04,-55,127,6.0,2.5,1.5
1784195840365,2026-07-16 11:57:20.365,C3:00:00:63:4D:07,-63,127,6.0,2.5,1.5
1784195840390,2026-07-16 11:57:20.390,C3:00:00:63:4D:07,-69,127,6.0,2.5,1.5
1784195840398,2026-07-16 11:57:20.398,C3:00:00:63:4D:08,-58,127,6.0,2.5,1.5
1784195840417,2026-07-16 11:57:20.417,C3:00:00:63:4D:07,-62,127,6.0,2.5,1.5
1784195840419,2026-07-16 11:57:20.419,C3:00:00:63:4D:08,-58,127,6.0,2.5,1.5
1784195840432,2026-07-16 11:57:20.432,C3:00:00:63:4D:04,-65,127,6.0,2.5,1.5
1784195840439,2026-07-16 11:57:20.439,C3:00:00:63:4D:05,-57,127,6.0,2.5,1.5
1784195840461,2026-07-16 11:57:20.461,C3:00:00:63:4D:0A,-74,127,6.0,2.5,1.5
1784195840533,2026-07-16 11:57:20.533,C3:00:00:63:4D:07,-76,127,6.0,2.5,1.5
1784195840538,2026-07-16 11:57:20.538,C3:00:00:63:4D:0D,-60,127,6.0,2.5,1.5
1784195840543,2026-07-16 11:57:20.543,C3:00:00:63:4D:09,-61,127,6.0,2.5,1.5
1784195840548,2026-07-16 11:57:20.548,C3:00:00:63:4D:08,-60,127,6.0,2.5,1.5
1784195840553,2026-07-16 11:57:20.553,C3:00:00:63:4D:05,-54,127,6.0,2.5,1.5
1784195840564,2026-07-16 11:57:20.564,C3:00:00:63:4D:0A,-58,127,6.0,2.5,1.5
1784195840638,2026-07-16 11:57:20.638,C3:00:00:63:4D:08,-60,127,6.0,2.5,1.5
1784195840644,2026-07-16 11:57:20.644,C3:00:00:63:4D:07,-62,127,6.0,2.5,1.5
1784195840657,2026-07-16 11:57:20.657,C3:00:00:63:4D:0D,-62,127,6.0,2.5,1.5
1784195840659,2026-07-16 11:57:20.659,C3:00:00:63:4D:05,-56,127,6.0,2.5,1.5
1784195840663,2026-07-16 11:57:20.663,C3:00:00:63:4C:D2,-54,127,6.0,2.5,1.5
1784195840665,2026-07-16 11:57:20.665,C3:00:00:63:4D:0A,-67,127,6.0,2.5,1.5
1784195840671,2026-07-16 11:57:20.671,C3:00:00:63:4D:07,-63,127,6.0,2.5,1.5
1784195840673,2026-07-16 11:57:20.673,C3:00:00:63:4D:0D,-70,127,6.0,2.5,1.5
1784195840768,2026-07-16 11:57:20.768,C3:00:00:63:4D:0D,-59,127,6.0,2.5,1.5
1784195840772,2026-07-16 11:57:20.772,C3:00:00:63:4D:07,-76,127,6.0,2.5,1.5
1784195840777,2026-07-16 11:57:20.777,C3:00:00:63:4D:0A,-74,127,6.0,2.5,1.5
1784195840782,2026-07-16 11:57:20.782,C3:00:00:63:4D:04,-59,127,6.0,2.5,1.5
1784195840847,2026-07-16 11:57:20.847,C3:00:00:63:4D:08,-60,127,6.0,2.5,1.5
1784195840874,2026-07-16 11:57:20.874,C3:00:00:63:4D:07,-61,127,6.0,2.5,1.5
1784195840884,2026-07-16 11:57:20.884,C3:00:00:63:4D:0D,-69,127,6.0,2.5,1.5
1784195840905,2026-07-16 11:57:20.905,C3:00:00:63:4D:04,-55,127,6.0,2.5,1.5
1784195840907,2026-07-16 11:57:20.907,C3:00:00:63:4D:0A,-58,127,6.0,2.5,1.5
1784195840910,2026-07-16 11:57:20.910,C3:00:00:63:4D:0D,-68,127,6.0,2.5,1.5
1784195840946,2026-07-16 11:57:20.946,C3:00:00:63:4D:0A,-66,127,6.0,2.5,1.5
1784195840990,2026-07-16 11:57:20.990,C3:00:00:63:4D:07,-62,127,6.0,2.5,1.5
1784195840993,2026-07-16 11:57:20.993,C3:00:00:63:4D:0D,-61,127,6.0,2.5,1.5
1784195841047,2026-07-16 11:57:21.047,C3:00:00:63:4D:08,-54,127,6.0,2.5,1.5
1784195841110,2026-07-16 11:57:21.110,C3:00:00:63:4D:0D,-60,127,6.0,2.5,1.5
1784195841148,2026-07-16 11:57:21.148,C3:00:00:63:4D:08,-60,127,6.0,2.5,1.5
1784195841153,2026-07-16 11:57:21.153,C3:00:00:63:4D:0A,-65,127,6.0,2.5,1.5
1784195841176,2026-07-16 11:57:21.176,C3:00:00:63:4C:D2,-66,127,6.0,2.5,1.5
1784195841191,2026-07-16 11:57:21.191,C3:00:00:63:4D:0A,-58,127,6.0,2.5,1.5
1784195841209,2026-07-16 11:57:21.209,C3:00:00:63:4D:05,-54,127,6.0,2.5,1.5
1784195841231,2026-07-16 11:57:21.231,C3:00:00:63:4D:07,-61,127,6.0,2.5,1.5
1784195841237,2026-07-16 11:57:21.237,C3:00:00:63:4C:D2,-66,127,6.0,2.5,1.5
1784195841240,2026-07-16 11:57:21.240,C3:00:00:63:4D:08,-60,127,6.0,2.5,1.5
1784195841295,2026-07-16 11:57:21.295,C3:00:00:63:4D:0A,-66,127,6.0,2.5,1.5
1784195841317,2026-07-16 11:57:21.317,C3:00:00:63:4D:05,-55,127,6.0,2.5,1.5
1784195841338,2026-07-16 11:57:21.338,C3:00:00:63:4D:07,-62,127,6.0,2.5,1.5
1784195841359,2026-07-16 11:57:21.359,C3:00:00:63:4D:04,-58,127,6.0,2.5,1.5
1784195841402,2026-07-16 11:57:21.402,C3:00:00:63:4D:0A,-75,127,6.0,2.5,1.5
1784195841412,2026-07-16 11:57:21.412,C3:00:00:63:4D:04,-58,127,6.0,2.5,1.5
1784195841443,2026-07-16 11:57:21.443,C3:00:00:63:4D:08,-60,127,6.0,2.5,1.5
1784195841450,2026-07-16 11:57:21.450,C3:00:00:63:4D:09,-61,127,6.0,2.5,1.5
1784195841454,2026-07-16 11:57:21.454,C3:00:00:63:4D:07,-63,127,6.0,2.5,1.5
1784195841469,2026-07-16 11:57:21.469,C3:00:00:63:4D:04,-56,127,6.0,2.5,1.5
1784195841501,2026-07-16 11:57:21.501,C3:00:00:63:4D:0A,-58,127,6.0,2.5,1.5
1784195841540,2026-07-16 11:57:21.540,C3:00:00:63:4D:05,-56,127,6.0,2.5,1.5
1784195841546,2026-07-16 11:57:21.546,C3:00:00:63:4D:08,-56,127,6.0,2.5,1.5
1784195841554,2026-07-16 11:57:21.554,C3:00:00:63:4D:09,-74,127,6.0,2.5,1.5
1784195841573,2026-07-16 11:57:21.573,C3:00:00:63:4D:07,-62,127,6.0,2.5,1.5
1784195841575,2026-07-16 11:57:21.575,C3:00:00:63:4C:D2,-55,127,6.0,2.5,1.5
1784195841582,2026-07-16 11:57:21.582,C3:00:00:63:4D:04,-64,127,6.0,2.5,1.5
1784195841611,2026-07-16 11:57:21.611,C3:00:00:63:4D:0A,-66,127,6.0,2.5,1.5
1784195841639,2026-07-16 11:57:21.639,C3:00:00:63:4D:08,-56,127,6.0,2.5,1.5
1784195841666,2026-07-16 11:57:21.666,C3:00:00:63:4D:09,-61,127,6.0,2.5,1.5
1784195841688,2026-07-16 11:57:21.688,C3:00:00:63:4D:09,-61,127,6.0,2.5,1.5
1784195841735,2026-07-16 11:57:21.735,C3:00:00:63:4D:09,-69,127,6.0,2.5,1.5
1784195841761,2026-07-16 11:57:21.761,C3:00:00:63:4D:05,-56,127,6.0,2.5,1.5
1784195841786,2026-07-16 11:57:21.786,C3:00:00:63:4D:09,-61,127,6.0,2.5,1.5
1784195841790,2026-07-16 11:57:21.790,C3:00:00:63:4C:D2,-65,127,6.0,2.5,1.5
1784195841794,2026-07-16 11:57:21.794,C3:00:00:63:4D:07,-62,127,6.0,2.5,1.5
1784195841808,2026-07-16 11:57:21.808,C3:00:00:63:4D:0A,-58,127,6.0,2.5,1.5
1784195841815,2026-07-16 11:57:21.815,C3:00:00:63:4D:04,-55,127,6.0,2.5,1.5
1784195841842,2026-07-16 11:57:21.842,C3:00:00:63:4D:08,-60,127,6.0,2.5,1.5
1784195841886,2026-07-16 11:57:21.886,C3:00:00:63:4C:D2,-55,127,6.0,2.5,1.5
1784195841894,2026-07-16 11:57:21.894,C3:00:00:63:4D:09,-73,127,6.0,2.5,1.5
1784195841917,2026-07-16 11:57:21.917,C3:00:00:63:4D:0D,-61,127,6.0,2.5,1.5
1784195841919,2026-07-16 11:57:21.919,C3:00:00:63:4D:05,-62,127,6.0,2.5,1.5
1784195841929,2026-07-16 11:57:21.929,C3:00:00:63:4D:04,-64,127,6.0,2.5,1.5
1784195841944,2026-07-16 11:57:21.944,C3:00:00:63:4D:08,-55,127,6.0,2.5,1.5
1784195841982,2026-07-16 11:57:21.982,C3:00:00:63:4D:05,-54,127,6.0,2.5,1.5
1784195842006,2026-07-16 11:57:22.006,C3:00:00:63:4D:09,-61,127,6.0,2.5,1.5
1784195842011,2026-07-16 11:57:22.011,C3:00:00:63:4C:D2,-54,127,6.0,2.5,1.5
1784195842023,2026-07-16 11:57:22.023,C3:00:00:63:4D:07,-75,127,6.0,2.5,1.5
1784195842035,2026-07-16 11:57:22.035,C3:00:00:63:4D:0D,-59,127,6.0,2.5,1.5
1784195842038,2026-07-16 11:57:22.038,C3:00:00:63:4D:05,-54,127,6.0,2.5,1.5
1784195842093,2026-07-16 11:57:22.093,C3:00:00:63:4D:05,-54,127,6.0,2.5,1.5
1784195842120,2026-07-16 11:57:22.120,C3:00:00:63:4C:D2,-66,127,6.0,2.5,1.5
1784195842125,2026-07-16 11:57:22.125,C3:00:00:63:4D:09,-60,127,6.0,2.5,1.5
1784195842130,2026-07-16 11:57:22.130,C3:00:00:63:4D:0A,-58,127,6.0,2.5,1.5
1784195842149,2026-07-16 11:57:22.149,C3:00:00:63:4D:08,-58,127,6.0,2.5,1.5
1784195842155,2026-07-16 11:57:22.155,C3:00:00:63:4D:0D,-62,127,6.0,2.5,1.5
1784195842157,2026-07-16 11:57:22.157,C3:00:00:63:4D:04,-67,127,6.0,2.5,1.5
1784195842202,2026-07-16 11:57:22.202,C3:00:00:63:4D:05,-56,127,6.0,2.5,1.5
1784195842232,2026-07-16 11:57:22.232,C3:00:00:63:4D:09,-73,127,6.0,2.5,1.5
1784195842282,2026-07-16 11:57:22.282,C3:00:00:63:4D:07,-78,127,6.0,2.5,1.5
1784195842343,2026-07-16 11:57:22.343,C3:00:00:63:4D:08,-60,127,6.0,2.5,1.5
1784195842372,2026-07-16 11:57:22.372,C3:00:00:63:4D:07,-62,127,6.0,2.5,1.5
1784195842392,2026-07-16 11:57:22.392,C3:00:00:63:4D:04,-55,127,6.0,2.5,1.5
1784195842395,2026-07-16 11:57:22.395,C3:00:00:63:4D:07,-63,127,6.0,2.5,1.5
1784195842420,2026-07-16 11:57:22.420,C3:00:00:63:4D:05,-56,127,6.0,2.5,1.5
1784195842444,2026-07-16 11:57:22.444,C3:00:00:63:4D:05,-55,127,6.0,2.5,1.5
1784195842450,2026-07-16 11:57:22.450,C3:00:00:63:4D:08,-56,127,6.0,2.5,1.5
1784195842457,2026-07-16 11:57:22.457,C3:00:00:63:4D:09,-73,127,6.0,2.5,1.5
1784195842460,2026-07-16 11:57:22.460,C3:00:00:63:4D:0A,-67,127,6.0,2.5,1.5
1784195842469,2026-07-16 11:57:22.469,C3:00:00:63:4C:D2,-55,127,6.0,2.5,1.5
1784195842483,2026-07-16 11:57:22.483,C3:00:00:63:4D:07,-62,127,6.0,2.5,1.5
1784195842502,2026-07-16 11:57:22.502,C3:00:00:63:4D:04,-64,127,6.0,2.5,1.5
1784195842529,2026-07-16 11:57:22.529,C3:00:00:63:4D:05,-55,127,6.0,2.5,1.5
1784195842567,2026-07-16 11:57:22.567,C3:00:00:63:4C:D2,-55,127,6.0,2.5,1.5
1784195842573,2026-07-16 11:57:22.573,C3:00:00:63:4D:09,-61,127,6.0,2.5,1.5
1784195842599,2026-07-16 11:57:22.599,C3:00:00:63:4D:0D,-60,127,6.0,2.5,1.5
1784195842606,2026-07-16 11:57:22.606,C3:00:00:63:4D:07,-78,127,6.0,2.5,1.5
1784195842636,2026-07-16 11:57:22.636,C3:00:00:63:4D:08,-55,127,6.0,2.5,1.5
1784195842643,2026-07-16 11:57:22.643,C3:00:00:63:4D:0A,-58,127,6.0,2.5,1.5
1784195842686,2026-07-16 11:57:22.686,C3:00:00:63:4D:09,-60,127,6.0,2.5,1.5
1784195842691,2026-07-16 11:57:22.691,C3:00:00:63:4C:D2,-66,127,6.0,2.5,1.5
1784195842711,2026-07-16 11:57:22.711,C3:00:00:63:4D:07,-61,127,6.0,2.5,1.5
1784195842715,2026-07-16 11:57:22.715,C3:00:00:63:4D:0D,-69,127,6.0,2.5,1.5
1784195842744,2026-07-16 11:57:22.744,C3:00:00:63:4D:08,-58,127,6.0,2.5,1.5
1784195842751,2026-07-16 11:57:22.751,C3:00:00:63:4D:0A,-66,127,6.0,2.5,1.5
1784195842756,2026-07-16 11:57:22.756,C3:00:00:63:4D:05,-57,127,6.0,2.5,1.5
1784195842802,2026-07-16 11:57:22.802,C3:00:00:63:4D:09,-73,127,6.0,2.5,1.5
1784195842836,2026-07-16 11:57:22.836,C3:00:00:63:4D:08,-58,127,6.0,2.5,1.5
1784195842858,2026-07-16 11:57:22.858,C3:00:00:63:4D:0A,-74,127,6.0,2.5,1.5
1784195842862,2026-07-16 11:57:22.862,C3:00:00:63:4D:04,-58,127,6.0,2.5,1.5
1784195842867,2026-07-16 11:57:22.867,C3:00:00:63:4D:05,-54,127,6.0,2.5,1.5
1784195842885,2026-07-16 11:57:22.885,C3:00:00:63:4D:0D,-60,127,6.0,2.5,1.5
1784195842889,2026-07-16 11:57:22.889,C3:00:00:63:4D:0A,-75,127,6.0,2.5,1.5
1784195842906,2026-07-16 11:57:22.906,C3:00:00:63:4C:D2,-55,127,6.0,2.5,1.5
1784195842910,2026-07-16 11:57:22.910,C3:00:00:63:4D:09,-62,127,6.0,2.5,1.5
1784195842937,2026-07-16 11:57:22.937,C3:00:00:63:4D:08,-54,127,6.0,2.5,1.5
1784195842957,2026-07-16 11:57:22.957,C3:00:00:63:4D:0A,-59,127,6.0,2.5,1.5
1784195842971,2026-07-16 11:57:22.971,C3:00:00:63:4D:04,-56,127,6.0,2.5,1.5
1784195842974,2026-07-16 11:57:22.974,C3:00:00:63:4D:0A,-58,127,6.0,2.5,1.5
1784195843022,2026-07-16 11:57:23.022,C3:00:00:63:4D:09,-61,127,6.0,2.5,1.5
1784195843025,2026-07-16 11:57:23.025,C3:00:00:63:4C:D2,-65,127,6.0,2.5,1.5
1784195843042,2026-07-16 11:57:23.042,C3:00:00:63:4D:08,-56,127,6.0,2.5,1.5
1784195843067,2026-07-16 11:57:23.067,C3:00:00:63:4D:0D,-61,127,6.0,2.5,1.5
1784195843073,2026-07-16 11:57:23.073,C3:00:00:63:4D:05,-55,127,6.0,2.5,1.5
1784195843078,2026-07-16 11:57:23.078,C3:00:00:63:4D:04,-64,127,6.0,2.5,1.5
1784195843146,2026-07-16 11:57:23.146,C3:00:00:63:4D:08,-55,127,6.0,2.5,1.5
1784195843182,2026-07-16 11:57:23.182,C3:00:00:63:4D:0D,-60,127,6.0,2.5,1.5
1784195843190,2026-07-16 11:57:23.190,C3:00:00:63:4C:D2,-55,127,6.0,2.5,1.5
1784195843194,2026-07-16 11:57:23.194,C3:00:00:63:4D:05,-54,127,6.0,2.5,1.5
1784195843198,2026-07-16 11:57:23.198,C3:00:00:63:4D:04,-58,127,6.0,2.5,1.5
1784195843239,2026-07-16 11:57:23.239,C3:00:00:63:4D:08,-55,127,6.0,2.5,1.5
1784195843247,2026-07-16 11:57:23.247,C3:00:00:63:4D:09,-61,127,6.0,2.5,1.5
1784195843252,2026-07-16 11:57:23.252,C3:00:00:63:4C:D2,-65,127,6.0,2.5,1.5
1784195843270,2026-07-16 11:57:23.270,C3:00:00:63:4D:0A,-58,127,6.0,2.5,1.5
1784195843311,2026-07-16 11:57:23.311,C3:00:00:63:4D:04,-56,127,6.0,2.5,1.5
1784195843341,2026-07-16 11:57:23.341,C3:00:00:63:4D:08,-61,127,6.0,2.5,1.5
1784195843371,2026-07-16 11:57:23.371,C3:00:00:63:4D:09,-73,127,6.0,2.5,1.5
1784195843406,2026-07-16 11:57:23.406,C3:00:00:63:4D:0D,-62,127,6.0,2.5,1.5
1784195843444,2026-07-16 11:57:23.444,C3:00:00:63:4D:04,-58,127,6.0,2.5,1.5
1784195843466,2026-07-16 11:57:23.466,C3:00:00:63:4C:D2,-55,127,6.0,2.5,1.5
1784195843518,2026-07-16 11:57:23.518,C3:00:00:63:4D:05,-54,127,6.0,2.5,1.5
1784195843629,2026-07-16 11:57:23.629,C3:00:00:63:4D:05,-56,127,6.0,2.5,1.5
1784195843636,2026-07-16 11:57:23.636,C3:00:00:63:4D:0D,-84,127,6.0,2.5,1.5
1784195843640,2026-07-16 11:57:23.640,C3:00:00:63:4D:07,-62,127,6.0,2.5,1.5
1784195843645,2026-07-16 11:57:23.645,C3:00:00:63:4D:08,-56,127,6.0,2.5,1.5
1784195843703,2026-07-16 11:57:23.703,C3:00:00:63:4D:09,-72,127,6.0,2.5,1.5
1784195843726,2026-07-16 11:57:23.726,C3:00:00:63:4D:09,-72,127,6.0,2.5,1.5
1784195843734,2026-07-16 11:57:23.734,C3:00:00:63:4D:05,-55,127,6.0,2.5,1.5
1784195843737,2026-07-16 11:57:23.737,C3:00:00:63:4D:08,-56,127,6.0,2.5,1.5
1784195843744,2026-07-16 11:57:23.744,C3:00:00:63:4D:09,-62,127,6.0,2.5,1.5
1784195843751,2026-07-16 11:57:23.751,C3:00:00:63:4C:D2,-62,127,6.0,2.5,1.5
1784195843753,2026-07-16 11:57:23.753,C3:00:00:63:4D:07,-77,127,6.0,2.5,1.5
1784195843773,2026-07-16 11:57:23.773,C3:00:00:63:4D:04,-58,127,6.0,2.5,1.5
1784195843802,2026-07-16 11:57:23.802,C3:00:00:63:4C:D2,-55,127,6.0,2.5,1.5
1784195843814,2026-07-16 11:57:23.814,C3:00:00:63:4D:09,-61,127,6.0,2.5,1.5
1784195843835,2026-07-16 11:57:23.835,C3:00:00:63:4D:0D,-61,127,6.0,2.5,1.5
1784195843843,2026-07-16 11:57:23.843,C3:00:00:63:4D:08,-61,127,6.0,2.5,1.5
1784195843850,2026-07-16 11:57:23.850,C3:00:00:63:4D:05,-56,127,6.0,2.5,1.5
1784195843866,2026-07-16 11:57:23.866,C3:00:00:63:4D:07,-62,127,6.0,2.5,1.5
1784195843870,2026-07-16 11:57:23.870,C3:00:00:63:4D:0D,-84,127,6.0,2.5,1.5
1784195843892,2026-07-16 11:57:23.892,C3:00:00:63:4D:04,-56,127,6.0,2.5,1.5
1784195843895,2026-07-16 11:57:23.895,C3:00:00:63:4D:0A,-58,127,6.0,2.5,1.5
1784195843897,2026-07-16 11:57:23.897,C3:00:00:63:4C:D2,-66,127,6.0,2.5,1.5
1784195843911,2026-07-16 11:57:23.911,C3:00:00:63:4C:D2,-66,127,6.0,2.5,1.5
1784195843938,2026-07-16 11:57:23.938,C3:00:00:63:4D:09,-60,127,6.0,2.5,1.5
1784195843947,2026-07-16 11:57:23.947,C3:00:00:63:4D:08,-61,127,6.0,2.5,1.5
1784195843962,2026-07-16 11:57:23.962,C3:00:00:63:4D:05,-55,127,6.0,2.5,1.5
1784195843979,2026-07-16 11:57:23.979,C3:00:00:63:4D:07,-62,127,6.0,2.5,1.5
1784195843985,2026-07-16 11:57:23.985,C3:00:00:63:4D:04,-65,127,6.0,2.5,1.5
1784195844007,2026-07-16 11:57:24.007,C3:00:00:63:4D:0A,-67,127,6.0,2.5,1.5
1784195844032,2026-07-16 11:57:24.032,C3:00:00:63:4D:09,-72,127,6.0,2.5,1.5
1784195844036,2026-07-16 11:57:24.036,C3:00:00:63:4D:08,-56,127,6.0,2.5,1.5
1784195844053,2026-07-16 11:57:24.053,C3:00:00:63:4D:05,-54,127,6.0,2.5,1.5
1784195844077,2026-07-16 11:57:24.077,C3:00:00:63:4D:05,-56,127,6.0,2.5,1.5
1784195844101,2026-07-16 11:57:24.101,C3:00:00:63:4D:0A,-74,127,6.0,2.5,1.5
1784195844109,2026-07-16 11:57:24.109,C3:00:00:63:4D:04,-58,127,6.0,2.5,1.5
1784195844137,2026-07-16 11:57:24.137,C3:00:00:63:4C:D2,-55,127,6.0,2.5,1.5
1784195844143,2026-07-16 11:57:24.143,C3:00:00:63:4D:08,-55,127,6.0,2.5,1.5
1784195844154,2026-07-16 11:57:24.154,C3:00:00:63:4D:09,-61,127,6.0,2.5,1.5
1784195844177,2026-07-16 11:57:24.177,C3:00:00:63:4D:05,-56,127,6.0,2.5,1.5
1784195844204,2026-07-16 11:57:24.204,C3:00:00:63:4D:0A,-58,127,6.0,2.5,1.5
1784195844230,2026-07-16 11:57:24.230,C3:00:00:63:4D:04,-56,127,6.0,2.5,1.5
1784195844253,2026-07-16 11:57:24.253,C3:00:00:63:4C:D2,-55,127,6.0,2.5,1.5
1784195844266,2026-07-16 11:57:24.266,C3:00:00:63:4D:07,-63,127,6.0,2.5,1.5
1784195844294,2026-07-16 11:57:24.294,C3:00:00:63:4D:08,-56,127,6.0,2.5,1.5
1784195844304,2026-07-16 11:57:24.304,C3:00:00:63:4D:0A,-67,127,6.0,2.5,1.5
1784195844330,2026-07-16 11:57:24.330,C3:00:00:63:4D:07,-62,127,6.0,2.5,1.5
1784195844333,2026-07-16 11:57:24.333,C3:00:00:63:4D:0D,-62,127,6.0,2.5,1.5
1784195844338,2026-07-16 11:57:24.338,C3:00:00:63:4D:04,-71,127,6.0,2.5,1.5
1784195844359,2026-07-16 11:57:24.359,C3:00:00:63:4D:04,-58,127,6.0,2.5,1.5
1784195844376,2026-07-16 11:57:24.376,C3:00:00:63:4D:09,-61,127,6.0,2.5,1.5
1784195844394,2026-07-16 11:57:24.394,C3:00:00:63:4D:05,-54,127,6.0,2.5,1.5
1784195844404,2026-07-16 11:57:24.404,C3:00:00:63:4D:08,-55,127,6.0,2.5,1.5
1784195844432,2026-07-16 11:57:24.432,C3:00:00:63:4D:08,-55,127,6.0,2.5,1.5
1784195844462,2026-07-16 11:57:24.462,C3:00:00:63:4D:08,-61,127,6.0,2.5,1.5
1784195844483,2026-07-16 11:57:24.483,C3:00:00:63:4C:D2,-66,127,6.0,2.5,1.5
1784195844541,2026-07-16 11:57:24.541,C3:00:00:63:4D:08,-56,127,6.0,2.5,1.5
1784195844564,2026-07-16 11:57:24.564,C3:00:00:63:4D:07,-63,127,6.0,2.5,1.5
1784195844568,2026-07-16 11:57:24.568,C3:00:00:63:4D:0D,-61,127,6.0,2.5,1.5
1784195844587,2026-07-16 11:57:24.587,C3:00:00:63:4C:D2,-55,127,6.0,2.5,1.5
1784195844606,2026-07-16 11:57:24.606,C3:00:00:63:4C:D2,-55,127,6.0,2.5,1.5
1784195844616,2026-07-16 11:57:24.616,C3:00:00:63:4D:0A,-67,127,6.0,2.5,1.5
1784195844619,2026-07-16 11:57:24.619,C3:00:00:63:4D:05,-55,127,6.0,2.5,1.5
1784195844643,2026-07-16 11:57:24.643,C3:00:00:63:4D:08,-55,127,6.0,2.5,1.5
1784195844658,2026-07-16 11:57:24.658,C3:00:00:63:4D:07,-78,127,6.0,2.5,1.5
1784195844687,2026-07-16 11:57:24.687,C3:00:00:63:4D:07,-78,127,6.0,2.5,1.5
1784195844693,2026-07-16 11:57:24.693,C3:00:00:63:4D:04,-58,127,6.0,2.5,1.5
1784195844699,2026-07-16 11:57:24.699,C3:00:00:63:4C:D2,-55,127,6.0,2.5,1.5
1784195844742,2026-07-16 11:57:24.742,C3:00:00:63:4D:08,-61,127,6.0,2.5,1.5
1784195844787,2026-07-16 11:57:24.787,C3:00:00:63:4D:07,-63,127,6.0,2.5,1.5
1784195844791,2026-07-16 11:57:24.791,C3:00:00:63:4D:0D,-82,127,6.0,2.5,1.5
1784195844799,2026-07-16 11:57:24.799,C3:00:00:63:4D:04,-56,127,6.0,2.5,1.5
1784195844830,2026-07-16 11:57:24.830,C3:00:00:63:4D:09,-61,127,6.0,2.5,1.5
1784195844836,2026-07-16 11:57:24.836,C3:00:00:63:4D:05,-56,127,6.0,2.5,1.5
1784195844889,2026-07-16 11:57:24.889,C3:00:00:63:4D:0D,-62,127,6.0,2.5,1.5
1784195844896,2026-07-16 11:57:24.896,C3:00:00:63:4D:0A,-67,127,6.0,2.5,1.5
1784195844902,2026-07-16 11:57:24.902,C3:00:00:63:4D:07,-63,127,6.0,2.5,1.5
1784195844915,2026-07-16 11:57:24.915,C3:00:00:63:4D:04,-64,127,6.0,2.5,1.5
1784195844929,2026-07-16 11:57:24.929,C3:00:00:63:4C:D2,-55,127,6.0,2.5,1.5
1784195844933,2026-07-16 11:57:24.933,C3:00:00:63:4D:0A,-67,127,6.0,2.5,1.5
1784195844936,2026-07-16 11:57:24.936,C3:00:00:63:4D:08,-56,127,6.0,2.5,1.5
1784195844949,2026-07-16 11:57:24.949,C3:00:00:63:4D:05,-54,127,6.0,2.5,1.5
1784195844967,2026-07-16 11:57:24.967,C3:00:00:63:4D:04,-58,127,6.0,2.5,1.5
1784195845013,2026-07-16 11:57:25.013,C3:00:00:63:4D:07,-78,127,6.0,2.5,1.5
1784195845017,2026-07-16 11:57:25.017,C3:00:00:63:4D:0D,-60,127,6.0,2.5,1.5
1784195845029,2026-07-16 11:57:25.029,C3:00:00:63:4D:05,-54,127,6.0,2.5,1.5
1784195845031,2026-07-16 11:57:25.031,C3:00:00:63:4D:04,-58,127,6.0,2.5,1.5
1784195845034,2026-07-16 11:57:25.034,C3:00:00:63:4C:D2,-55,127,6.0,2.5,1.5
1784195845040,2026-07-16 11:57:25.040,C3:00:00:63:4D:08,-55,127,6.0,2.5,1.5
1784195845055,2026-07-16 11:57:25.055,C3:00:00:63:4D:05,-54,127,6.0,2.5,1.5
1784195845135,2026-07-16 11:57:25.135,C3:00:00:63:4D:0D,-83,127,6.0,2.5,1.5
1784195845140,2026-07-16 11:57:25.140,C3:00:00:63:4D:0A,-58,127,6.0,2.5,1.5
1784195845143,2026-07-16 11:57:25.143,C3:00:00:63:4D:04,-63,127,6.0,2.5,1.5
1784195845150,2026-07-16 11:57:25.150,C3:00:00:63:4C:D2,-55,127,6.0,2.5,1.5
1784195845163,2026-07-16 11:57:25.163,C3:00:00:63:4D:09,-72,127,6.0,2.5,1.5
1784195845239,2026-07-16 11:57:25.239,C3:00:00:63:4D:08,-56,127,6.0,2.5,1.5
1784195845249,2026-07-16 11:57:25.249,C3:00:00:63:4D:0A,-76,127,6.0,2.5,1.5
1784195845253,2026-07-16 11:57:25.253,C3:00:00:63:4D:0D,-60,127,6.0,2.5,1.5
1784195845265,2026-07-16 11:57:25.265,C3:00:00:63:4D:07,-77,127,6.0,2.5,1.5
1784195845274,2026-07-16 11:57:25.274,C3:00:00:63:4D:05,-54,127,6.0,2.5,1.5
1784195845281,2026-07-16 11:57:25.281,C3:00:00:63:4D:09,-61,127,6.0,2.5,1.5
1784195845345,2026-07-16 11:57:25.345,C3:00:00:63:4D:08,-61,127,6.0,2.5,1.5
1784195845348,2026-07-16 11:57:25.348,C3:00:00:63:4D:0A,-58,127,6.0,2.5,1.5
1784195845361,2026-07-16 11:57:25.361,C3:00:00:63:4D:07,-63,127,6.0,2.5,1.5
1784195845373,2026-07-16 11:57:25.373,C3:00:00:63:4C:D2,-66,127,6.0,2.5,1.5
1784195845390,2026-07-16 11:57:25.390,C3:00:00:63:4D:05,-56,127,6.0,2.5,1.5
1784195845400,2026-07-16 11:57:25.400,C3:00:00:63:4D:09,-61,127,6.0,2.5,1.5
1784195845442,2026-07-16 11:57:25.442,C3:00:00:63:4D:04,-63,127,6.0,2.5,1.5
1784195845448,2026-07-16 11:57:25.448,C3:00:00:63:4D:08,-56,127,6.0,2.5,1.5
1784195845476,2026-07-16 11:57:25.476,C3:00:00:63:4D:07,-63,127,6.0,2.5,1.5
1784195845480,2026-07-16 11:57:25.480,C3:00:00:63:4D:0D,-61,127,6.0,2.5,1.5
1784195845491,2026-07-16 11:57:25.491,C3:00:00:63:4C:D2,-55,127,6.0,2.5,1.5
1784195845494,2026-07-16 11:57:25.494,C3:00:00:63:4D:04,-63,127,6.0,2.5,1.5
1784195845499,2026-07-16 11:57:25.499,C3:00:00:63:4D:05,-55,127,6.0,2.5,1.5
1784195845501,2026-07-16 11:57:25.501,C3:00:00:63:4D:0D,-61,127,6.0,2.5,1.5
1784195845506,2026-07-16 11:57:25.506,C3:00:00:63:4D:09,-72,127,6.0,2.5,1.5
1784195845536,2026-07-16 11:57:25.536,C3:00:00:63:4D:08,-56,127,6.0,2.5,1.5
1784195845557,2026-07-16 11:57:25.557,C3:00:00:63:4D:0A,-76,127,6.0,2.5,1.5
1784195845595,2026-07-16 11:57:25.595,C3:00:00:63:4C:D2,-55,127,6.0,2.5,1.5
1784195845615,2026-07-16 11:57:25.615,C3:00:00:63:4D:04,-58,127,6.0,2.5,1.5
1784195845626,2026-07-16 11:57:25.626,C3:00:00:63:4D:09,-62,127,6.0,2.5,1.5
1784195845718,2026-07-16 11:57:25.718,C3:00:00:63:4D:05,-56,127,6.0,2.5,1.5
1784195845727,2026-07-16 11:57:25.727,C3:00:00:63:4D:09,-61,127,6.0,2.5,1.5
1784195845738,2026-07-16 11:57:25.738,C3:00:00:63:4D:04,-56,127,6.0,2.5,1.5
1784195845740,2026-07-16 11:57:25.740,C3:00:00:63:4D:08,-61,127,6.0,2.5,1.5
1784195845756,2026-07-16 11:57:25.756,C3:00:00:63:4D:09,-72,127,6.0,2.5,1.5
1784195845760,2026-07-16 11:57:25.760,C3:00:00:63:4D:0A,-67,127,6.0,2.5,1.5
1784195845816,2026-07-16 11:57:25.816,C3:00:00:63:4C:D2,-55,127,6.0,2.5,1.5
1784195845841,2026-07-16 11:57:25.841,C3:00:00:63:4D:04,-63,127,6.0,2.5,1.5
1784195845845,2026-07-16 11:57:25.845,C3:00:00:63:4D:09,-61,127,6.0,2.5,1.5
1784195845870,2026-07-16 11:57:25.870,C3:00:00:63:4D:0A,-76,127,6.0,2.5,1.5
1784195845901,2026-07-16 11:57:25.901,C3:00:00:63:4C:D2,-55,127,6.0,2.5,1.5
1784195845926,2026-07-16 11:57:25.926,C3:00:00:63:4C:D2,-55,127,6.0,2.5,1.5
1784195845933,2026-07-16 11:57:25.933,C3:00:00:63:4D:05,-54,127,6.0,2.5,1.5
1784195845958,2026-07-16 11:57:25.958,C3:00:00:63:4D:04,-56,127,6.0,2.5,1.5
1784195845961,2026-07-16 11:57:25.961,C3:00:00:63:4D:09,-61,127,6.0,2.5,1.5
1784195845992,2026-07-16 11:57:25.992,C3:00:00:63:4D:04,-57,127,6.0,2.5,1.5
1784195846044,2026-07-16 11:57:26.044,C3:00:00:63:4D:05,-55,127,6.0,2.5,1.5
1784195846062,2026-07-16 11:57:26.062,C3:00:00:63:4D:0D,-61,127,6.0,2.5,1.5
1784195846066,2026-07-16 11:57:26.066,C3:00:00:63:4D:05,-56,127,6.0,2.5,1.5
1784195846069,2026-07-16 11:57:26.069,C3:00:00:63:4D:09,-72,127,6.0,2.5,1.5
1784195846084,2026-07-16 11:57:26.084,C3:00:00:63:4D:0A,-68,127,6.0,2.5,1.5
1784195846154,2026-07-16 11:57:26.154,C3:00:00:63:4D:05,-54,127,6.0,2.5,1.5
1784195846157,2026-07-16 11:57:26.157,C3:00:00:63:4C:D2,-55,127,6.0,2.5,1.5
1784195846169,2026-07-16 11:57:26.169,C3:00:00:63:4D:07,-76,127,6.0,2.5,1.5
1784195846180,2026-07-16 11:57:26.180,C3:00:00:63:4D:0A,-76,127,6.0,2.5,1.5
1784195846184,2026-07-16 11:57:26.184,C3:00:00:63:4D:09,-61,127,6.0,2.5,1.5
1784195846191,2026-07-16 11:57:26.191,C3:00:00:63:4D:04,-57,127,6.0,2.5,1.5
1784195846242,2026-07-16 11:57:26.242,C3:00:00:63:4D:08,-61,127,6.0,2.5,1.5
1784195846269,2026-07-16 11:57:26.269,C3:00:00:63:4C:D2,-66,127,6.0,2.5,1.5
1784195846272,2026-07-16 11:57:26.272,C3:00:00:63:4D:07,-62,127,6.0,2.5,1.5
1784195846275,2026-07-16 11:57:26.275,C3:00:00:63:4D:05,-56,127,6.0,2.5,1.5
1784195846282,2026-07-16 11:57:26.282,C3:00:00:63:4D:0A,-58,127,6.0,2.5,1.5
1784195846288,2026-07-16 11:57:26.288,C3:00:00:63:4D:0D,-83,127,6.0,2.5,1.5
1784195846292,2026-07-16 11:57:26.292,C3:00:00:63:4D:07,-62,127,6.0,2.5,1.5
1784195846305,2026-07-16 11:57:26.305,C3:00:00:63:4D:08,-61,127,6.0,2.5,1.5
1784195846391,2026-07-16 11:57:26.391,C3:00:00:63:4D:0A,-67,127,6.0,2.5,1.5
1784195846411,2026-07-16 11:57:26.411,C3:00:00:63:4D:09,-72,127,6.0,2.5,1.5
1784195846419,2026-07-16 11:57:26.419,C3:00:00:63:4D:04,-64,127,6.0,2.5,1.5
1784195846456,2026-07-16 11:57:26.456,C3:00:00:63:4D:08,-55,127,6.0,2.5,1.5
1784195846460,2026-07-16 11:57:26.460,C3:00:00:63:4D:0A,-75,127,6.0,2.5,1.5
1784195846466,2026-07-16 11:57:26.466,C3:00:00:63:4D:05,-54,127,6.0,2.5,1.5
1784195846484,2026-07-16 11:57:26.484,C3:00:00:63:4D:05,-54,127,6.0,2.5,1.5
1784195846491,2026-07-16 11:57:26.491,C3:00:00:63:4C:D2,-55,127,6.0,2.5,1.5
1784195846497,2026-07-16 11:57:26.497,C3:00:00:63:4D:0A,-76,127,6.0,2.5,1.5
1784195846518,2026-07-16 11:57:26.518,C3:00:00:63:4D:0D,-61,127,6.0,2.5,1.5
1784195846530,2026-07-16 11:57:26.530,C3:00:00:63:4D:09,-62,127,6.0,2.5,1.5
1784195846532,2026-07-16 11:57:26.532,C3:00:00:63:4D:04,-58,127,6.0,2.5,1.5
1784195846598,2026-07-16 11:57:26.598,C3:00:00:63:4D:0A,-59,127,6.0,2.5,1.5
1784195846602,2026-07-16 11:57:26.602,C3:00:00:63:4D:05,-56,127,6.0,2.5,1.5
1784195846610,2026-07-16 11:57:26.610,C3:00:00:63:4C:D2,-65,127,6.0,2.5,1.5
1784195846628,2026-07-16 11:57:26.628,C3:00:00:63:4D:07,-62,127,6.0,2.5,1.5
1784195846629,2026-07-16 11:57:26.629,C3:00:00:63:4D:0D,-83,127,6.0,2.5,1.5
1784195846633,2026-07-16 11:57:26.633,C3:00:00:63:4D:08,-61,127,6.0,2.5,1.5
1784195846638,2026-07-16 11:57:26.638,C3:00:00:63:4D:09,-61,127,6.0,2.5,1.5
1784195846642,2026-07-16 11:57:26.642,C3:00:00:63:4D:04,-64,127,6.0,2.5,1.5
1784195846702,2026-07-16 11:57:26.702,C3:00:00:63:4D:0A,-67,127,6.0,2.5,1.5
1784195846740,2026-07-16 11:57:26.740,C3:00:00:63:4D:07,-63,127,6.0,2.5,1.5
1784195846745,2026-07-16 11:57:26.745,C3:00:00:63:4D:08,-55,127,6.0,2.5,1.5
1784195846758,2026-07-16 11:57:26.758,C3:00:00:63:4D:04,-58,127,6.0,2.5,1.5
1784195846825,2026-07-16 11:57:26.825,C3:00:00:63:4D:05,-54,127,6.0,2.5,1.5
1784195846831,2026-07-16 11:57:26.831,C3:00:00:63:4C:D2,-55,127,6.0,2.5,1.5
1784195846834,2026-07-16 11:57:26.834,C3:00:00:63:4D:08,-55,127,6.0,2.5,1.5
1784195846875,2026-07-16 11:57:26.875,C3:00:00:63:4D:04,-56,127,6.0,2.5,1.5
1784195846903,2026-07-16 11:57:26.903,C3:00:00:63:4D:0D,-84,127,6.0,2.5,1.5
1784195846910,2026-07-16 11:57:26.910,C3:00:00:63:4D:0A,-58,127,6.0,2.5,1.5
1784195846933,2026-07-16 11:57:26.933,C3:00:00:63:4D:05,-56,127,6.0,2.5,1.5
1784195846938,2026-07-16 11:57:26.938,C3:00:00:63:4D:0A,-58,127,6.0,2.5,1.5
1784195846969,2026-07-16 11:57:26.969,C3:00:00:63:4D:0A,-67,127,6.0,2.5,1.5
1784195846979,2026-07-16 11:57:26.979,C3:00:00:63:4D:0D,-61,127,6.0,2.5,1.5
1784195846981,2026-07-16 11:57:26.981,C3:00:00:63:4D:09,-71,127,6.0,2.5,1.5
1784195847012,2026-07-16 11:57:27.012,C3:00:00:63:4D:0A,-67,127,6.0,2.5,1.5
1784195847058,2026-07-16 11:57:27.058,C3:00:00:63:4C:D2,-55,127,6.0,2.5,1.5
1784195847064,2026-07-16 11:57:27.064,C3:00:00:63:4D:05,-54,127,6.0,2.5,1.5
1784195847086,2026-07-16 11:57:27.086,C3:00:00:63:4D:09,-61,127,6.0,2.5,1.5
1784195847104,2026-07-16 11:57:27.104,C3:00:00:63:4D:04,-58,127,6.0,2.5,1.5
1784195847107,2026-07-16 11:57:27.107,C3:00:00:63:4D:09,-62,127,6.0,2.5,1.5
1784195847116,2026-07-16 11:57:27.116,C3:00:00:63:4D:0A,-77,127,6.0,2.5,1.5
1784195847141,2026-07-16 11:57:27.141,C3:00:00:63:4D:08,-61,127,6.0,2.5,1.5
1784195847146,2026-07-16 11:57:27.146,C3:00:00:63:4D:05,-56,127,6.0,2.5,1.5
1784195847168,2026-07-16 11:57:27.168,C3:00:00:63:4C:D2,-65,127,6.0,2.5,1.5
1784195847201,2026-07-16 11:57:27.201,C3:00:00:63:4D:07,-62,127,6.0,2.5,1.5
1784195847205,2026-07-16 11:57:27.205,C3:00:00:63:4D:0D,-83,127,6.0,2.5,1.5
1784195847211,2026-07-16 11:57:27.211,C3:00:00:63:4C:D2,-65,127,6.0,2.5,1.5
1784195847215,2026-07-16 11:57:27.215,C3:00:00:63:4D:09,-61,127,6.0,2.5,1.5
1784195847228,2026-07-16 11:57:27.228,C3:00:00:63:4D:04,-56,127,6.0,2.5,1.5
1784195847251,2026-07-16 11:57:27.251,C3:00:00:63:4D:05,-55,127,6.0,2.5,1.5
1784195847276,2026-07-16 11:57:27.276,C3:00:00:63:4C:D2,-55,127,6.0,2.5,1.5
1784195847313,2026-07-16 11:57:27.313,C3:00:00:63:4D:0D,-61,127,6.0,2.5,1.5
1784195847336,2026-07-16 11:57:27.336,C3:00:00:63:4D:0A,-67,127,6.0,2.5,1.5
1784195847340,2026-07-16 11:57:27.340,C3:00:00:63:4D:04,-64,127,6.0,2.5,1.5
1784195847385,2026-07-16 11:57:27.385,C3:00:00:63:4C:D2,-55,127,6.0,2.5,1.5
1784195847438,2026-07-16 11:57:27.438,C3:00:00:63:4D:08,-55,127,6.0,2.5,1.5
1784195847443,2026-07-16 11:57:27.443,C3:00:00:63:4D:0D,-60,127,6.0,2.5,1.5
1784195847532,2026-07-16 11:57:27.532,C3:00:00:63:4D:0A,-58,127,6.0,2.5,1.5
1784195847540,2026-07-16 11:57:27.540,C3:00:00:63:4D:09,-61,127,6.0,2.5,1.5
1784195847562,2026-07-16 11:57:27.562,C3:00:00:63:4D:04,-64,127,6.0,2.5,1.5
1784195847615,2026-07-16 11:57:27.615,C3:00:00:63:4C:D2,-55,127,6.0,2.5,1.5
1784195847637,2026-07-16 11:57:27.637,C3:00:00:63:4D:08,-56,127,6.0,2.5,1.5
1784195847649,2026-07-16 11:57:27.649,C3:00:00:63:4D:09,-61,127,6.0,2.5,1.5
1784195847660,2026-07-16 11:57:27.660,C3:00:00:63:4D:0D,-60,127,6.0,2.5,1.5
1784195847667,2026-07-16 11:57:27.667,C3:00:00:63:4D:08,-62,127,6.0,2.5,1.5
1784195847668,2026-07-16 11:57:27.668,C3:00:00:63:4D:07,-78,127,6.0,2.5,1.5
1784195847678,2026-07-16 11:57:27.678,C3:00:00:63:4D:04,-58,127,6.0,2.5,1.5
1784195847722,2026-07-16 11:57:27.722,C3:00:00:63:4C:D2,-55,127,6.0,2.5,1.5
1784195847727,2026-07-16 11:57:27.727,C3:00:00:63:4D:09,-62,127,6.0,2.5,1.5
1784195847737,2026-07-16 11:57:27.737,C3:00:00:63:4D:08,-55,127,6.0,2.5,1.5
1784195847750,2026-07-16 11:57:27.750,C3:00:00:63:4D:09,-61,127,6.0,2.5,1.5
1784195847757,2026-07-16 11:57:27.757,C3:00:00:63:4C:D2,-73,127,6.0,2.5,1.5
1784195847775,2026-07-16 11:57:27.775,C3:00:00:63:4D:07,-62,127,6.0,2.5,1.5
1784195847812,2026-07-16 11:57:27.812,C3:00:00:63:4D:05,-56,127,6.0,2.5,1.5
1784195847846,2026-07-16 11:57:27.846,C3:00:00:63:4D:08,-56,127,6.0,2.5,1.5
1784195847883,2026-07-16 11:57:27.883,C3:00:00:63:4D:09,-72,127,6.0,2.5,1.5
1784195847900,2026-07-16 11:57:27.900,C3:00:00:63:4D:07,-63,127,6.0,2.5,1.5
1784195847904,2026-07-16 11:57:27.904,C3:00:00:63:4D:0D,-61,127,6.0,2.5,1.5
1784195847906,2026-07-16 11:57:27.906,C3:00:00:63:4D:04,-64,127,6.0,2.5,1.5
1784195847908,2026-07-16 11:57:27.908,C3:00:00:63:4C:D2,-55,127,6.0,2.5,1.5
1784195847913,2026-07-16 11:57:27.913,C3:00:00:63:4D:05,-55,127,6.0,2.5,1.5
1784195847938,2026-07-16 11:57:27.938,C3:00:00:63:4D:08,-56,127,6.0,2.5,1.5
1784195847946,2026-07-16 11:57:27.946,C3:00:00:63:4C:D2,-55,127,6.0,2.5,1.5
1784195847950,2026-07-16 11:57:27.950,C3:00:00:63:4D:0A,-76,127,6.0,2.5,1.5
1784195847992,2026-07-16 11:57:27.992,C3:00:00:63:4D:04,-58,127,6.0,2.5,1.5
1784195847998,2026-07-16 11:57:27.998,C3:00:00:63:4D:09,-61,127,6.0,2.5,1.5
1784195848003,2026-07-16 11:57:28.003,C3:00:00:63:4D:07,-77,127,6.0,2.5,1.5
1784195848008,2026-07-16 11:57:28.008,C3:00:00:63:4D:0D,-60,127,6.0,2.5,1.5
1784195848021,2026-07-16 11:57:28.021,C3:00:00:63:4D:04,-58,127,6.0,2.5,1.5
1784195848023,2026-07-16 11:57:28.023,C3:00:00:63:4D:05,-54,127,6.0,2.5,1.5
1784195848056,2026-07-16 11:57:28.056,C3:00:00:63:4D:0A,-58,127,6.0,2.5,1.5
1784195848064,2026-07-16 11:57:28.064,C3:00:00:63:4C:D2,-65,127,6.0,2.5,1.5
1784195848073,2026-07-16 11:57:28.073,C3:00:00:63:4D:05,-56,127,6.0,2.5,1.5
1784195848124,2026-07-16 11:57:28.124,C3:00:00:63:4D:07,-63,127,6.0,2.5,1.5
1784195848130,2026-07-16 11:57:28.130,C3:00:00:63:4D:0D,-83,127,6.0,2.5,1.5
1784195848141,2026-07-16 11:57:28.141,C3:00:00:63:4D:08,-56,127,6.0,2.5,1.5
1784195848159,2026-07-16 11:57:28.159,C3:00:00:63:4D:0A,-67,127,6.0,2.5,1.5
1784195848226,2026-07-16 11:57:28.226,C3:00:00:63:4D:09,-72,127,6.0,2.5,1.5
1784195848239,2026-07-16 11:57:28.239,C3:00:00:63:4D:07,-63,127,6.0,2.5,1.5
1784195848242,2026-07-16 11:57:28.242,C3:00:00:63:4D:08,-55,127,6.0,2.5,1.5
1784195848245,2026-07-16 11:57:28.245,C3:00:00:63:4D:05,-54,127,6.0,2.5,1.5
1784195848254,2026-07-16 11:57:28.254,C3:00:00:63:4D:04,-58,127,6.0,2.5,1.5
1784195848258,2026-07-16 11:57:28.258,C3:00:00:63:4D:0A,-76,127,6.0,2.5,1.5
1784195848272,2026-07-16 11:57:28.272,C3:00:00:63:4D:07,-77,127,6.0,2.5,1.5
1784195848314,2026-07-16 11:57:28.314,C3:00:00:63:4D:08,-55,127,6.0,2.5,1.5
1784195848334,2026-07-16 11:57:28.334,C3:00:00:63:4D:09,-61,127,6.0,2.5,1.5
1784195848338,2026-07-16 11:57:28.338,C3:00:00:63:4D:08,-55,127,6.0,2.5,1.5
1784195848356,2026-07-16 11:57:28.356,C3:00:00:63:4D:07,-62,127,6.0,2.5,1.5
1784195848359,2026-07-16 11:57:28.359,C3:00:00:63:4D:04,-63,127,6.0,2.5,1.5
1784195848381,2026-07-16 11:57:28.381,C3:00:00:63:4D:04,-56,127,6.0,2.5,1.5
1784195848399,2026-07-16 11:57:28.399,C3:00:00:63:4C:D2,-65,127,6.0,2.5,1.5
1784195848415,2026-07-16 11:57:28.415,C3:00:00:63:4D:07,-70,127,6.0,2.5,1.5
1784195848434,2026-07-16 11:57:28.434,C3:00:00:63:4D:07,-63,127,6.0,2.5,1.5
1784195848439,2026-07-16 11:57:28.439,C3:00:00:63:4D:08,-56,127,6.0,2.5,1.5
1784195848445,2026-07-16 11:57:28.445,C3:00:00:63:4D:09,-70,127,6.0,2.5,1.5
1784195848457,2026-07-16 11:57:28.457,C3:00:00:63:4D:08,-58,127,6.0,2.5,1.5
1784195848464,2026-07-16 11:57:28.464,C3:00:00:63:4D:0D,-62,127,6.0,2.5,1.5
1784195848471,2026-07-16 11:57:28.471,C3:00:00:63:4D:07,-62,127,6.0,2.5,1.5
1784195848475,2026-07-16 11:57:28.475,C3:00:00:63:4D:05,-55,127,6.0,2.5,1.5
1784195848485,2026-07-16 11:57:28.485,C3:00:00:63:4D:04,-64,127,6.0,2.5,1.5
1784195848509,2026-07-16 11:57:28.509,C3:00:00:63:4C:D2,-54,127,6.0,2.5,1.5
1784195848542,2026-07-16 11:57:28.542,C3:00:00:63:4D:08,-55,127,6.0,2.5,1.5
1784195848555,2026-07-16 11:57:28.555,C3:00:00:63:4D:09,-61,127,6.0,2.5,1.5
1784195848574,2026-07-16 11:57:28.574,C3:00:00:63:4D:0A,-74,127,6.0,2.5,1.5
1784195848586,2026-07-16 11:57:28.586,C3:00:00:63:4D:05,-54,127,6.0,2.5,1.5
1784195848588,2026-07-16 11:57:28.588,C3:00:00:63:4D:0D,-60,127,6.0,2.5,1.5
1784195848601,2026-07-16 11:57:28.601,C3:00:00:63:4D:04,-58,127,6.0,2.5,1.5
1784195848619,2026-07-16 11:57:28.619,C3:00:00:63:4C:D2,-55,127,6.0,2.5,1.5
1784195848645,2026-07-16 11:57:28.645,C3:00:00:63:4D:08,-60,127,6.0,2.5,1.5
1784195848670,2026-07-16 11:57:28.670,C3:00:00:63:4D:09,-61,127,6.0,2.5,1.5
1784195848679,2026-07-16 11:57:28.679,C3:00:00:63:4D:0A,-59,127,6.0,2.5,1.5
1784195848715,2026-07-16 11:57:28.715,C3:00:00:63:4D:04,-55,127,6.0,2.5,1.5
1784195848719,2026-07-16 11:57:28.719,C3:00:00:63:4D:0D,-69,127,6.0,2.5,1.5
1784195848738,2026-07-16 11:57:28.738,C3:00:00:63:4D:08,-60,127,6.0,2.5,1.5
1784195848788,2026-07-16 11:57:28.788,C3:00:00:63:4D:09,-71,127,6.0,2.5,1.5
1784195848798,2026-07-16 11:57:28.798,C3:00:00:63:4D:05,-56,127,6.0,2.5,1.5
1784195848811,2026-07-16 11:57:28.811,C3:00:00:63:4D:07,-62,127,6.0,2.5,1.5
1784195848819,2026-07-16 11:57:28.819,C3:00:00:63:4D:0D,-62,127,6.0,2.5,1.5
1784195848827,2026-07-16 11:57:28.827,C3:00:00:63:4D:04,-64,127,6.0,2.5,1.5
1784195848836,2026-07-16 11:57:28.836,C3:00:00:63:4D:08,-58,127,6.0,2.5,1.5
1784195848839,2026-07-16 11:57:28.839,C3:00:00:63:4C:D2,-54,127,6.0,2.5,1.5
1784195848888,2026-07-16 11:57:28.888,C3:00:00:63:4D:0A,-74,127,6.0,2.5,1.5
1784195848907,2026-07-16 11:57:28.907,C3:00:00:63:4D:09,-61,127,6.0,2.5,1.5
1784195848911,2026-07-16 11:57:28.911,C3:00:00:63:4D:05,-54,127,6.0,2.5,1.5
1784195848916,2026-07-16 11:57:28.916,C3:00:00:63:4D:0A,-75,127,6.0,2.5,1.5
1784195848929,2026-07-16 11:57:28.929,C3:00:00:63:4D:07,-75,127,6.0,2.5,1.5
1784195848942,2026-07-16 11:57:28.942,C3:00:00:63:4D:0D,-60,127,6.0,2.5,1.5
1784195848953,2026-07-16 11:57:28.953,C3:00:00:63:4D:04,-56,127,6.0,2.5,1.5
1784195848959,2026-07-16 11:57:28.959,C3:00:00:63:4C:D2,-66,127,6.0,2.5,1.5
1784195848979,2026-07-16 11:57:28.979,C3:00:00:63:4D:04,-56,127,6.0,2.5,1.5
1784195848981,2026-07-16 11:57:28.981,C3:00:00:63:4D:0A,-58,127,6.0,2.5,1.5
1784195849004,2026-07-16 11:57:29.004,C3:00:00:63:4D:0A,-59,127,6.0,2.5,1.5
1784195849007,2026-07-16 11:57:29.007,C3:00:00:63:4D:09,-61,127,6.0,2.5,1.5
1784195849021,2026-07-16 11:57:29.021,C3:00:00:63:4D:05,-56,127,6.0,2.5,1.5
1784195849036,2026-07-16 11:57:29.036,C3:00:00:63:4D:08,-61,127,6.0,2.5,1.5
1784195849045,2026-07-16 11:57:29.045,C3:00:00:63:4D:07,-63,127,6.0,2.5,1.5
1784195849052,2026-07-16 11:57:29.052,C3:00:00:63:4D:0D,-61,127,6.0,2.5,1.5
1784195849060,2026-07-16 11:57:29.060,C3:00:00:63:4D:05,-55,127,6.0,2.5,1.5
1784195849095,2026-07-16 11:57:29.095,C3:00:00:63:4D:0A,-67,127,6.0,2.5,1.5
1784195849122,2026-07-16 11:57:29.122,C3:00:00:63:4D:05,-55,127,6.0,2.5,1.5
1784195849126,2026-07-16 11:57:29.126,C3:00:00:63:4D:09,-72,127,6.0,2.5,1.5
1784195849143,2026-07-16 11:57:29.143,C3:00:00:63:4D:08,-55,127,6.0,2.5,1.5
1784195849152,2026-07-16 11:57:29.152,C3:00:00:63:4D:07,-78,127,6.0,2.5,1.5
1784195849160,2026-07-16 11:57:29.160,C3:00:00:63:4D:0D,-60,127,6.0,2.5,1.5
1784195849202,2026-07-16 11:57:29.202,C3:00:00:63:4D:0A,-76,127,6.0,2.5,1.5
1784195849220,2026-07-16 11:57:29.220,C3:00:00:63:4C:D2,-55,127,6.0,2.5,1.5
1784195849238,2026-07-16 11:57:29.238,C3:00:00:63:4D:08,-55,127,6.0,2.5,1.5
1784195849275,2026-07-16 11:57:29.275,C3:00:00:63:4D:07,-62,127,6.0,2.5,1.5
1784195849287,2026-07-16 11:57:29.287,C3:00:00:63:4D:04,-56,127,6.0,2.5,1.5
1784195849300,2026-07-16 11:57:29.300,C3:00:00:63:4C:D2,-65,127,6.0,2.5,1.5
1784195849312,2026-07-16 11:57:29.312,C3:00:00:63:4D:0A,-59,127,6.0,2.5,1.5
1784195849345,2026-07-16 11:57:29.345,C3:00:00:63:4D:09,-72,127,6.0,2.5,1.5
1784195849403,2026-07-16 11:57:29.403,C3:00:00:63:4C:D2,-55,127,6.0,2.5,1.5
1784195849435,2026-07-16 11:57:29.435,C3:00:00:63:4D:08,-58,127,6.0,2.5,1.5
1784195849469,2026-07-16 11:57:29.469,C3:00:00:63:4D:09,-61,127,6.0,2.5,1.5
1784195849478,2026-07-16 11:57:29.478,C3:00:00:63:4D:0D,-60,127,6.0,2.5,1.5
1784195849499,2026-07-16 11:57:29.499,C3:00:00:63:4D:0D,-60,127,6.0,2.5,1.5
1784195849505,2026-07-16 11:57:29.505,C3:00:00:63:4D:07,-75,127,6.0,2.5,1.5
1784195849512,2026-07-16 11:57:29.512,C3:00:00:63:4C:D2,-54,127,6.0,2.5,1.5
1784195849518,2026-07-16 11:57:29.518,C3:00:00:63:4D:04,-58,127,6.0,2.5,1.5
1784195849567,2026-07-16 11:57:29.567,C3:00:00:63:4D:05,-54,127,6.0,2.5,1.5
1784195849570,2026-07-16 11:57:29.570,C3:00:00:63:4D:09,-60,127,6.0,2.5,1.5
1784195849625,2026-07-16 11:57:29.625,C3:00:00:63:4D:0D,-83,127,6.0,2.5,1.5
1784195849641,2026-07-16 11:57:29.641,C3:00:00:63:4D:04,-56,127,6.0,2.5,1.5
1784195849682,2026-07-16 11:57:29.682,C3:00:00:63:4D:05,-55,127,6.0,2.5,1.5
1784195849718,2026-07-16 11:57:29.718,C3:00:00:63:4D:0A,-67,127,6.0,2.5,1.5
1784195849731,2026-07-16 11:57:29.731,C3:00:00:63:4D:0D,-61,127,6.0,2.5,1.5
1784195849744,2026-07-16 11:57:29.744,C3:00:00:63:4D:07,-63,127,6.0,2.5,1.5
1784195849756,2026-07-16 11:57:29.756,C3:00:00:63:4D:09,-69,127,6.0,2.5,1.5
1784195849760,2026-07-16 11:57:29.760,C3:00:00:63:4D:04,-58,127,6.0,2.5,1.5
1784195849766,2026-07-16 11:57:29.766,C3:00:00:63:4D:09,-62,127,6.0,2.5,1.5
1784195849780,2026-07-16 11:57:29.780,C3:00:00:63:4D:09,-61,127,6.0,2.5,1.5
1784195849787,2026-07-16 11:57:29.787,C3:00:00:63:4D:05,-55,127,6.0,2.5,1.5
1784195849823,2026-07-16 11:57:29.823,C3:00:00:63:4D:0A,-76,127,6.0,2.5,1.5
1784195849840,2026-07-16 11:57:29.840,C3:00:00:63:4D:08,-55,127,6.0,2.5,1.5
1784195849857,2026-07-16 11:57:29.857,C3:00:00:63:4D:07,-62,127,6.0,2.5,1.5
1784195849858,2026-07-16 11:57:29.858,C3:00:00:63:4D:0D,-82,127,6.0,2.5,1.5
1784195849863,2026-07-16 11:57:29.863,C3:00:00:63:4C:D2,-65,127,6.0,2.5,1.5
1784195849864,2026-07-16 11:57:29.864,C3:00:00:63:4D:04,-56,127,6.0,2.5,1.5
1784195849914,2026-07-16 11:57:29.914,C3:00:00:63:4D:09,-61,127,6.0,2.5,1.5
1784195849916,2026-07-16 11:57:29.916,C3:00:00:63:4D:05,-64,127,6.0,2.5,1.5
1784195849917,2026-07-16 11:57:29.917,C3:00:00:63:4C:D2,-65,127,6.0,2.5,1.5
1784195849926,2026-07-16 11:57:29.926,C3:00:00:63:4D:0A,-59,127,6.0,2.5,1.5
1784195849939,2026-07-16 11:57:29.939,C3:00:00:63:4D:08,-61,127,6.0,2.5,1.5
1784195849960,2026-07-16 11:57:29.960,C3:00:00:63:4C:D2,-55,127,6.0,2.5,1.5
1784195849965,2026-07-16 11:57:29.965,C3:00:00:63:4D:07,-63,127,6.0,2.5,1.5
1784195849989,2026-07-16 11:57:29.989,C3:00:00:63:4D:04,-65,127,6.0,2.5,1.5
1784195850010,2026-07-16 11:57:30.010,C3:00:00:63:4D:05,-56,127,6.0,2.5,1.5
1784195850025,2026-07-16 11:57:30.025,C3:00:00:63:4D:0A,-67,127,6.0,2.5,1.5
1784195850029,2026-07-16 11:57:30.029,C3:00:00:63:4D:09,-72,127,6.0,2.5,1.5
1784195850076,2026-07-16 11:57:30.076,C3:00:00:63:4C:D2,-54,127,6.0,2.5,1.5
1784195850080,2026-07-16 11:57:30.080,C3:00:00:63:4D:0D,-60,127,6.0,2.5,1.5
1784195850088,2026-07-16 11:57:30.088,C3:00:00:63:4D:05,-54,127,6.0,2.5,1.5
1784195850098,2026-07-16 11:57:30.098,C3:00:00:63:4D:04,-58,127,6.0,2.5,1.5
1784195850139,2026-07-16 11:57:30.139,C3:00:00:63:4D:08,-55,127,6.0,2.5,1.5
1784195850186,2026-07-16 11:57:30.186,C3:00:00:63:4C:D2,-65,127,6.0,2.5,1.5
1784195850189,2026-07-16 11:57:30.189,C3:00:00:63:4D:0D,-69,127,6.0,2.5,1.5
1784195850213,2026-07-16 11:57:30.213,C3:00:00:63:4D:04,-56,127,6.0,2.5,1.5
1784195850236,2026-07-16 11:57:30.236,C3:00:00:63:4D:08,-60,127,6.0,2.5,1.5
1784195850238,2026-07-16 11:57:30.238,C3:00:00:63:4D:0A,-58,127,6.0,2.5,1.5
1784195850247,2026-07-16 11:57:30.247,C3:00:00:63:4D:09,-71,127,6.0,2.5,1.5
1784195850273,2026-07-16 11:57:30.273,C3:00:00:63:4D:07,-63,127,6.0,2.5,1.5
1784195850300,2026-07-16 11:57:30.300,C3:00:00:63:4C:D2,-54,127,6.0,2.5,1.5
1784195850308,2026-07-16 11:57:30.308,C3:00:00:63:4D:07,-62,127,6.0,2.5,1.5
1784195850311,2026-07-16 11:57:30.311,C3:00:00:63:4D:0D,-62,127,6.0,2.5,1.5
1784195850325,2026-07-16 11:57:30.325,C3:00:00:63:4D:08,-58,127,6.0,2.5,1.5
1784195850343,2026-07-16 11:57:30.343,C3:00:00:63:4D:05,-55,127,6.0,2.5,1.5
1784195850346,2026-07-16 11:57:30.346,C3:00:00:63:4D:0A,-74,127,6.0,2.5,1.5
1784195850351,2026-07-16 11:57:30.351,C3:00:00:63:4D:08,-55,127,6.0,2.5,1.5
1784195850413,2026-07-16 11:57:30.413,C3:00:00:63:4C:D2,-54,127,6.0,2.5,1.5
1784195850419,2026-07-16 11:57:30.419,C3:00:00:63:4D:07,-75,127,6.0,2.5,1.5
1784195850424,2026-07-16 11:57:30.424,C3:00:00:63:4D:0D,-60,127,6.0,2.5,1.5
1784195850438,2026-07-16 11:57:30.438,C3:00:00:63:4D:07,-61,127,6.0,2.5,1.5
1784195850444,2026-07-16 11:57:30.444,C3:00:00:63:4D:04,-56,127,6.0,2.5,1.5
1784195850451,2026-07-16 11:57:30.451,C3:00:00:63:4D:0A,-58,127,6.0,2.5,1.5
1784195850483,2026-07-16 11:57:30.483,C3:00:00:63:4D:09,-60,127,6.0,2.5,1.5
1784195850521,2026-07-16 11:57:30.521,C3:00:00:63:4C:D2,-66,127,6.0,2.5,1.5
1784195850538,2026-07-16 11:57:30.538,C3:00:00:63:4D:07,-61,127,6.0,2.5,1.5
1784195850544,2026-07-16 11:57:30.544,C3:00:00:63:4D:08,-60,127,6.0,2.5,1.5
1784195850551,2026-07-16 11:57:30.551,C3:00:00:63:4D:0A,-66,127,6.0,2.5,1.5
1784195850555,2026-07-16 11:57:30.555,C3:00:00:63:4D:04,-65,127,6.0,2.5,1.5
1784195850561,2026-07-16 11:57:30.561,C3:00:00:63:4D:05,-57,127,6.0,2.5,1.5
1784195850593,2026-07-16 11:57:30.593,C3:00:00:63:4D:09,-72,127,6.0,2.5,1.5
1784195850653,2026-07-16 11:57:30.653,C3:00:00:63:4D:0A,-76,127,6.0,2.5,1.5
1784195850658,2026-07-16 11:57:30.658,C3:00:00:63:4D:0D,-60,127,6.0,2.5,1.5
1784195850668,2026-07-16 11:57:30.668,C3:00:00:63:4D:05,-54,127,6.0,2.5,1.5
1784195850711,2026-07-16 11:57:30.711,C3:00:00:63:4D:09,-61,127,6.0,2.5,1.5
1784195850750,2026-07-16 11:57:30.750,C3:00:00:63:4C:D2,-65,127,6.0,2.5,1.5
1784195850764,2026-07-16 11:57:30.764,C3:00:00:63:4D:07,-62,127,6.0,2.5,1.5
1784195850780,2026-07-16 11:57:30.780,C3:00:00:63:4D:0D,-83,127,6.0,2.5,1.5
1784195850814,2026-07-16 11:57:30.814,C3:00:00:63:4D:09,-61,127,6.0,2.5,1.5
1784195850861,2026-07-16 11:57:30.861,C3:00:00:63:4C:D2,-55,127,6.0,2.5,1.5
1784195850866,2026-07-16 11:57:30.866,C3:00:00:63:4D:0A,-67,127,6.0,2.5,1.5
1784195850882,2026-07-16 11:57:30.882,C3:00:00:63:4D:0D,-61,127,6.0,2.5,1.5
1784195850886,2026-07-16 11:57:30.886,C3:00:00:63:4D:07,-63,127,6.0,2.5,1.5
1784195850893,2026-07-16 11:57:30.893,C3:00:00:63:4D:05,-55,127,6.0,2.5,1.5
1784195850904,2026-07-16 11:57:30.904,C3:00:00:63:4D:04,-64,127,6.0,2.5,1.5
1784195850909,2026-07-16 11:57:30.909,C3:00:00:63:4D:0D,-62,127,6.0,2.5,1.5
1784195850916,2026-07-16 11:57:30.916,C3:00:00:63:4D:0A,-67,127,6.0,2.5,1.5
1784195850935,2026-07-16 11:57:30.935,C3:00:00:63:4D:08,-56,127,6.0,2.5,1.5
1784195850968,2026-07-16 11:57:30.968,C3:00:00:63:4D:0A,-73,127,6.0,2.5,1.5
1784195850975,2026-07-16 11:57:30.975,C3:00:00:63:4C:D2,-54,127,6.0,2.5,1.5
1784195850986,2026-07-16 11:57:30.986,C3:00:00:63:4D:0A,-74,127,6.0,2.5,1.5
1784195850994,2026-07-16 11:57:30.994,C3:00:00:63:4D:07,-75,127,6.0,2.5,1.5
1784195850999,2026-07-16 11:57:30.999,C3:00:00:63:4D:05,-54,127,6.0,2.5,1.5
1784195851002,2026-07-16 11:57:31.002,C3:00:00:63:4D:0D,-60,127,6.0,2.5,1.5
1784195851009,2026-07-16 11:57:31.009,C3:00:00:63:4D:04,-58,127,6.0,2.5,1.5
1784195851040,2026-07-16 11:57:31.040,C3:00:00:63:4D:08,-55,127,6.0,2.5,1.5
1784195851069,2026-07-16 11:57:31.069,C3:00:00:63:4D:0A,-58,127,6.0,2.5,1.5
1784195851079,2026-07-16 11:57:31.079,C3:00:00:63:4C:D2,-66,127,6.0,2.5,1.5
1784195851102,2026-07-16 11:57:31.102,C3:00:00:63:4D:09,-60,127,6.0,2.5,1.5
1784195851110,2026-07-16 11:57:31.110,C3:00:00:63:4D:05,-54,127,6.0,2.5,1.5
1784195851116,2026-07-16 11:57:31.116,C3:00:00:63:4D:0D,-69,127,6.0,2.5,1.5
1784195851118,2026-07-16 11:57:31.118,C3:00:00:63:4D:07,-61,127,6.0,2.5,1.5
1784195851126,2026-07-16 11:57:31.126,C3:00:00:63:4D:04,-56,127,6.0,2.5,1.5
1784195851136,2026-07-16 11:57:31.136,C3:00:00:63:4D:08,-60,127,6.0,2.5,1.5
1784195851157,2026-07-16 11:57:31.157,C3:00:00:63:4D:09,-71,127,6.0,2.5,1.5
1784195851195,2026-07-16 11:57:31.195,C3:00:00:63:4C:D2,-54,127,6.0,2.5,1.5
1784195851214,2026-07-16 11:57:31.214,C3:00:00:63:4D:05,-57,127,6.0,2.5,1.5
1784195851226,2026-07-16 11:57:31.226,C3:00:00:63:4D:07,-63,127,6.0,2.5,1.5
1784195851237,2026-07-16 11:57:31.237,C3:00:00:63:4C:D2,-55,127,6.0,2.5,1.5
1784195851241,2026-07-16 11:57:31.241,C3:00:00:63:4D:08,-56,127,6.0,2.5,1.5
1784195851311,2026-07-16 11:57:31.311,C3:00:00:63:4C:D2,-55,127,6.0,2.5,1.5
1784195851333,2026-07-16 11:57:31.333,C3:00:00:63:4D:05,-54,127,6.0,2.5,1.5
1784195851341,2026-07-16 11:57:31.341,C3:00:00:63:4D:0D,-84,127,6.0,2.5,1.5
1784195851362,2026-07-16 11:57:31.362,C3:00:00:63:4D:04,-56,127,6.0,2.5,1.5
1784195851424,2026-07-16 11:57:31.424,C3:00:00:63:4C:D2,-65,127,6.0,2.5,1.5
1784195851435,2026-07-16 11:57:31.435,C3:00:00:63:4D:05,-56,127,6.0,2.5,1.5
1784195851458,2026-07-16 11:57:31.458,C3:00:00:63:4D:0D,-61,127,6.0,2.5,1.5
1784195851469,2026-07-16 11:57:31.469,C3:00:00:63:4D:04,-64,127,6.0,2.5,1.5
1784195851478,2026-07-16 11:57:31.478,C3:00:00:63:4D:0D,-61,127,6.0,2.5,1.5
1784195851483,2026-07-16 11:57:31.483,C3:00:00:63:4D:0A,-67,127,6.0,2.5,1.5
1784195851491,2026-07-16 11:57:31.491,C3:00:00:63:4D:04,-64,127,6.0,2.5,1.5
1784195851496,2026-07-16 11:57:31.496,C3:00:00:63:4D:09,-72,127,6.0,2.5,1.5
1784195851529,2026-07-16 11:57:31.529,C3:00:00:63:4C:D2,-55,127,6.0,2.5,1.5
1784195851537,2026-07-16 11:57:31.537,C3:00:00:63:4D:08,-56,127,6.0,2.5,1.5
1784195851545,2026-07-16 11:57:31.545,C3:00:00:63:4D:05,-54,127,6.0,2.5,1.5
1784195851569,2026-07-16 11:57:31.569,C3:00:00:63:4D:07,-78,127,6.0,2.5,1.5
1784195851612,2026-07-16 11:57:31.612,C3:00:00:63:4D:09,-62,127,6.0,2.5,1.5
1784195851639,2026-07-16 11:57:31.639,C3:00:00:63:4D:08,-55,127,6.0,2.5,1.5
1784195851649,2026-07-16 11:57:31.649,C3:00:00:63:4C:D2,-65,127,6.0,2.5,1.5
1784195851665,2026-07-16 11:57:31.665,C3:00:00:63:4D:05,-56,127,6.0,2.5,1.5
1784195851668,2026-07-16 11:57:31.668,C3:00:00:63:4D:08,-69,127,6.0,2.5,1.5
1784195851685,2026-07-16 11:57:31.685,C3:00:00:63:4D:07,-62,127,6.0,2.5,1.5
1784195851699,2026-07-16 11:57:31.699,C3:00:00:63:4D:0A,-58,127,6.0,2.5,1.5
1784195851723,2026-07-16 11:57:31.723,C3:00:00:63:4D:09,-61,127,6.0,2.5,1.5
1784195851740,2026-07-16 11:57:31.740,C3:00:00:63:4D:08,-61,127,6.0,2.5,1.5
1784195851754,2026-07-16 11:57:31.754,C3:00:00:63:4D:09,-72,127,6.0,2.5,1.5
1784195851758,2026-07-16 11:57:31.758,C3:00:00:63:4C:D2,-55,127,6.0,2.5,1.5
1784195851769,2026-07-16 11:57:31.769,C3:00:00:63:4D:05,-55,127,6.0,2.5,1.5
1784195851775,2026-07-16 11:57:31.775,C3:00:00:63:4D:09,-72,127,6.0,2.5,1.5
1784195851797,2026-07-16 11:57:31.797,C3:00:00:63:4D:0A,-67,127,6.0,2.5,1.5
1784195851802,2026-07-16 11:57:31.802,C3:00:00:63:4D:07,-63,127,6.0,2.5,1.5
1784195851807,2026-07-16 11:57:31.807,C3:00:00:63:4D:0D,-61,127,6.0,2.5,1.5
1784195851822,2026-07-16 11:57:31.822,C3:00:00:63:4D:04,-64,127,6.0,2.5,1.5
1784195851836,2026-07-16 11:57:31.836,C3:00:00:63:4D:08,-56,127,6.0,2.5,1.5
1784195851856,2026-07-16 11:57:31.856,C3:00:00:63:4D:0D,-60,127,6.0,2.5,1.5
1784195851868,2026-07-16 11:57:31.868,C3:00:00:63:4C:D2,-55,127,6.0,2.5,1.5
1784195851900,2026-07-16 11:57:31.900,C3:00:00:63:4D:0A,-75,127,6.0,2.5,1.5
1784195851935,2026-07-16 11:57:31.935,C3:00:00:63:4C:D2,-55,127,6.0,2.5,1.5
1784195851940,2026-07-16 11:57:31.940,C3:00:00:63:4D:04,-58,127,6.0,2.5,1.5
1784195851944,2026-07-16 11:57:31.944,C3:00:00:63:4D:08,-55,127,6.0,2.5,1.5
1784195851956,2026-07-16 11:57:31.956,C3:00:00:63:4D:09,-61,127,6.0,2.5,1.5
1784195851990,2026-07-16 11:57:31.990,C3:00:00:63:4D:05,-54,127,6.0,2.5,1.5
1784195852000,2026-07-16 11:57:32.000,C3:00:00:63:4D:04,-56,127,6.0,2.5,1.5
1784195852007,2026-07-16 11:57:32.007,C3:00:00:63:4D:0A,-58,127,6.0,2.5,1.5
1784195852035,2026-07-16 11:57:32.035,C3:00:00:63:4D:0D,-69,127,6.0,2.5,1.5
1784195852040,2026-07-16 11:57:32.040,C3:00:00:63:4D:07,-61,127,6.0,2.5,1.5
1784195852044,2026-07-16 11:57:32.044,C3:00:00:63:4D:08,-60,127,6.0,2.5,1.5
1784195852051,2026-07-16 11:57:32.051,C3:00:00:63:4D:04,-65,127,6.0,2.5,1.5
1784195852059,2026-07-16 11:57:32.059,C3:00:00:63:4D:09,-71,127,6.0,2.5,1.5
1784195852088,2026-07-16 11:57:32.088,C3:00:00:63:4C:D2,-54,127,6.0,2.5,1.5
1784195852101,2026-07-16 11:57:32.101,C3:00:00:63:4D:05,-56,127,6.0,2.5,1.5
1784195852112,2026-07-16 11:57:32.112,C3:00:00:63:4D:0A,-66,127,6.0,2.5,1.5
1784195852120,2026-07-16 11:57:32.120,C3:00:00:63:4D:05,-57,127,6.0,2.5,1.5
1784195852135,2026-07-16 11:57:32.135,C3:00:00:63:4D:08,-58,127,6.0,2.5,1.5
1784195852142,2026-07-16 11:57:32.142,C3:00:00:63:4D:0D,-60,127,6.0,2.5,1.5
1784195852148,2026-07-16 11:57:32.148,C3:00:00:63:4D:07,-75,127,6.0,2.5,1.5
1784195852163,2026-07-16 11:57:32.163,C3:00:00:63:4D:04,-58,127,6.0,2.5,1.5
1784195852204,2026-07-16 11:57:32.204,C3:00:00:63:4C:D2,-55,127,6.0,2.5,1.5
1784195852212,2026-07-16 11:57:32.212,C3:00:00:63:4D:05,-54,127,6.0,2.5,1.5
1784195852218,2026-07-16 11:57:32.218,C3:00:00:63:4D:0A,-74,127,6.0,2.5,1.5
1784195852245,2026-07-16 11:57:32.245,C3:00:00:63:4D:08,-61,127,6.0,2.5,1.5
1784195852262,2026-07-16 11:57:32.262,C3:00:00:63:4D:0D,-83,127,6.0,2.5,1.5
1784195852268,2026-07-16 11:57:32.268,C3:00:00:63:4D:07,-63,127,6.0,2.5,1.5
1784195852284,2026-07-16 11:57:32.284,C3:00:00:63:4D:07,-63,127,6.0,2.5,1.5
1784195852291,2026-07-16 11:57:32.291,C3:00:00:63:4D:09,-62,127,6.0,2.5,1.5
1784195852317,2026-07-16 11:57:32.317,C3:00:00:63:4C:D2,-65,127,6.0,2.5,1.5
1784195852322,2026-07-16 11:57:32.322,C3:00:00:63:4D:0A,-58,127,6.0,2.5,1.5
1784195852332,2026-07-16 11:57:32.332,C3:00:00:63:4D:08,-61,127,6.0,2.5,1.5
1784195852383,2026-07-16 11:57:32.383,C3:00:00:63:4D:0D,-61,127,6.0,2.5,1.5
1784195852394,2026-07-16 11:57:32.394,C3:00:00:63:4D:04,-64,127,6.0,2.5,1.5
1784195852401,2026-07-16 11:57:32.401,C3:00:00:63:4D:09,-72,127,6.0,2.5,1.5
1784195852411,2026-07-16 11:57:32.411,C3:00:00:63:4D:07,-70,127,6.0,2.5,1.5
1784195852425,2026-07-16 11:57:32.425,C3:00:00:63:4D:05,-55,127,6.0,2.5,1.5
1784195852435,2026-07-16 11:57:32.435,C3:00:00:63:4D:07,-63,127,6.0,2.5,1.5
1784195852445,2026-07-16 11:57:32.445,C3:00:00:63:4D:08,-55,127,6.0,2.5,1.5
1784195852466,2026-07-16 11:57:32.466,C3:00:00:63:4D:08,-55,127,6.0,2.5,1.5
1784195852506,2026-07-16 11:57:32.506,C3:00:00:63:4D:04,-58,127,6.0,2.5,1.5
1784195852516,2026-07-16 11:57:32.516,C3:00:00:63:4D:09,-62,127,6.0,2.5,1.5
1784195852612,2026-07-16 11:57:32.612,C3:00:00:63:4D:07,-63,127,6.0,2.5,1.5
1784195852617,2026-07-16 11:57:32.617,C3:00:00:63:4D:0D,-83,127,6.0,2.5,1.5
1784195852624,2026-07-16 11:57:32.624,C3:00:00:63:4D:04,-56,127,6.0,2.5,1.5
1784195852628,2026-07-16 11:57:32.628,C3:00:00:63:4C:D2,-65,127,6.0,2.5,1.5
1784195852635,2026-07-16 11:57:32.635,C3:00:00:63:4D:09,-61,127,6.0,2.5,1.5
1784195852637,2026-07-16 11:57:32.637,C3:00:00:63:4D:0A,-58,127,6.0,2.5,1.5
1784195852651,2026-07-16 11:57:32.651,C3:00:00:63:4C:D2,-55,127,6.0,2.5,1.5
1784195852711,2026-07-16 11:57:32.711,C3:00:00:63:4D:0D,-70,127,6.0,2.5,1.5
1784195852718,2026-07-16 11:57:32.718,C3:00:00:63:4D:07,-63,127,6.0,2.5,1.5
1784195852738,2026-07-16 11:57:32.738,C3:00:00:63:4D:09,-72,127,6.0,2.5,1.5
1784195852743,2026-07-16 11:57:32.743,C3:00:00:63:4D:08,-56,127,6.0,2.5,1.5
1784195852834,2026-07-16 11:57:32.834,C3:00:00:63:4D:0D,-60,127,6.0,2.5,1.5
1784195852875,2026-07-16 11:57:32.875,C3:00:00:63:4C:D2,-65,127,6.0,2.5,1.5
1784195852925,2026-07-16 11:57:32.925,C3:00:00:63:4D:0A,-59,127,6.0,2.5,1.5
1784195852951,2026-07-16 11:57:32.951,C3:00:00:63:4D:0A,-67,127,6.0,2.5,1.5
1784195852955,2026-07-16 11:57:32.955,C3:00:00:63:4D:0D,-61,127,6.0,2.5,1.5
1784195852957,2026-07-16 11:57:32.957,C3:00:00:63:4D:07,-63,127,6.0,2.5,1.5
1784195852971,2026-07-16 11:57:32.971,C3:00:00:63:4D:05,-56,127,6.0,2.5,1.5
1784195852985,2026-07-16 11:57:32.985,C3:00:00:63:4C:D2,-54,127,6.0,2.5,1.5
1784195852999,2026-07-16 11:57:32.999,C3:00:00:63:4D:0A,-67,127,6.0,2.5,1.5
1784195853036,2026-07-16 11:57:33.036,C3:00:00:63:4D:08,-58,127,6.0,2.5,1.5
1784195853068,2026-07-16 11:57:33.068,C3:00:00:63:4D:0D,-60,127,6.0,2.5,1.5
1784195853077,2026-07-16 11:57:33.077,C3:00:00:63:4D:05,-54,127,6.0,2.5,1.5
1784195853085,2026-07-16 11:57:33.085,C3:00:00:63:4D:04,-58,127,6.0,2.5,1.5
1784195853094,2026-07-16 11:57:33.094,C3:00:00:63:4D:05,-54,127,6.0,2.5,1.5
1784195853100,2026-07-16 11:57:33.100,C3:00:00:63:4C:D2,-54,127,6.0,2.5,1.5
1784195853133,2026-07-16 11:57:33.133,C3:00:00:63:4D:08,-55,127,6.0,2.5,1.5
1784195853180,2026-07-16 11:57:33.180,C3:00:00:63:4D:0A,-66,127,6.0,2.5,1.5
1784195853185,2026-07-16 11:57:33.185,C3:00:00:63:4D:0D,-83,127,6.0,2.5,1.5
1784195853197,2026-07-16 11:57:33.197,C3:00:00:63:4D:09,-61,127,6.0,2.5,1.5
1784195853200,2026-07-16 11:57:33.200,C3:00:00:63:4D:04,-56,127,6.0,2.5,1.5
1784195853206,2026-07-16 11:57:33.206,C3:00:00:63:4D:05,-56,127,6.0,2.5,1.5
1784195853236,2026-07-16 11:57:33.236,C3:00:00:63:4D:08,-61,127,6.0,2.5,1.5
1784195853248,2026-07-16 11:57:33.248,C3:00:00:63:4C:D2,-55,127,6.0,2.5,1.5
1784195853252,2026-07-16 11:57:33.252,C3:00:00:63:4D:0A,-67,127,6.0,2.5,1.5
1784195853293,2026-07-16 11:57:33.293,C3:00:00:63:4D:07,-63,127,6.0,2.5,1.5
1784195853318,2026-07-16 11:57:33.318,C3:00:00:63:4D:04,-64,127,6.0,2.5,1.5
1784195853326,2026-07-16 11:57:33.326,C3:00:00:63:4C:D2,-55,127,6.0,2.5,1.5
1784195853338,2026-07-16 11:57:33.338,C3:00:00:63:4D:08,-56,127,6.0,2.5,1.5
1784195853412,2026-07-16 11:57:33.412,C3:00:00:63:4D:0D,-60,127,6.0,2.5,1.5
1784195853416,2026-07-16 11:57:33.416,C3:00:00:63:4D:07,-78,127,6.0,2.5,1.5
1784195853423,2026-07-16 11:57:33.423,C3:00:00:63:4D:05,-54,127,6.0,2.5,1.5
1784195853432,2026-07-16 11:57:33.432,C3:00:00:63:4D:04,-58,127,6.0,2.5,1.5
1784195853440,2026-07-16 11:57:33.440,C3:00:00:63:4C:D2,-55,127,6.0,2.5,1.5
1784195853465,2026-07-16 11:57:33.465,C3:00:00:63:4D:0A,-59,127,6.0,2.5,1.5
1784195853478,2026-07-16 11:57:33.478,C3:00:00:63:4D:04,-57,127,6.0,2.5,1.5
1784195853524,2026-07-16 11:57:33.524,C3:00:00:63:4D:05,-56,127,6.0,2.5,1.5
1784195853530,2026-07-16 11:57:33.530,C3:00:00:63:4D:07,-62,127,6.0,2.5,1.5
1784195853533,2026-07-16 11:57:33.533,C3:00:00:63:4D:0D,-84,127,6.0,2.5,1.5
1784195853538,2026-07-16 11:57:33.538,C3:00:00:63:4D:09,-61,127,6.0,2.5,1.5
1784195853549,2026-07-16 11:57:33.549,C3:00:00:63:4D:08,-56,127,6.0,2.5,1.5
1784195853553,2026-07-16 11:57:33.553,C3:00:00:63:4C:D2,-55,127,6.0,2.5,1.5
1784195853560,2026-07-16 11:57:33.560,C3:00:00:63:4D:0A,-67,127,6.0,2.5,1.5
1784195853635,2026-07-16 11:57:33.635,C3:00:00:63:4D:08,-56,127,6.0,2.5,1.5
1784195853639,2026-07-16 11:57:33.639,C3:00:00:63:4D:07,-63,127,6.0,2.5,1.5
1784195853662,2026-07-16 11:57:33.662,C3:00:00:63:4D:04,-58,127,6.0,2.5,1.5
1784195853666,2026-07-16 11:57:33.666,C3:00:00:63:4C:D2,-55,127,6.0,2.5,1.5
1784195853669,2026-07-16 11:57:33.669,C3:00:00:63:4D:0A,-76,127,6.0,2.5,1.5
1784195853733,2026-07-16 11:57:33.733,C3:00:00:63:4D:08,-55,127,6.0,2.5,1.5
1784195853752,2026-07-16 11:57:33.752,C3:00:00:63:4D:05,-56,127,6.0,2.5,1.5
1784195853755,2026-07-16 11:57:33.755,C3:00:00:63:4D:09,-69,127,6.0,2.5,1.5
1784195853764,2026-07-16 11:57:33.764,C3:00:00:63:4D:07,-62,127,6.0,2.5,1.5
1784195853771,2026-07-16 11:57:33.771,C3:00:00:63:4D:09,-61,127,6.0,2.5,1.5
1784195853775,2026-07-16 11:57:33.775,C3:00:00:63:4D:04,-56,127,6.0,2.5,1.5
1784195853780,2026-07-16 11:57:33.780,C3:00:00:63:4D:0A,-58,127,6.0,2.5,1.5
1784195853835,2026-07-16 11:57:33.835,C3:00:00:63:4D:08,-61,127,6.0,2.5,1.5
1784195853851,2026-07-16 11:57:33.851,C3:00:00:63:4D:05,-55,127,6.0,2.5,1.5
1784195853875,2026-07-16 11:57:33.875,C3:00:00:63:4D:0D,-61,127,6.0,2.5,1.5
1784195853888,2026-07-16 11:57:33.888,C3:00:00:63:4D:04,-64,127,6.0,2.5,1.5
1784195853892,2026-07-16 11:57:33.892,C3:00:00:63:4C:D2,-55,127,6.0,2.5,1.5
1784195853923,2026-07-16 11:57:33.923,C3:00:00:63:4D:05,-62,127,6.0,2.5,1.5
1784195853941,2026-07-16 11:57:33.941,C3:00:00:63:4C:D2,-56,127,6.0,2.5,1.5
1784195853946,2026-07-16 11:57:33.946,C3:00:00:63:4D:08,-55,127,6.0,2.5,1.5
1784195853970,2026-07-16 11:57:33.970,C3:00:00:63:4D:05,-54,127,6.0,2.5,1.5
1784195853987,2026-07-16 11:57:33.987,C3:00:00:63:4D:0D,-60,127,6.0,2.5,1.5
1784195853996,2026-07-16 11:57:33.996,C3:00:00:63:4C:D2,-54,127,6.0,2.5,1.5
1784195854001,2026-07-16 11:57:34.001,C3:00:00:63:4D:04,-58,127,6.0,2.5,1.5
1784195854023,2026-07-16 11:57:34.023,C3:00:00:63:4D:04,-58,127,6.0,2.5,1.5
1784195854039,2026-07-16 11:57:34.039,C3:00:00:63:4D:08,-55,127,6.0,2.5,1.5
1784195854083,2026-07-16 11:57:34.083,C3:00:00:63:4D:05,-54,127,6.0,2.5,1.5
1784195854091,2026-07-16 11:57:34.091,C3:00:00:63:4D:0A,-58,127,6.0,2.5,1.5
1784195854101,2026-07-16 11:57:34.101,C3:00:00:63:4D:09,-60,127,6.0,2.5,1.5
1784195854108,2026-07-16 11:57:34.108,C3:00:00:63:4C:D2,-65,127,6.0,2.5,1.5
1784195854116,2026-07-16 11:57:34.116,C3:00:00:63:4D:05,-57,127,6.0,2.5,1.5
1784195854133,2026-07-16 11:57:34.133,C3:00:00:63:4D:08,-61,127,6.0,2.5,1.5
1784195854186,2026-07-16 11:57:34.186,C3:00:00:63:4D:05,-55,127,6.0,2.5,1.5
1784195854191,2026-07-16 11:57:34.191,C3:00:00:63:4D:0A,-67,127,6.0,2.5,1.5
1784195854208,2026-07-16 11:57:34.208,C3:00:00:63:4D:09,-72,127,6.0,2.5,1.5
1784195854214,2026-07-16 11:57:34.214,C3:00:00:63:4D:0D,-61,127,6.0,2.5,1.5
1784195854218,2026-07-16 11:57:34.218,C3:00:00:63:4C:D2,-55,127,6.0,2.5,1.5
1784195854223,2026-07-16 11:57:34.223,C3:00:00:63:4D:07,-63,127,6.0,2.5,1.5
1784195854231,2026-07-16 11:57:34.231,C3:00:00:63:4D:04,-64,127,6.0,2.5,1.5
1784195854238,2026-07-16 11:57:34.238,C3:00:00:63:4D:08,-56,127,6.0,2.5,1.5
1784195854300,2026-07-16 11:57:34.300,C3:00:00:63:4D:05,-54,127,6.0,2.5,1.5
1784195854318,2026-07-16 11:57:34.318,C3:00:00:63:4D:09,-61,127,6.0,2.5,1.5
1784195854327,2026-07-16 11:57:34.327,C3:00:00:63:4C:D2,-55,127,6.0,2.5,1.5
1784195854337,2026-07-16 11:57:34.337,C3:00:00:63:4D:07,-78,127,6.0,2.5,1.5
1784195854342,2026-07-16 11:57:34.342,C3:00:00:63:4D:08,-55,127,6.0,2.5,1.5
1784195854349,2026-07-16 11:57:34.349,C3:00:00:63:4D:04,-56,127,6.0,2.5,1.5
1784195854357,2026-07-16 11:57:34.357,C3:00:00:63:4D:08,-62,127,6.0,2.5,1.5
1784195854404,2026-07-16 11:57:34.404,C3:00:00:63:4D:0A,-59,127,6.0,2.5,1.5
1784195854436,2026-07-16 11:57:34.436,C3:00:00:63:4D:08,-61,127,6.0,2.5,1.5
1784195854442,2026-07-16 11:57:34.442,C3:00:00:63:4D:09,-61,127,6.0,2.5,1.5
1784195854447,2026-07-16 11:57:34.447,C3:00:00:63:4D:07,-63,127,6.0,2.5,1.5
1784195854454,2026-07-16 11:57:34.454,C3:00:00:63:4D:0D,-61,127,6.0,2.5,1.5
1784195854474,2026-07-16 11:57:34.474,C3:00:00:63:4D:08,-56,127,6.0,2.5,1.5
1784195854479,2026-07-16 11:57:34.479,C3:00:00:63:4D:0A,-67,127,6.0,2.5,1.5
1784195854487,2026-07-16 11:57:34.487,C3:00:00:63:4D:05,-55,127,6.0,2.5,1.5
1784195854507,2026-07-16 11:57:34.507,C3:00:00:63:4D:0A,-67,127,6.0,2.5,1.5
1784195854519,2026-07-16 11:57:34.519,C3:00:00:63:4D:05,-55,127,6.0,2.5,1.5
1784195854535,2026-07-16 11:57:34.535,C3:00:00:63:4D:08,-56,127,6.0,2.5,1.5
1784195854554,2026-07-16 11:57:34.554,C3:00:00:63:4C:D2,-55,127,6.0,2.5,1.5
1784195854559,2026-07-16 11:57:34.559,C3:00:00:63:4D:07,-78,127,6.0,2.5,1.5
1784195854566,2026-07-16 11:57:34.566,C3:00:00:63:4D:0D,-60,127,6.0,2.5,1.5
1784195854639,2026-07-16 11:57:34.639,C3:00:00:63:4D:08,-55,127,6.0,2.5,1.5
1784195854667,2026-07-16 11:57:34.667,C3:00:00:63:4D:09,-61,127,6.0,2.5,1.5
1784195854684,2026-07-16 11:57:34.684,C3:00:00:63:4D:07,-62,127,6.0,2.5,1.5
1784195854688,2026-07-16 11:57:34.688,C3:00:00:63:4D:0D,-84,127,6.0,2.5,1.5
1784195854696,2026-07-16 11:57:34.696,C3:00:00:63:4D:04,-56,127,6.0,2.5,1.5
1784195854710,2026-07-16 11:57:34.710,C3:00:00:63:4D:0A,-59,127,6.0,2.5,1.5
1784195854735,2026-07-16 11:57:34.735,C3:00:00:63:4D:05,-55,127,6.0,2.5,1.5
1784195854795,2026-07-16 11:57:34.795,C3:00:00:63:4D:07,-63,127,6.0,2.5,1.5
1784195854804,2026-07-16 11:57:34.804,C3:00:00:63:4D:04,-64,127,6.0,2.5,1.5
1784195854818,2026-07-16 11:57:34.818,C3:00:00:63:4D:0A,-67,127,6.0,2.5,1.5
1784195854848,2026-07-16 11:57:34.848,C3:00:00:63:4D:05,-54,127,6.0,2.5,1.5
1784195854887,2026-07-16 11:57:34.887,C3:00:00:63:4D:09,-61,127,6.0,2.5,1.5
1784195854912,2026-07-16 11:57:34.912,C3:00:00:63:4D:0D,-60,127,6.0,2.5,1.5
1784195854923,2026-07-16 11:57:34.923,C3:00:00:63:4D:04,-58,127,6.0,2.5,1.5
1784195854935,2026-07-16 11:57:34.935,C3:00:00:63:4D:0D,-60,127,6.0,2.5,1.5
1784195854943,2026-07-16 11:57:34.943,C3:00:00:63:4D:08,-61,127,6.0,2.5,1.5
1784195854997,2026-07-16 11:57:34.997,C3:00:00:63:4D:09,-61,127,6.0,2.5,1.5
1784195855022,2026-07-16 11:57:35.022,C3:00:00:63:4D:0A,-58,127,6.0,2.5,1.5
1784195855026,2026-07-16 11:57:35.026,C3:00:00:63:4D:07,-61,127,6.0,2.5,1.5
1784195855119,2026-07-16 11:57:35.119,C3:00:00:63:4C:D2,-55,127,6.0,2.5,1.5
1784195855133,2026-07-16 11:57:35.133,C3:00:00:63:4D:08,-56,127,6.0,2.5,1.5
1784195855138,2026-07-16 11:57:35.138,C3:00:00:63:4D:0D,-61,127,6.0,2.5,1.5
1784195855177,2026-07-16 11:57:35.177,C3:00:00:63:4D:05,-54,127,6.0,2.5,1.5
1784195855233,2026-07-16 11:57:35.233,C3:00:00:63:4D:0A,-76,127,6.0,2.5,1.5
1784195855240,2026-07-16 11:57:35.240,C3:00:00:63:4C:D2,-55,127,6.0,2.5,1.5
1784195855244,2026-07-16 11:57:35.244,C3:00:00:63:4D:08,-55,127,6.0,2.5,1.5
1784195855260,2026-07-16 11:57:35.260,C3:00:00:63:4D:07,-62,127,6.0,2.5,1.5
1784195855265,2026-07-16 11:57:35.265,C3:00:00:63:4D:04,-56,127,6.0,2.5,1.5
1784195855338,2026-07-16 11:57:35.338,C3:00:00:63:4D:08,-61,127,6.0,2.5,1.5
1784195855341,2026-07-16 11:57:35.341,C3:00:00:63:4D:0A,-58,127,6.0,2.5,1.5
1784195855346,2026-07-16 11:57:35.346,C3:00:00:63:4C:D2,-65,127,6.0,2.5,1.5
1784195855363,2026-07-16 11:57:35.363,C3:00:00:63:4D:0D,-61,127,6.0,2.5,1.5
1784195855379,2026-07-16 11:57:35.379,C3:00:00:63:4D:04,-64,127,6.0,2.5,1.5
1784195855396,2026-07-16 11:57:35.396,C3:00:00:63:4D:05,-55,127,6.0,2.5,1.5
1784195855458,2026-07-16 11:57:35.458,C3:00:00:63:4C:D2,-55,127,6.0,2.5,1.5
1784195855486,2026-07-16 11:57:35.486,C3:00:00:63:4D:0D,-60,127,6.0,2.5,1.5
1784195855493,2026-07-16 11:57:35.493,C3:00:00:63:4D:04,-58,127,6.0,2.5,1.5
1784195855507,2026-07-16 11:57:35.507,C3:00:00:63:4D:05,-54,127,6.0,2.5,1.5
1784195855510,2026-07-16 11:57:35.510,C3:00:00:63:4D:0D,-61,127,6.0,2.5,1.5
1784195855515,2026-07-16 11:57:35.515,C3:00:00:63:4D:04,-58,127,6.0,2.5,1.5
1784195855543,2026-07-16 11:57:35.543,C3:00:00:63:4D:08,-61,127,6.0,2.5,1.5
1784195855548,2026-07-16 11:57:35.548,C3:00:00:63:4D:0A,-59,127,6.0,2.5,1.5
1784195855567,2026-07-16 11:57:35.567,C3:00:00:63:4C:D2,-65,127,6.0,2.5,1.5
1784195855600,2026-07-16 11:57:35.600,C3:00:00:63:4D:0D,-83,127,6.0,2.5,1.5
1784195855618,2026-07-16 11:57:35.618,C3:00:00:63:4D:05,-56,127,6.0,2.5,1.5
1784195855641,2026-07-16 11:57:35.641,C3:00:00:63:4D:0A,-67,127,6.0,2.5,1.5
1784195855710,2026-07-16 11:57:35.710,C3:00:00:63:4D:07,-63,127,6.0,2.5,1.5
1784195855720,2026-07-16 11:57:35.720,C3:00:00:63:4D:0D,-61,127,6.0,2.5,1.5
1784195855734,2026-07-16 11:57:35.734,C3:00:00:63:4D:08,-56,127,6.0,2.5,1.5
1784195855783,2026-07-16 11:57:35.783,C3:00:00:63:4D:09,-62,127,6.0,2.5,1.5
1784195855787,2026-07-16 11:57:35.787,C3:00:00:63:4C:D2,-55,127,6.0,2.5,1.5
1784195855822,2026-07-16 11:57:35.822,C3:00:00:63:4D:09,-61,127,6.0,2.5,1.5
1784195855827,2026-07-16 11:57:35.827,C3:00:00:63:4D:0D,-60,127,6.0,2.5,1.5
1784195855846,2026-07-16 11:57:35.846,C3:00:00:63:4D:04,-56,127,6.0,2.5,1.5
1784195855868,2026-07-16 11:57:35.868,C3:00:00:63:4D:0D,-83,127,6.0,2.5,1.5
1784195855900,2026-07-16 11:57:35.900,C3:00:00:63:4C:D2,-65,127,6.0,2.5,1.5
1784195855906,2026-07-16 11:57:35.906,C3:00:00:63:4D:09,-61,127,6.0,2.5,1.5
1784195855946,2026-07-16 11:57:35.946,C3:00:00:63:4C:D2,-55,127,6.0,2.5,1.5
1784195855950,2026-07-16 11:57:35.950,C3:00:00:63:4D:0D,-61,127,6.0,2.5,1.5
1784195855954,2026-07-16 11:57:35.954,C3:00:00:63:4D:05,-55,127,6.0,2.5,1.5
1784195855959,2026-07-16 11:57:35.959,C3:00:00:63:4D:0A,-67,127,6.0,2.5,1.5
1784195855965,2026-07-16 11:57:35.965,C3:00:00:63:4D:04,-64,127,6.0,2.5,1.5
1784195855994,2026-07-16 11:57:35.994,C3:00:00:63:4D:04,-64,127,6.0,2.5,1.5
1784195856011,2026-07-16 11:57:36.011,C3:00:00:63:4C:D2,-55,127,6.0,2.5,1.5
1784195856035,2026-07-16 11:57:36.035,C3:00:00:63:4D:08,-56,127,6.0,2.5,1.5
1784195856065,2026-07-16 11:57:36.065,C3:00:00:63:4D:0D,-60,127,6.0,2.5,1.5
1784195856124,2026-07-16 11:57:36.124,C3:00:00:63:4C:D2,-55,127,6.0,2.5,1.5
1784195856131,2026-07-16 11:57:36.131,C3:00:00:63:4D:09,-61,127,6.0,2.5,1.5
1784195856143,2026-07-16 11:57:36.143,C3:00:00:63:4D:08,-55,127,6.0,2.5,1.5
1784195856170,2026-07-16 11:57:36.170,C3:00:00:63:4D:05,-54,127,6.0,2.5,1.5
1784195856236,2026-07-16 11:57:36.236,C3:00:00:63:4C:D2,-66,127,6.0,2.5,1.5
1784195856275,2026-07-16 11:57:36.275,C3:00:00:63:4D:05,-56,127,6.0,2.5,1.5
1784195856292,2026-07-16 11:57:36.292,C3:00:00:63:4D:07,-62,127,6.0,2.5,1.5
1784195856305,2026-07-16 11:57:36.305,C3:00:00:63:4D:07,-62,127,6.0,2.5,1.5
1784195856339,2026-07-16 11:57:36.339,C3:00:00:63:4D:08,-58,127,6.0,2.5,1.5
1784195856353,2026-07-16 11:57:36.353,C3:00:00:63:4C:D2,-55,127,6.0,2.5,1.5
1784195856355,2026-07-16 11:57:36.355,C3:00:00:63:4D:09,-61,127,6.0,2.5,1.5
1784195856387,2026-07-16 11:57:36.387,C3:00:00:63:4D:05,-54,127,6.0,2.5,1.5
1784195856402,2026-07-16 11:57:36.402,C3:00:00:63:4D:07,-75,127,6.0,2.5,1.5
1784195856417,2026-07-16 11:57:36.417,C3:00:00:63:4D:07,-83,127,6.0,2.5,1.5
1784195856423,2026-07-16 11:57:36.423,C3:00:00:63:4D:04,-58,127,6.0,2.5,1.5
1784195856431,2026-07-16 11:57:36.431,C3:00:00:63:4D:08,-55,127,6.0,2.5,1.5
1784195856457,2026-07-16 11:57:36.457,C3:00:00:63:4D:08,-60,127,6.0,2.5,1.5
1784195856461,2026-07-16 11:57:36.461,C3:00:00:63:4D:07,-61,127,6.0,2.5,1.5
1784195856465,2026-07-16 11:57:36.465,C3:00:00:63:4C:D2,-65,127,6.0,2.5,1.5
1784195856470,2026-07-16 11:57:36.470,C3:00:00:63:4D:09,-60,127,6.0,2.5,1.5
1784195856476,2026-07-16 11:57:36.476,C3:00:00:63:4D:0A,-58,127,6.0,2.5,1.5
1784195856488,2026-07-16 11:57:36.488,C3:00:00:63:4D:08,-61,127,6.0,2.5,1.5
1784195856499,2026-07-16 11:57:36.499,C3:00:00:63:4D:05,-54,127,6.0,2.5,1.5
1784195856513,2026-07-16 11:57:36.513,C3:00:00:63:4D:07,-61,127,6.0,2.5,1.5
1784195856523,2026-07-16 11:57:36.523,C3:00:00:63:4D:0D,-69,127,6.0,2.5,1.5
1784195856582,2026-07-16 11:57:36.582,C3:00:00:63:4D:09,-72,127,6.0,2.5,1.5
1784195856635,2026-07-16 11:57:36.635,C3:00:00:63:4D:07,-62,127,6.0,2.5,1.5
1784195856640,2026-07-16 11:57:36.640,C3:00:00:63:4D:0D,-62,127,6.0,2.5,1.5
1784195856645,2026-07-16 11:57:36.645,C3:00:00:63:4D:08,-58,127,6.0,2.5,1.5
1784195856682,2026-07-16 11:57:36.682,C3:00:00:63:4C:D2,-55,127,6.0,2.5,1.5
1784195856690,2026-07-16 11:57:36.690,C3:00:00:63:4D:0A,-76,127,6.0,2.5,1.5
1784195856702,2026-07-16 11:57:36.702,C3:00:00:63:4D:07,-75,127,6.0,2.5,1.5
1784195856714,2026-07-16 11:57:36.714,C3:00:00:63:4D:0D,-68,127,6.0,2.5,1.5
1784195856717,2026-07-16 11:57:36.717,C3:00:00:63:4D:05,-54,127,6.0,2.5,1.5
1784195856742,2026-07-16 11:57:36.742,C3:00:00:63:4D:08,-61,127,6.0,2.5,1.5
1784195856751,2026-07-16 11:57:36.751,C3:00:00:63:4D:0D,-69,127,6.0,2.5,1.5
1784195856760,2026-07-16 11:57:36.760,C3:00:00:63:4D:04,-56,127,6.0,2.5,1.5
1784195856797,2026-07-16 11:57:36.797,C3:00:00:63:4D:0A,-58,127,6.0,2.5,1.5
1784195856802,2026-07-16 11:57:36.802,C3:00:00:63:4C:D2,-66,127,6.0,2.5,1.5
1784195856807,2026-07-16 11:57:36.807,C3:00:00:63:4D:09,-59,127,6.0,2.5,1.5
1784195856830,2026-07-16 11:57:36.830,C3:00:00:63:4D:05,-56,127,6.0,2.5,1.5
1784195856835,2026-07-16 11:57:36.835,C3:00:00:63:4D:08,-61,127,6.0,2.5,1.5
1784195856858,2026-07-16 11:57:36.858,C3:00:00:63:4D:07,-63,127,6.0,2.5,1.5
1784195856869,2026-07-16 11:57:36.869,C3:00:00:63:4D:0D,-61,127,6.0,2.5,1.5
1784195856876,2026-07-16 11:57:36.876,C3:00:00:63:4D:04,-64,127,6.0,2.5,1.5
1784195856894,2026-07-16 11:57:36.894,C3:00:00:63:4D:0A,-67,127,6.0,2.5,1.5
1784195856917,2026-07-16 11:57:36.917,C3:00:00:63:4D:0D,-62,127,6.0,2.5,1.5
1784195856942,2026-07-16 11:57:36.942,C3:00:00:63:4D:08,-55,127,6.0,2.5,1.5
1784195856948,2026-07-16 11:57:36.948,C3:00:00:63:4D:0A,-76,127,6.0,2.5,1.5
1784195856990,2026-07-16 11:57:36.990,C3:00:00:63:4D:04,-58,127,6.0,2.5,1.5
1784195857004,2026-07-16 11:57:37.004,C3:00:00:63:4D:0A,-76,127,6.0,2.5,1.5
1784195857010,2026-07-16 11:57:37.010,C3:00:00:63:4D:04,-58,127,6.0,2.5,1.5
1784195857018,2026-07-16 11:57:37.018,C3:00:00:63:4D:0A,-76,127,6.0,2.5,1.5
1784195857043,2026-07-16 11:57:37.043,C3:00:00:63:4D:08,-61,127,6.0,2.5,1.5
1784195857048,2026-07-16 11:57:37.048,C3:00:00:63:4D:05,-56,127,6.0,2.5,1.5
1784195857097,2026-07-16 11:57:37.097,C3:00:00:63:4D:07,-62,127,6.0,2.5,1.5
1784195857103,2026-07-16 11:57:37.103,C3:00:00:63:4D:05,-57,127,6.0,2.5,1.5
1784195857112,2026-07-16 11:57:37.112,C3:00:00:63:4D:04,-56,127,6.0,2.5,1.5
1784195857135,2026-07-16 11:57:37.135,C3:00:00:63:4D:08,-61,127,6.0,2.5,1.5
1784195857141,2026-07-16 11:57:37.141,C3:00:00:63:4D:09,-72,127,6.0,2.5,1.5
1784195857154,2026-07-16 11:57:37.154,C3:00:00:63:4D:05,-55,127,6.0,2.5,1.5
1784195857161,2026-07-16 11:57:37.161,C3:00:00:63:4D:0A,-74,127,6.0,2.5,1.5
1784195857203,2026-07-16 11:57:37.203,C3:00:00:63:4D:0A,-67,127,6.0,2.5,1.5
1784195857208,2026-07-16 11:57:37.208,C3:00:00:63:4D:0D,-61,127,6.0,2.5,1.5
1784195857225,2026-07-16 11:57:37.225,C3:00:00:63:4D:04,-64,127,6.0,2.5,1.5
1784195857240,2026-07-16 11:57:37.240,C3:00:00:63:4D:08,-56,127,6.0,2.5,1.5
1784195857242,2026-07-16 11:57:37.242,C3:00:00:63:4C:D2,-55,127,6.0,2.5,1.5
1784195857263,2026-07-16 11:57:37.263,C3:00:00:63:4C:D2,-55,127,6.0,2.5,1.5
1784195857267,2026-07-16 11:57:37.267,C3:00:00:63:4D:05,-54,127,6.0,2.5,1.5
1784195857312,2026-07-16 11:57:37.312,C3:00:00:63:4D:0A,-76,127,6.0,2.5,1.5
1784195857323,2026-07-16 11:57:37.323,C3:00:00:63:4D:0D,-60,127,6.0,2.5,1.5
1784195857358,2026-07-16 11:57:37.358,C3:00:00:63:4C:D2,-66,127,6.0,2.5,1.5
1784195857385,2026-07-16 11:57:37.385,C3:00:00:63:4D:09,-60,127,6.0,2.5,1.5
1784195857441,2026-07-16 11:57:37.441,C3:00:00:63:4D:0D,-69,127,6.0,2.5,1.5
1784195857456,2026-07-16 11:57:37.456,C3:00:00:63:4D:04,-64,127,6.0,2.5,1.5
1784195857465,2026-07-16 11:57:37.465,C3:00:00:63:4C:D2,-54,127,6.0,2.5,1.5
1784195857480,2026-07-16 11:57:37.480,C3:00:00:63:4D:05,-56,127,6.0,2.5,1.5
1784195857486,2026-07-16 11:57:37.486,C3:00:00:63:4D:0D,-61,127,6.0,2.5,1.5
1784195857498,2026-07-16 11:57:37.498,C3:00:00:63:4D:04,-65,127,6.0,2.5,1.5
1784195857525,2026-07-16 11:57:37.525,C3:00:00:63:4D:0A,-65,127,6.0,2.5,1.5
1784195857557,2026-07-16 11:57:37.557,C3:00:00:63:4D:07,-75,127,6.0,2.5,1.5
1784195857574,2026-07-16 11:57:37.574,C3:00:00:63:4D:04,-58,127,6.0,2.5,1.5
1784195857596,2026-07-16 11:57:37.596,C3:00:00:63:4D:05,-54,127,6.0,2.5,1.5
1784195857634,2026-07-16 11:57:37.634,C3:00:00:63:4D:08,-55,127,6.0,2.5,1.5
1784195857674,2026-07-16 11:57:37.674,C3:00:00:63:4D:0D,-84,127,6.0,2.5,1.5
1784195857679,2026-07-16 11:57:37.679,C3:00:00:63:4D:04,-56,127,6.0,2.5,1.5
1784195857726,2026-07-16 11:57:37.726,C3:00:00:63:4D:0A,-59,127,6.0,2.5,1.5
1784195857740,2026-07-16 11:57:37.740,C3:00:00:63:4D:08,-61,127,6.0,2.5,1.5
1784195857775,2026-07-16 11:57:37.775,C3:00:00:63:4D:07,-63,127,6.0,2.5,1.5
1784195857779,2026-07-16 11:57:37.779,C3:00:00:63:4D:0D,-61,127,6.0,2.5,1.5
1784195857799,2026-07-16 11:57:37.799,C3:00:00:63:4D:09,-73,127,6.0,2.5,1.5
1784195857805,2026-07-16 11:57:37.805,C3:00:00:63:4D:04,-64,127,6.0,2.5,1.5
1784195857819,2026-07-16 11:57:37.819,C3:00:00:63:4D:05,-55,127,6.0,2.5,1.5
1784195857821,2026-07-16 11:57:37.821,C3:00:00:63:4D:09,-72,127,6.0,2.5,1.5
1784195857833,2026-07-16 11:57:37.833,C3:00:00:63:4D:0A,-67,127,6.0,2.5,1.5
1784195857843,2026-07-16 11:57:37.843,C3:00:00:63:4D:09,-61,127,6.0,2.5,1.5
1784195857912,2026-07-16 11:57:37.912,C3:00:00:63:4D:04,-58,127,6.0,2.5,1.5
1784195857918,2026-07-16 11:57:37.918,C3:00:00:63:4C:D2,-55,127,6.0,2.5,1.5
1784195857924,2026-07-16 11:57:37.924,C3:00:00:63:4D:05,-61,127,6.0,2.5,1.5
1784195857939,2026-07-16 11:57:37.939,C3:00:00:63:4D:09,-61,127,6.0,2.5,1.5
1784195857942,2026-07-16 11:57:37.942,C3:00:00:63:4D:08,-61,127,6.0,2.5,1.5
1784195857951,2026-07-16 11:57:37.951,C3:00:00:63:4D:05,-56,127,6.0,2.5,1.5
1784195857953,2026-07-16 11:57:37.953,C3:00:00:63:4C:D2,-65,127,6.0,2.5,1.5
1784195858000,2026-07-16 11:57:38.000,C3:00:00:63:4D:04,-56,127,6.0,2.5,1.5
1784195858014,2026-07-16 11:57:38.014,C3:00:00:63:4D:07,-62,127,6.0,2.5,1.5
1784195858027,2026-07-16 11:57:38.027,C3:00:00:63:4C:D2,-65,127,6.0,2.5,1.5
1784195858033,2026-07-16 11:57:38.033,C3:00:00:63:4D:04,-56,127,6.0,2.5,1.5
1784195858045,2026-07-16 11:57:38.045,C3:00:00:63:4D:09,-72,127,6.0,2.5,1.5
1784195858122,2026-07-16 11:57:38.122,C3:00:00:63:4D:07,-63,127,6.0,2.5,1.5
1784195858129,2026-07-16 11:57:38.129,C3:00:00:63:4D:0D,-61,127,6.0,2.5,1.5
1784195858143,2026-07-16 11:57:38.143,C3:00:00:63:4D:08,-56,127,6.0,2.5,1.5
1784195858145,2026-07-16 11:57:38.145,C3:00:00:63:4C:D2,-55,127,6.0,2.5,1.5
1784195858167,2026-07-16 11:57:38.167,C3:00:00:63:4D:09,-61,127,6.0,2.5,1.5
1784195858170,2026-07-16 11:57:38.170,C3:00:00:63:4D:05,-54,127,6.0,2.5,1.5
1784195858240,2026-07-16 11:57:38.240,C3:00:00:63:4D:08,-55,127,6.0,2.5,1.5
1784195858245,2026-07-16 11:57:38.245,C3:00:00:63:4D:0A,-58,127,6.0,2.5,1.5
1784195858249,2026-07-16 11:57:38.249,C3:00:00:63:4C:D2,-65,127,6.0,2.5,1.5
1784195858264,2026-07-16 11:57:38.264,C3:00:00:63:4D:05,-56,127,6.0,2.5,1.5
1784195858267,2026-07-16 11:57:38.267,C3:00:00:63:4D:04,-55,127,6.0,2.5,1.5
1784195858275,2026-07-16 11:57:38.275,C3:00:00:63:4D:09,-61,127,6.0,2.5,1.5
1784195858337,2026-07-16 11:57:38.337,C3:00:00:63:4D:08,-60,127,6.0,2.5,1.5
1784195858347,2026-07-16 11:57:38.347,C3:00:00:63:4D:0A,-66,127,6.0,2.5,1.5
1784195858368,2026-07-16 11:57:38.368,C3:00:00:63:4C:D2,-54,127,6.0,2.5,1.5
1784195858370,2026-07-16 11:57:38.370,C3:00:00:63:4D:08,-58,127,6.0,2.5,1.5
1784195858373,2026-07-16 11:57:38.373,C3:00:00:63:4D:05,-56,127,6.0,2.5,1.5
1784195858377,2026-07-16 11:57:38.377,C3:00:00:63:4D:04,-64,127,6.0,2.5,1.5
1784195858435,2026-07-16 11:57:38.435,C3:00:00:63:4D:08,-58,127,6.0,2.5,1.5
1784195858452,2026-07-16 11:57:38.452,C3:00:00:63:4D:0A,-74,127,6.0,2.5,1.5
1784195858479,2026-07-16 11:57:38.479,C3:00:00:63:4C:D2,-58,127,6.0,2.5,1.5
1784195858486,2026-07-16 11:57:38.486,C3:00:00:63:4D:04,-58,127,6.0,2.5,1.5
1784195858498,2026-07-16 11:57:38.498,C3:00:00:63:4D:08,-55,127,6.0,2.5,1.5
1784195858499,2026-07-16 11:57:38.499,C3:00:00:63:4D:0A,-74,127,6.0,2.5,1.5
1784195858505,2026-07-16 11:57:38.505,C3:00:00:63:4D:05,-54,127,6.0,2.5,1.5
1784195858542,2026-07-16 11:57:38.542,C3:00:00:63:4D:08,-60,127,6.0,2.5,1.5
1784195858565,2026-07-16 11:57:38.565,C3:00:00:63:4D:0A,-58,127,6.0,2.5,1.5
1784195858614,2026-07-16 11:57:38.614,C3:00:00:63:4D:09,-60,127,6.0,2.5,1.5
1784195858639,2026-07-16 11:57:38.639,C3:00:00:63:4D:08,-60,127,6.0,2.5,1.5
1784195858697,2026-07-16 11:57:38.697,C3:00:00:63:4D:05,-56,127,6.0,2.5,1.5
1784195858701,2026-07-16 11:57:38.701,C3:00:00:63:4D:07,-62,127,6.0,2.5,1.5
1784195858724,2026-07-16 11:57:38.724,C3:00:00:63:4D:04,-65,127,6.0,2.5,1.5
1784195858739,2026-07-16 11:57:38.739,C3:00:00:63:4D:08,-58,127,6.0,2.5,1.5
1784195858768,2026-07-16 11:57:38.768,C3:00:00:63:4D:0A,-74,127,6.0,2.5,1.5
1784195858811,2026-07-16 11:57:38.811,C3:00:00:63:4D:05,-54,127,6.0,2.5,1.5
1784195858815,2026-07-16 11:57:38.815,C3:00:00:63:4C:D2,-53,127,6.0,2.5,1.5
1784195858834,2026-07-16 11:57:38.834,C3:00:00:63:4D:04,-58,127,6.0,2.5,1.5
1784195858843,2026-07-16 11:57:38.843,C3:00:00:63:4D:09,-60,127,6.0,2.5,1.5
1784195858918,2026-07-16 11:57:38.918,C3:00:00:63:4D:05,-56,127,6.0,2.5,1.5
1784195858921,2026-07-16 11:57:38.921,C3:00:00:63:4C:D2,-65,127,6.0,2.5,1.5
1784195858952,2026-07-16 11:57:38.952,C3:00:00:63:4D:04,-64,127,6.0,2.5,1.5
1784195858972,2026-07-16 11:57:38.972,C3:00:00:63:4D:0A,-67,127,6.0,2.5,1.5
1784195859039,2026-07-16 11:57:39.039,C3:00:00:63:4D:08,-56,127,6.0,2.5,1.5
1784195859048,2026-07-16 11:57:39.048,C3:00:00:63:4D:07,-78,127,6.0,2.5,1.5
1784195859052,2026-07-16 11:57:39.052,C3:00:00:63:4D:0D,-60,127,6.0,2.5,1.5
1784195859064,2026-07-16 11:57:39.064,C3:00:00:63:4D:04,-58,127,6.0,2.5,1.5
1784195859084,2026-07-16 11:57:39.084,C3:00:00:63:4D:0A,-76,127,6.0,2.5,1.5
1784195859111,2026-07-16 11:57:39.111,C3:00:00:63:4D:05,-54,127,6.0,2.5,1.5
1784195859136,2026-07-16 11:57:39.136,C3:00:00:63:4D:05,-54,127,6.0,2.5,1.5
1784195859139,2026-07-16 11:57:39.139,C3:00:00:63:4D:08,-55,127,6.0,2.5,1.5
1784195859146,2026-07-16 11:57:39.146,C3:00:00:63:4C:D2,-65,127,6.0,2.5,1.5
1784195859164,2026-07-16 11:57:39.164,C3:00:00:63:4D:07,-62,127,6.0,2.5,1.5
1784195859177,2026-07-16 11:57:39.177,C3:00:00:63:4D:04,-56,127,6.0,2.5,1.5
1784195859188,2026-07-16 11:57:39.188,C3:00:00:63:4D:0A,-58,127,6.0,2.5,1.5
1784195859248,2026-07-16 11:57:39.248,C3:00:00:63:4D:05,-55,127,6.0,2.5,1.5
1784195859263,2026-07-16 11:57:39.263,C3:00:00:63:4C:D2,-55,127,6.0,2.5,1.5
1784195859270,2026-07-16 11:57:39.270,C3:00:00:63:4D:07,-63,127,6.0,2.5,1.5
1784195859284,2026-07-16 11:57:39.284,C3:00:00:63:4D:0D,-61,127,6.0,2.5,1.5
1784195859287,2026-07-16 11:57:39.287,C3:00:00:63:4D:0A,-67,127,6.0,2.5,1.5
1784195859289,2026-07-16 11:57:39.289,C3:00:00:63:4C:D2,-55,127,6.0,2.5,1.5
1784195859291,2026-07-16 11:57:39.291,C3:00:00:63:4D:04,-64,127,6.0,2.5,1.5
1784195859294,2026-07-16 11:57:39.294,C3:00:00:63:4D:09,-72,127,6.0,2.5,1.5
1784195859335,2026-07-16 11:57:39.335,C3:00:00:63:4D:08,-56,127,6.0,2.5,1.5
1784195859373,2026-07-16 11:57:39.373,C3:00:00:63:4C:D2,-54,127,6.0,2.5,1.5
1784195859407,2026-07-16 11:57:39.407,C3:00:00:63:4D:09,-61,127,6.0,2.5,1.5
1784195859412,2026-07-16 11:57:39.412,C3:00:00:63:4D:04,-58,127,6.0,2.5,1.5
1784195859439,2026-07-16 11:57:39.439,C3:00:00:63:4D:08,-55,127,6.0,2.5,1.5
1784195859472,2026-07-16 11:57:39.472,C3:00:00:63:4D:05,-54,127,6.0,2.5,1.5
1784195859487,2026-07-16 11:57:39.487,C3:00:00:63:4D:0D,-69,127,6.0,2.5,1.5
1784195859508,2026-07-16 11:57:39.508,C3:00:00:63:4D:0A,-58,127,6.0,2.5,1.5
1784195859511,2026-07-16 11:57:39.511,C3:00:00:63:4D:04,-56,127,6.0,2.5,1.5
1784195859519,2026-07-16 11:57:39.519,C3:00:00:63:4D:09,-60,127,6.0,2.5,1.5
1784195859534,2026-07-16 11:57:39.534,C3:00:00:63:4D:04,-56,127,6.0,2.5,1.5
1784195859538,2026-07-16 11:57:39.538,C3:00:00:63:4D:08,-60,127,6.0,2.5,1.5
1784195859578,2026-07-16 11:57:39.578,C3:00:00:63:4D:05,-57,127,6.0,2.5,1.5
1784195859600,2026-07-16 11:57:39.600,C3:00:00:63:4D:0A,-66,127,6.0,2.5,1.5
1784195859607,2026-07-16 11:57:39.607,C3:00:00:63:4C:D2,-54,127,6.0,2.5,1.5
1784195859621,2026-07-16 11:57:39.621,C3:00:00:63:4D:0D,-62,127,6.0,2.5,1.5
1784195859624,2026-07-16 11:57:39.624,C3:00:00:63:4D:09,-71,127,6.0,2.5,1.5
1784195859635,2026-07-16 11:57:39.635,C3:00:00:63:4D:08,-55,127,6.0,2.5,1.5
1784195859674,2026-07-16 11:57:39.674,C3:00:00:63:4D:08,-62,127,6.0,2.5,1.5
1784195859705,2026-07-16 11:57:39.705,C3:00:00:63:4D:0A,-74,127,6.0,2.5,1.5
1784195859710,2026-07-16 11:57:39.710,C3:00:00:63:4C:D2,-54,127,6.0,2.5,1.5
1784195859740,2026-07-16 11:57:39.740,C3:00:00:63:4D:08,-55,127,6.0,2.5,1.5
1784195859750,2026-07-16 11:57:39.750,C3:00:00:63:4D:09,-60,127,6.0,2.5,1.5
1784195859756,2026-07-16 11:57:39.756,C3:00:00:63:4D:04,-55,127,6.0,2.5,1.5
1784195859795,2026-07-16 11:57:39.795,C3:00:00:63:4D:05,-54,127,6.0,2.5,1.5
1784195859802,2026-07-16 11:57:39.802,C3:00:00:63:4C:D2,-74,127,6.0,2.5,1.5
1784195859810,2026-07-16 11:57:39.810,C3:00:00:63:4D:09,-60,127,6.0,2.5,1.5
1784195859816,2026-07-16 11:57:39.816,C3:00:00:63:4D:0A,-58,127,6.0,2.5,1.5
1784195859824,2026-07-16 11:57:39.824,C3:00:00:63:4D:09,-60,127,6.0,2.5,1.5
1784195859828,2026-07-16 11:57:39.828,C3:00:00:63:4C:D2,-66,127,6.0,2.5,1.5
1784195859836,2026-07-16 11:57:39.836,C3:00:00:63:4D:08,-60,127,6.0,2.5,1.5
1784195859848,2026-07-16 11:57:39.848,C3:00:00:63:4D:07,-62,127,6.0,2.5,1.5
1784195859856,2026-07-16 11:57:39.856,C3:00:00:63:4D:09,-71,127,6.0,2.5,1.5
1784195859859,2026-07-16 11:57:39.859,C3:00:00:63:4D:0D,-62,127,6.0,2.5,1.5
1784195859882,2026-07-16 11:57:39.882,C3:00:00:63:4D:0D,-61,127,6.0,2.5,1.5
1784195859910,2026-07-16 11:57:39.910,C3:00:00:63:4D:05,-57,127,6.0,2.5,1.5
1784195859915,2026-07-16 11:57:39.915,C3:00:00:63:4D:0A,-66,127,6.0,2.5,1.5
1784195859933,2026-07-16 11:57:39.933,C3:00:00:63:4C:D2,-54,127,6.0,2.5,1.5
1784195859937,2026-07-16 11:57:39.937,C3:00:00:63:4D:08,-58,127,6.0,2.5,1.5
1784195859956,2026-07-16 11:57:39.956,C3:00:00:63:4C:D2,-55,127,6.0,2.5,1.5
1784195859966,2026-07-16 11:57:39.966,C3:00:00:63:4D:07,-75,127,6.0,2.5,1.5
1784195859973,2026-07-16 11:57:39.973,C3:00:00:63:4D:0D,-60,127,6.0,2.5,1.5
1784195860005,2026-07-16 11:57:40.005,C3:00:00:63:4D:04,-59,127,6.0,2.5,1.5
1784195860022,2026-07-16 11:57:40.022,C3:00:00:63:4D:05,-54,127,6.0,2.5,1.5
1784195860039,2026-07-16 11:57:40.039,C3:00:00:63:4D:08,-55,127,6.0,2.5,1.5
1784195860083,2026-07-16 11:57:40.083,C3:00:00:63:4D:07,-58,127,6.0,2.5,1.5
1784195860102,2026-07-16 11:57:40.102,C3:00:00:63:4D:04,-56,127,6.0,2.5,1.5
1784195860124,2026-07-16 11:57:40.124,C3:00:00:63:4D:05,-54,127,6.0,2.5,1.5
1784195860129,2026-07-16 11:57:40.129,C3:00:00:63:4D:0A,-58,127,6.0,2.5,1.5
1784195860159,2026-07-16 11:57:40.159,C3:00:00:63:4D:05,-56,127,6.0,2.5,1.5
1784195860164,2026-07-16 11:57:40.164,C3:00:00:63:4C:D2,-54,127,6.0,2.5,1.5
1784195860192,2026-07-16 11:57:40.192,C3:00:00:63:4D:07,-63,127,6.0,2.5,1.5
1784195860196,2026-07-16 11:57:40.196,C3:00:00:63:4D:09,-72,127,6.0,2.5,1.5
1784195860201,2026-07-16 11:57:40.201,C3:00:00:63:4D:0D,-61,127,6.0,2.5,1.5
1784195860270,2026-07-16 11:57:40.270,C3:00:00:63:4C:D2,-55,127,6.0,2.5,1.5
1784195860316,2026-07-16 11:57:40.316,C3:00:00:63:4D:0D,-60,127,6.0,2.5,1.5
1784195860336,2026-07-16 11:57:40.336,C3:00:00:63:4D:08,-55,127,6.0,2.5,1.5
1784195860352,2026-07-16 11:57:40.352,C3:00:00:63:4D:05,-56,127,6.0,2.5,1.5
1784195860379,2026-07-16 11:57:40.379,C3:00:00:63:4D:08,-61,127,6.0,2.5,1.5
1784195860387,2026-07-16 11:57:40.387,C3:00:00:63:4C:D2,-65,127,6.0,2.5,1.5
1784195860416,2026-07-16 11:57:40.416,C3:00:00:63:4D:09,-61,127,6.0,2.5,1.5
1784195860447,2026-07-16 11:57:40.447,C3:00:00:63:4D:07,-70,127,6.0,2.5,1.5
1784195860479,2026-07-16 11:57:40.479,C3:00:00:63:4D:07,-63,127,6.0,2.5,1.5
1784195860487,2026-07-16 11:57:40.487,C3:00:00:63:4C:D2,-55,127,6.0,2.5,1.5
1784195860501,2026-07-16 11:57:40.501,C3:00:00:63:4D:08,-56,127,6.0,2.5,1.5
1784195860532,2026-07-16 11:57:40.532,C3:00:00:63:4D:09,-72,127,6.0,2.5,1.5
1784195860610,2026-07-16 11:57:40.610,C3:00:00:63:4C:D2,-55,127,6.0,2.5,1.5
1784195860635,2026-07-16 11:57:40.635,C3:00:00:63:4D:08,-55,127,6.0,2.5,1.5
1784195860658,2026-07-16 11:57:40.658,C3:00:00:63:4D:07,-62,127,6.0,2.5,1.5
1784195860661,2026-07-16 11:57:40.661,C3:00:00:63:4D:0D,-82,127,6.0,2.5,1.5
1784195860668,2026-07-16 11:57:40.668,C3:00:00:63:4D:04,-56,127,6.0,2.5,1.5
1784195860680,2026-07-16 11:57:40.680,C3:00:00:63:4D:05,-56,127,6.0,2.5,1.5
1784195860713,2026-07-16 11:57:40.713,C3:00:00:63:4C:D2,-65,127,6.0,2.5,1.5
1784195860718,2026-07-16 11:57:40.718,C3:00:00:63:4D:07,-63,127,6.0,2.5,1.5
1784195860725,2026-07-16 11:57:40.725,C3:00:00:63:4D:0D,-91,127,6.0,2.5,1.5
1784195860769,2026-07-16 11:57:40.769,C3:00:00:63:4D:0D,-61,127,6.0,2.5,1.5
1784195860832,2026-07-16 11:57:40.832,C3:00:00:63:4C:D2,-55,127,6.0,2.5,1.5
1784195860838,2026-07-16 11:57:40.838,C3:00:00:63:4D:08,-56,127,6.0,2.5,1.5
1784195860886,2026-07-16 11:57:40.886,C3:00:00:63:4D:07,-75,127,6.0,2.5,1.5
1784195860891,2026-07-16 11:57:40.891,C3:00:00:63:4D:0D,-60,127,6.0,2.5,1.5
1784195860899,2026-07-16 11:57:40.899,C3:00:00:63:4D:05,-54,127,6.0,2.5,1.5
1784195860902,2026-07-16 11:57:40.902,C3:00:00:63:4D:04,-58,127,6.0,2.5,1.5
1784195860921,2026-07-16 11:57:40.921,C3:00:00:63:4D:0D,-60,127,6.0,2.5,1.5
1784195860935,2026-07-16 11:57:40.935,C3:00:00:63:4D:08,-55,127,6.0,2.5,1.5
1784195860951,2026-07-16 11:57:40.951,C3:00:00:63:4D:0A,-58,127,6.0,2.5,1.5
1784195860975,2026-07-16 11:57:40.975,C3:00:00:63:4D:0A,-58,127,6.0,2.5,1.5
1784195860982,2026-07-16 11:57:40.982,C3:00:00:63:4D:09,-60,127,6.0,2.5,1.5
1784195861002,2026-07-16 11:57:41.002,C3:00:00:63:4D:05,-54,127,6.0,2.5,1.5
1784195861027,2026-07-16 11:57:41.027,C3:00:00:63:4D:04,-55,127,6.0,2.5,1.5
1784195861052,2026-07-16 11:57:41.052,C3:00:00:63:4C:D2,-54,127,6.0,2.5,1.5
1784195861057,2026-07-16 11:57:41.057,C3:00:00:63:4D:0A,-66,127,6.0,2.5,1.5
1784195861103,2026-07-16 11:57:41.103,C3:00:00:63:4D:09,-71,127,6.0,2.5,1.5
1784195861130,2026-07-16 11:57:41.130,C3:00:00:63:4D:04,-65,127,6.0,2.5,1.5
1784195861134,2026-07-16 11:57:41.134,C3:00:00:63:4D:08,-58,127,6.0,2.5,1.5
1784195861159,2026-07-16 11:57:41.159,C3:00:00:63:4D:0A,-76,127,6.0,2.5,1.5
1784195861210,2026-07-16 11:57:41.210,C3:00:00:63:4D:09,-61,127,6.0,2.5,1.5
1784195861232,2026-07-16 11:57:41.232,C3:00:00:63:4D:0D,-60,127,6.0,2.5,1.5
1784195861237,2026-07-16 11:57:41.237,C3:00:00:63:4D:08,-55,127,6.0,2.5,1.5
1784195861252,2026-07-16 11:57:41.252,C3:00:00:63:4D:04,-56,127,6.0,2.5,1.5
1784195861263,2026-07-16 11:57:41.263,C3:00:00:63:4D:0A,-58,127,6.0,2.5,1.5
1784195861274,2026-07-16 11:57:41.274,C3:00:00:63:4C:D2,-65,127,6.0,2.5,1.5
1784195861290,2026-07-16 11:57:41.290,C3:00:00:63:4C:D2,-66,127,6.0,2.5,1.5
1784195861324,2026-07-16 11:57:41.324,C3:00:00:63:4D:09,-61,127,6.0,2.5,1.5
1784195861335,2026-07-16 11:57:41.335,C3:00:00:63:4D:08,-61,127,6.0,2.5,1.5
1784195861340,2026-07-16 11:57:41.340,C3:00:00:63:4D:05,-56,127,6.0,2.5,1.5
1784195861344,2026-07-16 11:57:41.344,C3:00:00:63:4D:07,-62,127,6.0,2.5,1.5
1784195861368,2026-07-16 11:57:41.368,C3:00:00:63:4D:04,-64,127,6.0,2.5,1.5
1784195861386,2026-07-16 11:57:41.386,C3:00:00:63:4C:D2,-55,127,6.0,2.5,1.5
1784195861433,2026-07-16 11:57:41.433,C3:00:00:63:4D:08,-56,127,6.0,2.5,1.5
1784195861443,2026-07-16 11:57:41.443,C3:00:00:63:4D:09,-62,127,6.0,2.5,1.5
1784195861462,2026-07-16 11:57:41.462,C3:00:00:63:4D:07,-78,127,6.0,2.5,1.5
1784195861467,2026-07-16 11:57:41.467,C3:00:00:63:4D:0A,-76,127,6.0,2.5,1.5
1784195861475,2026-07-16 11:57:41.475,C3:00:00:63:4D:04,-58,127,6.0,2.5,1.5
1784195861532,2026-07-16 11:57:41.532,C3:00:00:63:4D:08,-55,127,6.0,2.5,1.5
1784195861581,2026-07-16 11:57:41.581,C3:00:00:63:4D:07,-62,127,6.0,2.5,1.5
1784195861613,2026-07-16 11:57:41.613,C3:00:00:63:4C:D2,-65,127,6.0,2.5,1.5
1784195861637,2026-07-16 11:57:41.637,C3:00:00:63:4D:08,-61,127,6.0,2.5,1.5
1784195861660,2026-07-16 11:57:41.660,C3:00:00:63:4D:09,-72,127,6.0,2.5,1.5
1784195861666,2026-07-16 11:57:41.666,C3:00:00:63:4D:05,-54,127,6.0,2.5,1.5
1784195861676,2026-07-16 11:57:41.676,C3:00:00:63:4D:0A,-67,127,6.0,2.5,1.5
1784195861690,2026-07-16 11:57:41.690,C3:00:00:63:4D:07,-63,127,6.0,2.5,1.5
1784195861693,2026-07-16 11:57:41.693,C3:00:00:63:4D:0D,-61,127,6.0,2.5,1.5
1784195861713,2026-07-16 11:57:41.713,C3:00:00:63:4D:04,-64,127,6.0,2.5,1.5
1784195861724,2026-07-16 11:57:41.724,C3:00:00:63:4C:D2,-55,127,6.0,2.5,1.5
1784195861767,2026-07-16 11:57:41.767,C3:00:00:63:4D:09,-69,127,6.0,2.5,1.5
1784195861788,2026-07-16 11:57:41.788,C3:00:00:63:4D:0A,-76,127,6.0,2.5,1.5
1784195861792,2026-07-16 11:57:41.792,C3:00:00:63:4D:09,-62,127,6.0,2.5,1.5
1784195861808,2026-07-16 11:57:41.808,C3:00:00:63:4D:07,-78,127,6.0,2.5,1.5
1784195861821,2026-07-16 11:57:41.821,C3:00:00:63:4D:04,-58,127,6.0,2.5,1.5
1784195861824,2026-07-16 11:57:41.824,C3:00:00:63:4D:09,-61,127,6.0,2.5,1.5
1784195861832,2026-07-16 11:57:41.832,C3:00:00:63:4D:08,-55,127,6.0,2.5,1.5
1784195861837,2026-07-16 11:57:41.837,C3:00:00:63:4C:D2,-53,127,6.0,2.5,1.5
1784195861889,2026-07-16 11:57:41.889,C3:00:00:63:4D:09,-61,127,6.0,2.5,1.5
1784195861920,2026-07-16 11:57:41.920,C3:00:00:63:4D:05,-64,127,6.0,2.5,1.5
1784195861929,2026-07-16 11:57:41.929,C3:00:00:63:4D:07,-62,127,6.0,2.5,1.5
1784195861930,2026-07-16 11:57:41.930,C3:00:00:63:4D:0D,-83,127,6.0,2.5,1.5
1784195861934,2026-07-16 11:57:41.934,C3:00:00:63:4D:08,-61,127,6.0,2.5,1.5
1784195861946,2026-07-16 11:57:41.946,C3:00:00:63:4D:04,-64,127,6.0,2.5,1.5
1784195861948,2026-07-16 11:57:41.948,C3:00:00:63:4C:D2,-55,127,6.0,2.5,1.5
1784195861964,2026-07-16 11:57:41.964,C3:00:00:63:4C:D2,-57,127,6.0,2.5,1.5
1784195861994,2026-07-16 11:57:41.994,C3:00:00:63:4D:0A,-67,127,6.0,2.5,1.5
1784195862050,2026-07-16 11:57:42.050,C3:00:00:63:4D:04,-58,127,6.0,2.5,1.5
1784195862059,2026-07-16 11:57:42.059,C3:00:00:63:4C:D2,-54,127,6.0,2.5,1.5
1784195862094,2026-07-16 11:57:42.094,C3:00:00:63:4D:0A,-74,127,6.0,2.5,1.5
1784195862109,2026-07-16 11:57:42.109,C3:00:00:63:4D:05,-54,127,6.0,2.5,1.5
1784195862113,2026-07-16 11:57:42.113,C3:00:00:63:4D:09,-61,127,6.0,2.5,1.5
1784195862141,2026-07-16 11:57:42.141,C3:00:00:63:4D:08,-61,127,6.0,2.5,1.5
1784195862168,2026-07-16 11:57:42.168,C3:00:00:63:4D:04,-56,127,6.0,2.5,1.5
1784195862205,2026-07-16 11:57:42.205,C3:00:00:63:4D:0A,-59,127,6.0,2.5,1.5
1784195862237,2026-07-16 11:57:42.237,C3:00:00:63:4D:08,-61,127,6.0,2.5,1.5
1784195862263,2026-07-16 11:57:42.263,C3:00:00:63:4D:07,-63,127,6.0,2.5,1.5
1784195862267,2026-07-16 11:57:42.267,C3:00:00:63:4D:0D,-61,127,6.0,2.5,1.5
1784195862283,2026-07-16 11:57:42.283,C3:00:00:63:4D:04,-64,127,6.0,2.5,1.5
1784195862287,2026-07-16 11:57:42.287,C3:00:00:63:4C:D2,-55,127,6.0,2.5,1.5
1784195862307,2026-07-16 11:57:42.307,C3:00:00:63:4D:0A,-67,127,6.0,2.5,1.5
1784195862327,2026-07-16 11:57:42.327,C3:00:00:63:4D:05,-55,127,6.0,2.5,1.5
1784195862341,2026-07-16 11:57:42.341,C3:00:00:63:4D:08,-55,127,6.0,2.5,1.5
1784195862377,2026-07-16 11:57:42.377,C3:00:00:63:4D:07,-78,127,6.0,2.5,1.5
1784195862386,2026-07-16 11:57:42.386,C3:00:00:63:4D:0D,-60,127,6.0,2.5,1.5
1784195862389,2026-07-16 11:57:42.389,C3:00:00:63:4D:08,-55,127,6.0,2.5,1.5
1784195862400,2026-07-16 11:57:42.400,C3:00:00:63:4C:D2,-55,127,6.0,2.5,1.5
1784195862403,2026-07-16 11:57:42.403,C3:00:00:63:4D:04,-58,127,6.0,2.5,1.5
1784195862432,2026-07-16 11:57:42.432,C3:00:00:63:4D:05,-54,127,6.0,2.5,1.5
1784195862434,2026-07-16 11:57:42.434,C3:00:00:63:4D:08,-55,127,6.0,2.5,1.5
1784195862451,2026-07-16 11:57:42.451,C3:00:00:63:4D:09,-61,127,6.0,2.5,1.5
1784195862498,2026-07-16 11:57:42.498,C3:00:00:63:4D:0D,-83,127,6.0,2.5,1.5
1784195862508,2026-07-16 11:57:42.508,C3:00:00:63:4C:D2,-65,127,6.0,2.5,1.5
1784195862518,2026-07-16 11:57:42.518,C3:00:00:63:4D:08,-62,127,6.0,2.5,1.5
1784195862525,2026-07-16 11:57:42.525,C3:00:00:63:4D:0A,-59,127,6.0,2.5,1.5
1784195862539,2026-07-16 11:57:42.539,C3:00:00:63:4D:08,-61,127,6.0,2.5,1.5
1784195862572,2026-07-16 11:57:42.572,C3:00:00:63:4D:09,-72,127,6.0,2.5,1.5
1784195862615,2026-07-16 11:57:42.615,C3:00:00:63:4D:07,-63,127,6.0,2.5,1.5
1784195862620,2026-07-16 11:57:42.620,C3:00:00:63:4C:D2,-55,127,6.0,2.5,1.5
1784195862632,2026-07-16 11:57:42.632,C3:00:00:63:4D:08,-56,127,6.0,2.5,1.5
1784195862677,2026-07-16 11:57:42.677,C3:00:00:63:4D:09,-61,127,6.0,2.5,1.5
1784195862730,2026-07-16 11:57:42.730,C3:00:00:63:4D:0D,-60,127,6.0,2.5,1.5
1784195862734,2026-07-16 11:57:42.734,C3:00:00:63:4C:D2,-54,127,6.0,2.5,1.5
1784195862739,2026-07-16 11:57:42.739,C3:00:00:63:4D:08,-54,127,6.0,2.5,1.5
1784195862749,2026-07-16 11:57:42.749,C3:00:00:63:4D:04,-56,127,6.0,2.5,1.5
1784195862799,2026-07-16 11:57:42.799,C3:00:00:63:4D:09,-61,127,6.0,2.5,1.5
1784195862828,2026-07-16 11:57:42.828,C3:00:00:63:4D:0A,-59,127,6.0,2.5,1.5
1784195862840,2026-07-16 11:57:42.840,C3:00:00:63:4D:08,-61,127,6.0,2.5,1.5
1784195862851,2026-07-16 11:57:42.851,C3:00:00:63:4C:D2,-58,127,6.0,2.5,1.5
1784195862865,2026-07-16 11:57:42.865,C3:00:00:63:4D:04,-64,127,6.0,2.5,1.5
1784195862908,2026-07-16 11:57:42.908,C3:00:00:63:4D:09,-72,127,6.0,2.5,1.5
1784195862926,2026-07-16 11:57:42.926,C3:00:00:63:4D:0A,-67,127,6.0,2.5,1.5
1784195862938,2026-07-16 11:57:42.938,C3:00:00:63:4D:08,-56,127,6.0,2.5,1.5
1784195862957,2026-07-16 11:57:42.957,C3:00:00:63:4C:D2,-55,127,6.0,2.5,1.5
1784195862961,2026-07-16 11:57:42.961,C3:00:00:63:4D:07,-78,127,6.0,2.5,1.5
1784195862970,2026-07-16 11:57:42.970,C3:00:00:63:4D:04,-58,127,6.0,2.5,1.5
1784195862978,2026-07-16 11:57:42.978,C3:00:00:63:4D:0A,-75,127,6.0,2.5,1.5
1784195862988,2026-07-16 11:57:42.988,C3:00:00:63:4D:05,-54,127,6.0,2.5,1.5
1784195863018,2026-07-16 11:57:43.018,C3:00:00:63:4D:09,-61,127,6.0,2.5,1.5
1784195863030,2026-07-16 11:57:43.030,C3:00:00:63:4D:0A,-76,127,6.0,2.5,1.5
1784195863038,2026-07-16 11:57:43.038,C3:00:00:63:4D:08,-55,127,6.0,2.5,1.5
1784195863070,2026-07-16 11:57:43.070,C3:00:00:63:4D:0D,-84,127,6.0,2.5,1.5
1784195863086,2026-07-16 11:57:43.086,C3:00:00:63:4D:04,-56,127,6.0,2.5,1.5
1784195863095,2026-07-16 11:57:43.095,C3:00:00:63:4D:05,-56,127,6.0,2.5,1.5
1784195863125,2026-07-16 11:57:43.125,C3:00:00:63:4D:09,-61,127,6.0,2.5,1.5
1784195863142,2026-07-16 11:57:43.142,C3:00:00:63:4D:05,-57,127,6.0,2.5,1.5
1784195863179,2026-07-16 11:57:43.179,C3:00:00:63:4C:D2,-54,127,6.0,2.5,1.5
1784195863202,2026-07-16 11:57:43.202,C3:00:00:63:4D:04,-64,127,6.0,2.5,1.5
1784195863206,2026-07-16 11:57:43.206,C3:00:00:63:4D:05,-56,127,6.0,2.5,1.5
1784195863230,2026-07-16 11:57:43.230,C3:00:00:63:4D:08,-58,127,6.0,2.5,1.5
1784195863237,2026-07-16 11:57:43.237,C3:00:00:63:4D:0A,-66,127,6.0,2.5,1.5
1784195863248,2026-07-16 11:57:43.248,C3:00:00:63:4D:09,-61,127,6.0,2.5,1.5
1784195863296,2026-07-16 11:57:43.296,C3:00:00:63:4C:D2,-54,127,6.0,2.5,1.5
1784195863302,2026-07-16 11:57:43.302,C3:00:00:63:4D:0D,-60,127,6.0,2.5,1.5
1784195863314,2026-07-16 11:57:43.314,C3:00:00:63:4C:D2,-55,127,6.0,2.5,1.5
1784195863316,2026-07-16 11:57:43.316,C3:00:00:63:4D:04,-58,127,6.0,2.5,1.5
1784195863318,2026-07-16 11:57:43.318,C3:00:00:63:4D:05,-54,127,6.0,2.5,1.5
1784195863337,2026-07-16 11:57:43.337,C3:00:00:63:4D:08,-55,127,6.0,2.5,1.5
1784195863346,2026-07-16 11:57:43.346,C3:00:00:63:4D:0A,-58,127,6.0,2.5,1.5
1784195863366,2026-07-16 11:57:43.366,C3:00:00:63:4D:09,-60,127,6.0,2.5,1.5
1784195863424,2026-07-16 11:57:43.424,C3:00:00:63:4D:07,-62,127,6.0,2.5,1.5
1784195863429,2026-07-16 11:57:43.429,C3:00:00:63:4D:05,-56,127,6.0,2.5,1.5
1784195863436,2026-07-16 11:57:43.436,C3:00:00:63:4D:08,-61,127,6.0,2.5,1.5
1784195863439,2026-07-16 11:57:43.439,C3:00:00:63:4D:04,-56,127,6.0,2.5,1.5
1784195863452,2026-07-16 11:57:43.452,C3:00:00:63:4D:0A,-67,127,6.0,2.5,1.5
1784195863472,2026-07-16 11:57:43.472,C3:00:00:63:4D:09,-72,127,6.0,2.5,1.5
1784195863489,2026-07-16 11:57:43.489,C3:00:00:63:4D:0D,-62,127,6.0,2.5,1.5
1784195863522,2026-07-16 11:57:43.522,C3:00:00:63:4C:D2,-54,127,6.0,2.5,1.5
1784195863535,2026-07-16 11:57:43.535,C3:00:00:63:4D:07,-62,127,6.0,2.5,1.5
1784195863539,2026-07-16 11:57:43.539,C3:00:00:63:4D:04,-65,127,6.0,2.5,1.5
1784195863543,2026-07-16 11:57:43.543,C3:00:00:63:4D:05,-56,127,6.0,2.5,1.5
1784195863551,2026-07-16 11:57:43.551,C3:00:00:63:4D:0D,-62,127,6.0,2.5,1.5
1784195863554,2026-07-16 11:57:43.554,C3:00:00:63:4D:08,-58,127,6.0,2.5,1.5
1784195863560,2026-07-16 11:57:43.560,C3:00:00:63:4D:04,-58,127,6.0,2.5,1.5
1784195863584,2026-07-16 11:57:43.584,C3:00:00:63:4D:09,-61,127,6.0,2.5,1.5
1784195863639,2026-07-16 11:57:43.639,C3:00:00:63:4C:D2,-54,127,6.0,2.5,1.5
1784195863644,2026-07-16 11:57:43.644,C3:00:00:63:4D:05,-54,127,6.0,2.5,1.5
1784195863648,2026-07-16 11:57:43.648,C3:00:00:63:4D:07,-61,127,6.0,2.5,1.5
1784195863653,2026-07-16 11:57:43.653,C3:00:00:63:4D:0D,-69,127,6.0,2.5,1.5
1784195863668,2026-07-16 11:57:43.668,C3:00:00:63:4D:0A,-58,127,6.0,2.5,1.5
1784195863707,2026-07-16 11:57:43.707,C3:00:00:63:4D:09,-60,127,6.0,2.5,1.5
1784195863738,2026-07-16 11:57:43.738,C3:00:00:63:4D:08,-61,127,6.0,2.5,1.5
1784195863742,2026-07-16 11:57:43.742,C3:00:00:63:4C:D2,-66,127,6.0,2.5,1.5
1784195863758,2026-07-16 11:57:43.758,C3:00:00:63:4D:0A,-66,127,6.0,2.5,1.5
1784195863762,2026-07-16 11:57:43.762,C3:00:00:63:4D:05,-56,127,6.0,2.5,1.5
1784195863764,2026-07-16 11:57:43.764,C3:00:00:63:4D:0D,-61,127,6.0,2.5,1.5
1784195863781,2026-07-16 11:57:43.781,C3:00:00:63:4D:04,-64,127,6.0,2.5,1.5
1784195863811,2026-07-16 11:57:43.811,C3:00:00:63:4D:09,-72,127,6.0,2.5,1.5
1784195863822,2026-07-16 11:57:43.822,C3:00:00:63:4C:D2,-62,127,6.0,2.5,1.5
1784195863846,2026-07-16 11:57:43.846,C3:00:00:63:4D:09,-72,127,6.0,2.5,1.5
1784195863848,2026-07-16 11:57:43.848,C3:00:00:63:4D:08,-58,127,6.0,2.5,1.5
1784195863851,2026-07-16 11:57:43.851,C3:00:00:63:4C:D2,-54,127,6.0,2.5,1.5
1784195863856,2026-07-16 11:57:43.856,C3:00:00:63:4D:09,-62,127,6.0,2.5,1.5
1784195863864,2026-07-16 11:57:43.864,C3:00:00:63:4D:05,-54,127,6.0,2.5,1.5
1784195863873,2026-07-16 11:57:43.873,C3:00:00:63:4D:0D,-60,127,6.0,2.5,1.5
1784195863876,2026-07-16 11:57:43.876,C3:00:00:63:4D:07,-75,127,6.0,2.5,1.5
1784195863896,2026-07-16 11:57:43.896,C3:00:00:63:4D:04,-58,127,6.0,2.5,1.5
1784195863903,2026-07-16 11:57:43.903,C3:00:00:63:4D:0D,-60,127,6.0,2.5,1.5
1784195863934,2026-07-16 11:57:43.934,C3:00:00:63:4D:09,-62,127,6.0,2.5,1.5
1784195863940,2026-07-16 11:57:43.940,C3:00:00:63:4D:08,-55,127,6.0,2.5,1.5
1784195863982,2026-07-16 11:57:43.982,C3:00:00:63:4D:05,-54,127,6.0,2.5,1.5
1784195863989,2026-07-16 11:57:43.989,C3:00:00:63:4C:D2,-66,127,6.0,2.5,1.5
1784195863994,2026-07-16 11:57:43.994,C3:00:00:63:4D:07,-61,127,6.0,2.5,1.5
1784195864006,2026-07-16 11:57:44.006,C3:00:00:63:4D:0D,-69,127,6.0,2.5,1.5
1784195864008,2026-07-16 11:57:44.008,C3:00:00:63:4D:04,-56,127,6.0,2.5,1.5
1784195864020,2026-07-16 11:57:44.020,C3:00:00:63:4D:04,-56,127,6.0,2.5,1.5
1784195864077,2026-07-16 11:57:44.077,C3:00:00:63:4D:0A,-67,127,6.0,2.5,1.5
1784195864088,2026-07-16 11:57:44.088,C3:00:00:63:4D:05,-55,127,6.0,2.5,1.5
1784195864136,2026-07-16 11:57:44.136,C3:00:00:63:4D:08,-58,127,6.0,2.5,1.5
1784195864148,2026-07-16 11:57:44.148,C3:00:00:63:4D:09,-61,127,6.0,2.5,1.5
1784195864177,2026-07-16 11:57:44.177,C3:00:00:63:4D:0A,-75,127,6.0,2.5,1.5
1784195864211,2026-07-16 11:57:44.211,C3:00:00:63:4D:05,-54,127,6.0,2.5,1.5
1784195864270,2026-07-16 11:57:44.270,C3:00:00:63:4D:09,-60,127,6.0,2.5,1.5
1784195864304,2026-07-16 11:57:44.304,C3:00:00:63:4D:05,-54,127,6.0,2.5,1.5
1784195864313,2026-07-16 11:57:44.313,C3:00:00:63:4D:07,-61,127,6.0,2.5,1.5
1784195864337,2026-07-16 11:57:44.337,C3:00:00:63:4D:07,-61,127,6.0,2.5,1.5
1784195864340,2026-07-16 11:57:44.340,C3:00:00:63:4D:0D,-69,127,6.0,2.5,1.5
1784195864356,2026-07-16 11:57:44.356,C3:00:00:63:4D:04,-64,127,6.0,2.5,1.5
1784195864400,2026-07-16 11:57:44.400,C3:00:00:63:4D:08,-58,127,6.0,2.5,1.5
1784195864404,2026-07-16 11:57:44.404,C3:00:00:63:4D:04,-72,127,6.0,2.5,1.5
1784195864415,2026-07-16 11:57:44.415,C3:00:00:63:4D:05,-56,127,6.0,2.5,1.5
1784195864434,2026-07-16 11:57:44.434,C3:00:00:63:4D:08,-58,127,6.0,2.5,1.5
1784195864459,2026-07-16 11:57:44.459,C3:00:00:63:4D:07,-75,127,6.0,2.5,1.5
1784195864462,2026-07-16 11:57:44.462,C3:00:00:63:4D:0D,-60,127,6.0,2.5,1.5
1784195864471,2026-07-16 11:57:44.471,C3:00:00:63:4D:04,-58,127,6.0,2.5,1.5
1784195864511,2026-07-16 11:57:44.511,C3:00:00:63:4D:07,-75,127,6.0,2.5,1.5
1784195864542,2026-07-16 11:57:44.542,C3:00:00:63:4D:08,-60,127,6.0,2.5,1.5
1784195864570,2026-07-16 11:57:44.570,C3:00:00:63:4D:0D,-69,127,6.0,2.5,1.5
1784195864592,2026-07-16 11:57:44.592,C3:00:00:63:4D:04,-56,127,6.0,2.5,1.5
1784195864596,2026-07-16 11:57:44.596,C3:00:00:63:4D:0A,-58,127,6.0,2.5,1.5
1784195864602,2026-07-16 11:57:44.602,C3:00:00:63:4D:09,-60,127,6.0,2.5,1.5
1784195864643,2026-07-16 11:57:44.643,C3:00:00:63:4D:08,-60,127,6.0,2.5,1.5
1784195864647,2026-07-16 11:57:44.647,C3:00:00:63:4D:05,-54,127,6.0,2.5,1.5
1784195864663,2026-07-16 11:57:44.663,C3:00:00:63:4C:D2,-54,127,6.0,2.5,1.5
1784195864683,2026-07-16 11:57:44.683,C3:00:00:63:4D:07,-63,127,6.0,2.5,1.5
1784195864699,2026-07-16 11:57:44.699,C3:00:00:63:4D:04,-64,127,6.0,2.5,1.5
1784195864701,2026-07-16 11:57:44.701,C3:00:00:63:4D:0A,-66,127,6.0,2.5,1.5
1784195864716,2026-07-16 11:57:44.716,C3:00:00:63:4D:09,-72,127,6.0,2.5,1.5
1784195864728,2026-07-16 11:57:44.728,C3:00:00:63:4D:07,-62,127,6.0,2.5,1.5
1784195864737,2026-07-16 11:57:44.737,C3:00:00:63:4D:08,-58,127,6.0,2.5,1.5
1784195864745,2026-07-16 11:57:44.745,C3:00:00:63:4D:05,-54,127,6.0,2.5,1.5
1784195864753,2026-07-16 11:57:44.753,C3:00:00:63:4D:0D,-69,127,6.0,2.5,1.5
1784195864755,2026-07-16 11:57:44.755,C3:00:00:63:4C:D2,-54,127,6.0,2.5,1.5
1784195864796,2026-07-16 11:57:44.796,C3:00:00:63:4D:07,-75,127,6.0,2.5,1.5
1784195864806,2026-07-16 11:57:44.806,C3:00:00:63:4D:0D,-60,127,6.0,2.5,1.5
1784195864820,2026-07-16 11:57:44.820,C3:00:00:63:4D:04,-58,127,6.0,2.5,1.5
1784195864827,2026-07-16 11:57:44.827,C3:00:00:63:4D:09,-61,127,6.0,2.5,1.5
1784195864840,2026-07-16 11:57:44.840,C3:00:00:63:4D:08,-55,127,6.0,2.5,1.5
1784195864857,2026-07-16 11:57:44.857,C3:00:00:63:4D:05,-54,127,6.0,2.5,1.5
1784195864870,2026-07-16 11:57:44.870,C3:00:00:63:4C:D2,-66,127,6.0,2.5,1.5
1784195864900,2026-07-16 11:57:44.900,C3:00:00:63:4D:0A,-58,127,6.0,2.5,1.5
1784195864908,2026-07-16 11:57:44.908,C3:00:00:63:4D:07,-61,127,6.0,2.5,1.5
1784195864942,2026-07-16 11:57:44.942,C3:00:00:63:4D:08,-60,127,6.0,2.5,1.5
1784195864945,2026-07-16 11:57:44.945,C3:00:00:63:4D:09,-72,127,6.0,2.5,1.5
1784195864969,2026-07-16 11:57:44.969,C3:00:00:63:4D:05,-56,127,6.0,2.5,1.5
1784195864973,2026-07-16 11:57:44.973,C3:00:00:63:4C:D2,-54,127,6.0,2.5,1.5
1784195865015,2026-07-16 11:57:45.015,C3:00:00:63:4D:04,-64,127,6.0,2.5,1.5
1784195865030,2026-07-16 11:57:45.030,C3:00:00:63:4D:07,-63,127,6.0,2.5,1.5
1784195865035,2026-07-16 11:57:45.035,C3:00:00:63:4D:0D,-61,127,6.0,2.5,1.5
1784195865043,2026-07-16 11:57:45.043,C3:00:00:63:4D:04,-58,127,6.0,2.5,1.5
1784195865054,2026-07-16 11:57:45.054,C3:00:00:63:4D:0A,-76,127,6.0,2.5,1.5
1784195865079,2026-07-16 11:57:45.079,C3:00:00:63:4D:05,-54,127,6.0,2.5,1.5
1784195865086,2026-07-16 11:57:45.086,C3:00:00:63:4C:D2,-55,127,6.0,2.5,1.5
1784195865119,2026-07-16 11:57:45.119,C3:00:00:63:4D:0A,-76,127,6.0,2.5,1.5
1784195865147,2026-07-16 11:57:45.147,C3:00:00:63:4D:0D,-83,127,6.0,2.5,1.5
1784195865152,2026-07-16 11:57:45.152,C3:00:00:63:4D:05,-57,127,6.0,2.5,1.5
1784195865161,2026-07-16 11:57:45.161,C3:00:00:63:4D:04,-56,127,6.0,2.5,1.5
1784195865165,2026-07-16 11:57:45.165,C3:00:00:63:4D:09,-61,127,6.0,2.5,1.5
1784195865183,2026-07-16 11:57:45.183,C3:00:00:63:4D:05,-56,127,6.0,2.5,1.5
1784195865196,2026-07-16 11:57:45.196,C3:00:00:63:4C:D2,-65,127,6.0,2.5,1.5
1784195865222,2026-07-16 11:57:45.222,C3:00:00:63:4D:0A,-59,127,6.0,2.5,1.5
1784195865240,2026-07-16 11:57:45.240,C3:00:00:63:4D:08,-60,127,6.0,2.5,1.5
1784195865255,2026-07-16 11:57:45.255,C3:00:00:63:4D:07,-63,127,6.0,2.5,1.5
1784195865259,2026-07-16 11:57:45.259,C3:00:00:63:4D:0D,-61,127,6.0,2.5,1.5
1784195865269,2026-07-16 11:57:45.269,C3:00:00:63:4D:04,-64,127,6.0,2.5,1.5
1784195865277,2026-07-16 11:57:45.277,C3:00:00:63:4D:09,-72,127,6.0,2.5,1.5
1784195865289,2026-07-16 11:57:45.289,C3:00:00:63:4D:05,-55,127,6.0,2.5,1.5
1784195865305,2026-07-16 11:57:45.305,C3:00:00:63:4C:D2,-55,127,6.0,2.5,1.5
1784195865320,2026-07-16 11:57:45.320,C3:00:00:63:4D:0A,-67,127,6.0,2.5,1.5
1784195865323,2026-07-16 11:57:45.323,C3:00:00:63:4C:D2,-55,127,6.0,2.5,1.5
1784195865378,2026-07-16 11:57:45.378,C3:00:00:63:4D:07,-78,127,6.0,2.5,1.5
1784195865383,2026-07-16 11:57:45.383,C3:00:00:63:4D:0D,-60,127,6.0,2.5,1.5
1784195865388,2026-07-16 11:57:45.388,C3:00:00:63:4D:04,-58,127,6.0,2.5,1.5
1784195865400,2026-07-16 11:57:45.400,C3:00:00:63:4D:09,-61,127,6.0,2.5,1.5
1784195865419,2026-07-16 11:57:45.419,C3:00:00:63:4C:D2,-55,127,6.0,2.5,1.5
1784195865488,2026-07-16 11:57:45.488,C3:00:00:63:4D:07,-62,127,6.0,2.5,1.5
1784195865501,2026-07-16 11:57:45.501,C3:00:00:63:4D:04,-56,127,6.0,2.5,1.5
1784195865506,2026-07-16 11:57:45.506,C3:00:00:63:4D:09,-61,127,6.0,2.5,1.5
1784195865525,2026-07-16 11:57:45.525,C3:00:00:63:4D:05,-57,127,6.0,2.5,1.5
1784195865532,2026-07-16 11:57:45.532,C3:00:00:63:4C:D2,-65,127,6.0,2.5,1.5
1784195865535,2026-07-16 11:57:45.535,C3:00:00:63:4D:0A,-59,127,6.0,2.5,1.5
1784195865537,2026-07-16 11:57:45.537,C3:00:00:63:4D:08,-61,127,6.0,2.5,1.5
1784195865543,2026-07-16 11:57:45.543,C3:00:00:63:4D:04,-64,127,6.0,2.5,1.5
1784195865604,2026-07-16 11:57:45.604,C3:00:00:63:4D:07,-62,127,6.0,2.5,1.5
1784195865610,2026-07-16 11:57:45.610,C3:00:00:63:4D:0D,-62,127,6.0,2.5,1.5
1784195865617,2026-07-16 11:57:45.617,C3:00:00:63:4D:09,-72,127,6.0,2.5,1.5
1784195865622,2026-07-16 11:57:45.622,C3:00:00:63:4D:05,-55,127,6.0,2.5,1.5
1784195865633,2026-07-16 11:57:45.633,C3:00:00:63:4D:0A,-67,127,6.0,2.5,1.5
1784195865640,2026-07-16 11:57:45.640,C3:00:00:63:4D:08,-56,127,6.0,2.5,1.5
1784195865645,2026-07-16 11:57:45.645,C3:00:00:63:4C:D2,-55,127,6.0,2.5,1.5
1784195865733,2026-07-16 11:57:45.733,C3:00:00:63:4D:09,-61,127,6.0,2.5,1.5
1784195865737,2026-07-16 11:57:45.737,C3:00:00:63:4D:05,-54,127,6.0,2.5,1.5
1784195865758,2026-07-16 11:57:45.758,C3:00:00:63:4C:D2,-65,127,6.0,2.5,1.5
1784195865780,2026-07-16 11:57:45.780,C3:00:00:63:4D:09,-69,127,6.0,2.5,1.5
1784195865833,2026-07-16 11:57:45.833,C3:00:00:63:4D:07,-62,127,6.0,2.5,1.5
1784195865839,2026-07-16 11:57:45.839,C3:00:00:63:4D:0A,-58,127,6.0,2.5,1.5
1784195865925,2026-07-16 11:57:45.925,C3:00:00:63:4D:05,-64,127,6.0,2.5,1.5
1784195865929,2026-07-16 11:57:45.929,C3:00:00:63:4D:08,-56,127,6.0,2.5,1.5
1784195865948,2026-07-16 11:57:45.948,C3:00:00:63:4D:0D,-60,127,6.0,2.5,1.5
1784195865952,2026-07-16 11:57:45.952,C3:00:00:63:4D:07,-77,127,6.0,2.5,1.5
1784195865956,2026-07-16 11:57:45.956,C3:00:00:63:4D:05,-54,127,6.0,2.5,1.5
1784195865962,2026-07-16 11:57:45.962,C3:00:00:63:4D:09,-62,127,6.0,2.5,1.5
1784195865964,2026-07-16 11:57:45.964,C3:00:00:63:4D:04,-58,127,6.0,2.5,1.5
1784195865981,2026-07-16 11:57:45.981,C3:00:00:63:4C:D2,-55,127,6.0,2.5,1.5
1784195866041,2026-07-16 11:57:46.041,C3:00:00:63:4D:08,-55,127,6.0,2.5,1.5
1784195866062,2026-07-16 11:57:46.062,C3:00:00:63:4D:07,-62,127,6.0,2.5,1.5
1784195866067,2026-07-16 11:57:46.067,C3:00:00:63:4D:05,-57,127,6.0,2.5,1.5
1784195866076,2026-07-16 11:57:46.076,C3:00:00:63:4D:04,-56,127,6.0,2.5,1.5
1784195866092,2026-07-16 11:57:46.092,C3:00:00:63:4C:D2,-65,127,6.0,2.5,1.5
1784195866141,2026-07-16 11:57:46.141,C3:00:00:63:4D:08,-61,127,6.0,2.5,1.5
1784195866157,2026-07-16 11:57:46.157,C3:00:00:63:4D:0A,-67,127,6.0,2.5,1.5
1784195866172,2026-07-16 11:57:46.172,C3:00:00:63:4D:05,-56,127,6.0,2.5,1.5
1784195866184,2026-07-16 11:57:46.184,C3:00:00:63:4D:07,-63,127,6.0,2.5,1.5
1784195866196,2026-07-16 11:57:46.196,C3:00:00:63:4D:04,-64,127,6.0,2.5,1.5
1784195866200,2026-07-16 11:57:46.200,C3:00:00:63:4C:D2,-55,127,6.0,2.5,1.5
1784195866208,2026-07-16 11:57:46.208,C3:00:00:63:4D:05,-55,127,6.0,2.5,1.5
1784195866244,2026-07-16 11:57:46.244,C3:00:00:63:4D:08,-56,127,6.0,2.5,1.5
1784195866261,2026-07-16 11:57:46.261,C3:00:00:63:4D:0A,-75,127,6.0,2.5,1.5
1784195866292,2026-07-16 11:57:46.292,C3:00:00:63:4D:09,-61,127,6.0,2.5,1.5
1784195866319,2026-07-16 11:57:46.319,C3:00:00:63:4D:07,-77,127,6.0,2.5,1.5
1784195866359,2026-07-16 11:57:46.359,C3:00:00:63:4D:0A,-59,127,6.0,2.5,1.5
1784195866398,2026-07-16 11:57:46.398,C3:00:00:63:4D:05,-56,127,6.0,2.5,1.5
1784195866403,2026-07-16 11:57:46.403,C3:00:00:63:4D:07,-62,127,6.0,2.5,1.5
1784195866422,2026-07-16 11:57:46.422,C3:00:00:63:4D:04,-56,127,6.0,2.5,1.5
1784195866434,2026-07-16 11:57:46.434,C3:00:00:63:4C:D2,-65,127,6.0,2.5,1.5
1784195866466,2026-07-16 11:57:46.466,C3:00:00:63:4D:0A,-67,127,6.0,2.5,1.5
1784195866503,2026-07-16 11:57:46.503,C3:00:00:63:4D:05,-55,127,6.0,2.5,1.5
1784195866520,2026-07-16 11:57:46.520,C3:00:00:63:4D:09,-72,127,6.0,2.5,1.5
1784195866525,2026-07-16 11:57:46.525,C3:00:00:63:4D:0D,-61,127,6.0,2.5,1.5
1784195866533,2026-07-16 11:57:46.533,C3:00:00:63:4D:04,-64,127,6.0,2.5,1.5
1784195866537,2026-07-16 11:57:46.537,C3:00:00:63:4C:D2,-55,127,6.0,2.5,1.5
1784195866543,2026-07-16 11:57:46.543,C3:00:00:63:4D:07,-77,127,6.0,2.5,1.5
1784195866550,2026-07-16 11:57:46.550,C3:00:00:63:4D:08,-55,127,6.0,2.5,1.5
1784195866650,2026-07-16 11:57:46.650,C3:00:00:63:4C:D2,-64,127,6.0,2.5,1.5
1784195866655,2026-07-16 11:57:46.655,C3:00:00:63:4D:04,-56,127,6.0,2.5,1.5
1784195866671,2026-07-16 11:57:46.671,C3:00:00:63:4D:0A,-58,127,6.0,2.5,1.5
1784195866722,2026-07-16 11:57:46.722,C3:00:00:63:4D:05,-56,127,6.0,2.5,1.5
1784195866739,2026-07-16 11:57:46.739,C3:00:00:63:4D:08,-61,127,6.0,2.5,1.5
1784195866745,2026-07-16 11:57:46.745,C3:00:00:63:4D:09,-72,127,6.0,2.5,1.5
1784195866761,2026-07-16 11:57:46.761,C3:00:00:63:4C:D2,-55,127,6.0,2.5,1.5
1784195866763,2026-07-16 11:57:46.763,C3:00:00:63:4D:04,-64,127,6.0,2.5,1.5
1784195866776,2026-07-16 11:57:46.776,C3:00:00:63:4D:0A,-67,127,6.0,2.5,1.5
1784195866863,2026-07-16 11:57:46.863,C3:00:00:63:4D:0D,-60,127,6.0,2.5,1.5
1784195866885,2026-07-16 11:57:46.885,C3:00:00:63:4D:04,-58,127,6.0,2.5,1.5
1784195866937,2026-07-16 11:57:46.937,C3:00:00:63:4D:08,-54,127,6.0,2.5,1.5
1784195866975,2026-07-16 11:57:46.975,C3:00:00:63:4D:09,-61,127,6.0,2.5,1.5
1784195866983,2026-07-16 11:57:46.983,C3:00:00:63:4D:07,-62,127,6.0,2.5,1.5
1784195866986,2026-07-16 11:57:46.986,C3:00:00:63:4D:0D,-83,127,6.0,2.5,1.5
1784195866997,2026-07-16 11:57:46.997,C3:00:00:63:4C:D2,-65,127,6.0,2.5,1.5
1784195867034,2026-07-16 11:57:47.034,C3:00:00:63:4D:08,-61,127,6.0,2.5,1.5
1784195867057,2026-07-16 11:57:47.057,C3:00:00:63:4D:05,-55,127,6.0,2.5,1.5
1784195867090,2026-07-16 11:57:47.090,C3:00:00:63:4D:07,-63,127,6.0,2.5,1.5
1784195867095,2026-07-16 11:57:47.095,C3:00:00:63:4D:0D,-61,127,6.0,2.5,1.5
1784195867105,2026-07-16 11:57:47.105,C3:00:00:63:4C:D2,-55,127,6.0,2.5,1.5
1784195867120,2026-07-16 11:57:47.120,C3:00:00:63:4D:04,-63,127,6.0,2.5,1.5
1784195867134,2026-07-16 11:57:47.134,C3:00:00:63:4D:08,-56,127,6.0,2.5,1.5
1784195867185,2026-07-16 11:57:47.185,C3:00:00:63:4D:05,-54,127,6.0,2.5,1.5
1784195867203,2026-07-16 11:57:47.203,C3:00:00:63:4D:09,-61,127,6.0,2.5,1.5
1784195867210,2026-07-16 11:57:47.210,C3:00:00:63:4D:07,-78,127,6.0,2.5,1.5
1784195867216,2026-07-16 11:57:47.216,C3:00:00:63:4D:0D,-60,127,6.0,2.5,1.5
1784195867218,2026-07-16 11:57:47.218,C3:00:00:63:4C:D2,-56,127,6.0,2.5,1.5
1784195867225,2026-07-16 11:57:47.225,C3:00:00:63:4D:04,-58,127,6.0,2.5,1.5
1784195867272,2026-07-16 11:57:47.272,C3:00:00:63:4D:05,-56,127,6.0,2.5,1.5
1784195867294,2026-07-16 11:57:47.294,C3:00:00:63:4D:0A,-59,127,6.0,2.5,1.5
1784195867323,2026-07-16 11:57:47.323,C3:00:00:63:4D:07,-62,127,6.0,2.5,1.5
1784195867328,2026-07-16 11:57:47.328,C3:00:00:63:4C:D2,-65,127,6.0,2.5,1.5
1784195867335,2026-07-16 11:57:47.335,C3:00:00:63:4D:0D,-82,127,6.0,2.5,1.5
1784195867337,2026-07-16 11:57:47.337,C3:00:00:63:4D:08,-61,127,6.0,2.5,1.5
1784195867342,2026-07-16 11:57:47.342,C3:00:00:63:4D:04,-64,127,6.0,2.5,1.5
1784195867348,2026-07-16 11:57:47.348,C3:00:00:63:4C:D2,-55,127,6.0,2.5,1.5
1784195867385,2026-07-16 11:57:47.385,C3:00:00:63:4D:05,-55,127,6.0,2.5,1.5
1784195867402,2026-07-16 11:57:47.402,C3:00:00:63:4D:0A,-67,127,6.0,2.5,1.5
1784195867434,2026-07-16 11:57:47.434,C3:00:00:63:4D:08,-55,127,6.0,2.5,1.5
1784195867436,2026-07-16 11:57:47.436,C3:00:00:63:4C:D2,-55,127,6.0,2.5,1.5
1784195867443,2026-07-16 11:57:47.443,C3:00:00:63:4D:0D,-60,127,6.0,2.5,1.5
1784195867461,2026-07-16 11:57:47.461,C3:00:00:63:4D:04,-58,127,6.0,2.5,1.5
1784195867490,2026-07-16 11:57:47.490,C3:00:00:63:4D:05,-54,127,6.0,2.5,1.5
1784195867502,2026-07-16 11:57:47.502,C3:00:00:63:4D:0A,-74,127,6.0,2.5,1.5
1784195867536,2026-07-16 11:57:47.536,C3:00:00:63:4D:08,-55,127,6.0,2.5,1.5
1784195867542,2026-07-16 11:57:47.542,C3:00:00:63:4D:09,-61,127,6.0,2.5,1.5
1784195867546,2026-07-16 11:57:47.546,C3:00:00:63:4D:04,-56,127,6.0,2.5,1.5
1784195867550,2026-07-16 11:57:47.550,C3:00:00:63:4C:D2,-65,127,6.0,2.5,1.5
1784195867560,2026-07-16 11:57:47.560,C3:00:00:63:4D:07,-62,127,6.0,2.5,1.5
1784195867574,2026-07-16 11:57:47.574,C3:00:00:63:4D:04,-56,127,6.0,2.5,1.5
1784195867605,2026-07-16 11:57:47.605,C3:00:00:63:4D:0A,-59,127,6.0,2.5,1.5
1784195867607,2026-07-16 11:57:47.607,C3:00:00:63:4D:05,-56,127,6.0,2.5,1.5
1784195867680,2026-07-16 11:57:47.680,C3:00:00:63:4D:08,-64,127,6.0,2.5,1.5
1784195867684,2026-07-16 11:57:47.684,C3:00:00:63:4D:04,-64,127,6.0,2.5,1.5
1784195867707,2026-07-16 11:57:47.707,C3:00:00:63:4D:0A,-67,127,6.0,2.5,1.5
1784195867710,2026-07-16 11:57:47.710,C3:00:00:63:4D:05,-55,127,6.0,2.5,1.5
1784195867765,2026-07-16 11:57:47.765,C3:00:00:63:4D:09,-61,127,6.0,2.5,1.5
1784195867767,2026-07-16 11:57:47.767,C3:00:00:63:4C:D2,-55,127,6.0,2.5,1.5
1784195867787,2026-07-16 11:57:47.787,C3:00:00:63:4D:0D,-60,127,6.0,2.5,1.5
1784195867790,2026-07-16 11:57:47.790,C3:00:00:63:4D:07,-78,127,6.0,2.5,1.5
1784195867805,2026-07-16 11:57:47.805,C3:00:00:63:4D:04,-58,127,6.0,2.5,1.5
1784195867824,2026-07-16 11:57:47.824,C3:00:00:63:4D:05,-54,127,6.0,2.5,1.5
1784195867829,2026-07-16 11:57:47.829,C3:00:00:63:4C:D2,-62,127,6.0,2.5,1.5
1784195867831,2026-07-16 11:57:47.831,C3:00:00:63:4D:08,-55,127,6.0,2.5,1.5
1784195867863,2026-07-16 11:57:47.863,C3:00:00:63:4D:09,-61,127,6.0,2.5,1.5
1784195867906,2026-07-16 11:57:47.906,C3:00:00:63:4D:09,-61,127,6.0,2.5,1.5
1784195867926,2026-07-16 11:57:47.926,C3:00:00:63:4D:0A,-59,127,6.0,2.5,1.5
1784195867934,2026-07-16 11:57:47.934,C3:00:00:63:4D:08,-61,127,6.0,2.5,1.5
1784195867944,2026-07-16 11:57:47.944,C3:00:00:63:4D:05,-56,127,6.0,2.5,1.5
1784195867992,2026-07-16 11:57:47.992,C3:00:00:63:4C:D2,-55,127,6.0,2.5,1.5
1784195867995,2026-07-16 11:57:47.995,C3:00:00:63:4D:09,-72,127,6.0,2.5,1.5
1784195868001,2026-07-16 11:57:48.001,C3:00:00:63:4D:04,-64,127,6.0,2.5,1.5
1784195868016,2026-07-16 11:57:48.016,C3:00:00:63:4D:07,-63,127,6.0,2.5,1.5
1784195868019,2026-07-16 11:57:48.019,C3:00:00:63:4D:0D,-61,127,6.0,2.5,1.5
1784195868027,2026-07-16 11:57:48.027,C3:00:00:63:4D:0A,-67,127,6.0,2.5,1.5
1784195868034,2026-07-16 11:57:48.034,C3:00:00:63:4D:04,-64,127,6.0,2.5,1.5
1784195868035,2026-07-16 11:57:48.035,C3:00:00:63:4D:08,-56,127,6.0,2.5,1.5
1784195868040,2026-07-16 11:57:48.040,C3:00:00:63:4D:05,-55,127,6.0,2.5,1.5
1784195868099,2026-07-16 11:57:48.099,C3:00:00:63:4D:09,-61,127,6.0,2.5,1.5
1784195868127,2026-07-16 11:57:48.127,C3:00:00:63:4D:07,-78,127,6.0,2.5,1.5
1784195868129,2026-07-16 11:57:48.129,C3:00:00:63:4D:0A,-76,127,6.0,2.5,1.5
1784195868132,2026-07-16 11:57:48.132,C3:00:00:63:4D:08,-55,127,6.0,2.5,1.5
1784195868135,2026-07-16 11:57:48.135,C3:00:00:63:4D:0D,-60,127,6.0,2.5,1.5
1784195868149,2026-07-16 11:57:48.149,C3:00:00:63:4D:04,-56,127,6.0,2.5,1.5
1784195868214,2026-07-16 11:57:48.214,C3:00:00:63:4D:05,-57,127,6.0,2.5,1.5
1784195868224,2026-07-16 11:57:48.224,C3:00:00:63:4C:D2,-65,127,6.0,2.5,1.5
1784195868235,2026-07-16 11:57:48.235,C3:00:00:63:4D:0A,-59,127,6.0,2.5,1.5
1784195868247,2026-07-16 11:57:48.247,C3:00:00:63:4D:0D,-61,127,6.0,2.5,1.5
1784195868249,2026-07-16 11:57:48.249,C3:00:00:63:4D:07,-63,127,6.0,2.5,1.5
1784195868258,2026-07-16 11:57:48.258,C3:00:00:63:4D:04,-64,127,6.0,2.5,1.5
1784195868267,2026-07-16 11:57:48.267,C3:00:00:63:4D:05,-55,127,6.0,2.5,1.5
1784195868324,2026-07-16 11:57:48.324,C3:00:00:63:4D:07,-63,127,6.0,2.5,1.5
1784195868329,2026-07-16 11:57:48.329,C3:00:00:63:4C:D2,-55,127,6.0,2.5,1.5
1784195868332,2026-07-16 11:57:48.332,C3:00:00:63:4D:08,-56,127,6.0,2.5,1.5
1784195868336,2026-07-16 11:57:48.336,C3:00:00:63:4D:0A,-67,127,6.0,2.5,1.5
1784195868354,2026-07-16 11:57:48.354,C3:00:00:63:4D:07,-78,127,6.0,2.5,1.5
1784195868364,2026-07-16 11:57:48.364,C3:00:00:63:4D:0D,-60,127,6.0,2.5,1.5
1784195868373,2026-07-16 11:57:48.373,C3:00:00:63:4D:05,-54,127,6.0,2.5,1.5
1784195868380,2026-07-16 11:57:48.380,C3:00:00:63:4D:04,-58,127,6.0,2.5,1.5
1784195868410,2026-07-16 11:57:48.410,C3:00:00:63:4D:08,-55,127,6.0,2.5,1.5
1784195868422,2026-07-16 11:57:48.422,C3:00:00:63:4D:04,-64,127,6.0,2.5,1.5
1784195868430,2026-07-16 11:57:48.430,C3:00:00:63:4D:08,-55,127,6.0,2.5,1.5
1784195868439,2026-07-16 11:57:48.439,C3:00:00:63:4C:D2,-63,127,6.0,2.5,1.5
1784195868477,2026-07-16 11:57:48.477,C3:00:00:63:4D:07,-62,127,6.0,2.5,1.5
1784195868528,2026-07-16 11:57:48.528,C3:00:00:63:4D:08,-61,127,6.0,2.5,1.5
1784195868530,2026-07-16 11:57:48.530,C3:00:00:63:4D:07,-63,127,6.0,2.5,1.5
1784195868539,2026-07-16 11:57:48.539,C3:00:00:63:4D:0A,-67,127,6.0,2.5,1.5
1784195868549,2026-07-16 11:57:48.549,C3:00:00:63:4D:09,-72,127,6.0,2.5,1.5
1784195868555,2026-07-16 11:57:48.555,C3:00:00:63:4D:08,-56,127,6.0,2.5,1.5
1784195868588,2026-07-16 11:57:48.588,C3:00:00:63:4D:07,-63,127,6.0,2.5,1.5
1784195868591,2026-07-16 11:57:48.591,C3:00:00:63:4D:0D,-61,127,6.0,2.5,1.5
1784195868600,2026-07-16 11:57:48.600,C3:00:00:63:4D:05,-55,127,6.0,2.5,1.5
1784195868614,2026-07-16 11:57:48.614,C3:00:00:63:4D:04,-64,127,6.0,2.5,1.5
1784195868636,2026-07-16 11:57:48.636,C3:00:00:63:4D:08,-56,127,6.0,2.5,1.5
1784195868665,2026-07-16 11:57:48.665,C3:00:00:63:4C:D2,-55,127,6.0,2.5,1.5
1784195868681,2026-07-16 11:57:48.681,C3:00:00:63:4C:D2,-55,127,6.0,2.5,1.5
1784195868700,2026-07-16 11:57:48.700,C3:00:00:63:4D:05,-55,127,6.0,2.5,1.5
1784195868713,2026-07-16 11:57:48.713,C3:00:00:63:4D:0D,-60,127,6.0,2.5,1.5
1784195868732,2026-07-16 11:57:48.732,C3:00:00:63:4D:08,-55,127,6.0,2.5,1.5
1784195868735,2026-07-16 11:57:48.735,C3:00:00:63:4D:07,-78,127,6.0,2.5,1.5
1784195868750,2026-07-16 11:57:48.750,C3:00:00:63:4D:0A,-59,127,6.0,2.5,1.5
1784195868755,2026-07-16 11:57:48.755,C3:00:00:63:4D:0D,-91,127,6.0,2.5,1.5
1784195868822,2026-07-16 11:57:48.822,C3:00:00:63:4D:0D,-86,127,6.0,2.5,1.5
1784195868824,2026-07-16 11:57:48.824,C3:00:00:63:4D:07,-62,127,6.0,2.5,1.5
1784195868829,2026-07-16 11:57:48.829,C3:00:00:63:4D:08,-61,127,6.0,2.5,1.5
1784195868850,2026-07-16 11:57:48.850,C3:00:00:63:4D:0A,-67,127,6.0,2.5,1.5
1784195868888,2026-07-16 11:57:48.888,C3:00:00:63:4C:D2,-55,127,6.0,2.5,1.5
1784195868897,2026-07-16 11:57:48.897,C3:00:00:63:4D:09,-72,127,6.0,2.5,1.5
1784195868933,2026-07-16 11:57:48.933,C3:00:00:63:4D:08,-56,127,6.0,2.5,1.5
1784195868937,2026-07-16 11:57:48.937,C3:00:00:63:4D:0D,-61,127,6.0,2.5,1.5
1784195868952,2026-07-16 11:57:48.952,C3:00:00:63:4D:04,-58,127,6.0,2.5,1.5
1784195868957,2026-07-16 11:57:48.957,C3:00:00:63:4D:0D,-61,127,6.0,2.5,1.5
1784195868963,2026-07-16 11:57:48.963,C3:00:00:63:4D:0A,-76,127,6.0,2.5,1.5
1784195868994,2026-07-16 11:57:48.994,C3:00:00:63:4D:0A,-76,127,6.0,2.5,1.5
1784195869004,2026-07-16 11:57:49.004,C3:00:00:63:4C:D2,-55,127,6.0,2.5,1.5
1784195869007,2026-07-16 11:57:49.007,C3:00:00:63:4D:09,-61,127,6.0,2.5,1.5
1784195869013,2026-07-16 11:57:49.013,C3:00:00:63:4D:04,-58,127,6.0,2.5,1.5
1784195869032,2026-07-16 11:57:49.032,C3:00:00:63:4D:05,-54,127,6.0,2.5,1.5
1784195869038,2026-07-16 11:57:49.038,C3:00:00:63:4D:08,-54,127,6.0,2.5,1.5
1784195869051,2026-07-16 11:57:49.051,C3:00:00:63:4D:07,-62,127,6.0,2.5,1.5
1784195869063,2026-07-16 11:57:49.063,C3:00:00:63:4D:0A,-59,127,6.0,2.5,1.5
1784195869064,2026-07-16 11:57:49.064,C3:00:00:63:4D:04,-56,127,6.0,2.5,1.5
1784195869079,2026-07-16 11:57:49.079,C3:00:00:63:4D:0A,-59,127,6.0,2.5,1.5
1784195869115,2026-07-16 11:57:49.115,C3:00:00:63:4C:D2,-65,127,6.0,2.5,1.5
1784195869120,2026-07-16 11:57:49.120,C3:00:00:63:4D:09,-61,127,6.0,2.5,1.5
1784195869133,2026-07-16 11:57:49.133,C3:00:00:63:4D:08,-61,127,6.0,2.5,1.5
1784195869190,2026-07-16 11:57:49.190,C3:00:00:63:4D:0A,-73,127,6.0,2.5,1.5
1784195869228,2026-07-16 11:57:49.228,C3:00:00:63:4D:09,-72,127,6.0,2.5,1.5
1784195869231,2026-07-16 11:57:49.231,C3:00:00:63:4C:D2,-54,127,6.0,2.5,1.5
1784195869237,2026-07-16 11:57:49.237,C3:00:00:63:4D:08,-58,127,6.0,2.5,1.5
1784195869253,2026-07-16 11:57:49.253,C3:00:00:63:4D:05,-54,127,6.0,2.5,1.5
1784195869286,2026-07-16 11:57:49.286,C3:00:00:63:4D:0D,-60,127,6.0,2.5,1.5
1784195869292,2026-07-16 11:57:49.292,C3:00:00:63:4D:04,-58,127,6.0,2.5,1.5
1784195869333,2026-07-16 11:57:49.333,C3:00:00:63:4D:08,-55,127,6.0,2.5,1.5
1784195869339,2026-07-16 11:57:49.339,C3:00:00:63:4C:D2,-54,127,6.0,2.5,1.5
1784195869356,2026-07-16 11:57:49.356,C3:00:00:63:4C:D2,-66,127,6.0,2.5,1.5
1784195869362,2026-07-16 11:57:49.362,C3:00:00:63:4D:05,-54,127,6.0,2.5,1.5
1784195869380,2026-07-16 11:57:49.380,C3:00:00:63:4D:0A,-58,127,6.0,2.5,1.5
1784195869398,2026-07-16 11:57:49.398,C3:00:00:63:4D:07,-61,127,6.0,2.5,1.5
1784195869404,2026-07-16 11:57:49.404,C3:00:00:63:4D:0D,-69,127,6.0,2.5,1.5
1784195869412,2026-07-16 11:57:49.412,C3:00:00:63:4D:04,-55,127,6.0,2.5,1.5
1784195869438,2026-07-16 11:57:49.438,C3:00:00:63:4D:08,-60,127,6.0,2.5,1.5
1784195869455,2026-07-16 11:57:49.455,C3:00:00:63:4C:D2,-54,127,6.0,2.5,1.5
1784195869464,2026-07-16 11:57:49.464,C3:00:00:63:4D:09,-72,127,6.0,2.5,1.5
1784195869497,2026-07-16 11:57:49.497,C3:00:00:63:4D:0D,-62,127,6.0,2.5,1.5
1784195869509,2026-07-16 11:57:49.509,C3:00:00:63:4D:07,-62,127,6.0,2.5,1.5
1784195869521,2026-07-16 11:57:49.521,C3:00:00:63:4D:0D,-61,127,6.0,2.5,1.5
1784195869532,2026-07-16 11:57:49.532,C3:00:00:63:4D:08,-56,127,6.0,2.5,1.5
1784195869537,2026-07-16 11:57:49.537,C3:00:00:63:4D:04,-63,127,6.0,2.5,1.5
1784195869555,2026-07-16 11:57:49.555,C3:00:00:63:4D:04,-58,127,6.0,2.5,1.5
1784195869564,2026-07-16 11:57:49.564,C3:00:00:63:4C:D2,-55,127,6.0,2.5,1.5
1784195869578,2026-07-16 11:57:49.578,C3:00:00:63:4D:09,-62,127,6.0,2.5,1.5
1784195869588,2026-07-16 11:57:49.588,C3:00:00:63:4D:05,-54,127,6.0,2.5,1.5
1784195869592,2026-07-16 11:57:49.592,C3:00:00:63:4D:0A,-76,127,6.0,2.5,1.5
1784195869635,2026-07-16 11:57:49.635,C3:00:00:63:4D:0D,-60,127,6.0,2.5,1.5
1784195869647,2026-07-16 11:57:49.647,C3:00:00:63:4D:04,-56,127,6.0,2.5,1.5
1784195869679,2026-07-16 11:57:49.679,C3:00:00:63:4C:D2,-65,127,6.0,2.5,1.5
1784195869694,2026-07-16 11:57:49.694,C3:00:00:63:4D:09,-61,127,6.0,2.5,1.5
1784195869696,2026-07-16 11:57:49.696,C3:00:00:63:4D:0A,-58,127,6.0,2.5,1.5
1784195869701,2026-07-16 11:57:49.701,C3:00:00:63:4D:05,-56,127,6.0,2.5,1.5
1784195869736,2026-07-16 11:57:49.736,C3:00:00:63:4D:08,-61,127,6.0,2.5,1.5
1784195869755,2026-07-16 11:57:49.755,C3:00:00:63:4D:04,-64,127,6.0,2.5,1.5
1784195869784,2026-07-16 11:57:49.784,C3:00:00:63:4D:09,-80,127,6.0,2.5,1.5
1784195869787,2026-07-16 11:57:49.787,C3:00:00:63:4C:D2,-56,127,6.0,2.5,1.5
1784195869800,2026-07-16 11:57:49.800,C3:00:00:63:4D:05,-55,127,6.0,2.5,1.5
1784195869805,2026-07-16 11:57:49.805,C3:00:00:63:4D:09,-72,127,6.0,2.5,1.5
1784195869830,2026-07-16 11:57:49.830,C3:00:00:63:4D:08,-56,127,6.0,2.5,1.5
1784195869858,2026-07-16 11:57:49.858,C3:00:00:63:4D:07,-78,127,6.0,2.5,1.5
1784195869875,2026-07-16 11:57:49.875,C3:00:00:63:4D:04,-58,127,6.0,2.5,1.5
1784195869892,2026-07-16 11:57:49.892,C3:00:00:63:4D:0A,-76,127,6.0,2.5,1.5
1784195869899,2026-07-16 11:57:49.899,C3:00:00:63:4C:D2,-55,127,6.0,2.5,1.5
1784195869915,2026-07-16 11:57:49.915,C3:00:00:63:4D:05,-53,127,6.0,2.5,1.5
1784195869934,2026-07-16 11:57:49.934,C3:00:00:63:4D:05,-61,127,6.0,2.5,1.5
1784195869967,2026-07-16 11:57:49.967,C3:00:00:63:4D:07,-62,127,6.0,2.5,1.5
1784195869997,2026-07-16 11:57:49.997,C3:00:00:63:4D:0A,-59,127,6.0,2.5,1.5
1784195870007,2026-07-16 11:57:50.007,C3:00:00:63:4D:04,-56,127,6.0,2.5,1.5
1784195870039,2026-07-16 11:57:50.039,C3:00:00:63:4C:D2,-65,127,6.0,2.5,1.5
1784195870043,2026-07-16 11:57:50.043,C3:00:00:63:4D:08,-61,127,6.0,2.5,1.5
1784195870090,2026-07-16 11:57:50.090,C3:00:00:63:4D:07,-62,127,6.0,2.5,1.5
1784195870094,2026-07-16 11:57:50.094,C3:00:00:63:4D:0D,-61,127,6.0,2.5,1.5
1784195870098,2026-07-16 11:57:50.098,C3:00:00:63:4D:0A,-67,127,6.0,2.5,1.5
1784195870104,2026-07-16 11:57:50.104,C3:00:00:63:4D:04,-63,127,6.0,2.5,1.5
1784195870119,2026-07-16 11:57:50.119,C3:00:00:63:4C:D2,-55,127,6.0,2.5,1.5
1784195870141,2026-07-16 11:57:50.141,C3:00:00:63:4D:09,-61,127,6.0,2.5,1.5
1784195870206,2026-07-16 11:57:50.206,C3:00:00:63:4D:07,-77,127,6.0,2.5,1.5
1784195870211,2026-07-16 11:57:50.211,C3:00:00:63:4D:0D,-60,127,6.0,2.5,1.5
1784195870216,2026-07-16 11:57:50.216,C3:00:00:63:4D:0A,-76,127,6.0,2.5,1.5
1784195870227,2026-07-16 11:57:50.227,C3:00:00:63:4D:04,-58,127,6.0,2.5,1.5
1784195870233,2026-07-16 11:57:50.233,C3:00:00:63:4D:08,-55,127,6.0,2.5,1.5
1784195870239,2026-07-16 11:57:50.239,C3:00:00:63:4D:05,-54,127,6.0,2.5,1.5
1784195870241,2026-07-16 11:57:50.241,C3:00:00:63:4C:D2,-65,127,6.0,2.5,1.5
1784195870249,2026-07-16 11:57:50.249,C3:00:00:63:4D:09,-61,127,6.0,2.5,1.5
1784195870346,2026-07-16 11:57:50.346,C3:00:00:63:4C:D2,-54,127,6.0,2.5,1.5
1784195870351,2026-07-16 11:57:50.351,C3:00:00:63:4D:05,-56,127,6.0,2.5,1.5
1784195870416,2026-07-16 11:57:50.416,C3:00:00:63:4D:0A,-66,127,6.0,2.5,1.5
1784195870423,2026-07-16 11:57:50.423,C3:00:00:63:4D:08,-56,127,6.0,2.5,1.5
1784195870436,2026-07-16 11:57:50.436,C3:00:00:63:4D:07,-62,127,6.0,2.5,1.5
1784195870441,2026-07-16 11:57:50.441,C3:00:00:63:4D:0D,-62,127,6.0,2.5,1.5
1784195870473,2026-07-16 11:57:50.473,C3:00:00:63:4D:09,-61,127,6.0,2.5,1.5
1784195870518,2026-07-16 11:57:50.518,C3:00:00:63:4D:0A,-74,127,6.0,2.5,1.5
1784195870536,2026-07-16 11:57:50.536,C3:00:00:63:4D:08,-55,127,6.0,2.5,1.5
1784195870539,2026-07-16 11:57:50.539,C3:00:00:63:4D:0A,-74,127,6.0,2.5,1.5
1784195870542,2026-07-16 11:57:50.542,C3:00:00:63:4D:05,-54,127,6.0,2.5,1.5
1784195870546,2026-07-16 11:57:50.546,C3:00:00:63:4D:07,-61,127,6.0,2.5,1.5
1784195870550,2026-07-16 11:57:50.550,C3:00:00:63:4D:0D,-70,127,6.0,2.5,1.5
1784195870563,2026-07-16 11:57:50.563,C3:00:00:63:4D:07,-61,127,6.0,2.5,1.5
1784195870571,2026-07-16 11:57:50.571,C3:00:00:63:4C:D2,-66,127,6.0,2.5,1.5
1784195870577,2026-07-16 11:57:50.577,C3:00:00:63:4D:05,-54,127,6.0,2.5,1.5
1784195870627,2026-07-16 11:57:50.627,C3:00:00:63:4D:0A,-58,127,6.0,2.5,1.5
1784195870637,2026-07-16 11:57:50.637,C3:00:00:63:4D:08,-60,127,6.0,2.5,1.5
1784195870665,2026-07-16 11:57:50.665,C3:00:00:63:4D:0D,-62,127,6.0,2.5,1.5
1784195870678,2026-07-16 11:57:50.678,C3:00:00:63:4D:04,-64,127,6.0,2.5,1.5
1784195870683,2026-07-16 11:57:50.683,C3:00:00:63:4C:D2,-54,127,6.0,2.5,1.5
1784195870696,2026-07-16 11:57:50.696,C3:00:00:63:4D:09,-71,127,6.0,2.5,1.5
1784195870776,2026-07-16 11:57:50.776,C3:00:00:63:4D:0D,-60,127,6.0,2.5,1.5
1784195870779,2026-07-16 11:57:50.779,C3:00:00:63:4D:07,-79,127,6.0,2.5,1.5
1784195870788,2026-07-16 11:57:50.788,C3:00:00:63:4D:04,-58,127,6.0,2.5,1.5
1784195870800,2026-07-16 11:57:50.800,C3:00:00:63:4C:D2,-55,127,6.0,2.5,1.5
1784195870810,2026-07-16 11:57:50.810,C3:00:00:63:4D:09,-61,127,6.0,2.5,1.5
1784195870831,2026-07-16 11:57:50.831,C3:00:00:63:4D:0A,-75,127,6.0,2.5,1.5
1784195870892,2026-07-16 11:57:50.892,C3:00:00:63:4D:07,-62,127,6.0,2.5,1.5
1784195870931,2026-07-16 11:57:50.931,C3:00:00:63:4D:09,-61,127,6.0,2.5,1.5
1784195870934,2026-07-16 11:57:50.934,C3:00:00:63:4D:08,-61,127,6.0,2.5,1.5
1784195870999,2026-07-16 11:57:50.999,C3:00:00:63:4D:0A,-67,127,6.0,2.5,1.5
1784195871006,2026-07-16 11:57:51.006,C3:00:00:63:4D:07,-62,127,6.0,2.5,1.5
1784195871018,2026-07-16 11:57:51.018,C3:00:00:63:4D:05,-55,127,6.0,2.5,1.5
1784195871023,2026-07-16 11:57:51.023,C3:00:00:63:4C:D2,-55,127,6.0,2.5,1.5
1784195871025,2026-07-16 11:57:51.025,C3:00:00:63:4D:04,-63,127,6.0,2.5,1.5
1784195871035,2026-07-16 11:57:51.035,C3:00:00:63:4D:08,-56,127,6.0,2.5,1.5
1784195871075,2026-07-16 11:57:51.075,C3:00:00:63:4D:0A,-74,127,6.0,2.5,1.5
1784195871122,2026-07-16 11:57:51.122,C3:00:00:63:4D:0D,-61,127,6.0,2.5,1.5
1784195871127,2026-07-16 11:57:51.127,C3:00:00:63:4D:05,-54,127,6.0,2.5,1.5
1784195871164,2026-07-16 11:57:51.164,C3:00:00:63:4D:09,-61,127,6.0,2.5,1.5
1784195871189,2026-07-16 11:57:51.189,C3:00:00:63:4D:05,-57,127,6.0,2.5,1.5
1784195871237,2026-07-16 11:57:51.237,C3:00:00:63:4D:07,-62,127,6.0,2.5,1.5
1784195871240,2026-07-16 11:57:51.240,C3:00:00:63:4D:0D,-86,127,6.0,2.5,1.5
1784195871246,2026-07-16 11:57:51.246,C3:00:00:63:4C:D2,-55,127,6.0,2.5,1.5
1784195871258,2026-07-16 11:57:51.258,C3:00:00:63:4D:04,-63,127,6.0,2.5,1.5
1784195871260,2026-07-16 11:57:51.260,C3:00:00:63:4D:0A,-66,127,6.0,2.5,1.5
1784195871271,2026-07-16 11:57:51.271,C3:00:00:63:4D:09,-72,127,6.0,2.5,1.5
1784195871334,2026-07-16 11:57:51.334,C3:00:00:63:4D:08,-56,127,6.0,2.5,1.5
1784195871347,2026-07-16 11:57:51.347,C3:00:00:63:4D:05,-54,127,6.0,2.5,1.5
1784195871353,2026-07-16 11:57:51.353,C3:00:00:63:4D:0D,-59,127,6.0,2.5,1.5
1784195871363,2026-07-16 11:57:51.363,C3:00:00:63:4D:04,-58,127,6.0,2.5,1.5
1784195871369,2026-07-16 11:57:51.369,C3:00:00:63:4C:D2,-55,127,6.0,2.5,1.5
1784195871440,2026-07-16 11:57:51.440,C3:00:00:63:4D:08,-55,127,6.0,2.5,1.5
1784195871458,2026-07-16 11:57:51.458,C3:00:00:63:4D:05,-56,127,6.0,2.5,1.5
1784195871462,2026-07-16 11:57:51.462,C3:00:00:63:4D:0A,-58,127,6.0,2.5,1.5
1784195871468,2026-07-16 11:57:51.468,C3:00:00:63:4D:0D,-83,127,6.0,2.5,1.5
1784195871482,2026-07-16 11:57:51.482,C3:00:00:63:4D:04,-55,127,6.0,2.5,1.5
1784195871494,2026-07-16 11:57:51.494,C3:00:00:63:4D:09,-61,127,6.0,2.5,1.5
1784195871538,2026-07-16 11:57:51.538,C3:00:00:63:4D:08,-61,127,6.0,2.5,1.5
1784195871564,2026-07-16 11:57:51.564,C3:00:00:63:4D:0A,-67,127,6.0,2.5,1.5
1784195871567,2026-07-16 11:57:51.567,C3:00:00:63:4D:04,-64,127,6.0,2.5,1.5
1784195871583,2026-07-16 11:57:51.583,C3:00:00:63:4C:D2,-55,127,6.0,2.5,1.5
1784195871601,2026-07-16 11:57:51.601,C3:00:00:63:4D:04,-63,127,6.0,2.5,1.5
1784195871629,2026-07-16 11:57:51.629,C3:00:00:63:4D:08,-56,127,6.0,2.5,1.5
1784195871663,2026-07-16 11:57:51.663,C3:00:00:63:4D:0A,-74,127,6.0,2.5,1.5
1784195871690,2026-07-16 11:57:51.690,C3:00:00:63:4C:D2,-55,127,6.0,2.5,1.5
1784195871695,2026-07-16 11:57:51.695,C3:00:00:63:4D:08,-62,127,6.0,2.5,1.5
1784195871700,2026-07-16 11:57:51.700,C3:00:00:63:4D:07,-79,127,6.0,2.5,1.5
1784195871705,2026-07-16 11:57:51.705,C3:00:00:63:4D:0D,-61,127,6.0,2.5,1.5
1784195871714,2026-07-16 11:57:51.714,C3:00:00:63:4D:04,-58,127,6.0,2.5,1.5
1784195871718,2026-07-16 11:57:51.718,C3:00:00:63:4D:09,-62,127,6.0,2.5,1.5
1784195871807,2026-07-16 11:57:51.807,C3:00:00:63:4C:D2,-66,127,6.0,2.5,1.5
1784195871835,2026-07-16 11:57:51.835,C3:00:00:63:4D:09,-61,127,6.0,2.5,1.5
1784195871840,2026-07-16 11:57:51.840,C3:00:00:63:4D:08,-61,127,6.0,2.5,1.5
1784195871846,2026-07-16 11:57:51.846,C3:00:00:63:4C:D2,-62,127,6.0,2.5,1.5
1784195871866,2026-07-16 11:57:51.866,C3:00:00:63:4D:0A,-67,127,6.0,2.5,1.5
1784195871888,2026-07-16 11:57:51.888,C3:00:00:63:4D:05,-55,127,6.0,2.5,1.5
1784195871912,2026-07-16 11:57:51.912,C3:00:00:63:4D:09,-73,127,6.0,2.5,1.5
1784195871915,2026-07-16 11:57:51.915,C3:00:00:63:4D:0D,-61,127,6.0,2.5,1.5
1784195871919,2026-07-16 11:57:51.919,C3:00:00:63:4C:D2,-55,127,6.0,2.5,1.5
1784195871927,2026-07-16 11:57:51.927,C3:00:00:63:4D:08,-56,127,6.0,2.5,1.5
1784195871945,2026-07-16 11:57:51.945,C3:00:00:63:4D:09,-62,127,6.0,2.5,1.5
1784195871951,2026-07-16 11:57:51.951,C3:00:00:63:4D:04,-58,127,6.0,2.5,1.5
1784195871978,2026-07-16 11:57:51.978,C3:00:00:63:4D:0A,-75,127,6.0,2.5,1.5
1784195872010,2026-07-16 11:57:52.010,C3:00:00:63:4D:04,-58,127,6.0,2.5,1.5
1784195872035,2026-07-16 11:57:52.035,C3:00:00:63:4C:D2,-55,127,6.0,2.5,1.5
1784195872043,2026-07-16 11:57:52.043,C3:00:00:63:4D:08,-55,127,6.0,2.5,1.5
1784195872047,2026-07-16 11:57:52.047,C3:00:00:63:4D:07,-62,127,6.0,2.5,1.5
1784195872053,2026-07-16 11:57:52.053,C3:00:00:63:4D:04,-56,127,6.0,2.5,1.5
1784195872055,2026-07-16 11:57:52.055,C3:00:00:63:4D:09,-61,127,6.0,2.5,1.5
1784195872118,2026-07-16 11:57:52.118,C3:00:00:63:4D:05,-56,127,6.0,2.5,1.5
1784195872137,2026-07-16 11:57:52.137,C3:00:00:63:4D:08,-61,127,6.0,2.5,1.5
1784195872158,2026-07-16 11:57:52.158,C3:00:00:63:4D:07,-63,127,6.0,2.5,1.5
1784195872186,2026-07-16 11:57:52.186,C3:00:00:63:4D:0A,-66,127,6.0,2.5,1.5
1784195872224,2026-07-16 11:57:52.224,C3:00:00:63:4D:05,-56,127,6.0,2.5,1.5
1784195872240,2026-07-16 11:57:52.240,C3:00:00:63:4D:08,-58,127,6.0,2.5,1.5
1784195872244,2026-07-16 11:57:52.244,C3:00:00:63:4D:05,-54,127,6.0,2.5,1.5
1784195872250,2026-07-16 11:57:52.250,C3:00:00:63:4C:D2,-55,127,6.0,2.5,1.5
1784195872286,2026-07-16 11:57:52.286,C3:00:00:63:4D:09,-61,127,6.0,2.5,1.5
1784195872290,2026-07-16 11:57:52.290,C3:00:00:63:4D:04,-59,127,6.0,2.5,1.5
1784195872333,2026-07-16 11:57:52.333,C3:00:00:63:4D:05,-54,127,6.0,2.5,1.5
1784195872372,2026-07-16 11:57:52.372,C3:00:00:63:4C:D2,-65,127,6.0,2.5,1.5
1784195872389,2026-07-16 11:57:52.389,C3:00:00:63:4D:0A,-59,127,6.0,2.5,1.5
1784195872430,2026-07-16 11:57:52.430,C3:00:00:63:4D:04,-63,127,6.0,2.5,1.5
1784195872451,2026-07-16 11:57:52.451,C3:00:00:63:4D:05,-55,127,6.0,2.5,1.5
1784195872455,2026-07-16 11:57:52.455,C3:00:00:63:4D:07,-70,127,6.0,2.5,1.5
1784195872459,2026-07-16 11:57:52.459,C3:00:00:63:4D:08,-57,127,6.0,2.5,1.5
1784195872476,2026-07-16 11:57:52.476,C3:00:00:63:4C:D2,-55,127,6.0,2.5,1.5
1784195872505,2026-07-16 11:57:52.505,C3:00:00:63:4D:0D,-61,127,6.0,2.5,1.5
1784195872522,2026-07-16 11:57:52.522,C3:00:00:63:4D:04,-63,127,6.0,2.5,1.5
1784195872539,2026-07-16 11:57:52.539,C3:00:00:63:4D:08,-57,127,6.0,2.5,1.5
1784195872556,2026-07-16 11:57:52.556,C3:00:00:63:4D:05,-54,127,6.0,2.5,1.5
1784195872560,2026-07-16 11:57:52.560,C3:00:00:63:4D:07,-78,127,6.0,2.5,1.5
1784195872567,2026-07-16 11:57:52.567,C3:00:00:63:4D:08,-54,127,6.0,2.5,1.5
1784195872588,2026-07-16 11:57:52.588,C3:00:00:63:4C:D2,-55,127,6.0,2.5,1.5
1784195872601,2026-07-16 11:57:52.601,C3:00:00:63:4D:0A,-72,127,6.0,2.5,1.5
1784195872615,2026-07-16 11:57:52.615,C3:00:00:63:4D:07,-81,127,6.0,2.5,1.5
1784195872625,2026-07-16 11:57:52.625,C3:00:00:63:4D:09,-61,127,6.0,2.5,1.5
1784195872638,2026-07-16 11:57:52.638,C3:00:00:63:4D:08,-54,127,6.0,2.5,1.5
1784195872641,2026-07-16 11:57:52.641,C3:00:00:63:4D:04,-58,127,6.0,2.5,1.5
1784195872694,2026-07-16 11:57:52.694,C3:00:00:63:4C:D2,-65,127,6.0,2.5,1.5
1784195872704,2026-07-16 11:57:52.704,C3:00:00:63:4D:0A,-60,127,6.0,2.5,1.5
1784195872731,2026-07-16 11:57:52.731,C3:00:00:63:4D:07,-62,127,6.0,2.5,1.5
1784195872737,2026-07-16 11:57:52.737,C3:00:00:63:4D:09,-61,127,6.0,2.5,1.5
1784195872756,2026-07-16 11:57:52.756,C3:00:00:63:4D:07,-63,127,6.0,2.5,1.5
1784195872767,2026-07-16 11:57:52.767,C3:00:00:63:4D:0D,-70,127,6.0,2.5,1.5
1784195872809,2026-07-16 11:57:52.809,C3:00:00:63:4C:D2,-55,127,6.0,2.5,1.5
1784195872863,2026-07-16 11:57:52.863,C3:00:00:63:4D:04,-58,127,6.0,2.5,1.5
1784195872882,2026-07-16 11:57:52.882,C3:00:00:63:4D:05,-54,127,6.0,2.5,1.5
1784195872911,2026-07-16 11:57:52.911,C3:00:00:63:4D:0A,-72,127,6.0,2.5,1.5
1784195872933,2026-07-16 11:57:52.933,C3:00:00:63:4C:D2,-55,127,6.0,2.5,1.5
1784195872970,2026-07-16 11:57:52.970,C3:00:00:63:4D:09,-61,127,6.0,2.5,1.5
1784195872975,2026-07-16 11:57:52.975,C3:00:00:63:4D:04,-56,127,6.0,2.5,1.5
1784195872982,2026-07-16 11:57:52.982,C3:00:00:63:4D:0D,-80,127,6.0,2.5,1.5
1784195872995,2026-07-16 11:57:52.995,C3:00:00:63:4D:05,-56,127,6.0,2.5,1.5
1784195873024,2026-07-16 11:57:53.024,C3:00:00:63:4D:04,-56,127,6.0,2.5,1.5
1784195873045,2026-07-16 11:57:53.045,C3:00:00:63:4C:D2,-66,127,6.0,2.5,1.5
1784195873070,2026-07-16 11:57:53.070,C3:00:00:63:4D:07,-62,127,6.0,2.5,1.5
1784195873095,2026-07-16 11:57:53.095,C3:00:00:63:4D:04,-63,127,6.0,2.5,1.5
1784195873099,2026-07-16 11:57:53.099,C3:00:00:63:4D:05,-55,127,6.0,2.5,1.5
1784195873123,2026-07-16 11:57:53.123,C3:00:00:63:4D:0A,-66,127,6.0,2.5,1.5
1784195873138,2026-07-16 11:57:53.138,C3:00:00:63:4D:08,-56,127,6.0,2.5,1.5
1784195873153,2026-07-16 11:57:53.153,C3:00:00:63:4C:D2,-55,127,6.0,2.5,1.5
1784195873170,2026-07-16 11:57:53.170,C3:00:00:63:4D:0A,-82,127,6.0,2.5,1.5
1784195873187,2026-07-16 11:57:53.187,C3:00:00:63:4D:09,-60,127,6.0,2.5,1.5
1784195873191,2026-07-16 11:57:53.191,C3:00:00:63:4D:0D,-60,127,6.0,2.5,1.5
1784195873194,2026-07-16 11:57:53.194,C3:00:00:63:4D:07,-77,127,6.0,2.5,1.5
1784195873202,2026-07-16 11:57:53.202,C3:00:00:63:4D:04,-58,127,6.0,2.5,1.5
1784195873228,2026-07-16 11:57:53.228,C3:00:00:63:4D:0A,-81,127,6.0,2.5,1.5
1784195873236,2026-07-16 11:57:53.236,C3:00:00:63:4D:08,-54,127,6.0,2.5,1.5
1784195873259,2026-07-16 11:57:53.259,C3:00:00:63:4C:D2,-65,127,6.0,2.5,1.5
1784195873302,2026-07-16 11:57:53.302,C3:00:00:63:4D:09,-61,127,6.0,2.5,1.5
1784195873306,2026-07-16 11:57:53.306,C3:00:00:63:4D:07,-62,127,6.0,2.5,1.5
1784195873322,2026-07-16 11:57:53.322,C3:00:00:63:4D:04,-56,127,6.0,2.5,1.5
1784195873330,2026-07-16 11:57:53.330,C3:00:00:63:4D:0A,-59,127,6.0,2.5,1.5
1784195873341,2026-07-16 11:57:53.341,C3:00:00:63:4D:08,-60,127,6.0,2.5,1.5
1784195873382,2026-07-16 11:57:53.382,C3:00:00:63:4C:D2,-55,127,6.0,2.5,1.5
1784195873419,2026-07-16 11:57:53.419,C3:00:00:63:4D:09,-72,127,6.0,2.5,1.5
1784195873424,2026-07-16 11:57:53.424,C3:00:00:63:4D:07,-63,127,6.0,2.5,1.5
1784195873428,2026-07-16 11:57:53.428,C3:00:00:63:4D:0D,-61,127,6.0,2.5,1.5
1784195873435,2026-07-16 11:57:53.435,C3:00:00:63:4D:08,-59,127,6.0,2.5,1.5
1784195873438,2026-07-16 11:57:53.438,C3:00:00:63:4D:05,-55,127,6.0,2.5,1.5
1784195873483,2026-07-16 11:57:53.483,C3:00:00:63:4C:D2,-55,127,6.0,2.5,1.5
1784195873526,2026-07-16 11:57:53.526,C3:00:00:63:4D:09,-62,127,6.0,2.5,1.5
1784195873535,2026-07-16 11:57:53.535,C3:00:00:63:4D:0A,-77,127,6.0,2.5,1.5
1784195873540,2026-07-16 11:57:53.540,C3:00:00:63:4D:07,-80,127,6.0,2.5,1.5
1784195873543,2026-07-16 11:57:53.543,C3:00:00:63:4D:0D,-78,127,6.0,2.5,1.5
1784195873546,2026-07-16 11:57:53.546,C3:00:00:63:4D:05,-56,127,6.0,2.5,1.5
1784195873582,2026-07-16 11:57:53.582,C3:00:00:63:4D:04,-56,127,6.0,2.5,1.5
1784195873636,2026-07-16 11:57:53.636,C3:00:00:63:4D:08,-61,127,6.0,2.5,1.5
1784195873647,2026-07-16 11:57:53.647,C3:00:00:63:4D:07,-62,127,6.0,2.5,1.5
1784195873672,2026-07-16 11:57:53.672,C3:00:00:63:4D:04,-64,127,6.0,2.5,1.5
1784195873705,2026-07-16 11:57:53.705,C3:00:00:63:4C:D2,-55,127,6.0,2.5,1.5
1784195873735,2026-07-16 11:57:53.735,C3:00:00:63:4D:08,-56,127,6.0,2.5,1.5
1784195873744,2026-07-16 11:57:53.744,C3:00:00:63:4D:0A,-75,127,6.0,2.5,1.5
1784195873787,2026-07-16 11:57:53.787,C3:00:00:63:4D:04,-57,127,6.0,2.5,1.5
1784195873795,2026-07-16 11:57:53.795,C3:00:00:63:4D:09,-69,127,6.0,2.5,1.5
1784195873818,2026-07-16 11:57:53.818,C3:00:00:63:4C:D2,-55,127,6.0,2.5,1.5
1784195873833,2026-07-16 11:57:53.833,C3:00:00:63:4D:08,-54,127,6.0,2.5,1.5
1784195873851,2026-07-16 11:57:53.851,C3:00:00:63:4D:0A,-58,127,6.0,2.5,1.5
1784195873877,2026-07-16 11:57:53.877,C3:00:00:63:4D:05,-56,127,6.0,2.5,1.5
1784195873883,2026-07-16 11:57:53.883,C3:00:00:63:4D:07,-62,127,6.0,2.5,1.5
1784195873887,2026-07-16 11:57:53.887,C3:00:00:63:4D:0D,-78,127,6.0,2.5,1.5
1784195873903,2026-07-16 11:57:53.903,C3:00:00:63:4D:04,-56,127,6.0,2.5,1.5
1784195873907,2026-07-16 11:57:53.907,C3:00:00:63:4D:09,-61,127,6.0,2.5,1.5
1784195873930,2026-07-16 11:57:53.930,C3:00:00:63:4D:09,-61,127,6.0,2.5,1.5
1784195873935,2026-07-16 11:57:53.935,C3:00:00:63:4D:08,-61,127,6.0,2.5,1.5
1784195873940,2026-07-16 11:57:53.940,C3:00:00:63:4C:D2,-66,127,6.0,2.5,1.5
1784195873949,2026-07-16 11:57:53.949,C3:00:00:63:4D:0A,-65,127,6.0,2.5,1.5
1784195873982,2026-07-16 11:57:53.982,C3:00:00:63:4D:05,-55,127,6.0,2.5,1.5
1784195873985,2026-07-16 11:57:53.985,C3:00:00:63:4D:09,-70,127,6.0,2.5,1.5
1784195873997,2026-07-16 11:57:53.997,C3:00:00:63:4D:0D,-60,127,6.0,2.5,1.5
1784195874007,2026-07-16 11:57:54.007,C3:00:00:63:4D:04,-65,127,6.0,2.5,1.5
1784195874012,2026-07-16 11:57:54.012,C3:00:00:63:4C:D2,-55,127,6.0,2.5,1.5
1784195874032,2026-07-16 11:57:54.032,C3:00:00:63:4D:08,-55,127,6.0,2.5,1.5
1784195874045,2026-07-16 11:57:54.045,C3:00:00:63:4C:D2,-54,127,6.0,2.5,1.5
1784195874060,2026-07-16 11:57:54.060,C3:00:00:63:4D:0A,-70,127,6.0,2.5,1.5
1784195874095,2026-07-16 11:57:54.095,C3:00:00:63:4D:09,-61,127,6.0,2.5,1.5
1784195874110,2026-07-16 11:57:54.110,C3:00:00:63:4D:07,-78,127,6.0,2.5,1.5
1784195874128,2026-07-16 11:57:54.128,C3:00:00:63:4D:04,-58,127,6.0,2.5,1.5
1784195874135,2026-07-16 11:57:54.135,C3:00:00:63:4D:08,-54,127,6.0,2.5,1.5
1784195874165,2026-07-16 11:57:54.165,C3:00:00:63:4D:0A,-59,127,6.0,2.5,1.5
1784195874200,2026-07-16 11:57:54.200,C3:00:00:63:4D:05,-56,127,6.0,2.5,1.5
1784195874228,2026-07-16 11:57:54.228,C3:00:00:63:4D:07,-62,127,6.0,2.5,1.5
1784195874232,2026-07-16 11:57:54.232,C3:00:00:63:4D:0D,-80,127,6.0,2.5,1.5
1784195874236,2026-07-16 11:57:54.236,C3:00:00:63:4D:08,-60,127,6.0,2.5,1.5
1784195874260,2026-07-16 11:57:54.260,C3:00:00:63:4D:0A,-66,127,6.0,2.5,1.5
1784195874263,2026-07-16 11:57:54.263,C3:00:00:63:4D:05,-55,127,6.0,2.5,1.5
1784195874273,2026-07-16 11:57:54.273,C3:00:00:63:4C:D2,-55,127,6.0,2.5,1.5
1784195874316,2026-07-16 11:57:54.316,C3:00:00:63:4D:05,-55,127,6.0,2.5,1.5
1784195874320,2026-07-16 11:57:54.320,C3:00:00:63:4D:09,-74,127,6.0,2.5,1.5
1784195874326,2026-07-16 11:57:54.326,C3:00:00:63:4D:08,-56,127,6.0,2.5,1.5
1784195874355,2026-07-16 11:57:54.355,C3:00:00:63:4D:07,-78,127,6.0,2.5,1.5
1784195874368,2026-07-16 11:57:54.368,C3:00:00:63:4D:0A,-77,127,6.0,2.5,1.5
1784195874383,2026-07-16 11:57:54.383,C3:00:00:63:4C:D2,-54,127,6.0,2.5,1.5
1784195874429,2026-07-16 11:57:54.429,C3:00:00:63:4D:09,-61,127,6.0,2.5,1.5
1784195874470,2026-07-16 11:57:54.470,C3:00:00:63:4D:0A,-58,127,6.0,2.5,1.5
1784195874478,2026-07-16 11:57:54.478,C3:00:00:63:4D:04,-56,127,6.0,2.5,1.5
1784195874532,2026-07-16 11:57:54.532,C3:00:00:63:4D:08,-59,127,6.0,2.5,1.5
1784195874558,2026-07-16 11:57:54.558,C3:00:00:63:4D:05,-56,127,6.0,2.5,1.5
1784195874561,2026-07-16 11:57:54.561,C3:00:00:63:4D:08,-59,127,6.0,2.5,1.5
1784195874592,2026-07-16 11:57:54.592,C3:00:00:63:4D:07,-62,127,6.0,2.5,1.5
1784195874632,2026-07-16 11:57:54.632,C3:00:00:63:4D:08,-56,127,6.0,2.5,1.5
1784195874644,2026-07-16 11:57:54.644,C3:00:00:63:4D:05,-54,127,6.0,2.5,1.5
1784195874664,2026-07-16 11:57:54.664,C3:00:00:63:4D:09,-62,127,6.0,2.5,1.5
1784195874683,2026-07-16 11:57:54.683,C3:00:00:63:4D:0D,-60,127,6.0,2.5,1.5
1784195874701,2026-07-16 11:57:54.701,C3:00:00:63:4D:04,-58,127,6.0,2.5,1.5
1784195874716,2026-07-16 11:57:54.716,C3:00:00:63:4C:D2,-55,127,6.0,2.5,1.5
1784195874732,2026-07-16 11:57:54.732,C3:00:00:63:4D:08,-55,127,6.0,2.5,1.5
1784195874767,2026-07-16 11:57:54.767,C3:00:00:63:4D:09,-61,127,6.0,2.5,1.5
1784195874787,2026-07-16 11:57:54.787,C3:00:00:63:4D:0A,-58,127,6.0,2.5,1.5
1784195874799,2026-07-16 11:57:54.799,C3:00:00:63:4D:0D,-79,127,6.0,2.5,1.5
1784195874835,2026-07-16 11:57:54.835,C3:00:00:63:4C:D2,-64,127,6.0,2.5,1.5
1784195874868,2026-07-16 11:57:54.868,C3:00:00:63:4D:05,-55,127,6.0,2.5,1.5
1784195874889,2026-07-16 11:57:54.889,C3:00:00:63:4D:09,-71,127,6.0,2.5,1.5
1784195874893,2026-07-16 11:57:54.893,C3:00:00:63:4D:0A,-66,127,6.0,2.5,1.5
1784195874914,2026-07-16 11:57:54.914,C3:00:00:63:4D:0D,-61,127,6.0,2.5,1.5
1784195874933,2026-07-16 11:57:54.933,C3:00:00:63:4D:04,-63,127,6.0,2.5,1.5
1784195874937,2026-07-16 11:57:54.937,C3:00:00:63:4C:D2,-55,127,6.0,2.5,1.5
1784195874954,2026-07-16 11:57:54.954,C3:00:00:63:4D:0D,-60,127,6.0,2.5,1.5
1784195874974,2026-07-16 11:57:54.974,C3:00:00:63:4D:05,-54,127,6.0,2.5,1.5
1784195874994,2026-07-16 11:57:54.994,C3:00:00:63:4D:0A,-78,127,6.0,2.5,1.5
1784195875035,2026-07-16 11:57:55.035,C3:00:00:63:4D:08,-55,127,6.0,2.5,1.5
1784195875054,2026-07-16 11:57:55.054,C3:00:00:63:4C:D2,-65,127,6.0,2.5,1.5
1784195875088,2026-07-16 11:57:55.088,C3:00:00:63:4D:05,-57,127,6.0,2.5,1.5
1784195875103,2026-07-16 11:57:55.103,C3:00:00:63:4D:0A,-59,127,6.0,2.5,1.5
1784195875112,2026-07-16 11:57:55.112,C3:00:00:63:4D:09,-61,127,6.0,2.5,1.5
1784195875124,2026-07-16 11:57:55.124,C3:00:00:63:4D:0A,-59,127,6.0,2.5,1.5
1784195875136,2026-07-16 11:57:55.136,C3:00:00:63:4D:08,-59,127,6.0,2.5,1.5
1784195875147,2026-07-16 11:57:55.147,C3:00:00:63:4D:09,-72,127,6.0,2.5,1.5
1784195875188,2026-07-16 11:57:55.188,C3:00:00:63:4D:05,-55,127,6.0,2.5,1.5
1784195875197,2026-07-16 11:57:55.197,C3:00:00:63:4D:0A,-68,127,6.0,2.5,1.5
1784195875207,2026-07-16 11:57:55.207,C3:00:00:63:4D:05,-56,127,6.0,2.5,1.5
1784195875231,2026-07-16 11:57:55.231,C3:00:00:63:4D:09,-76,127,6.0,2.5,1.5
1784195875239,2026-07-16 11:57:55.239,C3:00:00:63:4D:08,-57,127,6.0,2.5,1.5
1784195875264,2026-07-16 11:57:55.264,C3:00:00:63:4D:0D,-61,127,6.0,2.5,1.5
1784195875278,2026-07-16 11:57:55.278,C3:00:00:63:4C:D2,-54,127,6.0,2.5,1.5
1784195875284,2026-07-16 11:57:55.284,C3:00:00:63:4D:04,-58,127,6.0,2.5,1.5
1784195875303,2026-07-16 11:57:55.303,C3:00:00:63:4D:0A,-72,127,6.0,2.5,1.5
1784195875308,2026-07-16 11:57:55.308,C3:00:00:63:4D:05,-54,127,6.0,2.5,1.5
1784195875330,2026-07-16 11:57:55.330,C3:00:00:63:4D:08,-55,127,6.0,2.5,1.5
1784195875336,2026-07-16 11:57:55.336,C3:00:00:63:4D:09,-61,127,6.0,2.5,1.5
1784195875374,2026-07-16 11:57:55.374,C3:00:00:63:4C:D2,-64,127,6.0,2.5,1.5
1784195875398,2026-07-16 11:57:55.398,C3:00:00:63:4C:D2,-65,127,6.0,2.5,1.5
1784195875442,2026-07-16 11:57:55.442,C3:00:00:63:4D:08,-60,127,6.0,2.5,1.5
1784195875487,2026-07-16 11:57:55.487,C3:00:00:63:4D:07,-62,127,6.0,2.5,1.5
1784195875493,2026-07-16 11:57:55.493,C3:00:00:63:4D:0D,-60,127,6.0,2.5,1.5
1784195875506,2026-07-16 11:57:55.506,C3:00:00:63:4D:04,-63,127,6.0,2.5,1.5
1784195875511,2026-07-16 11:57:55.511,C3:00:00:63:4C:D2,-55,127,6.0,2.5,1.5
1784195875517,2026-07-16 11:57:55.517,C3:00:00:63:4D:0D,-61,127,6.0,2.5,1.5
1784195875524,2026-07-16 11:57:55.524,C3:00:00:63:4D:05,-55,127,6.0,2.5,1.5
1784195875532,2026-07-16 11:57:55.532,C3:00:00:63:4D:08,-56,127,6.0,2.5,1.5
1784195875594,2026-07-16 11:57:55.594,C3:00:00:63:4D:04,-58,127,6.0,2.5,1.5
1784195875607,2026-07-16 11:57:55.607,C3:00:00:63:4D:0D,-61,127,6.0,2.5,1.5
1784195875612,2026-07-16 11:57:55.612,C3:00:00:63:4D:07,-76,127,6.0,2.5,1.5
1784195875624,2026-07-16 11:57:55.624,C3:00:00:63:4C:D2,-55,127,6.0,2.5,1.5
1784195875627,2026-07-16 11:57:55.627,C3:00:00:63:4D:04,-58,127,6.0,2.5,1.5
1784195875633,2026-07-16 11:57:55.633,C3:00:00:63:4D:08,-55,127,6.0,2.5,1.5
1784195875635,2026-07-16 11:57:55.635,C3:00:00:63:4D:05,-54,127,6.0,2.5,1.5
1784195875690,2026-07-16 11:57:55.690,C3:00:00:63:4D:08,-69,127,6.0,2.5,1.5
1784195875724,2026-07-16 11:57:55.724,C3:00:00:63:4C:D2,-66,127,6.0,2.5,1.5
1784195875729,2026-07-16 11:57:55.729,C3:00:00:63:4D:0A,-58,127,6.0,2.5,1.5
1784195875743,2026-07-16 11:57:55.743,C3:00:00:63:4D:04,-56,127,6.0,2.5,1.5
1784195875747,2026-07-16 11:57:55.747,C3:00:00:63:4D:05,-54,127,6.0,2.5,1.5
1784195875825,2026-07-16 11:57:55.825,C3:00:00:63:4D:0A,-66,127,6.0,2.5,1.5
1784195875832,2026-07-16 11:57:55.832,C3:00:00:63:4D:08,-54,127,6.0,2.5,1.5
1784195875835,2026-07-16 11:57:55.835,C3:00:00:63:4C:D2,-55,127,6.0,2.5,1.5
1784195875846,2026-07-16 11:57:55.846,C3:00:00:63:4D:0D,-60,127,6.0,2.5,1.5
1784195875852,2026-07-16 11:57:55.852,C3:00:00:63:4D:04,-58,127,6.0,2.5,1.5
1784195875854,2026-07-16 11:57:55.854,C3:00:00:63:4D:05,-54,127,6.0,2.5,1.5
1784195875859,2026-07-16 11:57:55.859,C3:00:00:63:4C:D2,-62,127,6.0,2.5,1.5
1784195875910,2026-07-16 11:57:55.910,C3:00:00:63:4D:09,-61,127,6.0,2.5,1.5
1784195875934,2026-07-16 11:57:55.934,C3:00:00:63:4D:0A,-75,127,6.0,2.5,1.5
1784195875939,2026-07-16 11:57:55.939,C3:00:00:63:4D:09,-62,127,6.0,2.5,1.5
1784195875948,2026-07-16 11:57:55.948,C3:00:00:63:4D:07,-61,127,6.0,2.5,1.5
1784195875965,2026-07-16 11:57:55.965,C3:00:00:63:4D:04,-56,127,6.0,2.5,1.5
1784195876013,2026-07-16 11:57:56.013,C3:00:00:63:4D:04,-55,127,6.0,2.5,1.5
1784195876019,2026-07-16 11:57:56.019,C3:00:00:63:4D:09,-60,127,6.0,2.5,1.5
1784195876035,2026-07-16 11:57:56.035,C3:00:00:63:4C:D2,-67,127,6.0,2.5,1.5
1784195876038,2026-07-16 11:57:56.038,C3:00:00:63:4D:08,-60,127,6.0,2.5,1.5
1784195876040,2026-07-16 11:57:56.040,C3:00:00:63:4D:0A,-58,127,6.0,2.5,1.5
1784195876061,2026-07-16 11:57:56.061,C3:00:00:63:4D:07,-62,127,6.0,2.5,1.5
1784195876074,2026-07-16 11:57:56.074,C3:00:00:63:4D:0D,-63,127,6.0,2.5,1.5
1784195876079,2026-07-16 11:57:56.079,C3:00:00:63:4D:05,-58,127,6.0,2.5,1.5
1784195876085,2026-07-16 11:57:56.085,C3:00:00:63:4D:04,-65,127,6.0,2.5,1.5
1784195876139,2026-07-16 11:57:56.139,C3:00:00:63:4D:08,-58,127,6.0,2.5,1.5
1784195876176,2026-07-16 11:57:56.176,C3:00:00:63:4C:D2,-54,127,6.0,2.5,1.5
1784195876180,2026-07-16 11:57:56.180,C3:00:00:63:4D:07,-78,127,6.0,2.5,1.5
1784195876196,2026-07-16 11:57:56.196,C3:00:00:63:4D:04,-58,127,6.0,2.5,1.5
1784195876238,2026-07-16 11:57:56.238,C3:00:00:63:4D:0A,-77,127,6.0,2.5,1.5
1784195876243,2026-07-16 11:57:56.243,C3:00:00:63:4D:09,-61,127,6.0,2.5,1.5
1784195876281,2026-07-16 11:57:56.281,C3:00:00:63:4D:05,-56,127,6.0,2.5,1.5
1784195876289,2026-07-16 11:57:56.289,C3:00:00:63:4C:D2,-65,127,6.0,2.5,1.5
1784195876302,2026-07-16 11:57:56.302,C3:00:00:63:4D:05,-56,127,6.0,2.5,1.5
1784195876310,2026-07-16 11:57:56.310,C3:00:00:63:4D:04,-56,127,6.0,2.5,1.5
1784195876333,2026-07-16 11:57:56.333,C3:00:00:63:4D:08,-61,127,6.0,2.5,1.5
1784195876344,2026-07-16 11:57:56.344,C3:00:00:63:4D:0A,-65,127,6.0,2.5,1.5
1784195876352,2026-07-16 11:57:56.352,C3:00:00:63:4D:07,-63,127,6.0,2.5,1.5
1784195876405,2026-07-16 11:57:56.405,C3:00:00:63:4D:05,-56,127,6.0,2.5,1.5
1784195876415,2026-07-16 11:57:56.415,C3:00:00:63:4D:0D,-67,127,6.0,2.5,1.5
1784195876431,2026-07-16 11:57:56.431,C3:00:00:63:4D:08,-56,127,6.0,2.5,1.5
1784195876442,2026-07-16 11:57:56.442,C3:00:00:63:4D:04,-65,127,6.0,2.5,1.5
1784195876457,2026-07-16 11:57:56.457,C3:00:00:63:4D:0A,-90,127,6.0,2.5,1.5
1784195876460,2026-07-16 11:57:56.460,C3:00:00:63:4D:08,-55,127,6.0,2.5,1.5
1784195876468,2026-07-16 11:57:56.468,C3:00:00:63:4D:09,-62,127,6.0,2.5,1.5
1784195876493,2026-07-16 11:57:56.493,C3:00:00:63:4D:08,-55,127,6.0,2.5,1.5
1784195876511,2026-07-16 11:57:56.511,C3:00:00:63:4D:05,-54,127,6.0,2.5,1.5
1784195876523,2026-07-16 11:57:56.523,C3:00:00:63:4D:07,-78,127,6.0,2.5,1.5
1784195876532,2026-07-16 11:57:56.532,C3:00:00:63:4D:0D,-58,127,6.0,2.5,1.5
1784195876548,2026-07-16 11:57:56.548,C3:00:00:63:4D:04,-56,127,6.0,2.5,1.5
1784195876556,2026-07-16 11:57:56.556,C3:00:00:63:4D:0A,-58,127,6.0,2.5,1.5
1784195876581,2026-07-16 11:57:56.581,C3:00:00:63:4D:07,-62,127,6.0,2.5,1.5
1784195876587,2026-07-16 11:57:56.587,C3:00:00:63:4D:09,-61,127,6.0,2.5,1.5
1784195876623,2026-07-16 11:57:56.623,C3:00:00:63:4D:05,-57,127,6.0,2.5,1.5
1784195876634,2026-07-16 11:57:56.634,C3:00:00:63:4D:08,-63,127,6.0,2.5,1.5
1784195876647,2026-07-16 11:57:56.647,C3:00:00:63:4D:07,-63,127,6.0,2.5,1.5
1784195876652,2026-07-16 11:57:56.652,C3:00:00:63:4D:0D,-61,127,6.0,2.5,1.5
1784195876665,2026-07-16 11:57:56.665,C3:00:00:63:4D:0A,-68,127,6.0,2.5,1.5
1784195876667,2026-07-16 11:57:56.667,C3:00:00:63:4D:04,-64,127,6.0,2.5,1.5
1784195876691,2026-07-16 11:57:56.691,C3:00:00:63:4D:09,-76,127,6.0,2.5,1.5
1784195876707,2026-07-16 11:57:56.707,C3:00:00:63:4C:D2,-55,127,6.0,2.5,1.5
1784195876737,2026-07-16 11:57:56.737,C3:00:00:63:4C:D2,-55,127,6.0,2.5,1.5
1784195876742,2026-07-16 11:57:56.742,C3:00:00:63:4D:05,-56,127,6.0,2.5,1.5
1784195876752,2026-07-16 11:57:56.752,C3:00:00:63:4D:07,-79,127,6.0,2.5,1.5
1784195876765,2026-07-16 11:57:56.765,C3:00:00:63:4D:0D,-60,127,6.0,2.5,1.5
1784195876781,2026-07-16 11:57:56.781,C3:00:00:63:4D:0D,-68,127,6.0,2.5,1.5
1784195876801,2026-07-16 11:57:56.801,C3:00:00:63:4D:09,-59,127,6.0,2.5,1.5
1784195876838,2026-07-16 11:57:56.838,C3:00:00:63:4D:08,-55,127,6.0,2.5,1.5
1784195876875,2026-07-16 11:57:56.875,C3:00:00:63:4D:07,-62,127,6.0,2.5,1.5
1784195876926,2026-07-16 11:57:56.926,C3:00:00:63:4D:09,-63,127,6.0,2.5,1.5
1784195876934,2026-07-16 11:57:56.934,C3:00:00:63:4D:08,-60,127,6.0,2.5,1.5
1784195876957,2026-07-16 11:57:56.957,C3:00:00:63:4D:0D,-62,127,6.0,2.5,1.5
1784195876959,2026-07-16 11:57:56.959,C3:00:00:63:4C:D2,-54,127,6.0,2.5,1.5
1784195876978,2026-07-16 11:57:56.978,C3:00:00:63:4D:0A,-67,127,6.0,2.5,1.5
1784195876981,2026-07-16 11:57:56.981,C3:00:00:63:4D:07,-63,127,6.0,2.5,1.5
1784195877000,2026-07-16 11:57:57.000,C3:00:00:63:4D:04,-65,127,6.0,2.5,1.5
1784195877031,2026-07-16 11:57:57.031,C3:00:00:63:4D:0A,-66,127,6.0,2.5,1.5
1784195877035,2026-07-16 11:57:57.035,C3:00:00:63:4D:08,-56,127,6.0,2.5,1.5
1784195877040,2026-07-16 11:57:57.040,C3:00:00:63:4D:09,-71,127,6.0,2.5,1.5
1784195877057,2026-07-16 11:57:57.057,C3:00:00:63:4D:04,-66,127,6.0,2.5,1.5
1784195877065,2026-07-16 11:57:57.065,C3:00:00:63:4D:05,-54,127,6.0,2.5,1.5
1784195877071,2026-07-16 11:57:57.071,C3:00:00:63:4C:D2,-55,127,6.0,2.5,1.5
1784195877079,2026-07-16 11:57:57.079,C3:00:00:63:4D:0A,-74,127,6.0,2.5,1.5
1784195877101,2026-07-16 11:57:57.101,C3:00:00:63:4D:0D,-60,127,6.0,2.5,1.5
1784195877108,2026-07-16 11:57:57.108,C3:00:00:63:4D:0A,-73,127,6.0,2.5,1.5
1784195877136,2026-07-16 11:57:57.136,C3:00:00:63:4D:08,-55,127,6.0,2.5,1.5
1784195877154,2026-07-16 11:57:57.154,C3:00:00:63:4D:09,-62,127,6.0,2.5,1.5
1784195877180,2026-07-16 11:57:57.180,C3:00:00:63:4D:0A,-67,127,6.0,2.5,1.5
1784195877202,2026-07-16 11:57:57.202,C3:00:00:63:4D:0A,-59,127,6.0,2.5,1.5
1784195877222,2026-07-16 11:57:57.222,C3:00:00:63:4D:0D,-75,127,6.0,2.5,1.5
1784195877227,2026-07-16 11:57:57.227,C3:00:00:63:4D:07,-63,127,6.0,2.5,1.5
1784195877230,2026-07-16 11:57:57.230,C3:00:00:63:4D:05,-57,127,6.0,2.5,1.5
1784195877242,2026-07-16 11:57:57.242,C3:00:00:63:4D:08,-61,127,6.0,2.5,1.5
1784195877244,2026-07-16 11:57:57.244,C3:00:00:63:4D:04,-56,127,6.0,2.5,1.5
1784195877255,2026-07-16 11:57:57.255,C3:00:00:63:4D:09,-78,127,6.0,2.5,1.5
1784195877285,2026-07-16 11:57:57.285,C3:00:00:63:4D:05,-55,127,6.0,2.5,1.5
1784195877335,2026-07-16 11:57:57.335,C3:00:00:63:4D:07,-64,127,6.0,2.5,1.5
1784195877345,2026-07-16 11:57:57.345,C3:00:00:63:4D:08,-56,127,6.0,2.5,1.5
1784195877358,2026-07-16 11:57:57.358,C3:00:00:63:4D:0D,-63,127,6.0,2.5,1.5
1784195877360,2026-07-16 11:57:57.360,C3:00:00:63:4D:04,-58,127,6.0,2.5,1.5
1784195877379,2026-07-16 11:57:57.379,C3:00:00:63:4D:09,-61,127,6.0,2.5,1.5
1784195877409,2026-07-16 11:57:57.409,C3:00:00:63:4C:D2,-56,127,6.0,2.5,1.5
1784195877436,2026-07-16 11:57:57.436,C3:00:00:63:4D:08,-55,127,6.0,2.5,1.5
1784195877445,2026-07-16 11:57:57.445,C3:00:00:63:4D:07,-62,127,6.0,2.5,1.5
1784195877462,2026-07-16 11:57:57.462,C3:00:00:63:4D:0D,-79,127,6.0,2.5,1.5
1784195877476,2026-07-16 11:57:57.476,C3:00:00:63:4D:04,-56,127,6.0,2.5,1.5
1784195877488,2026-07-16 11:57:57.488,C3:00:00:63:4D:09,-60,127,6.0,2.5,1.5
1784195877491,2026-07-16 11:57:57.491,C3:00:00:63:4D:0A,-58,127,6.0,2.5,1.5
1784195877509,2026-07-16 11:57:57.509,C3:00:00:63:4D:05,-57,127,6.0,2.5,1.5
1784195877514,2026-07-16 11:57:57.514,C3:00:00:63:4D:0D,-76,127,6.0,2.5,1.5
1784195877522,2026-07-16 11:57:57.522,C3:00:00:63:4C:D2,-64,127,6.0,2.5,1.5
1784195877534,2026-07-16 11:57:57.534,C3:00:00:63:4D:08,-62,127,6.0,2.5,1.5
1784195877565,2026-07-16 11:57:57.565,C3:00:00:63:4D:07,-63,127,6.0,2.5,1.5
1784195877569,2026-07-16 11:57:57.569,C3:00:00:63:4D:0D,-62,127,6.0,2.5,1.5
1784195877576,2026-07-16 11:57:57.576,C3:00:00:63:4D:04,-64,127,6.0,2.5,1.5
1784195877593,2026-07-16 11:57:57.593,C3:00:00:63:4D:0A,-68,127,6.0,2.5,1.5
1784195877602,2026-07-16 11:57:57.602,C3:00:00:63:4D:04,-65,127,6.0,2.5,1.5
1784195877627,2026-07-16 11:57:57.627,C3:00:00:63:4C:D2,-55,127,6.0,2.5,1.5
1784195877638,2026-07-16 11:57:57.638,C3:00:00:63:4D:08,-56,127,6.0,2.5,1.5
1784195877677,2026-07-16 11:57:57.677,C3:00:00:63:4D:0D,-61,127,6.0,2.5,1.5
1784195877689,2026-07-16 11:57:57.689,C3:00:00:63:4D:07,-80,127,6.0,2.5,1.5
1784195877693,2026-07-16 11:57:57.693,C3:00:00:63:4D:04,-58,127,6.0,2.5,1.5
1784195877706,2026-07-16 11:57:57.706,C3:00:00:63:4D:09,-61,127,6.0,2.5,1.5
1784195877727,2026-07-16 11:57:57.727,C3:00:00:63:4D:05,-54,127,6.0,2.5,1.5
1784195877742,2026-07-16 11:57:57.742,C3:00:00:63:4C:D2,-55,127,6.0,2.5,1.5
1784195877791,2026-07-16 11:57:57.791,C3:00:00:63:4D:0D,-80,127,6.0,2.5,1.5
1784195877795,2026-07-16 11:57:57.795,C3:00:00:63:4D:07,-62,127,6.0,2.5,1.5
1784195877802,2026-07-16 11:57:57.802,C3:00:00:63:4D:0A,-59,127,6.0,2.5,1.5
1784195877805,2026-07-16 11:57:57.805,C3:00:00:63:4D:09,-69,127,6.0,2.5,1.5
1784195877811,2026-07-16 11:57:57.811,C3:00:00:63:4D:04,-56,127,6.0,2.5,1.5
1784195877829,2026-07-16 11:57:57.829,C3:00:00:63:4D:09,-62,127,6.0,2.5,1.5
1784195877832,2026-07-16 11:57:57.832,C3:00:00:63:4D:08,-61,127,6.0,2.5,1.5
1784195877835,2026-07-16 11:57:57.835,C3:00:00:63:4D:05,-57,127,6.0,2.5,1.5
1784195877856,2026-07-16 11:57:57.856,C3:00:00:63:4C:D2,-55,127,6.0,2.5,1.5
1784195877912,2026-07-16 11:57:57.912,C3:00:00:63:4D:0D,-61,127,6.0,2.5,1.5
1784195877923,2026-07-16 11:57:57.923,C3:00:00:63:4D:04,-64,127,6.0,2.5,1.5
1784195877936,2026-07-16 11:57:57.936,C3:00:00:63:4D:09,-71,127,6.0,2.5,1.5
1784195877941,2026-07-16 11:57:57.941,C3:00:00:63:4D:05,-64,127,6.0,2.5,1.5
1784195877947,2026-07-16 11:57:57.947,C3:00:00:63:4D:08,-57,127,6.0,2.5,1.5
1784195877950,2026-07-16 11:57:57.950,C3:00:00:63:4D:09,-62,127,6.0,2.5,1.5
1784195877958,2026-07-16 11:57:57.958,C3:00:00:63:4D:05,-54,127,6.0,2.5,1.5
1784195877965,2026-07-16 11:57:57.965,C3:00:00:63:4D:09,-61,127,6.0,2.5,1.5
1784195878012,2026-07-16 11:57:58.012,C3:00:00:63:4D:0A,-73,127,6.0,2.5,1.5
1784195878015,2026-07-16 11:57:58.015,C3:00:00:63:4D:04,-58,127,6.0,2.5,1.5
1784195878032,2026-07-16 11:57:58.032,C3:00:00:63:4D:0D,-60,127,6.0,2.5,1.5
1784195878037,2026-07-16 11:57:58.037,C3:00:00:63:4D:08,-54,127,6.0,2.5,1.5
1784195878046,2026-07-16 11:57:58.046,C3:00:00:63:4C:D2,-55,127,6.0,2.5,1.5
1784195878052,2026-07-16 11:57:58.052,C3:00:00:63:4D:09,-60,127,6.0,2.5,1.5
1784195878057,2026-07-16 11:57:58.057,C3:00:00:63:4D:05,-54,127,6.0,2.5,1.5
1784195878075,2026-07-16 11:57:58.075,C3:00:00:63:4C:D2,-63,127,6.0,2.5,1.5
1784195878118,2026-07-16 11:57:58.118,C3:00:00:63:4D:0A,-58,127,6.0,2.5,1.5
1784195878154,2026-07-16 11:57:58.154,C3:00:00:63:4D:04,-64,127,6.0,2.5,1.5
1784195878165,2026-07-16 11:57:58.165,C3:00:00:63:4D:05,-55,127,6.0,2.5,1.5
1784195878190,2026-07-16 11:57:58.190,C3:00:00:63:4C:D2,-55,127,6.0,2.5,1.5
1784195878223,2026-07-16 11:57:58.223,C3:00:00:63:4D:0A,-67,127,6.0,2.5,1.5
1784195878231,2026-07-16 11:57:58.231,C3:00:00:63:4D:08,-56,127,6.0,2.5,1.5
1784195878269,2026-07-16 11:57:58.269,C3:00:00:63:4D:04,-58,127,6.0,2.5,1.5
1784195878275,2026-07-16 11:57:58.275,C3:00:00:63:4D:09,-62,127,6.0,2.5,1.5
1784195878280,2026-07-16 11:57:58.280,C3:00:00:63:4D:05,-54,127,6.0,2.5,1.5
1784195878302,2026-07-16 11:57:58.302,C3:00:00:63:4D:05,-54,127,6.0,2.5,1.5
1784195878305,2026-07-16 11:57:58.305,C3:00:00:63:4C:D2,-55,127,6.0,2.5,1.5
1784195878323,2026-07-16 11:57:58.323,C3:00:00:63:4D:0A,-73,127,6.0,2.5,1.5
1784195878332,2026-07-16 11:57:58.332,C3:00:00:63:4D:08,-55,127,6.0,2.5,1.5
1784195878371,2026-07-16 11:57:58.371,C3:00:00:63:4D:0D,-85,127,6.0,2.5,1.5
1784195878380,2026-07-16 11:57:58.380,C3:00:00:63:4D:07,-62,127,6.0,2.5,1.5
1784195878384,2026-07-16 11:57:58.384,C3:00:00:63:4D:04,-56,127,6.0,2.5,1.5
1784195878397,2026-07-16 11:57:58.397,C3:00:00:63:4D:05,-56,127,6.0,2.5,1.5
1784195878419,2026-07-16 11:57:58.419,C3:00:00:63:4C:D2,-65,127,6.0,2.5,1.5
1784195878429,2026-07-16 11:57:58.429,C3:00:00:63:4D:0A,-59,127,6.0,2.5,1.5
1784195878437,2026-07-16 11:57:58.437,C3:00:00:63:4D:08,-61,127,6.0,2.5,1.5
1784195878468,2026-07-16 11:57:58.468,C3:00:00:63:4D:08,-57,127,6.0,2.5,1.5
1784195878485,2026-07-16 11:57:58.485,C3:00:00:63:4D:07,-63,127,6.0,2.5,1.5
1784195878496,2026-07-16 11:57:58.496,C3:00:00:63:4D:0D,-62,127,6.0,2.5,1.5
1784195878501,2026-07-16 11:57:58.501,C3:00:00:63:4D:09,-70,127,6.0,2.5,1.5
1784195878524,2026-07-16 11:57:58.524,C3:00:00:63:4C:D2,-55,127,6.0,2.5,1.5
1784195878529,2026-07-16 11:57:58.529,C3:00:00:63:4D:0A,-70,127,6.0,2.5,1.5
1784195878537,2026-07-16 11:57:58.537,C3:00:00:63:4D:08,-56,127,6.0,2.5,1.5
1784195878555,2026-07-16 11:57:58.555,C3:00:00:63:4D:0A,-80,127,6.0,2.5,1.5
1784195878564,2026-07-16 11:57:58.564,C3:00:00:63:4D:05,-54,127,6.0,2.5,1.5
1784195878584,2026-07-16 11:57:58.584,C3:00:00:63:4D:08,-55,127,6.0,2.5,1.5
1784195878601,2026-07-16 11:57:58.601,C3:00:00:63:4D:07,-80,127,6.0,2.5,1.5
1784195878603,2026-07-16 11:57:58.603,C3:00:00:63:4D:0D,-60,127,6.0,2.5,1.5
1784195878612,2026-07-16 11:57:58.612,C3:00:00:63:4D:09,-63,127,6.0,2.5,1.5
1784195878620,2026-07-16 11:57:58.620,C3:00:00:63:4D:04,-58,127,6.0,2.5,1.5
1784195878622,2026-07-16 11:57:58.622,C3:00:00:63:4D:07,-84,127,6.0,2.5,1.5
1784195878640,2026-07-16 11:57:58.640,C3:00:00:63:4C:D2,-55,127,6.0,2.5,1.5
1784195878712,2026-07-16 11:57:58.712,C3:00:00:63:4D:07,-62,127,6.0,2.5,1.5
1784195878719,2026-07-16 11:57:58.719,C3:00:00:63:4D:05,-56,127,6.0,2.5,1.5
1784195878733,2026-07-16 11:57:58.733,C3:00:00:63:4D:04,-56,127,6.0,2.5,1.5
1784195878739,2026-07-16 11:57:58.739,C3:00:00:63:4D:08,-62,127,6.0,2.5,1.5
1784195878744,2026-07-16 11:57:58.744,C3:00:00:63:4D:0A,-69,127,6.0,2.5,1.5
1784195878752,2026-07-16 11:57:58.752,C3:00:00:63:4C:D2,-55,127,6.0,2.5,1.5
1784195878841,2026-07-16 11:57:58.841,C3:00:00:63:4D:08,-56,127,6.0,2.5,1.5
1784195878847,2026-07-16 11:57:58.847,C3:00:00:63:4D:0A,-68,127,6.0,2.5,1.5
1784195878853,2026-07-16 11:57:58.853,C3:00:00:63:4D:04,-58,127,6.0,2.5,1.5
1784195878867,2026-07-16 11:57:58.867,C3:00:00:63:4C:D2,-55,127,6.0,2.5,1.5
1784195878930,2026-07-16 11:57:58.930,C3:00:00:63:4D:08,-55,127,6.0,2.5,1.5
1784195878936,2026-07-16 11:57:58.936,C3:00:00:63:4D:05,-58,127,6.0,2.5,1.5
1784195878959,2026-07-16 11:57:58.959,C3:00:00:63:4D:0D,-87,127,6.0,2.5,1.5
1784195878964,2026-07-16 11:57:58.964,C3:00:00:63:4D:04,-56,127,6.0,2.5,1.5
1784195878984,2026-07-16 11:57:58.984,C3:00:00:63:4C:D2,-67,127,6.0,2.5,1.5
1784195879032,2026-07-16 11:57:59.032,C3:00:00:63:4D:08,-61,127,6.0,2.5,1.5
1784195879035,2026-07-16 11:57:59.035,C3:00:00:63:4D:0A,-59,127,6.0,2.5,1.5
1784195879052,2026-07-16 11:57:59.052,C3:00:00:63:4D:05,-55,127,6.0,2.5,1.5
1784195879071,2026-07-16 11:57:59.071,C3:00:00:63:4D:04,-64,127,6.0,2.5,1.5
1784195879088,2026-07-16 11:57:59.088,C3:00:00:63:4C:D2,-55,127,6.0,2.5,1.5
1784195879110,2026-07-16 11:57:59.110,C3:00:00:63:4D:0A,-67,127,6.0,2.5,1.5
1784195879137,2026-07-16 11:57:59.137,C3:00:00:63:4D:08,-56,127,6.0,2.5,1.5
1784195879157,2026-07-16 11:57:59.157,C3:00:00:63:4D:05,-54,127,6.0,2.5,1.5
1784195879188,2026-07-16 11:57:59.188,C3:00:00:63:4D:04,-58,127,6.0,2.5,1.5
1784195879234,2026-07-16 11:57:59.234,C3:00:00:63:4D:05,-54,127,6.0,2.5,1.5
1784195879239,2026-07-16 11:57:59.239,C3:00:00:63:4D:08,-55,127,6.0,2.5,1.5
1784195879258,2026-07-16 11:57:59.258,C3:00:00:63:4D:0A,-59,127,6.0,2.5,1.5
1784195879285,2026-07-16 11:57:59.285,C3:00:00:63:4D:0D,-84,127,6.0,2.5,1.5
1784195879289,2026-07-16 11:57:59.289,C3:00:00:63:4D:09,-62,127,6.0,2.5,1.5
1784195879304,2026-07-16 11:57:59.304,C3:00:00:63:4D:04,-56,127,6.0,2.5,1.5
1784195879310,2026-07-16 11:57:59.310,C3:00:00:63:4C:D2,-64,127,6.0,2.5,1.5
1784195879336,2026-07-16 11:57:59.336,C3:00:00:63:4D:08,-61,127,6.0,2.5,1.5
1784195879364,2026-07-16 11:57:59.364,C3:00:00:63:4D:0A,-68,127,6.0,2.5,1.5
1784195879377,2026-07-16 11:57:59.377,C3:00:00:63:4D:05,-55,127,6.0,2.5,1.5
1784195879398,2026-07-16 11:57:59.398,C3:00:00:63:4D:07,-63,127,6.0,2.5,1.5
1784195879400,2026-07-16 11:57:59.400,C3:00:00:63:4D:0D,-61,127,6.0,2.5,1.5
1784195879432,2026-07-16 11:57:59.432,C3:00:00:63:4D:08,-56,127,6.0,2.5,1.5
1784195879464,2026-07-16 11:57:59.464,C3:00:00:63:4D:0A,-76,127,6.0,2.5,1.5
1784195879488,2026-07-16 11:57:59.488,C3:00:00:63:4D:05,-54,127,6.0,2.5,1.5
1784195879515,2026-07-16 11:57:59.515,C3:00:00:63:4D:09,-62,127,6.0,2.5,1.5
1784195879535,2026-07-16 11:57:59.535,C3:00:00:63:4D:04,-58,127,6.0,2.5,1.5
1784195879539,2026-07-16 11:57:59.539,C3:00:00:63:4D:08,-54,127,6.0,2.5,1.5
1784195879570,2026-07-16 11:57:59.570,C3:00:00:63:4D:0A,-59,127,6.0,2.5,1.5
1784195879630,2026-07-16 11:57:59.630,C3:00:00:63:4D:09,-61,127,6.0,2.5,1.5
1784195879639,2026-07-16 11:57:59.639,C3:00:00:63:4D:08,-61,127,6.0,2.5,1.5
1784195879654,2026-07-16 11:57:59.654,C3:00:00:63:4D:04,-63,127,6.0,2.5,1.5
1784195879677,2026-07-16 11:57:59.677,C3:00:00:63:4D:0A,-67,127,6.0,2.5,1.5
1784195879740,2026-07-16 11:57:59.740,C3:00:00:63:4D:09,-70,127,6.0,2.5,1.5
1784195879756,2026-07-16 11:57:59.756,C3:00:00:63:4D:0D,-60,127,6.0,2.5,1.5
1784195879761,2026-07-16 11:57:59.761,C3:00:00:63:4C:D2,-55,127,6.0,2.5,1.5
1784195879783,2026-07-16 11:57:59.783,C3:00:00:63:4D:0A,-76,127,6.0,2.5,1.5
1784195879811,2026-07-16 11:57:59.811,C3:00:00:63:4D:05,-54,127,6.0,2.5,1.5
1784195879842,2026-07-16 11:57:59.842,C3:00:00:63:4D:08,-55,127,6.0,2.5,1.5
1784195879866,2026-07-16 11:57:59.866,C3:00:00:63:4D:07,-63,127,6.0,2.5,1.5
1784195879870,2026-07-16 11:57:59.870,C3:00:00:63:4C:D2,-65,127,6.0,2.5,1.5
1784195879892,2026-07-16 11:57:59.892,C3:00:00:63:4D:04,-56,127,6.0,2.5,1.5
1784195879895,2026-07-16 11:57:59.895,C3:00:00:63:4D:0A,-58,127,6.0,2.5,1.5
1784195879896,2026-07-16 11:57:59.896,C3:00:00:63:4C:D2,-73,127,6.0,2.5,1.5
1784195879923,2026-07-16 11:57:59.923,C3:00:00:63:4D:05,-56,127,6.0,2.5,1.5
1784195879928,2026-07-16 11:57:59.928,C3:00:00:63:4D:08,-61,127,6.0,2.5,1.5
1784195879952,2026-07-16 11:57:59.952,C3:00:00:63:4D:09,-73,127,6.0,2.5,1.5
1784195879956,2026-07-16 11:57:59.956,C3:00:00:63:4D:0D,-63,127,6.0,2.5,1.5
1784195879965,2026-07-16 11:57:59.965,C3:00:00:63:4D:09,-72,127,6.0,2.5,1.5
1784195879979,2026-07-16 11:57:59.979,C3:00:00:63:4D:07,-63,127,6.0,2.5,1.5
1784195879982,2026-07-16 11:57:59.982,C3:00:00:63:4D:0D,-62,127,6.0,2.5,1.5
1784195879992,2026-07-16 11:57:59.992,C3:00:00:63:4D:04,-64,127,6.0,2.5,1.5
1784195880013,2026-07-16 11:58:00.013,C3:00:00:63:4D:04,-64,127,6.0,2.5,1.5
1784195880040,2026-07-16 11:58:00.040,C3:00:00:63:4C:D2,-55,127,6.0,2.5,1.5
1784195880087,2026-07-16 11:58:00.087,C3:00:00:63:4D:09,-61,127,6.0,2.5,1.5
1784195880092,2026-07-16 11:58:00.092,C3:00:00:63:4D:07,-76,127,6.0,2.5,1.5
1784195880098,2026-07-16 11:58:00.098,C3:00:00:63:4D:0A,-74,127,6.0,2.5,1.5
1784195880136,2026-07-16 11:58:00.136,C3:00:00:63:4D:08,-55,127,6.0,2.5,1.5
1784195880191,2026-07-16 11:58:00.191,C3:00:00:63:4D:0A,-58,127,6.0,2.5,1.5
1784195880205,2026-07-16 11:58:00.205,C3:00:00:63:4D:07,-62,127,6.0,2.5,1.5
1784195880220,2026-07-16 11:58:00.220,C3:00:00:63:4C:D2,-65,127,6.0,2.5,1.5
1784195880243,2026-07-16 11:58:00.243,C3:00:00:63:4D:04,-56,127,6.0,2.5,1.5
1784195880245,2026-07-16 11:58:00.245,C3:00:00:63:4D:08,-61,127,6.0,2.5,1.5
1784195880257,2026-07-16 11:58:00.257,C3:00:00:63:4D:05,-56,127,6.0,2.5,1.5
1784195880293,2026-07-16 11:58:00.293,C3:00:00:63:4D:0A,-66,127,6.0,2.5,1.5
1784195880300,2026-07-16 11:58:00.300,C3:00:00:63:4D:05,-57,127,6.0,2.5,1.5
1784195880307,2026-07-16 11:58:00.307,C3:00:00:63:4D:09,-70,127,6.0,2.5,1.5
1784195880323,2026-07-16 11:58:00.323,C3:00:00:63:4C:D2,-54,127,6.0,2.5,1.5
1784195880328,2026-07-16 11:58:00.328,C3:00:00:63:4D:07,-62,127,6.0,2.5,1.5
1784195880331,2026-07-16 11:58:00.331,C3:00:00:63:4D:0D,-62,127,6.0,2.5,1.5
1784195880365,2026-07-16 11:58:00.365,C3:00:00:63:4D:05,-54,127,6.0,2.5,1.5
1784195880428,2026-07-16 11:58:00.428,C3:00:00:63:4C:D2,-55,127,6.0,2.5,1.5
1784195880451,2026-07-16 11:58:00.451,C3:00:00:63:4D:04,-56,127,6.0,2.5,1.5
1784195880475,2026-07-16 11:58:00.475,C3:00:00:63:4D:07,-70,127,6.0,2.5,1.5
1784195880481,2026-07-16 11:58:00.481,C3:00:00:63:4D:04,-63,127,6.0,2.5,1.5
1784195880485,2026-07-16 11:58:00.485,C3:00:00:63:4D:05,-56,127,6.0,2.5,1.5
1784195880493,2026-07-16 11:58:00.493,C3:00:00:63:4D:08,-61,127,6.0,2.5,1.5
1784195880510,2026-07-16 11:58:00.510,C3:00:00:63:4D:0A,-59,127,6.0,2.5,1.5
1784195880536,2026-07-16 11:58:00.536,C3:00:00:63:4D:09,-61,127,6.0,2.5,1.5
1784195880543,2026-07-16 11:58:00.543,C3:00:00:63:4D:08,-61,127,6.0,2.5,1.5
1784195880547,2026-07-16 11:58:00.547,C3:00:00:63:4C:D2,-55,127,6.0,2.5,1.5
1784195880562,2026-07-16 11:58:00.562,C3:00:00:63:4D:0D,-61,127,6.0,2.5,1.5
1784195880565,2026-07-16 11:58:00.565,C3:00:00:63:4D:07,-63,127,6.0,2.5,1.5
1784195880578,2026-07-16 11:58:00.578,C3:00:00:63:4D:08,-56,127,6.0,2.5,1.5
1784195880602,2026-07-16 11:58:00.602,C3:00:00:63:4D:07,-63,127,6.0,2.5,1.5
1784195880607,2026-07-16 11:58:00.607,C3:00:00:63:4D:0A,-67,127,6.0,2.5,1.5
1784195880672,2026-07-16 11:58:00.672,C3:00:00:63:4D:07,-75,127,6.0,2.5,1.5
1784195880678,2026-07-16 11:58:00.678,C3:00:00:63:4D:0D,-60,127,6.0,2.5,1.5
1784195880716,2026-07-16 11:58:00.716,C3:00:00:63:4C:D2,-55,127,6.0,2.5,1.5
1784195880730,2026-07-16 11:58:00.730,C3:00:00:63:4D:08,-55,127,6.0,2.5,1.5
1784195880756,2026-07-16 11:58:00.756,C3:00:00:63:4D:09,-60,127,6.0,2.5,1.5
1784195880764,2026-07-16 11:58:00.764,C3:00:00:63:4C:D2,-65,127,6.0,2.5,1.5
1784195880784,2026-07-16 11:58:00.784,C3:00:00:63:4D:07,-60,127,6.0,2.5,1.5
1784195880789,2026-07-16 11:58:00.789,C3:00:00:63:4D:0D,-70,127,6.0,2.5,1.5
1784195880794,2026-07-16 11:58:00.794,C3:00:00:63:4D:07,-60,127,6.0,2.5,1.5
1784195880802,2026-07-16 11:58:00.802,C3:00:00:63:4D:04,-56,127,6.0,2.5,1.5
1784195880813,2026-07-16 11:58:00.813,C3:00:00:63:4D:0A,-58,127,6.0,2.5,1.5
1784195880875,2026-07-16 11:58:00.875,C3:00:00:63:4D:09,-72,127,6.0,2.5,1.5
1784195880882,2026-07-16 11:58:00.882,C3:00:00:63:4C:D2,-54,127,6.0,2.5,1.5
1784195880890,2026-07-16 11:58:00.890,C3:00:00:63:4D:07,-62,127,6.0,2.5,1.5
1784195880931,2026-07-16 11:58:00.931,C3:00:00:63:4D:08,-56,127,6.0,2.5,1.5
1784195880973,2026-07-16 11:58:00.973,C3:00:00:63:4D:0D,-61,127,6.0,2.5,1.5
1784195880986,2026-07-16 11:58:00.986,C3:00:00:63:4D:09,-61,127,6.0,2.5,1.5
1784195880990,2026-07-16 11:58:00.990,C3:00:00:63:4C:D2,-55,127,6.0,2.5,1.5
1784195881011,2026-07-16 11:58:01.011,C3:00:00:63:4D:07,-79,127,6.0,2.5,1.5
1784195881021,2026-07-16 11:58:01.021,C3:00:00:63:4D:0A,-74,127,6.0,2.5,1.5
1784195881035,2026-07-16 11:58:01.035,C3:00:00:63:4D:08,-55,127,6.0,2.5,1.5
1784195881051,2026-07-16 11:58:01.051,C3:00:00:63:4D:04,-57,127,6.0,2.5,1.5
1784195881054,2026-07-16 11:58:01.054,C3:00:00:63:4D:0A,-58,127,6.0,2.5,1.5
1784195881094,2026-07-16 11:58:01.094,C3:00:00:63:4D:09,-61,127,6.0,2.5,1.5
1784195881139,2026-07-16 11:58:01.139,C3:00:00:63:4D:05,-56,127,6.0,2.5,1.5
1784195881144,2026-07-16 11:58:01.144,C3:00:00:63:4D:08,-61,127,6.0,2.5,1.5
1784195881149,2026-07-16 11:58:01.149,C3:00:00:63:4D:0A,-67,127,6.0,2.5,1.5
1784195881177,2026-07-16 11:58:01.177,C3:00:00:63:4D:0A,-75,127,6.0,2.5,1.5
1784195881234,2026-07-16 11:58:01.234,C3:00:00:63:4D:08,-56,127,6.0,2.5,1.5
1784195881238,2026-07-16 11:58:01.238,C3:00:00:63:4D:0A,-67,127,6.0,2.5,1.5
1784195881242,2026-07-16 11:58:01.242,C3:00:00:63:4D:07,-63,127,6.0,2.5,1.5
1784195881265,2026-07-16 11:58:01.265,C3:00:00:63:4D:04,-58,127,6.0,2.5,1.5
1784195881270,2026-07-16 11:58:01.270,C3:00:00:63:4D:05,-54,127,6.0,2.5,1.5
1784195881348,2026-07-16 11:58:01.348,C3:00:00:63:4D:0A,-58,127,6.0,2.5,1.5
1784195881354,2026-07-16 11:58:01.354,C3:00:00:63:4D:05,-57,127,6.0,2.5,1.5
1784195881377,2026-07-16 11:58:01.377,C3:00:00:63:4D:04,-55,127,6.0,2.5,1.5
1784195881440,2026-07-16 11:58:01.440,C3:00:00:63:4D:08,-60,127,6.0,2.5,1.5
1784195881446,2026-07-16 11:58:01.446,C3:00:00:63:4D:0A,-58,127,6.0,2.5,1.5
1784195881471,2026-07-16 11:58:01.471,C3:00:00:63:4D:05,-56,127,6.0,2.5,1.5
1784195881476,2026-07-16 11:58:01.476,C3:00:00:63:4D:0D,-62,127,6.0,2.5,1.5
1784195881493,2026-07-16 11:58:01.493,C3:00:00:63:4D:04,-64,127,6.0,2.5,1.5
1784195881519,2026-07-16 11:58:01.519,C3:00:00:63:4D:0D,-63,127,6.0,2.5,1.5
1784195881527,2026-07-16 11:58:01.527,C3:00:00:63:4D:08,-58,127,6.0,2.5,1.5
1784195881551,2026-07-16 11:58:01.551,C3:00:00:63:4C:D2,-54,127,6.0,2.5,1.5
1784195881556,2026-07-16 11:58:01.556,C3:00:00:63:4D:09,-61,127,6.0,2.5,1.5
1784195881572,2026-07-16 11:58:01.572,C3:00:00:63:4D:05,-54,127,6.0,2.5,1.5
1784195881586,2026-07-16 11:58:01.586,C3:00:00:63:4D:0D,-60,127,6.0,2.5,1.5
1784195881590,2026-07-16 11:58:01.590,C3:00:00:63:4D:07,-75,127,6.0,2.5,1.5
1784195881605,2026-07-16 11:58:01.605,C3:00:00:63:4D:04,-58,127,6.0,2.5,1.5
1784195881628,2026-07-16 11:58:01.628,C3:00:00:63:4D:04,-58,127,6.0,2.5,1.5
1784195881633,2026-07-16 11:58:01.633,C3:00:00:63:4D:08,-55,127,6.0,2.5,1.5
1784195881659,2026-07-16 11:58:01.659,C3:00:00:63:4D:0A,-58,127,6.0,2.5,1.5
1784195881664,2026-07-16 11:58:01.664,C3:00:00:63:4C:D2,-66,127,6.0,2.5,1.5
1784195881673,2026-07-16 11:58:01.673,C3:00:00:63:4D:09,-60,127,6.0,2.5,1.5
1784195881705,2026-07-16 11:58:01.705,C3:00:00:63:4D:07,-61,127,6.0,2.5,1.5
1784195881733,2026-07-16 11:58:01.733,C3:00:00:63:4D:08,-60,127,6.0,2.5,1.5
1784195881758,2026-07-16 11:58:01.758,C3:00:00:63:4D:0A,-66,127,6.0,2.5,1.5
1784195881796,2026-07-16 11:58:01.796,C3:00:00:63:4D:05,-55,127,6.0,2.5,1.5
1784195881813,2026-07-16 11:58:01.813,C3:00:00:63:4D:09,-80,127,6.0,2.5,1.5
1784195881819,2026-07-16 11:58:01.819,C3:00:00:63:4D:0D,-61,127,6.0,2.5,1.5
1784195881835,2026-07-16 11:58:01.835,C3:00:00:63:4D:08,-56,127,6.0,2.5,1.5
1784195881886,2026-07-16 11:58:01.886,C3:00:00:63:4C:D2,-55,127,6.0,2.5,1.5
1784195881892,2026-07-16 11:58:01.892,C3:00:00:63:4D:09,-62,127,6.0,2.5,1.5
1784195881906,2026-07-16 11:58:01.906,C3:00:00:63:4D:05,-54,127,6.0,2.5,1.5
1784195881931,2026-07-16 11:58:01.931,C3:00:00:63:4D:08,-55,127,6.0,2.5,1.5
1784195881936,2026-07-16 11:58:01.936,C3:00:00:63:4D:07,-78,127,6.0,2.5,1.5
1784195881940,2026-07-16 11:58:01.940,C3:00:00:63:4D:0D,-60,127,6.0,2.5,1.5
1784195881942,2026-07-16 11:58:01.942,C3:00:00:63:4D:05,-61,127,6.0,2.5,1.5
1784195881952,2026-07-16 11:58:01.952,C3:00:00:63:4D:04,-56,127,6.0,2.5,1.5
1784195881958,2026-07-16 11:58:01.958,C3:00:00:63:4D:09,-61,127,6.0,2.5,1.5
1784195882001,2026-07-16 11:58:02.001,C3:00:00:63:4C:D2,-65,127,6.0,2.5,1.5
1784195882006,2026-07-16 11:58:02.006,C3:00:00:63:4D:09,-60,127,6.0,2.5,1.5
1784195882009,2026-07-16 11:58:02.009,C3:00:00:63:4D:04,-56,127,6.0,2.5,1.5
1784195882018,2026-07-16 11:58:02.018,C3:00:00:63:4D:05,-56,127,6.0,2.5,1.5
1784195882039,2026-07-16 11:58:02.039,C3:00:00:63:4D:08,-61,127,6.0,2.5,1.5
1784195882044,2026-07-16 11:58:02.044,C3:00:00:63:4D:07,-63,127,6.0,2.5,1.5
1784195882051,2026-07-16 11:58:02.051,C3:00:00:63:4D:0D,-61,127,6.0,2.5,1.5
1784195882054,2026-07-16 11:58:02.054,C3:00:00:63:4C:D2,-55,127,6.0,2.5,1.5
1784195882069,2026-07-16 11:58:02.069,C3:00:00:63:4D:04,-64,127,6.0,2.5,1.5
1784195882075,2026-07-16 11:58:02.075,C3:00:00:63:4D:0A,-67,127,6.0,2.5,1.5
1784195882113,2026-07-16 11:58:02.113,C3:00:00:63:4C:D2,-55,127,6.0,2.5,1.5
1784195882128,2026-07-16 11:58:02.128,C3:00:00:63:4D:05,-55,127,6.0,2.5,1.5
1784195882178,2026-07-16 11:58:02.178,C3:00:00:63:4D:04,-58,127,6.0,2.5,1.5
1784195882224,2026-07-16 11:58:02.224,C3:00:00:63:4C:D2,-55,127,6.0,2.5,1.5
1784195882228,2026-07-16 11:58:02.228,C3:00:00:63:4D:09,-61,127,6.0,2.5,1.5
1784195882235,2026-07-16 11:58:02.235,C3:00:00:63:4D:05,-54,127,6.0,2.5,1.5
1784195882273,2026-07-16 11:58:02.273,C3:00:00:63:4D:0A,-59,127,6.0,2.5,1.5
1784195882285,2026-07-16 11:58:02.285,C3:00:00:63:4D:07,-62,127,6.0,2.5,1.5
1784195882334,2026-07-16 11:58:02.334,C3:00:00:63:4D:08,-61,127,6.0,2.5,1.5
1784195882339,2026-07-16 11:58:02.339,C3:00:00:63:4C:D2,-64,127,6.0,2.5,1.5
1784195882368,2026-07-16 11:58:02.368,C3:00:00:63:4D:07,-63,127,6.0,2.5,1.5
1784195882388,2026-07-16 11:58:02.388,C3:00:00:63:4D:0A,-67,127,6.0,2.5,1.5
1784195882391,2026-07-16 11:58:02.391,C3:00:00:63:4D:07,-62,127,6.0,2.5,1.5
1784195882398,2026-07-16 11:58:02.398,C3:00:00:63:4D:0D,-62,127,6.0,2.5,1.5
1784195882408,2026-07-16 11:58:02.408,C3:00:00:63:4D:04,-65,127,6.0,2.5,1.5
1784195882436,2026-07-16 11:58:02.436,C3:00:00:63:4D:08,-58,127,6.0,2.5,1.5
1784195882443,2026-07-16 11:58:02.443,C3:00:00:63:4C:D2,-54,127,6.0,2.5,1.5
1784195882453,2026-07-16 11:58:02.453,C3:00:00:63:4D:09,-61,127,6.0,2.5,1.5
1784195882460,2026-07-16 11:58:02.460,C3:00:00:63:4D:05,-54,127,6.0,2.5,1.5
1784195882480,2026-07-16 11:58:02.480,C3:00:00:63:4D:0A,-75,127,6.0,2.5,1.5
1784195882487,2026-07-16 11:58:02.487,C3:00:00:63:4D:08,-55,127,6.0,2.5,1.5
1784195882514,2026-07-16 11:58:02.514,C3:00:00:63:4D:0D,-60,127,6.0,2.5,1.5
1784195882525,2026-07-16 11:58:02.525,C3:00:00:63:4D:04,-58,127,6.0,2.5,1.5
1784195882531,2026-07-16 11:58:02.531,C3:00:00:63:4D:08,-55,127,6.0,2.5,1.5
1784195882566,2026-07-16 11:58:02.566,C3:00:00:63:4D:0A,-58,127,6.0,2.5,1.5
1784195882571,2026-07-16 11:58:02.571,C3:00:00:63:4D:09,-60,127,6.0,2.5,1.5
1784195882583,2026-07-16 11:58:02.583,C3:00:00:63:4D:05,-54,127,6.0,2.5,1.5
1784195882592,2026-07-16 11:58:02.592,C3:00:00:63:4D:0A,-59,127,6.0,2.5,1.5
1784195882595,2026-07-16 11:58:02.595,C3:00:00:63:4D:08,-61,127,6.0,2.5,1.5
1784195882637,2026-07-16 11:58:02.637,C3:00:00:63:4D:04,-56,127,6.0,2.5,1.5
1784195882681,2026-07-16 11:58:02.681,C3:00:00:63:4D:09,-72,127,6.0,2.5,1.5
1784195882734,2026-07-16 11:58:02.734,C3:00:00:63:4D:08,-56,127,6.0,2.5,1.5
1784195882739,2026-07-16 11:58:02.739,C3:00:00:63:4D:07,-63,127,6.0,2.5,1.5
1784195882765,2026-07-16 11:58:02.765,C3:00:00:63:4D:04,-58,127,6.0,2.5,1.5
1784195882789,2026-07-16 11:58:02.789,C3:00:00:63:4D:05,-54,127,6.0,2.5,1.5
1784195882794,2026-07-16 11:58:02.794,C3:00:00:63:4C:D2,-55,127,6.0,2.5,1.5
1784195882796,2026-07-16 11:58:02.796,C3:00:00:63:4D:0A,-76,127,6.0,2.5,1.5
1784195882852,2026-07-16 11:58:02.852,C3:00:00:63:4D:07,-62,127,6.0,2.5,1.5
1784195882870,2026-07-16 11:58:02.870,C3:00:00:63:4D:04,-56,127,6.0,2.5,1.5
1784195882892,2026-07-16 11:58:02.892,C3:00:00:63:4C:D2,-65,127,6.0,2.5,1.5
1784195882898,2026-07-16 11:58:02.898,C3:00:00:63:4D:05,-56,127,6.0,2.5,1.5
1784195882905,2026-07-16 11:58:02.905,C3:00:00:63:4D:0A,-58,127,6.0,2.5,1.5
1784195882912,2026-07-16 11:58:02.912,C3:00:00:63:4D:09,-61,127,6.0,2.5,1.5
1784195882928,2026-07-16 11:58:02.928,C3:00:00:63:4D:08,-61,127,6.0,2.5,1.5
1784195882968,2026-07-16 11:58:02.968,C3:00:00:63:4D:07,-63,127,6.0,2.5,1.5
1784195882990,2026-07-16 11:58:02.990,C3:00:00:63:4D:0D,-62,127,6.0,2.5,1.5
1784195882998,2026-07-16 11:58:02.998,C3:00:00:63:4D:0A,-67,127,6.0,2.5,1.5
1784195883020,2026-07-16 11:58:03.020,C3:00:00:63:4D:09,-72,127,6.0,2.5,1.5
1784195883088,2026-07-16 11:58:03.088,C3:00:00:63:4D:0D,-60,127,6.0,2.5,1.5
1784195883114,2026-07-16 11:58:03.114,C3:00:00:63:4D:0A,-76,127,6.0,2.5,1.5
1784195883120,2026-07-16 11:58:03.120,C3:00:00:63:4D:05,-54,127,6.0,2.5,1.5
1784195883136,2026-07-16 11:58:03.136,C3:00:00:63:4D:08,-55,127,6.0,2.5,1.5
1784195883139,2026-07-16 11:58:03.139,C3:00:00:63:4D:09,-61,127,6.0,2.5,1.5
1784195883159,2026-07-16 11:58:03.159,C3:00:00:63:4D:09,-61,127,6.0,2.5,1.5
1784195883199,2026-07-16 11:58:03.199,C3:00:00:63:4D:07,-62,127,6.0,2.5,1.5
1784195883206,2026-07-16 11:58:03.206,C3:00:00:63:4D:0A,-59,127,6.0,2.5,1.5
1784195883211,2026-07-16 11:58:03.211,C3:00:00:63:4D:04,-56,127,6.0,2.5,1.5
1784195883227,2026-07-16 11:58:03.227,C3:00:00:63:4C:D2,-65,127,6.0,2.5,1.5
1784195883234,2026-07-16 11:58:03.234,C3:00:00:63:4D:05,-56,127,6.0,2.5,1.5
1784195883240,2026-07-16 11:58:03.240,C3:00:00:63:4D:08,-61,127,6.0,2.5,1.5
1784195883310,2026-07-16 11:58:03.310,C3:00:00:63:4D:07,-63,127,6.0,2.5,1.5
1784195883315,2026-07-16 11:58:03.315,C3:00:00:63:4D:0A,-67,127,6.0,2.5,1.5
1784195883320,2026-07-16 11:58:03.320,C3:00:00:63:4D:0D,-62,127,6.0,2.5,1.5
1784195883334,2026-07-16 11:58:03.334,C3:00:00:63:4D:08,-56,127,6.0,2.5,1.5
1784195883339,2026-07-16 11:58:03.339,C3:00:00:63:4D:05,-55,127,6.0,2.5,1.5
1784195883344,2026-07-16 11:58:03.344,C3:00:00:63:4C:D2,-55,127,6.0,2.5,1.5
1784195883423,2026-07-16 11:58:03.423,C3:00:00:63:4D:0A,-76,127,6.0,2.5,1.5
1784195883427,2026-07-16 11:58:03.427,C3:00:00:63:4D:07,-77,127,6.0,2.5,1.5
1784195883431,2026-07-16 11:58:03.431,C3:00:00:63:4C:D2,-55,127,6.0,2.5,1.5
1784195883435,2026-07-16 11:58:03.435,C3:00:00:63:4D:0D,-60,127,6.0,2.5,1.5
1784195883451,2026-07-16 11:58:03.451,C3:00:00:63:4D:08,-55,127,6.0,2.5,1.5
1784195883457,2026-07-16 11:58:03.457,C3:00:00:63:4D:05,-56,127,6.0,2.5,1.5
1784195883459,2026-07-16 11:58:03.459,C3:00:00:63:4D:04,-56,127,6.0,2.5,1.5
1784195883462,2026-07-16 11:58:03.462,C3:00:00:63:4C:D2,-65,127,6.0,2.5,1.5
1784195883474,2026-07-16 11:58:03.474,C3:00:00:63:4D:09,-61,127,6.0,2.5,1.5
1784195883518,2026-07-16 11:58:03.518,C3:00:00:63:4D:0D,-83,127,6.0,2.5,1.5
1784195883527,2026-07-16 11:58:03.527,C3:00:00:63:4D:0A,-58,127,6.0,2.5,1.5
1784195883550,2026-07-16 11:58:03.550,C3:00:00:63:4D:07,-62,127,6.0,2.5,1.5
1784195883558,2026-07-16 11:58:03.558,C3:00:00:63:4D:04,-64,127,6.0,2.5,1.5
1784195883565,2026-07-16 11:58:03.565,C3:00:00:63:4D:05,-55,127,6.0,2.5,1.5
1784195883573,2026-07-16 11:58:03.573,C3:00:00:63:4C:D2,-54,127,6.0,2.5,1.5
1784195883579,2026-07-16 11:58:03.579,C3:00:00:63:4D:09,-71,127,6.0,2.5,1.5
1784195883629,2026-07-16 11:58:03.629,C3:00:00:63:4D:04,-65,127,6.0,2.5,1.5
1784195883633,2026-07-16 11:58:03.633,C3:00:00:63:4D:08,-58,127,6.0,2.5,1.5
1784195883655,2026-07-16 11:58:03.655,C3:00:00:63:4D:07,-74,127,6.0,2.5,1.5
1784195883660,2026-07-16 11:58:03.660,C3:00:00:63:4D:0D,-60,127,6.0,2.5,1.5
1784195883677,2026-07-16 11:58:03.677,C3:00:00:63:4D:04,-58,127,6.0,2.5,1.5
1784195883680,2026-07-16 11:58:03.680,C3:00:00:63:4C:D2,-54,127,6.0,2.5,1.5
1784195883698,2026-07-16 11:58:03.698,C3:00:00:63:4D:08,-62,127,6.0,2.5,1.5
1784195883732,2026-07-16 11:58:03.732,C3:00:00:63:4D:08,-55,127,6.0,2.5,1.5
1784195883769,2026-07-16 11:58:03.769,C3:00:00:63:4D:07,-61,127,6.0,2.5,1.5
1784195883777,2026-07-16 11:58:03.777,C3:00:00:63:4D:05,-54,127,6.0,2.5,1.5
1784195883784,2026-07-16 11:58:03.784,C3:00:00:63:4D:04,-55,127,6.0,2.5,1.5
1784195883808,2026-07-16 11:58:03.808,C3:00:00:63:4D:09,-60,127,6.0,2.5,1.5
1784195883832,2026-07-16 11:58:03.832,C3:00:00:63:4D:0A,-58,127,6.0,2.5,1.5
1784195883837,2026-07-16 11:58:03.837,C3:00:00:63:4D:08,-60,127,6.0,2.5,1.5
1784195883884,2026-07-16 11:58:03.884,C3:00:00:63:4D:05,-55,127,6.0,2.5,1.5
1784195883890,2026-07-16 11:58:03.890,C3:00:00:63:4D:07,-63,127,6.0,2.5,1.5
1784195883895,2026-07-16 11:58:03.895,C3:00:00:63:4C:D2,-62,127,6.0,2.5,1.5
1784195883902,2026-07-16 11:58:03.902,C3:00:00:63:4D:04,-64,127,6.0,2.5,1.5
1784195883935,2026-07-16 11:58:03.935,C3:00:00:63:4D:08,-56,127,6.0,2.5,1.5
1784195883963,2026-07-16 11:58:03.963,C3:00:00:63:4D:0D,-61,127,6.0,2.5,1.5
1784195883973,2026-07-16 11:58:03.973,C3:00:00:63:4D:09,-63,127,6.0,2.5,1.5
1784195883998,2026-07-16 11:58:03.998,C3:00:00:63:4D:05,-55,127,6.0,2.5,1.5
1784195884003,2026-07-16 11:58:04.003,C3:00:00:63:4D:0D,-60,127,6.0,2.5,1.5
1784195884018,2026-07-16 11:58:04.018,C3:00:00:63:4D:04,-59,127,6.0,2.5,1.5
1784195884036,2026-07-16 11:58:04.036,C3:00:00:63:4D:08,-55,127,6.0,2.5,1.5
1784195884038,2026-07-16 11:58:04.038,C3:00:00:63:4D:04,-58,127,6.0,2.5,1.5
1784195884040,2026-07-16 11:58:04.040,C3:00:00:63:4D:09,-61,127,6.0,2.5,1.5
1784195884062,2026-07-16 11:58:04.062,C3:00:00:63:4C:D2,-65,127,6.0,2.5,1.5
1784195884104,2026-07-16 11:58:04.104,C3:00:00:63:4D:05,-56,127,6.0,2.5,1.5
1784195884130,2026-07-16 11:58:04.130,C3:00:00:63:4C:D2,-65,127,6.0,2.5,1.5
1784195884134,2026-07-16 11:58:04.134,C3:00:00:63:4D:08,-61,127,6.0,2.5,1.5
1784195884150,2026-07-16 11:58:04.150,C3:00:00:63:4D:09,-72,127,6.0,2.5,1.5
1784195884214,2026-07-16 11:58:04.214,C3:00:00:63:4D:05,-55,127,6.0,2.5,1.5
1784195884236,2026-07-16 11:58:04.236,C3:00:00:63:4D:07,-63,127,6.0,2.5,1.5
1784195884250,2026-07-16 11:58:04.250,C3:00:00:63:4D:0A,-76,127,6.0,2.5,1.5
1784195884254,2026-07-16 11:58:04.254,C3:00:00:63:4D:04,-58,127,6.0,2.5,1.5
1784195884264,2026-07-16 11:58:04.264,C3:00:00:63:4D:09,-61,127,6.0,2.5,1.5
1784195884326,2026-07-16 11:58:04.326,C3:00:00:63:4D:05,-54,127,6.0,2.5,1.5
1784195884332,2026-07-16 11:58:04.332,C3:00:00:63:4D:08,-55,127,6.0,2.5,1.5
1784195884342,2026-07-16 11:58:04.342,C3:00:00:63:4D:07,-62,127,6.0,2.5,1.5
1784195884357,2026-07-16 11:58:04.357,C3:00:00:63:4D:05,-57,127,6.0,2.5,1.5
1784195884362,2026-07-16 11:58:04.362,C3:00:00:63:4D:0A,-58,127,6.0,2.5,1.5
1784195884373,2026-07-16 11:58:04.373,C3:00:00:63:4D:07,-63,127,6.0,2.5,1.5
1784195884379,2026-07-16 11:58:04.379,C3:00:00:63:4D:09,-61,127,6.0,2.5,1.5
1784195884459,2026-07-16 11:58:04.459,C3:00:00:63:4D:0A,-66,127,6.0,2.5,1.5
1784195884490,2026-07-16 11:58:04.490,C3:00:00:63:4D:04,-72,127,6.0,2.5,1.5
1784195884497,2026-07-16 11:58:04.497,C3:00:00:63:4D:07,-70,127,6.0,2.5,1.5
1784195884502,2026-07-16 11:58:04.502,C3:00:00:63:4D:08,-58,127,6.0,2.5,1.5
1784195884519,2026-07-16 11:58:04.519,C3:00:00:63:4D:08,-57,127,6.0,2.5,1.5
1784195884549,2026-07-16 11:58:04.549,C3:00:00:63:4D:08,-55,127,6.0,2.5,1.5
1784195884571,2026-07-16 11:58:04.571,C3:00:00:63:4D:07,-78,127,6.0,2.5,1.5
1784195884575,2026-07-16 11:58:04.575,C3:00:00:63:4C:D2,-56,127,6.0,2.5,1.5
1784195884581,2026-07-16 11:58:04.581,C3:00:00:63:4D:0D,-60,127,6.0,2.5,1.5
1784195884591,2026-07-16 11:58:04.591,C3:00:00:63:4D:04,-58,127,6.0,2.5,1.5
1784195884600,2026-07-16 11:58:04.600,C3:00:00:63:4D:08,-55,127,6.0,2.5,1.5
1784195884636,2026-07-16 11:58:04.636,C3:00:00:63:4D:07,-79,127,6.0,2.5,1.5
1784195884638,2026-07-16 11:58:04.638,C3:00:00:63:4D:08,-55,127,6.0,2.5,1.5
1784195884655,2026-07-16 11:58:04.655,C3:00:00:63:4D:05,-56,127,6.0,2.5,1.5
1784195884664,2026-07-16 11:58:04.664,C3:00:00:63:4D:0A,-59,127,6.0,2.5,1.5
1784195884688,2026-07-16 11:58:04.688,C3:00:00:63:4C:D2,-65,127,6.0,2.5,1.5
1784195884693,2026-07-16 11:58:04.693,C3:00:00:63:4D:07,-62,127,6.0,2.5,1.5
1784195884707,2026-07-16 11:58:04.707,C3:00:00:63:4D:04,-56,127,6.0,2.5,1.5
1784195884730,2026-07-16 11:58:04.730,C3:00:00:63:4D:08,-61,127,6.0,2.5,1.5
1784195884769,2026-07-16 11:58:04.769,C3:00:00:63:4D:05,-55,127,6.0,2.5,1.5
1784195884773,2026-07-16 11:58:04.773,C3:00:00:63:4D:0A,-67,127,6.0,2.5,1.5
1784195884794,2026-07-16 11:58:04.794,C3:00:00:63:4D:07,-63,127,6.0,2.5,1.5
1784195884799,2026-07-16 11:58:04.799,C3:00:00:63:4D:0D,-70,127,6.0,2.5,1.5
1784195884822,2026-07-16 11:58:04.822,C3:00:00:63:4D:04,-64,127,6.0,2.5,1.5
1784195884828,2026-07-16 11:58:04.828,C3:00:00:63:4D:0D,-61,127,6.0,2.5,1.5
1784195884830,2026-07-16 11:58:04.830,C3:00:00:63:4D:08,-56,127,6.0,2.5,1.5
1784195884874,2026-07-16 11:58:04.874,C3:00:00:63:4D:05,-54,127,6.0,2.5,1.5
1784195884909,2026-07-16 11:58:04.909,C3:00:00:63:4C:D2,-55,127,6.0,2.5,1.5
1784195884918,2026-07-16 11:58:04.918,C3:00:00:63:4D:07,-79,127,6.0,2.5,1.5
1784195884931,2026-07-16 11:58:04.931,C3:00:00:63:4D:0D,-60,127,6.0,2.5,1.5
1784195884943,2026-07-16 11:58:04.943,C3:00:00:63:4D:09,-61,127,6.0,2.5,1.5
1784195884979,2026-07-16 11:58:04.979,C3:00:00:63:4D:0A,-58,127,6.0,2.5,1.5
1784195884985,2026-07-16 11:58:04.985,C3:00:00:63:4D:0D,-70,127,6.0,2.5,1.5
1784195885024,2026-07-16 11:58:05.024,C3:00:00:63:4C:D2,-66,127,6.0,2.5,1.5
1784195885054,2026-07-16 11:58:05.054,C3:00:00:63:4D:09,-71,127,6.0,2.5,1.5
1784195885060,2026-07-16 11:58:05.060,C3:00:00:63:4D:0A,-66,127,6.0,2.5,1.5
1784195885085,2026-07-16 11:58:05.085,C3:00:00:63:4D:04,-65,127,6.0,2.5,1.5
1784195885096,2026-07-16 11:58:05.096,C3:00:00:63:4D:05,-56,127,6.0,2.5,1.5
1784195885134,2026-07-16 11:58:05.134,C3:00:00:63:4C:D2,-54,127,6.0,2.5,1.5
1784195885138,2026-07-16 11:58:05.138,C3:00:00:63:4D:08,-58,127,6.0,2.5,1.5
1784195885142,2026-07-16 11:58:05.142,C3:00:00:63:4D:0A,-66,127,6.0,2.5,1.5
1784195885148,2026-07-16 11:58:05.148,C3:00:00:63:4D:0D,-60,127,6.0,2.5,1.5
1784195885164,2026-07-16 11:58:05.164,C3:00:00:63:4D:09,-62,127,6.0,2.5,1.5
1784195885173,2026-07-16 11:58:05.173,C3:00:00:63:4D:04,-58,127,6.0,2.5,1.5
1784195885179,2026-07-16 11:58:05.179,C3:00:00:63:4D:0A,-82,127,6.0,2.5,1.5
1784195885206,2026-07-16 11:58:05.206,C3:00:00:63:4D:0A,-74,127,6.0,2.5,1.5
1784195885209,2026-07-16 11:58:05.209,C3:00:00:63:4D:05,-54,127,6.0,2.5,1.5
1784195885239,2026-07-16 11:58:05.239,C3:00:00:63:4D:08,-55,127,6.0,2.5,1.5
1784195885273,2026-07-16 11:58:05.273,C3:00:00:63:4D:05,-54,127,6.0,2.5,1.5
1784195885284,2026-07-16 11:58:05.284,C3:00:00:63:4D:04,-56,127,6.0,2.5,1.5
1784195885315,2026-07-16 11:58:05.315,C3:00:00:63:4D:05,-54,127,6.0,2.5,1.5
1784195885332,2026-07-16 11:58:05.332,C3:00:00:63:4D:08,-60,127,6.0,2.5,1.5
1784195885356,2026-07-16 11:58:05.356,C3:00:00:63:4C:D2,-54,127,6.0,2.5,1.5
1784195885377,2026-07-16 11:58:05.377,C3:00:00:63:4D:07,-62,127,6.0,2.5,1.5
1784195885387,2026-07-16 11:58:05.387,C3:00:00:63:4D:0D,-62,127,6.0,2.5,1.5
1784195885404,2026-07-16 11:58:05.404,C3:00:00:63:4D:0A,-66,127,6.0,2.5,1.5
1784195885433,2026-07-16 11:58:05.433,C3:00:00:63:4D:08,-58,127,6.0,2.5,1.5
1784195885447,2026-07-16 11:58:05.447,C3:00:00:63:4C:D2,-54,127,6.0,2.5,1.5
1784195885471,2026-07-16 11:58:05.471,C3:00:00:63:4C:D2,-55,127,6.0,2.5,1.5
1784195885493,2026-07-16 11:58:05.493,C3:00:00:63:4D:07,-77,127,6.0,2.5,1.5
1784195885509,2026-07-16 11:58:05.509,C3:00:00:63:4D:0A,-75,127,6.0,2.5,1.5
1784195885511,2026-07-16 11:58:05.511,C3:00:00:63:4D:0D,-60,127,6.0,2.5,1.5
1784195885514,2026-07-16 11:58:05.514,C3:00:00:63:4D:09,-62,127,6.0,2.5,1.5
1784195885515,2026-07-16 11:58:05.515,C3:00:00:63:4D:04,-58,127,6.0,2.5,1.5
1784195885519,2026-07-16 11:58:05.519,C3:00:00:63:4D:0D,-60,127,6.0,2.5,1.5
1784195885531,2026-07-16 11:58:05.531,C3:00:00:63:4D:08,-55,127,6.0,2.5,1.5
1784195885539,2026-07-16 11:58:05.539,C3:00:00:63:4D:05,-54,127,6.0,2.5,1.5
1784195885590,2026-07-16 11:58:05.590,C3:00:00:63:4C:D2,-65,127,6.0,2.5,1.5
1784195885614,2026-07-16 11:58:05.614,C3:00:00:63:4D:07,-62,127,6.0,2.5,1.5
1784195885635,2026-07-16 11:58:05.635,C3:00:00:63:4D:04,-56,127,6.0,2.5,1.5
1784195885641,2026-07-16 11:58:05.641,C3:00:00:63:4D:08,-61,127,6.0,2.5,1.5
1784195885648,2026-07-16 11:58:05.648,C3:00:00:63:4D:04,-64,127,6.0,2.5,1.5
1784195885695,2026-07-16 11:58:05.695,C3:00:00:63:4C:D2,-54,127,6.0,2.5,1.5
1784195885717,2026-07-16 11:58:05.717,C3:00:00:63:4D:0A,-67,127,6.0,2.5,1.5
1784195885732,2026-07-16 11:58:05.732,C3:00:00:63:4D:0D,-62,127,6.0,2.5,1.5
1784195885739,2026-07-16 11:58:05.739,C3:00:00:63:4D:04,-64,127,6.0,2.5,1.5
1784195885754,2026-07-16 11:58:05.754,C3:00:00:63:4D:05,-54,127,6.0,2.5,1.5
1784195885835,2026-07-16 11:58:05.835,C3:00:00:63:4D:08,-55,127,6.0,2.5,1.5
1784195885839,2026-07-16 11:58:05.839,C3:00:00:63:4D:07,-78,127,6.0,2.5,1.5
1784195885844,2026-07-16 11:58:05.844,C3:00:00:63:4D:09,-61,127,6.0,2.5,1.5
1784195885914,2026-07-16 11:58:05.914,C3:00:00:63:4D:0A,-59,127,6.0,2.5,1.5
1784195885921,2026-07-16 11:58:05.921,C3:00:00:63:4C:D2,-65,127,6.0,2.5,1.5
1784195885936,2026-07-16 11:58:05.936,C3:00:00:63:4D:08,-61,127,6.0,2.5,1.5
1784195885971,2026-07-16 11:58:05.971,C3:00:00:63:4D:04,-64,127,6.0,2.5,1.5
1784195885976,2026-07-16 11:58:05.976,C3:00:00:63:4D:05,-55,127,6.0,2.5,1.5
1784195885982,2026-07-16 11:58:05.982,C3:00:00:63:4D:09,-72,127,6.0,2.5,1.5
1784195886003,2026-07-16 11:58:06.003,C3:00:00:63:4D:09,-72,127,6.0,2.5,1.5
1784195886016,2026-07-16 11:58:06.016,C3:00:00:63:4D:04,-64,127,6.0,2.5,1.5
1784195886021,2026-07-16 11:58:06.021,C3:00:00:63:4D:0A,-67,127,6.0,2.5,1.5
1784195886031,2026-07-16 11:58:06.031,C3:00:00:63:4D:08,-56,127,6.0,2.5,1.5
1784195886037,2026-07-16 11:58:06.037,C3:00:00:63:4C:D2,-55,127,6.0,2.5,1.5
1784195886065,2026-07-16 11:58:06.065,C3:00:00:63:4C:D2,-56,127,6.0,2.5,1.5
1784195886073,2026-07-16 11:58:06.073,C3:00:00:63:4D:09,-61,127,6.0,2.5,1.5
1784195886081,2026-07-16 11:58:06.081,C3:00:00:63:4D:07,-78,127,6.0,2.5,1.5
1784195886087,2026-07-16 11:58:06.087,C3:00:00:63:4D:0D,-61,127,6.0,2.5,1.5
1784195886125,2026-07-16 11:58:06.125,C3:00:00:63:4D:0A,-75,127,6.0,2.5,1.5
1784195886185,2026-07-16 11:58:06.185,C3:00:00:63:4D:07,-62,127,6.0,2.5,1.5
1784195886194,2026-07-16 11:58:06.194,C3:00:00:63:4D:05,-56,127,6.0,2.5,1.5
1784195886208,2026-07-16 11:58:06.208,C3:00:00:63:4D:04,-56,127,6.0,2.5,1.5
1784195886232,2026-07-16 11:58:06.232,C3:00:00:63:4D:08,-61,127,6.0,2.5,1.5
1784195886304,2026-07-16 11:58:06.304,C3:00:00:63:4D:05,-55,127,6.0,2.5,1.5
1784195886314,2026-07-16 11:58:06.314,C3:00:00:63:4D:04,-64,127,6.0,2.5,1.5
1784195886335,2026-07-16 11:58:06.335,C3:00:00:63:4D:08,-56,127,6.0,2.5,1.5
1784195886365,2026-07-16 11:58:06.365,C3:00:00:63:4C:D2,-55,127,6.0,2.5,1.5
1784195886368,2026-07-16 11:58:06.368,C3:00:00:63:4D:07,-78,127,6.0,2.5,1.5
1784195886409,2026-07-16 11:58:06.409,C3:00:00:63:4D:09,-61,127,6.0,2.5,1.5
1784195886412,2026-07-16 11:58:06.412,C3:00:00:63:4D:05,-54,127,6.0,2.5,1.5
1784195886423,2026-07-16 11:58:06.423,C3:00:00:63:4D:0D,-60,127,6.0,2.5,1.5
1784195886447,2026-07-16 11:58:06.447,C3:00:00:63:4D:04,-58,127,6.0,2.5,1.5
1784195886476,2026-07-16 11:58:06.476,C3:00:00:63:4C:D2,-66,127,6.0,2.5,1.5
1784195886524,2026-07-16 11:58:06.524,C3:00:00:63:4D:09,-60,127,6.0,2.5,1.5
1784195886530,2026-07-16 11:58:06.530,C3:00:00:63:4D:07,-61,127,6.0,2.5,1.5
1784195886537,2026-07-16 11:58:06.537,C3:00:00:63:4D:08,-60,127,6.0,2.5,1.5
1784195886591,2026-07-16 11:58:06.591,C3:00:00:63:4C:D2,-54,127,6.0,2.5,1.5
1784195886595,2026-07-16 11:58:06.595,C3:00:00:63:4D:05,-57,127,6.0,2.5,1.5
1784195886619,2026-07-16 11:58:06.619,C3:00:00:63:4D:08,-58,127,6.0,2.5,1.5
1784195886634,2026-07-16 11:58:06.634,C3:00:00:63:4D:09,-71,127,6.0,2.5,1.5
1784195886637,2026-07-16 11:58:06.637,C3:00:00:63:4D:05,-56,127,6.0,2.5,1.5
1784195886646,2026-07-16 11:58:06.646,C3:00:00:63:4D:0A,-74,127,6.0,2.5,1.5
1784195886650,2026-07-16 11:58:06.650,C3:00:00:63:4D:0D,-60,127,6.0,2.5,1.5
1784195886661,2026-07-16 11:58:06.661,C3:00:00:63:4D:04,-58,127,6.0,2.5,1.5
1784195886701,2026-07-16 11:58:06.701,C3:00:00:63:4C:D2,-54,127,6.0,2.5,1.5
1784195886734,2026-07-16 11:58:06.734,C3:00:00:63:4D:08,-55,127,6.0,2.5,1.5
1784195886743,2026-07-16 11:58:06.743,C3:00:00:63:4D:05,-54,127,6.0,2.5,1.5
1784195886748,2026-07-16 11:58:06.748,C3:00:00:63:4D:0A,-59,127,6.0,2.5,1.5
1784195886769,2026-07-16 11:58:06.769,C3:00:00:63:4D:07,-62,127,6.0,2.5,1.5
1784195886818,2026-07-16 11:58:06.818,C3:00:00:63:4C:D2,-65,127,6.0,2.5,1.5
1784195886830,2026-07-16 11:58:06.830,C3:00:00:63:4D:08,-61,127,6.0,2.5,1.5
1784195886857,2026-07-16 11:58:06.857,C3:00:00:63:4D:05,-55,127,6.0,2.5,1.5
1784195886862,2026-07-16 11:58:06.862,C3:00:00:63:4D:09,-72,127,6.0,2.5,1.5
1784195886870,2026-07-16 11:58:06.870,C3:00:00:63:4D:07,-63,127,6.0,2.5,1.5
1784195886879,2026-07-16 11:58:06.879,C3:00:00:63:4D:0D,-62,127,6.0,2.5,1.5
1784195886888,2026-07-16 11:58:06.888,C3:00:00:63:4D:04,-64,127,6.0,2.5,1.5
1784195886936,2026-07-16 11:58:06.936,C3:00:00:63:4D:08,-56,127,6.0,2.5,1.5
1784195886961,2026-07-16 11:58:06.961,C3:00:00:63:4D:0A,-75,127,6.0,2.5,1.5
1784195886966,2026-07-16 11:58:06.966,C3:00:00:63:4D:05,-54,127,6.0,2.5,1.5
1784195886983,2026-07-16 11:58:06.983,C3:00:00:63:4D:0D,-60,127,6.0,2.5,1.5
1784195886994,2026-07-16 11:58:06.994,C3:00:00:63:4D:07,-78,127,6.0,2.5,1.5
1784195887003,2026-07-16 11:58:07.003,C3:00:00:63:4D:0D,-60,127,6.0,2.5,1.5
1784195887043,2026-07-16 11:58:07.043,C3:00:00:63:4C:D2,-55,127,6.0,2.5,1.5
1784195887059,2026-07-16 11:58:07.059,C3:00:00:63:4D:0A,-59,127,6.0,2.5,1.5
1784195887073,2026-07-16 11:58:07.073,C3:00:00:63:4D:05,-56,127,6.0,2.5,1.5
1784195887080,2026-07-16 11:58:07.080,C3:00:00:63:4D:0A,-58,127,6.0,2.5,1.5
1784195887120,2026-07-16 11:58:07.120,C3:00:00:63:4D:04,-56,127,6.0,2.5,1.5
1784195887128,2026-07-16 11:58:07.128,C3:00:00:63:4D:08,-61,127,6.0,2.5,1.5
1784195887151,2026-07-16 11:58:07.151,C3:00:00:63:4C:D2,-55,127,6.0,2.5,1.5
1784195887154,2026-07-16 11:58:07.154,C3:00:00:63:4D:0A,-67,127,6.0,2.5,1.5
1784195887176,2026-07-16 11:58:07.176,C3:00:00:63:4D:09,-73,127,6.0,2.5,1.5
1784195887179,2026-07-16 11:58:07.179,C3:00:00:63:4D:0A,-67,127,6.0,2.5,1.5
1784195887196,2026-07-16 11:58:07.196,C3:00:00:63:4D:09,-71,127,6.0,2.5,1.5
1784195887218,2026-07-16 11:58:07.218,C3:00:00:63:4D:07,-63,127,6.0,2.5,1.5
1784195887222,2026-07-16 11:58:07.222,C3:00:00:63:4D:0D,-62,127,6.0,2.5,1.5
1784195887236,2026-07-16 11:58:07.236,C3:00:00:63:4D:04,-64,127,6.0,2.5,1.5
1784195887262,2026-07-16 11:58:07.262,C3:00:00:63:4C:D2,-55,127,6.0,2.5,1.5
1784195887273,2026-07-16 11:58:07.273,C3:00:00:63:4D:0A,-76,127,6.0,2.5,1.5
1784195887318,2026-07-16 11:58:07.318,C3:00:00:63:4D:09,-61,127,6.0,2.5,1.5
1784195887331,2026-07-16 11:58:07.331,C3:00:00:63:4D:08,-55,127,6.0,2.5,1.5
1784195887344,2026-07-16 11:58:07.344,C3:00:00:63:4D:07,-78,127,6.0,2.5,1.5
1784195887352,2026-07-16 11:58:07.352,C3:00:00:63:4D:0D,-61,127,6.0,2.5,1.5
1784195887355,2026-07-16 11:58:07.355,C3:00:00:63:4D:04,-56,127,6.0,2.5,1.5
1784195887370,2026-07-16 11:58:07.370,C3:00:00:63:4D:0A,-59,127,6.0,2.5,1.5
1784195887379,2026-07-16 11:58:07.379,C3:00:00:63:4C:D2,-65,127,6.0,2.5,1.5
1784195887411,2026-07-16 11:58:07.411,C3:00:00:63:4D:05,-56,127,6.0,2.5,1.5
1784195887430,2026-07-16 11:58:07.430,C3:00:00:63:4D:09,-60,127,6.0,2.5,1.5
1784195887439,2026-07-16 11:58:07.439,C3:00:00:63:4D:08,-60,127,6.0,2.5,1.5
1784195887455,2026-07-16 11:58:07.455,C3:00:00:63:4D:07,-62,127,6.0,2.5,1.5
1784195887460,2026-07-16 11:58:07.460,C3:00:00:63:4C:D2,-55,127,6.0,2.5,1.5
1784195887469,2026-07-16 11:58:07.469,C3:00:00:63:4D:04,-65,127,6.0,2.5,1.5
1784195887483,2026-07-16 11:58:07.483,C3:00:00:63:4C:D2,-54,127,6.0,2.5,1.5
1784195887520,2026-07-16 11:58:07.520,C3:00:00:63:4D:05,-56,127,6.0,2.5,1.5
1784195887529,2026-07-16 11:58:07.529,C3:00:00:63:4D:0D,-62,127,6.0,2.5,1.5
1784195887538,2026-07-16 11:58:07.538,C3:00:00:63:4D:08,-58,127,6.0,2.5,1.5
1784195887585,2026-07-16 11:58:07.585,C3:00:00:63:4D:04,-58,127,6.0,2.5,1.5
1784195887592,2026-07-16 11:58:07.592,C3:00:00:63:4C:D2,-55,127,6.0,2.5,1.5
1784195887622,2026-07-16 11:58:07.622,C3:00:00:63:4D:05,-54,127,6.0,2.5,1.5
1784195887643,2026-07-16 11:58:07.643,C3:00:00:63:4D:08,-55,127,6.0,2.5,1.5
1784195887655,2026-07-16 11:58:07.655,C3:00:00:63:4D:09,-61,127,6.0,2.5,1.5
1784195887680,2026-07-16 11:58:07.680,C3:00:00:63:4D:07,-63,127,6.0,2.5,1.5
1784195887687,2026-07-16 11:58:07.687,C3:00:00:63:4D:0A,-59,127,6.0,2.5,1.5
1784195887702,2026-07-16 11:58:07.702,C3:00:00:63:4D:04,-56,127,6.0,2.5,1.5
1784195887706,2026-07-16 11:58:07.706,C3:00:00:63:4D:08,-69,127,6.0,2.5,1.5
1784195887713,2026-07-16 11:58:07.713,C3:00:00:63:4C:D2,-65,127,6.0,2.5,1.5
1784195887732,2026-07-16 11:58:07.732,C3:00:00:63:4D:08,-61,127,6.0,2.5,1.5
1784195887738,2026-07-16 11:58:07.738,C3:00:00:63:4D:05,-56,127,6.0,2.5,1.5
1784195887761,2026-07-16 11:58:07.761,C3:00:00:63:4D:09,-71,127,6.0,2.5,1.5
1784195887796,2026-07-16 11:58:07.796,C3:00:00:63:4D:07,-63,127,6.0,2.5,1.5
1784195887800,2026-07-16 11:58:07.800,C3:00:00:63:4D:0D,-61,127,6.0,2.5,1.5
1784195887811,2026-07-16 11:58:07.811,C3:00:00:63:4D:04,-64,127,6.0,2.5,1.5
1784195887829,2026-07-16 11:58:07.829,C3:00:00:63:4C:D2,-55,127,6.0,2.5,1.5
1784195887836,2026-07-16 11:58:07.836,C3:00:00:63:4D:08,-56,127,6.0,2.5,1.5
1784195887881,2026-07-16 11:58:07.881,C3:00:00:63:4D:09,-61,127,6.0,2.5,1.5
1784195887888,2026-07-16 11:58:07.888,C3:00:00:63:4D:0A,-76,127,6.0,2.5,1.5
1784195887902,2026-07-16 11:58:07.902,C3:00:00:63:4C:D2,-62,127,6.0,2.5,1.5
1784195887914,2026-07-16 11:58:07.914,C3:00:00:63:4D:0D,-60,127,6.0,2.5,1.5
1784195887926,2026-07-16 11:58:07.926,C3:00:00:63:4D:07,-78,127,6.0,2.5,1.5
1784195887933,2026-07-16 11:58:07.933,C3:00:00:63:4D:08,-55,127,6.0,2.5,1.5
1784195887938,2026-07-16 11:58:07.938,C3:00:00:63:4C:D2,-55,127,6.0,2.5,1.5
1784195887954,2026-07-16 11:58:07.954,C3:00:00:63:4D:05,-56,127,6.0,2.5,1.5
1784195887969,2026-07-16 11:58:07.969,C3:00:00:63:4D:0D,-86,127,6.0,2.5,1.5
1784195887990,2026-07-16 11:58:07.990,C3:00:00:63:4D:09,-61,127,6.0,2.5,1.5
1784195887996,2026-07-16 11:58:07.996,C3:00:00:63:4D:0A,-59,127,6.0,2.5,1.5
1784195888012,2026-07-16 11:58:08.012,C3:00:00:63:4D:09,-61,127,6.0,2.5,1.5
1784195888018,2026-07-16 11:58:08.018,C3:00:00:63:4D:04,-57,127,6.0,2.5,1.5
1784195888028,2026-07-16 11:58:08.028,C3:00:00:63:4D:07,-62,127,6.0,2.5,1.5
1784195888046,2026-07-16 11:58:08.046,C3:00:00:63:4D:04,-64,127,6.0,2.5,1.5
1784195888050,2026-07-16 11:58:08.050,C3:00:00:63:4C:D2,-55,127,6.0,2.5,1.5
1784195888062,2026-07-16 11:58:08.062,C3:00:00:63:4D:05,-55,127,6.0,2.5,1.5
1784195888079,2026-07-16 11:58:08.079,C3:00:00:63:4C:D2,-55,127,6.0,2.5,1.5
1784195888099,2026-07-16 11:58:08.099,C3:00:00:63:4D:0A,-67,127,6.0,2.5,1.5
1784195888129,2026-07-16 11:58:08.129,C3:00:00:63:4D:08,-57,127,6.0,2.5,1.5
1784195888151,2026-07-16 11:58:08.151,C3:00:00:63:4D:0D,-61,127,6.0,2.5,1.5
1784195888160,2026-07-16 11:58:08.160,C3:00:00:63:4C:D2,-55,127,6.0,2.5,1.5
1784195888164,2026-07-16 11:58:08.164,C3:00:00:63:4D:04,-58,127,6.0,2.5,1.5
1784195888177,2026-07-16 11:58:08.177,C3:00:00:63:4D:05,-54,127,6.0,2.5,1.5
1784195888205,2026-07-16 11:58:08.205,C3:00:00:63:4D:0A,-76,127,6.0,2.5,1.5
1784195888219,2026-07-16 11:58:08.219,C3:00:00:63:4D:09,-62,127,6.0,2.5,1.5
1784195888236,2026-07-16 11:58:08.236,C3:00:00:63:4D:08,-55,127,6.0,2.5,1.5
1784195888260,2026-07-16 11:58:08.260,C3:00:00:63:4D:0D,-85,127,6.0,2.5,1.5
1784195888262,2026-07-16 11:58:08.262,C3:00:00:63:4D:07,-62,127,6.0,2.5,1.5
1784195888266,2026-07-16 11:58:08.266,C3:00:00:63:4C:D2,-65,127,6.0,2.5,1.5
1784195888275,2026-07-16 11:58:08.275,C3:00:00:63:4D:04,-56,127,6.0,2.5,1.5
1784195888290,2026-07-16 11:58:08.290,C3:00:00:63:4D:05,-56,127,6.0,2.5,1.5
1784195888334,2026-07-16 11:58:08.334,C3:00:00:63:4D:09,-61,127,6.0,2.5,1.5
1784195888338,2026-07-16 11:58:08.338,C3:00:00:63:4D:08,-61,127,6.0,2.5,1.5
1784195888365,2026-07-16 11:58:08.365,C3:00:00:63:4D:05,-55,127,6.0,2.5,1.5
1784195888396,2026-07-16 11:58:08.396,C3:00:00:63:4D:05,-55,127,6.0,2.5,1.5
1784195888416,2026-07-16 11:58:08.416,C3:00:00:63:4D:0A,-67,127,6.0,2.5,1.5
1784195888429,2026-07-16 11:58:08.429,C3:00:00:63:4D:08,-55,127,6.0,2.5,1.5
1784195888449,2026-07-16 11:58:08.449,C3:00:00:63:4D:09,-71,127,6.0,2.5,1.5
1784195888482,2026-07-16 11:58:08.482,C3:00:00:63:4D:07,-84,127,6.0,2.5,1.5
1784195888484,2026-07-16 11:58:08.484,C3:00:00:63:4D:04,-65,127,6.0,2.5,1.5
1784195888488,2026-07-16 11:58:08.488,C3:00:00:63:4D:0D,-60,127,6.0,2.5,1.5
1784195888502,2026-07-16 11:58:08.502,C3:00:00:63:4D:04,-58,127,6.0,2.5,1.5
1784195888505,2026-07-16 11:58:08.505,C3:00:00:63:4D:07,-78,127,6.0,2.5,1.5
1784195888509,2026-07-16 11:58:08.509,C3:00:00:63:4D:08,-55,127,6.0,2.5,1.5
1784195888522,2026-07-16 11:58:08.522,C3:00:00:63:4D:05,-54,127,6.0,2.5,1.5
1784195888524,2026-07-16 11:58:08.524,C3:00:00:63:4D:0A,-76,127,6.0,2.5,1.5
1784195888599,2026-07-16 11:58:08.599,C3:00:00:63:4D:07,-62,127,6.0,2.5,1.5
1784195888609,2026-07-16 11:58:08.609,C3:00:00:63:4C:D2,-65,127,6.0,2.5,1.5
1784195888626,2026-07-16 11:58:08.626,C3:00:00:63:4D:08,-61,127,6.0,2.5,1.5
1784195888647,2026-07-16 11:58:08.647,C3:00:00:63:4D:08,-59,127,6.0,2.5,1.5
1784195888654,2026-07-16 11:58:08.654,C3:00:00:63:4D:07,-63,127,6.0,2.5,1.5
1784195888668,2026-07-16 11:58:08.668,C3:00:00:63:4D:09,-71,127,6.0,2.5,1.5
1784195888719,2026-07-16 11:58:08.719,C3:00:00:63:4C:D2,-54,127,6.0,2.5,1.5
1784195888741,2026-07-16 11:58:08.741,C3:00:00:63:4D:04,-65,127,6.0,2.5,1.5
1784195888751,2026-07-16 11:58:08.751,C3:00:00:63:4C:D2,-56,127,6.0,2.5,1.5
1784195888799,2026-07-16 11:58:08.799,C3:00:00:63:4D:07,-75,127,6.0,2.5,1.5
1784195888807,2026-07-16 11:58:08.807,C3:00:00:63:4D:0D,-68,127,6.0,2.5,1.5
1784195888824,2026-07-16 11:58:08.824,C3:00:00:63:4C:D2,-54,127,6.0,2.5,1.5
1784195888852,2026-07-16 11:58:08.852,C3:00:00:63:4D:04,-56,127,6.0,2.5,1.5
1784195888893,2026-07-16 11:58:08.893,C3:00:00:63:4D:09,-60,127,6.0,2.5,1.5
1784195888942,2026-07-16 11:58:08.942,C3:00:00:63:4D:05,-54,127,6.0,2.5,1.5
1784195888948,2026-07-16 11:58:08.948,C3:00:00:63:4C:D2,-54,127,6.0,2.5,1.5
1784195888953,2026-07-16 11:58:08.953,C3:00:00:63:4D:0D,-62,127,6.0,2.5,1.5
1784195888970,2026-07-16 11:58:08.970,C3:00:00:63:4D:04,-65,127,6.0,2.5,1.5
1784195889004,2026-07-16 11:58:09.004,C3:00:00:63:4D:09,-71,127,6.0,2.5,1.5
1784195889071,2026-07-16 11:58:09.071,C3:00:00:63:4D:0D,-60,127,6.0,2.5,1.5
1784195889084,2026-07-16 11:58:09.084,C3:00:00:63:4D:04,-58,127,6.0,2.5,1.5
1784195889117,2026-07-16 11:58:09.117,C3:00:00:63:4D:09,-61,127,6.0,2.5,1.5
1784195889139,2026-07-16 11:58:09.139,C3:00:00:63:4D:08,-55,127,6.0,2.5,1.5
1784195889158,2026-07-16 11:58:09.158,C3:00:00:63:4D:0A,-59,127,6.0,2.5,1.5
1784195889167,2026-07-16 11:58:09.167,C3:00:00:63:4D:05,-56,127,6.0,2.5,1.5
1784195889170,2026-07-16 11:58:09.170,C3:00:00:63:4C:D2,-65,127,6.0,2.5,1.5
1784195889193,2026-07-16 11:58:09.193,C3:00:00:63:4D:04,-56,127,6.0,2.5,1.5
1784195889232,2026-07-16 11:58:09.232,C3:00:00:63:4D:09,-61,127,6.0,2.5,1.5
1784195889237,2026-07-16 11:58:09.237,C3:00:00:63:4D:08,-61,127,6.0,2.5,1.5
1784195889269,2026-07-16 11:58:09.269,C3:00:00:63:4D:05,-55,127,6.0,2.5,1.5
1784195889331,2026-07-16 11:58:09.331,C3:00:00:63:4D:08,-56,127,6.0,2.5,1.5
1784195889343,2026-07-16 11:58:09.343,C3:00:00:63:4D:0A,-76,127,6.0,2.5,1.5
1784195889356,2026-07-16 11:58:09.356,C3:00:00:63:4D:09,-61,127,6.0,2.5,1.5
1784195889385,2026-07-16 11:58:09.385,C3:00:00:63:4D:05,-54,127,6.0,2.5,1.5
1784195889427,2026-07-16 11:58:09.427,C3:00:00:63:4D:04,-58,127,6.0,2.5,1.5
1784195889430,2026-07-16 11:58:09.430,C3:00:00:63:4D:08,-55,127,6.0,2.5,1.5
1784195889452,2026-07-16 11:58:09.452,C3:00:00:63:4D:0A,-59,127,6.0,2.5,1.5
1784195889470,2026-07-16 11:58:09.470,C3:00:00:63:4C:D2,-65,127,6.0,2.5,1.5
1784195889498,2026-07-16 11:58:09.498,C3:00:00:63:4D:05,-56,127,6.0,2.5,1.5
1784195889505,2026-07-16 11:58:09.505,C3:00:00:63:4C:D2,-65,127,6.0,2.5,1.5
1784195889524,2026-07-16 11:58:09.524,C3:00:00:63:4D:07,-58,127,6.0,2.5,1.5
1784195889543,2026-07-16 11:58:09.543,C3:00:00:63:4D:0D,-62,127,6.0,2.5,1.5
1784195889570,2026-07-16 11:58:09.570,C3:00:00:63:4D:09,-71,127,6.0,2.5,1.5
1784195889615,2026-07-16 11:58:09.615,C3:00:00:63:4C:D2,-54,127,6.0,2.5,1.5
1784195889641,2026-07-16 11:58:09.641,C3:00:00:63:4D:08,-56,127,6.0,2.5,1.5
1784195889645,2026-07-16 11:58:09.645,C3:00:00:63:4D:0D,-62,127,6.0,2.5,1.5
1784195889689,2026-07-16 11:58:09.689,C3:00:00:63:4D:09,-61,127,6.0,2.5,1.5
1784195889715,2026-07-16 11:58:09.715,C3:00:00:63:4D:05,-54,127,6.0,2.5,1.5
1784195889724,2026-07-16 11:58:09.724,C3:00:00:63:4C:D2,-55,127,6.0,2.5,1.5
1784195889728,2026-07-16 11:58:09.728,C3:00:00:63:4D:08,-55,127,6.0,2.5,1.5
1784195889768,2026-07-16 11:58:09.768,C3:00:00:63:4D:04,-56,127,6.0,2.5,1.5
1784195889823,2026-07-16 11:58:09.823,C3:00:00:63:4D:09,-69,127,6.0,2.5,1.5
1784195889831,2026-07-16 11:58:09.831,C3:00:00:63:4D:05,-56,127,6.0,2.5,1.5
1784195889835,2026-07-16 11:58:09.835,C3:00:00:63:4C:D2,-63,127,6.0,2.5,1.5
1784195889861,2026-07-16 11:58:09.861,C3:00:00:63:4D:07,-63,127,6.0,2.5,1.5
1784195889866,2026-07-16 11:58:09.866,C3:00:00:63:4D:0A,-68,127,6.0,2.5,1.5
1784195889928,2026-07-16 11:58:09.928,C3:00:00:63:4D:08,-56,127,6.0,2.5,1.5
1784195889935,2026-07-16 11:58:09.935,C3:00:00:63:4D:05,-55,127,6.0,2.5,1.5
1784195889955,2026-07-16 11:58:09.955,C3:00:00:63:4C:D2,-55,127,6.0,2.5,1.5
1784195889960,2026-07-16 11:58:09.960,C3:00:00:63:4D:05,-61,127,6.0,2.5,1.5
1784195890002,2026-07-16 11:58:10.002,C3:00:00:63:4D:04,-59,127,6.0,2.5,1.5
1784195890030,2026-07-16 11:58:10.030,C3:00:00:63:4D:09,-62,127,6.0,2.5,1.5
1784195890034,2026-07-16 11:58:10.034,C3:00:00:63:4D:08,-55,127,6.0,2.5,1.5
1784195890042,2026-07-16 11:58:10.042,C3:00:00:63:4D:05,-56,127,6.0,2.5,1.5
1784195890065,2026-07-16 11:58:10.065,C3:00:00:63:4C:D2,-65,127,6.0,2.5,1.5
1784195890082,2026-07-16 11:58:10.082,C3:00:00:63:4D:0A,-59,127,6.0,2.5,1.5
1784195890091,2026-07-16 11:58:10.091,C3:00:00:63:4C:D2,-65,127,6.0,2.5,1.5
1784195890099,2026-07-16 11:58:10.099,C3:00:00:63:4D:07,-62,127,6.0,2.5,1.5
1784195890112,2026-07-16 11:58:10.112,C3:00:00:63:4D:04,-56,127,6.0,2.5,1.5
1784195890140,2026-07-16 11:58:10.140,C3:00:00:63:4D:08,-61,127,6.0,2.5,1.5
1784195890170,2026-07-16 11:58:10.170,C3:00:00:63:4C:D2,-55,127,6.0,2.5,1.5
1784195890177,2026-07-16 11:58:10.177,C3:00:00:63:4D:0A,-67,127,6.0,2.5,1.5
1784195890233,2026-07-16 11:58:10.233,C3:00:00:63:4D:08,-56,127,6.0,2.5,1.5
1784195890239,2026-07-16 11:58:10.239,C3:00:00:63:4D:04,-64,127,6.0,2.5,1.5
1784195890264,2026-07-16 11:58:10.264,C3:00:00:63:4D:09,-61,127,6.0,2.5,1.5
1784195890322,2026-07-16 11:58:10.322,C3:00:00:63:4D:07,-78,127,6.0,2.5,1.5
1784195890326,2026-07-16 11:58:10.326,C3:00:00:63:4D:0D,-60,127,6.0,2.5,1.5
1784195890331,2026-07-16 11:58:10.331,C3:00:00:63:4D:08,-55,127,6.0,2.5,1.5
1784195890348,2026-07-16 11:58:10.348,C3:00:00:63:4D:04,-58,127,6.0,2.5,1.5
1784195890363,2026-07-16 11:58:10.363,C3:00:00:63:4D:09,-61,127,6.0,2.5,1.5
1784195890383,2026-07-16 11:58:10.383,C3:00:00:63:4D:07,-62,127,6.0,2.5,1.5
1784195890388,2026-07-16 11:58:10.388,C3:00:00:63:4D:0A,-59,127,6.0,2.5,1.5
1784195890399,2026-07-16 11:58:10.399,C3:00:00:63:4C:D2,-65,127,6.0,2.5,1.5
1784195890438,2026-07-16 11:58:10.438,C3:00:00:63:4D:08,-60,127,6.0,2.5,1.5
1784195890441,2026-07-16 11:58:10.441,C3:00:00:63:4D:07,-61,127,6.0,2.5,1.5
1784195890474,2026-07-16 11:58:10.474,C3:00:00:63:4D:09,-71,127,6.0,2.5,1.5
1784195890498,2026-07-16 11:58:10.498,C3:00:00:63:4D:05,-56,127,6.0,2.5,1.5
1784195890501,2026-07-16 11:58:10.501,C3:00:00:63:4D:0A,-66,127,6.0,2.5,1.5
1784195890522,2026-07-16 11:58:10.522,C3:00:00:63:4C:D2,-54,127,6.0,2.5,1.5
1784195890557,2026-07-16 11:58:10.557,C3:00:00:63:4D:0D,-60,127,6.0,2.5,1.5
1784195890562,2026-07-16 11:58:10.562,C3:00:00:63:4D:07,-75,127,6.0,2.5,1.5
1784195890581,2026-07-16 11:58:10.581,C3:00:00:63:4D:04,-58,127,6.0,2.5,1.5
1784195890592,2026-07-16 11:58:10.592,C3:00:00:63:4D:09,-60,127,6.0,2.5,1.5
1784195890595,2026-07-16 11:58:10.595,C3:00:00:63:4D:05,-54,127,6.0,2.5,1.5
1784195890607,2026-07-16 11:58:10.607,C3:00:00:63:4D:0A,-76,127,6.0,2.5,1.5
1784195890620,2026-07-16 11:58:10.620,C3:00:00:63:4D:05,-55,127,6.0,2.5,1.5
1784195890626,2026-07-16 11:58:10.626,C3:00:00:63:4C:D2,-54,127,6.0,2.5,1.5
1784195890634,2026-07-16 11:58:10.634,C3:00:00:63:4D:08,-55,127,6.0,2.5,1.5
1784195890672,2026-07-16 11:58:10.672,C3:00:00:63:4D:07,-61,127,6.0,2.5,1.5
1784195890675,2026-07-16 11:58:10.675,C3:00:00:63:4D:0D,-69,127,6.0,2.5,1.5
1784195890693,2026-07-16 11:58:10.693,C3:00:00:63:4D:07,-61,127,6.0,2.5,1.5
1784195890710,2026-07-16 11:58:10.710,C3:00:00:63:4D:0A,-58,127,6.0,2.5,1.5
1784195890714,2026-07-16 11:58:10.714,C3:00:00:63:4D:09,-60,127,6.0,2.5,1.5
1784195890716,2026-07-16 11:58:10.716,C3:00:00:63:4D:05,-54,127,6.0,2.5,1.5
1784195890728,2026-07-16 11:58:10.728,C3:00:00:63:4D:08,-60,127,6.0,2.5,1.5
1784195890740,2026-07-16 11:58:10.740,C3:00:00:63:4C:D2,-65,127,6.0,2.5,1.5
1784195890787,2026-07-16 11:58:10.787,C3:00:00:63:4D:07,-62,127,6.0,2.5,1.5
1784195890789,2026-07-16 11:58:10.789,C3:00:00:63:4D:0D,-62,127,6.0,2.5,1.5
1784195890806,2026-07-16 11:58:10.806,C3:00:00:63:4D:0A,-66,127,6.0,2.5,1.5
1784195890852,2026-07-16 11:58:10.852,C3:00:00:63:4C:D2,-54,127,6.0,2.5,1.5
1784195890907,2026-07-16 11:58:10.907,C3:00:00:63:4D:07,-78,127,6.0,2.5,1.5
1784195890913,2026-07-16 11:58:10.913,C3:00:00:63:4D:0D,-60,127,6.0,2.5,1.5
1784195890920,2026-07-16 11:58:10.920,C3:00:00:63:4D:0A,-76,127,6.0,2.5,1.5
1784195890988,2026-07-16 11:58:10.988,C3:00:00:63:4D:0D,-86,127,6.0,2.5,1.5
1784195891014,2026-07-16 11:58:11.014,C3:00:00:63:4D:0A,-59,127,6.0,2.5,1.5
1784195891018,2026-07-16 11:58:11.018,C3:00:00:63:4D:07,-62,127,6.0,2.5,1.5
1784195891035,2026-07-16 11:58:11.035,C3:00:00:63:4D:08,-61,127,6.0,2.5,1.5
1784195891040,2026-07-16 11:58:11.040,C3:00:00:63:4D:04,-56,127,6.0,2.5,1.5
1784195891044,2026-07-16 11:58:11.044,C3:00:00:63:4D:09,-61,127,6.0,2.5,1.5
1784195891077,2026-07-16 11:58:11.077,C3:00:00:63:4D:0A,-67,127,6.0,2.5,1.5
1784195891113,2026-07-16 11:58:11.113,C3:00:00:63:4D:0A,-67,127,6.0,2.5,1.5
1784195891126,2026-07-16 11:58:11.126,C3:00:00:63:4D:07,-63,127,6.0,2.5,1.5
1784195891131,2026-07-16 11:58:11.131,C3:00:00:63:4D:08,-56,127,6.0,2.5,1.5
1784195891140,2026-07-16 11:58:11.140,C3:00:00:63:4D:0D,-62,127,6.0,2.5,1.5
1784195891155,2026-07-16 11:58:11.155,C3:00:00:63:4D:04,-58,127,6.0,2.5,1.5
1784195891162,2026-07-16 11:58:11.162,C3:00:00:63:4D:09,-61,127,6.0,2.5,1.5
1784195891172,2026-07-16 11:58:11.172,C3:00:00:63:4D:0A,-76,127,6.0,2.5,1.5
1784195891182,2026-07-16 11:58:11.182,C3:00:00:63:4D:09,-62,127,6.0,2.5,1.5
1784195891219,2026-07-16 11:58:11.219,C3:00:00:63:4D:0A,-76,127,6.0,2.5,1.5
1784195891234,2026-07-16 11:58:11.234,C3:00:00:63:4D:08,-55,127,6.0,2.5,1.5
1784195891244,2026-07-16 11:58:11.244,C3:00:00:63:4D:07,-62,127,6.0,2.5,1.5
1784195891258,2026-07-16 11:58:11.258,C3:00:00:63:4D:0D,-85,127,6.0,2.5,1.5
1784195891280,2026-07-16 11:58:11.280,C3:00:00:63:4D:04,-56,127,6.0,2.5,1.5
1784195891282,2026-07-16 11:58:11.282,C3:00:00:63:4D:09,-61,127,6.0,2.5,1.5
1784195891291,2026-07-16 11:58:11.291,C3:00:00:63:4C:D2,-65,127,6.0,2.5,1.5
1784195891307,2026-07-16 11:58:11.307,C3:00:00:63:4D:05,-56,127,6.0,2.5,1.5
1784195891321,2026-07-16 11:58:11.321,C3:00:00:63:4D:0A,-59,127,6.0,2.5,1.5
1784195891333,2026-07-16 11:58:11.333,C3:00:00:63:4D:08,-61,127,6.0,2.5,1.5
1784195891358,2026-07-16 11:58:11.358,C3:00:00:63:4D:07,-63,127,6.0,2.5,1.5
1784195891364,2026-07-16 11:58:11.364,C3:00:00:63:4D:0D,-62,127,6.0,2.5,1.5
1784195891370,2026-07-16 11:58:11.370,C3:00:00:63:4D:05,-55,127,6.0,2.5,1.5
1784195891381,2026-07-16 11:58:11.381,C3:00:00:63:4D:04,-64,127,6.0,2.5,1.5
1784195891399,2026-07-16 11:58:11.399,C3:00:00:63:4C:D2,-55,127,6.0,2.5,1.5
1784195891435,2026-07-16 11:58:11.435,C3:00:00:63:4D:08,-56,127,6.0,2.5,1.5
1784195891479,2026-07-16 11:58:11.479,C3:00:00:63:4D:05,-54,127,6.0,2.5,1.5
1784195891484,2026-07-16 11:58:11.484,C3:00:00:63:4D:0D,-60,127,6.0,2.5,1.5
1784195891489,2026-07-16 11:58:11.489,C3:00:00:63:4D:09,-62,127,6.0,2.5,1.5
1784195891495,2026-07-16 11:58:11.495,C3:00:00:63:4D:04,-58,127,6.0,2.5,1.5
1784195891520,2026-07-16 11:58:11.520,C3:00:00:63:4C:D2,-55,127,6.0,2.5,1.5
1784195891527,2026-07-16 11:58:11.527,C3:00:00:63:4D:08,-55,127,6.0,2.5,1.5
1784195891589,2026-07-16 11:58:11.589,C3:00:00:63:4D:05,-56,127,6.0,2.5,1.5
1784195891594,2026-07-16 11:58:11.594,C3:00:00:63:4D:0D,-85,127,6.0,2.5,1.5
1784195891612,2026-07-16 11:58:11.612,C3:00:00:63:4D:04,-55,127,6.0,2.5,1.5
1784195891632,2026-07-16 11:58:11.632,C3:00:00:63:4C:D2,-65,127,6.0,2.5,1.5
1784195891668,2026-07-16 11:58:11.668,C3:00:00:63:4D:04,-64,127,6.0,2.5,1.5
1784195891710,2026-07-16 11:58:11.710,C3:00:00:63:4D:08,-65,127,6.0,2.5,1.5
1784195891717,2026-07-16 11:58:11.717,C3:00:00:63:4D:0D,-62,127,6.0,2.5,1.5
1784195891722,2026-07-16 11:58:11.722,C3:00:00:63:4D:09,-71,127,6.0,2.5,1.5
1784195891728,2026-07-16 11:58:11.728,C3:00:00:63:4D:04,-64,127,6.0,2.5,1.5
1784195891742,2026-07-16 11:58:11.742,C3:00:00:63:4C:D2,-55,127,6.0,2.5,1.5
1784195891826,2026-07-16 11:58:11.826,C3:00:00:63:4D:0D,-60,127,6.0,2.5,1.5
1784195891829,2026-07-16 11:58:11.829,C3:00:00:63:4D:08,-55,127,6.0,2.5,1.5
1784195891832,2026-07-16 11:58:11.832,C3:00:00:63:4D:09,-62,127,6.0,2.5,1.5
1784195891840,2026-07-16 11:58:11.840,C3:00:00:63:4D:04,-58,127,6.0,2.5,1.5
1784195891857,2026-07-16 11:58:11.857,C3:00:00:63:4C:D2,-65,127,6.0,2.5,1.5
1784195891915,2026-07-16 11:58:11.915,C3:00:00:63:4C:D2,-73,127,6.0,2.5,1.5
1784195891918,2026-07-16 11:58:11.918,C3:00:00:63:4D:05,-56,127,6.0,2.5,1.5
1784195891936,2026-07-16 11:58:11.936,C3:00:00:63:4D:08,-61,127,6.0,2.5,1.5
1784195891941,2026-07-16 11:58:11.941,C3:00:00:63:4D:0D,-62,127,6.0,2.5,1.5
1784195891945,2026-07-16 11:58:11.945,C3:00:00:63:4D:09,-71,127,6.0,2.5,1.5
1784195891952,2026-07-16 11:58:11.952,C3:00:00:63:4D:0A,-67,127,6.0,2.5,1.5
1784195891960,2026-07-16 11:58:11.960,C3:00:00:63:4D:04,-64,127,6.0,2.5,1.5
1784195891967,2026-07-16 11:58:11.967,C3:00:00:63:4C:D2,-55,127,6.0,2.5,1.5
1784195892024,2026-07-16 11:58:12.024,C3:00:00:63:4D:04,-64,127,6.0,2.5,1.5
1784195892026,2026-07-16 11:58:12.026,C3:00:00:63:4D:09,-71,127,6.0,2.5,1.5
1784195892033,2026-07-16 11:58:12.033,C3:00:00:63:4D:08,-56,127,6.0,2.5,1.5
1784195892051,2026-07-16 11:58:12.051,C3:00:00:63:4D:07,-78,127,6.0,2.5,1.5
1784195892055,2026-07-16 11:58:12.055,C3:00:00:63:4D:0D,-62,127,6.0,2.5,1.5
1784195892059,2026-07-16 11:58:12.059,C3:00:00:63:4D:0A,-76,127,6.0,2.5,1.5
1784195892065,2026-07-16 11:58:12.065,C3:00:00:63:4D:09,-62,127,6.0,2.5,1.5
1784195892084,2026-07-16 11:58:12.084,C3:00:00:63:4C:D2,-55,127,6.0,2.5,1.5
1784195892105,2026-07-16 11:58:12.105,C3:00:00:63:4C:D2,-55,127,6.0,2.5,1.5
1784195892135,2026-07-16 11:58:12.135,C3:00:00:63:4D:08,-55,127,6.0,2.5,1.5
1784195892140,2026-07-16 11:58:12.140,C3:00:00:63:4D:05,-54,127,6.0,2.5,1.5
1784195892168,2026-07-16 11:58:12.168,C3:00:00:63:4D:07,-62,127,6.0,2.5,1.5
1784195892172,2026-07-16 11:58:12.172,C3:00:00:63:4D:0D,-83,127,6.0,2.5,1.5
1784195892178,2026-07-16 11:58:12.178,C3:00:00:63:4D:09,-61,127,6.0,2.5,1.5
1784195892193,2026-07-16 11:58:12.193,C3:00:00:63:4C:D2,-65,127,6.0,2.5,1.5
