timestamp,time,mac_address,rssi,tx_power,pos_x,pos_y,pos_z
1783010154696,2026-07-02 18:35:54.696,C3:00:00:63:4D:07,-63,127,1.5,6.5,1.5
1783010154877,2026-07-02 18:35:54.877,C3:00:00:63:4D:04,-61,127,1.5,6.5,1.5
1783010154964,2026-07-02 18:35:54.964,C3:00:00:63:4D:0D,-54,127,1.5,6.5,1.5
1783010155053,2026-07-02 18:35:55.053,C3:00:00:63:4D:0A,-65,127,1.5,6.5,1.5
1783010155128,2026-07-02 18:35:55.128,C3:00:00:63:4D:05,-67,127,1.5,6.5,1.5
1783010155205,2026-07-02 18:35:55.205,C3:00:00:63:4C:D2,-74,127,1.5,6.5,1.5
1783010155279,2026-07-02 18:35:55.279,C3:00:00:63:4D:04,-60,127,1.5,6.5,1.5
1783010155283,2026-07-02 18:35:55.283,C3:00:00:63:4D:08,-49,127,1.5,6.5,1.5
1783010155371,2026-07-02 18:35:55.371,C3:00:00:63:4D:0D,-55,127,1.5,6.5,1.5
1783010155376,2026-07-02 18:35:55.376,C3:00:00:63:4D:09,-65,127,1.5,6.5,1.5
1783010155447,2026-07-02 18:35:55.447,C3:00:00:63:4D:09,-71,127,1.5,6.5,1.5
1783010155451,2026-07-02 18:35:55.451,C3:00:00:63:4D:07,-68,127,1.5,6.5,1.5
1783010155456,2026-07-02 18:35:55.456,C3:00:00:63:4C:D2,-62,127,1.5,6.5,1.5
1783010155460,2026-07-02 18:35:55.460,C3:00:00:63:4D:08,-46,127,1.5,6.5,1.5
1783010155464,2026-07-02 18:35:55.464,C3:00:00:63:4D:04,-60,127,1.5,6.5,1.5
1783010155468,2026-07-02 18:35:55.468,C3:00:00:63:4D:0A,-74,127,1.5,6.5,1.5
1783010155470,2026-07-02 18:35:55.470,C3:00:00:63:4D:0D,-56,127,1.5,6.5,1.5
1783010155473,2026-07-02 18:35:55.473,C3:00:00:63:4D:08,-59,127,1.5,6.5,1.5
1783010155478,2026-07-02 18:35:55.478,C3:00:00:63:4C:D2,-68,127,1.5,6.5,1.5
1783010155483,2026-07-02 18:35:55.483,C3:00:00:63:4D:0A,-60,127,1.5,6.5,1.5
1783010155486,2026-07-02 18:35:55.486,C3:00:00:63:4D:09,-63,127,1.5,6.5,1.5
1783010155487,2026-07-02 18:35:55.487,C3:00:00:63:4D:05,-54,127,1.5,6.5,1.5
1783010155488,2026-07-02 18:35:55.488,C3:00:00:63:4D:07,-66,127,1.5,6.5,1.5
1783010155490,2026-07-02 18:35:55.490,C3:00:00:63:4D:04,-59,127,1.5,6.5,1.5
1783010155491,2026-07-02 18:35:55.491,C3:00:00:63:4C:D2,-85,127,1.5,6.5,1.5
1783010155492,2026-07-02 18:35:55.492,C3:00:00:63:4D:09,-61,127,1.5,6.5,1.5
1783010155494,2026-07-02 18:35:55.494,C3:00:00:63:4D:08,-54,127,1.5,6.5,1.5
1783010155496,2026-07-02 18:35:55.496,C3:00:00:63:4D:0D,-56,127,1.5,6.5,1.5
1783010155498,2026-07-02 18:35:55.498,C3:00:00:63:4D:08,-50,127,1.5,6.5,1.5
1783010155505,2026-07-02 18:35:55.505,C3:00:00:63:4D:0A,-61,127,1.5,6.5,1.5
1783010155507,2026-07-02 18:35:55.507,C3:00:00:63:4D:09,-67,127,1.5,6.5,1.5
1783010155509,2026-07-02 18:35:55.509,C3:00:00:63:4D:05,-82,127,1.5,6.5,1.5
1783010155510,2026-07-02 18:35:55.510,C3:00:00:63:4D:07,-60,127,1.5,6.5,1.5
1783010155511,2026-07-02 18:35:55.511,C3:00:00:63:4D:0D,-56,127,1.5,6.5,1.5
1783010155512,2026-07-02 18:35:55.512,C3:00:00:63:4D:08,-49,127,1.5,6.5,1.5
1783010155513,2026-07-02 18:35:55.513,C3:00:00:63:4C:D2,-63,127,1.5,6.5,1.5
1783010155515,2026-07-02 18:35:55.515,C3:00:00:63:4C:D2,-61,127,1.5,6.5,1.5
1783010155516,2026-07-02 18:35:55.516,C3:00:00:63:4D:0A,-64,127,1.5,6.5,1.5
1783010155517,2026-07-02 18:35:55.517,C3:00:00:63:4D:0D,-54,127,1.5,6.5,1.5
1783010155518,2026-07-02 18:35:55.518,C3:00:00:63:4D:0D,-55,127,1.5,6.5,1.5
1783010155519,2026-07-02 18:35:55.519,C3:00:00:63:4C:D2,-80,127,1.5,6.5,1.5
1783010155520,2026-07-02 18:35:55.520,C3:00:00:63:4D:04,-58,127,1.5,6.5,1.5
1783010155522,2026-07-02 18:35:55.522,C3:00:00:63:4D:0D,-55,127,1.5,6.5,1.5
1783010155523,2026-07-02 18:35:55.523,C3:00:00:63:4C:D2,-81,127,1.5,6.5,1.5
1783010155524,2026-07-02 18:35:55.524,C3:00:00:63:4D:07,-64,127,1.5,6.5,1.5
1783010155525,2026-07-02 18:35:55.525,C3:00:00:63:4D:04,-57,127,1.5,6.5,1.5
1783010155530,2026-07-02 18:35:55.530,C3:00:00:63:4D:04,-60,127,1.5,6.5,1.5
1783010155531,2026-07-02 18:35:55.531,C3:00:00:63:4D:0D,-54,127,1.5,6.5,1.5
1783010155533,2026-07-02 18:35:55.533,C3:00:00:63:4D:09,-67,127,1.5,6.5,1.5
1783010155535,2026-07-02 18:35:55.535,C3:00:00:63:4D:08,-50,127,1.5,6.5,1.5
1783010155536,2026-07-02 18:35:55.536,C3:00:00:63:4D:05,-76,127,1.5,6.5,1.5
1783010155537,2026-07-02 18:35:55.537,C3:00:00:63:4D:07,-67,127,1.5,6.5,1.5
1783010155538,2026-07-02 18:35:55.538,C3:00:00:63:4C:D2,-56,127,1.5,6.5,1.5
1783010155550,2026-07-02 18:35:55.550,C3:00:00:63:4D:08,-48,127,1.5,6.5,1.5
1783010155583,2026-07-02 18:35:55.583,C3:00:00:63:4D:0D,-52,127,1.5,6.5,1.5
1783010155595,2026-07-02 18:35:55.595,C3:00:00:63:4D:04,-58,127,1.5,6.5,1.5
1783010155607,2026-07-02 18:35:55.607,C3:00:00:63:4D:0A,-61,127,1.5,6.5,1.5
1783010155617,2026-07-02 18:35:55.617,C3:00:00:63:4D:08,-48,127,1.5,6.5,1.5
1783010155619,2026-07-02 18:35:55.619,C3:00:00:63:4D:09,-61,127,1.5,6.5,1.5
1783010155624,2026-07-02 18:35:55.624,C3:00:00:63:4D:05,-71,127,1.5,6.5,1.5
1783010155626,2026-07-02 18:35:55.626,C3:00:00:63:4D:07,-71,127,1.5,6.5,1.5
1783010155685,2026-07-02 18:35:55.685,C3:00:00:63:4D:0D,-59,127,1.5,6.5,1.5
1783010155687,2026-07-02 18:35:55.687,C3:00:00:63:4D:07,-70,127,1.5,6.5,1.5
1783010155694,2026-07-02 18:35:55.694,C3:00:00:63:4D:04,-63,127,1.5,6.5,1.5
1783010155708,2026-07-02 18:35:55.708,C3:00:00:63:4D:08,-51,127,1.5,6.5,1.5
1783010155712,2026-07-02 18:35:55.712,C3:00:00:63:4D:0A,-65,127,1.5,6.5,1.5
1783010155715,2026-07-02 18:35:55.715,C3:00:00:63:4D:09,-69,127,1.5,6.5,1.5
1783010155723,2026-07-02 18:35:55.723,C3:00:00:63:4D:05,-70,127,1.5,6.5,1.5
1783010155726,2026-07-02 18:35:55.726,C3:00:00:63:4D:07,-65,127,1.5,6.5,1.5
1783010155731,2026-07-02 18:35:55.731,C3:00:00:63:4C:D2,-68,127,1.5,6.5,1.5
1783010155753,2026-07-02 18:35:55.753,C3:00:00:63:4D:09,-81,127,1.5,6.5,1.5
1783010155785,2026-07-02 18:35:55.785,C3:00:00:63:4D:04,-73,127,1.5,6.5,1.5
1783010155806,2026-07-02 18:35:55.806,C3:00:00:63:4D:04,-63,127,1.5,6.5,1.5
1783010155834,2026-07-02 18:35:55.834,C3:00:00:63:4D:09,-66,127,1.5,6.5,1.5
1783010155855,2026-07-02 18:35:55.855,C3:00:00:63:4C:D2,-54,127,1.5,6.5,1.5
1783010155860,2026-07-02 18:35:55.860,C3:00:00:63:4D:0A,-65,127,1.5,6.5,1.5
1783010155918,2026-07-02 18:35:55.918,C3:00:00:63:4D:04,-60,127,1.5,6.5,1.5
1783010155938,2026-07-02 18:35:55.938,C3:00:00:63:4D:08,-50,127,1.5,6.5,1.5
1783010155948,2026-07-02 18:35:55.948,C3:00:00:63:4D:09,-61,127,1.5,6.5,1.5
1783010155960,2026-07-02 18:35:55.960,C3:00:00:63:4D:05,-71,127,1.5,6.5,1.5
1783010155965,2026-07-02 18:35:55.965,C3:00:00:63:4D:07,-67,127,1.5,6.5,1.5
1783010155971,2026-07-02 18:35:55.971,C3:00:00:63:4C:D2,-66,127,1.5,6.5,1.5
1783010155981,2026-07-02 18:35:55.981,C3:00:00:63:4D:0D,-66,127,1.5,6.5,1.5
1783010155999,2026-07-02 18:35:55.999,C3:00:00:63:4D:0D,-56,127,1.5,6.5,1.5
1783010156022,2026-07-02 18:35:56.022,C3:00:00:63:4D:04,-60,127,1.5,6.5,1.5
1783010156061,2026-07-02 18:35:56.061,C3:00:00:63:4D:09,-74,127,1.5,6.5,1.5
1783010156075,2026-07-02 18:35:56.075,C3:00:00:63:4D:05,-69,127,1.5,6.5,1.5
1783010156079,2026-07-02 18:35:56.079,C3:00:00:63:4D:07,-66,127,1.5,6.5,1.5
1783010156083,2026-07-02 18:35:56.083,C3:00:00:63:4C:D2,-64,127,1.5,6.5,1.5
1783010156109,2026-07-02 18:35:56.109,C3:00:00:63:4D:0D,-54,127,1.5,6.5,1.5
1783010156138,2026-07-02 18:35:56.138,C3:00:00:63:4D:04,-60,127,1.5,6.5,1.5
1783010156143,2026-07-02 18:35:56.143,C3:00:00:63:4D:08,-46,127,1.5,6.5,1.5
1783010156158,2026-07-02 18:35:56.158,C3:00:00:63:4D:0A,-66,127,1.5,6.5,1.5
1783010156176,2026-07-02 18:35:56.176,C3:00:00:63:4D:09,-66,127,1.5,6.5,1.5
1783010156186,2026-07-02 18:35:56.186,C3:00:00:63:4D:05,-62,127,1.5,6.5,1.5
1783010156194,2026-07-02 18:35:56.194,C3:00:00:63:4D:07,-66,127,1.5,6.5,1.5
1783010156211,2026-07-02 18:35:56.211,C3:00:00:63:4D:0D,-61,127,1.5,6.5,1.5
1783010156242,2026-07-02 18:35:56.242,C3:00:00:63:4D:04,-59,127,1.5,6.5,1.5
1783010156248,2026-07-02 18:35:56.248,C3:00:00:63:4D:08,-50,127,1.5,6.5,1.5
1783010156271,2026-07-02 18:35:56.271,C3:00:00:63:4D:0A,-59,127,1.5,6.5,1.5
1783010156283,2026-07-02 18:35:56.283,C3:00:00:63:4D:09,-63,127,1.5,6.5,1.5
1783010156304,2026-07-02 18:35:56.304,C3:00:00:63:4D:05,-65,127,1.5,6.5,1.5
1783010156313,2026-07-02 18:35:56.313,C3:00:00:63:4D:07,-61,127,1.5,6.5,1.5
1783010156324,2026-07-02 18:35:56.324,C3:00:00:63:4D:0D,-54,127,1.5,6.5,1.5
1783010156327,2026-07-02 18:35:56.327,C3:00:00:63:4C:D2,-64,127,1.5,6.5,1.5
1783010156352,2026-07-02 18:35:56.352,C3:00:00:63:4D:04,-59,127,1.5,6.5,1.5
1783010156356,2026-07-02 18:35:56.356,C3:00:00:63:4D:07,-64,127,1.5,6.5,1.5
1783010156365,2026-07-02 18:35:56.365,C3:00:00:63:4D:08,-49,127,1.5,6.5,1.5
1783010156378,2026-07-02 18:35:56.378,C3:00:00:63:4D:09,-82,127,1.5,6.5,1.5
1783010156396,2026-07-02 18:35:56.396,C3:00:00:63:4D:09,-68,127,1.5,6.5,1.5
1783010156420,2026-07-02 18:35:56.420,C3:00:00:63:4D:05,-67,127,1.5,6.5,1.5
1783010156423,2026-07-02 18:35:56.423,C3:00:00:63:4D:0D,-54,127,1.5,6.5,1.5
1783010156427,2026-07-02 18:35:56.427,C3:00:00:63:4C:D2,-58,127,1.5,6.5,1.5
1783010156455,2026-07-02 18:35:56.455,C3:00:00:63:4D:04,-65,127,1.5,6.5,1.5
1783010156472,2026-07-02 18:35:56.472,C3:00:00:63:4D:08,-48,127,1.5,6.5,1.5
1783010156529,2026-07-02 18:35:56.529,C3:00:00:63:4D:0D,-58,127,1.5,6.5,1.5
1783010156536,2026-07-02 18:35:56.536,C3:00:00:63:4D:05,-60,127,1.5,6.5,1.5
1783010156561,2026-07-02 18:35:56.561,C3:00:00:63:4D:04,-57,127,1.5,6.5,1.5
1783010156585,2026-07-02 18:35:56.585,C3:00:00:63:4D:08,-47,127,1.5,6.5,1.5
1783010156607,2026-07-02 18:35:56.607,C3:00:00:63:4D:0A,-65,127,1.5,6.5,1.5
1783010156625,2026-07-02 18:35:56.625,C3:00:00:63:4D:09,-80,127,1.5,6.5,1.5
1783010156640,2026-07-02 18:35:56.640,C3:00:00:63:4D:0D,-55,127,1.5,6.5,1.5
1783010156642,2026-07-02 18:35:56.642,C3:00:00:63:4D:05,-68,127,1.5,6.5,1.5
1783010156654,2026-07-02 18:35:56.654,C3:00:00:63:4D:07,-68,127,1.5,6.5,1.5
1783010156671,2026-07-02 18:35:56.671,C3:00:00:63:4D:04,-59,127,1.5,6.5,1.5
1783010156691,2026-07-02 18:35:56.691,C3:00:00:63:4D:08,-52,127,1.5,6.5,1.5
1783010156724,2026-07-02 18:35:56.724,C3:00:00:63:4D:0A,-69,127,1.5,6.5,1.5
1783010156747,2026-07-02 18:35:56.747,C3:00:00:63:4D:0D,-55,127,1.5,6.5,1.5
1783010156749,2026-07-02 18:35:56.749,C3:00:00:63:4D:09,-73,127,1.5,6.5,1.5
1783010156769,2026-07-02 18:35:56.769,C3:00:00:63:4D:07,-67,127,1.5,6.5,1.5
1783010156776,2026-07-02 18:35:56.776,C3:00:00:63:4C:D2,-55,127,1.5,6.5,1.5
1783010156788,2026-07-02 18:35:56.788,C3:00:00:63:4D:04,-62,127,1.5,6.5,1.5
1783010156801,2026-07-02 18:35:56.801,C3:00:00:63:4D:08,-48,127,1.5,6.5,1.5
1783010156837,2026-07-02 18:35:56.837,C3:00:00:63:4D:0A,-58,127,1.5,6.5,1.5
1783010156842,2026-07-02 18:35:56.842,C3:00:00:63:4D:0D,-58,127,1.5,6.5,1.5
1783010156856,2026-07-02 18:35:56.856,C3:00:00:63:4D:09,-66,127,1.5,6.5,1.5
1783010156879,2026-07-02 18:35:56.879,C3:00:00:63:4D:05,-58,127,1.5,6.5,1.5
1783010156884,2026-07-02 18:35:56.884,C3:00:00:63:4C:D2,-68,127,1.5,6.5,1.5
1783010156903,2026-07-02 18:35:56.903,C3:00:00:63:4D:04,-60,127,1.5,6.5,1.5
1783010156910,2026-07-02 18:35:56.910,C3:00:00:63:4D:08,-52,127,1.5,6.5,1.5
1783010156944,2026-07-02 18:35:56.944,C3:00:00:63:4D:0D,-54,127,1.5,6.5,1.5
1783010156949,2026-07-02 18:35:56.949,C3:00:00:63:4D:0A,-62,127,1.5,6.5,1.5
1783010156969,2026-07-02 18:35:56.969,C3:00:00:63:4D:09,-70,127,1.5,6.5,1.5
1783010156989,2026-07-02 18:35:56.989,C3:00:00:63:4D:05,-75,127,1.5,6.5,1.5
1783010156999,2026-07-02 18:35:56.999,C3:00:00:63:4C:D2,-55,127,1.5,6.5,1.5
1783010157015,2026-07-02 18:35:57.015,C3:00:00:63:4D:08,-48,127,1.5,6.5,1.5
1783010157041,2026-07-02 18:35:57.041,C3:00:00:63:4D:09,-68,127,1.5,6.5,1.5
1783010157046,2026-07-02 18:35:57.046,C3:00:00:63:4D:0D,-54,127,1.5,6.5,1.5
1783010157064,2026-07-02 18:35:57.064,C3:00:00:63:4D:0A,-69,127,1.5,6.5,1.5
1783010157082,2026-07-02 18:35:57.082,C3:00:00:63:4D:09,-74,127,1.5,6.5,1.5
1783010157107,2026-07-02 18:35:57.107,C3:00:00:63:4D:05,-59,127,1.5,6.5,1.5
1783010157111,2026-07-02 18:35:57.111,C3:00:00:63:4D:08,-48,127,1.5,6.5,1.5
1783010157116,2026-07-02 18:35:57.116,C3:00:00:63:4D:07,-66,127,1.5,6.5,1.5
1783010157122,2026-07-02 18:35:57.122,C3:00:00:63:4D:0A,-60,127,1.5,6.5,1.5
1783010157127,2026-07-02 18:35:57.127,C3:00:00:63:4D:04,-60,127,1.5,6.5,1.5
1783010157131,2026-07-02 18:35:57.131,C3:00:00:63:4C:D2,-63,127,1.5,6.5,1.5
1783010157132,2026-07-02 18:35:57.132,C3:00:00:63:4D:05,-59,127,1.5,6.5,1.5
1783010157154,2026-07-02 18:35:57.154,C3:00:00:63:4D:0D,-57,127,1.5,6.5,1.5
1783010157175,2026-07-02 18:35:57.175,C3:00:00:63:4D:0A,-61,127,1.5,6.5,1.5
1783010157189,2026-07-02 18:35:57.189,C3:00:00:63:4C:D2,-63,127,1.5,6.5,1.5
1783010157203,2026-07-02 18:35:57.203,C3:00:00:63:4D:09,-83,127,1.5,6.5,1.5
1783010157214,2026-07-02 18:35:57.214,C3:00:00:63:4D:05,-68,127,1.5,6.5,1.5
1783010157217,2026-07-02 18:35:57.217,C3:00:00:63:4D:04,-61,127,1.5,6.5,1.5
1783010157235,2026-07-02 18:35:57.235,C3:00:00:63:4C:D2,-65,127,1.5,6.5,1.5
1783010157239,2026-07-02 18:35:57.239,C3:00:00:63:4D:05,-66,127,1.5,6.5,1.5
1783010157256,2026-07-02 18:35:57.256,C3:00:00:63:4D:0D,-55,127,1.5,6.5,1.5
1783010157291,2026-07-02 18:35:57.291,C3:00:00:63:4D:0A,-63,127,1.5,6.5,1.5
1783010157309,2026-07-02 18:35:57.309,C3:00:00:63:4D:0D,-54,127,1.5,6.5,1.5
1783010157317,2026-07-02 18:35:57.317,C3:00:00:63:4D:09,-65,127,1.5,6.5,1.5
1783010157329,2026-07-02 18:35:57.329,C3:00:00:63:4C:D2,-55,127,1.5,6.5,1.5
1783010157336,2026-07-02 18:35:57.336,C3:00:00:63:4D:04,-62,127,1.5,6.5,1.5
1783010157350,2026-07-02 18:35:57.350,C3:00:00:63:4D:05,-61,127,1.5,6.5,1.5
1783010157352,2026-07-02 18:35:57.352,C3:00:00:63:4D:07,-64,127,1.5,6.5,1.5
1783010157353,2026-07-02 18:35:57.353,C3:00:00:63:4D:08,-48,127,1.5,6.5,1.5
1783010157354,2026-07-02 18:35:57.354,C3:00:00:63:4C:D2,-55,127,1.5,6.5,1.5
1783010157358,2026-07-02 18:35:57.358,C3:00:00:63:4D:04,-64,127,1.5,6.5,1.5
1783010157365,2026-07-02 18:35:57.365,C3:00:00:63:4D:0D,-54,127,1.5,6.5,1.5
1783010157378,2026-07-02 18:35:57.378,C3:00:00:63:4D:04,-68,127,1.5,6.5,1.5
1783010157380,2026-07-02 18:35:57.380,C3:00:00:63:4D:0A,-68,127,1.5,6.5,1.5
1783010157399,2026-07-02 18:35:57.399,C3:00:00:63:4D:0A,-62,127,1.5,6.5,1.5
1783010157435,2026-07-02 18:35:57.435,C3:00:00:63:4D:09,-64,127,1.5,6.5,1.5
1783010157440,2026-07-02 18:35:57.440,C3:00:00:63:4D:04,-58,127,1.5,6.5,1.5
1783010157464,2026-07-02 18:35:57.464,C3:00:00:63:4D:05,-60,127,1.5,6.5,1.5
1783010157466,2026-07-02 18:35:57.466,C3:00:00:63:4D:08,-48,127,1.5,6.5,1.5
1783010157468,2026-07-02 18:35:57.468,C3:00:00:63:4D:07,-67,127,1.5,6.5,1.5
1783010157474,2026-07-02 18:35:57.474,C3:00:00:63:4C:D2,-71,127,1.5,6.5,1.5
1783010157477,2026-07-02 18:35:57.477,C3:00:00:63:4D:0D,-58,127,1.5,6.5,1.5
1783010157517,2026-07-02 18:35:57.517,C3:00:00:63:4D:0A,-64,127,1.5,6.5,1.5
1783010157542,2026-07-02 18:35:57.542,C3:00:00:63:4D:09,-68,127,1.5,6.5,1.5
1783010157549,2026-07-02 18:35:57.549,C3:00:00:63:4D:08,-52,127,1.5,6.5,1.5
1783010157555,2026-07-02 18:35:57.555,C3:00:00:63:4D:04,-59,127,1.5,6.5,1.5
1783010157565,2026-07-02 18:35:57.565,C3:00:00:63:4D:08,-51,127,1.5,6.5,1.5
1783010157567,2026-07-02 18:35:57.567,C3:00:00:63:4D:05,-60,127,1.5,6.5,1.5
1783010157580,2026-07-02 18:35:57.580,C3:00:00:63:4D:0D,-56,127,1.5,6.5,1.5
1783010157585,2026-07-02 18:35:57.585,C3:00:00:63:4C:D2,-62,127,1.5,6.5,1.5
1783010157598,2026-07-02 18:35:57.598,C3:00:00:63:4D:0D,-54,127,1.5,6.5,1.5
1783010157621,2026-07-02 18:35:57.621,C3:00:00:63:4D:0A,-65,127,1.5,6.5,1.5
1783010157658,2026-07-02 18:35:57.658,C3:00:00:63:4D:09,-72,127,1.5,6.5,1.5
1783010157663,2026-07-02 18:35:57.663,C3:00:00:63:4D:04,-60,127,1.5,6.5,1.5
1783010157672,2026-07-02 18:35:57.672,C3:00:00:63:4D:08,-47,127,1.5,6.5,1.5
1783010157677,2026-07-02 18:35:57.677,C3:00:00:63:4D:05,-63,127,1.5,6.5,1.5
1783010157682,2026-07-02 18:35:57.682,C3:00:00:63:4D:0D,-54,127,1.5,6.5,1.5
1783010157688,2026-07-02 18:35:57.688,C3:00:00:63:4D:07,-67,127,1.5,6.5,1.5
1783010157691,2026-07-02 18:35:57.691,C3:00:00:63:4C:D2,-58,127,1.5,6.5,1.5
1783010157704,2026-07-02 18:35:57.704,C3:00:00:63:4D:07,-68,127,1.5,6.5,1.5
1783010157736,2026-07-02 18:35:57.736,C3:00:00:63:4D:0A,-61,127,1.5,6.5,1.5
1783010157766,2026-07-02 18:35:57.766,C3:00:00:63:4D:09,-64,127,1.5,6.5,1.5
1783010157772,2026-07-02 18:35:57.772,C3:00:00:63:4D:04,-62,127,1.5,6.5,1.5
1783010157800,2026-07-02 18:35:57.800,C3:00:00:63:4C:D2,-64,127,1.5,6.5,1.5
1783010157804,2026-07-02 18:35:57.804,C3:00:00:63:4D:07,-68,127,1.5,6.5,1.5
1783010157811,2026-07-02 18:35:57.811,C3:00:00:63:4D:05,-72,127,1.5,6.5,1.5
1783010157858,2026-07-02 18:35:57.858,C3:00:00:63:4D:0A,-63,127,1.5,6.5,1.5
1783010157893,2026-07-02 18:35:57.893,C3:00:00:63:4D:0D,-52,127,1.5,6.5,1.5
1783010157906,2026-07-02 18:35:57.906,C3:00:00:63:4D:05,-68,127,1.5,6.5,1.5
1783010157918,2026-07-02 18:35:57.918,C3:00:00:63:4D:07,-68,127,1.5,6.5,1.5
1783010157931,2026-07-02 18:35:57.931,C3:00:00:63:4C:D2,-58,127,1.5,6.5,1.5
1783010157935,2026-07-02 18:35:57.935,C3:00:00:63:4D:05,-60,127,1.5,6.5,1.5
1783010157965,2026-07-02 18:35:57.965,C3:00:00:63:4D:0A,-66,127,1.5,6.5,1.5
1783010157996,2026-07-02 18:35:57.996,C3:00:00:63:4D:09,-64,127,1.5,6.5,1.5
1783010158030,2026-07-02 18:35:58.030,C3:00:00:63:4D:05,-59,127,1.5,6.5,1.5
1783010158034,2026-07-02 18:35:58.034,C3:00:00:63:4D:07,-69,127,1.5,6.5,1.5
1783010158073,2026-07-02 18:35:58.073,C3:00:00:63:4D:0A,-60,127,1.5,6.5,1.5
1783010158094,2026-07-02 18:35:58.094,C3:00:00:63:4D:04,-62,127,1.5,6.5,1.5
1783010158120,2026-07-02 18:35:58.120,C3:00:00:63:4D:08,-49,127,1.5,6.5,1.5
1783010158124,2026-07-02 18:35:58.124,C3:00:00:63:4D:09,-69,127,1.5,6.5,1.5
1783010158144,2026-07-02 18:35:58.144,C3:00:00:63:4D:05,-69,127,1.5,6.5,1.5
1783010158146,2026-07-02 18:35:58.146,C3:00:00:63:4D:07,-66,127,1.5,6.5,1.5
1783010158149,2026-07-02 18:35:58.149,C3:00:00:63:4C:D2,-66,127,1.5,6.5,1.5
1783010158195,2026-07-02 18:35:58.195,C3:00:00:63:4D:0A,-62,127,1.5,6.5,1.5
1783010158202,2026-07-02 18:35:58.202,C3:00:00:63:4D:04,-60,127,1.5,6.5,1.5
1783010158206,2026-07-02 18:35:58.206,C3:00:00:63:4D:0D,-53,127,1.5,6.5,1.5
1783010158221,2026-07-02 18:35:58.221,C3:00:00:63:4D:08,-45,127,1.5,6.5,1.5
1783010158225,2026-07-02 18:35:58.225,C3:00:00:63:4D:09,-66,127,1.5,6.5,1.5
1783010158261,2026-07-02 18:35:58.261,C3:00:00:63:4D:05,-59,127,1.5,6.5,1.5
1783010158271,2026-07-02 18:35:58.271,C3:00:00:63:4C:D2,-55,127,1.5,6.5,1.5
1783010158275,2026-07-02 18:35:58.275,C3:00:00:63:4D:07,-62,127,1.5,6.5,1.5
1783010158309,2026-07-02 18:35:58.309,C3:00:00:63:4D:0A,-65,127,1.5,6.5,1.5
1783010158311,2026-07-02 18:35:58.311,C3:00:00:63:4D:04,-60,127,1.5,6.5,1.5
1783010158327,2026-07-02 18:35:58.327,C3:00:00:63:4D:08,-48,127,1.5,6.5,1.5
1783010158343,2026-07-02 18:35:58.343,C3:00:00:63:4D:09,-63,127,1.5,6.5,1.5
1783010158356,2026-07-02 18:35:58.356,C3:00:00:63:4D:07,-72,127,1.5,6.5,1.5
1783010158366,2026-07-02 18:35:58.366,C3:00:00:63:4D:05,-60,127,1.5,6.5,1.5
1783010158374,2026-07-02 18:35:58.374,C3:00:00:63:4D:07,-64,127,1.5,6.5,1.5
1783010158384,2026-07-02 18:35:58.384,C3:00:00:63:4C:D2,-68,127,1.5,6.5,1.5
1783010158394,2026-07-02 18:35:58.394,C3:00:00:63:4D:07,-65,127,1.5,6.5,1.5
1783010158410,2026-07-02 18:35:58.410,C3:00:00:63:4D:0D,-60,127,1.5,6.5,1.5
1783010158436,2026-07-02 18:35:58.436,C3:00:00:63:4D:08,-49,127,1.5,6.5,1.5
1783010158450,2026-07-02 18:35:58.450,C3:00:00:63:4D:09,-75,127,1.5,6.5,1.5
1783010158495,2026-07-02 18:35:58.495,C3:00:00:63:4D:05,-73,127,1.5,6.5,1.5
1783010158519,2026-07-02 18:35:58.519,C3:00:00:63:4D:0D,-52,127,1.5,6.5,1.5
1783010158529,2026-07-02 18:35:58.529,C3:00:00:63:4D:0A,-63,127,1.5,6.5,1.5
1783010158546,2026-07-02 18:35:58.546,C3:00:00:63:4D:08,-45,127,1.5,6.5,1.5
1783010158565,2026-07-02 18:35:58.565,C3:00:00:63:4D:09,-65,127,1.5,6.5,1.5
1783010158610,2026-07-02 18:35:58.610,C3:00:00:63:4D:07,-70,127,1.5,6.5,1.5
1783010158623,2026-07-02 18:35:58.623,C3:00:00:63:4D:0D,-60,127,1.5,6.5,1.5
1783010158638,2026-07-02 18:35:58.638,C3:00:00:63:4D:04,-58,127,1.5,6.5,1.5
1783010158644,2026-07-02 18:35:58.644,C3:00:00:63:4D:0A,-61,127,1.5,6.5,1.5
1783010158654,2026-07-02 18:35:58.654,C3:00:00:63:4D:0D,-59,127,1.5,6.5,1.5
1783010158656,2026-07-02 18:35:58.656,C3:00:00:63:4D:08,-48,127,1.5,6.5,1.5
1783010158680,2026-07-02 18:35:58.680,C3:00:00:63:4D:09,-62,127,1.5,6.5,1.5
1783010158722,2026-07-02 18:35:58.722,C3:00:00:63:4D:05,-67,127,1.5,6.5,1.5
1783010158729,2026-07-02 18:35:58.729,C3:00:00:63:4D:07,-66,127,1.5,6.5,1.5
1783010158751,2026-07-02 18:35:58.751,C3:00:00:63:4D:0D,-54,127,1.5,6.5,1.5
1783010158772,2026-07-02 18:35:58.772,C3:00:00:63:4C:D2,-66,127,1.5,6.5,1.5
1783010158778,2026-07-02 18:35:58.778,C3:00:00:63:4D:04,-58,127,1.5,6.5,1.5
1783010158780,2026-07-02 18:35:58.780,C3:00:00:63:4D:0A,-63,127,1.5,6.5,1.5
1783010158781,2026-07-02 18:35:58.781,C3:00:00:63:4D:08,-52,127,1.5,6.5,1.5
1783010158794,2026-07-02 18:35:58.794,C3:00:00:63:4D:09,-71,127,1.5,6.5,1.5
1783010158834,2026-07-02 18:35:58.834,C3:00:00:63:4D:05,-60,127,1.5,6.5,1.5
1783010158838,2026-07-02 18:35:58.838,C3:00:00:63:4D:0D,-54,127,1.5,6.5,1.5
1783010158844,2026-07-02 18:35:58.844,C3:00:00:63:4C:D2,-58,127,1.5,6.5,1.5
1783010158846,2026-07-02 18:35:58.846,C3:00:00:63:4D:07,-70,127,1.5,6.5,1.5
1783010158857,2026-07-02 18:35:58.857,C3:00:00:63:4D:04,-59,127,1.5,6.5,1.5
1783010158873,2026-07-02 18:35:58.873,C3:00:00:63:4D:08,-48,127,1.5,6.5,1.5
1783010158886,2026-07-02 18:35:58.886,C3:00:00:63:4D:09,-74,127,1.5,6.5,1.5
1783010158909,2026-07-02 18:35:58.909,C3:00:00:63:4D:09,-73,127,1.5,6.5,1.5
1783010158923,2026-07-02 18:35:58.923,C3:00:00:63:4D:0A,-67,127,1.5,6.5,1.5
1783010158928,2026-07-02 18:35:58.928,C3:00:00:63:4D:08,-48,127,1.5,6.5,1.5
1783010158938,2026-07-02 18:35:58.938,C3:00:00:63:4D:0D,-58,127,1.5,6.5,1.5
1783010158945,2026-07-02 18:35:58.945,C3:00:00:63:4D:08,-55,127,1.5,6.5,1.5
1783010158953,2026-07-02 18:35:58.953,C3:00:00:63:4D:07,-70,127,1.5,6.5,1.5
1783010158957,2026-07-02 18:35:58.957,C3:00:00:63:4C:D2,-74,127,1.5,6.5,1.5
1783010158963,2026-07-02 18:35:58.963,C3:00:00:63:4D:04,-59,127,1.5,6.5,1.5
1783010158979,2026-07-02 18:35:58.979,C3:00:00:63:4D:0A,-60,127,1.5,6.5,1.5
1783010158983,2026-07-02 18:35:58.983,C3:00:00:63:4D:08,-48,127,1.5,6.5,1.5
1783010158999,2026-07-02 18:35:58.999,C3:00:00:63:4C:D2,-80,127,1.5,6.5,1.5
1783010159019,2026-07-02 18:35:59.019,C3:00:00:63:4D:09,-71,127,1.5,6.5,1.5
1783010159044,2026-07-02 18:35:59.044,C3:00:00:63:4D:0D,-55,127,1.5,6.5,1.5
1783010159091,2026-07-02 18:35:59.091,C3:00:00:63:4D:08,-51,127,1.5,6.5,1.5
1783010159097,2026-07-02 18:35:59.097,C3:00:00:63:4D:0A,-64,127,1.5,6.5,1.5
1783010159131,2026-07-02 18:35:59.131,C3:00:00:63:4D:0A,-64,127,1.5,6.5,1.5
1783010159133,2026-07-02 18:35:59.133,C3:00:00:63:4D:09,-67,127,1.5,6.5,1.5
1783010159200,2026-07-02 18:35:59.200,C3:00:00:63:4D:08,-48,127,1.5,6.5,1.5
1783010159206,2026-07-02 18:35:59.206,C3:00:00:63:4C:D2,-58,127,1.5,6.5,1.5
1783010159212,2026-07-02 18:35:59.212,C3:00:00:63:4D:0A,-68,127,1.5,6.5,1.5
1783010159289,2026-07-02 18:35:59.289,C3:00:00:63:4D:05,-59,127,1.5,6.5,1.5
1783010159294,2026-07-02 18:35:59.294,C3:00:00:63:4D:04,-58,127,1.5,6.5,1.5
1783010159303,2026-07-02 18:35:59.303,C3:00:00:63:4D:08,-48,127,1.5,6.5,1.5
1783010159322,2026-07-02 18:35:59.322,C3:00:00:63:4D:0D,-52,127,1.5,6.5,1.5
1783010159339,2026-07-02 18:35:59.339,C3:00:00:63:4C:D2,-66,127,1.5,6.5,1.5
1783010159359,2026-07-02 18:35:59.359,C3:00:00:63:4D:09,-78,127,1.5,6.5,1.5
1783010159364,2026-07-02 18:35:59.364,C3:00:00:63:4D:0D,-52,127,1.5,6.5,1.5
1783010159379,2026-07-02 18:35:59.379,C3:00:00:63:4D:04,-60,127,1.5,6.5,1.5
1783010159390,2026-07-02 18:35:59.390,C3:00:00:63:4D:04,-61,127,1.5,6.5,1.5
1783010159405,2026-07-02 18:35:59.405,C3:00:00:63:4D:05,-64,127,1.5,6.5,1.5
1783010159408,2026-07-02 18:35:59.408,C3:00:00:63:4D:07,-63,127,1.5,6.5,1.5
1783010159412,2026-07-02 18:35:59.412,C3:00:00:63:4C:D2,-55,127,1.5,6.5,1.5
1783010159414,2026-07-02 18:35:59.414,C3:00:00:63:4D:04,-61,127,1.5,6.5,1.5
1783010159421,2026-07-02 18:35:59.421,C3:00:00:63:4D:08,-45,127,1.5,6.5,1.5
1783010159432,2026-07-02 18:35:59.432,C3:00:00:63:4D:0A,-64,127,1.5,6.5,1.5
1783010159468,2026-07-02 18:35:59.468,C3:00:00:63:4D:0D,-52,127,1.5,6.5,1.5
1783010159483,2026-07-02 18:35:59.483,C3:00:00:63:4D:09,-65,127,1.5,6.5,1.5
1783010159507,2026-07-02 18:35:59.507,C3:00:00:63:4D:04,-62,127,1.5,6.5,1.5
1783010159535,2026-07-02 18:35:59.535,C3:00:00:63:4D:05,-60,127,1.5,6.5,1.5
1783010159539,2026-07-02 18:35:59.539,C3:00:00:63:4C:D2,-76,127,1.5,6.5,1.5
1783010159547,2026-07-02 18:35:59.547,C3:00:00:63:4D:0A,-61,127,1.5,6.5,1.5
1783010159564,2026-07-02 18:35:59.564,C3:00:00:63:4D:08,-48,127,1.5,6.5,1.5
1783010159590,2026-07-02 18:35:59.590,C3:00:00:63:4D:09,-64,127,1.5,6.5,1.5
1783010159617,2026-07-02 18:35:59.617,C3:00:00:63:4D:04,-62,127,1.5,6.5,1.5
1783010159631,2026-07-02 18:35:59.631,C3:00:00:63:4D:08,-52,127,1.5,6.5,1.5
1783010159638,2026-07-02 18:35:59.638,C3:00:00:63:4D:07,-63,127,1.5,6.5,1.5
1783010159653,2026-07-02 18:35:59.653,C3:00:00:63:4C:D2,-68,127,1.5,6.5,1.5
1783010159661,2026-07-02 18:35:59.661,C3:00:00:63:4D:0A,-62,127,1.5,6.5,1.5
1783010159677,2026-07-02 18:35:59.677,C3:00:00:63:4D:0D,-53,127,1.5,6.5,1.5
1783010159708,2026-07-02 18:35:59.708,C3:00:00:63:4D:07,-62,127,1.5,6.5,1.5
1783010159722,2026-07-02 18:35:59.722,C3:00:00:63:4D:09,-76,127,1.5,6.5,1.5
1783010159733,2026-07-02 18:35:59.733,C3:00:00:63:4D:04,-60,127,1.5,6.5,1.5
1783010159754,2026-07-02 18:35:59.754,C3:00:00:63:4D:08,-45,127,1.5,6.5,1.5
1783010159758,2026-07-02 18:35:59.758,C3:00:00:63:4C:D2,-54,127,1.5,6.5,1.5
1783010159762,2026-07-02 18:35:59.762,C3:00:00:63:4D:07,-62,127,1.5,6.5,1.5
1783010159773,2026-07-02 18:35:59.773,C3:00:00:63:4D:0A,-64,127,1.5,6.5,1.5
1783010159778,2026-07-02 18:35:59.778,C3:00:00:63:4D:0D,-53,127,1.5,6.5,1.5
1783010159780,2026-07-02 18:35:59.780,C3:00:00:63:4D:04,-68,127,1.5,6.5,1.5
1783010159827,2026-07-02 18:35:59.827,C3:00:00:63:4D:05,-61,127,1.5,6.5,1.5
1783010159837,2026-07-02 18:35:59.837,C3:00:00:63:4D:04,-60,127,1.5,6.5,1.5
1783010159848,2026-07-02 18:35:59.848,C3:00:00:63:4D:08,-49,127,1.5,6.5,1.5
1783010159868,2026-07-02 18:35:59.868,C3:00:00:63:4D:05,-60,127,1.5,6.5,1.5
1783010159875,2026-07-02 18:35:59.875,C3:00:00:63:4D:07,-70,127,1.5,6.5,1.5
1783010159887,2026-07-02 18:35:59.887,C3:00:00:63:4C:D2,-63,127,1.5,6.5,1.5
1783010159894,2026-07-02 18:35:59.894,C3:00:00:63:4D:0A,-62,127,1.5,6.5,1.5
1783010159896,2026-07-02 18:35:59.896,C3:00:00:63:4D:0D,-60,127,1.5,6.5,1.5
1783010159900,2026-07-02 18:35:59.900,C3:00:00:63:4D:0A,-62,127,1.5,6.5,1.5
1783010159928,2026-07-02 18:35:59.928,C3:00:00:63:4D:09,-69,127,1.5,6.5,1.5
1783010159944,2026-07-02 18:35:59.944,C3:00:00:63:4D:04,-67,127,1.5,6.5,1.5
1783010159959,2026-07-02 18:35:59.959,C3:00:00:63:4D:08,-50,127,1.5,6.5,1.5
1783010159988,2026-07-02 18:35:59.988,C3:00:00:63:4C:D2,-84,127,1.5,6.5,1.5
1783010159992,2026-07-02 18:35:59.992,C3:00:00:63:4D:07,-63,127,1.5,6.5,1.5
1783010159996,2026-07-02 18:35:59.996,C3:00:00:63:4D:0D,-61,127,1.5,6.5,1.5
1783010159998,2026-07-02 18:35:59.998,C3:00:00:63:4D:0A,-64,127,1.5,6.5,1.5
1783010160013,2026-07-02 18:36:00.013,C3:00:00:63:4D:0D,-54,127,1.5,6.5,1.5
1783010160053,2026-07-02 18:36:00.053,C3:00:00:63:4D:04,-60,127,1.5,6.5,1.5
1783010160059,2026-07-02 18:36:00.059,C3:00:00:63:4D:09,-71,127,1.5,6.5,1.5
1783010160076,2026-07-02 18:36:00.076,C3:00:00:63:4D:08,-45,127,1.5,6.5,1.5
1783010160109,2026-07-02 18:36:00.109,C3:00:00:63:4C:D2,-54,127,1.5,6.5,1.5
1783010160111,2026-07-02 18:36:00.111,C3:00:00:63:4D:0A,-65,127,1.5,6.5,1.5
1783010160158,2026-07-02 18:36:00.158,C3:00:00:63:4D:09,-66,127,1.5,6.5,1.5
1783010160160,2026-07-02 18:36:00.160,C3:00:00:63:4D:04,-60,127,1.5,6.5,1.5
1783010160174,2026-07-02 18:36:00.174,C3:00:00:63:4D:08,-49,127,1.5,6.5,1.5
1783010160200,2026-07-02 18:36:00.200,C3:00:00:63:4D:0D,-58,127,1.5,6.5,1.5
1783010160206,2026-07-02 18:36:00.206,C3:00:00:63:4D:05,-60,127,1.5,6.5,1.5
1783010160221,2026-07-02 18:36:00.221,C3:00:00:63:4D:07,-65,127,1.5,6.5,1.5
1783010160229,2026-07-02 18:36:00.229,C3:00:00:63:4C:D2,-71,127,1.5,6.5,1.5
1783010160231,2026-07-02 18:36:00.231,C3:00:00:63:4D:0A,-64,127,1.5,6.5,1.5
1783010160273,2026-07-02 18:36:00.273,C3:00:00:63:4D:04,-60,127,1.5,6.5,1.5
1783010160281,2026-07-02 18:36:00.281,C3:00:00:63:4D:09,-72,127,1.5,6.5,1.5
1783010160293,2026-07-02 18:36:00.293,C3:00:00:63:4D:08,-50,127,1.5,6.5,1.5
1783010160308,2026-07-02 18:36:00.308,C3:00:00:63:4D:0D,-52,127,1.5,6.5,1.5
1783010160324,2026-07-02 18:36:00.324,C3:00:00:63:4D:05,-58,127,1.5,6.5,1.5
1783010160336,2026-07-02 18:36:00.336,C3:00:00:63:4D:07,-69,127,1.5,6.5,1.5
1783010160339,2026-07-02 18:36:00.339,C3:00:00:63:4D:0A,-66,127,1.5,6.5,1.5
1783010160370,2026-07-02 18:36:00.370,C3:00:00:63:4D:07,-68,127,1.5,6.5,1.5
1783010160381,2026-07-02 18:36:00.381,C3:00:00:63:4D:04,-61,127,1.5,6.5,1.5
1783010160391,2026-07-02 18:36:00.391,C3:00:00:63:4D:09,-71,127,1.5,6.5,1.5
1783010160400,2026-07-02 18:36:00.400,C3:00:00:63:4D:04,-61,127,1.5,6.5,1.5
1783010160404,2026-07-02 18:36:00.404,C3:00:00:63:4D:08,-45,127,1.5,6.5,1.5
1783010160411,2026-07-02 18:36:00.411,C3:00:00:63:4D:09,-70,127,1.5,6.5,1.5
1783010160413,2026-07-02 18:36:00.413,C3:00:00:63:4D:0D,-51,127,1.5,6.5,1.5
1783010160449,2026-07-02 18:36:00.449,C3:00:00:63:4D:07,-71,127,1.5,6.5,1.5
1783010160454,2026-07-02 18:36:00.454,C3:00:00:63:4D:0A,-60,127,1.5,6.5,1.5
1783010160456,2026-07-02 18:36:00.456,C3:00:00:63:4C:D2,-67,127,1.5,6.5,1.5
1783010160481,2026-07-02 18:36:00.481,C3:00:00:63:4C:D2,-69,127,1.5,6.5,1.5
1783010160487,2026-07-02 18:36:00.487,C3:00:00:63:4D:04,-58,127,1.5,6.5,1.5
1783010160520,2026-07-02 18:36:00.520,C3:00:00:63:4D:0D,-54,127,1.5,6.5,1.5
1783010160563,2026-07-02 18:36:00.563,C3:00:00:63:4C:D2,-65,127,1.5,6.5,1.5
1783010160568,2026-07-02 18:36:00.568,C3:00:00:63:4D:07,-63,127,1.5,6.5,1.5
1783010160604,2026-07-02 18:36:00.604,C3:00:00:63:4D:04,-63,127,1.5,6.5,1.5
1783010160619,2026-07-02 18:36:00.619,C3:00:00:63:4D:08,-45,127,1.5,6.5,1.5
1783010160670,2026-07-02 18:36:00.670,C3:00:00:63:4D:0D,-54,127,1.5,6.5,1.5
1783010160673,2026-07-02 18:36:00.673,C3:00:00:63:4D:05,-64,127,1.5,6.5,1.5
1783010160679,2026-07-02 18:36:00.679,C3:00:00:63:4D:07,-67,127,1.5,6.5,1.5
1783010160685,2026-07-02 18:36:00.685,C3:00:00:63:4C:D2,-54,127,1.5,6.5,1.5
1783010160693,2026-07-02 18:36:00.693,C3:00:00:63:4D:0A,-66,127,1.5,6.5,1.5
1783010160709,2026-07-02 18:36:00.709,C3:00:00:63:4D:04,-64,127,1.5,6.5,1.5
1783010160721,2026-07-02 18:36:00.721,C3:00:00:63:4D:08,-50,127,1.5,6.5,1.5
1783010160725,2026-07-02 18:36:00.725,C3:00:00:63:4D:0D,-60,127,1.5,6.5,1.5
1783010160730,2026-07-02 18:36:00.730,C3:00:00:63:4D:09,-63,127,1.5,6.5,1.5
1783010160781,2026-07-02 18:36:00.781,C3:00:00:63:4D:05,-64,127,1.5,6.5,1.5
1783010160784,2026-07-02 18:36:00.784,C3:00:00:63:4D:0A,-60,127,1.5,6.5,1.5
1783010160793,2026-07-02 18:36:00.793,C3:00:00:63:4C:D2,-66,127,1.5,6.5,1.5
1783010160800,2026-07-02 18:36:00.800,C3:00:00:63:4D:07,-64,127,1.5,6.5,1.5
1783010160838,2026-07-02 18:36:00.838,C3:00:00:63:4D:04,-62,127,1.5,6.5,1.5
1783010160841,2026-07-02 18:36:00.841,C3:00:00:63:4D:0D,-54,127,1.5,6.5,1.5
1783010160853,2026-07-02 18:36:00.853,C3:00:00:63:4D:08,-49,127,1.5,6.5,1.5
1783010160855,2026-07-02 18:36:00.855,C3:00:00:63:4D:09,-75,127,1.5,6.5,1.5
1783010160897,2026-07-02 18:36:00.897,C3:00:00:63:4D:09,-79,127,1.5,6.5,1.5
1783010160900,2026-07-02 18:36:00.900,C3:00:00:63:4D:05,-69,127,1.5,6.5,1.5
1783010160911,2026-07-02 18:36:00.911,C3:00:00:63:4D:07,-68,127,1.5,6.5,1.5
1783010160927,2026-07-02 18:36:00.927,C3:00:00:63:4D:04,-59,127,1.5,6.5,1.5
1783010160933,2026-07-02 18:36:00.933,C3:00:00:63:4D:0D,-53,127,1.5,6.5,1.5
1783010160943,2026-07-02 18:36:00.943,C3:00:00:63:4D:08,-46,127,1.5,6.5,1.5
1783010160959,2026-07-02 18:36:00.959,C3:00:00:63:4D:09,-67,127,1.5,6.5,1.5
1783010161019,2026-07-02 18:36:01.019,C3:00:00:63:4D:0A,-60,127,1.5,6.5,1.5
1783010161022,2026-07-02 18:36:01.022,C3:00:00:63:4D:07,-70,127,1.5,6.5,1.5
1783010161032,2026-07-02 18:36:01.032,C3:00:00:63:4C:D2,-65,127,1.5,6.5,1.5
1783010161038,2026-07-02 18:36:01.038,C3:00:00:63:4D:04,-63,127,1.5,6.5,1.5
1783010161051,2026-07-02 18:36:01.051,C3:00:00:63:4D:0D,-60,127,1.5,6.5,1.5
1783010161054,2026-07-02 18:36:01.054,C3:00:00:63:4D:08,-49,127,1.5,6.5,1.5
1783010161080,2026-07-02 18:36:01.080,C3:00:00:63:4D:09,-61,127,1.5,6.5,1.5
1783010161117,2026-07-02 18:36:01.117,C3:00:00:63:4D:0A,-63,127,1.5,6.5,1.5
1783010161133,2026-07-02 18:36:01.133,C3:00:00:63:4D:0A,-64,127,1.5,6.5,1.5
1783010161143,2026-07-02 18:36:01.143,C3:00:00:63:4D:05,-71,127,1.5,6.5,1.5
1783010161146,2026-07-02 18:36:01.146,C3:00:00:63:4D:07,-64,127,1.5,6.5,1.5
1783010161152,2026-07-02 18:36:01.152,C3:00:00:63:4D:04,-67,127,1.5,6.5,1.5
1783010161159,2026-07-02 18:36:01.159,C3:00:00:63:4D:08,-47,127,1.5,6.5,1.5
1783010161163,2026-07-02 18:36:01.163,C3:00:00:63:4D:05,-72,127,1.5,6.5,1.5
1783010161165,2026-07-02 18:36:01.165,C3:00:00:63:4D:08,-49,127,1.5,6.5,1.5
1783010161217,2026-07-02 18:36:01.217,C3:00:00:63:4D:05,-65,127,1.5,6.5,1.5
1783010161239,2026-07-02 18:36:01.239,C3:00:00:63:4D:0A,-66,127,1.5,6.5,1.5
1783010161260,2026-07-02 18:36:01.260,C3:00:00:63:4D:0D,-53,127,1.5,6.5,1.5
1783010161262,2026-07-02 18:36:01.262,C3:00:00:63:4D:05,-60,127,1.5,6.5,1.5
1783010161266,2026-07-02 18:36:01.266,C3:00:00:63:4D:04,-60,127,1.5,6.5,1.5
1783010161267,2026-07-02 18:36:01.267,C3:00:00:63:4D:08,-47,127,1.5,6.5,1.5
1783010161299,2026-07-02 18:36:01.299,C3:00:00:63:4D:09,-66,127,1.5,6.5,1.5
1783010161331,2026-07-02 18:36:01.331,C3:00:00:63:4D:0D,-59,127,1.5,6.5,1.5
1783010161343,2026-07-02 18:36:01.343,C3:00:00:63:4C:D2,-65,127,1.5,6.5,1.5
1783010161354,2026-07-02 18:36:01.354,C3:00:00:63:4D:0A,-60,127,1.5,6.5,1.5
1783010161363,2026-07-02 18:36:01.363,C3:00:00:63:4D:05,-67,127,1.5,6.5,1.5
1783010161369,2026-07-02 18:36:01.369,C3:00:00:63:4D:04,-59,127,1.5,6.5,1.5
1783010161371,2026-07-02 18:36:01.371,C3:00:00:63:4D:07,-65,127,1.5,6.5,1.5
1783010161378,2026-07-02 18:36:01.378,C3:00:00:63:4D:08,-50,127,1.5,6.5,1.5
1783010161386,2026-07-02 18:36:01.386,C3:00:00:63:4D:0A,-60,127,1.5,6.5,1.5
1783010161391,2026-07-02 18:36:01.391,C3:00:00:63:4D:04,-61,127,1.5,6.5,1.5
1783010161408,2026-07-02 18:36:01.408,C3:00:00:63:4D:04,-62,127,1.5,6.5,1.5
1783010161422,2026-07-02 18:36:01.422,C3:00:00:63:4D:09,-78,127,1.5,6.5,1.5
1783010161460,2026-07-02 18:36:01.460,C3:00:00:63:4D:0D,-56,127,1.5,6.5,1.5
1783010161468,2026-07-02 18:36:01.468,C3:00:00:63:4D:0A,-67,127,1.5,6.5,1.5
1783010161477,2026-07-02 18:36:01.477,C3:00:00:63:4D:04,-63,127,1.5,6.5,1.5
1783010161492,2026-07-02 18:36:01.492,C3:00:00:63:4D:05,-64,127,1.5,6.5,1.5
1783010161498,2026-07-02 18:36:01.498,C3:00:00:63:4C:D2,-65,127,1.5,6.5,1.5
1783010161500,2026-07-02 18:36:01.500,C3:00:00:63:4D:08,-49,127,1.5,6.5,1.5
1783010161501,2026-07-02 18:36:01.501,C3:00:00:63:4D:07,-70,127,1.5,6.5,1.5
1783010161529,2026-07-02 18:36:01.529,C3:00:00:63:4D:09,-73,127,1.5,6.5,1.5
1783010161548,2026-07-02 18:36:01.548,C3:00:00:63:4D:08,-49,127,1.5,6.5,1.5
1783010161574,2026-07-02 18:36:01.574,C3:00:00:63:4D:0D,-54,127,1.5,6.5,1.5
1783010161586,2026-07-02 18:36:01.586,C3:00:00:63:4D:0A,-66,127,1.5,6.5,1.5
1783010161597,2026-07-02 18:36:01.597,C3:00:00:63:4D:04,-61,127,1.5,6.5,1.5
1783010161602,2026-07-02 18:36:01.602,C3:00:00:63:4D:05,-60,127,1.5,6.5,1.5
1783010161604,2026-07-02 18:36:01.604,C3:00:00:63:4D:07,-66,127,1.5,6.5,1.5
1783010161606,2026-07-02 18:36:01.606,C3:00:00:63:4D:0D,-52,127,1.5,6.5,1.5
1783010161610,2026-07-02 18:36:01.610,C3:00:00:63:4C:D2,-55,127,1.5,6.5,1.5
1783010161666,2026-07-02 18:36:01.666,C3:00:00:63:4D:0D,-58,127,1.5,6.5,1.5
1783010161692,2026-07-02 18:36:01.692,C3:00:00:63:4D:0A,-59,127,1.5,6.5,1.5
1783010161698,2026-07-02 18:36:01.698,C3:00:00:63:4D:04,-61,127,1.5,6.5,1.5
1783010161702,2026-07-02 18:36:01.702,C3:00:00:63:4D:08,-48,127,1.5,6.5,1.5
1783010161710,2026-07-02 18:36:01.710,C3:00:00:63:4D:05,-69,127,1.5,6.5,1.5
1783010161726,2026-07-02 18:36:01.726,C3:00:00:63:4C:D2,-66,127,1.5,6.5,1.5
1783010161731,2026-07-02 18:36:01.731,C3:00:00:63:4D:07,-74,127,1.5,6.5,1.5
1783010161736,2026-07-02 18:36:01.736,C3:00:00:63:4D:07,-75,127,1.5,6.5,1.5
1783010161757,2026-07-02 18:36:01.757,C3:00:00:63:4D:09,-68,127,1.5,6.5,1.5
1783010161775,2026-07-02 18:36:01.775,C3:00:00:63:4D:0D,-55,127,1.5,6.5,1.5
1783010161792,2026-07-02 18:36:01.792,C3:00:00:63:4D:04,-62,127,1.5,6.5,1.5
1783010161815,2026-07-02 18:36:01.815,C3:00:00:63:4D:0A,-67,127,1.5,6.5,1.5
1783010161841,2026-07-02 18:36:01.841,C3:00:00:63:4C:D2,-54,127,1.5,6.5,1.5
1783010161843,2026-07-02 18:36:01.843,C3:00:00:63:4D:05,-63,127,1.5,6.5,1.5
1783010161876,2026-07-02 18:36:01.876,C3:00:00:63:4D:0D,-54,127,1.5,6.5,1.5
1783010161879,2026-07-02 18:36:01.879,C3:00:00:63:4D:09,-66,127,1.5,6.5,1.5
1783010161885,2026-07-02 18:36:01.885,C3:00:00:63:4D:0A,-68,127,1.5,6.5,1.5
1783010161910,2026-07-02 18:36:01.910,C3:00:00:63:4D:04,-62,127,1.5,6.5,1.5
1783010161917,2026-07-02 18:36:01.917,C3:00:00:63:4D:05,-71,127,1.5,6.5,1.5
1783010161921,2026-07-02 18:36:01.921,C3:00:00:63:4D:08,-47,127,1.5,6.5,1.5
1783010161933,2026-07-02 18:36:01.933,C3:00:00:63:4D:05,-68,127,1.5,6.5,1.5
1783010161985,2026-07-02 18:36:01.985,C3:00:00:63:4D:0D,-55,127,1.5,6.5,1.5
1783010161988,2026-07-02 18:36:01.988,C3:00:00:63:4D:09,-64,127,1.5,6.5,1.5
1783010162013,2026-07-02 18:36:02.013,C3:00:00:63:4D:04,-68,127,1.5,6.5,1.5
1783010162034,2026-07-02 18:36:02.034,C3:00:00:63:4D:0A,-68,127,1.5,6.5,1.5
1783010162040,2026-07-02 18:36:02.040,C3:00:00:63:4D:08,-50,127,1.5,6.5,1.5
1783010162058,2026-07-02 18:36:02.058,C3:00:00:63:4D:05,-62,127,1.5,6.5,1.5
1783010162065,2026-07-02 18:36:02.065,C3:00:00:63:4D:07,-75,127,1.5,6.5,1.5
1783010162068,2026-07-02 18:36:02.068,C3:00:00:63:4C:D2,-61,127,1.5,6.5,1.5
1783010162088,2026-07-02 18:36:02.088,C3:00:00:63:4D:0D,-53,127,1.5,6.5,1.5
1783010162106,2026-07-02 18:36:02.106,C3:00:00:63:4D:09,-70,127,1.5,6.5,1.5
1783010162131,2026-07-02 18:36:02.131,C3:00:00:63:4D:04,-62,127,1.5,6.5,1.5
1783010162152,2026-07-02 18:36:02.152,C3:00:00:63:4D:0A,-65,127,1.5,6.5,1.5
1783010162169,2026-07-02 18:36:02.169,C3:00:00:63:4D:05,-61,127,1.5,6.5,1.5
1783010162175,2026-07-02 18:36:02.175,C3:00:00:63:4C:D2,-56,127,1.5,6.5,1.5
1783010162195,2026-07-02 18:36:02.195,C3:00:00:63:4D:0D,-55,127,1.5,6.5,1.5
1783010162214,2026-07-02 18:36:02.214,C3:00:00:63:4D:09,-63,127,1.5,6.5,1.5
1783010162233,2026-07-02 18:36:02.233,C3:00:00:63:4D:04,-61,127,1.5,6.5,1.5
1783010162244,2026-07-02 18:36:02.244,C3:00:00:63:4D:08,-49,127,1.5,6.5,1.5
1783010162260,2026-07-02 18:36:02.260,C3:00:00:63:4D:0A,-61,127,1.5,6.5,1.5
1783010162284,2026-07-02 18:36:02.284,C3:00:00:63:4D:07,-68,127,1.5,6.5,1.5
1783010162291,2026-07-02 18:36:02.291,C3:00:00:63:4C:D2,-69,127,1.5,6.5,1.5
1783010162302,2026-07-02 18:36:02.302,C3:00:00:63:4D:0D,-54,127,1.5,6.5,1.5
1783010162327,2026-07-02 18:36:02.327,C3:00:00:63:4D:09,-66,127,1.5,6.5,1.5
1783010162343,2026-07-02 18:36:02.343,C3:00:00:63:4D:04,-64,127,1.5,6.5,1.5
1783010162363,2026-07-02 18:36:02.363,C3:00:00:63:4D:07,-72,127,1.5,6.5,1.5
1783010162366,2026-07-02 18:36:02.366,C3:00:00:63:4D:08,-47,127,1.5,6.5,1.5
1783010162375,2026-07-02 18:36:02.375,C3:00:00:63:4D:0A,-65,127,1.5,6.5,1.5
1783010162380,2026-07-02 18:36:02.380,C3:00:00:63:4D:07,-69,127,1.5,6.5,1.5
1783010162408,2026-07-02 18:36:02.408,C3:00:00:63:4D:0D,-54,127,1.5,6.5,1.5
1783010162444,2026-07-02 18:36:02.444,C3:00:00:63:4D:09,-65,127,1.5,6.5,1.5
1783010162455,2026-07-02 18:36:02.455,C3:00:00:63:4D:04,-58,127,1.5,6.5,1.5
1783010162475,2026-07-02 18:36:02.475,C3:00:00:63:4D:08,-45,127,1.5,6.5,1.5
1783010162486,2026-07-02 18:36:02.486,C3:00:00:63:4D:0A,-66,127,1.5,6.5,1.5
1783010162512,2026-07-02 18:36:02.512,C3:00:00:63:4D:0D,-60,127,1.5,6.5,1.5
1783010162519,2026-07-02 18:36:02.519,C3:00:00:63:4C:D2,-62,127,1.5,6.5,1.5
1783010162558,2026-07-02 18:36:02.558,C3:00:00:63:4D:04,-58,127,1.5,6.5,1.5
1783010162577,2026-07-02 18:36:02.577,C3:00:00:63:4D:08,-45,127,1.5,6.5,1.5
1783010162594,2026-07-02 18:36:02.594,C3:00:00:63:4D:0A,-59,127,1.5,6.5,1.5
1783010162617,2026-07-02 18:36:02.617,C3:00:00:63:4D:0D,-53,127,1.5,6.5,1.5
1783010162626,2026-07-02 18:36:02.626,C3:00:00:63:4D:05,-67,127,1.5,6.5,1.5
1783010162634,2026-07-02 18:36:02.634,C3:00:00:63:4C:D2,-69,127,1.5,6.5,1.5
1783010162641,2026-07-02 18:36:02.641,C3:00:00:63:4D:07,-70,127,1.5,6.5,1.5
1783010162676,2026-07-02 18:36:02.676,C3:00:00:63:4D:0D,-56,127,1.5,6.5,1.5
1783010162684,2026-07-02 18:36:02.684,C3:00:00:63:4D:08,-49,127,1.5,6.5,1.5
1783010162711,2026-07-02 18:36:02.711,C3:00:00:63:4D:0A,-64,127,1.5,6.5,1.5
1783010162717,2026-07-02 18:36:02.717,C3:00:00:63:4D:0D,-56,127,1.5,6.5,1.5
1783010162755,2026-07-02 18:36:02.755,C3:00:00:63:4C:D2,-58,127,1.5,6.5,1.5
1783010162780,2026-07-02 18:36:02.780,C3:00:00:63:4D:04,-59,127,1.5,6.5,1.5
1783010162783,2026-07-02 18:36:02.783,C3:00:00:63:4D:09,-72,127,1.5,6.5,1.5
1783010162797,2026-07-02 18:36:02.797,C3:00:00:63:4D:08,-42,127,1.5,6.5,1.5
1783010162827,2026-07-02 18:36:02.827,C3:00:00:63:4D:0D,-54,127,1.5,6.5,1.5
1783010162857,2026-07-02 18:36:02.857,C3:00:00:63:4D:05,-66,127,1.5,6.5,1.5
1783010162863,2026-07-02 18:36:02.863,C3:00:00:63:4D:07,-68,127,1.5,6.5,1.5
1783010162870,2026-07-02 18:36:02.870,C3:00:00:63:4C:D2,-67,127,1.5,6.5,1.5
1783010162892,2026-07-02 18:36:02.892,C3:00:00:63:4D:04,-70,127,1.5,6.5,1.5
1783010162924,2026-07-02 18:36:02.924,C3:00:00:63:4D:09,-69,127,1.5,6.5,1.5
1783010162929,2026-07-02 18:36:02.929,C3:00:00:63:4D:0A,-76,127,1.5,6.5,1.5
1783010162934,2026-07-02 18:36:02.934,C3:00:00:63:4D:0D,-58,127,1.5,6.5,1.5
1783010162937,2026-07-02 18:36:02.937,C3:00:00:63:4D:08,-41,127,1.5,6.5,1.5
1783010162947,2026-07-02 18:36:02.947,C3:00:00:63:4D:0A,-68,127,1.5,6.5,1.5
1783010162952,2026-07-02 18:36:02.952,C3:00:00:63:4D:08,-49,127,1.5,6.5,1.5
1783010162971,2026-07-02 18:36:02.971,C3:00:00:63:4D:05,-54,127,1.5,6.5,1.5
1783010162983,2026-07-02 18:36:02.983,C3:00:00:63:4C:D2,-68,127,1.5,6.5,1.5
1783010162986,2026-07-02 18:36:02.986,C3:00:00:63:4D:07,-67,127,1.5,6.5,1.5
1783010163016,2026-07-02 18:36:03.016,C3:00:00:63:4C:D2,-66,127,1.5,6.5,1.5
1783010163042,2026-07-02 18:36:03.042,C3:00:00:63:4D:0D,-50,127,1.5,6.5,1.5
1783010163049,2026-07-02 18:36:03.049,C3:00:00:63:4D:09,-66,127,1.5,6.5,1.5
1783010163057,2026-07-02 18:36:03.057,C3:00:00:63:4D:0A,-67,127,1.5,6.5,1.5
1783010163095,2026-07-02 18:36:03.095,C3:00:00:63:4C:D2,-56,127,1.5,6.5,1.5
1783010163108,2026-07-02 18:36:03.108,C3:00:00:63:4D:04,-63,127,1.5,6.5,1.5
1783010163118,2026-07-02 18:36:03.118,C3:00:00:63:4D:08,-52,127,1.5,6.5,1.5
1783010163129,2026-07-02 18:36:03.129,C3:00:00:63:4D:09,-78,127,1.5,6.5,1.5
1783010163135,2026-07-02 18:36:03.135,C3:00:00:63:4D:0D,-66,127,1.5,6.5,1.5
1783010163149,2026-07-02 18:36:03.149,C3:00:00:63:4D:08,-52,127,1.5,6.5,1.5
1783010163162,2026-07-02 18:36:03.162,C3:00:00:63:4D:0A,-60,127,1.5,6.5,1.5
1783010163195,2026-07-02 18:36:03.195,C3:00:00:63:4C:D2,-60,127,1.5,6.5,1.5
1783010163198,2026-07-02 18:36:03.198,C3:00:00:63:4D:05,-57,127,1.5,6.5,1.5
1783010163220,2026-07-02 18:36:03.220,C3:00:00:63:4D:04,-59,127,1.5,6.5,1.5
1783010163226,2026-07-02 18:36:03.226,C3:00:00:63:4D:05,-60,127,1.5,6.5,1.5
1783010163230,2026-07-02 18:36:03.230,C3:00:00:63:4D:08,-49,127,1.5,6.5,1.5
1783010163241,2026-07-02 18:36:03.241,C3:00:00:63:4D:09,-62,127,1.5,6.5,1.5
1783010163279,2026-07-02 18:36:03.279,C3:00:00:63:4D:0A,-64,127,1.5,6.5,1.5
1783010163315,2026-07-02 18:36:03.315,C3:00:00:63:4D:05,-54,127,1.5,6.5,1.5
1783010163325,2026-07-02 18:36:03.325,C3:00:00:63:4D:07,-63,127,1.5,6.5,1.5
1783010163332,2026-07-02 18:36:03.332,C3:00:00:63:4D:04,-63,127,1.5,6.5,1.5
1783010163337,2026-07-02 18:36:03.337,C3:00:00:63:4C:D2,-58,127,1.5,6.5,1.5
1783010163348,2026-07-02 18:36:03.348,C3:00:00:63:4D:0D,-59,127,1.5,6.5,1.5
1783010163351,2026-07-02 18:36:03.351,C3:00:00:63:4D:08,-46,127,1.5,6.5,1.5
1783010163355,2026-07-02 18:36:03.355,C3:00:00:63:4C:D2,-58,127,1.5,6.5,1.5
1783010163357,2026-07-02 18:36:03.357,C3:00:00:63:4D:09,-60,127,1.5,6.5,1.5
1783010163365,2026-07-02 18:36:03.365,C3:00:00:63:4D:0D,-55,127,1.5,6.5,1.5
1783010163392,2026-07-02 18:36:03.392,C3:00:00:63:4D:0A,-66,127,1.5,6.5,1.5
1783010163398,2026-07-02 18:36:03.398,C3:00:00:63:4D:04,-60,127,1.5,6.5,1.5
1783010163414,2026-07-02 18:36:03.414,C3:00:00:63:4D:04,-61,127,1.5,6.5,1.5
1783010163435,2026-07-02 18:36:03.435,C3:00:00:63:4D:05,-60,127,1.5,6.5,1.5
1783010163437,2026-07-02 18:36:03.437,C3:00:00:63:4D:07,-66,127,1.5,6.5,1.5
1783010163439,2026-07-02 18:36:03.439,C3:00:00:63:4C:D2,-63,127,1.5,6.5,1.5
1783010163446,2026-07-02 18:36:03.446,C3:00:00:63:4D:08,-46,127,1.5,6.5,1.5
1783010163456,2026-07-02 18:36:03.456,C3:00:00:63:4D:0D,-68,127,1.5,6.5,1.5
1783010163465,2026-07-02 18:36:03.465,C3:00:00:63:4D:09,-62,127,1.5,6.5,1.5
1783010163497,2026-07-02 18:36:03.497,C3:00:00:63:4D:0A,-59,127,1.5,6.5,1.5
1783010163544,2026-07-02 18:36:03.544,C3:00:00:63:4D:05,-61,127,1.5,6.5,1.5
1783010163550,2026-07-02 18:36:03.550,C3:00:00:63:4D:04,-59,127,1.5,6.5,1.5
1783010163557,2026-07-02 18:36:03.557,C3:00:00:63:4D:08,-48,127,1.5,6.5,1.5
1783010163562,2026-07-02 18:36:03.562,C3:00:00:63:4D:07,-67,127,1.5,6.5,1.5
1783010163569,2026-07-02 18:36:03.569,C3:00:00:63:4D:0D,-52,127,1.5,6.5,1.5
1783010163572,2026-07-02 18:36:03.572,C3:00:00:63:4C:D2,-70,127,1.5,6.5,1.5
1783010163582,2026-07-02 18:36:03.582,C3:00:00:63:4D:09,-62,127,1.5,6.5,1.5
1783010163613,2026-07-02 18:36:03.613,C3:00:00:63:4D:0A,-70,127,1.5,6.5,1.5
1783010163649,2026-07-02 18:36:03.649,C3:00:00:63:4D:04,-63,127,1.5,6.5,1.5
1783010163659,2026-07-02 18:36:03.659,C3:00:00:63:4D:05,-62,127,1.5,6.5,1.5
1783010163667,2026-07-02 18:36:03.667,C3:00:00:63:4D:0D,-61,127,1.5,6.5,1.5
1783010163674,2026-07-02 18:36:03.674,C3:00:00:63:4D:07,-71,127,1.5,6.5,1.5
1783010163676,2026-07-02 18:36:03.676,C3:00:00:63:4D:08,-47,127,1.5,6.5,1.5
1783010163681,2026-07-02 18:36:03.681,C3:00:00:63:4C:D2,-57,127,1.5,6.5,1.5
1783010163692,2026-07-02 18:36:03.692,C3:00:00:63:4D:09,-65,127,1.5,6.5,1.5
1783010163765,2026-07-02 18:36:03.765,C3:00:00:63:4D:04,-67,127,1.5,6.5,1.5
1783010163770,2026-07-02 18:36:03.770,C3:00:00:63:4D:0D,-55,127,1.5,6.5,1.5
1783010163773,2026-07-02 18:36:03.773,C3:00:00:63:4D:05,-58,127,1.5,6.5,1.5
1783010163776,2026-07-02 18:36:03.776,C3:00:00:63:4D:09,-69,127,1.5,6.5,1.5
1783010163779,2026-07-02 18:36:03.779,C3:00:00:63:4D:08,-46,127,1.5,6.5,1.5
1783010163784,2026-07-02 18:36:03.784,C3:00:00:63:4D:07,-69,127,1.5,6.5,1.5
1783010163786,2026-07-02 18:36:03.786,C3:00:00:63:4C:D2,-69,127,1.5,6.5,1.5
1783010163788,2026-07-02 18:36:03.788,C3:00:00:63:4D:04,-77,127,1.5,6.5,1.5
1783010163804,2026-07-02 18:36:03.804,C3:00:00:63:4D:09,-59,127,1.5,6.5,1.5
1783010163845,2026-07-02 18:36:03.845,C3:00:00:63:4D:0A,-64,127,1.5,6.5,1.5
1783010163874,2026-07-02 18:36:03.874,C3:00:00:63:4D:04,-72,127,1.5,6.5,1.5
1783010163879,2026-07-02 18:36:03.879,C3:00:00:63:4D:0D,-52,127,1.5,6.5,1.5
1783010163883,2026-07-02 18:36:03.883,C3:00:00:63:4D:08,-51,127,1.5,6.5,1.5
1783010163904,2026-07-02 18:36:03.904,C3:00:00:63:4C:D2,-63,127,1.5,6.5,1.5
1783010163928,2026-07-02 18:36:03.928,C3:00:00:63:4D:09,-63,127,1.5,6.5,1.5
1783010163954,2026-07-02 18:36:03.954,C3:00:00:63:4D:0A,-70,127,1.5,6.5,1.5
1783010163979,2026-07-02 18:36:03.979,C3:00:00:63:4D:0D,-54,127,1.5,6.5,1.5
1783010163983,2026-07-02 18:36:03.983,C3:00:00:63:4D:04,-63,127,1.5,6.5,1.5
1783010163999,2026-07-02 18:36:03.999,C3:00:00:63:4D:08,-48,127,1.5,6.5,1.5
1783010164002,2026-07-02 18:36:04.002,C3:00:00:63:4D:0D,-62,127,1.5,6.5,1.5
1783010164012,2026-07-02 18:36:04.012,C3:00:00:63:4D:05,-56,127,1.5,6.5,1.5
1783010164046,2026-07-02 18:36:04.046,C3:00:00:63:4D:09,-64,127,1.5,6.5,1.5
1783010164073,2026-07-02 18:36:04.073,C3:00:00:63:4D:0A,-62,127,1.5,6.5,1.5
1783010164095,2026-07-02 18:36:04.095,C3:00:00:63:4D:04,-64,127,1.5,6.5,1.5
1783010164101,2026-07-02 18:36:04.101,C3:00:00:63:4D:0D,-59,127,1.5,6.5,1.5
1783010164104,2026-07-02 18:36:04.104,C3:00:00:63:4D:08,-49,127,1.5,6.5,1.5
1783010164154,2026-07-02 18:36:04.154,C3:00:00:63:4D:09,-68,127,1.5,6.5,1.5
1783010164216,2026-07-02 18:36:04.216,C3:00:00:63:4D:08,-52,127,1.5,6.5,1.5
1783010164239,2026-07-02 18:36:04.239,C3:00:00:63:4D:05,-60,127,1.5,6.5,1.5
1783010164243,2026-07-02 18:36:04.243,C3:00:00:63:4D:07,-68,127,1.5,6.5,1.5
1783010164245,2026-07-02 18:36:04.245,C3:00:00:63:4C:D2,-56,127,1.5,6.5,1.5
1783010164271,2026-07-02 18:36:04.271,C3:00:00:63:4D:09,-72,127,1.5,6.5,1.5
1783010164291,2026-07-02 18:36:04.291,C3:00:00:63:4D:0A,-73,127,1.5,6.5,1.5
1783010164298,2026-07-02 18:36:04.298,C3:00:00:63:4D:0D,-55,127,1.5,6.5,1.5
1783010164316,2026-07-02 18:36:04.316,C3:00:00:63:4D:04,-59,127,1.5,6.5,1.5
1783010164321,2026-07-02 18:36:04.321,C3:00:00:63:4D:08,-53,127,1.5,6.5,1.5
1783010164355,2026-07-02 18:36:04.355,C3:00:00:63:4D:05,-60,127,1.5,6.5,1.5
1783010164400,2026-07-02 18:36:04.400,C3:00:00:63:4D:0D,-58,127,1.5,6.5,1.5
1783010164404,2026-07-02 18:36:04.404,C3:00:00:63:4D:0A,-60,127,1.5,6.5,1.5
1783010164414,2026-07-02 18:36:04.414,C3:00:00:63:4D:09,-61,127,1.5,6.5,1.5
1783010164417,2026-07-02 18:36:04.417,C3:00:00:63:4D:04,-71,127,1.5,6.5,1.5
1783010164471,2026-07-02 18:36:04.471,C3:00:00:63:4D:05,-61,127,1.5,6.5,1.5
1783010164475,2026-07-02 18:36:04.475,C3:00:00:63:4C:D2,-64,127,1.5,6.5,1.5
1783010164481,2026-07-02 18:36:04.481,C3:00:00:63:4D:07,-61,127,1.5,6.5,1.5
1783010164496,2026-07-02 18:36:04.496,C3:00:00:63:4C:D2,-64,127,1.5,6.5,1.5
1783010164500,2026-07-02 18:36:04.500,C3:00:00:63:4D:09,-66,127,1.5,6.5,1.5
1783010164520,2026-07-02 18:36:04.520,C3:00:00:63:4D:0A,-72,127,1.5,6.5,1.5
1783010164523,2026-07-02 18:36:04.523,C3:00:00:63:4D:04,-61,127,1.5,6.5,1.5
1783010164541,2026-07-02 18:36:04.541,C3:00:00:63:4D:08,-50,127,1.5,6.5,1.5
1783010164577,2026-07-02 18:36:04.577,C3:00:00:63:4D:05,-59,127,1.5,6.5,1.5
1783010164587,2026-07-02 18:36:04.587,C3:00:00:63:4D:07,-65,127,1.5,6.5,1.5
1783010164599,2026-07-02 18:36:04.599,C3:00:00:63:4C:D2,-55,127,1.5,6.5,1.5
1783010164615,2026-07-02 18:36:04.615,C3:00:00:63:4D:0D,-54,127,1.5,6.5,1.5
1783010164632,2026-07-02 18:36:04.632,C3:00:00:63:4D:0A,-65,127,1.5,6.5,1.5
1783010164637,2026-07-02 18:36:04.637,C3:00:00:63:4D:04,-61,127,1.5,6.5,1.5
1783010164699,2026-07-02 18:36:04.699,C3:00:00:63:4D:05,-58,127,1.5,6.5,1.5
1783010164721,2026-07-02 18:36:04.721,C3:00:00:63:4D:0D,-54,127,1.5,6.5,1.5
1783010164730,2026-07-02 18:36:04.730,C3:00:00:63:4D:09,-71,127,1.5,6.5,1.5
1783010164747,2026-07-02 18:36:04.747,C3:00:00:63:4D:04,-66,127,1.5,6.5,1.5
1783010164756,2026-07-02 18:36:04.756,C3:00:00:63:4D:08,-49,127,1.5,6.5,1.5
1783010164817,2026-07-02 18:36:04.817,C3:00:00:63:4D:05,-64,127,1.5,6.5,1.5
1783010164821,2026-07-02 18:36:04.821,C3:00:00:63:4D:07,-62,127,1.5,6.5,1.5
1783010164828,2026-07-02 18:36:04.828,C3:00:00:63:4C:D2,-60,127,1.5,6.5,1.5
1783010164845,2026-07-02 18:36:04.845,C3:00:00:63:4D:09,-64,127,1.5,6.5,1.5
1783010164857,2026-07-02 18:36:04.857,C3:00:00:63:4D:04,-59,127,1.5,6.5,1.5
1783010164864,2026-07-02 18:36:04.864,C3:00:00:63:4D:0A,-65,127,1.5,6.5,1.5
1783010164868,2026-07-02 18:36:04.868,C3:00:00:63:4D:08,-44,127,1.5,6.5,1.5
1783010164920,2026-07-02 18:36:04.920,C3:00:00:63:4D:0D,-58,127,1.5,6.5,1.5
1783010164924,2026-07-02 18:36:04.924,C3:00:00:63:4D:09,-66,127,1.5,6.5,1.5
1783010164939,2026-07-02 18:36:04.939,C3:00:00:63:4D:07,-67,127,1.5,6.5,1.5
1783010164941,2026-07-02 18:36:04.941,C3:00:00:63:4C:D2,-66,127,1.5,6.5,1.5
1783010164956,2026-07-02 18:36:04.956,C3:00:00:63:4D:09,-66,127,1.5,6.5,1.5
1783010164962,2026-07-02 18:36:04.962,C3:00:00:63:4D:04,-58,127,1.5,6.5,1.5
1783010164973,2026-07-02 18:36:04.973,C3:00:00:63:4D:0A,-61,127,1.5,6.5,1.5
1783010164979,2026-07-02 18:36:04.979,C3:00:00:63:4D:08,-54,127,1.5,6.5,1.5
1783010165026,2026-07-02 18:36:05.026,C3:00:00:63:4D:0D,-55,127,1.5,6.5,1.5
1783010165040,2026-07-02 18:36:05.040,C3:00:00:63:4D:05,-62,127,1.5,6.5,1.5
1783010165046,2026-07-02 18:36:05.046,C3:00:00:63:4D:07,-61,127,1.5,6.5,1.5
1783010165052,2026-07-02 18:36:05.052,C3:00:00:63:4D:09,-72,127,1.5,6.5,1.5
1783010165060,2026-07-02 18:36:05.060,C3:00:00:63:4C:D2,-62,127,1.5,6.5,1.5
1783010165071,2026-07-02 18:36:05.071,C3:00:00:63:4D:04,-61,127,1.5,6.5,1.5
1783010165127,2026-07-02 18:36:05.127,C3:00:00:63:4D:0A,-74,127,1.5,6.5,1.5
1783010165132,2026-07-02 18:36:05.132,C3:00:00:63:4D:0D,-54,127,1.5,6.5,1.5
1783010165153,2026-07-02 18:36:05.153,C3:00:00:63:4D:05,-59,127,1.5,6.5,1.5
1783010165172,2026-07-02 18:36:05.172,C3:00:00:63:4D:05,-60,127,1.5,6.5,1.5
1783010165174,2026-07-02 18:36:05.174,C3:00:00:63:4D:04,-60,127,1.5,6.5,1.5
1783010165191,2026-07-02 18:36:05.191,C3:00:00:63:4D:08,-47,127,1.5,6.5,1.5
1783010165205,2026-07-02 18:36:05.205,C3:00:00:63:4C:D2,-60,127,1.5,6.5,1.5
1783010165209,2026-07-02 18:36:05.209,C3:00:00:63:4D:05,-59,127,1.5,6.5,1.5
1783010165241,2026-07-02 18:36:05.241,C3:00:00:63:4D:0D,-58,127,1.5,6.5,1.5
1783010165271,2026-07-02 18:36:05.271,C3:00:00:63:4D:05,-65,127,1.5,6.5,1.5
1783010165276,2026-07-02 18:36:05.276,C3:00:00:63:4C:D2,-72,127,1.5,6.5,1.5
1783010165293,2026-07-02 18:36:05.293,C3:00:00:63:4D:04,-62,127,1.5,6.5,1.5
1783010165296,2026-07-02 18:36:05.296,C3:00:00:63:4D:09,-61,127,1.5,6.5,1.5
1783010165305,2026-07-02 18:36:05.305,C3:00:00:63:4D:08,-52,127,1.5,6.5,1.5
1783010165344,2026-07-02 18:36:05.344,C3:00:00:63:4D:0D,-55,127,1.5,6.5,1.5
1783010165356,2026-07-02 18:36:05.356,C3:00:00:63:4C:D2,-64,127,1.5,6.5,1.5
1783010165368,2026-07-02 18:36:05.368,C3:00:00:63:4D:0D,-56,127,1.5,6.5,1.5
1783010165387,2026-07-02 18:36:05.387,C3:00:00:63:4D:05,-58,127,1.5,6.5,1.5
1783010165396,2026-07-02 18:36:05.396,C3:00:00:63:4D:0A,-70,127,1.5,6.5,1.5
1783010165402,2026-07-02 18:36:05.402,C3:00:00:63:4D:07,-67,127,1.5,6.5,1.5
1783010165406,2026-07-02 18:36:05.406,C3:00:00:63:4D:04,-59,127,1.5,6.5,1.5
1783010165408,2026-07-02 18:36:05.408,C3:00:00:63:4C:D2,-65,127,1.5,6.5,1.5
1783010165410,2026-07-02 18:36:05.410,C3:00:00:63:4D:09,-84,127,1.5,6.5,1.5
1783010165414,2026-07-02 18:36:05.414,C3:00:00:63:4D:04,-61,127,1.5,6.5,1.5
1783010165417,2026-07-02 18:36:05.417,C3:00:00:63:4D:0A,-69,127,1.5,6.5,1.5
1783010165436,2026-07-02 18:36:05.436,C3:00:00:63:4D:04,-62,127,1.5,6.5,1.5
1783010165450,2026-07-02 18:36:05.450,C3:00:00:63:4D:0D,-52,127,1.5,6.5,1.5
1783010165503,2026-07-02 18:36:05.503,C3:00:00:63:4D:05,-63,127,1.5,6.5,1.5
1783010165507,2026-07-02 18:36:05.507,C3:00:00:63:4D:07,-64,127,1.5,6.5,1.5
1783010165514,2026-07-02 18:36:05.514,C3:00:00:63:4C:D2,-68,127,1.5,6.5,1.5
1783010165520,2026-07-02 18:36:05.520,C3:00:00:63:4D:09,-63,127,1.5,6.5,1.5
1783010165522,2026-07-02 18:36:05.522,C3:00:00:63:4D:08,-48,127,1.5,6.5,1.5
1783010165524,2026-07-02 18:36:05.524,C3:00:00:63:4D:07,-71,127,1.5,6.5,1.5
1783010165537,2026-07-02 18:36:05.537,C3:00:00:63:4D:0A,-61,127,1.5,6.5,1.5
1783010165545,2026-07-02 18:36:05.545,C3:00:00:63:4D:08,-48,127,1.5,6.5,1.5
1783010165553,2026-07-02 18:36:05.553,C3:00:00:63:4D:0D,-58,127,1.5,6.5,1.5
1783010165594,2026-07-02 18:36:05.594,C3:00:00:63:4D:0D,-60,127,1.5,6.5,1.5
1783010165621,2026-07-02 18:36:05.621,C3:00:00:63:4D:05,-58,127,1.5,6.5,1.5
1783010165626,2026-07-02 18:36:05.626,C3:00:00:63:4D:08,-49,127,1.5,6.5,1.5
1783010165644,2026-07-02 18:36:05.644,C3:00:00:63:4D:09,-66,127,1.5,6.5,1.5
1783010165658,2026-07-02 18:36:05.658,C3:00:00:63:4D:0A,-76,127,1.5,6.5,1.5
1783010165663,2026-07-02 18:36:05.663,C3:00:00:63:4D:0D,-56,127,1.5,6.5,1.5
1783010165721,2026-07-02 18:36:05.721,C3:00:00:63:4D:04,-63,127,1.5,6.5,1.5
1783010165726,2026-07-02 18:36:05.726,C3:00:00:63:4D:05,-67,127,1.5,6.5,1.5
1783010165743,2026-07-02 18:36:05.743,C3:00:00:63:4D:07,-70,127,1.5,6.5,1.5
1783010165747,2026-07-02 18:36:05.747,C3:00:00:63:4D:08,-50,127,1.5,6.5,1.5
1783010165748,2026-07-02 18:36:05.748,C3:00:00:63:4C:D2,-55,127,1.5,6.5,1.5
1783010165755,2026-07-02 18:36:05.755,C3:00:00:63:4D:09,-81,127,1.5,6.5,1.5
1783010165760,2026-07-02 18:36:05.760,C3:00:00:63:4D:07,-72,127,1.5,6.5,1.5
1783010165771,2026-07-02 18:36:05.771,C3:00:00:63:4D:0D,-53,127,1.5,6.5,1.5
1783010165837,2026-07-02 18:36:05.837,C3:00:00:63:4D:04,-58,127,1.5,6.5,1.5
1783010165849,2026-07-02 18:36:05.849,C3:00:00:63:4D:05,-65,127,1.5,6.5,1.5
1783010165860,2026-07-02 18:36:05.860,C3:00:00:63:4C:D2,-66,127,1.5,6.5,1.5
1783010165869,2026-07-02 18:36:05.869,C3:00:00:63:4D:05,-65,127,1.5,6.5,1.5
1783010165878,2026-07-02 18:36:05.878,C3:00:00:63:4D:0A,-60,127,1.5,6.5,1.5
1783010165897,2026-07-02 18:36:05.897,C3:00:00:63:4D:0A,-60,127,1.5,6.5,1.5
1783010165919,2026-07-02 18:36:05.919,C3:00:00:63:4D:05,-71,127,1.5,6.5,1.5
1783010165938,2026-07-02 18:36:05.938,C3:00:00:63:4D:04,-63,127,1.5,6.5,1.5
1783010165956,2026-07-02 18:36:05.956,C3:00:00:63:4D:08,-47,127,1.5,6.5,1.5
1783010165970,2026-07-02 18:36:05.970,C3:00:00:63:4D:07,-65,127,1.5,6.5,1.5
1783010165973,2026-07-02 18:36:05.973,C3:00:00:63:4D:0D,-54,127,1.5,6.5,1.5
1783010165986,2026-07-02 18:36:05.986,C3:00:00:63:4D:09,-63,127,1.5,6.5,1.5
1783010165988,2026-07-02 18:36:05.988,C3:00:00:63:4D:0A,-67,127,1.5,6.5,1.5
1783010166052,2026-07-02 18:36:06.052,C3:00:00:63:4D:04,-64,127,1.5,6.5,1.5
1783010166077,2026-07-02 18:36:06.077,C3:00:00:63:4D:08,-46,127,1.5,6.5,1.5
1783010166079,2026-07-02 18:36:06.079,C3:00:00:63:4D:05,-61,127,1.5,6.5,1.5
1783010166081,2026-07-02 18:36:06.081,C3:00:00:63:4D:07,-58,127,1.5,6.5,1.5
1783010166082,2026-07-02 18:36:06.082,C3:00:00:63:4D:0D,-52,127,1.5,6.5,1.5
1783010166095,2026-07-02 18:36:06.095,C3:00:00:63:4D:09,-63,127,1.5,6.5,1.5
1783010166109,2026-07-02 18:36:06.109,C3:00:00:63:4D:0A,-69,127,1.5,6.5,1.5
1783010166158,2026-07-02 18:36:06.158,C3:00:00:63:4D:04,-62,127,1.5,6.5,1.5
1783010166176,2026-07-02 18:36:06.176,C3:00:00:63:4D:08,-47,127,1.5,6.5,1.5
1783010166181,2026-07-02 18:36:06.181,C3:00:00:63:4D:0D,-62,127,1.5,6.5,1.5
1783010166205,2026-07-02 18:36:06.205,C3:00:00:63:4D:05,-61,127,1.5,6.5,1.5
1783010166207,2026-07-02 18:36:06.207,C3:00:00:63:4C:D2,-63,127,1.5,6.5,1.5
1783010166212,2026-07-02 18:36:06.212,C3:00:00:63:4D:09,-62,127,1.5,6.5,1.5
1783010166214,2026-07-02 18:36:06.214,C3:00:00:63:4D:0A,-60,127,1.5,6.5,1.5
1783010166269,2026-07-02 18:36:06.269,C3:00:00:63:4D:04,-59,127,1.5,6.5,1.5
1783010166295,2026-07-02 18:36:06.295,C3:00:00:63:4D:08,-46,127,1.5,6.5,1.5
1783010166301,2026-07-02 18:36:06.301,C3:00:00:63:4D:0D,-54,127,1.5,6.5,1.5
1783010166308,2026-07-02 18:36:06.308,C3:00:00:63:4D:05,-62,127,1.5,6.5,1.5
1783010166322,2026-07-02 18:36:06.322,C3:00:00:63:4C:D2,-54,127,1.5,6.5,1.5
1783010166323,2026-07-02 18:36:06.323,C3:00:00:63:4D:07,-62,127,1.5,6.5,1.5
1783010166326,2026-07-02 18:36:06.326,C3:00:00:63:4D:09,-66,127,1.5,6.5,1.5
1783010166330,2026-07-02 18:36:06.330,C3:00:00:63:4D:0A,-73,127,1.5,6.5,1.5
1783010166362,2026-07-02 18:36:06.362,C3:00:00:63:4D:07,-70,127,1.5,6.5,1.5
1783010166373,2026-07-02 18:36:06.373,C3:00:00:63:4D:04,-62,127,1.5,6.5,1.5
1783010166429,2026-07-02 18:36:06.429,C3:00:00:63:4D:07,-63,127,1.5,6.5,1.5
1783010166432,2026-07-02 18:36:06.432,C3:00:00:63:4C:D2,-66,127,1.5,6.5,1.5
1783010166435,2026-07-02 18:36:06.435,C3:00:00:63:4D:09,-65,127,1.5,6.5,1.5
1783010166439,2026-07-02 18:36:06.439,C3:00:00:63:4D:0A,-65,127,1.5,6.5,1.5
1783010166494,2026-07-02 18:36:06.494,C3:00:00:63:4D:0D,-61,127,1.5,6.5,1.5
1783010166502,2026-07-02 18:36:06.502,C3:00:00:63:4D:08,-46,127,1.5,6.5,1.5
1783010166545,2026-07-02 18:36:06.545,C3:00:00:63:4D:09,-71,127,1.5,6.5,1.5
1783010166547,2026-07-02 18:36:06.547,C3:00:00:63:4C:D2,-63,127,1.5,6.5,1.5
1783010166591,2026-07-02 18:36:06.591,C3:00:00:63:4D:04,-62,127,1.5,6.5,1.5
1783010166607,2026-07-02 18:36:06.607,C3:00:00:63:4D:0D,-55,127,1.5,6.5,1.5
1783010166614,2026-07-02 18:36:06.614,C3:00:00:63:4D:08,-46,127,1.5,6.5,1.5
1783010166652,2026-07-02 18:36:06.652,C3:00:00:63:4D:05,-56,127,1.5,6.5,1.5
1783010166662,2026-07-02 18:36:06.662,C3:00:00:63:4D:09,-63,127,1.5,6.5,1.5
1783010166665,2026-07-02 18:36:06.665,C3:00:00:63:4C:D2,-57,127,1.5,6.5,1.5
1783010166692,2026-07-02 18:36:06.692,C3:00:00:63:4D:0D,-55,127,1.5,6.5,1.5
1783010166704,2026-07-02 18:36:06.704,C3:00:00:63:4D:04,-61,127,1.5,6.5,1.5
1783010166713,2026-07-02 18:36:06.713,C3:00:00:63:4D:0D,-61,127,1.5,6.5,1.5
1783010166721,2026-07-02 18:36:06.721,C3:00:00:63:4D:08,-49,127,1.5,6.5,1.5
1783010166764,2026-07-02 18:36:06.764,C3:00:00:63:4D:05,-68,127,1.5,6.5,1.5
1783010166770,2026-07-02 18:36:06.770,C3:00:00:63:4D:07,-63,127,1.5,6.5,1.5
1783010166775,2026-07-02 18:36:06.775,C3:00:00:63:4C:D2,-64,127,1.5,6.5,1.5
1783010166777,2026-07-02 18:36:06.777,C3:00:00:63:4D:09,-67,127,1.5,6.5,1.5
1783010166782,2026-07-02 18:36:06.782,C3:00:00:63:4D:0A,-61,127,1.5,6.5,1.5
1783010166808,2026-07-02 18:36:06.808,C3:00:00:63:4D:04,-60,127,1.5,6.5,1.5
1783010166822,2026-07-02 18:36:06.822,C3:00:00:63:4D:0D,-56,127,1.5,6.5,1.5
1783010166827,2026-07-02 18:36:06.827,C3:00:00:63:4D:08,-54,127,1.5,6.5,1.5
1783010166892,2026-07-02 18:36:06.892,C3:00:00:63:4C:D2,-66,127,1.5,6.5,1.5
1783010166897,2026-07-02 18:36:06.897,C3:00:00:63:4D:09,-70,127,1.5,6.5,1.5
1783010166926,2026-07-02 18:36:06.926,C3:00:00:63:4D:04,-73,127,1.5,6.5,1.5
1783010166929,2026-07-02 18:36:06.929,C3:00:00:63:4D:0D,-60,127,1.5,6.5,1.5
1783010166931,2026-07-02 18:36:06.931,C3:00:00:63:4D:0A,-95,127,1.5,6.5,1.5
1783010166936,2026-07-02 18:36:06.936,C3:00:00:63:4D:09,-65,127,1.5,6.5,1.5
1783010166938,2026-07-02 18:36:06.938,C3:00:00:63:4D:08,-46,127,1.5,6.5,1.5
1783010166951,2026-07-02 18:36:06.951,C3:00:00:63:4D:08,-55,127,1.5,6.5,1.5
1783010166982,2026-07-02 18:36:06.982,C3:00:00:63:4D:08,-48,127,1.5,6.5,1.5
1783010167000,2026-07-02 18:36:07.000,C3:00:00:63:4D:05,-58,127,1.5,6.5,1.5
1783010167012,2026-07-02 18:36:07.012,C3:00:00:63:4D:09,-69,127,1.5,6.5,1.5
1783010167021,2026-07-02 18:36:07.021,C3:00:00:63:4D:0D,-70,127,1.5,6.5,1.5
1783010167028,2026-07-02 18:36:07.028,C3:00:00:63:4C:D2,-73,127,1.5,6.5,1.5
1783010167032,2026-07-02 18:36:07.032,C3:00:00:63:4D:04,-59,127,1.5,6.5,1.5
1783010167039,2026-07-02 18:36:07.039,C3:00:00:63:4D:09,-63,127,1.5,6.5,1.5
1783010167045,2026-07-02 18:36:07.045,C3:00:00:63:4D:08,-48,127,1.5,6.5,1.5
1783010167105,2026-07-02 18:36:07.105,C3:00:00:63:4D:05,-62,127,1.5,6.5,1.5
1783010167112,2026-07-02 18:36:07.112,C3:00:00:63:4D:0A,-63,127,1.5,6.5,1.5
1783010167130,2026-07-02 18:36:07.130,C3:00:00:63:4D:0D,-60,127,1.5,6.5,1.5
1783010167135,2026-07-02 18:36:07.135,C3:00:00:63:4D:0A,-63,127,1.5,6.5,1.5
1783010167137,2026-07-02 18:36:07.137,C3:00:00:63:4D:04,-68,127,1.5,6.5,1.5
1783010167154,2026-07-02 18:36:07.154,C3:00:00:63:4D:08,-56,127,1.5,6.5,1.5
1783010167178,2026-07-02 18:36:07.178,C3:00:00:63:4D:08,-54,127,1.5,6.5,1.5
1783010167196,2026-07-02 18:36:07.196,C3:00:00:63:4C:D2,-74,127,1.5,6.5,1.5
1783010167213,2026-07-02 18:36:07.213,C3:00:00:63:4D:05,-64,127,1.5,6.5,1.5
1783010167234,2026-07-02 18:36:07.234,C3:00:00:63:4D:0A,-64,127,1.5,6.5,1.5
1783010167235,2026-07-02 18:36:07.235,C3:00:00:63:4D:09,-77,127,1.5,6.5,1.5
1783010167237,2026-07-02 18:36:07.237,C3:00:00:63:4D:05,-61,127,1.5,6.5,1.5
1783010167240,2026-07-02 18:36:07.240,C3:00:00:63:4D:07,-63,127,1.5,6.5,1.5
1783010167247,2026-07-02 18:36:07.247,C3:00:00:63:4D:04,-66,127,1.5,6.5,1.5
1783010167263,2026-07-02 18:36:07.263,C3:00:00:63:4D:08,-47,127,1.5,6.5,1.5
1783010167336,2026-07-02 18:36:07.336,C3:00:00:63:4D:05,-56,127,1.5,6.5,1.5
1783010167341,2026-07-02 18:36:07.341,C3:00:00:63:4D:09,-63,127,1.5,6.5,1.5
1783010167356,2026-07-02 18:36:07.356,C3:00:00:63:4D:07,-65,127,1.5,6.5,1.5
1783010167362,2026-07-02 18:36:07.362,C3:00:00:63:4D:0D,-73,127,1.5,6.5,1.5
1783010167368,2026-07-02 18:36:07.368,C3:00:00:63:4D:04,-60,127,1.5,6.5,1.5
1783010167370,2026-07-02 18:36:07.370,C3:00:00:63:4C:D2,-67,127,1.5,6.5,1.5
1783010167376,2026-07-02 18:36:07.376,C3:00:00:63:4D:08,-46,127,1.5,6.5,1.5
1783010167408,2026-07-02 18:36:07.408,C3:00:00:63:4D:04,-63,127,1.5,6.5,1.5
1783010167426,2026-07-02 18:36:07.426,C3:00:00:63:4D:04,-61,127,1.5,6.5,1.5
1783010167438,2026-07-02 18:36:07.438,C3:00:00:63:4D:0D,-58,127,1.5,6.5,1.5
1783010167458,2026-07-02 18:36:07.458,C3:00:00:63:4D:05,-65,127,1.5,6.5,1.5
1783010167462,2026-07-02 18:36:07.462,C3:00:00:63:4C:D2,-73,127,1.5,6.5,1.5
1783010167476,2026-07-02 18:36:07.476,C3:00:00:63:4D:04,-62,127,1.5,6.5,1.5
1783010167553,2026-07-02 18:36:07.553,C3:00:00:63:4D:0D,-56,127,1.5,6.5,1.5
1783010167558,2026-07-02 18:36:07.558,C3:00:00:63:4D:08,-53,127,1.5,6.5,1.5
1783010167568,2026-07-02 18:36:07.568,C3:00:00:63:4D:05,-63,127,1.5,6.5,1.5
1783010167572,2026-07-02 18:36:07.572,C3:00:00:63:4D:09,-79,127,1.5,6.5,1.5
1783010167574,2026-07-02 18:36:07.574,C3:00:00:63:4D:0A,-63,127,1.5,6.5,1.5
1783010167579,2026-07-02 18:36:07.579,C3:00:00:63:4D:07,-66,127,1.5,6.5,1.5
1783010167584,2026-07-02 18:36:07.584,C3:00:00:63:4C:D2,-56,127,1.5,6.5,1.5
1783010167586,2026-07-02 18:36:07.586,C3:00:00:63:4D:08,-49,127,1.5,6.5,1.5
1783010167651,2026-07-02 18:36:07.651,C3:00:00:63:4D:0D,-56,127,1.5,6.5,1.5
1783010167680,2026-07-02 18:36:07.680,C3:00:00:63:4D:05,-59,127,1.5,6.5,1.5
1783010167685,2026-07-02 18:36:07.685,C3:00:00:63:4D:04,-60,127,1.5,6.5,1.5
1783010167689,2026-07-02 18:36:07.689,C3:00:00:63:4D:09,-64,127,1.5,6.5,1.5
1783010167691,2026-07-02 18:36:07.691,C3:00:00:63:4D:07,-68,127,1.5,6.5,1.5
1783010167703,2026-07-02 18:36:07.703,C3:00:00:63:4C:D2,-72,127,1.5,6.5,1.5
1783010167704,2026-07-02 18:36:07.704,C3:00:00:63:4D:08,-46,127,1.5,6.5,1.5
1783010167750,2026-07-02 18:36:07.750,C3:00:00:63:4D:07,-66,127,1.5,6.5,1.5
1783010167756,2026-07-02 18:36:07.756,C3:00:00:63:4D:0D,-54,127,1.5,6.5,1.5
1783010167784,2026-07-02 18:36:07.784,C3:00:00:63:4D:04,-71,127,1.5,6.5,1.5
1783010167789,2026-07-02 18:36:07.789,C3:00:00:63:4D:0A,-66,127,1.5,6.5,1.5
1783010167805,2026-07-02 18:36:07.805,C3:00:00:63:4D:08,-52,127,1.5,6.5,1.5
1783010167867,2026-07-02 18:36:07.867,C3:00:00:63:4D:0D,-54,127,1.5,6.5,1.5
1783010167883,2026-07-02 18:36:07.883,C3:00:00:63:4D:05,-64,127,1.5,6.5,1.5
1783010167901,2026-07-02 18:36:07.901,C3:00:00:63:4D:0A,-68,127,1.5,6.5,1.5
1783010167915,2026-07-02 18:36:07.915,C3:00:00:63:4D:05,-60,127,1.5,6.5,1.5
1783010167921,2026-07-02 18:36:07.921,C3:00:00:63:4D:09,-63,127,1.5,6.5,1.5
1783010167926,2026-07-02 18:36:07.926,C3:00:00:63:4D:08,-51,127,1.5,6.5,1.5
1783010167928,2026-07-02 18:36:07.928,C3:00:00:63:4D:0A,-62,127,1.5,6.5,1.5
1783010167929,2026-07-02 18:36:07.929,C3:00:00:63:4D:07,-68,127,1.5,6.5,1.5
1783010167968,2026-07-02 18:36:07.968,C3:00:00:63:4D:0D,-58,127,1.5,6.5,1.5
1783010168009,2026-07-02 18:36:08.009,C3:00:00:63:4D:0D,-66,127,1.5,6.5,1.5
1783010168027,2026-07-02 18:36:08.027,C3:00:00:63:4D:04,-63,127,1.5,6.5,1.5
1783010168035,2026-07-02 18:36:08.035,C3:00:00:63:4D:07,-65,127,1.5,6.5,1.5
1783010168118,2026-07-02 18:36:08.118,C3:00:00:63:4D:04,-64,127,1.5,6.5,1.5
1783010168140,2026-07-02 18:36:08.140,C3:00:00:63:4D:0A,-71,127,1.5,6.5,1.5
1783010168144,2026-07-02 18:36:08.144,C3:00:00:63:4D:08,-46,127,1.5,6.5,1.5
1783010168156,2026-07-02 18:36:08.156,C3:00:00:63:4D:05,-64,127,1.5,6.5,1.5
1783010168162,2026-07-02 18:36:08.162,C3:00:00:63:4D:09,-80,127,1.5,6.5,1.5
1783010168164,2026-07-02 18:36:08.164,C3:00:00:63:4D:07,-75,127,1.5,6.5,1.5
1783010168168,2026-07-02 18:36:08.168,C3:00:00:63:4C:D2,-59,127,1.5,6.5,1.5
1783010168176,2026-07-02 18:36:08.176,C3:00:00:63:4D:0D,-54,127,1.5,6.5,1.5
1783010168229,2026-07-02 18:36:08.229,C3:00:00:63:4D:04,-59,127,1.5,6.5,1.5
1783010168250,2026-07-02 18:36:08.250,C3:00:00:63:4D:08,-45,127,1.5,6.5,1.5
1783010168252,2026-07-02 18:36:08.252,C3:00:00:63:4D:0A,-62,127,1.5,6.5,1.5
1783010168256,2026-07-02 18:36:08.256,C3:00:00:63:4D:09,-66,127,1.5,6.5,1.5
1783010168268,2026-07-02 18:36:08.268,C3:00:00:63:4D:05,-64,127,1.5,6.5,1.5
1783010168279,2026-07-02 18:36:08.279,C3:00:00:63:4D:0D,-55,127,1.5,6.5,1.5
1783010168356,2026-07-02 18:36:08.356,C3:00:00:63:4D:0A,-64,127,1.5,6.5,1.5
1783010168360,2026-07-02 18:36:08.360,C3:00:00:63:4D:08,-49,127,1.5,6.5,1.5
1783010168381,2026-07-02 18:36:08.381,C3:00:00:63:4D:05,-58,127,1.5,6.5,1.5
1783010168386,2026-07-02 18:36:08.386,C3:00:00:63:4D:07,-66,127,1.5,6.5,1.5
1783010168401,2026-07-02 18:36:08.401,C3:00:00:63:4D:09,-75,127,1.5,6.5,1.5
1783010168423,2026-07-02 18:36:08.423,C3:00:00:63:4D:04,-68,127,1.5,6.5,1.5
1783010168447,2026-07-02 18:36:08.447,C3:00:00:63:4D:04,-76,127,1.5,6.5,1.5
1783010168474,2026-07-02 18:36:08.474,C3:00:00:63:4D:08,-61,127,1.5,6.5,1.5
1783010168479,2026-07-02 18:36:08.479,C3:00:00:63:4D:0A,-69,127,1.5,6.5,1.5
1783010168497,2026-07-02 18:36:08.497,C3:00:00:63:4D:09,-76,127,1.5,6.5,1.5
1783010168502,2026-07-02 18:36:08.502,C3:00:00:63:4D:05,-60,127,1.5,6.5,1.5
1783010168505,2026-07-02 18:36:08.505,C3:00:00:63:4C:D2,-56,127,1.5,6.5,1.5
1783010168507,2026-07-02 18:36:08.507,C3:00:00:63:4D:0D,-55,127,1.5,6.5,1.5
1783010168509,2026-07-02 18:36:08.509,C3:00:00:63:4D:07,-65,127,1.5,6.5,1.5
1783010168511,2026-07-02 18:36:08.511,C3:00:00:63:4C:D2,-74,127,1.5,6.5,1.5
1783010168554,2026-07-02 18:36:08.554,C3:00:00:63:4D:04,-60,127,1.5,6.5,1.5
1783010168573,2026-07-02 18:36:08.573,C3:00:00:63:4D:08,-62,127,1.5,6.5,1.5
1783010168586,2026-07-02 18:36:08.586,C3:00:00:63:4D:0A,-60,127,1.5,6.5,1.5
1783010168601,2026-07-02 18:36:08.601,C3:00:00:63:4D:0D,-60,127,1.5,6.5,1.5
1783010168603,2026-07-02 18:36:08.603,C3:00:00:63:4D:09,-74,127,1.5,6.5,1.5
1783010168611,2026-07-02 18:36:08.611,C3:00:00:63:4C:D2,-69,127,1.5,6.5,1.5
1783010168663,2026-07-02 18:36:08.663,C3:00:00:63:4D:04,-63,127,1.5,6.5,1.5
1783010168682,2026-07-02 18:36:08.682,C3:00:00:63:4D:08,-58,127,1.5,6.5,1.5
1783010168704,2026-07-02 18:36:08.704,C3:00:00:63:4D:0A,-61,127,1.5,6.5,1.5
1783010168710,2026-07-02 18:36:08.710,C3:00:00:63:4D:0D,-56,127,1.5,6.5,1.5
1783010168717,2026-07-02 18:36:08.717,C3:00:00:63:4D:09,-61,127,1.5,6.5,1.5
1783010168719,2026-07-02 18:36:08.719,C3:00:00:63:4D:05,-68,127,1.5,6.5,1.5
1783010168725,2026-07-02 18:36:08.725,C3:00:00:63:4D:07,-66,127,1.5,6.5,1.5
1783010168779,2026-07-02 18:36:08.779,C3:00:00:63:4D:04,-65,127,1.5,6.5,1.5
1783010168801,2026-07-02 18:36:08.801,C3:00:00:63:4D:08,-54,127,1.5,6.5,1.5
1783010168818,2026-07-02 18:36:08.818,C3:00:00:63:4D:0A,-61,127,1.5,6.5,1.5
1783010168827,2026-07-02 18:36:08.827,C3:00:00:63:4D:09,-61,127,1.5,6.5,1.5
1783010168835,2026-07-02 18:36:08.835,C3:00:00:63:4D:05,-68,127,1.5,6.5,1.5
1783010168843,2026-07-02 18:36:08.843,C3:00:00:63:4C:D2,-69,127,1.5,6.5,1.5
1783010168845,2026-07-02 18:36:08.845,C3:00:00:63:4D:07,-67,127,1.5,6.5,1.5
1783010168879,2026-07-02 18:36:08.879,C3:00:00:63:4D:04,-61,127,1.5,6.5,1.5
1783010168898,2026-07-02 18:36:08.898,C3:00:00:63:4D:08,-54,127,1.5,6.5,1.5
1783010168908,2026-07-02 18:36:08.908,C3:00:00:63:4D:0D,-57,127,1.5,6.5,1.5
1783010168919,2026-07-02 18:36:08.919,C3:00:00:63:4D:0A,-59,127,1.5,6.5,1.5
1783010168936,2026-07-02 18:36:08.936,C3:00:00:63:4D:09,-68,127,1.5,6.5,1.5
1783010168944,2026-07-02 18:36:08.944,C3:00:00:63:4D:05,-63,127,1.5,6.5,1.5
1783010168960,2026-07-02 18:36:08.960,C3:00:00:63:4D:07,-65,127,1.5,6.5,1.5
1783010168967,2026-07-02 18:36:08.967,C3:00:00:63:4C:D2,-69,127,1.5,6.5,1.5
1783010168968,2026-07-02 18:36:08.968,C3:00:00:63:4D:09,-68,127,1.5,6.5,1.5
1783010168992,2026-07-02 18:36:08.992,C3:00:00:63:4D:04,-62,127,1.5,6.5,1.5
1783010169010,2026-07-02 18:36:09.010,C3:00:00:63:4D:08,-63,127,1.5,6.5,1.5
1783010169021,2026-07-02 18:36:09.021,C3:00:00:63:4D:0D,-54,127,1.5,6.5,1.5
1783010169042,2026-07-02 18:36:09.042,C3:00:00:63:4D:0A,-69,127,1.5,6.5,1.5
1783010169063,2026-07-02 18:36:09.063,C3:00:00:63:4D:09,-61,127,1.5,6.5,1.5
1783010169075,2026-07-02 18:36:09.075,C3:00:00:63:4D:05,-61,127,1.5,6.5,1.5
1783010169076,2026-07-02 18:36:09.076,C3:00:00:63:4C:D2,-58,127,1.5,6.5,1.5
1783010169105,2026-07-02 18:36:09.105,C3:00:00:63:4D:04,-65,127,1.5,6.5,1.5
1783010169126,2026-07-02 18:36:09.126,C3:00:00:63:4D:0A,-59,127,1.5,6.5,1.5
1783010169157,2026-07-02 18:36:09.157,C3:00:00:63:4D:0A,-59,127,1.5,6.5,1.5
1783010169164,2026-07-02 18:36:09.164,C3:00:00:63:4D:05,-63,127,1.5,6.5,1.5
1783010169165,2026-07-02 18:36:09.165,C3:00:00:63:4D:09,-62,127,1.5,6.5,1.5
1783010169179,2026-07-02 18:36:09.179,C3:00:00:63:4D:05,-62,127,1.5,6.5,1.5
1783010169185,2026-07-02 18:36:09.185,C3:00:00:63:4C:D2,-66,127,1.5,6.5,1.5
1783010169208,2026-07-02 18:36:09.208,C3:00:00:63:4D:04,-58,127,1.5,6.5,1.5
1783010169233,2026-07-02 18:36:09.233,C3:00:00:63:4D:0D,-55,127,1.5,6.5,1.5
1783010169259,2026-07-02 18:36:09.259,C3:00:00:63:4D:0A,-63,127,1.5,6.5,1.5
1783010169282,2026-07-02 18:36:09.282,C3:00:00:63:4D:09,-65,127,1.5,6.5,1.5
1783010169294,2026-07-02 18:36:09.294,C3:00:00:63:4D:05,-57,127,1.5,6.5,1.5
1783010169324,2026-07-02 18:36:09.324,C3:00:00:63:4D:04,-65,127,1.5,6.5,1.5
1783010169356,2026-07-02 18:36:09.356,C3:00:00:63:4D:0D,-56,127,1.5,6.5,1.5
1783010169382,2026-07-02 18:36:09.382,C3:00:00:63:4D:0A,-68,127,1.5,6.5,1.5
1783010169397,2026-07-02 18:36:09.397,C3:00:00:63:4D:0A,-69,127,1.5,6.5,1.5
1783010169401,2026-07-02 18:36:09.401,C3:00:00:63:4D:09,-66,127,1.5,6.5,1.5
1783010169419,2026-07-02 18:36:09.419,C3:00:00:63:4D:07,-65,127,1.5,6.5,1.5
1783010169425,2026-07-02 18:36:09.425,C3:00:00:63:4D:04,-58,127,1.5,6.5,1.5
1783010169427,2026-07-02 18:36:09.427,C3:00:00:63:4C:D2,-61,127,1.5,6.5,1.5
1783010169432,2026-07-02 18:36:09.432,C3:00:00:63:4D:0D,-56,127,1.5,6.5,1.5
1783010169434,2026-07-02 18:36:09.434,C3:00:00:63:4D:04,-58,127,1.5,6.5,1.5
1783010169441,2026-07-02 18:36:09.441,C3:00:00:63:4D:08,-47,127,1.5,6.5,1.5
1783010169453,2026-07-02 18:36:09.453,C3:00:00:63:4D:04,-58,127,1.5,6.5,1.5
1783010169492,2026-07-02 18:36:09.492,C3:00:00:63:4D:0A,-62,127,1.5,6.5,1.5
1783010169510,2026-07-02 18:36:09.510,C3:00:00:63:4D:09,-63,127,1.5,6.5,1.5
1783010169530,2026-07-02 18:36:09.530,C3:00:00:63:4D:07,-63,127,1.5,6.5,1.5
1783010169532,2026-07-02 18:36:09.532,C3:00:00:63:4D:05,-61,127,1.5,6.5,1.5
1783010169536,2026-07-02 18:36:09.536,C3:00:00:63:4C:D2,-85,127,1.5,6.5,1.5
1783010169551,2026-07-02 18:36:09.551,C3:00:00:63:4D:0D,-58,127,1.5,6.5,1.5
1783010169569,2026-07-02 18:36:09.569,C3:00:00:63:4D:08,-48,127,1.5,6.5,1.5
1783010169607,2026-07-02 18:36:09.607,C3:00:00:63:4D:0A,-62,127,1.5,6.5,1.5
1783010169626,2026-07-02 18:36:09.626,C3:00:00:63:4D:09,-67,127,1.5,6.5,1.5
1783010169649,2026-07-02 18:36:09.649,C3:00:00:63:4D:05,-54,127,1.5,6.5,1.5
1783010169651,2026-07-02 18:36:09.651,C3:00:00:63:4D:0D,-56,127,1.5,6.5,1.5
1783010169654,2026-07-02 18:36:09.654,C3:00:00:63:4C:D2,-57,127,1.5,6.5,1.5
1783010169662,2026-07-02 18:36:09.662,C3:00:00:63:4D:08,-48,127,1.5,6.5,1.5
1783010169718,2026-07-02 18:36:09.718,C3:00:00:63:4D:0A,-60,127,1.5,6.5,1.5
1783010169742,2026-07-02 18:36:09.742,C3:00:00:63:4D:09,-62,127,1.5,6.5,1.5
1783010169761,2026-07-02 18:36:09.761,C3:00:00:63:4D:05,-61,127,1.5,6.5,1.5
1783010169763,2026-07-02 18:36:09.763,C3:00:00:63:4D:07,-77,127,1.5,6.5,1.5
1783010169767,2026-07-02 18:36:09.767,C3:00:00:63:4C:D2,-68,127,1.5,6.5,1.5
1783010169783,2026-07-02 18:36:09.783,C3:00:00:63:4D:07,-78,127,1.5,6.5,1.5
1783010169828,2026-07-02 18:36:09.828,C3:00:00:63:4D:0A,-64,127,1.5,6.5,1.5
1783010169853,2026-07-02 18:36:09.853,C3:00:00:63:4D:09,-69,127,1.5,6.5,1.5
1783010169860,2026-07-02 18:36:09.860,C3:00:00:63:4D:0D,-54,127,1.5,6.5,1.5
1783010169867,2026-07-02 18:36:09.867,C3:00:00:63:4D:04,-60,127,1.5,6.5,1.5
1783010169880,2026-07-02 18:36:09.880,C3:00:00:63:4D:07,-67,127,1.5,6.5,1.5
1783010169905,2026-07-02 18:36:09.905,C3:00:00:63:4D:0A,-64,127,1.5,6.5,1.5
1783010169909,2026-07-02 18:36:09.909,C3:00:00:63:4D:05,-62,127,1.5,6.5,1.5
1783010169932,2026-07-02 18:36:09.932,C3:00:00:63:4D:05,-69,127,1.5,6.5,1.5
1783010169941,2026-07-02 18:36:09.941,C3:00:00:63:4D:0A,-62,127,1.5,6.5,1.5
1783010169960,2026-07-02 18:36:09.960,C3:00:00:63:4D:0D,-54,127,1.5,6.5,1.5
1783010169969,2026-07-02 18:36:09.969,C3:00:00:63:4D:04,-61,127,1.5,6.5,1.5
1783010169993,2026-07-02 18:36:09.993,C3:00:00:63:4D:08,-48,127,1.5,6.5,1.5
1783010169997,2026-07-02 18:36:09.997,C3:00:00:63:4C:D2,-59,127,1.5,6.5,1.5
1783010170000,2026-07-02 18:36:10.000,C3:00:00:63:4D:07,-65,127,1.5,6.5,1.5
1783010170048,2026-07-02 18:36:10.048,C3:00:00:63:4D:0A,-58,127,1.5,6.5,1.5
1783010170063,2026-07-02 18:36:10.063,C3:00:00:63:4D:0D,-68,127,1.5,6.5,1.5
1783010170079,2026-07-02 18:36:10.079,C3:00:00:63:4D:09,-65,127,1.5,6.5,1.5
1783010170089,2026-07-02 18:36:10.089,C3:00:00:63:4D:04,-65,127,1.5,6.5,1.5
1783010170094,2026-07-02 18:36:10.094,C3:00:00:63:4D:08,-50,127,1.5,6.5,1.5
1783010170101,2026-07-02 18:36:10.101,C3:00:00:63:4D:05,-57,127,1.5,6.5,1.5
1783010170103,2026-07-02 18:36:10.103,C3:00:00:63:4C:D2,-66,127,1.5,6.5,1.5
1783010170112,2026-07-02 18:36:10.112,C3:00:00:63:4D:07,-62,127,1.5,6.5,1.5
1783010170161,2026-07-02 18:36:10.161,C3:00:00:63:4D:0A,-63,127,1.5,6.5,1.5
1783010170181,2026-07-02 18:36:10.181,C3:00:00:63:4D:0D,-54,127,1.5,6.5,1.5
1783010170192,2026-07-02 18:36:10.192,C3:00:00:63:4D:04,-69,127,1.5,6.5,1.5
1783010170194,2026-07-02 18:36:10.194,C3:00:00:63:4D:09,-62,127,1.5,6.5,1.5
1783010170217,2026-07-02 18:36:10.217,C3:00:00:63:4D:08,-50,127,1.5,6.5,1.5
1783010170226,2026-07-02 18:36:10.226,C3:00:00:63:4D:05,-59,127,1.5,6.5,1.5
1783010170230,2026-07-02 18:36:10.230,C3:00:00:63:4D:07,-69,127,1.5,6.5,1.5
1783010170232,2026-07-02 18:36:10.232,C3:00:00:63:4C:D2,-54,127,1.5,6.5,1.5
1783010170301,2026-07-02 18:36:10.301,C3:00:00:63:4D:04,-61,127,1.5,6.5,1.5
1783010170313,2026-07-02 18:36:10.313,C3:00:00:63:4D:09,-66,127,1.5,6.5,1.5
1783010170318,2026-07-02 18:36:10.318,C3:00:00:63:4D:08,-51,127,1.5,6.5,1.5
1783010170328,2026-07-02 18:36:10.328,C3:00:00:63:4D:05,-61,127,1.5,6.5,1.5
1783010170333,2026-07-02 18:36:10.333,C3:00:00:63:4D:07,-62,127,1.5,6.5,1.5
1783010170364,2026-07-02 18:36:10.364,C3:00:00:63:4D:07,-70,127,1.5,6.5,1.5
1783010170384,2026-07-02 18:36:10.384,C3:00:00:63:4D:0D,-58,127,1.5,6.5,1.5
1783010170400,2026-07-02 18:36:10.400,C3:00:00:63:4D:07,-64,127,1.5,6.5,1.5
1783010170411,2026-07-02 18:36:10.411,C3:00:00:63:4D:04,-61,127,1.5,6.5,1.5
1783010170420,2026-07-02 18:36:10.420,C3:00:00:63:4D:09,-65,127,1.5,6.5,1.5
1783010170426,2026-07-02 18:36:10.426,C3:00:00:63:4D:08,-53,127,1.5,6.5,1.5
1783010170446,2026-07-02 18:36:10.446,C3:00:00:63:4D:05,-75,127,1.5,6.5,1.5
1783010170452,2026-07-02 18:36:10.452,C3:00:00:63:4C:D2,-65,127,1.5,6.5,1.5
1783010170459,2026-07-02 18:36:10.459,C3:00:00:63:4D:07,-62,127,1.5,6.5,1.5
1783010170486,2026-07-02 18:36:10.486,C3:00:00:63:4D:0D,-56,127,1.5,6.5,1.5
1783010170507,2026-07-02 18:36:10.507,C3:00:00:63:4D:0A,-65,127,1.5,6.5,1.5
1783010170518,2026-07-02 18:36:10.518,C3:00:00:63:4D:04,-58,127,1.5,6.5,1.5
1783010170535,2026-07-02 18:36:10.535,C3:00:00:63:4D:09,-63,127,1.5,6.5,1.5
1783010170560,2026-07-02 18:36:10.560,C3:00:00:63:4D:05,-69,127,1.5,6.5,1.5
1783010170567,2026-07-02 18:36:10.567,C3:00:00:63:4D:07,-63,127,1.5,6.5,1.5
1783010170574,2026-07-02 18:36:10.574,C3:00:00:63:4C:D2,-58,127,1.5,6.5,1.5
1783010170614,2026-07-02 18:36:10.614,C3:00:00:63:4D:0A,-58,127,1.5,6.5,1.5
1783010170629,2026-07-02 18:36:10.629,C3:00:00:63:4D:04,-60,127,1.5,6.5,1.5
1783010170645,2026-07-02 18:36:10.645,C3:00:00:63:4D:08,-48,127,1.5,6.5,1.5
1783010170652,2026-07-02 18:36:10.652,C3:00:00:63:4D:09,-66,127,1.5,6.5,1.5
1783010170677,2026-07-02 18:36:10.677,C3:00:00:63:4D:05,-60,127,1.5,6.5,1.5
1783010170681,2026-07-02 18:36:10.681,C3:00:00:63:4C:D2,-68,127,1.5,6.5,1.5
1783010170685,2026-07-02 18:36:10.685,C3:00:00:63:4D:07,-64,127,1.5,6.5,1.5
1783010170700,2026-07-02 18:36:10.700,C3:00:00:63:4D:0D,-55,127,1.5,6.5,1.5
1783010170724,2026-07-02 18:36:10.724,C3:00:00:63:4D:0D,-56,127,1.5,6.5,1.5
1783010170728,2026-07-02 18:36:10.728,C3:00:00:63:4D:0A,-61,127,1.5,6.5,1.5
1783010170749,2026-07-02 18:36:10.749,C3:00:00:63:4D:08,-50,127,1.5,6.5,1.5
1783010170774,2026-07-02 18:36:10.774,C3:00:00:63:4D:09,-73,127,1.5,6.5,1.5
1783010170796,2026-07-02 18:36:10.796,C3:00:00:63:4D:05,-62,127,1.5,6.5,1.5
1783010170806,2026-07-02 18:36:10.806,C3:00:00:63:4D:07,-60,127,1.5,6.5,1.5
1783010170846,2026-07-02 18:36:10.846,C3:00:00:63:4D:04,-57,127,1.5,6.5,1.5
1783010170849,2026-07-02 18:36:10.849,C3:00:00:63:4D:0A,-64,127,1.5,6.5,1.5
1783010170866,2026-07-02 18:36:10.866,C3:00:00:63:4D:08,-46,127,1.5,6.5,1.5
1783010170890,2026-07-02 18:36:10.890,C3:00:00:63:4D:09,-67,127,1.5,6.5,1.5
1783010170913,2026-07-02 18:36:10.913,C3:00:00:63:4D:0D,-51,127,1.5,6.5,1.5
1783010170916,2026-07-02 18:36:10.916,C3:00:00:63:4C:D2,-62,127,1.5,6.5,1.5
1783010170918,2026-07-02 18:36:10.918,C3:00:00:63:4D:07,-61,127,1.5,6.5,1.5
1783010170925,2026-07-02 18:36:10.925,C3:00:00:63:4D:0A,-69,127,1.5,6.5,1.5
1783010170931,2026-07-02 18:36:10.931,C3:00:00:63:4D:08,-47,127,1.5,6.5,1.5
1783010170946,2026-07-02 18:36:10.946,C3:00:00:63:4D:09,-62,127,1.5,6.5,1.5
1783010170953,2026-07-02 18:36:10.953,C3:00:00:63:4D:04,-64,127,1.5,6.5,1.5
1783010170959,2026-07-02 18:36:10.959,C3:00:00:63:4D:0A,-60,127,1.5,6.5,1.5
1783010170960,2026-07-02 18:36:10.960,C3:00:00:63:4D:08,-56,127,1.5,6.5,1.5
1783010170983,2026-07-02 18:36:10.983,C3:00:00:63:4D:08,-50,127,1.5,6.5,1.5
1783010170999,2026-07-02 18:36:10.999,C3:00:00:63:4D:09,-61,127,1.5,6.5,1.5
1783010171009,2026-07-02 18:36:11.009,C3:00:00:63:4D:0D,-60,127,1.5,6.5,1.5
1783010171028,2026-07-02 18:36:11.028,C3:00:00:63:4D:07,-58,127,1.5,6.5,1.5
1783010171033,2026-07-02 18:36:11.033,C3:00:00:63:4C:D2,-67,127,1.5,6.5,1.5
1783010171040,2026-07-02 18:36:11.040,C3:00:00:63:4D:09,-66,127,1.5,6.5,1.5
1783010171046,2026-07-02 18:36:11.046,C3:00:00:63:4C:D2,-73,127,1.5,6.5,1.5
1783010171067,2026-07-02 18:36:11.067,C3:00:00:63:4D:04,-63,127,1.5,6.5,1.5
1783010171074,2026-07-02 18:36:11.074,C3:00:00:63:4D:0A,-64,127,1.5,6.5,1.5
1783010171083,2026-07-02 18:36:11.083,C3:00:00:63:4D:08,-57,127,1.5,6.5,1.5
1783010171116,2026-07-02 18:36:11.116,C3:00:00:63:4D:09,-67,127,1.5,6.5,1.5
1783010171118,2026-07-02 18:36:11.118,C3:00:00:63:4D:0D,-51,127,1.5,6.5,1.5
1783010171144,2026-07-02 18:36:11.144,C3:00:00:63:4D:07,-65,127,1.5,6.5,1.5
1783010171149,2026-07-02 18:36:11.149,C3:00:00:63:4C:D2,-58,127,1.5,6.5,1.5
1783010171172,2026-07-02 18:36:11.172,C3:00:00:63:4D:04,-58,127,1.5,6.5,1.5
1783010171183,2026-07-02 18:36:11.183,C3:00:00:63:4D:0A,-70,127,1.5,6.5,1.5
1783010171196,2026-07-02 18:36:11.196,C3:00:00:63:4D:08,-48,127,1.5,6.5,1.5
1783010171215,2026-07-02 18:36:11.215,C3:00:00:63:4D:08,-47,127,1.5,6.5,1.5
1783010171218,2026-07-02 18:36:11.218,C3:00:00:63:4C:D2,-57,127,1.5,6.5,1.5
1783010171221,2026-07-02 18:36:11.221,C3:00:00:63:4D:05,-62,127,1.5,6.5,1.5
1783010171222,2026-07-02 18:36:11.222,C3:00:00:63:4D:09,-63,127,1.5,6.5,1.5
1783010171258,2026-07-02 18:36:11.258,C3:00:00:63:4C:D2,-65,127,1.5,6.5,1.5
1783010171261,2026-07-02 18:36:11.261,C3:00:00:63:4D:07,-74,127,1.5,6.5,1.5
1783010171286,2026-07-02 18:36:11.286,C3:00:00:63:4D:04,-60,127,1.5,6.5,1.5
1783010171330,2026-07-02 18:36:11.330,C3:00:00:63:4D:0D,-53,127,1.5,6.5,1.5
1783010171335,2026-07-02 18:36:11.335,C3:00:00:63:4D:09,-63,127,1.5,6.5,1.5
1783010171364,2026-07-02 18:36:11.364,C3:00:00:63:4D:0D,-55,127,1.5,6.5,1.5
1783010171370,2026-07-02 18:36:11.370,C3:00:00:63:4D:07,-65,127,1.5,6.5,1.5
1783010171389,2026-07-02 18:36:11.389,C3:00:00:63:4D:04,-63,127,1.5,6.5,1.5
1783010171398,2026-07-02 18:36:11.398,C3:00:00:63:4C:D2,-66,127,1.5,6.5,1.5
1783010171408,2026-07-02 18:36:11.408,C3:00:00:63:4D:0A,-61,127,1.5,6.5,1.5
1783010171411,2026-07-02 18:36:11.411,C3:00:00:63:4D:08,-49,127,1.5,6.5,1.5
1783010171429,2026-07-02 18:36:11.429,C3:00:00:63:4D:0D,-53,127,1.5,6.5,1.5
1783010171433,2026-07-02 18:36:11.433,C3:00:00:63:4D:04,-63,127,1.5,6.5,1.5
1783010171454,2026-07-02 18:36:11.454,C3:00:00:63:4D:04,-63,127,1.5,6.5,1.5
1783010171458,2026-07-02 18:36:11.458,C3:00:00:63:4D:09,-70,127,1.5,6.5,1.5
1783010171483,2026-07-02 18:36:11.483,C3:00:00:63:4D:05,-57,127,1.5,6.5,1.5
1783010171489,2026-07-02 18:36:11.489,C3:00:00:63:4C:D2,-55,127,1.5,6.5,1.5
1783010171498,2026-07-02 18:36:11.498,C3:00:00:63:4D:07,-64,127,1.5,6.5,1.5
1783010171501,2026-07-02 18:36:11.501,C3:00:00:63:4D:04,-61,127,1.5,6.5,1.5
1783010171513,2026-07-02 18:36:11.513,C3:00:00:63:4D:08,-48,127,1.5,6.5,1.5
1783010171534,2026-07-02 18:36:11.534,C3:00:00:63:4D:0D,-57,127,1.5,6.5,1.5
1783010171557,2026-07-02 18:36:11.557,C3:00:00:63:4D:08,-46,127,1.5,6.5,1.5
1783010171569,2026-07-02 18:36:11.569,C3:00:00:63:4D:09,-64,127,1.5,6.5,1.5
1783010171597,2026-07-02 18:36:11.597,C3:00:00:63:4D:05,-60,127,1.5,6.5,1.5
1783010171605,2026-07-02 18:36:11.605,C3:00:00:63:4D:07,-67,127,1.5,6.5,1.5
1783010171627,2026-07-02 18:36:11.627,C3:00:00:63:4D:08,-51,127,1.5,6.5,1.5
1783010171632,2026-07-02 18:36:11.632,C3:00:00:63:4D:0A,-64,127,1.5,6.5,1.5
1783010171641,2026-07-02 18:36:11.641,C3:00:00:63:4D:0D,-53,127,1.5,6.5,1.5
1783010171715,2026-07-02 18:36:11.715,C3:00:00:63:4D:05,-57,127,1.5,6.5,1.5
1783010171720,2026-07-02 18:36:11.720,C3:00:00:63:4D:07,-63,127,1.5,6.5,1.5
1783010171738,2026-07-02 18:36:11.738,C3:00:00:63:4D:08,-47,127,1.5,6.5,1.5
1783010171746,2026-07-02 18:36:11.746,C3:00:00:63:4D:0D,-55,127,1.5,6.5,1.5
1783010171750,2026-07-02 18:36:11.750,C3:00:00:63:4D:0A,-76,127,1.5,6.5,1.5
1783010171782,2026-07-02 18:36:11.782,C3:00:00:63:4D:04,-69,127,1.5,6.5,1.5
1783010171788,2026-07-02 18:36:11.788,C3:00:00:63:4D:07,-60,127,1.5,6.5,1.5
1783010171793,2026-07-02 18:36:11.793,C3:00:00:63:4D:09,-65,127,1.5,6.5,1.5
1783010171818,2026-07-02 18:36:11.818,C3:00:00:63:4D:09,-71,127,1.5,6.5,1.5
1783010171823,2026-07-02 18:36:11.823,C3:00:00:63:4D:05,-67,127,1.5,6.5,1.5
1783010171832,2026-07-02 18:36:11.832,C3:00:00:63:4D:04,-64,127,1.5,6.5,1.5
1783010171843,2026-07-02 18:36:11.843,C3:00:00:63:4D:08,-46,127,1.5,6.5,1.5
1783010171851,2026-07-02 18:36:11.851,C3:00:00:63:4D:0D,-53,127,1.5,6.5,1.5
1783010171909,2026-07-02 18:36:11.909,C3:00:00:63:4D:09,-66,127,1.5,6.5,1.5
1783010171913,2026-07-02 18:36:11.913,C3:00:00:63:4D:05,-59,127,1.5,6.5,1.5
1783010171918,2026-07-02 18:36:11.918,C3:00:00:63:4D:0A,-64,127,1.5,6.5,1.5
1783010171940,2026-07-02 18:36:11.940,C3:00:00:63:4D:04,-61,127,1.5,6.5,1.5
1783010171947,2026-07-02 18:36:11.947,C3:00:00:63:4D:05,-58,127,1.5,6.5,1.5
1783010171951,2026-07-02 18:36:11.951,C3:00:00:63:4D:07,-62,127,1.5,6.5,1.5
1783010171958,2026-07-02 18:36:11.958,C3:00:00:63:4D:08,-47,127,1.5,6.5,1.5
1783010171979,2026-07-02 18:36:11.979,C3:00:00:63:4D:0A,-61,127,1.5,6.5,1.5
1783010172014,2026-07-02 18:36:12.014,C3:00:00:63:4D:0D,-63,127,1.5,6.5,1.5
1783010172026,2026-07-02 18:36:12.026,C3:00:00:63:4D:09,-60,127,1.5,6.5,1.5
1783010172046,2026-07-02 18:36:12.046,C3:00:00:63:4D:04,-60,127,1.5,6.5,1.5
1783010172056,2026-07-02 18:36:12.056,C3:00:00:63:4D:05,-58,127,1.5,6.5,1.5
1783010172060,2026-07-02 18:36:12.060,C3:00:00:63:4D:08,-46,127,1.5,6.5,1.5
1783010172066,2026-07-02 18:36:12.066,C3:00:00:63:4D:0D,-56,127,1.5,6.5,1.5
1783010172086,2026-07-02 18:36:12.086,C3:00:00:63:4D:0A,-67,127,1.5,6.5,1.5
1783010172133,2026-07-02 18:36:12.133,C3:00:00:63:4D:09,-67,127,1.5,6.5,1.5
1783010172162,2026-07-02 18:36:12.162,C3:00:00:63:4D:04,-63,127,1.5,6.5,1.5
1783010172171,2026-07-02 18:36:12.171,C3:00:00:63:4D:08,-50,127,1.5,6.5,1.5
1783010172177,2026-07-02 18:36:12.177,C3:00:00:63:4D:0D,-56,127,1.5,6.5,1.5
1783010172179,2026-07-02 18:36:12.179,C3:00:00:63:4D:05,-58,127,1.5,6.5,1.5
1783010172195,2026-07-02 18:36:12.195,C3:00:00:63:4D:0A,-58,127,1.5,6.5,1.5
1783010172271,2026-07-02 18:36:12.271,C3:00:00:63:4D:0D,-54,127,1.5,6.5,1.5
1783010172279,2026-07-02 18:36:12.279,C3:00:00:63:4D:08,-46,127,1.5,6.5,1.5
1783010172294,2026-07-02 18:36:12.294,C3:00:00:63:4D:07,-66,127,1.5,6.5,1.5
1783010172303,2026-07-02 18:36:12.303,C3:00:00:63:4C:D2,-70,127,1.5,6.5,1.5
1783010172359,2026-07-02 18:36:12.359,C3:00:00:63:4D:09,-58,127,1.5,6.5,1.5
1783010172378,2026-07-02 18:36:12.378,C3:00:00:63:4D:04,-66,127,1.5,6.5,1.5
1783010172390,2026-07-02 18:36:12.390,C3:00:00:63:4D:09,-57,127,1.5,6.5,1.5
1783010172406,2026-07-02 18:36:12.406,C3:00:00:63:4C:D2,-59,127,1.5,6.5,1.5
1783010172411,2026-07-02 18:36:12.411,C3:00:00:63:4D:07,-76,127,1.5,6.5,1.5
1783010172424,2026-07-02 18:36:12.424,C3:00:00:63:4D:07,-68,127,1.5,6.5,1.5
1783010172427,2026-07-02 18:36:12.427,C3:00:00:63:4D:0A,-59,127,1.5,6.5,1.5
1783010172437,2026-07-02 18:36:12.437,C3:00:00:63:4D:04,-61,127,1.5,6.5,1.5
1783010172477,2026-07-02 18:36:12.477,C3:00:00:63:4D:09,-76,127,1.5,6.5,1.5
1783010172482,2026-07-02 18:36:12.482,C3:00:00:63:4D:04,-60,127,1.5,6.5,1.5
1783010172489,2026-07-02 18:36:12.489,C3:00:00:63:4D:0D,-60,127,1.5,6.5,1.5
1783010172496,2026-07-02 18:36:12.496,C3:00:00:63:4D:08,-51,127,1.5,6.5,1.5
1783010172501,2026-07-02 18:36:12.501,C3:00:00:63:4C:D2,-62,127,1.5,6.5,1.5
1783010172513,2026-07-02 18:36:12.513,C3:00:00:63:4D:05,-56,127,1.5,6.5,1.5
1783010172630,2026-07-02 18:36:12.630,C3:00:00:63:4D:05,-51,127,1.5,6.5,1.5
1783010172638,2026-07-02 18:36:12.638,C3:00:00:63:4D:07,-75,127,1.5,6.5,1.5
1783010172643,2026-07-02 18:36:12.643,C3:00:00:63:4C:D2,-58,127,1.5,6.5,1.5
1783010172659,2026-07-02 18:36:12.659,C3:00:00:63:4D:0A,-69,127,1.5,6.5,1.5
1783010172698,2026-07-02 18:36:12.698,C3:00:00:63:4D:04,-65,127,1.5,6.5,1.5
1783010172702,2026-07-02 18:36:12.702,C3:00:00:63:4D:0D,-55,127,1.5,6.5,1.5
1783010172707,2026-07-02 18:36:12.707,C3:00:00:63:4D:09,-69,127,1.5,6.5,1.5
1783010172717,2026-07-02 18:36:12.717,C3:00:00:63:4D:0D,-57,127,1.5,6.5,1.5
1783010172722,2026-07-02 18:36:12.722,C3:00:00:63:4D:08,-50,127,1.5,6.5,1.5
1783010172771,2026-07-02 18:36:12.771,C3:00:00:63:4D:0A,-60,127,1.5,6.5,1.5
1783010172827,2026-07-02 18:36:12.827,C3:00:00:63:4D:08,-51,127,1.5,6.5,1.5
1783010172856,2026-07-02 18:36:12.856,C3:00:00:63:4D:05,-80,127,1.5,6.5,1.5
1783010172899,2026-07-02 18:36:12.899,C3:00:00:63:4D:0D,-60,127,1.5,6.5,1.5
1783010172928,2026-07-02 18:36:12.928,C3:00:00:63:4D:04,-68,127,1.5,6.5,1.5
1783010172954,2026-07-02 18:36:12.954,C3:00:00:63:4D:09,-68,127,1.5,6.5,1.5
1783010172974,2026-07-02 18:36:12.974,C3:00:00:63:4D:05,-61,127,1.5,6.5,1.5
1783010173041,2026-07-02 18:36:13.041,C3:00:00:63:4D:09,-72,127,1.5,6.5,1.5
1783010173058,2026-07-02 18:36:13.058,C3:00:00:63:4D:09,-69,127,1.5,6.5,1.5
1783010173086,2026-07-02 18:36:13.086,C3:00:00:63:4D:05,-58,127,1.5,6.5,1.5
1783010173094,2026-07-02 18:36:13.094,C3:00:00:63:4D:07,-60,127,1.5,6.5,1.5
1783010173104,2026-07-02 18:36:13.104,C3:00:00:63:4D:0A,-62,127,1.5,6.5,1.5
1783010173118,2026-07-02 18:36:13.118,C3:00:00:63:4D:0D,-55,127,1.5,6.5,1.5
1783010173175,2026-07-02 18:36:13.175,C3:00:00:63:4D:05,-60,127,1.5,6.5,1.5
1783010173204,2026-07-02 18:36:13.204,C3:00:00:63:4D:05,-60,127,1.5,6.5,1.5
1783010173213,2026-07-02 18:36:13.213,C3:00:00:63:4C:D2,-71,127,1.5,6.5,1.5
1783010173218,2026-07-02 18:36:13.218,C3:00:00:63:4D:07,-67,127,1.5,6.5,1.5
1783010173220,2026-07-02 18:36:13.220,C3:00:00:63:4D:0A,-67,127,1.5,6.5,1.5
1783010173221,2026-07-02 18:36:13.221,C3:00:00:63:4D:0D,-54,127,1.5,6.5,1.5
1783010173225,2026-07-02 18:36:13.225,C3:00:00:63:4D:05,-69,127,1.5,6.5,1.5
1783010173229,2026-07-02 18:36:13.229,C3:00:00:63:4C:D2,-57,127,1.5,6.5,1.5
1783010173243,2026-07-02 18:36:13.243,C3:00:00:63:4D:04,-64,127,1.5,6.5,1.5
1783010173261,2026-07-02 18:36:13.261,C3:00:00:63:4D:08,-45,127,1.5,6.5,1.5
1783010173274,2026-07-02 18:36:13.274,C3:00:00:63:4D:09,-62,127,1.5,6.5,1.5
1783010173324,2026-07-02 18:36:13.324,C3:00:00:63:4C:D2,-65,127,1.5,6.5,1.5
1783010173331,2026-07-02 18:36:13.331,C3:00:00:63:4D:07,-65,127,1.5,6.5,1.5
1783010173340,2026-07-02 18:36:13.340,C3:00:00:63:4D:0A,-60,127,1.5,6.5,1.5
1783010173361,2026-07-02 18:36:13.361,C3:00:00:63:4D:04,-61,127,1.5,6.5,1.5
1783010173364,2026-07-02 18:36:13.364,C3:00:00:63:4D:08,-45,127,1.5,6.5,1.5
1783010173368,2026-07-02 18:36:13.368,C3:00:00:63:4D:0D,-61,127,1.5,6.5,1.5
1783010173384,2026-07-02 18:36:13.384,C3:00:00:63:4D:09,-71,127,1.5,6.5,1.5
1783010173398,2026-07-02 18:36:13.398,C3:00:00:63:4D:0A,-61,127,1.5,6.5,1.5
1783010173403,2026-07-02 18:36:13.403,C3:00:00:63:4C:D2,-67,127,1.5,6.5,1.5
1783010173425,2026-07-02 18:36:13.425,C3:00:00:63:4D:0D,-56,127,1.5,6.5,1.5
1783010173438,2026-07-02 18:36:13.438,C3:00:00:63:4D:05,-60,127,1.5,6.5,1.5
1783010173440,2026-07-02 18:36:13.440,C3:00:00:63:4D:04,-63,127,1.5,6.5,1.5
1783010173451,2026-07-02 18:36:13.451,C3:00:00:63:4D:0A,-65,127,1.5,6.5,1.5
1783010173454,2026-07-02 18:36:13.454,C3:00:00:63:4C:D2,-80,127,1.5,6.5,1.5
1783010173462,2026-07-02 18:36:13.462,C3:00:00:63:4D:04,-64,127,1.5,6.5,1.5
1783010173473,2026-07-02 18:36:13.473,C3:00:00:63:4D:08,-51,127,1.5,6.5,1.5
1783010173486,2026-07-02 18:36:13.486,C3:00:00:63:4D:04,-64,127,1.5,6.5,1.5
1783010173505,2026-07-02 18:36:13.505,C3:00:00:63:4D:09,-64,127,1.5,6.5,1.5
1783010173540,2026-07-02 18:36:13.540,C3:00:00:63:4D:0D,-54,127,1.5,6.5,1.5
1783010173546,2026-07-02 18:36:13.546,C3:00:00:63:4D:07,-63,127,1.5,6.5,1.5
1783010173555,2026-07-02 18:36:13.555,C3:00:00:63:4D:05,-55,127,1.5,6.5,1.5
1783010173561,2026-07-02 18:36:13.561,C3:00:00:63:4D:0A,-68,127,1.5,6.5,1.5
1783010173565,2026-07-02 18:36:13.565,C3:00:00:63:4D:08,-46,127,1.5,6.5,1.5
1783010173570,2026-07-02 18:36:13.570,C3:00:00:63:4D:07,-64,127,1.5,6.5,1.5
1783010173575,2026-07-02 18:36:13.575,C3:00:00:63:4D:04,-60,127,1.5,6.5,1.5
1783010173587,2026-07-02 18:36:13.587,C3:00:00:63:4D:08,-46,127,1.5,6.5,1.5
1783010173620,2026-07-02 18:36:13.620,C3:00:00:63:4D:09,-65,127,1.5,6.5,1.5
1783010173638,2026-07-02 18:36:13.638,C3:00:00:63:4D:0D,-55,127,1.5,6.5,1.5
1783010173680,2026-07-02 18:36:13.680,C3:00:00:63:4D:04,-58,127,1.5,6.5,1.5
1783010173702,2026-07-02 18:36:13.702,C3:00:00:63:4D:08,-45,127,1.5,6.5,1.5
1783010173736,2026-07-02 18:36:13.736,C3:00:00:63:4D:09,-69,127,1.5,6.5,1.5
1783010173777,2026-07-02 18:36:13.777,C3:00:00:63:4D:05,-58,127,1.5,6.5,1.5
1783010173785,2026-07-02 18:36:13.785,C3:00:00:63:4D:0A,-63,127,1.5,6.5,1.5
1783010173788,2026-07-02 18:36:13.788,C3:00:00:63:4D:07,-66,127,1.5,6.5,1.5
1783010173790,2026-07-02 18:36:13.790,C3:00:00:63:4C:D2,-68,127,1.5,6.5,1.5
1783010173796,2026-07-02 18:36:13.796,C3:00:00:63:4D:04,-62,127,1.5,6.5,1.5
1783010173804,2026-07-02 18:36:13.804,C3:00:00:63:4D:08,-55,127,1.5,6.5,1.5
1783010173849,2026-07-02 18:36:13.849,C3:00:00:63:4D:0D,-54,127,1.5,6.5,1.5
1783010173854,2026-07-02 18:36:13.854,C3:00:00:63:4D:09,-68,127,1.5,6.5,1.5
1783010173900,2026-07-02 18:36:13.900,C3:00:00:63:4D:0A,-71,127,1.5,6.5,1.5
1783010173903,2026-07-02 18:36:13.903,C3:00:00:63:4D:05,-68,127,1.5,6.5,1.5
1783010173908,2026-07-02 18:36:13.908,C3:00:00:63:4D:07,-68,127,1.5,6.5,1.5
1783010173920,2026-07-02 18:36:13.920,C3:00:00:63:4D:04,-60,127,1.5,6.5,1.5
1783010173922,2026-07-02 18:36:13.922,C3:00:00:63:4C:D2,-56,127,1.5,6.5,1.5
1783010173924,2026-07-02 18:36:13.924,C3:00:00:63:4D:08,-45,127,1.5,6.5,1.5
1783010173929,2026-07-02 18:36:13.929,C3:00:00:63:4D:05,-60,127,1.5,6.5,1.5
1783010173955,2026-07-02 18:36:13.955,C3:00:00:63:4D:0D,-57,127,1.5,6.5,1.5
1783010173958,2026-07-02 18:36:13.958,C3:00:00:63:4D:05,-68,127,1.5,6.5,1.5
1783010174007,2026-07-02 18:36:14.007,C3:00:00:63:4D:04,-58,127,1.5,6.5,1.5
1783010174026,2026-07-02 18:36:14.026,C3:00:00:63:4D:05,-61,127,1.5,6.5,1.5
1783010174030,2026-07-02 18:36:14.030,C3:00:00:63:4D:07,-64,127,1.5,6.5,1.5
1783010174031,2026-07-02 18:36:14.031,C3:00:00:63:4C:D2,-71,127,1.5,6.5,1.5
1783010174034,2026-07-02 18:36:14.034,C3:00:00:63:4D:08,-54,127,1.5,6.5,1.5
1783010174055,2026-07-02 18:36:14.055,C3:00:00:63:4D:0D,-55,127,1.5,6.5,1.5
1783010174072,2026-07-02 18:36:14.072,C3:00:00:63:4D:09,-67,127,1.5,6.5,1.5
1783010174124,2026-07-02 18:36:14.124,C3:00:00:63:4D:05,-69,127,1.5,6.5,1.5
1783010174141,2026-07-02 18:36:14.141,C3:00:00:63:4D:08,-47,127,1.5,6.5,1.5
1783010174146,2026-07-02 18:36:14.146,C3:00:00:63:4D:07,-70,127,1.5,6.5,1.5
1783010174148,2026-07-02 18:36:14.148,C3:00:00:63:4C:D2,-55,127,1.5,6.5,1.5
1783010174164,2026-07-02 18:36:14.164,C3:00:00:63:4D:0D,-54,127,1.5,6.5,1.5
1783010174228,2026-07-02 18:36:14.228,C3:00:00:63:4D:04,-64,127,1.5,6.5,1.5
1783010174232,2026-07-02 18:36:14.232,C3:00:00:63:4D:0A,-62,127,1.5,6.5,1.5
1783010174239,2026-07-02 18:36:14.239,C3:00:00:63:4D:05,-60,127,1.5,6.5,1.5
1783010174257,2026-07-02 18:36:14.257,C3:00:00:63:4C:D2,-66,127,1.5,6.5,1.5
1783010174270,2026-07-02 18:36:14.270,C3:00:00:63:4D:0D,-64,127,1.5,6.5,1.5
1783010174299,2026-07-02 18:36:14.299,C3:00:00:63:4D:09,-60,127,1.5,6.5,1.5
1783010174330,2026-07-02 18:36:14.330,C3:00:00:63:4D:04,-70,127,1.5,6.5,1.5
1783010174349,2026-07-02 18:36:14.349,C3:00:00:63:4D:0A,-60,127,1.5,6.5,1.5
1783010174363,2026-07-02 18:36:14.363,C3:00:00:63:4D:08,-49,127,1.5,6.5,1.5
1783010174365,2026-07-02 18:36:14.365,C3:00:00:63:4D:05,-62,127,1.5,6.5,1.5
1783010174368,2026-07-02 18:36:14.368,C3:00:00:63:4D:07,-67,127,1.5,6.5,1.5
1783010174380,2026-07-02 18:36:14.380,C3:00:00:63:4D:07,-72,127,1.5,6.5,1.5
1783010174446,2026-07-02 18:36:14.446,C3:00:00:63:4D:04,-60,127,1.5,6.5,1.5
1783010174468,2026-07-02 18:36:14.468,C3:00:00:63:4D:0A,-63,127,1.5,6.5,1.5
1783010174475,2026-07-02 18:36:14.475,C3:00:00:63:4D:08,-46,127,1.5,6.5,1.5
1783010174479,2026-07-02 18:36:14.479,C3:00:00:63:4D:05,-60,127,1.5,6.5,1.5
1783010174485,2026-07-02 18:36:14.485,C3:00:00:63:4C:D2,-58,127,1.5,6.5,1.5
1783010174487,2026-07-02 18:36:14.487,C3:00:00:63:4D:07,-65,127,1.5,6.5,1.5
1783010174488,2026-07-02 18:36:14.488,C3:00:00:63:4D:0D,-56,127,1.5,6.5,1.5
1783010174527,2026-07-02 18:36:14.527,C3:00:00:63:4D:09,-65,127,1.5,6.5,1.5
1783010174550,2026-07-02 18:36:14.550,C3:00:00:63:4D:04,-63,127,1.5,6.5,1.5
1783010174571,2026-07-02 18:36:14.571,C3:00:00:63:4D:08,-48,127,1.5,6.5,1.5
1783010174575,2026-07-02 18:36:14.575,C3:00:00:63:4D:0A,-63,127,1.5,6.5,1.5
1783010174580,2026-07-02 18:36:14.580,C3:00:00:63:4D:0D,-67,127,1.5,6.5,1.5
1783010174587,2026-07-02 18:36:14.587,C3:00:00:63:4D:05,-57,127,1.5,6.5,1.5
1783010174646,2026-07-02 18:36:14.646,C3:00:00:63:4D:09,-67,127,1.5,6.5,1.5
1783010174669,2026-07-02 18:36:14.669,C3:00:00:63:4D:04,-66,127,1.5,6.5,1.5
1783010174679,2026-07-02 18:36:14.679,C3:00:00:63:4D:08,-49,127,1.5,6.5,1.5
1783010174692,2026-07-02 18:36:14.692,C3:00:00:63:4D:0D,-64,127,1.5,6.5,1.5
1783010174695,2026-07-02 18:36:14.695,C3:00:00:63:4D:0A,-63,127,1.5,6.5,1.5
1783010174701,2026-07-02 18:36:14.701,C3:00:00:63:4D:05,-67,127,1.5,6.5,1.5
1783010174706,2026-07-02 18:36:14.706,C3:00:00:63:4C:D2,-63,127,1.5,6.5,1.5
1783010174712,2026-07-02 18:36:14.712,C3:00:00:63:4D:07,-63,127,1.5,6.5,1.5
1783010174727,2026-07-02 18:36:14.727,C3:00:00:63:4D:0D,-63,127,1.5,6.5,1.5
1783010174758,2026-07-02 18:36:14.758,C3:00:00:63:4D:09,-63,127,1.5,6.5,1.5
1783010174770,2026-07-02 18:36:14.770,C3:00:00:63:4D:04,-63,127,1.5,6.5,1.5
1783010174784,2026-07-02 18:36:14.784,C3:00:00:63:4D:08,-43,127,1.5,6.5,1.5
1783010174814,2026-07-02 18:36:14.814,C3:00:00:63:4D:05,-59,127,1.5,6.5,1.5
1783010174819,2026-07-02 18:36:14.819,C3:00:00:63:4D:07,-64,127,1.5,6.5,1.5
1783010174827,2026-07-02 18:36:14.827,C3:00:00:63:4C:D2,-65,127,1.5,6.5,1.5
1783010174866,2026-07-02 18:36:14.866,C3:00:00:63:4D:09,-67,127,1.5,6.5,1.5
1783010174876,2026-07-02 18:36:14.876,C3:00:00:63:4D:04,-60,127,1.5,6.5,1.5
1783010174895,2026-07-02 18:36:14.895,C3:00:00:63:4D:08,-50,127,1.5,6.5,1.5
1783010174936,2026-07-02 18:36:14.936,C3:00:00:63:4D:0A,-69,127,1.5,6.5,1.5
1783010174942,2026-07-02 18:36:14.942,C3:00:00:63:4C:D2,-64,127,1.5,6.5,1.5
1783010174959,2026-07-02 18:36:14.959,C3:00:00:63:4D:08,-59,127,1.5,6.5,1.5
1783010174963,2026-07-02 18:36:14.963,C3:00:00:63:4D:09,-65,127,1.5,6.5,1.5
1783010174985,2026-07-02 18:36:14.985,C3:00:00:63:4D:09,-67,127,1.5,6.5,1.5
1783010174994,2026-07-02 18:36:14.994,C3:00:00:63:4D:04,-60,127,1.5,6.5,1.5
1783010175032,2026-07-02 18:36:15.032,C3:00:00:63:4D:0A,-74,127,1.5,6.5,1.5
1783010175051,2026-07-02 18:36:15.051,C3:00:00:63:4D:09,-68,127,1.5,6.5,1.5
1783010175053,2026-07-02 18:36:15.053,C3:00:00:63:4D:05,-61,127,1.5,6.5,1.5
1783010175058,2026-07-02 18:36:15.058,C3:00:00:63:4C:D2,-61,127,1.5,6.5,1.5
1783010175063,2026-07-02 18:36:15.063,C3:00:00:63:4D:07,-63,127,1.5,6.5,1.5
1783010175078,2026-07-02 18:36:15.078,C3:00:00:63:4C:D2,-54,127,1.5,6.5,1.5
1783010175109,2026-07-02 18:36:15.109,C3:00:00:63:4D:0D,-50,127,1.5,6.5,1.5
1783010175114,2026-07-02 18:36:15.114,C3:00:00:63:4D:08,-49,127,1.5,6.5,1.5
1783010175139,2026-07-02 18:36:15.139,C3:00:00:63:4D:0A,-63,127,1.5,6.5,1.5
1783010175168,2026-07-02 18:36:15.168,C3:00:00:63:4D:07,-61,127,1.5,6.5,1.5
1783010175172,2026-07-02 18:36:15.172,C3:00:00:63:4C:D2,-62,127,1.5,6.5,1.5
1783010175210,2026-07-02 18:36:15.210,C3:00:00:63:4C:D2,-62,127,1.5,6.5,1.5
1783010175217,2026-07-02 18:36:15.217,C3:00:00:63:4D:05,-60,127,1.5,6.5,1.5
1783010175225,2026-07-02 18:36:15.225,C3:00:00:63:4D:0D,-50,127,1.5,6.5,1.5
1783010175235,2026-07-02 18:36:15.235,C3:00:00:63:4D:08,-53,127,1.5,6.5,1.5
1783010175247,2026-07-02 18:36:15.247,C3:00:00:63:4D:08,-54,127,1.5,6.5,1.5
1783010175249,2026-07-02 18:36:15.249,C3:00:00:63:4D:0A,-61,127,1.5,6.5,1.5
1783010175273,2026-07-02 18:36:15.273,C3:00:00:63:4D:05,-64,127,1.5,6.5,1.5
1783010175280,2026-07-02 18:36:15.280,C3:00:00:63:4D:07,-57,127,1.5,6.5,1.5
1783010175285,2026-07-02 18:36:15.285,C3:00:00:63:4C:D2,-68,127,1.5,6.5,1.5
1783010175316,2026-07-02 18:36:15.316,C3:00:00:63:4D:04,-64,127,1.5,6.5,1.5
1783010175321,2026-07-02 18:36:15.321,C3:00:00:63:4D:0D,-52,127,1.5,6.5,1.5
1783010175336,2026-07-02 18:36:15.336,C3:00:00:63:4D:08,-48,127,1.5,6.5,1.5
1783010175360,2026-07-02 18:36:15.360,C3:00:00:63:4D:0A,-76,127,1.5,6.5,1.5
1783010175382,2026-07-02 18:36:15.382,C3:00:00:63:4D:0D,-53,127,1.5,6.5,1.5
1783010175392,2026-07-02 18:36:15.392,C3:00:00:63:4D:05,-61,127,1.5,6.5,1.5
1783010175395,2026-07-02 18:36:15.395,C3:00:00:63:4D:07,-63,127,1.5,6.5,1.5
1783010175444,2026-07-02 18:36:15.444,C3:00:00:63:4D:08,-48,127,1.5,6.5,1.5
1783010175450,2026-07-02 18:36:15.450,C3:00:00:63:4D:04,-60,127,1.5,6.5,1.5
1783010175471,2026-07-02 18:36:15.471,C3:00:00:63:4D:04,-62,127,1.5,6.5,1.5
1783010175477,2026-07-02 18:36:15.477,C3:00:00:63:4D:0A,-64,127,1.5,6.5,1.5
1783010175505,2026-07-02 18:36:15.505,C3:00:00:63:4D:05,-62,127,1.5,6.5,1.5
1783010175508,2026-07-02 18:36:15.508,C3:00:00:63:4D:07,-66,127,1.5,6.5,1.5
1783010175512,2026-07-02 18:36:15.512,C3:00:00:63:4C:D2,-66,127,1.5,6.5,1.5
1783010175526,2026-07-02 18:36:15.526,C3:00:00:63:4D:0D,-54,127,1.5,6.5,1.5
1783010175547,2026-07-02 18:36:15.547,C3:00:00:63:4D:08,-50,127,1.5,6.5,1.5
1783010175561,2026-07-02 18:36:15.561,C3:00:00:63:4D:09,-71,127,1.5,6.5,1.5
1783010175566,2026-07-02 18:36:15.566,C3:00:00:63:4D:08,-50,127,1.5,6.5,1.5
1783010175592,2026-07-02 18:36:15.592,C3:00:00:63:4D:0A,-61,127,1.5,6.5,1.5
1783010175635,2026-07-02 18:36:15.635,C3:00:00:63:4C:D2,-56,127,1.5,6.5,1.5
1783010175640,2026-07-02 18:36:15.640,C3:00:00:63:4D:07,-67,127,1.5,6.5,1.5
1783010175647,2026-07-02 18:36:15.647,C3:00:00:63:4D:0D,-55,127,1.5,6.5,1.5
1783010175654,2026-07-02 18:36:15.654,C3:00:00:63:4D:04,-60,127,1.5,6.5,1.5
1783010175660,2026-07-02 18:36:15.660,C3:00:00:63:4D:08,-49,127,1.5,6.5,1.5
1783010175671,2026-07-02 18:36:15.671,C3:00:00:63:4D:09,-68,127,1.5,6.5,1.5
1783010175736,2026-07-02 18:36:15.736,C3:00:00:63:4D:05,-65,127,1.5,6.5,1.5
1783010175771,2026-07-02 18:36:15.771,C3:00:00:63:4D:04,-57,127,1.5,6.5,1.5
1783010175806,2026-07-02 18:36:15.806,C3:00:00:63:4D:09,-67,127,1.5,6.5,1.5
1783010175810,2026-07-02 18:36:15.810,C3:00:00:63:4D:07,-62,127,1.5,6.5,1.5
1783010175815,2026-07-02 18:36:15.815,C3:00:00:63:4D:0A,-62,127,1.5,6.5,1.5
1783010175867,2026-07-02 18:36:15.867,C3:00:00:63:4D:0D,-54,127,1.5,6.5,1.5
1783010175875,2026-07-02 18:36:15.875,C3:00:00:63:4D:05,-66,127,1.5,6.5,1.5
1783010175884,2026-07-02 18:36:15.884,C3:00:00:63:4D:04,-67,127,1.5,6.5,1.5
1783010175887,2026-07-02 18:36:15.887,C3:00:00:63:4D:07,-64,127,1.5,6.5,1.5
1783010175893,2026-07-02 18:36:15.893,C3:00:00:63:4C:D2,-65,127,1.5,6.5,1.5
1783010175895,2026-07-02 18:36:15.895,C3:00:00:63:4D:08,-51,127,1.5,6.5,1.5
1783010175898,2026-07-02 18:36:15.898,C3:00:00:63:4D:09,-64,127,1.5,6.5,1.5
1783010175932,2026-07-02 18:36:15.932,C3:00:00:63:4D:0A,-70,127,1.5,6.5,1.5
1783010175948,2026-07-02 18:36:15.948,C3:00:00:63:4D:0D,-54,127,1.5,6.5,1.5
1783010175954,2026-07-02 18:36:15.954,C3:00:00:63:4D:05,-70,127,1.5,6.5,1.5
1783010175958,2026-07-02 18:36:15.958,C3:00:00:63:4D:0A,-69,127,1.5,6.5,1.5
1783010175967,2026-07-02 18:36:15.967,C3:00:00:63:4D:05,-71,127,1.5,6.5,1.5
1783010175971,2026-07-02 18:36:15.971,C3:00:00:63:4D:07,-63,127,1.5,6.5,1.5
1783010175982,2026-07-02 18:36:15.982,C3:00:00:63:4D:04,-60,127,1.5,6.5,1.5
1783010175984,2026-07-02 18:36:15.984,C3:00:00:63:4C:D2,-55,127,1.5,6.5,1.5
1783010175990,2026-07-02 18:36:15.990,C3:00:00:63:4D:08,-47,127,1.5,6.5,1.5
1783010176010,2026-07-02 18:36:16.010,C3:00:00:63:4D:09,-60,127,1.5,6.5,1.5
1783010176020,2026-07-02 18:36:16.020,C3:00:00:63:4D:0D,-68,127,1.5,6.5,1.5
1783010176043,2026-07-02 18:36:16.043,C3:00:00:63:4D:0A,-59,127,1.5,6.5,1.5
1783010176046,2026-07-02 18:36:16.046,C3:00:00:63:4D:0D,-60,127,1.5,6.5,1.5
1783010176072,2026-07-02 18:36:16.072,C3:00:00:63:4D:04,-60,127,1.5,6.5,1.5
1783010176090,2026-07-02 18:36:16.090,C3:00:00:63:4D:08,-46,127,1.5,6.5,1.5
1783010176122,2026-07-02 18:36:16.122,C3:00:00:63:4D:09,-67,127,1.5,6.5,1.5
1783010176158,2026-07-02 18:36:16.158,C3:00:00:63:4D:0A,-69,127,1.5,6.5,1.5
1783010176183,2026-07-02 18:36:16.183,C3:00:00:63:4D:04,-64,127,1.5,6.5,1.5
1783010176191,2026-07-02 18:36:16.191,C3:00:00:63:4D:05,-61,127,1.5,6.5,1.5
1783010176206,2026-07-02 18:36:16.206,C3:00:00:63:4D:07,-68,127,1.5,6.5,1.5
1783010176244,2026-07-02 18:36:16.244,C3:00:00:63:4D:09,-67,127,1.5,6.5,1.5
1783010176296,2026-07-02 18:36:16.296,C3:00:00:63:4D:04,-61,127,1.5,6.5,1.5
1783010176314,2026-07-02 18:36:16.314,C3:00:00:63:4D:08,-49,127,1.5,6.5,1.5
1783010176316,2026-07-02 18:36:16.316,C3:00:00:63:4D:05,-65,127,1.5,6.5,1.5
1783010176353,2026-07-02 18:36:16.353,C3:00:00:63:4D:09,-60,127,1.5,6.5,1.5
1783010176366,2026-07-02 18:36:16.366,C3:00:00:63:4D:0D,-58,127,1.5,6.5,1.5
1783010176381,2026-07-02 18:36:16.381,C3:00:00:63:4D:0A,-60,127,1.5,6.5,1.5
1783010176392,2026-07-02 18:36:16.392,C3:00:00:63:4D:09,-61,127,1.5,6.5,1.5
1783010176404,2026-07-02 18:36:16.404,C3:00:00:63:4D:04,-60,127,1.5,6.5,1.5
1783010176420,2026-07-02 18:36:16.420,C3:00:00:63:4D:08,-52,127,1.5,6.5,1.5
1783010176429,2026-07-02 18:36:16.429,C3:00:00:63:4D:05,-65,127,1.5,6.5,1.5
1783010176450,2026-07-02 18:36:16.450,C3:00:00:63:4D:07,-69,127,1.5,6.5,1.5
1783010176455,2026-07-02 18:36:16.455,C3:00:00:63:4D:04,-67,127,1.5,6.5,1.5
1783010176475,2026-07-02 18:36:16.475,C3:00:00:63:4D:09,-78,127,1.5,6.5,1.5
1783010176482,2026-07-02 18:36:16.482,C3:00:00:63:4D:0D,-56,127,1.5,6.5,1.5
1783010176495,2026-07-02 18:36:16.495,C3:00:00:63:4D:0A,-65,127,1.5,6.5,1.5
1783010176505,2026-07-02 18:36:16.505,C3:00:00:63:4C:D2,-65,127,1.5,6.5,1.5
1783010176519,2026-07-02 18:36:16.519,C3:00:00:63:4D:04,-60,127,1.5,6.5,1.5
1783010176537,2026-07-02 18:36:16.537,C3:00:00:63:4D:08,-50,127,1.5,6.5,1.5
1783010176543,2026-07-02 18:36:16.543,C3:00:00:63:4D:05,-68,127,1.5,6.5,1.5
1783010176547,2026-07-02 18:36:16.547,C3:00:00:63:4C:D2,-55,127,1.5,6.5,1.5
1783010176553,2026-07-02 18:36:16.553,C3:00:00:63:4D:07,-64,127,1.5,6.5,1.5
1783010176581,2026-07-02 18:36:16.581,C3:00:00:63:4D:0D,-55,127,1.5,6.5,1.5
1783010176588,2026-07-02 18:36:16.588,C3:00:00:63:4D:09,-69,127,1.5,6.5,1.5
1783010176628,2026-07-02 18:36:16.628,C3:00:00:63:4D:0A,-64,127,1.5,6.5,1.5
1783010176634,2026-07-02 18:36:16.634,C3:00:00:63:4D:04,-60,127,1.5,6.5,1.5
1783010176639,2026-07-02 18:36:16.639,C3:00:00:63:4D:08,-47,127,1.5,6.5,1.5
1783010176650,2026-07-02 18:36:16.650,C3:00:00:63:4D:05,-63,127,1.5,6.5,1.5
1783010176661,2026-07-02 18:36:16.661,C3:00:00:63:4D:07,-70,127,1.5,6.5,1.5
1783010176666,2026-07-02 18:36:16.666,C3:00:00:63:4C:D2,-81,127,1.5,6.5,1.5
1783010176678,2026-07-02 18:36:16.678,C3:00:00:63:4D:0D,-56,127,1.5,6.5,1.5
1783010176698,2026-07-02 18:36:16.698,C3:00:00:63:4D:09,-60,127,1.5,6.5,1.5
1783010176725,2026-07-02 18:36:16.725,C3:00:00:63:4D:0A,-67,127,1.5,6.5,1.5
1783010176738,2026-07-02 18:36:16.738,C3:00:00:63:4D:04,-63,127,1.5,6.5,1.5
1783010176742,2026-07-02 18:36:16.742,C3:00:00:63:4D:0D,-54,127,1.5,6.5,1.5
1783010176753,2026-07-02 18:36:16.753,C3:00:00:63:4D:08,-46,127,1.5,6.5,1.5
1783010176768,2026-07-02 18:36:16.768,C3:00:00:63:4D:05,-67,127,1.5,6.5,1.5
1783010176779,2026-07-02 18:36:16.779,C3:00:00:63:4C:D2,-64,127,1.5,6.5,1.5
1783010176788,2026-07-02 18:36:16.788,C3:00:00:63:4D:07,-67,127,1.5,6.5,1.5
1783010176794,2026-07-02 18:36:16.794,C3:00:00:63:4D:0D,-54,127,1.5,6.5,1.5
1783010176802,2026-07-02 18:36:16.802,C3:00:00:63:4D:09,-69,127,1.5,6.5,1.5
1783010176829,2026-07-02 18:36:16.829,C3:00:00:63:4D:0A,-67,127,1.5,6.5,1.5
1783010176841,2026-07-02 18:36:16.841,C3:00:00:63:4D:04,-62,127,1.5,6.5,1.5
1783010176853,2026-07-02 18:36:16.853,C3:00:00:63:4D:08,-48,127,1.5,6.5,1.5
1783010176881,2026-07-02 18:36:16.881,C3:00:00:63:4D:05,-69,127,1.5,6.5,1.5
1783010176891,2026-07-02 18:36:16.891,C3:00:00:63:4D:07,-61,127,1.5,6.5,1.5
1783010176928,2026-07-02 18:36:16.928,C3:00:00:63:4D:09,-61,127,1.5,6.5,1.5
1783010176950,2026-07-02 18:36:16.950,C3:00:00:63:4D:0A,-59,127,1.5,6.5,1.5
1783010176956,2026-07-02 18:36:16.956,C3:00:00:63:4D:04,-61,127,1.5,6.5,1.5
1783010176963,2026-07-02 18:36:16.963,C3:00:00:63:4D:09,-60,127,1.5,6.5,1.5
1783010176969,2026-07-02 18:36:16.969,C3:00:00:63:4D:08,-49,127,1.5,6.5,1.5
1783010177038,2026-07-02 18:36:17.038,C3:00:00:63:4D:09,-63,127,1.5,6.5,1.5
1783010177059,2026-07-02 18:36:17.059,C3:00:00:63:4D:0A,-66,127,1.5,6.5,1.5
1783010177068,2026-07-02 18:36:17.068,C3:00:00:63:4D:04,-63,127,1.5,6.5,1.5
1783010177070,2026-07-02 18:36:17.070,C3:00:00:63:4D:09,-63,127,1.5,6.5,1.5
1783010177077,2026-07-02 18:36:17.077,C3:00:00:63:4D:08,-53,127,1.5,6.5,1.5
1783010177096,2026-07-02 18:36:17.096,C3:00:00:63:4D:0D,-56,127,1.5,6.5,1.5
1783010177112,2026-07-02 18:36:17.112,C3:00:00:63:4D:05,-72,127,1.5,6.5,1.5
1783010177124,2026-07-02 18:36:17.124,C3:00:00:63:4C:D2,-54,127,1.5,6.5,1.5
1783010177146,2026-07-02 18:36:17.146,C3:00:00:63:4D:0A,-66,127,1.5,6.5,1.5
1783010177151,2026-07-02 18:36:17.151,C3:00:00:63:4D:09,-71,127,1.5,6.5,1.5
1783010177167,2026-07-02 18:36:17.167,C3:00:00:63:4D:0A,-66,127,1.5,6.5,1.5
1783010177170,2026-07-02 18:36:17.170,C3:00:00:63:4D:04,-63,127,1.5,6.5,1.5
1783010177189,2026-07-02 18:36:17.189,C3:00:00:63:4D:08,-49,127,1.5,6.5,1.5
1783010177194,2026-07-02 18:36:17.194,C3:00:00:63:4D:05,-72,127,1.5,6.5,1.5
1783010177210,2026-07-02 18:36:17.210,C3:00:00:63:4D:0D,-52,127,1.5,6.5,1.5
1783010177212,2026-07-02 18:36:17.212,C3:00:00:63:4D:05,-72,127,1.5,6.5,1.5
1783010177215,2026-07-02 18:36:17.215,C3:00:00:63:4C:D2,-67,127,1.5,6.5,1.5
1783010177223,2026-07-02 18:36:17.223,C3:00:00:63:4D:05,-73,127,1.5,6.5,1.5
1783010177236,2026-07-02 18:36:17.236,C3:00:00:63:4D:07,-62,127,1.5,6.5,1.5
1783010177240,2026-07-02 18:36:17.240,C3:00:00:63:4C:D2,-66,127,1.5,6.5,1.5
1783010177243,2026-07-02 18:36:17.243,C3:00:00:63:4D:08,-48,127,1.5,6.5,1.5
1783010177264,2026-07-02 18:36:17.264,C3:00:00:63:4D:09,-62,127,1.5,6.5,1.5
1783010177278,2026-07-02 18:36:17.278,C3:00:00:63:4D:0A,-59,127,1.5,6.5,1.5
1783010177282,2026-07-02 18:36:17.282,C3:00:00:63:4D:04,-60,127,1.5,6.5,1.5
1783010177295,2026-07-02 18:36:17.295,C3:00:00:63:4D:08,-48,127,1.5,6.5,1.5
1783010177317,2026-07-02 18:36:17.317,C3:00:00:63:4D:0D,-57,127,1.5,6.5,1.5
1783010177341,2026-07-02 18:36:17.341,C3:00:00:63:4D:05,-68,127,1.5,6.5,1.5
1783010177348,2026-07-02 18:36:17.348,C3:00:00:63:4D:07,-68,127,1.5,6.5,1.5
1783010177381,2026-07-02 18:36:17.381,C3:00:00:63:4C:D2,-66,127,1.5,6.5,1.5
1783010177384,2026-07-02 18:36:17.384,C3:00:00:63:4D:09,-76,127,1.5,6.5,1.5
1783010177392,2026-07-02 18:36:17.392,C3:00:00:63:4D:0D,-55,127,1.5,6.5,1.5
1783010177393,2026-07-02 18:36:17.393,C3:00:00:63:4D:04,-64,127,1.5,6.5,1.5
1783010177395,2026-07-02 18:36:17.395,C3:00:00:63:4D:0A,-65,127,1.5,6.5,1.5
1783010177399,2026-07-02 18:36:17.399,C3:00:00:63:4D:08,-54,127,1.5,6.5,1.5
1783010177408,2026-07-02 18:36:17.408,C3:00:00:63:4D:0A,-68,127,1.5,6.5,1.5
1783010177415,2026-07-02 18:36:17.415,C3:00:00:63:4C:D2,-55,127,1.5,6.5,1.5
1783010177419,2026-07-02 18:36:17.419,C3:00:00:63:4D:0D,-51,127,1.5,6.5,1.5
1783010177450,2026-07-02 18:36:17.450,C3:00:00:63:4D:04,-63,127,1.5,6.5,1.5
1783010177461,2026-07-02 18:36:17.461,C3:00:00:63:4D:05,-62,127,1.5,6.5,1.5
1783010177464,2026-07-02 18:36:17.464,C3:00:00:63:4C:D2,-54,127,1.5,6.5,1.5
1783010177466,2026-07-02 18:36:17.466,C3:00:00:63:4D:07,-63,127,1.5,6.5,1.5
1783010177469,2026-07-02 18:36:17.469,C3:00:00:63:4D:04,-63,127,1.5,6.5,1.5
1783010177488,2026-07-02 18:36:17.488,C3:00:00:63:4D:09,-67,127,1.5,6.5,1.5
1783010177498,2026-07-02 18:36:17.498,C3:00:00:63:4D:04,-63,127,1.5,6.5,1.5
1783010177508,2026-07-02 18:36:17.508,C3:00:00:63:4D:0A,-71,127,1.5,6.5,1.5
1783010177524,2026-07-02 18:36:17.524,C3:00:00:63:4D:0D,-58,127,1.5,6.5,1.5
1783010177557,2026-07-02 18:36:17.557,C3:00:00:63:4D:07,-62,127,1.5,6.5,1.5
1783010177565,2026-07-02 18:36:17.565,C3:00:00:63:4D:08,-49,127,1.5,6.5,1.5
1783010177582,2026-07-02 18:36:17.582,C3:00:00:63:4D:05,-68,127,1.5,6.5,1.5
1783010177589,2026-07-02 18:36:17.589,C3:00:00:63:4D:07,-62,127,1.5,6.5,1.5
1783010177593,2026-07-02 18:36:17.593,C3:00:00:63:4C:D2,-64,127,1.5,6.5,1.5
1783010177602,2026-07-02 18:36:17.602,C3:00:00:63:4D:04,-61,127,1.5,6.5,1.5
1783010177610,2026-07-02 18:36:17.610,C3:00:00:63:4D:0D,-60,127,1.5,6.5,1.5
1783010177612,2026-07-02 18:36:17.612,C3:00:00:63:4D:09,-60,127,1.5,6.5,1.5
1783010177616,2026-07-02 18:36:17.616,C3:00:00:63:4D:08,-52,127,1.5,6.5,1.5
1783010177624,2026-07-02 18:36:17.624,C3:00:00:63:4D:0A,-64,127,1.5,6.5,1.5
1783010177625,2026-07-02 18:36:17.625,C3:00:00:63:4D:0D,-57,127,1.5,6.5,1.5
1783010177696,2026-07-02 18:36:17.696,C3:00:00:63:4D:05,-61,127,1.5,6.5,1.5
1783010177700,2026-07-02 18:36:17.700,C3:00:00:63:4C:D2,-68,127,1.5,6.5,1.5
1783010177706,2026-07-02 18:36:17.706,C3:00:00:63:4D:07,-64,127,1.5,6.5,1.5
1783010177716,2026-07-02 18:36:17.716,C3:00:00:63:4D:04,-61,127,1.5,6.5,1.5
1783010177722,2026-07-02 18:36:17.722,C3:00:00:63:4D:09,-66,127,1.5,6.5,1.5
1783010177735,2026-07-02 18:36:17.735,C3:00:00:63:4D:08,-49,127,1.5,6.5,1.5
1783010177739,2026-07-02 18:36:17.739,C3:00:00:63:4D:0A,-66,127,1.5,6.5,1.5
1783010177742,2026-07-02 18:36:17.742,C3:00:00:63:4D:0D,-54,127,1.5,6.5,1.5
1783010177809,2026-07-02 18:36:17.809,C3:00:00:63:4D:05,-64,127,1.5,6.5,1.5
1783010177811,2026-07-02 18:36:17.811,C3:00:00:63:4C:D2,-66,127,1.5,6.5,1.5
1783010177827,2026-07-02 18:36:17.827,C3:00:00:63:4D:04,-58,127,1.5,6.5,1.5
1783010177829,2026-07-02 18:36:17.829,C3:00:00:63:4D:07,-66,127,1.5,6.5,1.5
1783010177841,2026-07-02 18:36:17.841,C3:00:00:63:4D:0D,-58,127,1.5,6.5,1.5
1783010177853,2026-07-02 18:36:17.853,C3:00:00:63:4D:0A,-59,127,1.5,6.5,1.5
1783010177917,2026-07-02 18:36:17.917,C3:00:00:63:4D:05,-61,127,1.5,6.5,1.5
1783010177921,2026-07-02 18:36:17.921,C3:00:00:63:4D:07,-64,127,1.5,6.5,1.5
1783010177924,2026-07-02 18:36:17.924,C3:00:00:63:4C:D2,-65,127,1.5,6.5,1.5
1783010177947,2026-07-02 18:36:17.947,C3:00:00:63:4D:05,-71,127,1.5,6.5,1.5
1783010177953,2026-07-02 18:36:17.953,C3:00:00:63:4D:08,-48,127,1.5,6.5,1.5
1783010177967,2026-07-02 18:36:17.967,C3:00:00:63:4D:0A,-64,127,1.5,6.5,1.5
1783010177973,2026-07-02 18:36:17.973,C3:00:00:63:4D:05,-67,127,1.5,6.5,1.5
1783010178033,2026-07-02 18:36:18.033,C3:00:00:63:4D:05,-60,127,1.5,6.5,1.5
1783010178040,2026-07-02 18:36:18.040,C3:00:00:63:4D:07,-78,127,1.5,6.5,1.5
1783010178044,2026-07-02 18:36:18.044,C3:00:00:63:4D:04,-60,127,1.5,6.5,1.5
1783010178056,2026-07-02 18:36:18.056,C3:00:00:63:4D:08,-48,127,1.5,6.5,1.5
1783010178065,2026-07-02 18:36:18.065,C3:00:00:63:4D:09,-67,127,1.5,6.5,1.5
1783010178146,2026-07-02 18:36:18.146,C3:00:00:63:4D:04,-58,127,1.5,6.5,1.5
1783010178148,2026-07-02 18:36:18.148,C3:00:00:63:4D:05,-70,127,1.5,6.5,1.5
1783010178151,2026-07-02 18:36:18.151,C3:00:00:63:4D:0D,-58,127,1.5,6.5,1.5
1783010178162,2026-07-02 18:36:18.162,C3:00:00:63:4D:07,-60,127,1.5,6.5,1.5
1783010178167,2026-07-02 18:36:18.167,C3:00:00:63:4C:D2,-64,127,1.5,6.5,1.5
1783010178170,2026-07-02 18:36:18.170,C3:00:00:63:4D:08,-46,127,1.5,6.5,1.5
1783010178175,2026-07-02 18:36:18.175,C3:00:00:63:4D:09,-63,127,1.5,6.5,1.5
1783010178185,2026-07-02 18:36:18.185,C3:00:00:63:4D:0A,-59,127,1.5,6.5,1.5
1783010178278,2026-07-02 18:36:18.278,C3:00:00:63:4D:08,-50,127,1.5,6.5,1.5
1783010178292,2026-07-02 18:36:18.292,C3:00:00:63:4D:09,-68,127,1.5,6.5,1.5
1783010178311,2026-07-02 18:36:18.311,C3:00:00:63:4D:0A,-64,127,1.5,6.5,1.5
1783010178365,2026-07-02 18:36:18.365,C3:00:00:63:4D:0D,-56,127,1.5,6.5,1.5
1783010178368,2026-07-02 18:36:18.368,C3:00:00:63:4D:04,-62,127,1.5,6.5,1.5
1783010178378,2026-07-02 18:36:18.378,C3:00:00:63:4D:05,-62,127,1.5,6.5,1.5
1783010178383,2026-07-02 18:36:18.383,C3:00:00:63:4D:08,-47,127,1.5,6.5,1.5
1783010178391,2026-07-02 18:36:18.391,C3:00:00:63:4D:07,-62,127,1.5,6.5,1.5
1783010178393,2026-07-02 18:36:18.393,C3:00:00:63:4C:D2,-56,127,1.5,6.5,1.5
1783010178400,2026-07-02 18:36:18.400,C3:00:00:63:4D:09,-71,127,1.5,6.5,1.5
1783010178411,2026-07-02 18:36:18.411,C3:00:00:63:4D:0A,-58,127,1.5,6.5,1.5
1783010178425,2026-07-02 18:36:18.425,C3:00:00:63:4D:07,-62,127,1.5,6.5,1.5
1783010178470,2026-07-02 18:36:18.470,C3:00:00:63:4D:0D,-61,127,1.5,6.5,1.5
1783010178488,2026-07-02 18:36:18.488,C3:00:00:63:4D:04,-59,127,1.5,6.5,1.5
1783010178492,2026-07-02 18:36:18.492,C3:00:00:63:4D:08,-49,127,1.5,6.5,1.5
1783010178500,2026-07-02 18:36:18.500,C3:00:00:63:4D:07,-60,127,1.5,6.5,1.5
1783010178506,2026-07-02 18:36:18.506,C3:00:00:63:4C:D2,-67,127,1.5,6.5,1.5
1783010178525,2026-07-02 18:36:18.525,C3:00:00:63:4D:09,-73,127,1.5,6.5,1.5
1783010178530,2026-07-02 18:36:18.530,C3:00:00:63:4D:0A,-63,127,1.5,6.5,1.5
1783010178575,2026-07-02 18:36:18.575,C3:00:00:63:4D:0D,-54,127,1.5,6.5,1.5
1783010178605,2026-07-02 18:36:18.605,C3:00:00:63:4D:08,-48,127,1.5,6.5,1.5
1783010178627,2026-07-02 18:36:18.627,C3:00:00:63:4D:07,-64,127,1.5,6.5,1.5
1783010178633,2026-07-02 18:36:18.633,C3:00:00:63:4D:09,-72,127,1.5,6.5,1.5
1783010178649,2026-07-02 18:36:18.649,C3:00:00:63:4D:0A,-82,127,1.5,6.5,1.5
1783010178683,2026-07-02 18:36:18.683,C3:00:00:63:4D:0D,-53,127,1.5,6.5,1.5
1783010178699,2026-07-02 18:36:18.699,C3:00:00:63:4D:04,-60,127,1.5,6.5,1.5
1783010178729,2026-07-02 18:36:18.729,C3:00:00:63:4D:05,-59,127,1.5,6.5,1.5
1783010178735,2026-07-02 18:36:18.735,C3:00:00:63:4C:D2,-70,127,1.5,6.5,1.5
1783010178742,2026-07-02 18:36:18.742,C3:00:00:63:4D:09,-63,127,1.5,6.5,1.5
1783010178747,2026-07-02 18:36:18.747,C3:00:00:63:4D:0D,-58,127,1.5,6.5,1.5
1783010178754,2026-07-02 18:36:18.754,C3:00:00:63:4D:0A,-62,127,1.5,6.5,1.5
1783010178783,2026-07-02 18:36:18.783,C3:00:00:63:4D:0D,-54,127,1.5,6.5,1.5
1783010178806,2026-07-02 18:36:18.806,C3:00:00:63:4D:04,-60,127,1.5,6.5,1.5
1783010178817,2026-07-02 18:36:18.817,C3:00:00:63:4D:08,-60,127,1.5,6.5,1.5
1783010178840,2026-07-02 18:36:18.840,C3:00:00:63:4D:05,-71,127,1.5,6.5,1.5
1783010178844,2026-07-02 18:36:18.844,C3:00:00:63:4D:07,-65,127,1.5,6.5,1.5
1783010178849,2026-07-02 18:36:18.849,C3:00:00:63:4C:D2,-68,127,1.5,6.5,1.5
1783010178858,2026-07-02 18:36:18.858,C3:00:00:63:4D:09,-68,127,1.5,6.5,1.5
1783010178866,2026-07-02 18:36:18.866,C3:00:00:63:4D:0A,-65,127,1.5,6.5,1.5
1783010178891,2026-07-02 18:36:18.891,C3:00:00:63:4D:0D,-53,127,1.5,6.5,1.5
1783010178916,2026-07-02 18:36:18.916,C3:00:00:63:4D:04,-63,127,1.5,6.5,1.5
1783010178931,2026-07-02 18:36:18.931,C3:00:00:63:4D:08,-53,127,1.5,6.5,1.5
1783010178938,2026-07-02 18:36:18.938,C3:00:00:63:4D:0A,-80,127,1.5,6.5,1.5
1783010178946,2026-07-02 18:36:18.946,C3:00:00:63:4D:08,-52,127,1.5,6.5,1.5
1783010178956,2026-07-02 18:36:18.956,C3:00:00:63:4D:05,-70,127,1.5,6.5,1.5
1783010178960,2026-07-02 18:36:18.960,C3:00:00:63:4C:D2,-56,127,1.5,6.5,1.5
1783010178964,2026-07-02 18:36:18.964,C3:00:00:63:4D:07,-70,127,1.5,6.5,1.5
1783010178974,2026-07-02 18:36:18.974,C3:00:00:63:4D:09,-63,127,1.5,6.5,1.5
1783010178982,2026-07-02 18:36:18.982,C3:00:00:63:4D:0A,-69,127,1.5,6.5,1.5
1783010178990,2026-07-02 18:36:18.990,C3:00:00:63:4D:0D,-59,127,1.5,6.5,1.5
1783010178994,2026-07-02 18:36:18.994,C3:00:00:63:4D:09,-63,127,1.5,6.5,1.5
1783010179042,2026-07-02 18:36:19.042,C3:00:00:63:4D:08,-44,127,1.5,6.5,1.5
1783010179046,2026-07-02 18:36:19.046,C3:00:00:63:4D:09,-74,127,1.5,6.5,1.5
1783010179058,2026-07-02 18:36:19.058,C3:00:00:63:4C:D2,-72,127,1.5,6.5,1.5
1783010179067,2026-07-02 18:36:19.067,C3:00:00:63:4D:05,-61,127,1.5,6.5,1.5
1783010179079,2026-07-02 18:36:19.079,C3:00:00:63:4C:D2,-64,127,1.5,6.5,1.5
1783010179083,2026-07-02 18:36:19.083,C3:00:00:63:4D:09,-71,127,1.5,6.5,1.5
1783010179090,2026-07-02 18:36:19.090,C3:00:00:63:4D:0A,-64,127,1.5,6.5,1.5
1783010179104,2026-07-02 18:36:19.104,C3:00:00:63:4D:0D,-61,127,1.5,6.5,1.5
1783010179125,2026-07-02 18:36:19.125,C3:00:00:63:4D:04,-64,127,1.5,6.5,1.5
1783010179147,2026-07-02 18:36:19.147,C3:00:00:63:4D:08,-50,127,1.5,6.5,1.5
1783010179154,2026-07-02 18:36:19.154,C3:00:00:63:4D:0A,-64,127,1.5,6.5,1.5
1783010179186,2026-07-02 18:36:19.186,C3:00:00:63:4D:05,-62,127,1.5,6.5,1.5
1783010179192,2026-07-02 18:36:19.192,C3:00:00:63:4C:D2,-64,127,1.5,6.5,1.5
1783010179197,2026-07-02 18:36:19.197,C3:00:00:63:4D:07,-61,127,1.5,6.5,1.5
1783010179204,2026-07-02 18:36:19.204,C3:00:00:63:4D:0A,-62,127,1.5,6.5,1.5
1783010179209,2026-07-02 18:36:19.209,C3:00:00:63:4D:09,-78,127,1.5,6.5,1.5
1783010179211,2026-07-02 18:36:19.211,C3:00:00:63:4D:0D,-56,127,1.5,6.5,1.5
1783010179214,2026-07-02 18:36:19.214,C3:00:00:63:4D:05,-66,127,1.5,6.5,1.5
1783010179221,2026-07-02 18:36:19.221,C3:00:00:63:4C:D2,-56,127,1.5,6.5,1.5
1783010179234,2026-07-02 18:36:19.234,C3:00:00:63:4D:04,-68,127,1.5,6.5,1.5
1783010179249,2026-07-02 18:36:19.249,C3:00:00:63:4D:08,-46,127,1.5,6.5,1.5
1783010179275,2026-07-02 18:36:19.275,C3:00:00:63:4D:08,-46,127,1.5,6.5,1.5
1783010179296,2026-07-02 18:36:19.296,C3:00:00:63:4D:05,-63,127,1.5,6.5,1.5
1783010179307,2026-07-02 18:36:19.307,C3:00:00:63:4D:07,-60,127,1.5,6.5,1.5
1783010179317,2026-07-02 18:36:19.317,C3:00:00:63:4C:D2,-64,127,1.5,6.5,1.5
1783010179323,2026-07-02 18:36:19.323,C3:00:00:63:4D:0A,-62,127,1.5,6.5,1.5
1783010179353,2026-07-02 18:36:19.353,C3:00:00:63:4D:04,-62,127,1.5,6.5,1.5
1783010179365,2026-07-02 18:36:19.365,C3:00:00:63:4D:08,-48,127,1.5,6.5,1.5
1783010179391,2026-07-02 18:36:19.391,C3:00:00:63:4D:0D,-68,127,1.5,6.5,1.5
1783010179422,2026-07-02 18:36:19.422,C3:00:00:63:4D:0D,-58,127,1.5,6.5,1.5
1783010179428,2026-07-02 18:36:19.428,C3:00:00:63:4D:05,-64,127,1.5,6.5,1.5
1783010179434,2026-07-02 18:36:19.434,C3:00:00:63:4D:07,-62,127,1.5,6.5,1.5
1783010179445,2026-07-02 18:36:19.445,C3:00:00:63:4D:0A,-63,127,1.5,6.5,1.5
1783010179449,2026-07-02 18:36:19.449,C3:00:00:63:4C:D2,-72,127,1.5,6.5,1.5
1783010179464,2026-07-02 18:36:19.464,C3:00:00:63:4D:04,-65,127,1.5,6.5,1.5
1783010179473,2026-07-02 18:36:19.473,C3:00:00:63:4D:08,-54,127,1.5,6.5,1.5
1783010179481,2026-07-02 18:36:19.481,C3:00:00:63:4D:04,-63,127,1.5,6.5,1.5
1783010179498,2026-07-02 18:36:19.498,C3:00:00:63:4D:04,-62,127,1.5,6.5,1.5
1783010179521,2026-07-02 18:36:19.521,C3:00:00:63:4D:0D,-60,127,1.5,6.5,1.5
1783010179526,2026-07-02 18:36:19.526,C3:00:00:63:4D:05,-62,127,1.5,6.5,1.5
1783010179593,2026-07-02 18:36:19.593,C3:00:00:63:4D:08,-53,127,1.5,6.5,1.5
1783010179643,2026-07-02 18:36:19.643,C3:00:00:63:4D:05,-60,127,1.5,6.5,1.5
1783010179648,2026-07-02 18:36:19.648,C3:00:00:63:4C:D2,-71,127,1.5,6.5,1.5
1783010179654,2026-07-02 18:36:19.654,C3:00:00:63:4D:07,-68,127,1.5,6.5,1.5
1783010179675,2026-07-02 18:36:19.675,C3:00:00:63:4D:04,-62,127,1.5,6.5,1.5
1783010179691,2026-07-02 18:36:19.691,C3:00:00:63:4D:08,-50,127,1.5,6.5,1.5
1783010179725,2026-07-02 18:36:19.725,C3:00:00:63:4D:0D,-56,127,1.5,6.5,1.5
1783010179761,2026-07-02 18:36:19.761,C3:00:00:63:4D:05,-61,127,1.5,6.5,1.5
1783010179764,2026-07-02 18:36:19.764,C3:00:00:63:4D:07,-62,127,1.5,6.5,1.5
1783010179770,2026-07-02 18:36:19.770,C3:00:00:63:4D:0A,-61,127,1.5,6.5,1.5
1783010179774,2026-07-02 18:36:19.774,C3:00:00:63:4D:09,-72,127,1.5,6.5,1.5
1783010179781,2026-07-02 18:36:19.781,C3:00:00:63:4D:04,-70,127,1.5,6.5,1.5
1783010179802,2026-07-02 18:36:19.802,C3:00:00:63:4D:08,-49,127,1.5,6.5,1.5
1783010179806,2026-07-02 18:36:19.806,C3:00:00:63:4D:04,-63,127,1.5,6.5,1.5
1783010179813,2026-07-02 18:36:19.813,C3:00:00:63:4D:09,-84,127,1.5,6.5,1.5
1783010179828,2026-07-02 18:36:19.828,C3:00:00:63:4D:0D,-55,127,1.5,6.5,1.5
1783010179832,2026-07-02 18:36:19.832,C3:00:00:63:4D:07,-62,127,1.5,6.5,1.5
1783010179871,2026-07-02 18:36:19.871,C3:00:00:63:4D:05,-61,127,1.5,6.5,1.5
1783010179874,2026-07-02 18:36:19.874,C3:00:00:63:4D:07,-62,127,1.5,6.5,1.5
1783010179879,2026-07-02 18:36:19.879,C3:00:00:63:4D:0A,-61,127,1.5,6.5,1.5
1783010179883,2026-07-02 18:36:19.883,C3:00:00:63:4C:D2,-56,127,1.5,6.5,1.5
1783010179888,2026-07-02 18:36:19.888,C3:00:00:63:4D:09,-86,127,1.5,6.5,1.5
1783010179890,2026-07-02 18:36:19.890,C3:00:00:63:4D:04,-59,127,1.5,6.5,1.5
1783010179931,2026-07-02 18:36:19.931,C3:00:00:63:4D:0D,-58,127,1.5,6.5,1.5
1783010179932,2026-07-02 18:36:19.932,C3:00:00:63:4D:0A,-61,127,1.5,6.5,1.5
1783010179970,2026-07-02 18:36:19.970,C3:00:00:63:4D:05,-59,127,1.5,6.5,1.5
1783010179991,2026-07-02 18:36:19.991,C3:00:00:63:4D:0A,-61,127,1.5,6.5,1.5
1783010179996,2026-07-02 18:36:19.996,C3:00:00:63:4D:07,-71,127,1.5,6.5,1.5
1783010180002,2026-07-02 18:36:20.002,C3:00:00:63:4C:D2,-69,127,1.5,6.5,1.5
1783010180015,2026-07-02 18:36:20.015,C3:00:00:63:4D:04,-60,127,1.5,6.5,1.5
1783010180031,2026-07-02 18:36:20.031,C3:00:00:63:4D:08,-48,127,1.5,6.5,1.5
1783010180034,2026-07-02 18:36:20.034,C3:00:00:63:4D:0D,-61,127,1.5,6.5,1.5
1783010180057,2026-07-02 18:36:20.057,C3:00:00:63:4D:0D,-53,127,1.5,6.5,1.5
1783010180106,2026-07-02 18:36:20.106,C3:00:00:63:4D:0A,-64,127,1.5,6.5,1.5
1783010180111,2026-07-02 18:36:20.111,C3:00:00:63:4D:07,-64,127,1.5,6.5,1.5
1783010180116,2026-07-02 18:36:20.116,C3:00:00:63:4D:09,-71,127,1.5,6.5,1.5
1783010180138,2026-07-02 18:36:20.138,C3:00:00:63:4D:08,-45,127,1.5,6.5,1.5
1783010180149,2026-07-02 18:36:20.149,C3:00:00:63:4D:0D,-51,127,1.5,6.5,1.5
1783010180217,2026-07-02 18:36:20.217,C3:00:00:63:4D:04,-61,127,1.5,6.5,1.5
1783010180222,2026-07-02 18:36:20.222,C3:00:00:63:4D:0A,-62,127,1.5,6.5,1.5
1783010180229,2026-07-02 18:36:20.229,C3:00:00:63:4D:07,-72,127,1.5,6.5,1.5
1783010180234,2026-07-02 18:36:20.234,C3:00:00:63:4C:D2,-67,127,1.5,6.5,1.5
1783010180240,2026-07-02 18:36:20.240,C3:00:00:63:4D:09,-61,127,1.5,6.5,1.5
1783010180258,2026-07-02 18:36:20.258,C3:00:00:63:4D:0D,-57,127,1.5,6.5,1.5
1783010180327,2026-07-02 18:36:20.327,C3:00:00:63:4D:04,-63,127,1.5,6.5,1.5
1783010180342,2026-07-02 18:36:20.342,C3:00:00:63:4D:0A,-63,127,1.5,6.5,1.5
1783010180355,2026-07-02 18:36:20.355,C3:00:00:63:4D:07,-64,127,1.5,6.5,1.5
1783010180370,2026-07-02 18:36:20.370,C3:00:00:63:4D:09,-69,127,1.5,6.5,1.5
1783010180371,2026-07-02 18:36:20.371,C3:00:00:63:4C:D2,-68,127,1.5,6.5,1.5
1783010180373,2026-07-02 18:36:20.373,C3:00:00:63:4D:08,-48,127,1.5,6.5,1.5
1783010180376,2026-07-02 18:36:20.376,C3:00:00:63:4D:0D,-54,127,1.5,6.5,1.5
1783010180386,2026-07-02 18:36:20.386,C3:00:00:63:4D:09,-65,127,1.5,6.5,1.5
1783010180433,2026-07-02 18:36:20.433,C3:00:00:63:4D:04,-64,127,1.5,6.5,1.5
1783010180436,2026-07-02 18:36:20.436,C3:00:00:63:4D:07,-66,127,1.5,6.5,1.5
1783010180444,2026-07-02 18:36:20.444,C3:00:00:63:4D:0A,-66,127,1.5,6.5,1.5
1783010180453,2026-07-02 18:36:20.453,C3:00:00:63:4D:05,-61,127,1.5,6.5,1.5
1783010180461,2026-07-02 18:36:20.461,C3:00:00:63:4D:0D,-52,127,1.5,6.5,1.5
1783010180470,2026-07-02 18:36:20.470,C3:00:00:63:4D:04,-61,127,1.5,6.5,1.5
1783010180521,2026-07-02 18:36:20.521,C3:00:00:63:4C:D2,-64,127,1.5,6.5,1.5
1783010180548,2026-07-02 18:36:20.548,C3:00:00:63:4D:04,-59,127,1.5,6.5,1.5
1783010180561,2026-07-02 18:36:20.561,C3:00:00:63:4D:08,-47,127,1.5,6.5,1.5
1783010180566,2026-07-02 18:36:20.566,C3:00:00:63:4D:0A,-63,127,1.5,6.5,1.5
1783010180572,2026-07-02 18:36:20.572,C3:00:00:63:4D:0D,-56,127,1.5,6.5,1.5
1783010180575,2026-07-02 18:36:20.575,C3:00:00:63:4C:D2,-65,127,1.5,6.5,1.5
1783010180654,2026-07-02 18:36:20.654,C3:00:00:63:4D:04,-60,127,1.5,6.5,1.5
1783010180673,2026-07-02 18:36:20.673,C3:00:00:63:4D:0A,-63,127,1.5,6.5,1.5
1783010180682,2026-07-02 18:36:20.682,C3:00:00:63:4D:05,-60,127,1.5,6.5,1.5
1783010180692,2026-07-02 18:36:20.692,C3:00:00:63:4C:D2,-68,127,1.5,6.5,1.5
1783010180757,2026-07-02 18:36:20.757,C3:00:00:63:4D:0D,-55,127,1.5,6.5,1.5
1783010180774,2026-07-02 18:36:20.774,C3:00:00:63:4D:04,-64,127,1.5,6.5,1.5
1783010180779,2026-07-02 18:36:20.779,C3:00:00:63:4D:0D,-56,127,1.5,6.5,1.5
1783010180786,2026-07-02 18:36:20.786,C3:00:00:63:4D:08,-54,127,1.5,6.5,1.5
1783010180796,2026-07-02 18:36:20.796,C3:00:00:63:4D:09,-63,127,1.5,6.5,1.5
1783010180802,2026-07-02 18:36:20.802,C3:00:00:63:4D:05,-61,127,1.5,6.5,1.5
1783010180890,2026-07-02 18:36:20.890,C3:00:00:63:4D:0A,-61,127,1.5,6.5,1.5
1783010180913,2026-07-02 18:36:20.913,C3:00:00:63:4D:07,-64,127,1.5,6.5,1.5
1783010180923,2026-07-02 18:36:20.923,C3:00:00:63:4D:09,-67,127,1.5,6.5,1.5
1783010180985,2026-07-02 18:36:20.985,C3:00:00:63:4D:04,-64,127,1.5,6.5,1.5
1783010180995,2026-07-02 18:36:20.995,C3:00:00:63:4D:0D,-55,127,1.5,6.5,1.5
1783010180999,2026-07-02 18:36:20.999,C3:00:00:63:4D:08,-59,127,1.5,6.5,1.5
1783010181013,2026-07-02 18:36:21.013,C3:00:00:63:4D:0A,-66,127,1.5,6.5,1.5
1783010181030,2026-07-02 18:36:21.030,C3:00:00:63:4D:05,-65,127,1.5,6.5,1.5
1783010181035,2026-07-02 18:36:21.035,C3:00:00:63:4C:D2,-58,127,1.5,6.5,1.5
1783010181050,2026-07-02 18:36:21.050,C3:00:00:63:4D:09,-63,127,1.5,6.5,1.5
1783010181111,2026-07-02 18:36:21.111,C3:00:00:63:4D:08,-54,127,1.5,6.5,1.5
1783010181132,2026-07-02 18:36:21.132,C3:00:00:63:4D:0A,-60,127,1.5,6.5,1.5
1783010181144,2026-07-02 18:36:21.144,C3:00:00:63:4D:05,-63,127,1.5,6.5,1.5
1783010181155,2026-07-02 18:36:21.155,C3:00:00:63:4D:0A,-60,127,1.5,6.5,1.5
1783010181193,2026-07-02 18:36:21.193,C3:00:00:63:4D:0D,-57,127,1.5,6.5,1.5
1783010181203,2026-07-02 18:36:21.203,C3:00:00:63:4D:04,-59,127,1.5,6.5,1.5
1783010181209,2026-07-02 18:36:21.209,C3:00:00:63:4D:05,-69,127,1.5,6.5,1.5
1783010181225,2026-07-02 18:36:21.225,C3:00:00:63:4D:08,-62,127,1.5,6.5,1.5
1783010181226,2026-07-02 18:36:21.226,C3:00:00:63:4C:D2,-70,127,1.5,6.5,1.5
1783010181228,2026-07-02 18:36:21.228,C3:00:00:63:4D:05,-65,127,1.5,6.5,1.5
1783010181236,2026-07-02 18:36:21.236,C3:00:00:63:4D:0A,-61,127,1.5,6.5,1.5
1783010181252,2026-07-02 18:36:21.252,C3:00:00:63:4D:09,-65,127,1.5,6.5,1.5
1783010181255,2026-07-02 18:36:21.255,C3:00:00:63:4D:05,-66,127,1.5,6.5,1.5
1783010181260,2026-07-02 18:36:21.260,C3:00:00:63:4D:07,-63,127,1.5,6.5,1.5
1783010181264,2026-07-02 18:36:21.264,C3:00:00:63:4C:D2,-70,127,1.5,6.5,1.5
1783010181269,2026-07-02 18:36:21.269,C3:00:00:63:4D:08,-64,127,1.5,6.5,1.5
1783010181299,2026-07-02 18:36:21.299,C3:00:00:63:4D:0D,-54,127,1.5,6.5,1.5
1783010181312,2026-07-02 18:36:21.312,C3:00:00:63:4D:04,-60,127,1.5,6.5,1.5
1783010181329,2026-07-02 18:36:21.329,C3:00:00:63:4D:08,-48,127,1.5,6.5,1.5
1783010181357,2026-07-02 18:36:21.357,C3:00:00:63:4D:0A,-67,127,1.5,6.5,1.5
1783010181372,2026-07-02 18:36:21.372,C3:00:00:63:4D:05,-58,127,1.5,6.5,1.5
1783010181379,2026-07-02 18:36:21.379,C3:00:00:63:4D:09,-61,127,1.5,6.5,1.5
1783010181397,2026-07-02 18:36:21.397,C3:00:00:63:4C:D2,-57,127,1.5,6.5,1.5
1783010181401,2026-07-02 18:36:21.401,C3:00:00:63:4D:0D,-54,127,1.5,6.5,1.5
1783010181414,2026-07-02 18:36:21.414,C3:00:00:63:4D:0A,-61,127,1.5,6.5,1.5
1783010181419,2026-07-02 18:36:21.419,C3:00:00:63:4D:0D,-56,127,1.5,6.5,1.5
1783010181421,2026-07-02 18:36:21.421,C3:00:00:63:4D:04,-64,127,1.5,6.5,1.5
1783010181430,2026-07-02 18:36:21.430,C3:00:00:63:4D:08,-49,127,1.5,6.5,1.5
1783010181435,2026-07-02 18:36:21.435,C3:00:00:63:4C:D2,-62,127,1.5,6.5,1.5
1783010181471,2026-07-02 18:36:21.471,C3:00:00:63:4D:04,-63,127,1.5,6.5,1.5
1783010181482,2026-07-02 18:36:21.482,C3:00:00:63:4D:09,-65,127,1.5,6.5,1.5
1783010181487,2026-07-02 18:36:21.487,C3:00:00:63:4D:05,-61,127,1.5,6.5,1.5
1783010181496,2026-07-02 18:36:21.496,C3:00:00:63:4D:07,-65,127,1.5,6.5,1.5
1783010181502,2026-07-02 18:36:21.502,C3:00:00:63:4D:04,-63,127,1.5,6.5,1.5
1783010181516,2026-07-02 18:36:21.516,C3:00:00:63:4D:0D,-55,127,1.5,6.5,1.5
1783010181531,2026-07-02 18:36:21.531,C3:00:00:63:4D:04,-67,127,1.5,6.5,1.5
1783010181549,2026-07-02 18:36:21.549,C3:00:00:63:4D:08,-50,127,1.5,6.5,1.5
1783010181562,2026-07-02 18:36:21.562,C3:00:00:63:4D:07,-66,127,1.5,6.5,1.5
1783010181598,2026-07-02 18:36:21.598,C3:00:00:63:4D:05,-60,127,1.5,6.5,1.5
1783010181601,2026-07-02 18:36:21.601,C3:00:00:63:4D:09,-72,127,1.5,6.5,1.5
1783010181625,2026-07-02 18:36:21.625,C3:00:00:63:4D:0D,-55,127,1.5,6.5,1.5
1783010181644,2026-07-02 18:36:21.644,C3:00:00:63:4D:04,-67,127,1.5,6.5,1.5
1783010181648,2026-07-02 18:36:21.648,C3:00:00:63:4D:0D,-56,127,1.5,6.5,1.5
1783010181665,2026-07-02 18:36:21.665,C3:00:00:63:4D:08,-49,127,1.5,6.5,1.5
1783010181693,2026-07-02 18:36:21.693,C3:00:00:63:4D:0A,-73,127,1.5,6.5,1.5
1783010181711,2026-07-02 18:36:21.711,C3:00:00:63:4D:05,-56,127,1.5,6.5,1.5
1783010181717,2026-07-02 18:36:21.717,C3:00:00:63:4D:09,-58,127,1.5,6.5,1.5
1783010181733,2026-07-02 18:36:21.733,C3:00:00:63:4D:07,-66,127,1.5,6.5,1.5
1783010181735,2026-07-02 18:36:21.735,C3:00:00:63:4D:0D,-57,127,1.5,6.5,1.5
1783010181749,2026-07-02 18:36:21.749,C3:00:00:63:4D:04,-55,127,1.5,6.5,1.5
1783010181763,2026-07-02 18:36:21.763,C3:00:00:63:4D:08,-46,127,1.5,6.5,1.5
1783010181806,2026-07-02 18:36:21.806,C3:00:00:63:4D:0A,-61,127,1.5,6.5,1.5
1783010181825,2026-07-02 18:36:21.825,C3:00:00:63:4D:09,-60,127,1.5,6.5,1.5
1783010181832,2026-07-02 18:36:21.832,C3:00:00:63:4D:0D,-55,127,1.5,6.5,1.5
1783010181839,2026-07-02 18:36:21.839,C3:00:00:63:4D:05,-76,127,1.5,6.5,1.5
1783010181841,2026-07-02 18:36:21.841,C3:00:00:63:4D:07,-66,127,1.5,6.5,1.5
1783010181846,2026-07-02 18:36:21.846,C3:00:00:63:4C:D2,-72,127,1.5,6.5,1.5
1783010181874,2026-07-02 18:36:21.874,C3:00:00:63:4D:08,-54,127,1.5,6.5,1.5
1783010181913,2026-07-02 18:36:21.913,C3:00:00:63:4D:0A,-64,127,1.5,6.5,1.5
1783010181934,2026-07-02 18:36:21.934,C3:00:00:63:4D:0D,-54,127,1.5,6.5,1.5
1783010181940,2026-07-02 18:36:21.940,C3:00:00:63:4D:09,-67,127,1.5,6.5,1.5
1783010181944,2026-07-02 18:36:21.944,C3:00:00:63:4D:05,-60,127,1.5,6.5,1.5
1783010181947,2026-07-02 18:36:21.947,C3:00:00:63:4D:0A,-62,127,1.5,6.5,1.5
1783010181951,2026-07-02 18:36:21.951,C3:00:00:63:4D:07,-70,127,1.5,6.5,1.5
1783010181954,2026-07-02 18:36:21.954,C3:00:00:63:4C:D2,-58,127,1.5,6.5,1.5
1783010181956,2026-07-02 18:36:21.956,C3:00:00:63:4D:05,-67,127,1.5,6.5,1.5
1783010181961,2026-07-02 18:36:21.961,C3:00:00:63:4D:04,-72,127,1.5,6.5,1.5
1783010181981,2026-07-02 18:36:21.981,C3:00:00:63:4D:08,-49,127,1.5,6.5,1.5
1783010181993,2026-07-02 18:36:21.993,C3:00:00:63:4D:05,-56,127,1.5,6.5,1.5
1783010182023,2026-07-02 18:36:22.023,C3:00:00:63:4D:0A,-58,127,1.5,6.5,1.5
1783010182030,2026-07-02 18:36:22.030,C3:00:00:63:4D:0D,-58,127,1.5,6.5,1.5
1783010182048,2026-07-02 18:36:22.048,C3:00:00:63:4D:09,-64,127,1.5,6.5,1.5
1783010182057,2026-07-02 18:36:22.057,C3:00:00:63:4D:05,-58,127,1.5,6.5,1.5
1783010182064,2026-07-02 18:36:22.064,C3:00:00:63:4C:D2,-66,127,1.5,6.5,1.5
1783010182076,2026-07-02 18:36:22.076,C3:00:00:63:4D:04,-58,127,1.5,6.5,1.5
1783010182092,2026-07-02 18:36:22.092,C3:00:00:63:4D:08,-48,127,1.5,6.5,1.5
1783010182144,2026-07-02 18:36:22.144,C3:00:00:63:4D:0D,-56,127,1.5,6.5,1.5
1783010182173,2026-07-02 18:36:22.173,C3:00:00:63:4D:09,-58,127,1.5,6.5,1.5
1783010182178,2026-07-02 18:36:22.178,C3:00:00:63:4D:05,-58,127,1.5,6.5,1.5
1783010182184,2026-07-02 18:36:22.184,C3:00:00:63:4D:04,-58,127,1.5,6.5,1.5
1783010182205,2026-07-02 18:36:22.205,C3:00:00:63:4D:08,-48,127,1.5,6.5,1.5
1783010182252,2026-07-02 18:36:22.252,C3:00:00:63:4D:0A,-66,127,1.5,6.5,1.5
1783010182282,2026-07-02 18:36:22.282,C3:00:00:63:4D:09,-65,127,1.5,6.5,1.5
1783010182291,2026-07-02 18:36:22.291,C3:00:00:63:4D:05,-58,127,1.5,6.5,1.5
1783010182296,2026-07-02 18:36:22.296,C3:00:00:63:4D:04,-61,127,1.5,6.5,1.5
1783010182300,2026-07-02 18:36:22.300,C3:00:00:63:4D:07,-65,127,1.5,6.5,1.5
1783010182306,2026-07-02 18:36:22.306,C3:00:00:63:4C:D2,-55,127,1.5,6.5,1.5
1783010182314,2026-07-02 18:36:22.314,C3:00:00:63:4D:08,-44,127,1.5,6.5,1.5
1783010182349,2026-07-02 18:36:22.349,C3:00:00:63:4D:0D,-61,127,1.5,6.5,1.5
1783010182360,2026-07-02 18:36:22.360,C3:00:00:63:4D:0A,-60,127,1.5,6.5,1.5
1783010182367,2026-07-02 18:36:22.367,C3:00:00:63:4D:07,-73,127,1.5,6.5,1.5
1783010182390,2026-07-02 18:36:22.390,C3:00:00:63:4D:09,-69,127,1.5,6.5,1.5
1783010182396,2026-07-02 18:36:22.396,C3:00:00:63:4D:04,-71,127,1.5,6.5,1.5
1783010182402,2026-07-02 18:36:22.402,C3:00:00:63:4D:05,-58,127,1.5,6.5,1.5
1783010182415,2026-07-02 18:36:22.415,C3:00:00:63:4D:07,-61,127,1.5,6.5,1.5
1783010182419,2026-07-02 18:36:22.419,C3:00:00:63:4D:08,-44,127,1.5,6.5,1.5
1783010182450,2026-07-02 18:36:22.450,C3:00:00:63:4D:07,-63,127,1.5,6.5,1.5
1783010182460,2026-07-02 18:36:22.460,C3:00:00:63:4D:0D,-52,127,1.5,6.5,1.5
1783010182485,2026-07-02 18:36:22.485,C3:00:00:63:4D:0A,-60,127,1.5,6.5,1.5
1783010182509,2026-07-02 18:36:22.509,C3:00:00:63:4D:04,-67,127,1.5,6.5,1.5
1783010182514,2026-07-02 18:36:22.514,C3:00:00:63:4D:09,-62,127,1.5,6.5,1.5
1783010182526,2026-07-02 18:36:22.526,C3:00:00:63:4D:05,-55,127,1.5,6.5,1.5
1783010182531,2026-07-02 18:36:22.531,C3:00:00:63:4D:08,-47,127,1.5,6.5,1.5
1783010182536,2026-07-02 18:36:22.536,C3:00:00:63:4C:D2,-55,127,1.5,6.5,1.5
1783010182556,2026-07-02 18:36:22.556,C3:00:00:63:4D:0D,-56,127,1.5,6.5,1.5
1783010182590,2026-07-02 18:36:22.590,C3:00:00:63:4D:0A,-69,127,1.5,6.5,1.5
1783010182620,2026-07-02 18:36:22.620,C3:00:00:63:4D:04,-62,127,1.5,6.5,1.5
1783010182631,2026-07-02 18:36:22.631,C3:00:00:63:4D:05,-68,127,1.5,6.5,1.5
1783010182662,2026-07-02 18:36:22.662,C3:00:00:63:4D:0D,-56,127,1.5,6.5,1.5
1783010182704,2026-07-02 18:36:22.704,C3:00:00:63:4D:0A,-61,127,1.5,6.5,1.5
1783010182726,2026-07-02 18:36:22.726,C3:00:00:63:4D:04,-63,127,1.5,6.5,1.5
1783010182752,2026-07-02 18:36:22.752,C3:00:00:63:4D:05,-73,127,1.5,6.5,1.5
1783010182758,2026-07-02 18:36:22.758,C3:00:00:63:4C:D2,-66,127,1.5,6.5,1.5
1783010182784,2026-07-02 18:36:22.784,C3:00:00:63:4D:0D,-52,127,1.5,6.5,1.5
1783010182823,2026-07-02 18:36:22.823,C3:00:00:63:4D:0A,-66,127,1.5,6.5,1.5
1783010182840,2026-07-02 18:36:22.840,C3:00:00:63:4D:04,-60,127,1.5,6.5,1.5
1783010182865,2026-07-02 18:36:22.865,C3:00:00:63:4D:09,-62,127,1.5,6.5,1.5
1783010182867,2026-07-02 18:36:22.867,C3:00:00:63:4D:08,-44,127,1.5,6.5,1.5
1783010182870,2026-07-02 18:36:22.870,C3:00:00:63:4D:05,-60,127,1.5,6.5,1.5
1783010182875,2026-07-02 18:36:22.875,C3:00:00:63:4D:07,-62,127,1.5,6.5,1.5
1783010182880,2026-07-02 18:36:22.880,C3:00:00:63:4C:D2,-54,127,1.5,6.5,1.5
1783010182931,2026-07-02 18:36:22.931,C3:00:00:63:4D:08,-51,127,1.5,6.5,1.5
1783010182936,2026-07-02 18:36:22.936,C3:00:00:63:4D:0A,-60,127,1.5,6.5,1.5
1783010182943,2026-07-02 18:36:22.943,C3:00:00:63:4D:04,-62,127,1.5,6.5,1.5
1783010182945,2026-07-02 18:36:22.945,C3:00:00:63:4D:08,-58,127,1.5,6.5,1.5
1783010182952,2026-07-02 18:36:22.952,C3:00:00:63:4D:0A,-68,127,1.5,6.5,1.5
1783010182966,2026-07-02 18:36:22.966,C3:00:00:63:4D:09,-62,127,1.5,6.5,1.5
1783010182975,2026-07-02 18:36:22.975,C3:00:00:63:4D:08,-47,127,1.5,6.5,1.5
1783010182979,2026-07-02 18:36:22.979,C3:00:00:63:4D:0D,-61,127,1.5,6.5,1.5
1783010182981,2026-07-02 18:36:22.981,C3:00:00:63:4D:05,-67,127,1.5,6.5,1.5
1783010183001,2026-07-02 18:36:23.001,C3:00:00:63:4D:09,-60,127,1.5,6.5,1.5
1783010183044,2026-07-02 18:36:23.044,C3:00:00:63:4D:09,-68,127,1.5,6.5,1.5
1783010183072,2026-07-02 18:36:23.072,C3:00:00:63:4D:08,-51,127,1.5,6.5,1.5
1783010183076,2026-07-02 18:36:23.076,C3:00:00:63:4C:D2,-74,127,1.5,6.5,1.5
1783010183083,2026-07-02 18:36:23.083,C3:00:00:63:4D:09,-68,127,1.5,6.5,1.5
1783010183103,2026-07-02 18:36:23.103,C3:00:00:63:4C:D2,-74,127,1.5,6.5,1.5
1783010183157,2026-07-02 18:36:23.157,C3:00:00:63:4D:0A,-69,127,1.5,6.5,1.5
1783010183161,2026-07-02 18:36:23.161,C3:00:00:63:4D:04,-60,127,1.5,6.5,1.5
1783010183173,2026-07-02 18:36:23.173,C3:00:00:63:4D:0A,-69,127,1.5,6.5,1.5
1783010183192,2026-07-02 18:36:23.192,C3:00:00:63:4D:0D,-55,127,1.5,6.5,1.5
1783010183214,2026-07-02 18:36:23.214,C3:00:00:63:4D:05,-64,127,1.5,6.5,1.5
1783010183234,2026-07-02 18:36:23.234,C3:00:00:63:4C:D2,-69,127,1.5,6.5,1.5
1783010183242,2026-07-02 18:36:23.242,C3:00:00:63:4D:05,-64,127,1.5,6.5,1.5
1783010183272,2026-07-02 18:36:23.272,C3:00:00:63:4D:04,-58,127,1.5,6.5,1.5
1783010183276,2026-07-02 18:36:23.276,C3:00:00:63:4D:0A,-61,127,1.5,6.5,1.5
1783010183283,2026-07-02 18:36:23.283,C3:00:00:63:4D:08,-50,127,1.5,6.5,1.5
1783010183294,2026-07-02 18:36:23.294,C3:00:00:63:4D:08,-49,127,1.5,6.5,1.5
1783010183299,2026-07-02 18:36:23.299,C3:00:00:63:4D:0D,-60,127,1.5,6.5,1.5
1783010183312,2026-07-02 18:36:23.312,C3:00:00:63:4D:09,-69,127,1.5,6.5,1.5
1783010183325,2026-07-02 18:36:23.325,C3:00:00:63:4D:05,-69,127,1.5,6.5,1.5
1783010183330,2026-07-02 18:36:23.330,C3:00:00:63:4D:07,-60,127,1.5,6.5,1.5
1783010183336,2026-07-02 18:36:23.336,C3:00:00:63:4C:D2,-65,127,1.5,6.5,1.5
1783010183403,2026-07-02 18:36:23.403,C3:00:00:63:4D:0D,-54,127,1.5,6.5,1.5
1783010183449,2026-07-02 18:36:23.449,C3:00:00:63:4D:07,-63,127,1.5,6.5,1.5
1783010183461,2026-07-02 18:36:23.461,C3:00:00:63:4C:D2,-58,127,1.5,6.5,1.5
1783010183488,2026-07-02 18:36:23.488,C3:00:00:63:4D:04,-60,127,1.5,6.5,1.5
1783010183501,2026-07-02 18:36:23.501,C3:00:00:63:4D:0A,-74,127,1.5,6.5,1.5
1783010183510,2026-07-02 18:36:23.510,C3:00:00:63:4D:0D,-52,127,1.5,6.5,1.5
1783010183516,2026-07-02 18:36:23.516,C3:00:00:63:4D:04,-59,127,1.5,6.5,1.5
1783010183536,2026-07-02 18:36:23.536,C3:00:00:63:4D:09,-69,127,1.5,6.5,1.5
1783010183541,2026-07-02 18:36:23.541,C3:00:00:63:4D:04,-60,127,1.5,6.5,1.5
1783010183552,2026-07-02 18:36:23.552,C3:00:00:63:4D:05,-58,127,1.5,6.5,1.5
1783010183566,2026-07-02 18:36:23.566,C3:00:00:63:4C:D2,-69,127,1.5,6.5,1.5
1783010183570,2026-07-02 18:36:23.570,C3:00:00:63:4D:08,-48,127,1.5,6.5,1.5
1783010183595,2026-07-02 18:36:23.595,C3:00:00:63:4D:04,-60,127,1.5,6.5,1.5
1783010183614,2026-07-02 18:36:23.614,C3:00:00:63:4D:0D,-55,127,1.5,6.5,1.5
1783010183619,2026-07-02 18:36:23.619,C3:00:00:63:4D:0A,-68,127,1.5,6.5,1.5
1783010183620,2026-07-02 18:36:23.620,C3:00:00:63:4D:08,-52,127,1.5,6.5,1.5
1783010183647,2026-07-02 18:36:23.647,C3:00:00:63:4D:09,-70,127,1.5,6.5,1.5
1783010183669,2026-07-02 18:36:23.669,C3:00:00:63:4D:05,-61,127,1.5,6.5,1.5
1783010183679,2026-07-02 18:36:23.679,C3:00:00:63:4D:07,-62,127,1.5,6.5,1.5
1783010183684,2026-07-02 18:36:23.684,C3:00:00:63:4C:D2,-66,127,1.5,6.5,1.5
1783010183709,2026-07-02 18:36:23.709,C3:00:00:63:4D:04,-64,127,1.5,6.5,1.5
1783010183716,2026-07-02 18:36:23.716,C3:00:00:63:4D:0D,-52,127,1.5,6.5,1.5
1783010183724,2026-07-02 18:36:23.724,C3:00:00:63:4D:08,-47,127,1.5,6.5,1.5
1783010183728,2026-07-02 18:36:23.728,C3:00:00:63:4D:0A,-69,127,1.5,6.5,1.5
1783010183771,2026-07-02 18:36:23.771,C3:00:00:63:4D:09,-68,127,1.5,6.5,1.5
1783010183815,2026-07-02 18:36:23.815,C3:00:00:63:4D:09,-72,127,1.5,6.5,1.5
1783010183825,2026-07-02 18:36:23.825,C3:00:00:63:4D:0D,-54,127,1.5,6.5,1.5
1783010183829,2026-07-02 18:36:23.829,C3:00:00:63:4D:08,-45,127,1.5,6.5,1.5
1783010183846,2026-07-02 18:36:23.846,C3:00:00:63:4D:0A,-61,127,1.5,6.5,1.5
1783010183847,2026-07-02 18:36:23.847,C3:00:00:63:4D:07,-62,127,1.5,6.5,1.5
1783010183873,2026-07-02 18:36:23.873,C3:00:00:63:4D:09,-62,127,1.5,6.5,1.5
1783010183901,2026-07-02 18:36:23.901,C3:00:00:63:4D:05,-60,127,1.5,6.5,1.5
1783010183906,2026-07-02 18:36:23.906,C3:00:00:63:4D:07,-62,127,1.5,6.5,1.5
1783010183908,2026-07-02 18:36:23.908,C3:00:00:63:4C:D2,-67,127,1.5,6.5,1.5
1783010183930,2026-07-02 18:36:23.930,C3:00:00:63:4D:04,-62,127,1.5,6.5,1.5
1783010183945,2026-07-02 18:36:23.945,C3:00:00:63:4D:08,-50,127,1.5,6.5,1.5
1783010183953,2026-07-02 18:36:23.953,C3:00:00:63:4D:0A,-64,127,1.5,6.5,1.5
1783010183976,2026-07-02 18:36:23.976,C3:00:00:63:4D:0A,-64,127,1.5,6.5,1.5
1783010183992,2026-07-02 18:36:23.992,C3:00:00:63:4D:09,-67,127,1.5,6.5,1.5
1783010184002,2026-07-02 18:36:24.002,C3:00:00:63:4D:05,-68,127,1.5,6.5,1.5
1783010184020,2026-07-02 18:36:24.020,C3:00:00:63:4C:D2,-58,127,1.5,6.5,1.5
1783010184027,2026-07-02 18:36:24.027,C3:00:00:63:4D:07,-68,127,1.5,6.5,1.5
1783010184029,2026-07-02 18:36:24.029,C3:00:00:63:4D:0D,-58,127,1.5,6.5,1.5
1783010184041,2026-07-02 18:36:24.041,C3:00:00:63:4D:04,-61,127,1.5,6.5,1.5
1783010184046,2026-07-02 18:36:24.046,C3:00:00:63:4D:0D,-67,127,1.5,6.5,1.5
1783010184057,2026-07-02 18:36:24.057,C3:00:00:63:4D:0A,-80,127,1.5,6.5,1.5
1783010184139,2026-07-02 18:36:24.139,C3:00:00:63:4D:0D,-54,127,1.5,6.5,1.5
1783010184157,2026-07-02 18:36:24.157,C3:00:00:63:4D:04,-59,127,1.5,6.5,1.5
1783010184162,2026-07-02 18:36:24.162,C3:00:00:63:4D:08,-51,127,1.5,6.5,1.5
1783010184185,2026-07-02 18:36:24.185,C3:00:00:63:4D:0A,-60,127,1.5,6.5,1.5
1783010184217,2026-07-02 18:36:24.217,C3:00:00:63:4D:09,-67,127,1.5,6.5,1.5
1783010184242,2026-07-02 18:36:24.242,C3:00:00:63:4D:0D,-58,127,1.5,6.5,1.5
1783010184249,2026-07-02 18:36:24.249,C3:00:00:63:4D:05,-70,127,1.5,6.5,1.5
1783010184256,2026-07-02 18:36:24.256,C3:00:00:63:4C:D2,-59,127,1.5,6.5,1.5
1783010184268,2026-07-02 18:36:24.268,C3:00:00:63:4D:08,-48,127,1.5,6.5,1.5
1783010184287,2026-07-02 18:36:24.287,C3:00:00:63:4D:0A,-69,127,1.5,6.5,1.5
1783010184344,2026-07-02 18:36:24.344,C3:00:00:63:4D:0D,-55,127,1.5,6.5,1.5
1783010184364,2026-07-02 18:36:24.364,C3:00:00:63:4D:05,-65,127,1.5,6.5,1.5
1783010184368,2026-07-02 18:36:24.368,C3:00:00:63:4D:04,-58,127,1.5,6.5,1.5
1783010184371,2026-07-02 18:36:24.371,C3:00:00:63:4D:07,-67,127,1.5,6.5,1.5
1783010184377,2026-07-02 18:36:24.377,C3:00:00:63:4C:D2,-56,127,1.5,6.5,1.5
1783010184380,2026-07-02 18:36:24.380,C3:00:00:63:4D:08,-48,127,1.5,6.5,1.5
1783010184387,2026-07-02 18:36:24.387,C3:00:00:63:4D:09,-71,127,1.5,6.5,1.5
1783010184400,2026-07-02 18:36:24.400,C3:00:00:63:4D:0A,-70,127,1.5,6.5,1.5
1783010184445,2026-07-02 18:36:24.445,C3:00:00:63:4D:09,-67,127,1.5,6.5,1.5
1783010184450,2026-07-02 18:36:24.450,C3:00:00:63:4D:07,-62,127,1.5,6.5,1.5
1783010184462,2026-07-02 18:36:24.462,C3:00:00:63:4D:0D,-58,127,1.5,6.5,1.5
1783010184483,2026-07-02 18:36:24.483,C3:00:00:63:4C:D2,-69,127,1.5,6.5,1.5
1783010184492,2026-07-02 18:36:24.492,C3:00:00:63:4D:04,-60,127,1.5,6.5,1.5
1783010184523,2026-07-02 18:36:24.523,C3:00:00:63:4D:0A,-68,127,1.5,6.5,1.5
1783010184527,2026-07-02 18:36:24.527,C3:00:00:63:4C:D2,-64,127,1.5,6.5,1.5
1783010184583,2026-07-02 18:36:24.583,C3:00:00:63:4D:04,-70,127,1.5,6.5,1.5
1783010184592,2026-07-02 18:36:24.592,C3:00:00:63:4D:05,-62,127,1.5,6.5,1.5
1783010184600,2026-07-02 18:36:24.600,C3:00:00:63:4C:D2,-64,127,1.5,6.5,1.5
1783010184607,2026-07-02 18:36:24.607,C3:00:00:63:4D:07,-76,127,1.5,6.5,1.5
1783010184610,2026-07-02 18:36:24.610,C3:00:00:63:4D:08,-50,127,1.5,6.5,1.5
1783010184632,2026-07-02 18:36:24.632,C3:00:00:63:4D:0A,-70,127,1.5,6.5,1.5
1783010184688,2026-07-02 18:36:24.688,C3:00:00:63:4D:04,-60,127,1.5,6.5,1.5
1783010184706,2026-07-02 18:36:24.706,C3:00:00:63:4D:08,-47,127,1.5,6.5,1.5
1783010184736,2026-07-02 18:36:24.736,C3:00:00:63:4D:0A,-58,127,1.5,6.5,1.5
1783010184771,2026-07-02 18:36:24.771,C3:00:00:63:4D:0D,-55,127,1.5,6.5,1.5
1783010184788,2026-07-02 18:36:24.788,C3:00:00:63:4D:09,-65,127,1.5,6.5,1.5
1783010184791,2026-07-02 18:36:24.791,C3:00:00:63:4D:0D,-54,127,1.5,6.5,1.5
1783010184804,2026-07-02 18:36:24.804,C3:00:00:63:4D:04,-61,127,1.5,6.5,1.5
1783010184815,2026-07-02 18:36:24.815,C3:00:00:63:4D:08,-48,127,1.5,6.5,1.5
1783010184818,2026-07-02 18:36:24.818,C3:00:00:63:4D:05,-58,127,1.5,6.5,1.5
1783010184825,2026-07-02 18:36:24.825,C3:00:00:63:4D:07,-71,127,1.5,6.5,1.5
1783010184831,2026-07-02 18:36:24.831,C3:00:00:63:4C:D2,-62,127,1.5,6.5,1.5
1783010184852,2026-07-02 18:36:24.852,C3:00:00:63:4D:0A,-64,127,1.5,6.5,1.5
1783010184905,2026-07-02 18:36:24.905,C3:00:00:63:4D:04,-67,127,1.5,6.5,1.5
1783010184932,2026-07-02 18:36:24.932,C3:00:00:63:4D:05,-63,127,1.5,6.5,1.5
1783010184954,2026-07-02 18:36:24.954,C3:00:00:63:4D:07,-63,127,1.5,6.5,1.5
1783010184956,2026-07-02 18:36:24.956,C3:00:00:63:4C:D2,-56,127,1.5,6.5,1.5
1783010184968,2026-07-02 18:36:24.968,C3:00:00:63:4D:0A,-67,127,1.5,6.5,1.5
1783010184978,2026-07-02 18:36:24.978,C3:00:00:63:4D:0D,-55,127,1.5,6.5,1.5
1783010185011,2026-07-02 18:36:25.011,C3:00:00:63:4D:09,-66,127,1.5,6.5,1.5
1783010185032,2026-07-02 18:36:25.032,C3:00:00:63:4D:09,-65,127,1.5,6.5,1.5
1783010185039,2026-07-02 18:36:25.039,C3:00:00:63:4D:08,-48,127,1.5,6.5,1.5
1783010185055,2026-07-02 18:36:25.055,C3:00:00:63:4D:05,-66,127,1.5,6.5,1.5
1783010185062,2026-07-02 18:36:25.062,C3:00:00:63:4C:D2,-72,127,1.5,6.5,1.5
1783010185079,2026-07-02 18:36:25.079,C3:00:00:63:4D:0D,-55,127,1.5,6.5,1.5
1783010185129,2026-07-02 18:36:25.129,C3:00:00:63:4D:04,-64,127,1.5,6.5,1.5
1783010185134,2026-07-02 18:36:25.134,C3:00:00:63:4D:09,-65,127,1.5,6.5,1.5
1783010185142,2026-07-02 18:36:25.142,C3:00:00:63:4D:08,-50,127,1.5,6.5,1.5
1783010185166,2026-07-02 18:36:25.166,C3:00:00:63:4D:05,-65,127,1.5,6.5,1.5
1783010185171,2026-07-02 18:36:25.171,C3:00:00:63:4D:0A,-67,127,1.5,6.5,1.5
1783010185172,2026-07-02 18:36:25.172,C3:00:00:63:4D:07,-70,127,1.5,6.5,1.5
1783010185174,2026-07-02 18:36:25.174,C3:00:00:63:4C:D2,-62,127,1.5,6.5,1.5
1783010185181,2026-07-02 18:36:25.181,C3:00:00:63:4D:0D,-54,127,1.5,6.5,1.5
1783010185186,2026-07-02 18:36:25.186,C3:00:00:63:4D:0A,-68,127,1.5,6.5,1.5
1783010185213,2026-07-02 18:36:25.213,C3:00:00:63:4D:05,-64,127,1.5,6.5,1.5
1783010185223,2026-07-02 18:36:25.223,C3:00:00:63:4C:D2,-58,127,1.5,6.5,1.5
1783010185233,2026-07-02 18:36:25.233,C3:00:00:63:4D:05,-66,127,1.5,6.5,1.5
1783010185240,2026-07-02 18:36:25.240,C3:00:00:63:4D:04,-60,127,1.5,6.5,1.5
1783010185243,2026-07-02 18:36:25.243,C3:00:00:63:4D:09,-67,127,1.5,6.5,1.5
1783010185249,2026-07-02 18:36:25.249,C3:00:00:63:4D:08,-47,127,1.5,6.5,1.5
1783010185278,2026-07-02 18:36:25.278,C3:00:00:63:4D:05,-60,127,1.5,6.5,1.5
1783010185283,2026-07-02 18:36:25.283,C3:00:00:63:4C:D2,-57,127,1.5,6.5,1.5
1783010185289,2026-07-02 18:36:25.289,C3:00:00:63:4D:07,-68,127,1.5,6.5,1.5
1783010185292,2026-07-02 18:36:25.292,C3:00:00:63:4D:08,-48,127,1.5,6.5,1.5
1783010185308,2026-07-02 18:36:25.308,C3:00:00:63:4D:0A,-67,127,1.5,6.5,1.5
1783010185341,2026-07-02 18:36:25.341,C3:00:00:63:4D:04,-57,127,1.5,6.5,1.5
1783010185357,2026-07-02 18:36:25.357,C3:00:00:63:4D:09,-61,127,1.5,6.5,1.5
1783010185364,2026-07-02 18:36:25.364,C3:00:00:63:4D:08,-52,127,1.5,6.5,1.5
1783010185404,2026-07-02 18:36:25.404,C3:00:00:63:4D:0D,-55,127,1.5,6.5,1.5
1783010185413,2026-07-02 18:36:25.413,C3:00:00:63:4D:07,-68,127,1.5,6.5,1.5
1783010185418,2026-07-02 18:36:25.418,C3:00:00:63:4C:D2,-75,127,1.5,6.5,1.5
1783010185420,2026-07-02 18:36:25.420,C3:00:00:63:4D:0A,-65,127,1.5,6.5,1.5
1783010185425,2026-07-02 18:36:25.425,C3:00:00:63:4D:0D,-54,127,1.5,6.5,1.5
1783010185434,2026-07-02 18:36:25.434,C3:00:00:63:4D:0A,-65,127,1.5,6.5,1.5
1783010185467,2026-07-02 18:36:25.467,C3:00:00:63:4D:08,-50,127,1.5,6.5,1.5
1783010185476,2026-07-02 18:36:25.476,C3:00:00:63:4D:09,-73,127,1.5,6.5,1.5
1783010185494,2026-07-02 18:36:25.494,C3:00:00:63:4D:04,-61,127,1.5,6.5,1.5
1783010185506,2026-07-02 18:36:25.506,C3:00:00:63:4D:0D,-54,127,1.5,6.5,1.5
1783010185514,2026-07-02 18:36:25.514,C3:00:00:63:4D:05,-64,127,1.5,6.5,1.5
1783010185517,2026-07-02 18:36:25.517,C3:00:00:63:4D:04,-59,127,1.5,6.5,1.5
1783010185537,2026-07-02 18:36:25.537,C3:00:00:63:4D:0A,-78,127,1.5,6.5,1.5
1783010185567,2026-07-02 18:36:25.567,C3:00:00:63:4D:04,-60,127,1.5,6.5,1.5
1783010185573,2026-07-02 18:36:25.573,C3:00:00:63:4D:08,-47,127,1.5,6.5,1.5
1783010185580,2026-07-02 18:36:25.580,C3:00:00:63:4D:07,-80,127,1.5,6.5,1.5
1783010185582,2026-07-02 18:36:25.582,C3:00:00:63:4D:09,-70,127,1.5,6.5,1.5
1783010185600,2026-07-02 18:36:25.600,C3:00:00:63:4D:08,-47,127,1.5,6.5,1.5
1783010185636,2026-07-02 18:36:25.636,C3:00:00:63:4D:07,-73,127,1.5,6.5,1.5
1783010185644,2026-07-02 18:36:25.644,C3:00:00:63:4D:0A,-60,127,1.5,6.5,1.5
1783010185669,2026-07-02 18:36:25.669,C3:00:00:63:4D:04,-58,127,1.5,6.5,1.5
1783010185687,2026-07-02 18:36:25.687,C3:00:00:63:4D:08,-46,127,1.5,6.5,1.5
1783010185699,2026-07-02 18:36:25.699,C3:00:00:63:4D:09,-66,127,1.5,6.5,1.5
1783010185713,2026-07-02 18:36:25.713,C3:00:00:63:4D:0D,-54,127,1.5,6.5,1.5
1783010185741,2026-07-02 18:36:25.741,C3:00:00:63:4D:05,-58,127,1.5,6.5,1.5
1783010185747,2026-07-02 18:36:25.747,C3:00:00:63:4D:07,-64,127,1.5,6.5,1.5
1783010185751,2026-07-02 18:36:25.751,C3:00:00:63:4C:D2,-61,127,1.5,6.5,1.5
1783010185759,2026-07-02 18:36:25.759,C3:00:00:63:4D:0A,-66,127,1.5,6.5,1.5
1783010185780,2026-07-02 18:36:25.780,C3:00:00:63:4D:04,-62,127,1.5,6.5,1.5
1783010185794,2026-07-02 18:36:25.794,C3:00:00:63:4D:08,-47,127,1.5,6.5,1.5
1783010185856,2026-07-02 18:36:25.856,C3:00:00:63:4D:05,-58,127,1.5,6.5,1.5
1783010185865,2026-07-02 18:36:25.865,C3:00:00:63:4D:07,-70,127,1.5,6.5,1.5
1783010185881,2026-07-02 18:36:25.881,C3:00:00:63:4C:D2,-61,127,1.5,6.5,1.5
1783010185890,2026-07-02 18:36:25.890,C3:00:00:63:4D:0A,-70,127,1.5,6.5,1.5
1783010185893,2026-07-02 18:36:25.893,C3:00:00:63:4D:07,-70,127,1.5,6.5,1.5
1783010185895,2026-07-02 18:36:25.895,C3:00:00:63:4D:04,-59,127,1.5,6.5,1.5
1783010185909,2026-07-02 18:36:25.909,C3:00:00:63:4D:08,-48,127,1.5,6.5,1.5
1783010185923,2026-07-02 18:36:25.923,C3:00:00:63:4D:0D,-55,127,1.5,6.5,1.5
1783010185930,2026-07-02 18:36:25.930,C3:00:00:63:4D:09,-62,127,1.5,6.5,1.5
1783010185958,2026-07-02 18:36:25.958,C3:00:00:63:4D:05,-68,127,1.5,6.5,1.5
1783010185974,2026-07-02 18:36:25.974,C3:00:00:63:4C:D2,-66,127,1.5,6.5,1.5
1783010185984,2026-07-02 18:36:25.984,C3:00:00:63:4D:05,-58,127,1.5,6.5,1.5
1783010185997,2026-07-02 18:36:25.997,C3:00:00:63:4D:04,-62,127,1.5,6.5,1.5
1783010186016,2026-07-02 18:36:26.016,C3:00:00:63:4D:08,-57,127,1.5,6.5,1.5
1783010186027,2026-07-02 18:36:26.027,C3:00:00:63:4D:05,-61,127,1.5,6.5,1.5
1783010186032,2026-07-02 18:36:26.032,C3:00:00:63:4D:0D,-55,127,1.5,6.5,1.5
1783010186079,2026-07-02 18:36:26.079,C3:00:00:63:4D:05,-58,127,1.5,6.5,1.5
1783010186094,2026-07-02 18:36:26.094,C3:00:00:63:4D:07,-60,127,1.5,6.5,1.5
1783010186099,2026-07-02 18:36:26.099,C3:00:00:63:4C:D2,-64,127,1.5,6.5,1.5
1783010186106,2026-07-02 18:36:26.106,C3:00:00:63:4D:0A,-66,127,1.5,6.5,1.5
1783010186107,2026-07-02 18:36:26.107,C3:00:00:63:4D:04,-66,127,1.5,6.5,1.5
1783010186156,2026-07-02 18:36:26.156,C3:00:00:63:4D:09,-63,127,1.5,6.5,1.5
1783010186197,2026-07-02 18:36:26.197,C3:00:00:63:4D:05,-61,127,1.5,6.5,1.5
1783010186218,2026-07-02 18:36:26.218,C3:00:00:63:4D:07,-75,127,1.5,6.5,1.5
1783010186222,2026-07-02 18:36:26.222,C3:00:00:63:4C:D2,-67,127,1.5,6.5,1.5
1783010186223,2026-07-02 18:36:26.223,C3:00:00:63:4D:04,-63,127,1.5,6.5,1.5
1783010186267,2026-07-02 18:36:26.267,C3:00:00:63:4D:09,-62,127,1.5,6.5,1.5
1783010186312,2026-07-02 18:36:26.312,C3:00:00:63:4D:05,-55,127,1.5,6.5,1.5
1783010186342,2026-07-02 18:36:26.342,C3:00:00:63:4D:08,-52,127,1.5,6.5,1.5
1783010186346,2026-07-02 18:36:26.346,C3:00:00:63:4D:0D,-53,127,1.5,6.5,1.5
1783010186366,2026-07-02 18:36:26.366,C3:00:00:63:4D:07,-68,127,1.5,6.5,1.5
1783010186385,2026-07-02 18:36:26.385,C3:00:00:63:4D:09,-72,127,1.5,6.5,1.5
1783010186425,2026-07-02 18:36:26.425,C3:00:00:63:4D:05,-58,127,1.5,6.5,1.5
1783010186438,2026-07-02 18:36:26.438,C3:00:00:63:4D:07,-69,127,1.5,6.5,1.5
1783010186442,2026-07-02 18:36:26.442,C3:00:00:63:4D:0A,-79,127,1.5,6.5,1.5
1783010186448,2026-07-02 18:36:26.448,C3:00:00:63:4C:D2,-57,127,1.5,6.5,1.5
1783010186452,2026-07-02 18:36:26.452,C3:00:00:63:4D:0D,-55,127,1.5,6.5,1.5
1783010186459,2026-07-02 18:36:26.459,C3:00:00:63:4D:08,-48,127,1.5,6.5,1.5
1783010186465,2026-07-02 18:36:26.465,C3:00:00:63:4D:07,-72,127,1.5,6.5,1.5
1783010186493,2026-07-02 18:36:26.493,C3:00:00:63:4D:09,-73,127,1.5,6.5,1.5
1783010186544,2026-07-02 18:36:26.544,C3:00:00:63:4D:04,-62,127,1.5,6.5,1.5
1783010186547,2026-07-02 18:36:26.547,C3:00:00:63:4D:05,-60,127,1.5,6.5,1.5
1783010186559,2026-07-02 18:36:26.559,C3:00:00:63:4D:0D,-56,127,1.5,6.5,1.5
1783010186563,2026-07-02 18:36:26.563,C3:00:00:63:4D:08,-49,127,1.5,6.5,1.5
1783010186611,2026-07-02 18:36:26.611,C3:00:00:63:4D:09,-65,127,1.5,6.5,1.5
1783010186653,2026-07-02 18:36:26.653,C3:00:00:63:4D:0D,-54,127,1.5,6.5,1.5
1783010186657,2026-07-02 18:36:26.657,C3:00:00:63:4D:0A,-58,127,1.5,6.5,1.5
1783010186664,2026-07-02 18:36:26.664,C3:00:00:63:4C:D2,-69,127,1.5,6.5,1.5
1783010186727,2026-07-02 18:36:26.727,C3:00:00:63:4D:09,-61,127,1.5,6.5,1.5
1783010186774,2026-07-02 18:36:26.774,C3:00:00:63:4D:05,-59,127,1.5,6.5,1.5
1783010186781,2026-07-02 18:36:26.781,C3:00:00:63:4D:0A,-65,127,1.5,6.5,1.5
1783010186787,2026-07-02 18:36:26.787,C3:00:00:63:4D:07,-76,127,1.5,6.5,1.5
1783010186794,2026-07-02 18:36:26.794,C3:00:00:63:4D:08,-47,127,1.5,6.5,1.5
1783010186807,2026-07-02 18:36:26.807,C3:00:00:63:4D:0D,-58,127,1.5,6.5,1.5
1783010186837,2026-07-02 18:36:26.837,C3:00:00:63:4D:09,-68,127,1.5,6.5,1.5
1783010186867,2026-07-02 18:36:26.867,C3:00:00:63:4D:0D,-54,127,1.5,6.5,1.5
1783010186873,2026-07-02 18:36:26.873,C3:00:00:63:4D:04,-61,127,1.5,6.5,1.5
1783010186881,2026-07-02 18:36:26.881,C3:00:00:63:4D:08,-47,127,1.5,6.5,1.5
1783010186887,2026-07-02 18:36:26.887,C3:00:00:63:4D:0A,-60,127,1.5,6.5,1.5
1783010186892,2026-07-02 18:36:26.892,C3:00:00:63:4D:05,-60,127,1.5,6.5,1.5
1783010186930,2026-07-02 18:36:26.930,C3:00:00:63:4D:08,-51,127,1.5,6.5,1.5
1783010186946,2026-07-02 18:36:26.946,C3:00:00:63:4D:0A,-72,127,1.5,6.5,1.5
1783010186954,2026-07-02 18:36:26.954,C3:00:00:63:4D:08,-60,127,1.5,6.5,1.5
1783010186968,2026-07-02 18:36:26.968,C3:00:00:63:4D:09,-62,127,1.5,6.5,1.5
1783010186970,2026-07-02 18:36:26.970,C3:00:00:63:4D:0D,-54,127,1.5,6.5,1.5
1783010186975,2026-07-02 18:36:26.975,C3:00:00:63:4D:04,-60,127,1.5,6.5,1.5
1783010186988,2026-07-02 18:36:26.988,C3:00:00:63:4D:08,-51,127,1.5,6.5,1.5
1783010187003,2026-07-02 18:36:27.003,C3:00:00:63:4D:0A,-63,127,1.5,6.5,1.5
1783010187009,2026-07-02 18:36:27.009,C3:00:00:63:4D:05,-64,127,1.5,6.5,1.5
1783010187010,2026-07-02 18:36:27.010,C3:00:00:63:4D:07,-68,127,1.5,6.5,1.5
1783010187014,2026-07-02 18:36:27.014,C3:00:00:63:4C:D2,-56,127,1.5,6.5,1.5
1783010187017,2026-07-02 18:36:27.017,C3:00:00:63:4D:09,-65,127,1.5,6.5,1.5
1783010187046,2026-07-02 18:36:27.046,C3:00:00:63:4D:09,-67,127,1.5,6.5,1.5
1783010187075,2026-07-02 18:36:27.075,C3:00:00:63:4D:0D,-56,127,1.5,6.5,1.5
1783010187095,2026-07-02 18:36:27.095,C3:00:00:63:4D:04,-64,127,1.5,6.5,1.5
1783010187107,2026-07-02 18:36:27.107,C3:00:00:63:4D:08,-48,127,1.5,6.5,1.5
1783010187113,2026-07-02 18:36:27.113,C3:00:00:63:4D:0A,-60,127,1.5,6.5,1.5
1783010187131,2026-07-02 18:36:27.131,C3:00:00:63:4D:05,-58,127,1.5,6.5,1.5
1783010187133,2026-07-02 18:36:27.133,C3:00:00:63:4D:07,-65,127,1.5,6.5,1.5
1783010187135,2026-07-02 18:36:27.135,C3:00:00:63:4C:D2,-65,127,1.5,6.5,1.5
1783010187180,2026-07-02 18:36:27.180,C3:00:00:63:4D:0D,-58,127,1.5,6.5,1.5
1783010187187,2026-07-02 18:36:27.187,C3:00:00:63:4D:09,-63,127,1.5,6.5,1.5
1783010187197,2026-07-02 18:36:27.197,C3:00:00:63:4D:04,-58,127,1.5,6.5,1.5
1783010187211,2026-07-02 18:36:27.211,C3:00:00:63:4D:08,-54,127,1.5,6.5,1.5
1783010187238,2026-07-02 18:36:27.238,C3:00:00:63:4D:05,-62,127,1.5,6.5,1.5
1783010187241,2026-07-02 18:36:27.241,C3:00:00:63:4D:07,-64,127,1.5,6.5,1.5
1783010187260,2026-07-02 18:36:27.260,C3:00:00:63:4C:D2,-67,127,1.5,6.5,1.5
1783010187289,2026-07-02 18:36:27.289,C3:00:00:63:4D:0D,-56,127,1.5,6.5,1.5
1783010187298,2026-07-02 18:36:27.298,C3:00:00:63:4D:09,-71,127,1.5,6.5,1.5
1783010187306,2026-07-02 18:36:27.306,C3:00:00:63:4D:08,-55,127,1.5,6.5,1.5
1783010187309,2026-07-02 18:36:27.309,C3:00:00:63:4D:04,-59,127,1.5,6.5,1.5
1783010187329,2026-07-02 18:36:27.329,C3:00:00:63:4D:08,-49,127,1.5,6.5,1.5
1783010187339,2026-07-02 18:36:27.339,C3:00:00:63:4D:0A,-64,127,1.5,6.5,1.5
1783010187354,2026-07-02 18:36:27.354,C3:00:00:63:4D:05,-55,127,1.5,6.5,1.5
1783010187357,2026-07-02 18:36:27.357,C3:00:00:63:4C:D2,-58,127,1.5,6.5,1.5
1783010187390,2026-07-02 18:36:27.390,C3:00:00:63:4D:0D,-54,127,1.5,6.5,1.5
1783010187414,2026-07-02 18:36:27.414,C3:00:00:63:4D:09,-69,127,1.5,6.5,1.5
1783010187421,2026-07-02 18:36:27.421,C3:00:00:63:4D:04,-57,127,1.5,6.5,1.5
1783010187424,2026-07-02 18:36:27.424,C3:00:00:63:4D:0D,-55,127,1.5,6.5,1.5
1783010187437,2026-07-02 18:36:27.437,C3:00:00:63:4D:08,-48,127,1.5,6.5,1.5
1783010187449,2026-07-02 18:36:27.449,C3:00:00:63:4D:0A,-60,127,1.5,6.5,1.5
1783010187465,2026-07-02 18:36:27.465,C3:00:00:63:4C:D2,-64,127,1.5,6.5,1.5
1783010187470,2026-07-02 18:36:27.470,C3:00:00:63:4D:07,-66,127,1.5,6.5,1.5
1783010187485,2026-07-02 18:36:27.485,C3:00:00:63:4C:D2,-63,127,1.5,6.5,1.5
1783010187495,2026-07-02 18:36:27.495,C3:00:00:63:4D:0D,-60,127,1.5,6.5,1.5
1783010187498,2026-07-02 18:36:27.498,C3:00:00:63:4D:04,-58,127,1.5,6.5,1.5
1783010187514,2026-07-02 18:36:27.514,C3:00:00:63:4D:04,-62,127,1.5,6.5,1.5
1783010187528,2026-07-02 18:36:27.528,C3:00:00:63:4D:09,-67,127,1.5,6.5,1.5
1783010187536,2026-07-02 18:36:27.536,C3:00:00:63:4D:04,-62,127,1.5,6.5,1.5
1783010187545,2026-07-02 18:36:27.545,C3:00:00:63:4D:08,-55,127,1.5,6.5,1.5
1783010187563,2026-07-02 18:36:27.563,C3:00:00:63:4D:0A,-65,127,1.5,6.5,1.5
1783010187574,2026-07-02 18:36:27.574,C3:00:00:63:4D:05,-65,127,1.5,6.5,1.5
1783010187584,2026-07-02 18:36:27.584,C3:00:00:63:4D:08,-56,127,1.5,6.5,1.5
1783010187588,2026-07-02 18:36:27.588,C3:00:00:63:4D:07,-64,127,1.5,6.5,1.5
1783010187595,2026-07-02 18:36:27.595,C3:00:00:63:4C:D2,-73,127,1.5,6.5,1.5
1783010187601,2026-07-02 18:36:27.601,C3:00:00:63:4D:0D,-55,127,1.5,6.5,1.5
1783010187634,2026-07-02 18:36:27.634,C3:00:00:63:4D:04,-64,127,1.5,6.5,1.5
1783010187638,2026-07-02 18:36:27.638,C3:00:00:63:4D:09,-64,127,1.5,6.5,1.5
1783010187645,2026-07-02 18:36:27.645,C3:00:00:63:4D:08,-50,127,1.5,6.5,1.5
1783010187694,2026-07-02 18:36:27.694,C3:00:00:63:4D:05,-60,127,1.5,6.5,1.5
1783010187699,2026-07-02 18:36:27.699,C3:00:00:63:4C:D2,-55,127,1.5,6.5,1.5
1783010187707,2026-07-02 18:36:27.707,C3:00:00:63:4D:0D,-54,127,1.5,6.5,1.5
1783010187737,2026-07-02 18:36:27.737,C3:00:00:63:4D:04,-60,127,1.5,6.5,1.5
1783010187758,2026-07-02 18:36:27.758,C3:00:00:63:4D:09,-85,127,1.5,6.5,1.5
1783010187763,2026-07-02 18:36:27.763,C3:00:00:63:4D:08,-62,127,1.5,6.5,1.5
1783010187790,2026-07-02 18:36:27.790,C3:00:00:63:4D:0A,-61,127,1.5,6.5,1.5
1783010187820,2026-07-02 18:36:27.820,C3:00:00:63:4C:D2,-74,127,1.5,6.5,1.5
1783010187824,2026-07-02 18:36:27.824,C3:00:00:63:4D:09,-84,127,1.5,6.5,1.5
1783010187849,2026-07-02 18:36:27.849,C3:00:00:63:4D:04,-66,127,1.5,6.5,1.5
1783010187866,2026-07-02 18:36:27.866,C3:00:00:63:4D:08,-55,127,1.5,6.5,1.5
1783010187872,2026-07-02 18:36:27.872,C3:00:00:63:4D:07,-64,127,1.5,6.5,1.5
1783010187898,2026-07-02 18:36:27.898,C3:00:00:63:4D:0A,-63,127,1.5,6.5,1.5
1783010187913,2026-07-02 18:36:27.913,C3:00:00:63:4D:0D,-54,127,1.5,6.5,1.5
1783010187931,2026-07-02 18:36:27.931,C3:00:00:63:4C:D2,-56,127,1.5,6.5,1.5
1783010187935,2026-07-02 18:36:27.935,C3:00:00:63:4D:07,-78,127,1.5,6.5,1.5
1783010187963,2026-07-02 18:36:27.963,C3:00:00:63:4D:04,-61,127,1.5,6.5,1.5
1783010187984,2026-07-02 18:36:27.984,C3:00:00:63:4D:08,-47,127,1.5,6.5,1.5
1783010187987,2026-07-02 18:36:27.987,C3:00:00:63:4D:09,-67,127,1.5,6.5,1.5
1783010188022,2026-07-02 18:36:28.022,C3:00:00:63:4D:0A,-61,127,1.5,6.5,1.5
1783010188028,2026-07-02 18:36:28.028,C3:00:00:63:4D:0D,-55,127,1.5,6.5,1.5
1783010188037,2026-07-02 18:36:28.037,C3:00:00:63:4D:05,-64,127,1.5,6.5,1.5
1783010188042,2026-07-02 18:36:28.042,C3:00:00:63:4D:07,-67,127,1.5,6.5,1.5
1783010188048,2026-07-02 18:36:28.048,C3:00:00:63:4C:D2,-72,127,1.5,6.5,1.5
1783010188054,2026-07-02 18:36:28.054,C3:00:00:63:4D:0D,-64,127,1.5,6.5,1.5
1783010188057,2026-07-02 18:36:28.057,C3:00:00:63:4D:05,-64,127,1.5,6.5,1.5
1783010188070,2026-07-02 18:36:28.070,C3:00:00:63:4D:04,-62,127,1.5,6.5,1.5
1783010188088,2026-07-02 18:36:28.088,C3:00:00:63:4D:08,-44,127,1.5,6.5,1.5
1783010188098,2026-07-02 18:36:28.098,C3:00:00:63:4D:09,-63,127,1.5,6.5,1.5
1783010188128,2026-07-02 18:36:28.128,C3:00:00:63:4D:0D,-55,127,1.5,6.5,1.5
1783010188136,2026-07-02 18:36:28.136,C3:00:00:63:4D:0A,-63,127,1.5,6.5,1.5
1783010188158,2026-07-02 18:36:28.158,C3:00:00:63:4D:05,-58,127,1.5,6.5,1.5
1783010188164,2026-07-02 18:36:28.164,C3:00:00:63:4D:07,-61,127,1.5,6.5,1.5
1783010188169,2026-07-02 18:36:28.169,C3:00:00:63:4C:D2,-65,127,1.5,6.5,1.5
1783010188181,2026-07-02 18:36:28.181,C3:00:00:63:4D:04,-63,127,1.5,6.5,1.5
1783010188192,2026-07-02 18:36:28.192,C3:00:00:63:4D:08,-51,127,1.5,6.5,1.5
1783010188211,2026-07-02 18:36:28.211,C3:00:00:63:4D:09,-71,127,1.5,6.5,1.5
1783010188235,2026-07-02 18:36:28.235,C3:00:00:63:4D:0D,-54,127,1.5,6.5,1.5
1783010188244,2026-07-02 18:36:28.244,C3:00:00:63:4D:0A,-67,127,1.5,6.5,1.5
1783010188270,2026-07-02 18:36:28.270,C3:00:00:63:4D:05,-60,127,1.5,6.5,1.5
1783010188282,2026-07-02 18:36:28.282,C3:00:00:63:4C:D2,-56,127,1.5,6.5,1.5
1783010188286,2026-07-02 18:36:28.286,C3:00:00:63:4D:07,-70,127,1.5,6.5,1.5
1783010188290,2026-07-02 18:36:28.290,C3:00:00:63:4D:04,-62,127,1.5,6.5,1.5
1783010188299,2026-07-02 18:36:28.299,C3:00:00:63:4D:08,-48,127,1.5,6.5,1.5
1783010188337,2026-07-02 18:36:28.337,C3:00:00:63:4D:0D,-59,127,1.5,6.5,1.5
1783010188352,2026-07-02 18:36:28.352,C3:00:00:63:4D:0A,-61,127,1.5,6.5,1.5
1783010188384,2026-07-02 18:36:28.384,C3:00:00:63:4D:05,-61,127,1.5,6.5,1.5
1783010188394,2026-07-02 18:36:28.394,C3:00:00:63:4D:09,-66,127,1.5,6.5,1.5
1783010188398,2026-07-02 18:36:28.398,C3:00:00:63:4D:07,-77,127,1.5,6.5,1.5
1783010188405,2026-07-02 18:36:28.405,C3:00:00:63:4D:04,-60,127,1.5,6.5,1.5
1783010188423,2026-07-02 18:36:28.423,C3:00:00:63:4D:08,-56,127,1.5,6.5,1.5
1783010188437,2026-07-02 18:36:28.437,C3:00:00:63:4D:0D,-56,127,1.5,6.5,1.5
1783010188444,2026-07-02 18:36:28.444,C3:00:00:63:4D:09,-66,127,1.5,6.5,1.5
1783010188468,2026-07-02 18:36:28.468,C3:00:00:63:4D:0A,-64,127,1.5,6.5,1.5
1783010188525,2026-07-02 18:36:28.525,C3:00:00:63:4D:04,-66,127,1.5,6.5,1.5
1783010188538,2026-07-02 18:36:28.538,C3:00:00:63:4C:D2,-57,127,1.5,6.5,1.5
1783010188551,2026-07-02 18:36:28.551,C3:00:00:63:4D:0D,-54,127,1.5,6.5,1.5
1783010188560,2026-07-02 18:36:28.560,C3:00:00:63:4D:09,-72,127,1.5,6.5,1.5
1783010188578,2026-07-02 18:36:28.578,C3:00:00:63:4D:0A,-65,127,1.5,6.5,1.5
1783010188615,2026-07-02 18:36:28.615,C3:00:00:63:4D:04,-61,127,1.5,6.5,1.5
1783010188618,2026-07-02 18:36:28.618,C3:00:00:63:4D:07,-70,127,1.5,6.5,1.5
1783010188631,2026-07-02 18:36:28.631,C3:00:00:63:4D:08,-45,127,1.5,6.5,1.5
1783010188649,2026-07-02 18:36:28.649,C3:00:00:63:4D:0D,-59,127,1.5,6.5,1.5
1783010188666,2026-07-02 18:36:28.666,C3:00:00:63:4D:09,-65,127,1.5,6.5,1.5
1783010188695,2026-07-02 18:36:28.695,C3:00:00:63:4D:0A,-61,127,1.5,6.5,1.5
1783010188726,2026-07-02 18:36:28.726,C3:00:00:63:4D:04,-60,127,1.5,6.5,1.5
1783010188733,2026-07-02 18:36:28.733,C3:00:00:63:4D:05,-65,127,1.5,6.5,1.5
1783010188742,2026-07-02 18:36:28.742,C3:00:00:63:4D:07,-69,127,1.5,6.5,1.5
1783010188746,2026-07-02 18:36:28.746,C3:00:00:63:4D:08,-53,127,1.5,6.5,1.5
1783010188758,2026-07-02 18:36:28.758,C3:00:00:63:4D:0D,-55,127,1.5,6.5,1.5
1783010188778,2026-07-02 18:36:28.778,C3:00:00:63:4D:09,-68,127,1.5,6.5,1.5
1783010188789,2026-07-02 18:36:28.789,C3:00:00:63:4D:0D,-56,127,1.5,6.5,1.5
1783010188811,2026-07-02 18:36:28.811,C3:00:00:63:4D:0A,-68,127,1.5,6.5,1.5
1783010188830,2026-07-02 18:36:28.830,C3:00:00:63:4D:04,-63,127,1.5,6.5,1.5
1783010188847,2026-07-02 18:36:28.847,C3:00:00:63:4D:08,-48,127,1.5,6.5,1.5
1783010188852,2026-07-02 18:36:28.852,C3:00:00:63:4C:D2,-56,127,1.5,6.5,1.5
1783010188854,2026-07-02 18:36:28.854,C3:00:00:63:4D:07,-63,127,1.5,6.5,1.5
1783010188860,2026-07-02 18:36:28.860,C3:00:00:63:4D:0D,-55,127,1.5,6.5,1.5
1783010188897,2026-07-02 18:36:28.897,C3:00:00:63:4D:09,-73,127,1.5,6.5,1.5
1783010188919,2026-07-02 18:36:28.919,C3:00:00:63:4D:0A,-61,127,1.5,6.5,1.5
1783010188943,2026-07-02 18:36:28.943,C3:00:00:63:4D:04,-61,127,1.5,6.5,1.5
1783010188961,2026-07-02 18:36:28.961,C3:00:00:63:4D:05,-60,127,1.5,6.5,1.5
1783010188971,2026-07-02 18:36:28.971,C3:00:00:63:4D:0D,-56,127,1.5,6.5,1.5
1783010189005,2026-07-02 18:36:29.005,C3:00:00:63:4D:09,-61,127,1.5,6.5,1.5
1783010189028,2026-07-02 18:36:29.028,C3:00:00:63:4D:09,-72,127,1.5,6.5,1.5
1783010189033,2026-07-02 18:36:29.033,C3:00:00:63:4D:0A,-65,127,1.5,6.5,1.5
1783010189044,2026-07-02 18:36:29.044,C3:00:00:63:4D:09,-77,127,1.5,6.5,1.5
1783010189054,2026-07-02 18:36:29.054,C3:00:00:63:4D:04,-66,127,1.5,6.5,1.5
1783010189064,2026-07-02 18:36:29.064,C3:00:00:63:4D:08,-55,127,1.5,6.5,1.5
1783010189071,2026-07-02 18:36:29.071,C3:00:00:63:4D:05,-64,127,1.5,6.5,1.5
1783010189077,2026-07-02 18:36:29.077,C3:00:00:63:4D:0D,-55,127,1.5,6.5,1.5
1783010189080,2026-07-02 18:36:29.080,C3:00:00:63:4D:07,-61,127,1.5,6.5,1.5
1783010189085,2026-07-02 18:36:29.085,C3:00:00:63:4C:D2,-67,127,1.5,6.5,1.5
1783010189122,2026-07-02 18:36:29.122,C3:00:00:63:4D:09,-73,127,1.5,6.5,1.5
1783010189146,2026-07-02 18:36:29.146,C3:00:00:63:4D:0A,-68,127,1.5,6.5,1.5
1783010189156,2026-07-02 18:36:29.156,C3:00:00:63:4D:04,-61,127,1.5,6.5,1.5
1783010189178,2026-07-02 18:36:29.178,C3:00:00:63:4D:08,-47,127,1.5,6.5,1.5
1783010189181,2026-07-02 18:36:29.181,C3:00:00:63:4D:0A,-65,127,1.5,6.5,1.5
1783010189187,2026-07-02 18:36:29.187,C3:00:00:63:4D:0D,-54,127,1.5,6.5,1.5
1783010189195,2026-07-02 18:36:29.195,C3:00:00:63:4D:05,-58,127,1.5,6.5,1.5
1783010189199,2026-07-02 18:36:29.199,C3:00:00:63:4C:D2,-55,127,1.5,6.5,1.5
1783010189200,2026-07-02 18:36:29.200,C3:00:00:63:4D:07,-68,127,1.5,6.5,1.5
1783010189214,2026-07-02 18:36:29.214,C3:00:00:63:4D:05,-67,127,1.5,6.5,1.5
1783010189242,2026-07-02 18:36:29.242,C3:00:00:63:4D:05,-66,127,1.5,6.5,1.5
1783010189304,2026-07-02 18:36:29.304,C3:00:00:63:4D:05,-66,127,1.5,6.5,1.5
1783010189311,2026-07-02 18:36:29.311,C3:00:00:63:4D:07,-72,127,1.5,6.5,1.5
1783010189315,2026-07-02 18:36:29.315,C3:00:00:63:4C:D2,-64,127,1.5,6.5,1.5
1783010189323,2026-07-02 18:36:29.323,C3:00:00:63:4D:08,-50,127,1.5,6.5,1.5
1783010189347,2026-07-02 18:36:29.347,C3:00:00:63:4D:09,-85,127,1.5,6.5,1.5
1783010189370,2026-07-02 18:36:29.370,C3:00:00:63:4D:0A,-66,127,1.5,6.5,1.5
1783010189392,2026-07-02 18:36:29.392,C3:00:00:63:4D:0D,-56,127,1.5,6.5,1.5
1783010189399,2026-07-02 18:36:29.399,C3:00:00:63:4D:08,-56,127,1.5,6.5,1.5
1783010189422,2026-07-02 18:36:29.422,C3:00:00:63:4D:0A,-64,127,1.5,6.5,1.5
1783010189426,2026-07-02 18:36:29.426,C3:00:00:63:4D:05,-59,127,1.5,6.5,1.5
1783010189429,2026-07-02 18:36:29.429,C3:00:00:63:4D:0D,-58,127,1.5,6.5,1.5
1783010189459,2026-07-02 18:36:29.459,C3:00:00:63:4D:09,-69,127,1.5,6.5,1.5
1783010189486,2026-07-02 18:36:29.486,C3:00:00:63:4D:0A,-63,127,1.5,6.5,1.5
1783010189492,2026-07-02 18:36:29.492,C3:00:00:63:4D:04,-62,127,1.5,6.5,1.5
1783010189496,2026-07-02 18:36:29.496,C3:00:00:63:4D:0D,-58,127,1.5,6.5,1.5
1783010189503,2026-07-02 18:36:29.503,C3:00:00:63:4D:08,-46,127,1.5,6.5,1.5
1783010189512,2026-07-02 18:36:29.512,C3:00:00:63:4D:04,-60,127,1.5,6.5,1.5
1783010189527,2026-07-02 18:36:29.527,C3:00:00:63:4D:04,-61,127,1.5,6.5,1.5
1783010189537,2026-07-02 18:36:29.537,C3:00:00:63:4D:07,-71,127,1.5,6.5,1.5
1783010189542,2026-07-02 18:36:29.542,C3:00:00:63:4D:05,-65,127,1.5,6.5,1.5
1783010189598,2026-07-02 18:36:29.598,C3:00:00:63:4D:0D,-69,127,1.5,6.5,1.5
1783010189615,2026-07-02 18:36:29.615,C3:00:00:63:4D:08,-52,127,1.5,6.5,1.5
1783010189628,2026-07-02 18:36:29.628,C3:00:00:63:4D:0D,-65,127,1.5,6.5,1.5
1783010189654,2026-07-02 18:36:29.654,C3:00:00:63:4D:05,-64,127,1.5,6.5,1.5
1783010189662,2026-07-02 18:36:29.662,C3:00:00:63:4D:07,-63,127,1.5,6.5,1.5
1783010189668,2026-07-02 18:36:29.668,C3:00:00:63:4C:D2,-62,127,1.5,6.5,1.5
1783010189705,2026-07-02 18:36:29.705,C3:00:00:63:4D:0D,-69,127,1.5,6.5,1.5
1783010189712,2026-07-02 18:36:29.712,C3:00:00:63:4D:04,-70,127,1.5,6.5,1.5
1783010189715,2026-07-02 18:36:29.715,C3:00:00:63:4D:0A,-68,127,1.5,6.5,1.5
1783010189720,2026-07-02 18:36:29.720,C3:00:00:63:4D:08,-45,127,1.5,6.5,1.5
1783010189765,2026-07-02 18:36:29.765,C3:00:00:63:4D:05,-66,127,1.5,6.5,1.5
1783010189771,2026-07-02 18:36:29.771,C3:00:00:63:4C:D2,-55,127,1.5,6.5,1.5
1783010189782,2026-07-02 18:36:29.782,C3:00:00:63:4D:07,-64,127,1.5,6.5,1.5
1783010189811,2026-07-02 18:36:29.811,C3:00:00:63:4D:09,-70,127,1.5,6.5,1.5
1783010189818,2026-07-02 18:36:29.818,C3:00:00:63:4D:04,-63,127,1.5,6.5,1.5
1783010189825,2026-07-02 18:36:29.825,C3:00:00:63:4D:0A,-60,127,1.5,6.5,1.5
1783010189834,2026-07-02 18:36:29.834,C3:00:00:63:4D:08,-50,127,1.5,6.5,1.5
1783010189881,2026-07-02 18:36:29.881,C3:00:00:63:4D:05,-57,127,1.5,6.5,1.5
1783010189890,2026-07-02 18:36:29.890,C3:00:00:63:4C:D2,-64,127,1.5,6.5,1.5
1783010189900,2026-07-02 18:36:29.900,C3:00:00:63:4D:07,-68,127,1.5,6.5,1.5
1783010189919,2026-07-02 18:36:29.919,C3:00:00:63:4D:0D,-54,127,1.5,6.5,1.5
1783010189924,2026-07-02 18:36:29.924,C3:00:00:63:4D:07,-63,127,1.5,6.5,1.5
1783010189926,2026-07-02 18:36:29.926,C3:00:00:63:4D:09,-66,127,1.5,6.5,1.5
1783010189927,2026-07-02 18:36:29.927,C3:00:00:63:4D:04,-66,127,1.5,6.5,1.5
1783010189934,2026-07-02 18:36:29.934,C3:00:00:63:4D:08,-51,127,1.5,6.5,1.5
1783010189935,2026-07-02 18:36:29.935,C3:00:00:63:4D:0A,-60,127,1.5,6.5,1.5
1783010189967,2026-07-02 18:36:29.967,C3:00:00:63:4D:0A,-60,127,1.5,6.5,1.5
1783010189989,2026-07-02 18:36:29.989,C3:00:00:63:4D:05,-73,127,1.5,6.5,1.5
1783010190003,2026-07-02 18:36:30.003,C3:00:00:63:4C:D2,-65,127,1.5,6.5,1.5
1783010190004,2026-07-02 18:36:30.004,C3:00:00:63:4D:07,-62,127,1.5,6.5,1.5
1783010190012,2026-07-02 18:36:30.012,C3:00:00:63:4D:0D,-58,127,1.5,6.5,1.5
1783010190031,2026-07-02 18:36:30.031,C3:00:00:63:4D:04,-62,127,1.5,6.5,1.5
1783010190038,2026-07-02 18:36:30.038,C3:00:00:63:4D:09,-80,127,1.5,6.5,1.5
1783010190051,2026-07-02 18:36:30.051,C3:00:00:63:4D:08,-46,127,1.5,6.5,1.5
1783010190055,2026-07-02 18:36:30.055,C3:00:00:63:4D:0A,-70,127,1.5,6.5,1.5
1783010190059,2026-07-02 18:36:30.059,C3:00:00:63:4D:05,-62,127,1.5,6.5,1.5
1783010190112,2026-07-02 18:36:30.112,C3:00:00:63:4D:05,-61,127,1.5,6.5,1.5
1783010190126,2026-07-02 18:36:30.126,C3:00:00:63:4D:07,-66,127,1.5,6.5,1.5
1783010190131,2026-07-02 18:36:30.131,C3:00:00:63:4C:D2,-62,127,1.5,6.5,1.5
1783010190133,2026-07-02 18:36:30.133,C3:00:00:63:4D:0D,-60,127,1.5,6.5,1.5
1783010190137,2026-07-02 18:36:30.137,C3:00:00:63:4D:04,-60,127,1.5,6.5,1.5
1783010190146,2026-07-02 18:36:30.146,C3:00:00:63:4D:09,-69,127,1.5,6.5,1.5
1783010190155,2026-07-02 18:36:30.155,C3:00:00:63:4D:08,-48,127,1.5,6.5,1.5
1783010190168,2026-07-02 18:36:30.168,C3:00:00:63:4D:0A,-59,127,1.5,6.5,1.5
1783010190225,2026-07-02 18:36:30.225,C3:00:00:63:4D:05,-63,127,1.5,6.5,1.5
1783010190231,2026-07-02 18:36:30.231,C3:00:00:63:4D:0D,-54,127,1.5,6.5,1.5
1783010190255,2026-07-02 18:36:30.255,C3:00:00:63:4D:04,-62,127,1.5,6.5,1.5
1783010190264,2026-07-02 18:36:30.264,C3:00:00:63:4D:09,-78,127,1.5,6.5,1.5
1783010190278,2026-07-02 18:36:30.278,C3:00:00:63:4D:08,-52,127,1.5,6.5,1.5
1783010190325,2026-07-02 18:36:30.325,C3:00:00:63:4D:0D,-54,127,1.5,6.5,1.5
1783010190344,2026-07-02 18:36:30.344,C3:00:00:63:4D:05,-59,127,1.5,6.5,1.5
1783010190348,2026-07-02 18:36:30.348,C3:00:00:63:4D:07,-62,127,1.5,6.5,1.5
1783010190350,2026-07-02 18:36:30.350,C3:00:00:63:4C:D2,-56,127,1.5,6.5,1.5
1783010190358,2026-07-02 18:36:30.358,C3:00:00:63:4D:04,-66,127,1.5,6.5,1.5
1783010190367,2026-07-02 18:36:30.367,C3:00:00:63:4D:07,-70,127,1.5,6.5,1.5
1783010190370,2026-07-02 18:36:30.370,C3:00:00:63:4D:08,-47,127,1.5,6.5,1.5
1783010190391,2026-07-02 18:36:30.391,C3:00:00:63:4D:0A,-70,127,1.5,6.5,1.5
1783010190431,2026-07-02 18:36:30.431,C3:00:00:63:4D:0D,-59,127,1.5,6.5,1.5
1783010190451,2026-07-02 18:36:30.451,C3:00:00:63:4D:05,-63,127,1.5,6.5,1.5
1783010190473,2026-07-02 18:36:30.473,C3:00:00:63:4D:04,-61,127,1.5,6.5,1.5
1783010190478,2026-07-02 18:36:30.478,C3:00:00:63:4D:08,-48,127,1.5,6.5,1.5
1783010190485,2026-07-02 18:36:30.485,C3:00:00:63:4D:07,-70,127,1.5,6.5,1.5
1783010190505,2026-07-02 18:36:30.505,C3:00:00:63:4D:0A,-61,127,1.5,6.5,1.5
1783010190543,2026-07-02 18:36:30.543,C3:00:00:63:4D:0D,-52,127,1.5,6.5,1.5
1783010190574,2026-07-02 18:36:30.574,C3:00:00:63:4D:05,-65,127,1.5,6.5,1.5
1783010190579,2026-07-02 18:36:30.579,C3:00:00:63:4C:D2,-69,127,1.5,6.5,1.5
1783010190585,2026-07-02 18:36:30.585,C3:00:00:63:4D:07,-61,127,1.5,6.5,1.5
1783010190587,2026-07-02 18:36:30.587,C3:00:00:63:4D:04,-62,127,1.5,6.5,1.5
1783010190595,2026-07-02 18:36:30.595,C3:00:00:63:4D:08,-49,127,1.5,6.5,1.5
1783010190609,2026-07-02 18:36:30.609,C3:00:00:63:4D:09,-83,127,1.5,6.5,1.5
1783010190619,2026-07-02 18:36:30.619,C3:00:00:63:4D:0A,-75,127,1.5,6.5,1.5
1783010190651,2026-07-02 18:36:30.651,C3:00:00:63:4D:0D,-62,127,1.5,6.5,1.5
1783010190686,2026-07-02 18:36:30.686,C3:00:00:63:4D:05,-59,127,1.5,6.5,1.5
1783010190691,2026-07-02 18:36:30.691,C3:00:00:63:4D:04,-65,127,1.5,6.5,1.5
1783010190704,2026-07-02 18:36:30.704,C3:00:00:63:4D:08,-42,127,1.5,6.5,1.5
1783010190723,2026-07-02 18:36:30.723,C3:00:00:63:4D:09,-62,127,1.5,6.5,1.5
1783010190733,2026-07-02 18:36:30.733,C3:00:00:63:4D:0A,-62,127,1.5,6.5,1.5
1783010190751,2026-07-02 18:36:30.751,C3:00:00:63:4D:0D,-61,127,1.5,6.5,1.5
1783010190801,2026-07-02 18:36:30.801,C3:00:00:63:4D:04,-60,127,1.5,6.5,1.5
1783010190834,2026-07-02 18:36:30.834,C3:00:00:63:4D:09,-73,127,1.5,6.5,1.5
1783010190843,2026-07-02 18:36:30.843,C3:00:00:63:4D:0A,-64,127,1.5,6.5,1.5
1783010190857,2026-07-02 18:36:30.857,C3:00:00:63:4D:0D,-67,127,1.5,6.5,1.5
1783010190902,2026-07-02 18:36:30.902,C3:00:00:63:4D:04,-60,127,1.5,6.5,1.5
1783010190915,2026-07-02 18:36:30.915,C3:00:00:63:4D:05,-59,127,1.5,6.5,1.5
1783010190921,2026-07-02 18:36:30.921,C3:00:00:63:4C:D2,-55,127,1.5,6.5,1.5
1783010190937,2026-07-02 18:36:30.937,C3:00:00:63:4D:0A,-76,127,1.5,6.5,1.5
1783010190942,2026-07-02 18:36:30.942,C3:00:00:63:4D:09,-73,127,1.5,6.5,1.5
1783010190947,2026-07-02 18:36:30.947,C3:00:00:63:4D:08,-43,127,1.5,6.5,1.5
1783010190954,2026-07-02 18:36:30.954,C3:00:00:63:4D:0A,-68,127,1.5,6.5,1.5
1783010190960,2026-07-02 18:36:30.960,C3:00:00:63:4D:0D,-59,127,1.5,6.5,1.5
1783010190961,2026-07-02 18:36:30.961,C3:00:00:63:4D:08,-54,127,1.5,6.5,1.5
1783010191024,2026-07-02 18:36:31.024,C3:00:00:63:4D:08,-51,127,1.5,6.5,1.5
1783010191028,2026-07-02 18:36:31.028,C3:00:00:63:4D:05,-60,127,1.5,6.5,1.5
1783010191032,2026-07-02 18:36:31.032,C3:00:00:63:4D:07,-68,127,1.5,6.5,1.5
1783010191034,2026-07-02 18:36:31.034,C3:00:00:63:4D:09,-69,127,1.5,6.5,1.5
1783010191049,2026-07-02 18:36:31.049,C3:00:00:63:4D:09,-68,127,1.5,6.5,1.5
1783010191091,2026-07-02 18:36:31.091,C3:00:00:63:4C:D2,-73,127,1.5,6.5,1.5
1783010191124,2026-07-02 18:36:31.124,C3:00:00:63:4D:04,-65,127,1.5,6.5,1.5
1783010191133,2026-07-02 18:36:31.133,C3:00:00:63:4D:08,-50,127,1.5,6.5,1.5
1783010191146,2026-07-02 18:36:31.146,C3:00:00:63:4D:05,-64,127,1.5,6.5,1.5
1783010191153,2026-07-02 18:36:31.153,C3:00:00:63:4C:D2,-73,127,1.5,6.5,1.5
1783010191171,2026-07-02 18:36:31.171,C3:00:00:63:4D:0D,-55,127,1.5,6.5,1.5
1783010191174,2026-07-02 18:36:31.174,C3:00:00:63:4D:09,-66,127,1.5,6.5,1.5
1783010191178,2026-07-02 18:36:31.178,C3:00:00:63:4D:0A,-68,127,1.5,6.5,1.5
1783010191199,2026-07-02 18:36:31.199,C3:00:00:63:4D:0A,-67,127,1.5,6.5,1.5
1783010191206,2026-07-02 18:36:31.206,C3:00:00:63:4D:05,-70,127,1.5,6.5,1.5
1783010191238,2026-07-02 18:36:31.238,C3:00:00:63:4D:04,-63,127,1.5,6.5,1.5
1783010191244,2026-07-02 18:36:31.244,C3:00:00:63:4C:D2,-56,127,1.5,6.5,1.5
1783010191248,2026-07-02 18:36:31.248,C3:00:00:63:4D:08,-45,127,1.5,6.5,1.5
1783010191260,2026-07-02 18:36:31.260,C3:00:00:63:4D:05,-59,127,1.5,6.5,1.5
1783010191270,2026-07-02 18:36:31.270,C3:00:00:63:4C:D2,-56,127,1.5,6.5,1.5
1783010191274,2026-07-02 18:36:31.274,C3:00:00:63:4D:0D,-60,127,1.5,6.5,1.5
1783010191283,2026-07-02 18:36:31.283,C3:00:00:63:4D:09,-68,127,1.5,6.5,1.5
1783010191298,2026-07-02 18:36:31.298,C3:00:00:63:4D:0A,-66,127,1.5,6.5,1.5
1783010191342,2026-07-02 18:36:31.342,C3:00:00:63:4D:04,-60,127,1.5,6.5,1.5
1783010191354,2026-07-02 18:36:31.354,C3:00:00:63:4D:08,-52,127,1.5,6.5,1.5
1783010191374,2026-07-02 18:36:31.374,C3:00:00:63:4D:05,-60,127,1.5,6.5,1.5
1783010191378,2026-07-02 18:36:31.378,C3:00:00:63:4C:D2,-65,127,1.5,6.5,1.5
1783010191404,2026-07-02 18:36:31.404,C3:00:00:63:4D:09,-62,127,1.5,6.5,1.5
1783010191408,2026-07-02 18:36:31.408,C3:00:00:63:4D:0A,-60,127,1.5,6.5,1.5
1783010191428,2026-07-02 18:36:31.428,C3:00:00:63:4D:0D,-56,127,1.5,6.5,1.5
1783010191444,2026-07-02 18:36:31.444,C3:00:00:63:4D:04,-63,127,1.5,6.5,1.5
1783010191464,2026-07-02 18:36:31.464,C3:00:00:63:4D:08,-53,127,1.5,6.5,1.5
1783010191482,2026-07-02 18:36:31.482,C3:00:00:63:4D:0D,-54,127,1.5,6.5,1.5
1783010191492,2026-07-02 18:36:31.492,C3:00:00:63:4D:07,-62,127,1.5,6.5,1.5
1783010191505,2026-07-02 18:36:31.505,C3:00:00:63:4C:D2,-68,127,1.5,6.5,1.5
1783010191519,2026-07-02 18:36:31.519,C3:00:00:63:4D:04,-59,127,1.5,6.5,1.5
1783010191538,2026-07-02 18:36:31.538,C3:00:00:63:4D:04,-59,127,1.5,6.5,1.5
1783010191565,2026-07-02 18:36:31.565,C3:00:00:63:4D:04,-60,127,1.5,6.5,1.5
1783010191570,2026-07-02 18:36:31.570,C3:00:00:63:4D:08,-44,127,1.5,6.5,1.5
1783010191595,2026-07-02 18:36:31.595,C3:00:00:63:4D:0D,-53,127,1.5,6.5,1.5
1783010191607,2026-07-02 18:36:31.607,C3:00:00:63:4D:05,-56,127,1.5,6.5,1.5
1783010191623,2026-07-02 18:36:31.623,C3:00:00:63:4D:07,-67,127,1.5,6.5,1.5
1783010191626,2026-07-02 18:36:31.626,C3:00:00:63:4C:D2,-74,127,1.5,6.5,1.5
1783010191671,2026-07-02 18:36:31.671,C3:00:00:63:4D:04,-60,127,1.5,6.5,1.5
1783010191688,2026-07-02 18:36:31.688,C3:00:00:63:4D:08,-47,127,1.5,6.5,1.5
1783010191698,2026-07-02 18:36:31.698,C3:00:00:63:4D:0D,-56,127,1.5,6.5,1.5
1783010191724,2026-07-02 18:36:31.724,C3:00:00:63:4D:05,-65,127,1.5,6.5,1.5
1783010191728,2026-07-02 18:36:31.728,C3:00:00:63:4D:07,-64,127,1.5,6.5,1.5
1783010191734,2026-07-02 18:36:31.734,C3:00:00:63:4C:D2,-67,127,1.5,6.5,1.5
1783010191742,2026-07-02 18:36:31.742,C3:00:00:63:4D:0A,-66,127,1.5,6.5,1.5
1783010191749,2026-07-02 18:36:31.749,C3:00:00:63:4D:09,-68,127,1.5,6.5,1.5
1783010191780,2026-07-02 18:36:31.780,C3:00:00:63:4D:04,-65,127,1.5,6.5,1.5
1783010191797,2026-07-02 18:36:31.797,C3:00:00:63:4D:08,-50,127,1.5,6.5,1.5
1783010191801,2026-07-02 18:36:31.801,C3:00:00:63:4D:04,-72,127,1.5,6.5,1.5
1783010191807,2026-07-02 18:36:31.807,C3:00:00:63:4D:0D,-55,127,1.5,6.5,1.5
1783010191836,2026-07-02 18:36:31.836,C3:00:00:63:4D:05,-65,127,1.5,6.5,1.5
1783010191842,2026-07-02 18:36:31.842,C3:00:00:63:4D:09,-87,127,1.5,6.5,1.5
1783010191848,2026-07-02 18:36:31.848,C3:00:00:63:4C:D2,-55,127,1.5,6.5,1.5
1783010191852,2026-07-02 18:36:31.852,C3:00:00:63:4D:07,-67,127,1.5,6.5,1.5
1783010191902,2026-07-02 18:36:31.902,C3:00:00:63:4D:08,-48,127,1.5,6.5,1.5
1783010191906,2026-07-02 18:36:31.906,C3:00:00:63:4D:0D,-56,127,1.5,6.5,1.5
1783010191958,2026-07-02 18:36:31.958,C3:00:00:63:4C:D2,-66,127,1.5,6.5,1.5
1783010191980,2026-07-02 18:36:31.980,C3:00:00:63:4D:0A,-61,127,1.5,6.5,1.5
1783010191984,2026-07-02 18:36:31.984,C3:00:00:63:4D:09,-62,127,1.5,6.5,1.5
1783010192000,2026-07-02 18:36:32.000,C3:00:00:63:4D:04,-60,127,1.5,6.5,1.5
1783010192008,2026-07-02 18:36:32.008,C3:00:00:63:4D:0A,-61,127,1.5,6.5,1.5
1783010192010,2026-07-02 18:36:32.010,C3:00:00:63:4D:08,-48,127,1.5,6.5,1.5
1783010192014,2026-07-02 18:36:32.014,C3:00:00:63:4D:0D,-55,127,1.5,6.5,1.5
1783010192058,2026-07-02 18:36:32.058,C3:00:00:63:4D:05,-60,127,1.5,6.5,1.5
1783010192067,2026-07-02 18:36:32.067,C3:00:00:63:4D:0D,-63,127,1.5,6.5,1.5
1783010192073,2026-07-02 18:36:32.073,C3:00:00:63:4C:D2,-65,127,1.5,6.5,1.5
1783010192076,2026-07-02 18:36:32.076,C3:00:00:63:4D:07,-67,127,1.5,6.5,1.5
1783010192100,2026-07-02 18:36:32.100,C3:00:00:63:4D:04,-59,127,1.5,6.5,1.5
1783010192116,2026-07-02 18:36:32.116,C3:00:00:63:4D:0D,-54,127,1.5,6.5,1.5
1783010192126,2026-07-02 18:36:32.126,C3:00:00:63:4D:08,-44,127,1.5,6.5,1.5
1783010192175,2026-07-02 18:36:32.175,C3:00:00:63:4D:05,-60,127,1.5,6.5,1.5
1783010192189,2026-07-02 18:36:32.189,C3:00:00:63:4C:D2,-55,127,1.5,6.5,1.5
1783010192195,2026-07-02 18:36:32.195,C3:00:00:63:4D:0A,-64,127,1.5,6.5,1.5
1783010192199,2026-07-02 18:36:32.199,C3:00:00:63:4D:09,-70,127,1.5,6.5,1.5
1783010192221,2026-07-02 18:36:32.221,C3:00:00:63:4D:08,-45,127,1.5,6.5,1.5
1783010192288,2026-07-02 18:36:32.288,C3:00:00:63:4D:05,-68,127,1.5,6.5,1.5
1783010192302,2026-07-02 18:36:32.302,C3:00:00:63:4C:D2,-70,127,1.5,6.5,1.5
1783010192307,2026-07-02 18:36:32.307,C3:00:00:63:4D:07,-76,127,1.5,6.5,1.5
1783010192315,2026-07-02 18:36:32.315,C3:00:00:63:4D:0A,-61,127,1.5,6.5,1.5
1783010192321,2026-07-02 18:36:32.321,C3:00:00:63:4D:09,-70,127,1.5,6.5,1.5
1783010192325,2026-07-02 18:36:32.325,C3:00:00:63:4D:04,-64,127,1.5,6.5,1.5
1783010192332,2026-07-02 18:36:32.332,C3:00:00:63:4D:0D,-54,127,1.5,6.5,1.5
1783010192436,2026-07-02 18:36:32.436,C3:00:00:63:4D:0D,-57,127,1.5,6.5,1.5
1783010192452,2026-07-02 18:36:32.452,C3:00:00:63:4D:08,-54,127,1.5,6.5,1.5
1783010192483,2026-07-02 18:36:32.483,C3:00:00:63:4D:07,-68,127,1.5,6.5,1.5
1783010192517,2026-07-02 18:36:32.517,C3:00:00:63:4D:04,-58,127,1.5,6.5,1.5
1783010192526,2026-07-02 18:36:32.526,C3:00:00:63:4D:05,-63,127,1.5,6.5,1.5
1783010192536,2026-07-02 18:36:32.536,C3:00:00:63:4C:D2,-65,127,1.5,6.5,1.5
1783010192542,2026-07-02 18:36:32.542,C3:00:00:63:4D:0A,-62,127,1.5,6.5,1.5
1783010192549,2026-07-02 18:36:32.549,C3:00:00:63:4C:D2,-65,127,1.5,6.5,1.5
1783010192640,2026-07-02 18:36:32.640,C3:00:00:63:4D:05,-60,127,1.5,6.5,1.5
1783010192642,2026-07-02 18:36:32.642,C3:00:00:63:4D:0D,-56,127,1.5,6.5,1.5
1783010192645,2026-07-02 18:36:32.645,C3:00:00:63:4D:04,-63,127,1.5,6.5,1.5
1783010192650,2026-07-02 18:36:32.650,C3:00:00:63:4C:D2,-69,127,1.5,6.5,1.5
1783010192654,2026-07-02 18:36:32.654,C3:00:00:63:4D:07,-62,127,1.5,6.5,1.5
1783010192670,2026-07-02 18:36:32.670,C3:00:00:63:4D:08,-55,127,1.5,6.5,1.5
1783010192746,2026-07-02 18:36:32.746,C3:00:00:63:4D:0D,-54,127,1.5,6.5,1.5
1783010192815,2026-07-02 18:36:32.815,C3:00:00:63:4D:0D,-55,127,1.5,6.5,1.5
1783010192864,2026-07-02 18:36:32.864,C3:00:00:63:4D:04,-59,127,1.5,6.5,1.5
1783010192876,2026-07-02 18:36:32.876,C3:00:00:63:4D:08,-49,127,1.5,6.5,1.5
1783010192889,2026-07-02 18:36:32.889,C3:00:00:63:4D:09,-63,127,1.5,6.5,1.5
1783010192957,2026-07-02 18:36:32.957,C3:00:00:63:4D:0D,-58,127,1.5,6.5,1.5
1783010192990,2026-07-02 18:36:32.990,C3:00:00:63:4C:D2,-69,127,1.5,6.5,1.5
1783010193000,2026-07-02 18:36:33.000,C3:00:00:63:4D:09,-71,127,1.5,6.5,1.5
1783010193038,2026-07-02 18:36:33.038,C3:00:00:63:4D:09,-66,127,1.5,6.5,1.5
1783010193089,2026-07-02 18:36:33.089,C3:00:00:63:4D:04,-62,127,1.5,6.5,1.5
1783010193099,2026-07-02 18:36:33.099,C3:00:00:63:4D:08,-46,127,1.5,6.5,1.5
1783010193105,2026-07-02 18:36:33.105,C3:00:00:63:4D:0A,-71,127,1.5,6.5,1.5
1783010193115,2026-07-02 18:36:33.115,C3:00:00:63:4D:09,-68,127,1.5,6.5,1.5
1783010193159,2026-07-02 18:36:33.159,C3:00:00:63:4D:0D,-58,127,1.5,6.5,1.5
1783010193183,2026-07-02 18:36:33.183,C3:00:00:63:4D:0A,-62,127,1.5,6.5,1.5
1783010193207,2026-07-02 18:36:33.207,C3:00:00:63:4D:04,-58,127,1.5,6.5,1.5
1783010193208,2026-07-02 18:36:33.208,C3:00:00:63:4D:05,-58,127,1.5,6.5,1.5
1783010193215,2026-07-02 18:36:33.215,C3:00:00:63:4D:08,-46,127,1.5,6.5,1.5
1783010193227,2026-07-02 18:36:33.227,C3:00:00:63:4D:0A,-60,127,1.5,6.5,1.5
1783010193228,2026-07-02 18:36:33.228,C3:00:00:63:4C:D2,-72,127,1.5,6.5,1.5
1783010193230,2026-07-02 18:36:33.230,C3:00:00:63:4D:07,-66,127,1.5,6.5,1.5
1783010193231,2026-07-02 18:36:33.231,C3:00:00:63:4D:05,-61,127,1.5,6.5,1.5
1783010193232,2026-07-02 18:36:33.232,C3:00:00:63:4D:09,-67,127,1.5,6.5,1.5
1783010193238,2026-07-02 18:36:33.238,C3:00:00:63:4C:D2,-71,127,1.5,6.5,1.5
1783010193262,2026-07-02 18:36:33.262,C3:00:00:63:4D:0D,-57,127,1.5,6.5,1.5
1783010193295,2026-07-02 18:36:33.295,C3:00:00:63:4D:04,-61,127,1.5,6.5,1.5
1783010193316,2026-07-02 18:36:33.316,C3:00:00:63:4D:08,-47,127,1.5,6.5,1.5
1783010193324,2026-07-02 18:36:33.324,C3:00:00:63:4D:0A,-67,127,1.5,6.5,1.5
1783010193329,2026-07-02 18:36:33.329,C3:00:00:63:4D:05,-57,127,1.5,6.5,1.5
1783010193342,2026-07-02 18:36:33.342,C3:00:00:63:4D:07,-71,127,1.5,6.5,1.5
1783010193350,2026-07-02 18:36:33.350,C3:00:00:63:4C:D2,-58,127,1.5,6.5,1.5
1783010193351,2026-07-02 18:36:33.351,C3:00:00:63:4D:09,-69,127,1.5,6.5,1.5
1783010193352,2026-07-02 18:36:33.352,C3:00:00:63:4D:08,-47,127,1.5,6.5,1.5
1783010193409,2026-07-02 18:36:33.409,C3:00:00:63:4D:04,-57,127,1.5,6.5,1.5
1783010193422,2026-07-02 18:36:33.422,C3:00:00:63:4D:0A,-60,127,1.5,6.5,1.5
1783010193430,2026-07-02 18:36:33.430,C3:00:00:63:4D:08,-46,127,1.5,6.5,1.5
1783010193441,2026-07-02 18:36:33.441,C3:00:00:63:4D:0D,-56,127,1.5,6.5,1.5
1783010193445,2026-07-02 18:36:33.445,C3:00:00:63:4D:05,-58,127,1.5,6.5,1.5
1783010193451,2026-07-02 18:36:33.451,C3:00:00:63:4D:0A,-59,127,1.5,6.5,1.5
1783010193452,2026-07-02 18:36:33.452,C3:00:00:63:4D:07,-74,127,1.5,6.5,1.5
1783010193456,2026-07-02 18:36:33.456,C3:00:00:63:4C:D2,-65,127,1.5,6.5,1.5
1783010193457,2026-07-02 18:36:33.457,C3:00:00:63:4D:09,-69,127,1.5,6.5,1.5
1783010193472,2026-07-02 18:36:33.472,C3:00:00:63:4D:0D,-57,127,1.5,6.5,1.5
1783010193495,2026-07-02 18:36:33.495,C3:00:00:63:4C:D2,-64,127,1.5,6.5,1.5
1783010193517,2026-07-02 18:36:33.517,C3:00:00:63:4D:04,-62,127,1.5,6.5,1.5
1783010193538,2026-07-02 18:36:33.538,C3:00:00:63:4D:08,-65,127,1.5,6.5,1.5
1783010193546,2026-07-02 18:36:33.546,C3:00:00:63:4D:04,-61,127,1.5,6.5,1.5
1783010193550,2026-07-02 18:36:33.550,C3:00:00:63:4D:0A,-60,127,1.5,6.5,1.5
1783010193559,2026-07-02 18:36:33.559,C3:00:00:63:4D:05,-68,127,1.5,6.5,1.5
1783010193561,2026-07-02 18:36:33.561,C3:00:00:63:4D:04,-60,127,1.5,6.5,1.5
1783010193571,2026-07-02 18:36:33.571,C3:00:00:63:4D:09,-67,127,1.5,6.5,1.5
1783010193577,2026-07-02 18:36:33.577,C3:00:00:63:4D:08,-53,127,1.5,6.5,1.5
1783010193587,2026-07-02 18:36:33.587,C3:00:00:63:4D:0D,-53,127,1.5,6.5,1.5
1783010193607,2026-07-02 18:36:33.607,C3:00:00:63:4D:07,-70,127,1.5,6.5,1.5
1783010193650,2026-07-02 18:36:33.650,C3:00:00:63:4D:08,-45,127,1.5,6.5,1.5
1783010193671,2026-07-02 18:36:33.671,C3:00:00:63:4D:0A,-71,127,1.5,6.5,1.5
1783010193675,2026-07-02 18:36:33.675,C3:00:00:63:4D:05,-60,127,1.5,6.5,1.5
1783010193691,2026-07-02 18:36:33.691,C3:00:00:63:4D:07,-78,127,1.5,6.5,1.5
1783010193692,2026-07-02 18:36:33.692,C3:00:00:63:4C:D2,-58,127,1.5,6.5,1.5
1783010193695,2026-07-02 18:36:33.695,C3:00:00:63:4D:09,-67,127,1.5,6.5,1.5
1783010193697,2026-07-02 18:36:33.697,C3:00:00:63:4D:0D,-56,127,1.5,6.5,1.5
1783010193738,2026-07-02 18:36:33.738,C3:00:00:63:4D:04,-60,127,1.5,6.5,1.5
1783010193753,2026-07-02 18:36:33.753,C3:00:00:63:4D:08,-49,127,1.5,6.5,1.5
1783010193777,2026-07-02 18:36:33.777,C3:00:00:63:4D:0A,-59,127,1.5,6.5,1.5
1783010193786,2026-07-02 18:36:33.786,C3:00:00:63:4D:05,-58,127,1.5,6.5,1.5
1783010193802,2026-07-02 18:36:33.802,C3:00:00:63:4C:D2,-65,127,1.5,6.5,1.5
1783010193804,2026-07-02 18:36:33.804,C3:00:00:63:4D:09,-62,127,1.5,6.5,1.5
1783010193845,2026-07-02 18:36:33.845,C3:00:00:63:4D:04,-62,127,1.5,6.5,1.5
1783010193869,2026-07-02 18:36:33.869,C3:00:00:63:4D:08,-48,127,1.5,6.5,1.5
1783010193896,2026-07-02 18:36:33.896,C3:00:00:63:4D:0A,-61,127,1.5,6.5,1.5
1783010193901,2026-07-02 18:36:33.901,C3:00:00:63:4D:0D,-55,127,1.5,6.5,1.5
1783010193906,2026-07-02 18:36:33.906,C3:00:00:63:4D:05,-70,127,1.5,6.5,1.5
1783010193909,2026-07-02 18:36:33.909,C3:00:00:63:4C:D2,-55,127,1.5,6.5,1.5
1783010193918,2026-07-02 18:36:33.918,C3:00:00:63:4D:09,-64,127,1.5,6.5,1.5
1783010193919,2026-07-02 18:36:33.919,C3:00:00:63:4D:07,-63,127,1.5,6.5,1.5
1783010193930,2026-07-02 18:36:33.930,C3:00:00:63:4D:07,-61,127,1.5,6.5,1.5
1783010193955,2026-07-02 18:36:33.955,C3:00:00:63:4D:04,-60,127,1.5,6.5,1.5
1783010193984,2026-07-02 18:36:33.984,C3:00:00:63:4D:08,-47,127,1.5,6.5,1.5
1783010193992,2026-07-02 18:36:33.992,C3:00:00:63:4D:0A,-64,127,1.5,6.5,1.5
1783010193997,2026-07-02 18:36:33.997,C3:00:00:63:4D:05,-61,127,1.5,6.5,1.5
1783010194011,2026-07-02 18:36:34.011,C3:00:00:63:4D:0A,-65,127,1.5,6.5,1.5
1783010194021,2026-07-02 18:36:34.021,C3:00:00:63:4D:0D,-54,127,1.5,6.5,1.5
1783010194022,2026-07-02 18:36:34.022,C3:00:00:63:4D:05,-60,127,1.5,6.5,1.5
1783010194025,2026-07-02 18:36:34.025,C3:00:00:63:4C:D2,-65,127,1.5,6.5,1.5
1783010194064,2026-07-02 18:36:34.064,C3:00:00:63:4D:04,-63,127,1.5,6.5,1.5
1783010194078,2026-07-02 18:36:34.078,C3:00:00:63:4D:08,-46,127,1.5,6.5,1.5
1783010194112,2026-07-02 18:36:34.112,C3:00:00:63:4D:0D,-58,127,1.5,6.5,1.5
1783010194118,2026-07-02 18:36:34.118,C3:00:00:63:4D:0A,-61,127,1.5,6.5,1.5
1783010194140,2026-07-02 18:36:34.140,C3:00:00:63:4D:05,-67,127,1.5,6.5,1.5
1783010194146,2026-07-02 18:36:34.146,C3:00:00:63:4D:07,-60,127,1.5,6.5,1.5
1783010194178,2026-07-02 18:36:34.178,C3:00:00:63:4D:04,-80,127,1.5,6.5,1.5
1783010194194,2026-07-02 18:36:34.194,C3:00:00:63:4D:08,-52,127,1.5,6.5,1.5
1783010194215,2026-07-02 18:36:34.215,C3:00:00:63:4D:0D,-54,127,1.5,6.5,1.5
1783010194234,2026-07-02 18:36:34.234,C3:00:00:63:4D:0A,-70,127,1.5,6.5,1.5
1783010194255,2026-07-02 18:36:34.255,C3:00:00:63:4D:05,-55,127,1.5,6.5,1.5
1783010194261,2026-07-02 18:36:34.261,C3:00:00:63:4C:D2,-57,127,1.5,6.5,1.5
1783010194264,2026-07-02 18:36:34.264,C3:00:00:63:4D:07,-70,127,1.5,6.5,1.5
1783010194282,2026-07-02 18:36:34.282,C3:00:00:63:4D:04,-61,127,1.5,6.5,1.5
1783010194298,2026-07-02 18:36:34.298,C3:00:00:63:4D:08,-46,127,1.5,6.5,1.5
1783010194327,2026-07-02 18:36:34.327,C3:00:00:63:4D:0D,-59,127,1.5,6.5,1.5
1783010194344,2026-07-02 18:36:34.344,C3:00:00:63:4D:0A,-61,127,1.5,6.5,1.5
1783010194367,2026-07-02 18:36:34.367,C3:00:00:63:4D:05,-61,127,1.5,6.5,1.5
1783010194371,2026-07-02 18:36:34.371,C3:00:00:63:4D:09,-62,127,1.5,6.5,1.5
1783010194376,2026-07-02 18:36:34.376,C3:00:00:63:4D:07,-69,127,1.5,6.5,1.5
1783010194380,2026-07-02 18:36:34.380,C3:00:00:63:4C:D2,-62,127,1.5,6.5,1.5
1783010194388,2026-07-02 18:36:34.388,C3:00:00:63:4D:07,-61,127,1.5,6.5,1.5
1783010194407,2026-07-02 18:36:34.407,C3:00:00:63:4D:08,-49,127,1.5,6.5,1.5
1783010194431,2026-07-02 18:36:34.431,C3:00:00:63:4D:0D,-58,127,1.5,6.5,1.5
1783010194456,2026-07-02 18:36:34.456,C3:00:00:63:4D:0A,-61,127,1.5,6.5,1.5
1783010194478,2026-07-02 18:36:34.478,C3:00:00:63:4D:05,-69,127,1.5,6.5,1.5
1783010194489,2026-07-02 18:36:34.489,C3:00:00:63:4C:D2,-67,127,1.5,6.5,1.5
1783010194492,2026-07-02 18:36:34.492,C3:00:00:63:4D:09,-69,127,1.5,6.5,1.5
1783010194500,2026-07-02 18:36:34.500,C3:00:00:63:4D:07,-61,127,1.5,6.5,1.5
1783010194507,2026-07-02 18:36:34.507,C3:00:00:63:4D:04,-73,127,1.5,6.5,1.5
1783010194510,2026-07-02 18:36:34.510,C3:00:00:63:4D:07,-64,127,1.5,6.5,1.5
1783010194518,2026-07-02 18:36:34.518,C3:00:00:63:4D:08,-48,127,1.5,6.5,1.5
1783010194524,2026-07-02 18:36:34.524,C3:00:00:63:4D:0D,-52,127,1.5,6.5,1.5
1783010194577,2026-07-02 18:36:34.577,C3:00:00:63:4D:0A,-78,127,1.5,6.5,1.5
1783010194603,2026-07-02 18:36:34.603,C3:00:00:63:4D:09,-63,127,1.5,6.5,1.5
1783010194610,2026-07-02 18:36:34.610,C3:00:00:63:4D:07,-66,127,1.5,6.5,1.5
1783010194612,2026-07-02 18:36:34.612,C3:00:00:63:4C:D2,-55,127,1.5,6.5,1.5
1783010194614,2026-07-02 18:36:34.614,C3:00:00:63:4D:04,-62,127,1.5,6.5,1.5
1783010194623,2026-07-02 18:36:34.623,C3:00:00:63:4D:08,-48,127,1.5,6.5,1.5
1783010194630,2026-07-02 18:36:34.630,C3:00:00:63:4D:0D,-54,127,1.5,6.5,1.5
1783010194680,2026-07-02 18:36:34.680,C3:00:00:63:4D:0A,-60,127,1.5,6.5,1.5
1783010194708,2026-07-02 18:36:34.708,C3:00:00:63:4D:05,-56,127,1.5,6.5,1.5
1783010194715,2026-07-02 18:36:34.715,C3:00:00:63:4D:09,-62,127,1.5,6.5,1.5
1783010194719,2026-07-02 18:36:34.719,C3:00:00:63:4D:04,-63,127,1.5,6.5,1.5
1783010194724,2026-07-02 18:36:34.724,C3:00:00:63:4D:07,-62,127,1.5,6.5,1.5
1783010194733,2026-07-02 18:36:34.733,C3:00:00:63:4D:08,-51,127,1.5,6.5,1.5
1783010194739,2026-07-02 18:36:34.739,C3:00:00:63:4D:0D,-58,127,1.5,6.5,1.5
1783010194799,2026-07-02 18:36:34.799,C3:00:00:63:4D:0A,-60,127,1.5,6.5,1.5
1783010194821,2026-07-02 18:36:34.821,C3:00:00:63:4D:0D,-52,127,1.5,6.5,1.5
1783010194843,2026-07-02 18:36:34.843,C3:00:00:63:4D:04,-56,127,1.5,6.5,1.5
1783010194845,2026-07-02 18:36:34.845,C3:00:00:63:4D:08,-46,127,1.5,6.5,1.5
1783010194848,2026-07-02 18:36:34.848,C3:00:00:63:4D:0D,-49,127,1.5,6.5,1.5
1783010194936,2026-07-02 18:36:34.936,C3:00:00:63:4D:09,-64,127,1.5,6.5,1.5
1783010194942,2026-07-02 18:36:34.942,C3:00:00:63:4D:08,-49,127,1.5,6.5,1.5
1783010194948,2026-07-02 18:36:34.948,C3:00:00:63:4D:05,-57,127,1.5,6.5,1.5
1783010194956,2026-07-02 18:36:34.956,C3:00:00:63:4D:0A,-74,127,1.5,6.5,1.5
1783010194960,2026-07-02 18:36:34.960,C3:00:00:63:4D:0D,-59,127,1.5,6.5,1.5
1783010194962,2026-07-02 18:36:34.962,C3:00:00:63:4D:08,-56,127,1.5,6.5,1.5
1783010194976,2026-07-02 18:36:34.976,C3:00:00:63:4D:08,-50,127,1.5,6.5,1.5
1783010195022,2026-07-02 18:36:35.022,C3:00:00:63:4D:0A,-67,127,1.5,6.5,1.5
1783010195046,2026-07-02 18:36:35.046,C3:00:00:63:4D:09,-63,127,1.5,6.5,1.5
1783010195051,2026-07-02 18:36:35.051,C3:00:00:63:4D:04,-63,127,1.5,6.5,1.5
1783010195085,2026-07-02 18:36:35.085,C3:00:00:63:4D:09,-63,127,1.5,6.5,1.5
1783010195106,2026-07-02 18:36:35.106,C3:00:00:63:4C:D2,-73,127,1.5,6.5,1.5
1783010195135,2026-07-02 18:36:35.135,C3:00:00:63:4D:0A,-76,127,1.5,6.5,1.5
1783010195158,2026-07-02 18:36:35.158,C3:00:00:63:4D:04,-60,127,1.5,6.5,1.5
1783010195162,2026-07-02 18:36:35.162,C3:00:00:63:4D:0D,-55,127,1.5,6.5,1.5
1783010195167,2026-07-02 18:36:35.167,C3:00:00:63:4D:09,-62,127,1.5,6.5,1.5
1783010195171,2026-07-02 18:36:35.171,C3:00:00:63:4D:08,-46,127,1.5,6.5,1.5
1783010195175,2026-07-02 18:36:35.175,C3:00:00:63:4D:07,-68,127,1.5,6.5,1.5
1783010195181,2026-07-02 18:36:35.181,C3:00:00:63:4C:D2,-56,127,1.5,6.5,1.5
1783010195246,2026-07-02 18:36:35.246,C3:00:00:63:4C:D2,-74,127,1.5,6.5,1.5
1783010195251,2026-07-02 18:36:35.251,C3:00:00:63:4D:0A,-62,127,1.5,6.5,1.5
1783010195268,2026-07-02 18:36:35.268,C3:00:00:63:4D:0D,-56,127,1.5,6.5,1.5
1783010195280,2026-07-02 18:36:35.280,C3:00:00:63:4D:09,-64,127,1.5,6.5,1.5
1783010195289,2026-07-02 18:36:35.289,C3:00:00:63:4D:05,-58,127,1.5,6.5,1.5
1783010195295,2026-07-02 18:36:35.295,C3:00:00:63:4D:08,-48,127,1.5,6.5,1.5
1783010195296,2026-07-02 18:36:35.296,C3:00:00:63:4D:07,-63,127,1.5,6.5,1.5
1783010195363,2026-07-02 18:36:35.363,C3:00:00:63:4D:0A,-65,127,1.5,6.5,1.5
1783010195365,2026-07-02 18:36:35.365,C3:00:00:63:4D:08,-46,127,1.5,6.5,1.5
1783010195371,2026-07-02 18:36:35.371,C3:00:00:63:4D:0D,-54,127,1.5,6.5,1.5
1783010195379,2026-07-02 18:36:35.379,C3:00:00:63:4D:04,-63,127,1.5,6.5,1.5
1783010195391,2026-07-02 18:36:35.391,C3:00:00:63:4D:08,-48,127,1.5,6.5,1.5
1783010195399,2026-07-02 18:36:35.399,C3:00:00:63:4D:09,-68,127,1.5,6.5,1.5
1783010195410,2026-07-02 18:36:35.410,C3:00:00:63:4D:05,-73,127,1.5,6.5,1.5
1783010195416,2026-07-02 18:36:35.416,C3:00:00:63:4D:07,-63,127,1.5,6.5,1.5
1783010195421,2026-07-02 18:36:35.421,C3:00:00:63:4C:D2,-56,127,1.5,6.5,1.5
1783010195442,2026-07-02 18:36:35.442,C3:00:00:63:4D:0D,-57,127,1.5,6.5,1.5
1783010195478,2026-07-02 18:36:35.478,C3:00:00:63:4D:0A,-66,127,1.5,6.5,1.5
1783010195483,2026-07-02 18:36:35.483,C3:00:00:63:4D:0D,-54,127,1.5,6.5,1.5
1783010195491,2026-07-02 18:36:35.491,C3:00:00:63:4D:04,-57,127,1.5,6.5,1.5
1783010195504,2026-07-02 18:36:35.504,C3:00:00:63:4D:08,-46,127,1.5,6.5,1.5
1783010195512,2026-07-02 18:36:35.512,C3:00:00:63:4C:D2,-56,127,1.5,6.5,1.5
1783010195514,2026-07-02 18:36:35.514,C3:00:00:63:4D:05,-62,127,1.5,6.5,1.5
1783010195519,2026-07-02 18:36:35.519,C3:00:00:63:4D:07,-66,127,1.5,6.5,1.5
1783010195528,2026-07-02 18:36:35.528,C3:00:00:63:4C:D2,-67,127,1.5,6.5,1.5
1783010195540,2026-07-02 18:36:35.540,C3:00:00:63:4D:04,-58,127,1.5,6.5,1.5
1783010195562,2026-07-02 18:36:35.562,C3:00:00:63:4D:04,-58,127,1.5,6.5,1.5
1783010195581,2026-07-02 18:36:35.581,C3:00:00:63:4D:0D,-56,127,1.5,6.5,1.5
1783010195593,2026-07-02 18:36:35.593,C3:00:00:63:4D:08,-51,127,1.5,6.5,1.5
1783010195604,2026-07-02 18:36:35.604,C3:00:00:63:4D:04,-58,127,1.5,6.5,1.5
1783010195612,2026-07-02 18:36:35.612,C3:00:00:63:4D:08,-51,127,1.5,6.5,1.5
1783010195626,2026-07-02 18:36:35.626,C3:00:00:63:4D:09,-65,127,1.5,6.5,1.5
1783010195634,2026-07-02 18:36:35.634,C3:00:00:63:4C:D2,-64,127,1.5,6.5,1.5
1783010195640,2026-07-02 18:36:35.640,C3:00:00:63:4D:07,-60,127,1.5,6.5,1.5
1783010195688,2026-07-02 18:36:35.688,C3:00:00:63:4D:0D,-54,127,1.5,6.5,1.5
1783010195699,2026-07-02 18:36:35.699,C3:00:00:63:4D:0A,-65,127,1.5,6.5,1.5
1783010195715,2026-07-02 18:36:35.715,C3:00:00:63:4D:04,-61,127,1.5,6.5,1.5
1783010195722,2026-07-02 18:36:35.722,C3:00:00:63:4D:08,-48,127,1.5,6.5,1.5
1783010195751,2026-07-02 18:36:35.751,C3:00:00:63:4D:05,-67,127,1.5,6.5,1.5
1783010195754,2026-07-02 18:36:35.754,C3:00:00:63:4C:D2,-55,127,1.5,6.5,1.5
1783010195759,2026-07-02 18:36:35.759,C3:00:00:63:4D:07,-67,127,1.5,6.5,1.5
1783010195784,2026-07-02 18:36:35.784,C3:00:00:63:4D:04,-67,127,1.5,6.5,1.5
1783010195791,2026-07-02 18:36:35.791,C3:00:00:63:4D:0D,-54,127,1.5,6.5,1.5
1783010195831,2026-07-02 18:36:35.831,C3:00:00:63:4D:08,-48,127,1.5,6.5,1.5
1783010195862,2026-07-02 18:36:35.862,C3:00:00:63:4D:05,-61,127,1.5,6.5,1.5
1783010195871,2026-07-02 18:36:35.871,C3:00:00:63:4D:07,-66,127,1.5,6.5,1.5
1783010195894,2026-07-02 18:36:35.894,C3:00:00:63:4D:0D,-56,127,1.5,6.5,1.5
1783010195925,2026-07-02 18:36:35.925,C3:00:00:63:4D:07,-59,127,1.5,6.5,1.5
1783010195932,2026-07-02 18:36:35.932,C3:00:00:63:4D:08,-47,127,1.5,6.5,1.5
1783010195966,2026-07-02 18:36:35.966,C3:00:00:63:4D:09,-85,127,1.5,6.5,1.5
1783010195991,2026-07-02 18:36:35.991,C3:00:00:63:4D:0A,-66,127,1.5,6.5,1.5
1783010196000,2026-07-02 18:36:36.000,C3:00:00:63:4D:0D,-52,127,1.5,6.5,1.5
1783010196030,2026-07-02 18:36:36.030,C3:00:00:63:4D:04,-58,127,1.5,6.5,1.5
1783010196046,2026-07-02 18:36:36.046,C3:00:00:63:4D:08,-43,127,1.5,6.5,1.5
1783010196070,2026-07-02 18:36:36.070,C3:00:00:63:4D:0D,-58,127,1.5,6.5,1.5
1783010196080,2026-07-02 18:36:36.080,C3:00:00:63:4D:09,-68,127,1.5,6.5,1.5
1783010196086,2026-07-02 18:36:36.086,C3:00:00:63:4D:05,-61,127,1.5,6.5,1.5
1783010196096,2026-07-02 18:36:36.096,C3:00:00:63:4D:07,-70,127,1.5,6.5,1.5
1783010196104,2026-07-02 18:36:36.104,C3:00:00:63:4D:0D,-53,127,1.5,6.5,1.5
1783010196107,2026-07-02 18:36:36.107,C3:00:00:63:4D:05,-61,127,1.5,6.5,1.5
1783010196144,2026-07-02 18:36:36.144,C3:00:00:63:4D:04,-58,127,1.5,6.5,1.5
1783010196150,2026-07-02 18:36:36.150,C3:00:00:63:4D:0A,-60,127,1.5,6.5,1.5
1783010196155,2026-07-02 18:36:36.155,C3:00:00:63:4D:08,-49,127,1.5,6.5,1.5
1783010196216,2026-07-02 18:36:36.216,C3:00:00:63:4C:D2,-74,127,1.5,6.5,1.5
1783010196222,2026-07-02 18:36:36.222,C3:00:00:63:4D:07,-61,127,1.5,6.5,1.5
1783010196228,2026-07-02 18:36:36.228,C3:00:00:63:4D:0D,-55,127,1.5,6.5,1.5
1783010196250,2026-07-02 18:36:36.250,C3:00:00:63:4D:04,-62,127,1.5,6.5,1.5
1783010196263,2026-07-02 18:36:36.263,C3:00:00:63:4D:08,-50,127,1.5,6.5,1.5
1783010196269,2026-07-02 18:36:36.269,C3:00:00:63:4D:0A,-66,127,1.5,6.5,1.5
1783010196308,2026-07-02 18:36:36.308,C3:00:00:63:4D:09,-64,127,1.5,6.5,1.5
1783010196324,2026-07-02 18:36:36.324,C3:00:00:63:4D:0D,-53,127,1.5,6.5,1.5
1783010196330,2026-07-02 18:36:36.330,C3:00:00:63:4D:05,-62,127,1.5,6.5,1.5
1783010196337,2026-07-02 18:36:36.337,C3:00:00:63:4D:07,-62,127,1.5,6.5,1.5
1783010196340,2026-07-02 18:36:36.340,C3:00:00:63:4C:D2,-61,127,1.5,6.5,1.5
1783010196359,2026-07-02 18:36:36.359,C3:00:00:63:4D:04,-59,127,1.5,6.5,1.5
1783010196372,2026-07-02 18:36:36.372,C3:00:00:63:4D:08,-50,127,1.5,6.5,1.5
1783010196380,2026-07-02 18:36:36.380,C3:00:00:63:4D:0A,-78,127,1.5,6.5,1.5
1783010196421,2026-07-02 18:36:36.421,C3:00:00:63:4D:0D,-57,127,1.5,6.5,1.5
1783010196439,2026-07-02 18:36:36.439,C3:00:00:63:4D:05,-61,127,1.5,6.5,1.5
1783010196445,2026-07-02 18:36:36.445,C3:00:00:63:4C:D2,-71,127,1.5,6.5,1.5
1783010196450,2026-07-02 18:36:36.450,C3:00:00:63:4D:07,-73,127,1.5,6.5,1.5
1783010196467,2026-07-02 18:36:36.467,C3:00:00:63:4D:04,-58,127,1.5,6.5,1.5
1783010196480,2026-07-02 18:36:36.480,C3:00:00:63:4D:08,-50,127,1.5,6.5,1.5
1783010196486,2026-07-02 18:36:36.486,C3:00:00:63:4D:0A,-60,127,1.5,6.5,1.5
1783010196497,2026-07-02 18:36:36.497,C3:00:00:63:4D:07,-66,127,1.5,6.5,1.5
1783010196520,2026-07-02 18:36:36.520,C3:00:00:63:4D:0D,-56,127,1.5,6.5,1.5
1783010196538,2026-07-02 18:36:36.538,C3:00:00:63:4D:09,-69,127,1.5,6.5,1.5
1783010196559,2026-07-02 18:36:36.559,C3:00:00:63:4D:05,-58,127,1.5,6.5,1.5
1783010196563,2026-07-02 18:36:36.563,C3:00:00:63:4C:D2,-65,127,1.5,6.5,1.5
1783010196567,2026-07-02 18:36:36.567,C3:00:00:63:4D:07,-59,127,1.5,6.5,1.5
1783010196580,2026-07-02 18:36:36.580,C3:00:00:63:4C:D2,-66,127,1.5,6.5,1.5
1783010196583,2026-07-02 18:36:36.583,C3:00:00:63:4D:04,-58,127,1.5,6.5,1.5
1783010196594,2026-07-02 18:36:36.594,C3:00:00:63:4D:08,-47,127,1.5,6.5,1.5
1783010196604,2026-07-02 18:36:36.604,C3:00:00:63:4D:0A,-67,127,1.5,6.5,1.5
1783010196634,2026-07-02 18:36:36.634,C3:00:00:63:4D:0D,-51,127,1.5,6.5,1.5
1783010196652,2026-07-02 18:36:36.652,C3:00:00:63:4D:09,-66,127,1.5,6.5,1.5
1783010196672,2026-07-02 18:36:36.672,C3:00:00:63:4D:05,-56,127,1.5,6.5,1.5
1783010196681,2026-07-02 18:36:36.681,C3:00:00:63:4C:D2,-56,127,1.5,6.5,1.5
1783010196687,2026-07-02 18:36:36.687,C3:00:00:63:4D:04,-60,127,1.5,6.5,1.5
1783010196718,2026-07-02 18:36:36.718,C3:00:00:63:4D:0A,-65,127,1.5,6.5,1.5
1783010196741,2026-07-02 18:36:36.741,C3:00:00:63:4D:0D,-56,127,1.5,6.5,1.5
1783010196766,2026-07-02 18:36:36.766,C3:00:00:63:4D:09,-60,127,1.5,6.5,1.5
1783010196779,2026-07-02 18:36:36.779,C3:00:00:63:4D:05,-63,127,1.5,6.5,1.5
1783010196794,2026-07-02 18:36:36.794,C3:00:00:63:4D:07,-65,127,1.5,6.5,1.5
1783010196796,2026-07-02 18:36:36.796,C3:00:00:63:4C:D2,-68,127,1.5,6.5,1.5
1783010196804,2026-07-02 18:36:36.804,C3:00:00:63:4D:04,-68,127,1.5,6.5,1.5
1783010196814,2026-07-02 18:36:36.814,C3:00:00:63:4D:08,-45,127,1.5,6.5,1.5
1783010196823,2026-07-02 18:36:36.823,C3:00:00:63:4D:0D,-54,127,1.5,6.5,1.5
1783010196835,2026-07-02 18:36:36.835,C3:00:00:63:4D:0A,-62,127,1.5,6.5,1.5
1783010196849,2026-07-02 18:36:36.849,C3:00:00:63:4D:0D,-51,127,1.5,6.5,1.5
1783010196878,2026-07-02 18:36:36.878,C3:00:00:63:4D:09,-61,127,1.5,6.5,1.5
1783010196898,2026-07-02 18:36:36.898,C3:00:00:63:4D:05,-56,127,1.5,6.5,1.5
1783010196915,2026-07-02 18:36:36.915,C3:00:00:63:4D:04,-70,127,1.5,6.5,1.5
1783010196925,2026-07-02 18:36:36.925,C3:00:00:63:4D:07,-60,127,1.5,6.5,1.5
1783010196930,2026-07-02 18:36:36.930,C3:00:00:63:4C:D2,-67,127,1.5,6.5,1.5
1783010196943,2026-07-02 18:36:36.943,C3:00:00:63:4D:0A,-72,127,1.5,6.5,1.5
1783010196946,2026-07-02 18:36:36.946,C3:00:00:63:4D:0D,-54,127,1.5,6.5,1.5
1783010197014,2026-07-02 18:36:37.014,C3:00:00:63:4D:05,-56,127,1.5,6.5,1.5
1783010197020,2026-07-02 18:36:37.020,C3:00:00:63:4D:07,-61,127,1.5,6.5,1.5
1783010197026,2026-07-02 18:36:37.026,C3:00:00:63:4C:D2,-70,127,1.5,6.5,1.5
1783010197031,2026-07-02 18:36:37.031,C3:00:00:63:4D:08,-54,127,1.5,6.5,1.5
1783010197039,2026-07-02 18:36:37.039,C3:00:00:63:4D:09,-62,127,1.5,6.5,1.5
1783010197055,2026-07-02 18:36:37.055,C3:00:00:63:4D:0D,-55,127,1.5,6.5,1.5
1783010197061,2026-07-02 18:36:37.061,C3:00:00:63:4D:09,-61,127,1.5,6.5,1.5
1783010197106,2026-07-02 18:36:37.106,C3:00:00:63:4D:09,-68,127,1.5,6.5,1.5
1783010197114,2026-07-02 18:36:37.114,C3:00:00:63:4D:04,-65,127,1.5,6.5,1.5
1783010197128,2026-07-02 18:36:37.128,C3:00:00:63:4D:05,-60,127,1.5,6.5,1.5
1783010197130,2026-07-02 18:36:37.130,C3:00:00:63:4D:07,-62,127,1.5,6.5,1.5
1783010197135,2026-07-02 18:36:37.135,C3:00:00:63:4D:08,-47,127,1.5,6.5,1.5
1783010197154,2026-07-02 18:36:37.154,C3:00:00:63:4D:0D,-52,127,1.5,6.5,1.5
1783010197170,2026-07-02 18:36:37.170,C3:00:00:63:4D:0A,-63,127,1.5,6.5,1.5
1783010197188,2026-07-02 18:36:37.188,C3:00:00:63:4D:0A,-63,127,1.5,6.5,1.5
1783010197206,2026-07-02 18:36:37.206,C3:00:00:63:4D:05,-61,127,1.5,6.5,1.5
1783010197224,2026-07-02 18:36:37.224,C3:00:00:63:4D:09,-64,127,1.5,6.5,1.5
1783010197230,2026-07-02 18:36:37.230,C3:00:00:63:4D:04,-64,127,1.5,6.5,1.5
1783010197249,2026-07-02 18:36:37.249,C3:00:00:63:4D:05,-56,127,1.5,6.5,1.5
1783010197251,2026-07-02 18:36:37.251,C3:00:00:63:4D:08,-46,127,1.5,6.5,1.5
1783010197256,2026-07-02 18:36:37.256,C3:00:00:63:4C:D2,-58,127,1.5,6.5,1.5
1783010197259,2026-07-02 18:36:37.259,C3:00:00:63:4D:07,-74,127,1.5,6.5,1.5
1783010197260,2026-07-02 18:36:37.260,C3:00:00:63:4D:0D,-54,127,1.5,6.5,1.5
1783010197263,2026-07-02 18:36:37.263,C3:00:00:63:4D:05,-58,127,1.5,6.5,1.5
1783010197271,2026-07-02 18:36:37.271,C3:00:00:63:4C:D2,-58,127,1.5,6.5,1.5
1783010197279,2026-07-02 18:36:37.279,C3:00:00:63:4D:0A,-72,127,1.5,6.5,1.5
1783010197327,2026-07-02 18:36:37.327,C3:00:00:63:4D:09,-76,127,1.5,6.5,1.5
1783010197352,2026-07-02 18:36:37.352,C3:00:00:63:4D:08,-45,127,1.5,6.5,1.5
1783010197356,2026-07-02 18:36:37.356,C3:00:00:63:4D:07,-77,127,1.5,6.5,1.5
1783010197364,2026-07-02 18:36:37.364,C3:00:00:63:4C:D2,-61,127,1.5,6.5,1.5
1783010197372,2026-07-02 18:36:37.372,C3:00:00:63:4D:0D,-54,127,1.5,6.5,1.5
1783010197378,2026-07-02 18:36:37.378,C3:00:00:63:4D:08,-47,127,1.5,6.5,1.5
1783010197394,2026-07-02 18:36:37.394,C3:00:00:63:4D:0A,-59,127,1.5,6.5,1.5
1783010197429,2026-07-02 18:36:37.429,C3:00:00:63:4D:0A,-65,127,1.5,6.5,1.5
1783010197460,2026-07-02 18:36:37.460,C3:00:00:63:4D:0D,-58,127,1.5,6.5,1.5
1783010197482,2026-07-02 18:36:37.482,C3:00:00:63:4C:D2,-69,127,1.5,6.5,1.5
1783010197506,2026-07-02 18:36:37.506,C3:00:00:63:4D:0A,-61,127,1.5,6.5,1.5
1783010197516,2026-07-02 18:36:37.516,C3:00:00:63:4C:D2,-59,127,1.5,6.5,1.5
1783010197546,2026-07-02 18:36:37.546,C3:00:00:63:4D:04,-62,127,1.5,6.5,1.5
1783010197561,2026-07-02 18:36:37.561,C3:00:00:63:4D:09,-63,127,1.5,6.5,1.5
1783010197567,2026-07-02 18:36:37.567,C3:00:00:63:4D:08,-49,127,1.5,6.5,1.5
1783010197575,2026-07-02 18:36:37.575,C3:00:00:63:4D:04,-62,127,1.5,6.5,1.5
1783010197577,2026-07-02 18:36:37.577,C3:00:00:63:4D:0D,-54,127,1.5,6.5,1.5
1783010197586,2026-07-02 18:36:37.586,C3:00:00:63:4D:08,-49,127,1.5,6.5,1.5
1783010197589,2026-07-02 18:36:37.589,C3:00:00:63:4D:05,-65,127,1.5,6.5,1.5
1783010197595,2026-07-02 18:36:37.595,C3:00:00:63:4C:D2,-55,127,1.5,6.5,1.5
1783010197597,2026-07-02 18:36:37.597,C3:00:00:63:4D:04,-64,127,1.5,6.5,1.5
1783010197621,2026-07-02 18:36:37.621,C3:00:00:63:4D:0A,-58,127,1.5,6.5,1.5
1783010197679,2026-07-02 18:36:37.679,C3:00:00:63:4D:09,-62,127,1.5,6.5,1.5
1783010197683,2026-07-02 18:36:37.683,C3:00:00:63:4D:08,-45,127,1.5,6.5,1.5
1783010197687,2026-07-02 18:36:37.687,C3:00:00:63:4D:0D,-64,127,1.5,6.5,1.5
1783010197712,2026-07-02 18:36:37.712,C3:00:00:63:4D:05,-55,127,1.5,6.5,1.5
1783010197714,2026-07-02 18:36:37.714,C3:00:00:63:4D:07,-73,127,1.5,6.5,1.5
1783010197720,2026-07-02 18:36:37.720,C3:00:00:63:4C:D2,-68,127,1.5,6.5,1.5
1783010197736,2026-07-02 18:36:37.736,C3:00:00:63:4D:0A,-65,127,1.5,6.5,1.5
1783010197769,2026-07-02 18:36:37.769,C3:00:00:63:4D:04,-60,127,1.5,6.5,1.5
1783010197791,2026-07-02 18:36:37.791,C3:00:00:63:4D:0D,-54,127,1.5,6.5,1.5
1783010197794,2026-07-02 18:36:37.794,C3:00:00:63:4D:08,-51,127,1.5,6.5,1.5
1783010197796,2026-07-02 18:36:37.796,C3:00:00:63:4D:09,-69,127,1.5,6.5,1.5
1783010197817,2026-07-02 18:36:37.817,C3:00:00:63:4D:05,-56,127,1.5,6.5,1.5
1783010197819,2026-07-02 18:36:37.819,C3:00:00:63:4D:07,-78,127,1.5,6.5,1.5
1783010197826,2026-07-02 18:36:37.826,C3:00:00:63:4C:D2,-58,127,1.5,6.5,1.5
1783010197841,2026-07-02 18:36:37.841,C3:00:00:63:4D:0A,-65,127,1.5,6.5,1.5
1783010197886,2026-07-02 18:36:37.886,C3:00:00:63:4D:04,-63,127,1.5,6.5,1.5
1783010197891,2026-07-02 18:36:37.891,C3:00:00:63:4D:0D,-55,127,1.5,6.5,1.5
1783010197896,2026-07-02 18:36:37.896,C3:00:00:63:4D:08,-49,127,1.5,6.5,1.5
1783010197908,2026-07-02 18:36:37.908,C3:00:00:63:4D:09,-66,127,1.5,6.5,1.5
1783010197933,2026-07-02 18:36:37.933,C3:00:00:63:4C:D2,-63,127,1.5,6.5,1.5
1783010197943,2026-07-02 18:36:37.943,C3:00:00:63:4D:07,-65,127,1.5,6.5,1.5
1783010197960,2026-07-02 18:36:37.960,C3:00:00:63:4D:0A,-58,127,1.5,6.5,1.5
1783010197967,2026-07-02 18:36:37.967,C3:00:00:63:4D:07,-67,127,1.5,6.5,1.5
1783010197986,2026-07-02 18:36:37.986,C3:00:00:63:4D:05,-67,127,1.5,6.5,1.5
1783010197993,2026-07-02 18:36:37.993,C3:00:00:63:4D:04,-59,127,1.5,6.5,1.5
1783010198003,2026-07-02 18:36:38.003,C3:00:00:63:4D:08,-48,127,1.5,6.5,1.5
1783010198016,2026-07-02 18:36:38.016,C3:00:00:63:4D:09,-64,127,1.5,6.5,1.5
1783010198041,2026-07-02 18:36:38.041,C3:00:00:63:4D:05,-64,127,1.5,6.5,1.5
1783010198052,2026-07-02 18:36:38.052,C3:00:00:63:4C:D2,-75,127,1.5,6.5,1.5
1783010198073,2026-07-02 18:36:38.073,C3:00:00:63:4D:0A,-63,127,1.5,6.5,1.5
1783010198100,2026-07-02 18:36:38.100,C3:00:00:63:4D:04,-64,127,1.5,6.5,1.5
1783010198105,2026-07-02 18:36:38.105,C3:00:00:63:4D:0D,-58,127,1.5,6.5,1.5
1783010198112,2026-07-02 18:36:38.112,C3:00:00:63:4D:05,-54,127,1.5,6.5,1.5
1783010198121,2026-07-02 18:36:38.121,C3:00:00:63:4D:08,-47,127,1.5,6.5,1.5
1783010198129,2026-07-02 18:36:38.129,C3:00:00:63:4D:09,-65,127,1.5,6.5,1.5
1783010198157,2026-07-02 18:36:38.157,C3:00:00:63:4D:05,-54,127,1.5,6.5,1.5
1783010198167,2026-07-02 18:36:38.167,C3:00:00:63:4C:D2,-54,127,1.5,6.5,1.5
1783010198192,2026-07-02 18:36:38.192,C3:00:00:63:4D:0A,-66,127,1.5,6.5,1.5
1783010198200,2026-07-02 18:36:38.200,C3:00:00:63:4D:0D,-52,127,1.5,6.5,1.5
1783010198211,2026-07-02 18:36:38.211,C3:00:00:63:4D:04,-61,127,1.5,6.5,1.5
1783010198231,2026-07-02 18:36:38.231,C3:00:00:63:4D:08,-51,127,1.5,6.5,1.5
1783010198254,2026-07-02 18:36:38.254,C3:00:00:63:4D:09,-63,127,1.5,6.5,1.5
1783010198276,2026-07-02 18:36:38.276,C3:00:00:63:4D:05,-58,127,1.5,6.5,1.5
1783010198280,2026-07-02 18:36:38.280,C3:00:00:63:4C:D2,-64,127,1.5,6.5,1.5
1783010198295,2026-07-02 18:36:38.295,C3:00:00:63:4D:0A,-62,127,1.5,6.5,1.5
1783010198321,2026-07-02 18:36:38.321,C3:00:00:63:4D:0D,-55,127,1.5,6.5,1.5
1783010198326,2026-07-02 18:36:38.326,C3:00:00:63:4D:04,-61,127,1.5,6.5,1.5
1783010198333,2026-07-02 18:36:38.333,C3:00:00:63:4D:08,-55,127,1.5,6.5,1.5
1783010198357,2026-07-02 18:36:38.357,C3:00:00:63:4D:09,-70,127,1.5,6.5,1.5
1783010198399,2026-07-02 18:36:38.399,C3:00:00:63:4D:07,-61,127,1.5,6.5,1.5
1783010198401,2026-07-02 18:36:38.401,C3:00:00:63:4C:D2,-69,127,1.5,6.5,1.5
1783010198413,2026-07-02 18:36:38.413,C3:00:00:63:4D:0A,-70,127,1.5,6.5,1.5
1783010198420,2026-07-02 18:36:38.420,C3:00:00:63:4D:0D,-54,127,1.5,6.5,1.5
1783010198426,2026-07-02 18:36:38.426,C3:00:00:63:4D:04,-63,127,1.5,6.5,1.5
1783010198449,2026-07-02 18:36:38.449,C3:00:00:63:4D:08,-50,127,1.5,6.5,1.5
1783010198467,2026-07-02 18:36:38.467,C3:00:00:63:4D:09,-60,127,1.5,6.5,1.5
1783010198505,2026-07-02 18:36:38.505,C3:00:00:63:4D:05,-54,127,1.5,6.5,1.5
1783010198510,2026-07-02 18:36:38.510,C3:00:00:63:4C:D2,-56,127,1.5,6.5,1.5
1783010198519,2026-07-02 18:36:38.519,C3:00:00:63:4D:0D,-58,127,1.5,6.5,1.5
1783010198522,2026-07-02 18:36:38.522,C3:00:00:63:4D:0A,-62,127,1.5,6.5,1.5
1783010198529,2026-07-02 18:36:38.529,C3:00:00:63:4D:07,-68,127,1.5,6.5,1.5
1783010198537,2026-07-02 18:36:38.537,C3:00:00:63:4D:04,-60,127,1.5,6.5,1.5
1783010198549,2026-07-02 18:36:38.549,C3:00:00:63:4D:08,-49,127,1.5,6.5,1.5
1783010198590,2026-07-02 18:36:38.590,C3:00:00:63:4D:09,-68,127,1.5,6.5,1.5
1783010198626,2026-07-02 18:36:38.626,C3:00:00:63:4D:0D,-55,127,1.5,6.5,1.5
1783010198632,2026-07-02 18:36:38.632,C3:00:00:63:4D:07,-62,127,1.5,6.5,1.5
1783010198636,2026-07-02 18:36:38.636,C3:00:00:63:4D:0A,-61,127,1.5,6.5,1.5
1783010198644,2026-07-02 18:36:38.644,C3:00:00:63:4D:04,-62,127,1.5,6.5,1.5
1783010198665,2026-07-02 18:36:38.665,C3:00:00:63:4D:08,-50,127,1.5,6.5,1.5
1783010198698,2026-07-02 18:36:38.698,C3:00:00:63:4D:09,-66,127,1.5,6.5,1.5
1783010198739,2026-07-02 18:36:38.739,C3:00:00:63:4D:0D,-52,127,1.5,6.5,1.5
1783010198760,2026-07-02 18:36:38.760,C3:00:00:63:4D:04,-59,127,1.5,6.5,1.5
1783010198769,2026-07-02 18:36:38.769,C3:00:00:63:4D:08,-45,127,1.5,6.5,1.5
1783010198839,2026-07-02 18:36:38.839,C3:00:00:63:4D:0D,-62,127,1.5,6.5,1.5
1783010198845,2026-07-02 18:36:38.845,C3:00:00:63:4D:05,-65,127,1.5,6.5,1.5
1783010198854,2026-07-02 18:36:38.854,C3:00:00:63:4D:07,-70,127,1.5,6.5,1.5
1783010198870,2026-07-02 18:36:38.870,C3:00:00:63:4C:D2,-65,127,1.5,6.5,1.5
1783010198875,2026-07-02 18:36:38.875,C3:00:00:63:4D:0D,-63,127,1.5,6.5,1.5
1783010198876,2026-07-02 18:36:38.876,C3:00:00:63:4D:04,-61,127,1.5,6.5,1.5
1783010198880,2026-07-02 18:36:38.880,C3:00:00:63:4D:0A,-60,127,1.5,6.5,1.5
1783010198881,2026-07-02 18:36:38.881,C3:00:00:63:4D:08,-46,127,1.5,6.5,1.5
1783010198924,2026-07-02 18:36:38.924,C3:00:00:63:4D:09,-70,127,1.5,6.5,1.5
1783010198928,2026-07-02 18:36:38.928,C3:00:00:63:4D:08,-49,127,1.5,6.5,1.5
1783010198942,2026-07-02 18:36:38.942,C3:00:00:63:4D:0D,-55,127,1.5,6.5,1.5
1783010198945,2026-07-02 18:36:38.945,C3:00:00:63:4D:08,-56,127,1.5,6.5,1.5
1783010198955,2026-07-02 18:36:38.955,C3:00:00:63:4D:0A,-71,127,1.5,6.5,1.5
1783010198962,2026-07-02 18:36:38.962,C3:00:00:63:4D:05,-58,127,1.5,6.5,1.5
1783010198967,2026-07-02 18:36:38.967,C3:00:00:63:4D:07,-69,127,1.5,6.5,1.5
1783010198970,2026-07-02 18:36:38.970,C3:00:00:63:4D:04,-60,127,1.5,6.5,1.5
1783010198974,2026-07-02 18:36:38.974,C3:00:00:63:4D:0A,-64,127,1.5,6.5,1.5
1783010198976,2026-07-02 18:36:38.976,C3:00:00:63:4C:D2,-67,127,1.5,6.5,1.5
1783010198993,2026-07-02 18:36:38.993,C3:00:00:63:4D:08,-51,127,1.5,6.5,1.5
1783010199046,2026-07-02 18:36:39.046,C3:00:00:63:4D:0D,-56,127,1.5,6.5,1.5
1783010199049,2026-07-02 18:36:39.049,C3:00:00:63:4D:09,-74,127,1.5,6.5,1.5
1783010199064,2026-07-02 18:36:39.064,C3:00:00:63:4D:09,-73,127,1.5,6.5,1.5
1783010199078,2026-07-02 18:36:39.078,C3:00:00:63:4D:04,-65,127,1.5,6.5,1.5
1783010199080,2026-07-02 18:36:39.080,C3:00:00:63:4D:05,-61,127,1.5,6.5,1.5
1783010199083,2026-07-02 18:36:39.083,C3:00:00:63:4C:D2,-56,127,1.5,6.5,1.5
1783010199100,2026-07-02 18:36:39.100,C3:00:00:63:4D:08,-44,127,1.5,6.5,1.5
1783010199152,2026-07-02 18:36:39.152,C3:00:00:63:4D:09,-62,127,1.5,6.5,1.5
1783010199188,2026-07-02 18:36:39.188,C3:00:00:63:4D:04,-58,127,1.5,6.5,1.5
1783010199193,2026-07-02 18:36:39.193,C3:00:00:63:4D:05,-61,127,1.5,6.5,1.5
1783010199197,2026-07-02 18:36:39.197,C3:00:00:63:4C:D2,-68,127,1.5,6.5,1.5
1783010199200,2026-07-02 18:36:39.200,C3:00:00:63:4D:0A,-60,127,1.5,6.5,1.5
1783010199222,2026-07-02 18:36:39.222,C3:00:00:63:4D:08,-48,127,1.5,6.5,1.5
1783010199224,2026-07-02 18:36:39.224,C3:00:00:63:4D:0A,-65,127,1.5,6.5,1.5
1783010199242,2026-07-02 18:36:39.242,C3:00:00:63:4C:D2,-71,127,1.5,6.5,1.5
1783010199252,2026-07-02 18:36:39.252,C3:00:00:63:4D:0D,-55,127,1.5,6.5,1.5
1783010199263,2026-07-02 18:36:39.263,C3:00:00:63:4D:09,-70,127,1.5,6.5,1.5
1783010199305,2026-07-02 18:36:39.305,C3:00:00:63:4D:04,-62,127,1.5,6.5,1.5
1783010199311,2026-07-02 18:36:39.311,C3:00:00:63:4D:0A,-72,127,1.5,6.5,1.5
1783010199318,2026-07-02 18:36:39.318,C3:00:00:63:4D:05,-61,127,1.5,6.5,1.5
1783010199324,2026-07-02 18:36:39.324,C3:00:00:63:4D:07,-73,127,1.5,6.5,1.5
1783010199325,2026-07-02 18:36:39.325,C3:00:00:63:4D:08,-47,127,1.5,6.5,1.5
1783010199358,2026-07-02 18:36:39.358,C3:00:00:63:4D:0D,-54,127,1.5,6.5,1.5
1783010199381,2026-07-02 18:36:39.381,C3:00:00:63:4D:09,-72,127,1.5,6.5,1.5
1783010199391,2026-07-02 18:36:39.391,C3:00:00:63:4D:08,-46,127,1.5,6.5,1.5
1783010199410,2026-07-02 18:36:39.410,C3:00:00:63:4D:04,-60,127,1.5,6.5,1.5
1783010199430,2026-07-02 18:36:39.430,C3:00:00:63:4D:05,-61,127,1.5,6.5,1.5
1783010199434,2026-07-02 18:36:39.434,C3:00:00:63:4D:08,-47,127,1.5,6.5,1.5
1783010199436,2026-07-02 18:36:39.436,C3:00:00:63:4D:07,-70,127,1.5,6.5,1.5
1783010199464,2026-07-02 18:36:39.464,C3:00:00:63:4D:0D,-58,127,1.5,6.5,1.5
1783010199491,2026-07-02 18:36:39.491,C3:00:00:63:4D:0D,-58,127,1.5,6.5,1.5
1783010199495,2026-07-02 18:36:39.495,C3:00:00:63:4D:09,-65,127,1.5,6.5,1.5
1783010199512,2026-07-02 18:36:39.512,C3:00:00:63:4D:04,-62,127,1.5,6.5,1.5
1783010199530,2026-07-02 18:36:39.530,C3:00:00:63:4C:D2,-68,127,1.5,6.5,1.5
1783010199541,2026-07-02 18:36:39.541,C3:00:00:63:4D:08,-53,127,1.5,6.5,1.5
1783010199543,2026-07-02 18:36:39.543,C3:00:00:63:4D:05,-65,127,1.5,6.5,1.5
1783010199567,2026-07-02 18:36:39.567,C3:00:00:63:4C:D2,-69,127,1.5,6.5,1.5
1783010199572,2026-07-02 18:36:39.572,C3:00:00:63:4D:04,-64,127,1.5,6.5,1.5
1783010199576,2026-07-02 18:36:39.576,C3:00:00:63:4D:0D,-59,127,1.5,6.5,1.5
1783010199581,2026-07-02 18:36:39.581,C3:00:00:63:4D:04,-65,127,1.5,6.5,1.5
1783010199582,2026-07-02 18:36:39.582,C3:00:00:63:4D:08,-49,127,1.5,6.5,1.5
1783010199606,2026-07-02 18:36:39.606,C3:00:00:63:4D:09,-88,127,1.5,6.5,1.5
1783010199631,2026-07-02 18:36:39.631,C3:00:00:63:4D:04,-62,127,1.5,6.5,1.5
1783010199642,2026-07-02 18:36:39.642,C3:00:00:63:4D:08,-48,127,1.5,6.5,1.5
1783010199651,2026-07-02 18:36:39.651,C3:00:00:63:4D:0A,-63,127,1.5,6.5,1.5
1783010199670,2026-07-02 18:36:39.670,C3:00:00:63:4D:05,-62,127,1.5,6.5,1.5
1783010199673,2026-07-02 18:36:39.673,C3:00:00:63:4C:D2,-56,127,1.5,6.5,1.5
1783010199675,2026-07-02 18:36:39.675,C3:00:00:63:4D:07,-65,127,1.5,6.5,1.5
1783010199679,2026-07-02 18:36:39.679,C3:00:00:63:4D:0D,-59,127,1.5,6.5,1.5
1783010199725,2026-07-02 18:36:39.725,C3:00:00:63:4D:09,-64,127,1.5,6.5,1.5
1783010199730,2026-07-02 18:36:39.730,C3:00:00:63:4D:04,-62,127,1.5,6.5,1.5
1783010199746,2026-07-02 18:36:39.746,C3:00:00:63:4D:08,-49,127,1.5,6.5,1.5
1783010199760,2026-07-02 18:36:39.760,C3:00:00:63:4D:0A,-61,127,1.5,6.5,1.5
1783010199775,2026-07-02 18:36:39.775,C3:00:00:63:4D:05,-59,127,1.5,6.5,1.5
1783010199777,2026-07-02 18:36:39.777,C3:00:00:63:4C:D2,-70,127,1.5,6.5,1.5
1783010199783,2026-07-02 18:36:39.783,C3:00:00:63:4D:0D,-62,127,1.5,6.5,1.5
1783010199792,2026-07-02 18:36:39.792,C3:00:00:63:4D:07,-75,127,1.5,6.5,1.5
1783010199835,2026-07-02 18:36:39.835,C3:00:00:63:4D:09,-68,127,1.5,6.5,1.5
1783010199838,2026-07-02 18:36:39.838,C3:00:00:63:4D:04,-67,127,1.5,6.5,1.5
1783010199851,2026-07-02 18:36:39.851,C3:00:00:63:4D:09,-78,127,1.5,6.5,1.5
1783010199859,2026-07-02 18:36:39.859,C3:00:00:63:4D:08,-49,127,1.5,6.5,1.5
1783010199884,2026-07-02 18:36:39.884,C3:00:00:63:4D:05,-71,127,1.5,6.5,1.5
1783010199887,2026-07-02 18:36:39.887,C3:00:00:63:4D:0D,-63,127,1.5,6.5,1.5
1783010199949,2026-07-02 18:36:39.949,C3:00:00:63:4D:04,-66,127,1.5,6.5,1.5
1783010199971,2026-07-02 18:36:39.971,C3:00:00:63:4D:08,-47,127,1.5,6.5,1.5
1783010199988,2026-07-02 18:36:39.988,C3:00:00:63:4D:0D,-60,127,1.5,6.5,1.5
1783010200006,2026-07-02 18:36:40.006,C3:00:00:63:4D:0A,-70,127,1.5,6.5,1.5
1783010200014,2026-07-02 18:36:40.014,C3:00:00:63:4C:D2,-56,127,1.5,6.5,1.5
1783010200020,2026-07-02 18:36:40.020,C3:00:00:63:4D:0A,-60,127,1.5,6.5,1.5
1783010200071,2026-07-02 18:36:40.071,C3:00:00:63:4D:04,-61,127,1.5,6.5,1.5
1783010200074,2026-07-02 18:36:40.074,C3:00:00:63:4D:09,-60,127,1.5,6.5,1.5
1783010200077,2026-07-02 18:36:40.077,C3:00:00:63:4D:08,-48,127,1.5,6.5,1.5
1783010200084,2026-07-02 18:36:40.084,C3:00:00:63:4D:0D,-71,127,1.5,6.5,1.5
1783010200114,2026-07-02 18:36:40.114,C3:00:00:63:4D:05,-69,127,1.5,6.5,1.5
1783010200118,2026-07-02 18:36:40.118,C3:00:00:63:4C:D2,-70,127,1.5,6.5,1.5
1783010200126,2026-07-02 18:36:40.126,C3:00:00:63:4D:07,-58,127,1.5,6.5,1.5
1783010200134,2026-07-02 18:36:40.134,C3:00:00:63:4D:05,-67,127,1.5,6.5,1.5
1783010200174,2026-07-02 18:36:40.174,C3:00:00:63:4D:04,-64,127,1.5,6.5,1.5
1783010200180,2026-07-02 18:36:40.180,C3:00:00:63:4D:09,-70,127,1.5,6.5,1.5
1783010200193,2026-07-02 18:36:40.193,C3:00:00:63:4D:08,-58,127,1.5,6.5,1.5
1783010200197,2026-07-02 18:36:40.197,C3:00:00:63:4D:0D,-53,127,1.5,6.5,1.5
1783010200222,2026-07-02 18:36:40.222,C3:00:00:63:4D:0A,-71,127,1.5,6.5,1.5
1783010200235,2026-07-02 18:36:40.235,C3:00:00:63:4D:05,-63,127,1.5,6.5,1.5
1783010200238,2026-07-02 18:36:40.238,C3:00:00:63:4D:07,-61,127,1.5,6.5,1.5
1783010200240,2026-07-02 18:36:40.240,C3:00:00:63:4C:D2,-55,127,1.5,6.5,1.5
1783010200276,2026-07-02 18:36:40.276,C3:00:00:63:4D:04,-65,127,1.5,6.5,1.5
1783010200292,2026-07-02 18:36:40.292,C3:00:00:63:4D:09,-68,127,1.5,6.5,1.5
1783010200300,2026-07-02 18:36:40.300,C3:00:00:63:4D:08,-46,127,1.5,6.5,1.5
1783010200306,2026-07-02 18:36:40.306,C3:00:00:63:4D:0D,-54,127,1.5,6.5,1.5
1783010200335,2026-07-02 18:36:40.335,C3:00:00:63:4D:0A,-63,127,1.5,6.5,1.5
1783010200338,2026-07-02 18:36:40.338,C3:00:00:63:4D:05,-62,127,1.5,6.5,1.5
1783010200344,2026-07-02 18:36:40.344,C3:00:00:63:4D:07,-62,127,1.5,6.5,1.5
1783010200350,2026-07-02 18:36:40.350,C3:00:00:63:4C:D2,-66,127,1.5,6.5,1.5
1783010200391,2026-07-02 18:36:40.391,C3:00:00:63:4D:04,-62,127,1.5,6.5,1.5
1783010200397,2026-07-02 18:36:40.397,C3:00:00:63:4D:09,-63,127,1.5,6.5,1.5
1783010200412,2026-07-02 18:36:40.412,C3:00:00:63:4D:08,-46,127,1.5,6.5,1.5
1783010200414,2026-07-02 18:36:40.414,C3:00:00:63:4D:0D,-52,127,1.5,6.5,1.5
1783010200426,2026-07-02 18:36:40.426,C3:00:00:63:4D:09,-78,127,1.5,6.5,1.5
1783010200443,2026-07-02 18:36:40.443,C3:00:00:63:4D:0A,-66,127,1.5,6.5,1.5
1783010200464,2026-07-02 18:36:40.464,C3:00:00:63:4D:07,-62,127,1.5,6.5,1.5
1783010200466,2026-07-02 18:36:40.466,C3:00:00:63:4C:D2,-64,127,1.5,6.5,1.5
1783010200504,2026-07-02 18:36:40.504,C3:00:00:63:4D:07,-67,127,1.5,6.5,1.5
1783010200516,2026-07-02 18:36:40.516,C3:00:00:63:4D:0D,-52,127,1.5,6.5,1.5
1783010200522,2026-07-02 18:36:40.522,C3:00:00:63:4D:08,-46,127,1.5,6.5,1.5
1783010200530,2026-07-02 18:36:40.530,C3:00:00:63:4D:09,-72,127,1.5,6.5,1.5
1783010200550,2026-07-02 18:36:40.550,C3:00:00:63:4D:04,-60,127,1.5,6.5,1.5
1783010200568,2026-07-02 18:36:40.568,C3:00:00:63:4C:D2,-54,127,1.5,6.5,1.5
1783010200581,2026-07-02 18:36:40.581,C3:00:00:63:4D:05,-61,127,1.5,6.5,1.5
1783010200583,2026-07-02 18:36:40.583,C3:00:00:63:4C:D2,-56,127,1.5,6.5,1.5
1783010200591,2026-07-02 18:36:40.591,C3:00:00:63:4D:07,-68,127,1.5,6.5,1.5
1783010200606,2026-07-02 18:36:40.606,C3:00:00:63:4D:04,-60,127,1.5,6.5,1.5
1783010200618,2026-07-02 18:36:40.618,C3:00:00:63:4D:0D,-58,127,1.5,6.5,1.5
1783010200625,2026-07-02 18:36:40.625,C3:00:00:63:4D:08,-47,127,1.5,6.5,1.5
1783010200635,2026-07-02 18:36:40.635,C3:00:00:63:4D:09,-62,127,1.5,6.5,1.5
1783010200674,2026-07-02 18:36:40.674,C3:00:00:63:4D:0A,-63,127,1.5,6.5,1.5
1783010200685,2026-07-02 18:36:40.685,C3:00:00:63:4D:05,-66,127,1.5,6.5,1.5
1783010200706,2026-07-02 18:36:40.706,C3:00:00:63:4C:D2,-67,127,1.5,6.5,1.5
1783010200708,2026-07-02 18:36:40.708,C3:00:00:63:4D:07,-76,127,1.5,6.5,1.5
1783010200719,2026-07-02 18:36:40.719,C3:00:00:63:4D:04,-62,127,1.5,6.5,1.5
1783010200731,2026-07-02 18:36:40.731,C3:00:00:63:4D:0D,-54,127,1.5,6.5,1.5
1783010200739,2026-07-02 18:36:40.739,C3:00:00:63:4D:08,-50,127,1.5,6.5,1.5
1783010200750,2026-07-02 18:36:40.750,C3:00:00:63:4D:09,-80,127,1.5,6.5,1.5
1783010200786,2026-07-02 18:36:40.786,C3:00:00:63:4D:0A,-67,127,1.5,6.5,1.5
1783010200806,2026-07-02 18:36:40.806,C3:00:00:63:4D:05,-64,127,1.5,6.5,1.5
1783010200810,2026-07-02 18:36:40.810,C3:00:00:63:4C:D2,-63,127,1.5,6.5,1.5
1783010200818,2026-07-02 18:36:40.818,C3:00:00:63:4D:07,-60,127,1.5,6.5,1.5
1783010200828,2026-07-02 18:36:40.828,C3:00:00:63:4D:04,-73,127,1.5,6.5,1.5
1783010200836,2026-07-02 18:36:40.836,C3:00:00:63:4D:0D,-53,127,1.5,6.5,1.5
1783010200846,2026-07-02 18:36:40.846,C3:00:00:63:4D:08,-47,127,1.5,6.5,1.5
1783010200850,2026-07-02 18:36:40.850,C3:00:00:63:4D:0D,-53,127,1.5,6.5,1.5
1783010200871,2026-07-02 18:36:40.871,C3:00:00:63:4D:09,-64,127,1.5,6.5,1.5
1783010200897,2026-07-02 18:36:40.897,C3:00:00:63:4D:0A,-68,127,1.5,6.5,1.5
1783010200920,2026-07-02 18:36:40.920,C3:00:00:63:4D:05,-61,127,1.5,6.5,1.5
1783010200925,2026-07-02 18:36:40.925,C3:00:00:63:4D:07,-66,127,1.5,6.5,1.5
1783010200930,2026-07-02 18:36:40.930,C3:00:00:63:4C:D2,-69,127,1.5,6.5,1.5
1783010200932,2026-07-02 18:36:40.932,C3:00:00:63:4D:0D,-57,127,1.5,6.5,1.5
1783010200935,2026-07-02 18:36:40.935,C3:00:00:63:4D:04,-60,127,1.5,6.5,1.5
1783010200947,2026-07-02 18:36:40.947,C3:00:00:63:4D:08,-48,127,1.5,6.5,1.5
1783010200976,2026-07-02 18:36:40.976,C3:00:00:63:4D:09,-62,127,1.5,6.5,1.5
1783010201030,2026-07-02 18:36:41.030,C3:00:00:63:4D:05,-58,127,1.5,6.5,1.5
1783010201043,2026-07-02 18:36:41.043,C3:00:00:63:4D:04,-60,127,1.5,6.5,1.5
1783010201052,2026-07-02 18:36:41.052,C3:00:00:63:4D:09,-65,127,1.5,6.5,1.5
1783010201056,2026-07-02 18:36:41.056,C3:00:00:63:4D:0D,-53,127,1.5,6.5,1.5
1783010201066,2026-07-02 18:36:41.066,C3:00:00:63:4D:08,-49,127,1.5,6.5,1.5
1783010201074,2026-07-02 18:36:41.074,C3:00:00:63:4D:09,-64,127,1.5,6.5,1.5
1783010201097,2026-07-02 18:36:41.097,C3:00:00:63:4D:09,-64,127,1.5,6.5,1.5
1783010201127,2026-07-02 18:36:41.127,C3:00:00:63:4D:0A,-65,127,1.5,6.5,1.5
1783010201149,2026-07-02 18:36:41.149,C3:00:00:63:4D:0D,-52,127,1.5,6.5,1.5
1783010201154,2026-07-02 18:36:41.154,C3:00:00:63:4D:05,-57,127,1.5,6.5,1.5
1783010201160,2026-07-02 18:36:41.160,C3:00:00:63:4D:04,-60,127,1.5,6.5,1.5
1783010201162,2026-07-02 18:36:41.162,C3:00:00:63:4C:D2,-51,127,1.5,6.5,1.5
1783010201165,2026-07-02 18:36:41.165,C3:00:00:63:4D:08,-44,127,1.5,6.5,1.5
1783010201211,2026-07-02 18:36:41.211,C3:00:00:63:4D:09,-62,127,1.5,6.5,1.5
1783010201214,2026-07-02 18:36:41.214,C3:00:00:63:4D:05,-70,127,1.5,6.5,1.5
1783010201231,2026-07-02 18:36:41.231,C3:00:00:63:4D:0A,-59,127,1.5,6.5,1.5
1783010201246,2026-07-02 18:36:41.246,C3:00:00:63:4C:D2,-64,127,1.5,6.5,1.5
1783010201251,2026-07-02 18:36:41.251,C3:00:00:63:4D:0D,-56,127,1.5,6.5,1.5
1783010201260,2026-07-02 18:36:41.260,C3:00:00:63:4D:04,-61,127,1.5,6.5,1.5
1783010201273,2026-07-02 18:36:41.273,C3:00:00:63:4C:D2,-64,127,1.5,6.5,1.5
1783010201290,2026-07-02 18:36:41.290,C3:00:00:63:4D:05,-82,127,1.5,6.5,1.5
1783010201318,2026-07-02 18:36:41.318,C3:00:00:63:4D:09,-74,127,1.5,6.5,1.5
1783010201356,2026-07-02 18:36:41.356,C3:00:00:63:4D:0D,-54,127,1.5,6.5,1.5
1783010201368,2026-07-02 18:36:41.368,C3:00:00:63:4D:04,-64,127,1.5,6.5,1.5
1783010201392,2026-07-02 18:36:41.392,C3:00:00:63:4D:08,-49,127,1.5,6.5,1.5
1783010201395,2026-07-02 18:36:41.395,C3:00:00:63:4C:D2,-63,127,1.5,6.5,1.5
1783010201401,2026-07-02 18:36:41.401,C3:00:00:63:4D:08,-49,127,1.5,6.5,1.5
1783010201430,2026-07-02 18:36:41.430,C3:00:00:63:4D:0A,-75,127,1.5,6.5,1.5
1783010201439,2026-07-02 18:36:41.439,C3:00:00:63:4D:09,-69,127,1.5,6.5,1.5
1783010201478,2026-07-02 18:36:41.478,C3:00:00:63:4D:0D,-50,127,1.5,6.5,1.5
1783010201483,2026-07-02 18:36:41.483,C3:00:00:63:4D:04,-62,127,1.5,6.5,1.5
1783010201493,2026-07-02 18:36:41.493,C3:00:00:63:4D:08,-46,127,1.5,6.5,1.5
1783010201503,2026-07-02 18:36:41.503,C3:00:00:63:4D:07,-62,127,1.5,6.5,1.5
1783010201539,2026-07-02 18:36:41.539,C3:00:00:63:4C:D2,-69,127,1.5,6.5,1.5
1783010201551,2026-07-02 18:36:41.551,C3:00:00:63:4D:09,-62,127,1.5,6.5,1.5
1783010201566,2026-07-02 18:36:41.566,C3:00:00:63:4D:0D,-60,127,1.5,6.5,1.5
1783010201570,2026-07-02 18:36:41.570,C3:00:00:63:4D:04,-63,127,1.5,6.5,1.5
1783010201584,2026-07-02 18:36:41.584,C3:00:00:63:4D:04,-63,127,1.5,6.5,1.5
1783010201604,2026-07-02 18:36:41.604,C3:00:00:63:4D:04,-62,127,1.5,6.5,1.5
1783010201615,2026-07-02 18:36:41.615,C3:00:00:63:4D:08,-49,127,1.5,6.5,1.5
1783010201625,2026-07-02 18:36:41.625,C3:00:00:63:4C:D2,-68,127,1.5,6.5,1.5
1783010201631,2026-07-02 18:36:41.631,C3:00:00:63:4D:07,-73,127,1.5,6.5,1.5
1783010201634,2026-07-02 18:36:41.634,C3:00:00:63:4D:07,-74,127,1.5,6.5,1.5
1783010201639,2026-07-02 18:36:41.639,C3:00:00:63:4D:0D,-58,127,1.5,6.5,1.5
1783010201662,2026-07-02 18:36:41.662,C3:00:00:63:4D:09,-80,127,1.5,6.5,1.5
1783010201685,2026-07-02 18:36:41.685,C3:00:00:63:4D:0A,-67,127,1.5,6.5,1.5
1783010201703,2026-07-02 18:36:41.703,C3:00:00:63:4D:04,-62,127,1.5,6.5,1.5
1783010201713,2026-07-02 18:36:41.713,C3:00:00:63:4D:08,-50,127,1.5,6.5,1.5
1783010201723,2026-07-02 18:36:41.723,C3:00:00:63:4D:05,-59,127,1.5,6.5,1.5
1783010201730,2026-07-02 18:36:41.730,C3:00:00:63:4D:07,-63,127,1.5,6.5,1.5
1783010201773,2026-07-02 18:36:41.773,C3:00:00:63:4D:0D,-55,127,1.5,6.5,1.5
1783010201778,2026-07-02 18:36:41.778,C3:00:00:63:4D:09,-79,127,1.5,6.5,1.5
1783010201802,2026-07-02 18:36:41.802,C3:00:00:63:4D:0A,-68,127,1.5,6.5,1.5
1783010201809,2026-07-02 18:36:41.809,C3:00:00:63:4D:04,-60,127,1.5,6.5,1.5
1783010201824,2026-07-02 18:36:41.824,C3:00:00:63:4D:08,-48,127,1.5,6.5,1.5
1783010201845,2026-07-02 18:36:41.845,C3:00:00:63:4D:07,-62,127,1.5,6.5,1.5
1783010201849,2026-07-02 18:36:41.849,C3:00:00:63:4C:D2,-68,127,1.5,6.5,1.5
1783010201875,2026-07-02 18:36:41.875,C3:00:00:63:4D:0D,-54,127,1.5,6.5,1.5
1783010201890,2026-07-02 18:36:41.890,C3:00:00:63:4D:09,-62,127,1.5,6.5,1.5
1783010201931,2026-07-02 18:36:41.931,C3:00:00:63:4D:08,-53,127,1.5,6.5,1.5
1783010201952,2026-07-02 18:36:41.952,C3:00:00:63:4D:05,-60,127,1.5,6.5,1.5
1783010201964,2026-07-02 18:36:41.964,C3:00:00:63:4D:07,-79,127,1.5,6.5,1.5
1783010201978,2026-07-02 18:36:41.978,C3:00:00:63:4C:D2,-62,127,1.5,6.5,1.5
1783010201979,2026-07-02 18:36:41.979,C3:00:00:63:4D:07,-78,127,1.5,6.5,1.5
1783010201983,2026-07-02 18:36:41.983,C3:00:00:63:4D:0D,-54,127,1.5,6.5,1.5
1783010201995,2026-07-02 18:36:41.995,C3:00:00:63:4D:05,-70,127,1.5,6.5,1.5
1783010202004,2026-07-02 18:36:42.004,C3:00:00:63:4D:09,-80,127,1.5,6.5,1.5
1783010202006,2026-07-02 18:36:42.006,C3:00:00:63:4D:0A,-68,127,1.5,6.5,1.5
1783010202024,2026-07-02 18:36:42.024,C3:00:00:63:4D:04,-60,127,1.5,6.5,1.5
1783010202039,2026-07-02 18:36:42.039,C3:00:00:63:4D:0A,-68,127,1.5,6.5,1.5
1783010202042,2026-07-02 18:36:42.042,C3:00:00:63:4D:08,-45,127,1.5,6.5,1.5
1783010202077,2026-07-02 18:36:42.077,C3:00:00:63:4D:05,-59,127,1.5,6.5,1.5
1783010202081,2026-07-02 18:36:42.081,C3:00:00:63:4C:D2,-58,127,1.5,6.5,1.5
1783010202084,2026-07-02 18:36:42.084,C3:00:00:63:4D:07,-76,127,1.5,6.5,1.5
1783010202099,2026-07-02 18:36:42.099,C3:00:00:63:4D:0D,-52,127,1.5,6.5,1.5
1783010202123,2026-07-02 18:36:42.123,C3:00:00:63:4D:09,-60,127,1.5,6.5,1.5
1783010202134,2026-07-02 18:36:42.134,C3:00:00:63:4D:04,-58,127,1.5,6.5,1.5
1783010202142,2026-07-02 18:36:42.142,C3:00:00:63:4D:0A,-60,127,1.5,6.5,1.5
1783010202149,2026-07-02 18:36:42.149,C3:00:00:63:4D:05,-72,127,1.5,6.5,1.5
1783010202151,2026-07-02 18:36:42.151,C3:00:00:63:4D:08,-49,127,1.5,6.5,1.5
1783010202179,2026-07-02 18:36:42.179,C3:00:00:63:4D:05,-64,127,1.5,6.5,1.5
1783010202189,2026-07-02 18:36:42.189,C3:00:00:63:4D:0D,-56,127,1.5,6.5,1.5
1783010202194,2026-07-02 18:36:42.194,C3:00:00:63:4D:07,-67,127,1.5,6.5,1.5
1783010202233,2026-07-02 18:36:42.233,C3:00:00:63:4D:09,-68,127,1.5,6.5,1.5
1783010202251,2026-07-02 18:36:42.251,C3:00:00:63:4D:0A,-66,127,1.5,6.5,1.5
1783010202263,2026-07-02 18:36:42.263,C3:00:00:63:4D:08,-48,127,1.5,6.5,1.5
1783010202294,2026-07-02 18:36:42.294,C3:00:00:63:4D:0D,-56,127,1.5,6.5,1.5
1783010202299,2026-07-02 18:36:42.299,C3:00:00:63:4D:05,-63,127,1.5,6.5,1.5
1783010202313,2026-07-02 18:36:42.313,C3:00:00:63:4D:07,-67,127,1.5,6.5,1.5
1783010202316,2026-07-02 18:36:42.316,C3:00:00:63:4C:D2,-58,127,1.5,6.5,1.5
1783010202349,2026-07-02 18:36:42.349,C3:00:00:63:4D:09,-69,127,1.5,6.5,1.5
1783010202353,2026-07-02 18:36:42.353,C3:00:00:63:4D:04,-59,127,1.5,6.5,1.5
1783010202366,2026-07-02 18:36:42.366,C3:00:00:63:4D:08,-48,127,1.5,6.5,1.5
1783010202375,2026-07-02 18:36:42.375,C3:00:00:63:4D:0A,-69,127,1.5,6.5,1.5
1783010202376,2026-07-02 18:36:42.376,C3:00:00:63:4D:07,-71,127,1.5,6.5,1.5
1783010202400,2026-07-02 18:36:42.400,C3:00:00:63:4D:0D,-54,127,1.5,6.5,1.5
1783010202414,2026-07-02 18:36:42.414,C3:00:00:63:4D:05,-58,127,1.5,6.5,1.5
1783010202458,2026-07-02 18:36:42.458,C3:00:00:63:4D:04,-58,127,1.5,6.5,1.5
1783010202467,2026-07-02 18:36:42.467,C3:00:00:63:4D:09,-65,127,1.5,6.5,1.5
1783010202475,2026-07-02 18:36:42.475,C3:00:00:63:4D:0A,-62,127,1.5,6.5,1.5
1783010202482,2026-07-02 18:36:42.482,C3:00:00:63:4D:08,-46,127,1.5,6.5,1.5
1783010202509,2026-07-02 18:36:42.509,C3:00:00:63:4D:0D,-58,127,1.5,6.5,1.5
1783010202516,2026-07-02 18:36:42.516,C3:00:00:63:4D:07,-58,127,1.5,6.5,1.5
1783010202523,2026-07-02 18:36:42.523,C3:00:00:63:4D:05,-65,127,1.5,6.5,1.5
1783010202537,2026-07-02 18:36:42.537,C3:00:00:63:4D:07,-58,127,1.5,6.5,1.5
1783010202539,2026-07-02 18:36:42.539,C3:00:00:63:4C:D2,-62,127,1.5,6.5,1.5
1783010202570,2026-07-02 18:36:42.570,C3:00:00:63:4D:04,-60,127,1.5,6.5,1.5
1783010202653,2026-07-02 18:36:42.653,C3:00:00:63:4D:05,-64,127,1.5,6.5,1.5
1783010202688,2026-07-02 18:36:42.688,C3:00:00:63:4D:09,-64,127,1.5,6.5,1.5
1783010202694,2026-07-02 18:36:42.694,C3:00:00:63:4D:08,-49,127,1.5,6.5,1.5
1783010202705,2026-07-02 18:36:42.705,C3:00:00:63:4D:0A,-71,127,1.5,6.5,1.5
1783010202715,2026-07-02 18:36:42.715,C3:00:00:63:4D:0D,-54,127,1.5,6.5,1.5
1783010202757,2026-07-02 18:36:42.757,C3:00:00:63:4D:05,-58,127,1.5,6.5,1.5
1783010202762,2026-07-02 18:36:42.762,C3:00:00:63:4D:07,-64,127,1.5,6.5,1.5
1783010202767,2026-07-02 18:36:42.767,C3:00:00:63:4C:D2,-68,127,1.5,6.5,1.5
1783010202786,2026-07-02 18:36:42.786,C3:00:00:63:4D:04,-64,127,1.5,6.5,1.5
1783010202801,2026-07-02 18:36:42.801,C3:00:00:63:4D:08,-48,127,1.5,6.5,1.5
1783010202813,2026-07-02 18:36:42.813,C3:00:00:63:4D:09,-64,127,1.5,6.5,1.5
1783010202816,2026-07-02 18:36:42.816,C3:00:00:63:4D:0A,-63,127,1.5,6.5,1.5
1783010202851,2026-07-02 18:36:42.851,C3:00:00:63:4D:0D,-54,127,1.5,6.5,1.5
1783010202877,2026-07-02 18:36:42.877,C3:00:00:63:4D:05,-69,127,1.5,6.5,1.5
1783010202883,2026-07-02 18:36:42.883,C3:00:00:63:4D:07,-62,127,1.5,6.5,1.5
1783010202903,2026-07-02 18:36:42.903,C3:00:00:63:4D:04,-80,127,1.5,6.5,1.5
1783010202917,2026-07-02 18:36:42.917,C3:00:00:63:4D:09,-67,127,1.5,6.5,1.5
1783010202924,2026-07-02 18:36:42.924,C3:00:00:63:4D:08,-47,127,1.5,6.5,1.5
1783010202941,2026-07-02 18:36:42.941,C3:00:00:63:4D:08,-47,127,1.5,6.5,1.5
1783010202957,2026-07-02 18:36:42.957,C3:00:00:63:4D:08,-56,127,1.5,6.5,1.5
1783010202962,2026-07-02 18:36:42.962,C3:00:00:63:4D:0A,-76,127,1.5,6.5,1.5
1783010202991,2026-07-02 18:36:42.991,C3:00:00:63:4D:05,-63,127,1.5,6.5,1.5
1783010202996,2026-07-02 18:36:42.996,C3:00:00:63:4D:07,-68,127,1.5,6.5,1.5
1783010203002,2026-07-02 18:36:43.002,C3:00:00:63:4C:D2,-55,127,1.5,6.5,1.5
1783010203016,2026-07-02 18:36:43.016,C3:00:00:63:4D:08,-48,127,1.5,6.5,1.5
1783010203036,2026-07-02 18:36:43.036,C3:00:00:63:4D:09,-68,127,1.5,6.5,1.5
1783010203045,2026-07-02 18:36:43.045,C3:00:00:63:4D:0D,-55,127,1.5,6.5,1.5
1783010203047,2026-07-02 18:36:43.047,C3:00:00:63:4D:0A,-60,127,1.5,6.5,1.5
1783010203088,2026-07-02 18:36:43.088,C3:00:00:63:4D:09,-66,127,1.5,6.5,1.5
1783010203106,2026-07-02 18:36:43.106,C3:00:00:63:4D:05,-60,127,1.5,6.5,1.5
1783010203112,2026-07-02 18:36:43.112,C3:00:00:63:4C:D2,-62,127,1.5,6.5,1.5
1783010203118,2026-07-02 18:36:43.118,C3:00:00:63:4D:04,-75,127,1.5,6.5,1.5
1783010203122,2026-07-02 18:36:43.122,C3:00:00:63:4D:07,-85,127,1.5,6.5,1.5
1783010203134,2026-07-02 18:36:43.134,C3:00:00:63:4D:08,-54,127,1.5,6.5,1.5
1783010203143,2026-07-02 18:36:43.143,C3:00:00:63:4D:0D,-55,127,1.5,6.5,1.5
1783010203146,2026-07-02 18:36:43.146,C3:00:00:63:4C:D2,-74,127,1.5,6.5,1.5
1783010203147,2026-07-02 18:36:43.147,C3:00:00:63:4D:09,-66,127,1.5,6.5,1.5
1783010203154,2026-07-02 18:36:43.154,C3:00:00:63:4D:0A,-64,127,1.5,6.5,1.5
1783010203199,2026-07-02 18:36:43.199,C3:00:00:63:4D:0A,-65,127,1.5,6.5,1.5
1783010203213,2026-07-02 18:36:43.213,C3:00:00:63:4D:05,-55,127,1.5,6.5,1.5
1783010203223,2026-07-02 18:36:43.223,C3:00:00:63:4D:04,-62,127,1.5,6.5,1.5
1783010203229,2026-07-02 18:36:43.229,C3:00:00:63:4C:D2,-53,127,1.5,6.5,1.5
1783010203236,2026-07-02 18:36:43.236,C3:00:00:63:4D:07,-60,127,1.5,6.5,1.5
1783010203239,2026-07-02 18:36:43.239,C3:00:00:63:4D:05,-55,127,1.5,6.5,1.5
1783010203245,2026-07-02 18:36:43.245,C3:00:00:63:4D:08,-44,127,1.5,6.5,1.5
1783010203247,2026-07-02 18:36:43.247,C3:00:00:63:4D:0D,-52,127,1.5,6.5,1.5
1783010203254,2026-07-02 18:36:43.254,C3:00:00:63:4C:D2,-53,127,1.5,6.5,1.5
1783010203264,2026-07-02 18:36:43.264,C3:00:00:63:4D:09,-65,127,1.5,6.5,1.5
1783010203273,2026-07-02 18:36:43.273,C3:00:00:63:4D:0A,-63,127,1.5,6.5,1.5
1783010203332,2026-07-02 18:36:43.332,C3:00:00:63:4D:05,-59,127,1.5,6.5,1.5
1783010203347,2026-07-02 18:36:43.347,C3:00:00:63:4C:D2,-67,127,1.5,6.5,1.5
1783010203385,2026-07-02 18:36:43.385,C3:00:00:63:4D:0A,-61,127,1.5,6.5,1.5
1783010203414,2026-07-02 18:36:43.414,C3:00:00:63:4D:08,-48,127,1.5,6.5,1.5
1783010203444,2026-07-02 18:36:43.444,C3:00:00:63:4D:04,-61,127,1.5,6.5,1.5
1783010203450,2026-07-02 18:36:43.450,C3:00:00:63:4D:05,-61,127,1.5,6.5,1.5
1783010203456,2026-07-02 18:36:43.456,C3:00:00:63:4D:0D,-54,127,1.5,6.5,1.5
1783010203463,2026-07-02 18:36:43.463,C3:00:00:63:4D:08,-50,127,1.5,6.5,1.5
1783010203478,2026-07-02 18:36:43.478,C3:00:00:63:4D:0D,-54,127,1.5,6.5,1.5
1783010203549,2026-07-02 18:36:43.549,C3:00:00:63:4C:D2,-56,127,1.5,6.5,1.5
1783010203562,2026-07-02 18:36:43.562,C3:00:00:63:4D:0D,-51,127,1.5,6.5,1.5
1783010203575,2026-07-02 18:36:43.575,C3:00:00:63:4D:07,-70,127,1.5,6.5,1.5
1783010203580,2026-07-02 18:36:43.580,C3:00:00:63:4D:08,-42,127,1.5,6.5,1.5
1783010203581,2026-07-02 18:36:43.581,C3:00:00:63:4C:D2,-57,127,1.5,6.5,1.5
1783010203584,2026-07-02 18:36:43.584,C3:00:00:63:4D:04,-63,127,1.5,6.5,1.5
1783010203606,2026-07-02 18:36:43.606,C3:00:00:63:4D:04,-60,127,1.5,6.5,1.5
1783010203609,2026-07-02 18:36:43.609,C3:00:00:63:4D:09,-61,127,1.5,6.5,1.5
1783010203659,2026-07-02 18:36:43.659,C3:00:00:63:4D:04,-59,127,1.5,6.5,1.5
1783010203675,2026-07-02 18:36:43.675,C3:00:00:63:4D:0D,-58,127,1.5,6.5,1.5
1783010203680,2026-07-02 18:36:43.680,C3:00:00:63:4D:08,-47,127,1.5,6.5,1.5
1783010203687,2026-07-02 18:36:43.687,C3:00:00:63:4D:05,-58,127,1.5,6.5,1.5
1783010203720,2026-07-02 18:36:43.720,C3:00:00:63:4D:09,-60,127,1.5,6.5,1.5
1783010203725,2026-07-02 18:36:43.725,C3:00:00:63:4D:0A,-64,127,1.5,6.5,1.5
1783010203766,2026-07-02 18:36:43.766,C3:00:00:63:4D:0D,-54,127,1.5,6.5,1.5
1783010203776,2026-07-02 18:36:43.776,C3:00:00:63:4D:04,-62,127,1.5,6.5,1.5
1783010203782,2026-07-02 18:36:43.782,C3:00:00:63:4D:08,-49,127,1.5,6.5,1.5
1783010203794,2026-07-02 18:36:43.794,C3:00:00:63:4D:05,-64,127,1.5,6.5,1.5
1783010203809,2026-07-02 18:36:43.809,C3:00:00:63:4C:D2,-72,127,1.5,6.5,1.5
1783010203826,2026-07-02 18:36:43.826,C3:00:00:63:4D:09,-62,127,1.5,6.5,1.5
1783010203841,2026-07-02 18:36:43.841,C3:00:00:63:4D:0A,-64,127,1.5,6.5,1.5
1783010203894,2026-07-02 18:36:43.894,C3:00:00:63:4D:08,-45,127,1.5,6.5,1.5
1783010203919,2026-07-02 18:36:43.919,C3:00:00:63:4C:D2,-65,127,1.5,6.5,1.5
1783010203924,2026-07-02 18:36:43.924,C3:00:00:63:4D:07,-73,127,1.5,6.5,1.5
1783010203976,2026-07-02 18:36:43.976,C3:00:00:63:4D:07,-65,127,1.5,6.5,1.5
1783010203982,2026-07-02 18:36:43.982,C3:00:00:63:4D:0D,-59,127,1.5,6.5,1.5
1783010203990,2026-07-02 18:36:43.990,C3:00:00:63:4D:04,-56,127,1.5,6.5,1.5
1783010204001,2026-07-02 18:36:44.001,C3:00:00:63:4D:08,-48,127,1.5,6.5,1.5
1783010204016,2026-07-02 18:36:44.016,C3:00:00:63:4D:0A,-65,127,1.5,6.5,1.5
1783010204028,2026-07-02 18:36:44.028,C3:00:00:63:4D:05,-65,127,1.5,6.5,1.5
1783010204062,2026-07-02 18:36:44.062,C3:00:00:63:4D:0A,-63,127,1.5,6.5,1.5
1783010204089,2026-07-02 18:36:44.089,C3:00:00:63:4D:0D,-52,127,1.5,6.5,1.5
1783010204115,2026-07-02 18:36:44.115,C3:00:00:63:4D:0D,-60,127,1.5,6.5,1.5
1783010204120,2026-07-02 18:36:44.120,C3:00:00:63:4D:08,-47,127,1.5,6.5,1.5
1783010204140,2026-07-02 18:36:44.140,C3:00:00:63:4D:05,-54,127,1.5,6.5,1.5
1783010204154,2026-07-02 18:36:44.154,C3:00:00:63:4C:D2,-55,127,1.5,6.5,1.5
1783010204162,2026-07-02 18:36:44.162,C3:00:00:63:4D:05,-54,127,1.5,6.5,1.5
1783010204186,2026-07-02 18:36:44.186,C3:00:00:63:4D:0D,-53,127,1.5,6.5,1.5
1783010204205,2026-07-02 18:36:44.205,C3:00:00:63:4D:04,-63,127,1.5,6.5,1.5
1783010204221,2026-07-02 18:36:44.221,C3:00:00:63:4D:08,-50,127,1.5,6.5,1.5
1783010204253,2026-07-02 18:36:44.253,C3:00:00:63:4D:05,-58,127,1.5,6.5,1.5
1783010204258,2026-07-02 18:36:44.258,C3:00:00:63:4D:07,-72,127,1.5,6.5,1.5
1783010204263,2026-07-02 18:36:44.263,C3:00:00:63:4C:D2,-63,127,1.5,6.5,1.5
1783010204285,2026-07-02 18:36:44.285,C3:00:00:63:4D:0A,-61,127,1.5,6.5,1.5
1783010204287,2026-07-02 18:36:44.287,C3:00:00:63:4D:09,-63,127,1.5,6.5,1.5
1783010204295,2026-07-02 18:36:44.295,C3:00:00:63:4D:0D,-60,127,1.5,6.5,1.5
1783010204313,2026-07-02 18:36:44.313,C3:00:00:63:4D:04,-59,127,1.5,6.5,1.5
1783010204328,2026-07-02 18:36:44.328,C3:00:00:63:4D:08,-52,127,1.5,6.5,1.5
1783010204368,2026-07-02 18:36:44.368,C3:00:00:63:4D:05,-64,127,1.5,6.5,1.5
1783010204377,2026-07-02 18:36:44.377,C3:00:00:63:4D:07,-62,127,1.5,6.5,1.5
1783010204383,2026-07-02 18:36:44.383,C3:00:00:63:4C:D2,-81,127,1.5,6.5,1.5
1783010204402,2026-07-02 18:36:44.402,C3:00:00:63:4D:09,-61,127,1.5,6.5,1.5
1783010204409,2026-07-02 18:36:44.409,C3:00:00:63:4D:0D,-54,127,1.5,6.5,1.5
1783010204411,2026-07-02 18:36:44.411,C3:00:00:63:4D:0A,-64,127,1.5,6.5,1.5
1783010204418,2026-07-02 18:36:44.418,C3:00:00:63:4D:09,-68,127,1.5,6.5,1.5
1783010204443,2026-07-02 18:36:44.443,C3:00:00:63:4D:08,-46,127,1.5,6.5,1.5
1783010204489,2026-07-02 18:36:44.489,C3:00:00:63:4D:05,-55,127,1.5,6.5,1.5
1783010204492,2026-07-02 18:36:44.492,C3:00:00:63:4D:07,-63,127,1.5,6.5,1.5
1783010204508,2026-07-02 18:36:44.508,C3:00:00:63:4C:D2,-57,127,1.5,6.5,1.5
1783010204510,2026-07-02 18:36:44.510,C3:00:00:63:4D:0D,-54,127,1.5,6.5,1.5
1783010204515,2026-07-02 18:36:44.515,C3:00:00:63:4D:0A,-62,127,1.5,6.5,1.5
1783010204520,2026-07-02 18:36:44.520,C3:00:00:63:4D:09,-64,127,1.5,6.5,1.5
1783010204522,2026-07-02 18:36:44.522,C3:00:00:63:4D:07,-68,127,1.5,6.5,1.5
1783010204528,2026-07-02 18:36:44.528,C3:00:00:63:4D:04,-57,127,1.5,6.5,1.5
1783010204551,2026-07-02 18:36:44.551,C3:00:00:63:4D:08,-48,127,1.5,6.5,1.5
1783010204555,2026-07-02 18:36:44.555,C3:00:00:63:4D:04,-57,127,1.5,6.5,1.5
1783010204570,2026-07-02 18:36:44.570,C3:00:00:63:4C:D2,-65,127,1.5,6.5,1.5
1783010204595,2026-07-02 18:36:44.595,C3:00:00:63:4D:05,-61,127,1.5,6.5,1.5
1783010204602,2026-07-02 18:36:44.602,C3:00:00:63:4D:07,-67,127,1.5,6.5,1.5
1783010204612,2026-07-02 18:36:44.612,C3:00:00:63:4C:D2,-67,127,1.5,6.5,1.5
1783010204618,2026-07-02 18:36:44.618,C3:00:00:63:4D:0D,-54,127,1.5,6.5,1.5
1783010204627,2026-07-02 18:36:44.627,C3:00:00:63:4D:0A,-66,127,1.5,6.5,1.5
1783010204631,2026-07-02 18:36:44.631,C3:00:00:63:4D:09,-60,127,1.5,6.5,1.5
1783010204644,2026-07-02 18:36:44.644,C3:00:00:63:4D:04,-58,127,1.5,6.5,1.5
1783010204654,2026-07-02 18:36:44.654,C3:00:00:63:4D:08,-49,127,1.5,6.5,1.5
1783010204716,2026-07-02 18:36:44.716,C3:00:00:63:4D:05,-56,127,1.5,6.5,1.5
1783010204721,2026-07-02 18:36:44.721,C3:00:00:63:4D:0D,-53,127,1.5,6.5,1.5
1783010204723,2026-07-02 18:36:44.723,C3:00:00:63:4C:D2,-55,127,1.5,6.5,1.5
1783010204732,2026-07-02 18:36:44.732,C3:00:00:63:4D:07,-59,127,1.5,6.5,1.5
1783010204742,2026-07-02 18:36:44.742,C3:00:00:63:4D:0A,-68,127,1.5,6.5,1.5
1783010204750,2026-07-02 18:36:44.750,C3:00:00:63:4D:04,-64,127,1.5,6.5,1.5
1783010204753,2026-07-02 18:36:44.753,C3:00:00:63:4D:09,-62,127,1.5,6.5,1.5
1783010204763,2026-07-02 18:36:44.763,C3:00:00:63:4D:08,-46,127,1.5,6.5,1.5
1783010204823,2026-07-02 18:36:44.823,C3:00:00:63:4D:0D,-59,127,1.5,6.5,1.5
1783010204854,2026-07-02 18:36:44.854,C3:00:00:63:4D:0A,-61,127,1.5,6.5,1.5
1783010204862,2026-07-02 18:36:44.862,C3:00:00:63:4D:0D,-63,127,1.5,6.5,1.5
1783010204884,2026-07-02 18:36:44.884,C3:00:00:63:4D:08,-52,127,1.5,6.5,1.5
1783010204923,2026-07-02 18:36:44.923,C3:00:00:63:4D:0D,-52,127,1.5,6.5,1.5
1783010204956,2026-07-02 18:36:44.956,C3:00:00:63:4D:05,-70,127,1.5,6.5,1.5
1783010204962,2026-07-02 18:36:44.962,C3:00:00:63:4D:07,-65,127,1.5,6.5,1.5
1783010204968,2026-07-02 18:36:44.968,C3:00:00:63:4C:D2,-66,127,1.5,6.5,1.5
1783010204972,2026-07-02 18:36:44.972,C3:00:00:63:4D:0A,-62,127,1.5,6.5,1.5
1783010204974,2026-07-02 18:36:44.974,C3:00:00:63:4D:04,-78,127,1.5,6.5,1.5
1783010204984,2026-07-02 18:36:44.984,C3:00:00:63:4D:08,-53,127,1.5,6.5,1.5
1783010205032,2026-07-02 18:36:45.032,C3:00:00:63:4D:0D,-54,127,1.5,6.5,1.5
1783010205046,2026-07-02 18:36:45.046,C3:00:00:63:4D:09,-60,127,1.5,6.5,1.5
1783010205069,2026-07-02 18:36:45.069,C3:00:00:63:4D:05,-60,127,1.5,6.5,1.5
1783010205078,2026-07-02 18:36:45.078,C3:00:00:63:4C:D2,-56,127,1.5,6.5,1.5
1783010205083,2026-07-02 18:36:45.083,C3:00:00:63:4D:04,-63,127,1.5,6.5,1.5
1783010205089,2026-07-02 18:36:45.089,C3:00:00:63:4D:0A,-69,127,1.5,6.5,1.5
1783010205093,2026-07-02 18:36:45.093,C3:00:00:63:4D:09,-61,127,1.5,6.5,1.5
1783010205095,2026-07-02 18:36:45.095,C3:00:00:63:4D:08,-52,127,1.5,6.5,1.5
1783010205103,2026-07-02 18:36:45.103,C3:00:00:63:4D:09,-63,127,1.5,6.5,1.5
1783010205178,2026-07-02 18:36:45.178,C3:00:00:63:4D:07,-64,127,1.5,6.5,1.5
1783010205181,2026-07-02 18:36:45.181,C3:00:00:63:4D:05,-65,127,1.5,6.5,1.5
1783010205187,2026-07-02 18:36:45.187,C3:00:00:63:4C:D2,-67,127,1.5,6.5,1.5
1783010205192,2026-07-02 18:36:45.192,C3:00:00:63:4D:0A,-60,127,1.5,6.5,1.5
1783010205199,2026-07-02 18:36:45.199,C3:00:00:63:4D:09,-69,127,1.5,6.5,1.5
1783010205203,2026-07-02 18:36:45.203,C3:00:00:63:4D:08,-50,127,1.5,6.5,1.5
1783010205208,2026-07-02 18:36:45.208,C3:00:00:63:4D:0A,-60,127,1.5,6.5,1.5
1783010205213,2026-07-02 18:36:45.213,C3:00:00:63:4D:05,-74,127,1.5,6.5,1.5
1783010205244,2026-07-02 18:36:45.244,C3:00:00:63:4D:0D,-50,127,1.5,6.5,1.5
1783010205296,2026-07-02 18:36:45.296,C3:00:00:63:4D:05,-61,127,1.5,6.5,1.5
1783010205299,2026-07-02 18:36:45.299,C3:00:00:63:4D:04,-66,127,1.5,6.5,1.5
1783010205305,2026-07-02 18:36:45.305,C3:00:00:63:4D:07,-61,127,1.5,6.5,1.5
1783010205316,2026-07-02 18:36:45.316,C3:00:00:63:4D:08,-52,127,1.5,6.5,1.5
1783010205319,2026-07-02 18:36:45.319,C3:00:00:63:4D:05,-59,127,1.5,6.5,1.5
1783010205320,2026-07-02 18:36:45.320,C3:00:00:63:4D:09,-72,127,1.5,6.5,1.5
1783010205338,2026-07-02 18:36:45.338,C3:00:00:63:4D:0D,-54,127,1.5,6.5,1.5
1783010205407,2026-07-02 18:36:45.407,C3:00:00:63:4D:05,-67,127,1.5,6.5,1.5
1783010205417,2026-07-02 18:36:45.417,C3:00:00:63:4D:07,-62,127,1.5,6.5,1.5
1783010205423,2026-07-02 18:36:45.423,C3:00:00:63:4D:08,-47,127,1.5,6.5,1.5
1783010205428,2026-07-02 18:36:45.428,C3:00:00:63:4D:0A,-61,127,1.5,6.5,1.5
1783010205434,2026-07-02 18:36:45.434,C3:00:00:63:4D:09,-63,127,1.5,6.5,1.5
1783010205436,2026-07-02 18:36:45.436,C3:00:00:63:4D:08,-48,127,1.5,6.5,1.5
1783010205437,2026-07-02 18:36:45.437,C3:00:00:63:4D:0A,-61,127,1.5,6.5,1.5
1783010205447,2026-07-02 18:36:45.447,C3:00:00:63:4D:0D,-54,127,1.5,6.5,1.5
1783010205479,2026-07-02 18:36:45.479,C3:00:00:63:4D:0D,-54,127,1.5,6.5,1.5
1783010205511,2026-07-02 18:36:45.511,C3:00:00:63:4D:04,-62,127,1.5,6.5,1.5
1783010205534,2026-07-02 18:36:45.534,C3:00:00:63:4D:05,-61,127,1.5,6.5,1.5
1783010205536,2026-07-02 18:36:45.536,C3:00:00:63:4D:07,-62,127,1.5,6.5,1.5
1783010205540,2026-07-02 18:36:45.540,C3:00:00:63:4D:08,-46,127,1.5,6.5,1.5
1783010205542,2026-07-02 18:36:45.542,C3:00:00:63:4D:09,-64,127,1.5,6.5,1.5
1783010205558,2026-07-02 18:36:45.558,C3:00:00:63:4C:D2,-75,127,1.5,6.5,1.5
1783010205583,2026-07-02 18:36:45.583,C3:00:00:63:4D:04,-70,127,1.5,6.5,1.5
1783010205591,2026-07-02 18:36:45.591,C3:00:00:63:4D:08,-49,127,1.5,6.5,1.5
1783010205595,2026-07-02 18:36:45.595,C3:00:00:63:4D:04,-68,127,1.5,6.5,1.5
1783010205620,2026-07-02 18:36:45.620,C3:00:00:63:4D:04,-58,127,1.5,6.5,1.5
1783010205637,2026-07-02 18:36:45.637,C3:00:00:63:4D:05,-64,127,1.5,6.5,1.5
1783010205643,2026-07-02 18:36:45.643,C3:00:00:63:4D:0D,-54,127,1.5,6.5,1.5
1783010205649,2026-07-02 18:36:45.649,C3:00:00:63:4D:08,-49,127,1.5,6.5,1.5
1783010205651,2026-07-02 18:36:45.651,C3:00:00:63:4D:07,-71,127,1.5,6.5,1.5
1783010205662,2026-07-02 18:36:45.662,C3:00:00:63:4D:0D,-53,127,1.5,6.5,1.5
1783010205668,2026-07-02 18:36:45.668,C3:00:00:63:4D:07,-65,127,1.5,6.5,1.5
1783010205730,2026-07-02 18:36:45.730,C3:00:00:63:4D:04,-59,127,1.5,6.5,1.5
1783010205749,2026-07-02 18:36:45.749,C3:00:00:63:4D:08,-48,127,1.5,6.5,1.5
1783010205752,2026-07-02 18:36:45.752,C3:00:00:63:4D:05,-61,127,1.5,6.5,1.5
1783010205768,2026-07-02 18:36:45.768,C3:00:00:63:4D:09,-64,127,1.5,6.5,1.5
1783010205842,2026-07-02 18:36:45.842,C3:00:00:63:4D:04,-62,127,1.5,6.5,1.5
1783010205850,2026-07-02 18:36:45.850,C3:00:00:63:4D:08,-50,127,1.5,6.5,1.5
1783010205864,2026-07-02 18:36:45.864,C3:00:00:63:4D:05,-60,127,1.5,6.5,1.5
1783010205883,2026-07-02 18:36:45.883,C3:00:00:63:4D:0A,-68,127,1.5,6.5,1.5
1783010205886,2026-07-02 18:36:45.886,C3:00:00:63:4D:07,-74,127,1.5,6.5,1.5
1783010205891,2026-07-02 18:36:45.891,C3:00:00:63:4C:D2,-71,127,1.5,6.5,1.5
1783010205895,2026-07-02 18:36:45.895,C3:00:00:63:4D:09,-77,127,1.5,6.5,1.5
1783010205951,2026-07-02 18:36:45.951,C3:00:00:63:4D:04,-59,127,1.5,6.5,1.5
1783010205976,2026-07-02 18:36:45.976,C3:00:00:63:4D:08,-43,127,1.5,6.5,1.5
1783010205981,2026-07-02 18:36:45.981,C3:00:00:63:4D:0D,-51,127,1.5,6.5,1.5
1783010205989,2026-07-02 18:36:45.989,C3:00:00:63:4C:D2,-58,127,1.5,6.5,1.5
1783010205997,2026-07-02 18:36:45.997,C3:00:00:63:4D:07,-61,127,1.5,6.5,1.5
1783010206002,2026-07-02 18:36:46.002,C3:00:00:63:4D:09,-62,127,1.5,6.5,1.5
1783010206008,2026-07-02 18:36:46.008,C3:00:00:63:4D:05,-68,127,1.5,6.5,1.5
1783010206010,2026-07-02 18:36:46.010,C3:00:00:63:4D:07,-63,127,1.5,6.5,1.5
1783010206012,2026-07-02 18:36:46.012,C3:00:00:63:4D:0A,-61,127,1.5,6.5,1.5
1783010206074,2026-07-02 18:36:46.074,C3:00:00:63:4D:08,-48,127,1.5,6.5,1.5
1783010206077,2026-07-02 18:36:46.077,C3:00:00:63:4D:0D,-56,127,1.5,6.5,1.5
1783010206087,2026-07-02 18:36:46.087,C3:00:00:63:4D:0A,-59,127,1.5,6.5,1.5
1783010206094,2026-07-02 18:36:46.094,C3:00:00:63:4D:05,-63,127,1.5,6.5,1.5
1783010206100,2026-07-02 18:36:46.100,C3:00:00:63:4D:07,-67,127,1.5,6.5,1.5
1783010206109,2026-07-02 18:36:46.109,C3:00:00:63:4D:09,-61,127,1.5,6.5,1.5
1783010206171,2026-07-02 18:36:46.171,C3:00:00:63:4D:05,-58,127,1.5,6.5,1.5
1783010206180,2026-07-02 18:36:46.180,C3:00:00:63:4D:08,-50,127,1.5,6.5,1.5
1783010206187,2026-07-02 18:36:46.187,C3:00:00:63:4D:0D,-54,127,1.5,6.5,1.5
1783010206210,2026-07-02 18:36:46.210,C3:00:00:63:4D:05,-54,127,1.5,6.5,1.5
1783010206230,2026-07-02 18:36:46.230,C3:00:00:63:4D:09,-65,127,1.5,6.5,1.5
1783010206276,2026-07-02 18:36:46.276,C3:00:00:63:4D:04,-58,127,1.5,6.5,1.5
1783010206287,2026-07-02 18:36:46.287,C3:00:00:63:4D:0D,-52,127,1.5,6.5,1.5
1783010206296,2026-07-02 18:36:46.296,C3:00:00:63:4D:08,-44,127,1.5,6.5,1.5
1783010206320,2026-07-02 18:36:46.320,C3:00:00:63:4D:0A,-61,127,1.5,6.5,1.5
1783010206323,2026-07-02 18:36:46.323,C3:00:00:63:4D:05,-69,127,1.5,6.5,1.5
1783010206372,2026-07-02 18:36:46.372,C3:00:00:63:4D:07,-68,127,1.5,6.5,1.5
1783010206380,2026-07-02 18:36:46.380,C3:00:00:63:4D:04,-61,127,1.5,6.5,1.5
1783010206399,2026-07-02 18:36:46.399,C3:00:00:63:4D:0D,-58,127,1.5,6.5,1.5
1783010206408,2026-07-02 18:36:46.408,C3:00:00:63:4D:08,-48,127,1.5,6.5,1.5
1783010206443,2026-07-02 18:36:46.443,C3:00:00:63:4D:05,-66,127,1.5,6.5,1.5
1783010206448,2026-07-02 18:36:46.448,C3:00:00:63:4C:D2,-62,127,1.5,6.5,1.5
1783010206451,2026-07-02 18:36:46.451,C3:00:00:63:4D:07,-74,127,1.5,6.5,1.5
1783010206458,2026-07-02 18:36:46.458,C3:00:00:63:4D:09,-69,127,1.5,6.5,1.5
1783010206499,2026-07-02 18:36:46.499,C3:00:00:63:4D:04,-66,127,1.5,6.5,1.5
1783010206503,2026-07-02 18:36:46.503,C3:00:00:63:4D:0D,-53,127,1.5,6.5,1.5
1783010206511,2026-07-02 18:36:46.511,C3:00:00:63:4D:08,-48,127,1.5,6.5,1.5
1783010206526,2026-07-02 18:36:46.526,C3:00:00:63:4D:07,-61,127,1.5,6.5,1.5
1783010206547,2026-07-02 18:36:46.547,C3:00:00:63:4D:0A,-72,127,1.5,6.5,1.5
1783010206559,2026-07-02 18:36:46.559,C3:00:00:63:4D:07,-60,127,1.5,6.5,1.5
1783010206563,2026-07-02 18:36:46.563,C3:00:00:63:4D:05,-69,127,1.5,6.5,1.5
1783010206568,2026-07-02 18:36:46.568,C3:00:00:63:4C:D2,-57,127,1.5,6.5,1.5
1783010206574,2026-07-02 18:36:46.574,C3:00:00:63:4D:09,-65,127,1.5,6.5,1.5
1783010206604,2026-07-02 18:36:46.604,C3:00:00:63:4D:04,-64,127,1.5,6.5,1.5
1783010206617,2026-07-02 18:36:46.617,C3:00:00:63:4D:08,-46,127,1.5,6.5,1.5
1783010206663,2026-07-02 18:36:46.663,C3:00:00:63:4D:0A,-58,127,1.5,6.5,1.5
1783010206669,2026-07-02 18:36:46.669,C3:00:00:63:4D:05,-75,127,1.5,6.5,1.5
1783010206677,2026-07-02 18:36:46.677,C3:00:00:63:4D:09,-62,127,1.5,6.5,1.5
1783010206682,2026-07-02 18:36:46.682,C3:00:00:63:4D:07,-65,127,1.5,6.5,1.5
1783010206687,2026-07-02 18:36:46.687,C3:00:00:63:4C:D2,-63,127,1.5,6.5,1.5
1783010206713,2026-07-02 18:36:46.713,C3:00:00:63:4D:0D,-56,127,1.5,6.5,1.5
1783010206723,2026-07-02 18:36:46.723,C3:00:00:63:4D:08,-47,127,1.5,6.5,1.5
1783010206769,2026-07-02 18:36:46.769,C3:00:00:63:4D:0A,-66,127,1.5,6.5,1.5
1783010206790,2026-07-02 18:36:46.790,C3:00:00:63:4D:05,-62,127,1.5,6.5,1.5
1783010206798,2026-07-02 18:36:46.798,C3:00:00:63:4D:09,-72,127,1.5,6.5,1.5
1783010206803,2026-07-02 18:36:46.803,C3:00:00:63:4C:D2,-69,127,1.5,6.5,1.5
1783010206817,2026-07-02 18:36:46.817,C3:00:00:63:4D:0D,-52,127,1.5,6.5,1.5
1783010206835,2026-07-02 18:36:46.835,C3:00:00:63:4D:08,-54,127,1.5,6.5,1.5
1783010206879,2026-07-02 18:36:46.879,C3:00:00:63:4D:0D,-53,127,1.5,6.5,1.5
1783010206886,2026-07-02 18:36:46.886,C3:00:00:63:4D:0A,-66,127,1.5,6.5,1.5
1783010206907,2026-07-02 18:36:46.907,C3:00:00:63:4D:05,-60,127,1.5,6.5,1.5
1783010206916,2026-07-02 18:36:46.916,C3:00:00:63:4D:09,-67,127,1.5,6.5,1.5
1783010206924,2026-07-02 18:36:46.924,C3:00:00:63:4D:07,-62,127,1.5,6.5,1.5
1783010206927,2026-07-02 18:36:46.927,C3:00:00:63:4D:0D,-59,127,1.5,6.5,1.5
1783010206933,2026-07-02 18:36:46.933,C3:00:00:63:4D:04,-61,127,1.5,6.5,1.5
1783010206941,2026-07-02 18:36:46.941,C3:00:00:63:4D:08,-47,127,1.5,6.5,1.5
1783010206958,2026-07-02 18:36:46.958,C3:00:00:63:4D:0A,-71,127,1.5,6.5,1.5
1783010206982,2026-07-02 18:36:46.982,C3:00:00:63:4D:08,-49,127,1.5,6.5,1.5
1783010207004,2026-07-02 18:36:47.004,C3:00:00:63:4D:0A,-64,127,1.5,6.5,1.5
1783010207017,2026-07-02 18:36:47.017,C3:00:00:63:4D:05,-61,127,1.5,6.5,1.5
1783010207025,2026-07-02 18:36:47.025,C3:00:00:63:4C:D2,-63,127,1.5,6.5,1.5
1783010207031,2026-07-02 18:36:47.031,C3:00:00:63:4D:0D,-50,127,1.5,6.5,1.5
1783010207037,2026-07-02 18:36:47.037,C3:00:00:63:4D:04,-64,127,1.5,6.5,1.5
1783010207051,2026-07-02 18:36:47.051,C3:00:00:63:4D:09,-80,127,1.5,6.5,1.5
1783010207054,2026-07-02 18:36:47.054,C3:00:00:63:4D:08,-54,127,1.5,6.5,1.5
1783010207106,2026-07-02 18:36:47.106,C3:00:00:63:4D:09,-75,127,1.5,6.5,1.5
1783010207111,2026-07-02 18:36:47.111,C3:00:00:63:4D:0A,-88,127,1.5,6.5,1.5
1783010207126,2026-07-02 18:36:47.126,C3:00:00:63:4D:05,-59,127,1.5,6.5,1.5
1783010207130,2026-07-02 18:36:47.130,C3:00:00:63:4D:0D,-60,127,1.5,6.5,1.5
1783010207136,2026-07-02 18:36:47.136,C3:00:00:63:4D:09,-69,127,1.5,6.5,1.5
1783010207145,2026-07-02 18:36:47.145,C3:00:00:63:4C:D2,-60,127,1.5,6.5,1.5
1783010207147,2026-07-02 18:36:47.147,C3:00:00:63:4D:07,-68,127,1.5,6.5,1.5
1783010207152,2026-07-02 18:36:47.152,C3:00:00:63:4D:04,-74,127,1.5,6.5,1.5
1783010207154,2026-07-02 18:36:47.154,C3:00:00:63:4C:D2,-67,127,1.5,6.5,1.5
1783010207161,2026-07-02 18:36:47.161,C3:00:00:63:4D:08,-46,127,1.5,6.5,1.5
1783010207212,2026-07-02 18:36:47.212,C3:00:00:63:4D:05,-60,127,1.5,6.5,1.5
1783010207233,2026-07-02 18:36:47.233,C3:00:00:63:4D:0A,-66,127,1.5,6.5,1.5
1783010207237,2026-07-02 18:36:47.237,C3:00:00:63:4D:0D,-64,127,1.5,6.5,1.5
1783010207244,2026-07-02 18:36:47.244,C3:00:00:63:4D:05,-60,127,1.5,6.5,1.5
1783010207253,2026-07-02 18:36:47.253,C3:00:00:63:4D:07,-62,127,1.5,6.5,1.5
1783010207255,2026-07-02 18:36:47.255,C3:00:00:63:4C:D2,-65,127,1.5,6.5,1.5
1783010207265,2026-07-02 18:36:47.265,C3:00:00:63:4D:09,-66,127,1.5,6.5,1.5
1783010207268,2026-07-02 18:36:47.268,C3:00:00:63:4D:04,-58,127,1.5,6.5,1.5
1783010207269,2026-07-02 18:36:47.269,C3:00:00:63:4D:08,-48,127,1.5,6.5,1.5
1783010207271,2026-07-02 18:36:47.271,C3:00:00:63:4C:D2,-64,127,1.5,6.5,1.5
1783010207340,2026-07-02 18:36:47.340,C3:00:00:63:4D:0D,-59,127,1.5,6.5,1.5
1783010207364,2026-07-02 18:36:47.364,C3:00:00:63:4D:05,-67,127,1.5,6.5,1.5
1783010207367,2026-07-02 18:36:47.367,C3:00:00:63:4D:04,-63,127,1.5,6.5,1.5
1783010207387,2026-07-02 18:36:47.387,C3:00:00:63:4D:08,-56,127,1.5,6.5,1.5
1783010207445,2026-07-02 18:36:47.445,C3:00:00:63:4D:08,-49,127,1.5,6.5,1.5
1783010207451,2026-07-02 18:36:47.451,C3:00:00:63:4D:0D,-71,127,1.5,6.5,1.5
1783010207467,2026-07-02 18:36:47.467,C3:00:00:63:4D:0A,-67,127,1.5,6.5,1.5
1783010207483,2026-07-02 18:36:47.483,C3:00:00:63:4D:07,-64,127,1.5,6.5,1.5
1783010207489,2026-07-02 18:36:47.489,C3:00:00:63:4D:09,-74,127,1.5,6.5,1.5
1783010207492,2026-07-02 18:36:47.492,C3:00:00:63:4D:08,-47,127,1.5,6.5,1.5
1783010207494,2026-07-02 18:36:47.494,C3:00:00:63:4D:0D,-65,127,1.5,6.5,1.5
1783010207549,2026-07-02 18:36:47.549,C3:00:00:63:4D:0D,-63,127,1.5,6.5,1.5
1783010207590,2026-07-02 18:36:47.590,C3:00:00:63:4D:04,-62,127,1.5,6.5,1.5
1783010207596,2026-07-02 18:36:47.596,C3:00:00:63:4D:05,-59,127,1.5,6.5,1.5
1783010207601,2026-07-02 18:36:47.601,C3:00:00:63:4D:08,-48,127,1.5,6.5,1.5
1783010207609,2026-07-02 18:36:47.609,C3:00:00:63:4D:07,-64,127,1.5,6.5,1.5
1783010207611,2026-07-02 18:36:47.611,C3:00:00:63:4D:04,-61,127,1.5,6.5,1.5
1783010207625,2026-07-02 18:36:47.625,C3:00:00:63:4D:08,-49,127,1.5,6.5,1.5
1783010207630,2026-07-02 18:36:47.630,C3:00:00:63:4D:04,-63,127,1.5,6.5,1.5
1783010207653,2026-07-02 18:36:47.653,C3:00:00:63:4D:0D,-60,127,1.5,6.5,1.5
1783010207693,2026-07-02 18:36:47.693,C3:00:00:63:4D:04,-65,127,1.5,6.5,1.5
1783010207757,2026-07-02 18:36:47.757,C3:00:00:63:4D:0D,-60,127,1.5,6.5,1.5
1783010207792,2026-07-02 18:36:47.792,C3:00:00:63:4D:0A,-70,127,1.5,6.5,1.5
1783010207813,2026-07-02 18:36:47.813,C3:00:00:63:4D:04,-62,127,1.5,6.5,1.5
1783010207857,2026-07-02 18:36:47.857,C3:00:00:63:4D:0D,-69,127,1.5,6.5,1.5
1783010207866,2026-07-02 18:36:47.866,C3:00:00:63:4D:09,-73,127,1.5,6.5,1.5
1783010207907,2026-07-02 18:36:47.907,C3:00:00:63:4D:0A,-62,127,1.5,6.5,1.5
1783010207909,2026-07-02 18:36:47.909,C3:00:00:63:4D:04,-62,127,1.5,6.5,1.5
1783010207932,2026-07-02 18:36:47.932,C3:00:00:63:4D:08,-52,127,1.5,6.5,1.5
1783010207938,2026-07-02 18:36:47.938,C3:00:00:63:4D:05,-72,127,1.5,6.5,1.5
1783010207944,2026-07-02 18:36:47.944,C3:00:00:63:4C:D2,-65,127,1.5,6.5,1.5
1783010207958,2026-07-02 18:36:47.958,C3:00:00:63:4D:09,-68,127,1.5,6.5,1.5
1783010207960,2026-07-02 18:36:47.960,C3:00:00:63:4D:07,-63,127,1.5,6.5,1.5
1783010207967,2026-07-02 18:36:47.967,C3:00:00:63:4D:0D,-59,127,1.5,6.5,1.5
1783010208000,2026-07-02 18:36:48.000,C3:00:00:63:4D:07,-62,127,1.5,6.5,1.5
1783010208017,2026-07-02 18:36:48.017,C3:00:00:63:4D:0A,-65,127,1.5,6.5,1.5
1783010208023,2026-07-02 18:36:48.023,C3:00:00:63:4D:04,-66,127,1.5,6.5,1.5
1783010208036,2026-07-02 18:36:48.036,C3:00:00:63:4D:08,-45,127,1.5,6.5,1.5
1783010208043,2026-07-02 18:36:48.043,C3:00:00:63:4D:0A,-66,127,1.5,6.5,1.5
1783010208049,2026-07-02 18:36:48.049,C3:00:00:63:4D:09,-83,127,1.5,6.5,1.5
1783010208052,2026-07-02 18:36:48.052,C3:00:00:63:4D:05,-62,127,1.5,6.5,1.5
1783010208056,2026-07-02 18:36:48.056,C3:00:00:63:4C:D2,-56,127,1.5,6.5,1.5
1783010208058,2026-07-02 18:36:48.058,C3:00:00:63:4D:07,-60,127,1.5,6.5,1.5
1783010208066,2026-07-02 18:36:48.066,C3:00:00:63:4D:0D,-58,127,1.5,6.5,1.5
1783010208100,2026-07-02 18:36:48.100,C3:00:00:63:4D:0D,-67,127,1.5,6.5,1.5
1783010208128,2026-07-02 18:36:48.128,C3:00:00:63:4D:0A,-60,127,1.5,6.5,1.5
1783010208144,2026-07-02 18:36:48.144,C3:00:00:63:4D:08,-49,127,1.5,6.5,1.5
1783010208163,2026-07-02 18:36:48.163,C3:00:00:63:4D:09,-62,127,1.5,6.5,1.5
1783010208176,2026-07-02 18:36:48.176,C3:00:00:63:4D:05,-60,127,1.5,6.5,1.5
1783010208181,2026-07-02 18:36:48.181,C3:00:00:63:4C:D2,-64,127,1.5,6.5,1.5
1783010208182,2026-07-02 18:36:48.182,C3:00:00:63:4D:0D,-72,127,1.5,6.5,1.5
1783010208188,2026-07-02 18:36:48.188,C3:00:00:63:4D:05,-59,127,1.5,6.5,1.5
1783010208236,2026-07-02 18:36:48.236,C3:00:00:63:4D:04,-64,127,1.5,6.5,1.5
1783010208239,2026-07-02 18:36:48.239,C3:00:00:63:4D:0A,-66,127,1.5,6.5,1.5
1783010208286,2026-07-02 18:36:48.286,C3:00:00:63:4D:0D,-64,127,1.5,6.5,1.5
1783010208292,2026-07-02 18:36:48.292,C3:00:00:63:4C:D2,-68,127,1.5,6.5,1.5
1783010208300,2026-07-02 18:36:48.300,C3:00:00:63:4D:07,-63,127,1.5,6.5,1.5
1783010208346,2026-07-02 18:36:48.346,C3:00:00:63:4D:04,-66,127,1.5,6.5,1.5
1783010208357,2026-07-02 18:36:48.357,C3:00:00:63:4D:0A,-69,127,1.5,6.5,1.5
1783010208367,2026-07-02 18:36:48.367,C3:00:00:63:4D:08,-45,127,1.5,6.5,1.5
1783010208386,2026-07-02 18:36:48.386,C3:00:00:63:4D:09,-68,127,1.5,6.5,1.5
1783010208392,2026-07-02 18:36:48.392,C3:00:00:63:4D:05,-67,127,1.5,6.5,1.5
1783010208407,2026-07-02 18:36:48.407,C3:00:00:63:4D:09,-69,127,1.5,6.5,1.5
1783010208459,2026-07-02 18:36:48.459,C3:00:00:63:4D:04,-61,127,1.5,6.5,1.5
1783010208466,2026-07-02 18:36:48.466,C3:00:00:63:4D:0A,-60,127,1.5,6.5,1.5
1783010208471,2026-07-02 18:36:48.471,C3:00:00:63:4D:08,-48,127,1.5,6.5,1.5
1783010208490,2026-07-02 18:36:48.490,C3:00:00:63:4D:0D,-65,127,1.5,6.5,1.5
1783010208514,2026-07-02 18:36:48.514,C3:00:00:63:4D:09,-64,127,1.5,6.5,1.5
1783010208519,2026-07-02 18:36:48.519,C3:00:00:63:4C:D2,-68,127,1.5,6.5,1.5
1783010208537,2026-07-02 18:36:48.537,C3:00:00:63:4D:07,-59,127,1.5,6.5,1.5
1783010208567,2026-07-02 18:36:48.567,C3:00:00:63:4D:04,-65,127,1.5,6.5,1.5
1783010208573,2026-07-02 18:36:48.573,C3:00:00:63:4C:D2,-71,127,1.5,6.5,1.5
1783010208584,2026-07-02 18:36:48.584,C3:00:00:63:4D:08,-51,127,1.5,6.5,1.5
1783010208604,2026-07-02 18:36:48.604,C3:00:00:63:4D:0D,-54,127,1.5,6.5,1.5
1783010208623,2026-07-02 18:36:48.623,C3:00:00:63:4D:09,-74,127,1.5,6.5,1.5
1783010208633,2026-07-02 18:36:48.633,C3:00:00:63:4D:05,-62,127,1.5,6.5,1.5
1783010208645,2026-07-02 18:36:48.645,C3:00:00:63:4C:D2,-56,127,1.5,6.5,1.5
1783010208672,2026-07-02 18:36:48.672,C3:00:00:63:4D:04,-63,127,1.5,6.5,1.5
1783010208687,2026-07-02 18:36:48.687,C3:00:00:63:4D:08,-47,127,1.5,6.5,1.5
1783010208692,2026-07-02 18:36:48.692,C3:00:00:63:4D:0A,-73,127,1.5,6.5,1.5
1783010208700,2026-07-02 18:36:48.700,C3:00:00:63:4D:0D,-55,127,1.5,6.5,1.5
1783010208732,2026-07-02 18:36:48.732,C3:00:00:63:4D:09,-68,127,1.5,6.5,1.5
1783010208734,2026-07-02 18:36:48.734,C3:00:00:63:4D:05,-60,127,1.5,6.5,1.5
1783010208743,2026-07-02 18:36:48.743,C3:00:00:63:4D:07,-63,127,1.5,6.5,1.5
1783010208749,2026-07-02 18:36:48.749,C3:00:00:63:4C:D2,-70,127,1.5,6.5,1.5
1783010208785,2026-07-02 18:36:48.785,C3:00:00:63:4D:04,-61,127,1.5,6.5,1.5
1783010208804,2026-07-02 18:36:48.804,C3:00:00:63:4D:08,-45,127,1.5,6.5,1.5
1783010208860,2026-07-02 18:36:48.860,C3:00:00:63:4D:05,-61,127,1.5,6.5,1.5
1783010208863,2026-07-02 18:36:48.863,C3:00:00:63:4D:09,-68,127,1.5,6.5,1.5
1783010208871,2026-07-02 18:36:48.871,C3:00:00:63:4D:07,-58,127,1.5,6.5,1.5
1783010208876,2026-07-02 18:36:48.876,C3:00:00:63:4C:D2,-64,127,1.5,6.5,1.5
1783010208890,2026-07-02 18:36:48.890,C3:00:00:63:4D:0D,-54,127,1.5,6.5,1.5
1783010208895,2026-07-02 18:36:48.895,C3:00:00:63:4D:04,-60,127,1.5,6.5,1.5
1783010208910,2026-07-02 18:36:48.910,C3:00:00:63:4D:08,-45,127,1.5,6.5,1.5
1783010208916,2026-07-02 18:36:48.916,C3:00:00:63:4D:0D,-55,127,1.5,6.5,1.5
1783010208972,2026-07-02 18:36:48.972,C3:00:00:63:4D:09,-66,127,1.5,6.5,1.5
1783010209002,2026-07-02 18:36:49.002,C3:00:00:63:4D:04,-65,127,1.5,6.5,1.5
1783010209019,2026-07-02 18:36:49.019,C3:00:00:63:4D:08,-49,127,1.5,6.5,1.5
1783010209021,2026-07-02 18:36:49.021,C3:00:00:63:4D:0D,-56,127,1.5,6.5,1.5
1783010209031,2026-07-02 18:36:49.031,C3:00:00:63:4D:0A,-64,127,1.5,6.5,1.5
1783010209075,2026-07-02 18:36:49.075,C3:00:00:63:4D:09,-65,127,1.5,6.5,1.5
1783010209084,2026-07-02 18:36:49.084,C3:00:00:63:4D:05,-60,127,1.5,6.5,1.5
1783010209090,2026-07-02 18:36:49.090,C3:00:00:63:4C:D2,-66,127,1.5,6.5,1.5
1783010209097,2026-07-02 18:36:49.097,C3:00:00:63:4D:07,-63,127,1.5,6.5,1.5
1783010209109,2026-07-02 18:36:49.109,C3:00:00:63:4D:04,-58,127,1.5,6.5,1.5
1783010209113,2026-07-02 18:36:49.113,C3:00:00:63:4D:09,-66,127,1.5,6.5,1.5
1783010209122,2026-07-02 18:36:49.122,C3:00:00:63:4D:0D,-54,127,1.5,6.5,1.5
1783010209124,2026-07-02 18:36:49.124,C3:00:00:63:4D:08,-51,127,1.5,6.5,1.5
1783010209142,2026-07-02 18:36:49.142,C3:00:00:63:4D:0A,-66,127,1.5,6.5,1.5
1783010209188,2026-07-02 18:36:49.188,C3:00:00:63:4D:09,-73,127,1.5,6.5,1.5
1783010209197,2026-07-02 18:36:49.197,C3:00:00:63:4D:05,-63,127,1.5,6.5,1.5
1783010209207,2026-07-02 18:36:49.207,C3:00:00:63:4D:07,-66,127,1.5,6.5,1.5
1783010209210,2026-07-02 18:36:49.210,C3:00:00:63:4C:D2,-66,127,1.5,6.5,1.5
1783010209226,2026-07-02 18:36:49.226,C3:00:00:63:4D:05,-61,127,1.5,6.5,1.5
1783010209232,2026-07-02 18:36:49.232,C3:00:00:63:4D:0A,-70,127,1.5,6.5,1.5
1783010209234,2026-07-02 18:36:49.234,C3:00:00:63:4D:04,-65,127,1.5,6.5,1.5
1783010209259,2026-07-02 18:36:49.259,C3:00:00:63:4D:0A,-72,127,1.5,6.5,1.5
1783010209260,2026-07-02 18:36:49.260,C3:00:00:63:4C:D2,-56,127,1.5,6.5,1.5
1783010209301,2026-07-02 18:36:49.301,C3:00:00:63:4D:09,-62,127,1.5,6.5,1.5
1783010209304,2026-07-02 18:36:49.304,C3:00:00:63:4D:05,-60,127,1.5,6.5,1.5
1783010209319,2026-07-02 18:36:49.319,C3:00:00:63:4C:D2,-65,127,1.5,6.5,1.5
1783010209337,2026-07-02 18:36:49.337,C3:00:00:63:4D:05,-58,127,1.5,6.5,1.5
1783010209340,2026-07-02 18:36:49.340,C3:00:00:63:4D:04,-60,127,1.5,6.5,1.5
1783010209342,2026-07-02 18:36:49.342,C3:00:00:63:4D:08,-47,127,1.5,6.5,1.5
1783010209372,2026-07-02 18:36:49.372,C3:00:00:63:4D:0A,-63,127,1.5,6.5,1.5
1783010209421,2026-07-02 18:36:49.421,C3:00:00:63:4D:09,-68,127,1.5,6.5,1.5
1783010209424,2026-07-02 18:36:49.424,C3:00:00:63:4D:05,-62,127,1.5,6.5,1.5
1783010209451,2026-07-02 18:36:49.451,C3:00:00:63:4D:08,-50,127,1.5,6.5,1.5
1783010209456,2026-07-02 18:36:49.456,C3:00:00:63:4D:0A,-63,127,1.5,6.5,1.5
1783010209473,2026-07-02 18:36:49.473,C3:00:00:63:4D:08,-48,127,1.5,6.5,1.5
1783010209495,2026-07-02 18:36:49.495,C3:00:00:63:4D:0A,-64,127,1.5,6.5,1.5
1783010209499,2026-07-02 18:36:49.499,C3:00:00:63:4D:0D,-54,127,1.5,6.5,1.5
1783010209531,2026-07-02 18:36:49.531,C3:00:00:63:4D:09,-64,127,1.5,6.5,1.5
1783010209540,2026-07-02 18:36:49.540,C3:00:00:63:4D:0D,-56,127,1.5,6.5,1.5
1783010209548,2026-07-02 18:36:49.548,C3:00:00:63:4D:05,-58,127,1.5,6.5,1.5
1783010209563,2026-07-02 18:36:49.563,C3:00:00:63:4D:08,-49,127,1.5,6.5,1.5
1783010209581,2026-07-02 18:36:49.581,C3:00:00:63:4C:D2,-52,127,1.5,6.5,1.5
1783010209592,2026-07-02 18:36:49.592,C3:00:00:63:4D:0A,-63,127,1.5,6.5,1.5
1783010209600,2026-07-02 18:36:49.600,C3:00:00:63:4D:08,-56,127,1.5,6.5,1.5
1783010209606,2026-07-02 18:36:49.606,C3:00:00:63:4D:04,-61,127,1.5,6.5,1.5
1783010209621,2026-07-02 18:36:49.621,C3:00:00:63:4D:04,-60,127,1.5,6.5,1.5
1783010209642,2026-07-02 18:36:49.642,C3:00:00:63:4D:09,-62,127,1.5,6.5,1.5
1783010209648,2026-07-02 18:36:49.648,C3:00:00:63:4D:0D,-59,127,1.5,6.5,1.5
1783010209706,2026-07-02 18:36:49.706,C3:00:00:63:4D:0A,-59,127,1.5,6.5,1.5
1783010209753,2026-07-02 18:36:49.753,C3:00:00:63:4D:0D,-57,127,1.5,6.5,1.5
1783010209765,2026-07-02 18:36:49.765,C3:00:00:63:4D:09,-65,127,1.5,6.5,1.5
1783010209771,2026-07-02 18:36:49.771,C3:00:00:63:4D:04,-59,127,1.5,6.5,1.5
1783010209772,2026-07-02 18:36:49.772,C3:00:00:63:4D:05,-58,127,1.5,6.5,1.5
1783010209780,2026-07-02 18:36:49.780,C3:00:00:63:4D:08,-49,127,1.5,6.5,1.5
1783010209781,2026-07-02 18:36:49.781,C3:00:00:63:4D:07,-70,127,1.5,6.5,1.5
1783010209783,2026-07-02 18:36:49.783,C3:00:00:63:4C:D2,-60,127,1.5,6.5,1.5
1783010209828,2026-07-02 18:36:49.828,C3:00:00:63:4D:0A,-68,127,1.5,6.5,1.5
1783010209872,2026-07-02 18:36:49.872,C3:00:00:63:4D:09,-67,127,1.5,6.5,1.5
1783010209878,2026-07-02 18:36:49.878,C3:00:00:63:4D:04,-66,127,1.5,6.5,1.5
1783010209902,2026-07-02 18:36:49.902,C3:00:00:63:4D:08,-51,127,1.5,6.5,1.5
1783010209908,2026-07-02 18:36:49.908,C3:00:00:63:4C:D2,-56,127,1.5,6.5,1.5
1783010209910,2026-07-02 18:36:49.910,C3:00:00:63:4D:07,-67,127,1.5,6.5,1.5
1783010209934,2026-07-02 18:36:49.934,C3:00:00:63:4D:0A,-60,127,1.5,6.5,1.5
1783010209964,2026-07-02 18:36:49.964,C3:00:00:63:4D:0D,-62,127,1.5,6.5,1.5
1783010209981,2026-07-02 18:36:49.981,C3:00:00:63:4D:04,-60,127,1.5,6.5,1.5
1783010210003,2026-07-02 18:36:50.003,C3:00:00:63:4D:08,-54,127,1.5,6.5,1.5
1783010210007,2026-07-02 18:36:50.007,C3:00:00:63:4D:05,-64,127,1.5,6.5,1.5
1783010210010,2026-07-02 18:36:50.010,C3:00:00:63:4D:07,-59,127,1.5,6.5,1.5
1783010210015,2026-07-02 18:36:50.015,C3:00:00:63:4C:D2,-61,127,1.5,6.5,1.5
1783010210022,2026-07-02 18:36:50.022,C3:00:00:63:4D:05,-73,127,1.5,6.5,1.5
1783010210029,2026-07-02 18:36:50.029,C3:00:00:63:4D:0A,-64,127,1.5,6.5,1.5
1783010210036,2026-07-02 18:36:50.036,C3:00:00:63:4D:07,-67,127,1.5,6.5,1.5
1783010210047,2026-07-02 18:36:50.047,C3:00:00:63:4D:0A,-62,127,1.5,6.5,1.5
1783010210070,2026-07-02 18:36:50.070,C3:00:00:63:4D:0D,-58,127,1.5,6.5,1.5
1783010210097,2026-07-02 18:36:50.097,C3:00:00:63:4D:04,-69,127,1.5,6.5,1.5
1783010210104,2026-07-02 18:36:50.104,C3:00:00:63:4D:09,-75,127,1.5,6.5,1.5
1783010210110,2026-07-02 18:36:50.110,C3:00:00:63:4D:08,-47,127,1.5,6.5,1.5
1783010210120,2026-07-02 18:36:50.120,C3:00:00:63:4D:07,-85,127,1.5,6.5,1.5
1783010210170,2026-07-02 18:36:50.170,C3:00:00:63:4D:0A,-76,127,1.5,6.5,1.5
1783010210174,2026-07-02 18:36:50.174,C3:00:00:63:4D:0D,-54,127,1.5,6.5,1.5
1783010210205,2026-07-02 18:36:50.205,C3:00:00:63:4D:05,-64,127,1.5,6.5,1.5
1783010210210,2026-07-02 18:36:50.210,C3:00:00:63:4D:04,-63,127,1.5,6.5,1.5
1783010210213,2026-07-02 18:36:50.213,C3:00:00:63:4D:09,-64,127,1.5,6.5,1.5
1783010210229,2026-07-02 18:36:50.229,C3:00:00:63:4D:05,-57,127,1.5,6.5,1.5
1783010210238,2026-07-02 18:36:50.238,C3:00:00:63:4D:07,-60,127,1.5,6.5,1.5
1783010210243,2026-07-02 18:36:50.243,C3:00:00:63:4C:D2,-68,127,1.5,6.5,1.5
1783010210308,2026-07-02 18:36:50.308,C3:00:00:63:4D:04,-56,127,1.5,6.5,1.5
1783010210337,2026-07-02 18:36:50.337,C3:00:00:63:4D:08,-49,127,1.5,6.5,1.5
1783010210355,2026-07-02 18:36:50.355,C3:00:00:63:4D:05,-60,127,1.5,6.5,1.5
1783010210360,2026-07-02 18:36:50.360,C3:00:00:63:4C:D2,-66,127,1.5,6.5,1.5
1783010210363,2026-07-02 18:36:50.363,C3:00:00:63:4D:07,-61,127,1.5,6.5,1.5
1783010210381,2026-07-02 18:36:50.381,C3:00:00:63:4D:07,-68,127,1.5,6.5,1.5
1783010210386,2026-07-02 18:36:50.386,C3:00:00:63:4D:0D,-56,127,1.5,6.5,1.5
1783010210391,2026-07-02 18:36:50.391,C3:00:00:63:4D:0A,-65,127,1.5,6.5,1.5
1783010210422,2026-07-02 18:36:50.422,C3:00:00:63:4D:04,-60,127,1.5,6.5,1.5
1783010210428,2026-07-02 18:36:50.428,C3:00:00:63:4D:08,-49,127,1.5,6.5,1.5
1783010210450,2026-07-02 18:36:50.450,C3:00:00:63:4D:09,-66,127,1.5,6.5,1.5
1783010210462,2026-07-02 18:36:50.462,C3:00:00:63:4D:05,-54,127,1.5,6.5,1.5
1783010210468,2026-07-02 18:36:50.468,C3:00:00:63:4D:07,-65,127,1.5,6.5,1.5
1783010210482,2026-07-02 18:36:50.482,C3:00:00:63:4C:D2,-58,127,1.5,6.5,1.5
1783010210491,2026-07-02 18:36:50.491,C3:00:00:63:4D:0D,-55,127,1.5,6.5,1.5
1783010210505,2026-07-02 18:36:50.505,C3:00:00:63:4D:0A,-70,127,1.5,6.5,1.5
1783010210528,2026-07-02 18:36:50.528,C3:00:00:63:4D:04,-59,127,1.5,6.5,1.5
1783010210538,2026-07-02 18:36:50.538,C3:00:00:63:4D:08,-54,127,1.5,6.5,1.5
1783010210542,2026-07-02 18:36:50.542,C3:00:00:63:4D:07,-68,127,1.5,6.5,1.5
1783010210559,2026-07-02 18:36:50.559,C3:00:00:63:4D:09,-60,127,1.5,6.5,1.5
1783010210581,2026-07-02 18:36:50.581,C3:00:00:63:4D:05,-55,127,1.5,6.5,1.5
1783010210587,2026-07-02 18:36:50.587,C3:00:00:63:4D:07,-68,127,1.5,6.5,1.5
1783010210599,2026-07-02 18:36:50.599,C3:00:00:63:4C:D2,-66,127,1.5,6.5,1.5
1783010210603,2026-07-02 18:36:50.603,C3:00:00:63:4D:0D,-58,127,1.5,6.5,1.5
1783010210633,2026-07-02 18:36:50.633,C3:00:00:63:4D:04,-60,127,1.5,6.5,1.5
1783010210647,2026-07-02 18:36:50.647,C3:00:00:63:4D:08,-52,127,1.5,6.5,1.5
1783010210671,2026-07-02 18:36:50.671,C3:00:00:63:4D:09,-61,127,1.5,6.5,1.5
1783010210691,2026-07-02 18:36:50.691,C3:00:00:63:4D:05,-66,127,1.5,6.5,1.5
1783010210702,2026-07-02 18:36:50.702,C3:00:00:63:4D:0D,-53,127,1.5,6.5,1.5
1783010210709,2026-07-02 18:36:50.709,C3:00:00:63:4C:D2,-66,127,1.5,6.5,1.5
1783010210734,2026-07-02 18:36:50.734,C3:00:00:63:4D:0A,-72,127,1.5,6.5,1.5
1783010210746,2026-07-02 18:36:50.746,C3:00:00:63:4D:04,-62,127,1.5,6.5,1.5
1783010210757,2026-07-02 18:36:50.757,C3:00:00:63:4D:08,-44,127,1.5,6.5,1.5
1783010210784,2026-07-02 18:36:50.784,C3:00:00:63:4D:09,-64,127,1.5,6.5,1.5
1783010210813,2026-07-02 18:36:50.813,C3:00:00:63:4D:0D,-53,127,1.5,6.5,1.5
1783010210819,2026-07-02 18:36:50.819,C3:00:00:63:4D:05,-65,127,1.5,6.5,1.5
1783010210822,2026-07-02 18:36:50.822,C3:00:00:63:4D:07,-65,127,1.5,6.5,1.5
1783010210837,2026-07-02 18:36:50.837,C3:00:00:63:4D:0A,-61,127,1.5,6.5,1.5
1783010210851,2026-07-02 18:36:50.851,C3:00:00:63:4D:04,-64,127,1.5,6.5,1.5
1783010210873,2026-07-02 18:36:50.873,C3:00:00:63:4D:08,-46,127,1.5,6.5,1.5
1783010210888,2026-07-02 18:36:50.888,C3:00:00:63:4D:0D,-62,127,1.5,6.5,1.5
1783010210895,2026-07-02 18:36:50.895,C3:00:00:63:4D:09,-63,127,1.5,6.5,1.5
1783010210908,2026-07-02 18:36:50.908,C3:00:00:63:4D:0D,-65,127,1.5,6.5,1.5
1783010210926,2026-07-02 18:36:50.926,C3:00:00:63:4D:07,-61,127,1.5,6.5,1.5
1783010210932,2026-07-02 18:36:50.932,C3:00:00:63:4C:D2,-67,127,1.5,6.5,1.5
1783010210938,2026-07-02 18:36:50.938,C3:00:00:63:4D:08,-52,127,1.5,6.5,1.5
1783010210953,2026-07-02 18:36:50.953,C3:00:00:63:4D:0A,-65,127,1.5,6.5,1.5
1783010210958,2026-07-02 18:36:50.958,C3:00:00:63:4D:08,-64,127,1.5,6.5,1.5
1783010210967,2026-07-02 18:36:50.967,C3:00:00:63:4D:04,-70,127,1.5,6.5,1.5
1783010210972,2026-07-02 18:36:50.972,C3:00:00:63:4D:0A,-73,127,1.5,6.5,1.5
1783010210981,2026-07-02 18:36:50.981,C3:00:00:63:4D:08,-54,127,1.5,6.5,1.5
1783010211016,2026-07-02 18:36:51.016,C3:00:00:63:4D:0D,-56,127,1.5,6.5,1.5
1783010211038,2026-07-02 18:36:51.038,C3:00:00:63:4D:05,-60,127,1.5,6.5,1.5
1783010211045,2026-07-02 18:36:51.045,C3:00:00:63:4C:D2,-54,127,1.5,6.5,1.5
1783010211053,2026-07-02 18:36:51.053,C3:00:00:63:4D:09,-69,127,1.5,6.5,1.5
1783010211064,2026-07-02 18:36:51.064,C3:00:00:63:4D:0A,-69,127,1.5,6.5,1.5
1783010211079,2026-07-02 18:36:51.079,C3:00:00:63:4D:04,-60,127,1.5,6.5,1.5
1783010211093,2026-07-02 18:36:51.093,C3:00:00:63:4D:08,-48,127,1.5,6.5,1.5
1783010211119,2026-07-02 18:36:51.119,C3:00:00:63:4D:0D,-57,127,1.5,6.5,1.5
1783010211126,2026-07-02 18:36:51.126,C3:00:00:63:4D:09,-66,127,1.5,6.5,1.5
1783010211151,2026-07-02 18:36:51.151,C3:00:00:63:4D:09,-66,127,1.5,6.5,1.5
1783010211155,2026-07-02 18:36:51.155,C3:00:00:63:4D:05,-60,127,1.5,6.5,1.5
1783010211162,2026-07-02 18:36:51.162,C3:00:00:63:4C:D2,-74,127,1.5,6.5,1.5
1783010211164,2026-07-02 18:36:51.164,C3:00:00:63:4D:07,-76,127,1.5,6.5,1.5
1783010211178,2026-07-02 18:36:51.178,C3:00:00:63:4C:D2,-69,127,1.5,6.5,1.5
1783010211187,2026-07-02 18:36:51.187,C3:00:00:63:4D:0A,-62,127,1.5,6.5,1.5
1783010211189,2026-07-02 18:36:51.189,C3:00:00:63:4D:04,-62,127,1.5,6.5,1.5
1783010211198,2026-07-02 18:36:51.198,C3:00:00:63:4D:08,-50,127,1.5,6.5,1.5
1783010211212,2026-07-02 18:36:51.212,C3:00:00:63:4D:05,-64,127,1.5,6.5,1.5
1783010211221,2026-07-02 18:36:51.221,C3:00:00:63:4D:0D,-54,127,1.5,6.5,1.5
1783010211242,2026-07-02 18:36:51.242,C3:00:00:63:4D:09,-78,127,1.5,6.5,1.5
1783010211261,2026-07-02 18:36:51.261,C3:00:00:63:4C:D2,-70,127,1.5,6.5,1.5
1783010211268,2026-07-02 18:36:51.268,C3:00:00:63:4D:05,-63,127,1.5,6.5,1.5
1783010211271,2026-07-02 18:36:51.271,C3:00:00:63:4D:07,-62,127,1.5,6.5,1.5
1783010211278,2026-07-02 18:36:51.278,C3:00:00:63:4C:D2,-70,127,1.5,6.5,1.5
1783010211288,2026-07-02 18:36:51.288,C3:00:00:63:4D:0A,-69,127,1.5,6.5,1.5
1783010211294,2026-07-02 18:36:51.294,C3:00:00:63:4D:04,-64,127,1.5,6.5,1.5
1783010211313,2026-07-02 18:36:51.313,C3:00:00:63:4D:08,-48,127,1.5,6.5,1.5
1783010211393,2026-07-02 18:36:51.393,C3:00:00:63:4D:05,-58,127,1.5,6.5,1.5
1783010211400,2026-07-02 18:36:51.400,C3:00:00:63:4D:07,-67,127,1.5,6.5,1.5
1783010211404,2026-07-02 18:36:51.404,C3:00:00:63:4C:D2,-59,127,1.5,6.5,1.5
1783010211410,2026-07-02 18:36:51.410,C3:00:00:63:4D:04,-60,127,1.5,6.5,1.5
1783010211412,2026-07-02 18:36:51.412,C3:00:00:63:4D:0A,-70,127,1.5,6.5,1.5
1783010211420,2026-07-02 18:36:51.420,C3:00:00:63:4D:08,-47,127,1.5,6.5,1.5
1783010211431,2026-07-02 18:36:51.431,C3:00:00:63:4D:0D,-58,127,1.5,6.5,1.5
1783010211463,2026-07-02 18:36:51.463,C3:00:00:63:4D:08,-51,127,1.5,6.5,1.5
1783010211474,2026-07-02 18:36:51.474,C3:00:00:63:4D:09,-66,127,1.5,6.5,1.5
1783010211507,2026-07-02 18:36:51.507,C3:00:00:63:4D:0D,-60,127,1.5,6.5,1.5
1783010211510,2026-07-02 18:36:51.510,C3:00:00:63:4D:05,-59,127,1.5,6.5,1.5
1783010211513,2026-07-02 18:36:51.513,C3:00:00:63:4D:07,-62,127,1.5,6.5,1.5
1783010211515,2026-07-02 18:36:51.515,C3:00:00:63:4D:04,-63,127,1.5,6.5,1.5
1783010211521,2026-07-02 18:36:51.521,C3:00:00:63:4D:0A,-61,127,1.5,6.5,1.5
1783010211523,2026-07-02 18:36:51.523,C3:00:00:63:4D:08,-51,127,1.5,6.5,1.5
1783010211589,2026-07-02 18:36:51.589,C3:00:00:63:4D:09,-63,127,1.5,6.5,1.5
1783010211592,2026-07-02 18:36:51.592,C3:00:00:63:4C:D2,-72,127,1.5,6.5,1.5
1783010211604,2026-07-02 18:36:51.604,C3:00:00:63:4D:08,-51,127,1.5,6.5,1.5
1783010211611,2026-07-02 18:36:51.611,C3:00:00:63:4D:04,-63,127,1.5,6.5,1.5
1783010211628,2026-07-02 18:36:51.628,C3:00:00:63:4C:D2,-56,127,1.5,6.5,1.5
1783010211631,2026-07-02 18:36:51.631,C3:00:00:63:4D:0A,-64,127,1.5,6.5,1.5
1783010211637,2026-07-02 18:36:51.637,C3:00:00:63:4D:04,-63,127,1.5,6.5,1.5
1783010211638,2026-07-02 18:36:51.638,C3:00:00:63:4D:08,-47,127,1.5,6.5,1.5
1783010211649,2026-07-02 18:36:51.649,C3:00:00:63:4D:04,-65,127,1.5,6.5,1.5
1783010211703,2026-07-02 18:36:51.703,C3:00:00:63:4D:09,-64,127,1.5,6.5,1.5
1783010211730,2026-07-02 18:36:51.730,C3:00:00:63:4D:04,-60,127,1.5,6.5,1.5
1783010211737,2026-07-02 18:36:51.737,C3:00:00:63:4D:05,-59,127,1.5,6.5,1.5
1783010211739,2026-07-02 18:36:51.739,C3:00:00:63:4D:07,-66,127,1.5,6.5,1.5
1783010211749,2026-07-02 18:36:51.749,C3:00:00:63:4D:08,-50,127,1.5,6.5,1.5
1783010211755,2026-07-02 18:36:51.755,C3:00:00:63:4D:0D,-59,127,1.5,6.5,1.5
1783010211817,2026-07-02 18:36:51.817,C3:00:00:63:4D:09,-67,127,1.5,6.5,1.5
1783010211843,2026-07-02 18:36:51.843,C3:00:00:63:4D:04,-60,127,1.5,6.5,1.5
1783010211845,2026-07-02 18:36:51.845,C3:00:00:63:4D:05,-60,127,1.5,6.5,1.5
1783010211850,2026-07-02 18:36:51.850,C3:00:00:63:4D:08,-50,127,1.5,6.5,1.5
1783010211859,2026-07-02 18:36:51.859,C3:00:00:63:4D:07,-62,127,1.5,6.5,1.5
1783010211861,2026-07-02 18:36:51.861,C3:00:00:63:4D:0D,-52,127,1.5,6.5,1.5
1783010211862,2026-07-02 18:36:51.862,C3:00:00:63:4D:0A,-60,127,1.5,6.5,1.5
1783010211870,2026-07-02 18:36:51.870,C3:00:00:63:4D:09,-76,127,1.5,6.5,1.5
1783010211932,2026-07-02 18:36:51.932,C3:00:00:63:4D:09,-64,127,1.5,6.5,1.5
1783010211946,2026-07-02 18:36:51.946,C3:00:00:63:4D:04,-66,127,1.5,6.5,1.5
1783010211965,2026-07-02 18:36:51.965,C3:00:00:63:4D:08,-45,127,1.5,6.5,1.5
1783010211971,2026-07-02 18:36:51.971,C3:00:00:63:4D:07,-61,127,1.5,6.5,1.5
1783010211979,2026-07-02 18:36:51.979,C3:00:00:63:4D:0A,-69,127,1.5,6.5,1.5
1783010212025,2026-07-02 18:36:52.025,C3:00:00:63:4D:07,-69,127,1.5,6.5,1.5
1783010212031,2026-07-02 18:36:52.031,C3:00:00:63:4D:0A,-61,127,1.5,6.5,1.5
1783010212040,2026-07-02 18:36:52.040,C3:00:00:63:4D:09,-68,127,1.5,6.5,1.5
1783010212057,2026-07-02 18:36:52.057,C3:00:00:63:4D:04,-59,127,1.5,6.5,1.5
1783010212062,2026-07-02 18:36:52.062,C3:00:00:63:4D:0D,-58,127,1.5,6.5,1.5
1783010212064,2026-07-02 18:36:52.064,C3:00:00:63:4D:08,-49,127,1.5,6.5,1.5
1783010212069,2026-07-02 18:36:52.069,C3:00:00:63:4D:05,-59,127,1.5,6.5,1.5
1783010212076,2026-07-02 18:36:52.076,C3:00:00:63:4D:07,-69,127,1.5,6.5,1.5
1783010212078,2026-07-02 18:36:52.078,C3:00:00:63:4D:0A,-61,127,1.5,6.5,1.5
1783010212102,2026-07-02 18:36:52.102,C3:00:00:63:4D:0D,-69,127,1.5,6.5,1.5
1783010212160,2026-07-02 18:36:52.160,C3:00:00:63:4D:09,-61,127,1.5,6.5,1.5
1783010212165,2026-07-02 18:36:52.165,C3:00:00:63:4D:04,-62,127,1.5,6.5,1.5
1783010212172,2026-07-02 18:36:52.172,C3:00:00:63:4D:0D,-52,127,1.5,6.5,1.5
1783010212180,2026-07-02 18:36:52.180,C3:00:00:63:4D:08,-54,127,1.5,6.5,1.5
1783010212199,2026-07-02 18:36:52.199,C3:00:00:63:4D:0A,-60,127,1.5,6.5,1.5
1783010212203,2026-07-02 18:36:52.203,C3:00:00:63:4D:07,-62,127,1.5,6.5,1.5
1783010212205,2026-07-02 18:36:52.205,C3:00:00:63:4C:D2,-70,127,1.5,6.5,1.5
1783010212219,2026-07-02 18:36:52.219,C3:00:00:63:4D:05,-56,127,1.5,6.5,1.5
1783010212385,2026-07-02 18:36:52.385,C3:00:00:63:4D:04,-58,127,1.5,6.5,1.5
1783010212396,2026-07-02 18:36:52.396,C3:00:00:63:4D:08,-46,127,1.5,6.5,1.5
1783010212415,2026-07-02 18:36:52.415,C3:00:00:63:4D:09,-64,127,1.5,6.5,1.5
1783010212479,2026-07-02 18:36:52.479,C3:00:00:63:4D:0D,-52,127,1.5,6.5,1.5
1783010212500,2026-07-02 18:36:52.500,C3:00:00:63:4D:09,-62,127,1.5,6.5,1.5
1783010212532,2026-07-02 18:36:52.532,C3:00:00:63:4D:0A,-72,127,1.5,6.5,1.5
1783010212542,2026-07-02 18:36:52.542,C3:00:00:63:4D:05,-62,127,1.5,6.5,1.5
1783010212546,2026-07-02 18:36:52.546,C3:00:00:63:4D:07,-72,127,1.5,6.5,1.5
1783010212548,2026-07-02 18:36:52.548,C3:00:00:63:4C:D2,-55,127,1.5,6.5,1.5
1783010212560,2026-07-02 18:36:52.560,C3:00:00:63:4D:07,-74,127,1.5,6.5,1.5
1783010212580,2026-07-02 18:36:52.580,C3:00:00:63:4C:D2,-54,127,1.5,6.5,1.5
1783010212593,2026-07-02 18:36:52.593,C3:00:00:63:4D:04,-65,127,1.5,6.5,1.5
1783010212614,2026-07-02 18:36:52.614,C3:00:00:63:4D:04,-65,127,1.5,6.5,1.5
1783010212618,2026-07-02 18:36:52.618,C3:00:00:63:4D:08,-47,127,1.5,6.5,1.5
1783010212695,2026-07-02 18:36:52.695,C3:00:00:63:4D:0D,-69,127,1.5,6.5,1.5
1783010212761,2026-07-02 18:36:52.761,C3:00:00:63:4D:0A,-62,127,1.5,6.5,1.5
1783010212767,2026-07-02 18:36:52.767,C3:00:00:63:4D:05,-68,127,1.5,6.5,1.5
1783010212773,2026-07-02 18:36:52.773,C3:00:00:63:4C:D2,-67,127,1.5,6.5,1.5
1783010212778,2026-07-02 18:36:52.778,C3:00:00:63:4D:07,-64,127,1.5,6.5,1.5
1783010212840,2026-07-02 18:36:52.840,C3:00:00:63:4D:09,-67,127,1.5,6.5,1.5
1783010212882,2026-07-02 18:36:52.882,C3:00:00:63:4D:05,-58,127,1.5,6.5,1.5
1783010212886,2026-07-02 18:36:52.886,C3:00:00:63:4C:D2,-52,127,1.5,6.5,1.5
1783010212891,2026-07-02 18:36:52.891,C3:00:00:63:4D:07,-62,127,1.5,6.5,1.5
1783010212906,2026-07-02 18:36:52.906,C3:00:00:63:4D:0D,-54,127,1.5,6.5,1.5
1783010212985,2026-07-02 18:36:52.985,C3:00:00:63:4D:0A,-61,127,1.5,6.5,1.5
1783010213034,2026-07-02 18:36:53.034,C3:00:00:63:4D:04,-67,127,1.5,6.5,1.5
1783010213043,2026-07-02 18:36:53.043,C3:00:00:63:4D:09,-61,127,1.5,6.5,1.5
1783010213054,2026-07-02 18:36:53.054,C3:00:00:63:4D:08,-48,127,1.5,6.5,1.5
1783010213096,2026-07-02 18:36:53.096,C3:00:00:63:4D:0A,-64,127,1.5,6.5,1.5
1783010213116,2026-07-02 18:36:53.116,C3:00:00:63:4D:0D,-52,127,1.5,6.5,1.5
1783010213126,2026-07-02 18:36:53.126,C3:00:00:63:4C:D2,-54,127,1.5,6.5,1.5
1783010213134,2026-07-02 18:36:53.134,C3:00:00:63:4D:09,-63,127,1.5,6.5,1.5
1783010213146,2026-07-02 18:36:53.146,C3:00:00:63:4D:04,-61,127,1.5,6.5,1.5
1783010213159,2026-07-02 18:36:53.159,C3:00:00:63:4D:08,-45,127,1.5,6.5,1.5
1783010213181,2026-07-02 18:36:53.181,C3:00:00:63:4D:09,-65,127,1.5,6.5,1.5
1783010213223,2026-07-02 18:36:53.223,C3:00:00:63:4D:05,-60,127,1.5,6.5,1.5
1783010213228,2026-07-02 18:36:53.228,C3:00:00:63:4D:0A,-62,127,1.5,6.5,1.5
1783010213230,2026-07-02 18:36:53.230,C3:00:00:63:4D:0D,-55,127,1.5,6.5,1.5
1783010213233,2026-07-02 18:36:53.233,C3:00:00:63:4C:D2,-63,127,1.5,6.5,1.5
1783010213234,2026-07-02 18:36:53.234,C3:00:00:63:4D:05,-58,127,1.5,6.5,1.5
1783010213249,2026-07-02 18:36:53.249,C3:00:00:63:4D:04,-61,127,1.5,6.5,1.5
1783010213262,2026-07-02 18:36:53.262,C3:00:00:63:4D:08,-51,127,1.5,6.5,1.5
1783010213271,2026-07-02 18:36:53.271,C3:00:00:63:4C:D2,-68,127,1.5,6.5,1.5
1783010213298,2026-07-02 18:36:53.298,C3:00:00:63:4D:09,-61,127,1.5,6.5,1.5
1783010213317,2026-07-02 18:36:53.317,C3:00:00:63:4D:05,-59,127,1.5,6.5,1.5
1783010213324,2026-07-02 18:36:53.324,C3:00:00:63:4D:0D,-54,127,1.5,6.5,1.5
1783010213331,2026-07-02 18:36:53.331,C3:00:00:63:4D:0A,-61,127,1.5,6.5,1.5
1783010213338,2026-07-02 18:36:53.338,C3:00:00:63:4D:05,-61,127,1.5,6.5,1.5
1783010213344,2026-07-02 18:36:53.344,C3:00:00:63:4C:D2,-74,127,1.5,6.5,1.5
1783010213350,2026-07-02 18:36:53.350,C3:00:00:63:4D:07,-61,127,1.5,6.5,1.5
1783010213365,2026-07-02 18:36:53.365,C3:00:00:63:4D:04,-66,127,1.5,6.5,1.5
1783010213376,2026-07-02 18:36:53.376,C3:00:00:63:4D:08,-47,127,1.5,6.5,1.5
1783010213406,2026-07-02 18:36:53.406,C3:00:00:63:4D:09,-69,127,1.5,6.5,1.5
1783010213430,2026-07-02 18:36:53.430,C3:00:00:63:4D:0D,-54,127,1.5,6.5,1.5
1783010213438,2026-07-02 18:36:53.438,C3:00:00:63:4D:0A,-64,127,1.5,6.5,1.5
1783010213457,2026-07-02 18:36:53.457,C3:00:00:63:4D:05,-68,127,1.5,6.5,1.5
1783010213459,2026-07-02 18:36:53.459,C3:00:00:63:4D:0A,-65,127,1.5,6.5,1.5
1783010213473,2026-07-02 18:36:53.473,C3:00:00:63:4D:04,-57,127,1.5,6.5,1.5
1783010213477,2026-07-02 18:36:53.477,C3:00:00:63:4D:08,-49,127,1.5,6.5,1.5
1783010213499,2026-07-02 18:36:53.499,C3:00:00:63:4D:08,-50,127,1.5,6.5,1.5
1783010213519,2026-07-02 18:36:53.519,C3:00:00:63:4D:09,-62,127,1.5,6.5,1.5
1783010213534,2026-07-02 18:36:53.534,C3:00:00:63:4D:0D,-57,127,1.5,6.5,1.5
1783010213554,2026-07-02 18:36:53.554,C3:00:00:63:4D:0A,-60,127,1.5,6.5,1.5
1783010213571,2026-07-02 18:36:53.571,C3:00:00:63:4D:05,-60,127,1.5,6.5,1.5
1783010213576,2026-07-02 18:36:53.576,C3:00:00:63:4C:D2,-62,127,1.5,6.5,1.5
1783010213598,2026-07-02 18:36:53.598,C3:00:00:63:4D:08,-51,127,1.5,6.5,1.5
1783010213604,2026-07-02 18:36:53.604,C3:00:00:63:4C:D2,-62,127,1.5,6.5,1.5
1783010213617,2026-07-02 18:36:53.617,C3:00:00:63:4D:04,-68,127,1.5,6.5,1.5
1783010213621,2026-07-02 18:36:53.621,C3:00:00:63:4D:08,-59,127,1.5,6.5,1.5
1783010213636,2026-07-02 18:36:53.636,C3:00:00:63:4D:09,-71,127,1.5,6.5,1.5
1783010213640,2026-07-02 18:36:53.640,C3:00:00:63:4D:0D,-58,127,1.5,6.5,1.5
1783010213644,2026-07-02 18:36:53.644,C3:00:00:63:4D:04,-67,127,1.5,6.5,1.5
1783010213664,2026-07-02 18:36:53.664,C3:00:00:63:4D:0A,-69,127,1.5,6.5,1.5
1783010213669,2026-07-02 18:36:53.669,C3:00:00:63:4D:0D,-58,127,1.5,6.5,1.5
1783010213692,2026-07-02 18:36:53.692,C3:00:00:63:4D:04,-71,127,1.5,6.5,1.5
1783010213700,2026-07-02 18:36:53.700,C3:00:00:63:4C:D2,-68,127,1.5,6.5,1.5
1783010213705,2026-07-02 18:36:53.705,C3:00:00:63:4D:08,-49,127,1.5,6.5,1.5
1783010213749,2026-07-02 18:36:53.749,C3:00:00:63:4D:0D,-56,127,1.5,6.5,1.5
1783010213754,2026-07-02 18:36:53.754,C3:00:00:63:4D:09,-65,127,1.5,6.5,1.5
1783010213786,2026-07-02 18:36:53.786,C3:00:00:63:4D:0A,-74,127,1.5,6.5,1.5
1783010213794,2026-07-02 18:36:53.794,C3:00:00:63:4D:04,-60,127,1.5,6.5,1.5
1783010213801,2026-07-02 18:36:53.801,C3:00:00:63:4D:05,-63,127,1.5,6.5,1.5
1783010213809,2026-07-02 18:36:53.809,C3:00:00:63:4D:07,-66,127,1.5,6.5,1.5
1783010213853,2026-07-02 18:36:53.853,C3:00:00:63:4D:0D,-54,127,1.5,6.5,1.5
1783010213858,2026-07-02 18:36:53.858,C3:00:00:63:4D:09,-63,127,1.5,6.5,1.5
1783010213895,2026-07-02 18:36:53.895,C3:00:00:63:4D:0A,-58,127,1.5,6.5,1.5
1783010213915,2026-07-02 18:36:53.915,C3:00:00:63:4D:04,-63,127,1.5,6.5,1.5
1783010213920,2026-07-02 18:36:53.920,C3:00:00:63:4D:05,-60,127,1.5,6.5,1.5
1783010213925,2026-07-02 18:36:53.925,C3:00:00:63:4D:08,-46,127,1.5,6.5,1.5
1783010213927,2026-07-02 18:36:53.927,C3:00:00:63:4D:07,-63,127,1.5,6.5,1.5
1783010213936,2026-07-02 18:36:53.936,C3:00:00:63:4C:D2,-65,127,1.5,6.5,1.5
1783010213951,2026-07-02 18:36:53.951,C3:00:00:63:4D:0D,-56,127,1.5,6.5,1.5
1783010213974,2026-07-02 18:36:53.974,C3:00:00:63:4D:09,-68,127,1.5,6.5,1.5
1783010214003,2026-07-02 18:36:54.003,C3:00:00:63:4D:0A,-64,127,1.5,6.5,1.5
1783010214025,2026-07-02 18:36:54.025,C3:00:00:63:4D:04,-72,127,1.5,6.5,1.5
1783010214030,2026-07-02 18:36:54.030,C3:00:00:63:4D:05,-66,127,1.5,6.5,1.5
1783010214032,2026-07-02 18:36:54.032,C3:00:00:63:4D:08,-45,127,1.5,6.5,1.5
1783010214042,2026-07-02 18:36:54.042,C3:00:00:63:4D:0A,-72,127,1.5,6.5,1.5
1783010214052,2026-07-02 18:36:54.052,C3:00:00:63:4D:05,-59,127,1.5,6.5,1.5
1783010214059,2026-07-02 18:36:54.059,C3:00:00:63:4D:0D,-50,127,1.5,6.5,1.5
1783010214090,2026-07-02 18:36:54.090,C3:00:00:63:4D:09,-68,127,1.5,6.5,1.5
1783010214146,2026-07-02 18:36:54.146,C3:00:00:63:4D:08,-51,127,1.5,6.5,1.5
1783010214165,2026-07-02 18:36:54.165,C3:00:00:63:4C:D2,-63,127,1.5,6.5,1.5
1783010214170,2026-07-02 18:36:54.170,C3:00:00:63:4D:0D,-63,127,1.5,6.5,1.5
1783010214205,2026-07-02 18:36:54.205,C3:00:00:63:4D:09,-65,127,1.5,6.5,1.5
1783010214228,2026-07-02 18:36:54.228,C3:00:00:63:4D:04,-64,127,1.5,6.5,1.5
1783010214242,2026-07-02 18:36:54.242,C3:00:00:63:4D:05,-60,127,1.5,6.5,1.5
1783010214250,2026-07-02 18:36:54.250,C3:00:00:63:4D:08,-48,127,1.5,6.5,1.5
1783010214268,2026-07-02 18:36:54.268,C3:00:00:63:4D:05,-60,127,1.5,6.5,1.5
1783010214275,2026-07-02 18:36:54.275,C3:00:00:63:4D:07,-64,127,1.5,6.5,1.5
1783010214278,2026-07-02 18:36:54.278,C3:00:00:63:4D:0D,-54,127,1.5,6.5,1.5
1783010214320,2026-07-02 18:36:54.320,C3:00:00:63:4D:09,-64,127,1.5,6.5,1.5
1783010214346,2026-07-02 18:36:54.346,C3:00:00:63:4D:04,-61,127,1.5,6.5,1.5
1783010214352,2026-07-02 18:36:54.352,C3:00:00:63:4D:0A,-76,127,1.5,6.5,1.5
1783010214357,2026-07-02 18:36:54.357,C3:00:00:63:4D:08,-48,127,1.5,6.5,1.5
1783010214371,2026-07-02 18:36:54.371,C3:00:00:63:4D:0D,-53,127,1.5,6.5,1.5
1783010214375,2026-07-02 18:36:54.375,C3:00:00:63:4D:07,-67,127,1.5,6.5,1.5
1783010214384,2026-07-02 18:36:54.384,C3:00:00:63:4C:D2,-54,127,1.5,6.5,1.5
1783010214393,2026-07-02 18:36:54.393,C3:00:00:63:4D:07,-60,127,1.5,6.5,1.5
1783010214439,2026-07-02 18:36:54.439,C3:00:00:63:4D:09,-61,127,1.5,6.5,1.5
1783010214451,2026-07-02 18:36:54.451,C3:00:00:63:4D:0A,-60,127,1.5,6.5,1.5
1783010214455,2026-07-02 18:36:54.455,C3:00:00:63:4D:04,-62,127,1.5,6.5,1.5
1783010214480,2026-07-02 18:36:54.480,C3:00:00:63:4D:0D,-61,127,1.5,6.5,1.5
1783010214484,2026-07-02 18:36:54.484,C3:00:00:63:4D:05,-68,127,1.5,6.5,1.5
1783010214547,2026-07-02 18:36:54.547,C3:00:00:63:4D:09,-70,127,1.5,6.5,1.5
1783010214572,2026-07-02 18:36:54.572,C3:00:00:63:4D:04,-61,127,1.5,6.5,1.5
1783010214578,2026-07-02 18:36:54.578,C3:00:00:63:4D:08,-49,127,1.5,6.5,1.5
1783010214583,2026-07-02 18:36:54.583,C3:00:00:63:4D:0A,-61,127,1.5,6.5,1.5
1783010214584,2026-07-02 18:36:54.584,C3:00:00:63:4D:0D,-54,127,1.5,6.5,1.5
1783010214604,2026-07-02 18:36:54.604,C3:00:00:63:4D:07,-70,127,1.5,6.5,1.5
1783010214609,2026-07-02 18:36:54.609,C3:00:00:63:4D:05,-63,127,1.5,6.5,1.5
1783010214612,2026-07-02 18:36:54.612,C3:00:00:63:4C:D2,-54,127,1.5,6.5,1.5
1783010214661,2026-07-02 18:36:54.661,C3:00:00:63:4D:09,-67,127,1.5,6.5,1.5
1783010214681,2026-07-02 18:36:54.681,C3:00:00:63:4D:04,-59,127,1.5,6.5,1.5
1783010214683,2026-07-02 18:36:54.683,C3:00:00:63:4D:0A,-69,127,1.5,6.5,1.5
1783010214688,2026-07-02 18:36:54.688,C3:00:00:63:4D:0D,-50,127,1.5,6.5,1.5
1783010214694,2026-07-02 18:36:54.694,C3:00:00:63:4D:08,-46,127,1.5,6.5,1.5
1783010214775,2026-07-02 18:36:54.775,C3:00:00:63:4D:09,-64,127,1.5,6.5,1.5
1783010214780,2026-07-02 18:36:54.780,C3:00:00:63:4D:04,-60,127,1.5,6.5,1.5
1783010214788,2026-07-02 18:36:54.788,C3:00:00:63:4D:0D,-58,127,1.5,6.5,1.5
1783010214797,2026-07-02 18:36:54.797,C3:00:00:63:4D:08,-45,127,1.5,6.5,1.5
1783010214800,2026-07-02 18:36:54.800,C3:00:00:63:4D:0A,-64,127,1.5,6.5,1.5
1783010214830,2026-07-02 18:36:54.830,C3:00:00:63:4D:05,-56,127,1.5,6.5,1.5
1783010214843,2026-07-02 18:36:54.843,C3:00:00:63:4D:07,-65,127,1.5,6.5,1.5
1783010214852,2026-07-02 18:36:54.852,C3:00:00:63:4C:D2,-76,127,1.5,6.5,1.5
1783010214885,2026-07-02 18:36:54.885,C3:00:00:63:4D:04,-60,127,1.5,6.5,1.5
1783010214889,2026-07-02 18:36:54.889,C3:00:00:63:4D:09,-82,127,1.5,6.5,1.5
1783010214893,2026-07-02 18:36:54.893,C3:00:00:63:4D:0D,-52,127,1.5,6.5,1.5
1783010214899,2026-07-02 18:36:54.899,C3:00:00:63:4D:08,-63,127,1.5,6.5,1.5
1783010214916,2026-07-02 18:36:54.916,C3:00:00:63:4D:0A,-73,127,1.5,6.5,1.5
1783010214921,2026-07-02 18:36:54.921,C3:00:00:63:4D:0D,-58,127,1.5,6.5,1.5
1783010214935,2026-07-02 18:36:54.935,C3:00:00:63:4D:08,-43,127,1.5,6.5,1.5
1783010214950,2026-07-02 18:36:54.950,C3:00:00:63:4D:05,-56,127,1.5,6.5,1.5
1783010214958,2026-07-02 18:36:54.958,C3:00:00:63:4D:07,-70,127,1.5,6.5,1.5
1783010214966,2026-07-02 18:36:54.966,C3:00:00:63:4D:08,-50,127,1.5,6.5,1.5
1783010214968,2026-07-02 18:36:54.968,C3:00:00:63:4C:D2,-54,127,1.5,6.5,1.5
1783010214973,2026-07-02 18:36:54.973,C3:00:00:63:4D:0A,-87,127,1.5,6.5,1.5
1783010214998,2026-07-02 18:36:54.998,C3:00:00:63:4D:04,-68,127,1.5,6.5,1.5
1783010215009,2026-07-02 18:36:55.009,C3:00:00:63:4D:0D,-62,127,1.5,6.5,1.5
1783010215017,2026-07-02 18:36:55.017,C3:00:00:63:4D:0A,-68,127,1.5,6.5,1.5
1783010215048,2026-07-02 18:36:55.048,C3:00:00:63:4D:09,-65,127,1.5,6.5,1.5
1783010215062,2026-07-02 18:36:55.062,C3:00:00:63:4D:05,-60,127,1.5,6.5,1.5
1783010215117,2026-07-02 18:36:55.117,C3:00:00:63:4D:09,-78,127,1.5,6.5,1.5
1783010215121,2026-07-02 18:36:55.121,C3:00:00:63:4D:08,-51,127,1.5,6.5,1.5
1783010215134,2026-07-02 18:36:55.134,C3:00:00:63:4D:0A,-63,127,1.5,6.5,1.5
1783010215142,2026-07-02 18:36:55.142,C3:00:00:63:4D:09,-72,127,1.5,6.5,1.5
1783010215173,2026-07-02 18:36:55.173,C3:00:00:63:4C:D2,-76,127,1.5,6.5,1.5
1783010215179,2026-07-02 18:36:55.179,C3:00:00:63:4D:05,-65,127,1.5,6.5,1.5
1783010215184,2026-07-02 18:36:55.184,C3:00:00:63:4D:07,-62,127,1.5,6.5,1.5
1783010215198,2026-07-02 18:36:55.198,C3:00:00:63:4C:D2,-69,127,1.5,6.5,1.5
1783010215218,2026-07-02 18:36:55.218,C3:00:00:63:4D:04,-67,127,1.5,6.5,1.5
1783010215232,2026-07-02 18:36:55.232,C3:00:00:63:4D:08,-43,127,1.5,6.5,1.5
1783010215235,2026-07-02 18:36:55.235,C3:00:00:63:4D:09,-66,127,1.5,6.5,1.5
1783010215255,2026-07-02 18:36:55.255,C3:00:00:63:4D:0A,-69,127,1.5,6.5,1.5
1783010215269,2026-07-02 18:36:55.269,C3:00:00:63:4C:D2,-56,127,1.5,6.5,1.5
1783010215296,2026-07-02 18:36:55.296,C3:00:00:63:4D:05,-64,127,1.5,6.5,1.5
1783010215316,2026-07-02 18:36:55.316,C3:00:00:63:4D:07,-64,127,1.5,6.5,1.5
1783010215324,2026-07-02 18:36:55.324,C3:00:00:63:4C:D2,-58,127,1.5,6.5,1.5
1783010215333,2026-07-02 18:36:55.333,C3:00:00:63:4D:0D,-61,127,1.5,6.5,1.5
1783010215335,2026-07-02 18:36:55.335,C3:00:00:63:4D:04,-62,127,1.5,6.5,1.5
1783010215337,2026-07-02 18:36:55.337,C3:00:00:63:4D:08,-45,127,1.5,6.5,1.5
1783010215342,2026-07-02 18:36:55.342,C3:00:00:63:4D:09,-62,127,1.5,6.5,1.5
1783010215357,2026-07-02 18:36:55.357,C3:00:00:63:4D:0A,-62,127,1.5,6.5,1.5
1783010215408,2026-07-02 18:36:55.408,C3:00:00:63:4D:05,-62,127,1.5,6.5,1.5
1783010215419,2026-07-02 18:36:55.419,C3:00:00:63:4D:07,-61,127,1.5,6.5,1.5
1783010215430,2026-07-02 18:36:55.430,C3:00:00:63:4D:0D,-59,127,1.5,6.5,1.5
1783010215440,2026-07-02 18:36:55.440,C3:00:00:63:4D:04,-63,127,1.5,6.5,1.5
1783010215457,2026-07-02 18:36:55.457,C3:00:00:63:4D:08,-47,127,1.5,6.5,1.5
1783010215460,2026-07-02 18:36:55.460,C3:00:00:63:4D:09,-71,127,1.5,6.5,1.5
1783010215473,2026-07-02 18:36:55.473,C3:00:00:63:4D:0A,-64,127,1.5,6.5,1.5
1783010215484,2026-07-02 18:36:55.484,C3:00:00:63:4D:08,-47,127,1.5,6.5,1.5
1783010215531,2026-07-02 18:36:55.531,C3:00:00:63:4D:05,-62,127,1.5,6.5,1.5
1783010215534,2026-07-02 18:36:55.534,C3:00:00:63:4D:07,-67,127,1.5,6.5,1.5
1783010215538,2026-07-02 18:36:55.538,C3:00:00:63:4C:D2,-54,127,1.5,6.5,1.5
1783010215543,2026-07-02 18:36:55.543,C3:00:00:63:4D:0D,-59,127,1.5,6.5,1.5
1783010215550,2026-07-02 18:36:55.550,C3:00:00:63:4D:04,-68,127,1.5,6.5,1.5
1783010215562,2026-07-02 18:36:55.562,C3:00:00:63:4D:08,-42,127,1.5,6.5,1.5
1783010215580,2026-07-02 18:36:55.580,C3:00:00:63:4D:09,-74,127,1.5,6.5,1.5
1783010215603,2026-07-02 18:36:55.603,C3:00:00:63:4D:08,-44,127,1.5,6.5,1.5
1783010215606,2026-07-02 18:36:55.606,C3:00:00:63:4C:D2,-55,127,1.5,6.5,1.5
1783010215634,2026-07-02 18:36:55.634,C3:00:00:63:4D:04,-65,127,1.5,6.5,1.5
1783010215637,2026-07-02 18:36:55.637,C3:00:00:63:4D:0D,-74,127,1.5,6.5,1.5
1783010215648,2026-07-02 18:36:55.648,C3:00:00:63:4D:05,-60,127,1.5,6.5,1.5
1783010215650,2026-07-02 18:36:55.650,C3:00:00:63:4C:D2,-68,127,1.5,6.5,1.5
1783010215655,2026-07-02 18:36:55.655,C3:00:00:63:4D:04,-66,127,1.5,6.5,1.5
1783010215664,2026-07-02 18:36:55.664,C3:00:00:63:4D:08,-48,127,1.5,6.5,1.5
1783010215669,2026-07-02 18:36:55.669,C3:00:00:63:4D:04,-66,127,1.5,6.5,1.5
1783010215687,2026-07-02 18:36:55.687,C3:00:00:63:4D:09,-63,127,1.5,6.5,1.5
1783010215704,2026-07-02 18:36:55.704,C3:00:00:63:4D:0A,-61,127,1.5,6.5,1.5
1783010215737,2026-07-02 18:36:55.737,C3:00:00:63:4D:0D,-58,127,1.5,6.5,1.5
1783010215751,2026-07-02 18:36:55.751,C3:00:00:63:4D:05,-64,127,1.5,6.5,1.5
1783010215776,2026-07-02 18:36:55.776,C3:00:00:63:4D:08,-52,127,1.5,6.5,1.5
1783010215783,2026-07-02 18:36:55.783,C3:00:00:63:4D:04,-70,127,1.5,6.5,1.5
1783010215802,2026-07-02 18:36:55.802,C3:00:00:63:4D:09,-80,127,1.5,6.5,1.5
1783010215813,2026-07-02 18:36:55.813,C3:00:00:63:4D:0A,-62,127,1.5,6.5,1.5
1783010215847,2026-07-02 18:36:55.847,C3:00:00:63:4D:0D,-60,127,1.5,6.5,1.5
1783010215878,2026-07-02 18:36:55.878,C3:00:00:63:4D:04,-61,127,1.5,6.5,1.5
1783010215884,2026-07-02 18:36:55.884,C3:00:00:63:4D:09,-80,127,1.5,6.5,1.5
1783010215890,2026-07-02 18:36:55.890,C3:00:00:63:4D:08,-47,127,1.5,6.5,1.5
1783010215896,2026-07-02 18:36:55.896,C3:00:00:63:4C:D2,-55,127,1.5,6.5,1.5
1783010215919,2026-07-02 18:36:55.919,C3:00:00:63:4D:09,-61,127,1.5,6.5,1.5
1783010215922,2026-07-02 18:36:55.922,C3:00:00:63:4D:0A,-60,127,1.5,6.5,1.5
1783010215946,2026-07-02 18:36:55.946,C3:00:00:63:4D:0D,-61,127,1.5,6.5,1.5
1783010215980,2026-07-02 18:36:55.980,C3:00:00:63:4D:04,-62,127,1.5,6.5,1.5
1783010215988,2026-07-02 18:36:55.988,C3:00:00:63:4D:05,-63,127,1.5,6.5,1.5
1783010215995,2026-07-02 18:36:55.995,C3:00:00:63:4D:07,-74,127,1.5,6.5,1.5
1783010215999,2026-07-02 18:36:55.999,C3:00:00:63:4D:08,-45,127,1.5,6.5,1.5
1783010216001,2026-07-02 18:36:56.001,C3:00:00:63:4C:D2,-82,127,1.5,6.5,1.5
1783010216032,2026-07-02 18:36:56.032,C3:00:00:63:4D:09,-72,127,1.5,6.5,1.5
1783010216035,2026-07-02 18:36:56.035,C3:00:00:63:4D:0A,-62,127,1.5,6.5,1.5
1783010216050,2026-07-02 18:36:56.050,C3:00:00:63:4D:07,-67,127,1.5,6.5,1.5
1783010216058,2026-07-02 18:36:56.058,C3:00:00:63:4D:0D,-55,127,1.5,6.5,1.5
1783010216065,2026-07-02 18:36:56.065,C3:00:00:63:4D:0A,-63,127,1.5,6.5,1.5
1783010216085,2026-07-02 18:36:56.085,C3:00:00:63:4D:04,-63,127,1.5,6.5,1.5
1783010216101,2026-07-02 18:36:56.101,C3:00:00:63:4D:08,-46,127,1.5,6.5,1.5
1783010216108,2026-07-02 18:36:56.108,C3:00:00:63:4D:07,-64,127,1.5,6.5,1.5
1783010216114,2026-07-02 18:36:56.114,C3:00:00:63:4C:D2,-53,127,1.5,6.5,1.5
1783010216117,2026-07-02 18:36:56.117,C3:00:00:63:4D:0D,-61,127,1.5,6.5,1.5
1783010216149,2026-07-02 18:36:56.149,C3:00:00:63:4D:09,-70,127,1.5,6.5,1.5
1783010216155,2026-07-02 18:36:56.155,C3:00:00:63:4D:0A,-66,127,1.5,6.5,1.5
1783010216157,2026-07-02 18:36:56.157,C3:00:00:63:4D:0D,-52,127,1.5,6.5,1.5
1783010216196,2026-07-02 18:36:56.196,C3:00:00:63:4D:04,-59,127,1.5,6.5,1.5
1783010216214,2026-07-02 18:36:56.214,C3:00:00:63:4D:05,-64,127,1.5,6.5,1.5
1783010216221,2026-07-02 18:36:56.221,C3:00:00:63:4D:07,-75,127,1.5,6.5,1.5
1783010216225,2026-07-02 18:36:56.225,C3:00:00:63:4C:D2,-65,127,1.5,6.5,1.5
1783010216247,2026-07-02 18:36:56.247,C3:00:00:63:4D:05,-63,127,1.5,6.5,1.5
1783010216266,2026-07-02 18:36:56.266,C3:00:00:63:4D:0D,-54,127,1.5,6.5,1.5
1783010216304,2026-07-02 18:36:56.304,C3:00:00:63:4D:04,-60,127,1.5,6.5,1.5
1783010216325,2026-07-02 18:36:56.325,C3:00:00:63:4D:08,-49,127,1.5,6.5,1.5
1783010216332,2026-07-02 18:36:56.332,C3:00:00:63:4D:05,-60,127,1.5,6.5,1.5
1783010216336,2026-07-02 18:36:56.336,C3:00:00:63:4C:D2,-64,127,1.5,6.5,1.5
1783010216341,2026-07-02 18:36:56.341,C3:00:00:63:4D:07,-65,127,1.5,6.5,1.5
1783010216372,2026-07-02 18:36:56.372,C3:00:00:63:4D:0D,-55,127,1.5,6.5,1.5
1783010216379,2026-07-02 18:36:56.379,C3:00:00:63:4D:0A,-67,127,1.5,6.5,1.5
1783010216382,2026-07-02 18:36:56.382,C3:00:00:63:4D:09,-71,127,1.5,6.5,1.5
1783010216410,2026-07-02 18:36:56.410,C3:00:00:63:4D:09,-68,127,1.5,6.5,1.5
1783010216417,2026-07-02 18:36:56.417,C3:00:00:63:4D:04,-60,127,1.5,6.5,1.5
1783010216433,2026-07-02 18:36:56.433,C3:00:00:63:4D:08,-47,127,1.5,6.5,1.5
1783010216450,2026-07-02 18:36:56.450,C3:00:00:63:4D:05,-59,127,1.5,6.5,1.5
1783010216457,2026-07-02 18:36:56.457,C3:00:00:63:4D:07,-66,127,1.5,6.5,1.5
1783010216464,2026-07-02 18:36:56.464,C3:00:00:63:4C:D2,-54,127,1.5,6.5,1.5
1783010216474,2026-07-02 18:36:56.474,C3:00:00:63:4D:0D,-53,127,1.5,6.5,1.5
1783010216488,2026-07-02 18:36:56.488,C3:00:00:63:4D:09,-74,127,1.5,6.5,1.5
1783010216492,2026-07-02 18:36:56.492,C3:00:00:63:4D:0A,-68,127,1.5,6.5,1.5
1783010216520,2026-07-02 18:36:56.520,C3:00:00:63:4D:04,-60,127,1.5,6.5,1.5
1783010216535,2026-07-02 18:36:56.535,C3:00:00:63:4D:08,-44,127,1.5,6.5,1.5
1783010216560,2026-07-02 18:36:56.560,C3:00:00:63:4D:05,-60,127,1.5,6.5,1.5
1783010216579,2026-07-02 18:36:56.579,C3:00:00:63:4C:D2,-64,127,1.5,6.5,1.5
1783010216583,2026-07-02 18:36:56.583,C3:00:00:63:4D:07,-74,127,1.5,6.5,1.5
1783010216588,2026-07-02 18:36:56.588,C3:00:00:63:4D:0D,-55,127,1.5,6.5,1.5
1783010216591,2026-07-02 18:36:56.591,C3:00:00:63:4D:07,-73,127,1.5,6.5,1.5
1783010216592,2026-07-02 18:36:56.592,C3:00:00:63:4C:D2,-64,127,1.5,6.5,1.5
1783010216599,2026-07-02 18:36:56.599,C3:00:00:63:4D:09,-60,127,1.5,6.5,1.5
1783010216629,2026-07-02 18:36:56.629,C3:00:00:63:4D:04,-64,127,1.5,6.5,1.5
1783010216653,2026-07-02 18:36:56.653,C3:00:00:63:4D:08,-47,127,1.5,6.5,1.5
1783010216687,2026-07-02 18:36:56.687,C3:00:00:63:4D:0D,-54,127,1.5,6.5,1.5
1783010216719,2026-07-02 18:36:56.719,C3:00:00:63:4D:0A,-68,127,1.5,6.5,1.5
1783010216723,2026-07-02 18:36:56.723,C3:00:00:63:4D:09,-74,127,1.5,6.5,1.5
1783010216744,2026-07-02 18:36:56.744,C3:00:00:63:4D:04,-61,127,1.5,6.5,1.5
1783010216763,2026-07-02 18:36:56.763,C3:00:00:63:4D:08,-46,127,1.5,6.5,1.5
1783010216793,2026-07-02 18:36:56.793,C3:00:00:63:4D:0D,-54,127,1.5,6.5,1.5
1783010216798,2026-07-02 18:36:56.798,C3:00:00:63:4D:07,-69,127,1.5,6.5,1.5
1783010216826,2026-07-02 18:36:56.826,C3:00:00:63:4D:09,-64,127,1.5,6.5,1.5
1783010216832,2026-07-02 18:36:56.832,C3:00:00:63:4D:0A,-63,127,1.5,6.5,1.5
1783010216859,2026-07-02 18:36:56.859,C3:00:00:63:4D:04,-61,127,1.5,6.5,1.5
1783010216868,2026-07-02 18:36:56.868,C3:00:00:63:4D:08,-47,127,1.5,6.5,1.5
1783010216889,2026-07-02 18:36:56.889,C3:00:00:63:4D:0D,-54,127,1.5,6.5,1.5
1783010216905,2026-07-02 18:36:56.905,C3:00:00:63:4D:05,-66,127,1.5,6.5,1.5
1783010216922,2026-07-02 18:36:56.922,C3:00:00:63:4D:0D,-56,127,1.5,6.5,1.5
1783010216939,2026-07-02 18:36:56.939,C3:00:00:63:4D:0A,-64,127,1.5,6.5,1.5
1783010216945,2026-07-02 18:36:56.945,C3:00:00:63:4D:09,-74,127,1.5,6.5,1.5
1783010216955,2026-07-02 18:36:56.955,C3:00:00:63:4D:04,-63,127,1.5,6.5,1.5
1783010217006,2026-07-02 18:36:57.006,C3:00:00:63:4D:0D,-56,127,1.5,6.5,1.5
1783010217030,2026-07-02 18:36:57.030,C3:00:00:63:4D:05,-63,127,1.5,6.5,1.5
1783010217037,2026-07-02 18:36:57.037,C3:00:00:63:4D:07,-72,127,1.5,6.5,1.5
1783010217039,2026-07-02 18:36:57.039,C3:00:00:63:4C:D2,-56,127,1.5,6.5,1.5
1783010217056,2026-07-02 18:36:57.056,C3:00:00:63:4D:09,-77,127,1.5,6.5,1.5
1783010217058,2026-07-02 18:36:57.058,C3:00:00:63:4D:0A,-67,127,1.5,6.5,1.5
1783010217072,2026-07-02 18:36:57.072,C3:00:00:63:4D:04,-62,127,1.5,6.5,1.5
1783010217081,2026-07-02 18:36:57.081,C3:00:00:63:4D:08,-46,127,1.5,6.5,1.5
1783010217106,2026-07-02 18:36:57.106,C3:00:00:63:4D:0D,-54,127,1.5,6.5,1.5
1783010217140,2026-07-02 18:36:57.140,C3:00:00:63:4D:07,-86,127,1.5,6.5,1.5
1783010217147,2026-07-02 18:36:57.147,C3:00:00:63:4C:D2,-67,127,1.5,6.5,1.5
1783010217162,2026-07-02 18:36:57.162,C3:00:00:63:4D:09,-61,127,1.5,6.5,1.5
1783010217170,2026-07-02 18:36:57.170,C3:00:00:63:4D:0A,-61,127,1.5,6.5,1.5
1783010217194,2026-07-02 18:36:57.194,C3:00:00:63:4D:08,-46,127,1.5,6.5,1.5
1783010217205,2026-07-02 18:36:57.205,C3:00:00:63:4D:0D,-57,127,1.5,6.5,1.5
1783010217216,2026-07-02 18:36:57.216,C3:00:00:63:4D:05,-64,127,1.5,6.5,1.5
1783010217225,2026-07-02 18:36:57.225,C3:00:00:63:4D:0A,-64,127,1.5,6.5,1.5
1783010217252,2026-07-02 18:36:57.252,C3:00:00:63:4D:05,-64,127,1.5,6.5,1.5
1783010217257,2026-07-02 18:36:57.257,C3:00:00:63:4C:D2,-65,127,1.5,6.5,1.5
1783010217287,2026-07-02 18:36:57.287,C3:00:00:63:4D:04,-64,127,1.5,6.5,1.5
1783010217307,2026-07-02 18:36:57.307,C3:00:00:63:4D:08,-50,127,1.5,6.5,1.5
1783010217314,2026-07-02 18:36:57.314,C3:00:00:63:4D:0D,-54,127,1.5,6.5,1.5
1783010217328,2026-07-02 18:36:57.328,C3:00:00:63:4D:05,-64,127,1.5,6.5,1.5
1783010217372,2026-07-02 18:36:57.372,C3:00:00:63:4D:05,-65,127,1.5,6.5,1.5
1783010217375,2026-07-02 18:36:57.375,C3:00:00:63:4C:D2,-56,127,1.5,6.5,1.5
1783010217379,2026-07-02 18:36:57.379,C3:00:00:63:4D:07,-72,127,1.5,6.5,1.5
1783010217391,2026-07-02 18:36:57.391,C3:00:00:63:4D:0A,-68,127,1.5,6.5,1.5
1783010217396,2026-07-02 18:36:57.396,C3:00:00:63:4D:04,-64,127,1.5,6.5,1.5
1783010217400,2026-07-02 18:36:57.400,C3:00:00:63:4D:09,-66,127,1.5,6.5,1.5
1783010217417,2026-07-02 18:36:57.417,C3:00:00:63:4D:0D,-57,127,1.5,6.5,1.5
1783010217458,2026-07-02 18:36:57.458,C3:00:00:63:4D:0A,-61,127,1.5,6.5,1.5
1783010217478,2026-07-02 18:36:57.478,C3:00:00:63:4D:05,-64,127,1.5,6.5,1.5
1783010217485,2026-07-02 18:36:57.485,C3:00:00:63:4D:07,-66,127,1.5,6.5,1.5
1783010217490,2026-07-02 18:36:57.490,C3:00:00:63:4C:D2,-65,127,1.5,6.5,1.5
1783010217504,2026-07-02 18:36:57.504,C3:00:00:63:4D:04,-60,127,1.5,6.5,1.5
1783010217513,2026-07-02 18:36:57.513,C3:00:00:63:4D:0A,-61,127,1.5,6.5,1.5
1783010217518,2026-07-02 18:36:57.518,C3:00:00:63:4D:08,-48,127,1.5,6.5,1.5
1783010217526,2026-07-02 18:36:57.526,C3:00:00:63:4D:09,-69,127,1.5,6.5,1.5
1783010217531,2026-07-02 18:36:57.531,C3:00:00:63:4D:0D,-55,127,1.5,6.5,1.5
1783010217536,2026-07-02 18:36:57.536,C3:00:00:63:4D:08,-54,127,1.5,6.5,1.5
1783010217540,2026-07-02 18:36:57.540,C3:00:00:63:4D:0D,-55,127,1.5,6.5,1.5
1783010217599,2026-07-02 18:36:57.599,C3:00:00:63:4D:05,-64,127,1.5,6.5,1.5
1783010217602,2026-07-02 18:36:57.602,C3:00:00:63:4D:07,-67,127,1.5,6.5,1.5
1783010217606,2026-07-02 18:36:57.606,C3:00:00:63:4D:08,-50,127,1.5,6.5,1.5
1783010217615,2026-07-02 18:36:57.615,C3:00:00:63:4D:04,-63,127,1.5,6.5,1.5
1783010217619,2026-07-02 18:36:57.619,C3:00:00:63:4D:0A,-66,127,1.5,6.5,1.5
1783010217623,2026-07-02 18:36:57.623,C3:00:00:63:4D:08,-48,127,1.5,6.5,1.5
1783010217639,2026-07-02 18:36:57.639,C3:00:00:63:4D:04,-63,127,1.5,6.5,1.5
1783010217657,2026-07-02 18:36:57.657,C3:00:00:63:4D:0D,-55,127,1.5,6.5,1.5
1783010217660,2026-07-02 18:36:57.660,C3:00:00:63:4D:04,-63,127,1.5,6.5,1.5
1783010217687,2026-07-02 18:36:57.687,C3:00:00:63:4D:07,-67,127,1.5,6.5,1.5
1783010217718,2026-07-02 18:36:57.718,C3:00:00:63:4D:05,-66,127,1.5,6.5,1.5
1783010217723,2026-07-02 18:36:57.723,C3:00:00:63:4D:04,-60,127,1.5,6.5,1.5
1783010217728,2026-07-02 18:36:57.728,C3:00:00:63:4C:D2,-67,127,1.5,6.5,1.5
1783010217730,2026-07-02 18:36:57.730,C3:00:00:63:4D:0D,-55,127,1.5,6.5,1.5
1783010217736,2026-07-02 18:36:57.736,C3:00:00:63:4D:0A,-62,127,1.5,6.5,1.5
1783010217739,2026-07-02 18:36:57.739,C3:00:00:63:4D:08,-48,127,1.5,6.5,1.5
1783010217740,2026-07-02 18:36:57.740,C3:00:00:63:4D:09,-63,127,1.5,6.5,1.5
1783010217826,2026-07-02 18:36:57.826,C3:00:00:63:4D:05,-64,127,1.5,6.5,1.5
1783010217837,2026-07-02 18:36:57.837,C3:00:00:63:4C:D2,-65,127,1.5,6.5,1.5
1783010217839,2026-07-02 18:36:57.839,C3:00:00:63:4D:0D,-58,127,1.5,6.5,1.5
1783010217841,2026-07-02 18:36:57.841,C3:00:00:63:4D:07,-74,127,1.5,6.5,1.5
1783010217847,2026-07-02 18:36:57.847,C3:00:00:63:4D:08,-54,127,1.5,6.5,1.5
1783010217853,2026-07-02 18:36:57.853,C3:00:00:63:4D:0A,-66,127,1.5,6.5,1.5
1783010217857,2026-07-02 18:36:57.857,C3:00:00:63:4D:09,-75,127,1.5,6.5,1.5
1783010217960,2026-07-02 18:36:57.960,C3:00:00:63:4D:08,-46,127,1.5,6.5,1.5
1783010218027,2026-07-02 18:36:58.027,C3:00:00:63:4D:05,-71,127,1.5,6.5,1.5
1783010218052,2026-07-02 18:36:58.052,C3:00:00:63:4D:0D,-54,127,1.5,6.5,1.5
1783010218055,2026-07-02 18:36:58.055,C3:00:00:63:4D:05,-64,127,1.5,6.5,1.5
1783010218059,2026-07-02 18:36:58.059,C3:00:00:63:4D:04,-60,127,1.5,6.5,1.5
1783010218062,2026-07-02 18:36:58.062,C3:00:00:63:4D:0A,-61,127,1.5,6.5,1.5
1783010218063,2026-07-02 18:36:58.063,C3:00:00:63:4C:D2,-75,127,1.5,6.5,1.5
1783010218077,2026-07-02 18:36:58.077,C3:00:00:63:4D:0A,-62,127,1.5,6.5,1.5
1783010218152,2026-07-02 18:36:58.152,C3:00:00:63:4D:0D,-55,127,1.5,6.5,1.5
1783010218161,2026-07-02 18:36:58.161,C3:00:00:63:4D:04,-62,127,1.5,6.5,1.5
1783010218179,2026-07-02 18:36:58.179,C3:00:00:63:4C:D2,-69,127,1.5,6.5,1.5
1783010218184,2026-07-02 18:36:58.184,C3:00:00:63:4D:0A,-67,127,1.5,6.5,1.5
1783010218194,2026-07-02 18:36:58.194,C3:00:00:63:4D:09,-70,127,1.5,6.5,1.5
1783010218258,2026-07-02 18:36:58.258,C3:00:00:63:4D:0D,-54,127,1.5,6.5,1.5
1783010218268,2026-07-02 18:36:58.268,C3:00:00:63:4D:05,-61,127,1.5,6.5,1.5
1783010218275,2026-07-02 18:36:58.275,C3:00:00:63:4D:04,-62,127,1.5,6.5,1.5
1783010218287,2026-07-02 18:36:58.287,C3:00:00:63:4D:08,-55,127,1.5,6.5,1.5
1783010218292,2026-07-02 18:36:58.292,C3:00:00:63:4D:07,-65,127,1.5,6.5,1.5
1783010218296,2026-07-02 18:36:58.296,C3:00:00:63:4D:05,-62,127,1.5,6.5,1.5
1783010218302,2026-07-02 18:36:58.302,C3:00:00:63:4C:D2,-56,127,1.5,6.5,1.5
1783010218306,2026-07-02 18:36:58.306,C3:00:00:63:4D:0A,-67,127,1.5,6.5,1.5
1783010218315,2026-07-02 18:36:58.315,C3:00:00:63:4D:09,-62,127,1.5,6.5,1.5
1783010218362,2026-07-02 18:36:58.362,C3:00:00:63:4D:0D,-56,127,1.5,6.5,1.5
1783010218387,2026-07-02 18:36:58.387,C3:00:00:63:4D:04,-60,127,1.5,6.5,1.5
1783010218394,2026-07-02 18:36:58.394,C3:00:00:63:4D:05,-66,127,1.5,6.5,1.5
1783010218405,2026-07-02 18:36:58.405,C3:00:00:63:4D:07,-70,127,1.5,6.5,1.5
1783010218426,2026-07-02 18:36:58.426,C3:00:00:63:4D:09,-78,127,1.5,6.5,1.5
1783010218471,2026-07-02 18:36:58.471,C3:00:00:63:4D:0D,-54,127,1.5,6.5,1.5
1783010218494,2026-07-02 18:36:58.494,C3:00:00:63:4D:04,-61,127,1.5,6.5,1.5
1783010218499,2026-07-02 18:36:58.499,C3:00:00:63:4D:08,-52,127,1.5,6.5,1.5
1783010218518,2026-07-02 18:36:58.518,C3:00:00:63:4D:05,-64,127,1.5,6.5,1.5
1783010218523,2026-07-02 18:36:58.523,C3:00:00:63:4C:D2,-55,127,1.5,6.5,1.5
1783010218525,2026-07-02 18:36:58.525,C3:00:00:63:4D:07,-63,127,1.5,6.5,1.5
1783010218529,2026-07-02 18:36:58.529,C3:00:00:63:4D:0A,-69,127,1.5,6.5,1.5
1783010218538,2026-07-02 18:36:58.538,C3:00:00:63:4D:09,-69,127,1.5,6.5,1.5
1783010218576,2026-07-02 18:36:58.576,C3:00:00:63:4D:07,-68,127,1.5,6.5,1.5
1783010218579,2026-07-02 18:36:58.579,C3:00:00:63:4D:0D,-54,127,1.5,6.5,1.5
1783010218599,2026-07-02 18:36:58.599,C3:00:00:63:4D:04,-62,127,1.5,6.5,1.5
1783010218620,2026-07-02 18:36:58.620,C3:00:00:63:4D:08,-54,127,1.5,6.5,1.5
1783010218626,2026-07-02 18:36:58.626,C3:00:00:63:4D:05,-62,127,1.5,6.5,1.5
1783010218634,2026-07-02 18:36:58.634,C3:00:00:63:4D:07,-68,127,1.5,6.5,1.5
1783010218638,2026-07-02 18:36:58.638,C3:00:00:63:4C:D2,-70,127,1.5,6.5,1.5
1783010218640,2026-07-02 18:36:58.640,C3:00:00:63:4D:0A,-61,127,1.5,6.5,1.5
1783010218656,2026-07-02 18:36:58.656,C3:00:00:63:4D:09,-66,127,1.5,6.5,1.5
1783010218675,2026-07-02 18:36:58.675,C3:00:00:63:4D:0D,-58,127,1.5,6.5,1.5
1783010218704,2026-07-02 18:36:58.704,C3:00:00:63:4D:04,-60,127,1.5,6.5,1.5
1783010218714,2026-07-02 18:36:58.714,C3:00:00:63:4D:08,-63,127,1.5,6.5,1.5
1783010218741,2026-07-02 18:36:58.741,C3:00:00:63:4D:05,-64,127,1.5,6.5,1.5
1783010218754,2026-07-02 18:36:58.754,C3:00:00:63:4C:D2,-66,127,1.5,6.5,1.5
1783010218756,2026-07-02 18:36:58.756,C3:00:00:63:4D:0A,-61,127,1.5,6.5,1.5
1783010218760,2026-07-02 18:36:58.760,C3:00:00:63:4D:07,-65,127,1.5,6.5,1.5
1783010218765,2026-07-02 18:36:58.765,C3:00:00:63:4D:09,-76,127,1.5,6.5,1.5
1783010218819,2026-07-02 18:36:58.819,C3:00:00:63:4D:04,-64,127,1.5,6.5,1.5
1783010218824,2026-07-02 18:36:58.824,C3:00:00:63:4D:08,-51,127,1.5,6.5,1.5
1783010218858,2026-07-02 18:36:58.858,C3:00:00:63:4D:05,-58,127,1.5,6.5,1.5
1783010218864,2026-07-02 18:36:58.864,C3:00:00:63:4D:07,-69,127,1.5,6.5,1.5
1783010218870,2026-07-02 18:36:58.870,C3:00:00:63:4D:0A,-69,127,1.5,6.5,1.5
1783010218875,2026-07-02 18:36:58.875,C3:00:00:63:4C:D2,-54,127,1.5,6.5,1.5
1783010218885,2026-07-02 18:36:58.885,C3:00:00:63:4D:0D,-54,127,1.5,6.5,1.5
1783010218926,2026-07-02 18:36:58.926,C3:00:00:63:4D:04,-60,127,1.5,6.5,1.5
1783010218932,2026-07-02 18:36:58.932,C3:00:00:63:4D:0D,-58,127,1.5,6.5,1.5
1783010218938,2026-07-02 18:36:58.938,C3:00:00:63:4D:08,-47,127,1.5,6.5,1.5
1783010218953,2026-07-02 18:36:58.953,C3:00:00:63:4D:08,-54,127,1.5,6.5,1.5
1783010218963,2026-07-02 18:36:58.963,C3:00:00:63:4D:0A,-70,127,1.5,6.5,1.5
1783010218970,2026-07-02 18:36:58.970,C3:00:00:63:4D:05,-58,127,1.5,6.5,1.5
1783010218981,2026-07-02 18:36:58.981,C3:00:00:63:4D:07,-67,127,1.5,6.5,1.5
1783010218987,2026-07-02 18:36:58.987,C3:00:00:63:4D:08,-47,127,1.5,6.5,1.5
1783010218990,2026-07-02 18:36:58.990,C3:00:00:63:4C:D2,-66,127,1.5,6.5,1.5
1783010218997,2026-07-02 18:36:58.997,C3:00:00:63:4D:09,-64,127,1.5,6.5,1.5
1783010219026,2026-07-02 18:36:59.026,C3:00:00:63:4D:04,-60,127,1.5,6.5,1.5
1783010219045,2026-07-02 18:36:59.045,C3:00:00:63:4D:09,-74,127,1.5,6.5,1.5
1783010219062,2026-07-02 18:36:59.062,C3:00:00:63:4D:08,-56,127,1.5,6.5,1.5
1783010219088,2026-07-02 18:36:59.088,C3:00:00:63:4D:0A,-65,127,1.5,6.5,1.5
1783010219093,2026-07-02 18:36:59.093,C3:00:00:63:4D:0D,-55,127,1.5,6.5,1.5
1783010219117,2026-07-02 18:36:59.117,C3:00:00:63:4D:09,-70,127,1.5,6.5,1.5
1783010219138,2026-07-02 18:36:59.138,C3:00:00:63:4D:04,-63,127,1.5,6.5,1.5
1783010219163,2026-07-02 18:36:59.163,C3:00:00:63:4D:08,-43,127,1.5,6.5,1.5
1783010219183,2026-07-02 18:36:59.183,C3:00:00:63:4C:D2,-65,127,1.5,6.5,1.5
1783010219204,2026-07-02 18:36:59.204,C3:00:00:63:4D:0A,-68,127,1.5,6.5,1.5
1783010219209,2026-07-02 18:36:59.209,C3:00:00:63:4D:05,-61,127,1.5,6.5,1.5
1783010219212,2026-07-02 18:36:59.212,C3:00:00:63:4C:D2,-63,127,1.5,6.5,1.5
1783010219215,2026-07-02 18:36:59.215,C3:00:00:63:4D:07,-73,127,1.5,6.5,1.5
1783010219263,2026-07-02 18:36:59.263,C3:00:00:63:4D:08,-47,127,1.5,6.5,1.5
1783010219304,2026-07-02 18:36:59.304,C3:00:00:63:4D:0D,-59,127,1.5,6.5,1.5
1783010219311,2026-07-02 18:36:59.311,C3:00:00:63:4D:0A,-63,127,1.5,6.5,1.5
1783010219319,2026-07-02 18:36:59.319,C3:00:00:63:4D:05,-64,127,1.5,6.5,1.5
1783010219326,2026-07-02 18:36:59.326,C3:00:00:63:4D:07,-63,127,1.5,6.5,1.5
1783010219333,2026-07-02 18:36:59.333,C3:00:00:63:4C:D2,-74,127,1.5,6.5,1.5
1783010219344,2026-07-02 18:36:59.344,C3:00:00:63:4D:09,-69,127,1.5,6.5,1.5
1783010219355,2026-07-02 18:36:59.355,C3:00:00:63:4D:04,-60,127,1.5,6.5,1.5
1783010219369,2026-07-02 18:36:59.369,C3:00:00:63:4D:08,-52,127,1.5,6.5,1.5
1783010219414,2026-07-02 18:36:59.414,C3:00:00:63:4D:0D,-55,127,1.5,6.5,1.5
1783010219435,2026-07-02 18:36:59.435,C3:00:00:63:4D:0A,-67,127,1.5,6.5,1.5
1783010219437,2026-07-02 18:36:59.437,C3:00:00:63:4D:05,-54,127,1.5,6.5,1.5
1783010219441,2026-07-02 18:36:59.441,C3:00:00:63:4D:07,-71,127,1.5,6.5,1.5
1783010219446,2026-07-02 18:36:59.446,C3:00:00:63:4C:D2,-58,127,1.5,6.5,1.5
1783010219455,2026-07-02 18:36:59.455,C3:00:00:63:4D:09,-69,127,1.5,6.5,1.5
1783010219471,2026-07-02 18:36:59.471,C3:00:00:63:4D:04,-68,127,1.5,6.5,1.5
1783010219478,2026-07-02 18:36:59.478,C3:00:00:63:4D:08,-47,127,1.5,6.5,1.5
1783010219517,2026-07-02 18:36:59.517,C3:00:00:63:4D:08,-51,127,1.5,6.5,1.5
1783010219520,2026-07-02 18:36:59.520,C3:00:00:63:4D:0D,-54,127,1.5,6.5,1.5
1783010219546,2026-07-02 18:36:59.546,C3:00:00:63:4D:0A,-60,127,1.5,6.5,1.5
1783010219552,2026-07-02 18:36:59.552,C3:00:00:63:4D:0D,-54,127,1.5,6.5,1.5
1783010219557,2026-07-02 18:36:59.557,C3:00:00:63:4D:05,-57,127,1.5,6.5,1.5
1783010219563,2026-07-02 18:36:59.563,C3:00:00:63:4C:D2,-70,127,1.5,6.5,1.5
1783010219569,2026-07-02 18:36:59.569,C3:00:00:63:4D:09,-66,127,1.5,6.5,1.5
1783010219571,2026-07-02 18:36:59.571,C3:00:00:63:4D:04,-58,127,1.5,6.5,1.5
1783010219587,2026-07-02 18:36:59.587,C3:00:00:63:4D:08,-51,127,1.5,6.5,1.5
1783010219607,2026-07-02 18:36:59.607,C3:00:00:63:4D:08,-52,127,1.5,6.5,1.5
1783010219621,2026-07-02 18:36:59.621,C3:00:00:63:4D:0D,-54,127,1.5,6.5,1.5
1783010219650,2026-07-02 18:36:59.650,C3:00:00:63:4D:04,-59,127,1.5,6.5,1.5
1783010219653,2026-07-02 18:36:59.653,C3:00:00:63:4D:0A,-62,127,1.5,6.5,1.5
1783010219675,2026-07-02 18:36:59.675,C3:00:00:63:4D:05,-64,127,1.5,6.5,1.5
1783010219676,2026-07-02 18:36:59.676,C3:00:00:63:4C:D2,-70,127,1.5,6.5,1.5
1783010219678,2026-07-02 18:36:59.678,C3:00:00:63:4D:07,-69,127,1.5,6.5,1.5
1783010219680,2026-07-02 18:36:59.680,C3:00:00:63:4D:04,-59,127,1.5,6.5,1.5
1783010219684,2026-07-02 18:36:59.684,C3:00:00:63:4D:09,-58,127,1.5,6.5,1.5
1783010219694,2026-07-02 18:36:59.694,C3:00:00:63:4D:04,-61,127,1.5,6.5,1.5
1783010219696,2026-07-02 18:36:59.696,C3:00:00:63:4D:08,-59,127,1.5,6.5,1.5
1783010219735,2026-07-02 18:36:59.735,C3:00:00:63:4D:0D,-54,127,1.5,6.5,1.5
1783010219769,2026-07-02 18:36:59.769,C3:00:00:63:4D:0A,-67,127,1.5,6.5,1.5
1783010219794,2026-07-02 18:36:59.794,C3:00:00:63:4D:05,-68,127,1.5,6.5,1.5
1783010219795,2026-07-02 18:36:59.795,C3:00:00:63:4D:04,-73,127,1.5,6.5,1.5
1783010219798,2026-07-02 18:36:59.798,C3:00:00:63:4D:07,-68,127,1.5,6.5,1.5
1783010219800,2026-07-02 18:36:59.800,C3:00:00:63:4D:04,-64,127,1.5,6.5,1.5
1783010219805,2026-07-02 18:36:59.805,C3:00:00:63:4D:08,-45,127,1.5,6.5,1.5
1783010219830,2026-07-02 18:36:59.830,C3:00:00:63:4D:0D,-66,127,1.5,6.5,1.5
1783010219877,2026-07-02 18:36:59.877,C3:00:00:63:4D:0A,-63,127,1.5,6.5,1.5
1783010219902,2026-07-02 18:36:59.902,C3:00:00:63:4D:09,-81,127,1.5,6.5,1.5
1783010219908,2026-07-02 18:36:59.908,C3:00:00:63:4D:05,-59,127,1.5,6.5,1.5
1783010219913,2026-07-02 18:36:59.913,C3:00:00:63:4C:D2,-62,127,1.5,6.5,1.5
1783010219920,2026-07-02 18:36:59.920,C3:00:00:63:4D:04,-70,127,1.5,6.5,1.5
1783010219924,2026-07-02 18:36:59.924,C3:00:00:63:4D:09,-63,127,1.5,6.5,1.5
1783010219928,2026-07-02 18:36:59.928,C3:00:00:63:4D:08,-44,127,1.5,6.5,1.5
1783010219939,2026-07-02 18:36:59.939,C3:00:00:63:4D:0D,-50,127,1.5,6.5,1.5
1783010219993,2026-07-02 18:36:59.993,C3:00:00:63:4D:0A,-64,127,1.5,6.5,1.5
1783010220024,2026-07-02 18:37:00.024,C3:00:00:63:4D:04,-57,127,1.5,6.5,1.5
1783010220031,2026-07-02 18:37:00.031,C3:00:00:63:4D:07,-63,127,1.5,6.5,1.5
1783010220036,2026-07-02 18:37:00.036,C3:00:00:63:4D:09,-61,127,1.5,6.5,1.5
1783010220046,2026-07-02 18:37:00.046,C3:00:00:63:4D:08,-42,127,1.5,6.5,1.5
1783010220062,2026-07-02 18:37:00.062,C3:00:00:63:4D:0A,-66,127,1.5,6.5,1.5
1783010220068,2026-07-02 18:37:00.068,C3:00:00:63:4D:07,-70,127,1.5,6.5,1.5
1783010220107,2026-07-02 18:37:00.107,C3:00:00:63:4D:0A,-68,127,1.5,6.5,1.5
1783010220120,2026-07-02 18:37:00.120,C3:00:00:63:4D:04,-58,127,1.5,6.5,1.5
1783010220126,2026-07-02 18:37:00.126,C3:00:00:63:4D:05,-65,127,1.5,6.5,1.5
1783010220139,2026-07-02 18:37:00.139,C3:00:00:63:4D:08,-54,127,1.5,6.5,1.5
1783010220155,2026-07-02 18:37:00.155,C3:00:00:63:4D:09,-62,127,1.5,6.5,1.5
1783010220159,2026-07-02 18:37:00.159,C3:00:00:63:4D:0D,-62,127,1.5,6.5,1.5
1783010220220,2026-07-02 18:37:00.220,C3:00:00:63:4D:0A,-64,127,1.5,6.5,1.5
1783010220227,2026-07-02 18:37:00.227,C3:00:00:63:4D:04,-62,127,1.5,6.5,1.5
1783010220247,2026-07-02 18:37:00.247,C3:00:00:63:4D:05,-62,127,1.5,6.5,1.5
1783010220250,2026-07-02 18:37:00.250,C3:00:00:63:4C:D2,-68,127,1.5,6.5,1.5
1783010220256,2026-07-02 18:37:00.256,C3:00:00:63:4D:08,-52,127,1.5,6.5,1.5
1783010220257,2026-07-02 18:37:00.257,C3:00:00:63:4D:0D,-54,127,1.5,6.5,1.5
1783010220259,2026-07-02 18:37:00.259,C3:00:00:63:4D:09,-63,127,1.5,6.5,1.5
1783010220326,2026-07-02 18:37:00.326,C3:00:00:63:4D:0A,-68,127,1.5,6.5,1.5
1783010220348,2026-07-02 18:37:00.348,C3:00:00:63:4D:04,-60,127,1.5,6.5,1.5
1783010220359,2026-07-02 18:37:00.359,C3:00:00:63:4D:08,-48,127,1.5,6.5,1.5
1783010220365,2026-07-02 18:37:00.365,C3:00:00:63:4D:07,-73,127,1.5,6.5,1.5
1783010220415,2026-07-02 18:37:00.415,C3:00:00:63:4D:09,-66,127,1.5,6.5,1.5
1783010220441,2026-07-02 18:37:00.441,C3:00:00:63:4D:0A,-62,127,1.5,6.5,1.5
1783010220445,2026-07-02 18:37:00.445,C3:00:00:63:4D:04,-61,127,1.5,6.5,1.5
1783010220460,2026-07-02 18:37:00.460,C3:00:00:63:4D:0D,-57,127,1.5,6.5,1.5
1783010220466,2026-07-02 18:37:00.466,C3:00:00:63:4D:08,-52,127,1.5,6.5,1.5
1783010220470,2026-07-02 18:37:00.470,C3:00:00:63:4D:05,-64,127,1.5,6.5,1.5
1783010220476,2026-07-02 18:37:00.476,C3:00:00:63:4C:D2,-69,127,1.5,6.5,1.5
1783010220483,2026-07-02 18:37:00.483,C3:00:00:63:4D:07,-66,127,1.5,6.5,1.5
1783010220485,2026-07-02 18:37:00.485,C3:00:00:63:4D:09,-67,127,1.5,6.5,1.5
1783010220570,2026-07-02 18:37:00.570,C3:00:00:63:4D:0D,-56,127,1.5,6.5,1.5
1783010220579,2026-07-02 18:37:00.579,C3:00:00:63:4D:08,-58,127,1.5,6.5,1.5
1783010220592,2026-07-02 18:37:00.592,C3:00:00:63:4D:07,-65,127,1.5,6.5,1.5
1783010220602,2026-07-02 18:37:00.602,C3:00:00:63:4D:09,-66,127,1.5,6.5,1.5
1783010220604,2026-07-02 18:37:00.604,C3:00:00:63:4D:07,-67,127,1.5,6.5,1.5
1783010220608,2026-07-02 18:37:00.608,C3:00:00:63:4C:D2,-60,127,1.5,6.5,1.5
1783010220620,2026-07-02 18:37:00.620,C3:00:00:63:4D:04,-58,127,1.5,6.5,1.5
1783010220674,2026-07-02 18:37:00.674,C3:00:00:63:4D:04,-58,127,1.5,6.5,1.5
1783010220678,2026-07-02 18:37:00.678,C3:00:00:63:4D:0A,-74,127,1.5,6.5,1.5
1783010220704,2026-07-02 18:37:00.704,C3:00:00:63:4D:07,-68,127,1.5,6.5,1.5
1783010220711,2026-07-02 18:37:00.711,C3:00:00:63:4C:D2,-60,127,1.5,6.5,1.5
1783010220783,2026-07-02 18:37:00.783,C3:00:00:63:4D:0A,-62,127,1.5,6.5,1.5
1783010220788,2026-07-02 18:37:00.788,C3:00:00:63:4D:08,-49,127,1.5,6.5,1.5
1783010220813,2026-07-02 18:37:00.813,C3:00:00:63:4D:05,-65,127,1.5,6.5,1.5
1783010220827,2026-07-02 18:37:00.827,C3:00:00:63:4C:D2,-61,127,1.5,6.5,1.5
1783010220931,2026-07-02 18:37:00.931,C3:00:00:63:4D:05,-60,127,1.5,6.5,1.5
1783010220938,2026-07-02 18:37:00.938,C3:00:00:63:4D:07,-66,127,1.5,6.5,1.5
1783010220942,2026-07-02 18:37:00.942,C3:00:00:63:4D:09,-63,127,1.5,6.5,1.5
1783010220946,2026-07-02 18:37:00.946,C3:00:00:63:4D:0D,-54,127,1.5,6.5,1.5
1783010220986,2026-07-02 18:37:00.986,C3:00:00:63:4D:0D,-54,127,1.5,6.5,1.5
1783010220995,2026-07-02 18:37:00.995,C3:00:00:63:4D:04,-59,127,1.5,6.5,1.5
1783010221015,2026-07-02 18:37:01.015,C3:00:00:63:4D:08,-47,127,1.5,6.5,1.5
1783010221018,2026-07-02 18:37:01.018,C3:00:00:63:4D:0A,-62,127,1.5,6.5,1.5
1783010221040,2026-07-02 18:37:01.040,C3:00:00:63:4D:05,-56,127,1.5,6.5,1.5
1783010221051,2026-07-02 18:37:01.051,C3:00:00:63:4D:09,-80,127,1.5,6.5,1.5
1783010221054,2026-07-02 18:37:01.054,C3:00:00:63:4C:D2,-68,127,1.5,6.5,1.5
1783010221058,2026-07-02 18:37:01.058,C3:00:00:63:4D:07,-63,127,1.5,6.5,1.5
1783010221066,2026-07-02 18:37:01.066,C3:00:00:63:4D:09,-78,127,1.5,6.5,1.5
1783010221093,2026-07-02 18:37:01.093,C3:00:00:63:4D:0D,-56,127,1.5,6.5,1.5
1783010221098,2026-07-02 18:37:01.098,C3:00:00:63:4D:04,-60,127,1.5,6.5,1.5
1783010221165,2026-07-02 18:37:01.165,C3:00:00:63:4D:07,-58,127,1.5,6.5,1.5
1783010221171,2026-07-02 18:37:01.171,C3:00:00:63:4D:09,-65,127,1.5,6.5,1.5
1783010221177,2026-07-02 18:37:01.177,C3:00:00:63:4C:D2,-64,127,1.5,6.5,1.5
1783010221191,2026-07-02 18:37:01.191,C3:00:00:63:4D:09,-65,127,1.5,6.5,1.5
1783010221200,2026-07-02 18:37:01.200,C3:00:00:63:4D:0D,-54,127,1.5,6.5,1.5
1783010221214,2026-07-02 18:37:01.214,C3:00:00:63:4D:05,-66,127,1.5,6.5,1.5
1783010221218,2026-07-02 18:37:01.218,C3:00:00:63:4D:04,-61,127,1.5,6.5,1.5
1783010221224,2026-07-02 18:37:01.224,C3:00:00:63:4D:08,-48,127,1.5,6.5,1.5
1783010221235,2026-07-02 18:37:01.235,C3:00:00:63:4D:0A,-67,127,1.5,6.5,1.5
1783010221263,2026-07-02 18:37:01.263,C3:00:00:63:4D:0A,-73,127,1.5,6.5,1.5
1783010221270,2026-07-02 18:37:01.270,C3:00:00:63:4D:05,-60,127,1.5,6.5,1.5
1783010221277,2026-07-02 18:37:01.277,C3:00:00:63:4D:09,-64,127,1.5,6.5,1.5
1783010221279,2026-07-02 18:37:01.279,C3:00:00:63:4D:07,-65,127,1.5,6.5,1.5
1783010221284,2026-07-02 18:37:01.284,C3:00:00:63:4C:D2,-57,127,1.5,6.5,1.5
1783010221311,2026-07-02 18:37:01.311,C3:00:00:63:4D:0D,-56,127,1.5,6.5,1.5
1783010221316,2026-07-02 18:37:01.316,C3:00:00:63:4C:D2,-58,127,1.5,6.5,1.5
1783010221320,2026-07-02 18:37:01.320,C3:00:00:63:4D:04,-65,127,1.5,6.5,1.5
1783010221334,2026-07-02 18:37:01.334,C3:00:00:63:4D:08,-45,127,1.5,6.5,1.5
1783010221344,2026-07-02 18:37:01.344,C3:00:00:63:4D:0A,-62,127,1.5,6.5,1.5
1783010221352,2026-07-02 18:37:01.352,C3:00:00:63:4D:05,-61,127,1.5,6.5,1.5
1783010221383,2026-07-02 18:37:01.383,C3:00:00:63:4D:05,-60,127,1.5,6.5,1.5
1783010221391,2026-07-02 18:37:01.391,C3:00:00:63:4D:09,-64,127,1.5,6.5,1.5
1783010221396,2026-07-02 18:37:01.396,C3:00:00:63:4C:D2,-65,127,1.5,6.5,1.5
1783010221411,2026-07-02 18:37:01.411,C3:00:00:63:4D:0D,-60,127,1.5,6.5,1.5
1783010221425,2026-07-02 18:37:01.425,C3:00:00:63:4D:04,-67,127,1.5,6.5,1.5
1783010221448,2026-07-02 18:37:01.448,C3:00:00:63:4D:08,-51,127,1.5,6.5,1.5
1783010221459,2026-07-02 18:37:01.459,C3:00:00:63:4D:0A,-62,127,1.5,6.5,1.5
1783010221481,2026-07-02 18:37:01.481,C3:00:00:63:4D:0A,-63,127,1.5,6.5,1.5
1783010221506,2026-07-02 18:37:01.506,C3:00:00:63:4D:05,-65,127,1.5,6.5,1.5
1783010221512,2026-07-02 18:37:01.512,C3:00:00:63:4D:09,-66,127,1.5,6.5,1.5
1783010221519,2026-07-02 18:37:01.519,C3:00:00:63:4D:0D,-54,127,1.5,6.5,1.5
1783010221525,2026-07-02 18:37:01.525,C3:00:00:63:4C:D2,-55,127,1.5,6.5,1.5
1783010221529,2026-07-02 18:37:01.529,C3:00:00:63:4D:07,-64,127,1.5,6.5,1.5
1783010221531,2026-07-02 18:37:01.531,C3:00:00:63:4D:08,-51,127,1.5,6.5,1.5
1783010221535,2026-07-02 18:37:01.535,C3:00:00:63:4D:04,-62,127,1.5,6.5,1.5
1783010221557,2026-07-02 18:37:01.557,C3:00:00:63:4D:08,-47,127,1.5,6.5,1.5
1783010221571,2026-07-02 18:37:01.571,C3:00:00:63:4D:0A,-73,127,1.5,6.5,1.5
1783010221614,2026-07-02 18:37:01.614,C3:00:00:63:4D:08,-45,127,1.5,6.5,1.5
1783010221622,2026-07-02 18:37:01.622,C3:00:00:63:4D:0D,-60,127,1.5,6.5,1.5
1783010221627,2026-07-02 18:37:01.627,C3:00:00:63:4D:09,-65,127,1.5,6.5,1.5
1783010221634,2026-07-02 18:37:01.634,C3:00:00:63:4C:D2,-60,127,1.5,6.5,1.5
1783010221640,2026-07-02 18:37:01.640,C3:00:00:63:4D:07,-69,127,1.5,6.5,1.5
1783010221643,2026-07-02 18:37:01.643,C3:00:00:63:4C:D2,-61,127,1.5,6.5,1.5
1783010221648,2026-07-02 18:37:01.648,C3:00:00:63:4D:04,-60,127,1.5,6.5,1.5
1783010221657,2026-07-02 18:37:01.657,C3:00:00:63:4D:0D,-56,127,1.5,6.5,1.5
1783010221662,2026-07-02 18:37:01.662,C3:00:00:63:4D:08,-48,127,1.5,6.5,1.5
1783010221663,2026-07-02 18:37:01.663,C3:00:00:63:4D:04,-60,127,1.5,6.5,1.5
1783010221677,2026-07-02 18:37:01.677,C3:00:00:63:4D:04,-58,127,1.5,6.5,1.5
1783010221687,2026-07-02 18:37:01.687,C3:00:00:63:4D:0A,-60,127,1.5,6.5,1.5
1783010221701,2026-07-02 18:37:01.701,C3:00:00:63:4D:07,-65,127,1.5,6.5,1.5
1783010221719,2026-07-02 18:37:01.719,C3:00:00:63:4D:0D,-53,127,1.5,6.5,1.5
1783010221734,2026-07-02 18:37:01.734,C3:00:00:63:4D:09,-65,127,1.5,6.5,1.5
1783010221737,2026-07-02 18:37:01.737,C3:00:00:63:4D:05,-58,127,1.5,6.5,1.5
1783010221743,2026-07-02 18:37:01.743,C3:00:00:63:4C:D2,-71,127,1.5,6.5,1.5
1783010221752,2026-07-02 18:37:01.752,C3:00:00:63:4D:07,-62,127,1.5,6.5,1.5
1783010221758,2026-07-02 18:37:01.758,C3:00:00:63:4D:04,-62,127,1.5,6.5,1.5
1783010221767,2026-07-02 18:37:01.767,C3:00:00:63:4D:08,-51,127,1.5,6.5,1.5
1783010221824,2026-07-02 18:37:01.824,C3:00:00:63:4D:0D,-52,127,1.5,6.5,1.5
1783010221851,2026-07-02 18:37:01.851,C3:00:00:63:4D:05,-54,127,1.5,6.5,1.5
1783010221854,2026-07-02 18:37:01.854,C3:00:00:63:4D:09,-67,127,1.5,6.5,1.5
1783010221867,2026-07-02 18:37:01.867,C3:00:00:63:4D:04,-56,127,1.5,6.5,1.5
1783010221877,2026-07-02 18:37:01.877,C3:00:00:63:4D:08,-48,127,1.5,6.5,1.5
1783010221914,2026-07-02 18:37:01.914,C3:00:00:63:4D:0A,-63,127,1.5,6.5,1.5
1783010221934,2026-07-02 18:37:01.934,C3:00:00:63:4D:0D,-58,127,1.5,6.5,1.5
1783010221961,2026-07-02 18:37:01.961,C3:00:00:63:4D:09,-70,127,1.5,6.5,1.5
1783010221965,2026-07-02 18:37:01.965,C3:00:00:63:4D:05,-60,127,1.5,6.5,1.5
1783010221973,2026-07-02 18:37:01.973,C3:00:00:63:4D:07,-72,127,1.5,6.5,1.5
1783010221974,2026-07-02 18:37:01.974,C3:00:00:63:4D:04,-63,127,1.5,6.5,1.5
1783010221976,2026-07-02 18:37:01.976,C3:00:00:63:4C:D2,-65,127,1.5,6.5,1.5
1783010221990,2026-07-02 18:37:01.990,C3:00:00:63:4D:08,-52,127,1.5,6.5,1.5
1783010222030,2026-07-02 18:37:02.030,C3:00:00:63:4D:0A,-62,127,1.5,6.5,1.5
1783010222036,2026-07-02 18:37:02.036,C3:00:00:63:4D:0D,-50,127,1.5,6.5,1.5
1783010222043,2026-07-02 18:37:02.043,C3:00:00:63:4D:05,-74,127,1.5,6.5,1.5
1783010222076,2026-07-02 18:37:02.076,C3:00:00:63:4D:09,-65,127,1.5,6.5,1.5
1783010222085,2026-07-02 18:37:02.085,C3:00:00:63:4D:07,-62,127,1.5,6.5,1.5
1783010222100,2026-07-02 18:37:02.100,C3:00:00:63:4C:D2,-65,127,1.5,6.5,1.5
1783010222106,2026-07-02 18:37:02.106,C3:00:00:63:4D:08,-50,127,1.5,6.5,1.5
1783010222111,2026-07-02 18:37:02.111,C3:00:00:63:4D:07,-63,127,1.5,6.5,1.5
1783010222140,2026-07-02 18:37:02.140,C3:00:00:63:4D:0D,-59,127,1.5,6.5,1.5
1783010222143,2026-07-02 18:37:02.143,C3:00:00:63:4D:0A,-66,127,1.5,6.5,1.5
1783010222192,2026-07-02 18:37:02.192,C3:00:00:63:4D:09,-58,127,1.5,6.5,1.5
1783010222198,2026-07-02 18:37:02.198,C3:00:00:63:4D:05,-56,127,1.5,6.5,1.5
1783010222205,2026-07-02 18:37:02.205,C3:00:00:63:4D:04,-60,127,1.5,6.5,1.5
1783010222246,2026-07-02 18:37:02.246,C3:00:00:63:4D:0A,-61,127,1.5,6.5,1.5
1783010222251,2026-07-02 18:37:02.251,C3:00:00:63:4D:0D,-58,127,1.5,6.5,1.5
1783010222298,2026-07-02 18:37:02.298,C3:00:00:63:4D:05,-60,127,1.5,6.5,1.5
1783010222304,2026-07-02 18:37:02.304,C3:00:00:63:4D:04,-63,127,1.5,6.5,1.5
1783010222312,2026-07-02 18:37:02.312,C3:00:00:63:4D:09,-69,127,1.5,6.5,1.5
1783010222317,2026-07-02 18:37:02.317,C3:00:00:63:4D:08,-50,127,1.5,6.5,1.5
1783010222319,2026-07-02 18:37:02.319,C3:00:00:63:4D:07,-61,127,1.5,6.5,1.5
1783010222321,2026-07-02 18:37:02.321,C3:00:00:63:4D:05,-60,127,1.5,6.5,1.5
1783010222352,2026-07-02 18:37:02.352,C3:00:00:63:4D:0D,-58,127,1.5,6.5,1.5
1783010222372,2026-07-02 18:37:02.372,C3:00:00:63:4D:0A,-63,127,1.5,6.5,1.5
1783010222381,2026-07-02 18:37:02.381,C3:00:00:63:4D:07,-70,127,1.5,6.5,1.5
1783010222411,2026-07-02 18:37:02.411,C3:00:00:63:4D:04,-62,127,1.5,6.5,1.5
1783010222419,2026-07-02 18:37:02.419,C3:00:00:63:4D:09,-61,127,1.5,6.5,1.5
1783010222460,2026-07-02 18:37:02.460,C3:00:00:63:4D:0D,-54,127,1.5,6.5,1.5
1783010222480,2026-07-02 18:37:02.480,C3:00:00:63:4D:0A,-64,127,1.5,6.5,1.5
1783010222525,2026-07-02 18:37:02.525,C3:00:00:63:4D:04,-60,127,1.5,6.5,1.5
1783010222547,2026-07-02 18:37:02.547,C3:00:00:63:4D:05,-55,127,1.5,6.5,1.5
1783010222549,2026-07-02 18:37:02.549,C3:00:00:63:4C:D2,-63,127,1.5,6.5,1.5
1783010222553,2026-07-02 18:37:02.553,C3:00:00:63:4D:07,-64,127,1.5,6.5,1.5
1783010222566,2026-07-02 18:37:02.566,C3:00:00:63:4D:0D,-58,127,1.5,6.5,1.5
1783010222585,2026-07-02 18:37:02.585,C3:00:00:63:4D:0A,-60,127,1.5,6.5,1.5
1783010222626,2026-07-02 18:37:02.626,C3:00:00:63:4D:04,-60,127,1.5,6.5,1.5
1783010222643,2026-07-02 18:37:02.643,C3:00:00:63:4D:09,-62,127,1.5,6.5,1.5
1783010222646,2026-07-02 18:37:02.646,C3:00:00:63:4D:08,-51,127,1.5,6.5,1.5
1783010222663,2026-07-02 18:37:02.663,C3:00:00:63:4D:05,-66,127,1.5,6.5,1.5
1783010222666,2026-07-02 18:37:02.666,C3:00:00:63:4D:07,-70,127,1.5,6.5,1.5
1783010222669,2026-07-02 18:37:02.669,C3:00:00:63:4C:D2,-71,127,1.5,6.5,1.5
1783010222672,2026-07-02 18:37:02.672,C3:00:00:63:4D:0D,-54,127,1.5,6.5,1.5
1783010222707,2026-07-02 18:37:02.707,C3:00:00:63:4D:0A,-60,127,1.5,6.5,1.5
1783010222738,2026-07-02 18:37:02.738,C3:00:00:63:4D:04,-64,127,1.5,6.5,1.5
1783010222754,2026-07-02 18:37:02.754,C3:00:00:63:4D:08,-47,127,1.5,6.5,1.5
1783010222759,2026-07-02 18:37:02.759,C3:00:00:63:4D:09,-62,127,1.5,6.5,1.5
1783010222773,2026-07-02 18:37:02.773,C3:00:00:63:4D:05,-54,127,1.5,6.5,1.5
1783010222778,2026-07-02 18:37:02.778,C3:00:00:63:4D:0D,-54,127,1.5,6.5,1.5
1783010222783,2026-07-02 18:37:02.783,C3:00:00:63:4C:D2,-55,127,1.5,6.5,1.5
1783010222784,2026-07-02 18:37:02.784,C3:00:00:63:4D:07,-64,127,1.5,6.5,1.5
1783010222812,2026-07-02 18:37:02.812,C3:00:00:63:4D:0A,-59,127,1.5,6.5,1.5
1783010222859,2026-07-02 18:37:02.859,C3:00:00:63:4D:08,-48,127,1.5,6.5,1.5
1783010222883,2026-07-02 18:37:02.883,C3:00:00:63:4D:09,-63,127,1.5,6.5,1.5
1783010222887,2026-07-02 18:37:02.887,C3:00:00:63:4D:0D,-56,127,1.5,6.5,1.5
1783010222891,2026-07-02 18:37:02.891,C3:00:00:63:4D:05,-58,127,1.5,6.5,1.5
1783010222900,2026-07-02 18:37:02.900,C3:00:00:63:4C:D2,-63,127,1.5,6.5,1.5
1783010222929,2026-07-02 18:37:02.929,C3:00:00:63:4D:0A,-60,127,1.5,6.5,1.5
1783010222932,2026-07-02 18:37:02.932,C3:00:00:63:4D:08,-56,127,1.5,6.5,1.5
1783010222943,2026-07-02 18:37:02.943,C3:00:00:63:4D:0D,-54,127,1.5,6.5,1.5
1783010222972,2026-07-02 18:37:02.972,C3:00:00:63:4D:0A,-71,127,1.5,6.5,1.5
1783010222976,2026-07-02 18:37:02.976,C3:00:00:63:4D:08,-54,127,1.5,6.5,1.5
1783010222983,2026-07-02 18:37:02.983,C3:00:00:63:4D:0D,-55,127,1.5,6.5,1.5
1783010222988,2026-07-02 18:37:02.988,C3:00:00:63:4D:09,-70,127,1.5,6.5,1.5
1783010223003,2026-07-02 18:37:03.003,C3:00:00:63:4D:05,-62,127,1.5,6.5,1.5
1783010223014,2026-07-02 18:37:03.014,C3:00:00:63:4C:D2,-66,127,1.5,6.5,1.5
1783010223038,2026-07-02 18:37:03.038,C3:00:00:63:4D:0A,-61,127,1.5,6.5,1.5
1783010223044,2026-07-02 18:37:03.044,C3:00:00:63:4D:09,-61,127,1.5,6.5,1.5
1783010223082,2026-07-02 18:37:03.082,C3:00:00:63:4D:0D,-51,127,1.5,6.5,1.5
1783010223120,2026-07-02 18:37:03.120,C3:00:00:63:4D:05,-62,127,1.5,6.5,1.5
1783010223126,2026-07-02 18:37:03.126,C3:00:00:63:4D:07,-70,127,1.5,6.5,1.5
1783010223133,2026-07-02 18:37:03.133,C3:00:00:63:4C:D2,-68,127,1.5,6.5,1.5
1783010223160,2026-07-02 18:37:03.160,C3:00:00:63:4D:0A,-64,127,1.5,6.5,1.5
1783010223174,2026-07-02 18:37:03.174,C3:00:00:63:4D:04,-59,127,1.5,6.5,1.5
1783010223185,2026-07-02 18:37:03.185,C3:00:00:63:4D:09,-68,127,1.5,6.5,1.5
1783010223196,2026-07-02 18:37:03.196,C3:00:00:63:4D:0D,-57,127,1.5,6.5,1.5
1783010223203,2026-07-02 18:37:03.203,C3:00:00:63:4D:08,-55,127,1.5,6.5,1.5
1783010223208,2026-07-02 18:37:03.208,C3:00:00:63:4C:D2,-74,127,1.5,6.5,1.5
1783010223214,2026-07-02 18:37:03.214,C3:00:00:63:4D:05,-67,127,1.5,6.5,1.5
1783010223217,2026-07-02 18:37:03.217,C3:00:00:63:4D:09,-65,127,1.5,6.5,1.5
1783010223233,2026-07-02 18:37:03.233,C3:00:00:63:4C:D2,-65,127,1.5,6.5,1.5
1783010223241,2026-07-02 18:37:03.241,C3:00:00:63:4D:05,-66,127,1.5,6.5,1.5
1783010223247,2026-07-02 18:37:03.247,C3:00:00:63:4D:0A,-66,127,1.5,6.5,1.5
1783010223272,2026-07-02 18:37:03.272,C3:00:00:63:4D:0A,-64,127,1.5,6.5,1.5
1783010223283,2026-07-02 18:37:03.283,C3:00:00:63:4C:D2,-66,127,1.5,6.5,1.5
1783010223292,2026-07-02 18:37:03.292,C3:00:00:63:4D:04,-60,127,1.5,6.5,1.5
1783010223294,2026-07-02 18:37:03.294,C3:00:00:63:4D:08,-54,127,1.5,6.5,1.5
1783010223300,2026-07-02 18:37:03.300,C3:00:00:63:4D:0D,-55,127,1.5,6.5,1.5
1783010223327,2026-07-02 18:37:03.327,C3:00:00:63:4D:09,-65,127,1.5,6.5,1.5
1783010223340,2026-07-02 18:37:03.340,C3:00:00:63:4D:05,-54,127,1.5,6.5,1.5
1783010223381,2026-07-02 18:37:03.381,C3:00:00:63:4D:0A,-64,127,1.5,6.5,1.5
1783010223404,2026-07-02 18:37:03.404,C3:00:00:63:4D:04,-60,127,1.5,6.5,1.5
1783010223438,2026-07-02 18:37:03.438,C3:00:00:63:4D:09,-62,127,1.5,6.5,1.5
1783010223457,2026-07-02 18:37:03.457,C3:00:00:63:4D:05,-64,127,1.5,6.5,1.5
1783010223461,2026-07-02 18:37:03.461,C3:00:00:63:4D:07,-71,127,1.5,6.5,1.5
1783010223473,2026-07-02 18:37:03.473,C3:00:00:63:4C:D2,-66,127,1.5,6.5,1.5
1783010223490,2026-07-02 18:37:03.490,C3:00:00:63:4D:0A,-63,127,1.5,6.5,1.5
1783010223509,2026-07-02 18:37:03.509,C3:00:00:63:4D:04,-61,127,1.5,6.5,1.5
1783010223514,2026-07-02 18:37:03.514,C3:00:00:63:4D:0D,-54,127,1.5,6.5,1.5
1783010223519,2026-07-02 18:37:03.519,C3:00:00:63:4D:08,-50,127,1.5,6.5,1.5
1783010223547,2026-07-02 18:37:03.547,C3:00:00:63:4D:08,-50,127,1.5,6.5,1.5
1783010223551,2026-07-02 18:37:03.551,C3:00:00:63:4D:0D,-55,127,1.5,6.5,1.5
1783010223578,2026-07-02 18:37:03.578,C3:00:00:63:4D:05,-64,127,1.5,6.5,1.5
1783010223582,2026-07-02 18:37:03.582,C3:00:00:63:4D:07,-63,127,1.5,6.5,1.5
1783010223585,2026-07-02 18:37:03.585,C3:00:00:63:4C:D2,-65,127,1.5,6.5,1.5
1783010223605,2026-07-02 18:37:03.605,C3:00:00:63:4D:04,-60,127,1.5,6.5,1.5
1783010223612,2026-07-02 18:37:03.612,C3:00:00:63:4D:08,-48,127,1.5,6.5,1.5
1783010223631,2026-07-02 18:37:03.631,C3:00:00:63:4D:08,-47,127,1.5,6.5,1.5
1783010223655,2026-07-02 18:37:03.655,C3:00:00:63:4C:D2,-55,127,1.5,6.5,1.5
1783010223674,2026-07-02 18:37:03.674,C3:00:00:63:4D:04,-64,127,1.5,6.5,1.5
1783010223676,2026-07-02 18:37:03.676,C3:00:00:63:4D:09,-66,127,1.5,6.5,1.5
1783010223683,2026-07-02 18:37:03.683,C3:00:00:63:4D:04,-65,127,1.5,6.5,1.5
1783010223687,2026-07-02 18:37:03.687,C3:00:00:63:4D:05,-63,127,1.5,6.5,1.5
1783010223697,2026-07-02 18:37:03.697,C3:00:00:63:4C:D2,-56,127,1.5,6.5,1.5
1783010223698,2026-07-02 18:37:03.698,C3:00:00:63:4D:07,-68,127,1.5,6.5,1.5
1783010223710,2026-07-02 18:37:03.710,C3:00:00:63:4D:04,-61,127,1.5,6.5,1.5
1783010223723,2026-07-02 18:37:03.723,C3:00:00:63:4D:0A,-59,127,1.5,6.5,1.5
1783010223730,2026-07-02 18:37:03.730,C3:00:00:63:4D:08,-44,127,1.5,6.5,1.5
1783010223801,2026-07-02 18:37:03.801,C3:00:00:63:4D:05,-63,127,1.5,6.5,1.5
1783010223820,2026-07-02 18:37:03.820,C3:00:00:63:4C:D2,-71,127,1.5,6.5,1.5
1783010223824,2026-07-02 18:37:03.824,C3:00:00:63:4D:0D,-56,127,1.5,6.5,1.5
1783010223847,2026-07-02 18:37:03.847,C3:00:00:63:4D:08,-53,127,1.5,6.5,1.5
1783010223900,2026-07-02 18:37:03.900,C3:00:00:63:4D:09,-78,127,1.5,6.5,1.5
1783010223922,2026-07-02 18:37:03.922,C3:00:00:63:4D:05,-67,127,1.5,6.5,1.5
1783010223929,2026-07-02 18:37:03.929,C3:00:00:63:4D:09,-70,127,1.5,6.5,1.5
1783010223939,2026-07-02 18:37:03.939,C3:00:00:63:4C:D2,-57,127,1.5,6.5,1.5
1783010223944,2026-07-02 18:37:03.944,C3:00:00:63:4D:07,-65,127,1.5,6.5,1.5
1783010223946,2026-07-02 18:37:03.946,C3:00:00:63:4D:0D,-56,127,1.5,6.5,1.5
1783010223951,2026-07-02 18:37:03.951,C3:00:00:63:4D:04,-62,127,1.5,6.5,1.5
1783010223952,2026-07-02 18:37:03.952,C3:00:00:63:4D:0A,-68,127,1.5,6.5,1.5
1783010224031,2026-07-02 18:37:04.031,C3:00:00:63:4D:05,-67,127,1.5,6.5,1.5
1783010224062,2026-07-02 18:37:04.062,C3:00:00:63:4D:0A,-61,127,1.5,6.5,1.5
1783010224067,2026-07-02 18:37:04.067,C3:00:00:63:4D:08,-48,127,1.5,6.5,1.5
1783010224074,2026-07-02 18:37:04.074,C3:00:00:63:4D:0A,-62,127,1.5,6.5,1.5
1783010224097,2026-07-02 18:37:04.097,C3:00:00:63:4D:07,-74,127,1.5,6.5,1.5
1783010224131,2026-07-02 18:37:04.131,C3:00:00:63:4D:09,-69,127,1.5,6.5,1.5
1783010224134,2026-07-02 18:37:04.134,C3:00:00:63:4D:0D,-55,127,1.5,6.5,1.5
1783010224148,2026-07-02 18:37:04.148,C3:00:00:63:4D:05,-60,127,1.5,6.5,1.5
1783010224152,2026-07-02 18:37:04.152,C3:00:00:63:4D:04,-63,127,1.5,6.5,1.5
1783010224158,2026-07-02 18:37:04.158,C3:00:00:63:4D:07,-69,127,1.5,6.5,1.5
1783010224165,2026-07-02 18:37:04.165,C3:00:00:63:4C:D2,-66,127,1.5,6.5,1.5
1783010224167,2026-07-02 18:37:04.167,C3:00:00:63:4D:08,-52,127,1.5,6.5,1.5
1783010224174,2026-07-02 18:37:04.174,C3:00:00:63:4D:0A,-64,127,1.5,6.5,1.5
1783010224239,2026-07-02 18:37:04.239,C3:00:00:63:4D:0D,-52,127,1.5,6.5,1.5
1783010224262,2026-07-02 18:37:04.262,C3:00:00:63:4D:04,-64,127,1.5,6.5,1.5
1783010224274,2026-07-02 18:37:04.274,C3:00:00:63:4C:D2,-55,127,1.5,6.5,1.5
1783010224283,2026-07-02 18:37:04.283,C3:00:00:63:4D:08,-46,127,1.5,6.5,1.5
1783010224290,2026-07-02 18:37:04.290,C3:00:00:63:4D:0A,-64,127,1.5,6.5,1.5
1783010224304,2026-07-02 18:37:04.304,C3:00:00:63:4D:05,-62,127,1.5,6.5,1.5
1783010224372,2026-07-02 18:37:04.372,C3:00:00:63:4D:04,-63,127,1.5,6.5,1.5
1783010224377,2026-07-02 18:37:04.377,C3:00:00:63:4D:05,-64,127,1.5,6.5,1.5
1783010224393,2026-07-02 18:37:04.393,C3:00:00:63:4D:07,-70,127,1.5,6.5,1.5
1783010224395,2026-07-02 18:37:04.395,C3:00:00:63:4D:08,-47,127,1.5,6.5,1.5
1783010224398,2026-07-02 18:37:04.398,C3:00:00:63:4D:0A,-61,127,1.5,6.5,1.5
1783010224412,2026-07-02 18:37:04.412,C3:00:00:63:4D:09,-78,127,1.5,6.5,1.5
1783010224458,2026-07-02 18:37:04.458,C3:00:00:63:4D:0D,-54,127,1.5,6.5,1.5
1783010224464,2026-07-02 18:37:04.464,C3:00:00:63:4D:09,-83,127,1.5,6.5,1.5
1783010224489,2026-07-02 18:37:04.489,C3:00:00:63:4D:04,-68,127,1.5,6.5,1.5
1783010224499,2026-07-02 18:37:04.499,C3:00:00:63:4D:07,-68,127,1.5,6.5,1.5
1783010224512,2026-07-02 18:37:04.512,C3:00:00:63:4C:D2,-65,127,1.5,6.5,1.5
1783010224517,2026-07-02 18:37:04.517,C3:00:00:63:4D:0A,-67,127,1.5,6.5,1.5
1783010224582,2026-07-02 18:37:04.582,C3:00:00:63:4D:09,-75,127,1.5,6.5,1.5
1783010224587,2026-07-02 18:37:04.587,C3:00:00:63:4D:04,-62,127,1.5,6.5,1.5
1783010224597,2026-07-02 18:37:04.597,C3:00:00:63:4D:07,-62,127,1.5,6.5,1.5
1783010224610,2026-07-02 18:37:04.610,C3:00:00:63:4C:D2,-58,127,1.5,6.5,1.5
1783010224618,2026-07-02 18:37:04.618,C3:00:00:63:4D:08,-46,127,1.5,6.5,1.5
1783010224628,2026-07-02 18:37:04.628,C3:00:00:63:4D:07,-67,127,1.5,6.5,1.5
1783010224630,2026-07-02 18:37:04.630,C3:00:00:63:4D:0A,-61,127,1.5,6.5,1.5
1783010224631,2026-07-02 18:37:04.631,C3:00:00:63:4C:D2,-68,127,1.5,6.5,1.5
1783010224640,2026-07-02 18:37:04.640,C3:00:00:63:4D:04,-60,127,1.5,6.5,1.5
1783010224660,2026-07-02 18:37:04.660,C3:00:00:63:4D:0D,-63,127,1.5,6.5,1.5
1783010224692,2026-07-02 18:37:04.692,C3:00:00:63:4D:04,-61,127,1.5,6.5,1.5
1783010224718,2026-07-02 18:37:04.718,C3:00:00:63:4D:08,-51,127,1.5,6.5,1.5
1783010224725,2026-07-02 18:37:04.725,C3:00:00:63:4D:07,-66,127,1.5,6.5,1.5
1783010224729,2026-07-02 18:37:04.729,C3:00:00:63:4C:D2,-64,127,1.5,6.5,1.5
1783010224738,2026-07-02 18:37:04.738,C3:00:00:63:4D:0A,-62,127,1.5,6.5,1.5
1783010224768,2026-07-02 18:37:04.768,C3:00:00:63:4D:0D,-63,127,1.5,6.5,1.5
1783010224810,2026-07-02 18:37:04.810,C3:00:00:63:4D:04,-63,127,1.5,6.5,1.5
1783010224814,2026-07-02 18:37:04.814,C3:00:00:63:4D:09,-86,127,1.5,6.5,1.5
1783010224819,2026-07-02 18:37:04.819,C3:00:00:63:4D:08,-45,127,1.5,6.5,1.5
1783010224844,2026-07-02 18:37:04.844,C3:00:00:63:4D:05,-59,127,1.5,6.5,1.5
1783010224855,2026-07-02 18:37:04.855,C3:00:00:63:4D:0A,-64,127,1.5,6.5,1.5
1783010224857,2026-07-02 18:37:04.857,C3:00:00:63:4D:07,-64,127,1.5,6.5,1.5
1783010224876,2026-07-02 18:37:04.876,C3:00:00:63:4D:0D,-56,127,1.5,6.5,1.5
1783010224917,2026-07-02 18:37:04.917,C3:00:00:63:4D:04,-63,127,1.5,6.5,1.5
1783010224930,2026-07-02 18:37:04.930,C3:00:00:63:4D:09,-65,127,1.5,6.5,1.5
1783010224939,2026-07-02 18:37:04.939,C3:00:00:63:4D:08,-56,127,1.5,6.5,1.5
1783010224954,2026-07-02 18:37:04.954,C3:00:00:63:4D:05,-57,127,1.5,6.5,1.5
1783010224957,2026-07-02 18:37:04.957,C3:00:00:63:4D:0D,-60,127,1.5,6.5,1.5
1783010224960,2026-07-02 18:37:04.960,C3:00:00:63:4C:D2,-70,127,1.5,6.5,1.5
1783010224976,2026-07-02 18:37:04.976,C3:00:00:63:4D:0D,-59,127,1.5,6.5,1.5
1783010225030,2026-07-02 18:37:05.030,C3:00:00:63:4D:04,-65,127,1.5,6.5,1.5
1783010225037,2026-07-02 18:37:05.037,C3:00:00:63:4D:09,-71,127,1.5,6.5,1.5
1783010225044,2026-07-02 18:37:05.044,C3:00:00:63:4D:08,-53,127,1.5,6.5,1.5
1783010225056,2026-07-02 18:37:05.056,C3:00:00:63:4D:09,-70,127,1.5,6.5,1.5
1783010225071,2026-07-02 18:37:05.071,C3:00:00:63:4D:05,-75,127,1.5,6.5,1.5
1783010225132,2026-07-02 18:37:05.132,C3:00:00:63:4D:04,-65,127,1.5,6.5,1.5
1783010225157,2026-07-02 18:37:05.157,C3:00:00:63:4D:08,-46,127,1.5,6.5,1.5
1783010225184,2026-07-02 18:37:05.184,C3:00:00:63:4D:05,-62,127,1.5,6.5,1.5
1783010225187,2026-07-02 18:37:05.187,C3:00:00:63:4D:0D,-61,127,1.5,6.5,1.5
1783010225192,2026-07-02 18:37:05.192,C3:00:00:63:4D:09,-65,127,1.5,6.5,1.5
1783010225199,2026-07-02 18:37:05.199,C3:00:00:63:4D:0A,-68,127,1.5,6.5,1.5
1783010225201,2026-07-02 18:37:05.201,C3:00:00:63:4D:07,-65,127,1.5,6.5,1.5
1783010225204,2026-07-02 18:37:05.204,C3:00:00:63:4C:D2,-57,127,1.5,6.5,1.5
1783010225214,2026-07-02 18:37:05.214,C3:00:00:63:4D:05,-63,127,1.5,6.5,1.5
1783010225242,2026-07-02 18:37:05.242,C3:00:00:63:4D:0A,-60,127,1.5,6.5,1.5
1783010225247,2026-07-02 18:37:05.247,C3:00:00:63:4D:04,-60,127,1.5,6.5,1.5
1783010225262,2026-07-02 18:37:05.262,C3:00:00:63:4D:08,-49,127,1.5,6.5,1.5
1783010225267,2026-07-02 18:37:05.267,C3:00:00:63:4D:09,-67,127,1.5,6.5,1.5
1783010225283,2026-07-02 18:37:05.283,C3:00:00:63:4C:D2,-68,127,1.5,6.5,1.5
1783010225297,2026-07-02 18:37:05.297,C3:00:00:63:4D:0D,-62,127,1.5,6.5,1.5
1783010225303,2026-07-02 18:37:05.303,C3:00:00:63:4D:05,-65,127,1.5,6.5,1.5
1783010225306,2026-07-02 18:37:05.306,C3:00:00:63:4C:D2,-68,127,1.5,6.5,1.5
1783010225358,2026-07-02 18:37:05.358,C3:00:00:63:4D:04,-65,127,1.5,6.5,1.5
1783010225364,2026-07-02 18:37:05.364,C3:00:00:63:4D:05,-84,127,1.5,6.5,1.5
1783010225369,2026-07-02 18:37:05.369,C3:00:00:63:4D:08,-53,127,1.5,6.5,1.5
1783010225385,2026-07-02 18:37:05.385,C3:00:00:63:4D:09,-70,127,1.5,6.5,1.5
1783010225396,2026-07-02 18:37:05.396,C3:00:00:63:4D:0D,-54,127,1.5,6.5,1.5
1783010225416,2026-07-02 18:37:05.416,C3:00:00:63:4D:0A,-70,127,1.5,6.5,1.5
1783010225422,2026-07-02 18:37:05.422,C3:00:00:63:4D:05,-61,127,1.5,6.5,1.5
1783010225434,2026-07-02 18:37:05.434,C3:00:00:63:4C:D2,-56,127,1.5,6.5,1.5
1783010225436,2026-07-02 18:37:05.436,C3:00:00:63:4D:07,-63,127,1.5,6.5,1.5
1783010225466,2026-07-02 18:37:05.466,C3:00:00:63:4D:04,-63,127,1.5,6.5,1.5
1783010225472,2026-07-02 18:37:05.472,C3:00:00:63:4D:0A,-71,127,1.5,6.5,1.5
1783010225479,2026-07-02 18:37:05.479,C3:00:00:63:4D:08,-47,127,1.5,6.5,1.5
1783010225500,2026-07-02 18:37:05.500,C3:00:00:63:4D:09,-70,127,1.5,6.5,1.5
1783010225503,2026-07-02 18:37:05.503,C3:00:00:63:4D:0D,-54,127,1.5,6.5,1.5
1783010225526,2026-07-02 18:37:05.526,C3:00:00:63:4D:0A,-62,127,1.5,6.5,1.5
1783010225533,2026-07-02 18:37:05.533,C3:00:00:63:4D:05,-59,127,1.5,6.5,1.5
1783010225540,2026-07-02 18:37:05.540,C3:00:00:63:4C:D2,-63,127,1.5,6.5,1.5
1783010225555,2026-07-02 18:37:05.555,C3:00:00:63:4D:08,-46,127,1.5,6.5,1.5
1783010225560,2026-07-02 18:37:05.560,C3:00:00:63:4D:0D,-60,127,1.5,6.5,1.5
1783010225573,2026-07-02 18:37:05.573,C3:00:00:63:4D:04,-60,127,1.5,6.5,1.5
1783010225586,2026-07-02 18:37:05.586,C3:00:00:63:4D:08,-46,127,1.5,6.5,1.5
1783010225606,2026-07-02 18:37:05.606,C3:00:00:63:4D:0D,-58,127,1.5,6.5,1.5
1783010225611,2026-07-02 18:37:05.611,C3:00:00:63:4D:09,-62,127,1.5,6.5,1.5
1783010225643,2026-07-02 18:37:05.643,C3:00:00:63:4D:05,-69,127,1.5,6.5,1.5
1783010225646,2026-07-02 18:37:05.646,C3:00:00:63:4D:0A,-65,127,1.5,6.5,1.5
1783010225653,2026-07-02 18:37:05.653,C3:00:00:63:4C:D2,-64,127,1.5,6.5,1.5
1783010225659,2026-07-02 18:37:05.659,C3:00:00:63:4D:07,-59,127,1.5,6.5,1.5
1783010225669,2026-07-02 18:37:05.669,C3:00:00:63:4D:0D,-53,127,1.5,6.5,1.5
1783010225671,2026-07-02 18:37:05.671,C3:00:00:63:4C:D2,-66,127,1.5,6.5,1.5
1783010225678,2026-07-02 18:37:05.678,C3:00:00:63:4D:04,-61,127,1.5,6.5,1.5
1783010225695,2026-07-02 18:37:05.695,C3:00:00:63:4D:04,-63,127,1.5,6.5,1.5
1783010225699,2026-07-02 18:37:05.699,C3:00:00:63:4D:08,-53,127,1.5,6.5,1.5
1783010225705,2026-07-02 18:37:05.705,C3:00:00:63:4D:07,-67,127,1.5,6.5,1.5
1783010225714,2026-07-02 18:37:05.714,C3:00:00:63:4D:0D,-53,127,1.5,6.5,1.5
1783010225720,2026-07-02 18:37:05.720,C3:00:00:63:4D:04,-66,127,1.5,6.5,1.5
1783010225722,2026-07-02 18:37:05.722,C3:00:00:63:4D:09,-64,127,1.5,6.5,1.5
1783010225755,2026-07-02 18:37:05.755,C3:00:00:63:4D:0A,-74,127,1.5,6.5,1.5
1783010225758,2026-07-02 18:37:05.758,C3:00:00:63:4D:05,-58,127,1.5,6.5,1.5
1783010225772,2026-07-02 18:37:05.772,C3:00:00:63:4D:07,-62,127,1.5,6.5,1.5
1783010225775,2026-07-02 18:37:05.775,C3:00:00:63:4C:D2,-54,127,1.5,6.5,1.5
1783010225788,2026-07-02 18:37:05.788,C3:00:00:63:4D:04,-60,127,1.5,6.5,1.5
1783010225805,2026-07-02 18:37:05.805,C3:00:00:63:4D:08,-49,127,1.5,6.5,1.5
1783010225824,2026-07-02 18:37:05.824,C3:00:00:63:4D:0D,-56,127,1.5,6.5,1.5
1783010225843,2026-07-02 18:37:05.843,C3:00:00:63:4D:09,-64,127,1.5,6.5,1.5
1783010225861,2026-07-02 18:37:05.861,C3:00:00:63:4D:0A,-65,127,1.5,6.5,1.5
1783010225870,2026-07-02 18:37:05.870,C3:00:00:63:4D:05,-59,127,1.5,6.5,1.5
1783010225878,2026-07-02 18:37:05.878,C3:00:00:63:4D:07,-65,127,1.5,6.5,1.5
1783010225887,2026-07-02 18:37:05.887,C3:00:00:63:4C:D2,-66,127,1.5,6.5,1.5
1783010225904,2026-07-02 18:37:05.904,C3:00:00:63:4D:04,-59,127,1.5,6.5,1.5
1783010225907,2026-07-02 18:37:05.907,C3:00:00:63:4D:08,-48,127,1.5,6.5,1.5
1783010225921,2026-07-02 18:37:05.921,C3:00:00:63:4D:0D,-54,127,1.5,6.5,1.5
1783010225951,2026-07-02 18:37:05.951,C3:00:00:63:4D:09,-68,127,1.5,6.5,1.5
1783010225982,2026-07-02 18:37:05.982,C3:00:00:63:4D:0A,-62,127,1.5,6.5,1.5
1783010225991,2026-07-02 18:37:05.991,C3:00:00:63:4D:05,-62,127,1.5,6.5,1.5
1783010225999,2026-07-02 18:37:05.999,C3:00:00:63:4D:07,-62,127,1.5,6.5,1.5
1783010226007,2026-07-02 18:37:06.007,C3:00:00:63:4D:04,-64,127,1.5,6.5,1.5
1783010226019,2026-07-02 18:37:06.019,C3:00:00:63:4D:08,-44,127,1.5,6.5,1.5
1783010226027,2026-07-02 18:37:06.027,C3:00:00:63:4D:0D,-54,127,1.5,6.5,1.5
1783010226049,2026-07-02 18:37:06.049,C3:00:00:63:4D:05,-72,127,1.5,6.5,1.5
1783010226070,2026-07-02 18:37:06.070,C3:00:00:63:4D:09,-75,127,1.5,6.5,1.5
1783010226093,2026-07-02 18:37:06.093,C3:00:00:63:4D:0A,-66,127,1.5,6.5,1.5
1783010226106,2026-07-02 18:37:06.106,C3:00:00:63:4D:05,-60,127,1.5,6.5,1.5
1783010226126,2026-07-02 18:37:06.126,C3:00:00:63:4D:04,-58,127,1.5,6.5,1.5
1783010226131,2026-07-02 18:37:06.131,C3:00:00:63:4D:08,-47,127,1.5,6.5,1.5
1783010226138,2026-07-02 18:37:06.138,C3:00:00:63:4D:0D,-61,127,1.5,6.5,1.5
1783010226180,2026-07-02 18:37:06.180,C3:00:00:63:4D:09,-59,127,1.5,6.5,1.5
1783010226206,2026-07-02 18:37:06.206,C3:00:00:63:4D:0A,-60,127,1.5,6.5,1.5
1783010226229,2026-07-02 18:37:06.229,C3:00:00:63:4D:05,-64,127,1.5,6.5,1.5
1783010226235,2026-07-02 18:37:06.235,C3:00:00:63:4D:07,-61,127,1.5,6.5,1.5
1783010226240,2026-07-02 18:37:06.240,C3:00:00:63:4C:D2,-68,127,1.5,6.5,1.5
1783010226242,2026-07-02 18:37:06.242,C3:00:00:63:4D:04,-62,127,1.5,6.5,1.5
1783010226243,2026-07-02 18:37:06.243,C3:00:00:63:4D:0D,-56,127,1.5,6.5,1.5
1783010226245,2026-07-02 18:37:06.245,C3:00:00:63:4D:08,-53,127,1.5,6.5,1.5
1783010226291,2026-07-02 18:37:06.291,C3:00:00:63:4D:09,-70,127,1.5,6.5,1.5
1783010226321,2026-07-02 18:37:06.321,C3:00:00:63:4D:0A,-74,127,1.5,6.5,1.5
1783010226327,2026-07-02 18:37:06.327,C3:00:00:63:4D:05,-64,127,1.5,6.5,1.5
1783010226334,2026-07-02 18:37:06.334,C3:00:00:63:4D:04,-60,127,1.5,6.5,1.5
1783010226344,2026-07-02 18:37:06.344,C3:00:00:63:4D:07,-60,127,1.5,6.5,1.5
1783010226348,2026-07-02 18:37:06.348,C3:00:00:63:4D:05,-62,127,1.5,6.5,1.5
1783010226354,2026-07-02 18:37:06.354,C3:00:00:63:4D:08,-47,127,1.5,6.5,1.5
1783010226374,2026-07-02 18:37:06.374,C3:00:00:63:4D:07,-67,127,1.5,6.5,1.5
1783010226408,2026-07-02 18:37:06.408,C3:00:00:63:4D:09,-66,127,1.5,6.5,1.5
1783010226430,2026-07-02 18:37:06.430,C3:00:00:63:4D:0A,-61,127,1.5,6.5,1.5
1783010226450,2026-07-02 18:37:06.450,C3:00:00:63:4D:04,-62,127,1.5,6.5,1.5
1783010226452,2026-07-02 18:37:06.452,C3:00:00:63:4D:0D,-61,127,1.5,6.5,1.5
1783010226455,2026-07-02 18:37:06.455,C3:00:00:63:4D:05,-67,127,1.5,6.5,1.5
1783010226456,2026-07-02 18:37:06.456,C3:00:00:63:4D:07,-63,127,1.5,6.5,1.5
1783010226458,2026-07-02 18:37:06.458,C3:00:00:63:4C:D2,-67,127,1.5,6.5,1.5
1783010226460,2026-07-02 18:37:06.460,C3:00:00:63:4D:08,-46,127,1.5,6.5,1.5
1783010226519,2026-07-02 18:37:06.519,C3:00:00:63:4D:09,-69,127,1.5,6.5,1.5
1783010226550,2026-07-02 18:37:06.550,C3:00:00:63:4D:0D,-54,127,1.5,6.5,1.5
1783010226562,2026-07-02 18:37:06.562,C3:00:00:63:4D:05,-66,127,1.5,6.5,1.5
1783010226572,2026-07-02 18:37:06.572,C3:00:00:63:4D:08,-49,127,1.5,6.5,1.5
1783010226574,2026-07-02 18:37:06.574,C3:00:00:63:4D:07,-73,127,1.5,6.5,1.5
1783010226579,2026-07-02 18:37:06.579,C3:00:00:63:4C:D2,-64,127,1.5,6.5,1.5
1783010226595,2026-07-02 18:37:06.595,C3:00:00:63:4D:07,-71,127,1.5,6.5,1.5
1783010226634,2026-07-02 18:37:06.634,C3:00:00:63:4D:09,-66,127,1.5,6.5,1.5
1783010226659,2026-07-02 18:37:06.659,C3:00:00:63:4D:0A,-73,127,1.5,6.5,1.5
1783010226671,2026-07-02 18:37:06.671,C3:00:00:63:4D:04,-58,127,1.5,6.5,1.5
1783010226683,2026-07-02 18:37:06.683,C3:00:00:63:4D:05,-65,127,1.5,6.5,1.5
1783010226685,2026-07-02 18:37:06.685,C3:00:00:63:4D:08,-48,127,1.5,6.5,1.5
1783010226690,2026-07-02 18:37:06.690,C3:00:00:63:4C:D2,-55,127,1.5,6.5,1.5
1783010226692,2026-07-02 18:37:06.692,C3:00:00:63:4D:07,-67,127,1.5,6.5,1.5
1783010226749,2026-07-02 18:37:06.749,C3:00:00:63:4D:09,-64,127,1.5,6.5,1.5
1783010226763,2026-07-02 18:37:06.763,C3:00:00:63:4D:0D,-54,127,1.5,6.5,1.5
1783010226773,2026-07-02 18:37:06.773,C3:00:00:63:4D:04,-58,127,1.5,6.5,1.5
1783010226784,2026-07-02 18:37:06.784,C3:00:00:63:4D:08,-48,127,1.5,6.5,1.5
1783010226795,2026-07-02 18:37:06.795,C3:00:00:63:4D:05,-64,127,1.5,6.5,1.5
1783010226801,2026-07-02 18:37:06.801,C3:00:00:63:4D:07,-69,127,1.5,6.5,1.5
1783010226858,2026-07-02 18:37:06.858,C3:00:00:63:4D:09,-67,127,1.5,6.5,1.5
1783010226935,2026-07-02 18:37:06.935,C3:00:00:63:4D:08,-48,127,1.5,6.5,1.5
1783010226962,2026-07-02 18:37:06.962,C3:00:00:63:4D:08,-55,127,1.5,6.5,1.5
1783010226968,2026-07-02 18:37:06.968,C3:00:00:63:4D:0D,-55,127,1.5,6.5,1.5
1783010226978,2026-07-02 18:37:06.978,C3:00:00:63:4D:09,-76,127,1.5,6.5,1.5
1783010226986,2026-07-02 18:37:06.986,C3:00:00:63:4D:04,-61,127,1.5,6.5,1.5
1783010226989,2026-07-02 18:37:06.989,C3:00:00:63:4D:0D,-55,127,1.5,6.5,1.5
1783010227001,2026-07-02 18:37:07.001,C3:00:00:63:4D:0A,-74,127,1.5,6.5,1.5
1783010227010,2026-07-02 18:37:07.010,C3:00:00:63:4D:08,-46,127,1.5,6.5,1.5
1783010227021,2026-07-02 18:37:07.021,C3:00:00:63:4D:05,-62,127,1.5,6.5,1.5
1783010227029,2026-07-02 18:37:07.029,C3:00:00:63:4D:07,-70,127,1.5,6.5,1.5
1783010227031,2026-07-02 18:37:07.031,C3:00:00:63:4C:D2,-68,127,1.5,6.5,1.5
1783010227039,2026-07-02 18:37:07.039,C3:00:00:63:4D:09,-67,127,1.5,6.5,1.5
1783010227080,2026-07-02 18:37:07.080,C3:00:00:63:4D:0D,-57,127,1.5,6.5,1.5
1783010227095,2026-07-02 18:37:07.095,C3:00:00:63:4D:09,-66,127,1.5,6.5,1.5
1783010227101,2026-07-02 18:37:07.101,C3:00:00:63:4D:04,-58,127,1.5,6.5,1.5
1783010227121,2026-07-02 18:37:07.121,C3:00:00:63:4D:0A,-66,127,1.5,6.5,1.5
1783010227145,2026-07-02 18:37:07.145,C3:00:00:63:4D:05,-84,127,1.5,6.5,1.5
1783010227149,2026-07-02 18:37:07.149,C3:00:00:63:4C:D2,-65,127,1.5,6.5,1.5
1783010227175,2026-07-02 18:37:07.175,C3:00:00:63:4D:0D,-54,127,1.5,6.5,1.5
1783010227197,2026-07-02 18:37:07.197,C3:00:00:63:4D:09,-65,127,1.5,6.5,1.5
1783010227209,2026-07-02 18:37:07.209,C3:00:00:63:4D:05,-70,127,1.5,6.5,1.5
1783010227211,2026-07-02 18:37:07.211,C3:00:00:63:4D:04,-61,127,1.5,6.5,1.5
1783010227218,2026-07-02 18:37:07.218,C3:00:00:63:4C:D2,-66,127,1.5,6.5,1.5
1783010227220,2026-07-02 18:37:07.220,C3:00:00:63:4D:0A,-75,127,1.5,6.5,1.5
1783010227254,2026-07-02 18:37:07.254,C3:00:00:63:4D:0A,-70,127,1.5,6.5,1.5
1783010227258,2026-07-02 18:37:07.258,C3:00:00:63:4D:05,-62,127,1.5,6.5,1.5
1783010227262,2026-07-02 18:37:07.262,C3:00:00:63:4C:D2,-55,127,1.5,6.5,1.5
1783010227283,2026-07-02 18:37:07.283,C3:00:00:63:4D:0D,-52,127,1.5,6.5,1.5
1783010227287,2026-07-02 18:37:07.287,C3:00:00:63:4C:D2,-56,127,1.5,6.5,1.5
1783010227313,2026-07-02 18:37:07.313,C3:00:00:63:4D:09,-62,127,1.5,6.5,1.5
1783010227328,2026-07-02 18:37:07.328,C3:00:00:63:4D:08,-49,127,1.5,6.5,1.5
1783010227370,2026-07-02 18:37:07.370,C3:00:00:63:4D:05,-63,127,1.5,6.5,1.5
1783010227377,2026-07-02 18:37:07.377,C3:00:00:63:4D:07,-73,127,1.5,6.5,1.5
1783010227382,2026-07-02 18:37:07.382,C3:00:00:63:4C:D2,-74,127,1.5,6.5,1.5
1783010227388,2026-07-02 18:37:07.388,C3:00:00:63:4D:0D,-56,127,1.5,6.5,1.5
1783010227426,2026-07-02 18:37:07.426,C3:00:00:63:4D:04,-63,127,1.5,6.5,1.5
1783010227444,2026-07-02 18:37:07.444,C3:00:00:63:4D:08,-46,127,1.5,6.5,1.5
1783010227446,2026-07-02 18:37:07.446,C3:00:00:63:4D:0A,-66,127,1.5,6.5,1.5
1783010227484,2026-07-02 18:37:07.484,C3:00:00:63:4D:05,-69,127,1.5,6.5,1.5
1783010227537,2026-07-02 18:37:07.537,C3:00:00:63:4D:04,-60,127,1.5,6.5,1.5
1783010227556,2026-07-02 18:37:07.556,C3:00:00:63:4D:08,-49,127,1.5,6.5,1.5
1783010227564,2026-07-02 18:37:07.564,C3:00:00:63:4D:0A,-70,127,1.5,6.5,1.5
1783010227577,2026-07-02 18:37:07.577,C3:00:00:63:4D:0D,-55,127,1.5,6.5,1.5
1783010227583,2026-07-02 18:37:07.583,C3:00:00:63:4D:08,-47,127,1.5,6.5,1.5
1783010227595,2026-07-02 18:37:07.595,C3:00:00:63:4D:05,-61,127,1.5,6.5,1.5
1783010227600,2026-07-02 18:37:07.600,C3:00:00:63:4D:0D,-53,127,1.5,6.5,1.5
1783010227603,2026-07-02 18:37:07.603,C3:00:00:63:4D:07,-73,127,1.5,6.5,1.5
1783010227608,2026-07-02 18:37:07.608,C3:00:00:63:4C:D2,-58,127,1.5,6.5,1.5
1783010227614,2026-07-02 18:37:07.614,C3:00:00:63:4D:08,-47,127,1.5,6.5,1.5
1783010227637,2026-07-02 18:37:07.637,C3:00:00:63:4D:04,-57,127,1.5,6.5,1.5
1783010227660,2026-07-02 18:37:07.660,C3:00:00:63:4D:08,-48,127,1.5,6.5,1.5
1783010227665,2026-07-02 18:37:07.665,C3:00:00:63:4D:09,-69,127,1.5,6.5,1.5
1783010227670,2026-07-02 18:37:07.670,C3:00:00:63:4C:D2,-70,127,1.5,6.5,1.5
1783010227679,2026-07-02 18:37:07.679,C3:00:00:63:4D:0A,-62,127,1.5,6.5,1.5
1783010227685,2026-07-02 18:37:07.685,C3:00:00:63:4D:04,-58,127,1.5,6.5,1.5
1783010227694,2026-07-02 18:37:07.694,C3:00:00:63:4D:04,-60,127,1.5,6.5,1.5
1783010227711,2026-07-02 18:37:07.711,C3:00:00:63:4D:0D,-55,127,1.5,6.5,1.5
1783010227718,2026-07-02 18:37:07.718,C3:00:00:63:4D:05,-62,127,1.5,6.5,1.5
1783010227721,2026-07-02 18:37:07.721,C3:00:00:63:4C:D2,-63,127,1.5,6.5,1.5
1783010227726,2026-07-02 18:37:07.726,C3:00:00:63:4D:07,-60,127,1.5,6.5,1.5
1783010227744,2026-07-02 18:37:07.744,C3:00:00:63:4D:04,-61,127,1.5,6.5,1.5
1783010227770,2026-07-02 18:37:07.770,C3:00:00:63:4D:08,-50,127,1.5,6.5,1.5
1783010227774,2026-07-02 18:37:07.774,C3:00:00:63:4D:09,-86,127,1.5,6.5,1.5
1783010227784,2026-07-02 18:37:07.784,C3:00:00:63:4D:0A,-66,127,1.5,6.5,1.5
1783010227809,2026-07-02 18:37:07.809,C3:00:00:63:4D:0D,-56,127,1.5,6.5,1.5
1783010227834,2026-07-02 18:37:07.834,C3:00:00:63:4D:05,-61,127,1.5,6.5,1.5
1783010227839,2026-07-02 18:37:07.839,C3:00:00:63:4C:D2,-58,127,1.5,6.5,1.5
1783010227844,2026-07-02 18:37:07.844,C3:00:00:63:4D:07,-64,127,1.5,6.5,1.5
1783010227861,2026-07-02 18:37:07.861,C3:00:00:63:4D:04,-63,127,1.5,6.5,1.5
1783010227880,2026-07-02 18:37:07.880,C3:00:00:63:4D:08,-47,127,1.5,6.5,1.5
1783010227894,2026-07-02 18:37:07.894,C3:00:00:63:4D:09,-64,127,1.5,6.5,1.5
1783010227915,2026-07-02 18:37:07.915,C3:00:00:63:4D:09,-68,127,1.5,6.5,1.5
1783010227919,2026-07-02 18:37:07.919,C3:00:00:63:4D:0D,-56,127,1.5,6.5,1.5
1783010227948,2026-07-02 18:37:07.948,C3:00:00:63:4D:05,-61,127,1.5,6.5,1.5
1783010227956,2026-07-02 18:37:07.956,C3:00:00:63:4C:D2,-65,127,1.5,6.5,1.5
1783010227961,2026-07-02 18:37:07.961,C3:00:00:63:4D:07,-68,127,1.5,6.5,1.5
1783010227969,2026-07-02 18:37:07.969,C3:00:00:63:4D:04,-57,127,1.5,6.5,1.5
1783010227983,2026-07-02 18:37:07.983,C3:00:00:63:4D:08,-48,127,1.5,6.5,1.5
1783010228000,2026-07-02 18:37:08.000,C3:00:00:63:4D:09,-63,127,1.5,6.5,1.5
1783010228017,2026-07-02 18:37:08.017,C3:00:00:63:4D:0A,-65,127,1.5,6.5,1.5
1783010228025,2026-07-02 18:37:08.025,C3:00:00:63:4D:0D,-57,127,1.5,6.5,1.5
1783010228057,2026-07-02 18:37:08.057,C3:00:00:63:4D:05,-56,127,1.5,6.5,1.5
1783010228062,2026-07-02 18:37:08.062,C3:00:00:63:4D:07,-64,127,1.5,6.5,1.5
1783010228082,2026-07-02 18:37:08.082,C3:00:00:63:4D:04,-58,127,1.5,6.5,1.5
1783010228086,2026-07-02 18:37:08.086,C3:00:00:63:4D:0A,-65,127,1.5,6.5,1.5
1783010228094,2026-07-02 18:37:08.094,C3:00:00:63:4D:08,-62,127,1.5,6.5,1.5
1783010228119,2026-07-02 18:37:08.119,C3:00:00:63:4D:09,-63,127,1.5,6.5,1.5
1783010228126,2026-07-02 18:37:08.126,C3:00:00:63:4D:0D,-56,127,1.5,6.5,1.5
1783010228147,2026-07-02 18:37:08.147,C3:00:00:63:4D:0D,-64,127,1.5,6.5,1.5
1783010228224,2026-07-02 18:37:08.224,C3:00:00:63:4D:0D,-57,127,1.5,6.5,1.5
1783010228230,2026-07-02 18:37:08.230,C3:00:00:63:4D:09,-63,127,1.5,6.5,1.5
1783010228240,2026-07-02 18:37:08.240,C3:00:00:63:4D:0A,-62,127,1.5,6.5,1.5
1783010228288,2026-07-02 18:37:08.288,C3:00:00:63:4D:05,-62,127,1.5,6.5,1.5
1783010228293,2026-07-02 18:37:08.293,C3:00:00:63:4D:07,-62,127,1.5,6.5,1.5
1783010228296,2026-07-02 18:37:08.296,C3:00:00:63:4C:D2,-67,127,1.5,6.5,1.5
1783010228303,2026-07-02 18:37:08.303,C3:00:00:63:4D:04,-63,127,1.5,6.5,1.5
1783010228311,2026-07-02 18:37:08.311,C3:00:00:63:4D:08,-52,127,1.5,6.5,1.5
1783010228327,2026-07-02 18:37:08.327,C3:00:00:63:4D:0D,-50,127,1.5,6.5,1.5
1783010228329,2026-07-02 18:37:08.329,C3:00:00:63:4D:05,-70,127,1.5,6.5,1.5
1783010228341,2026-07-02 18:37:08.341,C3:00:00:63:4D:09,-72,127,1.5,6.5,1.5
1783010228354,2026-07-02 18:37:08.354,C3:00:00:63:4D:0A,-63,127,1.5,6.5,1.5
1783010228407,2026-07-02 18:37:08.407,C3:00:00:63:4D:05,-60,127,1.5,6.5,1.5
1783010228412,2026-07-02 18:37:08.412,C3:00:00:63:4C:D2,-66,127,1.5,6.5,1.5
1783010228427,2026-07-02 18:37:08.427,C3:00:00:63:4D:09,-61,127,1.5,6.5,1.5
1783010228433,2026-07-02 18:37:08.433,C3:00:00:63:4D:08,-44,127,1.5,6.5,1.5
1783010228443,2026-07-02 18:37:08.443,C3:00:00:63:4D:0D,-60,127,1.5,6.5,1.5
1783010228458,2026-07-02 18:37:08.458,C3:00:00:63:4D:09,-62,127,1.5,6.5,1.5
1783010228462,2026-07-02 18:37:08.462,C3:00:00:63:4D:0A,-72,127,1.5,6.5,1.5
1783010228522,2026-07-02 18:37:08.522,C3:00:00:63:4D:05,-61,127,1.5,6.5,1.5
1783010228524,2026-07-02 18:37:08.524,C3:00:00:63:4C:D2,-67,127,1.5,6.5,1.5
1783010228528,2026-07-02 18:37:08.528,C3:00:00:63:4D:08,-55,127,1.5,6.5,1.5
1783010228548,2026-07-02 18:37:08.548,C3:00:00:63:4D:0D,-54,127,1.5,6.5,1.5
1783010228574,2026-07-02 18:37:08.574,C3:00:00:63:4D:0A,-61,127,1.5,6.5,1.5
1783010228605,2026-07-02 18:37:08.605,C3:00:00:63:4D:07,-64,127,1.5,6.5,1.5
1783010228631,2026-07-02 18:37:08.631,C3:00:00:63:4D:04,-63,127,1.5,6.5,1.5
1783010228636,2026-07-02 18:37:08.636,C3:00:00:63:4C:D2,-71,127,1.5,6.5,1.5
1783010228638,2026-07-02 18:37:08.638,C3:00:00:63:4D:05,-63,127,1.5,6.5,1.5
1783010228640,2026-07-02 18:37:08.640,C3:00:00:63:4D:07,-61,127,1.5,6.5,1.5
1783010228648,2026-07-02 18:37:08.648,C3:00:00:63:4D:08,-51,127,1.5,6.5,1.5
1783010228651,2026-07-02 18:37:08.651,C3:00:00:63:4D:0D,-52,127,1.5,6.5,1.5
1783010228653,2026-07-02 18:37:08.653,C3:00:00:63:4D:04,-62,127,1.5,6.5,1.5
1783010228736,2026-07-02 18:37:08.736,C3:00:00:63:4D:04,-62,127,1.5,6.5,1.5
1783010228758,2026-07-02 18:37:08.758,C3:00:00:63:4D:08,-44,127,1.5,6.5,1.5
1783010228764,2026-07-02 18:37:08.764,C3:00:00:63:4D:07,-70,127,1.5,6.5,1.5
1783010228768,2026-07-02 18:37:08.768,C3:00:00:63:4C:D2,-56,127,1.5,6.5,1.5
1783010228842,2026-07-02 18:37:08.842,C3:00:00:63:4D:04,-61,127,1.5,6.5,1.5
1783010228867,2026-07-02 18:37:08.867,C3:00:00:63:4D:05,-69,127,1.5,6.5,1.5
1783010228869,2026-07-02 18:37:08.869,C3:00:00:63:4D:08,-48,127,1.5,6.5,1.5
1783010228873,2026-07-02 18:37:08.873,C3:00:00:63:4D:07,-63,127,1.5,6.5,1.5
1783010228955,2026-07-02 18:37:08.955,C3:00:00:63:4D:04,-61,127,1.5,6.5,1.5
1783010228963,2026-07-02 18:37:08.963,C3:00:00:63:4D:0D,-54,127,1.5,6.5,1.5
1783010228975,2026-07-02 18:37:08.975,C3:00:00:63:4D:05,-75,127,1.5,6.5,1.5
1783010228979,2026-07-02 18:37:08.979,C3:00:00:63:4D:0D,-54,127,1.5,6.5,1.5
1783010228992,2026-07-02 18:37:08.992,C3:00:00:63:4C:D2,-70,127,1.5,6.5,1.5
1783010229030,2026-07-02 18:37:09.030,C3:00:00:63:4D:0A,-62,127,1.5,6.5,1.5
1783010229035,2026-07-02 18:37:09.035,C3:00:00:63:4D:09,-60,127,1.5,6.5,1.5
1783010229050,2026-07-02 18:37:09.050,C3:00:00:63:4D:09,-62,127,1.5,6.5,1.5
1783010229064,2026-07-02 18:37:09.064,C3:00:00:63:4D:04,-61,127,1.5,6.5,1.5
1783010229069,2026-07-02 18:37:09.069,C3:00:00:63:4D:0D,-63,127,1.5,6.5,1.5
1783010229070,2026-07-02 18:37:09.070,C3:00:00:63:4D:08,-48,127,1.5,6.5,1.5
1783010229097,2026-07-02 18:37:09.097,C3:00:00:63:4D:05,-60,127,1.5,6.5,1.5
1783010229103,2026-07-02 18:37:09.103,C3:00:00:63:4D:07,-68,127,1.5,6.5,1.5
1783010229147,2026-07-02 18:37:09.147,C3:00:00:63:4D:09,-64,127,1.5,6.5,1.5
1783010229152,2026-07-02 18:37:09.152,C3:00:00:63:4D:0A,-61,127,1.5,6.5,1.5
1783010229172,2026-07-02 18:37:09.172,C3:00:00:63:4D:04,-61,127,1.5,6.5,1.5
1783010229176,2026-07-02 18:37:09.176,C3:00:00:63:4D:0D,-59,127,1.5,6.5,1.5
1783010229182,2026-07-02 18:37:09.182,C3:00:00:63:4D:08,-52,127,1.5,6.5,1.5
1783010229214,2026-07-02 18:37:09.214,C3:00:00:63:4D:07,-71,127,1.5,6.5,1.5
1783010229216,2026-07-02 18:37:09.216,C3:00:00:63:4C:D2,-74,127,1.5,6.5,1.5
1783010229226,2026-07-02 18:37:09.226,C3:00:00:63:4D:05,-75,127,1.5,6.5,1.5
1783010229257,2026-07-02 18:37:09.257,C3:00:00:63:4D:09,-64,127,1.5,6.5,1.5
1783010229273,2026-07-02 18:37:09.273,C3:00:00:63:4D:0A,-63,127,1.5,6.5,1.5
1783010229278,2026-07-02 18:37:09.278,C3:00:00:63:4D:04,-60,127,1.5,6.5,1.5
1783010229285,2026-07-02 18:37:09.285,C3:00:00:63:4D:0D,-51,127,1.5,6.5,1.5
1783010229287,2026-07-02 18:37:09.287,C3:00:00:63:4D:0A,-66,127,1.5,6.5,1.5
1783010229321,2026-07-02 18:37:09.321,C3:00:00:63:4D:05,-54,127,1.5,6.5,1.5
1783010229326,2026-07-02 18:37:09.326,C3:00:00:63:4C:D2,-58,127,1.5,6.5,1.5
1783010229333,2026-07-02 18:37:09.333,C3:00:00:63:4D:07,-71,127,1.5,6.5,1.5
1783010229375,2026-07-02 18:37:09.375,C3:00:00:63:4D:05,-63,127,1.5,6.5,1.5
1783010229381,2026-07-02 18:37:09.381,C3:00:00:63:4D:0D,-54,127,1.5,6.5,1.5
1783010229391,2026-07-02 18:37:09.391,C3:00:00:63:4D:04,-64,127,1.5,6.5,1.5
1783010229408,2026-07-02 18:37:09.408,C3:00:00:63:4D:08,-48,127,1.5,6.5,1.5
1783010229435,2026-07-02 18:37:09.435,C3:00:00:63:4D:05,-58,127,1.5,6.5,1.5
1783010229441,2026-07-02 18:37:09.441,C3:00:00:63:4D:07,-72,127,1.5,6.5,1.5
1783010229445,2026-07-02 18:37:09.445,C3:00:00:63:4C:D2,-62,127,1.5,6.5,1.5
1783010229488,2026-07-02 18:37:09.488,C3:00:00:63:4D:09,-62,127,1.5,6.5,1.5
1783010229492,2026-07-02 18:37:09.492,C3:00:00:63:4D:0D,-54,127,1.5,6.5,1.5
1783010229496,2026-07-02 18:37:09.496,C3:00:00:63:4D:0A,-61,127,1.5,6.5,1.5
1783010229515,2026-07-02 18:37:09.515,C3:00:00:63:4D:08,-53,127,1.5,6.5,1.5
1783010229547,2026-07-02 18:37:09.547,C3:00:00:63:4D:05,-69,127,1.5,6.5,1.5
1783010229562,2026-07-02 18:37:09.562,C3:00:00:63:4C:D2,-66,127,1.5,6.5,1.5
1783010229576,2026-07-02 18:37:09.576,C3:00:00:63:4D:07,-64,127,1.5,6.5,1.5
1783010229583,2026-07-02 18:37:09.583,C3:00:00:63:4D:0D,-55,127,1.5,6.5,1.5
1783010229585,2026-07-02 18:37:09.585,C3:00:00:63:4D:08,-51,127,1.5,6.5,1.5
1783010229593,2026-07-02 18:37:09.593,C3:00:00:63:4D:0D,-54,127,1.5,6.5,1.5
1783010229601,2026-07-02 18:37:09.601,C3:00:00:63:4D:04,-66,127,1.5,6.5,1.5
1783010229621,2026-07-02 18:37:09.621,C3:00:00:63:4D:08,-46,127,1.5,6.5,1.5
1783010229642,2026-07-02 18:37:09.642,C3:00:00:63:4D:08,-47,127,1.5,6.5,1.5
1783010229665,2026-07-02 18:37:09.665,C3:00:00:63:4D:05,-54,127,1.5,6.5,1.5
1783010229673,2026-07-02 18:37:09.673,C3:00:00:63:4D:0D,-53,127,1.5,6.5,1.5
1783010229678,2026-07-02 18:37:09.678,C3:00:00:63:4C:D2,-56,127,1.5,6.5,1.5
1783010229685,2026-07-02 18:37:09.685,C3:00:00:63:4D:07,-69,127,1.5,6.5,1.5
1783010229693,2026-07-02 18:37:09.693,C3:00:00:63:4C:D2,-56,127,1.5,6.5,1.5
1783010229702,2026-07-02 18:37:09.702,C3:00:00:63:4D:0D,-54,127,1.5,6.5,1.5
1783010229718,2026-07-02 18:37:09.718,C3:00:00:63:4D:04,-58,127,1.5,6.5,1.5
1783010229722,2026-07-02 18:37:09.722,C3:00:00:63:4D:07,-84,127,1.5,6.5,1.5
1783010229732,2026-07-02 18:37:09.732,C3:00:00:63:4D:08,-47,127,1.5,6.5,1.5
1783010229784,2026-07-02 18:37:09.784,C3:00:00:63:4D:05,-57,127,1.5,6.5,1.5
1783010229789,2026-07-02 18:37:09.789,C3:00:00:63:4D:07,-74,127,1.5,6.5,1.5
1783010229792,2026-07-02 18:37:09.792,C3:00:00:63:4C:D2,-65,127,1.5,6.5,1.5
1783010229801,2026-07-02 18:37:09.801,C3:00:00:63:4D:0D,-58,127,1.5,6.5,1.5
1783010229816,2026-07-02 18:37:09.816,C3:00:00:63:4D:0A,-62,127,1.5,6.5,1.5
1783010229828,2026-07-02 18:37:09.828,C3:00:00:63:4D:04,-61,127,1.5,6.5,1.5
1783010229832,2026-07-02 18:37:09.832,C3:00:00:63:4D:09,-64,127,1.5,6.5,1.5
1783010229835,2026-07-02 18:37:09.835,C3:00:00:63:4D:08,-50,127,1.5,6.5,1.5
1783010229897,2026-07-02 18:37:09.897,C3:00:00:63:4D:05,-63,127,1.5,6.5,1.5
1783010229905,2026-07-02 18:37:09.905,C3:00:00:63:4D:07,-63,127,1.5,6.5,1.5
1783010229916,2026-07-02 18:37:09.916,C3:00:00:63:4D:0D,-53,127,1.5,6.5,1.5
1783010229938,2026-07-02 18:37:09.938,C3:00:00:63:4D:04,-62,127,1.5,6.5,1.5
1783010229950,2026-07-02 18:37:09.950,C3:00:00:63:4D:09,-68,127,1.5,6.5,1.5
1783010229952,2026-07-02 18:37:09.952,C3:00:00:63:4D:08,-45,127,1.5,6.5,1.5
1783010230017,2026-07-02 18:37:10.017,C3:00:00:63:4D:0D,-60,127,1.5,6.5,1.5
1783010230022,2026-07-02 18:37:10.022,C3:00:00:63:4D:05,-58,127,1.5,6.5,1.5
1783010230058,2026-07-02 18:37:10.058,C3:00:00:63:4D:09,-62,127,1.5,6.5,1.5
1783010230063,2026-07-02 18:37:10.063,C3:00:00:63:4D:08,-46,127,1.5,6.5,1.5
1783010230088,2026-07-02 18:37:10.088,C3:00:00:63:4D:0A,-62,127,1.5,6.5,1.5
1783010230119,2026-07-02 18:37:10.119,C3:00:00:63:4D:0D,-55,127,1.5,6.5,1.5
1783010230124,2026-07-02 18:37:10.124,C3:00:00:63:4D:05,-65,127,1.5,6.5,1.5
1783010230130,2026-07-02 18:37:10.130,C3:00:00:63:4D:07,-65,127,1.5,6.5,1.5
1783010230138,2026-07-02 18:37:10.138,C3:00:00:63:4C:D2,-76,127,1.5,6.5,1.5
1783010230147,2026-07-02 18:37:10.147,C3:00:00:63:4D:04,-61,127,1.5,6.5,1.5
1783010230152,2026-07-02 18:37:10.152,C3:00:00:63:4D:07,-64,127,1.5,6.5,1.5
1783010230166,2026-07-02 18:37:10.166,C3:00:00:63:4D:0A,-60,127,1.5,6.5,1.5
1783010230177,2026-07-02 18:37:10.177,C3:00:00:63:4D:09,-60,127,1.5,6.5,1.5
1783010230226,2026-07-02 18:37:10.226,C3:00:00:63:4D:0D,-50,127,1.5,6.5,1.5
1783010230249,2026-07-02 18:37:10.249,C3:00:00:63:4D:05,-54,127,1.5,6.5,1.5
1783010230254,2026-07-02 18:37:10.254,C3:00:00:63:4C:D2,-55,127,1.5,6.5,1.5
1783010230283,2026-07-02 18:37:10.283,C3:00:00:63:4D:08,-44,127,1.5,6.5,1.5
1783010230288,2026-07-02 18:37:10.288,C3:00:00:63:4D:09,-62,127,1.5,6.5,1.5
1783010230327,2026-07-02 18:37:10.327,C3:00:00:63:4D:0D,-57,127,1.5,6.5,1.5
1783010230351,2026-07-02 18:37:10.351,C3:00:00:63:4D:05,-60,127,1.5,6.5,1.5
1783010230373,2026-07-02 18:37:10.373,C3:00:00:63:4D:04,-58,127,1.5,6.5,1.5
1783010230383,2026-07-02 18:37:10.383,C3:00:00:63:4D:08,-49,127,1.5,6.5,1.5
1783010230387,2026-07-02 18:37:10.387,C3:00:00:63:4D:07,-73,127,1.5,6.5,1.5
1783010230390,2026-07-02 18:37:10.390,C3:00:00:63:4D:0A,-60,127,1.5,6.5,1.5
1783010230440,2026-07-02 18:37:10.440,C3:00:00:63:4D:0D,-55,127,1.5,6.5,1.5
1783010230470,2026-07-02 18:37:10.470,C3:00:00:63:4D:05,-74,127,1.5,6.5,1.5
1783010230484,2026-07-02 18:37:10.484,C3:00:00:63:4D:04,-58,127,1.5,6.5,1.5
1783010230496,2026-07-02 18:37:10.496,C3:00:00:63:4D:07,-62,127,1.5,6.5,1.5
1783010230500,2026-07-02 18:37:10.500,C3:00:00:63:4C:D2,-64,127,1.5,6.5,1.5
1783010230502,2026-07-02 18:37:10.502,C3:00:00:63:4D:08,-53,127,1.5,6.5,1.5
1783010230506,2026-07-02 18:37:10.506,C3:00:00:63:4D:0A,-61,127,1.5,6.5,1.5
1783010230515,2026-07-02 18:37:10.515,C3:00:00:63:4D:09,-59,127,1.5,6.5,1.5
1783010230544,2026-07-02 18:37:10.544,C3:00:00:63:4D:0D,-54,127,1.5,6.5,1.5
1783010230587,2026-07-02 18:37:10.587,C3:00:00:63:4D:04,-61,127,1.5,6.5,1.5
1783010230590,2026-07-02 18:37:10.590,C3:00:00:63:4D:05,-55,127,1.5,6.5,1.5
1783010230596,2026-07-02 18:37:10.596,C3:00:00:63:4C:D2,-55,127,1.5,6.5,1.5
1783010230612,2026-07-02 18:37:10.612,C3:00:00:63:4D:08,-48,127,1.5,6.5,1.5
1783010230614,2026-07-02 18:37:10.614,C3:00:00:63:4D:07,-84,127,1.5,6.5,1.5
1783010230648,2026-07-02 18:37:10.648,C3:00:00:63:4D:0D,-54,127,1.5,6.5,1.5
1783010230698,2026-07-02 18:37:10.698,C3:00:00:63:4D:04,-63,127,1.5,6.5,1.5
1783010230703,2026-07-02 18:37:10.703,C3:00:00:63:4D:05,-60,127,1.5,6.5,1.5
1783010230713,2026-07-02 18:37:10.713,C3:00:00:63:4D:07,-64,127,1.5,6.5,1.5
1783010230725,2026-07-02 18:37:10.725,C3:00:00:63:4D:0A,-63,127,1.5,6.5,1.5
1783010230807,2026-07-02 18:37:10.807,C3:00:00:63:4D:04,-72,127,1.5,6.5,1.5
1783010230827,2026-07-02 18:37:10.827,C3:00:00:63:4D:05,-57,127,1.5,6.5,1.5
1783010230830,2026-07-02 18:37:10.830,C3:00:00:63:4D:08,-47,127,1.5,6.5,1.5
1783010230832,2026-07-02 18:37:10.832,C3:00:00:63:4C:D2,-57,127,1.5,6.5,1.5
1783010230848,2026-07-02 18:37:10.848,C3:00:00:63:4D:09,-66,127,1.5,6.5,1.5
1783010230857,2026-07-02 18:37:10.857,C3:00:00:63:4D:0D,-52,127,1.5,6.5,1.5
1783010230938,2026-07-02 18:37:10.938,C3:00:00:63:4D:07,-65,127,1.5,6.5,1.5
1783010230944,2026-07-02 18:37:10.944,C3:00:00:63:4C:D2,-65,127,1.5,6.5,1.5
1783010230953,2026-07-02 18:37:10.953,C3:00:00:63:4D:0A,-61,127,1.5,6.5,1.5
1783010230971,2026-07-02 18:37:10.971,C3:00:00:63:4D:0D,-54,127,1.5,6.5,1.5
1783010230973,2026-07-02 18:37:10.973,C3:00:00:63:4D:09,-62,127,1.5,6.5,1.5
1783010230987,2026-07-02 18:37:10.987,C3:00:00:63:4D:0A,-67,127,1.5,6.5,1.5
1783010230989,2026-07-02 18:37:10.989,C3:00:00:63:4D:08,-56,127,1.5,6.5,1.5
1783010230991,2026-07-02 18:37:10.991,C3:00:00:63:4D:0D,-56,127,1.5,6.5,1.5
1783010231020,2026-07-02 18:37:11.020,C3:00:00:63:4D:04,-68,127,1.5,6.5,1.5
1783010231033,2026-07-02 18:37:11.033,C3:00:00:63:4D:08,-52,127,1.5,6.5,1.5
1783010231048,2026-07-02 18:37:11.048,C3:00:00:63:4D:05,-67,127,1.5,6.5,1.5
1783010231051,2026-07-02 18:37:11.051,C3:00:00:63:4D:09,-71,127,1.5,6.5,1.5
1783010231054,2026-07-02 18:37:11.054,C3:00:00:63:4D:07,-61,127,1.5,6.5,1.5
1783010231066,2026-07-02 18:37:11.066,C3:00:00:63:4D:0A,-65,127,1.5,6.5,1.5
1783010231088,2026-07-02 18:37:11.088,C3:00:00:63:4D:09,-70,127,1.5,6.5,1.5
1783010231129,2026-07-02 18:37:11.129,C3:00:00:63:4D:04,-62,127,1.5,6.5,1.5
1783010231151,2026-07-02 18:37:11.151,C3:00:00:63:4D:08,-48,127,1.5,6.5,1.5
1783010231169,2026-07-02 18:37:11.169,C3:00:00:63:4D:05,-56,127,1.5,6.5,1.5
1783010231173,2026-07-02 18:37:11.173,C3:00:00:63:4D:07,-68,127,1.5,6.5,1.5
1783010231177,2026-07-02 18:37:11.177,C3:00:00:63:4D:0A,-65,127,1.5,6.5,1.5
1783010231197,2026-07-02 18:37:11.197,C3:00:00:63:4D:09,-62,127,1.5,6.5,1.5
1783010231209,2026-07-02 18:37:11.209,C3:00:00:63:4D:05,-60,127,1.5,6.5,1.5
1783010231223,2026-07-02 18:37:11.223,C3:00:00:63:4C:D2,-71,127,1.5,6.5,1.5
1783010231239,2026-07-02 18:37:11.239,C3:00:00:63:4D:04,-63,127,1.5,6.5,1.5
1783010231256,2026-07-02 18:37:11.256,C3:00:00:63:4D:08,-53,127,1.5,6.5,1.5
1783010231264,2026-07-02 18:37:11.264,C3:00:00:63:4D:0A,-63,127,1.5,6.5,1.5
1783010231272,2026-07-02 18:37:11.272,C3:00:00:63:4D:0D,-57,127,1.5,6.5,1.5
1783010231275,2026-07-02 18:37:11.275,C3:00:00:63:4D:05,-61,127,1.5,6.5,1.5
1783010231284,2026-07-02 18:37:11.284,C3:00:00:63:4D:07,-67,127,1.5,6.5,1.5
1783010231308,2026-07-02 18:37:11.308,C3:00:00:63:4C:D2,-69,127,1.5,6.5,1.5
1783010231312,2026-07-02 18:37:11.312,C3:00:00:63:4D:09,-73,127,1.5,6.5,1.5
1783010231354,2026-07-02 18:37:11.354,C3:00:00:63:4D:04,-70,127,1.5,6.5,1.5
1783010231371,2026-07-02 18:37:11.371,C3:00:00:63:4D:08,-49,127,1.5,6.5,1.5
1783010231380,2026-07-02 18:37:11.380,C3:00:00:63:4D:0D,-54,127,1.5,6.5,1.5
1783010231391,2026-07-02 18:37:11.391,C3:00:00:63:4D:05,-66,127,1.5,6.5,1.5
1783010231402,2026-07-02 18:37:11.402,C3:00:00:63:4C:D2,-65,127,1.5,6.5,1.5
1783010231410,2026-07-02 18:37:11.410,C3:00:00:63:4D:07,-60,127,1.5,6.5,1.5
1783010231414,2026-07-02 18:37:11.414,C3:00:00:63:4D:0A,-62,127,1.5,6.5,1.5
1783010231462,2026-07-02 18:37:11.462,C3:00:00:63:4D:04,-61,127,1.5,6.5,1.5
1783010231482,2026-07-02 18:37:11.482,C3:00:00:63:4D:08,-48,127,1.5,6.5,1.5
1783010231485,2026-07-02 18:37:11.485,C3:00:00:63:4D:0D,-52,127,1.5,6.5,1.5
1783010231519,2026-07-02 18:37:11.519,C3:00:00:63:4D:0A,-61,127,1.5,6.5,1.5
1783010231524,2026-07-02 18:37:11.524,C3:00:00:63:4C:D2,-68,127,1.5,6.5,1.5
1783010231526,2026-07-02 18:37:11.526,C3:00:00:63:4D:07,-69,127,1.5,6.5,1.5
1783010231539,2026-07-02 18:37:11.539,C3:00:00:63:4D:09,-61,127,1.5,6.5,1.5
1783010231570,2026-07-02 18:37:11.570,C3:00:00:63:4D:04,-60,127,1.5,6.5,1.5
1783010231575,2026-07-02 18:37:11.575,C3:00:00:63:4D:0D,-60,127,1.5,6.5,1.5
1783010231589,2026-07-02 18:37:11.589,C3:00:00:63:4D:08,-50,127,1.5,6.5,1.5
1783010231595,2026-07-02 18:37:11.595,C3:00:00:63:4D:0D,-58,127,1.5,6.5,1.5
1783010231605,2026-07-02 18:37:11.605,C3:00:00:63:4D:08,-49,127,1.5,6.5,1.5
1783010231623,2026-07-02 18:37:11.623,C3:00:00:63:4D:08,-53,127,1.5,6.5,1.5
1783010231630,2026-07-02 18:37:11.630,C3:00:00:63:4D:07,-64,127,1.5,6.5,1.5
1783010231656,2026-07-02 18:37:11.656,C3:00:00:63:4D:09,-68,127,1.5,6.5,1.5
1783010231675,2026-07-02 18:37:11.675,C3:00:00:63:4D:04,-60,127,1.5,6.5,1.5
1783010231695,2026-07-02 18:37:11.695,C3:00:00:63:4C:D2,-66,127,1.5,6.5,1.5
1783010231699,2026-07-02 18:37:11.699,C3:00:00:63:4D:08,-50,127,1.5,6.5,1.5
1783010231703,2026-07-02 18:37:11.703,C3:00:00:63:4D:0D,-54,127,1.5,6.5,1.5
1783010231719,2026-07-02 18:37:11.719,C3:00:00:63:4D:04,-60,127,1.5,6.5,1.5
1783010231736,2026-07-02 18:37:11.736,C3:00:00:63:4D:05,-58,127,1.5,6.5,1.5
1783010231740,2026-07-02 18:37:11.740,C3:00:00:63:4D:0A,-67,127,1.5,6.5,1.5
1783010231748,2026-07-02 18:37:11.748,C3:00:00:63:4D:07,-72,127,1.5,6.5,1.5
1783010231756,2026-07-02 18:37:11.756,C3:00:00:63:4C:D2,-56,127,1.5,6.5,1.5
1783010231771,2026-07-02 18:37:11.771,C3:00:00:63:4D:09,-62,127,1.5,6.5,1.5
1783010231781,2026-07-02 18:37:11.781,C3:00:00:63:4D:04,-65,127,1.5,6.5,1.5
1783010231798,2026-07-02 18:37:11.798,C3:00:00:63:4D:0D,-54,127,1.5,6.5,1.5
1783010231855,2026-07-02 18:37:11.855,C3:00:00:63:4D:05,-60,127,1.5,6.5,1.5
1783010231864,2026-07-02 18:37:11.864,C3:00:00:63:4C:D2,-64,127,1.5,6.5,1.5
1783010231878,2026-07-02 18:37:11.878,C3:00:00:63:4D:09,-68,127,1.5,6.5,1.5
1783010231894,2026-07-02 18:37:11.894,C3:00:00:63:4D:04,-61,127,1.5,6.5,1.5
1783010231913,2026-07-02 18:37:11.913,C3:00:00:63:4D:09,-77,127,1.5,6.5,1.5
1783010231922,2026-07-02 18:37:11.922,C3:00:00:63:4D:08,-53,127,1.5,6.5,1.5
1783010231970,2026-07-02 18:37:11.970,C3:00:00:63:4D:0A,-63,127,1.5,6.5,1.5
1783010231976,2026-07-02 18:37:11.976,C3:00:00:63:4D:07,-58,127,1.5,6.5,1.5
1783010231992,2026-07-02 18:37:11.992,C3:00:00:63:4D:09,-66,127,1.5,6.5,1.5
1783010232007,2026-07-02 18:37:12.007,C3:00:00:63:4D:04,-60,127,1.5,6.5,1.5
1783010232013,2026-07-02 18:37:12.013,C3:00:00:63:4D:0D,-51,127,1.5,6.5,1.5
1783010232080,2026-07-02 18:37:12.080,C3:00:00:63:4D:05,-56,127,1.5,6.5,1.5
1783010232088,2026-07-02 18:37:12.088,C3:00:00:63:4D:0A,-66,127,1.5,6.5,1.5
1783010232095,2026-07-02 18:37:12.095,C3:00:00:63:4D:07,-66,127,1.5,6.5,1.5
1783010232099,2026-07-02 18:37:12.099,C3:00:00:63:4C:D2,-56,127,1.5,6.5,1.5
1783010232112,2026-07-02 18:37:12.112,C3:00:00:63:4D:0A,-65,127,1.5,6.5,1.5
1783010232114,2026-07-02 18:37:12.114,C3:00:00:63:4D:09,-67,127,1.5,6.5,1.5
1783010232119,2026-07-02 18:37:12.119,C3:00:00:63:4D:0D,-54,127,1.5,6.5,1.5
1783010232132,2026-07-02 18:37:12.132,C3:00:00:63:4D:08,-49,127,1.5,6.5,1.5
1783010232140,2026-07-02 18:37:12.140,C3:00:00:63:4D:07,-67,127,1.5,6.5,1.5
1783010232149,2026-07-02 18:37:12.149,C3:00:00:63:4D:0D,-62,127,1.5,6.5,1.5
1783010232218,2026-07-02 18:37:12.218,C3:00:00:63:4D:0D,-53,127,1.5,6.5,1.5
1783010232224,2026-07-02 18:37:12.224,C3:00:00:63:4D:04,-60,127,1.5,6.5,1.5
1783010232230,2026-07-02 18:37:12.230,C3:00:00:63:4D:09,-71,127,1.5,6.5,1.5
1783010232367,2026-07-02 18:37:12.367,C3:00:00:63:4D:05,-67,127,1.5,6.5,1.5
1783010232418,2026-07-02 18:37:12.418,C3:00:00:63:4D:09,-61,127,1.5,6.5,1.5
1783010232433,2026-07-02 18:37:12.433,C3:00:00:63:4D:07,-74,127,1.5,6.5,1.5
1783010232447,2026-07-02 18:37:12.447,C3:00:00:63:4C:D2,-66,127,1.5,6.5,1.5
1783010232450,2026-07-02 18:37:12.450,C3:00:00:63:4D:04,-59,127,1.5,6.5,1.5
1783010232452,2026-07-02 18:37:12.452,C3:00:00:63:4D:09,-61,127,1.5,6.5,1.5
1783010232453,2026-07-02 18:37:12.453,C3:00:00:63:4D:08,-49,127,1.5,6.5,1.5
1783010232536,2026-07-02 18:37:12.536,C3:00:00:63:4D:0D,-60,127,1.5,6.5,1.5
1783010232537,2026-07-02 18:37:12.537,C3:00:00:63:4D:0A,-67,127,1.5,6.5,1.5
1783010232539,2026-07-02 18:37:12.539,C3:00:00:63:4D:05,-57,127,1.5,6.5,1.5
1783010232626,2026-07-02 18:37:12.626,C3:00:00:63:4D:07,-60,127,1.5,6.5,1.5
1783010232642,2026-07-02 18:37:12.642,C3:00:00:63:4D:0D,-57,127,1.5,6.5,1.5
1783010232660,2026-07-02 18:37:12.660,C3:00:00:63:4D:0A,-73,127,1.5,6.5,1.5
1783010232671,2026-07-02 18:37:12.671,C3:00:00:63:4D:08,-47,127,1.5,6.5,1.5
1783010232785,2026-07-02 18:37:12.785,C3:00:00:63:4D:08,-53,127,1.5,6.5,1.5
1783010232795,2026-07-02 18:37:12.795,C3:00:00:63:4D:09,-71,127,1.5,6.5,1.5
1783010232871,2026-07-02 18:37:12.871,C3:00:00:63:4D:04,-66,127,1.5,6.5,1.5
1783010232876,2026-07-02 18:37:12.876,C3:00:00:63:4D:0A,-71,127,1.5,6.5,1.5
1783010232886,2026-07-02 18:37:12.886,C3:00:00:63:4D:05,-63,127,1.5,6.5,1.5
1783010232953,2026-07-02 18:37:12.953,C3:00:00:63:4D:0D,-56,127,1.5,6.5,1.5
1783010232994,2026-07-02 18:37:12.994,C3:00:00:63:4D:0D,-55,127,1.5,6.5,1.5
1783010232998,2026-07-02 18:37:12.998,C3:00:00:63:4D:08,-47,127,1.5,6.5,1.5
1783010233013,2026-07-02 18:37:13.013,C3:00:00:63:4D:07,-68,127,1.5,6.5,1.5
1783010233022,2026-07-02 18:37:13.022,C3:00:00:63:4D:09,-62,127,1.5,6.5,1.5
1783010233049,2026-07-02 18:37:13.049,C3:00:00:63:4D:09,-61,127,1.5,6.5,1.5
1783010233094,2026-07-02 18:37:13.094,C3:00:00:63:4D:0A,-58,127,1.5,6.5,1.5
1783010233100,2026-07-02 18:37:13.100,C3:00:00:63:4D:04,-62,127,1.5,6.5,1.5
1783010233127,2026-07-02 18:37:13.127,C3:00:00:63:4D:08,-48,127,1.5,6.5,1.5
1783010233131,2026-07-02 18:37:13.131,C3:00:00:63:4D:05,-58,127,1.5,6.5,1.5
1783010233134,2026-07-02 18:37:13.134,C3:00:00:63:4D:07,-68,127,1.5,6.5,1.5
1783010233138,2026-07-02 18:37:13.138,C3:00:00:63:4C:D2,-76,127,1.5,6.5,1.5
1783010233139,2026-07-02 18:37:13.139,C3:00:00:63:4D:09,-80,127,1.5,6.5,1.5
1783010233168,2026-07-02 18:37:13.168,C3:00:00:63:4D:0D,-53,127,1.5,6.5,1.5
1783010233201,2026-07-02 18:37:13.201,C3:00:00:63:4D:04,-62,127,1.5,6.5,1.5
1783010233205,2026-07-02 18:37:13.205,C3:00:00:63:4D:05,-64,127,1.5,6.5,1.5
1783010233213,2026-07-02 18:37:13.213,C3:00:00:63:4D:0A,-70,127,1.5,6.5,1.5
1783010233224,2026-07-02 18:37:13.224,C3:00:00:63:4D:08,-47,127,1.5,6.5,1.5
1783010233251,2026-07-02 18:37:13.251,C3:00:00:63:4D:09,-62,127,1.5,6.5,1.5
1783010233263,2026-07-02 18:37:13.263,C3:00:00:63:4D:0A,-68,127,1.5,6.5,1.5
1783010233273,2026-07-02 18:37:13.273,C3:00:00:63:4D:0D,-51,127,1.5,6.5,1.5
1783010233330,2026-07-02 18:37:13.330,C3:00:00:63:4D:0A,-62,127,1.5,6.5,1.5
1783010233334,2026-07-02 18:37:13.334,C3:00:00:63:4D:08,-48,127,1.5,6.5,1.5
1783010233339,2026-07-02 18:37:13.339,C3:00:00:63:4D:05,-61,127,1.5,6.5,1.5
1783010233350,2026-07-02 18:37:13.350,C3:00:00:63:4C:D2,-61,127,1.5,6.5,1.5
1783010233356,2026-07-02 18:37:13.356,C3:00:00:63:4D:07,-63,127,1.5,6.5,1.5
1783010233368,2026-07-02 18:37:13.368,C3:00:00:63:4D:09,-60,127,1.5,6.5,1.5
1783010233372,2026-07-02 18:37:13.372,C3:00:00:63:4D:0D,-58,127,1.5,6.5,1.5
1783010233378,2026-07-02 18:37:13.378,C3:00:00:63:4D:05,-58,127,1.5,6.5,1.5
1783010233418,2026-07-02 18:37:13.418,C3:00:00:63:4D:04,-64,127,1.5,6.5,1.5
1783010233433,2026-07-02 18:37:13.433,C3:00:00:63:4D:0A,-62,127,1.5,6.5,1.5
1783010233438,2026-07-02 18:37:13.438,C3:00:00:63:4D:08,-51,127,1.5,6.5,1.5
1783010233458,2026-07-02 18:37:13.458,C3:00:00:63:4D:05,-57,127,1.5,6.5,1.5
1783010233470,2026-07-02 18:37:13.470,C3:00:00:63:4D:07,-67,127,1.5,6.5,1.5
1783010233472,2026-07-02 18:37:13.472,C3:00:00:63:4C:D2,-70,127,1.5,6.5,1.5
1783010233477,2026-07-02 18:37:13.477,C3:00:00:63:4D:0D,-52,127,1.5,6.5,1.5
1783010233479,2026-07-02 18:37:13.479,C3:00:00:63:4D:09,-77,127,1.5,6.5,1.5
1783010233481,2026-07-02 18:37:13.481,C3:00:00:63:4D:0A,-64,127,1.5,6.5,1.5
1783010233527,2026-07-02 18:37:13.527,C3:00:00:63:4D:04,-63,127,1.5,6.5,1.5
1783010233550,2026-07-02 18:37:13.550,C3:00:00:63:4D:08,-48,127,1.5,6.5,1.5
1783010233575,2026-07-02 18:37:13.575,C3:00:00:63:4D:05,-58,127,1.5,6.5,1.5
1783010233593,2026-07-02 18:37:13.593,C3:00:00:63:4D:09,-66,127,1.5,6.5,1.5
1783010233623,2026-07-02 18:37:13.623,C3:00:00:63:4D:08,-48,127,1.5,6.5,1.5
1783010233639,2026-07-02 18:37:13.639,C3:00:00:63:4D:04,-61,127,1.5,6.5,1.5
1783010233654,2026-07-02 18:37:13.654,C3:00:00:63:4D:08,-48,127,1.5,6.5,1.5
1783010233660,2026-07-02 18:37:13.660,C3:00:00:63:4D:0A,-65,127,1.5,6.5,1.5
1783010233664,2026-07-02 18:37:13.664,C3:00:00:63:4D:0D,-62,127,1.5,6.5,1.5
1783010233687,2026-07-02 18:37:13.687,C3:00:00:63:4D:0D,-63,127,1.5,6.5,1.5
1783010233695,2026-07-02 18:37:13.695,C3:00:00:63:4D:05,-67,127,1.5,6.5,1.5
1783010233703,2026-07-02 18:37:13.703,C3:00:00:63:4C:D2,-63,127,1.5,6.5,1.5
1783010233708,2026-07-02 18:37:13.708,C3:00:00:63:4D:09,-66,127,1.5,6.5,1.5
1783010233712,2026-07-02 18:37:13.712,C3:00:00:63:4D:04,-60,127,1.5,6.5,1.5
1783010233721,2026-07-02 18:37:13.721,C3:00:00:63:4C:D2,-69,127,1.5,6.5,1.5
1783010233726,2026-07-02 18:37:13.726,C3:00:00:63:4D:04,-62,127,1.5,6.5,1.5
1783010233735,2026-07-02 18:37:13.735,C3:00:00:63:4D:07,-67,127,1.5,6.5,1.5
1783010233744,2026-07-02 18:37:13.744,C3:00:00:63:4D:04,-63,127,1.5,6.5,1.5
1783010233774,2026-07-02 18:37:13.774,C3:00:00:63:4D:0A,-64,127,1.5,6.5,1.5
1783010233798,2026-07-02 18:37:13.798,C3:00:00:63:4D:0D,-56,127,1.5,6.5,1.5
1783010233816,2026-07-02 18:37:13.816,C3:00:00:63:4C:D2,-55,127,1.5,6.5,1.5
1783010233862,2026-07-02 18:37:13.862,C3:00:00:63:4D:04,-62,127,1.5,6.5,1.5
1783010233884,2026-07-02 18:37:13.884,C3:00:00:63:4D:08,-46,127,1.5,6.5,1.5
1783010233891,2026-07-02 18:37:13.891,C3:00:00:63:4D:0A,-74,127,1.5,6.5,1.5
1783010233902,2026-07-02 18:37:13.902,C3:00:00:63:4D:0D,-60,127,1.5,6.5,1.5
1783010233919,2026-07-02 18:37:13.919,C3:00:00:63:4D:05,-57,127,1.5,6.5,1.5
1783010233927,2026-07-02 18:37:13.927,C3:00:00:63:4C:D2,-60,127,1.5,6.5,1.5
1783010233931,2026-07-02 18:37:13.931,C3:00:00:63:4D:07,-62,127,1.5,6.5,1.5
1783010233936,2026-07-02 18:37:13.936,C3:00:00:63:4D:09,-66,127,1.5,6.5,1.5
1783010233962,2026-07-02 18:37:13.962,C3:00:00:63:4D:04,-58,127,1.5,6.5,1.5
1783010233987,2026-07-02 18:37:13.987,C3:00:00:63:4D:08,-46,127,1.5,6.5,1.5
1783010234008,2026-07-02 18:37:14.008,C3:00:00:63:4D:0A,-62,127,1.5,6.5,1.5
1783010234041,2026-07-02 18:37:14.041,C3:00:00:63:4D:05,-74,127,1.5,6.5,1.5
1783010234046,2026-07-02 18:37:14.046,C3:00:00:63:4D:07,-60,127,1.5,6.5,1.5
1783010234054,2026-07-02 18:37:14.054,C3:00:00:63:4D:09,-82,127,1.5,6.5,1.5
1783010234056,2026-07-02 18:37:14.056,C3:00:00:63:4C:D2,-69,127,1.5,6.5,1.5
1783010234064,2026-07-02 18:37:14.064,C3:00:00:63:4D:05,-68,127,1.5,6.5,1.5
1783010234077,2026-07-02 18:37:14.077,C3:00:00:63:4D:04,-70,127,1.5,6.5,1.5
1783010234112,2026-07-02 18:37:14.112,C3:00:00:63:4D:0D,-70,127,1.5,6.5,1.5
1783010234120,2026-07-02 18:37:14.120,C3:00:00:63:4D:0A,-74,127,1.5,6.5,1.5
1783010234151,2026-07-02 18:37:14.151,C3:00:00:63:4D:05,-58,127,1.5,6.5,1.5
1783010234158,2026-07-02 18:37:14.158,C3:00:00:63:4D:09,-63,127,1.5,6.5,1.5
1783010234161,2026-07-02 18:37:14.161,C3:00:00:63:4C:D2,-56,127,1.5,6.5,1.5
1783010234187,2026-07-02 18:37:14.187,C3:00:00:63:4D:04,-71,127,1.5,6.5,1.5
1783010234190,2026-07-02 18:37:14.190,C3:00:00:63:4D:07,-66,127,1.5,6.5,1.5
1783010234207,2026-07-02 18:37:14.207,C3:00:00:63:4D:08,-46,127,1.5,6.5,1.5
1783010234218,2026-07-02 18:37:14.218,C3:00:00:63:4D:0D,-71,127,1.5,6.5,1.5
1783010234269,2026-07-02 18:37:14.269,C3:00:00:63:4D:05,-59,127,1.5,6.5,1.5
1783010234275,2026-07-02 18:37:14.275,C3:00:00:63:4C:D2,-63,127,1.5,6.5,1.5
1783010234279,2026-07-02 18:37:14.279,C3:00:00:63:4D:09,-63,127,1.5,6.5,1.5
1783010234288,2026-07-02 18:37:14.288,C3:00:00:63:4D:04,-62,127,1.5,6.5,1.5
1783010234308,2026-07-02 18:37:14.308,C3:00:00:63:4D:08,-46,127,1.5,6.5,1.5
1783010234319,2026-07-02 18:37:14.319,C3:00:00:63:4D:0D,-60,127,1.5,6.5,1.5
1783010234383,2026-07-02 18:37:14.383,C3:00:00:63:4D:05,-66,127,1.5,6.5,1.5
1783010234389,2026-07-02 18:37:14.389,C3:00:00:63:4D:09,-70,127,1.5,6.5,1.5
1783010234396,2026-07-02 18:37:14.396,C3:00:00:63:4C:D2,-66,127,1.5,6.5,1.5
1783010234416,2026-07-02 18:37:14.416,C3:00:00:63:4D:04,-65,127,1.5,6.5,1.5
1783010234423,2026-07-02 18:37:14.423,C3:00:00:63:4D:05,-69,127,1.5,6.5,1.5
1783010234424,2026-07-02 18:37:14.424,C3:00:00:63:4D:08,-47,127,1.5,6.5,1.5
1783010234425,2026-07-02 18:37:14.425,C3:00:00:63:4D:0D,-65,127,1.5,6.5,1.5
1783010234452,2026-07-02 18:37:14.452,C3:00:00:63:4D:0A,-64,127,1.5,6.5,1.5
1783010234500,2026-07-02 18:37:14.500,C3:00:00:63:4D:05,-61,127,1.5,6.5,1.5
1783010234510,2026-07-02 18:37:14.510,C3:00:00:63:4D:07,-66,127,1.5,6.5,1.5
1783010234530,2026-07-02 18:37:14.530,C3:00:00:63:4D:0D,-68,127,1.5,6.5,1.5
1783010234531,2026-07-02 18:37:14.531,C3:00:00:63:4D:08,-56,127,1.5,6.5,1.5
1783010234564,2026-07-02 18:37:14.564,C3:00:00:63:4D:0A,-61,127,1.5,6.5,1.5
1783010234620,2026-07-02 18:37:14.620,C3:00:00:63:4D:09,-68,127,1.5,6.5,1.5
1783010234623,2026-07-02 18:37:14.623,C3:00:00:63:4D:05,-65,127,1.5,6.5,1.5
1783010234628,2026-07-02 18:37:14.628,C3:00:00:63:4C:D2,-65,127,1.5,6.5,1.5
1783010234633,2026-07-02 18:37:14.633,C3:00:00:63:4D:07,-63,127,1.5,6.5,1.5
1783010234638,2026-07-02 18:37:14.638,C3:00:00:63:4D:0D,-58,127,1.5,6.5,1.5
1783010234641,2026-07-02 18:37:14.641,C3:00:00:63:4D:08,-58,127,1.5,6.5,1.5
1783010234646,2026-07-02 18:37:14.646,C3:00:00:63:4D:07,-65,127,1.5,6.5,1.5
1783010234682,2026-07-02 18:37:14.682,C3:00:00:63:4D:0A,-63,127,1.5,6.5,1.5
1783010234729,2026-07-02 18:37:14.729,C3:00:00:63:4D:09,-70,127,1.5,6.5,1.5
1783010234740,2026-07-02 18:37:14.740,C3:00:00:63:4D:07,-67,127,1.5,6.5,1.5
1783010234753,2026-07-02 18:37:14.753,C3:00:00:63:4D:08,-54,127,1.5,6.5,1.5
1783010234799,2026-07-02 18:37:14.799,C3:00:00:63:4D:0A,-63,127,1.5,6.5,1.5
1783010234831,2026-07-02 18:37:14.831,C3:00:00:63:4D:04,-60,127,1.5,6.5,1.5
1783010234836,2026-07-02 18:37:14.836,C3:00:00:63:4D:05,-59,127,1.5,6.5,1.5
1783010234842,2026-07-02 18:37:14.842,C3:00:00:63:4D:0D,-57,127,1.5,6.5,1.5
1783010234845,2026-07-02 18:37:14.845,C3:00:00:63:4D:09,-66,127,1.5,6.5,1.5
1783010234847,2026-07-02 18:37:14.847,C3:00:00:63:4C:D2,-71,127,1.5,6.5,1.5
1783010234905,2026-07-02 18:37:14.905,C3:00:00:63:4D:0A,-60,127,1.5,6.5,1.5
1783010234936,2026-07-02 18:37:14.936,C3:00:00:63:4D:08,-70,127,1.5,6.5,1.5
1783010234943,2026-07-02 18:37:14.943,C3:00:00:63:4D:04,-64,127,1.5,6.5,1.5
1783010234967,2026-07-02 18:37:14.967,C3:00:00:63:4D:08,-64,127,1.5,6.5,1.5
1783010234971,2026-07-02 18:37:14.971,C3:00:00:63:4C:D2,-67,127,1.5,6.5,1.5
1783010234974,2026-07-02 18:37:14.974,C3:00:00:63:4D:07,-68,127,1.5,6.5,1.5
1783010234979,2026-07-02 18:37:14.979,C3:00:00:63:4D:08,-55,127,1.5,6.5,1.5
1783010235000,2026-07-02 18:37:15.000,C3:00:00:63:4D:0D,-54,127,1.5,6.5,1.5
1783010235012,2026-07-02 18:37:15.012,C3:00:00:63:4D:0A,-66,127,1.5,6.5,1.5
1783010235059,2026-07-02 18:37:15.059,C3:00:00:63:4D:0D,-54,127,1.5,6.5,1.5
1783010235062,2026-07-02 18:37:15.062,C3:00:00:63:4D:04,-60,127,1.5,6.5,1.5
1783010235076,2026-07-02 18:37:15.076,C3:00:00:63:4D:05,-56,127,1.5,6.5,1.5
1783010235078,2026-07-02 18:37:15.078,C3:00:00:63:4D:08,-47,127,1.5,6.5,1.5
1783010235129,2026-07-02 18:37:15.129,C3:00:00:63:4D:0A,-60,127,1.5,6.5,1.5
1783010235178,2026-07-02 18:37:15.178,C3:00:00:63:4D:08,-50,127,1.5,6.5,1.5
1783010235185,2026-07-02 18:37:15.185,C3:00:00:63:4D:09,-66,127,1.5,6.5,1.5
1783010235192,2026-07-02 18:37:15.192,C3:00:00:63:4D:05,-61,127,1.5,6.5,1.5
1783010235202,2026-07-02 18:37:15.202,C3:00:00:63:4C:D2,-65,127,1.5,6.5,1.5
1783010235204,2026-07-02 18:37:15.204,C3:00:00:63:4D:07,-71,127,1.5,6.5,1.5
1783010235212,2026-07-02 18:37:15.212,C3:00:00:63:4D:05,-64,127,1.5,6.5,1.5
1783010235227,2026-07-02 18:37:15.227,C3:00:00:63:4C:D2,-72,127,1.5,6.5,1.5
1783010235241,2026-07-02 18:37:15.241,C3:00:00:63:4D:09,-87,127,1.5,6.5,1.5
1783010235245,2026-07-02 18:37:15.245,C3:00:00:63:4D:0A,-62,127,1.5,6.5,1.5
1783010235258,2026-07-02 18:37:15.258,C3:00:00:63:4D:0D,-55,127,1.5,6.5,1.5
1783010235272,2026-07-02 18:37:15.272,C3:00:00:63:4D:04,-63,127,1.5,6.5,1.5
1783010235276,2026-07-02 18:37:15.276,C3:00:00:63:4D:0A,-62,127,1.5,6.5,1.5
1783010235287,2026-07-02 18:37:15.287,C3:00:00:63:4D:08,-49,127,1.5,6.5,1.5
1783010235301,2026-07-02 18:37:15.301,C3:00:00:63:4D:05,-61,127,1.5,6.5,1.5
1783010235306,2026-07-02 18:37:15.306,C3:00:00:63:4D:09,-83,127,1.5,6.5,1.5
1783010235312,2026-07-02 18:37:15.312,C3:00:00:63:4C:D2,-64,127,1.5,6.5,1.5
1783010235315,2026-07-02 18:37:15.315,C3:00:00:63:4D:07,-74,127,1.5,6.5,1.5
1783010235320,2026-07-02 18:37:15.320,C3:00:00:63:4C:D2,-54,127,1.5,6.5,1.5
1783010235358,2026-07-02 18:37:15.358,C3:00:00:63:4D:0A,-64,127,1.5,6.5,1.5
1783010235377,2026-07-02 18:37:15.377,C3:00:00:63:4D:0D,-54,127,1.5,6.5,1.5
1783010235387,2026-07-02 18:37:15.387,C3:00:00:63:4D:04,-58,127,1.5,6.5,1.5
1783010235401,2026-07-02 18:37:15.401,C3:00:00:63:4D:08,-45,127,1.5,6.5,1.5
1783010235410,2026-07-02 18:37:15.410,C3:00:00:63:4D:05,-63,127,1.5,6.5,1.5
1783010235422,2026-07-02 18:37:15.422,C3:00:00:63:4C:D2,-66,127,1.5,6.5,1.5
1783010235479,2026-07-02 18:37:15.479,C3:00:00:63:4D:0D,-54,127,1.5,6.5,1.5
1783010235540,2026-07-02 18:37:15.540,C3:00:00:63:4C:D2,-62,127,1.5,6.5,1.5
1783010235584,2026-07-02 18:37:15.584,C3:00:00:63:4D:0A,-64,127,1.5,6.5,1.5
1783010235590,2026-07-02 18:37:15.590,C3:00:00:63:4D:0D,-54,127,1.5,6.5,1.5
1783010235601,2026-07-02 18:37:15.601,C3:00:00:63:4D:04,-64,127,1.5,6.5,1.5
1783010235611,2026-07-02 18:37:15.611,C3:00:00:63:4D:0D,-54,127,1.5,6.5,1.5
1783010235614,2026-07-02 18:37:15.614,C3:00:00:63:4D:08,-45,127,1.5,6.5,1.5
1783010235626,2026-07-02 18:37:15.626,C3:00:00:63:4D:08,-46,127,1.5,6.5,1.5
1783010235638,2026-07-02 18:37:15.638,C3:00:00:63:4D:09,-77,127,1.5,6.5,1.5
1783010235645,2026-07-02 18:37:15.645,C3:00:00:63:4D:05,-61,127,1.5,6.5,1.5
1783010235651,2026-07-02 18:37:15.651,C3:00:00:63:4D:08,-47,127,1.5,6.5,1.5
1783010235653,2026-07-02 18:37:15.653,C3:00:00:63:4C:D2,-57,127,1.5,6.5,1.5
1783010235681,2026-07-02 18:37:15.681,C3:00:00:63:4D:0D,-56,127,1.5,6.5,1.5
1783010235695,2026-07-02 18:37:15.695,C3:00:00:63:4D:0A,-64,127,1.5,6.5,1.5
1783010235711,2026-07-02 18:37:15.711,C3:00:00:63:4D:04,-60,127,1.5,6.5,1.5
1783010235716,2026-07-02 18:37:15.716,C3:00:00:63:4C:D2,-56,127,1.5,6.5,1.5
1783010235726,2026-07-02 18:37:15.726,C3:00:00:63:4D:08,-48,127,1.5,6.5,1.5
1783010235728,2026-07-02 18:37:15.728,C3:00:00:63:4D:04,-60,127,1.5,6.5,1.5
1783010235751,2026-07-02 18:37:15.751,C3:00:00:63:4D:04,-60,127,1.5,6.5,1.5
1783010235755,2026-07-02 18:37:15.755,C3:00:00:63:4D:09,-67,127,1.5,6.5,1.5
1783010235761,2026-07-02 18:37:15.761,C3:00:00:63:4D:05,-61,127,1.5,6.5,1.5
1783010235768,2026-07-02 18:37:15.768,C3:00:00:63:4D:07,-66,127,1.5,6.5,1.5
1783010235775,2026-07-02 18:37:15.775,C3:00:00:63:4C:D2,-75,127,1.5,6.5,1.5
1783010235777,2026-07-02 18:37:15.777,C3:00:00:63:4D:04,-67,127,1.5,6.5,1.5
1783010235783,2026-07-02 18:37:15.783,C3:00:00:63:4D:0D,-61,127,1.5,6.5,1.5
1783010235804,2026-07-02 18:37:15.804,C3:00:00:63:4D:0A,-60,127,1.5,6.5,1.5
1783010235820,2026-07-02 18:37:15.820,C3:00:00:63:4D:04,-66,127,1.5,6.5,1.5
1783010235835,2026-07-02 18:37:15.835,C3:00:00:63:4D:08,-51,127,1.5,6.5,1.5
1783010235883,2026-07-02 18:37:15.883,C3:00:00:63:4C:D2,-66,127,1.5,6.5,1.5
1783010235890,2026-07-02 18:37:15.890,C3:00:00:63:4D:07,-63,127,1.5,6.5,1.5
1783010235895,2026-07-02 18:37:15.895,C3:00:00:63:4D:0D,-66,127,1.5,6.5,1.5
1783010235915,2026-07-02 18:37:15.915,C3:00:00:63:4D:0A,-67,127,1.5,6.5,1.5
1783010235921,2026-07-02 18:37:15.921,C3:00:00:63:4D:04,-65,127,1.5,6.5,1.5
1783010235943,2026-07-02 18:37:15.943,C3:00:00:63:4D:08,-46,127,1.5,6.5,1.5
1783010235988,2026-07-02 18:37:15.988,C3:00:00:63:4D:09,-71,127,1.5,6.5,1.5
1783010235993,2026-07-02 18:37:15.993,C3:00:00:63:4D:05,-62,127,1.5,6.5,1.5
1783010235995,2026-07-02 18:37:15.995,C3:00:00:63:4D:0D,-62,127,1.5,6.5,1.5
1783010236008,2026-07-02 18:37:16.008,C3:00:00:63:4C:D2,-55,127,1.5,6.5,1.5
1783010236040,2026-07-02 18:37:16.040,C3:00:00:63:4D:0A,-60,127,1.5,6.5,1.5
1783010236048,2026-07-02 18:37:16.048,C3:00:00:63:4D:04,-60,127,1.5,6.5,1.5
1783010236050,2026-07-02 18:37:16.050,C3:00:00:63:4D:08,-48,127,1.5,6.5,1.5
1783010236097,2026-07-02 18:37:16.097,C3:00:00:63:4D:09,-66,127,1.5,6.5,1.5
1783010236118,2026-07-02 18:37:16.118,C3:00:00:63:4D:07,-63,127,1.5,6.5,1.5
1783010236148,2026-07-02 18:37:16.148,C3:00:00:63:4D:04,-62,127,1.5,6.5,1.5
1783010236153,2026-07-02 18:37:16.153,C3:00:00:63:4D:0A,-60,127,1.5,6.5,1.5
1783010236169,2026-07-02 18:37:16.169,C3:00:00:63:4D:08,-50,127,1.5,6.5,1.5
1783010236176,2026-07-02 18:37:16.176,C3:00:00:63:4D:0D,-65,127,1.5,6.5,1.5
1783010236178,2026-07-02 18:37:16.178,C3:00:00:63:4D:07,-63,127,1.5,6.5,1.5
1783010236205,2026-07-02 18:37:16.205,C3:00:00:63:4D:0D,-57,127,1.5,6.5,1.5
1783010236218,2026-07-02 18:37:16.218,C3:00:00:63:4D:09,-64,127,1.5,6.5,1.5
1783010236228,2026-07-02 18:37:16.228,C3:00:00:63:4D:05,-67,127,1.5,6.5,1.5
1783010236235,2026-07-02 18:37:16.235,C3:00:00:63:4C:D2,-56,127,1.5,6.5,1.5
1783010236256,2026-07-02 18:37:16.256,C3:00:00:63:4D:04,-64,127,1.5,6.5,1.5
1783010236261,2026-07-02 18:37:16.261,C3:00:00:63:4D:0A,-64,127,1.5,6.5,1.5
1783010236271,2026-07-02 18:37:16.271,C3:00:00:63:4D:08,-45,127,1.5,6.5,1.5
1783010236317,2026-07-02 18:37:16.317,C3:00:00:63:4D:0D,-66,127,1.5,6.5,1.5
1783010236340,2026-07-02 18:37:16.340,C3:00:00:63:4D:09,-66,127,1.5,6.5,1.5
1783010236346,2026-07-02 18:37:16.346,C3:00:00:63:4D:05,-60,127,1.5,6.5,1.5
1783010236348,2026-07-02 18:37:16.348,C3:00:00:63:4D:07,-63,127,1.5,6.5,1.5
1783010236349,2026-07-02 18:37:16.349,C3:00:00:63:4C:D2,-69,127,1.5,6.5,1.5
1783010236364,2026-07-02 18:37:16.364,C3:00:00:63:4D:04,-60,127,1.5,6.5,1.5
1783010236368,2026-07-02 18:37:16.368,C3:00:00:63:4D:0A,-60,127,1.5,6.5,1.5
1783010236377,2026-07-02 18:37:16.377,C3:00:00:63:4D:08,-47,127,1.5,6.5,1.5
1783010236393,2026-07-02 18:37:16.393,C3:00:00:63:4D:05,-61,127,1.5,6.5,1.5
1783010236417,2026-07-02 18:37:16.417,C3:00:00:63:4D:0D,-56,127,1.5,6.5,1.5
1783010236422,2026-07-02 18:37:16.422,C3:00:00:63:4D:09,-80,127,1.5,6.5,1.5
1783010236439,2026-07-02 18:37:16.439,C3:00:00:63:4D:09,-72,127,1.5,6.5,1.5
1783010236465,2026-07-02 18:37:16.465,C3:00:00:63:4D:05,-67,127,1.5,6.5,1.5
1783010236468,2026-07-02 18:37:16.468,C3:00:00:63:4D:07,-58,127,1.5,6.5,1.5
1783010236470,2026-07-02 18:37:16.470,C3:00:00:63:4D:04,-63,127,1.5,6.5,1.5
1783010236493,2026-07-02 18:37:16.493,C3:00:00:63:4D:08,-53,127,1.5,6.5,1.5
1783010236525,2026-07-02 18:37:16.525,C3:00:00:63:4D:0D,-56,127,1.5,6.5,1.5
1783010236554,2026-07-02 18:37:16.554,C3:00:00:63:4D:09,-61,127,1.5,6.5,1.5
1783010236566,2026-07-02 18:37:16.566,C3:00:00:63:4D:05,-60,127,1.5,6.5,1.5
1783010236572,2026-07-02 18:37:16.572,C3:00:00:63:4D:07,-66,127,1.5,6.5,1.5
1783010236588,2026-07-02 18:37:16.588,C3:00:00:63:4C:D2,-54,127,1.5,6.5,1.5
1783010236601,2026-07-02 18:37:16.601,C3:00:00:63:4D:08,-44,127,1.5,6.5,1.5
1783010236607,2026-07-02 18:37:16.607,C3:00:00:63:4D:0A,-70,127,1.5,6.5,1.5
1783010236623,2026-07-02 18:37:16.623,C3:00:00:63:4D:0D,-58,127,1.5,6.5,1.5
1783010236627,2026-07-02 18:37:16.627,C3:00:00:63:4C:D2,-64,127,1.5,6.5,1.5
1783010236631,2026-07-02 18:37:16.631,C3:00:00:63:4D:07,-68,127,1.5,6.5,1.5
1783010236663,2026-07-02 18:37:16.663,C3:00:00:63:4D:09,-60,127,1.5,6.5,1.5
1783010236679,2026-07-02 18:37:16.679,C3:00:00:63:4D:05,-58,127,1.5,6.5,1.5
1783010236684,2026-07-02 18:37:16.684,C3:00:00:63:4D:04,-58,127,1.5,6.5,1.5
1783010236695,2026-07-02 18:37:16.695,C3:00:00:63:4D:07,-67,127,1.5,6.5,1.5
1783010236701,2026-07-02 18:37:16.701,C3:00:00:63:4C:D2,-63,127,1.5,6.5,1.5
1783010236706,2026-07-02 18:37:16.706,C3:00:00:63:4D:08,-46,127,1.5,6.5,1.5
1783010236709,2026-07-02 18:37:16.709,C3:00:00:63:4D:04,-58,127,1.5,6.5,1.5
1783010236714,2026-07-02 18:37:16.714,C3:00:00:63:4D:0A,-74,127,1.5,6.5,1.5
1783010236736,2026-07-02 18:37:16.736,C3:00:00:63:4D:0D,-54,127,1.5,6.5,1.5
1783010236784,2026-07-02 18:37:16.784,C3:00:00:63:4D:09,-70,127,1.5,6.5,1.5
1783010236807,2026-07-02 18:37:16.807,C3:00:00:63:4D:04,-62,127,1.5,6.5,1.5
1783010236828,2026-07-02 18:37:16.828,C3:00:00:63:4D:08,-54,127,1.5,6.5,1.5
1783010236831,2026-07-02 18:37:16.831,C3:00:00:63:4D:0A,-70,127,1.5,6.5,1.5
1783010236842,2026-07-02 18:37:16.842,C3:00:00:63:4D:0D,-54,127,1.5,6.5,1.5
1783010236899,2026-07-02 18:37:16.899,C3:00:00:63:4D:09,-65,127,1.5,6.5,1.5
1783010236926,2026-07-02 18:37:16.926,C3:00:00:63:4D:07,-58,127,1.5,6.5,1.5
1783010236931,2026-07-02 18:37:16.931,C3:00:00:63:4D:08,-49,127,1.5,6.5,1.5
1783010236940,2026-07-02 18:37:16.940,C3:00:00:63:4D:0A,-63,127,1.5,6.5,1.5
1783010236944,2026-07-02 18:37:16.944,C3:00:00:63:4D:0D,-61,127,1.5,6.5,1.5
1783010237011,2026-07-02 18:37:17.011,C3:00:00:63:4D:0D,-60,127,1.5,6.5,1.5
1783010237016,2026-07-02 18:37:17.016,C3:00:00:63:4D:09,-77,127,1.5,6.5,1.5
1783010237021,2026-07-02 18:37:17.021,C3:00:00:63:4D:04,-62,127,1.5,6.5,1.5
1783010237027,2026-07-02 18:37:17.027,C3:00:00:63:4D:05,-60,127,1.5,6.5,1.5
1783010237033,2026-07-02 18:37:17.033,C3:00:00:63:4D:07,-66,127,1.5,6.5,1.5
1783010237040,2026-07-02 18:37:17.040,C3:00:00:63:4D:08,-48,127,1.5,6.5,1.5
1783010237043,2026-07-02 18:37:17.043,C3:00:00:63:4C:D2,-72,127,1.5,6.5,1.5
1783010237046,2026-07-02 18:37:17.046,C3:00:00:63:4D:0D,-55,127,1.5,6.5,1.5
1783010237051,2026-07-02 18:37:17.051,C3:00:00:63:4D:0A,-62,127,1.5,6.5,1.5
1783010237053,2026-07-02 18:37:17.053,C3:00:00:63:4D:09,-76,127,1.5,6.5,1.5
1783010237127,2026-07-02 18:37:17.127,C3:00:00:63:4D:09,-70,127,1.5,6.5,1.5
1783010237129,2026-07-02 18:37:17.129,C3:00:00:63:4D:04,-62,127,1.5,6.5,1.5
1783010237167,2026-07-02 18:37:17.167,C3:00:00:63:4D:0A,-65,127,1.5,6.5,1.5
1783010237238,2026-07-02 18:37:17.238,C3:00:00:63:4D:09,-60,127,1.5,6.5,1.5
1783010237244,2026-07-02 18:37:17.244,C3:00:00:63:4D:04,-62,127,1.5,6.5,1.5
1783010237266,2026-07-02 18:37:17.266,C3:00:00:63:4D:08,-47,127,1.5,6.5,1.5
1783010237268,2026-07-02 18:37:17.268,C3:00:00:63:4D:09,-59,127,1.5,6.5,1.5
1783010237299,2026-07-02 18:37:17.299,C3:00:00:63:4C:D2,-64,127,1.5,6.5,1.5
1783010237347,2026-07-02 18:37:17.347,C3:00:00:63:4D:04,-64,127,1.5,6.5,1.5
1783010237358,2026-07-02 18:37:17.358,C3:00:00:63:4D:09,-67,127,1.5,6.5,1.5
1783010237362,2026-07-02 18:37:17.362,C3:00:00:63:4D:08,-51,127,1.5,6.5,1.5
1783010237366,2026-07-02 18:37:17.366,C3:00:00:63:4D:0D,-58,127,1.5,6.5,1.5
1783010237369,2026-07-02 18:37:17.369,C3:00:00:63:4D:05,-61,127,1.5,6.5,1.5
1783010237383,2026-07-02 18:37:17.383,C3:00:00:63:4C:D2,-61,127,1.5,6.5,1.5
1783010237385,2026-07-02 18:37:17.385,C3:00:00:63:4D:07,-66,127,1.5,6.5,1.5
1783010237391,2026-07-02 18:37:17.391,C3:00:00:63:4D:0A,-65,127,1.5,6.5,1.5
1783010237399,2026-07-02 18:37:17.399,C3:00:00:63:4D:05,-61,127,1.5,6.5,1.5
1783010237453,2026-07-02 18:37:17.453,C3:00:00:63:4D:04,-57,127,1.5,6.5,1.5
1783010237472,2026-07-02 18:37:17.472,C3:00:00:63:4D:08,-46,127,1.5,6.5,1.5
1783010237480,2026-07-02 18:37:17.480,C3:00:00:63:4D:09,-72,127,1.5,6.5,1.5
1783010237492,2026-07-02 18:37:17.492,C3:00:00:63:4D:0D,-51,127,1.5,6.5,1.5
1783010237495,2026-07-02 18:37:17.495,C3:00:00:63:4D:0A,-62,127,1.5,6.5,1.5
1783010237500,2026-07-02 18:37:17.500,C3:00:00:63:4D:05,-62,127,1.5,6.5,1.5
1783010237505,2026-07-02 18:37:17.505,C3:00:00:63:4D:0A,-63,127,1.5,6.5,1.5
1783010237564,2026-07-02 18:37:17.564,C3:00:00:63:4D:04,-60,127,1.5,6.5,1.5
1783010237587,2026-07-02 18:37:17.587,C3:00:00:63:4D:08,-51,127,1.5,6.5,1.5
1783010237589,2026-07-02 18:37:17.589,C3:00:00:63:4D:0D,-56,127,1.5,6.5,1.5
1783010237592,2026-07-02 18:37:17.592,C3:00:00:63:4D:09,-63,127,1.5,6.5,1.5
1783010237594,2026-07-02 18:37:17.594,C3:00:00:63:4D:0D,-56,127,1.5,6.5,1.5
1783010237599,2026-07-02 18:37:17.599,C3:00:00:63:4D:05,-65,127,1.5,6.5,1.5
1783010237613,2026-07-02 18:37:17.613,C3:00:00:63:4C:D2,-63,127,1.5,6.5,1.5
1783010237619,2026-07-02 18:37:17.619,C3:00:00:63:4D:0A,-68,127,1.5,6.5,1.5
1783010237626,2026-07-02 18:37:17.626,C3:00:00:63:4D:08,-47,127,1.5,6.5,1.5
1783010237646,2026-07-02 18:37:17.646,C3:00:00:63:4D:08,-48,127,1.5,6.5,1.5
1783010237668,2026-07-02 18:37:17.668,C3:00:00:63:4D:04,-66,127,1.5,6.5,1.5
1783010237671,2026-07-02 18:37:17.671,C3:00:00:63:4D:0D,-56,127,1.5,6.5,1.5
1783010237688,2026-07-02 18:37:17.688,C3:00:00:63:4D:08,-52,127,1.5,6.5,1.5
1783010237694,2026-07-02 18:37:17.694,C3:00:00:63:4D:09,-74,127,1.5,6.5,1.5
1783010237702,2026-07-02 18:37:17.702,C3:00:00:63:4D:0D,-57,127,1.5,6.5,1.5
1783010237715,2026-07-02 18:37:17.715,C3:00:00:63:4D:05,-63,127,1.5,6.5,1.5
1783010237722,2026-07-02 18:37:17.722,C3:00:00:63:4C:D2,-55,127,1.5,6.5,1.5
1783010237727,2026-07-02 18:37:17.727,C3:00:00:63:4D:04,-63,127,1.5,6.5,1.5
1783010237730,2026-07-02 18:37:17.730,C3:00:00:63:4D:07,-65,127,1.5,6.5,1.5
1783010237732,2026-07-02 18:37:17.732,C3:00:00:63:4D:0A,-76,127,1.5,6.5,1.5
1783010237744,2026-07-02 18:37:17.744,C3:00:00:63:4C:D2,-55,127,1.5,6.5,1.5
1783010237749,2026-07-02 18:37:17.749,C3:00:00:63:4D:04,-62,127,1.5,6.5,1.5
1783010237756,2026-07-02 18:37:17.756,C3:00:00:63:4D:07,-67,127,1.5,6.5,1.5
1783010237782,2026-07-02 18:37:17.782,C3:00:00:63:4D:0D,-54,127,1.5,6.5,1.5
1783010237786,2026-07-02 18:37:17.786,C3:00:00:63:4D:04,-60,127,1.5,6.5,1.5
1783010237799,2026-07-02 18:37:17.799,C3:00:00:63:4D:08,-47,127,1.5,6.5,1.5
1783010237811,2026-07-02 18:37:17.811,C3:00:00:63:4D:09,-63,127,1.5,6.5,1.5
1783010237834,2026-07-02 18:37:17.834,C3:00:00:63:4D:05,-73,127,1.5,6.5,1.5
1783010237852,2026-07-02 18:37:17.852,C3:00:00:63:4D:0A,-62,127,1.5,6.5,1.5
1783010237886,2026-07-02 18:37:17.886,C3:00:00:63:4D:0D,-56,127,1.5,6.5,1.5
1783010237891,2026-07-02 18:37:17.891,C3:00:00:63:4D:04,-61,127,1.5,6.5,1.5
1783010237902,2026-07-02 18:37:17.902,C3:00:00:63:4D:08,-48,127,1.5,6.5,1.5
1783010237944,2026-07-02 18:37:17.944,C3:00:00:63:4D:05,-71,127,1.5,6.5,1.5
1783010237958,2026-07-02 18:37:17.958,C3:00:00:63:4D:07,-63,127,1.5,6.5,1.5
1783010237993,2026-07-02 18:37:17.993,C3:00:00:63:4D:0D,-54,127,1.5,6.5,1.5
1783010237999,2026-07-02 18:37:17.999,C3:00:00:63:4D:04,-66,127,1.5,6.5,1.5
1783010238020,2026-07-02 18:37:18.020,C3:00:00:63:4D:08,-48,127,1.5,6.5,1.5
1783010238038,2026-07-02 18:37:18.038,C3:00:00:63:4D:09,-75,127,1.5,6.5,1.5
1783010238065,2026-07-02 18:37:18.065,C3:00:00:63:4D:05,-60,127,1.5,6.5,1.5
1783010238070,2026-07-02 18:37:18.070,C3:00:00:63:4D:0A,-74,127,1.5,6.5,1.5
1783010238074,2026-07-02 18:37:18.074,C3:00:00:63:4D:07,-67,127,1.5,6.5,1.5
1783010238077,2026-07-02 18:37:18.077,C3:00:00:63:4C:D2,-57,127,1.5,6.5,1.5
1783010238085,2026-07-02 18:37:18.085,C3:00:00:63:4D:05,-69,127,1.5,6.5,1.5
1783010238102,2026-07-02 18:37:18.102,C3:00:00:63:4D:0D,-55,127,1.5,6.5,1.5
1783010238115,2026-07-02 18:37:18.115,C3:00:00:63:4D:0A,-61,127,1.5,6.5,1.5
1783010238125,2026-07-02 18:37:18.125,C3:00:00:63:4D:08,-49,127,1.5,6.5,1.5
1783010238154,2026-07-02 18:37:18.154,C3:00:00:63:4D:09,-59,127,1.5,6.5,1.5
1783010238175,2026-07-02 18:37:18.175,C3:00:00:63:4D:05,-58,127,1.5,6.5,1.5
1783010238184,2026-07-02 18:37:18.184,C3:00:00:63:4D:07,-71,127,1.5,6.5,1.5
1783010238190,2026-07-02 18:37:18.190,C3:00:00:63:4D:0A,-60,127,1.5,6.5,1.5
1783010238203,2026-07-02 18:37:18.203,C3:00:00:63:4C:D2,-73,127,1.5,6.5,1.5
1783010238214,2026-07-02 18:37:18.214,C3:00:00:63:4D:07,-71,127,1.5,6.5,1.5
1783010238217,2026-07-02 18:37:18.217,C3:00:00:63:4D:0D,-54,127,1.5,6.5,1.5
1783010238223,2026-07-02 18:37:18.223,C3:00:00:63:4D:04,-62,127,1.5,6.5,1.5
1783010238230,2026-07-02 18:37:18.230,C3:00:00:63:4D:08,-52,127,1.5,6.5,1.5
1783010238294,2026-07-02 18:37:18.294,C3:00:00:63:4D:05,-64,127,1.5,6.5,1.5
1783010238302,2026-07-02 18:37:18.302,C3:00:00:63:4D:0A,-68,127,1.5,6.5,1.5
1783010238309,2026-07-02 18:37:18.309,C3:00:00:63:4D:07,-69,127,1.5,6.5,1.5
1783010238313,2026-07-02 18:37:18.313,C3:00:00:63:4C:D2,-63,127,1.5,6.5,1.5
1783010238315,2026-07-02 18:37:18.315,C3:00:00:63:4D:0D,-54,127,1.5,6.5,1.5
1783010238323,2026-07-02 18:37:18.323,C3:00:00:63:4D:04,-61,127,1.5,6.5,1.5
1783010238346,2026-07-02 18:37:18.346,C3:00:00:63:4D:08,-47,127,1.5,6.5,1.5
1783010238387,2026-07-02 18:37:18.387,C3:00:00:63:4D:07,-74,127,1.5,6.5,1.5
1783010238413,2026-07-02 18:37:18.413,C3:00:00:63:4D:0D,-55,127,1.5,6.5,1.5
1783010238453,2026-07-02 18:37:18.453,C3:00:00:63:4D:08,-48,127,1.5,6.5,1.5
1783010238495,2026-07-02 18:37:18.495,C3:00:00:63:4D:09,-64,127,1.5,6.5,1.5
1783010238520,2026-07-02 18:37:18.520,C3:00:00:63:4D:0D,-55,127,1.5,6.5,1.5
1783010238533,2026-07-02 18:37:18.533,C3:00:00:63:4D:07,-65,127,1.5,6.5,1.5
1783010238543,2026-07-02 18:37:18.543,C3:00:00:63:4D:04,-58,127,1.5,6.5,1.5
1783010238563,2026-07-02 18:37:18.563,C3:00:00:63:4D:08,-50,127,1.5,6.5,1.5
1783010238603,2026-07-02 18:37:18.603,C3:00:00:63:4D:09,-72,127,1.5,6.5,1.5
1783010238627,2026-07-02 18:37:18.627,C3:00:00:63:4D:0D,-52,127,1.5,6.5,1.5
1783010238640,2026-07-02 18:37:18.640,C3:00:00:63:4D:0A,-69,127,1.5,6.5,1.5
1783010238645,2026-07-02 18:37:18.645,C3:00:00:63:4D:05,-61,127,1.5,6.5,1.5
1783010238650,2026-07-02 18:37:18.650,C3:00:00:63:4D:07,-73,127,1.5,6.5,1.5
1783010238669,2026-07-02 18:37:18.669,C3:00:00:63:4D:07,-70,127,1.5,6.5,1.5
1783010238673,2026-07-02 18:37:18.673,C3:00:00:63:4D:08,-48,127,1.5,6.5,1.5
1783010238726,2026-07-02 18:37:18.726,C3:00:00:63:4D:09,-64,127,1.5,6.5,1.5
1783010238729,2026-07-02 18:37:18.729,C3:00:00:63:4D:0D,-56,127,1.5,6.5,1.5
1783010238745,2026-07-02 18:37:18.745,C3:00:00:63:4D:0A,-62,127,1.5,6.5,1.5
1783010238749,2026-07-02 18:37:18.749,C3:00:00:63:4D:05,-60,127,1.5,6.5,1.5
1783010238755,2026-07-02 18:37:18.755,C3:00:00:63:4D:07,-66,127,1.5,6.5,1.5
1783010238758,2026-07-02 18:37:18.758,C3:00:00:63:4D:04,-60,127,1.5,6.5,1.5
1783010238759,2026-07-02 18:37:18.759,C3:00:00:63:4C:D2,-64,127,1.5,6.5,1.5
1783010238773,2026-07-02 18:37:18.773,C3:00:00:63:4D:08,-48,127,1.5,6.5,1.5
1783010238830,2026-07-02 18:37:18.830,C3:00:00:63:4D:09,-59,127,1.5,6.5,1.5
1783010238839,2026-07-02 18:37:18.839,C3:00:00:63:4D:0D,-54,127,1.5,6.5,1.5
1783010238864,2026-07-02 18:37:18.864,C3:00:00:63:4D:0A,-61,127,1.5,6.5,1.5
1783010238868,2026-07-02 18:37:18.868,C3:00:00:63:4D:05,-61,127,1.5,6.5,1.5
1783010238874,2026-07-02 18:37:18.874,C3:00:00:63:4C:D2,-65,127,1.5,6.5,1.5
1783010238890,2026-07-02 18:37:18.890,C3:00:00:63:4D:08,-47,127,1.5,6.5,1.5
1783010238939,2026-07-02 18:37:18.939,C3:00:00:63:4D:0D,-52,127,1.5,6.5,1.5
1783010238942,2026-07-02 18:37:18.942,C3:00:00:63:4D:08,-43,127,1.5,6.5,1.5
1783010238946,2026-07-02 18:37:18.946,C3:00:00:63:4D:09,-64,127,1.5,6.5,1.5
1783010238955,2026-07-02 18:37:18.955,C3:00:00:63:4D:08,-52,127,1.5,6.5,1.5
1783010238968,2026-07-02 18:37:18.968,C3:00:00:63:4D:0A,-74,127,1.5,6.5,1.5
1783010238984,2026-07-02 18:37:18.984,C3:00:00:63:4D:04,-58,127,1.5,6.5,1.5
1783010238988,2026-07-02 18:37:18.988,C3:00:00:63:4C:D2,-57,127,1.5,6.5,1.5
1783010238990,2026-07-02 18:37:18.990,C3:00:00:63:4D:07,-67,127,1.5,6.5,1.5
1783010238992,2026-07-02 18:37:18.992,C3:00:00:63:4D:08,-48,127,1.5,6.5,1.5
1783010239016,2026-07-02 18:37:19.016,C3:00:00:63:4D:0D,-62,127,1.5,6.5,1.5
1783010239047,2026-07-02 18:37:19.047,C3:00:00:63:4D:0D,-59,127,1.5,6.5,1.5
1783010239051,2026-07-02 18:37:19.051,C3:00:00:63:4D:09,-61,127,1.5,6.5,1.5
1783010239070,2026-07-02 18:37:19.070,C3:00:00:63:4D:09,-62,127,1.5,6.5,1.5
1783010239088,2026-07-02 18:37:19.088,C3:00:00:63:4D:04,-63,127,1.5,6.5,1.5
1783010239097,2026-07-02 18:37:19.097,C3:00:00:63:4D:0A,-60,127,1.5,6.5,1.5
1783010239106,2026-07-02 18:37:19.106,C3:00:00:63:4D:05,-62,127,1.5,6.5,1.5
1783010239108,2026-07-02 18:37:19.108,C3:00:00:63:4D:07,-75,127,1.5,6.5,1.5
1783010239113,2026-07-02 18:37:19.113,C3:00:00:63:4D:08,-50,127,1.5,6.5,1.5
1783010239114,2026-07-02 18:37:19.114,C3:00:00:63:4C:D2,-66,127,1.5,6.5,1.5
1783010239150,2026-07-02 18:37:19.150,C3:00:00:63:4D:0D,-54,127,1.5,6.5,1.5
1783010239178,2026-07-02 18:37:19.178,C3:00:00:63:4D:09,-71,127,1.5,6.5,1.5
1783010239203,2026-07-02 18:37:19.203,C3:00:00:63:4D:0A,-63,127,1.5,6.5,1.5
1783010239215,2026-07-02 18:37:19.215,C3:00:00:63:4D:08,-46,127,1.5,6.5,1.5
1783010239231,2026-07-02 18:37:19.231,C3:00:00:63:4C:D2,-54,127,1.5,6.5,1.5
1783010239234,2026-07-02 18:37:19.234,C3:00:00:63:4D:07,-64,127,1.5,6.5,1.5
1783010239240,2026-07-02 18:37:19.240,C3:00:00:63:4D:05,-56,127,1.5,6.5,1.5
1783010239247,2026-07-02 18:37:19.247,C3:00:00:63:4C:D2,-61,127,1.5,6.5,1.5
1783010239255,2026-07-02 18:37:19.255,C3:00:00:63:4D:0D,-54,127,1.5,6.5,1.5
1783010239277,2026-07-02 18:37:19.277,C3:00:00:63:4D:0A,-80,127,1.5,6.5,1.5
1783010239293,2026-07-02 18:37:19.293,C3:00:00:63:4D:09,-68,127,1.5,6.5,1.5
1783010239313,2026-07-02 18:37:19.313,C3:00:00:63:4D:04,-60,127,1.5,6.5,1.5
1783010239335,2026-07-02 18:37:19.335,C3:00:00:63:4D:08,-47,127,1.5,6.5,1.5
1783010239339,2026-07-02 18:37:19.339,C3:00:00:63:4C:D2,-61,127,1.5,6.5,1.5
1783010239352,2026-07-02 18:37:19.352,C3:00:00:63:4D:0D,-55,127,1.5,6.5,1.5
1783010239404,2026-07-02 18:37:19.404,C3:00:00:63:4D:09,-68,127,1.5,6.5,1.5
1783010239414,2026-07-02 18:37:19.414,C3:00:00:63:4D:04,-64,127,1.5,6.5,1.5
1783010239429,2026-07-02 18:37:19.429,C3:00:00:63:4D:0A,-62,127,1.5,6.5,1.5
1783010239435,2026-07-02 18:37:19.435,C3:00:00:63:4D:08,-51,127,1.5,6.5,1.5
1783010239447,2026-07-02 18:37:19.447,C3:00:00:63:4D:05,-82,127,1.5,6.5,1.5
1783010239452,2026-07-02 18:37:19.452,C3:00:00:63:4C:D2,-76,127,1.5,6.5,1.5
1783010239453,2026-07-02 18:37:19.453,C3:00:00:63:4D:07,-63,127,1.5,6.5,1.5
1783010239464,2026-07-02 18:37:19.464,C3:00:00:63:4D:0D,-58,127,1.5,6.5,1.5
1783010239523,2026-07-02 18:37:19.523,C3:00:00:63:4D:09,-64,127,1.5,6.5,1.5
1783010239529,2026-07-02 18:37:19.529,C3:00:00:63:4D:04,-64,127,1.5,6.5,1.5
1783010239539,2026-07-02 18:37:19.539,C3:00:00:63:4D:08,-48,127,1.5,6.5,1.5
1783010239563,2026-07-02 18:37:19.563,C3:00:00:63:4D:05,-56,127,1.5,6.5,1.5
1783010239570,2026-07-02 18:37:19.570,C3:00:00:63:4C:D2,-55,127,1.5,6.5,1.5
1783010239579,2026-07-02 18:37:19.579,C3:00:00:63:4D:07,-60,127,1.5,6.5,1.5
1783010239581,2026-07-02 18:37:19.581,C3:00:00:63:4D:0D,-57,127,1.5,6.5,1.5
1783010239597,2026-07-02 18:37:19.597,C3:00:00:63:4D:0D,-55,127,1.5,6.5,1.5
1783010239629,2026-07-02 18:37:19.629,C3:00:00:63:4D:09,-73,127,1.5,6.5,1.5
1783010239639,2026-07-02 18:37:19.639,C3:00:00:63:4D:04,-65,127,1.5,6.5,1.5
1783010239649,2026-07-02 18:37:19.649,C3:00:00:63:4D:0A,-59,127,1.5,6.5,1.5
1783010239658,2026-07-02 18:37:19.658,C3:00:00:63:4D:08,-46,127,1.5,6.5,1.5
1783010239666,2026-07-02 18:37:19.666,C3:00:00:63:4D:05,-64,127,1.5,6.5,1.5
1783010239671,2026-07-02 18:37:19.671,C3:00:00:63:4D:08,-47,127,1.5,6.5,1.5
1783010239675,2026-07-02 18:37:19.675,C3:00:00:63:4D:0D,-58,127,1.5,6.5,1.5
1783010239679,2026-07-02 18:37:19.679,C3:00:00:63:4D:07,-68,127,1.5,6.5,1.5
1783010239727,2026-07-02 18:37:19.727,C3:00:00:63:4C:D2,-68,127,1.5,6.5,1.5
1783010239739,2026-07-02 18:37:19.739,C3:00:00:63:4D:04,-65,127,1.5,6.5,1.5
1783010239755,2026-07-02 18:37:19.755,C3:00:00:63:4D:09,-65,127,1.5,6.5,1.5
1783010239760,2026-07-02 18:37:19.760,C3:00:00:63:4D:08,-52,127,1.5,6.5,1.5
1783010239762,2026-07-02 18:37:19.762,C3:00:00:63:4D:04,-63,127,1.5,6.5,1.5
1783010239764,2026-07-02 18:37:19.764,C3:00:00:63:4D:0A,-63,127,1.5,6.5,1.5
1783010239774,2026-07-02 18:37:19.774,C3:00:00:63:4D:04,-62,127,1.5,6.5,1.5
1783010239780,2026-07-02 18:37:19.780,C3:00:00:63:4D:0D,-55,127,1.5,6.5,1.5
1783010239789,2026-07-02 18:37:19.789,C3:00:00:63:4D:05,-64,127,1.5,6.5,1.5
1783010239800,2026-07-02 18:37:19.800,C3:00:00:63:4C:D2,-69,127,1.5,6.5,1.5
1783010239809,2026-07-02 18:37:19.809,C3:00:00:63:4D:04,-70,127,1.5,6.5,1.5
1783010239847,2026-07-02 18:37:19.847,C3:00:00:63:4D:04,-60,127,1.5,6.5,1.5
1783010239858,2026-07-02 18:37:19.858,C3:00:00:63:4D:09,-60,127,1.5,6.5,1.5
1783010239871,2026-07-02 18:37:19.871,C3:00:00:63:4D:08,-48,127,1.5,6.5,1.5
1783010239883,2026-07-02 18:37:19.883,C3:00:00:63:4D:0A,-74,127,1.5,6.5,1.5
1783010239900,2026-07-02 18:37:19.900,C3:00:00:63:4D:0D,-52,127,1.5,6.5,1.5
1783010239905,2026-07-02 18:37:19.905,C3:00:00:63:4D:05,-57,127,1.5,6.5,1.5
1783010239908,2026-07-02 18:37:19.908,C3:00:00:63:4D:07,-70,127,1.5,6.5,1.5
1783010239923,2026-07-02 18:37:19.923,C3:00:00:63:4C:D2,-68,127,1.5,6.5,1.5
1783010239932,2026-07-02 18:37:19.932,C3:00:00:63:4D:09,-79,127,1.5,6.5,1.5
1783010239958,2026-07-02 18:37:19.958,C3:00:00:63:4D:04,-61,127,1.5,6.5,1.5
1783010239981,2026-07-02 18:37:19.981,C3:00:00:63:4D:08,-48,127,1.5,6.5,1.5
1783010240020,2026-07-02 18:37:20.020,C3:00:00:63:4D:05,-72,127,1.5,6.5,1.5
1783010240071,2026-07-02 18:37:20.071,C3:00:00:63:4D:04,-62,127,1.5,6.5,1.5
1783010240096,2026-07-02 18:37:20.096,C3:00:00:63:4D:09,-60,127,1.5,6.5,1.5
1783010240101,2026-07-02 18:37:20.101,C3:00:00:63:4D:08,-49,127,1.5,6.5,1.5
1783010240103,2026-07-02 18:37:20.103,C3:00:00:63:4D:0D,-55,127,1.5,6.5,1.5
1783010240104,2026-07-02 18:37:20.104,C3:00:00:63:4D:0A,-67,127,1.5,6.5,1.5
1783010240125,2026-07-02 18:37:20.125,C3:00:00:63:4D:0A,-62,127,1.5,6.5,1.5
1783010240130,2026-07-02 18:37:20.130,C3:00:00:63:4D:05,-59,127,1.5,6.5,1.5
1783010240169,2026-07-02 18:37:20.169,C3:00:00:63:4D:0D,-61,127,1.5,6.5,1.5
1783010240184,2026-07-02 18:37:20.184,C3:00:00:63:4D:04,-58,127,1.5,6.5,1.5
1783010240199,2026-07-02 18:37:20.199,C3:00:00:63:4D:08,-44,127,1.5,6.5,1.5
1783010240212,2026-07-02 18:37:20.212,C3:00:00:63:4D:0D,-51,127,1.5,6.5,1.5
1783010240214,2026-07-02 18:37:20.214,C3:00:00:63:4D:09,-58,127,1.5,6.5,1.5
1783010240220,2026-07-02 18:37:20.220,C3:00:00:63:4D:0A,-60,127,1.5,6.5,1.5
1783010240241,2026-07-02 18:37:20.241,C3:00:00:63:4D:05,-57,127,1.5,6.5,1.5
1783010240255,2026-07-02 18:37:20.255,C3:00:00:63:4D:07,-71,127,1.5,6.5,1.5
1783010240261,2026-07-02 18:37:20.261,C3:00:00:63:4C:D2,-63,127,1.5,6.5,1.5
1783010240285,2026-07-02 18:37:20.285,C3:00:00:63:4D:04,-64,127,1.5,6.5,1.5
1783010240298,2026-07-02 18:37:20.298,C3:00:00:63:4D:0D,-55,127,1.5,6.5,1.5
1783010240304,2026-07-02 18:37:20.304,C3:00:00:63:4D:08,-48,127,1.5,6.5,1.5
1783010240324,2026-07-02 18:37:20.324,C3:00:00:63:4D:09,-64,127,1.5,6.5,1.5
1783010240327,2026-07-02 18:37:20.327,C3:00:00:63:4D:0A,-62,127,1.5,6.5,1.5
1783010240363,2026-07-02 18:37:20.363,C3:00:00:63:4D:05,-61,127,1.5,6.5,1.5
1783010240372,2026-07-02 18:37:20.372,C3:00:00:63:4D:07,-64,127,1.5,6.5,1.5
1783010240379,2026-07-02 18:37:20.379,C3:00:00:63:4C:D2,-69,127,1.5,6.5,1.5
1783010240403,2026-07-02 18:37:20.403,C3:00:00:63:4D:04,-64,127,1.5,6.5,1.5
1783010240434,2026-07-02 18:37:20.434,C3:00:00:63:4D:05,-65,127,1.5,6.5,1.5
1783010240436,2026-07-02 18:37:20.436,C3:00:00:63:4D:09,-60,127,1.5,6.5,1.5
1783010240438,2026-07-02 18:37:20.438,C3:00:00:63:4D:0A,-69,127,1.5,6.5,1.5
1783010240444,2026-07-02 18:37:20.444,C3:00:00:63:4D:09,-60,127,1.5,6.5,1.5
1783010240479,2026-07-02 18:37:20.479,C3:00:00:63:4D:05,-62,127,1.5,6.5,1.5
1783010240482,2026-07-02 18:37:20.482,C3:00:00:63:4C:D2,-58,127,1.5,6.5,1.5
1783010240486,2026-07-02 18:37:20.486,C3:00:00:63:4D:07,-67,127,1.5,6.5,1.5
1783010240526,2026-07-02 18:37:20.526,C3:00:00:63:4D:08,-50,127,1.5,6.5,1.5
1783010240549,2026-07-02 18:37:20.549,C3:00:00:63:4D:09,-60,127,1.5,6.5,1.5
1783010240553,2026-07-02 18:37:20.553,C3:00:00:63:4D:0A,-60,127,1.5,6.5,1.5
1783010240587,2026-07-02 18:37:20.587,C3:00:00:63:4D:05,-59,127,1.5,6.5,1.5
1783010240609,2026-07-02 18:37:20.609,C3:00:00:63:4C:D2,-61,127,1.5,6.5,1.5
1783010240611,2026-07-02 18:37:20.611,C3:00:00:63:4D:07,-68,127,1.5,6.5,1.5
1783010240615,2026-07-02 18:37:20.615,C3:00:00:63:4D:04,-59,127,1.5,6.5,1.5
1783010240620,2026-07-02 18:37:20.620,C3:00:00:63:4D:0D,-53,127,1.5,6.5,1.5
1783010240623,2026-07-02 18:37:20.623,C3:00:00:63:4D:08,-68,127,1.5,6.5,1.5
1783010240642,2026-07-02 18:37:20.642,C3:00:00:63:4C:D2,-75,127,1.5,6.5,1.5
1783010240654,2026-07-02 18:37:20.654,C3:00:00:63:4D:07,-68,127,1.5,6.5,1.5
1783010240657,2026-07-02 18:37:20.657,C3:00:00:63:4D:09,-66,127,1.5,6.5,1.5
1783010240664,2026-07-02 18:37:20.664,C3:00:00:63:4D:0A,-62,127,1.5,6.5,1.5
1783010240699,2026-07-02 18:37:20.699,C3:00:00:63:4D:04,-60,127,1.5,6.5,1.5
1783010240713,2026-07-02 18:37:20.713,C3:00:00:63:4D:05,-62,127,1.5,6.5,1.5
1783010240718,2026-07-02 18:37:20.718,C3:00:00:63:4D:07,-64,127,1.5,6.5,1.5
1783010240727,2026-07-02 18:37:20.727,C3:00:00:63:4C:D2,-58,127,1.5,6.5,1.5
1783010240731,2026-07-02 18:37:20.731,C3:00:00:63:4D:0D,-54,127,1.5,6.5,1.5
1783010240735,2026-07-02 18:37:20.735,C3:00:00:63:4D:04,-66,127,1.5,6.5,1.5
1783010240740,2026-07-02 18:37:20.740,C3:00:00:63:4D:08,-48,127,1.5,6.5,1.5
1783010240776,2026-07-02 18:37:20.776,C3:00:00:63:4D:09,-61,127,1.5,6.5,1.5
1783010240787,2026-07-02 18:37:20.787,C3:00:00:63:4D:0A,-66,127,1.5,6.5,1.5
1783010240817,2026-07-02 18:37:20.817,C3:00:00:63:4D:05,-64,127,1.5,6.5,1.5
1783010240829,2026-07-02 18:37:20.829,C3:00:00:63:4D:07,-62,127,1.5,6.5,1.5
1783010240832,2026-07-02 18:37:20.832,C3:00:00:63:4D:0D,-54,127,1.5,6.5,1.5
1783010240837,2026-07-02 18:37:20.837,C3:00:00:63:4D:04,-59,127,1.5,6.5,1.5
1783010240846,2026-07-02 18:37:20.846,C3:00:00:63:4D:08,-54,127,1.5,6.5,1.5
1783010240892,2026-07-02 18:37:20.892,C3:00:00:63:4D:0A,-64,127,1.5,6.5,1.5
1783010240934,2026-07-02 18:37:20.934,C3:00:00:63:4D:0D,-55,127,1.5,6.5,1.5
1783010240941,2026-07-02 18:37:20.941,C3:00:00:63:4D:05,-73,127,1.5,6.5,1.5
1783010240956,2026-07-02 18:37:20.956,C3:00:00:63:4D:04,-61,127,1.5,6.5,1.5
1783010240963,2026-07-02 18:37:20.963,C3:00:00:63:4D:08,-53,127,1.5,6.5,1.5
1783010241004,2026-07-02 18:37:21.004,C3:00:00:63:4D:0A,-65,127,1.5,6.5,1.5
1783010241028,2026-07-02 18:37:21.028,C3:00:00:63:4D:0D,-54,127,1.5,6.5,1.5
1783010241052,2026-07-02 18:37:21.052,C3:00:00:63:4D:05,-57,127,1.5,6.5,1.5
1783010241055,2026-07-02 18:37:21.055,C3:00:00:63:4D:09,-64,127,1.5,6.5,1.5
1783010241059,2026-07-02 18:37:21.059,C3:00:00:63:4D:04,-65,127,1.5,6.5,1.5
1783010241063,2026-07-02 18:37:21.063,C3:00:00:63:4D:08,-50,127,1.5,6.5,1.5
1783010241115,2026-07-02 18:37:21.115,C3:00:00:63:4D:0A,-62,127,1.5,6.5,1.5
1783010241117,2026-07-02 18:37:21.117,C3:00:00:63:4D:09,-64,127,1.5,6.5,1.5
1783010241146,2026-07-02 18:37:21.146,C3:00:00:63:4D:0D,-56,127,1.5,6.5,1.5
1783010241166,2026-07-02 18:37:21.166,C3:00:00:63:4D:04,-58,127,1.5,6.5,1.5
1783010241172,2026-07-02 18:37:21.172,C3:00:00:63:4D:05,-61,127,1.5,6.5,1.5
1783010241175,2026-07-02 18:37:21.175,C3:00:00:63:4D:08,-47,127,1.5,6.5,1.5
1783010241178,2026-07-02 18:37:21.178,C3:00:00:63:4C:D2,-66,127,1.5,6.5,1.5
1783010241180,2026-07-02 18:37:21.180,C3:00:00:63:4D:07,-73,127,1.5,6.5,1.5
1783010241216,2026-07-02 18:37:21.216,C3:00:00:63:4D:05,-63,127,1.5,6.5,1.5
1783010241229,2026-07-02 18:37:21.229,C3:00:00:63:4D:09,-62,127,1.5,6.5,1.5
1783010241233,2026-07-02 18:37:21.233,C3:00:00:63:4D:0A,-64,127,1.5,6.5,1.5
1783010241246,2026-07-02 18:37:21.246,C3:00:00:63:4D:0D,-61,127,1.5,6.5,1.5
1783010241256,2026-07-02 18:37:21.256,C3:00:00:63:4D:09,-61,127,1.5,6.5,1.5
1783010241273,2026-07-02 18:37:21.273,C3:00:00:63:4D:04,-63,127,1.5,6.5,1.5
1783010241277,2026-07-02 18:37:21.277,C3:00:00:63:4D:0A,-65,127,1.5,6.5,1.5
1783010241291,2026-07-02 18:37:21.291,C3:00:00:63:4D:07,-69,127,1.5,6.5,1.5
1783010241294,2026-07-02 18:37:21.294,C3:00:00:63:4C:D2,-72,127,1.5,6.5,1.5
1783010241310,2026-07-02 18:37:21.310,C3:00:00:63:4C:D2,-57,127,1.5,6.5,1.5
1783010241344,2026-07-02 18:37:21.344,C3:00:00:63:4D:09,-62,127,1.5,6.5,1.5
1783010241351,2026-07-02 18:37:21.351,C3:00:00:63:4D:0A,-68,127,1.5,6.5,1.5
1783010241366,2026-07-02 18:37:21.366,C3:00:00:63:4D:0D,-58,127,1.5,6.5,1.5
1783010241381,2026-07-02 18:37:21.381,C3:00:00:63:4D:04,-63,127,1.5,6.5,1.5
1783010241400,2026-07-02 18:37:21.400,C3:00:00:63:4D:05,-58,127,1.5,6.5,1.5
1783010241412,2026-07-02 18:37:21.412,C3:00:00:63:4D:07,-72,127,1.5,6.5,1.5
1783010241415,2026-07-02 18:37:21.415,C3:00:00:63:4D:05,-61,127,1.5,6.5,1.5
1783010241455,2026-07-02 18:37:21.455,C3:00:00:63:4D:0A,-62,127,1.5,6.5,1.5
1783010241463,2026-07-02 18:37:21.463,C3:00:00:63:4D:09,-67,127,1.5,6.5,1.5
1783010241470,2026-07-02 18:37:21.470,C3:00:00:63:4D:0D,-59,127,1.5,6.5,1.5
1783010241486,2026-07-02 18:37:21.486,C3:00:00:63:4D:04,-61,127,1.5,6.5,1.5
1783010241487,2026-07-02 18:37:21.487,C3:00:00:63:4D:0A,-61,127,1.5,6.5,1.5
1783010241513,2026-07-02 18:37:21.513,C3:00:00:63:4D:05,-67,127,1.5,6.5,1.5
1783010241515,2026-07-02 18:37:21.515,C3:00:00:63:4D:07,-63,127,1.5,6.5,1.5
1783010241562,2026-07-02 18:37:21.562,C3:00:00:63:4D:0D,-57,127,1.5,6.5,1.5
1783010241598,2026-07-02 18:37:21.598,C3:00:00:63:4D:04,-65,127,1.5,6.5,1.5
1783010241617,2026-07-02 18:37:21.617,C3:00:00:63:4D:0D,-54,127,1.5,6.5,1.5
1783010241619,2026-07-02 18:37:21.619,C3:00:00:63:4D:08,-53,127,1.5,6.5,1.5
1783010241630,2026-07-02 18:37:21.630,C3:00:00:63:4D:05,-56,127,1.5,6.5,1.5
1783010241638,2026-07-02 18:37:21.638,C3:00:00:63:4D:07,-73,127,1.5,6.5,1.5
1783010241643,2026-07-02 18:37:21.643,C3:00:00:63:4D:08,-53,127,1.5,6.5,1.5
1783010241646,2026-07-02 18:37:21.646,C3:00:00:63:4C:D2,-57,127,1.5,6.5,1.5
1783010241654,2026-07-02 18:37:21.654,C3:00:00:63:4D:08,-53,127,1.5,6.5,1.5
1783010241669,2026-07-02 18:37:21.669,C3:00:00:63:4D:0D,-54,127,1.5,6.5,1.5
1783010241687,2026-07-02 18:37:21.687,C3:00:00:63:4D:0A,-70,127,1.5,6.5,1.5
1783010241693,2026-07-02 18:37:21.693,C3:00:00:63:4D:09,-60,127,1.5,6.5,1.5
1783010241702,2026-07-02 18:37:21.702,C3:00:00:63:4D:0D,-55,127,1.5,6.5,1.5
1783010241705,2026-07-02 18:37:21.705,C3:00:00:63:4D:04,-66,127,1.5,6.5,1.5
1783010241717,2026-07-02 18:37:21.717,C3:00:00:63:4D:08,-51,127,1.5,6.5,1.5
1783010241736,2026-07-02 18:37:21.736,C3:00:00:63:4D:05,-61,127,1.5,6.5,1.5
1783010241742,2026-07-02 18:37:21.742,C3:00:00:63:4C:D2,-66,127,1.5,6.5,1.5
1783010241746,2026-07-02 18:37:21.746,C3:00:00:63:4D:04,-59,127,1.5,6.5,1.5
1783010241752,2026-07-02 18:37:21.752,C3:00:00:63:4D:07,-70,127,1.5,6.5,1.5
1783010241760,2026-07-02 18:37:21.760,C3:00:00:63:4C:D2,-63,127,1.5,6.5,1.5
1783010241762,2026-07-02 18:37:21.762,C3:00:00:63:4D:07,-73,127,1.5,6.5,1.5
1783010241769,2026-07-02 18:37:21.769,C3:00:00:63:4D:0D,-58,127,1.5,6.5,1.5
1783010241799,2026-07-02 18:37:21.799,C3:00:00:63:4D:0A,-58,127,1.5,6.5,1.5
1783010241802,2026-07-02 18:37:21.802,C3:00:00:63:4D:09,-66,127,1.5,6.5,1.5
1783010241819,2026-07-02 18:37:21.819,C3:00:00:63:4D:04,-58,127,1.5,6.5,1.5
1783010241839,2026-07-02 18:37:21.839,C3:00:00:63:4D:08,-48,127,1.5,6.5,1.5
1783010241857,2026-07-02 18:37:21.857,C3:00:00:63:4D:05,-63,127,1.5,6.5,1.5
1783010241866,2026-07-02 18:37:21.866,C3:00:00:63:4C:D2,-64,127,1.5,6.5,1.5
1783010241873,2026-07-02 18:37:21.873,C3:00:00:63:4D:07,-65,127,1.5,6.5,1.5
1783010241886,2026-07-02 18:37:21.886,C3:00:00:63:4D:0D,-54,127,1.5,6.5,1.5
1783010241909,2026-07-02 18:37:21.909,C3:00:00:63:4D:0A,-63,127,1.5,6.5,1.5
1783010241920,2026-07-02 18:37:21.920,C3:00:00:63:4D:09,-60,127,1.5,6.5,1.5
1783010241926,2026-07-02 18:37:21.926,C3:00:00:63:4D:04,-59,127,1.5,6.5,1.5
1783010241938,2026-07-02 18:37:21.938,C3:00:00:63:4D:08,-45,127,1.5,6.5,1.5
1783010241977,2026-07-02 18:37:21.977,C3:00:00:63:4D:05,-60,127,1.5,6.5,1.5
1783010241982,2026-07-02 18:37:21.982,C3:00:00:63:4D:0D,-54,127,1.5,6.5,1.5
1783010241986,2026-07-02 18:37:21.986,C3:00:00:63:4C:D2,-55,127,1.5,6.5,1.5
1783010242020,2026-07-02 18:37:22.020,C3:00:00:63:4D:0A,-60,127,1.5,6.5,1.5
1783010242053,2026-07-02 18:37:22.053,C3:00:00:63:4D:08,-48,127,1.5,6.5,1.5
1783010242107,2026-07-02 18:37:22.107,C3:00:00:63:4D:05,-61,127,1.5,6.5,1.5
1783010242124,2026-07-02 18:37:22.124,C3:00:00:63:4D:0A,-64,127,1.5,6.5,1.5
1783010242138,2026-07-02 18:37:22.138,C3:00:00:63:4D:04,-62,127,1.5,6.5,1.5
1783010242149,2026-07-02 18:37:22.149,C3:00:00:63:4D:09,-62,127,1.5,6.5,1.5
1783010242155,2026-07-02 18:37:22.155,C3:00:00:63:4D:0A,-64,127,1.5,6.5,1.5
1783010242157,2026-07-02 18:37:22.157,C3:00:00:63:4D:08,-46,127,1.5,6.5,1.5
1783010242192,2026-07-02 18:37:22.192,C3:00:00:63:4D:0D,-55,127,1.5,6.5,1.5
1783010242202,2026-07-02 18:37:22.202,C3:00:00:63:4D:05,-58,127,1.5,6.5,1.5
1783010242206,2026-07-02 18:37:22.206,C3:00:00:63:4D:07,-63,127,1.5,6.5,1.5
1783010242210,2026-07-02 18:37:22.210,C3:00:00:63:4C:D2,-80,127,1.5,6.5,1.5
1783010242226,2026-07-02 18:37:22.226,C3:00:00:63:4D:07,-71,127,1.5,6.5,1.5
1783010242247,2026-07-02 18:37:22.247,C3:00:00:63:4D:0A,-72,127,1.5,6.5,1.5
1783010242301,2026-07-02 18:37:22.301,C3:00:00:63:4D:0D,-54,127,1.5,6.5,1.5
1783010242333,2026-07-02 18:37:22.333,C3:00:00:63:4C:D2,-62,127,1.5,6.5,1.5
1783010242357,2026-07-02 18:37:22.357,C3:00:00:63:4D:0A,-60,127,1.5,6.5,1.5
1783010242369,2026-07-02 18:37:22.369,C3:00:00:63:4D:09,-62,127,1.5,6.5,1.5
1783010242378,2026-07-02 18:37:22.378,C3:00:00:63:4D:08,-46,127,1.5,6.5,1.5
1783010242385,2026-07-02 18:37:22.385,C3:00:00:63:4D:07,-82,127,1.5,6.5,1.5
1783010242395,2026-07-02 18:37:22.395,C3:00:00:63:4D:0D,-60,127,1.5,6.5,1.5
1783010242437,2026-07-02 18:37:22.437,C3:00:00:63:4D:05,-62,127,1.5,6.5,1.5
1783010242441,2026-07-02 18:37:22.441,C3:00:00:63:4C:D2,-71,127,1.5,6.5,1.5
1783010242446,2026-07-02 18:37:22.446,C3:00:00:63:4D:07,-70,127,1.5,6.5,1.5
1783010242452,2026-07-02 18:37:22.452,C3:00:00:63:4D:05,-65,127,1.5,6.5,1.5
1783010242468,2026-07-02 18:37:22.468,C3:00:00:63:4D:04,-59,127,1.5,6.5,1.5
1783010242480,2026-07-02 18:37:22.480,C3:00:00:63:4D:09,-78,127,1.5,6.5,1.5
1783010242488,2026-07-02 18:37:22.488,C3:00:00:63:4D:08,-55,127,1.5,6.5,1.5
1783010242508,2026-07-02 18:37:22.508,C3:00:00:63:4D:0D,-54,127,1.5,6.5,1.5
1783010242544,2026-07-02 18:37:22.544,C3:00:00:63:4D:05,-56,127,1.5,6.5,1.5
1783010242553,2026-07-02 18:37:22.553,C3:00:00:63:4C:D2,-57,127,1.5,6.5,1.5
1783010242562,2026-07-02 18:37:22.562,C3:00:00:63:4D:07,-85,127,1.5,6.5,1.5
1783010242576,2026-07-02 18:37:22.576,C3:00:00:63:4D:04,-60,127,1.5,6.5,1.5
1783010242593,2026-07-02 18:37:22.593,C3:00:00:63:4D:0A,-69,127,1.5,6.5,1.5
1783010242595,2026-07-02 18:37:22.595,C3:00:00:63:4D:09,-59,127,1.5,6.5,1.5
1783010242602,2026-07-02 18:37:22.602,C3:00:00:63:4D:08,-49,127,1.5,6.5,1.5
1783010242611,2026-07-02 18:37:22.611,C3:00:00:63:4D:0D,-55,127,1.5,6.5,1.5
1783010242658,2026-07-02 18:37:22.658,C3:00:00:63:4D:07,-65,127,1.5,6.5,1.5
1783010242666,2026-07-02 18:37:22.666,C3:00:00:63:4D:05,-56,127,1.5,6.5,1.5
1783010242669,2026-07-02 18:37:22.669,C3:00:00:63:4C:D2,-72,127,1.5,6.5,1.5
1783010242679,2026-07-02 18:37:22.679,C3:00:00:63:4D:07,-67,127,1.5,6.5,1.5
1783010242685,2026-07-02 18:37:22.685,C3:00:00:63:4D:04,-65,127,1.5,6.5,1.5
1783010242697,2026-07-02 18:37:22.697,C3:00:00:63:4D:0A,-59,127,1.5,6.5,1.5
1783010242701,2026-07-02 18:37:22.701,C3:00:00:63:4D:08,-50,127,1.5,6.5,1.5
1783010242712,2026-07-02 18:37:22.712,C3:00:00:63:4D:09,-61,127,1.5,6.5,1.5
1783010242716,2026-07-02 18:37:22.716,C3:00:00:63:4D:0D,-53,127,1.5,6.5,1.5
1783010242779,2026-07-02 18:37:22.779,C3:00:00:63:4D:05,-69,127,1.5,6.5,1.5
1783010242785,2026-07-02 18:37:22.785,C3:00:00:63:4C:D2,-67,127,1.5,6.5,1.5
1783010242824,2026-07-02 18:37:22.824,C3:00:00:63:4D:08,-45,127,1.5,6.5,1.5
1783010242831,2026-07-02 18:37:22.831,C3:00:00:63:4D:0A,-68,127,1.5,6.5,1.5
1783010242832,2026-07-02 18:37:22.832,C3:00:00:63:4D:0D,-56,127,1.5,6.5,1.5
1783010242893,2026-07-02 18:37:22.893,C3:00:00:63:4D:05,-57,127,1.5,6.5,1.5
1783010242906,2026-07-02 18:37:22.906,C3:00:00:63:4D:07,-65,127,1.5,6.5,1.5
1783010242912,2026-07-02 18:37:22.912,C3:00:00:63:4D:04,-63,127,1.5,6.5,1.5
1783010242921,2026-07-02 18:37:22.921,C3:00:00:63:4C:D2,-56,127,1.5,6.5,1.5
1783010242934,2026-07-02 18:37:22.934,C3:00:00:63:4D:08,-45,127,1.5,6.5,1.5
1783010242935,2026-07-02 18:37:22.935,C3:00:00:63:4D:0D,-54,127,1.5,6.5,1.5
1783010242944,2026-07-02 18:37:22.944,C3:00:00:63:4D:09,-72,127,1.5,6.5,1.5
1783010242950,2026-07-02 18:37:22.950,C3:00:00:63:4D:08,-49,127,1.5,6.5,1.5
1783010242966,2026-07-02 18:37:22.966,C3:00:00:63:4D:08,-64,127,1.5,6.5,1.5
1783010242984,2026-07-02 18:37:22.984,C3:00:00:63:4D:0A,-68,127,1.5,6.5,1.5
1783010243005,2026-07-02 18:37:23.005,C3:00:00:63:4D:05,-57,127,1.5,6.5,1.5
1783010243015,2026-07-02 18:37:23.015,C3:00:00:63:4D:07,-62,127,1.5,6.5,1.5
1783010243020,2026-07-02 18:37:23.020,C3:00:00:63:4D:04,-66,127,1.5,6.5,1.5
1783010243025,2026-07-02 18:37:23.025,C3:00:00:63:4C:D2,-65,127,1.5,6.5,1.5
1783010243035,2026-07-02 18:37:23.035,C3:00:00:63:4D:08,-48,127,1.5,6.5,1.5
1783010243039,2026-07-02 18:37:23.039,C3:00:00:63:4D:0D,-55,127,1.5,6.5,1.5
1783010243044,2026-07-02 18:37:23.044,C3:00:00:63:4D:0A,-64,127,1.5,6.5,1.5
1783010243072,2026-07-02 18:37:23.072,C3:00:00:63:4D:09,-66,127,1.5,6.5,1.5
1783010243131,2026-07-02 18:37:23.131,C3:00:00:63:4C:D2,-56,127,1.5,6.5,1.5
1783010243136,2026-07-02 18:37:23.136,C3:00:00:63:4D:07,-64,127,1.5,6.5,1.5
1783010243142,2026-07-02 18:37:23.142,C3:00:00:63:4D:08,-49,127,1.5,6.5,1.5
1783010243148,2026-07-02 18:37:23.148,C3:00:00:63:4D:0D,-59,127,1.5,6.5,1.5
1783010243160,2026-07-02 18:37:23.160,C3:00:00:63:4D:0A,-68,127,1.5,6.5,1.5
1783010243209,2026-07-02 18:37:23.209,C3:00:00:63:4D:05,-70,127,1.5,6.5,1.5
1783010243238,2026-07-02 18:37:23.238,C3:00:00:63:4D:04,-60,127,1.5,6.5,1.5
1783010243242,2026-07-02 18:37:23.242,C3:00:00:63:4D:05,-58,127,1.5,6.5,1.5
1783010243249,2026-07-02 18:37:23.249,C3:00:00:63:4D:0D,-55,127,1.5,6.5,1.5
1783010243253,2026-07-02 18:37:23.253,C3:00:00:63:4D:08,-50,127,1.5,6.5,1.5
1783010243262,2026-07-02 18:37:23.262,C3:00:00:63:4D:0A,-60,127,1.5,6.5,1.5
1783010243269,2026-07-02 18:37:23.269,C3:00:00:63:4D:09,-66,127,1.5,6.5,1.5
1783010243289,2026-07-02 18:37:23.289,C3:00:00:63:4D:0A,-60,127,1.5,6.5,1.5
1783010243296,2026-07-02 18:37:23.296,C3:00:00:63:4D:09,-63,127,1.5,6.5,1.5
1783010243316,2026-07-02 18:37:23.316,C3:00:00:63:4C:D2,-64,127,1.5,6.5,1.5
1783010243338,2026-07-02 18:37:23.338,C3:00:00:63:4D:04,-62,127,1.5,6.5,1.5
1783010243346,2026-07-02 18:37:23.346,C3:00:00:63:4D:0D,-59,127,1.5,6.5,1.5
1783010243353,2026-07-02 18:37:23.353,C3:00:00:63:4D:05,-60,127,1.5,6.5,1.5
1783010243359,2026-07-02 18:37:23.359,C3:00:00:63:4C:D2,-66,127,1.5,6.5,1.5
1783010243376,2026-07-02 18:37:23.376,C3:00:00:63:4D:0A,-67,127,1.5,6.5,1.5
1783010243401,2026-07-02 18:37:23.401,C3:00:00:63:4D:09,-62,127,1.5,6.5,1.5
1783010243448,2026-07-02 18:37:23.448,C3:00:00:63:4D:04,-59,127,1.5,6.5,1.5
1783010243450,2026-07-02 18:37:23.450,C3:00:00:63:4D:0D,-52,127,1.5,6.5,1.5
1783010243464,2026-07-02 18:37:23.464,C3:00:00:63:4D:08,-46,127,1.5,6.5,1.5
1783010243472,2026-07-02 18:37:23.472,C3:00:00:63:4D:05,-63,127,1.5,6.5,1.5
1783010243475,2026-07-02 18:37:23.475,C3:00:00:63:4C:D2,-62,127,1.5,6.5,1.5
1783010243492,2026-07-02 18:37:23.492,C3:00:00:63:4D:0A,-85,127,1.5,6.5,1.5
1783010243514,2026-07-02 18:37:23.514,C3:00:00:63:4D:09,-66,127,1.5,6.5,1.5
1783010243575,2026-07-02 18:37:23.575,C3:00:00:63:4D:08,-46,127,1.5,6.5,1.5
1783010243600,2026-07-02 18:37:23.600,C3:00:00:63:4D:05,-58,127,1.5,6.5,1.5
1783010243602,2026-07-02 18:37:23.602,C3:00:00:63:4C:D2,-74,127,1.5,6.5,1.5
1783010243608,2026-07-02 18:37:23.608,C3:00:00:63:4D:07,-60,127,1.5,6.5,1.5
1783010243610,2026-07-02 18:37:23.610,C3:00:00:63:4D:0A,-63,127,1.5,6.5,1.5
1783010243615,2026-07-02 18:37:23.615,C3:00:00:63:4D:0D,-55,127,1.5,6.5,1.5
1783010243623,2026-07-02 18:37:23.623,C3:00:00:63:4D:09,-66,127,1.5,6.5,1.5
1783010243632,2026-07-02 18:37:23.632,C3:00:00:63:4D:08,-58,127,1.5,6.5,1.5
1783010243667,2026-07-02 18:37:23.667,C3:00:00:63:4D:0D,-56,127,1.5,6.5,1.5
1783010243670,2026-07-02 18:37:23.670,C3:00:00:63:4D:04,-67,127,1.5,6.5,1.5
1783010243672,2026-07-02 18:37:23.672,C3:00:00:63:4D:08,-60,127,1.5,6.5,1.5
1783010243698,2026-07-02 18:37:23.698,C3:00:00:63:4D:05,-60,127,1.5,6.5,1.5
1783010243703,2026-07-02 18:37:23.703,C3:00:00:63:4D:08,-55,127,1.5,6.5,1.5
1783010243707,2026-07-02 18:37:23.707,C3:00:00:63:4C:D2,-64,127,1.5,6.5,1.5
1783010243709,2026-07-02 18:37:23.709,C3:00:00:63:4D:07,-64,127,1.5,6.5,1.5
1783010243737,2026-07-02 18:37:23.737,C3:00:00:63:4D:09,-66,127,1.5,6.5,1.5
1783010243759,2026-07-02 18:37:23.759,C3:00:00:63:4D:04,-62,127,1.5,6.5,1.5
1783010243766,2026-07-02 18:37:23.766,C3:00:00:63:4D:0D,-52,127,1.5,6.5,1.5
1783010243783,2026-07-02 18:37:23.783,C3:00:00:63:4D:04,-62,127,1.5,6.5,1.5
1783010243793,2026-07-02 18:37:23.793,C3:00:00:63:4D:08,-47,127,1.5,6.5,1.5
1783010243813,2026-07-02 18:37:23.813,C3:00:00:63:4D:04,-62,127,1.5,6.5,1.5
1783010243825,2026-07-02 18:37:23.825,C3:00:00:63:4D:04,-66,127,1.5,6.5,1.5
1783010243832,2026-07-02 18:37:23.832,C3:00:00:63:4D:0A,-60,127,1.5,6.5,1.5
1783010243849,2026-07-02 18:37:23.849,C3:00:00:63:4D:09,-64,127,1.5,6.5,1.5
1783010243876,2026-07-02 18:37:23.876,C3:00:00:63:4D:0D,-55,127,1.5,6.5,1.5
1783010243881,2026-07-02 18:37:23.881,C3:00:00:63:4D:04,-60,127,1.5,6.5,1.5
1783010243903,2026-07-02 18:37:23.903,C3:00:00:63:4D:08,-50,127,1.5,6.5,1.5
1783010243930,2026-07-02 18:37:23.930,C3:00:00:63:4D:05,-74,127,1.5,6.5,1.5
1783010243936,2026-07-02 18:37:23.936,C3:00:00:63:4C:D2,-61,127,1.5,6.5,1.5
1783010243963,2026-07-02 18:37:23.963,C3:00:00:63:4D:09,-78,127,1.5,6.5,1.5
1783010243982,2026-07-02 18:37:23.982,C3:00:00:63:4D:0D,-58,127,1.5,6.5,1.5
1783010243995,2026-07-02 18:37:23.995,C3:00:00:63:4D:04,-61,127,1.5,6.5,1.5
1783010244008,2026-07-02 18:37:24.008,C3:00:00:63:4D:08,-57,127,1.5,6.5,1.5
1783010244039,2026-07-02 18:37:24.039,C3:00:00:63:4D:05,-64,127,1.5,6.5,1.5
1783010244051,2026-07-02 18:37:24.051,C3:00:00:63:4D:07,-66,127,1.5,6.5,1.5
1783010244057,2026-07-02 18:37:24.057,C3:00:00:63:4C:D2,-56,127,1.5,6.5,1.5
1783010244077,2026-07-02 18:37:24.077,C3:00:00:63:4D:09,-62,127,1.5,6.5,1.5
1783010244084,2026-07-02 18:37:24.084,C3:00:00:63:4D:0D,-52,127,1.5,6.5,1.5
1783010244101,2026-07-02 18:37:24.101,C3:00:00:63:4D:04,-69,127,1.5,6.5,1.5
1783010244117,2026-07-02 18:37:24.117,C3:00:00:63:4D:08,-48,127,1.5,6.5,1.5
1783010244134,2026-07-02 18:37:24.134,C3:00:00:63:4D:0A,-58,127,1.5,6.5,1.5
1783010244158,2026-07-02 18:37:24.158,C3:00:00:63:4D:05,-59,127,1.5,6.5,1.5
1783010244169,2026-07-02 18:37:24.169,C3:00:00:63:4C:D2,-65,127,1.5,6.5,1.5
1783010244178,2026-07-02 18:37:24.178,C3:00:00:63:4D:0D,-63,127,1.5,6.5,1.5
1783010244204,2026-07-02 18:37:24.204,C3:00:00:63:4D:0D,-55,127,1.5,6.5,1.5
1783010244207,2026-07-02 18:37:24.207,C3:00:00:63:4D:04,-62,127,1.5,6.5,1.5
1783010244223,2026-07-02 18:37:24.223,C3:00:00:63:4D:07,-70,127,1.5,6.5,1.5
1783010244232,2026-07-02 18:37:24.232,C3:00:00:63:4D:08,-50,127,1.5,6.5,1.5
1783010244278,2026-07-02 18:37:24.278,C3:00:00:63:4D:05,-62,127,1.5,6.5,1.5
1783010244285,2026-07-02 18:37:24.285,C3:00:00:63:4D:0A,-67,127,1.5,6.5,1.5
1783010244304,2026-07-02 18:37:24.304,C3:00:00:63:4D:09,-63,127,1.5,6.5,1.5
1783010244331,2026-07-02 18:37:24.331,C3:00:00:63:4D:04,-67,127,1.5,6.5,1.5
1783010244342,2026-07-02 18:37:24.342,C3:00:00:63:4D:08,-48,127,1.5,6.5,1.5
1783010244382,2026-07-02 18:37:24.382,C3:00:00:63:4D:05,-55,127,1.5,6.5,1.5
1783010244425,2026-07-02 18:37:24.425,C3:00:00:63:4D:09,-63,127,1.5,6.5,1.5
1783010244429,2026-07-02 18:37:24.429,C3:00:00:63:4D:04,-58,127,1.5,6.5,1.5
1783010244436,2026-07-02 18:37:24.436,C3:00:00:63:4D:09,-64,127,1.5,6.5,1.5
1783010244451,2026-07-02 18:37:24.451,C3:00:00:63:4D:08,-49,127,1.5,6.5,1.5
1783010244460,2026-07-02 18:37:24.460,C3:00:00:63:4D:05,-78,127,1.5,6.5,1.5
1783010244497,2026-07-02 18:37:24.497,C3:00:00:63:4D:05,-73,127,1.5,6.5,1.5
1783010244501,2026-07-02 18:37:24.501,C3:00:00:63:4D:0D,-58,127,1.5,6.5,1.5
1783010244516,2026-07-02 18:37:24.516,C3:00:00:63:4D:0A,-64,127,1.5,6.5,1.5
1783010244519,2026-07-02 18:37:24.519,C3:00:00:63:4D:07,-66,127,1.5,6.5,1.5
1783010244522,2026-07-02 18:37:24.522,C3:00:00:63:4C:D2,-67,127,1.5,6.5,1.5
1783010244533,2026-07-02 18:37:24.533,C3:00:00:63:4D:09,-68,127,1.5,6.5,1.5
1783010244539,2026-07-02 18:37:24.539,C3:00:00:63:4D:04,-65,127,1.5,6.5,1.5
1783010244555,2026-07-02 18:37:24.555,C3:00:00:63:4D:08,-49,127,1.5,6.5,1.5
1783010244614,2026-07-02 18:37:24.614,C3:00:00:63:4D:0D,-52,127,1.5,6.5,1.5
1783010244621,2026-07-02 18:37:24.621,C3:00:00:63:4D:05,-60,127,1.5,6.5,1.5
1783010244629,2026-07-02 18:37:24.629,C3:00:00:63:4D:0A,-66,127,1.5,6.5,1.5
1783010244635,2026-07-02 18:37:24.635,C3:00:00:63:4C:D2,-51,127,1.5,6.5,1.5
1783010244646,2026-07-02 18:37:24.646,C3:00:00:63:4D:07,-63,127,1.5,6.5,1.5
1783010244658,2026-07-02 18:37:24.658,C3:00:00:63:4D:09,-64,127,1.5,6.5,1.5
1783010244672,2026-07-02 18:37:24.672,C3:00:00:63:4D:07,-64,127,1.5,6.5,1.5
1783010244676,2026-07-02 18:37:24.676,C3:00:00:63:4D:08,-47,127,1.5,6.5,1.5
1783010244718,2026-07-02 18:37:24.718,C3:00:00:63:4D:04,-59,127,1.5,6.5,1.5
1783010244740,2026-07-02 18:37:24.740,C3:00:00:63:4D:07,-64,127,1.5,6.5,1.5
1783010244748,2026-07-02 18:37:24.748,C3:00:00:63:4C:D2,-63,127,1.5,6.5,1.5
1783010244758,2026-07-02 18:37:24.758,C3:00:00:63:4D:04,-58,127,1.5,6.5,1.5
1783010244761,2026-07-02 18:37:24.761,C3:00:00:63:4D:09,-62,127,1.5,6.5,1.5
1783010244774,2026-07-02 18:37:24.774,C3:00:00:63:4D:08,-50,127,1.5,6.5,1.5
1783010244845,2026-07-02 18:37:24.845,C3:00:00:63:4D:05,-62,127,1.5,6.5,1.5
1783010244851,2026-07-02 18:37:24.851,C3:00:00:63:4D:0A,-62,127,1.5,6.5,1.5
1783010244860,2026-07-02 18:37:24.860,C3:00:00:63:4D:07,-73,127,1.5,6.5,1.5
1783010244872,2026-07-02 18:37:24.872,C3:00:00:63:4C:D2,-66,127,1.5,6.5,1.5
1783010244875,2026-07-02 18:37:24.875,C3:00:00:63:4D:04,-59,127,1.5,6.5,1.5
1783010244878,2026-07-02 18:37:24.878,C3:00:00:63:4D:09,-71,127,1.5,6.5,1.5
1783010244887,2026-07-02 18:37:24.887,C3:00:00:63:4D:08,-49,127,1.5,6.5,1.5
1783010244922,2026-07-02 18:37:24.922,C3:00:00:63:4D:0D,-54,127,1.5,6.5,1.5
1783010244965,2026-07-02 18:37:24.965,C3:00:00:63:4D:05,-60,127,1.5,6.5,1.5
1783010244968,2026-07-02 18:37:24.968,C3:00:00:63:4D:0A,-70,127,1.5,6.5,1.5
1783010244974,2026-07-02 18:37:24.974,C3:00:00:63:4D:07,-66,127,1.5,6.5,1.5
1783010244978,2026-07-02 18:37:24.978,C3:00:00:63:4C:D2,-54,127,1.5,6.5,1.5
1783010244983,2026-07-02 18:37:24.983,C3:00:00:63:4D:04,-60,127,1.5,6.5,1.5
1783010244992,2026-07-02 18:37:24.992,C3:00:00:63:4D:08,-48,127,1.5,6.5,1.5
1783010245033,2026-07-02 18:37:25.033,C3:00:00:63:4D:0D,-58,127,1.5,6.5,1.5
1783010245055,2026-07-02 18:37:25.055,C3:00:00:63:4D:09,-63,127,1.5,6.5,1.5
1783010245062,2026-07-02 18:37:25.062,C3:00:00:63:4D:0D,-59,127,1.5,6.5,1.5
1783010245076,2026-07-02 18:37:25.076,C3:00:00:63:4D:0A,-63,127,1.5,6.5,1.5
1783010245078,2026-07-02 18:37:25.078,C3:00:00:63:4D:05,-62,127,1.5,6.5,1.5
1783010245080,2026-07-02 18:37:25.080,C3:00:00:63:4C:D2,-67,127,1.5,6.5,1.5
1783010245082,2026-07-02 18:37:25.082,C3:00:00:63:4D:07,-69,127,1.5,6.5,1.5
1783010245103,2026-07-02 18:37:25.103,C3:00:00:63:4D:08,-47,127,1.5,6.5,1.5
1783010245107,2026-07-02 18:37:25.107,C3:00:00:63:4D:09,-68,127,1.5,6.5,1.5
1783010245137,2026-07-02 18:37:25.137,C3:00:00:63:4D:0D,-55,127,1.5,6.5,1.5
1783010245187,2026-07-02 18:37:25.187,C3:00:00:63:4D:0A,-64,127,1.5,6.5,1.5
1783010245196,2026-07-02 18:37:25.196,C3:00:00:63:4D:05,-66,127,1.5,6.5,1.5
1783010245217,2026-07-02 18:37:25.217,C3:00:00:63:4D:08,-45,127,1.5,6.5,1.5
1783010245224,2026-07-02 18:37:25.224,C3:00:00:63:4D:05,-58,127,1.5,6.5,1.5
1783010245231,2026-07-02 18:37:25.231,C3:00:00:63:4D:09,-62,127,1.5,6.5,1.5
1783010245235,2026-07-02 18:37:25.235,C3:00:00:63:4D:0D,-55,127,1.5,6.5,1.5
1783010245281,2026-07-02 18:37:25.281,C3:00:00:63:4D:09,-62,127,1.5,6.5,1.5
1783010245284,2026-07-02 18:37:25.284,C3:00:00:63:4D:0A,-80,127,1.5,6.5,1.5
1783010245308,2026-07-02 18:37:25.308,C3:00:00:63:4D:0A,-74,127,1.5,6.5,1.5
1783010245330,2026-07-02 18:37:25.330,C3:00:00:63:4D:07,-64,127,1.5,6.5,1.5
1783010245332,2026-07-02 18:37:25.332,C3:00:00:63:4C:D2,-67,127,1.5,6.5,1.5
1783010245333,2026-07-02 18:37:25.333,C3:00:00:63:4D:09,-65,127,1.5,6.5,1.5
1783010245338,2026-07-02 18:37:25.338,C3:00:00:63:4C:D2,-67,127,1.5,6.5,1.5
1783010245342,2026-07-02 18:37:25.342,C3:00:00:63:4D:0D,-60,127,1.5,6.5,1.5
1783010245409,2026-07-02 18:37:25.409,C3:00:00:63:4D:04,-61,127,1.5,6.5,1.5
1783010245416,2026-07-02 18:37:25.416,C3:00:00:63:4D:0A,-63,127,1.5,6.5,1.5
1783010245421,2026-07-02 18:37:25.421,C3:00:00:63:4D:05,-68,127,1.5,6.5,1.5
1783010245427,2026-07-02 18:37:25.427,C3:00:00:63:4D:08,-54,127,1.5,6.5,1.5
1783010245438,2026-07-02 18:37:25.438,C3:00:00:63:4C:D2,-64,127,1.5,6.5,1.5
1783010245446,2026-07-02 18:37:25.446,C3:00:00:63:4D:05,-68,127,1.5,6.5,1.5
1783010245450,2026-07-02 18:37:25.450,C3:00:00:63:4D:09,-70,127,1.5,6.5,1.5
1783010245456,2026-07-02 18:37:25.456,C3:00:00:63:4D:0D,-60,127,1.5,6.5,1.5
1783010245496,2026-07-02 18:37:25.496,C3:00:00:63:4D:0A,-67,127,1.5,6.5,1.5
1783010245525,2026-07-02 18:37:25.525,C3:00:00:63:4D:04,-64,127,1.5,6.5,1.5
1783010245533,2026-07-02 18:37:25.533,C3:00:00:63:4D:05,-59,127,1.5,6.5,1.5
1783010245542,2026-07-02 18:37:25.542,C3:00:00:63:4D:08,-47,127,1.5,6.5,1.5
1783010245547,2026-07-02 18:37:25.547,C3:00:00:63:4D:07,-65,127,1.5,6.5,1.5
1783010245550,2026-07-02 18:37:25.550,C3:00:00:63:4C:D2,-55,127,1.5,6.5,1.5
1783010245552,2026-07-02 18:37:25.552,C3:00:00:63:4D:0D,-61,127,1.5,6.5,1.5
1783010245557,2026-07-02 18:37:25.557,C3:00:00:63:4D:09,-69,127,1.5,6.5,1.5
1783010245628,2026-07-02 18:37:25.628,C3:00:00:63:4D:0D,-67,127,1.5,6.5,1.5
1783010245632,2026-07-02 18:37:25.632,C3:00:00:63:4D:04,-61,127,1.5,6.5,1.5
1783010245638,2026-07-02 18:37:25.638,C3:00:00:63:4D:0A,-62,127,1.5,6.5,1.5
1783010245640,2026-07-02 18:37:25.640,C3:00:00:63:4D:08,-49,127,1.5,6.5,1.5
1783010245646,2026-07-02 18:37:25.646,C3:00:00:63:4D:05,-57,127,1.5,6.5,1.5
1783010245658,2026-07-02 18:37:25.658,C3:00:00:63:4D:0D,-66,127,1.5,6.5,1.5
1783010245676,2026-07-02 18:37:25.676,C3:00:00:63:4D:09,-64,127,1.5,6.5,1.5
1783010245682,2026-07-02 18:37:25.682,C3:00:00:63:4D:0D,-69,127,1.5,6.5,1.5
1783010245684,2026-07-02 18:37:25.684,C3:00:00:63:4D:08,-45,127,1.5,6.5,1.5
1783010245736,2026-07-02 18:37:25.736,C3:00:00:63:4D:04,-64,127,1.5,6.5,1.5
1783010245760,2026-07-02 18:37:25.760,C3:00:00:63:4D:08,-56,127,1.5,6.5,1.5
1783010245773,2026-07-02 18:37:25.773,C3:00:00:63:4C:D2,-68,127,1.5,6.5,1.5
1783010245778,2026-07-02 18:37:25.778,C3:00:00:63:4D:0D,-63,127,1.5,6.5,1.5
1783010245782,2026-07-02 18:37:25.782,C3:00:00:63:4D:04,-63,127,1.5,6.5,1.5
1783010245784,2026-07-02 18:37:25.784,C3:00:00:63:4D:07,-60,127,1.5,6.5,1.5
1783010245792,2026-07-02 18:37:25.792,C3:00:00:63:4D:04,-64,127,1.5,6.5,1.5
1783010245795,2026-07-02 18:37:25.795,C3:00:00:63:4D:09,-68,127,1.5,6.5,1.5
1783010245799,2026-07-02 18:37:25.799,C3:00:00:63:4D:07,-61,127,1.5,6.5,1.5
1783010245854,2026-07-02 18:37:25.854,C3:00:00:63:4D:04,-62,127,1.5,6.5,1.5
1783010245866,2026-07-02 18:37:25.866,C3:00:00:63:4D:0D,-61,127,1.5,6.5,1.5
1783010245882,2026-07-02 18:37:25.882,C3:00:00:63:4D:0A,-70,127,1.5,6.5,1.5
1783010245885,2026-07-02 18:37:25.885,C3:00:00:63:4D:08,-46,127,1.5,6.5,1.5
1783010245892,2026-07-02 18:37:25.892,C3:00:00:63:4D:05,-56,127,1.5,6.5,1.5
1783010245894,2026-07-02 18:37:25.894,C3:00:00:63:4C:D2,-54,127,1.5,6.5,1.5
1783010245898,2026-07-02 18:37:25.898,C3:00:00:63:4D:07,-65,127,1.5,6.5,1.5
1783010245906,2026-07-02 18:37:25.906,C3:00:00:63:4D:09,-68,127,1.5,6.5,1.5
1783010245956,2026-07-02 18:37:25.956,C3:00:00:63:4D:04,-61,127,1.5,6.5,1.5
1783010245975,2026-07-02 18:37:25.975,C3:00:00:63:4D:08,-53,127,1.5,6.5,1.5
1783010245978,2026-07-02 18:37:25.978,C3:00:00:63:4D:0D,-66,127,1.5,6.5,1.5
1783010245982,2026-07-02 18:37:25.982,C3:00:00:63:4D:0A,-62,127,1.5,6.5,1.5
1783010245993,2026-07-02 18:37:25.993,C3:00:00:63:4D:05,-59,127,1.5,6.5,1.5
1783010246023,2026-07-02 18:37:26.023,C3:00:00:63:4D:09,-70,127,1.5,6.5,1.5
1783010246066,2026-07-02 18:37:26.066,C3:00:00:63:4D:04,-64,127,1.5,6.5,1.5
1783010246078,2026-07-02 18:37:26.078,C3:00:00:63:4D:0D,-59,127,1.5,6.5,1.5
1783010246085,2026-07-02 18:37:26.085,C3:00:00:63:4D:08,-48,127,1.5,6.5,1.5
1783010246090,2026-07-02 18:37:26.090,C3:00:00:63:4D:05,-68,127,1.5,6.5,1.5
1783010246103,2026-07-02 18:37:26.103,C3:00:00:63:4D:0A,-63,127,1.5,6.5,1.5
1783010246131,2026-07-02 18:37:26.131,C3:00:00:63:4D:09,-66,127,1.5,6.5,1.5
1783010246142,2026-07-02 18:37:26.142,C3:00:00:63:4D:0A,-63,127,1.5,6.5,1.5
1783010246176,2026-07-02 18:37:26.176,C3:00:00:63:4D:04,-61,127,1.5,6.5,1.5
1783010246193,2026-07-02 18:37:26.193,C3:00:00:63:4D:0D,-59,127,1.5,6.5,1.5
1783010246197,2026-07-02 18:37:26.197,C3:00:00:63:4D:08,-45,127,1.5,6.5,1.5
1783010246205,2026-07-02 18:37:26.205,C3:00:00:63:4D:0A,-62,127,1.5,6.5,1.5
1783010246223,2026-07-02 18:37:26.223,C3:00:00:63:4D:07,-69,127,1.5,6.5,1.5
1783010246252,2026-07-02 18:37:26.252,C3:00:00:63:4D:09,-60,127,1.5,6.5,1.5
1783010246255,2026-07-02 18:37:26.255,C3:00:00:63:4D:07,-70,127,1.5,6.5,1.5
1783010246288,2026-07-02 18:37:26.288,C3:00:00:63:4D:0D,-71,127,1.5,6.5,1.5
1783010246291,2026-07-02 18:37:26.291,C3:00:00:63:4D:04,-64,127,1.5,6.5,1.5
1783010246294,2026-07-02 18:37:26.294,C3:00:00:63:4D:08,-53,127,1.5,6.5,1.5
1783010246312,2026-07-02 18:37:26.312,C3:00:00:63:4D:0A,-63,127,1.5,6.5,1.5
1783010246341,2026-07-02 18:37:26.341,C3:00:00:63:4D:05,-67,127,1.5,6.5,1.5
1783010246362,2026-07-02 18:37:26.362,C3:00:00:63:4D:09,-77,127,1.5,6.5,1.5
1783010246387,2026-07-02 18:37:26.387,C3:00:00:63:4D:07,-72,127,1.5,6.5,1.5
1783010246406,2026-07-02 18:37:26.406,C3:00:00:63:4D:08,-70,127,1.5,6.5,1.5
1783010246436,2026-07-02 18:37:26.436,C3:00:00:63:4D:0A,-64,127,1.5,6.5,1.5
1783010246461,2026-07-02 18:37:26.461,C3:00:00:63:4D:05,-60,127,1.5,6.5,1.5
1783010246466,2026-07-02 18:37:26.466,C3:00:00:63:4C:D2,-57,127,1.5,6.5,1.5
1783010246472,2026-07-02 18:37:26.472,C3:00:00:63:4D:07,-63,127,1.5,6.5,1.5
1783010246475,2026-07-02 18:37:26.475,C3:00:00:63:4D:09,-62,127,1.5,6.5,1.5
1783010246477,2026-07-02 18:37:26.477,C3:00:00:63:4D:05,-60,127,1.5,6.5,1.5
1783010246501,2026-07-02 18:37:26.501,C3:00:00:63:4D:0D,-59,127,1.5,6.5,1.5
1783010246504,2026-07-02 18:37:26.504,C3:00:00:63:4D:04,-62,127,1.5,6.5,1.5
1783010246518,2026-07-02 18:37:26.518,C3:00:00:63:4D:08,-48,127,1.5,6.5,1.5
1783010246535,2026-07-02 18:37:26.535,C3:00:00:63:4D:0A,-60,127,1.5,6.5,1.5
1783010246579,2026-07-02 18:37:26.579,C3:00:00:63:4D:07,-75,127,1.5,6.5,1.5
1783010246590,2026-07-02 18:37:26.590,C3:00:00:63:4D:09,-66,127,1.5,6.5,1.5
1783010246607,2026-07-02 18:37:26.607,C3:00:00:63:4D:0D,-58,127,1.5,6.5,1.5
1783010246611,2026-07-02 18:37:26.611,C3:00:00:63:4D:04,-63,127,1.5,6.5,1.5
1783010246625,2026-07-02 18:37:26.625,C3:00:00:63:4D:08,-50,127,1.5,6.5,1.5
1783010246656,2026-07-02 18:37:26.656,C3:00:00:63:4D:0A,-63,127,1.5,6.5,1.5
1783010246679,2026-07-02 18:37:26.679,C3:00:00:63:4D:07,-66,127,1.5,6.5,1.5
1783010246688,2026-07-02 18:37:26.688,C3:00:00:63:4D:05,-65,127,1.5,6.5,1.5
1783010246700,2026-07-02 18:37:26.700,C3:00:00:63:4D:09,-68,127,1.5,6.5,1.5
1783010246714,2026-07-02 18:37:26.714,C3:00:00:63:4D:0D,-55,127,1.5,6.5,1.5
1783010246717,2026-07-02 18:37:26.717,C3:00:00:63:4D:04,-61,127,1.5,6.5,1.5
1783010246734,2026-07-02 18:37:26.734,C3:00:00:63:4D:08,-47,127,1.5,6.5,1.5
1783010246770,2026-07-02 18:37:26.770,C3:00:00:63:4D:0A,-66,127,1.5,6.5,1.5
1783010246807,2026-07-02 18:37:26.807,C3:00:00:63:4D:05,-56,127,1.5,6.5,1.5
1783010246815,2026-07-02 18:37:26.815,C3:00:00:63:4D:0D,-54,127,1.5,6.5,1.5
1783010246835,2026-07-02 18:37:26.835,C3:00:00:63:4D:04,-60,127,1.5,6.5,1.5
1783010246847,2026-07-02 18:37:26.847,C3:00:00:63:4D:08,-49,127,1.5,6.5,1.5
1783010246878,2026-07-02 18:37:26.878,C3:00:00:63:4D:0A,-63,127,1.5,6.5,1.5
1783010246915,2026-07-02 18:37:26.915,C3:00:00:63:4D:05,-64,127,1.5,6.5,1.5
1783010246936,2026-07-02 18:37:26.936,C3:00:00:63:4D:07,-61,127,1.5,6.5,1.5
1783010246943,2026-07-02 18:37:26.943,C3:00:00:63:4D:09,-70,127,1.5,6.5,1.5
1783010246945,2026-07-02 18:37:26.945,C3:00:00:63:4D:08,-52,127,1.5,6.5,1.5
1783010246956,2026-07-02 18:37:26.956,C3:00:00:63:4D:08,-59,127,1.5,6.5,1.5
1783010247009,2026-07-02 18:37:27.009,C3:00:00:63:4D:0A,-65,127,1.5,6.5,1.5
1783010247027,2026-07-02 18:37:27.027,C3:00:00:63:4D:0D,-52,127,1.5,6.5,1.5
1783010247033,2026-07-02 18:37:27.033,C3:00:00:63:4D:05,-56,127,1.5,6.5,1.5
1783010247048,2026-07-02 18:37:27.048,C3:00:00:63:4D:07,-70,127,1.5,6.5,1.5
1783010247051,2026-07-02 18:37:27.051,C3:00:00:63:4D:09,-74,127,1.5,6.5,1.5
1783010247054,2026-07-02 18:37:27.054,C3:00:00:63:4C:D2,-55,127,1.5,6.5,1.5
1783010247056,2026-07-02 18:37:27.056,C3:00:00:63:4D:04,-60,127,1.5,6.5,1.5
1783010247062,2026-07-02 18:37:27.062,C3:00:00:63:4D:0D,-52,127,1.5,6.5,1.5
1783010247063,2026-07-02 18:37:27.063,C3:00:00:63:4D:09,-73,127,1.5,6.5,1.5
1783010247064,2026-07-02 18:37:27.064,C3:00:00:63:4D:08,-47,127,1.5,6.5,1.5
1783010247106,2026-07-02 18:37:27.106,C3:00:00:63:4D:0A,-66,127,1.5,6.5,1.5
1783010247131,2026-07-02 18:37:27.131,C3:00:00:63:4D:0D,-57,127,1.5,6.5,1.5
1783010247155,2026-07-02 18:37:27.155,C3:00:00:63:4D:05,-61,127,1.5,6.5,1.5
1783010247160,2026-07-02 18:37:27.160,C3:00:00:63:4C:D2,-65,127,1.5,6.5,1.5
1783010247162,2026-07-02 18:37:27.162,C3:00:00:63:4D:04,-62,127,1.5,6.5,1.5
1783010247164,2026-07-02 18:37:27.164,C3:00:00:63:4D:07,-67,127,1.5,6.5,1.5
1783010247169,2026-07-02 18:37:27.169,C3:00:00:63:4D:09,-63,127,1.5,6.5,1.5
1783010247174,2026-07-02 18:37:27.174,C3:00:00:63:4D:08,-48,127,1.5,6.5,1.5
1783010247211,2026-07-02 18:37:27.211,C3:00:00:63:4D:05,-66,127,1.5,6.5,1.5
1783010247223,2026-07-02 18:37:27.223,C3:00:00:63:4D:0A,-67,127,1.5,6.5,1.5
1783010247238,2026-07-02 18:37:27.238,C3:00:00:63:4D:0D,-55,127,1.5,6.5,1.5
1783010247272,2026-07-02 18:37:27.272,C3:00:00:63:4C:D2,-71,127,1.5,6.5,1.5
1783010247277,2026-07-02 18:37:27.277,C3:00:00:63:4D:09,-73,127,1.5,6.5,1.5
1783010247282,2026-07-02 18:37:27.282,C3:00:00:63:4D:08,-51,127,1.5,6.5,1.5
1783010247288,2026-07-02 18:37:27.288,C3:00:00:63:4C:D2,-63,127,1.5,6.5,1.5
1783010247292,2026-07-02 18:37:27.292,C3:00:00:63:4D:0A,-68,127,1.5,6.5,1.5
1783010247298,2026-07-02 18:37:27.298,C3:00:00:63:4D:09,-74,127,1.5,6.5,1.5
1783010247316,2026-07-02 18:37:27.316,C3:00:00:63:4C:D2,-55,127,1.5,6.5,1.5
1783010247443,2026-07-02 18:37:27.443,C3:00:00:63:4D:0D,-57,127,1.5,6.5,1.5
1783010247448,2026-07-02 18:37:27.448,C3:00:00:63:4D:0A,-62,127,1.5,6.5,1.5
1783010247489,2026-07-02 18:37:27.489,C3:00:00:63:4D:04,-61,127,1.5,6.5,1.5
1783010247496,2026-07-02 18:37:27.496,C3:00:00:63:4D:05,-70,127,1.5,6.5,1.5
1783010247548,2026-07-02 18:37:27.548,C3:00:00:63:4D:0D,-54,127,1.5,6.5,1.5
1783010247591,2026-07-02 18:37:27.591,C3:00:00:63:4D:04,-60,127,1.5,6.5,1.5
1783010247614,2026-07-02 18:37:27.614,C3:00:00:63:4D:08,-54,127,1.5,6.5,1.5
1783010247622,2026-07-02 18:37:27.622,C3:00:00:63:4C:D2,-57,127,1.5,6.5,1.5
1783010247630,2026-07-02 18:37:27.630,C3:00:00:63:4D:09,-69,127,1.5,6.5,1.5
1783010247634,2026-07-02 18:37:27.634,C3:00:00:63:4D:0D,-56,127,1.5,6.5,1.5
1783010247636,2026-07-02 18:37:27.636,C3:00:00:63:4D:08,-44,127,1.5,6.5,1.5
1783010247651,2026-07-02 18:37:27.651,C3:00:00:63:4D:0D,-56,127,1.5,6.5,1.5
1783010247671,2026-07-02 18:37:27.671,C3:00:00:63:4D:0A,-63,127,1.5,6.5,1.5
1783010247700,2026-07-02 18:37:27.700,C3:00:00:63:4D:08,-45,127,1.5,6.5,1.5
1783010247705,2026-07-02 18:37:27.705,C3:00:00:63:4D:04,-61,127,1.5,6.5,1.5
1783010247724,2026-07-02 18:37:27.724,C3:00:00:63:4D:05,-64,127,1.5,6.5,1.5
1783010247727,2026-07-02 18:37:27.727,C3:00:00:63:4D:08,-48,127,1.5,6.5,1.5
1783010247736,2026-07-02 18:37:27.736,C3:00:00:63:4C:D2,-65,127,1.5,6.5,1.5
1783010247746,2026-07-02 18:37:27.746,C3:00:00:63:4D:0D,-67,127,1.5,6.5,1.5
1783010247769,2026-07-02 18:37:27.769,C3:00:00:63:4C:D2,-63,127,1.5,6.5,1.5
1783010247775,2026-07-02 18:37:27.775,C3:00:00:63:4D:04,-60,127,1.5,6.5,1.5
1783010247789,2026-07-02 18:37:27.789,C3:00:00:63:4D:0A,-60,127,1.5,6.5,1.5
1783010247824,2026-07-02 18:37:27.824,C3:00:00:63:4D:08,-52,127,1.5,6.5,1.5
1783010247848,2026-07-02 18:37:27.848,C3:00:00:63:4D:05,-69,127,1.5,6.5,1.5
1783010247854,2026-07-02 18:37:27.854,C3:00:00:63:4C:D2,-69,127,1.5,6.5,1.5
1783010247856,2026-07-02 18:37:27.856,C3:00:00:63:4D:07,-62,127,1.5,6.5,1.5
1783010247896,2026-07-02 18:37:27.896,C3:00:00:63:4D:0A,-62,127,1.5,6.5,1.5
1783010247921,2026-07-02 18:37:27.921,C3:00:00:63:4D:04,-64,127,1.5,6.5,1.5
1783010247945,2026-07-02 18:37:27.945,C3:00:00:63:4D:08,-48,127,1.5,6.5,1.5
1783010247947,2026-07-02 18:37:27.947,C3:00:00:63:4D:09,-87,127,1.5,6.5,1.5
1783010247952,2026-07-02 18:37:27.952,C3:00:00:63:4D:05,-60,127,1.5,6.5,1.5
1783010247956,2026-07-02 18:37:27.956,C3:00:00:63:4C:D2,-56,127,1.5,6.5,1.5
1783010247963,2026-07-02 18:37:27.963,C3:00:00:63:4D:07,-63,127,1.5,6.5,1.5
1783010247970,2026-07-02 18:37:27.970,C3:00:00:63:4D:09,-80,127,1.5,6.5,1.5
1783010247971,2026-07-02 18:37:27.971,C3:00:00:63:4D:0D,-60,127,1.5,6.5,1.5
1783010248026,2026-07-02 18:37:28.026,C3:00:00:63:4D:04,-60,127,1.5,6.5,1.5
1783010248047,2026-07-02 18:37:28.047,C3:00:00:63:4D:08,-52,127,1.5,6.5,1.5
1783010248067,2026-07-02 18:37:28.067,C3:00:00:63:4D:09,-68,127,1.5,6.5,1.5
1783010248070,2026-07-02 18:37:28.070,C3:00:00:63:4D:05,-58,127,1.5,6.5,1.5
1783010248119,2026-07-02 18:37:28.119,C3:00:00:63:4D:0A,-62,127,1.5,6.5,1.5
1783010248143,2026-07-02 18:37:28.143,C3:00:00:63:4D:0A,-62,127,1.5,6.5,1.5
1783010248157,2026-07-02 18:37:28.157,C3:00:00:63:4D:08,-51,127,1.5,6.5,1.5
1783010248185,2026-07-02 18:37:28.185,C3:00:00:63:4D:0D,-55,127,1.5,6.5,1.5
1783010248190,2026-07-02 18:37:28.190,C3:00:00:63:4D:09,-70,127,1.5,6.5,1.5
1783010248195,2026-07-02 18:37:28.195,C3:00:00:63:4D:05,-63,127,1.5,6.5,1.5
1783010248208,2026-07-02 18:37:28.208,C3:00:00:63:4D:07,-60,127,1.5,6.5,1.5
1783010248210,2026-07-02 18:37:28.210,C3:00:00:63:4C:D2,-65,127,1.5,6.5,1.5
1783010248212,2026-07-02 18:37:28.212,C3:00:00:63:4D:0D,-62,127,1.5,6.5,1.5
1783010248234,2026-07-02 18:37:28.234,C3:00:00:63:4D:0A,-73,127,1.5,6.5,1.5
1783010248240,2026-07-02 18:37:28.240,C3:00:00:63:4D:04,-66,127,1.5,6.5,1.5
1783010248247,2026-07-02 18:37:28.247,C3:00:00:63:4D:07,-67,127,1.5,6.5,1.5
1783010248267,2026-07-02 18:37:28.267,C3:00:00:63:4D:08,-46,127,1.5,6.5,1.5
1783010248283,2026-07-02 18:37:28.283,C3:00:00:63:4D:0D,-61,127,1.5,6.5,1.5
1783010248346,2026-07-02 18:37:28.346,C3:00:00:63:4D:0A,-61,127,1.5,6.5,1.5
1783010248367,2026-07-02 18:37:28.367,C3:00:00:63:4D:04,-62,127,1.5,6.5,1.5
1783010248371,2026-07-02 18:37:28.371,C3:00:00:63:4D:08,-48,127,1.5,6.5,1.5
1783010248382,2026-07-02 18:37:28.382,C3:00:00:63:4D:0D,-62,127,1.5,6.5,1.5
1783010248405,2026-07-02 18:37:28.405,C3:00:00:63:4D:05,-60,127,1.5,6.5,1.5
1783010248420,2026-07-02 18:37:28.420,C3:00:00:63:4D:09,-67,127,1.5,6.5,1.5
1783010248423,2026-07-02 18:37:28.423,C3:00:00:63:4D:07,-62,127,1.5,6.5,1.5
1783010248427,2026-07-02 18:37:28.427,C3:00:00:63:4C:D2,-65,127,1.5,6.5,1.5
1783010248434,2026-07-02 18:37:28.434,C3:00:00:63:4D:09,-69,127,1.5,6.5,1.5
1783010248460,2026-07-02 18:37:28.460,C3:00:00:63:4D:04,-63,127,1.5,6.5,1.5
1783010248464,2026-07-02 18:37:28.464,C3:00:00:63:4D:0A,-68,127,1.5,6.5,1.5
1783010248475,2026-07-02 18:37:28.475,C3:00:00:63:4D:08,-48,127,1.5,6.5,1.5
1783010248488,2026-07-02 18:37:28.488,C3:00:00:63:4D:0D,-53,127,1.5,6.5,1.5
1783010248491,2026-07-02 18:37:28.491,C3:00:00:63:4D:05,-60,127,1.5,6.5,1.5
1783010248538,2026-07-02 18:37:28.538,C3:00:00:63:4D:07,-72,127,1.5,6.5,1.5
1783010248543,2026-07-02 18:37:28.543,C3:00:00:63:4C:D2,-55,127,1.5,6.5,1.5
1783010248595,2026-07-02 18:37:28.595,C3:00:00:63:4D:08,-54,127,1.5,6.5,1.5
1783010248637,2026-07-02 18:37:28.637,C3:00:00:63:4D:09,-64,127,1.5,6.5,1.5
1783010248646,2026-07-02 18:37:28.646,C3:00:00:63:4D:05,-62,127,1.5,6.5,1.5
1783010248655,2026-07-02 18:37:28.655,C3:00:00:63:4D:07,-67,127,1.5,6.5,1.5
1783010248661,2026-07-02 18:37:28.661,C3:00:00:63:4C:D2,-64,127,1.5,6.5,1.5
1783010248675,2026-07-02 18:37:28.675,C3:00:00:63:4D:07,-63,127,1.5,6.5,1.5
1783010248680,2026-07-02 18:37:28.680,C3:00:00:63:4D:04,-61,127,1.5,6.5,1.5
1783010248685,2026-07-02 18:37:28.685,C3:00:00:63:4D:0A,-61,127,1.5,6.5,1.5
1783010248689,2026-07-02 18:37:28.689,C3:00:00:63:4D:08,-52,127,1.5,6.5,1.5
1783010248694,2026-07-02 18:37:28.694,C3:00:00:63:4D:0D,-58,127,1.5,6.5,1.5
1783010248734,2026-07-02 18:37:28.734,C3:00:00:63:4D:04,-61,127,1.5,6.5,1.5
1783010248758,2026-07-02 18:37:28.758,C3:00:00:63:4D:05,-60,127,1.5,6.5,1.5
1783010248765,2026-07-02 18:37:28.765,C3:00:00:63:4D:09,-72,127,1.5,6.5,1.5
1783010248773,2026-07-02 18:37:28.773,C3:00:00:63:4D:07,-61,127,1.5,6.5,1.5
1783010248781,2026-07-02 18:37:28.781,C3:00:00:63:4C:D2,-70,127,1.5,6.5,1.5
1783010248797,2026-07-02 18:37:28.797,C3:00:00:63:4D:04,-61,127,1.5,6.5,1.5
1783010248805,2026-07-02 18:37:28.805,C3:00:00:63:4D:0A,-63,127,1.5,6.5,1.5
1783010248810,2026-07-02 18:37:28.810,C3:00:00:63:4D:0D,-56,127,1.5,6.5,1.5
1783010248812,2026-07-02 18:37:28.812,C3:00:00:63:4D:08,-44,127,1.5,6.5,1.5
1783010248878,2026-07-02 18:37:28.878,C3:00:00:63:4C:D2,-54,127,1.5,6.5,1.5
1783010248910,2026-07-02 18:37:28.910,C3:00:00:63:4D:04,-62,127,1.5,6.5,1.5
1783010248924,2026-07-02 18:37:28.924,C3:00:00:63:4D:08,-49,127,1.5,6.5,1.5
1783010248985,2026-07-02 18:37:28.985,C3:00:00:63:4D:09,-59,127,1.5,6.5,1.5
1783010248991,2026-07-02 18:37:28.991,C3:00:00:63:4D:05,-64,127,1.5,6.5,1.5
1783010248996,2026-07-02 18:37:28.996,C3:00:00:63:4D:07,-67,127,1.5,6.5,1.5
1783010249002,2026-07-02 18:37:29.002,C3:00:00:63:4C:D2,-64,127,1.5,6.5,1.5
1783010249007,2026-07-02 18:37:29.007,C3:00:00:63:4D:04,-60,127,1.5,6.5,1.5
1783010249013,2026-07-02 18:37:29.013,C3:00:00:63:4D:0D,-54,127,1.5,6.5,1.5
1783010249023,2026-07-02 18:37:29.023,C3:00:00:63:4D:08,-48,127,1.5,6.5,1.5
1783010249028,2026-07-02 18:37:29.028,C3:00:00:63:4D:0A,-63,127,1.5,6.5,1.5
1783010249045,2026-07-02 18:37:29.045,C3:00:00:63:4D:09,-69,127,1.5,6.5,1.5
1783010249066,2026-07-02 18:37:29.066,C3:00:00:63:4D:0D,-54,127,1.5,6.5,1.5
1783010249098,2026-07-02 18:37:29.098,C3:00:00:63:4D:09,-65,127,1.5,6.5,1.5
1783010249105,2026-07-02 18:37:29.105,C3:00:00:63:4D:05,-56,127,1.5,6.5,1.5
1783010249113,2026-07-02 18:37:29.113,C3:00:00:63:4C:D2,-66,127,1.5,6.5,1.5
1783010249118,2026-07-02 18:37:29.118,C3:00:00:63:4D:07,-60,127,1.5,6.5,1.5
1783010249120,2026-07-02 18:37:29.120,C3:00:00:63:4D:04,-62,127,1.5,6.5,1.5
1783010249127,2026-07-02 18:37:29.127,C3:00:00:63:4D:0D,-55,127,1.5,6.5,1.5
1783010249134,2026-07-02 18:37:29.134,C3:00:00:63:4D:08,-44,127,1.5,6.5,1.5
1783010249143,2026-07-02 18:37:29.143,C3:00:00:63:4D:0A,-75,127,1.5,6.5,1.5
1783010249216,2026-07-02 18:37:29.216,C3:00:00:63:4D:09,-62,127,1.5,6.5,1.5
1783010249224,2026-07-02 18:37:29.224,C3:00:00:63:4D:05,-63,127,1.5,6.5,1.5
1783010249229,2026-07-02 18:37:29.229,C3:00:00:63:4D:04,-59,127,1.5,6.5,1.5
1783010249234,2026-07-02 18:37:29.234,C3:00:00:63:4D:0D,-55,127,1.5,6.5,1.5
1783010249250,2026-07-02 18:37:29.250,C3:00:00:63:4D:08,-52,127,1.5,6.5,1.5
1783010249256,2026-07-02 18:37:29.256,C3:00:00:63:4D:0A,-62,127,1.5,6.5,1.5
1783010249291,2026-07-02 18:37:29.291,C3:00:00:63:4D:09,-62,127,1.5,6.5,1.5
1783010249298,2026-07-02 18:37:29.298,C3:00:00:63:4D:0A,-62,127,1.5,6.5,1.5
1783010249326,2026-07-02 18:37:29.326,C3:00:00:63:4C:D2,-63,127,1.5,6.5,1.5
1783010249334,2026-07-02 18:37:29.334,C3:00:00:63:4D:05,-60,127,1.5,6.5,1.5
1783010249344,2026-07-02 18:37:29.344,C3:00:00:63:4D:04,-61,127,1.5,6.5,1.5
1783010249346,2026-07-02 18:37:29.346,C3:00:00:63:4D:0D,-57,127,1.5,6.5,1.5
1783010249370,2026-07-02 18:37:29.370,C3:00:00:63:4D:0A,-67,127,1.5,6.5,1.5
1783010249442,2026-07-02 18:37:29.442,C3:00:00:63:4D:0D,-54,127,1.5,6.5,1.5
1783010249445,2026-07-02 18:37:29.445,C3:00:00:63:4D:09,-67,127,1.5,6.5,1.5
1783010249452,2026-07-02 18:37:29.452,C3:00:00:63:4D:05,-69,127,1.5,6.5,1.5
1783010249472,2026-07-02 18:37:29.472,C3:00:00:63:4D:04,-60,127,1.5,6.5,1.5
1783010249475,2026-07-02 18:37:29.475,C3:00:00:63:4D:07,-59,127,1.5,6.5,1.5
1783010249477,2026-07-02 18:37:29.477,C3:00:00:63:4D:05,-68,127,1.5,6.5,1.5
1783010249479,2026-07-02 18:37:29.479,C3:00:00:63:4D:08,-45,127,1.5,6.5,1.5
1783010249486,2026-07-02 18:37:29.486,C3:00:00:63:4D:0A,-67,127,1.5,6.5,1.5
1783010249501,2026-07-02 18:37:29.501,C3:00:00:63:4D:0A,-69,127,1.5,6.5,1.5
1783010249544,2026-07-02 18:37:29.544,C3:00:00:63:4D:0D,-55,127,1.5,6.5,1.5
1783010249550,2026-07-02 18:37:29.550,C3:00:00:63:4D:09,-63,127,1.5,6.5,1.5
1783010249568,2026-07-02 18:37:29.568,C3:00:00:63:4D:04,-60,127,1.5,6.5,1.5
1783010249571,2026-07-02 18:37:29.571,C3:00:00:63:4D:05,-69,127,1.5,6.5,1.5
1783010249576,2026-07-02 18:37:29.576,C3:00:00:63:4C:D2,-69,127,1.5,6.5,1.5
1783010249578,2026-07-02 18:37:29.578,C3:00:00:63:4D:07,-63,127,1.5,6.5,1.5
1783010249579,2026-07-02 18:37:29.579,C3:00:00:63:4D:08,-48,127,1.5,6.5,1.5
1783010249594,2026-07-02 18:37:29.594,C3:00:00:63:4D:0A,-63,127,1.5,6.5,1.5
1783010249637,2026-07-02 18:37:29.637,C3:00:00:63:4D:0D,-54,127,1.5,6.5,1.5
1783010249640,2026-07-02 18:37:29.640,C3:00:00:63:4D:08,-48,127,1.5,6.5,1.5
1783010249667,2026-07-02 18:37:29.667,C3:00:00:63:4D:0D,-55,127,1.5,6.5,1.5
1783010249672,2026-07-02 18:37:29.672,C3:00:00:63:4D:04,-65,127,1.5,6.5,1.5
1783010249676,2026-07-02 18:37:29.676,C3:00:00:63:4D:05,-67,127,1.5,6.5,1.5
1783010249679,2026-07-02 18:37:29.679,C3:00:00:63:4D:08,-50,127,1.5,6.5,1.5
1783010249685,2026-07-02 18:37:29.685,C3:00:00:63:4D:07,-64,127,1.5,6.5,1.5
1783010249687,2026-07-02 18:37:29.687,C3:00:00:63:4C:D2,-66,127,1.5,6.5,1.5
1783010249689,2026-07-02 18:37:29.689,C3:00:00:63:4D:0D,-56,127,1.5,6.5,1.5
1783010249710,2026-07-02 18:37:29.710,C3:00:00:63:4D:0A,-62,127,1.5,6.5,1.5
1783010249715,2026-07-02 18:37:29.715,C3:00:00:63:4D:08,-44,127,1.5,6.5,1.5
1783010249748,2026-07-02 18:37:29.748,C3:00:00:63:4D:0D,-55,127,1.5,6.5,1.5
1783010249774,2026-07-02 18:37:29.774,C3:00:00:63:4D:04,-58,127,1.5,6.5,1.5
1783010249780,2026-07-02 18:37:29.780,C3:00:00:63:4C:D2,-55,127,1.5,6.5,1.5
1783010249788,2026-07-02 18:37:29.788,C3:00:00:63:4D:09,-63,127,1.5,6.5,1.5
1783010249794,2026-07-02 18:37:29.794,C3:00:00:63:4D:07,-69,127,1.5,6.5,1.5
1783010249797,2026-07-02 18:37:29.797,C3:00:00:63:4D:08,-44,127,1.5,6.5,1.5
1783010249800,2026-07-02 18:37:29.800,C3:00:00:63:4D:04,-58,127,1.5,6.5,1.5
1783010249805,2026-07-02 18:37:29.805,C3:00:00:63:4C:D2,-56,127,1.5,6.5,1.5
1783010249807,2026-07-02 18:37:29.807,C3:00:00:63:4D:07,-70,127,1.5,6.5,1.5
1783010249813,2026-07-02 18:37:29.813,C3:00:00:63:4D:0A,-63,127,1.5,6.5,1.5
1783010249816,2026-07-02 18:37:29.816,C3:00:00:63:4D:04,-58,127,1.5,6.5,1.5
1783010249851,2026-07-02 18:37:29.851,C3:00:00:63:4D:0D,-55,127,1.5,6.5,1.5
1783010249878,2026-07-02 18:37:29.878,C3:00:00:63:4D:04,-56,127,1.5,6.5,1.5
1783010249899,2026-07-02 18:37:29.899,C3:00:00:63:4D:09,-64,127,1.5,6.5,1.5
1783010249908,2026-07-02 18:37:29.908,C3:00:00:63:4D:08,-49,127,1.5,6.5,1.5
1783010249914,2026-07-02 18:37:29.914,C3:00:00:63:4D:05,-64,127,1.5,6.5,1.5
1783010249918,2026-07-02 18:37:29.918,C3:00:00:63:4C:D2,-64,127,1.5,6.5,1.5
1783010249923,2026-07-02 18:37:29.923,C3:00:00:63:4D:07,-60,127,1.5,6.5,1.5
1783010249992,2026-07-02 18:37:29.992,C3:00:00:63:4D:04,-63,127,1.5,6.5,1.5
1783010250018,2026-07-02 18:37:30.018,C3:00:00:63:4D:08,-50,127,1.5,6.5,1.5
1783010250020,2026-07-02 18:37:30.020,C3:00:00:63:4D:09,-70,127,1.5,6.5,1.5
1783010250025,2026-07-02 18:37:30.025,C3:00:00:63:4D:05,-71,127,1.5,6.5,1.5
1783010250032,2026-07-02 18:37:30.032,C3:00:00:63:4D:07,-68,127,1.5,6.5,1.5
1783010250036,2026-07-02 18:37:30.036,C3:00:00:63:4C:D2,-58,127,1.5,6.5,1.5
1783010250038,2026-07-02 18:37:30.038,C3:00:00:63:4D:0A,-69,127,1.5,6.5,1.5
1783010250065,2026-07-02 18:37:30.065,C3:00:00:63:4D:0D,-55,127,1.5,6.5,1.5
1783010250090,2026-07-02 18:37:30.090,C3:00:00:63:4D:05,-68,127,1.5,6.5,1.5
1783010250103,2026-07-02 18:37:30.103,C3:00:00:63:4D:04,-60,127,1.5,6.5,1.5
1783010250113,2026-07-02 18:37:30.113,C3:00:00:63:4D:08,-50,127,1.5,6.5,1.5
1783010250121,2026-07-02 18:37:30.121,C3:00:00:63:4D:09,-66,127,1.5,6.5,1.5
1783010250134,2026-07-02 18:37:30.134,C3:00:00:63:4D:05,-56,127,1.5,6.5,1.5
1783010250144,2026-07-02 18:37:30.144,C3:00:00:63:4D:07,-66,127,1.5,6.5,1.5
1783010250149,2026-07-02 18:37:30.149,C3:00:00:63:4C:D2,-69,127,1.5,6.5,1.5
1783010250153,2026-07-02 18:37:30.153,C3:00:00:63:4D:0A,-62,127,1.5,6.5,1.5
1783010250162,2026-07-02 18:37:30.162,C3:00:00:63:4D:0D,-56,127,1.5,6.5,1.5
1783010250169,2026-07-02 18:37:30.169,C3:00:00:63:4D:0A,-62,127,1.5,6.5,1.5
1783010250206,2026-07-02 18:37:30.206,C3:00:00:63:4D:04,-60,127,1.5,6.5,1.5
1783010250219,2026-07-02 18:37:30.219,C3:00:00:63:4D:08,-52,127,1.5,6.5,1.5
1783010250239,2026-07-02 18:37:30.239,C3:00:00:63:4D:09,-74,127,1.5,6.5,1.5
1783010250258,2026-07-02 18:37:30.258,C3:00:00:63:4D:07,-57,127,1.5,6.5,1.5
1783010250267,2026-07-02 18:37:30.267,C3:00:00:63:4D:0A,-67,127,1.5,6.5,1.5
1783010250276,2026-07-02 18:37:30.276,C3:00:00:63:4D:0D,-54,127,1.5,6.5,1.5
1783010250279,2026-07-02 18:37:30.279,C3:00:00:63:4D:07,-58,127,1.5,6.5,1.5
1783010250317,2026-07-02 18:37:30.317,C3:00:00:63:4D:04,-60,127,1.5,6.5,1.5
1783010250336,2026-07-02 18:37:30.336,C3:00:00:63:4D:08,-48,127,1.5,6.5,1.5
1783010250367,2026-07-02 18:37:30.367,C3:00:00:63:4D:05,-58,127,1.5,6.5,1.5
1783010250375,2026-07-02 18:37:30.375,C3:00:00:63:4D:07,-67,127,1.5,6.5,1.5
1783010250388,2026-07-02 18:37:30.388,C3:00:00:63:4D:0D,-56,127,1.5,6.5,1.5
1783010250394,2026-07-02 18:37:30.394,C3:00:00:63:4D:0A,-72,127,1.5,6.5,1.5
1783010250401,2026-07-02 18:37:30.401,C3:00:00:63:4D:07,-70,127,1.5,6.5,1.5
1783010250423,2026-07-02 18:37:30.423,C3:00:00:63:4D:04,-60,127,1.5,6.5,1.5
1783010250437,2026-07-02 18:37:30.437,C3:00:00:63:4D:08,-46,127,1.5,6.5,1.5
1783010250467,2026-07-02 18:37:30.467,C3:00:00:63:4D:09,-65,127,1.5,6.5,1.5
1783010250477,2026-07-02 18:37:30.477,C3:00:00:63:4D:05,-55,127,1.5,6.5,1.5
1783010250488,2026-07-02 18:37:30.488,C3:00:00:63:4D:0D,-54,127,1.5,6.5,1.5
1783010250494,2026-07-02 18:37:30.494,C3:00:00:63:4C:D2,-65,127,1.5,6.5,1.5
1783010250500,2026-07-02 18:37:30.500,C3:00:00:63:4D:07,-68,127,1.5,6.5,1.5
1783010250503,2026-07-02 18:37:30.503,C3:00:00:63:4D:0A,-62,127,1.5,6.5,1.5
1783010250505,2026-07-02 18:37:30.505,C3:00:00:63:4D:05,-55,127,1.5,6.5,1.5
1783010250533,2026-07-02 18:37:30.533,C3:00:00:63:4D:04,-58,127,1.5,6.5,1.5
1783010250551,2026-07-02 18:37:30.551,C3:00:00:63:4D:08,-56,127,1.5,6.5,1.5
1783010250575,2026-07-02 18:37:30.575,C3:00:00:63:4D:09,-61,127,1.5,6.5,1.5
1783010250598,2026-07-02 18:37:30.598,C3:00:00:63:4D:0D,-54,127,1.5,6.5,1.5
1783010250603,2026-07-02 18:37:30.603,C3:00:00:63:4D:05,-67,127,1.5,6.5,1.5
1783010250605,2026-07-02 18:37:30.605,C3:00:00:63:4C:D2,-66,127,1.5,6.5,1.5
1783010250608,2026-07-02 18:37:30.608,C3:00:00:63:4D:07,-64,127,1.5,6.5,1.5
1783010250611,2026-07-02 18:37:30.611,C3:00:00:63:4D:0A,-62,127,1.5,6.5,1.5
1783010250648,2026-07-02 18:37:30.648,C3:00:00:63:4D:04,-61,127,1.5,6.5,1.5
1783010250667,2026-07-02 18:37:30.667,C3:00:00:63:4D:08,-48,127,1.5,6.5,1.5
1783010250698,2026-07-02 18:37:30.698,C3:00:00:63:4D:07,-64,127,1.5,6.5,1.5
1783010250704,2026-07-02 18:37:30.704,C3:00:00:63:4D:0D,-54,127,1.5,6.5,1.5
1783010250717,2026-07-02 18:37:30.717,C3:00:00:63:4D:05,-66,127,1.5,6.5,1.5
1783010250720,2026-07-02 18:37:30.720,C3:00:00:63:4D:0A,-59,127,1.5,6.5,1.5
1783010250724,2026-07-02 18:37:30.724,C3:00:00:63:4C:D2,-64,127,1.5,6.5,1.5
1783010250750,2026-07-02 18:37:30.750,C3:00:00:63:4D:04,-67,127,1.5,6.5,1.5
1783010250773,2026-07-02 18:37:30.773,C3:00:00:63:4D:08,-48,127,1.5,6.5,1.5
1783010250800,2026-07-02 18:37:30.800,C3:00:00:63:4D:0D,-61,127,1.5,6.5,1.5
1783010250803,2026-07-02 18:37:30.803,C3:00:00:63:4D:09,-62,127,1.5,6.5,1.5
1783010250827,2026-07-02 18:37:30.827,C3:00:00:63:4D:05,-67,127,1.5,6.5,1.5
1783010250836,2026-07-02 18:37:30.836,C3:00:00:63:4C:D2,-67,127,1.5,6.5,1.5
1783010250843,2026-07-02 18:37:30.843,C3:00:00:63:4D:0A,-60,127,1.5,6.5,1.5
1783010250846,2026-07-02 18:37:30.846,C3:00:00:63:4D:07,-64,127,1.5,6.5,1.5
1783010250861,2026-07-02 18:37:30.861,C3:00:00:63:4D:04,-72,127,1.5,6.5,1.5
1783010250882,2026-07-02 18:37:30.882,C3:00:00:63:4D:08,-47,127,1.5,6.5,1.5
1783010250908,2026-07-02 18:37:30.908,C3:00:00:63:4D:0D,-54,127,1.5,6.5,1.5
1783010250920,2026-07-02 18:37:30.920,C3:00:00:63:4D:09,-65,127,1.5,6.5,1.5
1783010250936,2026-07-02 18:37:30.936,C3:00:00:63:4D:08,-45,127,1.5,6.5,1.5
1783010250944,2026-07-02 18:37:30.944,C3:00:00:63:4D:05,-58,127,1.5,6.5,1.5
1783010250953,2026-07-02 18:37:30.953,C3:00:00:63:4D:0A,-70,127,1.5,6.5,1.5
1783010250963,2026-07-02 18:37:30.963,C3:00:00:63:4C:D2,-55,127,1.5,6.5,1.5
1783010250968,2026-07-02 18:37:30.968,C3:00:00:63:4D:07,-73,127,1.5,6.5,1.5
1783010250969,2026-07-02 18:37:30.969,C3:00:00:63:4D:08,-53,127,1.5,6.5,1.5
1783010250977,2026-07-02 18:37:30.977,C3:00:00:63:4D:04,-62,127,1.5,6.5,1.5
1783010250987,2026-07-02 18:37:30.987,C3:00:00:63:4D:08,-46,127,1.5,6.5,1.5
1783010250992,2026-07-02 18:37:30.992,C3:00:00:63:4D:0A,-80,127,1.5,6.5,1.5
1783010251017,2026-07-02 18:37:31.017,C3:00:00:63:4D:0D,-74,127,1.5,6.5,1.5
1783010251032,2026-07-02 18:37:31.032,C3:00:00:63:4D:09,-67,127,1.5,6.5,1.5
1783010251056,2026-07-02 18:37:31.056,C3:00:00:63:4D:09,-66,127,1.5,6.5,1.5
1783010251071,2026-07-02 18:37:31.071,C3:00:00:63:4D:05,-67,127,1.5,6.5,1.5
1783010251075,2026-07-02 18:37:31.075,C3:00:00:63:4C:D2,-60,127,1.5,6.5,1.5
1783010251080,2026-07-02 18:37:31.080,C3:00:00:63:4D:07,-78,127,1.5,6.5,1.5
1783010251083,2026-07-02 18:37:31.083,C3:00:00:63:4D:0D,-62,127,1.5,6.5,1.5
1783010251085,2026-07-02 18:37:31.085,C3:00:00:63:4D:04,-64,127,1.5,6.5,1.5
1783010251098,2026-07-02 18:37:31.098,C3:00:00:63:4D:08,-47,127,1.5,6.5,1.5
1783010251117,2026-07-02 18:37:31.117,C3:00:00:63:4D:0D,-54,127,1.5,6.5,1.5
1783010251152,2026-07-02 18:37:31.152,C3:00:00:63:4D:09,-72,127,1.5,6.5,1.5
1783010251172,2026-07-02 18:37:31.172,C3:00:00:63:4D:05,-67,127,1.5,6.5,1.5
1783010251176,2026-07-02 18:37:31.176,C3:00:00:63:4D:0A,-64,127,1.5,6.5,1.5
1783010251195,2026-07-02 18:37:31.195,C3:00:00:63:4D:04,-69,127,1.5,6.5,1.5
1783010251201,2026-07-02 18:37:31.201,C3:00:00:63:4D:08,-50,127,1.5,6.5,1.5
1783010251267,2026-07-02 18:37:31.267,C3:00:00:63:4D:09,-61,127,1.5,6.5,1.5
1783010251289,2026-07-02 18:37:31.289,C3:00:00:63:4C:D2,-63,127,1.5,6.5,1.5
1783010251291,2026-07-02 18:37:31.291,C3:00:00:63:4D:05,-59,127,1.5,6.5,1.5
1783010251292,2026-07-02 18:37:31.292,C3:00:00:63:4D:0A,-66,127,1.5,6.5,1.5
1783010251295,2026-07-02 18:37:31.295,C3:00:00:63:4D:07,-63,127,1.5,6.5,1.5
1783010251303,2026-07-02 18:37:31.303,C3:00:00:63:4C:D2,-55,127,1.5,6.5,1.5
1783010251308,2026-07-02 18:37:31.308,C3:00:00:63:4D:09,-61,127,1.5,6.5,1.5
1783010251324,2026-07-02 18:37:31.324,C3:00:00:63:4D:08,-47,127,1.5,6.5,1.5
1783010251327,2026-07-02 18:37:31.327,C3:00:00:63:4C:D2,-63,127,1.5,6.5,1.5
1783010251379,2026-07-02 18:37:31.379,C3:00:00:63:4D:09,-66,127,1.5,6.5,1.5
1783010251398,2026-07-02 18:37:31.398,C3:00:00:63:4D:0A,-60,127,1.5,6.5,1.5
1783010251405,2026-07-02 18:37:31.405,C3:00:00:63:4D:05,-60,127,1.5,6.5,1.5
1783010251416,2026-07-02 18:37:31.416,C3:00:00:63:4C:D2,-72,127,1.5,6.5,1.5
1783010251423,2026-07-02 18:37:31.423,C3:00:00:63:4D:08,-53,127,1.5,6.5,1.5
1783010251432,2026-07-02 18:37:31.432,C3:00:00:63:4D:0D,-56,127,1.5,6.5,1.5
1783010251494,2026-07-02 18:37:31.494,C3:00:00:63:4D:09,-71,127,1.5,6.5,1.5
1783010251527,2026-07-02 18:37:31.527,C3:00:00:63:4D:04,-61,127,1.5,6.5,1.5
1783010251534,2026-07-02 18:37:31.534,C3:00:00:63:4C:D2,-56,127,1.5,6.5,1.5
1783010251541,2026-07-02 18:37:31.541,C3:00:00:63:4D:08,-48,127,1.5,6.5,1.5
1783010251549,2026-07-02 18:37:31.549,C3:00:00:63:4D:0D,-54,127,1.5,6.5,1.5
1783010251616,2026-07-02 18:37:31.616,C3:00:00:63:4D:09,-68,127,1.5,6.5,1.5
1783010251624,2026-07-02 18:37:31.624,C3:00:00:63:4D:04,-66,127,1.5,6.5,1.5
1783010251630,2026-07-02 18:37:31.630,C3:00:00:63:4D:0A,-60,127,1.5,6.5,1.5
1783010251636,2026-07-02 18:37:31.636,C3:00:00:63:4D:05,-62,127,1.5,6.5,1.5
1783010251638,2026-07-02 18:37:31.638,C3:00:00:63:4C:D2,-64,127,1.5,6.5,1.5
1783010251640,2026-07-02 18:37:31.640,C3:00:00:63:4D:07,-72,127,1.5,6.5,1.5
1783010251647,2026-07-02 18:37:31.647,C3:00:00:63:4D:0D,-58,127,1.5,6.5,1.5
1783010251651,2026-07-02 18:37:31.651,C3:00:00:63:4D:08,-54,127,1.5,6.5,1.5
1783010251665,2026-07-02 18:37:31.665,C3:00:00:63:4D:08,-51,127,1.5,6.5,1.5
1783010251670,2026-07-02 18:37:31.670,C3:00:00:63:4D:0D,-58,127,1.5,6.5,1.5
1783010251717,2026-07-02 18:37:31.717,C3:00:00:63:4D:09,-67,127,1.5,6.5,1.5
1783010251729,2026-07-02 18:37:31.729,C3:00:00:63:4D:08,-50,127,1.5,6.5,1.5
1783010251747,2026-07-02 18:37:31.747,C3:00:00:63:4D:0A,-64,127,1.5,6.5,1.5
1783010251755,2026-07-02 18:37:31.755,C3:00:00:63:4D:0D,-54,127,1.5,6.5,1.5
1783010251756,2026-07-02 18:37:31.756,C3:00:00:63:4D:08,-51,127,1.5,6.5,1.5
1783010251760,2026-07-02 18:37:31.760,C3:00:00:63:4D:07,-72,127,1.5,6.5,1.5
1783010251782,2026-07-02 18:37:31.782,C3:00:00:63:4D:04,-72,127,1.5,6.5,1.5
1783010251786,2026-07-02 18:37:31.786,C3:00:00:63:4C:D2,-68,127,1.5,6.5,1.5
1783010251800,2026-07-02 18:37:31.800,C3:00:00:63:4D:04,-64,127,1.5,6.5,1.5
1783010251824,2026-07-02 18:37:31.824,C3:00:00:63:4D:04,-62,127,1.5,6.5,1.5
1783010251834,2026-07-02 18:37:31.834,C3:00:00:63:4D:09,-64,127,1.5,6.5,1.5
1783010251855,2026-07-02 18:37:31.855,C3:00:00:63:4D:04,-63,127,1.5,6.5,1.5
1783010251857,2026-07-02 18:37:31.857,C3:00:00:63:4D:0D,-53,127,1.5,6.5,1.5
1783010251863,2026-07-02 18:37:31.863,C3:00:00:63:4D:0A,-74,127,1.5,6.5,1.5
1783010251865,2026-07-02 18:37:31.865,C3:00:00:63:4D:08,-47,127,1.5,6.5,1.5
1783010251868,2026-07-02 18:37:31.868,C3:00:00:63:4D:07,-64,127,1.5,6.5,1.5
1783010251953,2026-07-02 18:37:31.953,C3:00:00:63:4D:09,-62,127,1.5,6.5,1.5
1783010251959,2026-07-02 18:37:31.959,C3:00:00:63:4D:04,-60,127,1.5,6.5,1.5
1783010251964,2026-07-02 18:37:31.964,C3:00:00:63:4D:0D,-59,127,1.5,6.5,1.5
1783010251971,2026-07-02 18:37:31.971,C3:00:00:63:4D:0A,-59,127,1.5,6.5,1.5
1783010251975,2026-07-02 18:37:31.975,C3:00:00:63:4D:08,-48,127,1.5,6.5,1.5
1783010251981,2026-07-02 18:37:31.981,C3:00:00:63:4C:D2,-63,127,1.5,6.5,1.5
1783010251990,2026-07-02 18:37:31.990,C3:00:00:63:4D:07,-77,127,1.5,6.5,1.5
1783010252063,2026-07-02 18:37:32.063,C3:00:00:63:4D:09,-67,127,1.5,6.5,1.5
1783010252089,2026-07-02 18:37:32.089,C3:00:00:63:4D:08,-50,127,1.5,6.5,1.5
1783010252092,2026-07-02 18:37:32.092,C3:00:00:63:4D:05,-68,127,1.5,6.5,1.5
1783010252098,2026-07-02 18:37:32.098,C3:00:00:63:4D:07,-66,127,1.5,6.5,1.5
1783010252115,2026-07-02 18:37:32.115,C3:00:00:63:4C:D2,-68,127,1.5,6.5,1.5
1783010252170,2026-07-02 18:37:32.170,C3:00:00:63:4D:0D,-54,127,1.5,6.5,1.5
1783010252175,2026-07-02 18:37:32.175,C3:00:00:63:4D:04,-60,127,1.5,6.5,1.5
1783010252183,2026-07-02 18:37:32.183,C3:00:00:63:4D:09,-70,127,1.5,6.5,1.5
1783010252191,2026-07-02 18:37:32.191,C3:00:00:63:4D:08,-47,127,1.5,6.5,1.5
1783010252203,2026-07-02 18:37:32.203,C3:00:00:63:4D:0A,-76,127,1.5,6.5,1.5
1783010252204,2026-07-02 18:37:32.204,C3:00:00:63:4D:0D,-62,127,1.5,6.5,1.5
1783010252208,2026-07-02 18:37:32.208,C3:00:00:63:4D:05,-59,127,1.5,6.5,1.5
1783010252217,2026-07-02 18:37:32.217,C3:00:00:63:4D:07,-64,127,1.5,6.5,1.5
1783010252218,2026-07-02 18:37:32.218,C3:00:00:63:4C:D2,-62,127,1.5,6.5,1.5
1783010252267,2026-07-02 18:37:32.267,C3:00:00:63:4D:0D,-59,127,1.5,6.5,1.5
1783010252275,2026-07-02 18:37:32.275,C3:00:00:63:4D:04,-60,127,1.5,6.5,1.5
1783010252294,2026-07-02 18:37:32.294,C3:00:00:63:4D:09,-65,127,1.5,6.5,1.5
1783010252301,2026-07-02 18:37:32.301,C3:00:00:63:4D:08,-52,127,1.5,6.5,1.5
1783010252309,2026-07-02 18:37:32.309,C3:00:00:63:4D:0A,-61,127,1.5,6.5,1.5
1783010252320,2026-07-02 18:37:32.320,C3:00:00:63:4D:05,-69,127,1.5,6.5,1.5
1783010252390,2026-07-02 18:37:32.390,C3:00:00:63:4D:04,-60,127,1.5,6.5,1.5
1783010252401,2026-07-02 18:37:32.401,C3:00:00:63:4D:09,-70,127,1.5,6.5,1.5
1783010252415,2026-07-02 18:37:32.415,C3:00:00:63:4D:08,-52,127,1.5,6.5,1.5
1783010252422,2026-07-02 18:37:32.422,C3:00:00:63:4D:0A,-73,127,1.5,6.5,1.5
1783010252432,2026-07-02 18:37:32.432,C3:00:00:63:4D:09,-65,127,1.5,6.5,1.5
1783010252439,2026-07-02 18:37:32.439,C3:00:00:63:4D:05,-61,127,1.5,6.5,1.5
1783010252495,2026-07-02 18:37:32.495,C3:00:00:63:4D:04,-64,127,1.5,6.5,1.5
1783010252559,2026-07-02 18:37:32.559,C3:00:00:63:4C:D2,-72,127,1.5,6.5,1.5
1783010252626,2026-07-02 18:37:32.626,C3:00:00:63:4D:08,-58,127,1.5,6.5,1.5
1783010252636,2026-07-02 18:37:32.636,C3:00:00:63:4D:09,-70,127,1.5,6.5,1.5
1783010252643,2026-07-02 18:37:32.643,C3:00:00:63:4D:0A,-65,127,1.5,6.5,1.5
1783010252665,2026-07-02 18:37:32.665,C3:00:00:63:4C:D2,-67,127,1.5,6.5,1.5
1783010252719,2026-07-02 18:37:32.719,C3:00:00:63:4D:04,-57,127,1.5,6.5,1.5
1783010252744,2026-07-02 18:37:32.744,C3:00:00:63:4D:04,-58,127,1.5,6.5,1.5
1783010252784,2026-07-02 18:37:32.784,C3:00:00:63:4D:05,-70,127,1.5,6.5,1.5
1783010252790,2026-07-02 18:37:32.790,C3:00:00:63:4C:D2,-58,127,1.5,6.5,1.5
1783010252798,2026-07-02 18:37:32.798,C3:00:00:63:4D:0D,-58,127,1.5,6.5,1.5
1783010252843,2026-07-02 18:37:32.843,C3:00:00:63:4D:08,-51,127,1.5,6.5,1.5
1783010252863,2026-07-02 18:37:32.863,C3:00:00:63:4D:09,-62,127,1.5,6.5,1.5
1783010252875,2026-07-02 18:37:32.875,C3:00:00:63:4D:0A,-63,127,1.5,6.5,1.5
1783010252933,2026-07-02 18:37:32.933,C3:00:00:63:4D:04,-63,127,1.5,6.5,1.5
1783010252954,2026-07-02 18:37:32.954,C3:00:00:63:4D:08,-50,127,1.5,6.5,1.5
1783010252986,2026-07-02 18:37:32.986,C3:00:00:63:4D:0A,-68,127,1.5,6.5,1.5
1783010253006,2026-07-02 18:37:33.006,C3:00:00:63:4D:0D,-54,127,1.5,6.5,1.5
1783010253012,2026-07-02 18:37:33.012,C3:00:00:63:4D:05,-66,127,1.5,6.5,1.5
1783010253046,2026-07-02 18:37:33.046,C3:00:00:63:4D:09,-72,127,1.5,6.5,1.5
1783010253062,2026-07-02 18:37:33.062,C3:00:00:63:4D:08,-48,127,1.5,6.5,1.5
1783010253077,2026-07-02 18:37:33.077,C3:00:00:63:4D:0D,-55,127,1.5,6.5,1.5
1783010253091,2026-07-02 18:37:33.091,C3:00:00:63:4D:09,-67,127,1.5,6.5,1.5
1783010253125,2026-07-02 18:37:33.125,C3:00:00:63:4D:05,-63,127,1.5,6.5,1.5
1783010253130,2026-07-02 18:37:33.130,C3:00:00:63:4D:07,-68,127,1.5,6.5,1.5
1783010253135,2026-07-02 18:37:33.135,C3:00:00:63:4C:D2,-67,127,1.5,6.5,1.5
1783010253148,2026-07-02 18:37:33.148,C3:00:00:63:4D:04,-60,127,1.5,6.5,1.5
1783010253167,2026-07-02 18:37:33.167,C3:00:00:63:4D:08,-47,127,1.5,6.5,1.5
1783010253202,2026-07-02 18:37:33.202,C3:00:00:63:4D:09,-62,127,1.5,6.5,1.5
1783010253216,2026-07-02 18:37:33.216,C3:00:00:63:4D:0D,-54,127,1.5,6.5,1.5
1783010253239,2026-07-02 18:37:33.239,C3:00:00:63:4D:05,-60,127,1.5,6.5,1.5
1783010253265,2026-07-02 18:37:33.265,C3:00:00:63:4D:04,-64,127,1.5,6.5,1.5
1783010253275,2026-07-02 18:37:33.275,C3:00:00:63:4D:08,-51,127,1.5,6.5,1.5
1783010253302,2026-07-02 18:37:33.302,C3:00:00:63:4D:0A,-66,127,1.5,6.5,1.5
1783010253319,2026-07-02 18:37:33.319,C3:00:00:63:4D:0D,-54,127,1.5,6.5,1.5
1783010253324,2026-07-02 18:37:33.324,C3:00:00:63:4D:0A,-64,127,1.5,6.5,1.5
1783010253327,2026-07-02 18:37:33.327,C3:00:00:63:4C:D2,-54,127,1.5,6.5,1.5
1783010253346,2026-07-02 18:37:33.346,C3:00:00:63:4D:09,-77,127,1.5,6.5,1.5
1783010253357,2026-07-02 18:37:33.357,C3:00:00:63:4D:05,-75,127,1.5,6.5,1.5
1783010253363,2026-07-02 18:37:33.363,C3:00:00:63:4D:07,-66,127,1.5,6.5,1.5
1783010253367,2026-07-02 18:37:33.367,C3:00:00:63:4C:D2,-54,127,1.5,6.5,1.5
1783010253369,2026-07-02 18:37:33.369,C3:00:00:63:4D:04,-60,127,1.5,6.5,1.5
1783010253382,2026-07-02 18:37:33.382,C3:00:00:63:4D:08,-49,127,1.5,6.5,1.5
1783010253432,2026-07-02 18:37:33.432,C3:00:00:63:4D:0A,-59,127,1.5,6.5,1.5
1783010253460,2026-07-02 18:37:33.460,C3:00:00:63:4D:05,-71,127,1.5,6.5,1.5
1783010253478,2026-07-02 18:37:33.478,C3:00:00:63:4D:05,-74,127,1.5,6.5,1.5
1783010253486,2026-07-02 18:37:33.486,C3:00:00:63:4D:04,-59,127,1.5,6.5,1.5
1783010253497,2026-07-02 18:37:33.497,C3:00:00:63:4D:08,-46,127,1.5,6.5,1.5
1783010253501,2026-07-02 18:37:33.501,C3:00:00:63:4D:0A,-59,127,1.5,6.5,1.5
1783010253524,2026-07-02 18:37:33.524,C3:00:00:63:4D:0D,-54,127,1.5,6.5,1.5
1783010253540,2026-07-02 18:37:33.540,C3:00:00:63:4D:0A,-64,127,1.5,6.5,1.5
1783010253596,2026-07-02 18:37:33.596,C3:00:00:63:4D:04,-66,127,1.5,6.5,1.5
1783010253602,2026-07-02 18:37:33.602,C3:00:00:63:4C:D2,-68,127,1.5,6.5,1.5
1783010253608,2026-07-02 18:37:33.608,C3:00:00:63:4D:08,-57,127,1.5,6.5,1.5
1783010253637,2026-07-02 18:37:33.637,C3:00:00:63:4D:0D,-51,127,1.5,6.5,1.5
1783010253642,2026-07-02 18:37:33.642,C3:00:00:63:4D:08,-52,127,1.5,6.5,1.5
1783010253655,2026-07-02 18:37:33.655,C3:00:00:63:4D:0D,-53,127,1.5,6.5,1.5
1783010253664,2026-07-02 18:37:33.664,C3:00:00:63:4D:0A,-67,127,1.5,6.5,1.5
1783010253666,2026-07-02 18:37:33.666,C3:00:00:63:4D:09,-63,127,1.5,6.5,1.5
1783010253688,2026-07-02 18:37:33.688,C3:00:00:63:4D:0D,-53,127,1.5,6.5,1.5
1783010253697,2026-07-02 18:37:33.697,C3:00:00:63:4D:04,-65,127,1.5,6.5,1.5
1783010253700,2026-07-02 18:37:33.700,C3:00:00:63:4D:05,-66,127,1.5,6.5,1.5
1783010253706,2026-07-02 18:37:33.706,C3:00:00:63:4D:07,-60,127,1.5,6.5,1.5
1783010253717,2026-07-02 18:37:33.717,C3:00:00:63:4D:08,-46,127,1.5,6.5,1.5
1783010253734,2026-07-02 18:37:33.734,C3:00:00:63:4D:08,-45,127,1.5,6.5,1.5
1783010253823,2026-07-02 18:37:33.823,C3:00:00:63:4D:07,-67,127,1.5,6.5,1.5
1783010253829,2026-07-02 18:37:33.829,C3:00:00:63:4D:08,-49,127,1.5,6.5,1.5
1783010253852,2026-07-02 18:37:33.852,C3:00:00:63:4D:04,-61,127,1.5,6.5,1.5
1783010253855,2026-07-02 18:37:33.855,C3:00:00:63:4D:0D,-56,127,1.5,6.5,1.5
1783010253884,2026-07-02 18:37:33.884,C3:00:00:63:4D:0A,-61,127,1.5,6.5,1.5
1783010253889,2026-07-02 18:37:33.889,C3:00:00:63:4D:09,-69,127,1.5,6.5,1.5
1783010253920,2026-07-02 18:37:33.920,C3:00:00:63:4D:04,-60,127,1.5,6.5,1.5
1783010253930,2026-07-02 18:37:33.930,C3:00:00:63:4D:05,-62,127,1.5,6.5,1.5
1783010253936,2026-07-02 18:37:33.936,C3:00:00:63:4C:D2,-54,127,1.5,6.5,1.5
1783010253956,2026-07-02 18:37:33.956,C3:00:00:63:4D:0D,-51,127,1.5,6.5,1.5
1783010253997,2026-07-02 18:37:33.997,C3:00:00:63:4D:0A,-65,127,1.5,6.5,1.5
1783010254002,2026-07-02 18:37:34.002,C3:00:00:63:4D:09,-67,127,1.5,6.5,1.5
1783010254021,2026-07-02 18:37:34.021,C3:00:00:63:4D:04,-61,127,1.5,6.5,1.5
1783010254049,2026-07-02 18:37:34.049,C3:00:00:63:4D:07,-64,127,1.5,6.5,1.5
1783010254099,2026-07-02 18:37:34.099,C3:00:00:63:4D:05,-72,127,1.5,6.5,1.5
1783010254117,2026-07-02 18:37:34.117,C3:00:00:63:4D:09,-62,127,1.5,6.5,1.5
1783010254135,2026-07-02 18:37:34.135,C3:00:00:63:4D:04,-61,127,1.5,6.5,1.5
1783010254146,2026-07-02 18:37:34.146,C3:00:00:63:4D:08,-56,127,1.5,6.5,1.5
1783010254160,2026-07-02 18:37:34.160,C3:00:00:63:4D:0D,-57,127,1.5,6.5,1.5
1783010254168,2026-07-02 18:37:34.168,C3:00:00:63:4D:05,-63,127,1.5,6.5,1.5
1783010254171,2026-07-02 18:37:34.171,C3:00:00:63:4D:0A,-62,127,1.5,6.5,1.5
1783010254172,2026-07-02 18:37:34.172,C3:00:00:63:4D:07,-67,127,1.5,6.5,1.5
1783010254174,2026-07-02 18:37:34.174,C3:00:00:63:4C:D2,-72,127,1.5,6.5,1.5
1783010254238,2026-07-02 18:37:34.238,C3:00:00:63:4D:04,-61,127,1.5,6.5,1.5
1783010254267,2026-07-02 18:37:34.267,C3:00:00:63:4D:08,-47,127,1.5,6.5,1.5
1783010254275,2026-07-02 18:37:34.275,C3:00:00:63:4D:05,-63,127,1.5,6.5,1.5
1783010254285,2026-07-02 18:37:34.285,C3:00:00:63:4D:07,-76,127,1.5,6.5,1.5
1783010254294,2026-07-02 18:37:34.294,C3:00:00:63:4C:D2,-57,127,1.5,6.5,1.5
1783010254306,2026-07-02 18:37:34.306,C3:00:00:63:4D:07,-74,127,1.5,6.5,1.5
1783010254335,2026-07-02 18:37:34.335,C3:00:00:63:4D:0A,-65,127,1.5,6.5,1.5
1783010254346,2026-07-02 18:37:34.346,C3:00:00:63:4D:09,-79,127,1.5,6.5,1.5
1783010254348,2026-07-02 18:37:34.348,C3:00:00:63:4D:04,-63,127,1.5,6.5,1.5
1783010254368,2026-07-02 18:37:34.368,C3:00:00:63:4D:08,-45,127,1.5,6.5,1.5
1783010254372,2026-07-02 18:37:34.372,C3:00:00:63:4D:0D,-66,127,1.5,6.5,1.5
1783010254402,2026-07-02 18:37:34.402,C3:00:00:63:4C:D2,-66,127,1.5,6.5,1.5
1783010254404,2026-07-02 18:37:34.404,C3:00:00:63:4D:07,-60,127,1.5,6.5,1.5
1783010254453,2026-07-02 18:37:34.453,C3:00:00:63:4D:0A,-62,127,1.5,6.5,1.5
1783010254476,2026-07-02 18:37:34.476,C3:00:00:63:4D:08,-59,127,1.5,6.5,1.5
1783010254480,2026-07-02 18:37:34.480,C3:00:00:63:4D:0D,-62,127,1.5,6.5,1.5
1783010254508,2026-07-02 18:37:34.508,C3:00:00:63:4D:05,-66,127,1.5,6.5,1.5
1783010254515,2026-07-02 18:37:34.515,C3:00:00:63:4C:D2,-54,127,1.5,6.5,1.5
1783010254521,2026-07-02 18:37:34.521,C3:00:00:63:4D:07,-65,127,1.5,6.5,1.5
1783010254531,2026-07-02 18:37:34.531,C3:00:00:63:4D:05,-67,127,1.5,6.5,1.5
1783010254559,2026-07-02 18:37:34.559,C3:00:00:63:4D:0A,-68,127,1.5,6.5,1.5
1783010254572,2026-07-02 18:37:34.572,C3:00:00:63:4D:09,-67,127,1.5,6.5,1.5
1783010254574,2026-07-02 18:37:34.574,C3:00:00:63:4D:04,-65,127,1.5,6.5,1.5
1783010254582,2026-07-02 18:37:34.582,C3:00:00:63:4D:08,-50,127,1.5,6.5,1.5
1783010254620,2026-07-02 18:37:34.620,C3:00:00:63:4D:05,-62,127,1.5,6.5,1.5
1783010254630,2026-07-02 18:37:34.630,C3:00:00:63:4C:D2,-65,127,1.5,6.5,1.5
1783010254636,2026-07-02 18:37:34.636,C3:00:00:63:4D:07,-60,127,1.5,6.5,1.5
1783010254671,2026-07-02 18:37:34.671,C3:00:00:63:4D:0A,-63,127,1.5,6.5,1.5
1783010254678,2026-07-02 18:37:34.678,C3:00:00:63:4D:04,-64,127,1.5,6.5,1.5
1783010254683,2026-07-02 18:37:34.683,C3:00:00:63:4D:0D,-69,127,1.5,6.5,1.5
1783010254690,2026-07-02 18:37:34.690,C3:00:00:63:4D:09,-65,127,1.5,6.5,1.5
1783010254697,2026-07-02 18:37:34.697,C3:00:00:63:4D:08,-47,127,1.5,6.5,1.5
1783010254700,2026-07-02 18:37:34.700,C3:00:00:63:4D:07,-62,127,1.5,6.5,1.5
1783010254733,2026-07-02 18:37:34.733,C3:00:00:63:4D:05,-66,127,1.5,6.5,1.5
1783010254746,2026-07-02 18:37:34.746,C3:00:00:63:4D:07,-60,127,1.5,6.5,1.5
1783010254749,2026-07-02 18:37:34.749,C3:00:00:63:4C:D2,-70,127,1.5,6.5,1.5
1783010254785,2026-07-02 18:37:34.785,C3:00:00:63:4D:0A,-61,127,1.5,6.5,1.5
1783010254790,2026-07-02 18:37:34.790,C3:00:00:63:4D:04,-70,127,1.5,6.5,1.5
1783010254797,2026-07-02 18:37:34.797,C3:00:00:63:4D:0D,-62,127,1.5,6.5,1.5
1783010254799,2026-07-02 18:37:34.799,C3:00:00:63:4D:09,-75,127,1.5,6.5,1.5
1783010254806,2026-07-02 18:37:34.806,C3:00:00:63:4D:08,-51,127,1.5,6.5,1.5
1783010254852,2026-07-02 18:37:34.852,C3:00:00:63:4D:05,-58,127,1.5,6.5,1.5
1783010254857,2026-07-02 18:37:34.857,C3:00:00:63:4D:07,-64,127,1.5,6.5,1.5
1783010254895,2026-07-02 18:37:34.895,C3:00:00:63:4D:0D,-55,127,1.5,6.5,1.5
1783010254900,2026-07-02 18:37:34.900,C3:00:00:63:4D:04,-60,127,1.5,6.5,1.5
1783010254906,2026-07-02 18:37:34.906,C3:00:00:63:4D:0A,-65,127,1.5,6.5,1.5
1783010254934,2026-07-02 18:37:34.934,C3:00:00:63:4D:08,-50,127,1.5,6.5,1.5
1783010254960,2026-07-02 18:37:34.960,C3:00:00:63:4D:08,-55,127,1.5,6.5,1.5
1783010254965,2026-07-02 18:37:34.965,C3:00:00:63:4D:05,-58,127,1.5,6.5,1.5
1783010254973,2026-07-02 18:37:34.973,C3:00:00:63:4C:D2,-68,127,1.5,6.5,1.5
1783010254996,2026-07-02 18:37:34.996,C3:00:00:63:4D:0A,-70,127,1.5,6.5,1.5
1783010255001,2026-07-02 18:37:35.001,C3:00:00:63:4D:0D,-61,127,1.5,6.5,1.5
1783010255006,2026-07-02 18:37:35.006,C3:00:00:63:4D:04,-60,127,1.5,6.5,1.5
1783010255014,2026-07-02 18:37:35.014,C3:00:00:63:4D:0A,-62,127,1.5,6.5,1.5
1783010255022,2026-07-02 18:37:35.022,C3:00:00:63:4D:08,-48,127,1.5,6.5,1.5
1783010255027,2026-07-02 18:37:35.027,C3:00:00:63:4D:09,-76,127,1.5,6.5,1.5
1783010255048,2026-07-02 18:37:35.048,C3:00:00:63:4D:09,-73,127,1.5,6.5,1.5
1783010255080,2026-07-02 18:37:35.080,C3:00:00:63:4D:05,-70,127,1.5,6.5,1.5
1783010255090,2026-07-02 18:37:35.090,C3:00:00:63:4C:D2,-67,127,1.5,6.5,1.5
1783010255097,2026-07-02 18:37:35.097,C3:00:00:63:4D:0D,-54,127,1.5,6.5,1.5
1783010255100,2026-07-02 18:37:35.100,C3:00:00:63:4D:07,-62,127,1.5,6.5,1.5
1783010255128,2026-07-02 18:37:35.128,C3:00:00:63:4D:0A,-66,127,1.5,6.5,1.5
1783010255133,2026-07-02 18:37:35.133,C3:00:00:63:4D:08,-43,127,1.5,6.5,1.5
1783010255138,2026-07-02 18:37:35.138,C3:00:00:63:4D:09,-69,127,1.5,6.5,1.5
1783010255192,2026-07-02 18:37:35.192,C3:00:00:63:4D:05,-56,127,1.5,6.5,1.5
1783010255204,2026-07-02 18:37:35.204,C3:00:00:63:4C:D2,-54,127,1.5,6.5,1.5
1783010255216,2026-07-02 18:37:35.216,C3:00:00:63:4D:07,-68,127,1.5,6.5,1.5
1783010255223,2026-07-02 18:37:35.223,C3:00:00:63:4D:0D,-58,127,1.5,6.5,1.5
1783010255226,2026-07-02 18:37:35.226,C3:00:00:63:4D:05,-64,127,1.5,6.5,1.5
1783010255227,2026-07-02 18:37:35.227,C3:00:00:63:4D:04,-60,127,1.5,6.5,1.5
1783010255237,2026-07-02 18:37:35.237,C3:00:00:63:4D:0A,-62,127,1.5,6.5,1.5
1783010255241,2026-07-02 18:37:35.241,C3:00:00:63:4D:08,-47,127,1.5,6.5,1.5
1783010255247,2026-07-02 18:37:35.247,C3:00:00:63:4D:09,-64,127,1.5,6.5,1.5
1783010255290,2026-07-02 18:37:35.290,C3:00:00:63:4C:D2,-74,127,1.5,6.5,1.5
1783010255319,2026-07-02 18:37:35.319,C3:00:00:63:4D:05,-62,127,1.5,6.5,1.5
1783010255323,2026-07-02 18:37:35.323,C3:00:00:63:4D:0D,-53,127,1.5,6.5,1.5
1783010255328,2026-07-02 18:37:35.328,C3:00:00:63:4C:D2,-65,127,1.5,6.5,1.5
1783010255332,2026-07-02 18:37:35.332,C3:00:00:63:4D:09,-72,127,1.5,6.5,1.5
1783010255336,2026-07-02 18:37:35.336,C3:00:00:63:4D:04,-63,127,1.5,6.5,1.5
1783010255339,2026-07-02 18:37:35.339,C3:00:00:63:4C:D2,-64,127,1.5,6.5,1.5
1783010255347,2026-07-02 18:37:35.347,C3:00:00:63:4D:08,-48,127,1.5,6.5,1.5
1783010255374,2026-07-02 18:37:35.374,C3:00:00:63:4D:09,-74,127,1.5,6.5,1.5
1783010255442,2026-07-02 18:37:35.442,C3:00:00:63:4C:D2,-54,127,1.5,6.5,1.5
1783010255447,2026-07-02 18:37:35.447,C3:00:00:63:4D:04,-60,127,1.5,6.5,1.5
1783010255473,2026-07-02 18:37:35.473,C3:00:00:63:4D:08,-45,127,1.5,6.5,1.5
1783010255479,2026-07-02 18:37:35.479,C3:00:00:63:4D:0A,-68,127,1.5,6.5,1.5
1783010255483,2026-07-02 18:37:35.483,C3:00:00:63:4D:09,-67,127,1.5,6.5,1.5
1783010255528,2026-07-02 18:37:35.528,C3:00:00:63:4D:0D,-57,127,1.5,6.5,1.5
1783010255555,2026-07-02 18:37:35.555,C3:00:00:63:4D:05,-64,127,1.5,6.5,1.5
1783010255557,2026-07-02 18:37:35.557,C3:00:00:63:4C:D2,-65,127,1.5,6.5,1.5
1783010255558,2026-07-02 18:37:35.558,C3:00:00:63:4D:04,-58,127,1.5,6.5,1.5
1783010255563,2026-07-02 18:37:35.563,C3:00:00:63:4D:07,-70,127,1.5,6.5,1.5
1783010255566,2026-07-02 18:37:35.566,C3:00:00:63:4D:08,-48,127,1.5,6.5,1.5
1783010255583,2026-07-02 18:37:35.583,C3:00:00:63:4D:0A,-62,127,1.5,6.5,1.5
1783010255601,2026-07-02 18:37:35.601,C3:00:00:63:4D:09,-61,127,1.5,6.5,1.5
1783010255662,2026-07-02 18:37:35.662,C3:00:00:63:4D:04,-62,127,1.5,6.5,1.5
1783010255669,2026-07-02 18:37:35.669,C3:00:00:63:4D:05,-66,127,1.5,6.5,1.5
1783010255676,2026-07-02 18:37:35.676,C3:00:00:63:4D:0D,-54,127,1.5,6.5,1.5
1783010255681,2026-07-02 18:37:35.681,C3:00:00:63:4D:08,-49,127,1.5,6.5,1.5
1783010255698,2026-07-02 18:37:35.698,C3:00:00:63:4D:0A,-64,127,1.5,6.5,1.5
1783010255707,2026-07-02 18:37:35.707,C3:00:00:63:4D:09,-71,127,1.5,6.5,1.5
1783010255743,2026-07-02 18:37:35.743,C3:00:00:63:4D:0D,-52,127,1.5,6.5,1.5
1783010255749,2026-07-02 18:37:35.749,C3:00:00:63:4D:08,-45,127,1.5,6.5,1.5
1783010255766,2026-07-02 18:37:35.766,C3:00:00:63:4D:04,-61,127,1.5,6.5,1.5
1783010255777,2026-07-02 18:37:35.777,C3:00:00:63:4D:05,-58,127,1.5,6.5,1.5
1783010255782,2026-07-02 18:37:35.782,C3:00:00:63:4D:07,-71,127,1.5,6.5,1.5
1783010255787,2026-07-02 18:37:35.787,C3:00:00:63:4D:08,-44,127,1.5,6.5,1.5
1783010255790,2026-07-02 18:37:35.790,C3:00:00:63:4C:D2,-54,127,1.5,6.5,1.5
1783010255795,2026-07-02 18:37:35.795,C3:00:00:63:4D:04,-67,127,1.5,6.5,1.5
1783010255811,2026-07-02 18:37:35.811,C3:00:00:63:4D:04,-60,127,1.5,6.5,1.5
1783010255827,2026-07-02 18:37:35.827,C3:00:00:63:4D:09,-63,127,1.5,6.5,1.5
1783010255838,2026-07-02 18:37:35.838,C3:00:00:63:4D:04,-61,127,1.5,6.5,1.5
1783010255843,2026-07-02 18:37:35.843,C3:00:00:63:4D:0D,-58,127,1.5,6.5,1.5
1783010255884,2026-07-02 18:37:35.884,C3:00:00:63:4D:04,-61,127,1.5,6.5,1.5
1783010255891,2026-07-02 18:37:35.891,C3:00:00:63:4D:05,-66,127,1.5,6.5,1.5
1783010255898,2026-07-02 18:37:35.898,C3:00:00:63:4C:D2,-68,127,1.5,6.5,1.5
1783010255903,2026-07-02 18:37:35.903,C3:00:00:63:4D:08,-49,127,1.5,6.5,1.5
1783010255911,2026-07-02 18:37:35.911,C3:00:00:63:4D:07,-72,127,1.5,6.5,1.5
1783010255921,2026-07-02 18:37:35.921,C3:00:00:63:4D:0A,-62,127,1.5,6.5,1.5
1783010255960,2026-07-02 18:37:35.960,C3:00:00:63:4D:09,-76,127,1.5,6.5,1.5
1783010255985,2026-07-02 18:37:35.985,C3:00:00:63:4D:04,-62,127,1.5,6.5,1.5
1783010256011,2026-07-02 18:37:36.011,C3:00:00:63:4D:05,-59,127,1.5,6.5,1.5
1783010256013,2026-07-02 18:37:36.013,C3:00:00:63:4D:08,-56,127,1.5,6.5,1.5
1783010256054,2026-07-02 18:37:36.054,C3:00:00:63:4D:0D,-54,127,1.5,6.5,1.5
1783010256059,2026-07-02 18:37:36.059,C3:00:00:63:4D:09,-70,127,1.5,6.5,1.5
1783010256095,2026-07-02 18:37:36.095,C3:00:00:63:4D:04,-61,127,1.5,6.5,1.5
1783010256118,2026-07-02 18:37:36.118,C3:00:00:63:4D:08,-46,127,1.5,6.5,1.5
1783010256123,2026-07-02 18:37:36.123,C3:00:00:63:4D:05,-62,127,1.5,6.5,1.5
1783010256128,2026-07-02 18:37:36.128,C3:00:00:63:4C:D2,-65,127,1.5,6.5,1.5
1783010256129,2026-07-02 18:37:36.129,C3:00:00:63:4D:07,-69,127,1.5,6.5,1.5
1783010256146,2026-07-02 18:37:36.146,C3:00:00:63:4D:0A,-64,127,1.5,6.5,1.5
1783010256152,2026-07-02 18:37:36.152,C3:00:00:63:4D:0D,-55,127,1.5,6.5,1.5
1783010256166,2026-07-02 18:37:36.166,C3:00:00:63:4D:09,-62,127,1.5,6.5,1.5
1783010256173,2026-07-02 18:37:36.173,C3:00:00:63:4D:0A,-64,127,1.5,6.5,1.5
1783010256197,2026-07-02 18:37:36.197,C3:00:00:63:4D:04,-62,127,1.5,6.5,1.5
1783010256204,2026-07-02 18:37:36.204,C3:00:00:63:4D:0D,-65,127,1.5,6.5,1.5
1783010256224,2026-07-02 18:37:36.224,C3:00:00:63:4D:08,-48,127,1.5,6.5,1.5
1783010256237,2026-07-02 18:37:36.237,C3:00:00:63:4D:05,-59,127,1.5,6.5,1.5
1783010256239,2026-07-02 18:37:36.239,C3:00:00:63:4C:D2,-72,127,1.5,6.5,1.5
1783010256244,2026-07-02 18:37:36.244,C3:00:00:63:4D:07,-65,127,1.5,6.5,1.5
1783010256267,2026-07-02 18:37:36.267,C3:00:00:63:4D:0D,-58,127,1.5,6.5,1.5
1783010256278,2026-07-02 18:37:36.278,C3:00:00:63:4D:09,-78,127,1.5,6.5,1.5
1783010256296,2026-07-02 18:37:36.296,C3:00:00:63:4D:07,-69,127,1.5,6.5,1.5
1783010256312,2026-07-02 18:37:36.312,C3:00:00:63:4D:04,-62,127,1.5,6.5,1.5
1783010256337,2026-07-02 18:37:36.337,C3:00:00:63:4D:08,-49,127,1.5,6.5,1.5
1783010256366,2026-07-02 18:37:36.366,C3:00:00:63:4D:0D,-56,127,1.5,6.5,1.5
1783010256371,2026-07-02 18:37:36.371,C3:00:00:63:4D:0A,-67,127,1.5,6.5,1.5
1783010256391,2026-07-02 18:37:36.391,C3:00:00:63:4D:09,-68,127,1.5,6.5,1.5
1783010256421,2026-07-02 18:37:36.421,C3:00:00:63:4D:04,-60,127,1.5,6.5,1.5
1783010256431,2026-07-02 18:37:36.431,C3:00:00:63:4D:09,-67,127,1.5,6.5,1.5
1783010256438,2026-07-02 18:37:36.438,C3:00:00:63:4D:08,-47,127,1.5,6.5,1.5
1783010256459,2026-07-02 18:37:36.459,C3:00:00:63:4D:05,-67,127,1.5,6.5,1.5
1783010256467,2026-07-02 18:37:36.467,C3:00:00:63:4D:0D,-55,127,1.5,6.5,1.5
1783010256472,2026-07-02 18:37:36.472,C3:00:00:63:4C:D2,-69,127,1.5,6.5,1.5
1783010256477,2026-07-02 18:37:36.477,C3:00:00:63:4D:07,-68,127,1.5,6.5,1.5
1783010256479,2026-07-02 18:37:36.479,C3:00:00:63:4D:0A,-61,127,1.5,6.5,1.5
1783010256510,2026-07-02 18:37:36.510,C3:00:00:63:4D:09,-63,127,1.5,6.5,1.5
1783010256550,2026-07-02 18:37:36.550,C3:00:00:63:4D:08,-52,127,1.5,6.5,1.5
1783010256582,2026-07-02 18:37:36.582,C3:00:00:63:4D:0D,-57,127,1.5,6.5,1.5
1783010256587,2026-07-02 18:37:36.587,C3:00:00:63:4D:07,-66,127,1.5,6.5,1.5
1783010256592,2026-07-02 18:37:36.592,C3:00:00:63:4C:D2,-64,127,1.5,6.5,1.5
1783010256602,2026-07-02 18:37:36.602,C3:00:00:63:4D:0A,-65,127,1.5,6.5,1.5
1783010256622,2026-07-02 18:37:36.622,C3:00:00:63:4D:09,-65,127,1.5,6.5,1.5
1783010256642,2026-07-02 18:37:36.642,C3:00:00:63:4D:04,-63,127,1.5,6.5,1.5
1783010256662,2026-07-02 18:37:36.662,C3:00:00:63:4D:08,-49,127,1.5,6.5,1.5
1783010256678,2026-07-02 18:37:36.678,C3:00:00:63:4C:D2,-54,127,1.5,6.5,1.5
1783010256683,2026-07-02 18:37:36.683,C3:00:00:63:4D:0D,-54,127,1.5,6.5,1.5
1783010256696,2026-07-02 18:37:36.696,C3:00:00:63:4D:05,-59,127,1.5,6.5,1.5
1783010256700,2026-07-02 18:37:36.700,C3:00:00:63:4C:D2,-54,127,1.5,6.5,1.5
1783010256702,2026-07-02 18:37:36.702,C3:00:00:63:4D:07,-71,127,1.5,6.5,1.5
1783010256705,2026-07-02 18:37:36.705,C3:00:00:63:4D:0A,-75,127,1.5,6.5,1.5
1783010256718,2026-07-02 18:37:36.718,C3:00:00:63:4D:07,-69,127,1.5,6.5,1.5
1783010256733,2026-07-02 18:37:36.733,C3:00:00:63:4D:09,-66,127,1.5,6.5,1.5
1783010256749,2026-07-02 18:37:36.749,C3:00:00:63:4D:04,-60,127,1.5,6.5,1.5
1783010256766,2026-07-02 18:37:36.766,C3:00:00:63:4D:08,-48,127,1.5,6.5,1.5
1783010256771,2026-07-02 18:37:36.771,C3:00:00:63:4D:04,-60,127,1.5,6.5,1.5
1783010256791,2026-07-02 18:37:36.791,C3:00:00:63:4D:0D,-58,127,1.5,6.5,1.5
1783010256805,2026-07-02 18:37:36.805,C3:00:00:63:4D:05,-60,127,1.5,6.5,1.5
1783010256820,2026-07-02 18:37:36.820,C3:00:00:63:4C:D2,-66,127,1.5,6.5,1.5
1783010256822,2026-07-02 18:37:36.822,C3:00:00:63:4D:07,-63,127,1.5,6.5,1.5
1783010256825,2026-07-02 18:37:36.825,C3:00:00:63:4D:0A,-65,127,1.5,6.5,1.5
1783010256850,2026-07-02 18:37:36.850,C3:00:00:63:4D:09,-68,127,1.5,6.5,1.5
1783010256861,2026-07-02 18:37:36.861,C3:00:00:63:4D:04,-64,127,1.5,6.5,1.5
1783010256880,2026-07-02 18:37:36.880,C3:00:00:63:4D:08,-49,127,1.5,6.5,1.5
1783010256899,2026-07-02 18:37:36.899,C3:00:00:63:4D:0D,-56,127,1.5,6.5,1.5
1783010256927,2026-07-02 18:37:36.927,C3:00:00:63:4D:05,-56,127,1.5,6.5,1.5
1783010256932,2026-07-02 18:37:36.932,C3:00:00:63:4D:07,-66,127,1.5,6.5,1.5
1783010256938,2026-07-02 18:37:36.938,C3:00:00:63:4D:0A,-72,127,1.5,6.5,1.5
1783010256969,2026-07-02 18:37:36.969,C3:00:00:63:4D:09,-60,127,1.5,6.5,1.5
1783010256973,2026-07-02 18:37:36.973,C3:00:00:63:4D:04,-63,127,1.5,6.5,1.5
1783010256988,2026-07-02 18:37:36.988,C3:00:00:63:4D:08,-43,127,1.5,6.5,1.5
1783010257037,2026-07-02 18:37:37.037,C3:00:00:63:4D:05,-63,127,1.5,6.5,1.5
1783010257041,2026-07-02 18:37:37.041,C3:00:00:63:4D:07,-78,127,1.5,6.5,1.5
1783010257046,2026-07-02 18:37:37.046,C3:00:00:63:4D:0A,-62,127,1.5,6.5,1.5
1783010257053,2026-07-02 18:37:37.053,C3:00:00:63:4D:09,-62,127,1.5,6.5,1.5
1783010257077,2026-07-02 18:37:37.077,C3:00:00:63:4D:04,-61,127,1.5,6.5,1.5
1783010257082,2026-07-02 18:37:37.082,C3:00:00:63:4D:09,-61,127,1.5,6.5,1.5
1783010257088,2026-07-02 18:37:37.088,C3:00:00:63:4D:08,-48,127,1.5,6.5,1.5
1783010257095,2026-07-02 18:37:37.095,C3:00:00:63:4D:0D,-62,127,1.5,6.5,1.5
1783010257125,2026-07-02 18:37:37.125,C3:00:00:63:4D:0D,-54,127,1.5,6.5,1.5
1783010257158,2026-07-02 18:37:37.158,C3:00:00:63:4D:07,-62,127,1.5,6.5,1.5
1783010257164,2026-07-02 18:37:37.164,C3:00:00:63:4D:0A,-64,127,1.5,6.5,1.5
1783010257181,2026-07-02 18:37:37.181,C3:00:00:63:4D:04,-63,127,1.5,6.5,1.5
1783010257196,2026-07-02 18:37:37.196,C3:00:00:63:4D:09,-72,127,1.5,6.5,1.5
1783010257199,2026-07-02 18:37:37.199,C3:00:00:63:4D:08,-50,127,1.5,6.5,1.5
1783010257210,2026-07-02 18:37:37.210,C3:00:00:63:4D:0D,-55,127,1.5,6.5,1.5
1783010257218,2026-07-02 18:37:37.218,C3:00:00:63:4D:05,-69,127,1.5,6.5,1.5
1783010257272,2026-07-02 18:37:37.272,C3:00:00:63:4D:05,-60,127,1.5,6.5,1.5
1783010257279,2026-07-02 18:37:37.279,C3:00:00:63:4D:07,-70,127,1.5,6.5,1.5
1783010257293,2026-07-02 18:37:37.293,C3:00:00:63:4D:04,-61,127,1.5,6.5,1.5
1783010257309,2026-07-02 18:37:37.309,C3:00:00:63:4D:09,-68,127,1.5,6.5,1.5
1783010257319,2026-07-02 18:37:37.319,C3:00:00:63:4D:0A,-61,127,1.5,6.5,1.5
1783010257335,2026-07-02 18:37:37.335,C3:00:00:63:4D:09,-62,127,1.5,6.5,1.5
1783010257338,2026-07-02 18:37:37.338,C3:00:00:63:4C:D2,-63,127,1.5,6.5,1.5
1783010257384,2026-07-02 18:37:37.384,C3:00:00:63:4D:05,-62,127,1.5,6.5,1.5
1783010257392,2026-07-02 18:37:37.392,C3:00:00:63:4D:0A,-61,127,1.5,6.5,1.5
1783010257414,2026-07-02 18:37:37.414,C3:00:00:63:4D:04,-60,127,1.5,6.5,1.5
1783010257420,2026-07-02 18:37:37.420,C3:00:00:63:4D:09,-71,127,1.5,6.5,1.5
1783010257476,2026-07-02 18:37:37.476,C3:00:00:63:4D:05,-62,127,1.5,6.5,1.5
1783010257503,2026-07-02 18:37:37.503,C3:00:00:63:4D:05,-62,127,1.5,6.5,1.5
1783010257508,2026-07-02 18:37:37.508,C3:00:00:63:4D:0A,-63,127,1.5,6.5,1.5
1783010257523,2026-07-02 18:37:37.523,C3:00:00:63:4D:0D,-54,127,1.5,6.5,1.5
1783010257527,2026-07-02 18:37:37.527,C3:00:00:63:4D:08,-48,127,1.5,6.5,1.5
1783010257535,2026-07-02 18:37:37.535,C3:00:00:63:4D:0A,-71,127,1.5,6.5,1.5
1783010257537,2026-07-02 18:37:37.537,C3:00:00:63:4D:09,-73,127,1.5,6.5,1.5
1783010257614,2026-07-02 18:37:37.614,C3:00:00:63:4D:05,-62,127,1.5,6.5,1.5
1783010257650,2026-07-02 18:37:37.650,C3:00:00:63:4D:09,-63,127,1.5,6.5,1.5
1783010257659,2026-07-02 18:37:37.659,C3:00:00:63:4D:08,-47,127,1.5,6.5,1.5
1783010257667,2026-07-02 18:37:37.667,C3:00:00:63:4D:0D,-56,127,1.5,6.5,1.5
1783010257697,2026-07-02 18:37:37.697,C3:00:00:63:4D:0D,-57,127,1.5,6.5,1.5
1783010257729,2026-07-02 18:37:37.729,C3:00:00:63:4D:0D,-54,127,1.5,6.5,1.5
1783010257735,2026-07-02 18:37:37.735,C3:00:00:63:4D:07,-68,127,1.5,6.5,1.5
1783010257745,2026-07-02 18:37:37.745,C3:00:00:63:4D:08,-52,127,1.5,6.5,1.5
1783010257814,2026-07-02 18:37:37.814,C3:00:00:63:4D:07,-70,127,1.5,6.5,1.5
1783010257825,2026-07-02 18:37:37.825,C3:00:00:63:4D:04,-62,127,1.5,6.5,1.5
1783010257846,2026-07-02 18:37:37.846,C3:00:00:63:4D:0A,-68,127,1.5,6.5,1.5
1783010257852,2026-07-02 18:37:37.852,C3:00:00:63:4C:D2,-56,127,1.5,6.5,1.5
1783010257867,2026-07-02 18:37:37.867,C3:00:00:63:4D:07,-70,127,1.5,6.5,1.5
1783010257872,2026-07-02 18:37:37.872,C3:00:00:63:4D:08,-46,127,1.5,6.5,1.5
1783010257874,2026-07-02 18:37:37.874,C3:00:00:63:4D:04,-63,127,1.5,6.5,1.5
1783010257879,2026-07-02 18:37:37.879,C3:00:00:63:4D:09,-69,127,1.5,6.5,1.5
1783010257936,2026-07-02 18:37:37.936,C3:00:00:63:4D:0D,-54,127,1.5,6.5,1.5
1783010257958,2026-07-02 18:37:37.958,C3:00:00:63:4D:04,-61,127,1.5,6.5,1.5
1783010257964,2026-07-02 18:37:37.964,C3:00:00:63:4D:07,-76,127,1.5,6.5,1.5
1783010257966,2026-07-02 18:37:37.966,C3:00:00:63:4C:D2,-65,127,1.5,6.5,1.5
1783010257969,2026-07-02 18:37:37.969,C3:00:00:63:4D:08,-47,127,1.5,6.5,1.5
1783010257991,2026-07-02 18:37:37.991,C3:00:00:63:4D:09,-61,127,1.5,6.5,1.5
1783010258047,2026-07-02 18:37:38.047,C3:00:00:63:4D:0D,-57,127,1.5,6.5,1.5
1783010258054,2026-07-02 18:37:38.054,C3:00:00:63:4D:04,-63,127,1.5,6.5,1.5
1783010258070,2026-07-02 18:37:38.070,C3:00:00:63:4D:0A,-65,127,1.5,6.5,1.5
1783010258075,2026-07-02 18:37:38.075,C3:00:00:63:4D:05,-67,127,1.5,6.5,1.5
1783010258077,2026-07-02 18:37:38.077,C3:00:00:63:4D:08,-54,127,1.5,6.5,1.5
1783010258079,2026-07-02 18:37:38.079,C3:00:00:63:4C:D2,-68,127,1.5,6.5,1.5
1783010258104,2026-07-02 18:37:38.104,C3:00:00:63:4D:09,-86,127,1.5,6.5,1.5
1783010258111,2026-07-02 18:37:38.111,C3:00:00:63:4D:05,-67,127,1.5,6.5,1.5
1783010258153,2026-07-02 18:37:38.153,C3:00:00:63:4D:0D,-55,127,1.5,6.5,1.5
1783010258169,2026-07-02 18:37:38.169,C3:00:00:63:4D:04,-60,127,1.5,6.5,1.5
1783010258173,2026-07-02 18:37:38.173,C3:00:00:63:4D:0A,-69,127,1.5,6.5,1.5
1783010258187,2026-07-02 18:37:38.187,C3:00:00:63:4D:05,-59,127,1.5,6.5,1.5
1783010258194,2026-07-02 18:37:38.194,C3:00:00:63:4D:08,-45,127,1.5,6.5,1.5
1783010258204,2026-07-02 18:37:38.204,C3:00:00:63:4D:07,-74,127,1.5,6.5,1.5
1783010258209,2026-07-02 18:37:38.209,C3:00:00:63:4C:D2,-56,127,1.5,6.5,1.5
1783010258219,2026-07-02 18:37:38.219,C3:00:00:63:4D:09,-63,127,1.5,6.5,1.5
1783010258260,2026-07-02 18:37:38.260,C3:00:00:63:4D:0D,-57,127,1.5,6.5,1.5
1783010258277,2026-07-02 18:37:38.277,C3:00:00:63:4D:04,-62,127,1.5,6.5,1.5
1783010258300,2026-07-02 18:37:38.300,C3:00:00:63:4D:0A,-61,127,1.5,6.5,1.5
1783010258303,2026-07-02 18:37:38.303,C3:00:00:63:4D:08,-50,127,1.5,6.5,1.5
1783010258308,2026-07-02 18:37:38.308,C3:00:00:63:4D:05,-62,127,1.5,6.5,1.5
1783010258312,2026-07-02 18:37:38.312,C3:00:00:63:4C:D2,-72,127,1.5,6.5,1.5
1783010258359,2026-07-02 18:37:38.359,C3:00:00:63:4D:0D,-56,127,1.5,6.5,1.5
1783010258388,2026-07-02 18:37:38.388,C3:00:00:63:4D:04,-65,127,1.5,6.5,1.5
1783010258403,2026-07-02 18:37:38.403,C3:00:00:63:4D:08,-49,127,1.5,6.5,1.5
1783010258406,2026-07-02 18:37:38.406,C3:00:00:63:4D:0A,-65,127,1.5,6.5,1.5
1783010258417,2026-07-02 18:37:38.417,C3:00:00:63:4D:05,-66,127,1.5,6.5,1.5
1783010258429,2026-07-02 18:37:38.429,C3:00:00:63:4D:07,-65,127,1.5,6.5,1.5
1783010258434,2026-07-02 18:37:38.434,C3:00:00:63:4C:D2,-56,127,1.5,6.5,1.5
1783010258445,2026-07-02 18:37:38.445,C3:00:00:63:4D:09,-75,127,1.5,6.5,1.5
1783010258469,2026-07-02 18:37:38.469,C3:00:00:63:4D:0D,-61,127,1.5,6.5,1.5
1783010258504,2026-07-02 18:37:38.504,C3:00:00:63:4D:04,-64,127,1.5,6.5,1.5
1783010258530,2026-07-02 18:37:38.530,C3:00:00:63:4D:05,-59,127,1.5,6.5,1.5
1783010258563,2026-07-02 18:37:38.563,C3:00:00:63:4D:09,-67,127,1.5,6.5,1.5
1783010258568,2026-07-02 18:37:38.568,C3:00:00:63:4D:05,-57,127,1.5,6.5,1.5
1783010258572,2026-07-02 18:37:38.572,C3:00:00:63:4D:0D,-75,127,1.5,6.5,1.5
1783010258604,2026-07-02 18:37:38.604,C3:00:00:63:4D:04,-60,127,1.5,6.5,1.5
1783010258618,2026-07-02 18:37:38.618,C3:00:00:63:4D:08,-52,127,1.5,6.5,1.5
1783010258640,2026-07-02 18:37:38.640,C3:00:00:63:4D:0A,-65,127,1.5,6.5,1.5
1783010258675,2026-07-02 18:37:38.675,C3:00:00:63:4D:0D,-72,127,1.5,6.5,1.5
1783010258718,2026-07-02 18:37:38.718,C3:00:00:63:4D:04,-66,127,1.5,6.5,1.5
1783010258728,2026-07-02 18:37:38.728,C3:00:00:63:4D:08,-44,127,1.5,6.5,1.5
1783010258748,2026-07-02 18:37:38.748,C3:00:00:63:4D:0A,-67,127,1.5,6.5,1.5
1783010258766,2026-07-02 18:37:38.766,C3:00:00:63:4D:05,-64,127,1.5,6.5,1.5
1783010258771,2026-07-02 18:37:38.771,C3:00:00:63:4C:D2,-55,127,1.5,6.5,1.5
1783010258777,2026-07-02 18:37:38.777,C3:00:00:63:4D:07,-66,127,1.5,6.5,1.5
1783010258822,2026-07-02 18:37:38.822,C3:00:00:63:4D:04,-62,127,1.5,6.5,1.5
1783010258835,2026-07-02 18:37:38.835,C3:00:00:63:4D:08,-54,127,1.5,6.5,1.5
1783010258857,2026-07-02 18:37:38.857,C3:00:00:63:4D:0A,-60,127,1.5,6.5,1.5
1783010258875,2026-07-02 18:37:38.875,C3:00:00:63:4D:05,-61,127,1.5,6.5,1.5
1783010258881,2026-07-02 18:37:38.881,C3:00:00:63:4D:07,-63,127,1.5,6.5,1.5
1783010258886,2026-07-02 18:37:38.886,C3:00:00:63:4D:0D,-62,127,1.5,6.5,1.5
1783010258892,2026-07-02 18:37:38.892,C3:00:00:63:4C:D2,-68,127,1.5,6.5,1.5
1783010258934,2026-07-02 18:37:38.934,C3:00:00:63:4D:04,-62,127,1.5,6.5,1.5
1783010258940,2026-07-02 18:37:38.940,C3:00:00:63:4D:08,-51,127,1.5,6.5,1.5
1783010258964,2026-07-02 18:37:38.964,C3:00:00:63:4D:08,-63,127,1.5,6.5,1.5
1783010258971,2026-07-02 18:37:38.971,C3:00:00:63:4D:0A,-62,127,1.5,6.5,1.5
1783010258997,2026-07-02 18:37:38.997,C3:00:00:63:4D:05,-62,127,1.5,6.5,1.5
1783010259000,2026-07-02 18:37:39.000,C3:00:00:63:4D:0D,-52,127,1.5,6.5,1.5
1783010259007,2026-07-02 18:37:39.007,C3:00:00:63:4D:0A,-70,127,1.5,6.5,1.5
1783010259009,2026-07-02 18:37:39.009,C3:00:00:63:4D:07,-58,127,1.5,6.5,1.5
1783010259013,2026-07-02 18:37:39.013,C3:00:00:63:4C:D2,-66,127,1.5,6.5,1.5
1783010259019,2026-07-02 18:37:39.019,C3:00:00:63:4D:09,-64,127,1.5,6.5,1.5
1783010259038,2026-07-02 18:37:39.038,C3:00:00:63:4D:04,-69,127,1.5,6.5,1.5
1783010259050,2026-07-02 18:37:39.050,C3:00:00:63:4D:09,-63,127,1.5,6.5,1.5
1783010259056,2026-07-02 18:37:39.056,C3:00:00:63:4D:08,-44,127,1.5,6.5,1.5
1783010259086,2026-07-02 18:37:39.086,C3:00:00:63:4D:0A,-74,127,1.5,6.5,1.5
1783010259101,2026-07-02 18:37:39.101,C3:00:00:63:4D:0D,-51,127,1.5,6.5,1.5
1783010259108,2026-07-02 18:37:39.108,C3:00:00:63:4D:05,-58,127,1.5,6.5,1.5
1783010259118,2026-07-02 18:37:39.118,C3:00:00:63:4C:D2,-67,127,1.5,6.5,1.5
1783010259123,2026-07-02 18:37:39.123,C3:00:00:63:4D:0D,-55,127,1.5,6.5,1.5
1783010259131,2026-07-02 18:37:39.131,C3:00:00:63:4D:09,-65,127,1.5,6.5,1.5
1783010259151,2026-07-02 18:37:39.151,C3:00:00:63:4D:04,-67,127,1.5,6.5,1.5
1783010259160,2026-07-02 18:37:39.160,C3:00:00:63:4D:08,-49,127,1.5,6.5,1.5
1783010259189,2026-07-02 18:37:39.189,C3:00:00:63:4D:0A,-66,127,1.5,6.5,1.5
1783010259199,2026-07-02 18:37:39.199,C3:00:00:63:4D:0D,-55,127,1.5,6.5,1.5
1783010259212,2026-07-02 18:37:39.212,C3:00:00:63:4D:05,-60,127,1.5,6.5,1.5
1783010259231,2026-07-02 18:37:39.231,C3:00:00:63:4D:05,-60,127,1.5,6.5,1.5
1783010259235,2026-07-02 18:37:39.235,C3:00:00:63:4C:D2,-65,127,1.5,6.5,1.5
1783010259243,2026-07-02 18:37:39.243,C3:00:00:63:4D:07,-62,127,1.5,6.5,1.5
1783010259248,2026-07-02 18:37:39.248,C3:00:00:63:4D:09,-68,127,1.5,6.5,1.5
1783010259252,2026-07-02 18:37:39.252,C3:00:00:63:4D:04,-58,127,1.5,6.5,1.5
1783010259274,2026-07-02 18:37:39.274,C3:00:00:63:4D:08,-52,127,1.5,6.5,1.5
1783010259306,2026-07-02 18:37:39.306,C3:00:00:63:4D:0D,-52,127,1.5,6.5,1.5
1783010259309,2026-07-02 18:37:39.309,C3:00:00:63:4C:D2,-71,127,1.5,6.5,1.5
1783010259316,2026-07-02 18:37:39.316,C3:00:00:63:4D:0A,-64,127,1.5,6.5,1.5
1783010259334,2026-07-02 18:37:39.334,C3:00:00:63:4D:0A,-85,127,1.5,6.5,1.5
1783010259340,2026-07-02 18:37:39.340,C3:00:00:63:4C:D2,-52,127,1.5,6.5,1.5
1783010259343,2026-07-02 18:37:39.343,C3:00:00:63:4D:05,-57,127,1.5,6.5,1.5
1783010259352,2026-07-02 18:37:39.352,C3:00:00:63:4D:07,-66,127,1.5,6.5,1.5
1783010259357,2026-07-02 18:37:39.357,C3:00:00:63:4C:D2,-53,127,1.5,6.5,1.5
1783010259364,2026-07-02 18:37:39.364,C3:00:00:63:4D:04,-60,127,1.5,6.5,1.5
1783010259368,2026-07-02 18:37:39.368,C3:00:00:63:4D:09,-63,127,1.5,6.5,1.5
1783010259382,2026-07-02 18:37:39.382,C3:00:00:63:4D:08,-48,127,1.5,6.5,1.5
1783010259411,2026-07-02 18:37:39.411,C3:00:00:63:4D:0D,-54,127,1.5,6.5,1.5
1783010259424,2026-07-02 18:37:39.424,C3:00:00:63:4D:0A,-68,127,1.5,6.5,1.5
1783010259448,2026-07-02 18:37:39.448,C3:00:00:63:4D:05,-61,127,1.5,6.5,1.5
1783010259471,2026-07-02 18:37:39.471,C3:00:00:63:4C:D2,-64,127,1.5,6.5,1.5
1783010259479,2026-07-02 18:37:39.479,C3:00:00:63:4D:07,-62,127,1.5,6.5,1.5
1783010259480,2026-07-02 18:37:39.480,C3:00:00:63:4D:09,-62,127,1.5,6.5,1.5
1783010259482,2026-07-02 18:37:39.482,C3:00:00:63:4D:04,-62,127,1.5,6.5,1.5
1783010259493,2026-07-02 18:37:39.493,C3:00:00:63:4D:08,-51,127,1.5,6.5,1.5
1783010259521,2026-07-02 18:37:39.521,C3:00:00:63:4D:0D,-52,127,1.5,6.5,1.5
1783010259534,2026-07-02 18:37:39.534,C3:00:00:63:4D:0A,-67,127,1.5,6.5,1.5
1783010259570,2026-07-02 18:37:39.570,C3:00:00:63:4D:05,-71,127,1.5,6.5,1.5
1783010259574,2026-07-02 18:37:39.574,C3:00:00:63:4C:D2,-66,127,1.5,6.5,1.5
1783010259583,2026-07-02 18:37:39.583,C3:00:00:63:4D:09,-71,127,1.5,6.5,1.5
1783010259588,2026-07-02 18:37:39.588,C3:00:00:63:4D:04,-62,127,1.5,6.5,1.5
1783010259599,2026-07-02 18:37:39.599,C3:00:00:63:4D:08,-52,127,1.5,6.5,1.5
1783010259628,2026-07-02 18:37:39.628,C3:00:00:63:4D:0D,-54,127,1.5,6.5,1.5
1783010259654,2026-07-02 18:37:39.654,C3:00:00:63:4D:0A,-77,127,1.5,6.5,1.5
1783010259662,2026-07-02 18:37:39.662,C3:00:00:63:4D:08,-46,127,1.5,6.5,1.5
1783010259680,2026-07-02 18:37:39.680,C3:00:00:63:4D:0D,-54,127,1.5,6.5,1.5
1783010259682,2026-07-02 18:37:39.682,C3:00:00:63:4D:05,-54,127,1.5,6.5,1.5
1783010259690,2026-07-02 18:37:39.690,C3:00:00:63:4C:D2,-51,127,1.5,6.5,1.5
1783010259697,2026-07-02 18:37:39.697,C3:00:00:63:4D:04,-60,127,1.5,6.5,1.5
1783010259703,2026-07-02 18:37:39.703,C3:00:00:63:4D:09,-70,127,1.5,6.5,1.5
1783010259721,2026-07-02 18:37:39.721,C3:00:00:63:4D:0D,-58,127,1.5,6.5,1.5
1783010259764,2026-07-02 18:37:39.764,C3:00:00:63:4D:0A,-64,127,1.5,6.5,1.5
1783010259782,2026-07-02 18:37:39.782,C3:00:00:63:4D:04,-67,127,1.5,6.5,1.5
1783010259790,2026-07-02 18:37:39.790,C3:00:00:63:4D:08,-46,127,1.5,6.5,1.5
1783010259799,2026-07-02 18:37:39.799,C3:00:00:63:4D:05,-60,127,1.5,6.5,1.5
1783010259805,2026-07-02 18:37:39.805,C3:00:00:63:4D:07,-62,127,1.5,6.5,1.5
1783010259821,2026-07-02 18:37:39.821,C3:00:00:63:4D:08,-48,127,1.5,6.5,1.5
1783010259824,2026-07-02 18:37:39.824,C3:00:00:63:4D:09,-70,127,1.5,6.5,1.5
1783010259833,2026-07-02 18:37:39.833,C3:00:00:63:4D:0D,-54,127,1.5,6.5,1.5
1783010259835,2026-07-02 18:37:39.835,C3:00:00:63:4D:04,-63,127,1.5,6.5,1.5
1783010259848,2026-07-02 18:37:39.848,C3:00:00:63:4D:04,-65,127,1.5,6.5,1.5
1783010259872,2026-07-02 18:37:39.872,C3:00:00:63:4D:0A,-60,127,1.5,6.5,1.5
1783010259914,2026-07-02 18:37:39.914,C3:00:00:63:4D:05,-60,127,1.5,6.5,1.5
1783010259920,2026-07-02 18:37:39.920,C3:00:00:63:4D:04,-63,127,1.5,6.5,1.5
1783010259928,2026-07-02 18:37:39.928,C3:00:00:63:4C:D2,-54,127,1.5,6.5,1.5
1783010259939,2026-07-02 18:37:39.939,C3:00:00:63:4D:08,-45,127,1.5,6.5,1.5
1783010259941,2026-07-02 18:37:39.941,C3:00:00:63:4D:09,-61,127,1.5,6.5,1.5
1783010259943,2026-07-02 18:37:39.943,C3:00:00:63:4D:0D,-54,127,1.5,6.5,1.5
1783010259969,2026-07-02 18:37:39.969,C3:00:00:63:4D:09,-75,127,1.5,6.5,1.5
1783010259987,2026-07-02 18:37:39.987,C3:00:00:63:4D:0A,-63,127,1.5,6.5,1.5
1783010260024,2026-07-02 18:37:40.024,C3:00:00:63:4D:04,-60,127,1.5,6.5,1.5
1783010260030,2026-07-02 18:37:40.030,C3:00:00:63:4D:05,-74,127,1.5,6.5,1.5
1783010260036,2026-07-02 18:37:40.036,C3:00:00:63:4D:07,-72,127,1.5,6.5,1.5
1783010260043,2026-07-02 18:37:40.043,C3:00:00:63:4D:09,-62,127,1.5,6.5,1.5
1783010260102,2026-07-02 18:37:40.102,C3:00:00:63:4D:0A,-58,127,1.5,6.5,1.5
1783010260132,2026-07-02 18:37:40.132,C3:00:00:63:4D:04,-62,127,1.5,6.5,1.5
1783010260149,2026-07-02 18:37:40.149,C3:00:00:63:4D:05,-59,127,1.5,6.5,1.5
1783010260152,2026-07-02 18:37:40.152,C3:00:00:63:4D:07,-70,127,1.5,6.5,1.5
1783010260157,2026-07-02 18:37:40.157,C3:00:00:63:4C:D2,-63,127,1.5,6.5,1.5
1783010260160,2026-07-02 18:37:40.160,C3:00:00:63:4D:09,-69,127,1.5,6.5,1.5
1783010260216,2026-07-02 18:37:40.216,C3:00:00:63:4D:0A,-80,127,1.5,6.5,1.5
1783010260219,2026-07-02 18:37:40.219,C3:00:00:63:4D:0D,-61,127,1.5,6.5,1.5
1783010260241,2026-07-02 18:37:40.241,C3:00:00:63:4D:04,-60,127,1.5,6.5,1.5
1783010260247,2026-07-02 18:37:40.247,C3:00:00:63:4D:0D,-53,127,1.5,6.5,1.5
1783010260252,2026-07-02 18:37:40.252,C3:00:00:63:4D:05,-67,127,1.5,6.5,1.5
1783010260256,2026-07-02 18:37:40.256,C3:00:00:63:4D:08,-45,127,1.5,6.5,1.5
1783010260261,2026-07-02 18:37:40.261,C3:00:00:63:4D:07,-64,127,1.5,6.5,1.5
1783010260267,2026-07-02 18:37:40.267,C3:00:00:63:4C:D2,-58,127,1.5,6.5,1.5
1783010260273,2026-07-02 18:37:40.273,C3:00:00:63:4D:09,-71,127,1.5,6.5,1.5
1783010260316,2026-07-02 18:37:40.316,C3:00:00:63:4D:07,-67,127,1.5,6.5,1.5
1783010260325,2026-07-02 18:37:40.325,C3:00:00:63:4D:0A,-61,127,1.5,6.5,1.5
1783010260344,2026-07-02 18:37:40.344,C3:00:00:63:4D:04,-62,127,1.5,6.5,1.5
1783010260357,2026-07-02 18:37:40.357,C3:00:00:63:4D:0D,-56,127,1.5,6.5,1.5
1783010260360,2026-07-02 18:37:40.360,C3:00:00:63:4D:08,-46,127,1.5,6.5,1.5
1783010260367,2026-07-02 18:37:40.367,C3:00:00:63:4D:05,-73,127,1.5,6.5,1.5
1783010260373,2026-07-02 18:37:40.373,C3:00:00:63:4C:D2,-63,127,1.5,6.5,1.5
1783010260377,2026-07-02 18:37:40.377,C3:00:00:63:4D:07,-61,127,1.5,6.5,1.5
1783010260383,2026-07-02 18:37:40.383,C3:00:00:63:4D:09,-58,127,1.5,6.5,1.5
1783010260433,2026-07-02 18:37:40.433,C3:00:00:63:4D:09,-64,127,1.5,6.5,1.5
1783010260440,2026-07-02 18:37:40.440,C3:00:00:63:4D:0A,-65,127,1.5,6.5,1.5
1783010260456,2026-07-02 18:37:40.456,C3:00:00:63:4D:04,-61,127,1.5,6.5,1.5
1783010260460,2026-07-02 18:37:40.460,C3:00:00:63:4D:0D,-60,127,1.5,6.5,1.5
1783010260476,2026-07-02 18:37:40.476,C3:00:00:63:4D:08,-49,127,1.5,6.5,1.5
1783010260490,2026-07-02 18:37:40.490,C3:00:00:63:4D:05,-63,127,1.5,6.5,1.5
1783010260498,2026-07-02 18:37:40.498,C3:00:00:63:4C:D2,-60,127,1.5,6.5,1.5
1783010260506,2026-07-02 18:37:40.506,C3:00:00:63:4D:07,-69,127,1.5,6.5,1.5
1783010260512,2026-07-02 18:37:40.512,C3:00:00:63:4D:09,-72,127,1.5,6.5,1.5
1783010260554,2026-07-02 18:37:40.554,C3:00:00:63:4D:0A,-65,127,1.5,6.5,1.5
1783010260569,2026-07-02 18:37:40.569,C3:00:00:63:4D:0D,-53,127,1.5,6.5,1.5
1783010260587,2026-07-02 18:37:40.587,C3:00:00:63:4D:05,-61,127,1.5,6.5,1.5
1783010260591,2026-07-02 18:37:40.591,C3:00:00:63:4D:08,-46,127,1.5,6.5,1.5
1783010260600,2026-07-02 18:37:40.600,C3:00:00:63:4D:05,-60,127,1.5,6.5,1.5
1783010260608,2026-07-02 18:37:40.608,C3:00:00:63:4D:07,-73,127,1.5,6.5,1.5
1783010260616,2026-07-02 18:37:40.616,C3:00:00:63:4C:D2,-59,127,1.5,6.5,1.5
1783010260667,2026-07-02 18:37:40.667,C3:00:00:63:4D:0A,-61,127,1.5,6.5,1.5
1783010260673,2026-07-02 18:37:40.673,C3:00:00:63:4D:0D,-58,127,1.5,6.5,1.5
1783010260688,2026-07-02 18:37:40.688,C3:00:00:63:4D:04,-60,127,1.5,6.5,1.5
1783010260692,2026-07-02 18:37:40.692,C3:00:00:63:4C:D2,-73,127,1.5,6.5,1.5
1783010260697,2026-07-02 18:37:40.697,C3:00:00:63:4D:08,-45,127,1.5,6.5,1.5
1783010260721,2026-07-02 18:37:40.721,C3:00:00:63:4D:07,-60,127,1.5,6.5,1.5
1783010260725,2026-07-02 18:37:40.725,C3:00:00:63:4D:09,-68,127,1.5,6.5,1.5
1783010260727,2026-07-02 18:37:40.727,C3:00:00:63:4C:D2,-66,127,1.5,6.5,1.5
1783010260740,2026-07-02 18:37:40.740,C3:00:00:63:4D:07,-61,127,1.5,6.5,1.5
1783010260779,2026-07-02 18:37:40.779,C3:00:00:63:4D:0D,-55,127,1.5,6.5,1.5
1783010260782,2026-07-02 18:37:40.782,C3:00:00:63:4D:0A,-63,127,1.5,6.5,1.5
1783010260787,2026-07-02 18:37:40.787,C3:00:00:63:4D:04,-67,127,1.5,6.5,1.5
1783010260803,2026-07-02 18:37:40.803,C3:00:00:63:4D:04,-65,127,1.5,6.5,1.5
1783010260805,2026-07-02 18:37:40.805,C3:00:00:63:4D:08,-52,127,1.5,6.5,1.5
1783010260831,2026-07-02 18:37:40.831,C3:00:00:63:4D:05,-60,127,1.5,6.5,1.5
1783010260837,2026-07-02 18:37:40.837,C3:00:00:63:4C:D2,-58,127,1.5,6.5,1.5
1783010260847,2026-07-02 18:37:40.847,C3:00:00:63:4D:07,-70,127,1.5,6.5,1.5
1783010260850,2026-07-02 18:37:40.850,C3:00:00:63:4D:09,-67,127,1.5,6.5,1.5
1783010260878,2026-07-02 18:37:40.878,C3:00:00:63:4D:0D,-53,127,1.5,6.5,1.5
1783010260889,2026-07-02 18:37:40.889,C3:00:00:63:4D:0A,-68,127,1.5,6.5,1.5
1783010260894,2026-07-02 18:37:40.894,C3:00:00:63:4D:04,-58,127,1.5,6.5,1.5
1783010260953,2026-07-02 18:37:40.953,C3:00:00:63:4D:05,-58,127,1.5,6.5,1.5
1783010260958,2026-07-02 18:37:40.958,C3:00:00:63:4D:09,-65,127,1.5,6.5,1.5
1783010260983,2026-07-02 18:37:40.983,C3:00:00:63:4D:0D,-58,127,1.5,6.5,1.5
1783010261021,2026-07-02 18:37:41.021,C3:00:00:63:4D:08,-63,127,1.5,6.5,1.5
1783010261054,2026-07-02 18:37:41.054,C3:00:00:63:4D:09,-68,127,1.5,6.5,1.5
1783010261065,2026-07-02 18:37:41.065,C3:00:00:63:4D:05,-59,127,1.5,6.5,1.5
1783010261072,2026-07-02 18:37:41.072,C3:00:00:63:4D:07,-64,127,1.5,6.5,1.5
1783010261076,2026-07-02 18:37:41.076,C3:00:00:63:4C:D2,-68,127,1.5,6.5,1.5
1783010261083,2026-07-02 18:37:41.083,C3:00:00:63:4D:09,-68,127,1.5,6.5,1.5
1783010261089,2026-07-02 18:37:41.089,C3:00:00:63:4D:0D,-54,127,1.5,6.5,1.5
1783010261108,2026-07-02 18:37:41.108,C3:00:00:63:4D:04,-61,127,1.5,6.5,1.5
1783010261115,2026-07-02 18:37:41.115,C3:00:00:63:4D:0A,-74,127,1.5,6.5,1.5
1783010261118,2026-07-02 18:37:41.118,C3:00:00:63:4D:0D,-54,127,1.5,6.5,1.5
1783010261123,2026-07-02 18:37:41.123,C3:00:00:63:4D:08,-48,127,1.5,6.5,1.5
1783010261185,2026-07-02 18:37:41.185,C3:00:00:63:4D:05,-62,127,1.5,6.5,1.5
1783010261190,2026-07-02 18:37:41.190,C3:00:00:63:4D:07,-69,127,1.5,6.5,1.5
1783010261195,2026-07-02 18:37:41.195,C3:00:00:63:4C:D2,-55,127,1.5,6.5,1.5
1783010261196,2026-07-02 18:37:41.196,C3:00:00:63:4D:09,-66,127,1.5,6.5,1.5
1783010261198,2026-07-02 18:37:41.198,C3:00:00:63:4D:0D,-51,127,1.5,6.5,1.5
1783010261206,2026-07-02 18:37:41.206,C3:00:00:63:4D:05,-62,127,1.5,6.5,1.5
1783010261220,2026-07-02 18:37:41.220,C3:00:00:63:4D:04,-63,127,1.5,6.5,1.5
1783010261230,2026-07-02 18:37:41.230,C3:00:00:63:4D:0A,-62,127,1.5,6.5,1.5
1783010261295,2026-07-02 18:37:41.295,C3:00:00:63:4D:09,-66,127,1.5,6.5,1.5
1783010261301,2026-07-02 18:37:41.301,C3:00:00:63:4D:05,-60,127,1.5,6.5,1.5
1783010261310,2026-07-02 18:37:41.310,C3:00:00:63:4C:D2,-62,127,1.5,6.5,1.5
1783010261328,2026-07-02 18:37:41.328,C3:00:00:63:4D:0A,-63,127,1.5,6.5,1.5
1783010261340,2026-07-02 18:37:41.340,C3:00:00:63:4D:04,-75,127,1.5,6.5,1.5
1783010261341,2026-07-02 18:37:41.341,C3:00:00:63:4C:D2,-72,127,1.5,6.5,1.5
1783010261346,2026-07-02 18:37:41.346,C3:00:00:63:4D:08,-49,127,1.5,6.5,1.5
1783010261350,2026-07-02 18:37:41.350,C3:00:00:63:4D:0A,-63,127,1.5,6.5,1.5
1783010261352,2026-07-02 18:37:41.352,C3:00:00:63:4D:09,-67,127,1.5,6.5,1.5
1783010261406,2026-07-02 18:37:41.406,C3:00:00:63:4D:0D,-54,127,1.5,6.5,1.5
1783010261411,2026-07-02 18:37:41.411,C3:00:00:63:4D:05,-65,127,1.5,6.5,1.5
1783010261415,2026-07-02 18:37:41.415,C3:00:00:63:4D:09,-72,127,1.5,6.5,1.5
1783010261418,2026-07-02 18:37:41.418,C3:00:00:63:4D:07,-61,127,1.5,6.5,1.5
1783010261423,2026-07-02 18:37:41.423,C3:00:00:63:4C:D2,-56,127,1.5,6.5,1.5
1783010261444,2026-07-02 18:37:41.444,C3:00:00:63:4D:04,-61,127,1.5,6.5,1.5
1783010261455,2026-07-02 18:37:41.455,C3:00:00:63:4D:08,-45,127,1.5,6.5,1.5
1783010261490,2026-07-02 18:37:41.490,C3:00:00:63:4D:05,-63,127,1.5,6.5,1.5
1783010261512,2026-07-02 18:37:41.512,C3:00:00:63:4D:0A,-60,127,1.5,6.5,1.5
1783010261522,2026-07-02 18:37:41.522,C3:00:00:63:4D:09,-63,127,1.5,6.5,1.5
1783010261536,2026-07-02 18:37:41.536,C3:00:00:63:4D:07,-76,127,1.5,6.5,1.5
1783010261539,2026-07-02 18:37:41.539,C3:00:00:63:4C:D2,-68,127,1.5,6.5,1.5
1783010261549,2026-07-02 18:37:41.549,C3:00:00:63:4D:04,-64,127,1.5,6.5,1.5
1783010261558,2026-07-02 18:37:41.558,C3:00:00:63:4D:08,-47,127,1.5,6.5,1.5
1783010261571,2026-07-02 18:37:41.571,C3:00:00:63:4D:0A,-60,127,1.5,6.5,1.5
1783010261616,2026-07-02 18:37:41.616,C3:00:00:63:4D:0D,-56,127,1.5,6.5,1.5
1783010261644,2026-07-02 18:37:41.644,C3:00:00:63:4D:09,-80,127,1.5,6.5,1.5
1783010261649,2026-07-02 18:37:41.649,C3:00:00:63:4D:05,-60,127,1.5,6.5,1.5
1783010261654,2026-07-02 18:37:41.654,C3:00:00:63:4C:D2,-70,127,1.5,6.5,1.5
1783010261656,2026-07-02 18:37:41.656,C3:00:00:63:4D:07,-63,127,1.5,6.5,1.5
1783010261657,2026-07-02 18:37:41.657,C3:00:00:63:4D:04,-65,127,1.5,6.5,1.5
1783010261659,2026-07-02 18:37:41.659,C3:00:00:63:4D:08,-50,127,1.5,6.5,1.5
1783010261680,2026-07-02 18:37:41.680,C3:00:00:63:4D:0A,-61,127,1.5,6.5,1.5
1783010261683,2026-07-02 18:37:41.683,C3:00:00:63:4D:0D,-54,127,1.5,6.5,1.5
1783010261686,2026-07-02 18:37:41.686,C3:00:00:63:4D:08,-50,127,1.5,6.5,1.5
1783010261705,2026-07-02 18:37:41.705,C3:00:00:63:4D:0D,-54,127,1.5,6.5,1.5
1783010261727,2026-07-02 18:37:41.727,C3:00:00:63:4D:0D,-59,127,1.5,6.5,1.5
1783010261752,2026-07-02 18:37:41.752,C3:00:00:63:4D:05,-60,127,1.5,6.5,1.5
1783010261757,2026-07-02 18:37:41.757,C3:00:00:63:4D:09,-60,127,1.5,6.5,1.5
1783010261767,2026-07-02 18:37:41.767,C3:00:00:63:4D:04,-61,127,1.5,6.5,1.5
1783010261780,2026-07-02 18:37:41.780,C3:00:00:63:4D:08,-47,127,1.5,6.5,1.5
1783010261798,2026-07-02 18:37:41.798,C3:00:00:63:4D:08,-44,127,1.5,6.5,1.5
1783010261828,2026-07-02 18:37:41.828,C3:00:00:63:4D:0D,-60,127,1.5,6.5,1.5
1783010261834,2026-07-02 18:37:41.834,C3:00:00:63:4D:07,-69,127,1.5,6.5,1.5
1783010261844,2026-07-02 18:37:41.844,C3:00:00:63:4C:D2,-64,127,1.5,6.5,1.5
1783010261855,2026-07-02 18:37:41.855,C3:00:00:63:4D:04,-58,127,1.5,6.5,1.5
1783010261863,2026-07-02 18:37:41.863,C3:00:00:63:4D:05,-61,127,1.5,6.5,1.5
1783010261871,2026-07-02 18:37:41.871,C3:00:00:63:4D:09,-68,127,1.5,6.5,1.5
1783010261879,2026-07-02 18:37:41.879,C3:00:00:63:4D:07,-66,127,1.5,6.5,1.5
1783010261880,2026-07-02 18:37:41.880,C3:00:00:63:4D:04,-59,127,1.5,6.5,1.5
1783010261882,2026-07-02 18:37:41.882,C3:00:00:63:4C:D2,-63,127,1.5,6.5,1.5
1783010261886,2026-07-02 18:37:41.886,C3:00:00:63:4D:08,-50,127,1.5,6.5,1.5
1783010261905,2026-07-02 18:37:41.905,C3:00:00:63:4D:0A,-59,127,1.5,6.5,1.5
1783010261935,2026-07-02 18:37:41.935,C3:00:00:63:4D:0D,-52,127,1.5,6.5,1.5
1783010261983,2026-07-02 18:37:41.983,C3:00:00:63:4D:05,-57,127,1.5,6.5,1.5
1783010261993,2026-07-02 18:37:41.993,C3:00:00:63:4C:D2,-79,127,1.5,6.5,1.5
1783010262020,2026-07-02 18:37:42.020,C3:00:00:63:4D:0A,-68,127,1.5,6.5,1.5
1783010262034,2026-07-02 18:37:42.034,C3:00:00:63:4D:0D,-56,127,1.5,6.5,1.5
1783010262097,2026-07-02 18:37:42.097,C3:00:00:63:4D:05,-58,127,1.5,6.5,1.5
1783010262105,2026-07-02 18:37:42.105,C3:00:00:63:4D:07,-69,127,1.5,6.5,1.5
1783010262114,2026-07-02 18:37:42.114,C3:00:00:63:4D:08,-50,127,1.5,6.5,1.5
1783010262120,2026-07-02 18:37:42.120,C3:00:00:63:4D:05,-64,127,1.5,6.5,1.5
1783010262132,2026-07-02 18:37:42.132,C3:00:00:63:4D:0A,-60,127,1.5,6.5,1.5
1783010262145,2026-07-02 18:37:42.145,C3:00:00:63:4D:0D,-58,127,1.5,6.5,1.5
1783010262186,2026-07-02 18:37:42.186,C3:00:00:63:4D:0A,-60,127,1.5,6.5,1.5
1783010262197,2026-07-02 18:37:42.197,C3:00:00:63:4D:04,-56,127,1.5,6.5,1.5
1783010262206,2026-07-02 18:37:42.206,C3:00:00:63:4D:05,-57,127,1.5,6.5,1.5
1783010262221,2026-07-02 18:37:42.221,C3:00:00:63:4D:08,-50,127,1.5,6.5,1.5
1783010262228,2026-07-02 18:37:42.228,C3:00:00:63:4D:07,-67,127,1.5,6.5,1.5
1783010262231,2026-07-02 18:37:42.231,C3:00:00:63:4C:D2,-71,127,1.5,6.5,1.5
1783010262239,2026-07-02 18:37:42.239,C3:00:00:63:4D:0A,-62,127,1.5,6.5,1.5
1783010262244,2026-07-02 18:37:42.244,C3:00:00:63:4D:0D,-58,127,1.5,6.5,1.5
1783010262309,2026-07-02 18:37:42.309,C3:00:00:63:4D:04,-60,127,1.5,6.5,1.5
1783010262335,2026-07-02 18:37:42.335,C3:00:00:63:4D:09,-62,127,1.5,6.5,1.5
1783010262338,2026-07-02 18:37:42.338,C3:00:00:63:4D:08,-52,127,1.5,6.5,1.5
1783010262339,2026-07-02 18:37:42.339,C3:00:00:63:4D:07,-65,127,1.5,6.5,1.5
1783010262341,2026-07-02 18:37:42.341,C3:00:00:63:4C:D2,-58,127,1.5,6.5,1.5
1783010262347,2026-07-02 18:37:42.347,C3:00:00:63:4D:07,-66,127,1.5,6.5,1.5
1783010262356,2026-07-02 18:37:42.356,C3:00:00:63:4D:0D,-54,127,1.5,6.5,1.5
1783010262365,2026-07-02 18:37:42.365,C3:00:00:63:4D:0A,-66,127,1.5,6.5,1.5
1783010262390,2026-07-02 18:37:42.390,C3:00:00:63:4D:07,-78,127,1.5,6.5,1.5
1783010262416,2026-07-02 18:37:42.416,C3:00:00:63:4D:04,-59,127,1.5,6.5,1.5
1783010262434,2026-07-02 18:37:42.434,C3:00:00:63:4D:08,-48,127,1.5,6.5,1.5
1783010262439,2026-07-02 18:37:42.439,C3:00:00:63:4D:09,-62,127,1.5,6.5,1.5
1783010262451,2026-07-02 18:37:42.451,C3:00:00:63:4D:05,-58,127,1.5,6.5,1.5
1783010262453,2026-07-02 18:37:42.453,C3:00:00:63:4D:07,-74,127,1.5,6.5,1.5
1783010262456,2026-07-02 18:37:42.456,C3:00:00:63:4C:D2,-63,127,1.5,6.5,1.5
1783010262464,2026-07-02 18:37:42.464,C3:00:00:63:4D:0A,-60,127,1.5,6.5,1.5
1783010262534,2026-07-02 18:37:42.534,C3:00:00:63:4D:04,-61,127,1.5,6.5,1.5
1783010262567,2026-07-02 18:37:42.567,C3:00:00:63:4D:05,-62,127,1.5,6.5,1.5
1783010262572,2026-07-02 18:37:42.572,C3:00:00:63:4D:0D,-55,127,1.5,6.5,1.5
1783010262578,2026-07-02 18:37:42.578,C3:00:00:63:4D:07,-75,127,1.5,6.5,1.5
1783010262583,2026-07-02 18:37:42.583,C3:00:00:63:4C:D2,-66,127,1.5,6.5,1.5
1783010262588,2026-07-02 18:37:42.588,C3:00:00:63:4D:0A,-65,127,1.5,6.5,1.5
1783010262594,2026-07-02 18:37:42.594,C3:00:00:63:4D:05,-64,127,1.5,6.5,1.5
1783010262635,2026-07-02 18:37:42.635,C3:00:00:63:4D:04,-67,127,1.5,6.5,1.5
1783010262655,2026-07-02 18:37:42.655,C3:00:00:63:4D:08,-48,127,1.5,6.5,1.5
1783010262666,2026-07-02 18:37:42.666,C3:00:00:63:4D:09,-60,127,1.5,6.5,1.5
1783010262704,2026-07-02 18:37:42.704,C3:00:00:63:4D:0A,-70,127,1.5,6.5,1.5
1783010262764,2026-07-02 18:37:42.764,C3:00:00:63:4D:08,-51,127,1.5,6.5,1.5
1783010262769,2026-07-02 18:37:42.769,C3:00:00:63:4D:0D,-58,127,1.5,6.5,1.5
1783010262774,2026-07-02 18:37:42.774,C3:00:00:63:4D:09,-70,127,1.5,6.5,1.5
1783010262780,2026-07-02 18:37:42.780,C3:00:00:63:4D:05,-58,127,1.5,6.5,1.5
1783010262794,2026-07-02 18:37:42.794,C3:00:00:63:4D:07,-76,127,1.5,6.5,1.5
1783010262811,2026-07-02 18:37:42.811,C3:00:00:63:4D:0A,-65,127,1.5,6.5,1.5
1783010262868,2026-07-02 18:37:42.868,C3:00:00:63:4D:04,-60,127,1.5,6.5,1.5
1783010262874,2026-07-02 18:37:42.874,C3:00:00:63:4D:08,-52,127,1.5,6.5,1.5
1783010262880,2026-07-02 18:37:42.880,C3:00:00:63:4D:0D,-53,127,1.5,6.5,1.5
1783010262889,2026-07-02 18:37:42.889,C3:00:00:63:4D:09,-61,127,1.5,6.5,1.5
1783010262907,2026-07-02 18:37:42.907,C3:00:00:63:4D:07,-63,127,1.5,6.5,1.5
1783010262914,2026-07-02 18:37:42.914,C3:00:00:63:4C:D2,-59,127,1.5,6.5,1.5
1783010262927,2026-07-02 18:37:42.927,C3:00:00:63:4D:0A,-62,127,1.5,6.5,1.5
1783010262932,2026-07-02 18:37:42.932,C3:00:00:63:4D:08,-47,127,1.5,6.5,1.5
1783010262951,2026-07-02 18:37:42.951,C3:00:00:63:4D:08,-55,127,1.5,6.5,1.5
1783010262964,2026-07-02 18:37:42.964,C3:00:00:63:4D:04,-62,127,1.5,6.5,1.5
1783010262986,2026-07-02 18:37:42.986,C3:00:00:63:4D:0D,-54,127,1.5,6.5,1.5
1783010262992,2026-07-02 18:37:42.992,C3:00:00:63:4D:08,-48,127,1.5,6.5,1.5
1783010262998,2026-07-02 18:37:42.998,C3:00:00:63:4D:0A,-71,127,1.5,6.5,1.5
1783010263011,2026-07-02 18:37:43.011,C3:00:00:63:4D:09,-60,127,1.5,6.5,1.5
1783010263016,2026-07-02 18:37:43.016,C3:00:00:63:4D:05,-60,127,1.5,6.5,1.5
1783010263027,2026-07-02 18:37:43.027,C3:00:00:63:4D:07,-77,127,1.5,6.5,1.5
1783010263029,2026-07-02 18:37:43.029,C3:00:00:63:4C:D2,-64,127,1.5,6.5,1.5
1783010263037,2026-07-02 18:37:43.037,C3:00:00:63:4D:0A,-60,127,1.5,6.5,1.5
1783010263047,2026-07-02 18:37:43.047,C3:00:00:63:4D:09,-65,127,1.5,6.5,1.5
1783010263077,2026-07-02 18:37:43.077,C3:00:00:63:4D:04,-57,127,1.5,6.5,1.5
1783010263087,2026-07-02 18:37:43.087,C3:00:00:63:4D:08,-46,127,1.5,6.5,1.5
1783010263118,2026-07-02 18:37:43.118,C3:00:00:63:4D:09,-63,127,1.5,6.5,1.5
1783010263128,2026-07-02 18:37:43.128,C3:00:00:63:4D:0D,-54,127,1.5,6.5,1.5
1783010263143,2026-07-02 18:37:43.143,C3:00:00:63:4D:07,-63,127,1.5,6.5,1.5
1783010263150,2026-07-02 18:37:43.150,C3:00:00:63:4D:0A,-65,127,1.5,6.5,1.5
1783010263179,2026-07-02 18:37:43.179,C3:00:00:63:4D:04,-61,127,1.5,6.5,1.5
1783010263195,2026-07-02 18:37:43.195,C3:00:00:63:4D:0D,-58,127,1.5,6.5,1.5
1783010263198,2026-07-02 18:37:43.198,C3:00:00:63:4D:08,-52,127,1.5,6.5,1.5
1783010263215,2026-07-02 18:37:43.215,C3:00:00:63:4D:05,-56,127,1.5,6.5,1.5
1783010263235,2026-07-02 18:37:43.235,C3:00:00:63:4D:09,-61,127,1.5,6.5,1.5
1783010263250,2026-07-02 18:37:43.250,C3:00:00:63:4D:05,-58,127,1.5,6.5,1.5
1783010263256,2026-07-02 18:37:43.256,C3:00:00:63:4C:D2,-59,127,1.5,6.5,1.5
1783010263270,2026-07-02 18:37:43.270,C3:00:00:63:4D:0A,-70,127,1.5,6.5,1.5
1783010263290,2026-07-02 18:37:43.290,C3:00:00:63:4D:04,-63,127,1.5,6.5,1.5
1783010263292,2026-07-02 18:37:43.292,C3:00:00:63:4D:0D,-54,127,1.5,6.5,1.5
1783010263302,2026-07-02 18:37:43.302,C3:00:00:63:4D:08,-47,127,1.5,6.5,1.5
1783010263311,2026-07-02 18:37:43.311,C3:00:00:63:4C:D2,-72,127,1.5,6.5,1.5
1783010263327,2026-07-02 18:37:43.327,C3:00:00:63:4D:0A,-60,127,1.5,6.5,1.5
1783010263350,2026-07-02 18:37:43.350,C3:00:00:63:4D:09,-63,127,1.5,6.5,1.5
1783010263356,2026-07-02 18:37:43.356,C3:00:00:63:4C:D2,-66,127,1.5,6.5,1.5
1783010263364,2026-07-02 18:37:43.364,C3:00:00:63:4D:05,-60,127,1.5,6.5,1.5
1783010263375,2026-07-02 18:37:43.375,C3:00:00:63:4D:0A,-59,127,1.5,6.5,1.5
1783010263381,2026-07-02 18:37:43.381,C3:00:00:63:4D:09,-62,127,1.5,6.5,1.5
1783010263383,2026-07-02 18:37:43.383,C3:00:00:63:4C:D2,-67,127,1.5,6.5,1.5
1783010263398,2026-07-02 18:37:43.398,C3:00:00:63:4D:04,-65,127,1.5,6.5,1.5
1783010263412,2026-07-02 18:37:43.412,C3:00:00:63:4D:0D,-60,127,1.5,6.5,1.5
1783010263418,2026-07-02 18:37:43.418,C3:00:00:63:4D:08,-52,127,1.5,6.5,1.5
1783010263461,2026-07-02 18:37:43.461,C3:00:00:63:4D:09,-62,127,1.5,6.5,1.5
1783010263474,2026-07-02 18:37:43.474,C3:00:00:63:4D:05,-60,127,1.5,6.5,1.5
1783010263498,2026-07-02 18:37:43.498,C3:00:00:63:4C:D2,-70,127,1.5,6.5,1.5
1783010263501,2026-07-02 18:37:43.501,C3:00:00:63:4D:07,-69,127,1.5,6.5,1.5
1783010263504,2026-07-02 18:37:43.504,C3:00:00:63:4D:0A,-62,127,1.5,6.5,1.5
1783010263508,2026-07-02 18:37:43.508,C3:00:00:63:4D:0D,-64,127,1.5,6.5,1.5
1783010263510,2026-07-02 18:37:43.510,C3:00:00:63:4D:04,-73,127,1.5,6.5,1.5
1783010263528,2026-07-02 18:37:43.528,C3:00:00:63:4D:08,-48,127,1.5,6.5,1.5
1783010263580,2026-07-02 18:37:43.580,C3:00:00:63:4D:09,-60,127,1.5,6.5,1.5
1783010263596,2026-07-02 18:37:43.596,C3:00:00:63:4D:05,-60,127,1.5,6.5,1.5
1783010263608,2026-07-02 18:37:43.608,C3:00:00:63:4D:0A,-74,127,1.5,6.5,1.5
1783010263621,2026-07-02 18:37:43.621,C3:00:00:63:4D:0D,-60,127,1.5,6.5,1.5
1783010263625,2026-07-02 18:37:43.625,C3:00:00:63:4D:04,-61,127,1.5,6.5,1.5
1783010263630,2026-07-02 18:37:43.630,C3:00:00:63:4D:08,-51,127,1.5,6.5,1.5
1783010263692,2026-07-02 18:37:43.692,C3:00:00:63:4D:0D,-52,127,1.5,6.5,1.5
1783010263697,2026-07-02 18:37:43.697,C3:00:00:63:4D:09,-70,127,1.5,6.5,1.5
1783010263709,2026-07-02 18:37:43.709,C3:00:00:63:4D:05,-64,127,1.5,6.5,1.5
1783010263719,2026-07-02 18:37:43.719,C3:00:00:63:4D:0D,-53,127,1.5,6.5,1.5
1783010263723,2026-07-02 18:37:43.723,C3:00:00:63:4D:04,-66,127,1.5,6.5,1.5
1783010263744,2026-07-02 18:37:43.744,C3:00:00:63:4D:08,-50,127,1.5,6.5,1.5
1783010263782,2026-07-02 18:37:43.782,C3:00:00:63:4D:04,-72,127,1.5,6.5,1.5
1783010263809,2026-07-02 18:37:43.809,C3:00:00:63:4D:08,-53,127,1.5,6.5,1.5
1783010263811,2026-07-02 18:37:43.811,C3:00:00:63:4D:09,-74,127,1.5,6.5,1.5
1783010263819,2026-07-02 18:37:43.819,C3:00:00:63:4D:0D,-55,127,1.5,6.5,1.5
1783010263834,2026-07-02 18:37:43.834,C3:00:00:63:4D:07,-77,127,1.5,6.5,1.5
1783010263836,2026-07-02 18:37:43.836,C3:00:00:63:4D:0A,-67,127,1.5,6.5,1.5
1783010263847,2026-07-02 18:37:43.847,C3:00:00:63:4C:D2,-56,127,1.5,6.5,1.5
1783010263854,2026-07-02 18:37:43.854,C3:00:00:63:4D:08,-48,127,1.5,6.5,1.5
1783010263860,2026-07-02 18:37:43.860,C3:00:00:63:4D:04,-61,127,1.5,6.5,1.5
1783010263885,2026-07-02 18:37:43.885,C3:00:00:63:4D:04,-60,127,1.5,6.5,1.5
1783010263919,2026-07-02 18:37:43.919,C3:00:00:63:4D:09,-63,127,1.5,6.5,1.5
1783010263924,2026-07-02 18:37:43.924,C3:00:00:63:4D:0D,-55,127,1.5,6.5,1.5
1783010263942,2026-07-02 18:37:43.942,C3:00:00:63:4D:04,-64,127,1.5,6.5,1.5
1783010263946,2026-07-02 18:37:43.946,C3:00:00:63:4D:07,-70,127,1.5,6.5,1.5
1783010263963,2026-07-02 18:37:43.963,C3:00:00:63:4D:08,-46,127,1.5,6.5,1.5
1783010263978,2026-07-02 18:37:43.978,C3:00:00:63:4D:09,-69,127,1.5,6.5,1.5
1783010264049,2026-07-02 18:37:44.049,C3:00:00:63:4D:05,-58,127,1.5,6.5,1.5
1783010264056,2026-07-02 18:37:44.056,C3:00:00:63:4D:04,-64,127,1.5,6.5,1.5
1783010264061,2026-07-02 18:37:44.061,C3:00:00:63:4D:0A,-67,127,1.5,6.5,1.5
1783010264064,2026-07-02 18:37:44.064,C3:00:00:63:4D:07,-61,127,1.5,6.5,1.5
1783010264070,2026-07-02 18:37:44.070,C3:00:00:63:4D:08,-51,127,1.5,6.5,1.5
1783010264133,2026-07-02 18:37:44.133,C3:00:00:63:4D:0D,-54,127,1.5,6.5,1.5
1783010264147,2026-07-02 18:37:44.147,C3:00:00:63:4D:09,-64,127,1.5,6.5,1.5
1783010264168,2026-07-02 18:37:44.168,C3:00:00:63:4D:04,-61,127,1.5,6.5,1.5
1783010264170,2026-07-02 18:37:44.170,C3:00:00:63:4D:05,-61,127,1.5,6.5,1.5
1783010264175,2026-07-02 18:37:44.175,C3:00:00:63:4D:0A,-70,127,1.5,6.5,1.5
1783010264176,2026-07-02 18:37:44.176,C3:00:00:63:4D:07,-64,127,1.5,6.5,1.5
1783010264198,2026-07-02 18:37:44.198,C3:00:00:63:4D:0A,-74,127,1.5,6.5,1.5
1783010264228,2026-07-02 18:37:44.228,C3:00:00:63:4D:0D,-68,127,1.5,6.5,1.5
1783010264253,2026-07-02 18:37:44.253,C3:00:00:63:4D:0D,-60,127,1.5,6.5,1.5
1783010264263,2026-07-02 18:37:44.263,C3:00:00:63:4D:09,-68,127,1.5,6.5,1.5
1783010264271,2026-07-02 18:37:44.271,C3:00:00:63:4D:04,-58,127,1.5,6.5,1.5
1783010264291,2026-07-02 18:37:44.291,C3:00:00:63:4C:D2,-63,127,1.5,6.5,1.5
1783010264295,2026-07-02 18:37:44.295,C3:00:00:63:4D:08,-48,127,1.5,6.5,1.5
1783010264342,2026-07-02 18:37:44.342,C3:00:00:63:4D:07,-58,127,1.5,6.5,1.5
1783010264348,2026-07-02 18:37:44.348,C3:00:00:63:4D:0D,-54,127,1.5,6.5,1.5
1783010264373,2026-07-02 18:37:44.373,C3:00:00:63:4D:09,-70,127,1.5,6.5,1.5
1783010264379,2026-07-02 18:37:44.379,C3:00:00:63:4D:04,-61,127,1.5,6.5,1.5
1783010264393,2026-07-02 18:37:44.393,C3:00:00:63:4D:05,-61,127,1.5,6.5,1.5
1783010264401,2026-07-02 18:37:44.401,C3:00:00:63:4D:08,-50,127,1.5,6.5,1.5
1783010264404,2026-07-02 18:37:44.404,C3:00:00:63:4C:D2,-62,127,1.5,6.5,1.5
1783010264437,2026-07-02 18:37:44.437,C3:00:00:63:4D:09,-64,127,1.5,6.5,1.5
1783010264446,2026-07-02 18:37:44.446,C3:00:00:63:4D:0D,-51,127,1.5,6.5,1.5
1783010264491,2026-07-02 18:37:44.491,C3:00:00:63:4D:09,-66,127,1.5,6.5,1.5
1783010264493,2026-07-02 18:37:44.493,C3:00:00:63:4D:04,-60,127,1.5,6.5,1.5
1783010264502,2026-07-02 18:37:44.502,C3:00:00:63:4D:0A,-67,127,1.5,6.5,1.5
1783010264507,2026-07-02 18:37:44.507,C3:00:00:63:4D:08,-47,127,1.5,6.5,1.5
1783010264510,2026-07-02 18:37:44.510,C3:00:00:63:4D:05,-57,127,1.5,6.5,1.5
1783010264519,2026-07-02 18:37:44.519,C3:00:00:63:4D:07,-74,127,1.5,6.5,1.5
1783010264522,2026-07-02 18:37:44.522,C3:00:00:63:4C:D2,-78,127,1.5,6.5,1.5
1783010264551,2026-07-02 18:37:44.551,C3:00:00:63:4D:0D,-54,127,1.5,6.5,1.5
1783010264600,2026-07-02 18:37:44.600,C3:00:00:63:4D:04,-58,127,1.5,6.5,1.5
1783010264606,2026-07-02 18:37:44.606,C3:00:00:63:4D:09,-66,127,1.5,6.5,1.5
1783010264617,2026-07-02 18:37:44.617,C3:00:00:63:4D:05,-62,127,1.5,6.5,1.5
1783010264623,2026-07-02 18:37:44.623,C3:00:00:63:4D:08,-51,127,1.5,6.5,1.5
1783010264627,2026-07-02 18:37:44.627,C3:00:00:63:4D:0A,-68,127,1.5,6.5,1.5
1783010264638,2026-07-02 18:37:44.638,C3:00:00:63:4D:07,-63,127,1.5,6.5,1.5
1783010264643,2026-07-02 18:37:44.643,C3:00:00:63:4D:05,-60,127,1.5,6.5,1.5
1783010264661,2026-07-02 18:37:44.661,C3:00:00:63:4D:0D,-55,127,1.5,6.5,1.5
1783010264688,2026-07-02 18:37:44.688,C3:00:00:63:4C:D2,-64,127,1.5,6.5,1.5
1783010264707,2026-07-02 18:37:44.707,C3:00:00:63:4D:04,-62,127,1.5,6.5,1.5
1783010264718,2026-07-02 18:37:44.718,C3:00:00:63:4D:09,-68,127,1.5,6.5,1.5
1783010264728,2026-07-02 18:37:44.728,C3:00:00:63:4D:08,-47,127,1.5,6.5,1.5
1783010264735,2026-07-02 18:37:44.735,C3:00:00:63:4D:0A,-70,127,1.5,6.5,1.5
1783010264742,2026-07-02 18:37:44.742,C3:00:00:63:4D:07,-61,127,1.5,6.5,1.5
1783010264745,2026-07-02 18:37:44.745,C3:00:00:63:4D:05,-63,127,1.5,6.5,1.5
1783010264752,2026-07-02 18:37:44.752,C3:00:00:63:4C:D2,-58,127,1.5,6.5,1.5
1783010264759,2026-07-02 18:37:44.759,C3:00:00:63:4D:07,-62,127,1.5,6.5,1.5
1783010264763,2026-07-02 18:37:44.763,C3:00:00:63:4D:0D,-53,127,1.5,6.5,1.5
1783010264835,2026-07-02 18:37:44.835,C3:00:00:63:4D:09,-61,127,1.5,6.5,1.5
1783010264840,2026-07-02 18:37:44.840,C3:00:00:63:4D:08,-47,127,1.5,6.5,1.5
1783010264853,2026-07-02 18:37:44.853,C3:00:00:63:4D:0A,-60,127,1.5,6.5,1.5
1783010264860,2026-07-02 18:37:44.860,C3:00:00:63:4D:05,-63,127,1.5,6.5,1.5
1783010264875,2026-07-02 18:37:44.875,C3:00:00:63:4D:0D,-54,127,1.5,6.5,1.5
1783010264928,2026-07-02 18:37:44.928,C3:00:00:63:4D:04,-63,127,1.5,6.5,1.5
1783010264936,2026-07-02 18:37:44.936,C3:00:00:63:4D:08,-54,127,1.5,6.5,1.5
1783010264962,2026-07-02 18:37:44.962,C3:00:00:63:4D:0A,-68,127,1.5,6.5,1.5
1783010264974,2026-07-02 18:37:44.974,C3:00:00:63:4D:05,-66,127,1.5,6.5,1.5
1783010264978,2026-07-02 18:37:44.978,C3:00:00:63:4D:0D,-58,127,1.5,6.5,1.5
1783010264985,2026-07-02 18:37:44.985,C3:00:00:63:4D:07,-60,127,1.5,6.5,1.5
1783010264988,2026-07-02 18:37:44.988,C3:00:00:63:4C:D2,-62,127,1.5,6.5,1.5
1783010265048,2026-07-02 18:37:45.048,C3:00:00:63:4D:09,-72,127,1.5,6.5,1.5
1783010265053,2026-07-02 18:37:45.053,C3:00:00:63:4D:08,-47,127,1.5,6.5,1.5
1783010265074,2026-07-02 18:37:45.074,C3:00:00:63:4D:09,-72,127,1.5,6.5,1.5
1783010265076,2026-07-02 18:37:45.076,C3:00:00:63:4D:0A,-68,127,1.5,6.5,1.5
1783010265080,2026-07-02 18:37:45.080,C3:00:00:63:4D:0D,-52,127,1.5,6.5,1.5
1783010265084,2026-07-02 18:37:45.084,C3:00:00:63:4D:05,-74,127,1.5,6.5,1.5
1783010265093,2026-07-02 18:37:45.093,C3:00:00:63:4C:D2,-55,127,1.5,6.5,1.5
1783010265139,2026-07-02 18:37:45.139,C3:00:00:63:4D:0D,-59,127,1.5,6.5,1.5
1783010265144,2026-07-02 18:37:45.144,C3:00:00:63:4D:04,-58,127,1.5,6.5,1.5
1783010265162,2026-07-02 18:37:45.162,C3:00:00:63:4D:08,-50,127,1.5,6.5,1.5
1783010265171,2026-07-02 18:37:45.171,C3:00:00:63:4D:09,-64,127,1.5,6.5,1.5
1783010265188,2026-07-02 18:37:45.188,C3:00:00:63:4D:0D,-58,127,1.5,6.5,1.5
1783010265191,2026-07-02 18:37:45.191,C3:00:00:63:4D:0A,-61,127,1.5,6.5,1.5
1783010265200,2026-07-02 18:37:45.200,C3:00:00:63:4D:05,-65,127,1.5,6.5,1.5
1783010265209,2026-07-02 18:37:45.209,C3:00:00:63:4C:D2,-68,127,1.5,6.5,1.5
1783010265218,2026-07-02 18:37:45.218,C3:00:00:63:4D:07,-74,127,1.5,6.5,1.5
1783010265223,2026-07-02 18:37:45.223,C3:00:00:63:4D:05,-64,127,1.5,6.5,1.5
1783010265257,2026-07-02 18:37:45.257,C3:00:00:63:4D:04,-62,127,1.5,6.5,1.5
1783010265277,2026-07-02 18:37:45.277,C3:00:00:63:4D:08,-50,127,1.5,6.5,1.5
1783010265297,2026-07-02 18:37:45.297,C3:00:00:63:4D:09,-75,127,1.5,6.5,1.5
1783010265299,2026-07-02 18:37:45.299,C3:00:00:63:4D:0D,-54,127,1.5,6.5,1.5
1783010265326,2026-07-02 18:37:45.326,C3:00:00:63:4D:07,-65,127,1.5,6.5,1.5
1783010265333,2026-07-02 18:37:45.333,C3:00:00:63:4C:D2,-54,127,1.5,6.5,1.5
1783010265352,2026-07-02 18:37:45.352,C3:00:00:63:4C:D2,-54,127,1.5,6.5,1.5
1783010265367,2026-07-02 18:37:45.367,C3:00:00:63:4D:04,-60,127,1.5,6.5,1.5
1783010265369,2026-07-02 18:37:45.369,C3:00:00:63:4D:09,-71,127,1.5,6.5,1.5
1783010265374,2026-07-02 18:37:45.374,C3:00:00:63:4D:08,-48,127,1.5,6.5,1.5
1783010265401,2026-07-02 18:37:45.401,C3:00:00:63:4D:0D,-54,127,1.5,6.5,1.5
1783010265403,2026-07-02 18:37:45.403,C3:00:00:63:4D:09,-69,127,1.5,6.5,1.5
1783010265433,2026-07-02 18:37:45.433,C3:00:00:63:4D:05,-67,127,1.5,6.5,1.5
1783010265441,2026-07-02 18:37:45.441,C3:00:00:63:4D:07,-69,127,1.5,6.5,1.5
1783010265445,2026-07-02 18:37:45.445,C3:00:00:63:4C:D2,-64,127,1.5,6.5,1.5
1783010265472,2026-07-02 18:37:45.472,C3:00:00:63:4D:04,-62,127,1.5,6.5,1.5
1783010265489,2026-07-02 18:37:45.489,C3:00:00:63:4D:08,-48,127,1.5,6.5,1.5
1783010265496,2026-07-02 18:37:45.496,C3:00:00:63:4D:0D,-58,127,1.5,6.5,1.5
1783010265512,2026-07-02 18:37:45.512,C3:00:00:63:4D:09,-64,127,1.5,6.5,1.5
1783010265532,2026-07-02 18:37:45.532,C3:00:00:63:4D:0A,-66,127,1.5,6.5,1.5
1783010265547,2026-07-02 18:37:45.547,C3:00:00:63:4D:05,-61,127,1.5,6.5,1.5
1783010265549,2026-07-02 18:37:45.549,C3:00:00:63:4D:0A,-67,127,1.5,6.5,1.5
1783010265551,2026-07-02 18:37:45.551,C3:00:00:63:4D:07,-74,127,1.5,6.5,1.5
1783010265554,2026-07-02 18:37:45.554,C3:00:00:63:4C:D2,-65,127,1.5,6.5,1.5
1783010265578,2026-07-02 18:37:45.578,C3:00:00:63:4D:04,-64,127,1.5,6.5,1.5
1783010265602,2026-07-02 18:37:45.602,C3:00:00:63:4D:08,-49,127,1.5,6.5,1.5
1783010265609,2026-07-02 18:37:45.609,C3:00:00:63:4D:0D,-54,127,1.5,6.5,1.5
1783010265632,2026-07-02 18:37:45.632,C3:00:00:63:4D:09,-70,127,1.5,6.5,1.5
1783010265642,2026-07-02 18:37:45.642,C3:00:00:63:4D:0A,-64,127,1.5,6.5,1.5
1783010265659,2026-07-02 18:37:45.659,C3:00:00:63:4D:05,-61,127,1.5,6.5,1.5
1783010265663,2026-07-02 18:37:45.663,C3:00:00:63:4D:08,-47,127,1.5,6.5,1.5
1783010265669,2026-07-02 18:37:45.669,C3:00:00:63:4C:D2,-54,127,1.5,6.5,1.5
1783010265676,2026-07-02 18:37:45.676,C3:00:00:63:4D:07,-62,127,1.5,6.5,1.5
1783010265691,2026-07-02 18:37:45.691,C3:00:00:63:4D:04,-59,127,1.5,6.5,1.5
1783010265693,2026-07-02 18:37:45.693,C3:00:00:63:4D:0D,-54,127,1.5,6.5,1.5
1783010265703,2026-07-02 18:37:45.703,C3:00:00:63:4D:08,-48,127,1.5,6.5,1.5
1783010265711,2026-07-02 18:37:45.711,C3:00:00:63:4D:0D,-63,127,1.5,6.5,1.5
1783010265738,2026-07-02 18:37:45.738,C3:00:00:63:4D:0D,-62,127,1.5,6.5,1.5
1783010265742,2026-07-02 18:37:45.742,C3:00:00:63:4D:09,-62,127,1.5,6.5,1.5
1783010265746,2026-07-02 18:37:45.746,C3:00:00:63:4D:0A,-58,127,1.5,6.5,1.5
1783010265779,2026-07-02 18:37:45.779,C3:00:00:63:4D:05,-65,127,1.5,6.5,1.5
1783010265787,2026-07-02 18:37:45.787,C3:00:00:63:4D:07,-61,127,1.5,6.5,1.5
1783010265801,2026-07-02 18:37:45.801,C3:00:00:63:4D:04,-59,127,1.5,6.5,1.5
1783010265825,2026-07-02 18:37:45.825,C3:00:00:63:4D:0D,-58,127,1.5,6.5,1.5
1783010265835,2026-07-02 18:37:45.835,C3:00:00:63:4D:08,-52,127,1.5,6.5,1.5
1783010265837,2026-07-02 18:37:45.837,C3:00:00:63:4D:08,-52,127,1.5,6.5,1.5
1783010265844,2026-07-02 18:37:45.844,C3:00:00:63:4D:07,-63,127,1.5,6.5,1.5
1783010265852,2026-07-02 18:37:45.852,C3:00:00:63:4D:09,-67,127,1.5,6.5,1.5
1783010265858,2026-07-02 18:37:45.858,C3:00:00:63:4D:04,-62,127,1.5,6.5,1.5
1783010265889,2026-07-02 18:37:45.889,C3:00:00:63:4D:05,-66,127,1.5,6.5,1.5
1783010265900,2026-07-02 18:37:45.900,C3:00:00:63:4C:D2,-65,127,1.5,6.5,1.5
1783010265910,2026-07-02 18:37:45.910,C3:00:00:63:4D:04,-61,127,1.5,6.5,1.5
1783010265976,2026-07-02 18:37:45.976,C3:00:00:63:4D:09,-83,127,1.5,6.5,1.5
1783010265982,2026-07-02 18:37:45.982,C3:00:00:63:4D:0A,-71,127,1.5,6.5,1.5
1783010266016,2026-07-02 18:37:46.016,C3:00:00:63:4D:05,-58,127,1.5,6.5,1.5
1783010266022,2026-07-02 18:37:46.022,C3:00:00:63:4D:07,-64,127,1.5,6.5,1.5
1783010266027,2026-07-02 18:37:46.027,C3:00:00:63:4D:04,-59,127,1.5,6.5,1.5
1783010266030,2026-07-02 18:37:46.030,C3:00:00:63:4D:0D,-60,127,1.5,6.5,1.5
1783010266034,2026-07-02 18:37:46.034,C3:00:00:63:4D:08,-47,127,1.5,6.5,1.5
1783010266089,2026-07-02 18:37:46.089,C3:00:00:63:4D:09,-66,127,1.5,6.5,1.5
1783010266094,2026-07-02 18:37:46.094,C3:00:00:63:4D:0A,-66,127,1.5,6.5,1.5
1783010266122,2026-07-02 18:37:46.122,C3:00:00:63:4D:05,-62,127,1.5,6.5,1.5
1783010266129,2026-07-02 18:37:46.129,C3:00:00:63:4D:07,-68,127,1.5,6.5,1.5
1783010266134,2026-07-02 18:37:46.134,C3:00:00:63:4C:D2,-65,127,1.5,6.5,1.5
1783010266138,2026-07-02 18:37:46.138,C3:00:00:63:4D:04,-60,127,1.5,6.5,1.5
1783010266139,2026-07-02 18:37:46.139,C3:00:00:63:4D:0D,-54,127,1.5,6.5,1.5
1783010266141,2026-07-02 18:37:46.141,C3:00:00:63:4D:05,-69,127,1.5,6.5,1.5
1783010266146,2026-07-02 18:37:46.146,C3:00:00:63:4D:08,-49,127,1.5,6.5,1.5
1783010266205,2026-07-02 18:37:46.205,C3:00:00:63:4D:0A,-62,127,1.5,6.5,1.5
1783010266214,2026-07-02 18:37:46.214,C3:00:00:63:4D:09,-70,127,1.5,6.5,1.5
1783010266223,2026-07-02 18:37:46.223,C3:00:00:63:4D:0A,-72,127,1.5,6.5,1.5
1783010266242,2026-07-02 18:37:46.242,C3:00:00:63:4D:04,-63,127,1.5,6.5,1.5
1783010266248,2026-07-02 18:37:46.248,C3:00:00:63:4D:07,-63,127,1.5,6.5,1.5
1783010266252,2026-07-02 18:37:46.252,C3:00:00:63:4C:D2,-55,127,1.5,6.5,1.5
1783010266258,2026-07-02 18:37:46.258,C3:00:00:63:4D:08,-45,127,1.5,6.5,1.5
1783010266346,2026-07-02 18:37:46.346,C3:00:00:63:4D:04,-64,127,1.5,6.5,1.5
1783010266349,2026-07-02 18:37:46.349,C3:00:00:63:4D:0D,-60,127,1.5,6.5,1.5
1783010266353,2026-07-02 18:37:46.353,C3:00:00:63:4D:07,-63,127,1.5,6.5,1.5
1783010266355,2026-07-02 18:37:46.355,C3:00:00:63:4D:05,-65,127,1.5,6.5,1.5
1783010266360,2026-07-02 18:37:46.360,C3:00:00:63:4D:08,-48,127,1.5,6.5,1.5
1783010266368,2026-07-02 18:37:46.368,C3:00:00:63:4D:07,-62,127,1.5,6.5,1.5
1783010266390,2026-07-02 18:37:46.390,C3:00:00:63:4D:07,-69,127,1.5,6.5,1.5
1783010266431,2026-07-02 18:37:46.431,C3:00:00:63:4D:09,-70,127,1.5,6.5,1.5
1783010266435,2026-07-02 18:37:46.435,C3:00:00:63:4D:0A,-63,127,1.5,6.5,1.5
1783010266442,2026-07-02 18:37:46.442,C3:00:00:63:4D:0D,-56,127,1.5,6.5,1.5
1783010266454,2026-07-02 18:37:46.454,C3:00:00:63:4D:04,-60,127,1.5,6.5,1.5
1783010266468,2026-07-02 18:37:46.468,C3:00:00:63:4D:05,-67,127,1.5,6.5,1.5
1783010266474,2026-07-02 18:37:46.474,C3:00:00:63:4D:08,-52,127,1.5,6.5,1.5
1783010266476,2026-07-02 18:37:46.476,C3:00:00:63:4C:D2,-65,127,1.5,6.5,1.5
1783010266537,2026-07-02 18:37:46.537,C3:00:00:63:4D:0A,-75,127,1.5,6.5,1.5
1783010266545,2026-07-02 18:37:46.545,C3:00:00:63:4D:09,-67,127,1.5,6.5,1.5
1783010266552,2026-07-02 18:37:46.552,C3:00:00:63:4D:0D,-65,127,1.5,6.5,1.5
1783010266566,2026-07-02 18:37:46.566,C3:00:00:63:4D:04,-70,127,1.5,6.5,1.5
1783010266575,2026-07-02 18:37:46.575,C3:00:00:63:4D:08,-46,127,1.5,6.5,1.5
1783010266621,2026-07-02 18:37:46.621,C3:00:00:63:4D:05,-64,127,1.5,6.5,1.5
1783010266654,2026-07-02 18:37:46.654,C3:00:00:63:4D:0A,-62,127,1.5,6.5,1.5
1783010266660,2026-07-02 18:37:46.660,C3:00:00:63:4D:0D,-66,127,1.5,6.5,1.5
1783010266665,2026-07-02 18:37:46.665,C3:00:00:63:4D:09,-63,127,1.5,6.5,1.5
1783010266670,2026-07-02 18:37:46.670,C3:00:00:63:4D:04,-64,127,1.5,6.5,1.5
1783010266684,2026-07-02 18:37:46.684,C3:00:00:63:4D:08,-48,127,1.5,6.5,1.5
1783010266691,2026-07-02 18:37:46.691,C3:00:00:63:4D:05,-60,127,1.5,6.5,1.5
1783010266706,2026-07-02 18:37:46.706,C3:00:00:63:4C:D2,-69,127,1.5,6.5,1.5
1783010266746,2026-07-02 18:37:46.746,C3:00:00:63:4D:07,-61,127,1.5,6.5,1.5
1783010266767,2026-07-02 18:37:46.767,C3:00:00:63:4D:0D,-56,127,1.5,6.5,1.5
1783010266774,2026-07-02 18:37:46.774,C3:00:00:63:4D:09,-69,127,1.5,6.5,1.5
1783010266781,2026-07-02 18:37:46.781,C3:00:00:63:4D:04,-64,127,1.5,6.5,1.5
1783010266799,2026-07-02 18:37:46.799,C3:00:00:63:4D:08,-53,127,1.5,6.5,1.5
1783010266817,2026-07-02 18:37:46.817,C3:00:00:63:4D:05,-62,127,1.5,6.5,1.5
1783010266822,2026-07-02 18:37:46.822,C3:00:00:63:4D:07,-64,127,1.5,6.5,1.5
1783010266871,2026-07-02 18:37:46.871,C3:00:00:63:4D:0D,-58,127,1.5,6.5,1.5
1783010266884,2026-07-02 18:37:46.884,C3:00:00:63:4D:0A,-67,127,1.5,6.5,1.5
1783010266891,2026-07-02 18:37:46.891,C3:00:00:63:4D:09,-75,127,1.5,6.5,1.5
1783010266893,2026-07-02 18:37:46.893,C3:00:00:63:4D:04,-62,127,1.5,6.5,1.5
1783010266901,2026-07-02 18:37:46.901,C3:00:00:63:4D:08,-45,127,1.5,6.5,1.5
1783010266929,2026-07-02 18:37:46.929,C3:00:00:63:4D:05,-62,127,1.5,6.5,1.5
1783010266934,2026-07-02 18:37:46.934,C3:00:00:63:4C:D2,-78,127,1.5,6.5,1.5
1783010266942,2026-07-02 18:37:46.942,C3:00:00:63:4D:07,-72,127,1.5,6.5,1.5
1783010266948,2026-07-02 18:37:46.948,C3:00:00:63:4D:08,-57,127,1.5,6.5,1.5
1783010266966,2026-07-02 18:37:46.966,C3:00:00:63:4D:08,-59,127,1.5,6.5,1.5
1783010267004,2026-07-02 18:37:47.004,C3:00:00:63:4D:09,-61,127,1.5,6.5,1.5
1783010267011,2026-07-02 18:37:47.011,C3:00:00:63:4D:0A,-69,127,1.5,6.5,1.5
1783010267021,2026-07-02 18:37:47.021,C3:00:00:63:4D:08,-47,127,1.5,6.5,1.5
1783010267049,2026-07-02 18:37:47.049,C3:00:00:63:4D:05,-75,127,1.5,6.5,1.5
1783010267053,2026-07-02 18:37:47.053,C3:00:00:63:4D:09,-70,127,1.5,6.5,1.5
1783010267055,2026-07-02 18:37:47.055,C3:00:00:63:4C:D2,-70,127,1.5,6.5,1.5
1783010267072,2026-07-02 18:37:47.072,C3:00:00:63:4D:0D,-54,127,1.5,6.5,1.5
1783010267103,2026-07-02 18:37:47.103,C3:00:00:63:4D:0A,-62,127,1.5,6.5,1.5
1783010267107,2026-07-02 18:37:47.107,C3:00:00:63:4D:04,-62,127,1.5,6.5,1.5
1783010267121,2026-07-02 18:37:47.121,C3:00:00:63:4D:09,-65,127,1.5,6.5,1.5
1783010267125,2026-07-02 18:37:47.125,C3:00:00:63:4D:08,-46,127,1.5,6.5,1.5
1783010267151,2026-07-02 18:37:47.151,C3:00:00:63:4D:0D,-56,127,1.5,6.5,1.5
1783010267160,2026-07-02 18:37:47.160,C3:00:00:63:4D:05,-55,127,1.5,6.5,1.5
1783010267169,2026-07-02 18:37:47.169,C3:00:00:63:4C:D2,-53,127,1.5,6.5,1.5
1783010267183,2026-07-02 18:37:47.183,C3:00:00:63:4D:0D,-54,127,1.5,6.5,1.5
1783010267216,2026-07-02 18:37:47.216,C3:00:00:63:4D:05,-66,127,1.5,6.5,1.5
1783010267220,2026-07-02 18:37:47.220,C3:00:00:63:4D:04,-60,127,1.5,6.5,1.5
1783010267223,2026-07-02 18:37:47.223,C3:00:00:63:4D:0A,-61,127,1.5,6.5,1.5
1783010267226,2026-07-02 18:37:47.226,C3:00:00:63:4D:09,-62,127,1.5,6.5,1.5
1783010267228,2026-07-02 18:37:47.228,C3:00:00:63:4D:08,-48,127,1.5,6.5,1.5
1783010267274,2026-07-02 18:37:47.274,C3:00:00:63:4D:05,-63,127,1.5,6.5,1.5
1783010267276,2026-07-02 18:37:47.276,C3:00:00:63:4D:07,-80,127,1.5,6.5,1.5
1783010267282,2026-07-02 18:37:47.282,C3:00:00:63:4C:D2,-68,127,1.5,6.5,1.5
1783010267285,2026-07-02 18:37:47.285,C3:00:00:63:4D:0D,-56,127,1.5,6.5,1.5
1783010267325,2026-07-02 18:37:47.325,C3:00:00:63:4D:04,-61,127,1.5,6.5,1.5
1783010267334,2026-07-02 18:37:47.334,C3:00:00:63:4D:0A,-64,127,1.5,6.5,1.5
1783010267347,2026-07-02 18:37:47.347,C3:00:00:63:4C:D2,-75,127,1.5,6.5,1.5
1783010267349,2026-07-02 18:37:47.349,C3:00:00:63:4D:09,-65,127,1.5,6.5,1.5
1783010267355,2026-07-02 18:37:47.355,C3:00:00:63:4C:D2,-67,127,1.5,6.5,1.5
1783010267357,2026-07-02 18:37:47.357,C3:00:00:63:4D:0A,-64,127,1.5,6.5,1.5
1783010267375,2026-07-02 18:37:47.375,C3:00:00:63:4D:09,-68,127,1.5,6.5,1.5
1783010267391,2026-07-02 18:37:47.391,C3:00:00:63:4D:0D,-54,127,1.5,6.5,1.5
1783010267397,2026-07-02 18:37:47.397,C3:00:00:63:4D:05,-69,127,1.5,6.5,1.5
1783010267399,2026-07-02 18:37:47.399,C3:00:00:63:4C:D2,-65,127,1.5,6.5,1.5
1783010267401,2026-07-02 18:37:47.401,C3:00:00:63:4D:07,-66,127,1.5,6.5,1.5
1783010267430,2026-07-02 18:37:47.430,C3:00:00:63:4D:04,-60,127,1.5,6.5,1.5
1783010267447,2026-07-02 18:37:47.447,C3:00:00:63:4D:0A,-73,127,1.5,6.5,1.5
1783010267457,2026-07-02 18:37:47.457,C3:00:00:63:4D:08,-48,127,1.5,6.5,1.5
1783010267460,2026-07-02 18:37:47.460,C3:00:00:63:4D:09,-80,127,1.5,6.5,1.5
1783010267498,2026-07-02 18:37:47.498,C3:00:00:63:4D:0D,-56,127,1.5,6.5,1.5
1783010267508,2026-07-02 18:37:47.508,C3:00:00:63:4D:05,-60,127,1.5,6.5,1.5
1783010267510,2026-07-02 18:37:47.510,C3:00:00:63:4D:07,-68,127,1.5,6.5,1.5
1783010267517,2026-07-02 18:37:47.517,C3:00:00:63:4C:D2,-64,127,1.5,6.5,1.5
1783010267542,2026-07-02 18:37:47.542,C3:00:00:63:4D:04,-60,127,1.5,6.5,1.5
1783010267552,2026-07-02 18:37:47.552,C3:00:00:63:4D:08,-47,127,1.5,6.5,1.5
1783010267558,2026-07-02 18:37:47.558,C3:00:00:63:4D:0A,-61,127,1.5,6.5,1.5
1783010267568,2026-07-02 18:37:47.568,C3:00:00:63:4D:09,-64,127,1.5,6.5,1.5
1783010267618,2026-07-02 18:37:47.618,C3:00:00:63:4D:05,-65,127,1.5,6.5,1.5
1783010267621,2026-07-02 18:37:47.621,C3:00:00:63:4C:D2,-72,127,1.5,6.5,1.5
1783010267626,2026-07-02 18:37:47.626,C3:00:00:63:4D:07,-65,127,1.5,6.5,1.5
1783010267652,2026-07-02 18:37:47.652,C3:00:00:63:4D:04,-64,127,1.5,6.5,1.5
1783010267659,2026-07-02 18:37:47.659,C3:00:00:63:4D:08,-51,127,1.5,6.5,1.5
1783010267669,2026-07-02 18:37:47.669,C3:00:00:63:4D:0A,-64,127,1.5,6.5,1.5
1783010267681,2026-07-02 18:37:47.681,C3:00:00:63:4D:08,-50,127,1.5,6.5,1.5
1783010267684,2026-07-02 18:37:47.684,C3:00:00:63:4D:09,-80,127,1.5,6.5,1.5
1783010267711,2026-07-02 18:37:47.711,C3:00:00:63:4D:0D,-55,127,1.5,6.5,1.5
1783010267740,2026-07-02 18:37:47.740,C3:00:00:63:4D:0D,-55,127,1.5,6.5,1.5
1783010267745,2026-07-02 18:37:47.745,C3:00:00:63:4D:05,-62,127,1.5,6.5,1.5
1783010267751,2026-07-02 18:37:47.751,C3:00:00:63:4D:07,-71,127,1.5,6.5,1.5
1783010267755,2026-07-02 18:37:47.755,C3:00:00:63:4C:D2,-55,127,1.5,6.5,1.5
1783010267762,2026-07-02 18:37:47.762,C3:00:00:63:4D:04,-63,127,1.5,6.5,1.5
1783010267772,2026-07-02 18:37:47.772,C3:00:00:63:4D:08,-49,127,1.5,6.5,1.5
1783010267780,2026-07-02 18:37:47.780,C3:00:00:63:4D:04,-72,127,1.5,6.5,1.5
1783010267784,2026-07-02 18:37:47.784,C3:00:00:63:4D:0A,-71,127,1.5,6.5,1.5
1783010267801,2026-07-02 18:37:47.801,C3:00:00:63:4D:09,-72,127,1.5,6.5,1.5
1783010267806,2026-07-02 18:37:47.806,C3:00:00:63:4D:0D,-55,127,1.5,6.5,1.5
1783010267831,2026-07-02 18:37:47.831,C3:00:00:63:4D:08,-48,127,1.5,6.5,1.5
1783010267842,2026-07-02 18:37:47.842,C3:00:00:63:4D:05,-63,127,1.5,6.5,1.5
1783010267851,2026-07-02 18:37:47.851,C3:00:00:63:4C:D2,-69,127,1.5,6.5,1.5
1783010267878,2026-07-02 18:37:47.878,C3:00:00:63:4C:D2,-66,127,1.5,6.5,1.5
1783010267884,2026-07-02 18:37:47.884,C3:00:00:63:4D:04,-61,127,1.5,6.5,1.5
1783010267892,2026-07-02 18:37:47.892,C3:00:00:63:4D:08,-50,127,1.5,6.5,1.5
1783010267900,2026-07-02 18:37:47.900,C3:00:00:63:4D:0A,-62,127,1.5,6.5,1.5
1783010267908,2026-07-02 18:37:47.908,C3:00:00:63:4D:04,-61,127,1.5,6.5,1.5
1783010267914,2026-07-02 18:37:47.914,C3:00:00:63:4D:09,-80,127,1.5,6.5,1.5
1783010267921,2026-07-02 18:37:47.921,C3:00:00:63:4D:0D,-55,127,1.5,6.5,1.5
1783010267960,2026-07-02 18:37:47.960,C3:00:00:63:4D:05,-63,127,1.5,6.5,1.5
1783010267990,2026-07-02 18:37:47.990,C3:00:00:63:4D:09,-83,127,1.5,6.5,1.5
1783010267998,2026-07-02 18:37:47.998,C3:00:00:63:4D:08,-53,127,1.5,6.5,1.5
1783010268022,2026-07-02 18:37:48.022,C3:00:00:63:4D:0A,-63,127,1.5,6.5,1.5
1783010268024,2026-07-02 18:37:48.024,C3:00:00:63:4D:0D,-55,127,1.5,6.5,1.5
1783010268033,2026-07-02 18:37:48.033,C3:00:00:63:4D:09,-65,127,1.5,6.5,1.5
1783010268079,2026-07-02 18:37:48.079,C3:00:00:63:4D:05,-61,127,1.5,6.5,1.5
1783010268090,2026-07-02 18:37:48.090,C3:00:00:63:4D:07,-68,127,1.5,6.5,1.5
1783010268093,2026-07-02 18:37:48.093,C3:00:00:63:4C:D2,-55,127,1.5,6.5,1.5
1783010268107,2026-07-02 18:37:48.107,C3:00:00:63:4D:08,-47,127,1.5,6.5,1.5
1783010268118,2026-07-02 18:37:48.118,C3:00:00:63:4D:0A,-61,127,1.5,6.5,1.5
1783010268131,2026-07-02 18:37:48.131,C3:00:00:63:4D:0D,-57,127,1.5,6.5,1.5
1783010268134,2026-07-02 18:37:48.134,C3:00:00:63:4D:09,-64,127,1.5,6.5,1.5
1783010268203,2026-07-02 18:37:48.203,C3:00:00:63:4D:07,-70,127,1.5,6.5,1.5
1783010268208,2026-07-02 18:37:48.208,C3:00:00:63:4C:D2,-66,127,1.5,6.5,1.5
1783010268212,2026-07-02 18:37:48.212,C3:00:00:63:4D:08,-47,127,1.5,6.5,1.5
1783010268231,2026-07-02 18:37:48.231,C3:00:00:63:4D:0D,-56,127,1.5,6.5,1.5
1783010268233,2026-07-02 18:37:48.233,C3:00:00:63:4D:0A,-64,127,1.5,6.5,1.5
1783010268248,2026-07-02 18:37:48.248,C3:00:00:63:4D:0D,-64,127,1.5,6.5,1.5
1783010268254,2026-07-02 18:37:48.254,C3:00:00:63:4D:09,-66,127,1.5,6.5,1.5
1783010268312,2026-07-02 18:37:48.312,C3:00:00:63:4D:05,-59,127,1.5,6.5,1.5
1783010268319,2026-07-02 18:37:48.319,C3:00:00:63:4D:04,-64,127,1.5,6.5,1.5
1783010268324,2026-07-02 18:37:48.324,C3:00:00:63:4D:07,-76,127,1.5,6.5,1.5
1783010268329,2026-07-02 18:37:48.329,C3:00:00:63:4C:D2,-56,127,1.5,6.5,1.5
1783010268333,2026-07-02 18:37:48.333,C3:00:00:63:4D:08,-49,127,1.5,6.5,1.5
1783010268351,2026-07-02 18:37:48.351,C3:00:00:63:4D:0D,-55,127,1.5,6.5,1.5
1783010268357,2026-07-02 18:37:48.357,C3:00:00:63:4D:0A,-66,127,1.5,6.5,1.5
1783010268366,2026-07-02 18:37:48.366,C3:00:00:63:4D:09,-71,127,1.5,6.5,1.5
1783010268372,2026-07-02 18:37:48.372,C3:00:00:63:4D:07,-71,127,1.5,6.5,1.5
1783010268418,2026-07-02 18:37:48.418,C3:00:00:63:4D:05,-67,127,1.5,6.5,1.5
1783010268433,2026-07-02 18:37:48.433,C3:00:00:63:4C:D2,-65,127,1.5,6.5,1.5
1783010268435,2026-07-02 18:37:48.435,C3:00:00:63:4D:07,-65,127,1.5,6.5,1.5
1783010268439,2026-07-02 18:37:48.439,C3:00:00:63:4D:08,-51,127,1.5,6.5,1.5
1783010268446,2026-07-02 18:37:48.446,C3:00:00:63:4D:0D,-57,127,1.5,6.5,1.5
1783010268447,2026-07-02 18:37:48.447,C3:00:00:63:4D:09,-64,127,1.5,6.5,1.5
1783010268454,2026-07-02 18:37:48.454,C3:00:00:63:4D:0A,-60,127,1.5,6.5,1.5
1783010268477,2026-07-02 18:37:48.477,C3:00:00:63:4D:09,-67,127,1.5,6.5,1.5
1783010268521,2026-07-02 18:37:48.521,C3:00:00:63:4D:04,-59,127,1.5,6.5,1.5
1783010268548,2026-07-02 18:37:48.548,C3:00:00:63:4D:05,-62,127,1.5,6.5,1.5
1783010268551,2026-07-02 18:37:48.551,C3:00:00:63:4D:0D,-55,127,1.5,6.5,1.5
1783010268552,2026-07-02 18:37:48.552,C3:00:00:63:4C:D2,-65,127,1.5,6.5,1.5
1783010268569,2026-07-02 18:37:48.569,C3:00:00:63:4D:0A,-66,127,1.5,6.5,1.5
1783010268591,2026-07-02 18:37:48.591,C3:00:00:63:4D:09,-83,127,1.5,6.5,1.5
1783010268630,2026-07-02 18:37:48.630,C3:00:00:63:4D:04,-63,127,1.5,6.5,1.5
1783010268643,2026-07-02 18:37:48.643,C3:00:00:63:4D:05,-66,127,1.5,6.5,1.5
1783010268651,2026-07-02 18:37:48.651,C3:00:00:63:4D:08,-51,127,1.5,6.5,1.5
1783010268657,2026-07-02 18:37:48.657,C3:00:00:63:4D:0D,-56,127,1.5,6.5,1.5
1783010268665,2026-07-02 18:37:48.665,C3:00:00:63:4C:D2,-54,127,1.5,6.5,1.5
1783010268672,2026-07-02 18:37:48.672,C3:00:00:63:4D:05,-67,127,1.5,6.5,1.5
1783010268682,2026-07-02 18:37:48.682,C3:00:00:63:4D:0A,-74,127,1.5,6.5,1.5
1783010268692,2026-07-02 18:37:48.692,C3:00:00:63:4C:D2,-54,127,1.5,6.5,1.5
1783010268713,2026-07-02 18:37:48.713,C3:00:00:63:4D:09,-64,127,1.5,6.5,1.5
1783010268734,2026-07-02 18:37:48.734,C3:00:00:63:4D:04,-60,127,1.5,6.5,1.5
1783010268748,2026-07-02 18:37:48.748,C3:00:00:63:4D:07,-68,127,1.5,6.5,1.5
1783010268757,2026-07-02 18:37:48.757,C3:00:00:63:4D:08,-46,127,1.5,6.5,1.5
1783010268771,2026-07-02 18:37:48.771,C3:00:00:63:4D:0D,-56,127,1.5,6.5,1.5
1783010268776,2026-07-02 18:37:48.776,C3:00:00:63:4D:05,-63,127,1.5,6.5,1.5
1783010268797,2026-07-02 18:37:48.797,C3:00:00:63:4D:0A,-61,127,1.5,6.5,1.5
1783010268802,2026-07-02 18:37:48.802,C3:00:00:63:4D:04,-60,127,1.5,6.5,1.5
1783010268826,2026-07-02 18:37:48.826,C3:00:00:63:4D:09,-76,127,1.5,6.5,1.5
1783010268852,2026-07-02 18:37:48.852,C3:00:00:63:4D:04,-62,127,1.5,6.5,1.5
1783010268871,2026-07-02 18:37:48.871,C3:00:00:63:4D:08,-52,127,1.5,6.5,1.5
1783010268880,2026-07-02 18:37:48.880,C3:00:00:63:4D:05,-67,127,1.5,6.5,1.5
1783010268891,2026-07-02 18:37:48.891,C3:00:00:63:4D:07,-70,127,1.5,6.5,1.5
1783010268898,2026-07-02 18:37:48.898,C3:00:00:63:4C:D2,-71,127,1.5,6.5,1.5
1783010268908,2026-07-02 18:37:48.908,C3:00:00:63:4D:0A,-64,127,1.5,6.5,1.5
1783010268945,2026-07-02 18:37:48.945,C3:00:00:63:4D:09,-74,127,1.5,6.5,1.5
1783010268958,2026-07-02 18:37:48.958,C3:00:00:63:4D:04,-64,127,1.5,6.5,1.5
1783010268964,2026-07-02 18:37:48.964,C3:00:00:63:4D:0D,-54,127,1.5,6.5,1.5
1783010268974,2026-07-02 18:37:48.974,C3:00:00:63:4D:08,-48,127,1.5,6.5,1.5
1783010268996,2026-07-02 18:37:48.996,C3:00:00:63:4D:05,-60,127,1.5,6.5,1.5
1783010269003,2026-07-02 18:37:49.003,C3:00:00:63:4D:07,-72,127,1.5,6.5,1.5
1783010269006,2026-07-02 18:37:49.006,C3:00:00:63:4C:D2,-56,127,1.5,6.5,1.5
1783010269028,2026-07-02 18:37:49.028,C3:00:00:63:4D:0A,-61,127,1.5,6.5,1.5
1783010269051,2026-07-02 18:37:49.051,C3:00:00:63:4D:09,-61,127,1.5,6.5,1.5
1783010269069,2026-07-02 18:37:49.069,C3:00:00:63:4D:09,-62,127,1.5,6.5,1.5
1783010269081,2026-07-02 18:37:49.081,C3:00:00:63:4D:08,-50,127,1.5,6.5,1.5
1783010269105,2026-07-02 18:37:49.105,C3:00:00:63:4D:05,-64,127,1.5,6.5,1.5
1783010269166,2026-07-02 18:37:49.166,C3:00:00:63:4D:09,-76,127,1.5,6.5,1.5
1783010269187,2026-07-02 18:37:49.187,C3:00:00:63:4D:0D,-55,127,1.5,6.5,1.5
1783010269189,2026-07-02 18:37:49.189,C3:00:00:63:4D:04,-63,127,1.5,6.5,1.5
1783010269196,2026-07-02 18:37:49.196,C3:00:00:63:4D:08,-49,127,1.5,6.5,1.5
1783010269213,2026-07-02 18:37:49.213,C3:00:00:63:4D:05,-63,127,1.5,6.5,1.5
1783010269231,2026-07-02 18:37:49.231,C3:00:00:63:4C:D2,-55,127,1.5,6.5,1.5
1783010269236,2026-07-02 18:37:49.236,C3:00:00:63:4D:05,-56,127,1.5,6.5,1.5
1783010269250,2026-07-02 18:37:49.250,C3:00:00:63:4D:0A,-64,127,1.5,6.5,1.5
1783010269280,2026-07-02 18:37:49.280,C3:00:00:63:4D:0D,-55,127,1.5,6.5,1.5
1783010269286,2026-07-02 18:37:49.286,C3:00:00:63:4D:09,-69,127,1.5,6.5,1.5
1783010269291,2026-07-02 18:37:49.291,C3:00:00:63:4D:04,-63,127,1.5,6.5,1.5
1783010269306,2026-07-02 18:37:49.306,C3:00:00:63:4D:08,-46,127,1.5,6.5,1.5
1783010269338,2026-07-02 18:37:49.338,C3:00:00:63:4D:05,-61,127,1.5,6.5,1.5
1783010269342,2026-07-02 18:37:49.342,C3:00:00:63:4D:0A,-62,127,1.5,6.5,1.5
1783010269350,2026-07-02 18:37:49.350,C3:00:00:63:4C:D2,-70,127,1.5,6.5,1.5
1783010269356,2026-07-02 18:37:49.356,C3:00:00:63:4D:07,-66,127,1.5,6.5,1.5
1783010269366,2026-07-02 18:37:49.366,C3:00:00:63:4D:0A,-62,127,1.5,6.5,1.5
1783010269367,2026-07-02 18:37:49.367,C3:00:00:63:4C:D2,-69,127,1.5,6.5,1.5
1783010269381,2026-07-02 18:37:49.381,C3:00:00:63:4D:0D,-56,127,1.5,6.5,1.5
1783010269387,2026-07-02 18:37:49.387,C3:00:00:63:4D:09,-67,127,1.5,6.5,1.5
1783010269392,2026-07-02 18:37:49.392,C3:00:00:63:4D:04,-60,127,1.5,6.5,1.5
1783010269408,2026-07-02 18:37:49.408,C3:00:00:63:4D:09,-68,127,1.5,6.5,1.5
1783010269416,2026-07-02 18:37:49.416,C3:00:00:63:4D:08,-52,127,1.5,6.5,1.5
1783010269459,2026-07-02 18:37:49.459,C3:00:00:63:4D:05,-66,127,1.5,6.5,1.5
1783010269467,2026-07-02 18:37:49.467,C3:00:00:63:4C:D2,-63,127,1.5,6.5,1.5
1783010269473,2026-07-02 18:37:49.473,C3:00:00:63:4D:07,-66,127,1.5,6.5,1.5
1783010269483,2026-07-02 18:37:49.483,C3:00:00:63:4D:0A,-63,127,1.5,6.5,1.5
1783010269484,2026-07-02 18:37:49.484,C3:00:00:63:4D:0D,-57,127,1.5,6.5,1.5
1783010269505,2026-07-02 18:37:49.505,C3:00:00:63:4D:04,-66,127,1.5,6.5,1.5
1783010269527,2026-07-02 18:37:49.527,C3:00:00:63:4D:08,-46,127,1.5,6.5,1.5
1783010269579,2026-07-02 18:37:49.579,C3:00:00:63:4D:05,-59,127,1.5,6.5,1.5
1783010269613,2026-07-02 18:37:49.613,C3:00:00:63:4D:04,-60,127,1.5,6.5,1.5
1783010269620,2026-07-02 18:37:49.620,C3:00:00:63:4D:09,-61,127,1.5,6.5,1.5
1783010269635,2026-07-02 18:37:49.635,C3:00:00:63:4D:08,-47,127,1.5,6.5,1.5
1783010269660,2026-07-02 18:37:49.660,C3:00:00:63:4D:08,-48,127,1.5,6.5,1.5
1783010269695,2026-07-02 18:37:49.695,C3:00:00:63:4D:05,-63,127,1.5,6.5,1.5
1783010269701,2026-07-02 18:37:49.701,C3:00:00:63:4D:07,-70,127,1.5,6.5,1.5
1783010269704,2026-07-02 18:37:49.704,C3:00:00:63:4D:0D,-71,127,1.5,6.5,1.5
1783010269708,2026-07-02 18:37:49.708,C3:00:00:63:4C:D2,-65,127,1.5,6.5,1.5
1783010269714,2026-07-02 18:37:49.714,C3:00:00:63:4D:0A,-61,127,1.5,6.5,1.5
1783010269717,2026-07-02 18:37:49.717,C3:00:00:63:4D:0D,-67,127,1.5,6.5,1.5
1783010269721,2026-07-02 18:37:49.721,C3:00:00:63:4D:04,-65,127,1.5,6.5,1.5
1783010269736,2026-07-02 18:37:49.736,C3:00:00:63:4D:08,-58,127,1.5,6.5,1.5
1783010269809,2026-07-02 18:37:49.809,C3:00:00:63:4C:D2,-70,127,1.5,6.5,1.5
1783010269822,2026-07-02 18:37:49.822,C3:00:00:63:4D:0A,-67,127,1.5,6.5,1.5
1783010269850,2026-07-02 18:37:49.850,C3:00:00:63:4D:08,-44,127,1.5,6.5,1.5
1783010269856,2026-07-02 18:37:49.856,C3:00:00:63:4D:07,-64,127,1.5,6.5,1.5
1783010269867,2026-07-02 18:37:49.867,C3:00:00:63:4D:08,-43,127,1.5,6.5,1.5
1783010269885,2026-07-02 18:37:49.885,C3:00:00:63:4C:D2,-55,127,1.5,6.5,1.5
1783010269890,2026-07-02 18:37:49.890,C3:00:00:63:4D:04,-67,127,1.5,6.5,1.5
1783010269905,2026-07-02 18:37:49.905,C3:00:00:63:4D:0D,-62,127,1.5,6.5,1.5
1783010269914,2026-07-02 18:37:49.914,C3:00:00:63:4D:05,-64,127,1.5,6.5,1.5
1783010269921,2026-07-02 18:37:49.921,C3:00:00:63:4D:07,-63,127,1.5,6.5,1.5
1783010269923,2026-07-02 18:37:49.923,C3:00:00:63:4C:D2,-62,127,1.5,6.5,1.5
1783010269925,2026-07-02 18:37:49.925,C3:00:00:63:4D:0A,-61,127,1.5,6.5,1.5
1783010269932,2026-07-02 18:37:49.932,C3:00:00:63:4D:04,-62,127,1.5,6.5,1.5
1783010269950,2026-07-02 18:37:49.950,C3:00:00:63:4D:08,-47,127,1.5,6.5,1.5
1783010270013,2026-07-02 18:37:50.013,C3:00:00:63:4D:0D,-57,127,1.5,6.5,1.5
1783010270037,2026-07-02 18:37:50.037,C3:00:00:63:4D:05,-68,127,1.5,6.5,1.5
1783010270044,2026-07-02 18:37:50.044,C3:00:00:63:4C:D2,-70,127,1.5,6.5,1.5
1783010270049,2026-07-02 18:37:50.049,C3:00:00:63:4D:04,-62,127,1.5,6.5,1.5
1783010270067,2026-07-02 18:37:50.067,C3:00:00:63:4D:08,-54,127,1.5,6.5,1.5
1783010270079,2026-07-02 18:37:50.079,C3:00:00:63:4D:09,-71,127,1.5,6.5,1.5
1783010270126,2026-07-02 18:37:50.126,C3:00:00:63:4D:0D,-61,127,1.5,6.5,1.5
1783010270144,2026-07-02 18:37:50.144,C3:00:00:63:4D:05,-64,127,1.5,6.5,1.5
1783010270156,2026-07-02 18:37:50.156,C3:00:00:63:4C:D2,-55,127,1.5,6.5,1.5
1783010270177,2026-07-02 18:37:50.177,C3:00:00:63:4D:08,-48,127,1.5,6.5,1.5
1783010270187,2026-07-02 18:37:50.187,C3:00:00:63:4D:09,-72,127,1.5,6.5,1.5
1783010270228,2026-07-02 18:37:50.228,C3:00:00:63:4D:0D,-63,127,1.5,6.5,1.5
1783010270267,2026-07-02 18:37:50.267,C3:00:00:63:4D:04,-61,127,1.5,6.5,1.5
1783010270272,2026-07-02 18:37:50.272,C3:00:00:63:4C:D2,-64,127,1.5,6.5,1.5
1783010270280,2026-07-02 18:37:50.280,C3:00:00:63:4D:0A,-65,127,1.5,6.5,1.5
1783010270288,2026-07-02 18:37:50.288,C3:00:00:63:4D:08,-49,127,1.5,6.5,1.5
1783010270302,2026-07-02 18:37:50.302,C3:00:00:63:4D:09,-65,127,1.5,6.5,1.5
1783010270330,2026-07-02 18:37:50.330,C3:00:00:63:4D:0D,-51,127,1.5,6.5,1.5
1783010270380,2026-07-02 18:37:50.380,C3:00:00:63:4D:07,-63,127,1.5,6.5,1.5
1783010270383,2026-07-02 18:37:50.383,C3:00:00:63:4D:04,-63,127,1.5,6.5,1.5
1783010270389,2026-07-02 18:37:50.389,C3:00:00:63:4D:0A,-70,127,1.5,6.5,1.5
1783010270397,2026-07-02 18:37:50.397,C3:00:00:63:4C:D2,-67,127,1.5,6.5,1.5
1783010270399,2026-07-02 18:37:50.399,C3:00:00:63:4D:08,-53,127,1.5,6.5,1.5
1783010270406,2026-07-02 18:37:50.406,C3:00:00:63:4D:07,-64,127,1.5,6.5,1.5
1783010270488,2026-07-02 18:37:50.488,C3:00:00:63:4D:05,-54,127,1.5,6.5,1.5
1783010270493,2026-07-02 18:37:50.493,C3:00:00:63:4D:04,-63,127,1.5,6.5,1.5
1783010270539,2026-07-02 18:37:50.539,C3:00:00:63:4D:09,-60,127,1.5,6.5,1.5
1783010270546,2026-07-02 18:37:50.546,C3:00:00:63:4D:0D,-55,127,1.5,6.5,1.5
1783010270597,2026-07-02 18:37:50.597,C3:00:00:63:4D:04,-60,127,1.5,6.5,1.5
1783010270620,2026-07-02 18:37:50.620,C3:00:00:63:4C:D2,-63,127,1.5,6.5,1.5
1783010270657,2026-07-02 18:37:50.657,C3:00:00:63:4D:05,-57,127,1.5,6.5,1.5
1783010270703,2026-07-02 18:37:50.703,C3:00:00:63:4D:04,-61,127,1.5,6.5,1.5
1783010270725,2026-07-02 18:37:50.725,C3:00:00:63:4D:0A,-73,127,1.5,6.5,1.5
1783010270730,2026-07-02 18:37:50.730,C3:00:00:63:4D:05,-58,127,1.5,6.5,1.5
1783010270733,2026-07-02 18:37:50.733,C3:00:00:63:4D:07,-61,127,1.5,6.5,1.5
1783010270735,2026-07-02 18:37:50.735,C3:00:00:63:4C:D2,-54,127,1.5,6.5,1.5
1783010270748,2026-07-02 18:37:50.748,C3:00:00:63:4D:0D,-54,127,1.5,6.5,1.5
1783010270756,2026-07-02 18:37:50.756,C3:00:00:63:4D:07,-64,127,1.5,6.5,1.5
1783010270764,2026-07-02 18:37:50.764,C3:00:00:63:4D:09,-65,127,1.5,6.5,1.5
1783010270810,2026-07-02 18:37:50.810,C3:00:00:63:4D:04,-60,127,1.5,6.5,1.5
1783010270831,2026-07-02 18:37:50.831,C3:00:00:63:4D:08,-46,127,1.5,6.5,1.5
1783010270836,2026-07-02 18:37:50.836,C3:00:00:63:4D:05,-70,127,1.5,6.5,1.5
1783010270842,2026-07-02 18:37:50.842,C3:00:00:63:4C:D2,-80,127,1.5,6.5,1.5
1783010270857,2026-07-02 18:37:50.857,C3:00:00:63:4D:0D,-56,127,1.5,6.5,1.5
1783010270876,2026-07-02 18:37:50.876,C3:00:00:63:4D:09,-65,127,1.5,6.5,1.5
1783010270923,2026-07-02 18:37:50.923,C3:00:00:63:4D:04,-58,127,1.5,6.5,1.5
1783010270946,2026-07-02 18:37:50.946,C3:00:00:63:4D:08,-48,127,1.5,6.5,1.5
1783010270952,2026-07-02 18:37:50.952,C3:00:00:63:4D:0A,-61,127,1.5,6.5,1.5
1783010270962,2026-07-02 18:37:50.962,C3:00:00:63:4D:05,-62,127,1.5,6.5,1.5
1783010270965,2026-07-02 18:37:50.965,C3:00:00:63:4D:07,-68,127,1.5,6.5,1.5
1783010270970,2026-07-02 18:37:50.970,C3:00:00:63:4D:0D,-57,127,1.5,6.5,1.5
1783010270972,2026-07-02 18:37:50.972,C3:00:00:63:4D:08,-48,127,1.5,6.5,1.5
1783010270981,2026-07-02 18:37:50.981,C3:00:00:63:4D:08,-55,127,1.5,6.5,1.5
1783010270992,2026-07-02 18:37:50.992,C3:00:00:63:4D:09,-66,127,1.5,6.5,1.5
1783010271007,2026-07-02 18:37:51.007,C3:00:00:63:4D:0A,-69,127,1.5,6.5,1.5
1783010271035,2026-07-02 18:37:51.035,C3:00:00:63:4D:04,-63,127,1.5,6.5,1.5
1783010271046,2026-07-02 18:37:51.046,C3:00:00:63:4D:09,-72,127,1.5,6.5,1.5
1783010271070,2026-07-02 18:37:51.070,C3:00:00:63:4D:07,-66,127,1.5,6.5,1.5
1783010271079,2026-07-02 18:37:51.079,C3:00:00:63:4C:D2,-54,127,1.5,6.5,1.5
1783010271104,2026-07-02 18:37:51.104,C3:00:00:63:4D:09,-70,127,1.5,6.5,1.5
1783010271140,2026-07-02 18:37:51.140,C3:00:00:63:4D:04,-60,127,1.5,6.5,1.5
1783010271153,2026-07-02 18:37:51.153,C3:00:00:63:4D:08,-53,127,1.5,6.5,1.5
1783010271176,2026-07-02 18:37:51.176,C3:00:00:63:4D:0A,-58,127,1.5,6.5,1.5
1783010271181,2026-07-02 18:37:51.181,C3:00:00:63:4D:05,-64,127,1.5,6.5,1.5
1783010271216,2026-07-02 18:37:51.216,C3:00:00:63:4D:05,-58,127,1.5,6.5,1.5
1783010271219,2026-07-02 18:37:51.219,C3:00:00:63:4D:09,-65,127,1.5,6.5,1.5
1783010271253,2026-07-02 18:37:51.253,C3:00:00:63:4D:04,-68,127,1.5,6.5,1.5
1783010271261,2026-07-02 18:37:51.261,C3:00:00:63:4D:08,-46,127,1.5,6.5,1.5
1783010271278,2026-07-02 18:37:51.278,C3:00:00:63:4D:0D,-54,127,1.5,6.5,1.5
1783010271284,2026-07-02 18:37:51.284,C3:00:00:63:4D:0A,-66,127,1.5,6.5,1.5
1783010271295,2026-07-02 18:37:51.295,C3:00:00:63:4D:05,-61,127,1.5,6.5,1.5
1783010271301,2026-07-02 18:37:51.301,C3:00:00:63:4D:07,-76,127,1.5,6.5,1.5
1783010271306,2026-07-02 18:37:51.306,C3:00:00:63:4C:D2,-62,127,1.5,6.5,1.5
1783010271336,2026-07-02 18:37:51.336,C3:00:00:63:4D:09,-69,127,1.5,6.5,1.5
1783010271339,2026-07-02 18:37:51.339,C3:00:00:63:4D:0A,-74,127,1.5,6.5,1.5
1783010271360,2026-07-02 18:37:51.360,C3:00:00:63:4C:D2,-56,127,1.5,6.5,1.5
1783010271365,2026-07-02 18:37:51.365,C3:00:00:63:4D:04,-62,127,1.5,6.5,1.5
1783010271377,2026-07-02 18:37:51.377,C3:00:00:63:4D:08,-46,127,1.5,6.5,1.5
1783010271385,2026-07-02 18:37:51.385,C3:00:00:63:4D:0D,-54,127,1.5,6.5,1.5
1783010271405,2026-07-02 18:37:51.405,C3:00:00:63:4D:0A,-91,127,1.5,6.5,1.5
1783010271407,2026-07-02 18:37:51.407,C3:00:00:63:4D:09,-70,127,1.5,6.5,1.5
1783010271411,2026-07-02 18:37:51.411,C3:00:00:63:4D:05,-60,127,1.5,6.5,1.5
1783010271427,2026-07-02 18:37:51.427,C3:00:00:63:4C:D2,-69,127,1.5,6.5,1.5
1783010271443,2026-07-02 18:37:51.443,C3:00:00:63:4D:09,-62,127,1.5,6.5,1.5
1783010271470,2026-07-02 18:37:51.470,C3:00:00:63:4D:04,-58,127,1.5,6.5,1.5
1783010271487,2026-07-02 18:37:51.487,C3:00:00:63:4D:0D,-58,127,1.5,6.5,1.5
1783010271512,2026-07-02 18:37:51.512,C3:00:00:63:4D:0A,-62,127,1.5,6.5,1.5
1783010271523,2026-07-02 18:37:51.523,C3:00:00:63:4D:05,-61,127,1.5,6.5,1.5
1783010271539,2026-07-02 18:37:51.539,C3:00:00:63:4C:D2,-62,127,1.5,6.5,1.5
1783010271541,2026-07-02 18:37:51.541,C3:00:00:63:4D:07,-71,127,1.5,6.5,1.5
1783010271560,2026-07-02 18:37:51.560,C3:00:00:63:4D:09,-71,127,1.5,6.5,1.5
1783010271571,2026-07-02 18:37:51.571,C3:00:00:63:4D:04,-69,127,1.5,6.5,1.5
1783010271587,2026-07-02 18:37:51.587,C3:00:00:63:4D:0D,-56,127,1.5,6.5,1.5
1783010271593,2026-07-02 18:37:51.593,C3:00:00:63:4D:08,-54,127,1.5,6.5,1.5
1783010271621,2026-07-02 18:37:51.621,C3:00:00:63:4D:0A,-77,127,1.5,6.5,1.5
1783010271638,2026-07-02 18:37:51.638,C3:00:00:63:4D:05,-61,127,1.5,6.5,1.5
1783010271645,2026-07-02 18:37:51.645,C3:00:00:63:4D:07,-66,127,1.5,6.5,1.5
1783010271655,2026-07-02 18:37:51.655,C3:00:00:63:4C:D2,-60,127,1.5,6.5,1.5
1783010271661,2026-07-02 18:37:51.661,C3:00:00:63:4D:08,-47,127,1.5,6.5,1.5
1783010271669,2026-07-02 18:37:51.669,C3:00:00:63:4D:09,-64,127,1.5,6.5,1.5
1783010271679,2026-07-02 18:37:51.679,C3:00:00:63:4D:04,-58,127,1.5,6.5,1.5
1783010271717,2026-07-02 18:37:51.717,C3:00:00:63:4D:0D,-58,127,1.5,6.5,1.5
1783010271756,2026-07-02 18:37:51.756,C3:00:00:63:4D:05,-62,127,1.5,6.5,1.5
1783010271763,2026-07-02 18:37:51.763,C3:00:00:63:4D:07,-68,127,1.5,6.5,1.5
1783010271770,2026-07-02 18:37:51.770,C3:00:00:63:4C:D2,-68,127,1.5,6.5,1.5
1783010271788,2026-07-02 18:37:51.788,C3:00:00:63:4D:04,-68,127,1.5,6.5,1.5
1783010271790,2026-07-02 18:37:51.790,C3:00:00:63:4D:09,-65,127,1.5,6.5,1.5
1783010271794,2026-07-02 18:37:51.794,C3:00:00:63:4D:0D,-54,127,1.5,6.5,1.5
1783010271800,2026-07-02 18:37:51.800,C3:00:00:63:4D:04,-59,127,1.5,6.5,1.5
1783010271812,2026-07-02 18:37:51.812,C3:00:00:63:4D:08,-53,127,1.5,6.5,1.5
1783010271857,2026-07-02 18:37:51.857,C3:00:00:63:4D:0A,-80,127,1.5,6.5,1.5
1783010271859,2026-07-02 18:37:51.859,C3:00:00:63:4D:08,-49,127,1.5,6.5,1.5
1783010271875,2026-07-02 18:37:51.875,C3:00:00:63:4D:05,-76,127,1.5,6.5,1.5
1783010271878,2026-07-02 18:37:51.878,C3:00:00:63:4D:07,-71,127,1.5,6.5,1.5
1783010271884,2026-07-02 18:37:51.884,C3:00:00:63:4C:D2,-60,127,1.5,6.5,1.5
1783010271888,2026-07-02 18:37:51.888,C3:00:00:63:4D:04,-66,127,1.5,6.5,1.5
1783010271898,2026-07-02 18:37:51.898,C3:00:00:63:4D:09,-70,127,1.5,6.5,1.5
1783010271903,2026-07-02 18:37:51.903,C3:00:00:63:4C:D2,-62,127,1.5,6.5,1.5
1783010271909,2026-07-02 18:37:51.909,C3:00:00:63:4D:0D,-58,127,1.5,6.5,1.5
1783010271911,2026-07-02 18:37:51.911,C3:00:00:63:4D:04,-70,127,1.5,6.5,1.5
1783010271916,2026-07-02 18:37:51.916,C3:00:00:63:4D:08,-46,127,1.5,6.5,1.5
1783010271927,2026-07-02 18:37:51.927,C3:00:00:63:4D:04,-64,127,1.5,6.5,1.5
1783010271969,2026-07-02 18:37:51.969,C3:00:00:63:4D:0A,-66,127,1.5,6.5,1.5
1783010271994,2026-07-02 18:37:51.994,C3:00:00:63:4D:05,-61,127,1.5,6.5,1.5
1783010271998,2026-07-02 18:37:51.998,C3:00:00:63:4D:07,-70,127,1.5,6.5,1.5
1783010272003,2026-07-02 18:37:52.003,C3:00:00:63:4C:D2,-57,127,1.5,6.5,1.5
1783010272018,2026-07-02 18:37:52.018,C3:00:00:63:4D:0D,-54,127,1.5,6.5,1.5
1783010272027,2026-07-02 18:37:52.027,C3:00:00:63:4D:09,-68,127,1.5,6.5,1.5
1783010272077,2026-07-02 18:37:52.077,C3:00:00:63:4D:0A,-63,127,1.5,6.5,1.5
1783010272102,2026-07-02 18:37:52.102,C3:00:00:63:4D:05,-60,127,1.5,6.5,1.5
1783010272117,2026-07-02 18:37:52.117,C3:00:00:63:4D:07,-68,127,1.5,6.5,1.5
1783010272132,2026-07-02 18:37:52.132,C3:00:00:63:4C:D2,-68,127,1.5,6.5,1.5
1783010272136,2026-07-02 18:37:52.136,C3:00:00:63:4D:0D,-56,127,1.5,6.5,1.5
1783010272187,2026-07-02 18:37:52.187,C3:00:00:63:4D:0A,-64,127,1.5,6.5,1.5
1783010272220,2026-07-02 18:37:52.220,C3:00:00:63:4D:0A,-66,127,1.5,6.5,1.5
1783010272226,2026-07-02 18:37:52.226,C3:00:00:63:4D:05,-55,127,1.5,6.5,1.5
1783010272235,2026-07-02 18:37:52.235,C3:00:00:63:4D:0D,-54,127,1.5,6.5,1.5
1783010272240,2026-07-02 18:37:52.240,C3:00:00:63:4D:04,-56,127,1.5,6.5,1.5
1783010272245,2026-07-02 18:37:52.245,C3:00:00:63:4D:09,-62,127,1.5,6.5,1.5
1783010272250,2026-07-02 18:37:52.250,C3:00:00:63:4D:08,-43,127,1.5,6.5,1.5
1783010272251,2026-07-02 18:37:52.251,C3:00:00:63:4D:0D,-62,127,1.5,6.5,1.5
1783010272325,2026-07-02 18:37:52.325,C3:00:00:63:4D:0D,-53,127,1.5,6.5,1.5
1783010272332,2026-07-02 18:37:52.332,C3:00:00:63:4D:05,-59,127,1.5,6.5,1.5
1783010272342,2026-07-02 18:37:52.342,C3:00:00:63:4C:D2,-68,127,1.5,6.5,1.5
1783010272381,2026-07-02 18:37:52.381,C3:00:00:63:4D:07,-69,127,1.5,6.5,1.5
1783010272417,2026-07-02 18:37:52.417,C3:00:00:63:4D:0A,-69,127,1.5,6.5,1.5
1783010272436,2026-07-02 18:37:52.436,C3:00:00:63:4D:0D,-57,127,1.5,6.5,1.5
1783010272445,2026-07-02 18:37:52.445,C3:00:00:63:4D:09,-70,127,1.5,6.5,1.5
1783010272554,2026-07-02 18:37:52.554,C3:00:00:63:4D:04,-60,127,1.5,6.5,1.5
1783010272559,2026-07-02 18:37:52.559,C3:00:00:63:4D:05,-55,127,1.5,6.5,1.5
1783010272570,2026-07-02 18:37:52.570,C3:00:00:63:4C:D2,-57,127,1.5,6.5,1.5
1783010272572,2026-07-02 18:37:52.572,C3:00:00:63:4D:07,-81,127,1.5,6.5,1.5
1783010272584,2026-07-02 18:37:52.584,C3:00:00:63:4D:09,-60,127,1.5,6.5,1.5
1783010272640,2026-07-02 18:37:52.640,C3:00:00:63:4D:0A,-62,127,1.5,6.5,1.5
1783010272643,2026-07-02 18:37:52.643,C3:00:00:63:4D:0D,-58,127,1.5,6.5,1.5
1783010272660,2026-07-02 18:37:52.660,C3:00:00:63:4D:04,-62,127,1.5,6.5,1.5
1783010272676,2026-07-02 18:37:52.676,C3:00:00:63:4D:05,-61,127,1.5,6.5,1.5
1783010272695,2026-07-02 18:37:52.695,C3:00:00:63:4D:05,-63,127,1.5,6.5,1.5
1783010272701,2026-07-02 18:37:52.701,C3:00:00:63:4C:D2,-64,127,1.5,6.5,1.5
1783010272767,2026-07-02 18:37:52.767,C3:00:00:63:4D:07,-79,127,1.5,6.5,1.5
1783010272779,2026-07-02 18:37:52.779,C3:00:00:63:4D:04,-63,127,1.5,6.5,1.5
1783010272794,2026-07-02 18:37:52.794,C3:00:00:63:4D:05,-75,127,1.5,6.5,1.5
1783010272800,2026-07-02 18:37:52.800,C3:00:00:63:4D:08,-48,127,1.5,6.5,1.5
1783010272801,2026-07-02 18:37:52.801,C3:00:00:63:4D:07,-73,127,1.5,6.5,1.5
1783010272826,2026-07-02 18:37:52.826,C3:00:00:63:4D:04,-61,127,1.5,6.5,1.5
1783010272852,2026-07-02 18:37:52.852,C3:00:00:63:4D:0D,-59,127,1.5,6.5,1.5
1783010272868,2026-07-02 18:37:52.868,C3:00:00:63:4D:0A,-62,127,1.5,6.5,1.5
1783010272909,2026-07-02 18:37:52.909,C3:00:00:63:4D:05,-60,127,1.5,6.5,1.5
1783010272918,2026-07-02 18:37:52.918,C3:00:00:63:4D:07,-70,127,1.5,6.5,1.5
1783010272923,2026-07-02 18:37:52.923,C3:00:00:63:4C:D2,-62,127,1.5,6.5,1.5
1783010272936,2026-07-02 18:37:52.936,C3:00:00:63:4D:09,-62,127,1.5,6.5,1.5
1783010273008,2026-07-02 18:37:53.008,C3:00:00:63:4D:08,-52,127,1.5,6.5,1.5
1783010273046,2026-07-02 18:37:53.046,C3:00:00:63:4D:09,-61,127,1.5,6.5,1.5
1783010273067,2026-07-02 18:37:53.067,C3:00:00:63:4D:0D,-54,127,1.5,6.5,1.5
1783010273074,2026-07-02 18:37:53.074,C3:00:00:63:4D:09,-61,127,1.5,6.5,1.5
1783010273117,2026-07-02 18:37:53.117,C3:00:00:63:4D:08,-45,127,1.5,6.5,1.5
1783010273137,2026-07-02 18:37:53.137,C3:00:00:63:4D:05,-57,127,1.5,6.5,1.5
1783010273156,2026-07-02 18:37:53.156,C3:00:00:63:4C:D2,-55,127,1.5,6.5,1.5
1783010273158,2026-07-02 18:37:53.158,C3:00:00:63:4D:09,-62,127,1.5,6.5,1.5
1783010273162,2026-07-02 18:37:53.162,C3:00:00:63:4D:0D,-54,127,1.5,6.5,1.5
1783010273189,2026-07-02 18:37:53.189,C3:00:00:63:4D:0D,-54,127,1.5,6.5,1.5
1783010273210,2026-07-02 18:37:53.210,C3:00:00:63:4D:0A,-75,127,1.5,6.5,1.5
1783010273232,2026-07-02 18:37:53.232,C3:00:00:63:4D:08,-49,127,1.5,6.5,1.5
1783010273261,2026-07-02 18:37:53.261,C3:00:00:63:4D:07,-70,127,1.5,6.5,1.5
1783010273267,2026-07-02 18:37:53.267,C3:00:00:63:4C:D2,-65,127,1.5,6.5,1.5
1783010273317,2026-07-02 18:37:53.317,C3:00:00:63:4D:04,-59,127,1.5,6.5,1.5
1783010273324,2026-07-02 18:37:53.324,C3:00:00:63:4D:0A,-62,127,1.5,6.5,1.5
1783010273333,2026-07-02 18:37:53.333,C3:00:00:63:4D:08,-53,127,1.5,6.5,1.5
1783010273343,2026-07-02 18:37:53.343,C3:00:00:63:4D:0A,-62,127,1.5,6.5,1.5
1783010273361,2026-07-02 18:37:53.361,C3:00:00:63:4C:D2,-67,127,1.5,6.5,1.5
1783010273376,2026-07-02 18:37:53.376,C3:00:00:63:4D:0D,-57,127,1.5,6.5,1.5
1783010273379,2026-07-02 18:37:53.379,C3:00:00:63:4D:07,-61,127,1.5,6.5,1.5
1783010273383,2026-07-02 18:37:53.383,C3:00:00:63:4D:09,-78,127,1.5,6.5,1.5
1783010273385,2026-07-02 18:37:53.385,C3:00:00:63:4C:D2,-65,127,1.5,6.5,1.5
1783010273401,2026-07-02 18:37:53.401,C3:00:00:63:4D:09,-81,127,1.5,6.5,1.5
1783010273429,2026-07-02 18:37:53.429,C3:00:00:63:4D:04,-64,127,1.5,6.5,1.5
1783010273434,2026-07-02 18:37:53.434,C3:00:00:63:4D:0A,-69,127,1.5,6.5,1.5
1783010273444,2026-07-02 18:37:53.444,C3:00:00:63:4D:08,-47,127,1.5,6.5,1.5
1783010273479,2026-07-02 18:37:53.479,C3:00:00:63:4D:05,-59,127,1.5,6.5,1.5
1783010273484,2026-07-02 18:37:53.484,C3:00:00:63:4D:0D,-54,127,1.5,6.5,1.5
1783010273486,2026-07-02 18:37:53.486,C3:00:00:63:4D:07,-65,127,1.5,6.5,1.5
1783010273494,2026-07-02 18:37:53.494,C3:00:00:63:4C:D2,-56,127,1.5,6.5,1.5
1783010273511,2026-07-02 18:37:53.511,C3:00:00:63:4D:09,-65,127,1.5,6.5,1.5
1783010273529,2026-07-02 18:37:53.529,C3:00:00:63:4D:0A,-60,127,1.5,6.5,1.5
1783010273534,2026-07-02 18:37:53.534,C3:00:00:63:4D:04,-58,127,1.5,6.5,1.5
1783010273549,2026-07-02 18:37:53.549,C3:00:00:63:4D:08,-49,127,1.5,6.5,1.5
1783010273582,2026-07-02 18:37:53.582,C3:00:00:63:4D:0D,-62,127,1.5,6.5,1.5
1783010273593,2026-07-02 18:37:53.593,C3:00:00:63:4D:05,-56,127,1.5,6.5,1.5
1783010273600,2026-07-02 18:37:53.600,C3:00:00:63:4D:07,-70,127,1.5,6.5,1.5
1783010273642,2026-07-02 18:37:53.642,C3:00:00:63:4D:04,-62,127,1.5,6.5,1.5
1783010273662,2026-07-02 18:37:53.662,C3:00:00:63:4D:0A,-60,127,1.5,6.5,1.5
1783010273669,2026-07-02 18:37:53.669,C3:00:00:63:4D:08,-60,127,1.5,6.5,1.5
1783010273706,2026-07-02 18:37:53.706,C3:00:00:63:4D:05,-75,127,1.5,6.5,1.5
1783010273723,2026-07-02 18:37:53.723,C3:00:00:63:4D:0D,-52,127,1.5,6.5,1.5
1783010273726,2026-07-02 18:37:53.726,C3:00:00:63:4C:D2,-55,127,1.5,6.5,1.5
1783010273733,2026-07-02 18:37:53.733,C3:00:00:63:4D:07,-65,127,1.5,6.5,1.5
1783010273735,2026-07-02 18:37:53.735,C3:00:00:63:4D:0D,-51,127,1.5,6.5,1.5
1783010273751,2026-07-02 18:37:53.751,C3:00:00:63:4D:04,-60,127,1.5,6.5,1.5
1783010273770,2026-07-02 18:37:53.770,C3:00:00:63:4D:0A,-64,127,1.5,6.5,1.5
1783010273775,2026-07-02 18:37:53.775,C3:00:00:63:4D:08,-49,127,1.5,6.5,1.5
1783010273798,2026-07-02 18:37:53.798,C3:00:00:63:4D:0D,-52,127,1.5,6.5,1.5
1783010273828,2026-07-02 18:37:53.828,C3:00:00:63:4D:05,-61,127,1.5,6.5,1.5
1783010273837,2026-07-02 18:37:53.837,C3:00:00:63:4D:09,-63,127,1.5,6.5,1.5
1783010273865,2026-07-02 18:37:53.865,C3:00:00:63:4D:07,-63,127,1.5,6.5,1.5
1783010273869,2026-07-02 18:37:53.869,C3:00:00:63:4D:08,-52,127,1.5,6.5,1.5
1783010273882,2026-07-02 18:37:53.882,C3:00:00:63:4D:0A,-61,127,1.5,6.5,1.5
1783010273890,2026-07-02 18:37:53.890,C3:00:00:63:4D:08,-54,127,1.5,6.5,1.5
1783010273891,2026-07-02 18:37:53.891,C3:00:00:63:4D:04,-59,127,1.5,6.5,1.5
1783010273908,2026-07-02 18:37:53.908,C3:00:00:63:4D:0D,-59,127,1.5,6.5,1.5
1783010273909,2026-07-02 18:37:53.909,C3:00:00:63:4C:D2,-63,127,1.5,6.5,1.5
1783010273910,2026-07-02 18:37:53.910,C3:00:00:63:4D:04,-60,127,1.5,6.5,1.5
1783010273937,2026-07-02 18:37:53.937,C3:00:00:63:4D:05,-61,127,1.5,6.5,1.5
1783010273944,2026-07-02 18:37:53.944,C3:00:00:63:4C:D2,-74,127,1.5,6.5,1.5
1783010273951,2026-07-02 18:37:53.951,C3:00:00:63:4D:07,-61,127,1.5,6.5,1.5
1783010273954,2026-07-02 18:37:53.954,C3:00:00:63:4D:09,-68,127,1.5,6.5,1.5
1783010273971,2026-07-02 18:37:53.971,C3:00:00:63:4D:04,-68,127,1.5,6.5,1.5
1783010274008,2026-07-02 18:37:54.008,C3:00:00:63:4D:0D,-56,127,1.5,6.5,1.5
1783010274058,2026-07-02 18:37:54.058,C3:00:00:63:4D:05,-58,127,1.5,6.5,1.5
1783010274075,2026-07-02 18:37:54.075,C3:00:00:63:4D:09,-62,127,1.5,6.5,1.5
1783010274079,2026-07-02 18:37:54.079,C3:00:00:63:4D:04,-62,127,1.5,6.5,1.5
1783010274102,2026-07-02 18:37:54.102,C3:00:00:63:4D:08,-49,127,1.5,6.5,1.5
1783010274112,2026-07-02 18:37:54.112,C3:00:00:63:4D:0D,-54,127,1.5,6.5,1.5
1783010274115,2026-07-02 18:37:54.115,C3:00:00:63:4D:0A,-62,127,1.5,6.5,1.5
1783010274137,2026-07-02 18:37:54.137,C3:00:00:63:4D:05,-65,127,1.5,6.5,1.5
1783010274167,2026-07-02 18:37:54.167,C3:00:00:63:4D:05,-59,127,1.5,6.5,1.5
1783010274185,2026-07-02 18:37:54.185,C3:00:00:63:4C:D2,-63,127,1.5,6.5,1.5
1783010274190,2026-07-02 18:37:54.190,C3:00:00:63:4D:07,-72,127,1.5,6.5,1.5
1783010274196,2026-07-02 18:37:54.196,C3:00:00:63:4D:09,-65,127,1.5,6.5,1.5
1783010274199,2026-07-02 18:37:54.199,C3:00:00:63:4D:04,-61,127,1.5,6.5,1.5
1783010274209,2026-07-02 18:37:54.209,C3:00:00:63:4D:08,-47,127,1.5,6.5,1.5
1783010274211,2026-07-02 18:37:54.211,C3:00:00:63:4D:0D,-54,127,1.5,6.5,1.5
1783010274246,2026-07-02 18:37:54.246,C3:00:00:63:4D:0A,-60,127,1.5,6.5,1.5
1783010274280,2026-07-02 18:37:54.280,C3:00:00:63:4D:05,-62,127,1.5,6.5,1.5
1783010274295,2026-07-02 18:37:54.295,C3:00:00:63:4C:D2,-67,127,1.5,6.5,1.5
1783010274304,2026-07-02 18:37:54.304,C3:00:00:63:4D:09,-64,127,1.5,6.5,1.5
1783010274309,2026-07-02 18:37:54.309,C3:00:00:63:4D:07,-66,127,1.5,6.5,1.5
1783010274323,2026-07-02 18:37:54.323,C3:00:00:63:4D:08,-47,127,1.5,6.5,1.5
1783010274324,2026-07-02 18:37:54.324,C3:00:00:63:4D:0D,-54,127,1.5,6.5,1.5
1783010274332,2026-07-02 18:37:54.332,C3:00:00:63:4D:0A,-68,127,1.5,6.5,1.5
1783010274394,2026-07-02 18:37:54.394,C3:00:00:63:4D:07,-76,127,1.5,6.5,1.5
1783010274401,2026-07-02 18:37:54.401,C3:00:00:63:4D:05,-58,127,1.5,6.5,1.5
1783010274413,2026-07-02 18:37:54.413,C3:00:00:63:4D:09,-61,127,1.5,6.5,1.5
1783010274437,2026-07-02 18:37:54.437,C3:00:00:63:4D:07,-64,127,1.5,6.5,1.5
1783010274452,2026-07-02 18:37:54.452,C3:00:00:63:4D:0A,-62,127,1.5,6.5,1.5
1783010274517,2026-07-02 18:37:54.517,C3:00:00:63:4D:05,-59,127,1.5,6.5,1.5
1783010274522,2026-07-02 18:37:54.522,C3:00:00:63:4D:09,-73,127,1.5,6.5,1.5
1783010274527,2026-07-02 18:37:54.527,C3:00:00:63:4C:D2,-69,127,1.5,6.5,1.5
1783010274539,2026-07-02 18:37:54.539,C3:00:00:63:4D:0D,-53,127,1.5,6.5,1.5
1783010274546,2026-07-02 18:37:54.546,C3:00:00:63:4D:08,-48,127,1.5,6.5,1.5
1783010274563,2026-07-02 18:37:54.563,C3:00:00:63:4D:0A,-60,127,1.5,6.5,1.5
1783010274631,2026-07-02 18:37:54.631,C3:00:00:63:4D:04,-60,127,1.5,6.5,1.5
1783010274634,2026-07-02 18:37:54.634,C3:00:00:63:4D:05,-54,127,1.5,6.5,1.5
1783010274640,2026-07-02 18:37:54.640,C3:00:00:63:4D:0D,-53,127,1.5,6.5,1.5
1783010274651,2026-07-02 18:37:54.651,C3:00:00:63:4C:D2,-55,127,1.5,6.5,1.5
1783010274653,2026-07-02 18:37:54.653,C3:00:00:63:4D:08,-45,127,1.5,6.5,1.5
