timestamp,time,mac_address,rssi,tx_power,pos_x,pos_y,pos_z
1783351406821,2026-07-06 17:23:26.821,C3:00:00:63:4D:0A,-56,127,3.0,4.0,1.5
1783351406965,2026-07-06 17:23:26.965,C3:00:00:63:4D:05,-66,127,3.0,4.0,1.5
1783351407033,2026-07-06 17:23:27.033,C3:00:00:63:4D:04,-58,127,3.0,4.0,1.5
1783351407089,2026-07-06 17:23:27.089,C3:00:00:63:4C:D2,-77,127,3.0,4.0,1.5
1783351407149,2026-07-06 17:23:27.149,C3:00:00:63:4D:07,-74,127,3.0,4.0,1.5
1783351407197,2026-07-06 17:23:27.197,C3:00:00:63:4D:0D,-54,127,3.0,4.0,1.5
1783351407244,2026-07-06 17:23:27.244,C3:00:00:63:4D:09,-55,127,3.0,4.0,1.5
1783351407297,2026-07-06 17:23:27.297,C3:00:00:63:4D:0A,-71,127,3.0,4.0,1.5
1783351407300,2026-07-06 17:23:27.300,C3:00:00:63:4D:09,-56,127,3.0,4.0,1.5
1783351407303,2026-07-06 17:23:27.303,C3:00:00:63:4D:05,-54,127,3.0,4.0,1.5
1783351407306,2026-07-06 17:23:27.306,C3:00:00:63:4D:04,-56,127,3.0,4.0,1.5
1783351407309,2026-07-06 17:23:27.309,C3:00:00:63:4D:07,-67,127,3.0,4.0,1.5
1783351407312,2026-07-06 17:23:27.312,C3:00:00:63:4D:07,-65,127,3.0,4.0,1.5
1783351407313,2026-07-06 17:23:27.313,C3:00:00:63:4D:0D,-54,127,3.0,4.0,1.5
1783351407315,2026-07-06 17:23:27.315,C3:00:00:63:4D:0A,-64,127,3.0,4.0,1.5
1783351407316,2026-07-06 17:23:27.316,C3:00:00:63:4D:05,-58,127,3.0,4.0,1.5
1783351407317,2026-07-06 17:23:27.317,C3:00:00:63:4D:09,-58,127,3.0,4.0,1.5
1783351407318,2026-07-06 17:23:27.318,C3:00:00:63:4D:04,-65,127,3.0,4.0,1.5
1783351407320,2026-07-06 17:23:27.320,C3:00:00:63:4D:0A,-65,127,3.0,4.0,1.5
1783351407321,2026-07-06 17:23:27.321,C3:00:00:63:4D:07,-73,127,3.0,4.0,1.5
1783351407322,2026-07-06 17:23:27.322,C3:00:00:63:4C:D2,-54,127,3.0,4.0,1.5
1783351407324,2026-07-06 17:23:27.324,C3:00:00:63:4D:0D,-50,127,3.0,4.0,1.5
1783351407325,2026-07-06 17:23:27.325,C3:00:00:63:4D:0A,-56,127,3.0,4.0,1.5
1783351407326,2026-07-06 17:23:27.326,C3:00:00:63:4D:05,-64,127,3.0,4.0,1.5
1783351407327,2026-07-06 17:23:27.327,C3:00:00:63:4D:09,-61,127,3.0,4.0,1.5
1783351407328,2026-07-06 17:23:27.328,C3:00:00:63:4D:04,-56,127,3.0,4.0,1.5
1783351407330,2026-07-06 17:23:27.330,C3:00:00:63:4C:D2,-67,127,3.0,4.0,1.5
1783351407331,2026-07-06 17:23:27.331,C3:00:00:63:4D:08,-60,127,3.0,4.0,1.5
1783351407388,2026-07-06 17:23:27.388,C3:00:00:63:4D:0D,-49,127,3.0,4.0,1.5
1783351407390,2026-07-06 17:23:27.390,C3:00:00:63:4D:04,-56,127,3.0,4.0,1.5
1783351407391,2026-07-06 17:23:27.391,C3:00:00:63:4D:09,-56,127,3.0,4.0,1.5
1783351407392,2026-07-06 17:23:27.392,C3:00:00:63:4D:07,-67,127,3.0,4.0,1.5
1783351407394,2026-07-06 17:23:27.394,C3:00:00:63:4C:D2,-54,127,3.0,4.0,1.5
1783351407395,2026-07-06 17:23:27.395,C3:00:00:63:4D:08,-68,127,3.0,4.0,1.5
1783351407401,2026-07-06 17:23:27.401,C3:00:00:63:4D:08,-53,127,3.0,4.0,1.5
1783351407402,2026-07-06 17:23:27.402,C3:00:00:63:4D:0D,-51,127,3.0,4.0,1.5
1783351407404,2026-07-06 17:23:27.404,C3:00:00:63:4D:04,-63,127,3.0,4.0,1.5
1783351407405,2026-07-06 17:23:27.405,C3:00:00:63:4D:09,-58,127,3.0,4.0,1.5
1783351407406,2026-07-06 17:23:27.406,C3:00:00:63:4D:07,-64,127,3.0,4.0,1.5
1783351407408,2026-07-06 17:23:27.408,C3:00:00:63:4D:0D,-51,127,3.0,4.0,1.5
1783351407421,2026-07-06 17:23:27.421,C3:00:00:63:4D:05,-66,127,3.0,4.0,1.5
1783351407438,2026-07-06 17:23:27.438,C3:00:00:63:4D:09,-72,127,3.0,4.0,1.5
1783351407448,2026-07-06 17:23:27.448,C3:00:00:63:4D:05,-66,127,3.0,4.0,1.5
1783351407452,2026-07-06 17:23:27.452,C3:00:00:63:4D:08,-54,127,3.0,4.0,1.5
1783351407460,2026-07-06 17:23:27.460,C3:00:00:63:4D:0A,-56,127,3.0,4.0,1.5
1783351407485,2026-07-06 17:23:27.485,C3:00:00:63:4D:07,-61,127,3.0,4.0,1.5
1783351407495,2026-07-06 17:23:27.495,C3:00:00:63:4D:09,-61,127,3.0,4.0,1.5
1783351407518,2026-07-06 17:23:27.518,C3:00:00:63:4C:D2,-54,127,3.0,4.0,1.5
1783351407547,2026-07-06 17:23:27.547,C3:00:00:63:4D:05,-54,127,3.0,4.0,1.5
1783351407569,2026-07-06 17:23:27.569,C3:00:00:63:4D:0A,-68,127,3.0,4.0,1.5
1783351407573,2026-07-06 17:23:27.573,C3:00:00:63:4D:04,-56,127,3.0,4.0,1.5
1783351407582,2026-07-06 17:23:27.582,C3:00:00:63:4D:07,-64,127,3.0,4.0,1.5
1783351407649,2026-07-06 17:23:27.649,C3:00:00:63:4D:05,-59,127,3.0,4.0,1.5
1783351407665,2026-07-06 17:23:27.665,C3:00:00:63:4D:0A,-62,127,3.0,4.0,1.5
1783351407680,2026-07-06 17:23:27.680,C3:00:00:63:4D:0D,-61,127,3.0,4.0,1.5
1783351407685,2026-07-06 17:23:27.685,C3:00:00:63:4D:04,-65,127,3.0,4.0,1.5
1783351407688,2026-07-06 17:23:27.688,C3:00:00:63:4D:08,-53,127,3.0,4.0,1.5
1783351407691,2026-07-06 17:23:27.691,C3:00:00:63:4D:07,-64,127,3.0,4.0,1.5
1783351407722,2026-07-06 17:23:27.722,C3:00:00:63:4C:D2,-63,127,3.0,4.0,1.5
1783351407751,2026-07-06 17:23:27.751,C3:00:00:63:4D:05,-68,127,3.0,4.0,1.5
1783351407764,2026-07-06 17:23:27.764,C3:00:00:63:4D:04,-56,127,3.0,4.0,1.5
1783351407772,2026-07-06 17:23:27.772,C3:00:00:63:4D:0A,-55,127,3.0,4.0,1.5
1783351407782,2026-07-06 17:23:27.782,C3:00:00:63:4D:0D,-72,127,3.0,4.0,1.5
1783351407789,2026-07-06 17:23:27.789,C3:00:00:63:4D:04,-56,127,3.0,4.0,1.5
1783351407791,2026-07-06 17:23:27.791,C3:00:00:63:4D:07,-63,127,3.0,4.0,1.5
1783351407796,2026-07-06 17:23:27.796,C3:00:00:63:4D:09,-60,127,3.0,4.0,1.5
1783351407798,2026-07-06 17:23:27.798,C3:00:00:63:4D:08,-54,127,3.0,4.0,1.5
1783351407832,2026-07-06 17:23:27.832,C3:00:00:63:4C:D2,-56,127,3.0,4.0,1.5
1783351407834,2026-07-06 17:23:27.834,C3:00:00:63:4D:09,-54,127,3.0,4.0,1.5
1783351407849,2026-07-06 17:23:27.849,C3:00:00:63:4D:05,-55,127,3.0,4.0,1.5
1783351407879,2026-07-06 17:23:27.879,C3:00:00:63:4D:0A,-71,127,3.0,4.0,1.5
1783351407885,2026-07-06 17:23:27.885,C3:00:00:63:4D:04,-57,127,3.0,4.0,1.5
1783351407889,2026-07-06 17:23:27.889,C3:00:00:63:4D:07,-63,127,3.0,4.0,1.5
1783351407912,2026-07-06 17:23:27.912,C3:00:00:63:4D:08,-53,127,3.0,4.0,1.5
1783351407942,2026-07-06 17:23:27.942,C3:00:00:63:4C:D2,-56,127,3.0,4.0,1.5
1783351407949,2026-07-06 17:23:27.949,C3:00:00:63:4D:09,-59,127,3.0,4.0,1.5
1783351407960,2026-07-06 17:23:27.960,C3:00:00:63:4D:05,-59,127,3.0,4.0,1.5
1783351407976,2026-07-06 17:23:27.976,C3:00:00:63:4D:04,-65,127,3.0,4.0,1.5
1783351407981,2026-07-06 17:23:27.981,C3:00:00:63:4D:0A,-65,127,3.0,4.0,1.5
1783351407989,2026-07-06 17:23:27.989,C3:00:00:63:4D:07,-63,127,3.0,4.0,1.5
1783351407996,2026-07-06 17:23:27.996,C3:00:00:63:4D:0D,-62,127,3.0,4.0,1.5
1783351408041,2026-07-06 17:23:28.041,C3:00:00:63:4C:D2,-67,127,3.0,4.0,1.5
1783351408055,2026-07-06 17:23:28.055,C3:00:00:63:4D:05,-75,127,3.0,4.0,1.5
1783351408059,2026-07-06 17:23:28.059,C3:00:00:63:4D:09,-61,127,3.0,4.0,1.5
1783351408083,2026-07-06 17:23:28.083,C3:00:00:63:4D:04,-55,127,3.0,4.0,1.5
1783351408086,2026-07-06 17:23:28.086,C3:00:00:63:4D:0A,-59,127,3.0,4.0,1.5
1783351408104,2026-07-06 17:23:28.104,C3:00:00:63:4D:0D,-58,127,3.0,4.0,1.5
1783351408121,2026-07-06 17:23:28.121,C3:00:00:63:4D:07,-69,127,3.0,4.0,1.5
1783351408139,2026-07-06 17:23:28.139,C3:00:00:63:4D:08,-54,127,3.0,4.0,1.5
1783351408147,2026-07-06 17:23:28.147,C3:00:00:63:4C:D2,-58,127,3.0,4.0,1.5
1783351408155,2026-07-06 17:23:28.155,C3:00:00:63:4D:05,-55,127,3.0,4.0,1.5
1783351408179,2026-07-06 17:23:28.179,C3:00:00:63:4D:09,-54,127,3.0,4.0,1.5
1783351408186,2026-07-06 17:23:28.186,C3:00:00:63:4D:04,-58,127,3.0,4.0,1.5
1783351408209,2026-07-06 17:23:28.209,C3:00:00:63:4D:0D,-54,127,3.0,4.0,1.5
1783351408265,2026-07-06 17:23:28.265,C3:00:00:63:4C:D2,-55,127,3.0,4.0,1.5
1783351408293,2026-07-06 17:23:28.293,C3:00:00:63:4D:08,-54,127,3.0,4.0,1.5
1783351408296,2026-07-06 17:23:28.296,C3:00:00:63:4D:09,-57,127,3.0,4.0,1.5
1783351408318,2026-07-06 17:23:28.318,C3:00:00:63:4D:0D,-54,127,3.0,4.0,1.5
1783351408337,2026-07-06 17:23:28.337,C3:00:00:63:4D:0D,-54,127,3.0,4.0,1.5
1783351408361,2026-07-06 17:23:28.361,C3:00:00:63:4C:D2,-63,127,3.0,4.0,1.5
1783351408370,2026-07-06 17:23:28.370,C3:00:00:63:4D:08,-56,127,3.0,4.0,1.5
1783351408393,2026-07-06 17:23:28.393,C3:00:00:63:4D:07,-60,127,3.0,4.0,1.5
1783351408400,2026-07-06 17:23:28.400,C3:00:00:63:4D:0A,-68,127,3.0,4.0,1.5
1783351408413,2026-07-06 17:23:28.413,C3:00:00:63:4D:09,-62,127,3.0,4.0,1.5
1783351408432,2026-07-06 17:23:28.432,C3:00:00:63:4D:0D,-49,127,3.0,4.0,1.5
1783351408438,2026-07-06 17:23:28.438,C3:00:00:63:4D:09,-56,127,3.0,4.0,1.5
1783351408455,2026-07-06 17:23:28.455,C3:00:00:63:4D:05,-57,127,3.0,4.0,1.5
1783351408473,2026-07-06 17:23:28.473,C3:00:00:63:4C:D2,-59,127,3.0,4.0,1.5
1783351408486,2026-07-06 17:23:28.486,C3:00:00:63:4D:08,-56,127,3.0,4.0,1.5
1783351408492,2026-07-06 17:23:28.492,C3:00:00:63:4D:07,-67,127,3.0,4.0,1.5
1783351408494,2026-07-06 17:23:28.494,C3:00:00:63:4D:04,-58,127,3.0,4.0,1.5
1783351408504,2026-07-06 17:23:28.504,C3:00:00:63:4D:0A,-61,127,3.0,4.0,1.5
1783351408524,2026-07-06 17:23:28.524,C3:00:00:63:4D:09,-56,127,3.0,4.0,1.5
1783351408536,2026-07-06 17:23:28.536,C3:00:00:63:4D:0D,-57,127,3.0,4.0,1.5
1783351408559,2026-07-06 17:23:28.559,C3:00:00:63:4D:05,-55,127,3.0,4.0,1.5
1783351408586,2026-07-06 17:23:28.586,C3:00:00:63:4D:07,-72,127,3.0,4.0,1.5
1783351408594,2026-07-06 17:23:28.594,C3:00:00:63:4D:04,-61,127,3.0,4.0,1.5
1783351408604,2026-07-06 17:23:28.604,C3:00:00:63:4D:08,-53,127,3.0,4.0,1.5
1783351408613,2026-07-06 17:23:28.613,C3:00:00:63:4D:04,-63,127,3.0,4.0,1.5
1783351408628,2026-07-06 17:23:28.628,C3:00:00:63:4D:0A,-73,127,3.0,4.0,1.5
1783351408638,2026-07-06 17:23:28.638,C3:00:00:63:4D:04,-54,127,3.0,4.0,1.5
1783351408642,2026-07-06 17:23:28.642,C3:00:00:63:4D:09,-61,127,3.0,4.0,1.5
1783351408645,2026-07-06 17:23:28.645,C3:00:00:63:4D:0D,-54,127,3.0,4.0,1.5
1783351408652,2026-07-06 17:23:28.652,C3:00:00:63:4C:D2,-64,127,3.0,4.0,1.5
1783351408665,2026-07-06 17:23:28.665,C3:00:00:63:4D:05,-68,127,3.0,4.0,1.5
1783351408669,2026-07-06 17:23:28.669,C3:00:00:63:4D:0D,-54,127,3.0,4.0,1.5
1783351408676,2026-07-06 17:23:28.676,C3:00:00:63:4C:D2,-66,127,3.0,4.0,1.5
1783351408688,2026-07-06 17:23:28.688,C3:00:00:63:4D:07,-68,127,3.0,4.0,1.5
1783351408696,2026-07-06 17:23:28.696,C3:00:00:63:4D:04,-56,127,3.0,4.0,1.5
1783351408715,2026-07-06 17:23:28.715,C3:00:00:63:4D:0A,-58,127,3.0,4.0,1.5
1783351408718,2026-07-06 17:23:28.718,C3:00:00:63:4D:08,-56,127,3.0,4.0,1.5
1783351408752,2026-07-06 17:23:28.752,C3:00:00:63:4D:0D,-49,127,3.0,4.0,1.5
1783351408759,2026-07-06 17:23:28.759,C3:00:00:63:4D:05,-56,127,3.0,4.0,1.5
1783351408782,2026-07-06 17:23:28.782,C3:00:00:63:4C:D2,-58,127,3.0,4.0,1.5
1783351408788,2026-07-06 17:23:28.788,C3:00:00:63:4D:07,-61,127,3.0,4.0,1.5
1783351408833,2026-07-06 17:23:28.833,C3:00:00:63:4D:08,-53,127,3.0,4.0,1.5
1783351408858,2026-07-06 17:23:28.858,C3:00:00:63:4D:0D,-56,127,3.0,4.0,1.5
1783351408868,2026-07-06 17:23:28.868,C3:00:00:63:4D:05,-58,127,3.0,4.0,1.5
1783351408871,2026-07-06 17:23:28.871,C3:00:00:63:4D:09,-56,127,3.0,4.0,1.5
1783351408908,2026-07-06 17:23:28.908,C3:00:00:63:4D:04,-56,127,3.0,4.0,1.5
1783351408925,2026-07-06 17:23:28.925,C3:00:00:63:4D:0A,-69,127,3.0,4.0,1.5
1783351408929,2026-07-06 17:23:28.929,C3:00:00:63:4D:09,-61,127,3.0,4.0,1.5
1783351408948,2026-07-06 17:23:28.948,C3:00:00:63:4D:08,-54,127,3.0,4.0,1.5
1783351408963,2026-07-06 17:23:28.963,C3:00:00:63:4D:0D,-54,127,3.0,4.0,1.5
1783351408980,2026-07-06 17:23:28.980,C3:00:00:63:4D:09,-61,127,3.0,4.0,1.5
1783351408986,2026-07-06 17:23:28.986,C3:00:00:63:4D:07,-64,127,3.0,4.0,1.5
1783351408994,2026-07-06 17:23:28.994,C3:00:00:63:4C:D2,-63,127,3.0,4.0,1.5
1783351409009,2026-07-06 17:23:29.009,C3:00:00:63:4D:04,-55,127,3.0,4.0,1.5
1783351409036,2026-07-06 17:23:29.036,C3:00:00:63:4D:0A,-60,127,3.0,4.0,1.5
1783351409063,2026-07-06 17:23:29.063,C3:00:00:63:4D:08,-56,127,3.0,4.0,1.5
1783351409067,2026-07-06 17:23:29.067,C3:00:00:63:4D:05,-60,127,3.0,4.0,1.5
1783351409072,2026-07-06 17:23:29.072,C3:00:00:63:4D:0D,-50,127,3.0,4.0,1.5
1783351409081,2026-07-06 17:23:29.081,C3:00:00:63:4D:0A,-59,127,3.0,4.0,1.5
1783351409089,2026-07-06 17:23:29.089,C3:00:00:63:4D:07,-60,127,3.0,4.0,1.5
1783351409094,2026-07-06 17:23:29.094,C3:00:00:63:4D:09,-54,127,3.0,4.0,1.5
1783351409102,2026-07-06 17:23:29.102,C3:00:00:63:4C:D2,-57,127,3.0,4.0,1.5
1783351409115,2026-07-06 17:23:29.115,C3:00:00:63:4D:04,-64,127,3.0,4.0,1.5
1783351409141,2026-07-06 17:23:29.141,C3:00:00:63:4D:0A,-64,127,3.0,4.0,1.5
1783351409169,2026-07-06 17:23:29.169,C3:00:00:63:4D:05,-58,127,3.0,4.0,1.5
1783351409180,2026-07-06 17:23:29.180,C3:00:00:63:4D:08,-52,127,3.0,4.0,1.5
1783351409184,2026-07-06 17:23:29.184,C3:00:00:63:4D:07,-69,127,3.0,4.0,1.5
1783351409200,2026-07-06 17:23:29.200,C3:00:00:63:4D:08,-52,127,3.0,4.0,1.5
1783351409216,2026-07-06 17:23:29.216,C3:00:00:63:4D:04,-56,127,3.0,4.0,1.5
1783351409245,2026-07-06 17:23:29.245,C3:00:00:63:4D:0A,-67,127,3.0,4.0,1.5
1783351409272,2026-07-06 17:23:29.272,C3:00:00:63:4D:05,-64,127,3.0,4.0,1.5
1783351409293,2026-07-06 17:23:29.293,C3:00:00:63:4D:0D,-54,127,3.0,4.0,1.5
1783351409344,2026-07-06 17:23:29.344,C3:00:00:63:4D:0A,-62,127,3.0,4.0,1.5
1783351409364,2026-07-06 17:23:29.364,C3:00:00:63:4D:05,-55,127,3.0,4.0,1.5
1783351409386,2026-07-06 17:23:29.386,C3:00:00:63:4D:07,-65,127,3.0,4.0,1.5
1783351409394,2026-07-06 17:23:29.394,C3:00:00:63:4D:0D,-49,127,3.0,4.0,1.5
1783351409410,2026-07-06 17:23:29.410,C3:00:00:63:4D:08,-50,127,3.0,4.0,1.5
1783351409421,2026-07-06 17:23:29.421,C3:00:00:63:4C:D2,-55,127,3.0,4.0,1.5
1783351409431,2026-07-06 17:23:29.431,C3:00:00:63:4D:09,-56,127,3.0,4.0,1.5
1783351409451,2026-07-06 17:23:29.451,C3:00:00:63:4D:0A,-69,127,3.0,4.0,1.5
1783351409468,2026-07-06 17:23:29.468,C3:00:00:63:4D:07,-72,127,3.0,4.0,1.5
1783351409473,2026-07-06 17:23:29.473,C3:00:00:63:4D:05,-55,127,3.0,4.0,1.5
1783351409480,2026-07-06 17:23:29.480,C3:00:00:63:4D:08,-49,127,3.0,4.0,1.5
1783351409510,2026-07-06 17:23:29.510,C3:00:00:63:4D:0D,-56,127,3.0,4.0,1.5
1783351409531,2026-07-06 17:23:29.531,C3:00:00:63:4D:08,-54,127,3.0,4.0,1.5
1783351409546,2026-07-06 17:23:29.546,C3:00:00:63:4D:09,-61,127,3.0,4.0,1.5
1783351409561,2026-07-06 17:23:29.561,C3:00:00:63:4D:0A,-56,127,3.0,4.0,1.5
1783351409569,2026-07-06 17:23:29.569,C3:00:00:63:4D:05,-81,127,3.0,4.0,1.5
1783351409592,2026-07-06 17:23:29.592,C3:00:00:63:4D:07,-60,127,3.0,4.0,1.5
1783351409619,2026-07-06 17:23:29.619,C3:00:00:63:4D:0D,-50,127,3.0,4.0,1.5
1783351409629,2026-07-06 17:23:29.629,C3:00:00:63:4D:04,-58,127,3.0,4.0,1.5
1783351409638,2026-07-06 17:23:29.638,C3:00:00:63:4D:08,-56,127,3.0,4.0,1.5
1783351409672,2026-07-06 17:23:29.672,C3:00:00:63:4D:05,-58,127,3.0,4.0,1.5
1783351409694,2026-07-06 17:23:29.694,C3:00:00:63:4D:07,-62,127,3.0,4.0,1.5
1783351409719,2026-07-06 17:23:29.719,C3:00:00:63:4D:0D,-61,127,3.0,4.0,1.5
1783351409733,2026-07-06 17:23:29.733,C3:00:00:63:4D:04,-66,127,3.0,4.0,1.5
1783351409741,2026-07-06 17:23:29.741,C3:00:00:63:4C:D2,-58,127,3.0,4.0,1.5
1783351409760,2026-07-06 17:23:29.760,C3:00:00:63:4D:08,-52,127,3.0,4.0,1.5
1783351409766,2026-07-06 17:23:29.766,C3:00:00:63:4D:04,-66,127,3.0,4.0,1.5
1783351409770,2026-07-06 17:23:29.770,C3:00:00:63:4D:0A,-59,127,3.0,4.0,1.5
1783351409774,2026-07-06 17:23:29.774,C3:00:00:63:4D:05,-56,127,3.0,4.0,1.5
1783351409834,2026-07-06 17:23:29.834,C3:00:00:63:4D:04,-56,127,3.0,4.0,1.5
1783351409843,2026-07-06 17:23:29.843,C3:00:00:63:4D:0D,-60,127,3.0,4.0,1.5
1783351409851,2026-07-06 17:23:29.851,C3:00:00:63:4C:D2,-64,127,3.0,4.0,1.5
1783351409865,2026-07-06 17:23:29.865,C3:00:00:63:4D:08,-55,127,3.0,4.0,1.5
1783351409874,2026-07-06 17:23:29.874,C3:00:00:63:4D:0A,-58,127,3.0,4.0,1.5
1783351409954,2026-07-06 17:23:29.954,C3:00:00:63:4C:D2,-55,127,3.0,4.0,1.5
1783351409973,2026-07-06 17:23:29.973,C3:00:00:63:4D:05,-58,127,3.0,4.0,1.5
1783351409986,2026-07-06 17:23:29.986,C3:00:00:63:4D:08,-54,127,3.0,4.0,1.5
1783351409992,2026-07-06 17:23:29.992,C3:00:00:63:4D:07,-60,127,3.0,4.0,1.5
1783351410001,2026-07-06 17:23:30.001,C3:00:00:63:4D:09,-54,127,3.0,4.0,1.5
1783351410040,2026-07-06 17:23:30.040,C3:00:00:63:4D:04,-62,127,3.0,4.0,1.5
1783351410049,2026-07-06 17:23:30.049,C3:00:00:63:4D:0D,-66,127,3.0,4.0,1.5
1783351410074,2026-07-06 17:23:30.074,C3:00:00:63:4D:05,-58,127,3.0,4.0,1.5
1783351410079,2026-07-06 17:23:30.079,C3:00:00:63:4D:0A,-64,127,3.0,4.0,1.5
1783351410095,2026-07-06 17:23:30.095,C3:00:00:63:4D:07,-66,127,3.0,4.0,1.5
1783351410102,2026-07-06 17:23:30.102,C3:00:00:63:4D:08,-54,127,3.0,4.0,1.5
1783351410114,2026-07-06 17:23:30.114,C3:00:00:63:4D:09,-62,127,3.0,4.0,1.5
1783351410142,2026-07-06 17:23:30.142,C3:00:00:63:4D:04,-57,127,3.0,4.0,1.5
1783351410158,2026-07-06 17:23:30.158,C3:00:00:63:4D:0D,-78,127,3.0,4.0,1.5
1783351410184,2026-07-06 17:23:30.184,C3:00:00:63:4D:07,-62,127,3.0,4.0,1.5
1783351410189,2026-07-06 17:23:30.189,C3:00:00:63:4D:0A,-58,127,3.0,4.0,1.5
1783351410194,2026-07-06 17:23:30.194,C3:00:00:63:4D:05,-79,127,3.0,4.0,1.5
1783351410212,2026-07-06 17:23:30.212,C3:00:00:63:4D:0A,-82,127,3.0,4.0,1.5
1783351410216,2026-07-06 17:23:30.216,C3:00:00:63:4D:08,-60,127,3.0,4.0,1.5
1783351410234,2026-07-06 17:23:30.234,C3:00:00:63:4D:09,-54,127,3.0,4.0,1.5
1783351410244,2026-07-06 17:23:30.244,C3:00:00:63:4D:04,-55,127,3.0,4.0,1.5
1783351410266,2026-07-06 17:23:30.266,C3:00:00:63:4D:0D,-58,127,3.0,4.0,1.5
1783351410270,2026-07-06 17:23:30.270,C3:00:00:63:4C:D2,-56,127,3.0,4.0,1.5
1783351410275,2026-07-06 17:23:30.275,C3:00:00:63:4D:05,-56,127,3.0,4.0,1.5
1783351410284,2026-07-06 17:23:30.284,C3:00:00:63:4D:07,-64,127,3.0,4.0,1.5
1783351410294,2026-07-06 17:23:30.294,C3:00:00:63:4D:0A,-74,127,3.0,4.0,1.5
1783351410298,2026-07-06 17:23:30.298,C3:00:00:63:4D:08,-68,127,3.0,4.0,1.5
1783351410317,2026-07-06 17:23:30.317,C3:00:00:63:4D:05,-60,127,3.0,4.0,1.5
1783351410345,2026-07-06 17:23:30.345,C3:00:00:63:4D:09,-59,127,3.0,4.0,1.5
1783351410350,2026-07-06 17:23:30.350,C3:00:00:63:4D:04,-63,127,3.0,4.0,1.5
1783351410372,2026-07-06 17:23:30.372,C3:00:00:63:4D:0D,-57,127,3.0,4.0,1.5
1783351410390,2026-07-06 17:23:30.390,C3:00:00:63:4D:07,-68,127,3.0,4.0,1.5
1783351410399,2026-07-06 17:23:30.399,C3:00:00:63:4D:0A,-61,127,3.0,4.0,1.5
1783351410438,2026-07-06 17:23:30.438,C3:00:00:63:4D:08,-54,127,3.0,4.0,1.5
1783351410471,2026-07-06 17:23:30.471,C3:00:00:63:4D:09,-59,127,3.0,4.0,1.5
1783351410476,2026-07-06 17:23:30.476,C3:00:00:63:4D:05,-60,127,3.0,4.0,1.5
1783351410485,2026-07-06 17:23:30.485,C3:00:00:63:4D:0D,-58,127,3.0,4.0,1.5
1783351410486,2026-07-06 17:23:30.486,C3:00:00:63:4C:D2,-66,127,3.0,4.0,1.5
1783351410491,2026-07-06 17:23:30.491,C3:00:00:63:4D:07,-60,127,3.0,4.0,1.5
1783351410560,2026-07-06 17:23:30.560,C3:00:00:63:4D:08,-58,127,3.0,4.0,1.5
1783351410565,2026-07-06 17:23:30.565,C3:00:00:63:4D:04,-58,127,3.0,4.0,1.5
1783351410571,2026-07-06 17:23:30.571,C3:00:00:63:4D:09,-56,127,3.0,4.0,1.5
1783351410579,2026-07-06 17:23:30.579,C3:00:00:63:4D:05,-60,127,3.0,4.0,1.5
1783351410594,2026-07-06 17:23:30.594,C3:00:00:63:4C:D2,-56,127,3.0,4.0,1.5
1783351410597,2026-07-06 17:23:30.597,C3:00:00:63:4D:07,-67,127,3.0,4.0,1.5
1783351410599,2026-07-06 17:23:30.599,C3:00:00:63:4D:04,-58,127,3.0,4.0,1.5
1783351410607,2026-07-06 17:23:30.607,C3:00:00:63:4D:0A,-70,127,3.0,4.0,1.5
1783351410624,2026-07-06 17:23:30.624,C3:00:00:63:4D:0A,-64,127,3.0,4.0,1.5
1783351410649,2026-07-06 17:23:30.649,C3:00:00:63:4D:0D,-54,127,3.0,4.0,1.5
1783351410672,2026-07-06 17:23:30.672,C3:00:00:63:4C:D2,-55,127,3.0,4.0,1.5
1783351410682,2026-07-06 17:23:30.682,C3:00:00:63:4D:08,-51,127,3.0,4.0,1.5
1783351410683,2026-07-06 17:23:30.683,C3:00:00:63:4D:05,-55,127,3.0,4.0,1.5
1783351410690,2026-07-06 17:23:30.690,C3:00:00:63:4D:0D,-54,127,3.0,4.0,1.5
1783351410698,2026-07-06 17:23:30.698,C3:00:00:63:4C:D2,-55,127,3.0,4.0,1.5
1783351410711,2026-07-06 17:23:30.711,C3:00:00:63:4D:0A,-55,127,3.0,4.0,1.5
1783351410736,2026-07-06 17:23:30.736,C3:00:00:63:4C:D2,-70,127,3.0,4.0,1.5
1783351410761,2026-07-06 17:23:30.761,C3:00:00:63:4D:04,-55,127,3.0,4.0,1.5
1783351410793,2026-07-06 17:23:30.793,C3:00:00:63:4D:07,-60,127,3.0,4.0,1.5
1783351410797,2026-07-06 17:23:30.797,C3:00:00:63:4D:0D,-52,127,3.0,4.0,1.5
1783351410801,2026-07-06 17:23:30.801,C3:00:00:63:4D:09,-61,127,3.0,4.0,1.5
1783351410806,2026-07-06 17:23:30.806,C3:00:00:63:4C:D2,-61,127,3.0,4.0,1.5
1783351410810,2026-07-06 17:23:30.810,C3:00:00:63:4D:0A,-73,127,3.0,4.0,1.5
1783351410818,2026-07-06 17:23:30.818,C3:00:00:63:4C:D2,-56,127,3.0,4.0,1.5
1783351410858,2026-07-06 17:23:30.858,C3:00:00:63:4D:0A,-70,127,3.0,4.0,1.5
1783351410866,2026-07-06 17:23:30.866,C3:00:00:63:4D:04,-58,127,3.0,4.0,1.5
1783351410878,2026-07-06 17:23:30.878,C3:00:00:63:4D:05,-59,127,3.0,4.0,1.5
1783351410883,2026-07-06 17:23:30.883,C3:00:00:63:4D:07,-64,127,3.0,4.0,1.5
1783351410900,2026-07-06 17:23:30.900,C3:00:00:63:4D:08,-59,127,3.0,4.0,1.5
1783351410915,2026-07-06 17:23:30.915,C3:00:00:63:4C:D2,-54,127,3.0,4.0,1.5
1783351410923,2026-07-06 17:23:30.923,C3:00:00:63:4D:0D,-54,127,3.0,4.0,1.5
1783351410926,2026-07-06 17:23:30.926,C3:00:00:63:4D:09,-54,127,3.0,4.0,1.5
1783351410946,2026-07-06 17:23:30.946,C3:00:00:63:4D:09,-56,127,3.0,4.0,1.5
1783351410967,2026-07-06 17:23:30.967,C3:00:00:63:4D:04,-61,127,3.0,4.0,1.5
1783351410980,2026-07-06 17:23:30.980,C3:00:00:63:4D:05,-55,127,3.0,4.0,1.5
1783351410985,2026-07-06 17:23:30.985,C3:00:00:63:4D:07,-65,127,3.0,4.0,1.5
1783351411008,2026-07-06 17:23:31.008,C3:00:00:63:4D:07,-66,127,3.0,4.0,1.5
1783351411014,2026-07-06 17:23:31.014,C3:00:00:63:4D:0D,-55,127,3.0,4.0,1.5
1783351411025,2026-07-06 17:23:31.025,C3:00:00:63:4D:0A,-55,127,3.0,4.0,1.5
1783351411031,2026-07-06 17:23:31.031,C3:00:00:63:4D:09,-58,127,3.0,4.0,1.5
1783351411076,2026-07-06 17:23:31.076,C3:00:00:63:4D:04,-56,127,3.0,4.0,1.5
1783351411080,2026-07-06 17:23:31.080,C3:00:00:63:4D:05,-69,127,3.0,4.0,1.5
1783351411085,2026-07-06 17:23:31.085,C3:00:00:63:4D:0A,-55,127,3.0,4.0,1.5
1783351411088,2026-07-06 17:23:31.088,C3:00:00:63:4D:07,-69,127,3.0,4.0,1.5
1783351411122,2026-07-06 17:23:31.122,C3:00:00:63:4C:D2,-56,127,3.0,4.0,1.5
1783351411134,2026-07-06 17:23:31.134,C3:00:00:63:4D:0D,-52,127,3.0,4.0,1.5
1783351411147,2026-07-06 17:23:31.147,C3:00:00:63:4D:0A,-74,127,3.0,4.0,1.5
1783351411152,2026-07-06 17:23:31.152,C3:00:00:63:4D:08,-56,127,3.0,4.0,1.5
1783351411154,2026-07-06 17:23:31.154,C3:00:00:63:4D:09,-58,127,3.0,4.0,1.5
1783351411176,2026-07-06 17:23:31.176,C3:00:00:63:4D:04,-55,127,3.0,4.0,1.5
1783351411186,2026-07-06 17:23:31.186,C3:00:00:63:4D:05,-57,127,3.0,4.0,1.5
1783351411196,2026-07-06 17:23:31.196,C3:00:00:63:4D:07,-65,127,3.0,4.0,1.5
1783351411221,2026-07-06 17:23:31.221,C3:00:00:63:4C:D2,-58,127,3.0,4.0,1.5
1783351411231,2026-07-06 17:23:31.231,C3:00:00:63:4D:0D,-56,127,3.0,4.0,1.5
1783351411233,2026-07-06 17:23:31.233,C3:00:00:63:4D:0A,-62,127,3.0,4.0,1.5
1783351411244,2026-07-06 17:23:31.244,C3:00:00:63:4D:08,-56,127,3.0,4.0,1.5
1783351411280,2026-07-06 17:23:31.280,C3:00:00:63:4D:04,-59,127,3.0,4.0,1.5
1783351411290,2026-07-06 17:23:31.290,C3:00:00:63:4D:07,-63,127,3.0,4.0,1.5
1783351411316,2026-07-06 17:23:31.316,C3:00:00:63:4D:08,-68,127,3.0,4.0,1.5
1783351411337,2026-07-06 17:23:31.337,C3:00:00:63:4C:D2,-73,127,3.0,4.0,1.5
1783351411361,2026-07-06 17:23:31.361,C3:00:00:63:4D:08,-65,127,3.0,4.0,1.5
1783351411367,2026-07-06 17:23:31.367,C3:00:00:63:4D:09,-61,127,3.0,4.0,1.5
1783351411371,2026-07-06 17:23:31.371,C3:00:00:63:4D:0D,-54,127,3.0,4.0,1.5
1783351411381,2026-07-06 17:23:31.381,C3:00:00:63:4D:04,-56,127,3.0,4.0,1.5
1783351411392,2026-07-06 17:23:31.392,C3:00:00:63:4D:0D,-63,127,3.0,4.0,1.5
1783351411432,2026-07-06 17:23:31.432,C3:00:00:63:4C:D2,-56,127,3.0,4.0,1.5
1783351411482,2026-07-06 17:23:31.482,C3:00:00:63:4D:04,-59,127,3.0,4.0,1.5
1783351411489,2026-07-06 17:23:31.489,C3:00:00:63:4D:05,-58,127,3.0,4.0,1.5
1783351411491,2026-07-06 17:23:31.491,C3:00:00:63:4D:07,-65,127,3.0,4.0,1.5
1783351411542,2026-07-06 17:23:31.542,C3:00:00:63:4C:D2,-57,127,3.0,4.0,1.5
1783351411553,2026-07-06 17:23:31.553,C3:00:00:63:4D:0A,-60,127,3.0,4.0,1.5
1783351411564,2026-07-06 17:23:31.564,C3:00:00:63:4D:0D,-54,127,3.0,4.0,1.5
1783351411588,2026-07-06 17:23:31.588,C3:00:00:63:4D:04,-56,127,3.0,4.0,1.5
1783351411592,2026-07-06 17:23:31.592,C3:00:00:63:4D:07,-61,127,3.0,4.0,1.5
1783351411598,2026-07-06 17:23:31.598,C3:00:00:63:4D:09,-55,127,3.0,4.0,1.5
1783351411655,2026-07-06 17:23:31.655,C3:00:00:63:4C:D2,-62,127,3.0,4.0,1.5
1783351411658,2026-07-06 17:23:31.658,C3:00:00:63:4D:0A,-58,127,3.0,4.0,1.5
1783351411668,2026-07-06 17:23:31.668,C3:00:00:63:4D:0D,-56,127,3.0,4.0,1.5
1783351411683,2026-07-06 17:23:31.683,C3:00:00:63:4D:05,-76,127,3.0,4.0,1.5
1783351411690,2026-07-06 17:23:31.690,C3:00:00:63:4D:04,-59,127,3.0,4.0,1.5
1783351411697,2026-07-06 17:23:31.697,C3:00:00:63:4D:07,-64,127,3.0,4.0,1.5
1783351411701,2026-07-06 17:23:31.701,C3:00:00:63:4D:08,-54,127,3.0,4.0,1.5
1783351411713,2026-07-06 17:23:31.713,C3:00:00:63:4D:09,-58,127,3.0,4.0,1.5
1783351411742,2026-07-06 17:23:31.742,C3:00:00:63:4D:04,-61,127,3.0,4.0,1.5
1783351411760,2026-07-06 17:23:31.760,C3:00:00:63:4C:D2,-57,127,3.0,4.0,1.5
1783351411768,2026-07-06 17:23:31.768,C3:00:00:63:4D:0A,-69,127,3.0,4.0,1.5
1783351411773,2026-07-06 17:23:31.773,C3:00:00:63:4D:04,-62,127,3.0,4.0,1.5
1783351411776,2026-07-06 17:23:31.776,C3:00:00:63:4D:0D,-54,127,3.0,4.0,1.5
1783351411784,2026-07-06 17:23:31.784,C3:00:00:63:4D:05,-54,127,3.0,4.0,1.5
1783351411807,2026-07-06 17:23:31.807,C3:00:00:63:4D:09,-56,127,3.0,4.0,1.5
1783351411865,2026-07-06 17:23:31.865,C3:00:00:63:4C:D2,-55,127,3.0,4.0,1.5
1783351411868,2026-07-06 17:23:31.868,C3:00:00:63:4D:0A,-66,127,3.0,4.0,1.5
1783351411884,2026-07-06 17:23:31.884,C3:00:00:63:4D:07,-65,127,3.0,4.0,1.5
1783351411887,2026-07-06 17:23:31.887,C3:00:00:63:4D:0D,-51,127,3.0,4.0,1.5
1783351411901,2026-07-06 17:23:31.901,C3:00:00:63:4D:04,-63,127,3.0,4.0,1.5
1783351411941,2026-07-06 17:23:31.941,C3:00:00:63:4D:09,-59,127,3.0,4.0,1.5
1783351411971,2026-07-06 17:23:31.971,C3:00:00:63:4D:0A,-58,127,3.0,4.0,1.5
1783351411989,2026-07-06 17:23:31.989,C3:00:00:63:4D:07,-62,127,3.0,4.0,1.5
1783351411997,2026-07-06 17:23:31.997,C3:00:00:63:4D:05,-70,127,3.0,4.0,1.5
1783351411999,2026-07-06 17:23:31.999,C3:00:00:63:4D:0D,-54,127,3.0,4.0,1.5
1783351412002,2026-07-06 17:23:32.002,C3:00:00:63:4D:04,-67,127,3.0,4.0,1.5
1783351412070,2026-07-06 17:23:32.070,C3:00:00:63:4C:D2,-58,127,3.0,4.0,1.5
1783351412085,2026-07-06 17:23:32.085,C3:00:00:63:4D:0A,-65,127,3.0,4.0,1.5
1783351412093,2026-07-06 17:23:32.093,C3:00:00:63:4D:07,-60,127,3.0,4.0,1.5
1783351412170,2026-07-06 17:23:32.170,C3:00:00:63:4D:09,-60,127,3.0,4.0,1.5
1783351412179,2026-07-06 17:23:32.179,C3:00:00:63:4D:08,-54,127,3.0,4.0,1.5
1783351412182,2026-07-06 17:23:32.182,C3:00:00:63:4C:D2,-58,127,3.0,4.0,1.5
1783351412309,2026-07-06 17:23:32.309,C3:00:00:63:4D:08,-56,127,3.0,4.0,1.5
1783351412328,2026-07-06 17:23:32.328,C3:00:00:63:4D:05,-58,127,3.0,4.0,1.5
1783351412332,2026-07-06 17:23:32.332,C3:00:00:63:4D:0D,-49,127,3.0,4.0,1.5
1783351412424,2026-07-06 17:23:32.424,C3:00:00:63:4D:0D,-61,127,3.0,4.0,1.5
1783351412451,2026-07-06 17:23:32.451,C3:00:00:63:4D:09,-61,127,3.0,4.0,1.5
1783351412516,2026-07-06 17:23:32.516,C3:00:00:63:4D:09,-67,127,3.0,4.0,1.5
1783351412520,2026-07-06 17:23:32.520,C3:00:00:63:4D:04,-64,127,3.0,4.0,1.5
1783351412533,2026-07-06 17:23:32.533,C3:00:00:63:4D:0D,-57,127,3.0,4.0,1.5
1783351412641,2026-07-06 17:23:32.641,C3:00:00:63:4D:0D,-55,127,3.0,4.0,1.5
1783351412645,2026-07-06 17:23:32.645,C3:00:00:63:4D:04,-60,127,3.0,4.0,1.5
1783351412658,2026-07-06 17:23:32.658,C3:00:00:63:4D:0D,-54,127,3.0,4.0,1.5
1783351412667,2026-07-06 17:23:32.667,C3:00:00:63:4C:D2,-54,127,3.0,4.0,1.5
1783351412672,2026-07-06 17:23:32.672,C3:00:00:63:4D:07,-65,127,3.0,4.0,1.5
1783351412702,2026-07-06 17:23:32.702,C3:00:00:63:4D:05,-56,127,3.0,4.0,1.5
1783351412705,2026-07-06 17:23:32.705,C3:00:00:63:4D:0A,-60,127,3.0,4.0,1.5
1783351412707,2026-07-06 17:23:32.707,C3:00:00:63:4C:D2,-54,127,3.0,4.0,1.5
1783351412715,2026-07-06 17:23:32.715,C3:00:00:63:4D:04,-64,127,3.0,4.0,1.5
1783351412748,2026-07-06 17:23:32.748,C3:00:00:63:4D:08,-52,127,3.0,4.0,1.5
1783351412787,2026-07-06 17:23:32.787,C3:00:00:63:4D:07,-70,127,3.0,4.0,1.5
1783351412799,2026-07-06 17:23:32.799,C3:00:00:63:4D:05,-59,127,3.0,4.0,1.5
1783351412808,2026-07-06 17:23:32.808,C3:00:00:63:4D:0A,-58,127,3.0,4.0,1.5
1783351412818,2026-07-06 17:23:32.818,C3:00:00:63:4C:D2,-68,127,3.0,4.0,1.5
1783351412820,2026-07-06 17:23:32.820,C3:00:00:63:4D:04,-56,127,3.0,4.0,1.5
1783351412834,2026-07-06 17:23:32.834,C3:00:00:63:4C:D2,-74,127,3.0,4.0,1.5
1783351412851,2026-07-06 17:23:32.851,C3:00:00:63:4D:09,-69,127,3.0,4.0,1.5
1783351412855,2026-07-06 17:23:32.855,C3:00:00:63:4D:0D,-50,127,3.0,4.0,1.5
1783351412883,2026-07-06 17:23:32.883,C3:00:00:63:4D:07,-62,127,3.0,4.0,1.5
1783351412897,2026-07-06 17:23:32.897,C3:00:00:63:4D:05,-76,127,3.0,4.0,1.5
1783351412917,2026-07-06 17:23:32.917,C3:00:00:63:4D:0A,-64,127,3.0,4.0,1.5
1783351412923,2026-07-06 17:23:32.923,C3:00:00:63:4C:D2,-58,127,3.0,4.0,1.5
1783351412929,2026-07-06 17:23:32.929,C3:00:00:63:4D:04,-54,127,3.0,4.0,1.5
1783351412954,2026-07-06 17:23:32.954,C3:00:00:63:4D:09,-58,127,3.0,4.0,1.5
1783351412964,2026-07-06 17:23:32.964,C3:00:00:63:4D:0D,-49,127,3.0,4.0,1.5
1783351412974,2026-07-06 17:23:32.974,C3:00:00:63:4D:09,-58,127,3.0,4.0,1.5
1783351412979,2026-07-06 17:23:32.979,C3:00:00:63:4D:08,-56,127,3.0,4.0,1.5
1783351412991,2026-07-06 17:23:32.991,C3:00:00:63:4D:07,-59,127,3.0,4.0,1.5
1783351413002,2026-07-06 17:23:33.002,C3:00:00:63:4D:05,-57,127,3.0,4.0,1.5
1783351413015,2026-07-06 17:23:33.015,C3:00:00:63:4D:0A,-62,127,3.0,4.0,1.5
1783351413023,2026-07-06 17:23:33.023,C3:00:00:63:4D:07,-60,127,3.0,4.0,1.5
1783351413029,2026-07-06 17:23:33.029,C3:00:00:63:4C:D2,-64,127,3.0,4.0,1.5
1783351413031,2026-07-06 17:23:33.031,C3:00:00:63:4D:04,-61,127,3.0,4.0,1.5
1783351413070,2026-07-06 17:23:33.070,C3:00:00:63:4D:0D,-53,127,3.0,4.0,1.5
1783351413087,2026-07-06 17:23:33.087,C3:00:00:63:4D:09,-58,127,3.0,4.0,1.5
1783351413093,2026-07-06 17:23:33.093,C3:00:00:63:4D:08,-53,127,3.0,4.0,1.5
1783351413107,2026-07-06 17:23:33.107,C3:00:00:63:4D:05,-59,127,3.0,4.0,1.5
1783351413119,2026-07-06 17:23:33.119,C3:00:00:63:4D:0A,-54,127,3.0,4.0,1.5
1783351413129,2026-07-06 17:23:33.129,C3:00:00:63:4D:04,-60,127,3.0,4.0,1.5
1783351413178,2026-07-06 17:23:33.178,C3:00:00:63:4D:0D,-54,127,3.0,4.0,1.5
1783351413190,2026-07-06 17:23:33.190,C3:00:00:63:4D:07,-60,127,3.0,4.0,1.5
1783351413204,2026-07-06 17:23:33.204,C3:00:00:63:4D:05,-74,127,3.0,4.0,1.5
1783351413222,2026-07-06 17:23:33.222,C3:00:00:63:4D:08,-67,127,3.0,4.0,1.5
1783351413228,2026-07-06 17:23:33.228,C3:00:00:63:4D:0A,-71,127,3.0,4.0,1.5
1783351413233,2026-07-06 17:23:33.233,C3:00:00:63:4D:04,-54,127,3.0,4.0,1.5
1783351413237,2026-07-06 17:23:33.237,C3:00:00:63:4C:D2,-60,127,3.0,4.0,1.5
1783351413289,2026-07-06 17:23:33.289,C3:00:00:63:4D:07,-58,127,3.0,4.0,1.5
1783351413308,2026-07-06 17:23:33.308,C3:00:00:63:4D:05,-55,127,3.0,4.0,1.5
1783351413314,2026-07-06 17:23:33.314,C3:00:00:63:4D:09,-54,127,3.0,4.0,1.5
1783351413317,2026-07-06 17:23:33.317,C3:00:00:63:4D:08,-48,127,3.0,4.0,1.5
1783351413332,2026-07-06 17:23:33.332,C3:00:00:63:4D:0A,-59,127,3.0,4.0,1.5
1783351413340,2026-07-06 17:23:33.340,C3:00:00:63:4D:04,-62,127,3.0,4.0,1.5
1783351413346,2026-07-06 17:23:33.346,C3:00:00:63:4C:D2,-61,127,3.0,4.0,1.5
1783351413353,2026-07-06 17:23:33.353,C3:00:00:63:4D:0D,-56,127,3.0,4.0,1.5
1783351413394,2026-07-06 17:23:33.394,C3:00:00:63:4D:07,-66,127,3.0,4.0,1.5
1783351413398,2026-07-06 17:23:33.398,C3:00:00:63:4D:0D,-58,127,3.0,4.0,1.5
1783351413435,2026-07-06 17:23:33.435,C3:00:00:63:4D:08,-60,127,3.0,4.0,1.5
1783351413440,2026-07-06 17:23:33.440,C3:00:00:63:4D:05,-66,127,3.0,4.0,1.5
1783351413459,2026-07-06 17:23:33.459,C3:00:00:63:4C:D2,-66,127,3.0,4.0,1.5
1783351413466,2026-07-06 17:23:33.466,C3:00:00:63:4D:05,-63,127,3.0,4.0,1.5
1783351413481,2026-07-06 17:23:33.481,C3:00:00:63:4D:07,-76,127,3.0,4.0,1.5
1783351413487,2026-07-06 17:23:33.487,C3:00:00:63:4D:08,-54,127,3.0,4.0,1.5
1783351413504,2026-07-06 17:23:33.504,C3:00:00:63:4D:0D,-54,127,3.0,4.0,1.5
1783351413539,2026-07-06 17:23:33.539,C3:00:00:63:4D:09,-55,127,3.0,4.0,1.5
1783351413546,2026-07-06 17:23:33.546,C3:00:00:63:4D:0A,-63,127,3.0,4.0,1.5
1783351413549,2026-07-06 17:23:33.549,C3:00:00:63:4D:04,-54,127,3.0,4.0,1.5
1783351413554,2026-07-06 17:23:33.554,C3:00:00:63:4D:08,-54,127,3.0,4.0,1.5
1783351413556,2026-07-06 17:23:33.556,C3:00:00:63:4C:D2,-55,127,3.0,4.0,1.5
1783351413587,2026-07-06 17:23:33.587,C3:00:00:63:4D:07,-60,127,3.0,4.0,1.5
1783351413606,2026-07-06 17:23:33.606,C3:00:00:63:4D:05,-61,127,3.0,4.0,1.5
1783351413610,2026-07-06 17:23:33.610,C3:00:00:63:4D:0D,-55,127,3.0,4.0,1.5
1783351413648,2026-07-06 17:23:33.648,C3:00:00:63:4D:04,-65,127,3.0,4.0,1.5
1783351413654,2026-07-06 17:23:33.654,C3:00:00:63:4D:09,-56,127,3.0,4.0,1.5
1783351413658,2026-07-06 17:23:33.658,C3:00:00:63:4D:0A,-55,127,3.0,4.0,1.5
1783351413663,2026-07-06 17:23:33.663,C3:00:00:63:4C:D2,-54,127,3.0,4.0,1.5
1783351413665,2026-07-06 17:23:33.665,C3:00:00:63:4D:08,-53,127,3.0,4.0,1.5
1783351413692,2026-07-06 17:23:33.692,C3:00:00:63:4D:07,-63,127,3.0,4.0,1.5
1783351413708,2026-07-06 17:23:33.708,C3:00:00:63:4D:05,-61,127,3.0,4.0,1.5
1783351413754,2026-07-06 17:23:33.754,C3:00:00:63:4D:04,-55,127,3.0,4.0,1.5
1783351413758,2026-07-06 17:23:33.758,C3:00:00:63:4D:0A,-56,127,3.0,4.0,1.5
1783351413774,2026-07-06 17:23:33.774,C3:00:00:63:4D:04,-56,127,3.0,4.0,1.5
1783351413780,2026-07-06 17:23:33.780,C3:00:00:63:4D:08,-53,127,3.0,4.0,1.5
1783351413784,2026-07-06 17:23:33.784,C3:00:00:63:4D:07,-63,127,3.0,4.0,1.5
1783351413830,2026-07-06 17:23:33.830,C3:00:00:63:4D:0D,-50,127,3.0,4.0,1.5
1783351413857,2026-07-06 17:23:33.857,C3:00:00:63:4D:04,-54,127,3.0,4.0,1.5
1783351413861,2026-07-06 17:23:33.861,C3:00:00:63:4D:0A,-66,127,3.0,4.0,1.5
1783351413877,2026-07-06 17:23:33.877,C3:00:00:63:4C:D2,-56,127,3.0,4.0,1.5
1783351413893,2026-07-06 17:23:33.893,C3:00:00:63:4D:08,-62,127,3.0,4.0,1.5
1783351413910,2026-07-06 17:23:33.910,C3:00:00:63:4D:05,-61,127,3.0,4.0,1.5
1783351413930,2026-07-06 17:23:33.930,C3:00:00:63:4D:0D,-60,127,3.0,4.0,1.5
1783351413952,2026-07-06 17:23:33.952,C3:00:00:63:4D:04,-64,127,3.0,4.0,1.5
1783351413965,2026-07-06 17:23:33.965,C3:00:00:63:4D:0A,-62,127,3.0,4.0,1.5
1783351413984,2026-07-06 17:23:33.984,C3:00:00:63:4C:D2,-54,127,3.0,4.0,1.5
1783351413997,2026-07-06 17:23:33.997,C3:00:00:63:4D:09,-56,127,3.0,4.0,1.5
1783351414037,2026-07-06 17:23:34.037,C3:00:00:63:4D:0D,-54,127,3.0,4.0,1.5
1783351414059,2026-07-06 17:23:34.059,C3:00:00:63:4D:04,-61,127,3.0,4.0,1.5
1783351414072,2026-07-06 17:23:34.072,C3:00:00:63:4D:0A,-57,127,3.0,4.0,1.5
1783351414083,2026-07-06 17:23:34.083,C3:00:00:63:4D:07,-80,127,3.0,4.0,1.5
1783351414093,2026-07-06 17:23:34.093,C3:00:00:63:4C:D2,-66,127,3.0,4.0,1.5
1783351414105,2026-07-06 17:23:34.105,C3:00:00:63:4D:09,-58,127,3.0,4.0,1.5
1783351414118,2026-07-06 17:23:34.118,C3:00:00:63:4D:05,-60,127,3.0,4.0,1.5
1783351414122,2026-07-06 17:23:34.122,C3:00:00:63:4D:08,-56,127,3.0,4.0,1.5
1783351414145,2026-07-06 17:23:34.145,C3:00:00:63:4D:0D,-51,127,3.0,4.0,1.5
1783351414157,2026-07-06 17:23:34.157,C3:00:00:63:4D:04,-54,127,3.0,4.0,1.5
1783351414172,2026-07-06 17:23:34.172,C3:00:00:63:4D:0A,-66,127,3.0,4.0,1.5
1783351414185,2026-07-06 17:23:34.185,C3:00:00:63:4D:07,-62,127,3.0,4.0,1.5
1783351414191,2026-07-06 17:23:34.191,C3:00:00:63:4C:D2,-56,127,3.0,4.0,1.5
1783351414202,2026-07-06 17:23:34.202,C3:00:00:63:4D:0A,-80,127,3.0,4.0,1.5
1783351414212,2026-07-06 17:23:34.212,C3:00:00:63:4D:05,-66,127,3.0,4.0,1.5
1783351414222,2026-07-06 17:23:34.222,C3:00:00:63:4D:09,-55,127,3.0,4.0,1.5
1783351414231,2026-07-06 17:23:34.231,C3:00:00:63:4D:05,-58,127,3.0,4.0,1.5
1783351414256,2026-07-06 17:23:34.256,C3:00:00:63:4D:0D,-62,127,3.0,4.0,1.5
1783351414265,2026-07-06 17:23:34.265,C3:00:00:63:4D:04,-60,127,3.0,4.0,1.5
1783351414285,2026-07-06 17:23:34.285,C3:00:00:63:4D:0A,-59,127,3.0,4.0,1.5
1783351414291,2026-07-06 17:23:34.291,C3:00:00:63:4D:07,-61,127,3.0,4.0,1.5
1783351414317,2026-07-06 17:23:34.317,C3:00:00:63:4D:05,-67,127,3.0,4.0,1.5
1783351414336,2026-07-06 17:23:34.336,C3:00:00:63:4D:09,-60,127,3.0,4.0,1.5
1783351414345,2026-07-06 17:23:34.345,C3:00:00:63:4D:05,-65,127,3.0,4.0,1.5
1783351414353,2026-07-06 17:23:34.353,C3:00:00:63:4D:08,-54,127,3.0,4.0,1.5
1783351414368,2026-07-06 17:23:34.368,C3:00:00:63:4D:0D,-54,127,3.0,4.0,1.5
1783351414370,2026-07-06 17:23:34.370,C3:00:00:63:4D:04,-58,127,3.0,4.0,1.5
1783351414379,2026-07-06 17:23:34.379,C3:00:00:63:4D:0A,-55,127,3.0,4.0,1.5
1783351414382,2026-07-06 17:23:34.382,C3:00:00:63:4D:07,-65,127,3.0,4.0,1.5
1783351414412,2026-07-06 17:23:34.412,C3:00:00:63:4C:D2,-58,127,3.0,4.0,1.5
1783351414416,2026-07-06 17:23:34.416,C3:00:00:63:4D:05,-57,127,3.0,4.0,1.5
1783351414448,2026-07-06 17:23:34.448,C3:00:00:63:4D:09,-54,127,3.0,4.0,1.5
1783351414467,2026-07-06 17:23:34.467,C3:00:00:63:4D:04,-57,127,3.0,4.0,1.5
1783351414470,2026-07-06 17:23:34.470,C3:00:00:63:4D:09,-55,127,3.0,4.0,1.5
1783351414473,2026-07-06 17:23:34.473,C3:00:00:63:4D:0D,-50,127,3.0,4.0,1.5
1783351414488,2026-07-06 17:23:34.488,C3:00:00:63:4D:07,-60,127,3.0,4.0,1.5
1783351414492,2026-07-06 17:23:34.492,C3:00:00:63:4D:0A,-65,127,3.0,4.0,1.5
1783351414514,2026-07-06 17:23:34.514,C3:00:00:63:4D:05,-58,127,3.0,4.0,1.5
1783351414570,2026-07-06 17:23:34.570,C3:00:00:63:4D:09,-58,127,3.0,4.0,1.5
1783351414577,2026-07-06 17:23:34.577,C3:00:00:63:4D:04,-60,127,3.0,4.0,1.5
1783351414581,2026-07-06 17:23:34.581,C3:00:00:63:4D:0D,-58,127,3.0,4.0,1.5
1783351414584,2026-07-06 17:23:34.584,C3:00:00:63:4D:08,-54,127,3.0,4.0,1.5
1783351414594,2026-07-06 17:23:34.594,C3:00:00:63:4D:07,-67,127,3.0,4.0,1.5
1783351414602,2026-07-06 17:23:34.602,C3:00:00:63:4D:0A,-55,127,3.0,4.0,1.5
1783351414605,2026-07-06 17:23:34.605,C3:00:00:63:4D:04,-62,127,3.0,4.0,1.5
1783351414659,2026-07-06 17:23:34.659,C3:00:00:63:4D:0D,-51,127,3.0,4.0,1.5
1783351414673,2026-07-06 17:23:34.673,C3:00:00:63:4C:D2,-67,127,3.0,4.0,1.5
1783351414679,2026-07-06 17:23:34.679,C3:00:00:63:4D:09,-64,127,3.0,4.0,1.5
1783351414684,2026-07-06 17:23:34.684,C3:00:00:63:4D:04,-60,127,3.0,4.0,1.5
1783351414701,2026-07-06 17:23:34.701,C3:00:00:63:4D:0A,-60,127,3.0,4.0,1.5
1783351414717,2026-07-06 17:23:34.717,C3:00:00:63:4D:05,-56,127,3.0,4.0,1.5
1783351414733,2026-07-06 17:23:34.733,C3:00:00:63:4C:D2,-58,127,3.0,4.0,1.5
1783351414749,2026-07-06 17:23:34.749,C3:00:00:63:4C:D2,-64,127,3.0,4.0,1.5
1783351414777,2026-07-06 17:23:34.777,C3:00:00:63:4D:04,-55,127,3.0,4.0,1.5
1783351414781,2026-07-06 17:23:34.781,C3:00:00:63:4D:07,-71,127,3.0,4.0,1.5
1783351414788,2026-07-06 17:23:34.788,C3:00:00:63:4D:09,-54,127,3.0,4.0,1.5
1783351414801,2026-07-06 17:23:34.801,C3:00:00:63:4D:0D,-51,127,3.0,4.0,1.5
1783351414813,2026-07-06 17:23:34.813,C3:00:00:63:4D:0A,-58,127,3.0,4.0,1.5
1783351414818,2026-07-06 17:23:34.818,C3:00:00:63:4D:08,-54,127,3.0,4.0,1.5
1783351414820,2026-07-06 17:23:34.820,C3:00:00:63:4D:05,-56,127,3.0,4.0,1.5
1783351414828,2026-07-06 17:23:34.828,C3:00:00:63:4C:D2,-57,127,3.0,4.0,1.5
1783351414852,2026-07-06 17:23:34.852,C3:00:00:63:4C:D2,-57,127,3.0,4.0,1.5
1783351414882,2026-07-06 17:23:34.882,C3:00:00:63:4D:04,-62,127,3.0,4.0,1.5
1783351414894,2026-07-06 17:23:34.894,C3:00:00:63:4D:07,-73,127,3.0,4.0,1.5
1783351414910,2026-07-06 17:23:34.910,C3:00:00:63:4D:09,-57,127,3.0,4.0,1.5
1783351414916,2026-07-06 17:23:34.916,C3:00:00:63:4D:0A,-58,127,3.0,4.0,1.5
1783351414927,2026-07-06 17:23:34.927,C3:00:00:63:4D:08,-50,127,3.0,4.0,1.5
1783351414935,2026-07-06 17:23:34.935,C3:00:00:63:4C:D2,-66,127,3.0,4.0,1.5
1783351414966,2026-07-06 17:23:34.966,C3:00:00:63:4D:09,-62,127,3.0,4.0,1.5
1783351414981,2026-07-06 17:23:34.981,C3:00:00:63:4D:07,-67,127,3.0,4.0,1.5
1783351415000,2026-07-06 17:23:35.000,C3:00:00:63:4D:04,-57,127,3.0,4.0,1.5
1783351415007,2026-07-06 17:23:35.007,C3:00:00:63:4D:0D,-54,127,3.0,4.0,1.5
1783351415016,2026-07-06 17:23:35.016,C3:00:00:63:4D:0A,-65,127,3.0,4.0,1.5
1783351415018,2026-07-06 17:23:35.018,C3:00:00:63:4D:09,-55,127,3.0,4.0,1.5
1783351415044,2026-07-06 17:23:35.044,C3:00:00:63:4C:D2,-56,127,3.0,4.0,1.5
1783351415085,2026-07-06 17:23:35.085,C3:00:00:63:4D:0A,-63,127,3.0,4.0,1.5
1783351415097,2026-07-06 17:23:35.097,C3:00:00:63:4D:07,-61,127,3.0,4.0,1.5
1783351415117,2026-07-06 17:23:35.117,C3:00:00:63:4D:0A,-56,127,3.0,4.0,1.5
1783351415124,2026-07-06 17:23:35.124,C3:00:00:63:4D:05,-59,127,3.0,4.0,1.5
1783351415127,2026-07-06 17:23:35.127,C3:00:00:63:4D:0D,-55,127,3.0,4.0,1.5
1783351415139,2026-07-06 17:23:35.139,C3:00:00:63:4D:09,-58,127,3.0,4.0,1.5
1783351415144,2026-07-06 17:23:35.144,C3:00:00:63:4C:D2,-56,127,3.0,4.0,1.5
1783351415156,2026-07-06 17:23:35.156,C3:00:00:63:4D:08,-51,127,3.0,4.0,1.5
1783351415197,2026-07-06 17:23:35.197,C3:00:00:63:4D:04,-62,127,3.0,4.0,1.5
1783351415227,2026-07-06 17:23:35.227,C3:00:00:63:4D:0A,-60,127,3.0,4.0,1.5
1783351415231,2026-07-06 17:23:35.231,C3:00:00:63:4D:05,-72,127,3.0,4.0,1.5
1783351415247,2026-07-06 17:23:35.247,C3:00:00:63:4D:09,-61,127,3.0,4.0,1.5
1783351415270,2026-07-06 17:23:35.270,C3:00:00:63:4D:08,-54,127,3.0,4.0,1.5
1783351415325,2026-07-06 17:23:35.325,C3:00:00:63:4D:05,-58,127,3.0,4.0,1.5
1783351415330,2026-07-06 17:23:35.330,C3:00:00:63:4D:08,-64,127,3.0,4.0,1.5
1783351415336,2026-07-06 17:23:35.336,C3:00:00:63:4D:0A,-61,127,3.0,4.0,1.5
1783351415345,2026-07-06 17:23:35.345,C3:00:00:63:4D:0D,-50,127,3.0,4.0,1.5
1783351415364,2026-07-06 17:23:35.364,C3:00:00:63:4D:0D,-50,127,3.0,4.0,1.5
1783351415384,2026-07-06 17:23:35.384,C3:00:00:63:4D:07,-61,127,3.0,4.0,1.5
1783351415401,2026-07-06 17:23:35.401,C3:00:00:63:4D:04,-58,127,3.0,4.0,1.5
1783351415423,2026-07-06 17:23:35.423,C3:00:00:63:4D:05,-57,127,3.0,4.0,1.5
1783351415437,2026-07-06 17:23:35.437,C3:00:00:63:4D:0A,-71,127,3.0,4.0,1.5
1783351415449,2026-07-06 17:23:35.449,C3:00:00:63:4D:0D,-55,127,3.0,4.0,1.5
1783351415476,2026-07-06 17:23:35.476,C3:00:00:63:4D:09,-66,127,3.0,4.0,1.5
1783351415481,2026-07-06 17:23:35.481,C3:00:00:63:4D:08,-52,127,3.0,4.0,1.5
1783351415487,2026-07-06 17:23:35.487,C3:00:00:63:4D:07,-70,127,3.0,4.0,1.5
1783351415498,2026-07-06 17:23:35.498,C3:00:00:63:4D:09,-57,127,3.0,4.0,1.5
1783351415502,2026-07-06 17:23:35.502,C3:00:00:63:4D:04,-60,127,3.0,4.0,1.5
1783351415524,2026-07-06 17:23:35.524,C3:00:00:63:4D:05,-64,127,3.0,4.0,1.5
1783351415554,2026-07-06 17:23:35.554,C3:00:00:63:4D:0D,-54,127,3.0,4.0,1.5
1783351415578,2026-07-06 17:23:35.578,C3:00:00:63:4C:D2,-69,127,3.0,4.0,1.5
1783351415583,2026-07-06 17:23:35.583,C3:00:00:63:4D:07,-61,127,3.0,4.0,1.5
1783351415590,2026-07-06 17:23:35.590,C3:00:00:63:4D:09,-60,127,3.0,4.0,1.5
1783351415605,2026-07-06 17:23:35.605,C3:00:00:63:4D:04,-55,127,3.0,4.0,1.5
1783351415615,2026-07-06 17:23:35.615,C3:00:00:63:4D:08,-55,127,3.0,4.0,1.5
1783351415627,2026-07-06 17:23:35.627,C3:00:00:63:4D:05,-58,127,3.0,4.0,1.5
1783351415644,2026-07-06 17:23:35.644,C3:00:00:63:4D:0A,-62,127,3.0,4.0,1.5
1783351415668,2026-07-06 17:23:35.668,C3:00:00:63:4D:0D,-50,127,3.0,4.0,1.5
1783351415680,2026-07-06 17:23:35.680,C3:00:00:63:4C:D2,-58,127,3.0,4.0,1.5
1783351415690,2026-07-06 17:23:35.690,C3:00:00:63:4D:07,-63,127,3.0,4.0,1.5
1783351415725,2026-07-06 17:23:35.725,C3:00:00:63:4D:05,-56,127,3.0,4.0,1.5
1783351415734,2026-07-06 17:23:35.734,C3:00:00:63:4D:08,-51,127,3.0,4.0,1.5
1783351415751,2026-07-06 17:23:35.751,C3:00:00:63:4D:0A,-63,127,3.0,4.0,1.5
1783351415760,2026-07-06 17:23:35.760,C3:00:00:63:4D:04,-64,127,3.0,4.0,1.5
1783351415774,2026-07-06 17:23:35.774,C3:00:00:63:4D:0D,-56,127,3.0,4.0,1.5
1783351415779,2026-07-06 17:23:35.779,C3:00:00:63:4D:04,-63,127,3.0,4.0,1.5
1783351415786,2026-07-06 17:23:35.786,C3:00:00:63:4C:D2,-53,127,3.0,4.0,1.5
1783351415806,2026-07-06 17:23:35.806,C3:00:00:63:4D:09,-56,127,3.0,4.0,1.5
1783351415826,2026-07-06 17:23:35.826,C3:00:00:63:4D:09,-61,127,3.0,4.0,1.5
1783351415829,2026-07-06 17:23:35.829,C3:00:00:63:4D:05,-70,127,3.0,4.0,1.5
1783351415847,2026-07-06 17:23:35.847,C3:00:00:63:4D:08,-54,127,3.0,4.0,1.5
1783351415853,2026-07-06 17:23:35.853,C3:00:00:63:4D:0A,-61,127,3.0,4.0,1.5
1783351415877,2026-07-06 17:23:35.877,C3:00:00:63:4D:0D,-54,127,3.0,4.0,1.5
1783351415880,2026-07-06 17:23:35.880,C3:00:00:63:4D:07,-60,127,3.0,4.0,1.5
1783351415896,2026-07-06 17:23:35.896,C3:00:00:63:4C:D2,-71,127,3.0,4.0,1.5
1783351415912,2026-07-06 17:23:35.912,C3:00:00:63:4D:04,-58,127,3.0,4.0,1.5
1783351415929,2026-07-06 17:23:35.929,C3:00:00:63:4D:05,-54,127,3.0,4.0,1.5
1783351415935,2026-07-06 17:23:35.935,C3:00:00:63:4D:09,-54,127,3.0,4.0,1.5
1783351415963,2026-07-06 17:23:35.963,C3:00:00:63:4D:08,-58,127,3.0,4.0,1.5
1783351415981,2026-07-06 17:23:35.981,C3:00:00:63:4D:0D,-50,127,3.0,4.0,1.5
1783351415984,2026-07-06 17:23:35.984,C3:00:00:63:4D:07,-68,127,3.0,4.0,1.5
1783351415993,2026-07-06 17:23:35.993,C3:00:00:63:4C:D2,-56,127,3.0,4.0,1.5
1783351416020,2026-07-06 17:23:36.020,C3:00:00:63:4D:04,-61,127,3.0,4.0,1.5
1783351416028,2026-07-06 17:23:36.028,C3:00:00:63:4D:05,-54,127,3.0,4.0,1.5
1783351416050,2026-07-06 17:23:36.050,C3:00:00:63:4D:09,-58,127,3.0,4.0,1.5
1783351416072,2026-07-06 17:23:36.072,C3:00:00:63:4D:0A,-64,127,3.0,4.0,1.5
1783351416093,2026-07-06 17:23:36.093,C3:00:00:63:4D:07,-67,127,3.0,4.0,1.5
1783351416101,2026-07-06 17:23:36.101,C3:00:00:63:4D:0D,-57,127,3.0,4.0,1.5
1783351416109,2026-07-06 17:23:36.109,C3:00:00:63:4C:D2,-55,127,3.0,4.0,1.5
1783351416113,2026-07-06 17:23:36.113,C3:00:00:63:4D:04,-56,127,3.0,4.0,1.5
1783351416128,2026-07-06 17:23:36.128,C3:00:00:63:4D:05,-67,127,3.0,4.0,1.5
1783351416156,2026-07-06 17:23:36.156,C3:00:00:63:4D:09,-62,127,3.0,4.0,1.5
1783351416172,2026-07-06 17:23:36.172,C3:00:00:63:4D:0A,-56,127,3.0,4.0,1.5
1783351416187,2026-07-06 17:23:36.187,C3:00:00:63:4D:07,-64,127,3.0,4.0,1.5
1783351416200,2026-07-06 17:23:36.200,C3:00:00:63:4D:0D,-58,127,3.0,4.0,1.5
1783351416209,2026-07-06 17:23:36.209,C3:00:00:63:4C:D2,-65,127,3.0,4.0,1.5
1783351416221,2026-07-06 17:23:36.221,C3:00:00:63:4D:04,-56,127,3.0,4.0,1.5
1783351416238,2026-07-06 17:23:36.238,C3:00:00:63:4D:05,-56,127,3.0,4.0,1.5
1783351416272,2026-07-06 17:23:36.272,C3:00:00:63:4D:09,-54,127,3.0,4.0,1.5
1783351416279,2026-07-06 17:23:36.279,C3:00:00:63:4D:0A,-71,127,3.0,4.0,1.5
1783351416290,2026-07-06 17:23:36.290,C3:00:00:63:4D:07,-61,127,3.0,4.0,1.5
1783351416302,2026-07-06 17:23:36.302,C3:00:00:63:4D:08,-56,127,3.0,4.0,1.5
1783351416310,2026-07-06 17:23:36.310,C3:00:00:63:4D:0D,-64,127,3.0,4.0,1.5
1783351416312,2026-07-06 17:23:36.312,C3:00:00:63:4C:D2,-58,127,3.0,4.0,1.5
1783351416320,2026-07-06 17:23:36.320,C3:00:00:63:4D:08,-53,127,3.0,4.0,1.5
1783351416327,2026-07-06 17:23:36.327,C3:00:00:63:4D:04,-62,127,3.0,4.0,1.5
1783351416335,2026-07-06 17:23:36.335,C3:00:00:63:4D:05,-56,127,3.0,4.0,1.5
1783351416343,2026-07-06 17:23:36.343,C3:00:00:63:4D:0D,-63,127,3.0,4.0,1.5
1783351416378,2026-07-06 17:23:36.378,C3:00:00:63:4D:0A,-62,127,3.0,4.0,1.5
1783351416382,2026-07-06 17:23:36.382,C3:00:00:63:4D:07,-62,127,3.0,4.0,1.5
1783351416389,2026-07-06 17:23:36.389,C3:00:00:63:4D:09,-58,127,3.0,4.0,1.5
1783351416415,2026-07-06 17:23:36.415,C3:00:00:63:4D:0D,-69,127,3.0,4.0,1.5
1783351416419,2026-07-06 17:23:36.419,C3:00:00:63:4C:D2,-67,127,3.0,4.0,1.5
1783351416426,2026-07-06 17:23:36.426,C3:00:00:63:4D:08,-54,127,3.0,4.0,1.5
1783351416431,2026-07-06 17:23:36.431,C3:00:00:63:4D:04,-56,127,3.0,4.0,1.5
1783351416436,2026-07-06 17:23:36.436,C3:00:00:63:4D:05,-69,127,3.0,4.0,1.5
1783351416455,2026-07-06 17:23:36.455,C3:00:00:63:4D:09,-59,127,3.0,4.0,1.5
1783351416481,2026-07-06 17:23:36.481,C3:00:00:63:4D:0A,-58,127,3.0,4.0,1.5
1783351416503,2026-07-06 17:23:36.503,C3:00:00:63:4D:09,-60,127,3.0,4.0,1.5
1783351416527,2026-07-06 17:23:36.527,C3:00:00:63:4D:0D,-60,127,3.0,4.0,1.5
1783351416534,2026-07-06 17:23:36.534,C3:00:00:63:4C:D2,-56,127,3.0,4.0,1.5
1783351416538,2026-07-06 17:23:36.538,C3:00:00:63:4D:04,-56,127,3.0,4.0,1.5
1783351416542,2026-07-06 17:23:36.542,C3:00:00:63:4D:05,-56,127,3.0,4.0,1.5
1783351416544,2026-07-06 17:23:36.544,C3:00:00:63:4D:08,-59,127,3.0,4.0,1.5
1783351416600,2026-07-06 17:23:36.600,C3:00:00:63:4D:04,-58,127,3.0,4.0,1.5
1783351416622,2026-07-06 17:23:36.622,C3:00:00:63:4D:09,-58,127,3.0,4.0,1.5
1783351416637,2026-07-06 17:23:36.637,C3:00:00:63:4D:0A,-60,127,3.0,4.0,1.5
1783351416642,2026-07-06 17:23:36.642,C3:00:00:63:4D:04,-65,127,3.0,4.0,1.5
1783351416645,2026-07-06 17:23:36.645,C3:00:00:63:4D:05,-58,127,3.0,4.0,1.5
1783351416654,2026-07-06 17:23:36.654,C3:00:00:63:4D:08,-52,127,3.0,4.0,1.5
1783351416668,2026-07-06 17:23:36.668,C3:00:00:63:4D:0D,-65,127,3.0,4.0,1.5
1783351416677,2026-07-06 17:23:36.677,C3:00:00:63:4C:D2,-55,127,3.0,4.0,1.5
1783351416683,2026-07-06 17:23:36.683,C3:00:00:63:4D:07,-62,127,3.0,4.0,1.5
1783351416697,2026-07-06 17:23:36.697,C3:00:00:63:4D:0A,-59,127,3.0,4.0,1.5
1783351416701,2026-07-06 17:23:36.701,C3:00:00:63:4D:07,-63,127,3.0,4.0,1.5
1783351416727,2026-07-06 17:23:36.727,C3:00:00:63:4D:09,-61,127,3.0,4.0,1.5
1783351416735,2026-07-06 17:23:36.735,C3:00:00:63:4D:04,-56,127,3.0,4.0,1.5
1783351416741,2026-07-06 17:23:36.741,C3:00:00:63:4C:D2,-64,127,3.0,4.0,1.5
1783351416773,2026-07-06 17:23:36.773,C3:00:00:63:4D:08,-54,127,3.0,4.0,1.5
1783351416779,2026-07-06 17:23:36.779,C3:00:00:63:4D:07,-62,127,3.0,4.0,1.5
1783351416798,2026-07-06 17:23:36.798,C3:00:00:63:4D:0A,-58,127,3.0,4.0,1.5
1783351416837,2026-07-06 17:23:36.837,C3:00:00:63:4D:05,-56,127,3.0,4.0,1.5
1783351416840,2026-07-06 17:23:36.840,C3:00:00:63:4D:04,-56,127,3.0,4.0,1.5
1783351416862,2026-07-06 17:23:36.862,C3:00:00:63:4C:D2,-58,127,3.0,4.0,1.5
1783351416883,2026-07-06 17:23:36.883,C3:00:00:63:4D:08,-67,127,3.0,4.0,1.5
1783351416894,2026-07-06 17:23:36.894,C3:00:00:63:4D:07,-65,127,3.0,4.0,1.5
1783351416903,2026-07-06 17:23:36.903,C3:00:00:63:4D:0A,-71,127,3.0,4.0,1.5
1783351416939,2026-07-06 17:23:36.939,C3:00:00:63:4D:04,-64,127,3.0,4.0,1.5
1783351416959,2026-07-06 17:23:36.959,C3:00:00:63:4D:0D,-64,127,3.0,4.0,1.5
1783351416989,2026-07-06 17:23:36.989,C3:00:00:63:4D:07,-66,127,3.0,4.0,1.5
1783351416997,2026-07-06 17:23:36.997,C3:00:00:63:4D:08,-51,127,3.0,4.0,1.5
1783351417036,2026-07-06 17:23:37.036,C3:00:00:63:4D:07,-63,127,3.0,4.0,1.5
1783351417040,2026-07-06 17:23:37.040,C3:00:00:63:4D:05,-69,127,3.0,4.0,1.5
1783351417047,2026-07-06 17:23:37.047,C3:00:00:63:4D:04,-55,127,3.0,4.0,1.5
1783351417057,2026-07-06 17:23:37.057,C3:00:00:63:4C:D2,-69,127,3.0,4.0,1.5
1783351417066,2026-07-06 17:23:37.066,C3:00:00:63:4D:0D,-63,127,3.0,4.0,1.5
1783351417072,2026-07-06 17:23:37.072,C3:00:00:63:4D:09,-63,127,3.0,4.0,1.5
1783351417077,2026-07-06 17:23:37.077,C3:00:00:63:4D:0A,-57,127,3.0,4.0,1.5
1783351417083,2026-07-06 17:23:37.083,C3:00:00:63:4D:07,-63,127,3.0,4.0,1.5
1783351417109,2026-07-06 17:23:37.109,C3:00:00:63:4D:08,-59,127,3.0,4.0,1.5
1783351417118,2026-07-06 17:23:37.118,C3:00:00:63:4D:0A,-78,127,3.0,4.0,1.5
1783351417139,2026-07-06 17:23:37.139,C3:00:00:63:4D:05,-56,127,3.0,4.0,1.5
1783351417149,2026-07-06 17:23:37.149,C3:00:00:63:4D:04,-56,127,3.0,4.0,1.5
1783351417165,2026-07-06 17:23:37.165,C3:00:00:63:4C:D2,-56,127,3.0,4.0,1.5
1783351417171,2026-07-06 17:23:37.171,C3:00:00:63:4D:0D,-57,127,3.0,4.0,1.5
1783351417183,2026-07-06 17:23:37.183,C3:00:00:63:4D:09,-55,127,3.0,4.0,1.5
1783351417187,2026-07-06 17:23:37.187,C3:00:00:63:4D:07,-62,127,3.0,4.0,1.5
1783351417214,2026-07-06 17:23:37.214,C3:00:00:63:4D:0A,-61,127,3.0,4.0,1.5
1783351417224,2026-07-06 17:23:37.224,C3:00:00:63:4D:08,-52,127,3.0,4.0,1.5
1783351417245,2026-07-06 17:23:37.245,C3:00:00:63:4D:05,-58,127,3.0,4.0,1.5
1783351417270,2026-07-06 17:23:37.270,C3:00:00:63:4C:D2,-56,127,3.0,4.0,1.5
1783351417278,2026-07-06 17:23:37.278,C3:00:00:63:4D:0D,-65,127,3.0,4.0,1.5
1783351417288,2026-07-06 17:23:37.288,C3:00:00:63:4D:07,-67,127,3.0,4.0,1.5
1783351417320,2026-07-06 17:23:37.320,C3:00:00:63:4D:0A,-57,127,3.0,4.0,1.5
1783351417340,2026-07-06 17:23:37.340,C3:00:00:63:4D:08,-54,127,3.0,4.0,1.5
1783351417343,2026-07-06 17:23:37.343,C3:00:00:63:4D:05,-68,127,3.0,4.0,1.5
1783351417349,2026-07-06 17:23:37.349,C3:00:00:63:4D:0D,-63,127,3.0,4.0,1.5
1783351417360,2026-07-06 17:23:37.360,C3:00:00:63:4D:04,-56,127,3.0,4.0,1.5
1783351417377,2026-07-06 17:23:37.377,C3:00:00:63:4C:D2,-64,127,3.0,4.0,1.5
1783351417382,2026-07-06 17:23:37.382,C3:00:00:63:4D:07,-61,127,3.0,4.0,1.5
1783351417411,2026-07-06 17:23:37.411,C3:00:00:63:4D:09,-55,127,3.0,4.0,1.5
1783351417429,2026-07-06 17:23:37.429,C3:00:00:63:4D:0A,-70,127,3.0,4.0,1.5
1783351417446,2026-07-06 17:23:37.446,C3:00:00:63:4D:05,-57,127,3.0,4.0,1.5
1783351417454,2026-07-06 17:23:37.454,C3:00:00:63:4D:08,-55,127,3.0,4.0,1.5
1783351417469,2026-07-06 17:23:37.469,C3:00:00:63:4D:05,-57,127,3.0,4.0,1.5
1783351417478,2026-07-06 17:23:37.478,C3:00:00:63:4C:D2,-56,127,3.0,4.0,1.5
1783351417486,2026-07-06 17:23:37.486,C3:00:00:63:4D:08,-54,127,3.0,4.0,1.5
1783351417492,2026-07-06 17:23:37.492,C3:00:00:63:4D:05,-56,127,3.0,4.0,1.5
1783351417505,2026-07-06 17:23:37.505,C3:00:00:63:4D:0D,-51,127,3.0,4.0,1.5
1783351417509,2026-07-06 17:23:37.509,C3:00:00:63:4D:07,-72,127,3.0,4.0,1.5
1783351417524,2026-07-06 17:23:37.524,C3:00:00:63:4D:09,-59,127,3.0,4.0,1.5
1783351417532,2026-07-06 17:23:37.532,C3:00:00:63:4D:0A,-61,127,3.0,4.0,1.5
1783351417547,2026-07-06 17:23:37.547,C3:00:00:63:4D:05,-58,127,3.0,4.0,1.5
1783351417561,2026-07-06 17:23:37.561,C3:00:00:63:4D:04,-62,127,3.0,4.0,1.5
1783351417578,2026-07-06 17:23:37.578,C3:00:00:63:4D:08,-51,127,3.0,4.0,1.5
1783351417585,2026-07-06 17:23:37.585,C3:00:00:63:4C:D2,-55,127,3.0,4.0,1.5
1783351417607,2026-07-06 17:23:37.607,C3:00:00:63:4D:0D,-54,127,3.0,4.0,1.5
1783351417644,2026-07-06 17:23:37.644,C3:00:00:63:4D:05,-70,127,3.0,4.0,1.5
1783351417678,2026-07-06 17:23:37.678,C3:00:00:63:4D:07,-62,127,3.0,4.0,1.5
1783351417681,2026-07-06 17:23:37.681,C3:00:00:63:4D:08,-52,127,3.0,4.0,1.5
1783351417707,2026-07-06 17:23:37.707,C3:00:00:63:4D:0D,-54,127,3.0,4.0,1.5
1783351417748,2026-07-06 17:23:37.748,C3:00:00:63:4D:05,-56,127,3.0,4.0,1.5
1783351417758,2026-07-06 17:23:37.758,C3:00:00:63:4D:09,-54,127,3.0,4.0,1.5
1783351417768,2026-07-06 17:23:37.768,C3:00:00:63:4D:04,-57,127,3.0,4.0,1.5
1783351417783,2026-07-06 17:23:37.783,C3:00:00:63:4D:07,-61,127,3.0,4.0,1.5
1783351417791,2026-07-06 17:23:37.791,C3:00:00:63:4D:04,-56,127,3.0,4.0,1.5
1783351417794,2026-07-06 17:23:37.794,C3:00:00:63:4C:D2,-55,127,3.0,4.0,1.5
1783351417801,2026-07-06 17:23:37.801,C3:00:00:63:4D:08,-54,127,3.0,4.0,1.5
1783351417867,2026-07-06 17:23:37.867,C3:00:00:63:4D:09,-57,127,3.0,4.0,1.5
1783351417870,2026-07-06 17:23:37.870,C3:00:00:63:4D:04,-62,127,3.0,4.0,1.5
1783351417886,2026-07-06 17:23:37.886,C3:00:00:63:4D:07,-65,127,3.0,4.0,1.5
1783351417910,2026-07-06 17:23:37.910,C3:00:00:63:4D:08,-54,127,3.0,4.0,1.5
1783351417928,2026-07-06 17:23:37.928,C3:00:00:63:4D:0D,-54,127,3.0,4.0,1.5
1783351417948,2026-07-06 17:23:37.948,C3:00:00:63:4D:05,-71,127,3.0,4.0,1.5
1783351417953,2026-07-06 17:23:37.953,C3:00:00:63:4D:0A,-61,127,3.0,4.0,1.5
1783351417980,2026-07-06 17:23:37.980,C3:00:00:63:4D:09,-61,127,3.0,4.0,1.5
1783351417993,2026-07-06 17:23:37.993,C3:00:00:63:4D:07,-62,127,3.0,4.0,1.5
1783351417997,2026-07-06 17:23:37.997,C3:00:00:63:4C:D2,-66,127,3.0,4.0,1.5
1783351418016,2026-07-06 17:23:38.016,C3:00:00:63:4C:D2,-56,127,3.0,4.0,1.5
1783351418037,2026-07-06 17:23:38.037,C3:00:00:63:4D:0D,-50,127,3.0,4.0,1.5
1783351418052,2026-07-06 17:23:38.052,C3:00:00:63:4D:05,-56,127,3.0,4.0,1.5
1783351418055,2026-07-06 17:23:38.055,C3:00:00:63:4D:0A,-67,127,3.0,4.0,1.5
1783351418073,2026-07-06 17:23:38.073,C3:00:00:63:4D:04,-56,127,3.0,4.0,1.5
1783351418125,2026-07-06 17:23:38.125,C3:00:00:63:4C:D2,-56,127,3.0,4.0,1.5
1783351418150,2026-07-06 17:23:38.150,C3:00:00:63:4D:08,-53,127,3.0,4.0,1.5
1783351418157,2026-07-06 17:23:38.157,C3:00:00:63:4D:0D,-55,127,3.0,4.0,1.5
1783351418168,2026-07-06 17:23:38.168,C3:00:00:63:4D:05,-60,127,3.0,4.0,1.5
1783351418170,2026-07-06 17:23:38.170,C3:00:00:63:4D:0A,-60,127,3.0,4.0,1.5
1783351418184,2026-07-06 17:23:38.184,C3:00:00:63:4D:04,-60,127,3.0,4.0,1.5
1783351418190,2026-07-06 17:23:38.190,C3:00:00:63:4D:07,-68,127,3.0,4.0,1.5
1783351418201,2026-07-06 17:23:38.201,C3:00:00:63:4D:0A,-68,127,3.0,4.0,1.5
1783351418208,2026-07-06 17:23:38.208,C3:00:00:63:4D:09,-61,127,3.0,4.0,1.5
1783351418222,2026-07-06 17:23:38.222,C3:00:00:63:4C:D2,-63,127,3.0,4.0,1.5
1783351418252,2026-07-06 17:23:38.252,C3:00:00:63:4D:05,-72,127,3.0,4.0,1.5
1783351418257,2026-07-06 17:23:38.257,C3:00:00:63:4D:0D,-55,127,3.0,4.0,1.5
1783351418265,2026-07-06 17:23:38.265,C3:00:00:63:4D:08,-54,127,3.0,4.0,1.5
1783351418268,2026-07-06 17:23:38.268,C3:00:00:63:4D:0A,-64,127,3.0,4.0,1.5
1783351418288,2026-07-06 17:23:38.288,C3:00:00:63:4D:07,-63,127,3.0,4.0,1.5
1783351418303,2026-07-06 17:23:38.303,C3:00:00:63:4D:08,-54,127,3.0,4.0,1.5
1783351418326,2026-07-06 17:23:38.326,C3:00:00:63:4D:09,-54,127,3.0,4.0,1.5
1783351418331,2026-07-06 17:23:38.331,C3:00:00:63:4C:D2,-58,127,3.0,4.0,1.5
1783351418359,2026-07-06 17:23:38.359,C3:00:00:63:4D:0D,-49,127,3.0,4.0,1.5
1783351418378,2026-07-06 17:23:38.378,C3:00:00:63:4D:0A,-57,127,3.0,4.0,1.5
1783351418448,2026-07-06 17:23:38.448,C3:00:00:63:4D:09,-57,127,3.0,4.0,1.5
1783351418462,2026-07-06 17:23:38.462,C3:00:00:63:4D:05,-58,127,3.0,4.0,1.5
1783351418472,2026-07-06 17:23:38.472,C3:00:00:63:4D:0D,-54,127,3.0,4.0,1.5
1783351418485,2026-07-06 17:23:38.485,C3:00:00:63:4D:0A,-65,127,3.0,4.0,1.5
1783351418489,2026-07-06 17:23:38.489,C3:00:00:63:4D:04,-59,127,3.0,4.0,1.5
1783351418498,2026-07-06 17:23:38.498,C3:00:00:63:4D:08,-51,127,3.0,4.0,1.5
1783351418539,2026-07-06 17:23:38.539,C3:00:00:63:4C:D2,-70,127,3.0,4.0,1.5
1783351418558,2026-07-06 17:23:38.558,C3:00:00:63:4D:09,-63,127,3.0,4.0,1.5
1783351418565,2026-07-06 17:23:38.565,C3:00:00:63:4D:05,-66,127,3.0,4.0,1.5
1783351418574,2026-07-06 17:23:38.574,C3:00:00:63:4D:0D,-54,127,3.0,4.0,1.5
1783351418585,2026-07-06 17:23:38.585,C3:00:00:63:4D:0A,-64,127,3.0,4.0,1.5
1783351418591,2026-07-06 17:23:38.591,C3:00:00:63:4D:04,-56,127,3.0,4.0,1.5
1783351418613,2026-07-06 17:23:38.613,C3:00:00:63:4D:08,-57,127,3.0,4.0,1.5
1783351418617,2026-07-06 17:23:38.617,C3:00:00:63:4D:04,-55,127,3.0,4.0,1.5
1783351418663,2026-07-06 17:23:38.663,C3:00:00:63:4D:05,-54,127,3.0,4.0,1.5
1783351418666,2026-07-06 17:23:38.666,C3:00:00:63:4D:09,-56,127,3.0,4.0,1.5
1783351418676,2026-07-06 17:23:38.676,C3:00:00:63:4D:0D,-50,127,3.0,4.0,1.5
1783351418689,2026-07-06 17:23:38.689,C3:00:00:63:4D:0A,-63,127,3.0,4.0,1.5
1783351418698,2026-07-06 17:23:38.698,C3:00:00:63:4D:04,-56,127,3.0,4.0,1.5
1783351418699,2026-07-06 17:23:38.699,C3:00:00:63:4D:0D,-50,127,3.0,4.0,1.5
1783351418709,2026-07-06 17:23:38.709,C3:00:00:63:4D:07,-70,127,3.0,4.0,1.5
1783351418728,2026-07-06 17:23:38.728,C3:00:00:63:4D:08,-50,127,3.0,4.0,1.5
1783351418759,2026-07-06 17:23:38.759,C3:00:00:63:4C:D2,-57,127,3.0,4.0,1.5
1783351418764,2026-07-06 17:23:38.764,C3:00:00:63:4D:05,-56,127,3.0,4.0,1.5
1783351418776,2026-07-06 17:23:38.776,C3:00:00:63:4C:D2,-66,127,3.0,4.0,1.5
1783351418781,2026-07-06 17:23:38.781,C3:00:00:63:4D:09,-56,127,3.0,4.0,1.5
1783351418785,2026-07-06 17:23:38.785,C3:00:00:63:4D:07,-71,127,3.0,4.0,1.5
1783351418794,2026-07-06 17:23:38.794,C3:00:00:63:4D:0D,-56,127,3.0,4.0,1.5
1783351418803,2026-07-06 17:23:38.803,C3:00:00:63:4D:04,-62,127,3.0,4.0,1.5
1783351418840,2026-07-06 17:23:38.840,C3:00:00:63:4D:08,-54,127,3.0,4.0,1.5
1783351418855,2026-07-06 17:23:38.855,C3:00:00:63:4C:D2,-70,127,3.0,4.0,1.5
1783351418866,2026-07-06 17:23:38.866,C3:00:00:63:4D:05,-61,127,3.0,4.0,1.5
1783351418874,2026-07-06 17:23:38.874,C3:00:00:63:4C:D2,-68,127,3.0,4.0,1.5
1783351418884,2026-07-06 17:23:38.884,C3:00:00:63:4D:07,-72,127,3.0,4.0,1.5
1783351418885,2026-07-06 17:23:38.885,C3:00:00:63:4D:0A,-60,127,3.0,4.0,1.5
1783351418891,2026-07-06 17:23:38.891,C3:00:00:63:4D:09,-60,127,3.0,4.0,1.5
1783351418900,2026-07-06 17:23:38.900,C3:00:00:63:4D:04,-58,127,3.0,4.0,1.5
1783351418902,2026-07-06 17:23:38.902,C3:00:00:63:4D:0D,-54,127,3.0,4.0,1.5
1783351418959,2026-07-06 17:23:38.959,C3:00:00:63:4D:05,-60,127,3.0,4.0,1.5
1783351418962,2026-07-06 17:23:38.962,C3:00:00:63:4C:D2,-57,127,3.0,4.0,1.5
1783351418984,2026-07-06 17:23:38.984,C3:00:00:63:4D:07,-63,127,3.0,4.0,1.5
1783351418991,2026-07-06 17:23:38.991,C3:00:00:63:4D:09,-54,127,3.0,4.0,1.5
1783351419006,2026-07-06 17:23:39.006,C3:00:00:63:4D:04,-54,127,3.0,4.0,1.5
1783351419015,2026-07-06 17:23:39.015,C3:00:00:63:4D:0A,-55,127,3.0,4.0,1.5
1783351419017,2026-07-06 17:23:39.017,C3:00:00:63:4D:0D,-58,127,3.0,4.0,1.5
1783351419049,2026-07-06 17:23:39.049,C3:00:00:63:4D:07,-68,127,3.0,4.0,1.5
1783351419065,2026-07-06 17:23:39.065,C3:00:00:63:4D:05,-54,127,3.0,4.0,1.5
1783351419072,2026-07-06 17:23:39.072,C3:00:00:63:4D:08,-54,127,3.0,4.0,1.5
1783351419075,2026-07-06 17:23:39.075,C3:00:00:63:4C:D2,-57,127,3.0,4.0,1.5
1783351419081,2026-07-06 17:23:39.081,C3:00:00:63:4D:07,-69,127,3.0,4.0,1.5
1783351419085,2026-07-06 17:23:39.085,C3:00:00:63:4D:0A,-54,127,3.0,4.0,1.5
1783351419104,2026-07-06 17:23:39.104,C3:00:00:63:4D:04,-67,127,3.0,4.0,1.5
1783351419108,2026-07-06 17:23:39.108,C3:00:00:63:4D:0A,-53,127,3.0,4.0,1.5
1783351419114,2026-07-06 17:23:39.114,C3:00:00:63:4D:0D,-56,127,3.0,4.0,1.5
1783351419176,2026-07-06 17:23:39.176,C3:00:00:63:4C:D2,-64,127,3.0,4.0,1.5
1783351419180,2026-07-06 17:23:39.180,C3:00:00:63:4D:07,-66,127,3.0,4.0,1.5
1783351419183,2026-07-06 17:23:39.183,C3:00:00:63:4D:08,-52,127,3.0,4.0,1.5
1783351419207,2026-07-06 17:23:39.207,C3:00:00:63:4D:04,-58,127,3.0,4.0,1.5
1783351419217,2026-07-06 17:23:39.217,C3:00:00:63:4D:0A,-59,127,3.0,4.0,1.5
1783351419228,2026-07-06 17:23:39.228,C3:00:00:63:4D:0D,-50,127,3.0,4.0,1.5
1783351419242,2026-07-06 17:23:39.242,C3:00:00:63:4D:09,-54,127,3.0,4.0,1.5
1783351419264,2026-07-06 17:23:39.264,C3:00:00:63:4D:05,-65,127,3.0,4.0,1.5
1783351419283,2026-07-06 17:23:39.283,C3:00:00:63:4C:D2,-58,127,3.0,4.0,1.5
1783351419291,2026-07-06 17:23:39.291,C3:00:00:63:4D:07,-64,127,3.0,4.0,1.5
1783351419297,2026-07-06 17:23:39.297,C3:00:00:63:4D:08,-58,127,3.0,4.0,1.5
1783351419340,2026-07-06 17:23:39.340,C3:00:00:63:4D:0D,-59,127,3.0,4.0,1.5
1783351419361,2026-07-06 17:23:39.361,C3:00:00:63:4D:09,-54,127,3.0,4.0,1.5
1783351419366,2026-07-06 17:23:39.366,C3:00:00:63:4D:0D,-62,127,3.0,4.0,1.5
1783351419371,2026-07-06 17:23:39.371,C3:00:00:63:4D:05,-69,127,3.0,4.0,1.5
1783351419383,2026-07-06 17:23:39.383,C3:00:00:63:4C:D2,-56,127,3.0,4.0,1.5
1783351419420,2026-07-06 17:23:39.420,C3:00:00:63:4D:0A,-62,127,3.0,4.0,1.5
1783351419444,2026-07-06 17:23:39.444,C3:00:00:63:4D:0D,-58,127,3.0,4.0,1.5
1783351419463,2026-07-06 17:23:39.463,C3:00:00:63:4D:05,-61,127,3.0,4.0,1.5
1783351419468,2026-07-06 17:23:39.468,C3:00:00:63:4D:09,-62,127,3.0,4.0,1.5
1783351419478,2026-07-06 17:23:39.478,C3:00:00:63:4D:05,-62,127,3.0,4.0,1.5
1783351419489,2026-07-06 17:23:39.489,C3:00:00:63:4D:09,-70,127,3.0,4.0,1.5
1783351419494,2026-07-06 17:23:39.494,C3:00:00:63:4C:D2,-62,127,3.0,4.0,1.5
1783351419517,2026-07-06 17:23:39.517,C3:00:00:63:4D:04,-54,127,3.0,4.0,1.5
1783351419532,2026-07-06 17:23:39.532,C3:00:00:63:4D:08,-59,127,3.0,4.0,1.5
1783351419551,2026-07-06 17:23:39.551,C3:00:00:63:4D:0D,-48,127,3.0,4.0,1.5
1783351419566,2026-07-06 17:23:39.566,C3:00:00:63:4D:05,-61,127,3.0,4.0,1.5
1783351419587,2026-07-06 17:23:39.587,C3:00:00:63:4D:09,-54,127,3.0,4.0,1.5
1783351419590,2026-07-06 17:23:39.590,C3:00:00:63:4D:07,-63,127,3.0,4.0,1.5
1783351419604,2026-07-06 17:23:39.604,C3:00:00:63:4C:D2,-55,127,3.0,4.0,1.5
1783351419624,2026-07-06 17:23:39.624,C3:00:00:63:4D:04,-63,127,3.0,4.0,1.5
1783351419637,2026-07-06 17:23:39.637,C3:00:00:63:4D:0A,-57,127,3.0,4.0,1.5
1783351419651,2026-07-06 17:23:39.651,C3:00:00:63:4D:08,-49,127,3.0,4.0,1.5
1783351419654,2026-07-06 17:23:39.654,C3:00:00:63:4D:0D,-55,127,3.0,4.0,1.5
1783351419667,2026-07-06 17:23:39.667,C3:00:00:63:4D:05,-58,127,3.0,4.0,1.5
1783351419700,2026-07-06 17:23:39.700,C3:00:00:63:4D:09,-59,127,3.0,4.0,1.5
1783351419720,2026-07-06 17:23:39.720,C3:00:00:63:4D:04,-56,127,3.0,4.0,1.5
1783351419741,2026-07-06 17:23:39.741,C3:00:00:63:4D:0A,-58,127,3.0,4.0,1.5
1783351419760,2026-07-06 17:23:39.760,C3:00:00:63:4D:08,-58,127,3.0,4.0,1.5
1783351419762,2026-07-06 17:23:39.762,C3:00:00:63:4D:04,-60,127,3.0,4.0,1.5
1783351419771,2026-07-06 17:23:39.771,C3:00:00:63:4D:0D,-54,127,3.0,4.0,1.5
1783351419773,2026-07-06 17:23:39.773,C3:00:00:63:4D:05,-59,127,3.0,4.0,1.5
1783351419782,2026-07-06 17:23:39.782,C3:00:00:63:4D:07,-72,127,3.0,4.0,1.5
1783351419809,2026-07-06 17:23:39.809,C3:00:00:63:4D:09,-63,127,3.0,4.0,1.5
1783351419815,2026-07-06 17:23:39.815,C3:00:00:63:4C:D2,-56,127,3.0,4.0,1.5
1783351419828,2026-07-06 17:23:39.828,C3:00:00:63:4D:09,-57,127,3.0,4.0,1.5
1783351419842,2026-07-06 17:23:39.842,C3:00:00:63:4D:0A,-62,127,3.0,4.0,1.5
1783351419871,2026-07-06 17:23:39.871,C3:00:00:63:4D:05,-58,127,3.0,4.0,1.5
1783351419873,2026-07-06 17:23:39.873,C3:00:00:63:4D:08,-57,127,3.0,4.0,1.5
1783351419875,2026-07-06 17:23:39.875,C3:00:00:63:4D:0D,-48,127,3.0,4.0,1.5
1783351419879,2026-07-06 17:23:39.879,C3:00:00:63:4D:07,-62,127,3.0,4.0,1.5
1783351419928,2026-07-06 17:23:39.928,C3:00:00:63:4C:D2,-67,127,3.0,4.0,1.5
1783351419930,2026-07-06 17:23:39.930,C3:00:00:63:4D:04,-61,127,3.0,4.0,1.5
1783351419949,2026-07-06 17:23:39.949,C3:00:00:63:4D:0A,-54,127,3.0,4.0,1.5
1783351419984,2026-07-06 17:23:39.984,C3:00:00:63:4D:0D,-55,127,3.0,4.0,1.5
1783351419988,2026-07-06 17:23:39.988,C3:00:00:63:4D:07,-62,127,3.0,4.0,1.5
1783351420032,2026-07-06 17:23:40.032,C3:00:00:63:4D:04,-66,127,3.0,4.0,1.5
1783351420036,2026-07-06 17:23:40.036,C3:00:00:63:4D:09,-60,127,3.0,4.0,1.5
1783351420051,2026-07-06 17:23:40.051,C3:00:00:63:4D:0A,-53,127,3.0,4.0,1.5
1783351420074,2026-07-06 17:23:40.074,C3:00:00:63:4D:05,-57,127,3.0,4.0,1.5
1783351420104,2026-07-06 17:23:40.104,C3:00:00:63:4D:08,-64,127,3.0,4.0,1.5
1783351420133,2026-07-06 17:23:40.133,C3:00:00:63:4C:D2,-60,127,3.0,4.0,1.5
1783351420137,2026-07-06 17:23:40.137,C3:00:00:63:4D:04,-53,127,3.0,4.0,1.5
1783351420142,2026-07-06 17:23:40.142,C3:00:00:63:4D:07,-63,127,3.0,4.0,1.5
1783351420150,2026-07-06 17:23:40.150,C3:00:00:63:4D:09,-58,127,3.0,4.0,1.5
1783351420186,2026-07-06 17:23:40.186,C3:00:00:63:4D:07,-61,127,3.0,4.0,1.5
1783351420198,2026-07-06 17:23:40.198,C3:00:00:63:4D:0D,-49,127,3.0,4.0,1.5
1783351420243,2026-07-06 17:23:40.243,C3:00:00:63:4C:D2,-71,127,3.0,4.0,1.5
1783351420249,2026-07-06 17:23:40.249,C3:00:00:63:4D:04,-62,127,3.0,4.0,1.5
1783351420270,2026-07-06 17:23:40.270,C3:00:00:63:4D:09,-62,127,3.0,4.0,1.5
1783351420274,2026-07-06 17:23:40.274,C3:00:00:63:4D:0A,-58,127,3.0,4.0,1.5
1783351420276,2026-07-06 17:23:40.276,C3:00:00:63:4D:05,-62,127,3.0,4.0,1.5
1783351420310,2026-07-06 17:23:40.310,C3:00:00:63:4D:08,-53,127,3.0,4.0,1.5
1783351420328,2026-07-06 17:23:40.328,C3:00:00:63:4D:08,-54,127,3.0,4.0,1.5
1783351420342,2026-07-06 17:23:40.342,C3:00:00:63:4D:04,-53,127,3.0,4.0,1.5
1783351420359,2026-07-06 17:23:40.359,C3:00:00:63:4D:0D,-50,127,3.0,4.0,1.5
1783351420378,2026-07-06 17:23:40.378,C3:00:00:63:4D:0A,-54,127,3.0,4.0,1.5
1783351420380,2026-07-06 17:23:40.380,C3:00:00:63:4D:05,-58,127,3.0,4.0,1.5
1783351420385,2026-07-06 17:23:40.385,C3:00:00:63:4D:09,-64,127,3.0,4.0,1.5
1783351420447,2026-07-06 17:23:40.447,C3:00:00:63:4D:04,-55,127,3.0,4.0,1.5
1783351420451,2026-07-06 17:23:40.451,C3:00:00:63:4C:D2,-59,127,3.0,4.0,1.5
1783351420454,2026-07-06 17:23:40.454,C3:00:00:63:4D:08,-60,127,3.0,4.0,1.5
1783351420470,2026-07-06 17:23:40.470,C3:00:00:63:4D:0A,-73,127,3.0,4.0,1.5
1783351420486,2026-07-06 17:23:40.486,C3:00:00:63:4D:05,-61,127,3.0,4.0,1.5
1783351420488,2026-07-06 17:23:40.488,C3:00:00:63:4D:07,-60,127,3.0,4.0,1.5
1783351420548,2026-07-06 17:23:40.548,C3:00:00:63:4D:04,-63,127,3.0,4.0,1.5
1783351420557,2026-07-06 17:23:40.557,C3:00:00:63:4C:D2,-64,127,3.0,4.0,1.5
1783351420570,2026-07-06 17:23:40.570,C3:00:00:63:4D:08,-55,127,3.0,4.0,1.5
1783351420581,2026-07-06 17:23:40.581,C3:00:00:63:4D:05,-54,127,3.0,4.0,1.5
1783351420591,2026-07-06 17:23:40.591,C3:00:00:63:4D:07,-61,127,3.0,4.0,1.5
1783351420605,2026-07-06 17:23:40.605,C3:00:00:63:4D:09,-65,127,3.0,4.0,1.5
1783351420628,2026-07-06 17:23:40.628,C3:00:00:63:4D:0D,-54,127,3.0,4.0,1.5
1783351420633,2026-07-06 17:23:40.633,C3:00:00:63:4D:04,-66,127,3.0,4.0,1.5
1783351420648,2026-07-06 17:23:40.648,C3:00:00:63:4D:0A,-55,127,3.0,4.0,1.5
1783351420655,2026-07-06 17:23:40.655,C3:00:00:63:4D:04,-60,127,3.0,4.0,1.5
1783351420664,2026-07-06 17:23:40.664,C3:00:00:63:4C:D2,-71,127,3.0,4.0,1.5
1783351420673,2026-07-06 17:23:40.673,C3:00:00:63:4D:05,-56,127,3.0,4.0,1.5
1783351420678,2026-07-06 17:23:40.678,C3:00:00:63:4D:08,-55,127,3.0,4.0,1.5
1783351420681,2026-07-06 17:23:40.681,C3:00:00:63:4D:07,-67,127,3.0,4.0,1.5
1783351420688,2026-07-06 17:23:40.688,C3:00:00:63:4D:0A,-55,127,3.0,4.0,1.5
1783351420690,2026-07-06 17:23:40.690,C3:00:00:63:4C:D2,-64,127,3.0,4.0,1.5
1783351420720,2026-07-06 17:23:40.720,C3:00:00:63:4D:09,-61,127,3.0,4.0,1.5
1783351420739,2026-07-06 17:23:40.739,C3:00:00:63:4D:0D,-50,127,3.0,4.0,1.5
1783351420761,2026-07-06 17:23:40.761,C3:00:00:63:4D:04,-71,127,3.0,4.0,1.5
1783351420773,2026-07-06 17:23:40.773,C3:00:00:63:4C:D2,-54,127,3.0,4.0,1.5
1783351420789,2026-07-06 17:23:40.789,C3:00:00:63:4D:05,-53,127,3.0,4.0,1.5
1783351420839,2026-07-06 17:23:40.839,C3:00:00:63:4D:09,-60,127,3.0,4.0,1.5
1783351420852,2026-07-06 17:23:40.852,C3:00:00:63:4D:0D,-55,127,3.0,4.0,1.5
1783351420866,2026-07-06 17:23:40.866,C3:00:00:63:4D:04,-64,127,3.0,4.0,1.5
1783351420876,2026-07-06 17:23:40.876,C3:00:00:63:4C:D2,-62,127,3.0,4.0,1.5
1783351420883,2026-07-06 17:23:40.883,C3:00:00:63:4D:07,-66,127,3.0,4.0,1.5
1783351420888,2026-07-06 17:23:40.888,C3:00:00:63:4D:05,-55,127,3.0,4.0,1.5
1783351420893,2026-07-06 17:23:40.893,C3:00:00:63:4C:D2,-63,127,3.0,4.0,1.5
1783351420898,2026-07-06 17:23:40.898,C3:00:00:63:4D:0A,-58,127,3.0,4.0,1.5
1783351420904,2026-07-06 17:23:40.904,C3:00:00:63:4D:08,-54,127,3.0,4.0,1.5
1783351420952,2026-07-06 17:23:40.952,C3:00:00:63:4D:0D,-58,127,3.0,4.0,1.5
1783351420956,2026-07-06 17:23:40.956,C3:00:00:63:4D:09,-64,127,3.0,4.0,1.5
1783351420965,2026-07-06 17:23:40.965,C3:00:00:63:4D:04,-65,127,3.0,4.0,1.5
1783351420983,2026-07-06 17:23:40.983,C3:00:00:63:4C:D2,-63,127,3.0,4.0,1.5
1783351420986,2026-07-06 17:23:40.986,C3:00:00:63:4D:07,-61,127,3.0,4.0,1.5
1783351421002,2026-07-06 17:23:41.002,C3:00:00:63:4D:0A,-56,127,3.0,4.0,1.5
1783351421022,2026-07-06 17:23:41.022,C3:00:00:63:4D:08,-55,127,3.0,4.0,1.5
1783351421060,2026-07-06 17:23:41.060,C3:00:00:63:4D:07,-63,127,3.0,4.0,1.5
1783351421086,2026-07-06 17:23:41.086,C3:00:00:63:4D:0A,-64,127,3.0,4.0,1.5
1783351421109,2026-07-06 17:23:41.109,C3:00:00:63:4D:0A,-64,127,3.0,4.0,1.5
1783351421139,2026-07-06 17:23:41.139,C3:00:00:63:4D:08,-50,127,3.0,4.0,1.5
1783351421178,2026-07-06 17:23:41.178,C3:00:00:63:4D:05,-56,127,3.0,4.0,1.5
1783351421188,2026-07-06 17:23:41.188,C3:00:00:63:4D:07,-66,127,3.0,4.0,1.5
1783351421192,2026-07-06 17:23:41.192,C3:00:00:63:4C:D2,-60,127,3.0,4.0,1.5
1783351421211,2026-07-06 17:23:41.211,C3:00:00:63:4D:0A,-54,127,3.0,4.0,1.5
1783351421246,2026-07-06 17:23:41.246,C3:00:00:63:4D:08,-53,127,3.0,4.0,1.5
1783351421272,2026-07-06 17:23:41.272,C3:00:00:63:4D:08,-54,127,3.0,4.0,1.5
1783351421276,2026-07-06 17:23:41.276,C3:00:00:63:4D:04,-64,127,3.0,4.0,1.5
1783351421281,2026-07-06 17:23:41.281,C3:00:00:63:4D:0D,-52,127,3.0,4.0,1.5
1783351421287,2026-07-06 17:23:41.287,C3:00:00:63:4D:07,-64,127,3.0,4.0,1.5
1783351421292,2026-07-06 17:23:41.292,C3:00:00:63:4D:05,-60,127,3.0,4.0,1.5
1783351421299,2026-07-06 17:23:41.299,C3:00:00:63:4C:D2,-62,127,3.0,4.0,1.5
1783351421313,2026-07-06 17:23:41.313,C3:00:00:63:4D:0A,-64,127,3.0,4.0,1.5
1783351421368,2026-07-06 17:23:41.368,C3:00:00:63:4D:0D,-49,127,3.0,4.0,1.5
1783351421373,2026-07-06 17:23:41.373,C3:00:00:63:4D:08,-54,127,3.0,4.0,1.5
1783351421378,2026-07-06 17:23:41.378,C3:00:00:63:4D:04,-61,127,3.0,4.0,1.5
1783351421391,2026-07-06 17:23:41.391,C3:00:00:63:4D:0D,-48,127,3.0,4.0,1.5
1783351421395,2026-07-06 17:23:41.395,C3:00:00:63:4D:05,-58,127,3.0,4.0,1.5
1783351421421,2026-07-06 17:23:41.421,C3:00:00:63:4D:0A,-60,127,3.0,4.0,1.5
1783351421450,2026-07-06 17:23:41.450,C3:00:00:63:4D:05,-58,127,3.0,4.0,1.5
1783351421476,2026-07-06 17:23:41.476,C3:00:00:63:4D:04,-62,127,3.0,4.0,1.5
1783351421495,2026-07-06 17:23:41.495,C3:00:00:63:4D:0D,-53,127,3.0,4.0,1.5
1783351421500,2026-07-06 17:23:41.500,C3:00:00:63:4D:05,-58,127,3.0,4.0,1.5
1783351421506,2026-07-06 17:23:41.506,C3:00:00:63:4D:07,-84,127,3.0,4.0,1.5
1783351421509,2026-07-06 17:23:41.509,C3:00:00:63:4D:08,-54,127,3.0,4.0,1.5
1783351421513,2026-07-06 17:23:41.513,C3:00:00:63:4C:D2,-61,127,3.0,4.0,1.5
1783351421522,2026-07-06 17:23:41.522,C3:00:00:63:4D:0A,-55,127,3.0,4.0,1.5
1783351421579,2026-07-06 17:23:41.579,C3:00:00:63:4D:04,-63,127,3.0,4.0,1.5
1783351421584,2026-07-06 17:23:41.584,C3:00:00:63:4D:07,-63,127,3.0,4.0,1.5
1783351421588,2026-07-06 17:23:41.588,C3:00:00:63:4D:05,-56,127,3.0,4.0,1.5
1783351421620,2026-07-06 17:23:41.620,C3:00:00:63:4C:D2,-56,127,3.0,4.0,1.5
1783351421629,2026-07-06 17:23:41.629,C3:00:00:63:4D:0A,-65,127,3.0,4.0,1.5
1783351421633,2026-07-06 17:23:41.633,C3:00:00:63:4D:09,-60,127,3.0,4.0,1.5
1783351421708,2026-07-06 17:23:41.708,C3:00:00:63:4D:0D,-48,127,3.0,4.0,1.5
1783351421721,2026-07-06 17:23:41.721,C3:00:00:63:4D:08,-52,127,3.0,4.0,1.5
1783351421726,2026-07-06 17:23:41.726,C3:00:00:63:4C:D2,-57,127,3.0,4.0,1.5
1783351421745,2026-07-06 17:23:41.745,C3:00:00:63:4D:0A,-58,127,3.0,4.0,1.5
1783351421755,2026-07-06 17:23:41.755,C3:00:00:63:4D:09,-61,127,3.0,4.0,1.5
1783351421797,2026-07-06 17:23:41.797,C3:00:00:63:4D:05,-57,127,3.0,4.0,1.5
1783351421804,2026-07-06 17:23:41.804,C3:00:00:63:4D:04,-65,127,3.0,4.0,1.5
1783351421821,2026-07-06 17:23:41.821,C3:00:00:63:4D:0D,-50,127,3.0,4.0,1.5
1783351421826,2026-07-06 17:23:41.826,C3:00:00:63:4C:D2,-67,127,3.0,4.0,1.5
1783351421830,2026-07-06 17:23:41.830,C3:00:00:63:4D:08,-54,127,3.0,4.0,1.5
1783351421839,2026-07-06 17:23:41.839,C3:00:00:63:4D:0A,-59,127,3.0,4.0,1.5
1783351421864,2026-07-06 17:23:41.864,C3:00:00:63:4D:09,-65,127,3.0,4.0,1.5
1783351421882,2026-07-06 17:23:41.882,C3:00:00:63:4D:07,-61,127,3.0,4.0,1.5
1783351421928,2026-07-06 17:23:41.928,C3:00:00:63:4D:0D,-50,127,3.0,4.0,1.5
1783351421941,2026-07-06 17:23:41.941,C3:00:00:63:4D:08,-62,127,3.0,4.0,1.5
1783351421954,2026-07-06 17:23:41.954,C3:00:00:63:4D:0A,-69,127,3.0,4.0,1.5
1783351421975,2026-07-06 17:23:41.975,C3:00:00:63:4D:09,-60,127,3.0,4.0,1.5
1783351421982,2026-07-06 17:23:41.982,C3:00:00:63:4D:07,-60,127,3.0,4.0,1.5
1783351421998,2026-07-06 17:23:41.998,C3:00:00:63:4C:D2,-54,127,3.0,4.0,1.5
1783351422001,2026-07-06 17:23:42.001,C3:00:00:63:4D:05,-57,127,3.0,4.0,1.5
1783351422049,2026-07-06 17:23:42.049,C3:00:00:63:4C:D2,-54,127,3.0,4.0,1.5
1783351422052,2026-07-06 17:23:42.052,C3:00:00:63:4D:0A,-58,127,3.0,4.0,1.5
1783351422067,2026-07-06 17:23:42.067,C3:00:00:63:4D:08,-51,127,3.0,4.0,1.5
1783351422084,2026-07-06 17:23:42.084,C3:00:00:63:4D:09,-58,127,3.0,4.0,1.5
1783351422100,2026-07-06 17:23:42.100,C3:00:00:63:4D:04,-60,127,3.0,4.0,1.5
1783351422140,2026-07-06 17:23:42.140,C3:00:00:63:4D:0D,-52,127,3.0,4.0,1.5
1783351422146,2026-07-06 17:23:42.146,C3:00:00:63:4C:D2,-66,127,3.0,4.0,1.5
1783351422150,2026-07-06 17:23:42.150,C3:00:00:63:4D:0A,-57,127,3.0,4.0,1.5
1783351422174,2026-07-06 17:23:42.174,C3:00:00:63:4D:08,-51,127,3.0,4.0,1.5
1783351422180,2026-07-06 17:23:42.180,C3:00:00:63:4D:07,-61,127,3.0,4.0,1.5
1783351422196,2026-07-06 17:23:42.196,C3:00:00:63:4D:04,-55,127,3.0,4.0,1.5
1783351422213,2026-07-06 17:23:42.213,C3:00:00:63:4D:0A,-75,127,3.0,4.0,1.5
1783351422224,2026-07-06 17:23:42.224,C3:00:00:63:4D:05,-70,127,3.0,4.0,1.5
1783351422245,2026-07-06 17:23:42.245,C3:00:00:63:4D:0D,-52,127,3.0,4.0,1.5
1783351422250,2026-07-06 17:23:42.250,C3:00:00:63:4C:D2,-56,127,3.0,4.0,1.5
1783351422280,2026-07-06 17:23:42.280,C3:00:00:63:4D:07,-60,127,3.0,4.0,1.5
1783351422297,2026-07-06 17:23:42.297,C3:00:00:63:4D:08,-57,127,3.0,4.0,1.5
1783351422301,2026-07-06 17:23:42.301,C3:00:00:63:4D:04,-56,127,3.0,4.0,1.5
1783351422313,2026-07-06 17:23:42.313,C3:00:00:63:4D:08,-54,127,3.0,4.0,1.5
1783351422322,2026-07-06 17:23:42.322,C3:00:00:63:4D:09,-61,127,3.0,4.0,1.5
1783351422361,2026-07-06 17:23:42.361,C3:00:00:63:4C:D2,-62,127,3.0,4.0,1.5
1783351422395,2026-07-06 17:23:42.395,C3:00:00:63:4D:07,-65,127,3.0,4.0,1.5
1783351422399,2026-07-06 17:23:42.399,C3:00:00:63:4D:05,-56,127,3.0,4.0,1.5
1783351422404,2026-07-06 17:23:42.404,C3:00:00:63:4D:04,-59,127,3.0,4.0,1.5
1783351422408,2026-07-06 17:23:42.408,C3:00:00:63:4D:08,-52,127,3.0,4.0,1.5
1783351422416,2026-07-06 17:23:42.416,C3:00:00:63:4D:05,-72,127,3.0,4.0,1.5
1783351422430,2026-07-06 17:23:42.430,C3:00:00:63:4D:09,-66,127,3.0,4.0,1.5
1783351422460,2026-07-06 17:23:42.460,C3:00:00:63:4D:0D,-51,127,3.0,4.0,1.5
1783351422475,2026-07-06 17:23:42.475,C3:00:00:63:4D:0A,-59,127,3.0,4.0,1.5
1783351422482,2026-07-06 17:23:42.482,C3:00:00:63:4D:07,-65,127,3.0,4.0,1.5
1783351422498,2026-07-06 17:23:42.498,C3:00:00:63:4D:05,-72,127,3.0,4.0,1.5
1783351422511,2026-07-06 17:23:42.511,C3:00:00:63:4D:04,-54,127,3.0,4.0,1.5
1783351422514,2026-07-06 17:23:42.514,C3:00:00:63:4D:08,-54,127,3.0,4.0,1.5
1783351422541,2026-07-06 17:23:42.541,C3:00:00:63:4D:09,-58,127,3.0,4.0,1.5
1783351422571,2026-07-06 17:23:42.571,C3:00:00:63:4C:D2,-62,127,3.0,4.0,1.5
1783351422577,2026-07-06 17:23:42.577,C3:00:00:63:4D:0A,-64,127,3.0,4.0,1.5
1783351422591,2026-07-06 17:23:42.591,C3:00:00:63:4D:07,-64,127,3.0,4.0,1.5
1783351422596,2026-07-06 17:23:42.596,C3:00:00:63:4D:05,-55,127,3.0,4.0,1.5
1783351422610,2026-07-06 17:23:42.610,C3:00:00:63:4D:04,-61,127,3.0,4.0,1.5
1783351422634,2026-07-06 17:23:42.634,C3:00:00:63:4D:04,-61,127,3.0,4.0,1.5
1783351422637,2026-07-06 17:23:42.637,C3:00:00:63:4D:08,-50,127,3.0,4.0,1.5
1783351422652,2026-07-06 17:23:42.652,C3:00:00:63:4D:0A,-60,127,3.0,4.0,1.5
1783351422662,2026-07-06 17:23:42.662,C3:00:00:63:4D:09,-61,127,3.0,4.0,1.5
1783351422675,2026-07-06 17:23:42.675,C3:00:00:63:4D:0A,-61,127,3.0,4.0,1.5
1783351422680,2026-07-06 17:23:42.680,C3:00:00:63:4D:0D,-55,127,3.0,4.0,1.5
1783351422688,2026-07-06 17:23:42.688,C3:00:00:63:4D:07,-70,127,3.0,4.0,1.5
1783351422699,2026-07-06 17:23:42.699,C3:00:00:63:4D:0D,-55,127,3.0,4.0,1.5
1783351422701,2026-07-06 17:23:42.701,C3:00:00:63:4D:05,-52,127,3.0,4.0,1.5
1783351422706,2026-07-06 17:23:42.706,C3:00:00:63:4C:D2,-61,127,3.0,4.0,1.5
1783351422712,2026-07-06 17:23:42.712,C3:00:00:63:4D:04,-57,127,3.0,4.0,1.5
1783351422743,2026-07-06 17:23:42.743,C3:00:00:63:4D:08,-56,127,3.0,4.0,1.5
1783351422748,2026-07-06 17:23:42.748,C3:00:00:63:4D:07,-64,127,3.0,4.0,1.5
1783351422774,2026-07-06 17:23:42.774,C3:00:00:63:4D:09,-60,127,3.0,4.0,1.5
1783351422778,2026-07-06 17:23:42.778,C3:00:00:63:4C:D2,-77,127,3.0,4.0,1.5
1783351422782,2026-07-06 17:23:42.782,C3:00:00:63:4D:0D,-52,127,3.0,4.0,1.5
1783351422795,2026-07-06 17:23:42.795,C3:00:00:63:4C:D2,-68,127,3.0,4.0,1.5
1783351422800,2026-07-06 17:23:42.800,C3:00:00:63:4D:05,-67,127,3.0,4.0,1.5
1783351422822,2026-07-06 17:23:42.822,C3:00:00:63:4D:04,-56,127,3.0,4.0,1.5
1783351422892,2026-07-06 17:23:42.892,C3:00:00:63:4C:D2,-59,127,3.0,4.0,1.5
1783351422896,2026-07-06 17:23:42.896,C3:00:00:63:4D:0D,-51,127,3.0,4.0,1.5
1783351422907,2026-07-06 17:23:42.907,C3:00:00:63:4D:05,-54,127,3.0,4.0,1.5
1783351422913,2026-07-06 17:23:42.913,C3:00:00:63:4C:D2,-60,127,3.0,4.0,1.5
1783351422919,2026-07-06 17:23:42.919,C3:00:00:63:4D:0A,-58,127,3.0,4.0,1.5
1783351422929,2026-07-06 17:23:42.929,C3:00:00:63:4D:04,-59,127,3.0,4.0,1.5
1783351422998,2026-07-06 17:23:42.998,C3:00:00:63:4D:0A,-54,127,3.0,4.0,1.5
1783351423003,2026-07-06 17:23:43.003,C3:00:00:63:4C:D2,-58,127,3.0,4.0,1.5
1783351423009,2026-07-06 17:23:43.009,C3:00:00:63:4D:0D,-58,127,3.0,4.0,1.5
1783351423025,2026-07-06 17:23:43.025,C3:00:00:63:4D:09,-61,127,3.0,4.0,1.5
1783351423069,2026-07-06 17:23:43.069,C3:00:00:63:4D:07,-62,127,3.0,4.0,1.5
1783351423091,2026-07-06 17:23:43.091,C3:00:00:63:4D:0A,-58,127,3.0,4.0,1.5
1783351423095,2026-07-06 17:23:43.095,C3:00:00:63:4D:08,-58,127,3.0,4.0,1.5
1783351423099,2026-07-06 17:23:43.099,C3:00:00:63:4D:07,-63,127,3.0,4.0,1.5
1783351423103,2026-07-06 17:23:43.103,C3:00:00:63:4D:05,-56,127,3.0,4.0,1.5
1783351423108,2026-07-06 17:23:43.108,C3:00:00:63:4D:0D,-54,127,3.0,4.0,1.5
1783351423116,2026-07-06 17:23:43.116,C3:00:00:63:4D:09,-55,127,3.0,4.0,1.5
1783351423186,2026-07-06 17:23:43.186,C3:00:00:63:4D:07,-58,127,3.0,4.0,1.5
1783351423210,2026-07-06 17:23:43.210,C3:00:00:63:4D:08,-57,127,3.0,4.0,1.5
1783351423216,2026-07-06 17:23:43.216,C3:00:00:63:4C:D2,-55,127,3.0,4.0,1.5
1783351423219,2026-07-06 17:23:43.219,C3:00:00:63:4D:05,-68,127,3.0,4.0,1.5
1783351423224,2026-07-06 17:23:43.224,C3:00:00:63:4D:0D,-54,127,3.0,4.0,1.5
1783351423229,2026-07-06 17:23:43.229,C3:00:00:63:4D:04,-57,127,3.0,4.0,1.5
1783351423232,2026-07-06 17:23:43.232,C3:00:00:63:4D:09,-56,127,3.0,4.0,1.5
1783351423285,2026-07-06 17:23:43.285,C3:00:00:63:4D:07,-61,127,3.0,4.0,1.5
1783351423316,2026-07-06 17:23:43.316,C3:00:00:63:4C:D2,-69,127,3.0,4.0,1.5
1783351423342,2026-07-06 17:23:43.342,C3:00:00:63:4D:04,-54,127,3.0,4.0,1.5
1783351423347,2026-07-06 17:23:43.347,C3:00:00:63:4D:09,-63,127,3.0,4.0,1.5
1783351423352,2026-07-06 17:23:43.352,C3:00:00:63:4D:08,-64,127,3.0,4.0,1.5
1783351423357,2026-07-06 17:23:43.357,C3:00:00:63:4D:0D,-58,127,3.0,4.0,1.5
1783351423372,2026-07-06 17:23:43.372,C3:00:00:63:4D:0D,-66,127,3.0,4.0,1.5
1783351423386,2026-07-06 17:23:43.386,C3:00:00:63:4D:07,-68,127,3.0,4.0,1.5
1783351423404,2026-07-06 17:23:43.404,C3:00:00:63:4D:05,-60,127,3.0,4.0,1.5
1783351423409,2026-07-06 17:23:43.409,C3:00:00:63:4D:0A,-63,127,3.0,4.0,1.5
1783351423423,2026-07-06 17:23:43.423,C3:00:00:63:4C:D2,-54,127,3.0,4.0,1.5
1783351423430,2026-07-06 17:23:43.430,C3:00:00:63:4D:0D,-50,127,3.0,4.0,1.5
1783351423436,2026-07-06 17:23:43.436,C3:00:00:63:4D:08,-55,127,3.0,4.0,1.5
1783351423439,2026-07-06 17:23:43.439,C3:00:00:63:4D:04,-55,127,3.0,4.0,1.5
1783351423462,2026-07-06 17:23:43.462,C3:00:00:63:4D:09,-51,127,3.0,4.0,1.5
1783351423479,2026-07-06 17:23:43.479,C3:00:00:63:4D:08,-54,127,3.0,4.0,1.5
1783351423489,2026-07-06 17:23:43.489,C3:00:00:63:4D:07,-60,127,3.0,4.0,1.5
1783351423508,2026-07-06 17:23:43.508,C3:00:00:63:4D:09,-61,127,3.0,4.0,1.5
1783351423510,2026-07-06 17:23:43.510,C3:00:00:63:4D:05,-72,127,3.0,4.0,1.5
1783351423518,2026-07-06 17:23:43.518,C3:00:00:63:4D:0A,-60,127,3.0,4.0,1.5
1783351423526,2026-07-06 17:23:43.526,C3:00:00:63:4D:05,-64,127,3.0,4.0,1.5
1783351423528,2026-07-06 17:23:43.528,C3:00:00:63:4C:D2,-57,127,3.0,4.0,1.5
1783351423540,2026-07-06 17:23:43.540,C3:00:00:63:4D:04,-66,127,3.0,4.0,1.5
1783351423543,2026-07-06 17:23:43.543,C3:00:00:63:4D:0D,-60,127,3.0,4.0,1.5
1783351423552,2026-07-06 17:23:43.552,C3:00:00:63:4D:08,-54,127,3.0,4.0,1.5
1783351423571,2026-07-06 17:23:43.571,C3:00:00:63:4D:09,-56,127,3.0,4.0,1.5
1783351423587,2026-07-06 17:23:43.587,C3:00:00:63:4D:07,-60,127,3.0,4.0,1.5
1783351423605,2026-07-06 17:23:43.605,C3:00:00:63:4D:05,-61,127,3.0,4.0,1.5
1783351423622,2026-07-06 17:23:43.622,C3:00:00:63:4D:0A,-62,127,3.0,4.0,1.5
1783351423625,2026-07-06 17:23:43.625,C3:00:00:63:4C:D2,-72,127,3.0,4.0,1.5
1783351423650,2026-07-06 17:23:43.650,C3:00:00:63:4D:0D,-61,127,3.0,4.0,1.5
1783351423685,2026-07-06 17:23:43.685,C3:00:00:63:4D:09,-59,127,3.0,4.0,1.5
1783351423705,2026-07-06 17:23:43.705,C3:00:00:63:4D:05,-67,127,3.0,4.0,1.5
1783351423731,2026-07-06 17:23:43.731,C3:00:00:63:4D:0A,-61,127,3.0,4.0,1.5
1783351423744,2026-07-06 17:23:43.744,C3:00:00:63:4D:04,-57,127,3.0,4.0,1.5
1783351423758,2026-07-06 17:23:43.758,C3:00:00:63:4D:0D,-52,127,3.0,4.0,1.5
1783351423763,2026-07-06 17:23:43.763,C3:00:00:63:4D:04,-57,127,3.0,4.0,1.5
1783351423778,2026-07-06 17:23:43.778,C3:00:00:63:4D:08,-58,127,3.0,4.0,1.5
1783351423785,2026-07-06 17:23:43.785,C3:00:00:63:4D:07,-64,127,3.0,4.0,1.5
1783351423794,2026-07-06 17:23:43.794,C3:00:00:63:4D:09,-54,127,3.0,4.0,1.5
1783351423798,2026-07-06 17:23:43.798,C3:00:00:63:4D:04,-55,127,3.0,4.0,1.5
1783351423813,2026-07-06 17:23:43.813,C3:00:00:63:4D:05,-58,127,3.0,4.0,1.5
1783351423830,2026-07-06 17:23:43.830,C3:00:00:63:4D:09,-55,127,3.0,4.0,1.5
1783351423836,2026-07-06 17:23:43.836,C3:00:00:63:4D:0A,-55,127,3.0,4.0,1.5
1783351423838,2026-07-06 17:23:43.838,C3:00:00:63:4C:D2,-61,127,3.0,4.0,1.5
1783351423850,2026-07-06 17:23:43.850,C3:00:00:63:4D:04,-66,127,3.0,4.0,1.5
1783351423884,2026-07-06 17:23:43.884,C3:00:00:63:4D:07,-64,127,3.0,4.0,1.5
1783351423940,2026-07-06 17:23:43.940,C3:00:00:63:4D:0A,-60,127,3.0,4.0,1.5
1783351423974,2026-07-06 17:23:43.974,C3:00:00:63:4D:0D,-52,127,3.0,4.0,1.5
1783351423988,2026-07-06 17:23:43.988,C3:00:00:63:4D:07,-65,127,3.0,4.0,1.5
1783351424010,2026-07-06 17:23:44.010,C3:00:00:63:4D:05,-62,127,3.0,4.0,1.5
1783351424017,2026-07-06 17:23:44.017,C3:00:00:63:4D:08,-53,127,3.0,4.0,1.5
1783351424029,2026-07-06 17:23:44.029,C3:00:00:63:4D:09,-54,127,3.0,4.0,1.5
1783351424043,2026-07-06 17:23:44.043,C3:00:00:63:4D:0A,-64,127,3.0,4.0,1.5
1783351424047,2026-07-06 17:23:44.047,C3:00:00:63:4D:04,-56,127,3.0,4.0,1.5
1783351424054,2026-07-06 17:23:44.054,C3:00:00:63:4C:D2,-58,127,3.0,4.0,1.5
1783351424079,2026-07-06 17:23:44.079,C3:00:00:63:4D:0D,-52,127,3.0,4.0,1.5
1783351424084,2026-07-06 17:23:44.084,C3:00:00:63:4D:07,-66,127,3.0,4.0,1.5
1783351424119,2026-07-06 17:23:44.119,C3:00:00:63:4D:05,-56,127,3.0,4.0,1.5
1783351424124,2026-07-06 17:23:44.124,C3:00:00:63:4D:08,-54,127,3.0,4.0,1.5
1783351424147,2026-07-06 17:23:44.147,C3:00:00:63:4D:07,-68,127,3.0,4.0,1.5
1783351424151,2026-07-06 17:23:44.151,C3:00:00:63:4D:0A,-54,127,3.0,4.0,1.5
1783351424155,2026-07-06 17:23:44.155,C3:00:00:63:4D:04,-62,127,3.0,4.0,1.5
1783351424161,2026-07-06 17:23:44.161,C3:00:00:63:4C:D2,-56,127,3.0,4.0,1.5
1783351424185,2026-07-06 17:23:44.185,C3:00:00:63:4D:07,-68,127,3.0,4.0,1.5
1783351424194,2026-07-06 17:23:44.194,C3:00:00:63:4D:0D,-55,127,3.0,4.0,1.5
1783351424212,2026-07-06 17:23:44.212,C3:00:00:63:4D:05,-76,127,3.0,4.0,1.5
1783351424238,2026-07-06 17:23:44.238,C3:00:00:63:4D:08,-54,127,3.0,4.0,1.5
1783351424285,2026-07-06 17:23:44.285,C3:00:00:63:4D:07,-66,127,3.0,4.0,1.5
1783351424307,2026-07-06 17:23:44.307,C3:00:00:63:4D:0D,-54,127,3.0,4.0,1.5
1783351424310,2026-07-06 17:23:44.310,C3:00:00:63:4D:08,-59,127,3.0,4.0,1.5
1783351424313,2026-07-06 17:23:44.313,C3:00:00:63:4D:05,-54,127,3.0,4.0,1.5
1783351424357,2026-07-06 17:23:44.357,C3:00:00:63:4D:08,-61,127,3.0,4.0,1.5
1783351424360,2026-07-06 17:23:44.360,C3:00:00:63:4D:0A,-61,127,3.0,4.0,1.5
1783351424363,2026-07-06 17:23:44.363,C3:00:00:63:4D:04,-58,127,3.0,4.0,1.5
1783351424378,2026-07-06 17:23:44.378,C3:00:00:63:4C:D2,-57,127,3.0,4.0,1.5
1783351424384,2026-07-06 17:23:44.384,C3:00:00:63:4D:07,-60,127,3.0,4.0,1.5
1783351424417,2026-07-06 17:23:44.417,C3:00:00:63:4D:05,-58,127,3.0,4.0,1.5
1783351424442,2026-07-06 17:23:44.442,C3:00:00:63:4D:05,-58,127,3.0,4.0,1.5
1783351424463,2026-07-06 17:23:44.463,C3:00:00:63:4D:0A,-74,127,3.0,4.0,1.5
1783351424469,2026-07-06 17:23:44.469,C3:00:00:63:4D:09,-56,127,3.0,4.0,1.5
1783351424472,2026-07-06 17:23:44.472,C3:00:00:63:4D:04,-62,127,3.0,4.0,1.5
1783351424477,2026-07-06 17:23:44.477,C3:00:00:63:4D:08,-51,127,3.0,4.0,1.5
1783351424486,2026-07-06 17:23:44.486,C3:00:00:63:4D:09,-55,127,3.0,4.0,1.5
1783351424512,2026-07-06 17:23:44.512,C3:00:00:63:4D:05,-65,127,3.0,4.0,1.5
1783351424561,2026-07-06 17:23:44.561,C3:00:00:63:4D:0A,-64,127,3.0,4.0,1.5
1783351424580,2026-07-06 17:23:44.580,C3:00:00:63:4D:07,-62,127,3.0,4.0,1.5
1783351424586,2026-07-06 17:23:44.586,C3:00:00:63:4C:D2,-66,127,3.0,4.0,1.5
1783351424596,2026-07-06 17:23:44.596,C3:00:00:63:4D:09,-62,127,3.0,4.0,1.5
1783351424607,2026-07-06 17:23:44.607,C3:00:00:63:4D:04,-56,127,3.0,4.0,1.5
1783351424617,2026-07-06 17:23:44.617,C3:00:00:63:4D:05,-58,127,3.0,4.0,1.5
1783351424621,2026-07-06 17:23:44.621,C3:00:00:63:4D:0D,-49,127,3.0,4.0,1.5
1783351424628,2026-07-06 17:23:44.628,C3:00:00:63:4D:04,-63,127,3.0,4.0,1.5
1783351424656,2026-07-06 17:23:44.656,C3:00:00:63:4D:0A,-60,127,3.0,4.0,1.5
1783351424664,2026-07-06 17:23:44.664,C3:00:00:63:4D:04,-55,127,3.0,4.0,1.5
1783351424676,2026-07-06 17:23:44.676,C3:00:00:63:4D:0A,-60,127,3.0,4.0,1.5
1783351424686,2026-07-06 17:23:44.686,C3:00:00:63:4D:07,-64,127,3.0,4.0,1.5
1783351424694,2026-07-06 17:23:44.694,C3:00:00:63:4D:0D,-49,127,3.0,4.0,1.5
1783351424706,2026-07-06 17:23:44.706,C3:00:00:63:4D:08,-60,127,3.0,4.0,1.5
1783351424713,2026-07-06 17:23:44.713,C3:00:00:63:4C:D2,-60,127,3.0,4.0,1.5
1783351424715,2026-07-06 17:23:44.715,C3:00:00:63:4D:09,-57,127,3.0,4.0,1.5
1783351424721,2026-07-06 17:23:44.721,C3:00:00:63:4D:05,-60,127,3.0,4.0,1.5
1783351424734,2026-07-06 17:23:44.734,C3:00:00:63:4D:0D,-54,127,3.0,4.0,1.5
1783351424761,2026-07-06 17:23:44.761,C3:00:00:63:4D:07,-73,127,3.0,4.0,1.5
1783351424770,2026-07-06 17:23:44.770,C3:00:00:63:4D:04,-61,127,3.0,4.0,1.5
1783351424777,2026-07-06 17:23:44.777,C3:00:00:63:4D:0A,-64,127,3.0,4.0,1.5
1783351424784,2026-07-06 17:23:44.784,C3:00:00:63:4D:07,-69,127,3.0,4.0,1.5
1783351424797,2026-07-06 17:23:44.797,C3:00:00:63:4C:D2,-56,127,3.0,4.0,1.5
1783351424816,2026-07-06 17:23:44.816,C3:00:00:63:4D:05,-67,127,3.0,4.0,1.5
1783351424833,2026-07-06 17:23:44.833,C3:00:00:63:4D:0D,-54,127,3.0,4.0,1.5
1783351424872,2026-07-06 17:23:44.872,C3:00:00:63:4D:04,-55,127,3.0,4.0,1.5
1783351424877,2026-07-06 17:23:44.877,C3:00:00:63:4D:07,-59,127,3.0,4.0,1.5
1783351424922,2026-07-06 17:23:44.922,C3:00:00:63:4D:05,-55,127,3.0,4.0,1.5
1783351424925,2026-07-06 17:23:44.925,C3:00:00:63:4C:D2,-57,127,3.0,4.0,1.5
1783351424935,2026-07-06 17:23:44.935,C3:00:00:63:4D:08,-54,127,3.0,4.0,1.5
1783351424940,2026-07-06 17:23:44.940,C3:00:00:63:4D:09,-54,127,3.0,4.0,1.5
1783351424952,2026-07-06 17:23:44.952,C3:00:00:63:4D:0D,-51,127,3.0,4.0,1.5
1783351424980,2026-07-06 17:23:44.980,C3:00:00:63:4D:04,-58,127,3.0,4.0,1.5
1783351425004,2026-07-06 17:23:45.004,C3:00:00:63:4C:D2,-56,127,3.0,4.0,1.5
1783351425024,2026-07-06 17:23:45.024,C3:00:00:63:4D:05,-60,127,3.0,4.0,1.5
1783351425026,2026-07-06 17:23:45.026,C3:00:00:63:4D:09,-57,127,3.0,4.0,1.5
1783351425046,2026-07-06 17:23:45.046,C3:00:00:63:4D:08,-55,127,3.0,4.0,1.5
1783351425053,2026-07-06 17:23:45.053,C3:00:00:63:4D:09,-57,127,3.0,4.0,1.5
1783351425054,2026-07-06 17:23:45.054,C3:00:00:63:4D:0D,-62,127,3.0,4.0,1.5
1783351425073,2026-07-06 17:23:45.073,C3:00:00:63:4D:07,-70,127,3.0,4.0,1.5
1783351425085,2026-07-06 17:23:45.085,C3:00:00:63:4D:04,-64,127,3.0,4.0,1.5
1783351425087,2026-07-06 17:23:45.087,C3:00:00:63:4D:0A,-60,127,3.0,4.0,1.5
1783351425096,2026-07-06 17:23:45.096,C3:00:00:63:4D:07,-67,127,3.0,4.0,1.5
1783351425109,2026-07-06 17:23:45.109,C3:00:00:63:4D:0A,-60,127,3.0,4.0,1.5
1783351425112,2026-07-06 17:23:45.112,C3:00:00:63:4C:D2,-64,127,3.0,4.0,1.5
1783351425119,2026-07-06 17:23:45.119,C3:00:00:63:4D:05,-82,127,3.0,4.0,1.5
1783351425163,2026-07-06 17:23:45.163,C3:00:00:63:4D:0D,-67,127,3.0,4.0,1.5
1783351425166,2026-07-06 17:23:45.166,C3:00:00:63:4D:08,-52,127,3.0,4.0,1.5
1783351425178,2026-07-06 17:23:45.178,C3:00:00:63:4D:07,-61,127,3.0,4.0,1.5
1783351425182,2026-07-06 17:23:45.182,C3:00:00:63:4D:04,-55,127,3.0,4.0,1.5
1783351425193,2026-07-06 17:23:45.193,C3:00:00:63:4D:0A,-58,127,3.0,4.0,1.5
1783351425218,2026-07-06 17:23:45.218,C3:00:00:63:4D:05,-56,127,3.0,4.0,1.5
1783351425224,2026-07-06 17:23:45.224,C3:00:00:63:4C:D2,-57,127,3.0,4.0,1.5
1783351425260,2026-07-06 17:23:45.260,C3:00:00:63:4D:08,-60,127,3.0,4.0,1.5
1783351425275,2026-07-06 17:23:45.275,C3:00:00:63:4D:0D,-57,127,3.0,4.0,1.5
1783351425282,2026-07-06 17:23:45.282,C3:00:00:63:4D:09,-54,127,3.0,4.0,1.5
1783351425294,2026-07-06 17:23:45.294,C3:00:00:63:4D:07,-63,127,3.0,4.0,1.5
1783351425296,2026-07-06 17:23:45.296,C3:00:00:63:4D:04,-57,127,3.0,4.0,1.5
1783351425306,2026-07-06 17:23:45.306,C3:00:00:63:4D:0A,-74,127,3.0,4.0,1.5
1783351425323,2026-07-06 17:23:45.323,C3:00:00:63:4D:05,-60,127,3.0,4.0,1.5
1783351425329,2026-07-06 17:23:45.329,C3:00:00:63:4C:D2,-55,127,3.0,4.0,1.5
1783351425363,2026-07-06 17:23:45.363,C3:00:00:63:4D:0D,-60,127,3.0,4.0,1.5
1783351425388,2026-07-06 17:23:45.388,C3:00:00:63:4D:0D,-59,127,3.0,4.0,1.5
1783351425391,2026-07-06 17:23:45.391,C3:00:00:63:4D:04,-63,127,3.0,4.0,1.5
1783351425395,2026-07-06 17:23:45.395,C3:00:00:63:4D:08,-53,127,3.0,4.0,1.5
1783351425403,2026-07-06 17:23:45.403,C3:00:00:63:4D:09,-60,127,3.0,4.0,1.5
1783351425424,2026-07-06 17:23:45.424,C3:00:00:63:4D:05,-73,127,3.0,4.0,1.5
1783351425457,2026-07-06 17:23:45.457,C3:00:00:63:4D:05,-78,127,3.0,4.0,1.5
1783351425475,2026-07-06 17:23:45.475,C3:00:00:63:4D:08,-57,127,3.0,4.0,1.5
1783351425487,2026-07-06 17:23:45.487,C3:00:00:63:4D:04,-55,127,3.0,4.0,1.5
1783351425506,2026-07-06 17:23:45.506,C3:00:00:63:4D:08,-56,127,3.0,4.0,1.5
1783351425508,2026-07-06 17:23:45.508,C3:00:00:63:4D:09,-61,127,3.0,4.0,1.5
1783351425511,2026-07-06 17:23:45.511,C3:00:00:63:4D:07,-78,127,3.0,4.0,1.5
1783351425516,2026-07-06 17:23:45.516,C3:00:00:63:4D:0A,-71,127,3.0,4.0,1.5
1783351425540,2026-07-06 17:23:45.540,C3:00:00:63:4C:D2,-56,127,3.0,4.0,1.5
1783351425586,2026-07-06 17:23:45.586,C3:00:00:63:4D:07,-64,127,3.0,4.0,1.5
1783351425604,2026-07-06 17:23:45.604,C3:00:00:63:4D:04,-59,127,3.0,4.0,1.5
1783351425617,2026-07-06 17:23:45.617,C3:00:00:63:4D:0A,-60,127,3.0,4.0,1.5
1783351425633,2026-07-06 17:23:45.633,C3:00:00:63:4D:09,-58,127,3.0,4.0,1.5
1783351425650,2026-07-06 17:23:45.650,C3:00:00:63:4C:D2,-55,127,3.0,4.0,1.5
1783351425680,2026-07-06 17:23:45.680,C3:00:00:63:4D:07,-68,127,3.0,4.0,1.5
1783351425699,2026-07-06 17:23:45.699,C3:00:00:63:4D:04,-63,127,3.0,4.0,1.5
1783351425703,2026-07-06 17:23:45.703,C3:00:00:63:4D:0D,-54,127,3.0,4.0,1.5
1783351425721,2026-07-06 17:23:45.721,C3:00:00:63:4D:0A,-56,127,3.0,4.0,1.5
1783351425731,2026-07-06 17:23:45.731,C3:00:00:63:4D:05,-65,127,3.0,4.0,1.5
1783351425736,2026-07-06 17:23:45.736,C3:00:00:63:4D:08,-54,127,3.0,4.0,1.5
1783351425741,2026-07-06 17:23:45.741,C3:00:00:63:4D:09,-60,127,3.0,4.0,1.5
1783351425752,2026-07-06 17:23:45.752,C3:00:00:63:4C:D2,-62,127,3.0,4.0,1.5
1783351425785,2026-07-06 17:23:45.785,C3:00:00:63:4D:07,-59,127,3.0,4.0,1.5
1783351425803,2026-07-06 17:23:45.803,C3:00:00:63:4D:04,-54,127,3.0,4.0,1.5
1783351425810,2026-07-06 17:23:45.810,C3:00:00:63:4D:0D,-51,127,3.0,4.0,1.5
1783351425820,2026-07-06 17:23:45.820,C3:00:00:63:4D:04,-56,127,3.0,4.0,1.5
1783351425827,2026-07-06 17:23:45.827,C3:00:00:63:4D:05,-55,127,3.0,4.0,1.5
1783351425854,2026-07-06 17:23:45.854,C3:00:00:63:4D:09,-56,127,3.0,4.0,1.5
1783351425906,2026-07-06 17:23:45.906,C3:00:00:63:4D:04,-56,127,3.0,4.0,1.5
1783351425933,2026-07-06 17:23:45.933,C3:00:00:63:4D:05,-55,127,3.0,4.0,1.5
1783351425938,2026-07-06 17:23:45.938,C3:00:00:63:4D:0A,-63,127,3.0,4.0,1.5
1783351425978,2026-07-06 17:23:45.978,C3:00:00:63:4D:07,-63,127,3.0,4.0,1.5
1783351425999,2026-07-06 17:23:45.999,C3:00:00:63:4C:D2,-56,127,3.0,4.0,1.5
1783351426007,2026-07-06 17:23:46.007,C3:00:00:63:4D:04,-55,127,3.0,4.0,1.5
1783351426028,2026-07-06 17:23:46.028,C3:00:00:63:4D:0D,-58,127,3.0,4.0,1.5
1783351426034,2026-07-06 17:23:46.034,C3:00:00:63:4D:05,-71,127,3.0,4.0,1.5
1783351426042,2026-07-06 17:23:46.042,C3:00:00:63:4D:0A,-58,127,3.0,4.0,1.5
1783351426069,2026-07-06 17:23:46.069,C3:00:00:63:4C:D2,-65,127,3.0,4.0,1.5
1783351426076,2026-07-06 17:23:46.076,C3:00:00:63:4D:09,-60,127,3.0,4.0,1.5
1783351426083,2026-07-06 17:23:46.083,C3:00:00:63:4D:08,-56,127,3.0,4.0,1.5
1783351426088,2026-07-06 17:23:46.088,C3:00:00:63:4D:07,-61,127,3.0,4.0,1.5
1783351426112,2026-07-06 17:23:46.112,C3:00:00:63:4D:04,-56,127,3.0,4.0,1.5
1783351426129,2026-07-06 17:23:46.129,C3:00:00:63:4D:05,-59,127,3.0,4.0,1.5
1783351426141,2026-07-06 17:23:46.141,C3:00:00:63:4D:0D,-54,127,3.0,4.0,1.5
1783351426145,2026-07-06 17:23:46.145,C3:00:00:63:4D:0A,-68,127,3.0,4.0,1.5
1783351426175,2026-07-06 17:23:46.175,C3:00:00:63:4C:D2,-55,127,3.0,4.0,1.5
1783351426182,2026-07-06 17:23:46.182,C3:00:00:63:4D:07,-63,127,3.0,4.0,1.5
1783351426192,2026-07-06 17:23:46.192,C3:00:00:63:4D:09,-54,127,3.0,4.0,1.5
1783351426200,2026-07-06 17:23:46.200,C3:00:00:63:4D:08,-63,127,3.0,4.0,1.5
1783351426218,2026-07-06 17:23:46.218,C3:00:00:63:4D:04,-64,127,3.0,4.0,1.5
1783351426221,2026-07-06 17:23:46.221,C3:00:00:63:4D:0A,-89,127,3.0,4.0,1.5
1783351426237,2026-07-06 17:23:46.237,C3:00:00:63:4D:05,-54,127,3.0,4.0,1.5
1783351426263,2026-07-06 17:23:46.263,C3:00:00:63:4D:05,-62,127,3.0,4.0,1.5
1783351426283,2026-07-06 17:23:46.283,C3:00:00:63:4D:07,-66,127,3.0,4.0,1.5
1783351426285,2026-07-06 17:23:46.285,C3:00:00:63:4C:D2,-56,127,3.0,4.0,1.5
1783351426303,2026-07-06 17:23:46.303,C3:00:00:63:4D:09,-56,127,3.0,4.0,1.5
1783351426319,2026-07-06 17:23:46.319,C3:00:00:63:4D:08,-54,127,3.0,4.0,1.5
1783351426323,2026-07-06 17:23:46.323,C3:00:00:63:4D:04,-55,127,3.0,4.0,1.5
1783351426332,2026-07-06 17:23:46.332,C3:00:00:63:4D:05,-65,127,3.0,4.0,1.5
1783351426349,2026-07-06 17:23:46.349,C3:00:00:63:4D:0A,-58,127,3.0,4.0,1.5
1783351426385,2026-07-06 17:23:46.385,C3:00:00:63:4D:07,-66,127,3.0,4.0,1.5
1783351426388,2026-07-06 17:23:46.388,C3:00:00:63:4C:D2,-66,127,3.0,4.0,1.5
1783351426422,2026-07-06 17:23:46.422,C3:00:00:63:4D:09,-54,127,3.0,4.0,1.5
1783351426436,2026-07-06 17:23:46.436,C3:00:00:63:4D:05,-55,127,3.0,4.0,1.5
1783351426460,2026-07-06 17:23:46.460,C3:00:00:63:4D:05,-56,127,3.0,4.0,1.5
1783351426466,2026-07-06 17:23:46.466,C3:00:00:63:4D:0D,-60,127,3.0,4.0,1.5
1783351426475,2026-07-06 17:23:46.475,C3:00:00:63:4D:09,-55,127,3.0,4.0,1.5
1783351426476,2026-07-06 17:23:46.476,C3:00:00:63:4D:07,-67,127,3.0,4.0,1.5
1783351426490,2026-07-06 17:23:46.490,C3:00:00:63:4C:D2,-55,127,3.0,4.0,1.5
1783351426523,2026-07-06 17:23:46.523,C3:00:00:63:4D:04,-64,127,3.0,4.0,1.5
1783351426536,2026-07-06 17:23:46.536,C3:00:00:63:4D:09,-58,127,3.0,4.0,1.5
1783351426581,2026-07-06 17:23:46.581,C3:00:00:63:4D:07,-64,127,3.0,4.0,1.5
1783351426602,2026-07-06 17:23:46.602,C3:00:00:63:4C:D2,-58,127,3.0,4.0,1.5
1783351426608,2026-07-06 17:23:46.608,C3:00:00:63:4D:04,-63,127,3.0,4.0,1.5
1783351426626,2026-07-06 17:23:46.626,C3:00:00:63:4D:04,-55,127,3.0,4.0,1.5
1783351426635,2026-07-06 17:23:46.635,C3:00:00:63:4D:05,-68,127,3.0,4.0,1.5
1783351426643,2026-07-06 17:23:46.643,C3:00:00:63:4D:09,-62,127,3.0,4.0,1.5
1783351426660,2026-07-06 17:23:46.660,C3:00:00:63:4D:0A,-58,127,3.0,4.0,1.5
1783351426676,2026-07-06 17:23:46.676,C3:00:00:63:4D:0D,-65,127,3.0,4.0,1.5
1783351426678,2026-07-06 17:23:46.678,C3:00:00:63:4D:0A,-58,127,3.0,4.0,1.5
1783351426681,2026-07-06 17:23:46.681,C3:00:00:63:4D:07,-61,127,3.0,4.0,1.5
1783351426701,2026-07-06 17:23:46.701,C3:00:00:63:4D:0D,-65,127,3.0,4.0,1.5
1783351426728,2026-07-06 17:23:46.728,C3:00:00:63:4D:04,-56,127,3.0,4.0,1.5
1783351426743,2026-07-06 17:23:46.743,C3:00:00:63:4D:05,-57,127,3.0,4.0,1.5
1783351426765,2026-07-06 17:23:46.765,C3:00:00:63:4D:09,-54,127,3.0,4.0,1.5
1783351426769,2026-07-06 17:23:46.769,C3:00:00:63:4D:07,-63,127,3.0,4.0,1.5
1783351426775,2026-07-06 17:23:46.775,C3:00:00:63:4D:08,-55,127,3.0,4.0,1.5
1783351426789,2026-07-06 17:23:46.789,C3:00:00:63:4D:0D,-52,127,3.0,4.0,1.5
1783351426793,2026-07-06 17:23:46.793,C3:00:00:63:4C:D2,-64,127,3.0,4.0,1.5
1783351426798,2026-07-06 17:23:46.798,C3:00:00:63:4D:07,-61,127,3.0,4.0,1.5
1783351426887,2026-07-06 17:23:46.887,C3:00:00:63:4D:07,-62,127,3.0,4.0,1.5
1783351426892,2026-07-06 17:23:46.892,C3:00:00:63:4D:08,-54,127,3.0,4.0,1.5
1783351426895,2026-07-06 17:23:46.895,C3:00:00:63:4D:0D,-54,127,3.0,4.0,1.5
1783351426917,2026-07-06 17:23:46.917,C3:00:00:63:4C:D2,-65,127,3.0,4.0,1.5
1783351426937,2026-07-06 17:23:46.937,C3:00:00:63:4D:05,-69,127,3.0,4.0,1.5
1783351426942,2026-07-06 17:23:46.942,C3:00:00:63:4D:04,-56,127,3.0,4.0,1.5
1783351426979,2026-07-06 17:23:46.979,C3:00:00:63:4D:0A,-61,127,3.0,4.0,1.5
1783351426984,2026-07-06 17:23:46.984,C3:00:00:63:4D:09,-61,127,3.0,4.0,1.5
1783351427006,2026-07-06 17:23:47.006,C3:00:00:63:4D:08,-55,127,3.0,4.0,1.5
1783351427020,2026-07-06 17:23:47.020,C3:00:00:63:4C:D2,-55,127,3.0,4.0,1.5
1783351427037,2026-07-06 17:23:47.037,C3:00:00:63:4D:04,-56,127,3.0,4.0,1.5
1783351427042,2026-07-06 17:23:47.042,C3:00:00:63:4D:09,-54,127,3.0,4.0,1.5
1783351427049,2026-07-06 17:23:47.049,C3:00:00:63:4D:05,-55,127,3.0,4.0,1.5
1783351427087,2026-07-06 17:23:47.087,C3:00:00:63:4D:07,-67,127,3.0,4.0,1.5
1783351427090,2026-07-06 17:23:47.090,C3:00:00:63:4D:0A,-60,127,3.0,4.0,1.5
1783351427109,2026-07-06 17:23:47.109,C3:00:00:63:4D:0A,-61,127,3.0,4.0,1.5
1783351427113,2026-07-06 17:23:47.113,C3:00:00:63:4D:09,-56,127,3.0,4.0,1.5
1783351427130,2026-07-06 17:23:47.130,C3:00:00:63:4C:D2,-55,127,3.0,4.0,1.5
1783351427188,2026-07-06 17:23:47.188,C3:00:00:63:4D:07,-74,127,3.0,4.0,1.5
1783351427195,2026-07-06 17:23:47.195,C3:00:00:63:4D:0A,-60,127,3.0,4.0,1.5
1783351427211,2026-07-06 17:23:47.211,C3:00:00:63:4D:0D,-57,127,3.0,4.0,1.5
1783351427217,2026-07-06 17:23:47.217,C3:00:00:63:4D:09,-61,127,3.0,4.0,1.5
1783351427239,2026-07-06 17:23:47.239,C3:00:00:63:4D:08,-55,127,3.0,4.0,1.5
1783351427242,2026-07-06 17:23:47.242,C3:00:00:63:4C:D2,-68,127,3.0,4.0,1.5
1783351427243,2026-07-06 17:23:47.243,C3:00:00:63:4D:04,-56,127,3.0,4.0,1.5
1783351427284,2026-07-06 17:23:47.284,C3:00:00:63:4D:07,-67,127,3.0,4.0,1.5
1783351427300,2026-07-06 17:23:47.300,C3:00:00:63:4D:0A,-67,127,3.0,4.0,1.5
1783351427321,2026-07-06 17:23:47.321,C3:00:00:63:4D:0D,-49,127,3.0,4.0,1.5
1783351427331,2026-07-06 17:23:47.331,C3:00:00:63:4D:09,-55,127,3.0,4.0,1.5
1783351427345,2026-07-06 17:23:47.345,C3:00:00:63:4C:D2,-58,127,3.0,4.0,1.5
1783351427347,2026-07-06 17:23:47.347,C3:00:00:63:4D:05,-54,127,3.0,4.0,1.5
1783351427352,2026-07-06 17:23:47.352,C3:00:00:63:4D:08,-63,127,3.0,4.0,1.5
1783351427361,2026-07-06 17:23:47.361,C3:00:00:63:4D:08,-71,127,3.0,4.0,1.5
1783351427380,2026-07-06 17:23:47.380,C3:00:00:63:4D:07,-61,127,3.0,4.0,1.5
1783351427390,2026-07-06 17:23:47.390,C3:00:00:63:4D:0D,-57,127,3.0,4.0,1.5
1783351427407,2026-07-06 17:23:47.407,C3:00:00:63:4D:0A,-61,127,3.0,4.0,1.5
1783351427436,2026-07-06 17:23:47.436,C3:00:00:63:4D:0D,-54,127,3.0,4.0,1.5
1783351427446,2026-07-06 17:23:47.446,C3:00:00:63:4C:D2,-56,127,3.0,4.0,1.5
1783351427449,2026-07-06 17:23:47.449,C3:00:00:63:4D:09,-58,127,3.0,4.0,1.5
1783351427453,2026-07-06 17:23:47.453,C3:00:00:63:4D:04,-61,127,3.0,4.0,1.5
1783351427466,2026-07-06 17:23:47.466,C3:00:00:63:4D:08,-50,127,3.0,4.0,1.5
1783351427481,2026-07-06 17:23:47.481,C3:00:00:63:4D:08,-49,127,3.0,4.0,1.5
1783351427490,2026-07-06 17:23:47.490,C3:00:00:63:4D:07,-69,127,3.0,4.0,1.5
1783351427509,2026-07-06 17:23:47.509,C3:00:00:63:4D:0A,-65,127,3.0,4.0,1.5
1783351427515,2026-07-06 17:23:47.515,C3:00:00:63:4D:09,-69,127,3.0,4.0,1.5
1783351427522,2026-07-06 17:23:47.522,C3:00:00:63:4D:05,-70,127,3.0,4.0,1.5
1783351427578,2026-07-06 17:23:47.578,C3:00:00:63:4D:08,-54,127,3.0,4.0,1.5
1783351427583,2026-07-06 17:23:47.583,C3:00:00:63:4D:07,-74,127,3.0,4.0,1.5
1783351427612,2026-07-06 17:23:47.612,C3:00:00:63:4D:0A,-58,127,3.0,4.0,1.5
1783351427648,2026-07-06 17:23:47.648,C3:00:00:63:4D:0D,-53,127,3.0,4.0,1.5
1783351427657,2026-07-06 17:23:47.657,C3:00:00:63:4D:04,-56,127,3.0,4.0,1.5
1783351427670,2026-07-06 17:23:47.670,C3:00:00:63:4C:D2,-57,127,3.0,4.0,1.5
1783351427682,2026-07-06 17:23:47.682,C3:00:00:63:4D:09,-55,127,3.0,4.0,1.5
1783351427686,2026-07-06 17:23:47.686,C3:00:00:63:4D:07,-62,127,3.0,4.0,1.5
1783351427715,2026-07-06 17:23:47.715,C3:00:00:63:4D:0A,-58,127,3.0,4.0,1.5
1783351427759,2026-07-06 17:23:47.759,C3:00:00:63:4D:05,-54,127,3.0,4.0,1.5
1783351427764,2026-07-06 17:23:47.764,C3:00:00:63:4D:0D,-60,127,3.0,4.0,1.5
1783351427786,2026-07-06 17:23:47.786,C3:00:00:63:4D:09,-55,127,3.0,4.0,1.5
1783351427806,2026-07-06 17:23:47.806,C3:00:00:63:4D:08,-53,127,3.0,4.0,1.5
1783351427816,2026-07-06 17:23:47.816,C3:00:00:63:4D:04,-63,127,3.0,4.0,1.5
1783351427825,2026-07-06 17:23:47.825,C3:00:00:63:4D:0A,-57,127,3.0,4.0,1.5
1783351427853,2026-07-06 17:23:47.853,C3:00:00:63:4D:05,-62,127,3.0,4.0,1.5
1783351427858,2026-07-06 17:23:47.858,C3:00:00:63:4D:04,-64,127,3.0,4.0,1.5
1783351427881,2026-07-06 17:23:47.881,C3:00:00:63:4D:07,-65,127,3.0,4.0,1.5
1783351427902,2026-07-06 17:23:47.902,C3:00:00:63:4D:09,-62,127,3.0,4.0,1.5
1783351427925,2026-07-06 17:23:47.925,C3:00:00:63:4D:08,-57,127,3.0,4.0,1.5
1783351427930,2026-07-06 17:23:47.930,C3:00:00:63:4D:0A,-61,127,3.0,4.0,1.5
1783351427953,2026-07-06 17:23:47.953,C3:00:00:63:4D:05,-56,127,3.0,4.0,1.5
1783351427971,2026-07-06 17:23:47.971,C3:00:00:63:4D:0D,-51,127,3.0,4.0,1.5
1783351427975,2026-07-06 17:23:47.975,C3:00:00:63:4D:04,-57,127,3.0,4.0,1.5
1783351427979,2026-07-06 17:23:47.979,C3:00:00:63:4D:07,-68,127,3.0,4.0,1.5
1783351428037,2026-07-06 17:23:48.037,C3:00:00:63:4D:0A,-64,127,3.0,4.0,1.5
1783351428042,2026-07-06 17:23:48.042,C3:00:00:63:4D:08,-52,127,3.0,4.0,1.5
1783351428060,2026-07-06 17:23:48.060,C3:00:00:63:4D:05,-61,127,3.0,4.0,1.5
1783351428078,2026-07-06 17:23:48.078,C3:00:00:63:4D:04,-63,127,3.0,4.0,1.5
1783351428132,2026-07-06 17:23:48.132,C3:00:00:63:4D:09,-60,127,3.0,4.0,1.5
1783351428137,2026-07-06 17:23:48.137,C3:00:00:63:4D:0A,-61,127,3.0,4.0,1.5
1783351428151,2026-07-06 17:23:48.151,C3:00:00:63:4D:08,-54,127,3.0,4.0,1.5
1783351428155,2026-07-06 17:23:48.155,C3:00:00:63:4D:07,-63,127,3.0,4.0,1.5
1783351428158,2026-07-06 17:23:48.158,C3:00:00:63:4D:05,-63,127,3.0,4.0,1.5
1783351428172,2026-07-06 17:23:48.172,C3:00:00:63:4D:04,-57,127,3.0,4.0,1.5
1783351428185,2026-07-06 17:23:48.185,C3:00:00:63:4C:D2,-71,127,3.0,4.0,1.5
1783351428246,2026-07-06 17:23:48.246,C3:00:00:63:4D:0A,-60,127,3.0,4.0,1.5
1783351428252,2026-07-06 17:23:48.252,C3:00:00:63:4D:05,-66,127,3.0,4.0,1.5
1783351428268,2026-07-06 17:23:48.268,C3:00:00:63:4D:08,-58,127,3.0,4.0,1.5
1783351428283,2026-07-06 17:23:48.283,C3:00:00:63:4D:04,-54,127,3.0,4.0,1.5
1783351428291,2026-07-06 17:23:48.291,C3:00:00:63:4D:0D,-51,127,3.0,4.0,1.5
1783351428297,2026-07-06 17:23:48.297,C3:00:00:63:4C:D2,-58,127,3.0,4.0,1.5
1783351428315,2026-07-06 17:23:48.315,C3:00:00:63:4D:08,-51,127,3.0,4.0,1.5
1783351428348,2026-07-06 17:23:48.348,C3:00:00:63:4D:0A,-59,127,3.0,4.0,1.5
1783351428366,2026-07-06 17:23:48.366,C3:00:00:63:4D:05,-60,127,3.0,4.0,1.5
1783351428369,2026-07-06 17:23:48.369,C3:00:00:63:4D:09,-62,127,3.0,4.0,1.5
1783351428383,2026-07-06 17:23:48.383,C3:00:00:63:4D:08,-49,127,3.0,4.0,1.5
1783351428387,2026-07-06 17:23:48.387,C3:00:00:63:4D:0D,-56,127,3.0,4.0,1.5
1783351428400,2026-07-06 17:23:48.400,C3:00:00:63:4C:D2,-57,127,3.0,4.0,1.5
1783351428405,2026-07-06 17:23:48.405,C3:00:00:63:4D:0D,-58,127,3.0,4.0,1.5
1783351428452,2026-07-06 17:23:48.452,C3:00:00:63:4D:0A,-57,127,3.0,4.0,1.5
1783351428455,2026-07-06 17:23:48.455,C3:00:00:63:4D:05,-63,127,3.0,4.0,1.5
1783351428477,2026-07-06 17:23:48.477,C3:00:00:63:4D:05,-63,127,3.0,4.0,1.5
1783351428482,2026-07-06 17:23:48.482,C3:00:00:63:4D:09,-63,127,3.0,4.0,1.5
1783351428487,2026-07-06 17:23:48.487,C3:00:00:63:4D:04,-56,127,3.0,4.0,1.5
1783351428501,2026-07-06 17:23:48.501,C3:00:00:63:4C:D2,-61,127,3.0,4.0,1.5
1783351428509,2026-07-06 17:23:48.509,C3:00:00:63:4D:0D,-49,127,3.0,4.0,1.5
1783351428562,2026-07-06 17:23:48.562,C3:00:00:63:4D:05,-58,127,3.0,4.0,1.5
1783351428586,2026-07-06 17:23:48.586,C3:00:00:63:4D:07,-61,127,3.0,4.0,1.5
1783351428591,2026-07-06 17:23:48.591,C3:00:00:63:4D:04,-57,127,3.0,4.0,1.5
1783351428596,2026-07-06 17:23:48.596,C3:00:00:63:4D:09,-54,127,3.0,4.0,1.5
1783351428609,2026-07-06 17:23:48.609,C3:00:00:63:4D:04,-58,127,3.0,4.0,1.5
1783351428612,2026-07-06 17:23:48.612,C3:00:00:63:4D:08,-48,127,3.0,4.0,1.5
1783351428623,2026-07-06 17:23:48.623,C3:00:00:63:4C:D2,-52,127,3.0,4.0,1.5
1783351428625,2026-07-06 17:23:48.625,C3:00:00:63:4D:0D,-54,127,3.0,4.0,1.5
1783351428628,2026-07-06 17:23:48.628,C3:00:00:63:4D:04,-64,127,3.0,4.0,1.5
1783351428662,2026-07-06 17:23:48.662,C3:00:00:63:4D:05,-61,127,3.0,4.0,1.5
1783351428664,2026-07-06 17:23:48.664,C3:00:00:63:4D:0A,-69,127,3.0,4.0,1.5
1783351428693,2026-07-06 17:23:48.693,C3:00:00:63:4D:04,-68,127,3.0,4.0,1.5
1783351428710,2026-07-06 17:23:48.710,C3:00:00:63:4D:09,-58,127,3.0,4.0,1.5
1783351428723,2026-07-06 17:23:48.723,C3:00:00:63:4D:0D,-56,127,3.0,4.0,1.5
1783351428727,2026-07-06 17:23:48.727,C3:00:00:63:4D:08,-55,127,3.0,4.0,1.5
1783351428730,2026-07-06 17:23:48.730,C3:00:00:63:4D:0D,-56,127,3.0,4.0,1.5
1783351428733,2026-07-06 17:23:48.733,C3:00:00:63:4C:D2,-70,127,3.0,4.0,1.5
1783351428766,2026-07-06 17:23:48.766,C3:00:00:63:4D:0A,-60,127,3.0,4.0,1.5
1783351428780,2026-07-06 17:23:48.780,C3:00:00:63:4D:07,-69,127,3.0,4.0,1.5
1783351428789,2026-07-06 17:23:48.789,C3:00:00:63:4D:04,-61,127,3.0,4.0,1.5
1783351428801,2026-07-06 17:23:48.801,C3:00:00:63:4D:07,-68,127,3.0,4.0,1.5
1783351428849,2026-07-06 17:23:48.849,C3:00:00:63:4D:08,-59,127,3.0,4.0,1.5
1783351428870,2026-07-06 17:23:48.870,C3:00:00:63:4D:05,-59,127,3.0,4.0,1.5
1783351428875,2026-07-06 17:23:48.875,C3:00:00:63:4D:0A,-65,127,3.0,4.0,1.5
1783351428881,2026-07-06 17:23:48.881,C3:00:00:63:4D:07,-62,127,3.0,4.0,1.5
1783351428893,2026-07-06 17:23:48.893,C3:00:00:63:4D:04,-53,127,3.0,4.0,1.5
1783351428926,2026-07-06 17:23:48.926,C3:00:00:63:4D:09,-55,127,3.0,4.0,1.5
1783351428931,2026-07-06 17:23:48.931,C3:00:00:63:4C:D2,-65,127,3.0,4.0,1.5
1783351428952,2026-07-06 17:23:48.952,C3:00:00:63:4D:0D,-56,127,3.0,4.0,1.5
1783351428959,2026-07-06 17:23:48.959,C3:00:00:63:4C:D2,-65,127,3.0,4.0,1.5
1783351428961,2026-07-06 17:23:48.961,C3:00:00:63:4D:08,-52,127,3.0,4.0,1.5
1783351428963,2026-07-06 17:23:48.963,C3:00:00:63:4D:05,-66,127,3.0,4.0,1.5
1783351428983,2026-07-06 17:23:48.983,C3:00:00:63:4D:0A,-57,127,3.0,4.0,1.5
1783351428985,2026-07-06 17:23:48.985,C3:00:00:63:4D:07,-65,127,3.0,4.0,1.5
1783351429053,2026-07-06 17:23:49.053,C3:00:00:63:4D:0D,-54,127,3.0,4.0,1.5
1783351429059,2026-07-06 17:23:49.059,C3:00:00:63:4D:05,-63,127,3.0,4.0,1.5
1783351429065,2026-07-06 17:23:49.065,C3:00:00:63:4D:09,-64,127,3.0,4.0,1.5
1783351429074,2026-07-06 17:23:49.074,C3:00:00:63:4D:08,-53,127,3.0,4.0,1.5
1783351429081,2026-07-06 17:23:49.081,C3:00:00:63:4D:07,-63,127,3.0,4.0,1.5
1783351429086,2026-07-06 17:23:49.086,C3:00:00:63:4D:0A,-54,127,3.0,4.0,1.5
1783351429144,2026-07-06 17:23:49.144,C3:00:00:63:4C:D2,-61,127,3.0,4.0,1.5
1783351429161,2026-07-06 17:23:49.161,C3:00:00:63:4D:09,-60,127,3.0,4.0,1.5
1783351429165,2026-07-06 17:23:49.165,C3:00:00:63:4D:05,-57,127,3.0,4.0,1.5
1783351429183,2026-07-06 17:23:49.183,C3:00:00:63:4D:07,-59,127,3.0,4.0,1.5
1783351429188,2026-07-06 17:23:49.188,C3:00:00:63:4D:0A,-66,127,3.0,4.0,1.5
1783351429252,2026-07-06 17:23:49.252,C3:00:00:63:4C:D2,-64,127,3.0,4.0,1.5
1783351429270,2026-07-06 17:23:49.270,C3:00:00:63:4D:05,-54,127,3.0,4.0,1.5
1783351429275,2026-07-06 17:23:49.275,C3:00:00:63:4D:0D,-59,127,3.0,4.0,1.5
1783351429278,2026-07-06 17:23:49.278,C3:00:00:63:4D:09,-63,127,3.0,4.0,1.5
1783351429283,2026-07-06 17:23:49.283,C3:00:00:63:4D:07,-61,127,3.0,4.0,1.5
1783351429299,2026-07-06 17:23:49.299,C3:00:00:63:4D:0A,-58,127,3.0,4.0,1.5
1783351429306,2026-07-06 17:23:49.306,C3:00:00:63:4D:08,-52,127,3.0,4.0,1.5
1783351429308,2026-07-06 17:23:49.308,C3:00:00:63:4D:04,-60,127,3.0,4.0,1.5
1783351429363,2026-07-06 17:23:49.363,C3:00:00:63:4C:D2,-70,127,3.0,4.0,1.5
1783351429388,2026-07-06 17:23:49.388,C3:00:00:63:4D:0D,-54,127,3.0,4.0,1.5
1783351429393,2026-07-06 17:23:49.393,C3:00:00:63:4D:09,-81,127,3.0,4.0,1.5
1783351429396,2026-07-06 17:23:49.396,C3:00:00:63:4D:0A,-56,127,3.0,4.0,1.5
1783351429406,2026-07-06 17:23:49.406,C3:00:00:63:4D:04,-56,127,3.0,4.0,1.5
1783351429417,2026-07-06 17:23:49.417,C3:00:00:63:4D:08,-67,127,3.0,4.0,1.5
1783351429461,2026-07-06 17:23:49.461,C3:00:00:63:4D:05,-72,127,3.0,4.0,1.5
1783351429486,2026-07-06 17:23:49.486,C3:00:00:63:4D:0D,-50,127,3.0,4.0,1.5
1783351429491,2026-07-06 17:23:49.491,C3:00:00:63:4D:05,-61,127,3.0,4.0,1.5
1783351429494,2026-07-06 17:23:49.494,C3:00:00:63:4D:08,-63,127,3.0,4.0,1.5
1783351429500,2026-07-06 17:23:49.500,C3:00:00:63:4D:09,-62,127,3.0,4.0,1.5
1783351429505,2026-07-06 17:23:49.505,C3:00:00:63:4D:0A,-66,127,3.0,4.0,1.5
1783351429512,2026-07-06 17:23:49.512,C3:00:00:63:4D:04,-61,127,3.0,4.0,1.5
1783351429520,2026-07-06 17:23:49.520,C3:00:00:63:4D:07,-69,127,3.0,4.0,1.5
1783351429528,2026-07-06 17:23:49.528,C3:00:00:63:4D:05,-54,127,3.0,4.0,1.5
1783351429532,2026-07-06 17:23:49.532,C3:00:00:63:4D:08,-52,127,3.0,4.0,1.5
1783351429570,2026-07-06 17:23:49.570,C3:00:00:63:4C:D2,-55,127,3.0,4.0,1.5
1783351429572,2026-07-06 17:23:49.572,C3:00:00:63:4D:05,-54,127,3.0,4.0,1.5
1783351429578,2026-07-06 17:23:49.578,C3:00:00:63:4D:07,-72,127,3.0,4.0,1.5
1783351429610,2026-07-06 17:23:49.610,C3:00:00:63:4D:0A,-66,127,3.0,4.0,1.5
1783351429614,2026-07-06 17:23:49.614,C3:00:00:63:4D:09,-72,127,3.0,4.0,1.5
1783351429619,2026-07-06 17:23:49.619,C3:00:00:63:4D:04,-69,127,3.0,4.0,1.5
1783351429662,2026-07-06 17:23:49.662,C3:00:00:63:4D:05,-61,127,3.0,4.0,1.5
1783351429671,2026-07-06 17:23:49.671,C3:00:00:63:4C:D2,-60,127,3.0,4.0,1.5
1783351429684,2026-07-06 17:23:49.684,C3:00:00:63:4D:07,-62,127,3.0,4.0,1.5
1783351429699,2026-07-06 17:23:49.699,C3:00:00:63:4D:0D,-57,127,3.0,4.0,1.5
1783351429714,2026-07-06 17:23:49.714,C3:00:00:63:4D:0A,-67,127,3.0,4.0,1.5
1783351429722,2026-07-06 17:23:49.722,C3:00:00:63:4D:04,-69,127,3.0,4.0,1.5
1783351429728,2026-07-06 17:23:49.728,C3:00:00:63:4D:09,-58,127,3.0,4.0,1.5
1783351429760,2026-07-06 17:23:49.760,C3:00:00:63:4D:08,-57,127,3.0,4.0,1.5
1783351429771,2026-07-06 17:23:49.771,C3:00:00:63:4D:05,-54,127,3.0,4.0,1.5
1783351429781,2026-07-06 17:23:49.781,C3:00:00:63:4C:D2,-58,127,3.0,4.0,1.5
1783351429804,2026-07-06 17:23:49.804,C3:00:00:63:4D:0D,-49,127,3.0,4.0,1.5
1783351429817,2026-07-06 17:23:49.817,C3:00:00:63:4D:0A,-61,127,3.0,4.0,1.5
1783351429844,2026-07-06 17:23:49.844,C3:00:00:63:4D:09,-58,127,3.0,4.0,1.5
1783351429849,2026-07-06 17:23:49.849,C3:00:00:63:4D:04,-63,127,3.0,4.0,1.5
1783351429876,2026-07-06 17:23:49.876,C3:00:00:63:4D:05,-57,127,3.0,4.0,1.5
1783351429881,2026-07-06 17:23:49.881,C3:00:00:63:4D:07,-74,127,3.0,4.0,1.5
1783351429888,2026-07-06 17:23:49.888,C3:00:00:63:4D:08,-53,127,3.0,4.0,1.5
1783351429890,2026-07-06 17:23:49.890,C3:00:00:63:4C:D2,-60,127,3.0,4.0,1.5
1783351429912,2026-07-06 17:23:49.912,C3:00:00:63:4D:0D,-51,127,3.0,4.0,1.5
1783351429921,2026-07-06 17:23:49.921,C3:00:00:63:4D:0A,-55,127,3.0,4.0,1.5
1783351429928,2026-07-06 17:23:49.928,C3:00:00:63:4D:04,-66,127,3.0,4.0,1.5
1783351429963,2026-07-06 17:23:49.963,C3:00:00:63:4D:09,-60,127,3.0,4.0,1.5
1783351429972,2026-07-06 17:23:49.972,C3:00:00:63:4D:05,-62,127,3.0,4.0,1.5
1783351429980,2026-07-06 17:23:49.980,C3:00:00:63:4D:07,-59,127,3.0,4.0,1.5
1783351429992,2026-07-06 17:23:49.992,C3:00:00:63:4D:08,-52,127,3.0,4.0,1.5
1783351429995,2026-07-06 17:23:49.995,C3:00:00:63:4C:D2,-61,127,3.0,4.0,1.5
1783351430087,2026-07-06 17:23:50.087,C3:00:00:63:4D:07,-63,127,3.0,4.0,1.5
1783351430107,2026-07-06 17:23:50.107,C3:00:00:63:4C:D2,-58,127,3.0,4.0,1.5
1783351430113,2026-07-06 17:23:50.113,C3:00:00:63:4D:08,-53,127,3.0,4.0,1.5
1783351430135,2026-07-06 17:23:50.135,C3:00:00:63:4D:0D,-56,127,3.0,4.0,1.5
1783351430176,2026-07-06 17:23:50.176,C3:00:00:63:4D:05,-53,127,3.0,4.0,1.5
1783351430207,2026-07-06 17:23:50.207,C3:00:00:63:4C:D2,-61,127,3.0,4.0,1.5
1783351430226,2026-07-06 17:23:50.226,C3:00:00:63:4D:08,-59,127,3.0,4.0,1.5
1783351430229,2026-07-06 17:23:50.229,C3:00:00:63:4D:0A,-66,127,3.0,4.0,1.5
1783351430235,2026-07-06 17:23:50.235,C3:00:00:63:4D:04,-58,127,3.0,4.0,1.5
1783351430238,2026-07-06 17:23:50.238,C3:00:00:63:4D:0D,-55,127,3.0,4.0,1.5
1783351430248,2026-07-06 17:23:50.248,C3:00:00:63:4D:05,-75,127,3.0,4.0,1.5
1783351430271,2026-07-06 17:23:50.271,C3:00:00:63:4D:05,-70,127,3.0,4.0,1.5
1783351430289,2026-07-06 17:23:50.289,C3:00:00:63:4D:07,-70,127,3.0,4.0,1.5
1783351430298,2026-07-06 17:23:50.298,C3:00:00:63:4D:09,-61,127,3.0,4.0,1.5
1783351430313,2026-07-06 17:23:50.313,C3:00:00:63:4C:D2,-60,127,3.0,4.0,1.5
1783351430319,2026-07-06 17:23:50.319,C3:00:00:63:4D:08,-55,127,3.0,4.0,1.5
1783351430337,2026-07-06 17:23:50.337,C3:00:00:63:4D:08,-56,127,3.0,4.0,1.5
1783351430342,2026-07-06 17:23:50.342,C3:00:00:63:4D:0A,-87,127,3.0,4.0,1.5
1783351430346,2026-07-06 17:23:50.346,C3:00:00:63:4D:04,-60,127,3.0,4.0,1.5
1783351430349,2026-07-06 17:23:50.349,C3:00:00:63:4D:0D,-51,127,3.0,4.0,1.5
1783351430371,2026-07-06 17:23:50.371,C3:00:00:63:4D:05,-60,127,3.0,4.0,1.5
1783351430379,2026-07-06 17:23:50.379,C3:00:00:63:4D:07,-62,127,3.0,4.0,1.5
1783351430416,2026-07-06 17:23:50.416,C3:00:00:63:4D:09,-57,127,3.0,4.0,1.5
1783351430437,2026-07-06 17:23:50.437,C3:00:00:63:4D:04,-59,127,3.0,4.0,1.5
1783351430442,2026-07-06 17:23:50.442,C3:00:00:63:4D:0A,-58,127,3.0,4.0,1.5
1783351430457,2026-07-06 17:23:50.457,C3:00:00:63:4D:08,-50,127,3.0,4.0,1.5
1783351430458,2026-07-06 17:23:50.458,C3:00:00:63:4D:0D,-52,127,3.0,4.0,1.5
1783351430461,2026-07-06 17:23:50.461,C3:00:00:63:4D:05,-62,127,3.0,4.0,1.5
1783351430488,2026-07-06 17:23:50.488,C3:00:00:63:4D:07,-68,127,3.0,4.0,1.5
1783351430524,2026-07-06 17:23:50.524,C3:00:00:63:4C:D2,-62,127,3.0,4.0,1.5
1783351430529,2026-07-06 17:23:50.529,C3:00:00:63:4D:09,-65,127,3.0,4.0,1.5
1783351430549,2026-07-06 17:23:50.549,C3:00:00:63:4D:04,-58,127,3.0,4.0,1.5
1783351430554,2026-07-06 17:23:50.554,C3:00:00:63:4D:0A,-55,127,3.0,4.0,1.5
1783351430558,2026-07-06 17:23:50.558,C3:00:00:63:4D:0D,-54,127,3.0,4.0,1.5
1783351430566,2026-07-06 17:23:50.566,C3:00:00:63:4D:08,-51,127,3.0,4.0,1.5
1783351430578,2026-07-06 17:23:50.578,C3:00:00:63:4D:05,-69,127,3.0,4.0,1.5
1783351430619,2026-07-06 17:23:50.619,C3:00:00:63:4D:04,-58,127,3.0,4.0,1.5
1783351430637,2026-07-06 17:23:50.637,C3:00:00:63:4C:D2,-58,127,3.0,4.0,1.5
1783351430642,2026-07-06 17:23:50.642,C3:00:00:63:4D:09,-54,127,3.0,4.0,1.5
1783351430661,2026-07-06 17:23:50.661,C3:00:00:63:4D:0A,-69,127,3.0,4.0,1.5
1783351430669,2026-07-06 17:23:50.669,C3:00:00:63:4D:0D,-50,127,3.0,4.0,1.5
1783351430677,2026-07-06 17:23:50.677,C3:00:00:63:4D:05,-57,127,3.0,4.0,1.5
1783351430686,2026-07-06 17:23:50.686,C3:00:00:63:4D:07,-60,127,3.0,4.0,1.5
1783351430688,2026-07-06 17:23:50.688,C3:00:00:63:4D:08,-63,127,3.0,4.0,1.5
1783351430692,2026-07-06 17:23:50.692,C3:00:00:63:4D:0A,-73,127,3.0,4.0,1.5
1783351430716,2026-07-06 17:23:50.716,C3:00:00:63:4D:0D,-55,127,3.0,4.0,1.5
1783351430745,2026-07-06 17:23:50.745,C3:00:00:63:4C:D2,-56,127,3.0,4.0,1.5
1783351430768,2026-07-06 17:23:50.768,C3:00:00:63:4D:0A,-59,127,3.0,4.0,1.5
1783351430780,2026-07-06 17:23:50.780,C3:00:00:63:4D:0D,-56,127,3.0,4.0,1.5
1783351430793,2026-07-06 17:23:50.793,C3:00:00:63:4D:05,-60,127,3.0,4.0,1.5
1783351430795,2026-07-06 17:23:50.795,C3:00:00:63:4D:07,-67,127,3.0,4.0,1.5
1783351430802,2026-07-06 17:23:50.802,C3:00:00:63:4D:08,-54,127,3.0,4.0,1.5
1783351430810,2026-07-06 17:23:50.810,C3:00:00:63:4D:07,-66,127,3.0,4.0,1.5
1783351430836,2026-07-06 17:23:50.836,C3:00:00:63:4C:D2,-66,127,3.0,4.0,1.5
1783351430850,2026-07-06 17:23:50.850,C3:00:00:63:4D:04,-60,127,3.0,4.0,1.5
1783351430885,2026-07-06 17:23:50.885,C3:00:00:63:4D:05,-73,127,3.0,4.0,1.5
1783351430893,2026-07-06 17:23:50.893,C3:00:00:63:4D:0D,-56,127,3.0,4.0,1.5
1783351430917,2026-07-06 17:23:50.917,C3:00:00:63:4D:08,-63,127,3.0,4.0,1.5
1783351430926,2026-07-06 17:23:50.926,C3:00:00:63:4D:0A,-77,127,3.0,4.0,1.5
1783351430957,2026-07-06 17:23:50.957,C3:00:00:63:4D:04,-56,127,3.0,4.0,1.5
1783351430969,2026-07-06 17:23:50.969,C3:00:00:63:4D:0A,-72,127,3.0,4.0,1.5
1783351430983,2026-07-06 17:23:50.983,C3:00:00:63:4D:09,-54,127,3.0,4.0,1.5
1783351430986,2026-07-06 17:23:50.986,C3:00:00:63:4D:05,-54,127,3.0,4.0,1.5
1783351430994,2026-07-06 17:23:50.994,C3:00:00:63:4D:0D,-51,127,3.0,4.0,1.5
1783351431062,2026-07-06 17:23:51.062,C3:00:00:63:4C:D2,-54,127,3.0,4.0,1.5
1783351431067,2026-07-06 17:23:51.067,C3:00:00:63:4D:09,-57,127,3.0,4.0,1.5
1783351431072,2026-07-06 17:23:51.072,C3:00:00:63:4D:04,-59,127,3.0,4.0,1.5
1783351431083,2026-07-06 17:23:51.083,C3:00:00:63:4D:0A,-62,127,3.0,4.0,1.5
1783351431089,2026-07-06 17:23:51.089,C3:00:00:63:4D:07,-68,127,3.0,4.0,1.5
1783351431094,2026-07-06 17:23:51.094,C3:00:00:63:4D:05,-60,127,3.0,4.0,1.5
1783351431102,2026-07-06 17:23:51.102,C3:00:00:63:4D:07,-67,127,3.0,4.0,1.5
1783351431105,2026-07-06 17:23:51.105,C3:00:00:63:4D:0D,-54,127,3.0,4.0,1.5
1783351431145,2026-07-06 17:23:51.145,C3:00:00:63:4D:08,-61,127,3.0,4.0,1.5
1783351431153,2026-07-06 17:23:51.153,C3:00:00:63:4C:D2,-63,127,3.0,4.0,1.5
1783351431165,2026-07-06 17:23:51.165,C3:00:00:63:4D:04,-56,127,3.0,4.0,1.5
1783351431178,2026-07-06 17:23:51.178,C3:00:00:63:4D:07,-63,127,3.0,4.0,1.5
1783351431182,2026-07-06 17:23:51.182,C3:00:00:63:4D:05,-60,127,3.0,4.0,1.5
1783351431186,2026-07-06 17:23:51.186,C3:00:00:63:4D:0A,-58,127,3.0,4.0,1.5
1783351431207,2026-07-06 17:23:51.207,C3:00:00:63:4D:0D,-51,127,3.0,4.0,1.5
1783351431214,2026-07-06 17:23:51.214,C3:00:00:63:4D:09,-56,127,3.0,4.0,1.5
1783351431257,2026-07-06 17:23:51.257,C3:00:00:63:4D:08,-57,127,3.0,4.0,1.5
1783351431275,2026-07-06 17:23:51.275,C3:00:00:63:4D:04,-56,127,3.0,4.0,1.5
1783351431284,2026-07-06 17:23:51.284,C3:00:00:63:4D:05,-56,127,3.0,4.0,1.5
1783351431370,2026-07-06 17:23:51.370,C3:00:00:63:4D:04,-63,127,3.0,4.0,1.5
1783351431375,2026-07-06 17:23:51.375,C3:00:00:63:4D:08,-55,127,3.0,4.0,1.5
1783351431380,2026-07-06 17:23:51.380,C3:00:00:63:4D:07,-64,127,3.0,4.0,1.5
1783351431387,2026-07-06 17:23:51.387,C3:00:00:63:4D:05,-58,127,3.0,4.0,1.5
1783351431393,2026-07-06 17:23:51.393,C3:00:00:63:4D:0A,-66,127,3.0,4.0,1.5
1783351431396,2026-07-06 17:23:51.396,C3:00:00:63:4D:0D,-70,127,3.0,4.0,1.5
1783351431400,2026-07-06 17:23:51.400,C3:00:00:63:4D:08,-62,127,3.0,4.0,1.5
1783351431422,2026-07-06 17:23:51.422,C3:00:00:63:4D:0D,-56,127,3.0,4.0,1.5
1783351431436,2026-07-06 17:23:51.436,C3:00:00:63:4D:09,-63,127,3.0,4.0,1.5
1783351431474,2026-07-06 17:23:51.474,C3:00:00:63:4D:04,-55,127,3.0,4.0,1.5
1783351431477,2026-07-06 17:23:51.477,C3:00:00:63:4C:D2,-69,127,3.0,4.0,1.5
1783351431486,2026-07-06 17:23:51.486,C3:00:00:63:4D:08,-56,127,3.0,4.0,1.5
1783351431488,2026-07-06 17:23:51.488,C3:00:00:63:4D:07,-64,127,3.0,4.0,1.5
1783351431501,2026-07-06 17:23:51.501,C3:00:00:63:4D:0A,-58,127,3.0,4.0,1.5
1783351431506,2026-07-06 17:23:51.506,C3:00:00:63:4D:08,-55,127,3.0,4.0,1.5
1783351431525,2026-07-06 17:23:51.525,C3:00:00:63:4D:09,-62,127,3.0,4.0,1.5
1783351431535,2026-07-06 17:23:51.535,C3:00:00:63:4D:0D,-53,127,3.0,4.0,1.5
1783351431543,2026-07-06 17:23:51.543,C3:00:00:63:4D:05,-55,127,3.0,4.0,1.5
1783351431552,2026-07-06 17:23:51.552,C3:00:00:63:4D:09,-54,127,3.0,4.0,1.5
1783351431578,2026-07-06 17:23:51.578,C3:00:00:63:4D:04,-58,127,3.0,4.0,1.5
1783351431585,2026-07-06 17:23:51.585,C3:00:00:63:4D:07,-62,127,3.0,4.0,1.5
1783351431594,2026-07-06 17:23:51.594,C3:00:00:63:4D:05,-54,127,3.0,4.0,1.5
1783351431616,2026-07-06 17:23:51.616,C3:00:00:63:4D:08,-63,127,3.0,4.0,1.5
1783351431617,2026-07-06 17:23:51.617,C3:00:00:63:4D:0A,-71,127,3.0,4.0,1.5
1783351431641,2026-07-06 17:23:51.641,C3:00:00:63:4D:0D,-52,127,3.0,4.0,1.5
1783351431666,2026-07-06 17:23:51.666,C3:00:00:63:4D:09,-56,127,3.0,4.0,1.5
1783351431678,2026-07-06 17:23:51.678,C3:00:00:63:4D:04,-61,127,3.0,4.0,1.5
1783351431688,2026-07-06 17:23:51.688,C3:00:00:63:4D:05,-54,127,3.0,4.0,1.5
1783351431696,2026-07-06 17:23:51.696,C3:00:00:63:4C:D2,-54,127,3.0,4.0,1.5
1783351431714,2026-07-06 17:23:51.714,C3:00:00:63:4D:08,-53,127,3.0,4.0,1.5
1783351431750,2026-07-06 17:23:51.750,C3:00:00:63:4D:0D,-54,127,3.0,4.0,1.5
1783351431765,2026-07-06 17:23:51.765,C3:00:00:63:4D:04,-54,127,3.0,4.0,1.5
1783351431777,2026-07-06 17:23:51.777,C3:00:00:63:4D:07,-61,127,3.0,4.0,1.5
1783351431780,2026-07-06 17:23:51.780,C3:00:00:63:4D:09,-62,127,3.0,4.0,1.5
1783351431785,2026-07-06 17:23:51.785,C3:00:00:63:4D:04,-55,127,3.0,4.0,1.5
1783351431789,2026-07-06 17:23:51.789,C3:00:00:63:4D:05,-63,127,3.0,4.0,1.5
1783351431796,2026-07-06 17:23:51.796,C3:00:00:63:4C:D2,-69,127,3.0,4.0,1.5
1783351431817,2026-07-06 17:23:51.817,C3:00:00:63:4D:0A,-79,127,3.0,4.0,1.5
1783351431849,2026-07-06 17:23:51.849,C3:00:00:63:4D:09,-54,127,3.0,4.0,1.5
1783351431863,2026-07-06 17:23:51.863,C3:00:00:63:4D:0D,-54,127,3.0,4.0,1.5
1783351431886,2026-07-06 17:23:51.886,C3:00:00:63:4D:04,-55,127,3.0,4.0,1.5
1783351431892,2026-07-06 17:23:51.892,C3:00:00:63:4D:05,-56,127,3.0,4.0,1.5
1783351431896,2026-07-06 17:23:51.896,C3:00:00:63:4D:09,-54,127,3.0,4.0,1.5
1783351431902,2026-07-06 17:23:51.902,C3:00:00:63:4C:D2,-55,127,3.0,4.0,1.5
1783351431914,2026-07-06 17:23:51.914,C3:00:00:63:4D:0A,-67,127,3.0,4.0,1.5
1783351431971,2026-07-06 17:23:51.971,C3:00:00:63:4D:0D,-63,127,3.0,4.0,1.5
1783351431981,2026-07-06 17:23:51.981,C3:00:00:63:4D:04,-62,127,3.0,4.0,1.5
1783351431997,2026-07-06 17:23:51.997,C3:00:00:63:4D:05,-54,127,3.0,4.0,1.5
1783351432009,2026-07-06 17:23:52.009,C3:00:00:63:4C:D2,-54,127,3.0,4.0,1.5
1783351432011,2026-07-06 17:23:52.011,C3:00:00:63:4D:09,-57,127,3.0,4.0,1.5
1783351432018,2026-07-06 17:23:52.018,C3:00:00:63:4D:0A,-56,127,3.0,4.0,1.5
1783351432068,2026-07-06 17:23:52.068,C3:00:00:63:4D:08,-54,127,3.0,4.0,1.5
1783351432091,2026-07-06 17:23:52.091,C3:00:00:63:4D:07,-62,127,3.0,4.0,1.5
1783351432095,2026-07-06 17:23:52.095,C3:00:00:63:4D:04,-55,127,3.0,4.0,1.5
1783351432098,2026-07-06 17:23:52.098,C3:00:00:63:4D:05,-66,127,3.0,4.0,1.5
1783351432161,2026-07-06 17:23:52.161,C3:00:00:63:4D:07,-70,127,3.0,4.0,1.5
1783351432188,2026-07-06 17:23:52.188,C3:00:00:63:4D:04,-57,127,3.0,4.0,1.5
1783351432192,2026-07-06 17:23:52.192,C3:00:00:63:4D:05,-54,127,3.0,4.0,1.5
1783351432293,2026-07-06 17:23:52.293,C3:00:00:63:4D:07,-66,127,3.0,4.0,1.5
1783351432297,2026-07-06 17:23:52.297,C3:00:00:63:4D:0D,-70,127,3.0,4.0,1.5
1783351432381,2026-07-06 17:23:52.381,C3:00:00:63:4D:07,-64,127,3.0,4.0,1.5
1783351432469,2026-07-06 17:23:52.469,C3:00:00:63:4D:09,-55,127,3.0,4.0,1.5
1783351432488,2026-07-06 17:23:52.488,C3:00:00:63:4D:05,-55,127,3.0,4.0,1.5
1783351432537,2026-07-06 17:23:52.537,C3:00:00:63:4C:D2,-58,127,3.0,4.0,1.5
1783351432553,2026-07-06 17:23:52.553,C3:00:00:63:4D:0A,-61,127,3.0,4.0,1.5
1783351432639,2026-07-06 17:23:52.639,C3:00:00:63:4D:08,-54,127,3.0,4.0,1.5
1783351432643,2026-07-06 17:23:52.643,C3:00:00:63:4D:04,-64,127,3.0,4.0,1.5
1783351432648,2026-07-06 17:23:52.648,C3:00:00:63:4D:0A,-58,127,3.0,4.0,1.5
1783351432669,2026-07-06 17:23:52.669,C3:00:00:63:4D:0A,-58,127,3.0,4.0,1.5
1783351432687,2026-07-06 17:23:52.687,C3:00:00:63:4D:07,-60,127,3.0,4.0,1.5
1783351432692,2026-07-06 17:23:52.692,C3:00:00:63:4D:09,-61,127,3.0,4.0,1.5
1783351432708,2026-07-06 17:23:52.708,C3:00:00:63:4D:04,-57,127,3.0,4.0,1.5
1783351432716,2026-07-06 17:23:52.716,C3:00:00:63:4D:0D,-51,127,3.0,4.0,1.5
1783351432727,2026-07-06 17:23:52.727,C3:00:00:63:4C:D2,-57,127,3.0,4.0,1.5
1783351432743,2026-07-06 17:23:52.743,C3:00:00:63:4D:0D,-51,127,3.0,4.0,1.5
1783351432750,2026-07-06 17:23:52.750,C3:00:00:63:4C:D2,-56,127,3.0,4.0,1.5
1783351432762,2026-07-06 17:23:52.762,C3:00:00:63:4D:0A,-68,127,3.0,4.0,1.5
1783351432779,2026-07-06 17:23:52.779,C3:00:00:63:4D:07,-63,127,3.0,4.0,1.5
1783351432797,2026-07-06 17:23:52.797,C3:00:00:63:4D:05,-56,127,3.0,4.0,1.5
1783351432814,2026-07-06 17:23:52.814,C3:00:00:63:4D:07,-62,127,3.0,4.0,1.5
1783351432827,2026-07-06 17:23:52.827,C3:00:00:63:4D:0D,-56,127,3.0,4.0,1.5
1783351432857,2026-07-06 17:23:52.857,C3:00:00:63:4C:D2,-56,127,3.0,4.0,1.5
1783351432861,2026-07-06 17:23:52.861,C3:00:00:63:4D:0A,-61,127,3.0,4.0,1.5
1783351432866,2026-07-06 17:23:52.866,C3:00:00:63:4D:08,-50,127,3.0,4.0,1.5
1783351432884,2026-07-06 17:23:52.884,C3:00:00:63:4D:07,-61,127,3.0,4.0,1.5
1783351432907,2026-07-06 17:23:52.907,C3:00:00:63:4D:05,-57,127,3.0,4.0,1.5
1783351432919,2026-07-06 17:23:52.919,C3:00:00:63:4D:09,-60,127,3.0,4.0,1.5
1783351432935,2026-07-06 17:23:52.935,C3:00:00:63:4D:0D,-55,127,3.0,4.0,1.5
1783351432961,2026-07-06 17:23:52.961,C3:00:00:63:4D:0A,-56,127,3.0,4.0,1.5
1783351432965,2026-07-06 17:23:52.965,C3:00:00:63:4C:D2,-64,127,3.0,4.0,1.5
1783351432977,2026-07-06 17:23:52.977,C3:00:00:63:4D:07,-61,127,3.0,4.0,1.5
1783351432984,2026-07-06 17:23:52.984,C3:00:00:63:4D:08,-56,127,3.0,4.0,1.5
1783351432987,2026-07-06 17:23:52.987,C3:00:00:63:4C:D2,-64,127,3.0,4.0,1.5
1783351433003,2026-07-06 17:23:53.003,C3:00:00:63:4D:05,-67,127,3.0,4.0,1.5
1783351433016,2026-07-06 17:23:53.016,C3:00:00:63:4D:04,-56,127,3.0,4.0,1.5
1783351433052,2026-07-06 17:23:53.052,C3:00:00:63:4D:0D,-53,127,3.0,4.0,1.5
1783351433074,2026-07-06 17:23:53.074,C3:00:00:63:4C:D2,-58,127,3.0,4.0,1.5
1783351433078,2026-07-06 17:23:53.078,C3:00:00:63:4D:0A,-65,127,3.0,4.0,1.5
1783351433082,2026-07-06 17:23:53.082,C3:00:00:63:4D:09,-54,127,3.0,4.0,1.5
1783351433117,2026-07-06 17:23:53.117,C3:00:00:63:4D:07,-65,127,3.0,4.0,1.5
1783351433122,2026-07-06 17:23:53.122,C3:00:00:63:4D:04,-62,127,3.0,4.0,1.5
1783351433144,2026-07-06 17:23:53.144,C3:00:00:63:4D:09,-58,127,3.0,4.0,1.5
1783351433171,2026-07-06 17:23:53.171,C3:00:00:63:4C:D2,-56,127,3.0,4.0,1.5
1783351433230,2026-07-06 17:23:53.230,C3:00:00:63:4D:04,-55,127,3.0,4.0,1.5
1783351433288,2026-07-06 17:23:53.288,C3:00:00:63:4D:07,-63,127,3.0,4.0,1.5
1783351433295,2026-07-06 17:23:53.295,C3:00:00:63:4D:08,-53,127,3.0,4.0,1.5
1783351433314,2026-07-06 17:23:53.314,C3:00:00:63:4D:05,-77,127,3.0,4.0,1.5
1783351433378,2026-07-06 17:23:53.378,C3:00:00:63:4D:0D,-58,127,3.0,4.0,1.5
1783351433396,2026-07-06 17:23:53.396,C3:00:00:63:4D:0A,-76,127,3.0,4.0,1.5
1783351433400,2026-07-06 17:23:53.400,C3:00:00:63:4C:D2,-56,127,3.0,4.0,1.5
1783351433402,2026-07-06 17:23:53.402,C3:00:00:63:4D:0D,-58,127,3.0,4.0,1.5
1783351433424,2026-07-06 17:23:53.424,C3:00:00:63:4D:04,-62,127,3.0,4.0,1.5
1783351433445,2026-07-06 17:23:53.445,C3:00:00:63:4D:08,-49,127,3.0,4.0,1.5
1783351433466,2026-07-06 17:23:53.466,C3:00:00:63:4D:05,-58,127,3.0,4.0,1.5
1783351433475,2026-07-06 17:23:53.475,C3:00:00:63:4D:08,-50,127,3.0,4.0,1.5
1783351433484,2026-07-06 17:23:53.484,C3:00:00:63:4D:07,-64,127,3.0,4.0,1.5
1783351433486,2026-07-06 17:23:53.486,C3:00:00:63:4D:09,-57,127,3.0,4.0,1.5
1783351433492,2026-07-06 17:23:53.492,C3:00:00:63:4D:0A,-64,127,3.0,4.0,1.5
1783351433496,2026-07-06 17:23:53.496,C3:00:00:63:4C:D2,-55,127,3.0,4.0,1.5
1783351433506,2026-07-06 17:23:53.506,C3:00:00:63:4D:05,-58,127,3.0,4.0,1.5
1783351433526,2026-07-06 17:23:53.526,C3:00:00:63:4D:07,-69,127,3.0,4.0,1.5
1783351433531,2026-07-06 17:23:53.531,C3:00:00:63:4D:04,-55,127,3.0,4.0,1.5
1783351433551,2026-07-06 17:23:53.551,C3:00:00:63:4D:05,-67,127,3.0,4.0,1.5
1783351433561,2026-07-06 17:23:53.561,C3:00:00:63:4D:08,-56,127,3.0,4.0,1.5
1783351433590,2026-07-06 17:23:53.590,C3:00:00:63:4D:0D,-57,127,3.0,4.0,1.5
1783351433595,2026-07-06 17:23:53.595,C3:00:00:63:4D:0A,-54,127,3.0,4.0,1.5
1783351433602,2026-07-06 17:23:53.602,C3:00:00:63:4D:09,-61,127,3.0,4.0,1.5
1783351433608,2026-07-06 17:23:53.608,C3:00:00:63:4D:05,-66,127,3.0,4.0,1.5
1783351433633,2026-07-06 17:23:53.633,C3:00:00:63:4D:04,-58,127,3.0,4.0,1.5
1783351433671,2026-07-06 17:23:53.671,C3:00:00:63:4D:08,-65,127,3.0,4.0,1.5
1783351433688,2026-07-06 17:23:53.688,C3:00:00:63:4D:07,-65,127,3.0,4.0,1.5
1783351433701,2026-07-06 17:23:53.701,C3:00:00:63:4D:0D,-53,127,3.0,4.0,1.5
1783351433706,2026-07-06 17:23:53.706,C3:00:00:63:4D:0A,-68,127,3.0,4.0,1.5
1783351433710,2026-07-06 17:23:53.710,C3:00:00:63:4C:D2,-56,127,3.0,4.0,1.5
1783351433715,2026-07-06 17:23:53.715,C3:00:00:63:4D:05,-57,127,3.0,4.0,1.5
1783351433717,2026-07-06 17:23:53.717,C3:00:00:63:4D:09,-56,127,3.0,4.0,1.5
1783351433735,2026-07-06 17:23:53.735,C3:00:00:63:4D:04,-64,127,3.0,4.0,1.5
1783351433790,2026-07-06 17:23:53.790,C3:00:00:63:4D:08,-52,127,3.0,4.0,1.5
1783351433801,2026-07-06 17:23:53.801,C3:00:00:63:4D:0D,-55,127,3.0,4.0,1.5
1783351433812,2026-07-06 17:23:53.812,C3:00:00:63:4D:0A,-64,127,3.0,4.0,1.5
1783351433817,2026-07-06 17:23:53.817,C3:00:00:63:4C:D2,-56,127,3.0,4.0,1.5
1783351433822,2026-07-06 17:23:53.822,C3:00:00:63:4D:05,-63,127,3.0,4.0,1.5
1783351433833,2026-07-06 17:23:53.833,C3:00:00:63:4D:09,-61,127,3.0,4.0,1.5
1783351433837,2026-07-06 17:23:53.837,C3:00:00:63:4D:04,-56,127,3.0,4.0,1.5
1783351433857,2026-07-06 17:23:53.857,C3:00:00:63:4D:04,-56,127,3.0,4.0,1.5
1783351433889,2026-07-06 17:23:53.889,C3:00:00:63:4D:07,-61,127,3.0,4.0,1.5
1783351433915,2026-07-06 17:23:53.915,C3:00:00:63:4D:05,-56,127,3.0,4.0,1.5
1783351433919,2026-07-06 17:23:53.919,C3:00:00:63:4C:D2,-56,127,3.0,4.0,1.5
1783351433944,2026-07-06 17:23:53.944,C3:00:00:63:4D:09,-54,127,3.0,4.0,1.5
1783351433947,2026-07-06 17:23:53.947,C3:00:00:63:4D:04,-58,127,3.0,4.0,1.5
1783351433981,2026-07-06 17:23:53.981,C3:00:00:63:4D:07,-64,127,3.0,4.0,1.5
1783351434013,2026-07-06 17:23:54.013,C3:00:00:63:4D:05,-56,127,3.0,4.0,1.5
1783351434018,2026-07-06 17:23:54.018,C3:00:00:63:4D:0D,-54,127,3.0,4.0,1.5
1783351434026,2026-07-06 17:23:54.026,C3:00:00:63:4D:08,-53,127,3.0,4.0,1.5
1783351434029,2026-07-06 17:23:54.029,C3:00:00:63:4C:D2,-55,127,3.0,4.0,1.5
1783351434041,2026-07-06 17:23:54.041,C3:00:00:63:4C:D2,-55,127,3.0,4.0,1.5
1783351434047,2026-07-06 17:23:54.047,C3:00:00:63:4D:04,-64,127,3.0,4.0,1.5
1783351434063,2026-07-06 17:23:54.063,C3:00:00:63:4D:09,-58,127,3.0,4.0,1.5
1783351434079,2026-07-06 17:23:54.079,C3:00:00:63:4D:07,-64,127,3.0,4.0,1.5
1783351434114,2026-07-06 17:23:54.114,C3:00:00:63:4D:05,-68,127,3.0,4.0,1.5
1783351434124,2026-07-06 17:23:54.124,C3:00:00:63:4C:D2,-69,127,3.0,4.0,1.5
1783351434135,2026-07-06 17:23:54.135,C3:00:00:63:4D:08,-56,127,3.0,4.0,1.5
1783351434153,2026-07-06 17:23:54.153,C3:00:00:63:4D:04,-54,127,3.0,4.0,1.5
1783351434169,2026-07-06 17:23:54.169,C3:00:00:63:4D:09,-62,127,3.0,4.0,1.5
1783351434182,2026-07-06 17:23:54.182,C3:00:00:63:4D:07,-62,127,3.0,4.0,1.5
1783351434222,2026-07-06 17:23:54.222,C3:00:00:63:4D:05,-55,127,3.0,4.0,1.5
1783351434233,2026-07-06 17:23:54.233,C3:00:00:63:4C:D2,-55,127,3.0,4.0,1.5
1783351434235,2026-07-06 17:23:54.235,C3:00:00:63:4D:0A,-61,127,3.0,4.0,1.5
1783351434240,2026-07-06 17:23:54.240,C3:00:00:63:4D:0D,-49,127,3.0,4.0,1.5
1783351434251,2026-07-06 17:23:54.251,C3:00:00:63:4D:0A,-70,127,3.0,4.0,1.5
1783351434268,2026-07-06 17:23:54.268,C3:00:00:63:4D:05,-62,127,3.0,4.0,1.5
1783351434281,2026-07-06 17:23:54.281,C3:00:00:63:4D:07,-70,127,3.0,4.0,1.5
1783351434285,2026-07-06 17:23:54.285,C3:00:00:63:4D:09,-55,127,3.0,4.0,1.5
1783351434313,2026-07-06 17:23:54.313,C3:00:00:63:4D:05,-58,127,3.0,4.0,1.5
1783351434324,2026-07-06 17:23:54.324,C3:00:00:63:4D:08,-55,127,3.0,4.0,1.5
1783351434363,2026-07-06 17:23:54.363,C3:00:00:63:4D:08,-56,127,3.0,4.0,1.5
1783351434389,2026-07-06 17:23:54.389,C3:00:00:63:4D:07,-63,127,3.0,4.0,1.5
1783351434402,2026-07-06 17:23:54.402,C3:00:00:63:4D:09,-57,127,3.0,4.0,1.5
1783351434421,2026-07-06 17:23:54.421,C3:00:00:63:4D:05,-63,127,3.0,4.0,1.5
1783351434440,2026-07-06 17:23:54.440,C3:00:00:63:4C:D2,-64,127,3.0,4.0,1.5
1783351434443,2026-07-06 17:23:54.443,C3:00:00:63:4D:0A,-54,127,3.0,4.0,1.5
1783351434445,2026-07-06 17:23:54.445,C3:00:00:63:4D:0D,-50,127,3.0,4.0,1.5
1783351434461,2026-07-06 17:23:54.461,C3:00:00:63:4D:04,-55,127,3.0,4.0,1.5
1783351434475,2026-07-06 17:23:54.475,C3:00:00:63:4D:08,-64,127,3.0,4.0,1.5
1783351434518,2026-07-06 17:23:54.518,C3:00:00:63:4D:05,-54,127,3.0,4.0,1.5
1783351434539,2026-07-06 17:23:54.539,C3:00:00:63:4D:0A,-63,127,3.0,4.0,1.5
1783351434549,2026-07-06 17:23:54.549,C3:00:00:63:4C:D2,-56,127,3.0,4.0,1.5
1783351434561,2026-07-06 17:23:54.561,C3:00:00:63:4D:0D,-50,127,3.0,4.0,1.5
1783351434564,2026-07-06 17:23:54.564,C3:00:00:63:4D:04,-56,127,3.0,4.0,1.5
1783351434581,2026-07-06 17:23:54.581,C3:00:00:63:4D:07,-63,127,3.0,4.0,1.5
1783351434599,2026-07-06 17:23:54.599,C3:00:00:63:4D:08,-59,127,3.0,4.0,1.5
1783351434619,2026-07-06 17:23:54.619,C3:00:00:63:4D:05,-53,127,3.0,4.0,1.5
1783351434624,2026-07-06 17:23:54.624,C3:00:00:63:4D:04,-62,127,3.0,4.0,1.5
1783351434654,2026-07-06 17:23:54.654,C3:00:00:63:4D:0A,-63,127,3.0,4.0,1.5
1783351434669,2026-07-06 17:23:54.669,C3:00:00:63:4D:0D,-55,127,3.0,4.0,1.5
1783351434672,2026-07-06 17:23:54.672,C3:00:00:63:4D:0A,-62,127,3.0,4.0,1.5
1783351434706,2026-07-06 17:23:54.706,C3:00:00:63:4D:08,-56,127,3.0,4.0,1.5
1783351434729,2026-07-06 17:23:54.729,C3:00:00:63:4D:05,-67,127,3.0,4.0,1.5
1783351434734,2026-07-06 17:23:54.734,C3:00:00:63:4C:D2,-65,127,3.0,4.0,1.5
1783351434738,2026-07-06 17:23:54.738,C3:00:00:63:4D:0D,-54,127,3.0,4.0,1.5
1783351434742,2026-07-06 17:23:54.742,C3:00:00:63:4D:09,-60,127,3.0,4.0,1.5
1783351434748,2026-07-06 17:23:54.748,C3:00:00:63:4D:0A,-55,127,3.0,4.0,1.5
1783351434763,2026-07-06 17:23:54.763,C3:00:00:63:4C:D2,-64,127,3.0,4.0,1.5
1783351434773,2026-07-06 17:23:54.773,C3:00:00:63:4D:0D,-54,127,3.0,4.0,1.5
1783351434776,2026-07-06 17:23:54.776,C3:00:00:63:4D:07,-63,127,3.0,4.0,1.5
1783351434794,2026-07-06 17:23:54.794,C3:00:00:63:4C:D2,-73,127,3.0,4.0,1.5
1783351434822,2026-07-06 17:23:54.822,C3:00:00:63:4D:05,-62,127,3.0,4.0,1.5
1783351434827,2026-07-06 17:23:54.827,C3:00:00:63:4D:08,-60,127,3.0,4.0,1.5
1783351434835,2026-07-06 17:23:54.835,C3:00:00:63:4D:07,-65,127,3.0,4.0,1.5
1783351434860,2026-07-06 17:23:54.860,C3:00:00:63:4D:09,-54,127,3.0,4.0,1.5
1783351434865,2026-07-06 17:23:54.865,C3:00:00:63:4D:0A,-71,127,3.0,4.0,1.5
1783351434873,2026-07-06 17:23:54.873,C3:00:00:63:4D:04,-57,127,3.0,4.0,1.5
1783351434877,2026-07-06 17:23:54.877,C3:00:00:63:4C:D2,-57,127,3.0,4.0,1.5
1783351434880,2026-07-06 17:23:54.880,C3:00:00:63:4D:0D,-49,127,3.0,4.0,1.5
1783351434882,2026-07-06 17:23:54.882,C3:00:00:63:4D:07,-63,127,3.0,4.0,1.5
1783351434929,2026-07-06 17:23:54.929,C3:00:00:63:4D:05,-58,127,3.0,4.0,1.5
1783351434933,2026-07-06 17:23:54.933,C3:00:00:63:4D:0A,-60,127,3.0,4.0,1.5
1783351434941,2026-07-06 17:23:54.941,C3:00:00:63:4D:08,-54,127,3.0,4.0,1.5
1783351434960,2026-07-06 17:23:54.960,C3:00:00:63:4D:0A,-60,127,3.0,4.0,1.5
1783351434977,2026-07-06 17:23:54.977,C3:00:00:63:4D:09,-58,127,3.0,4.0,1.5
1783351434994,2026-07-06 17:23:54.994,C3:00:00:63:4D:07,-68,127,3.0,4.0,1.5
1783351434998,2026-07-06 17:23:54.998,C3:00:00:63:4D:0D,-55,127,3.0,4.0,1.5
1783351435003,2026-07-06 17:23:55.003,C3:00:00:63:4C:D2,-60,127,3.0,4.0,1.5
1783351435020,2026-07-06 17:23:55.020,C3:00:00:63:4D:05,-67,127,3.0,4.0,1.5
1783351435060,2026-07-06 17:23:55.060,C3:00:00:63:4D:08,-55,127,3.0,4.0,1.5
1783351435081,2026-07-06 17:23:55.081,C3:00:00:63:4D:04,-63,127,3.0,4.0,1.5
1783351435086,2026-07-06 17:23:55.086,C3:00:00:63:4C:D2,-63,127,3.0,4.0,1.5
1783351435092,2026-07-06 17:23:55.092,C3:00:00:63:4D:0D,-55,127,3.0,4.0,1.5
1783351435101,2026-07-06 17:23:55.101,C3:00:00:63:4D:0A,-60,127,3.0,4.0,1.5
1783351435115,2026-07-06 17:23:55.115,C3:00:00:63:4D:09,-55,127,3.0,4.0,1.5
1783351435124,2026-07-06 17:23:55.124,C3:00:00:63:4D:07,-76,127,3.0,4.0,1.5
1783351435129,2026-07-06 17:23:55.129,C3:00:00:63:4D:05,-57,127,3.0,4.0,1.5
1783351435175,2026-07-06 17:23:55.175,C3:00:00:63:4D:08,-57,127,3.0,4.0,1.5
1783351435179,2026-07-06 17:23:55.179,C3:00:00:63:4D:0A,-63,127,3.0,4.0,1.5
1783351435182,2026-07-06 17:23:55.182,C3:00:00:63:4D:07,-67,127,3.0,4.0,1.5
1783351435185,2026-07-06 17:23:55.185,C3:00:00:63:4D:04,-65,127,3.0,4.0,1.5
1783351435192,2026-07-06 17:23:55.192,C3:00:00:63:4C:D2,-56,127,3.0,4.0,1.5
1783351435199,2026-07-06 17:23:55.199,C3:00:00:63:4D:09,-54,127,3.0,4.0,1.5
1783351435201,2026-07-06 17:23:55.201,C3:00:00:63:4D:0D,-52,127,3.0,4.0,1.5
1783351435280,2026-07-06 17:23:55.280,C3:00:00:63:4D:0A,-63,127,3.0,4.0,1.5
1783351435284,2026-07-06 17:23:55.284,C3:00:00:63:4D:08,-52,127,3.0,4.0,1.5
1783351435289,2026-07-06 17:23:55.289,C3:00:00:63:4D:07,-66,127,3.0,4.0,1.5
1783351435302,2026-07-06 17:23:55.302,C3:00:00:63:4C:D2,-56,127,3.0,4.0,1.5
1783351435309,2026-07-06 17:23:55.309,C3:00:00:63:4D:0D,-54,127,3.0,4.0,1.5
1783351435322,2026-07-06 17:23:55.322,C3:00:00:63:4D:09,-58,127,3.0,4.0,1.5
1783351435324,2026-07-06 17:23:55.324,C3:00:00:63:4D:05,-60,127,3.0,4.0,1.5
1783351435380,2026-07-06 17:23:55.380,C3:00:00:63:4D:07,-65,127,3.0,4.0,1.5
1783351435385,2026-07-06 17:23:55.385,C3:00:00:63:4D:0A,-56,127,3.0,4.0,1.5
1783351435391,2026-07-06 17:23:55.391,C3:00:00:63:4D:08,-60,127,3.0,4.0,1.5
1783351435404,2026-07-06 17:23:55.404,C3:00:00:63:4C:D2,-69,127,3.0,4.0,1.5
1783351435410,2026-07-06 17:23:55.410,C3:00:00:63:4D:0D,-60,127,3.0,4.0,1.5
1783351435416,2026-07-06 17:23:55.416,C3:00:00:63:4D:08,-55,127,3.0,4.0,1.5
1783351435422,2026-07-06 17:23:55.422,C3:00:00:63:4D:0D,-52,127,3.0,4.0,1.5
1783351435424,2026-07-06 17:23:55.424,C3:00:00:63:4D:05,-54,127,3.0,4.0,1.5
1783351435430,2026-07-06 17:23:55.430,C3:00:00:63:4D:09,-61,127,3.0,4.0,1.5
1783351435482,2026-07-06 17:23:55.482,C3:00:00:63:4D:08,-54,127,3.0,4.0,1.5
1783351435487,2026-07-06 17:23:55.487,C3:00:00:63:4D:07,-61,127,3.0,4.0,1.5
1783351435491,2026-07-06 17:23:55.491,C3:00:00:63:4D:0A,-68,127,3.0,4.0,1.5
1783351435494,2026-07-06 17:23:55.494,C3:00:00:63:4D:04,-58,127,3.0,4.0,1.5
1783351435509,2026-07-06 17:23:55.509,C3:00:00:63:4C:D2,-54,127,3.0,4.0,1.5
1783351435512,2026-07-06 17:23:55.512,C3:00:00:63:4D:08,-55,127,3.0,4.0,1.5
1783351435523,2026-07-06 17:23:55.523,C3:00:00:63:4D:0D,-58,127,3.0,4.0,1.5
1783351435531,2026-07-06 17:23:55.531,C3:00:00:63:4D:05,-53,127,3.0,4.0,1.5
1783351435540,2026-07-06 17:23:55.540,C3:00:00:63:4D:09,-60,127,3.0,4.0,1.5
1783351435555,2026-07-06 17:23:55.555,C3:00:00:63:4D:05,-53,127,3.0,4.0,1.5
1783351435561,2026-07-06 17:23:55.561,C3:00:00:63:4D:09,-67,127,3.0,4.0,1.5
1783351435577,2026-07-06 17:23:55.577,C3:00:00:63:4D:07,-64,127,3.0,4.0,1.5
1783351435589,2026-07-06 17:23:55.589,C3:00:00:63:4D:04,-62,127,3.0,4.0,1.5
1783351435592,2026-07-06 17:23:55.592,C3:00:00:63:4D:0A,-63,127,3.0,4.0,1.5
1783351435607,2026-07-06 17:23:55.607,C3:00:00:63:4C:D2,-59,127,3.0,4.0,1.5
1783351435626,2026-07-06 17:23:55.626,C3:00:00:63:4D:05,-58,127,3.0,4.0,1.5
1783351435632,2026-07-06 17:23:55.632,C3:00:00:63:4D:08,-54,127,3.0,4.0,1.5
1783351435641,2026-07-06 17:23:55.641,C3:00:00:63:4D:0D,-52,127,3.0,4.0,1.5
1783351435654,2026-07-06 17:23:55.654,C3:00:00:63:4D:09,-76,127,3.0,4.0,1.5
1783351435696,2026-07-06 17:23:55.696,C3:00:00:63:4D:04,-57,127,3.0,4.0,1.5
1783351435700,2026-07-06 17:23:55.700,C3:00:00:63:4D:0A,-56,127,3.0,4.0,1.5
1783351435717,2026-07-06 17:23:55.717,C3:00:00:63:4C:D2,-56,127,3.0,4.0,1.5
1783351435737,2026-07-06 17:23:55.737,C3:00:00:63:4D:05,-54,127,3.0,4.0,1.5
1783351435741,2026-07-06 17:23:55.741,C3:00:00:63:4D:08,-61,127,3.0,4.0,1.5
1783351435748,2026-07-06 17:23:55.748,C3:00:00:63:4D:0D,-51,127,3.0,4.0,1.5
1783351435802,2026-07-06 17:23:55.802,C3:00:00:63:4D:04,-54,127,3.0,4.0,1.5
1783351435805,2026-07-06 17:23:55.805,C3:00:00:63:4D:0A,-64,127,3.0,4.0,1.5
1783351435830,2026-07-06 17:23:55.830,C3:00:00:63:4C:D2,-63,127,3.0,4.0,1.5
1783351435836,2026-07-06 17:23:55.836,C3:00:00:63:4D:05,-56,127,3.0,4.0,1.5
1783351435853,2026-07-06 17:23:55.853,C3:00:00:63:4D:0D,-58,127,3.0,4.0,1.5
1783351435856,2026-07-06 17:23:55.856,C3:00:00:63:4D:04,-59,127,3.0,4.0,1.5
1783351435865,2026-07-06 17:23:55.865,C3:00:00:63:4D:08,-50,127,3.0,4.0,1.5
1783351435882,2026-07-06 17:23:55.882,C3:00:00:63:4D:07,-68,127,3.0,4.0,1.5
1783351435890,2026-07-06 17:23:55.890,C3:00:00:63:4D:09,-65,127,3.0,4.0,1.5
1783351435905,2026-07-06 17:23:55.905,C3:00:00:63:4D:04,-60,127,3.0,4.0,1.5
1783351435907,2026-07-06 17:23:55.907,C3:00:00:63:4D:0A,-56,127,3.0,4.0,1.5
1783351435932,2026-07-06 17:23:55.932,C3:00:00:63:4C:D2,-63,127,3.0,4.0,1.5
1783351435961,2026-07-06 17:23:55.961,C3:00:00:63:4D:0D,-52,127,3.0,4.0,1.5
1783351435967,2026-07-06 17:23:55.967,C3:00:00:63:4D:08,-54,127,3.0,4.0,1.5
1783351435980,2026-07-06 17:23:55.980,C3:00:00:63:4D:07,-59,127,3.0,4.0,1.5
1783351436015,2026-07-06 17:23:56.015,C3:00:00:63:4D:0A,-65,127,3.0,4.0,1.5
1783351436038,2026-07-06 17:23:56.038,C3:00:00:63:4C:D2,-60,127,3.0,4.0,1.5
1783351436043,2026-07-06 17:23:56.043,C3:00:00:63:4D:05,-57,127,3.0,4.0,1.5
1783351436073,2026-07-06 17:23:56.073,C3:00:00:63:4D:0D,-54,127,3.0,4.0,1.5
1783351436077,2026-07-06 17:23:56.077,C3:00:00:63:4D:07,-58,127,3.0,4.0,1.5
1783351436083,2026-07-06 17:23:56.083,C3:00:00:63:4D:08,-63,127,3.0,4.0,1.5
1783351436109,2026-07-06 17:23:56.109,C3:00:00:63:4D:04,-54,127,3.0,4.0,1.5
1783351436125,2026-07-06 17:23:56.125,C3:00:00:63:4D:0A,-54,127,3.0,4.0,1.5
1783351436131,2026-07-06 17:23:56.131,C3:00:00:63:4D:05,-56,127,3.0,4.0,1.5
1783351436142,2026-07-06 17:23:56.142,C3:00:00:63:4C:D2,-65,127,3.0,4.0,1.5
1783351436170,2026-07-06 17:23:56.170,C3:00:00:63:4D:07,-69,127,3.0,4.0,1.5
1783351436185,2026-07-06 17:23:56.185,C3:00:00:63:4D:0D,-56,127,3.0,4.0,1.5
1783351436225,2026-07-06 17:23:56.225,C3:00:00:63:4D:0A,-60,127,3.0,4.0,1.5
1783351436242,2026-07-06 17:23:56.242,C3:00:00:63:4D:05,-62,127,3.0,4.0,1.5
1783351436247,2026-07-06 17:23:56.247,C3:00:00:63:4C:D2,-68,127,3.0,4.0,1.5
1783351436278,2026-07-06 17:23:56.278,C3:00:00:63:4D:07,-66,127,3.0,4.0,1.5
1783351436290,2026-07-06 17:23:56.290,C3:00:00:63:4D:0D,-54,127,3.0,4.0,1.5
1783351436313,2026-07-06 17:23:56.313,C3:00:00:63:4D:04,-57,127,3.0,4.0,1.5
1783351436320,2026-07-06 17:23:56.320,C3:00:00:63:4D:08,-59,127,3.0,4.0,1.5
1783351436332,2026-07-06 17:23:56.332,C3:00:00:63:4D:0A,-61,127,3.0,4.0,1.5
1783351436338,2026-07-06 17:23:56.338,C3:00:00:63:4D:05,-58,127,3.0,4.0,1.5
1783351436340,2026-07-06 17:23:56.340,C3:00:00:63:4D:08,-62,127,3.0,4.0,1.5
1783351436346,2026-07-06 17:23:56.346,C3:00:00:63:4D:09,-54,127,3.0,4.0,1.5
1783351436385,2026-07-06 17:23:56.385,C3:00:00:63:4D:07,-63,127,3.0,4.0,1.5
1783351436400,2026-07-06 17:23:56.400,C3:00:00:63:4D:0D,-52,127,3.0,4.0,1.5
1783351436419,2026-07-06 17:23:56.419,C3:00:00:63:4D:04,-63,127,3.0,4.0,1.5
1783351436423,2026-07-06 17:23:56.423,C3:00:00:63:4D:0D,-55,127,3.0,4.0,1.5
1783351436431,2026-07-06 17:23:56.431,C3:00:00:63:4D:08,-51,127,3.0,4.0,1.5
1783351436434,2026-07-06 17:23:56.434,C3:00:00:63:4D:0A,-68,127,3.0,4.0,1.5
1783351436444,2026-07-06 17:23:56.444,C3:00:00:63:4D:05,-62,127,3.0,4.0,1.5
1783351436457,2026-07-06 17:23:56.457,C3:00:00:63:4D:09,-56,127,3.0,4.0,1.5
1783351436466,2026-07-06 17:23:56.466,C3:00:00:63:4C:D2,-54,127,3.0,4.0,1.5
1783351436479,2026-07-06 17:23:56.479,C3:00:00:63:4D:07,-67,127,3.0,4.0,1.5
1783351436489,2026-07-06 17:23:56.489,C3:00:00:63:4D:09,-56,127,3.0,4.0,1.5
1783351436496,2026-07-06 17:23:56.496,C3:00:00:63:4D:0D,-55,127,3.0,4.0,1.5
1783351436508,2026-07-06 17:23:56.508,C3:00:00:63:4D:05,-59,127,3.0,4.0,1.5
1783351436522,2026-07-06 17:23:56.522,C3:00:00:63:4D:04,-61,127,3.0,4.0,1.5
1783351436539,2026-07-06 17:23:56.539,C3:00:00:63:4D:05,-58,127,3.0,4.0,1.5
1783351436544,2026-07-06 17:23:56.544,C3:00:00:63:4D:0A,-58,127,3.0,4.0,1.5
1783351436570,2026-07-06 17:23:56.570,C3:00:00:63:4C:D2,-67,127,3.0,4.0,1.5
1783351436574,2026-07-06 17:23:56.574,C3:00:00:63:4D:09,-59,127,3.0,4.0,1.5
1783351436579,2026-07-06 17:23:56.579,C3:00:00:63:4D:07,-62,127,3.0,4.0,1.5
1783351436606,2026-07-06 17:23:56.606,C3:00:00:63:4D:0D,-58,127,3.0,4.0,1.5
1783351436623,2026-07-06 17:23:56.623,C3:00:00:63:4D:04,-55,127,3.0,4.0,1.5
1783351436643,2026-07-06 17:23:56.643,C3:00:00:63:4D:05,-71,127,3.0,4.0,1.5
1783351436648,2026-07-06 17:23:56.648,C3:00:00:63:4D:0A,-64,127,3.0,4.0,1.5
1783351436651,2026-07-06 17:23:56.651,C3:00:00:63:4D:04,-55,127,3.0,4.0,1.5
1783351436658,2026-07-06 17:23:56.658,C3:00:00:63:4D:08,-55,127,3.0,4.0,1.5
1783351436664,2026-07-06 17:23:56.664,C3:00:00:63:4D:04,-62,127,3.0,4.0,1.5
1783351436672,2026-07-06 17:23:56.672,C3:00:00:63:4C:D2,-55,127,3.0,4.0,1.5
1783351436679,2026-07-06 17:23:56.679,C3:00:00:63:4D:09,-54,127,3.0,4.0,1.5
1783351436681,2026-07-06 17:23:56.681,C3:00:00:63:4D:0A,-66,127,3.0,4.0,1.5
1783351436686,2026-07-06 17:23:56.686,C3:00:00:63:4D:07,-61,127,3.0,4.0,1.5
1783351436713,2026-07-06 17:23:56.713,C3:00:00:63:4D:0D,-56,127,3.0,4.0,1.5
1783351436725,2026-07-06 17:23:56.725,C3:00:00:63:4D:04,-59,127,3.0,4.0,1.5
1783351436743,2026-07-06 17:23:56.743,C3:00:00:63:4D:0D,-57,127,3.0,4.0,1.5
1783351436748,2026-07-06 17:23:56.748,C3:00:00:63:4D:05,-55,127,3.0,4.0,1.5
1783351436757,2026-07-06 17:23:56.757,C3:00:00:63:4C:D2,-54,127,3.0,4.0,1.5
1783351436760,2026-07-06 17:23:56.760,C3:00:00:63:4D:0A,-63,127,3.0,4.0,1.5
1783351436778,2026-07-06 17:23:56.778,C3:00:00:63:4C:D2,-54,127,3.0,4.0,1.5
1783351436780,2026-07-06 17:23:56.780,C3:00:00:63:4D:08,-51,127,3.0,4.0,1.5
1783351436802,2026-07-06 17:23:56.802,C3:00:00:63:4D:09,-56,127,3.0,4.0,1.5
1783351436822,2026-07-06 17:23:56.822,C3:00:00:63:4D:0D,-56,127,3.0,4.0,1.5
1783351436840,2026-07-06 17:23:56.840,C3:00:00:63:4D:05,-56,127,3.0,4.0,1.5
1783351436855,2026-07-06 17:23:56.855,C3:00:00:63:4D:0A,-58,127,3.0,4.0,1.5
1783351436858,2026-07-06 17:23:56.858,C3:00:00:63:4D:07,-65,127,3.0,4.0,1.5
1783351436875,2026-07-06 17:23:56.875,C3:00:00:63:4D:07,-67,127,3.0,4.0,1.5
1783351436888,2026-07-06 17:23:56.888,C3:00:00:63:4D:08,-54,127,3.0,4.0,1.5
1783351436911,2026-07-06 17:23:56.911,C3:00:00:63:4D:09,-54,127,3.0,4.0,1.5
1783351436928,2026-07-06 17:23:56.928,C3:00:00:63:4D:04,-53,127,3.0,4.0,1.5
1783351436931,2026-07-06 17:23:56.931,C3:00:00:63:4D:0D,-50,127,3.0,4.0,1.5
1783351436937,2026-07-06 17:23:56.937,C3:00:00:63:4D:05,-63,127,3.0,4.0,1.5
1783351436960,2026-07-06 17:23:56.960,C3:00:00:63:4D:0A,-64,127,3.0,4.0,1.5
1783351436986,2026-07-06 17:23:56.986,C3:00:00:63:4D:07,-58,127,3.0,4.0,1.5
1783351436992,2026-07-06 17:23:56.992,C3:00:00:63:4C:D2,-54,127,3.0,4.0,1.5
1783351437006,2026-07-06 17:23:57.006,C3:00:00:63:4C:D2,-54,127,3.0,4.0,1.5
1783351437010,2026-07-06 17:23:57.010,C3:00:00:63:4D:08,-52,127,3.0,4.0,1.5
1783351437027,2026-07-06 17:23:57.027,C3:00:00:63:4D:09,-58,127,3.0,4.0,1.5
1783351437037,2026-07-06 17:23:57.037,C3:00:00:63:4D:04,-60,127,3.0,4.0,1.5
1783351437086,2026-07-06 17:23:57.086,C3:00:00:63:4D:07,-67,127,3.0,4.0,1.5
1783351437093,2026-07-06 17:23:57.093,C3:00:00:63:4D:0A,-62,127,3.0,4.0,1.5
1783351437098,2026-07-06 17:23:57.098,C3:00:00:63:4C:D2,-55,127,3.0,4.0,1.5
1783351437110,2026-07-06 17:23:57.110,C3:00:00:63:4D:09,-56,127,3.0,4.0,1.5
1783351437119,2026-07-06 17:23:57.119,C3:00:00:63:4D:08,-55,127,3.0,4.0,1.5
1783351437131,2026-07-06 17:23:57.131,C3:00:00:63:4D:07,-74,127,3.0,4.0,1.5
1783351437167,2026-07-06 17:23:57.167,C3:00:00:63:4D:0A,-57,127,3.0,4.0,1.5
1783351437180,2026-07-06 17:23:57.180,C3:00:00:63:4D:07,-72,127,3.0,4.0,1.5
1783351437198,2026-07-06 17:23:57.198,C3:00:00:63:4C:D2,-65,127,3.0,4.0,1.5
1783351437237,2026-07-06 17:23:57.237,C3:00:00:63:4D:08,-54,127,3.0,4.0,1.5
1783351437242,2026-07-06 17:23:57.242,C3:00:00:63:4D:05,-57,127,3.0,4.0,1.5
1783351437245,2026-07-06 17:23:57.245,C3:00:00:63:4D:04,-57,127,3.0,4.0,1.5
1783351437272,2026-07-06 17:23:57.272,C3:00:00:63:4D:0A,-67,127,3.0,4.0,1.5
1783351437280,2026-07-06 17:23:57.280,C3:00:00:63:4D:07,-59,127,3.0,4.0,1.5
1783351437301,2026-07-06 17:23:57.301,C3:00:00:63:4D:08,-54,127,3.0,4.0,1.5
1783351437315,2026-07-06 17:23:57.315,C3:00:00:63:4C:D2,-56,127,3.0,4.0,1.5
1783351437344,2026-07-06 17:23:57.344,C3:00:00:63:4D:04,-58,127,3.0,4.0,1.5
1783351437354,2026-07-06 17:23:57.354,C3:00:00:63:4D:08,-52,127,3.0,4.0,1.5
1783351437373,2026-07-06 17:23:57.373,C3:00:00:63:4D:09,-55,127,3.0,4.0,1.5
1783351437377,2026-07-06 17:23:57.377,C3:00:00:63:4D:0A,-55,127,3.0,4.0,1.5
1783351437382,2026-07-06 17:23:57.382,C3:00:00:63:4D:07,-61,127,3.0,4.0,1.5
1783351437388,2026-07-06 17:23:57.388,C3:00:00:63:4D:0D,-58,127,3.0,4.0,1.5
1783351437416,2026-07-06 17:23:57.416,C3:00:00:63:4C:D2,-62,127,3.0,4.0,1.5
1783351437447,2026-07-06 17:23:57.447,C3:00:00:63:4D:04,-58,127,3.0,4.0,1.5
1783351437450,2026-07-06 17:23:57.450,C3:00:00:63:4D:05,-67,127,3.0,4.0,1.5
1783351437466,2026-07-06 17:23:57.466,C3:00:00:63:4D:08,-54,127,3.0,4.0,1.5
1783351437470,2026-07-06 17:23:57.470,C3:00:00:63:4D:0D,-54,127,3.0,4.0,1.5
1783351437476,2026-07-06 17:23:57.476,C3:00:00:63:4D:07,-65,127,3.0,4.0,1.5
1783351437480,2026-07-06 17:23:57.480,C3:00:00:63:4D:0A,-58,127,3.0,4.0,1.5
1783351437491,2026-07-06 17:23:57.491,C3:00:00:63:4D:08,-54,127,3.0,4.0,1.5
1783351437516,2026-07-06 17:23:57.516,C3:00:00:63:4C:D2,-59,127,3.0,4.0,1.5
1783351437545,2026-07-06 17:23:57.545,C3:00:00:63:4D:05,-56,127,3.0,4.0,1.5
1783351437549,2026-07-06 17:23:57.549,C3:00:00:63:4D:07,-68,127,3.0,4.0,1.5
1783351437567,2026-07-06 17:23:57.567,C3:00:00:63:4D:05,-56,127,3.0,4.0,1.5
1783351437582,2026-07-06 17:23:57.582,C3:00:00:63:4D:07,-59,127,3.0,4.0,1.5
1783351437586,2026-07-06 17:23:57.586,C3:00:00:63:4D:08,-54,127,3.0,4.0,1.5
1783351437588,2026-07-06 17:23:57.588,C3:00:00:63:4D:0D,-52,127,3.0,4.0,1.5
1783351437590,2026-07-06 17:23:57.590,C3:00:00:63:4D:0A,-80,127,3.0,4.0,1.5
1783351437592,2026-07-06 17:23:57.592,C3:00:00:63:4D:09,-54,127,3.0,4.0,1.5
1783351437631,2026-07-06 17:23:57.631,C3:00:00:63:4C:D2,-54,127,3.0,4.0,1.5
1783351437653,2026-07-06 17:23:57.653,C3:00:00:63:4D:05,-57,127,3.0,4.0,1.5
1783351437681,2026-07-06 17:23:57.681,C3:00:00:63:4D:07,-65,127,3.0,4.0,1.5
1783351437685,2026-07-06 17:23:57.685,C3:00:00:63:4D:0D,-55,127,3.0,4.0,1.5
1783351437693,2026-07-06 17:23:57.693,C3:00:00:63:4D:0A,-56,127,3.0,4.0,1.5
1783351437696,2026-07-06 17:23:57.696,C3:00:00:63:4D:08,-55,127,3.0,4.0,1.5
1783351437709,2026-07-06 17:23:57.709,C3:00:00:63:4D:09,-60,127,3.0,4.0,1.5
1783351437732,2026-07-06 17:23:57.732,C3:00:00:63:4C:D2,-65,127,3.0,4.0,1.5
1783351437752,2026-07-06 17:23:57.752,C3:00:00:63:4D:05,-64,127,3.0,4.0,1.5
1783351437780,2026-07-06 17:23:57.780,C3:00:00:63:4D:07,-65,127,3.0,4.0,1.5
1783351437798,2026-07-06 17:23:57.798,C3:00:00:63:4D:0D,-54,127,3.0,4.0,1.5
1783351437803,2026-07-06 17:23:57.803,C3:00:00:63:4D:0A,-60,127,3.0,4.0,1.5
1783351437815,2026-07-06 17:23:57.815,C3:00:00:63:4D:08,-58,127,3.0,4.0,1.5
1783351437822,2026-07-06 17:23:57.822,C3:00:00:63:4D:09,-54,127,3.0,4.0,1.5
1783351437839,2026-07-06 17:23:57.839,C3:00:00:63:4C:D2,-56,127,3.0,4.0,1.5
1783351437846,2026-07-06 17:23:57.846,C3:00:00:63:4D:05,-56,127,3.0,4.0,1.5
1783351437860,2026-07-06 17:23:57.860,C3:00:00:63:4D:04,-58,127,3.0,4.0,1.5
1783351437874,2026-07-06 17:23:57.874,C3:00:00:63:4D:04,-58,127,3.0,4.0,1.5
1783351437879,2026-07-06 17:23:57.879,C3:00:00:63:4D:07,-66,127,3.0,4.0,1.5
1783351437902,2026-07-06 17:23:57.902,C3:00:00:63:4D:0A,-69,127,3.0,4.0,1.5
1783351437909,2026-07-06 17:23:57.909,C3:00:00:63:4D:0D,-51,127,3.0,4.0,1.5
1783351437933,2026-07-06 17:23:57.933,C3:00:00:63:4D:08,-52,127,3.0,4.0,1.5
1783351437945,2026-07-06 17:23:57.945,C3:00:00:63:4C:D2,-57,127,3.0,4.0,1.5
1783351437948,2026-07-06 17:23:57.948,C3:00:00:63:4D:09,-56,127,3.0,4.0,1.5
1783351437954,2026-07-06 17:23:57.954,C3:00:00:63:4D:05,-57,127,3.0,4.0,1.5
1783351437963,2026-07-06 17:23:57.963,C3:00:00:63:4D:04,-63,127,3.0,4.0,1.5
1783351437978,2026-07-06 17:23:57.978,C3:00:00:63:4D:07,-71,127,3.0,4.0,1.5
1783351438008,2026-07-06 17:23:58.008,C3:00:00:63:4D:0A,-56,127,3.0,4.0,1.5
1783351438013,2026-07-06 17:23:58.013,C3:00:00:63:4D:0D,-54,127,3.0,4.0,1.5
1783351438044,2026-07-06 17:23:58.044,C3:00:00:63:4D:08,-56,127,3.0,4.0,1.5
1783351438049,2026-07-06 17:23:58.049,C3:00:00:63:4D:09,-58,127,3.0,4.0,1.5
1783351438062,2026-07-06 17:23:58.062,C3:00:00:63:4D:04,-57,127,3.0,4.0,1.5
1783351438081,2026-07-06 17:23:58.081,C3:00:00:63:4D:07,-64,127,3.0,4.0,1.5
1783351438114,2026-07-06 17:23:58.114,C3:00:00:63:4D:0A,-64,127,3.0,4.0,1.5
1783351438129,2026-07-06 17:23:58.129,C3:00:00:63:4D:0D,-51,127,3.0,4.0,1.5
1783351438151,2026-07-06 17:23:58.151,C3:00:00:63:4C:D2,-58,127,3.0,4.0,1.5
1783351438158,2026-07-06 17:23:58.158,C3:00:00:63:4D:08,-55,127,3.0,4.0,1.5
1783351438163,2026-07-06 17:23:58.163,C3:00:00:63:4D:09,-54,127,3.0,4.0,1.5
1783351438173,2026-07-06 17:23:58.173,C3:00:00:63:4D:04,-56,127,3.0,4.0,1.5
1783351438186,2026-07-06 17:23:58.186,C3:00:00:63:4D:07,-61,127,3.0,4.0,1.5
1783351438218,2026-07-06 17:23:58.218,C3:00:00:63:4D:0A,-56,127,3.0,4.0,1.5
1783351438234,2026-07-06 17:23:58.234,C3:00:00:63:4D:0D,-56,127,3.0,4.0,1.5
1783351438247,2026-07-06 17:23:58.247,C3:00:00:63:4D:0A,-64,127,3.0,4.0,1.5
1783351438264,2026-07-06 17:23:58.264,C3:00:00:63:4D:05,-56,127,3.0,4.0,1.5
1783351438269,2026-07-06 17:23:58.269,C3:00:00:63:4C:D2,-56,127,3.0,4.0,1.5
1783351438272,2026-07-06 17:23:58.272,C3:00:00:63:4D:08,-49,127,3.0,4.0,1.5
1783351438280,2026-07-06 17:23:58.280,C3:00:00:63:4D:04,-60,127,3.0,4.0,1.5
1783351438284,2026-07-06 17:23:58.284,C3:00:00:63:4D:09,-56,127,3.0,4.0,1.5
1783351438287,2026-07-06 17:23:58.287,C3:00:00:63:4D:07,-80,127,3.0,4.0,1.5
1783351438319,2026-07-06 17:23:58.319,C3:00:00:63:4D:0A,-60,127,3.0,4.0,1.5
1783351438352,2026-07-06 17:23:58.352,C3:00:00:63:4D:05,-68,127,3.0,4.0,1.5
1783351438374,2026-07-06 17:23:58.374,C3:00:00:63:4C:D2,-63,127,3.0,4.0,1.5
1783351438379,2026-07-06 17:23:58.379,C3:00:00:63:4D:04,-56,127,3.0,4.0,1.5
1783351438397,2026-07-06 17:23:58.397,C3:00:00:63:4D:09,-61,127,3.0,4.0,1.5
1783351438426,2026-07-06 17:23:58.426,C3:00:00:63:4D:0A,-63,127,3.0,4.0,1.5
1783351438444,2026-07-06 17:23:58.444,C3:00:00:63:4D:0D,-51,127,3.0,4.0,1.5
1783351438478,2026-07-06 17:23:58.478,C3:00:00:63:4C:D2,-57,127,3.0,4.0,1.5
1783351438483,2026-07-06 17:23:58.483,C3:00:00:63:4D:04,-58,127,3.0,4.0,1.5
1783351438498,2026-07-06 17:23:58.498,C3:00:00:63:4D:09,-54,127,3.0,4.0,1.5
1783351438501,2026-07-06 17:23:58.501,C3:00:00:63:4D:08,-63,127,3.0,4.0,1.5
1783351438513,2026-07-06 17:23:58.513,C3:00:00:63:4D:09,-58,127,3.0,4.0,1.5
1783351438520,2026-07-06 17:23:58.520,C3:00:00:63:4D:05,-55,127,3.0,4.0,1.5
1783351438527,2026-07-06 17:23:58.527,C3:00:00:63:4D:0A,-63,127,3.0,4.0,1.5
1783351438557,2026-07-06 17:23:58.557,C3:00:00:63:4D:0D,-58,127,3.0,4.0,1.5
1783351438562,2026-07-06 17:23:58.562,C3:00:00:63:4D:05,-55,127,3.0,4.0,1.5
1783351438578,2026-07-06 17:23:58.578,C3:00:00:63:4C:D2,-56,127,3.0,4.0,1.5
1783351438583,2026-07-06 17:23:58.583,C3:00:00:63:4D:07,-67,127,3.0,4.0,1.5
1783351438586,2026-07-06 17:23:58.586,C3:00:00:63:4D:04,-64,127,3.0,4.0,1.5
1783351438617,2026-07-06 17:23:58.617,C3:00:00:63:4D:08,-53,127,3.0,4.0,1.5
1783351438622,2026-07-06 17:23:58.622,C3:00:00:63:4D:09,-60,127,3.0,4.0,1.5
1783351438629,2026-07-06 17:23:58.629,C3:00:00:63:4D:04,-58,127,3.0,4.0,1.5
1783351438667,2026-07-06 17:23:58.667,C3:00:00:63:4D:0D,-54,127,3.0,4.0,1.5
1783351438678,2026-07-06 17:23:58.678,C3:00:00:63:4D:07,-64,127,3.0,4.0,1.5
1783351438683,2026-07-06 17:23:58.683,C3:00:00:63:4D:0A,-67,127,3.0,4.0,1.5
1783351438694,2026-07-06 17:23:58.694,C3:00:00:63:4C:D2,-66,127,3.0,4.0,1.5
1783351438698,2026-07-06 17:23:58.698,C3:00:00:63:4D:04,-56,127,3.0,4.0,1.5
1783351438727,2026-07-06 17:23:58.727,C3:00:00:63:4D:08,-57,127,3.0,4.0,1.5
1783351438735,2026-07-06 17:23:58.735,C3:00:00:63:4D:09,-54,127,3.0,4.0,1.5
1783351438739,2026-07-06 17:23:58.739,C3:00:00:63:4D:0A,-60,127,3.0,4.0,1.5
1783351438748,2026-07-06 17:23:58.748,C3:00:00:63:4C:D2,-58,127,3.0,4.0,1.5
1783351438751,2026-07-06 17:23:58.751,C3:00:00:63:4D:0D,-49,127,3.0,4.0,1.5
1783351438760,2026-07-06 17:23:58.760,C3:00:00:63:4D:05,-57,127,3.0,4.0,1.5
1783351438769,2026-07-06 17:23:58.769,C3:00:00:63:4D:0D,-48,127,3.0,4.0,1.5
1783351438780,2026-07-06 17:23:58.780,C3:00:00:63:4D:04,-57,127,3.0,4.0,1.5
1783351438784,2026-07-06 17:23:58.784,C3:00:00:63:4D:07,-64,127,3.0,4.0,1.5
1783351438793,2026-07-06 17:23:58.793,C3:00:00:63:4C:D2,-57,127,3.0,4.0,1.5
1783351438809,2026-07-06 17:23:58.809,C3:00:00:63:4C:D2,-63,127,3.0,4.0,1.5
1783351438853,2026-07-06 17:23:58.853,C3:00:00:63:4D:08,-50,127,3.0,4.0,1.5
1783351438858,2026-07-06 17:23:58.858,C3:00:00:63:4D:0A,-63,127,3.0,4.0,1.5
1783351438863,2026-07-06 17:23:58.863,C3:00:00:63:4D:05,-55,127,3.0,4.0,1.5
1783351438875,2026-07-06 17:23:58.875,C3:00:00:63:4D:07,-68,127,3.0,4.0,1.5
1783351438878,2026-07-06 17:23:58.878,C3:00:00:63:4D:0D,-58,127,3.0,4.0,1.5
1783351438905,2026-07-06 17:23:58.905,C3:00:00:63:4C:D2,-54,127,3.0,4.0,1.5
1783351438949,2026-07-06 17:23:58.949,C3:00:00:63:4D:0A,-59,127,3.0,4.0,1.5
1783351438958,2026-07-06 17:23:58.958,C3:00:00:63:4D:05,-70,127,3.0,4.0,1.5
1783351438976,2026-07-06 17:23:58.976,C3:00:00:63:4D:07,-60,127,3.0,4.0,1.5
1783351438980,2026-07-06 17:23:58.980,C3:00:00:63:4D:0D,-59,127,3.0,4.0,1.5
1783351438987,2026-07-06 17:23:58.987,C3:00:00:63:4D:04,-56,127,3.0,4.0,1.5
1783351439007,2026-07-06 17:23:59.007,C3:00:00:63:4C:D2,-67,127,3.0,4.0,1.5
1783351439026,2026-07-06 17:23:59.026,C3:00:00:63:4C:D2,-56,127,3.0,4.0,1.5
1783351439063,2026-07-06 17:23:59.063,C3:00:00:63:4D:05,-54,127,3.0,4.0,1.5
1783351439086,2026-07-06 17:23:59.086,C3:00:00:63:4D:07,-62,127,3.0,4.0,1.5
1783351439092,2026-07-06 17:23:59.092,C3:00:00:63:4D:0A,-72,127,3.0,4.0,1.5
1783351439097,2026-07-06 17:23:59.097,C3:00:00:63:4D:04,-57,127,3.0,4.0,1.5
1783351439102,2026-07-06 17:23:59.102,C3:00:00:63:4D:0D,-56,127,3.0,4.0,1.5
1783351439106,2026-07-06 17:23:59.106,C3:00:00:63:4C:D2,-56,127,3.0,4.0,1.5
1783351439112,2026-07-06 17:23:59.112,C3:00:00:63:4D:09,-60,127,3.0,4.0,1.5
1783351439142,2026-07-06 17:23:59.142,C3:00:00:63:4D:07,-67,127,3.0,4.0,1.5
1783351439166,2026-07-06 17:23:59.166,C3:00:00:63:4D:0A,-62,127,3.0,4.0,1.5
1783351439171,2026-07-06 17:23:59.171,C3:00:00:63:4D:05,-58,127,3.0,4.0,1.5
1783351439216,2026-07-06 17:23:59.216,C3:00:00:63:4C:D2,-64,127,3.0,4.0,1.5
1783351439266,2026-07-06 17:23:59.266,C3:00:00:63:4D:05,-67,127,3.0,4.0,1.5
1783351439271,2026-07-06 17:23:59.271,C3:00:00:63:4D:0A,-58,127,3.0,4.0,1.5
1783351439288,2026-07-06 17:23:59.288,C3:00:00:63:4D:07,-62,127,3.0,4.0,1.5
1783351439306,2026-07-06 17:23:59.306,C3:00:00:63:4D:09,-58,127,3.0,4.0,1.5
1783351439310,2026-07-06 17:23:59.310,C3:00:00:63:4D:08,-55,127,3.0,4.0,1.5
1783351439312,2026-07-06 17:23:59.312,C3:00:00:63:4D:0D,-67,127,3.0,4.0,1.5
1783351439329,2026-07-06 17:23:59.329,C3:00:00:63:4C:D2,-58,127,3.0,4.0,1.5
1783351439380,2026-07-06 17:23:59.380,C3:00:00:63:4D:0A,-71,127,3.0,4.0,1.5
1783351439384,2026-07-06 17:23:59.384,C3:00:00:63:4D:0D,-56,127,3.0,4.0,1.5
1783351439389,2026-07-06 17:23:59.389,C3:00:00:63:4D:07,-65,127,3.0,4.0,1.5
1783351439394,2026-07-06 17:23:59.394,C3:00:00:63:4D:0D,-62,127,3.0,4.0,1.5
1783351439398,2026-07-06 17:23:59.398,C3:00:00:63:4D:08,-72,127,3.0,4.0,1.5
1783351439406,2026-07-06 17:23:59.406,C3:00:00:63:4D:04,-58,127,3.0,4.0,1.5
1783351439416,2026-07-06 17:23:59.416,C3:00:00:63:4D:0D,-58,127,3.0,4.0,1.5
1783351439427,2026-07-06 17:23:59.427,C3:00:00:63:4C:D2,-54,127,3.0,4.0,1.5
1783351439467,2026-07-06 17:23:59.467,C3:00:00:63:4D:05,-56,127,3.0,4.0,1.5
1783351439477,2026-07-06 17:23:59.477,C3:00:00:63:4D:08,-51,127,3.0,4.0,1.5
1783351439480,2026-07-06 17:23:59.480,C3:00:00:63:4D:0A,-67,127,3.0,4.0,1.5
1783351439488,2026-07-06 17:23:59.488,C3:00:00:63:4D:07,-65,127,3.0,4.0,1.5
1783351439523,2026-07-06 17:23:59.523,C3:00:00:63:4D:0D,-56,127,3.0,4.0,1.5
1783351439535,2026-07-06 17:23:59.535,C3:00:00:63:4D:09,-62,127,3.0,4.0,1.5
1783351439541,2026-07-06 17:23:59.541,C3:00:00:63:4D:08,-54,127,3.0,4.0,1.5
1783351439556,2026-07-06 17:23:59.556,C3:00:00:63:4D:09,-69,127,3.0,4.0,1.5
1783351439572,2026-07-06 17:23:59.572,C3:00:00:63:4D:05,-71,127,3.0,4.0,1.5
1783351439585,2026-07-06 17:23:59.585,C3:00:00:63:4D:07,-60,127,3.0,4.0,1.5
1783351439595,2026-07-06 17:23:59.595,C3:00:00:63:4D:05,-68,127,3.0,4.0,1.5
1783351439637,2026-07-06 17:23:59.637,C3:00:00:63:4D:0D,-52,127,3.0,4.0,1.5
1783351439643,2026-07-06 17:23:59.643,C3:00:00:63:4C:D2,-55,127,3.0,4.0,1.5
1783351439646,2026-07-06 17:23:59.646,C3:00:00:63:4D:09,-54,127,3.0,4.0,1.5
1783351439653,2026-07-06 17:23:59.653,C3:00:00:63:4D:08,-60,127,3.0,4.0,1.5
1783351439671,2026-07-06 17:23:59.671,C3:00:00:63:4D:05,-55,127,3.0,4.0,1.5
1783351439679,2026-07-06 17:23:59.679,C3:00:00:63:4D:07,-67,127,3.0,4.0,1.5
1783351439683,2026-07-06 17:23:59.683,C3:00:00:63:4D:0A,-69,127,3.0,4.0,1.5
1783351439720,2026-07-06 17:23:59.720,C3:00:00:63:4D:04,-65,127,3.0,4.0,1.5
1783351439741,2026-07-06 17:23:59.741,C3:00:00:63:4D:0D,-54,127,3.0,4.0,1.5
1783351439749,2026-07-06 17:23:59.749,C3:00:00:63:4C:D2,-54,127,3.0,4.0,1.5
1783351439765,2026-07-06 17:23:59.765,C3:00:00:63:4D:04,-70,127,3.0,4.0,1.5
1783351439768,2026-07-06 17:23:59.768,C3:00:00:63:4D:09,-57,127,3.0,4.0,1.5
1783351439776,2026-07-06 17:23:59.776,C3:00:00:63:4D:07,-68,127,3.0,4.0,1.5
1783351439786,2026-07-06 17:23:59.786,C3:00:00:63:4D:0A,-62,127,3.0,4.0,1.5
1783351439812,2026-07-06 17:23:59.812,C3:00:00:63:4D:04,-56,127,3.0,4.0,1.5
1783351439869,2026-07-06 17:23:59.869,C3:00:00:63:4D:05,-69,127,3.0,4.0,1.5
1783351439873,2026-07-06 17:23:59.873,C3:00:00:63:4D:09,-61,127,3.0,4.0,1.5
1783351439876,2026-07-06 17:23:59.876,C3:00:00:63:4D:04,-55,127,3.0,4.0,1.5
1783351439881,2026-07-06 17:23:59.881,C3:00:00:63:4D:08,-54,127,3.0,4.0,1.5
1783351439885,2026-07-06 17:23:59.885,C3:00:00:63:4D:09,-60,127,3.0,4.0,1.5
1783351439901,2026-07-06 17:23:59.901,C3:00:00:63:4D:0A,-56,127,3.0,4.0,1.5
1783351439917,2026-07-06 17:23:59.917,C3:00:00:63:4D:04,-54,127,3.0,4.0,1.5
1783351439973,2026-07-06 17:23:59.973,C3:00:00:63:4D:05,-56,127,3.0,4.0,1.5
1783351439979,2026-07-06 17:23:59.979,C3:00:00:63:4D:07,-65,127,3.0,4.0,1.5
1783351439987,2026-07-06 17:23:59.987,C3:00:00:63:4D:09,-54,127,3.0,4.0,1.5
1783351439999,2026-07-06 17:23:59.999,C3:00:00:63:4D:08,-66,127,3.0,4.0,1.5
1783351440013,2026-07-06 17:24:00.013,C3:00:00:63:4D:0A,-70,127,3.0,4.0,1.5
1783351440027,2026-07-06 17:24:00.027,C3:00:00:63:4D:04,-58,127,3.0,4.0,1.5
1783351440073,2026-07-06 17:24:00.073,C3:00:00:63:4D:05,-56,127,3.0,4.0,1.5
1783351440077,2026-07-06 17:24:00.077,C3:00:00:63:4D:07,-65,127,3.0,4.0,1.5
1783351440106,2026-07-06 17:24:00.106,C3:00:00:63:4D:0A,-59,127,3.0,4.0,1.5
1783351440111,2026-07-06 17:24:00.111,C3:00:00:63:4D:09,-57,127,3.0,4.0,1.5
1783351440120,2026-07-06 17:24:00.120,C3:00:00:63:4D:08,-55,127,3.0,4.0,1.5
1783351440127,2026-07-06 17:24:00.127,C3:00:00:63:4D:04,-54,127,3.0,4.0,1.5
1783351440176,2026-07-06 17:24:00.176,C3:00:00:63:4C:D2,-69,127,3.0,4.0,1.5
1783351440178,2026-07-06 17:24:00.178,C3:00:00:63:4D:0D,-53,127,3.0,4.0,1.5
1783351440182,2026-07-06 17:24:00.182,C3:00:00:63:4D:07,-63,127,3.0,4.0,1.5
1783351440210,2026-07-06 17:24:00.210,C3:00:00:63:4D:07,-65,127,3.0,4.0,1.5
1783351440213,2026-07-06 17:24:00.213,C3:00:00:63:4D:0A,-57,127,3.0,4.0,1.5
1783351440220,2026-07-06 17:24:00.220,C3:00:00:63:4D:09,-58,127,3.0,4.0,1.5
1783351440228,2026-07-06 17:24:00.228,C3:00:00:63:4D:08,-56,127,3.0,4.0,1.5
1783351440237,2026-07-06 17:24:00.237,C3:00:00:63:4D:04,-56,127,3.0,4.0,1.5
1783351440281,2026-07-06 17:24:00.281,C3:00:00:63:4D:0D,-49,127,3.0,4.0,1.5
1783351440286,2026-07-06 17:24:00.286,C3:00:00:63:4D:07,-74,127,3.0,4.0,1.5
1783351440313,2026-07-06 17:24:00.313,C3:00:00:63:4D:0A,-62,127,3.0,4.0,1.5
1783351440320,2026-07-06 17:24:00.320,C3:00:00:63:4D:08,-56,127,3.0,4.0,1.5
1783351440340,2026-07-06 17:24:00.340,C3:00:00:63:4D:04,-60,127,3.0,4.0,1.5
1783351440378,2026-07-06 17:24:00.378,C3:00:00:63:4D:05,-56,127,3.0,4.0,1.5
1783351440383,2026-07-06 17:24:00.383,C3:00:00:63:4C:D2,-55,127,3.0,4.0,1.5
1783351440386,2026-07-06 17:24:00.386,C3:00:00:63:4D:07,-64,127,3.0,4.0,1.5
1783351440414,2026-07-06 17:24:00.414,C3:00:00:63:4D:0D,-53,127,3.0,4.0,1.5
1783351440418,2026-07-06 17:24:00.418,C3:00:00:63:4D:0A,-60,127,3.0,4.0,1.5
1783351440437,2026-07-06 17:24:00.437,C3:00:00:63:4D:04,-55,127,3.0,4.0,1.5
1783351440453,2026-07-06 17:24:00.453,C3:00:00:63:4D:09,-61,127,3.0,4.0,1.5
1783351440458,2026-07-06 17:24:00.458,C3:00:00:63:4D:08,-63,127,3.0,4.0,1.5
1783351440476,2026-07-06 17:24:00.476,C3:00:00:63:4D:07,-68,127,3.0,4.0,1.5
1783351440480,2026-07-06 17:24:00.480,C3:00:00:63:4D:05,-58,127,3.0,4.0,1.5
1783351440485,2026-07-06 17:24:00.485,C3:00:00:63:4C:D2,-64,127,3.0,4.0,1.5
1783351440495,2026-07-06 17:24:00.495,C3:00:00:63:4D:09,-65,127,3.0,4.0,1.5
1783351440524,2026-07-06 17:24:00.524,C3:00:00:63:4D:0A,-69,127,3.0,4.0,1.5
1783351440536,2026-07-06 17:24:00.536,C3:00:00:63:4D:04,-57,127,3.0,4.0,1.5
1783351440541,2026-07-06 17:24:00.541,C3:00:00:63:4D:05,-60,127,3.0,4.0,1.5
1783351440560,2026-07-06 17:24:00.560,C3:00:00:63:4D:09,-57,127,3.0,4.0,1.5
1783351440570,2026-07-06 17:24:00.570,C3:00:00:63:4D:08,-58,127,3.0,4.0,1.5
1783351440577,2026-07-06 17:24:00.577,C3:00:00:63:4D:05,-62,127,3.0,4.0,1.5
1783351440582,2026-07-06 17:24:00.582,C3:00:00:63:4D:07,-61,127,3.0,4.0,1.5
1783351440592,2026-07-06 17:24:00.592,C3:00:00:63:4C:D2,-54,127,3.0,4.0,1.5
1783351440602,2026-07-06 17:24:00.602,C3:00:00:63:4D:0D,-54,127,3.0,4.0,1.5
1783351440624,2026-07-06 17:24:00.624,C3:00:00:63:4D:04,-63,127,3.0,4.0,1.5
1783351440633,2026-07-06 17:24:00.633,C3:00:00:63:4D:0A,-64,127,3.0,4.0,1.5
1783351440650,2026-07-06 17:24:00.650,C3:00:00:63:4D:04,-71,127,3.0,4.0,1.5
1783351440672,2026-07-06 17:24:00.672,C3:00:00:63:4D:04,-64,127,3.0,4.0,1.5
1783351440676,2026-07-06 17:24:00.676,C3:00:00:63:4D:09,-55,127,3.0,4.0,1.5
1783351440682,2026-07-06 17:24:00.682,C3:00:00:63:4D:07,-63,127,3.0,4.0,1.5
1783351440691,2026-07-06 17:24:00.691,C3:00:00:63:4D:05,-57,127,3.0,4.0,1.5
1783351440701,2026-07-06 17:24:00.701,C3:00:00:63:4D:0A,-63,127,3.0,4.0,1.5
1783351440706,2026-07-06 17:24:00.706,C3:00:00:63:4C:D2,-58,127,3.0,4.0,1.5
1783351440712,2026-07-06 17:24:00.712,C3:00:00:63:4D:0D,-54,127,3.0,4.0,1.5
1783351440737,2026-07-06 17:24:00.737,C3:00:00:63:4D:0A,-57,127,3.0,4.0,1.5
1783351440741,2026-07-06 17:24:00.741,C3:00:00:63:4D:04,-55,127,3.0,4.0,1.5
1783351440750,2026-07-06 17:24:00.750,C3:00:00:63:4C:D2,-63,127,3.0,4.0,1.5
1783351440752,2026-07-06 17:24:00.752,C3:00:00:63:4D:0D,-52,127,3.0,4.0,1.5
1783351440778,2026-07-06 17:24:00.778,C3:00:00:63:4D:07,-63,127,3.0,4.0,1.5
1783351440783,2026-07-06 17:24:00.783,C3:00:00:63:4D:09,-62,127,3.0,4.0,1.5
1783351440800,2026-07-06 17:24:00.800,C3:00:00:63:4D:08,-60,127,3.0,4.0,1.5
1783351440807,2026-07-06 17:24:00.807,C3:00:00:63:4C:D2,-60,127,3.0,4.0,1.5
1783351440822,2026-07-06 17:24:00.822,C3:00:00:63:4D:0D,-51,127,3.0,4.0,1.5
1783351440903,2026-07-06 17:24:00.903,C3:00:00:63:4D:07,-61,127,3.0,4.0,1.5
1783351440920,2026-07-06 17:24:00.920,C3:00:00:63:4C:D2,-56,127,3.0,4.0,1.5
1783351440925,2026-07-06 17:24:00.925,C3:00:00:63:4D:08,-54,127,3.0,4.0,1.5
1783351440931,2026-07-06 17:24:00.931,C3:00:00:63:4D:0D,-58,127,3.0,4.0,1.5
1783351440977,2026-07-06 17:24:00.977,C3:00:00:63:4D:07,-69,127,3.0,4.0,1.5
1783351440981,2026-07-06 17:24:00.981,C3:00:00:63:4D:05,-60,127,3.0,4.0,1.5
1783351441031,2026-07-06 17:24:01.031,C3:00:00:63:4D:08,-53,127,3.0,4.0,1.5
1783351441035,2026-07-06 17:24:01.035,C3:00:00:63:4D:0D,-54,127,3.0,4.0,1.5
1783351441038,2026-07-06 17:24:01.038,C3:00:00:63:4C:D2,-62,127,3.0,4.0,1.5
1783351441087,2026-07-06 17:24:01.087,C3:00:00:63:4D:05,-64,127,3.0,4.0,1.5
1783351441091,2026-07-06 17:24:01.091,C3:00:00:63:4D:0A,-58,127,3.0,4.0,1.5
1783351441126,2026-07-06 17:24:01.126,C3:00:00:63:4C:D2,-57,127,3.0,4.0,1.5
1783351441130,2026-07-06 17:24:01.130,C3:00:00:63:4D:09,-56,127,3.0,4.0,1.5
1783351441146,2026-07-06 17:24:01.146,C3:00:00:63:4D:09,-56,127,3.0,4.0,1.5
1783351441149,2026-07-06 17:24:01.149,C3:00:00:63:4D:0D,-50,127,3.0,4.0,1.5
1783351441151,2026-07-06 17:24:01.151,C3:00:00:63:4D:08,-58,127,3.0,4.0,1.5
1783351441153,2026-07-06 17:24:01.153,C3:00:00:63:4D:07,-67,127,3.0,4.0,1.5
1783351441185,2026-07-06 17:24:01.185,C3:00:00:63:4D:05,-55,127,3.0,4.0,1.5
1783351441231,2026-07-06 17:24:01.231,C3:00:00:63:4C:D2,-56,127,3.0,4.0,1.5
1783351441255,2026-07-06 17:24:01.255,C3:00:00:63:4D:09,-56,127,3.0,4.0,1.5
1783351441260,2026-07-06 17:24:01.260,C3:00:00:63:4D:0D,-53,127,3.0,4.0,1.5
1783351441265,2026-07-06 17:24:01.265,C3:00:00:63:4D:04,-58,127,3.0,4.0,1.5
1783351441268,2026-07-06 17:24:01.268,C3:00:00:63:4D:08,-51,127,3.0,4.0,1.5
1783351441278,2026-07-06 17:24:01.278,C3:00:00:63:4D:07,-66,127,3.0,4.0,1.5
1783351441290,2026-07-06 17:24:01.290,C3:00:00:63:4D:05,-58,127,3.0,4.0,1.5
1783351441315,2026-07-06 17:24:01.315,C3:00:00:63:4D:08,-51,127,3.0,4.0,1.5
1783351441343,2026-07-06 17:24:01.343,C3:00:00:63:4C:D2,-66,127,3.0,4.0,1.5
1783351441377,2026-07-06 17:24:01.377,C3:00:00:63:4D:08,-52,127,3.0,4.0,1.5
1783351441381,2026-07-06 17:24:01.381,C3:00:00:63:4D:07,-61,127,3.0,4.0,1.5
1783351441470,2026-07-06 17:24:01.470,C3:00:00:63:4D:04,-63,127,3.0,4.0,1.5
1783351441476,2026-07-06 17:24:01.476,C3:00:00:63:4D:09,-58,127,3.0,4.0,1.5
1783351441481,2026-07-06 17:24:01.481,C3:00:00:63:4D:0D,-52,127,3.0,4.0,1.5
1783351441484,2026-07-06 17:24:01.484,C3:00:00:63:4D:08,-54,127,3.0,4.0,1.5
1783351441498,2026-07-06 17:24:01.498,C3:00:00:63:4D:05,-56,127,3.0,4.0,1.5
1783351441510,2026-07-06 17:24:01.510,C3:00:00:63:4D:08,-55,127,3.0,4.0,1.5
1783351441559,2026-07-06 17:24:01.559,C3:00:00:63:4C:D2,-58,127,3.0,4.0,1.5
1783351441562,2026-07-06 17:24:01.562,C3:00:00:63:4D:07,-72,127,3.0,4.0,1.5
1783351441577,2026-07-06 17:24:01.577,C3:00:00:63:4D:04,-62,127,3.0,4.0,1.5
1783351441582,2026-07-06 17:24:01.582,C3:00:00:63:4D:0A,-60,127,3.0,4.0,1.5
1783351441585,2026-07-06 17:24:01.585,C3:00:00:63:4D:05,-59,127,3.0,4.0,1.5
1783351441607,2026-07-06 17:24:01.607,C3:00:00:63:4D:08,-54,127,3.0,4.0,1.5
1783351441656,2026-07-06 17:24:01.656,C3:00:00:63:4C:D2,-61,127,3.0,4.0,1.5
1783351441669,2026-07-06 17:24:01.669,C3:00:00:63:4D:04,-62,127,3.0,4.0,1.5
1783351441685,2026-07-06 17:24:01.685,C3:00:00:63:4D:0D,-56,127,3.0,4.0,1.5
1783351441690,2026-07-06 17:24:01.690,C3:00:00:63:4D:05,-61,127,3.0,4.0,1.5
1783351441719,2026-07-06 17:24:01.719,C3:00:00:63:4D:08,-56,127,3.0,4.0,1.5
1783351441764,2026-07-06 17:24:01.764,C3:00:00:63:4C:D2,-54,127,3.0,4.0,1.5
1783351441774,2026-07-06 17:24:01.774,C3:00:00:63:4D:04,-60,127,3.0,4.0,1.5
1783351441783,2026-07-06 17:24:01.783,C3:00:00:63:4D:07,-62,127,3.0,4.0,1.5
1783351441794,2026-07-06 17:24:01.794,C3:00:00:63:4D:0A,-70,127,3.0,4.0,1.5
1783351441819,2026-07-06 17:24:01.819,C3:00:00:63:4D:09,-61,127,3.0,4.0,1.5
1783351441835,2026-07-06 17:24:01.835,C3:00:00:63:4D:08,-53,127,3.0,4.0,1.5
1783351441867,2026-07-06 17:24:01.867,C3:00:00:63:4C:D2,-56,127,3.0,4.0,1.5
1783351441872,2026-07-06 17:24:01.872,C3:00:00:63:4D:04,-61,127,3.0,4.0,1.5
1783351441880,2026-07-06 17:24:01.880,C3:00:00:63:4D:07,-74,127,3.0,4.0,1.5
1783351441894,2026-07-06 17:24:01.894,C3:00:00:63:4D:0A,-64,127,3.0,4.0,1.5
1783351441898,2026-07-06 17:24:01.898,C3:00:00:63:4D:04,-64,127,3.0,4.0,1.5
1783351441926,2026-07-06 17:24:01.926,C3:00:00:63:4D:09,-65,127,3.0,4.0,1.5
1783351441947,2026-07-06 17:24:01.947,C3:00:00:63:4D:08,-52,127,3.0,4.0,1.5
1783351441999,2026-07-06 17:24:01.999,C3:00:00:63:4D:05,-58,127,3.0,4.0,1.5
1783351442004,2026-07-06 17:24:02.004,C3:00:00:63:4D:0A,-56,127,3.0,4.0,1.5
1783351442027,2026-07-06 17:24:02.027,C3:00:00:63:4C:D2,-56,127,3.0,4.0,1.5
1783351442040,2026-07-06 17:24:02.040,C3:00:00:63:4D:09,-71,127,3.0,4.0,1.5
1783351442068,2026-07-06 17:24:02.068,C3:00:00:63:4D:08,-62,127,3.0,4.0,1.5
1783351442087,2026-07-06 17:24:02.087,C3:00:00:63:4C:D2,-54,127,3.0,4.0,1.5
1783351442090,2026-07-06 17:24:02.090,C3:00:00:63:4D:07,-65,127,3.0,4.0,1.5
1783351442093,2026-07-06 17:24:02.093,C3:00:00:63:4D:04,-60,127,3.0,4.0,1.5
1783351442099,2026-07-06 17:24:02.099,C3:00:00:63:4D:05,-53,127,3.0,4.0,1.5
1783351442101,2026-07-06 17:24:02.101,C3:00:00:63:4D:0A,-71,127,3.0,4.0,1.5
1783351442116,2026-07-06 17:24:02.116,C3:00:00:63:4D:0D,-52,127,3.0,4.0,1.5
1783351442158,2026-07-06 17:24:02.158,C3:00:00:63:4D:09,-60,127,3.0,4.0,1.5
1783351442187,2026-07-06 17:24:02.187,C3:00:00:63:4C:D2,-55,127,3.0,4.0,1.5
1783351442197,2026-07-06 17:24:02.197,C3:00:00:63:4D:05,-55,127,3.0,4.0,1.5
1783351442210,2026-07-06 17:24:02.210,C3:00:00:63:4D:0A,-58,127,3.0,4.0,1.5
1783351442226,2026-07-06 17:24:02.226,C3:00:00:63:4D:0D,-56,127,3.0,4.0,1.5
1783351442257,2026-07-06 17:24:02.257,C3:00:00:63:4D:0A,-65,127,3.0,4.0,1.5
1783351442281,2026-07-06 17:24:02.281,C3:00:00:63:4D:07,-63,127,3.0,4.0,1.5
1783351442287,2026-07-06 17:24:02.287,C3:00:00:63:4D:05,-69,127,3.0,4.0,1.5
1783351442291,2026-07-06 17:24:02.291,C3:00:00:63:4C:D2,-65,127,3.0,4.0,1.5
1783351442296,2026-07-06 17:24:02.296,C3:00:00:63:4D:04,-59,127,3.0,4.0,1.5
1783351442300,2026-07-06 17:24:02.300,C3:00:00:63:4D:08,-56,127,3.0,4.0,1.5
1783351442306,2026-07-06 17:24:02.306,C3:00:00:63:4D:05,-60,127,3.0,4.0,1.5
1783351442312,2026-07-06 17:24:02.312,C3:00:00:63:4D:0A,-58,127,3.0,4.0,1.5
1783351442329,2026-07-06 17:24:02.329,C3:00:00:63:4D:0D,-54,127,3.0,4.0,1.5
1783351442379,2026-07-06 17:24:02.379,C3:00:00:63:4D:07,-58,127,3.0,4.0,1.5
1783351442396,2026-07-06 17:24:02.396,C3:00:00:63:4D:09,-63,127,3.0,4.0,1.5
1783351442400,2026-07-06 17:24:02.400,C3:00:00:63:4D:05,-57,127,3.0,4.0,1.5
1783351442403,2026-07-06 17:24:02.403,C3:00:00:63:4C:D2,-55,127,3.0,4.0,1.5
1783351442416,2026-07-06 17:24:02.416,C3:00:00:63:4D:08,-54,127,3.0,4.0,1.5
1783351442418,2026-07-06 17:24:02.418,C3:00:00:63:4D:0A,-62,127,3.0,4.0,1.5
1783351442487,2026-07-06 17:24:02.487,C3:00:00:63:4D:07,-65,127,3.0,4.0,1.5
1783351442497,2026-07-06 17:24:02.497,C3:00:00:63:4D:09,-59,127,3.0,4.0,1.5
1783351442502,2026-07-06 17:24:02.502,C3:00:00:63:4D:04,-63,127,3.0,4.0,1.5
1783351442522,2026-07-06 17:24:02.522,C3:00:00:63:4D:09,-69,127,3.0,4.0,1.5
1783351442525,2026-07-06 17:24:02.525,C3:00:00:63:4D:08,-53,127,3.0,4.0,1.5
1783351442554,2026-07-06 17:24:02.554,C3:00:00:63:4D:05,-69,127,3.0,4.0,1.5
1783351442575,2026-07-06 17:24:02.575,C3:00:00:63:4D:07,-69,127,3.0,4.0,1.5
1783351442604,2026-07-06 17:24:02.604,C3:00:00:63:4C:D2,-64,127,3.0,4.0,1.5
1783351442608,2026-07-06 17:24:02.608,C3:00:00:63:4D:09,-72,127,3.0,4.0,1.5
1783351442625,2026-07-06 17:24:02.625,C3:00:00:63:4D:04,-69,127,3.0,4.0,1.5
1783351442629,2026-07-06 17:24:02.629,C3:00:00:63:4D:0A,-70,127,3.0,4.0,1.5
1783351442637,2026-07-06 17:24:02.637,C3:00:00:63:4D:08,-59,127,3.0,4.0,1.5
1783351442650,2026-07-06 17:24:02.650,C3:00:00:63:4D:0D,-50,127,3.0,4.0,1.5
1783351442686,2026-07-06 17:24:02.686,C3:00:00:63:4D:07,-63,127,3.0,4.0,1.5
1783351442690,2026-07-06 17:24:02.690,C3:00:00:63:4D:0A,-68,127,3.0,4.0,1.5
1783351442696,2026-07-06 17:24:02.696,C3:00:00:63:4D:05,-54,127,3.0,4.0,1.5
1783351442715,2026-07-06 17:24:02.715,C3:00:00:63:4C:D2,-60,127,3.0,4.0,1.5
1783351442728,2026-07-06 17:24:02.728,C3:00:00:63:4D:09,-60,127,3.0,4.0,1.5
1783351442736,2026-07-06 17:24:02.736,C3:00:00:63:4D:0A,-60,127,3.0,4.0,1.5
1783351442782,2026-07-06 17:24:02.782,C3:00:00:63:4D:07,-78,127,3.0,4.0,1.5
1783351442784,2026-07-06 17:24:02.784,C3:00:00:63:4D:0D,-54,127,3.0,4.0,1.5
1783351442803,2026-07-06 17:24:02.803,C3:00:00:63:4D:05,-55,127,3.0,4.0,1.5
1783351442811,2026-07-06 17:24:02.811,C3:00:00:63:4D:04,-62,127,3.0,4.0,1.5
1783351442816,2026-07-06 17:24:02.816,C3:00:00:63:4C:D2,-64,127,3.0,4.0,1.5
1783351442838,2026-07-06 17:24:02.838,C3:00:00:63:4D:0A,-56,127,3.0,4.0,1.5
1783351442840,2026-07-06 17:24:02.840,C3:00:00:63:4C:D2,-70,127,3.0,4.0,1.5
1783351442846,2026-07-06 17:24:02.846,C3:00:00:63:4D:09,-61,127,3.0,4.0,1.5
1783351442872,2026-07-06 17:24:02.872,C3:00:00:63:4D:08,-53,127,3.0,4.0,1.5
1783351442901,2026-07-06 17:24:02.901,C3:00:00:63:4D:07,-61,127,3.0,4.0,1.5
1783351442905,2026-07-06 17:24:02.905,C3:00:00:63:4D:04,-61,127,3.0,4.0,1.5
1783351442910,2026-07-06 17:24:02.910,C3:00:00:63:4D:05,-60,127,3.0,4.0,1.5
1783351442926,2026-07-06 17:24:02.926,C3:00:00:63:4C:D2,-60,127,3.0,4.0,1.5
1783351442943,2026-07-06 17:24:02.943,C3:00:00:63:4D:0A,-65,127,3.0,4.0,1.5
1783351442949,2026-07-06 17:24:02.949,C3:00:00:63:4D:09,-54,127,3.0,4.0,1.5
1783351442966,2026-07-06 17:24:02.966,C3:00:00:63:4D:0A,-66,127,3.0,4.0,1.5
1783351442980,2026-07-06 17:24:02.980,C3:00:00:63:4D:07,-62,127,3.0,4.0,1.5
1783351442988,2026-07-06 17:24:02.988,C3:00:00:63:4D:0D,-49,127,3.0,4.0,1.5
1783351442989,2026-07-06 17:24:02.989,C3:00:00:63:4D:08,-55,127,3.0,4.0,1.5
1783351442999,2026-07-06 17:24:02.999,C3:00:00:63:4D:05,-54,127,3.0,4.0,1.5
1783351443005,2026-07-06 17:24:03.005,C3:00:00:63:4D:04,-61,127,3.0,4.0,1.5
1783351443040,2026-07-06 17:24:03.040,C3:00:00:63:4C:D2,-56,127,3.0,4.0,1.5
1783351443064,2026-07-06 17:24:03.064,C3:00:00:63:4C:D2,-56,127,3.0,4.0,1.5
1783351443073,2026-07-06 17:24:03.073,C3:00:00:63:4D:09,-55,127,3.0,4.0,1.5
1783351443081,2026-07-06 17:24:03.081,C3:00:00:63:4D:07,-67,127,3.0,4.0,1.5
1783351443093,2026-07-06 17:24:03.093,C3:00:00:63:4D:0D,-55,127,3.0,4.0,1.5
1783351443095,2026-07-06 17:24:03.095,C3:00:00:63:4D:0A,-63,127,3.0,4.0,1.5
1783351443100,2026-07-06 17:24:03.100,C3:00:00:63:4D:08,-54,127,3.0,4.0,1.5
1783351443111,2026-07-06 17:24:03.111,C3:00:00:63:4D:05,-55,127,3.0,4.0,1.5
1783351443116,2026-07-06 17:24:03.116,C3:00:00:63:4D:04,-59,127,3.0,4.0,1.5
1783351443134,2026-07-06 17:24:03.134,C3:00:00:63:4D:09,-58,127,3.0,4.0,1.5
1783351443137,2026-07-06 17:24:03.137,C3:00:00:63:4C:D2,-66,127,3.0,4.0,1.5
1783351443148,2026-07-06 17:24:03.148,C3:00:00:63:4D:0A,-55,127,3.0,4.0,1.5
1783351443156,2026-07-06 17:24:03.156,C3:00:00:63:4D:07,-67,127,3.0,4.0,1.5
1783351443181,2026-07-06 17:24:03.181,C3:00:00:63:4D:09,-60,127,3.0,4.0,1.5
1783351443184,2026-07-06 17:24:03.184,C3:00:00:63:4D:07,-67,127,3.0,4.0,1.5
1783351443200,2026-07-06 17:24:03.200,C3:00:00:63:4D:0D,-52,127,3.0,4.0,1.5
1783351443206,2026-07-06 17:24:03.206,C3:00:00:63:4D:05,-66,127,3.0,4.0,1.5
1783351443245,2026-07-06 17:24:03.245,C3:00:00:63:4C:D2,-57,127,3.0,4.0,1.5
1783351443258,2026-07-06 17:24:03.258,C3:00:00:63:4D:0A,-67,127,3.0,4.0,1.5
1783351443283,2026-07-06 17:24:03.283,C3:00:00:63:4D:07,-64,127,3.0,4.0,1.5
1783351443290,2026-07-06 17:24:03.290,C3:00:00:63:4D:09,-55,127,3.0,4.0,1.5
1783351443301,2026-07-06 17:24:03.301,C3:00:00:63:4D:0D,-50,127,3.0,4.0,1.5
1783351443308,2026-07-06 17:24:03.308,C3:00:00:63:4D:05,-60,127,3.0,4.0,1.5
1783351443320,2026-07-06 17:24:03.320,C3:00:00:63:4D:04,-63,127,3.0,4.0,1.5
1783351443329,2026-07-06 17:24:03.329,C3:00:00:63:4D:08,-50,127,3.0,4.0,1.5
1783351443350,2026-07-06 17:24:03.350,C3:00:00:63:4C:D2,-60,127,3.0,4.0,1.5
1783351443380,2026-07-06 17:24:03.380,C3:00:00:63:4D:07,-68,127,3.0,4.0,1.5
1783351443384,2026-07-06 17:24:03.384,C3:00:00:63:4D:0D,-65,127,3.0,4.0,1.5
1783351443405,2026-07-06 17:24:03.405,C3:00:00:63:4D:05,-55,127,3.0,4.0,1.5
1783351443409,2026-07-06 17:24:03.409,C3:00:00:63:4D:09,-64,127,3.0,4.0,1.5
1783351443417,2026-07-06 17:24:03.417,C3:00:00:63:4D:08,-58,127,3.0,4.0,1.5
1783351443426,2026-07-06 17:24:03.426,C3:00:00:63:4D:04,-57,127,3.0,4.0,1.5
1783351443430,2026-07-06 17:24:03.430,C3:00:00:63:4D:0D,-53,127,3.0,4.0,1.5
1783351443476,2026-07-06 17:24:03.476,C3:00:00:63:4D:08,-53,127,3.0,4.0,1.5
1783351443480,2026-07-06 17:24:03.480,C3:00:00:63:4D:07,-61,127,3.0,4.0,1.5
1783351443514,2026-07-06 17:24:03.514,C3:00:00:63:4D:05,-56,127,3.0,4.0,1.5
1783351443525,2026-07-06 17:24:03.525,C3:00:00:63:4D:09,-55,127,3.0,4.0,1.5
1783351443536,2026-07-06 17:24:03.536,C3:00:00:63:4D:04,-58,127,3.0,4.0,1.5
1783351443565,2026-07-06 17:24:03.565,C3:00:00:63:4C:D2,-55,127,3.0,4.0,1.5
1783351443568,2026-07-06 17:24:03.568,C3:00:00:63:4D:09,-63,127,3.0,4.0,1.5
1783351443584,2026-07-06 17:24:03.584,C3:00:00:63:4D:07,-60,127,3.0,4.0,1.5
1783351443633,2026-07-06 17:24:03.633,C3:00:00:63:4D:0D,-52,127,3.0,4.0,1.5
1783351443639,2026-07-06 17:24:03.639,C3:00:00:63:4D:09,-54,127,3.0,4.0,1.5
1783351443665,2026-07-06 17:24:03.665,C3:00:00:63:4C:D2,-57,127,3.0,4.0,1.5
1783351443674,2026-07-06 17:24:03.674,C3:00:00:63:4D:0A,-64,127,3.0,4.0,1.5
1783351443687,2026-07-06 17:24:03.687,C3:00:00:63:4D:07,-65,127,3.0,4.0,1.5
1783351443726,2026-07-06 17:24:03.726,C3:00:00:63:4D:04,-56,127,3.0,4.0,1.5
1783351443730,2026-07-06 17:24:03.730,C3:00:00:63:4D:0D,-58,127,3.0,4.0,1.5
1783351443760,2026-07-06 17:24:03.760,C3:00:00:63:4D:04,-59,127,3.0,4.0,1.5
1783351443774,2026-07-06 17:24:03.774,C3:00:00:63:4C:D2,-64,127,3.0,4.0,1.5
1783351443784,2026-07-06 17:24:03.784,C3:00:00:63:4D:07,-65,127,3.0,4.0,1.5
1783351443790,2026-07-06 17:24:03.790,C3:00:00:63:4D:08,-60,127,3.0,4.0,1.5
1783351443836,2026-07-06 17:24:03.836,C3:00:00:63:4D:04,-58,127,3.0,4.0,1.5
1783351443846,2026-07-06 17:24:03.846,C3:00:00:63:4D:0D,-50,127,3.0,4.0,1.5
1783351443870,2026-07-06 17:24:03.870,C3:00:00:63:4D:09,-55,127,3.0,4.0,1.5
1783351443885,2026-07-06 17:24:03.885,C3:00:00:63:4D:0A,-65,127,3.0,4.0,1.5
1783351443892,2026-07-06 17:24:03.892,C3:00:00:63:4D:09,-55,127,3.0,4.0,1.5
1783351443900,2026-07-06 17:24:03.900,C3:00:00:63:4D:04,-57,127,3.0,4.0,1.5
1783351443912,2026-07-06 17:24:03.912,C3:00:00:63:4D:08,-54,127,3.0,4.0,1.5
1783351443961,2026-07-06 17:24:03.961,C3:00:00:63:4D:0D,-54,127,3.0,4.0,1.5
1783351443979,2026-07-06 17:24:03.979,C3:00:00:63:4D:09,-58,127,3.0,4.0,1.5
1783351443984,2026-07-06 17:24:03.984,C3:00:00:63:4D:07,-60,127,3.0,4.0,1.5
1783351443989,2026-07-06 17:24:03.989,C3:00:00:63:4C:D2,-56,127,3.0,4.0,1.5
1783351443991,2026-07-06 17:24:03.991,C3:00:00:63:4D:0A,-60,127,3.0,4.0,1.5
1783351444045,2026-07-06 17:24:04.045,C3:00:00:63:4D:04,-55,127,3.0,4.0,1.5
1783351444061,2026-07-06 17:24:04.061,C3:00:00:63:4D:0D,-54,127,3.0,4.0,1.5
1783351444080,2026-07-06 17:24:04.080,C3:00:00:63:4D:07,-63,127,3.0,4.0,1.5
1783351444092,2026-07-06 17:24:04.092,C3:00:00:63:4D:09,-61,127,3.0,4.0,1.5
1783351444102,2026-07-06 17:24:04.102,C3:00:00:63:4C:D2,-69,127,3.0,4.0,1.5
1783351444107,2026-07-06 17:24:04.107,C3:00:00:63:4D:0A,-57,127,3.0,4.0,1.5
1783351444114,2026-07-06 17:24:04.114,C3:00:00:63:4D:05,-56,127,3.0,4.0,1.5
1783351444135,2026-07-06 17:24:04.135,C3:00:00:63:4D:08,-61,127,3.0,4.0,1.5
1783351444139,2026-07-06 17:24:04.139,C3:00:00:63:4D:04,-58,127,3.0,4.0,1.5
1783351444164,2026-07-06 17:24:04.164,C3:00:00:63:4D:0D,-51,127,3.0,4.0,1.5
1783351444181,2026-07-06 17:24:04.181,C3:00:00:63:4D:07,-71,127,3.0,4.0,1.5
1783351444199,2026-07-06 17:24:04.199,C3:00:00:63:4D:07,-69,127,3.0,4.0,1.5
1783351444201,2026-07-06 17:24:04.201,C3:00:00:63:4C:D2,-56,127,3.0,4.0,1.5
1783351444206,2026-07-06 17:24:04.206,C3:00:00:63:4D:09,-54,127,3.0,4.0,1.5
1783351444220,2026-07-06 17:24:04.220,C3:00:00:63:4D:05,-54,127,3.0,4.0,1.5
1783351444248,2026-07-06 17:24:04.248,C3:00:00:63:4D:04,-62,127,3.0,4.0,1.5
1783351444253,2026-07-06 17:24:04.253,C3:00:00:63:4D:08,-52,127,3.0,4.0,1.5
1783351444278,2026-07-06 17:24:04.278,C3:00:00:63:4D:0D,-58,127,3.0,4.0,1.5
1783351444281,2026-07-06 17:24:04.281,C3:00:00:63:4D:07,-62,127,3.0,4.0,1.5
1783351444309,2026-07-06 17:24:04.309,C3:00:00:63:4C:D2,-54,127,3.0,4.0,1.5
1783351444313,2026-07-06 17:24:04.313,C3:00:00:63:4D:05,-73,127,3.0,4.0,1.5
1783351444321,2026-07-06 17:24:04.321,C3:00:00:63:4D:09,-60,127,3.0,4.0,1.5
1783351444329,2026-07-06 17:24:04.329,C3:00:00:63:4D:08,-55,127,3.0,4.0,1.5
1783351444344,2026-07-06 17:24:04.344,C3:00:00:63:4D:04,-55,127,3.0,4.0,1.5
1783351444371,2026-07-06 17:24:04.371,C3:00:00:63:4D:08,-54,127,3.0,4.0,1.5
1783351444387,2026-07-06 17:24:04.387,C3:00:00:63:4D:07,-61,127,3.0,4.0,1.5
1783351444391,2026-07-06 17:24:04.391,C3:00:00:63:4D:0D,-63,127,3.0,4.0,1.5
1783351444413,2026-07-06 17:24:04.413,C3:00:00:63:4C:D2,-57,127,3.0,4.0,1.5
1783351444419,2026-07-06 17:24:04.419,C3:00:00:63:4D:05,-56,127,3.0,4.0,1.5
1783351444424,2026-07-06 17:24:04.424,C3:00:00:63:4D:0D,-58,127,3.0,4.0,1.5
1783351444429,2026-07-06 17:24:04.429,C3:00:00:63:4D:09,-54,127,3.0,4.0,1.5
1783351444447,2026-07-06 17:24:04.447,C3:00:00:63:4D:04,-55,127,3.0,4.0,1.5
1783351444479,2026-07-06 17:24:04.479,C3:00:00:63:4D:08,-58,127,3.0,4.0,1.5
1783351444485,2026-07-06 17:24:04.485,C3:00:00:63:4D:07,-68,127,3.0,4.0,1.5
1783351444492,2026-07-06 17:24:04.492,C3:00:00:63:4D:0D,-58,127,3.0,4.0,1.5
1783351444509,2026-07-06 17:24:04.509,C3:00:00:63:4D:09,-54,127,3.0,4.0,1.5
1783351444521,2026-07-06 17:24:04.521,C3:00:00:63:4C:D2,-57,127,3.0,4.0,1.5
1783351444578,2026-07-06 17:24:04.578,C3:00:00:63:4D:05,-59,127,3.0,4.0,1.5
1783351444582,2026-07-06 17:24:04.582,C3:00:00:63:4D:07,-65,127,3.0,4.0,1.5
1783351444600,2026-07-06 17:24:04.600,C3:00:00:63:4D:08,-54,127,3.0,4.0,1.5
1783351444605,2026-07-06 17:24:04.605,C3:00:00:63:4D:0D,-63,127,3.0,4.0,1.5
1783351444614,2026-07-06 17:24:04.614,C3:00:00:63:4D:05,-62,127,3.0,4.0,1.5
1783351444629,2026-07-06 17:24:04.629,C3:00:00:63:4D:04,-56,127,3.0,4.0,1.5
1783351444643,2026-07-06 17:24:04.643,C3:00:00:63:4D:04,-64,127,3.0,4.0,1.5
1783351444667,2026-07-06 17:24:04.667,C3:00:00:63:4D:09,-60,127,3.0,4.0,1.5
1783351444671,2026-07-06 17:24:04.671,C3:00:00:63:4D:04,-56,127,3.0,4.0,1.5
1783351444680,2026-07-06 17:24:04.680,C3:00:00:63:4D:07,-61,127,3.0,4.0,1.5
1783351444695,2026-07-06 17:24:04.695,C3:00:00:63:4D:0A,-56,127,3.0,4.0,1.5
1783351444712,2026-07-06 17:24:04.712,C3:00:00:63:4D:0D,-58,127,3.0,4.0,1.5
1783351444718,2026-07-06 17:24:04.718,C3:00:00:63:4D:05,-56,127,3.0,4.0,1.5
1783351444761,2026-07-06 17:24:04.761,C3:00:00:63:4D:04,-58,127,3.0,4.0,1.5
1783351444767,2026-07-06 17:24:04.767,C3:00:00:63:4C:D2,-56,127,3.0,4.0,1.5
1783351444780,2026-07-06 17:24:04.780,C3:00:00:63:4D:07,-68,127,3.0,4.0,1.5
1783351444812,2026-07-06 17:24:04.812,C3:00:00:63:4D:0D,-64,127,3.0,4.0,1.5
1783351444872,2026-07-06 17:24:04.872,C3:00:00:63:4D:04,-62,127,3.0,4.0,1.5
1783351444883,2026-07-06 17:24:04.883,C3:00:00:63:4D:07,-69,127,3.0,4.0,1.5
1783351444894,2026-07-06 17:24:04.894,C3:00:00:63:4D:09,-58,127,3.0,4.0,1.5
1783351444916,2026-07-06 17:24:04.916,C3:00:00:63:4D:07,-68,127,3.0,4.0,1.5
1783351444920,2026-07-06 17:24:04.920,C3:00:00:63:4D:0D,-61,127,3.0,4.0,1.5
1783351444924,2026-07-06 17:24:04.924,C3:00:00:63:4D:05,-76,127,3.0,4.0,1.5
1783351444929,2026-07-06 17:24:04.929,C3:00:00:63:4D:0A,-58,127,3.0,4.0,1.5
1783351444937,2026-07-06 17:24:04.937,C3:00:00:63:4D:08,-54,127,3.0,4.0,1.5
1783351444939,2026-07-06 17:24:04.939,C3:00:00:63:4C:D2,-67,127,3.0,4.0,1.5
1783351444985,2026-07-06 17:24:04.985,C3:00:00:63:4D:07,-62,127,3.0,4.0,1.5
1783351445012,2026-07-06 17:24:05.012,C3:00:00:63:4D:09,-54,127,3.0,4.0,1.5
1783351445023,2026-07-06 17:24:05.023,C3:00:00:63:4D:05,-57,127,3.0,4.0,1.5
1783351445037,2026-07-06 17:24:05.037,C3:00:00:63:4D:0D,-51,127,3.0,4.0,1.5
1783351445042,2026-07-06 17:24:05.042,C3:00:00:63:4D:0A,-71,127,3.0,4.0,1.5
1783351445046,2026-07-06 17:24:05.046,C3:00:00:63:4C:D2,-57,127,3.0,4.0,1.5
1783351445057,2026-07-06 17:24:05.057,C3:00:00:63:4D:08,-57,127,3.0,4.0,1.5
1783351445071,2026-07-06 17:24:05.071,C3:00:00:63:4D:04,-58,127,3.0,4.0,1.5
1783351445073,2026-07-06 17:24:05.073,C3:00:00:63:4C:D2,-56,127,3.0,4.0,1.5
1783351445077,2026-07-06 17:24:05.077,C3:00:00:63:4D:07,-61,127,3.0,4.0,1.5
1783351445102,2026-07-06 17:24:05.102,C3:00:00:63:4D:0A,-69,127,3.0,4.0,1.5
1783351445121,2026-07-06 17:24:05.121,C3:00:00:63:4D:09,-57,127,3.0,4.0,1.5
1783351445127,2026-07-06 17:24:05.127,C3:00:00:63:4D:05,-57,127,3.0,4.0,1.5
1783351445141,2026-07-06 17:24:05.141,C3:00:00:63:4D:0D,-54,127,3.0,4.0,1.5
1783351445146,2026-07-06 17:24:05.146,C3:00:00:63:4D:09,-57,127,3.0,4.0,1.5
1783351445148,2026-07-06 17:24:05.148,C3:00:00:63:4D:0A,-63,127,3.0,4.0,1.5
1783351445154,2026-07-06 17:24:05.154,C3:00:00:63:4C:D2,-56,127,3.0,4.0,1.5
1783351445170,2026-07-06 17:24:05.170,C3:00:00:63:4D:07,-72,127,3.0,4.0,1.5
1783351445174,2026-07-06 17:24:05.174,C3:00:00:63:4D:08,-53,127,3.0,4.0,1.5
1783351445186,2026-07-06 17:24:05.186,C3:00:00:63:4D:07,-67,127,3.0,4.0,1.5
1783351445231,2026-07-06 17:24:05.231,C3:00:00:63:4D:05,-77,127,3.0,4.0,1.5
1783351445250,2026-07-06 17:24:05.250,C3:00:00:63:4D:0D,-54,127,3.0,4.0,1.5
1783351445254,2026-07-06 17:24:05.254,C3:00:00:63:4D:0A,-62,127,3.0,4.0,1.5
1783351445259,2026-07-06 17:24:05.259,C3:00:00:63:4C:D2,-65,127,3.0,4.0,1.5
1783351445280,2026-07-06 17:24:05.280,C3:00:00:63:4D:07,-64,127,3.0,4.0,1.5
1783351445287,2026-07-06 17:24:05.287,C3:00:00:63:4D:08,-55,127,3.0,4.0,1.5
1783351445324,2026-07-06 17:24:05.324,C3:00:00:63:4D:05,-56,127,3.0,4.0,1.5
1783351445332,2026-07-06 17:24:05.332,C3:00:00:63:4D:08,-59,127,3.0,4.0,1.5
1783351445356,2026-07-06 17:24:05.356,C3:00:00:63:4D:0A,-60,127,3.0,4.0,1.5
1783351445361,2026-07-06 17:24:05.361,C3:00:00:63:4D:0D,-49,127,3.0,4.0,1.5
1783351445369,2026-07-06 17:24:05.369,C3:00:00:63:4C:D2,-57,127,3.0,4.0,1.5
1783351445378,2026-07-06 17:24:05.378,C3:00:00:63:4D:04,-58,127,3.0,4.0,1.5
1783351445380,2026-07-06 17:24:05.380,C3:00:00:63:4D:07,-65,127,3.0,4.0,1.5
1783351445386,2026-07-06 17:24:05.386,C3:00:00:63:4D:0D,-50,127,3.0,4.0,1.5
1783351445394,2026-07-06 17:24:05.394,C3:00:00:63:4D:08,-62,127,3.0,4.0,1.5
1783351445430,2026-07-06 17:24:05.430,C3:00:00:63:4D:05,-59,127,3.0,4.0,1.5
1783351445465,2026-07-06 17:24:05.465,C3:00:00:63:4D:0D,-57,127,3.0,4.0,1.5
1783351445470,2026-07-06 17:24:05.470,C3:00:00:63:4D:09,-57,127,3.0,4.0,1.5
1783351445474,2026-07-06 17:24:05.474,C3:00:00:63:4C:D2,-55,127,3.0,4.0,1.5
1783351445478,2026-07-06 17:24:05.478,C3:00:00:63:4D:08,-52,127,3.0,4.0,1.5
1783351445488,2026-07-06 17:24:05.488,C3:00:00:63:4D:04,-61,127,3.0,4.0,1.5
1783351445494,2026-07-06 17:24:05.494,C3:00:00:63:4D:05,-56,127,3.0,4.0,1.5
1783351445517,2026-07-06 17:24:05.517,C3:00:00:63:4D:08,-54,127,3.0,4.0,1.5
1783351445527,2026-07-06 17:24:05.527,C3:00:00:63:4D:05,-66,127,3.0,4.0,1.5
1783351445581,2026-07-06 17:24:05.581,C3:00:00:63:4D:09,-60,127,3.0,4.0,1.5
1783351445587,2026-07-06 17:24:05.587,C3:00:00:63:4D:07,-66,127,3.0,4.0,1.5
1783351445592,2026-07-06 17:24:05.592,C3:00:00:63:4D:04,-56,127,3.0,4.0,1.5
1783351445612,2026-07-06 17:24:05.612,C3:00:00:63:4D:05,-58,127,3.0,4.0,1.5
1783351445629,2026-07-06 17:24:05.629,C3:00:00:63:4D:08,-59,127,3.0,4.0,1.5
1783351445634,2026-07-06 17:24:05.634,C3:00:00:63:4D:05,-59,127,3.0,4.0,1.5
1783351445678,2026-07-06 17:24:05.678,C3:00:00:63:4D:0D,-50,127,3.0,4.0,1.5
1783351445684,2026-07-06 17:24:05.684,C3:00:00:63:4C:D2,-57,127,3.0,4.0,1.5
1783351445698,2026-07-06 17:24:05.698,C3:00:00:63:4D:04,-56,127,3.0,4.0,1.5
1783351445703,2026-07-06 17:24:05.703,C3:00:00:63:4D:09,-54,127,3.0,4.0,1.5
1783351445729,2026-07-06 17:24:05.729,C3:00:00:63:4D:05,-58,127,3.0,4.0,1.5
1783351445748,2026-07-06 17:24:05.748,C3:00:00:63:4D:08,-54,127,3.0,4.0,1.5
1783351445795,2026-07-06 17:24:05.795,C3:00:00:63:4D:04,-66,127,3.0,4.0,1.5
1783351445806,2026-07-06 17:24:05.806,C3:00:00:63:4D:09,-56,127,3.0,4.0,1.5
1783351445827,2026-07-06 17:24:05.827,C3:00:00:63:4D:05,-66,127,3.0,4.0,1.5
1783351445862,2026-07-06 17:24:05.862,C3:00:00:63:4D:08,-54,127,3.0,4.0,1.5
1783351445881,2026-07-06 17:24:05.881,C3:00:00:63:4D:0A,-59,127,3.0,4.0,1.5
1783351445885,2026-07-06 17:24:05.885,C3:00:00:63:4D:07,-64,127,3.0,4.0,1.5
1783351445894,2026-07-06 17:24:05.894,C3:00:00:63:4C:D2,-69,127,3.0,4.0,1.5
1783351445911,2026-07-06 17:24:05.911,C3:00:00:63:4D:04,-56,127,3.0,4.0,1.5
1783351445914,2026-07-06 17:24:05.914,C3:00:00:63:4D:09,-54,127,3.0,4.0,1.5
1783351445981,2026-07-06 17:24:05.981,C3:00:00:63:4D:08,-59,127,3.0,4.0,1.5
1783351445989,2026-07-06 17:24:05.989,C3:00:00:63:4D:0A,-65,127,3.0,4.0,1.5
1783351446032,2026-07-06 17:24:06.032,C3:00:00:63:4D:09,-55,127,3.0,4.0,1.5
1783351446035,2026-07-06 17:24:06.035,C3:00:00:63:4D:05,-55,127,3.0,4.0,1.5
1783351446082,2026-07-06 17:24:06.082,C3:00:00:63:4D:07,-70,127,3.0,4.0,1.5
1783351446088,2026-07-06 17:24:06.088,C3:00:00:63:4D:0A,-55,127,3.0,4.0,1.5
1783351446092,2026-07-06 17:24:06.092,C3:00:00:63:4D:08,-52,127,3.0,4.0,1.5
1783351446103,2026-07-06 17:24:06.103,C3:00:00:63:4D:04,-58,127,3.0,4.0,1.5
1783351446112,2026-07-06 17:24:06.112,C3:00:00:63:4D:0D,-54,127,3.0,4.0,1.5
1783351446139,2026-07-06 17:24:06.139,C3:00:00:63:4D:05,-75,127,3.0,4.0,1.5
1783351446155,2026-07-06 17:24:06.155,C3:00:00:63:4D:09,-60,127,3.0,4.0,1.5
1783351446175,2026-07-06 17:24:06.175,C3:00:00:63:4D:07,-64,127,3.0,4.0,1.5
1783351446195,2026-07-06 17:24:06.195,C3:00:00:63:4D:0A,-58,127,3.0,4.0,1.5
1783351446202,2026-07-06 17:24:06.202,C3:00:00:63:4D:08,-54,127,3.0,4.0,1.5
1783351446204,2026-07-06 17:24:06.204,C3:00:00:63:4D:04,-58,127,3.0,4.0,1.5
1783351446212,2026-07-06 17:24:06.212,C3:00:00:63:4C:D2,-59,127,3.0,4.0,1.5
1783351446220,2026-07-06 17:24:06.220,C3:00:00:63:4D:0D,-51,127,3.0,4.0,1.5
1783351446234,2026-07-06 17:24:06.234,C3:00:00:63:4D:05,-54,127,3.0,4.0,1.5
1783351446265,2026-07-06 17:24:06.265,C3:00:00:63:4D:09,-54,127,3.0,4.0,1.5
1783351446277,2026-07-06 17:24:06.277,C3:00:00:63:4D:07,-79,127,3.0,4.0,1.5
1783351446304,2026-07-06 17:24:06.304,C3:00:00:63:4D:0A,-68,127,3.0,4.0,1.5
1783351446308,2026-07-06 17:24:06.308,C3:00:00:63:4D:04,-56,127,3.0,4.0,1.5
1783351446324,2026-07-06 17:24:06.324,C3:00:00:63:4C:D2,-54,127,3.0,4.0,1.5
1783351446326,2026-07-06 17:24:06.326,C3:00:00:63:4D:0D,-56,127,3.0,4.0,1.5
1783351446328,2026-07-06 17:24:06.328,C3:00:00:63:4D:08,-51,127,3.0,4.0,1.5
1783351446344,2026-07-06 17:24:06.344,C3:00:00:63:4D:08,-51,127,3.0,4.0,1.5
1783351446416,2026-07-06 17:24:06.416,C3:00:00:63:4D:04,-58,127,3.0,4.0,1.5
1783351446426,2026-07-06 17:24:06.426,C3:00:00:63:4C:D2,-66,127,3.0,4.0,1.5
1783351446441,2026-07-06 17:24:06.441,C3:00:00:63:4D:05,-72,127,3.0,4.0,1.5
1783351446473,2026-07-06 17:24:06.473,C3:00:00:63:4D:07,-63,127,3.0,4.0,1.5
1783351446486,2026-07-06 17:24:06.486,C3:00:00:63:4D:09,-62,127,3.0,4.0,1.5
1783351446505,2026-07-06 17:24:06.505,C3:00:00:63:4D:09,-64,127,3.0,4.0,1.5
1783351446511,2026-07-06 17:24:06.511,C3:00:00:63:4D:04,-58,127,3.0,4.0,1.5
1783351446520,2026-07-06 17:24:06.520,C3:00:00:63:4D:0A,-71,127,3.0,4.0,1.5
1783351446534,2026-07-06 17:24:06.534,C3:00:00:63:4C:D2,-58,127,3.0,4.0,1.5
1783351446543,2026-07-06 17:24:06.543,C3:00:00:63:4D:05,-55,127,3.0,4.0,1.5
1783351446545,2026-07-06 17:24:06.545,C3:00:00:63:4D:0D,-55,127,3.0,4.0,1.5
1783351446576,2026-07-06 17:24:06.576,C3:00:00:63:4D:07,-61,127,3.0,4.0,1.5
1783351446582,2026-07-06 17:24:06.582,C3:00:00:63:4D:05,-58,127,3.0,4.0,1.5
1783351446610,2026-07-06 17:24:06.610,C3:00:00:63:4D:09,-53,127,3.0,4.0,1.5
1783351446616,2026-07-06 17:24:06.616,C3:00:00:63:4D:0A,-55,127,3.0,4.0,1.5
1783351446620,2026-07-06 17:24:06.620,C3:00:00:63:4D:04,-60,127,3.0,4.0,1.5
1783351446634,2026-07-06 17:24:06.634,C3:00:00:63:4C:D2,-53,127,3.0,4.0,1.5
1783351446649,2026-07-06 17:24:06.649,C3:00:00:63:4D:0D,-57,127,3.0,4.0,1.5
1783351446668,2026-07-06 17:24:06.668,C3:00:00:63:4D:08,-53,127,3.0,4.0,1.5
1783351446676,2026-07-06 17:24:06.676,C3:00:00:63:4D:07,-59,127,3.0,4.0,1.5
1783351446698,2026-07-06 17:24:06.698,C3:00:00:63:4D:0A,-55,127,3.0,4.0,1.5
1783351446717,2026-07-06 17:24:06.717,C3:00:00:63:4D:09,-60,127,3.0,4.0,1.5
1783351446727,2026-07-06 17:24:06.727,C3:00:00:63:4D:0A,-60,127,3.0,4.0,1.5
1783351446729,2026-07-06 17:24:06.729,C3:00:00:63:4D:04,-56,127,3.0,4.0,1.5
1783351446738,2026-07-06 17:24:06.738,C3:00:00:63:4C:D2,-65,127,3.0,4.0,1.5
1783351446744,2026-07-06 17:24:06.744,C3:00:00:63:4D:05,-62,127,3.0,4.0,1.5
1783351446755,2026-07-06 17:24:06.755,C3:00:00:63:4D:0D,-56,127,3.0,4.0,1.5
1783351446770,2026-07-06 17:24:06.770,C3:00:00:63:4C:D2,-66,127,3.0,4.0,1.5
1783351446774,2026-07-06 17:24:06.774,C3:00:00:63:4D:0D,-57,127,3.0,4.0,1.5
1783351446778,2026-07-06 17:24:06.778,C3:00:00:63:4D:08,-56,127,3.0,4.0,1.5
1783351446783,2026-07-06 17:24:06.783,C3:00:00:63:4D:07,-65,127,3.0,4.0,1.5
1783351446826,2026-07-06 17:24:06.826,C3:00:00:63:4D:04,-55,127,3.0,4.0,1.5
1783351446829,2026-07-06 17:24:06.829,C3:00:00:63:4D:0A,-60,127,3.0,4.0,1.5
1783351446831,2026-07-06 17:24:06.831,C3:00:00:63:4C:D2,-62,127,3.0,4.0,1.5
1783351446835,2026-07-06 17:24:06.835,C3:00:00:63:4D:09,-55,127,3.0,4.0,1.5
1783351446843,2026-07-06 17:24:06.843,C3:00:00:63:4D:05,-62,127,3.0,4.0,1.5
1783351446848,2026-07-06 17:24:06.848,C3:00:00:63:4C:D2,-56,127,3.0,4.0,1.5
1783351446863,2026-07-06 17:24:06.863,C3:00:00:63:4D:0D,-51,127,3.0,4.0,1.5
1783351446876,2026-07-06 17:24:06.876,C3:00:00:63:4D:07,-63,127,3.0,4.0,1.5
1783351446902,2026-07-06 17:24:06.902,C3:00:00:63:4D:08,-56,127,3.0,4.0,1.5
1783351446929,2026-07-06 17:24:06.929,C3:00:00:63:4D:0A,-56,127,3.0,4.0,1.5
1783351446937,2026-07-06 17:24:06.937,C3:00:00:63:4D:05,-62,127,3.0,4.0,1.5
1783351446950,2026-07-06 17:24:06.950,C3:00:00:63:4D:09,-57,127,3.0,4.0,1.5
1783351446956,2026-07-06 17:24:06.956,C3:00:00:63:4C:D2,-57,127,3.0,4.0,1.5
1783351446970,2026-07-06 17:24:06.970,C3:00:00:63:4D:0A,-58,127,3.0,4.0,1.5
1783351446973,2026-07-06 17:24:06.973,C3:00:00:63:4D:07,-62,127,3.0,4.0,1.5
1783351446977,2026-07-06 17:24:06.977,C3:00:00:63:4D:0D,-60,127,3.0,4.0,1.5
1783351447027,2026-07-06 17:24:07.027,C3:00:00:63:4D:04,-62,127,3.0,4.0,1.5
1783351447034,2026-07-06 17:24:07.034,C3:00:00:63:4D:0A,-55,127,3.0,4.0,1.5
1783351447045,2026-07-06 17:24:07.045,C3:00:00:63:4D:05,-57,127,3.0,4.0,1.5
1783351447089,2026-07-06 17:24:07.089,C3:00:00:63:4D:0D,-55,127,3.0,4.0,1.5
1783351447092,2026-07-06 17:24:07.092,C3:00:00:63:4C:D2,-67,127,3.0,4.0,1.5
1783351447125,2026-07-06 17:24:07.125,C3:00:00:63:4D:08,-54,127,3.0,4.0,1.5
1783351447135,2026-07-06 17:24:07.135,C3:00:00:63:4D:04,-54,127,3.0,4.0,1.5
1783351447143,2026-07-06 17:24:07.143,C3:00:00:63:4D:0A,-61,127,3.0,4.0,1.5
1783351447151,2026-07-06 17:24:07.151,C3:00:00:63:4D:05,-62,127,3.0,4.0,1.5
1783351447163,2026-07-06 17:24:07.163,C3:00:00:63:4D:09,-58,127,3.0,4.0,1.5
1783351447176,2026-07-06 17:24:07.176,C3:00:00:63:4D:07,-60,127,3.0,4.0,1.5
1783351447194,2026-07-06 17:24:07.194,C3:00:00:63:4D:09,-56,127,3.0,4.0,1.5
1783351447199,2026-07-06 17:24:07.199,C3:00:00:63:4D:0D,-51,127,3.0,4.0,1.5
1783351447203,2026-07-06 17:24:07.203,C3:00:00:63:4D:07,-59,127,3.0,4.0,1.5
1783351447239,2026-07-06 17:24:07.239,C3:00:00:63:4D:04,-68,127,3.0,4.0,1.5
1783351447243,2026-07-06 17:24:07.243,C3:00:00:63:4D:08,-52,127,3.0,4.0,1.5
1783351447249,2026-07-06 17:24:07.249,C3:00:00:63:4D:0A,-66,127,3.0,4.0,1.5
1783351447252,2026-07-06 17:24:07.252,C3:00:00:63:4D:05,-58,127,3.0,4.0,1.5
1783351447269,2026-07-06 17:24:07.269,C3:00:00:63:4C:D2,-55,127,3.0,4.0,1.5
1783351447278,2026-07-06 17:24:07.278,C3:00:00:63:4D:07,-74,127,3.0,4.0,1.5
1783351447339,2026-07-06 17:24:07.339,C3:00:00:63:4D:04,-55,127,3.0,4.0,1.5
1783351447345,2026-07-06 17:24:07.345,C3:00:00:63:4D:05,-63,127,3.0,4.0,1.5
1783351447351,2026-07-06 17:24:07.351,C3:00:00:63:4D:0A,-60,127,3.0,4.0,1.5
1783351447362,2026-07-06 17:24:07.362,C3:00:00:63:4D:08,-53,127,3.0,4.0,1.5
1783351447377,2026-07-06 17:24:07.377,C3:00:00:63:4D:07,-64,127,3.0,4.0,1.5
1783351447382,2026-07-06 17:24:07.382,C3:00:00:63:4C:D2,-67,127,3.0,4.0,1.5
1783351447385,2026-07-06 17:24:07.385,C3:00:00:63:4D:0D,-59,127,3.0,4.0,1.5
1783351447395,2026-07-06 17:24:07.395,C3:00:00:63:4D:09,-63,127,3.0,4.0,1.5
1783351447409,2026-07-06 17:24:07.409,C3:00:00:63:4D:0D,-57,127,3.0,4.0,1.5
1783351447426,2026-07-06 17:24:07.426,C3:00:00:63:4D:08,-66,127,3.0,4.0,1.5
1783351447431,2026-07-06 17:24:07.431,C3:00:00:63:4D:0D,-49,127,3.0,4.0,1.5
1783351447435,2026-07-06 17:24:07.435,C3:00:00:63:4D:04,-58,127,3.0,4.0,1.5
1783351447449,2026-07-06 17:24:07.449,C3:00:00:63:4D:05,-65,127,3.0,4.0,1.5
1783351447453,2026-07-06 17:24:07.453,C3:00:00:63:4D:0A,-61,127,3.0,4.0,1.5
1783351447469,2026-07-06 17:24:07.469,C3:00:00:63:4D:08,-58,127,3.0,4.0,1.5
1783351447487,2026-07-06 17:24:07.487,C3:00:00:63:4D:07,-60,127,3.0,4.0,1.5
1783351447489,2026-07-06 17:24:07.489,C3:00:00:63:4C:D2,-61,127,3.0,4.0,1.5
1783351447515,2026-07-06 17:24:07.515,C3:00:00:63:4D:09,-54,127,3.0,4.0,1.5
1783351447518,2026-07-06 17:24:07.518,C3:00:00:63:4D:0D,-57,127,3.0,4.0,1.5
1783351447550,2026-07-06 17:24:07.550,C3:00:00:63:4D:05,-59,127,3.0,4.0,1.5
1783351447574,2026-07-06 17:24:07.574,C3:00:00:63:4D:0A,-58,127,3.0,4.0,1.5
1783351447581,2026-07-06 17:24:07.581,C3:00:00:63:4D:07,-67,127,3.0,4.0,1.5
1783351447586,2026-07-06 17:24:07.586,C3:00:00:63:4D:09,-62,127,3.0,4.0,1.5
1783351447598,2026-07-06 17:24:07.598,C3:00:00:63:4C:D2,-63,127,3.0,4.0,1.5
1783351447617,2026-07-06 17:24:07.617,C3:00:00:63:4D:05,-65,127,3.0,4.0,1.5
1783351447624,2026-07-06 17:24:07.624,C3:00:00:63:4D:09,-59,127,3.0,4.0,1.5
1783351447626,2026-07-06 17:24:07.626,C3:00:00:63:4D:0D,-52,127,3.0,4.0,1.5
1783351447642,2026-07-06 17:24:07.642,C3:00:00:63:4D:04,-53,127,3.0,4.0,1.5
1783351447649,2026-07-06 17:24:07.649,C3:00:00:63:4D:05,-72,127,3.0,4.0,1.5
1783351447672,2026-07-06 17:24:07.672,C3:00:00:63:4D:0A,-59,127,3.0,4.0,1.5
1783351447678,2026-07-06 17:24:07.678,C3:00:00:63:4D:07,-64,127,3.0,4.0,1.5
1783351447696,2026-07-06 17:24:07.696,C3:00:00:63:4D:08,-57,127,3.0,4.0,1.5
1783351447733,2026-07-06 17:24:07.733,C3:00:00:63:4D:0D,-53,127,3.0,4.0,1.5
1783351447742,2026-07-06 17:24:07.742,C3:00:00:63:4D:09,-56,127,3.0,4.0,1.5
1783351447753,2026-07-06 17:24:07.753,C3:00:00:63:4D:05,-59,127,3.0,4.0,1.5
1783351447757,2026-07-06 17:24:07.757,C3:00:00:63:4D:04,-54,127,3.0,4.0,1.5
1783351447766,2026-07-06 17:24:07.766,C3:00:00:63:4D:0A,-76,127,3.0,4.0,1.5
1783351447770,2026-07-06 17:24:07.770,C3:00:00:63:4D:04,-55,127,3.0,4.0,1.5
1783351447778,2026-07-06 17:24:07.778,C3:00:00:63:4D:07,-60,127,3.0,4.0,1.5
1783351447797,2026-07-06 17:24:07.797,C3:00:00:63:4C:D2,-60,127,3.0,4.0,1.5
1783351447816,2026-07-06 17:24:07.816,C3:00:00:63:4D:08,-50,127,3.0,4.0,1.5
1783351447850,2026-07-06 17:24:07.850,C3:00:00:63:4D:0D,-56,127,3.0,4.0,1.5
1783351447854,2026-07-06 17:24:07.854,C3:00:00:63:4D:05,-57,127,3.0,4.0,1.5
1783351447859,2026-07-06 17:24:07.859,C3:00:00:63:4D:04,-60,127,3.0,4.0,1.5
1783351447864,2026-07-06 17:24:07.864,C3:00:00:63:4D:09,-63,127,3.0,4.0,1.5
1783351447879,2026-07-06 17:24:07.879,C3:00:00:63:4D:07,-66,127,3.0,4.0,1.5
1783351447882,2026-07-06 17:24:07.882,C3:00:00:63:4D:0A,-62,127,3.0,4.0,1.5
1783351447907,2026-07-06 17:24:07.907,C3:00:00:63:4D:04,-54,127,3.0,4.0,1.5
1783351447910,2026-07-06 17:24:07.910,C3:00:00:63:4C:D2,-70,127,3.0,4.0,1.5
1783351447934,2026-07-06 17:24:07.934,C3:00:00:63:4D:08,-52,127,3.0,4.0,1.5
1783351447942,2026-07-06 17:24:07.942,C3:00:00:63:4D:0D,-54,127,3.0,4.0,1.5
1783351447957,2026-07-06 17:24:07.957,C3:00:00:63:4D:05,-65,127,3.0,4.0,1.5
1783351447965,2026-07-06 17:24:07.965,C3:00:00:63:4D:04,-52,127,3.0,4.0,1.5
1783351447975,2026-07-06 17:24:07.975,C3:00:00:63:4D:09,-78,127,3.0,4.0,1.5
1783351448021,2026-07-06 17:24:08.021,C3:00:00:63:4C:D2,-58,127,3.0,4.0,1.5
1783351448042,2026-07-06 17:24:08.042,C3:00:00:63:4D:08,-57,127,3.0,4.0,1.5
1783351448052,2026-07-06 17:24:08.052,C3:00:00:63:4D:05,-58,127,3.0,4.0,1.5
1783351448066,2026-07-06 17:24:08.066,C3:00:00:63:4D:0D,-50,127,3.0,4.0,1.5
1783351448068,2026-07-06 17:24:08.068,C3:00:00:63:4D:04,-55,127,3.0,4.0,1.5
1783351448088,2026-07-06 17:24:08.088,C3:00:00:63:4D:0A,-64,127,3.0,4.0,1.5
1783351448131,2026-07-06 17:24:08.131,C3:00:00:63:4C:D2,-60,127,3.0,4.0,1.5
1783351448165,2026-07-06 17:24:08.165,C3:00:00:63:4D:05,-52,127,3.0,4.0,1.5
1783351448177,2026-07-06 17:24:08.177,C3:00:00:63:4D:07,-65,127,3.0,4.0,1.5
1783351448198,2026-07-06 17:24:08.198,C3:00:00:63:4D:07,-62,127,3.0,4.0,1.5
1783351448223,2026-07-06 17:24:08.223,C3:00:00:63:4C:D2,-71,127,3.0,4.0,1.5
1783351448258,2026-07-06 17:24:08.258,C3:00:00:63:4D:05,-57,127,3.0,4.0,1.5
1783351448269,2026-07-06 17:24:08.269,C3:00:00:63:4D:04,-62,127,3.0,4.0,1.5
1783351448282,2026-07-06 17:24:08.282,C3:00:00:63:4D:0D,-54,127,3.0,4.0,1.5
1783351448285,2026-07-06 17:24:08.285,C3:00:00:63:4D:07,-62,127,3.0,4.0,1.5
1783351448287,2026-07-06 17:24:08.287,C3:00:00:63:4D:08,-53,127,3.0,4.0,1.5
1783351448306,2026-07-06 17:24:08.306,C3:00:00:63:4D:09,-70,127,3.0,4.0,1.5
1783351448334,2026-07-06 17:24:08.334,C3:00:00:63:4C:D2,-56,127,3.0,4.0,1.5
1783351448339,2026-07-06 17:24:08.339,C3:00:00:63:4D:08,-53,127,3.0,4.0,1.5
1783351448353,2026-07-06 17:24:08.353,C3:00:00:63:4D:05,-62,127,3.0,4.0,1.5
1783351448369,2026-07-06 17:24:08.369,C3:00:00:63:4D:04,-68,127,3.0,4.0,1.5
1783351448386,2026-07-06 17:24:08.386,C3:00:00:63:4D:08,-54,127,3.0,4.0,1.5
1783351448400,2026-07-06 17:24:08.400,C3:00:00:63:4D:0A,-71,127,3.0,4.0,1.5
1783351448445,2026-07-06 17:24:08.445,C3:00:00:63:4C:D2,-58,127,3.0,4.0,1.5
1783351448449,2026-07-06 17:24:08.449,C3:00:00:63:4D:0D,-55,127,3.0,4.0,1.5
1783351448459,2026-07-06 17:24:08.459,C3:00:00:63:4D:05,-53,127,3.0,4.0,1.5
1783351448475,2026-07-06 17:24:08.475,C3:00:00:63:4D:04,-64,127,3.0,4.0,1.5
1783351448477,2026-07-06 17:24:08.477,C3:00:00:63:4D:07,-78,127,3.0,4.0,1.5
1783351448491,2026-07-06 17:24:08.491,C3:00:00:63:4D:0D,-56,127,3.0,4.0,1.5
1783351448506,2026-07-06 17:24:08.506,C3:00:00:63:4D:08,-53,127,3.0,4.0,1.5
1783351448549,2026-07-06 17:24:08.549,C3:00:00:63:4D:09,-65,127,3.0,4.0,1.5
1783351448553,2026-07-06 17:24:08.553,C3:00:00:63:4C:D2,-58,127,3.0,4.0,1.5
1783351448615,2026-07-06 17:24:08.615,C3:00:00:63:4D:0A,-76,127,3.0,4.0,1.5
1783351448620,2026-07-06 17:24:08.620,C3:00:00:63:4D:08,-54,127,3.0,4.0,1.5
1783351448635,2026-07-06 17:24:08.635,C3:00:00:63:4D:04,-63,127,3.0,4.0,1.5
1783351448653,2026-07-06 17:24:08.653,C3:00:00:63:4D:09,-54,127,3.0,4.0,1.5
1783351448657,2026-07-06 17:24:08.657,C3:00:00:63:4D:04,-74,127,3.0,4.0,1.5
1783351448667,2026-07-06 17:24:08.667,C3:00:00:63:4D:05,-56,127,3.0,4.0,1.5
1783351448675,2026-07-06 17:24:08.675,C3:00:00:63:4D:07,-61,127,3.0,4.0,1.5
1783351448682,2026-07-06 17:24:08.682,C3:00:00:63:4D:04,-71,127,3.0,4.0,1.5
1783351448699,2026-07-06 17:24:08.699,C3:00:00:63:4D:0A,-66,127,3.0,4.0,1.5
1783351448706,2026-07-06 17:24:08.706,C3:00:00:63:4D:0D,-48,127,3.0,4.0,1.5
1783351448725,2026-07-06 17:24:08.725,C3:00:00:63:4D:0A,-58,127,3.0,4.0,1.5
1783351448741,2026-07-06 17:24:08.741,C3:00:00:63:4D:08,-54,127,3.0,4.0,1.5
1783351448765,2026-07-06 17:24:08.765,C3:00:00:63:4D:09,-56,127,3.0,4.0,1.5
1783351448779,2026-07-06 17:24:08.779,C3:00:00:63:4D:0D,-58,127,3.0,4.0,1.5
1783351448783,2026-07-06 17:24:08.783,C3:00:00:63:4D:04,-63,127,3.0,4.0,1.5
1783351448785,2026-07-06 17:24:08.785,C3:00:00:63:4D:07,-71,127,3.0,4.0,1.5
1783351448787,2026-07-06 17:24:08.787,C3:00:00:63:4C:D2,-58,127,3.0,4.0,1.5
1783351448816,2026-07-06 17:24:08.816,C3:00:00:63:4D:0D,-55,127,3.0,4.0,1.5
1783351448822,2026-07-06 17:24:08.822,C3:00:00:63:4D:0A,-58,127,3.0,4.0,1.5
1783351448853,2026-07-06 17:24:08.853,C3:00:00:63:4D:08,-58,127,3.0,4.0,1.5
1783351448859,2026-07-06 17:24:08.859,C3:00:00:63:4D:05,-68,127,3.0,4.0,1.5
1783351448870,2026-07-06 17:24:08.870,C3:00:00:63:4C:D2,-63,127,3.0,4.0,1.5
1783351448883,2026-07-06 17:24:08.883,C3:00:00:63:4D:09,-60,127,3.0,4.0,1.5
1783351448921,2026-07-06 17:24:08.921,C3:00:00:63:4D:0D,-52,127,3.0,4.0,1.5
1783351448938,2026-07-06 17:24:08.938,C3:00:00:63:4D:0A,-66,127,3.0,4.0,1.5
1783351448943,2026-07-06 17:24:08.943,C3:00:00:63:4D:07,-62,127,3.0,4.0,1.5
1783351448967,2026-07-06 17:24:08.967,C3:00:00:63:4D:05,-58,127,3.0,4.0,1.5
1783351448977,2026-07-06 17:24:08.977,C3:00:00:63:4D:07,-64,127,3.0,4.0,1.5
1783351448988,2026-07-06 17:24:08.988,C3:00:00:63:4D:04,-58,127,3.0,4.0,1.5
1783351448998,2026-07-06 17:24:08.998,C3:00:00:63:4D:09,-54,127,3.0,4.0,1.5
1783351449024,2026-07-06 17:24:09.024,C3:00:00:63:4D:0D,-51,127,3.0,4.0,1.5
1783351449078,2026-07-06 17:24:09.078,C3:00:00:63:4D:07,-67,127,3.0,4.0,1.5
1783351449083,2026-07-06 17:24:09.083,C3:00:00:63:4C:D2,-59,127,3.0,4.0,1.5
1783351449088,2026-07-06 17:24:09.088,C3:00:00:63:4D:08,-53,127,3.0,4.0,1.5
1783351449093,2026-07-06 17:24:09.093,C3:00:00:63:4D:04,-66,127,3.0,4.0,1.5
1783351449107,2026-07-06 17:24:09.107,C3:00:00:63:4D:0A,-61,127,3.0,4.0,1.5
1783351449110,2026-07-06 17:24:09.110,C3:00:00:63:4C:D2,-59,127,3.0,4.0,1.5
1783351449115,2026-07-06 17:24:09.115,C3:00:00:63:4D:09,-60,127,3.0,4.0,1.5
1783351449131,2026-07-06 17:24:09.131,C3:00:00:63:4D:0A,-55,127,3.0,4.0,1.5
1783351449134,2026-07-06 17:24:09.134,C3:00:00:63:4D:0D,-55,127,3.0,4.0,1.5
1783351449176,2026-07-06 17:24:09.176,C3:00:00:63:4D:05,-63,127,3.0,4.0,1.5
1783351449179,2026-07-06 17:24:09.179,C3:00:00:63:4D:07,-64,127,3.0,4.0,1.5
1783351449189,2026-07-06 17:24:09.189,C3:00:00:63:4C:D2,-71,127,3.0,4.0,1.5
1783351449191,2026-07-06 17:24:09.191,C3:00:00:63:4D:04,-60,127,3.0,4.0,1.5
1783351449193,2026-07-06 17:24:09.193,C3:00:00:63:4D:08,-54,127,3.0,4.0,1.5
1783351449198,2026-07-06 17:24:09.198,C3:00:00:63:4D:07,-66,127,3.0,4.0,1.5
1783351449224,2026-07-06 17:24:09.224,C3:00:00:63:4D:09,-54,127,3.0,4.0,1.5
1783351449242,2026-07-06 17:24:09.242,C3:00:00:63:4D:0A,-68,127,3.0,4.0,1.5
1783351449246,2026-07-06 17:24:09.246,C3:00:00:63:4D:0D,-49,127,3.0,4.0,1.5
1783351449271,2026-07-06 17:24:09.271,C3:00:00:63:4D:05,-59,127,3.0,4.0,1.5
1783351449280,2026-07-06 17:24:09.280,C3:00:00:63:4D:07,-63,127,3.0,4.0,1.5
1783351449293,2026-07-06 17:24:09.293,C3:00:00:63:4C:D2,-62,127,3.0,4.0,1.5
1783351449298,2026-07-06 17:24:09.298,C3:00:00:63:4D:04,-58,127,3.0,4.0,1.5
1783351449311,2026-07-06 17:24:09.311,C3:00:00:63:4D:08,-52,127,3.0,4.0,1.5
1783351449338,2026-07-06 17:24:09.338,C3:00:00:63:4D:09,-60,127,3.0,4.0,1.5
1783351449343,2026-07-06 17:24:09.343,C3:00:00:63:4D:08,-52,127,3.0,4.0,1.5
1783351449365,2026-07-06 17:24:09.365,C3:00:00:63:4D:05,-57,127,3.0,4.0,1.5
1783351449389,2026-07-06 17:24:09.389,C3:00:00:63:4D:0D,-54,127,3.0,4.0,1.5
1783351449422,2026-07-06 17:24:09.422,C3:00:00:63:4D:08,-54,127,3.0,4.0,1.5
1783351449451,2026-07-06 17:24:09.451,C3:00:00:63:4D:0A,-57,127,3.0,4.0,1.5
1783351449457,2026-07-06 17:24:09.457,C3:00:00:63:4D:0D,-50,127,3.0,4.0,1.5
1783351449461,2026-07-06 17:24:09.461,C3:00:00:63:4D:09,-60,127,3.0,4.0,1.5
1783351449467,2026-07-06 17:24:09.467,C3:00:00:63:4D:05,-59,127,3.0,4.0,1.5
1783351449474,2026-07-06 17:24:09.474,C3:00:00:63:4D:07,-61,127,3.0,4.0,1.5
1783351449483,2026-07-06 17:24:09.483,C3:00:00:63:4D:08,-52,127,3.0,4.0,1.5
1783351449489,2026-07-06 17:24:09.489,C3:00:00:63:4D:05,-64,127,3.0,4.0,1.5
1783351449493,2026-07-06 17:24:09.493,C3:00:00:63:4C:D2,-60,127,3.0,4.0,1.5
1783351449505,2026-07-06 17:24:09.505,C3:00:00:63:4D:04,-66,127,3.0,4.0,1.5
1783351449542,2026-07-06 17:24:09.542,C3:00:00:63:4D:08,-56,127,3.0,4.0,1.5
1783351449562,2026-07-06 17:24:09.562,C3:00:00:63:4D:0A,-81,127,3.0,4.0,1.5
1783351449575,2026-07-06 17:24:09.575,C3:00:00:63:4D:05,-54,127,3.0,4.0,1.5
1783351449578,2026-07-06 17:24:09.578,C3:00:00:63:4D:0D,-50,127,3.0,4.0,1.5
1783351449581,2026-07-06 17:24:09.581,C3:00:00:63:4D:07,-64,127,3.0,4.0,1.5
1783351449606,2026-07-06 17:24:09.606,C3:00:00:63:4D:04,-65,127,3.0,4.0,1.5
1783351449661,2026-07-06 17:24:09.661,C3:00:00:63:4D:08,-53,127,3.0,4.0,1.5
1783351449670,2026-07-06 17:24:09.670,C3:00:00:63:4D:05,-58,127,3.0,4.0,1.5
1783351449676,2026-07-06 17:24:09.676,C3:00:00:63:4D:07,-77,127,3.0,4.0,1.5
1783351449689,2026-07-06 17:24:09.689,C3:00:00:63:4D:0D,-54,127,3.0,4.0,1.5
1783351449692,2026-07-06 17:24:09.692,C3:00:00:63:4D:09,-61,127,3.0,4.0,1.5
1783351449711,2026-07-06 17:24:09.711,C3:00:00:63:4D:04,-66,127,3.0,4.0,1.5
1783351449714,2026-07-06 17:24:09.714,C3:00:00:63:4C:D2,-67,127,3.0,4.0,1.5
1783351449764,2026-07-06 17:24:09.764,C3:00:00:63:4D:0A,-54,127,3.0,4.0,1.5
1783351449775,2026-07-06 17:24:09.775,C3:00:00:63:4D:08,-53,127,3.0,4.0,1.5
1783351449788,2026-07-06 17:24:09.788,C3:00:00:63:4D:07,-59,127,3.0,4.0,1.5
1783351449794,2026-07-06 17:24:09.794,C3:00:00:63:4D:0D,-54,127,3.0,4.0,1.5
1783351449799,2026-07-06 17:24:09.799,C3:00:00:63:4D:09,-66,127,3.0,4.0,1.5
1783351449816,2026-07-06 17:24:09.816,C3:00:00:63:4C:D2,-57,127,3.0,4.0,1.5
1783351449818,2026-07-06 17:24:09.818,C3:00:00:63:4D:04,-65,127,3.0,4.0,1.5
1783351449874,2026-07-06 17:24:09.874,C3:00:00:63:4D:05,-52,127,3.0,4.0,1.5
1783351449877,2026-07-06 17:24:09.877,C3:00:00:63:4D:0A,-66,127,3.0,4.0,1.5
1783351449879,2026-07-06 17:24:09.879,C3:00:00:63:4D:07,-59,127,3.0,4.0,1.5
1783351449882,2026-07-06 17:24:09.882,C3:00:00:63:4D:08,-58,127,3.0,4.0,1.5
1783351449890,2026-07-06 17:24:09.890,C3:00:00:63:4D:0D,-51,127,3.0,4.0,1.5
1783351449913,2026-07-06 17:24:09.913,C3:00:00:63:4D:09,-60,127,3.0,4.0,1.5
1783351449918,2026-07-06 17:24:09.918,C3:00:00:63:4D:04,-63,127,3.0,4.0,1.5
1783351449932,2026-07-06 17:24:09.932,C3:00:00:63:4C:D2,-58,127,3.0,4.0,1.5
1783351449935,2026-07-06 17:24:09.935,C3:00:00:63:4D:04,-63,127,3.0,4.0,1.5
1783351449974,2026-07-06 17:24:09.974,C3:00:00:63:4D:05,-56,127,3.0,4.0,1.5
1783351449978,2026-07-06 17:24:09.978,C3:00:00:63:4D:0A,-61,127,3.0,4.0,1.5
1783351449983,2026-07-06 17:24:09.983,C3:00:00:63:4D:07,-80,127,3.0,4.0,1.5
1783351450003,2026-07-06 17:24:10.003,C3:00:00:63:4D:0D,-54,127,3.0,4.0,1.5
1783351450005,2026-07-06 17:24:10.005,C3:00:00:63:4D:08,-50,127,3.0,4.0,1.5
1783351450019,2026-07-06 17:24:10.019,C3:00:00:63:4D:04,-58,127,3.0,4.0,1.5
1783351450023,2026-07-06 17:24:10.023,C3:00:00:63:4D:09,-66,127,3.0,4.0,1.5
1783351450045,2026-07-06 17:24:10.045,C3:00:00:63:4C:D2,-68,127,3.0,4.0,1.5
1783351450074,2026-07-06 17:24:10.074,C3:00:00:63:4D:05,-65,127,3.0,4.0,1.5
1783351450079,2026-07-06 17:24:10.079,C3:00:00:63:4D:07,-63,127,3.0,4.0,1.5
1783351450082,2026-07-06 17:24:10.082,C3:00:00:63:4D:0A,-56,127,3.0,4.0,1.5
1783351450112,2026-07-06 17:24:10.112,C3:00:00:63:4D:0D,-54,127,3.0,4.0,1.5
1783351450122,2026-07-06 17:24:10.122,C3:00:00:63:4D:04,-61,127,3.0,4.0,1.5
1783351450137,2026-07-06 17:24:10.137,C3:00:00:63:4C:D2,-54,127,3.0,4.0,1.5
1783351450143,2026-07-06 17:24:10.143,C3:00:00:63:4D:09,-64,127,3.0,4.0,1.5
1783351450177,2026-07-06 17:24:10.177,C3:00:00:63:4D:07,-58,127,3.0,4.0,1.5
1783351450182,2026-07-06 17:24:10.182,C3:00:00:63:4D:05,-58,127,3.0,4.0,1.5
1783351450185,2026-07-06 17:24:10.185,C3:00:00:63:4D:0A,-68,127,3.0,4.0,1.5
1783351450216,2026-07-06 17:24:10.216,C3:00:00:63:4D:0D,-55,127,3.0,4.0,1.5
1783351450233,2026-07-06 17:24:10.233,C3:00:00:63:4D:08,-51,127,3.0,4.0,1.5
1783351450236,2026-07-06 17:24:10.236,C3:00:00:63:4D:04,-60,127,3.0,4.0,1.5
1783351450248,2026-07-06 17:24:10.248,C3:00:00:63:4C:D2,-61,127,3.0,4.0,1.5
1783351450251,2026-07-06 17:24:10.251,C3:00:00:63:4D:09,-58,127,3.0,4.0,1.5
1783351450268,2026-07-06 17:24:10.268,C3:00:00:63:4D:0A,-67,127,3.0,4.0,1.5
1783351450275,2026-07-06 17:24:10.275,C3:00:00:63:4D:07,-62,127,3.0,4.0,1.5
1783351450281,2026-07-06 17:24:10.281,C3:00:00:63:4D:05,-55,127,3.0,4.0,1.5
1783351450292,2026-07-06 17:24:10.292,C3:00:00:63:4D:0A,-58,127,3.0,4.0,1.5
1783351450320,2026-07-06 17:24:10.320,C3:00:00:63:4D:04,-53,127,3.0,4.0,1.5
1783351450324,2026-07-06 17:24:10.324,C3:00:00:63:4D:0D,-54,127,3.0,4.0,1.5
1783351450332,2026-07-06 17:24:10.332,C3:00:00:63:4D:08,-52,127,3.0,4.0,1.5
1783351450349,2026-07-06 17:24:10.349,C3:00:00:63:4C:D2,-68,127,3.0,4.0,1.5
1783351450354,2026-07-06 17:24:10.354,C3:00:00:63:4D:08,-53,127,3.0,4.0,1.5
1783351450359,2026-07-06 17:24:10.359,C3:00:00:63:4D:09,-78,127,3.0,4.0,1.5
1783351450377,2026-07-06 17:24:10.377,C3:00:00:63:4D:07,-60,127,3.0,4.0,1.5
1783351450390,2026-07-06 17:24:10.390,C3:00:00:63:4D:0A,-55,127,3.0,4.0,1.5
1783351450431,2026-07-06 17:24:10.431,C3:00:00:63:4D:04,-55,127,3.0,4.0,1.5
1783351450464,2026-07-06 17:24:10.464,C3:00:00:63:4D:08,-61,127,3.0,4.0,1.5
1783351450484,2026-07-06 17:24:10.484,C3:00:00:63:4D:05,-58,127,3.0,4.0,1.5
1783351450489,2026-07-06 17:24:10.489,C3:00:00:63:4D:07,-60,127,3.0,4.0,1.5
1783351450491,2026-07-06 17:24:10.491,C3:00:00:63:4D:09,-57,127,3.0,4.0,1.5
1783351450500,2026-07-06 17:24:10.500,C3:00:00:63:4D:0A,-64,127,3.0,4.0,1.5
1783351450510,2026-07-06 17:24:10.510,C3:00:00:63:4D:09,-57,127,3.0,4.0,1.5
1783351450537,2026-07-06 17:24:10.537,C3:00:00:63:4D:0D,-54,127,3.0,4.0,1.5
1783351450560,2026-07-06 17:24:10.560,C3:00:00:63:4C:D2,-65,127,3.0,4.0,1.5
1783351450578,2026-07-06 17:24:10.578,C3:00:00:63:4D:08,-49,127,3.0,4.0,1.5
1783351450581,2026-07-06 17:24:10.581,C3:00:00:63:4D:05,-62,127,3.0,4.0,1.5
1783351450590,2026-07-06 17:24:10.590,C3:00:00:63:4D:09,-57,127,3.0,4.0,1.5
1783351450610,2026-07-06 17:24:10.610,C3:00:00:63:4D:0A,-59,127,3.0,4.0,1.5
1783351450612,2026-07-06 17:24:10.612,C3:00:00:63:4D:05,-66,127,3.0,4.0,1.5
1783351450633,2026-07-06 17:24:10.633,C3:00:00:63:4D:04,-55,127,3.0,4.0,1.5
1783351450652,2026-07-06 17:24:10.652,C3:00:00:63:4D:0D,-51,127,3.0,4.0,1.5
1783351450659,2026-07-06 17:24:10.659,C3:00:00:63:4D:04,-54,127,3.0,4.0,1.5
1783351450665,2026-07-06 17:24:10.665,C3:00:00:63:4C:D2,-65,127,3.0,4.0,1.5
1783351450679,2026-07-06 17:24:10.679,C3:00:00:63:4D:07,-65,127,3.0,4.0,1.5
1783351450683,2026-07-06 17:24:10.683,C3:00:00:63:4D:05,-60,127,3.0,4.0,1.5
1783351450688,2026-07-06 17:24:10.688,C3:00:00:63:4D:08,-59,127,3.0,4.0,1.5
1783351450703,2026-07-06 17:24:10.703,C3:00:00:63:4D:09,-61,127,3.0,4.0,1.5
1783351450708,2026-07-06 17:24:10.708,C3:00:00:63:4D:0A,-63,127,3.0,4.0,1.5
1783351450728,2026-07-06 17:24:10.728,C3:00:00:63:4D:0A,-62,127,3.0,4.0,1.5
1783351450739,2026-07-06 17:24:10.739,C3:00:00:63:4D:04,-54,127,3.0,4.0,1.5
1783351450755,2026-07-06 17:24:10.755,C3:00:00:63:4D:0D,-51,127,3.0,4.0,1.5
1783351450773,2026-07-06 17:24:10.773,C3:00:00:63:4C:D2,-58,127,3.0,4.0,1.5
1783351450778,2026-07-06 17:24:10.778,C3:00:00:63:4D:07,-58,127,3.0,4.0,1.5
1783351450792,2026-07-06 17:24:10.792,C3:00:00:63:4C:D2,-57,127,3.0,4.0,1.5
1783351450798,2026-07-06 17:24:10.798,C3:00:00:63:4D:0D,-52,127,3.0,4.0,1.5
1783351450808,2026-07-06 17:24:10.808,C3:00:00:63:4D:08,-54,127,3.0,4.0,1.5
1783351450821,2026-07-06 17:24:10.821,C3:00:00:63:4D:09,-60,127,3.0,4.0,1.5
1783351450839,2026-07-06 17:24:10.839,C3:00:00:63:4D:04,-65,127,3.0,4.0,1.5
1783351450845,2026-07-06 17:24:10.845,C3:00:00:63:4C:D2,-62,127,3.0,4.0,1.5
1783351450871,2026-07-06 17:24:10.871,C3:00:00:63:4D:0D,-54,127,3.0,4.0,1.5
1783351450876,2026-07-06 17:24:10.876,C3:00:00:63:4C:D2,-54,127,3.0,4.0,1.5
1783351450879,2026-07-06 17:24:10.879,C3:00:00:63:4D:07,-62,127,3.0,4.0,1.5
1783351450882,2026-07-06 17:24:10.882,C3:00:00:63:4D:05,-58,127,3.0,4.0,1.5
1783351450915,2026-07-06 17:24:10.915,C3:00:00:63:4D:08,-54,127,3.0,4.0,1.5
1783351450919,2026-07-06 17:24:10.919,C3:00:00:63:4D:0A,-58,127,3.0,4.0,1.5
1783351450948,2026-07-06 17:24:10.948,C3:00:00:63:4D:04,-55,127,3.0,4.0,1.5
1783351450954,2026-07-06 17:24:10.954,C3:00:00:63:4D:07,-71,127,3.0,4.0,1.5
1783351450966,2026-07-06 17:24:10.966,C3:00:00:63:4D:0D,-55,127,3.0,4.0,1.5
1783351450985,2026-07-06 17:24:10.985,C3:00:00:63:4D:07,-76,127,3.0,4.0,1.5
1783351450987,2026-07-06 17:24:10.987,C3:00:00:63:4C:D2,-64,127,3.0,4.0,1.5
1783351450989,2026-07-06 17:24:10.989,C3:00:00:63:4D:0A,-56,127,3.0,4.0,1.5
1783351450990,2026-07-06 17:24:10.990,C3:00:00:63:4D:05,-58,127,3.0,4.0,1.5
1783351451026,2026-07-06 17:24:11.026,C3:00:00:63:4D:0A,-65,127,3.0,4.0,1.5
1783351451041,2026-07-06 17:24:11.041,C3:00:00:63:4D:08,-58,127,3.0,4.0,1.5
1783351451060,2026-07-06 17:24:11.060,C3:00:00:63:4D:04,-57,127,3.0,4.0,1.5
1783351451064,2026-07-06 17:24:11.064,C3:00:00:63:4D:09,-54,127,3.0,4.0,1.5
1783351451079,2026-07-06 17:24:11.079,C3:00:00:63:4D:07,-58,127,3.0,4.0,1.5
1783351451092,2026-07-06 17:24:11.092,C3:00:00:63:4C:D2,-59,127,3.0,4.0,1.5
1783351451109,2026-07-06 17:24:11.109,C3:00:00:63:4D:0A,-72,127,3.0,4.0,1.5
1783351451113,2026-07-06 17:24:11.113,C3:00:00:63:4C:D2,-57,127,3.0,4.0,1.5
1783351451150,2026-07-06 17:24:11.150,C3:00:00:63:4D:04,-61,127,3.0,4.0,1.5
1783351451153,2026-07-06 17:24:11.153,C3:00:00:63:4D:08,-50,127,3.0,4.0,1.5
1783351451169,2026-07-06 17:24:11.169,C3:00:00:63:4D:09,-58,127,3.0,4.0,1.5
1783351451182,2026-07-06 17:24:11.182,C3:00:00:63:4D:07,-63,127,3.0,4.0,1.5
1783351451187,2026-07-06 17:24:11.187,C3:00:00:63:4D:05,-62,127,3.0,4.0,1.5
1783351451192,2026-07-06 17:24:11.192,C3:00:00:63:4D:0D,-55,127,3.0,4.0,1.5
1783351451197,2026-07-06 17:24:11.197,C3:00:00:63:4D:07,-63,127,3.0,4.0,1.5
1783351451201,2026-07-06 17:24:11.201,C3:00:00:63:4C:D2,-55,127,3.0,4.0,1.5
1783351451236,2026-07-06 17:24:11.236,C3:00:00:63:4D:0A,-56,127,3.0,4.0,1.5
1783351451250,2026-07-06 17:24:11.250,C3:00:00:63:4D:04,-56,127,3.0,4.0,1.5
1783351451270,2026-07-06 17:24:11.270,C3:00:00:63:4D:08,-55,127,3.0,4.0,1.5
1783351451274,2026-07-06 17:24:11.274,C3:00:00:63:4D:09,-62,127,3.0,4.0,1.5
1783351451278,2026-07-06 17:24:11.278,C3:00:00:63:4D:07,-75,127,3.0,4.0,1.5
1783351451289,2026-07-06 17:24:11.289,C3:00:00:63:4D:05,-62,127,3.0,4.0,1.5
1783351451295,2026-07-06 17:24:11.295,C3:00:00:63:4D:0D,-52,127,3.0,4.0,1.5
1783351451298,2026-07-06 17:24:11.298,C3:00:00:63:4C:D2,-68,127,3.0,4.0,1.5
1783351451357,2026-07-06 17:24:11.357,C3:00:00:63:4D:04,-56,127,3.0,4.0,1.5
1783351451380,2026-07-06 17:24:11.380,C3:00:00:63:4D:07,-60,127,3.0,4.0,1.5
1783351451384,2026-07-06 17:24:11.384,C3:00:00:63:4D:08,-54,127,3.0,4.0,1.5
1783351451391,2026-07-06 17:24:11.391,C3:00:00:63:4D:0D,-50,127,3.0,4.0,1.5
1783351451399,2026-07-06 17:24:11.399,C3:00:00:63:4D:05,-58,127,3.0,4.0,1.5
1783351451401,2026-07-06 17:24:11.401,C3:00:00:63:4D:09,-54,127,3.0,4.0,1.5
1783351451406,2026-07-06 17:24:11.406,C3:00:00:63:4C:D2,-56,127,3.0,4.0,1.5
1783351451414,2026-07-06 17:24:11.414,C3:00:00:63:4D:0D,-64,127,3.0,4.0,1.5
1783351451441,2026-07-06 17:24:11.441,C3:00:00:63:4D:0D,-57,127,3.0,4.0,1.5
1783351451445,2026-07-06 17:24:11.445,C3:00:00:63:4D:08,-62,127,3.0,4.0,1.5
1783351451449,2026-07-06 17:24:11.449,C3:00:00:63:4D:0A,-58,127,3.0,4.0,1.5
1783351451465,2026-07-06 17:24:11.465,C3:00:00:63:4D:04,-62,127,3.0,4.0,1.5
1783351451482,2026-07-06 17:24:11.482,C3:00:00:63:4D:07,-62,127,3.0,4.0,1.5
1783351451484,2026-07-06 17:24:11.484,C3:00:00:63:4D:08,-54,127,3.0,4.0,1.5
1783351451487,2026-07-06 17:24:11.487,C3:00:00:63:4D:05,-67,127,3.0,4.0,1.5
1783351451513,2026-07-06 17:24:11.513,C3:00:00:63:4D:0D,-54,127,3.0,4.0,1.5
1783351451515,2026-07-06 17:24:11.515,C3:00:00:63:4C:D2,-64,127,3.0,4.0,1.5
1783351451553,2026-07-06 17:24:11.553,C3:00:00:63:4D:0A,-59,127,3.0,4.0,1.5
1783351451557,2026-07-06 17:24:11.557,C3:00:00:63:4D:04,-58,127,3.0,4.0,1.5
1783351451592,2026-07-06 17:24:11.592,C3:00:00:63:4D:05,-74,127,3.0,4.0,1.5
1783351451595,2026-07-06 17:24:11.595,C3:00:00:63:4D:09,-71,127,3.0,4.0,1.5
1783351451623,2026-07-06 17:24:11.623,C3:00:00:63:4C:D2,-56,127,3.0,4.0,1.5
1783351451627,2026-07-06 17:24:11.627,C3:00:00:63:4D:09,-56,127,3.0,4.0,1.5
1783351451644,2026-07-06 17:24:11.644,C3:00:00:63:4D:05,-57,127,3.0,4.0,1.5
1783351451658,2026-07-06 17:24:11.658,C3:00:00:63:4D:0A,-62,127,3.0,4.0,1.5
1783351451666,2026-07-06 17:24:11.666,C3:00:00:63:4D:04,-58,127,3.0,4.0,1.5
1783351451674,2026-07-06 17:24:11.674,C3:00:00:63:4D:07,-60,127,3.0,4.0,1.5
1783351451695,2026-07-06 17:24:11.695,C3:00:00:63:4D:05,-56,127,3.0,4.0,1.5
1783351451725,2026-07-06 17:24:11.725,C3:00:00:63:4D:08,-54,127,3.0,4.0,1.5
1783351451733,2026-07-06 17:24:11.733,C3:00:00:63:4D:09,-58,127,3.0,4.0,1.5
1783351451760,2026-07-06 17:24:11.760,C3:00:00:63:4D:0A,-56,127,3.0,4.0,1.5
1783351451765,2026-07-06 17:24:11.765,C3:00:00:63:4D:04,-61,127,3.0,4.0,1.5
1783351451784,2026-07-06 17:24:11.784,C3:00:00:63:4D:07,-69,127,3.0,4.0,1.5
1783351451787,2026-07-06 17:24:11.787,C3:00:00:63:4D:04,-62,127,3.0,4.0,1.5
1783351451791,2026-07-06 17:24:11.791,C3:00:00:63:4D:05,-56,127,3.0,4.0,1.5
1783351451832,2026-07-06 17:24:11.832,C3:00:00:63:4C:D2,-72,127,3.0,4.0,1.5
1783351451834,2026-07-06 17:24:11.834,C3:00:00:63:4D:0D,-52,127,3.0,4.0,1.5
1783351451841,2026-07-06 17:24:11.841,C3:00:00:63:4D:09,-64,127,3.0,4.0,1.5
1783351451871,2026-07-06 17:24:11.871,C3:00:00:63:4D:04,-58,127,3.0,4.0,1.5
1783351451875,2026-07-06 17:24:11.875,C3:00:00:63:4D:0A,-59,127,3.0,4.0,1.5
1783351451880,2026-07-06 17:24:11.880,C3:00:00:63:4D:07,-63,127,3.0,4.0,1.5
1783351451888,2026-07-06 17:24:11.888,C3:00:00:63:4D:05,-60,127,3.0,4.0,1.5
1783351451925,2026-07-06 17:24:11.925,C3:00:00:63:4D:04,-55,127,3.0,4.0,1.5
1783351451943,2026-07-06 17:24:11.943,C3:00:00:63:4D:0D,-49,127,3.0,4.0,1.5
1783351451948,2026-07-06 17:24:11.948,C3:00:00:63:4C:D2,-57,127,3.0,4.0,1.5
1783351451962,2026-07-06 17:24:11.962,C3:00:00:63:4D:08,-55,127,3.0,4.0,1.5
1783351451978,2026-07-06 17:24:11.978,C3:00:00:63:4D:04,-55,127,3.0,4.0,1.5
1783351451996,2026-07-06 17:24:11.996,C3:00:00:63:4D:05,-56,127,3.0,4.0,1.5
1783351452056,2026-07-06 17:24:12.056,C3:00:00:63:4D:0D,-57,127,3.0,4.0,1.5
1783351452074,2026-07-06 17:24:12.074,C3:00:00:63:4D:0A,-56,127,3.0,4.0,1.5
1783351452077,2026-07-06 17:24:12.077,C3:00:00:63:4D:07,-74,127,3.0,4.0,1.5
1783351452087,2026-07-06 17:24:12.087,C3:00:00:63:4D:09,-58,127,3.0,4.0,1.5
1783351452094,2026-07-06 17:24:12.094,C3:00:00:63:4D:05,-58,127,3.0,4.0,1.5
1783351452197,2026-07-06 17:24:12.197,C3:00:00:63:4D:05,-65,127,3.0,4.0,1.5
1783351452205,2026-07-06 17:24:12.205,C3:00:00:63:4D:07,-67,127,3.0,4.0,1.5
1783351452282,2026-07-06 17:24:12.282,C3:00:00:63:4D:07,-60,127,3.0,4.0,1.5
1783351452288,2026-07-06 17:24:12.288,C3:00:00:63:4D:04,-59,127,3.0,4.0,1.5
1783351452298,2026-07-06 17:24:12.298,C3:00:00:63:4D:08,-56,127,3.0,4.0,1.5
1783351452309,2026-07-06 17:24:12.309,C3:00:00:63:4D:05,-56,127,3.0,4.0,1.5
1783351452313,2026-07-06 17:24:12.313,C3:00:00:63:4D:09,-54,127,3.0,4.0,1.5
1783351452460,2026-07-06 17:24:12.460,C3:00:00:63:4D:0D,-55,127,3.0,4.0,1.5
1783351452473,2026-07-06 17:24:12.473,C3:00:00:63:4C:D2,-66,127,3.0,4.0,1.5
1783351452483,2026-07-06 17:24:12.483,C3:00:00:63:4D:07,-60,127,3.0,4.0,1.5
1783351452488,2026-07-06 17:24:12.488,C3:00:00:63:4D:0D,-56,127,3.0,4.0,1.5
1783351452497,2026-07-06 17:24:12.497,C3:00:00:63:4D:04,-57,127,3.0,4.0,1.5
1783351452576,2026-07-06 17:24:12.576,C3:00:00:63:4C:D2,-58,127,3.0,4.0,1.5
1783351452638,2026-07-06 17:24:12.638,C3:00:00:63:4D:04,-63,127,3.0,4.0,1.5
1783351452658,2026-07-06 17:24:12.658,C3:00:00:63:4D:08,-52,127,3.0,4.0,1.5
1783351452663,2026-07-06 17:24:12.663,C3:00:00:63:4D:04,-69,127,3.0,4.0,1.5
1783351452684,2026-07-06 17:24:12.684,C3:00:00:63:4C:D2,-56,127,3.0,4.0,1.5
1783351452704,2026-07-06 17:24:12.704,C3:00:00:63:4D:05,-58,127,3.0,4.0,1.5
1783351452708,2026-07-06 17:24:12.708,C3:00:00:63:4D:0A,-66,127,3.0,4.0,1.5
1783351452725,2026-07-06 17:24:12.725,C3:00:00:63:4D:0A,-60,127,3.0,4.0,1.5
1783351452759,2026-07-06 17:24:12.759,C3:00:00:63:4D:08,-50,127,3.0,4.0,1.5
1783351452792,2026-07-06 17:24:12.792,C3:00:00:63:4D:0D,-54,127,3.0,4.0,1.5
1783351452796,2026-07-06 17:24:12.796,C3:00:00:63:4D:04,-55,127,3.0,4.0,1.5
1783351452801,2026-07-06 17:24:12.801,C3:00:00:63:4C:D2,-64,127,3.0,4.0,1.5
1783351452805,2026-07-06 17:24:12.805,C3:00:00:63:4D:05,-81,127,3.0,4.0,1.5
1783351452809,2026-07-06 17:24:12.809,C3:00:00:63:4D:0A,-59,127,3.0,4.0,1.5
1783351452818,2026-07-06 17:24:12.818,C3:00:00:63:4D:0D,-49,127,3.0,4.0,1.5
1783351452878,2026-07-06 17:24:12.878,C3:00:00:63:4D:09,-54,127,3.0,4.0,1.5
1783351452881,2026-07-06 17:24:12.881,C3:00:00:63:4D:07,-66,127,3.0,4.0,1.5
1783351452888,2026-07-06 17:24:12.888,C3:00:00:63:4C:D2,-54,127,3.0,4.0,1.5
1783351452897,2026-07-06 17:24:12.897,C3:00:00:63:4D:05,-55,127,3.0,4.0,1.5
1783351452912,2026-07-06 17:24:12.912,C3:00:00:63:4D:0A,-70,127,3.0,4.0,1.5
1783351452917,2026-07-06 17:24:12.917,C3:00:00:63:4D:0D,-58,127,3.0,4.0,1.5
1783351452974,2026-07-06 17:24:12.974,C3:00:00:63:4D:07,-65,127,3.0,4.0,1.5
1783351452999,2026-07-06 17:24:12.999,C3:00:00:63:4D:09,-59,127,3.0,4.0,1.5
1783351453004,2026-07-06 17:24:13.004,C3:00:00:63:4D:07,-64,127,3.0,4.0,1.5
1783351453007,2026-07-06 17:24:13.007,C3:00:00:63:4D:05,-56,127,3.0,4.0,1.5
1783351453010,2026-07-06 17:24:13.010,C3:00:00:63:4C:D2,-56,127,3.0,4.0,1.5
1783351453012,2026-07-06 17:24:13.012,C3:00:00:63:4D:04,-61,127,3.0,4.0,1.5
1783351453075,2026-07-06 17:24:13.075,C3:00:00:63:4D:07,-60,127,3.0,4.0,1.5
1783351453103,2026-07-06 17:24:13.103,C3:00:00:63:4D:04,-56,127,3.0,4.0,1.5
1783351453127,2026-07-06 17:24:13.127,C3:00:00:63:4D:0D,-56,127,3.0,4.0,1.5
1783351453133,2026-07-06 17:24:13.133,C3:00:00:63:4C:D2,-55,127,3.0,4.0,1.5
1783351453174,2026-07-06 17:24:13.174,C3:00:00:63:4D:07,-64,127,3.0,4.0,1.5
1783351453190,2026-07-06 17:24:13.190,C3:00:00:63:4D:09,-54,127,3.0,4.0,1.5
1783351453205,2026-07-06 17:24:13.205,C3:00:00:63:4D:05,-57,127,3.0,4.0,1.5
1783351453210,2026-07-06 17:24:13.210,C3:00:00:63:4C:D2,-54,127,3.0,4.0,1.5
1783351453220,2026-07-06 17:24:13.220,C3:00:00:63:4D:09,-56,127,3.0,4.0,1.5
1783351453224,2026-07-06 17:24:13.224,C3:00:00:63:4D:08,-51,127,3.0,4.0,1.5
1783351453317,2026-07-06 17:24:13.317,C3:00:00:63:4C:D2,-66,127,3.0,4.0,1.5
1783351453322,2026-07-06 17:24:13.322,C3:00:00:63:4D:04,-55,127,3.0,4.0,1.5
1783351453330,2026-07-06 17:24:13.330,C3:00:00:63:4D:09,-63,127,3.0,4.0,1.5
1783351453341,2026-07-06 17:24:13.341,C3:00:00:63:4D:0A,-55,127,3.0,4.0,1.5
1783351453345,2026-07-06 17:24:13.345,C3:00:00:63:4D:08,-55,127,3.0,4.0,1.5
1783351453350,2026-07-06 17:24:13.350,C3:00:00:63:4D:0D,-71,127,3.0,4.0,1.5
1783351453354,2026-07-06 17:24:13.354,C3:00:00:63:4D:08,-55,127,3.0,4.0,1.5
1783351453377,2026-07-06 17:24:13.377,C3:00:00:63:4D:07,-64,127,3.0,4.0,1.5
1783351453395,2026-07-06 17:24:13.395,C3:00:00:63:4D:0D,-70,127,3.0,4.0,1.5
1783351453413,2026-07-06 17:24:13.413,C3:00:00:63:4D:05,-69,127,3.0,4.0,1.5
1783351453418,2026-07-06 17:24:13.418,C3:00:00:63:4D:04,-56,127,3.0,4.0,1.5
1783351453421,2026-07-06 17:24:13.421,C3:00:00:63:4C:D2,-56,127,3.0,4.0,1.5
1783351453443,2026-07-06 17:24:13.443,C3:00:00:63:4D:09,-55,127,3.0,4.0,1.5
1783351453455,2026-07-06 17:24:13.455,C3:00:00:63:4D:08,-60,127,3.0,4.0,1.5
1783351453457,2026-07-06 17:24:13.457,C3:00:00:63:4D:0D,-57,127,3.0,4.0,1.5
1783351453477,2026-07-06 17:24:13.477,C3:00:00:63:4D:07,-63,127,3.0,4.0,1.5
1783351453481,2026-07-06 17:24:13.481,C3:00:00:63:4D:08,-58,127,3.0,4.0,1.5
1783351453501,2026-07-06 17:24:13.501,C3:00:00:63:4D:05,-58,127,3.0,4.0,1.5
1783351453528,2026-07-06 17:24:13.528,C3:00:00:63:4C:D2,-55,127,3.0,4.0,1.5
1783351453551,2026-07-06 17:24:13.551,C3:00:00:63:4D:0A,-65,127,3.0,4.0,1.5
1783351453558,2026-07-06 17:24:13.558,C3:00:00:63:4D:09,-61,127,3.0,4.0,1.5
1783351453563,2026-07-06 17:24:13.563,C3:00:00:63:4D:08,-53,127,3.0,4.0,1.5
1783351453567,2026-07-06 17:24:13.567,C3:00:00:63:4D:0D,-58,127,3.0,4.0,1.5
1783351453577,2026-07-06 17:24:13.577,C3:00:00:63:4D:07,-66,127,3.0,4.0,1.5
1783351453597,2026-07-06 17:24:13.597,C3:00:00:63:4D:07,-74,127,3.0,4.0,1.5
1783351453618,2026-07-06 17:24:13.618,C3:00:00:63:4D:04,-54,127,3.0,4.0,1.5
1783351453651,2026-07-06 17:24:13.651,C3:00:00:63:4D:0A,-56,127,3.0,4.0,1.5
1783351453654,2026-07-06 17:24:13.654,C3:00:00:63:4D:05,-63,127,3.0,4.0,1.5
1783351453670,2026-07-06 17:24:13.670,C3:00:00:63:4D:0D,-55,127,3.0,4.0,1.5
1783351453673,2026-07-06 17:24:13.673,C3:00:00:63:4D:08,-54,127,3.0,4.0,1.5
1783351453714,2026-07-06 17:24:13.714,C3:00:00:63:4D:05,-58,127,3.0,4.0,1.5
1783351453742,2026-07-06 17:24:13.742,C3:00:00:63:4C:D2,-57,127,3.0,4.0,1.5
1783351453751,2026-07-06 17:24:13.751,C3:00:00:63:4D:0A,-66,127,3.0,4.0,1.5
1783351453774,2026-07-06 17:24:13.774,C3:00:00:63:4D:07,-66,127,3.0,4.0,1.5
1783351453778,2026-07-06 17:24:13.778,C3:00:00:63:4D:0D,-51,127,3.0,4.0,1.5
1783351453788,2026-07-06 17:24:13.788,C3:00:00:63:4D:09,-56,127,3.0,4.0,1.5
1783351453794,2026-07-06 17:24:13.794,C3:00:00:63:4D:08,-60,127,3.0,4.0,1.5
1783351453819,2026-07-06 17:24:13.819,C3:00:00:63:4D:05,-62,127,3.0,4.0,1.5
1783351453836,2026-07-06 17:24:13.836,C3:00:00:63:4D:04,-65,127,3.0,4.0,1.5
1783351453844,2026-07-06 17:24:13.844,C3:00:00:63:4C:D2,-55,127,3.0,4.0,1.5
1783351453859,2026-07-06 17:24:13.859,C3:00:00:63:4D:0A,-66,127,3.0,4.0,1.5
1783351453879,2026-07-06 17:24:13.879,C3:00:00:63:4D:07,-67,127,3.0,4.0,1.5
1783351453888,2026-07-06 17:24:13.888,C3:00:00:63:4D:0D,-54,127,3.0,4.0,1.5
1783351453902,2026-07-06 17:24:13.902,C3:00:00:63:4D:09,-58,127,3.0,4.0,1.5
1783351453907,2026-07-06 17:24:13.907,C3:00:00:63:4D:08,-54,127,3.0,4.0,1.5
1783351453912,2026-07-06 17:24:13.912,C3:00:00:63:4D:05,-65,127,3.0,4.0,1.5
1783351453936,2026-07-06 17:24:13.936,C3:00:00:63:4D:04,-55,127,3.0,4.0,1.5
1783351453961,2026-07-06 17:24:13.961,C3:00:00:63:4D:04,-54,127,3.0,4.0,1.5
1783351453969,2026-07-06 17:24:13.969,C3:00:00:63:4D:0A,-54,127,3.0,4.0,1.5
1783351453979,2026-07-06 17:24:13.979,C3:00:00:63:4D:07,-61,127,3.0,4.0,1.5
1783351453993,2026-07-06 17:24:13.993,C3:00:00:63:4D:0D,-51,127,3.0,4.0,1.5
1783351454011,2026-07-06 17:24:14.011,C3:00:00:63:4D:09,-53,127,3.0,4.0,1.5
1783351454019,2026-07-06 17:24:14.019,C3:00:00:63:4D:05,-54,127,3.0,4.0,1.5
1783351454029,2026-07-06 17:24:14.029,C3:00:00:63:4D:08,-61,127,3.0,4.0,1.5
1783351454046,2026-07-06 17:24:14.046,C3:00:00:63:4C:D2,-55,127,3.0,4.0,1.5
1783351454068,2026-07-06 17:24:14.068,C3:00:00:63:4D:0A,-68,127,3.0,4.0,1.5
1783351454074,2026-07-06 17:24:14.074,C3:00:00:63:4D:07,-64,127,3.0,4.0,1.5
1783351454103,2026-07-06 17:24:14.103,C3:00:00:63:4D:0D,-51,127,3.0,4.0,1.5
1783351454136,2026-07-06 17:24:14.136,C3:00:00:63:4D:04,-58,127,3.0,4.0,1.5
1783351454141,2026-07-06 17:24:14.141,C3:00:00:63:4D:08,-52,127,3.0,4.0,1.5
1783351454163,2026-07-06 17:24:14.163,C3:00:00:63:4C:D2,-54,127,3.0,4.0,1.5
1783351454169,2026-07-06 17:24:14.169,C3:00:00:63:4D:0A,-65,127,3.0,4.0,1.5
1783351454178,2026-07-06 17:24:14.178,C3:00:00:63:4D:07,-62,127,3.0,4.0,1.5
1783351454212,2026-07-06 17:24:14.212,C3:00:00:63:4D:05,-63,127,3.0,4.0,1.5
1783351454239,2026-07-06 17:24:14.239,C3:00:00:63:4D:04,-55,127,3.0,4.0,1.5
1783351454243,2026-07-06 17:24:14.243,C3:00:00:63:4D:09,-61,127,3.0,4.0,1.5
1783351454253,2026-07-06 17:24:14.253,C3:00:00:63:4D:08,-55,127,3.0,4.0,1.5
1783351454270,2026-07-06 17:24:14.270,C3:00:00:63:4C:D2,-63,127,3.0,4.0,1.5
1783351454274,2026-07-06 17:24:14.274,C3:00:00:63:4D:07,-62,127,3.0,4.0,1.5
1783351454277,2026-07-06 17:24:14.277,C3:00:00:63:4D:0A,-54,127,3.0,4.0,1.5
1783351454304,2026-07-06 17:24:14.304,C3:00:00:63:4D:0A,-62,127,3.0,4.0,1.5
1783351454312,2026-07-06 17:24:14.312,C3:00:00:63:4D:0D,-51,127,3.0,4.0,1.5
1783351454332,2026-07-06 17:24:14.332,C3:00:00:63:4D:05,-56,127,3.0,4.0,1.5
1783351454343,2026-07-06 17:24:14.343,C3:00:00:63:4D:08,-58,127,3.0,4.0,1.5
1783351454351,2026-07-06 17:24:14.351,C3:00:00:63:4D:04,-56,127,3.0,4.0,1.5
1783351454359,2026-07-06 17:24:14.359,C3:00:00:63:4D:09,-54,127,3.0,4.0,1.5
1783351454370,2026-07-06 17:24:14.370,C3:00:00:63:4C:D2,-57,127,3.0,4.0,1.5
1783351454417,2026-07-06 17:24:14.417,C3:00:00:63:4D:05,-55,127,3.0,4.0,1.5
1783351454424,2026-07-06 17:24:14.424,C3:00:00:63:4D:0D,-54,127,3.0,4.0,1.5
1783351454448,2026-07-06 17:24:14.448,C3:00:00:63:4D:04,-60,127,3.0,4.0,1.5
1783351454472,2026-07-06 17:24:14.472,C3:00:00:63:4D:09,-58,127,3.0,4.0,1.5
1783351454478,2026-07-06 17:24:14.478,C3:00:00:63:4D:07,-66,127,3.0,4.0,1.5
1783351454489,2026-07-06 17:24:14.489,C3:00:00:63:4C:D2,-55,127,3.0,4.0,1.5
1783351454492,2026-07-06 17:24:14.492,C3:00:00:63:4D:0A,-65,127,3.0,4.0,1.5
1783351454497,2026-07-06 17:24:14.497,C3:00:00:63:4D:08,-52,127,3.0,4.0,1.5
1783351454510,2026-07-06 17:24:14.510,C3:00:00:63:4D:09,-60,127,3.0,4.0,1.5
1783351454518,2026-07-06 17:24:14.518,C3:00:00:63:4D:05,-68,127,3.0,4.0,1.5
1783351454528,2026-07-06 17:24:14.528,C3:00:00:63:4D:0D,-50,127,3.0,4.0,1.5
1783351454550,2026-07-06 17:24:14.550,C3:00:00:63:4D:04,-55,127,3.0,4.0,1.5
1783351454580,2026-07-06 17:24:14.580,C3:00:00:63:4D:07,-63,127,3.0,4.0,1.5
1783351454584,2026-07-06 17:24:14.584,C3:00:00:63:4D:09,-63,127,3.0,4.0,1.5
1783351454588,2026-07-06 17:24:14.588,C3:00:00:63:4C:D2,-65,127,3.0,4.0,1.5
1783351454595,2026-07-06 17:24:14.595,C3:00:00:63:4D:0A,-54,127,3.0,4.0,1.5
1783351454600,2026-07-06 17:24:14.600,C3:00:00:63:4D:08,-53,127,3.0,4.0,1.5
1783351454616,2026-07-06 17:24:14.616,C3:00:00:63:4D:05,-55,127,3.0,4.0,1.5
1783351454644,2026-07-06 17:24:14.644,C3:00:00:63:4D:0D,-48,127,3.0,4.0,1.5
1783351454648,2026-07-06 17:24:14.648,C3:00:00:63:4D:05,-55,127,3.0,4.0,1.5
1783351454668,2026-07-06 17:24:14.668,C3:00:00:63:4D:04,-55,127,3.0,4.0,1.5
1783351454673,2026-07-06 17:24:14.673,C3:00:00:63:4D:07,-64,127,3.0,4.0,1.5
1783351454695,2026-07-06 17:24:14.695,C3:00:00:63:4D:09,-56,127,3.0,4.0,1.5
1783351454698,2026-07-06 17:24:14.698,C3:00:00:63:4C:D2,-56,127,3.0,4.0,1.5
1783351454714,2026-07-06 17:24:14.714,C3:00:00:63:4D:08,-54,127,3.0,4.0,1.5
1783351454749,2026-07-06 17:24:14.749,C3:00:00:63:4D:0D,-54,127,3.0,4.0,1.5
1783351454753,2026-07-06 17:24:14.753,C3:00:00:63:4D:04,-64,127,3.0,4.0,1.5
1783351454775,2026-07-06 17:24:14.775,C3:00:00:63:4D:07,-65,127,3.0,4.0,1.5
1783351454798,2026-07-06 17:24:14.798,C3:00:00:63:4C:D2,-59,127,3.0,4.0,1.5
1783351454804,2026-07-06 17:24:14.804,C3:00:00:63:4D:0D,-55,127,3.0,4.0,1.5
1783351454812,2026-07-06 17:24:14.812,C3:00:00:63:4D:0A,-62,127,3.0,4.0,1.5
1783351454816,2026-07-06 17:24:14.816,C3:00:00:63:4D:09,-65,127,3.0,4.0,1.5
1783351454826,2026-07-06 17:24:14.826,C3:00:00:63:4C:D2,-65,127,3.0,4.0,1.5
1783351454827,2026-07-06 17:24:14.827,C3:00:00:63:4D:05,-82,127,3.0,4.0,1.5
1783351454834,2026-07-06 17:24:14.834,C3:00:00:63:4D:08,-54,127,3.0,4.0,1.5
1783351454851,2026-07-06 17:24:14.851,C3:00:00:63:4C:D2,-72,127,3.0,4.0,1.5
1783351454875,2026-07-06 17:24:14.875,C3:00:00:63:4D:07,-60,127,3.0,4.0,1.5
1783351454901,2026-07-06 17:24:14.901,C3:00:00:63:4C:D2,-64,127,3.0,4.0,1.5
1783351454907,2026-07-06 17:24:14.907,C3:00:00:63:4D:0A,-58,127,3.0,4.0,1.5
1783351454921,2026-07-06 17:24:14.921,C3:00:00:63:4D:05,-57,127,3.0,4.0,1.5
1783351454924,2026-07-06 17:24:14.924,C3:00:00:63:4D:09,-54,127,3.0,4.0,1.5
1783351454948,2026-07-06 17:24:14.948,C3:00:00:63:4D:08,-58,127,3.0,4.0,1.5
1783351454998,2026-07-06 17:24:14.998,C3:00:00:63:4D:0A,-67,127,3.0,4.0,1.5
1783351455003,2026-07-06 17:24:15.003,C3:00:00:63:4D:07,-62,127,3.0,4.0,1.5
1783351455020,2026-07-06 17:24:15.020,C3:00:00:63:4C:D2,-55,127,3.0,4.0,1.5
1783351455041,2026-07-06 17:24:15.041,C3:00:00:63:4D:09,-57,127,3.0,4.0,1.5
1783351455062,2026-07-06 17:24:15.062,C3:00:00:63:4D:08,-52,127,3.0,4.0,1.5
1783351455067,2026-07-06 17:24:15.067,C3:00:00:63:4D:04,-63,127,3.0,4.0,1.5
1783351455102,2026-07-06 17:24:15.102,C3:00:00:63:4D:0A,-62,127,3.0,4.0,1.5
1783351455121,2026-07-06 17:24:15.121,C3:00:00:63:4C:D2,-64,127,3.0,4.0,1.5
1783351455124,2026-07-06 17:24:15.124,C3:00:00:63:4D:05,-70,127,3.0,4.0,1.5
1783351455126,2026-07-06 17:24:15.126,C3:00:00:63:4D:0A,-57,127,3.0,4.0,1.5
1783351455144,2026-07-06 17:24:15.144,C3:00:00:63:4C:D2,-64,127,3.0,4.0,1.5
1783351455159,2026-07-06 17:24:15.159,C3:00:00:63:4D:09,-63,127,3.0,4.0,1.5
1783351455180,2026-07-06 17:24:15.180,C3:00:00:63:4D:04,-55,127,3.0,4.0,1.5
1783351455184,2026-07-06 17:24:15.184,C3:00:00:63:4D:08,-55,127,3.0,4.0,1.5
1783351455186,2026-07-06 17:24:15.186,C3:00:00:63:4D:0D,-72,127,3.0,4.0,1.5
1783351455188,2026-07-06 17:24:15.188,C3:00:00:63:4D:07,-62,127,3.0,4.0,1.5
1783351455204,2026-07-06 17:24:15.204,C3:00:00:63:4D:09,-61,127,3.0,4.0,1.5
1783351455209,2026-07-06 17:24:15.209,C3:00:00:63:4D:07,-63,127,3.0,4.0,1.5
1783351455223,2026-07-06 17:24:15.223,C3:00:00:63:4C:D2,-55,127,3.0,4.0,1.5
1783351455227,2026-07-06 17:24:15.227,C3:00:00:63:4D:05,-54,127,3.0,4.0,1.5
1783351455232,2026-07-06 17:24:15.232,C3:00:00:63:4D:0A,-66,127,3.0,4.0,1.5
1783351455271,2026-07-06 17:24:15.271,C3:00:00:63:4D:04,-57,127,3.0,4.0,1.5
1783351455274,2026-07-06 17:24:15.274,C3:00:00:63:4D:09,-54,127,3.0,4.0,1.5
1783351455287,2026-07-06 17:24:15.287,C3:00:00:63:4D:0D,-56,127,3.0,4.0,1.5
1783351455294,2026-07-06 17:24:15.294,C3:00:00:63:4D:08,-59,127,3.0,4.0,1.5
1783351455329,2026-07-06 17:24:15.329,C3:00:00:63:4D:05,-56,127,3.0,4.0,1.5
1783351455333,2026-07-06 17:24:15.333,C3:00:00:63:4D:0A,-60,127,3.0,4.0,1.5
1783351455380,2026-07-06 17:24:15.380,C3:00:00:63:4D:07,-65,127,3.0,4.0,1.5
1783351455394,2026-07-06 17:24:15.394,C3:00:00:63:4D:0D,-58,127,3.0,4.0,1.5
1783351455415,2026-07-06 17:24:15.415,C3:00:00:63:4D:0D,-70,127,3.0,4.0,1.5
1783351455426,2026-07-06 17:24:15.426,C3:00:00:63:4D:05,-70,127,3.0,4.0,1.5
1783351455439,2026-07-06 17:24:15.439,C3:00:00:63:4C:D2,-66,127,3.0,4.0,1.5
1783351455454,2026-07-06 17:24:15.454,C3:00:00:63:4D:08,-63,127,3.0,4.0,1.5
1783351455474,2026-07-06 17:24:15.474,C3:00:00:63:4D:04,-55,127,3.0,4.0,1.5
1783351455477,2026-07-06 17:24:15.477,C3:00:00:63:4D:07,-62,127,3.0,4.0,1.5
1783351455482,2026-07-06 17:24:15.482,C3:00:00:63:4D:08,-54,127,3.0,4.0,1.5
1783351455493,2026-07-06 17:24:15.493,C3:00:00:63:4D:09,-61,127,3.0,4.0,1.5
1783351455508,2026-07-06 17:24:15.508,C3:00:00:63:4D:0D,-58,127,3.0,4.0,1.5
1783351455523,2026-07-06 17:24:15.523,C3:00:00:63:4D:08,-61,127,3.0,4.0,1.5
1783351455542,2026-07-06 17:24:15.542,C3:00:00:63:4C:D2,-56,127,3.0,4.0,1.5
1783351455546,2026-07-06 17:24:15.546,C3:00:00:63:4D:0A,-69,127,3.0,4.0,1.5
1783351455582,2026-07-06 17:24:15.582,C3:00:00:63:4D:07,-64,127,3.0,4.0,1.5
1783351455586,2026-07-06 17:24:15.586,C3:00:00:63:4D:04,-58,127,3.0,4.0,1.5
1783351455609,2026-07-06 17:24:15.609,C3:00:00:63:4D:09,-58,127,3.0,4.0,1.5
1783351455616,2026-07-06 17:24:15.616,C3:00:00:63:4D:0D,-54,127,3.0,4.0,1.5
1783351455635,2026-07-06 17:24:15.635,C3:00:00:63:4D:05,-60,127,3.0,4.0,1.5
1783351455639,2026-07-06 17:24:15.639,C3:00:00:63:4D:08,-51,127,3.0,4.0,1.5
1783351455644,2026-07-06 17:24:15.644,C3:00:00:63:4D:0A,-67,127,3.0,4.0,1.5
1783351455648,2026-07-06 17:24:15.648,C3:00:00:63:4C:D2,-57,127,3.0,4.0,1.5
1783351455657,2026-07-06 17:24:15.657,C3:00:00:63:4D:05,-59,127,3.0,4.0,1.5
1783351455680,2026-07-06 17:24:15.680,C3:00:00:63:4D:07,-66,127,3.0,4.0,1.5
1783351455732,2026-07-06 17:24:15.732,C3:00:00:63:4D:05,-65,127,3.0,4.0,1.5
1783351455757,2026-07-06 17:24:15.757,C3:00:00:63:4D:0A,-64,127,3.0,4.0,1.5
1783351455762,2026-07-06 17:24:15.762,C3:00:00:63:4D:08,-54,127,3.0,4.0,1.5
1783351455766,2026-07-06 17:24:15.766,C3:00:00:63:4C:D2,-69,127,3.0,4.0,1.5
1783351455771,2026-07-06 17:24:15.771,C3:00:00:63:4D:04,-56,127,3.0,4.0,1.5
1783351455776,2026-07-06 17:24:15.776,C3:00:00:63:4D:07,-60,127,3.0,4.0,1.5
1783351455788,2026-07-06 17:24:15.788,C3:00:00:63:4D:04,-55,127,3.0,4.0,1.5
1783351455831,2026-07-06 17:24:15.831,C3:00:00:63:4D:0D,-49,127,3.0,4.0,1.5
1783351455836,2026-07-06 17:24:15.836,C3:00:00:63:4D:05,-59,127,3.0,4.0,1.5
1783351455843,2026-07-06 17:24:15.843,C3:00:00:63:4D:09,-54,127,3.0,4.0,1.5
1783351455849,2026-07-06 17:24:15.849,C3:00:00:63:4D:0A,-57,127,3.0,4.0,1.5
1783351455879,2026-07-06 17:24:15.879,C3:00:00:63:4D:07,-65,127,3.0,4.0,1.5
1783351455892,2026-07-06 17:24:15.892,C3:00:00:63:4D:04,-59,127,3.0,4.0,1.5
1783351455911,2026-07-06 17:24:15.911,C3:00:00:63:4D:09,-54,127,3.0,4.0,1.5
1783351455929,2026-07-06 17:24:15.929,C3:00:00:63:4D:05,-60,127,3.0,4.0,1.5
1783351455942,2026-07-06 17:24:15.942,C3:00:00:63:4D:0D,-55,127,3.0,4.0,1.5
1783351455947,2026-07-06 17:24:15.947,C3:00:00:63:4D:04,-61,127,3.0,4.0,1.5
1783351455958,2026-07-06 17:24:15.958,C3:00:00:63:4D:09,-58,127,3.0,4.0,1.5
1783351455967,2026-07-06 17:24:15.967,C3:00:00:63:4D:0A,-63,127,3.0,4.0,1.5
1783351455972,2026-07-06 17:24:15.972,C3:00:00:63:4C:D2,-58,127,3.0,4.0,1.5
1783351455982,2026-07-06 17:24:15.982,C3:00:00:63:4D:08,-51,127,3.0,4.0,1.5
1783351455996,2026-07-06 17:24:15.996,C3:00:00:63:4D:04,-63,127,3.0,4.0,1.5
1783351456037,2026-07-06 17:24:16.037,C3:00:00:63:4D:05,-68,127,3.0,4.0,1.5
1783351456055,2026-07-06 17:24:16.055,C3:00:00:63:4D:0D,-56,127,3.0,4.0,1.5
1783351456061,2026-07-06 17:24:16.061,C3:00:00:63:4D:0A,-60,127,3.0,4.0,1.5
1783351456069,2026-07-06 17:24:16.069,C3:00:00:63:4D:09,-62,127,3.0,4.0,1.5
1783351456093,2026-07-06 17:24:16.093,C3:00:00:63:4D:08,-54,127,3.0,4.0,1.5
1783351456097,2026-07-06 17:24:16.097,C3:00:00:63:4D:04,-56,127,3.0,4.0,1.5
1783351456141,2026-07-06 17:24:16.141,C3:00:00:63:4D:05,-59,127,3.0,4.0,1.5
1783351456164,2026-07-06 17:24:16.164,C3:00:00:63:4D:0D,-51,127,3.0,4.0,1.5
1783351456172,2026-07-06 17:24:16.172,C3:00:00:63:4D:0A,-62,127,3.0,4.0,1.5
1783351456176,2026-07-06 17:24:16.176,C3:00:00:63:4D:07,-61,127,3.0,4.0,1.5
1783351456196,2026-07-06 17:24:16.196,C3:00:00:63:4D:04,-57,127,3.0,4.0,1.5
1783351456211,2026-07-06 17:24:16.211,C3:00:00:63:4D:08,-58,127,3.0,4.0,1.5
1783351456215,2026-07-06 17:24:16.215,C3:00:00:63:4D:07,-85,127,3.0,4.0,1.5
1783351456284,2026-07-06 17:24:16.284,C3:00:00:63:4C:D2,-60,127,3.0,4.0,1.5
1783351456303,2026-07-06 17:24:16.303,C3:00:00:63:4D:09,-55,127,3.0,4.0,1.5
1783351456309,2026-07-06 17:24:16.309,C3:00:00:63:4D:04,-61,127,3.0,4.0,1.5
1783351456318,2026-07-06 17:24:16.318,C3:00:00:63:4D:08,-53,127,3.0,4.0,1.5
1783351456340,2026-07-06 17:24:16.340,C3:00:00:63:4D:08,-52,127,3.0,4.0,1.5
1783351456371,2026-07-06 17:24:16.371,C3:00:00:63:4D:0D,-54,127,3.0,4.0,1.5
1783351456385,2026-07-06 17:24:16.385,C3:00:00:63:4D:0A,-58,127,3.0,4.0,1.5
1783351456398,2026-07-06 17:24:16.398,C3:00:00:63:4C:D2,-66,127,3.0,4.0,1.5
1783351456411,2026-07-06 17:24:16.411,C3:00:00:63:4D:04,-58,127,3.0,4.0,1.5
1783351456414,2026-07-06 17:24:16.414,C3:00:00:63:4D:09,-55,127,3.0,4.0,1.5
1783351456438,2026-07-06 17:24:16.438,C3:00:00:63:4D:05,-54,127,3.0,4.0,1.5
1783351456449,2026-07-06 17:24:16.449,C3:00:00:63:4D:08,-56,127,3.0,4.0,1.5
1783351456476,2026-07-06 17:24:16.476,C3:00:00:63:4D:0D,-52,127,3.0,4.0,1.5
1783351456484,2026-07-06 17:24:16.484,C3:00:00:63:4D:07,-70,127,3.0,4.0,1.5
1783351456488,2026-07-06 17:24:16.488,C3:00:00:63:4D:0A,-66,127,3.0,4.0,1.5
1783351456492,2026-07-06 17:24:16.492,C3:00:00:63:4D:0D,-52,127,3.0,4.0,1.5
1783351456494,2026-07-06 17:24:16.494,C3:00:00:63:4C:D2,-56,127,3.0,4.0,1.5
1783351456505,2026-07-06 17:24:16.505,C3:00:00:63:4D:04,-56,127,3.0,4.0,1.5
1783351456520,2026-07-06 17:24:16.520,C3:00:00:63:4D:09,-56,127,3.0,4.0,1.5
1783351456538,2026-07-06 17:24:16.538,C3:00:00:63:4D:09,-57,127,3.0,4.0,1.5
1783351456550,2026-07-06 17:24:16.550,C3:00:00:63:4D:05,-61,127,3.0,4.0,1.5
1783351456553,2026-07-06 17:24:16.553,C3:00:00:63:4D:08,-52,127,3.0,4.0,1.5
1783351456581,2026-07-06 17:24:16.581,C3:00:00:63:4D:0D,-59,127,3.0,4.0,1.5
1783351456589,2026-07-06 17:24:16.589,C3:00:00:63:4D:0A,-56,127,3.0,4.0,1.5
1783351456602,2026-07-06 17:24:16.602,C3:00:00:63:4C:D2,-56,127,3.0,4.0,1.5
1783351456615,2026-07-06 17:24:16.615,C3:00:00:63:4D:04,-58,127,3.0,4.0,1.5
1783351456634,2026-07-06 17:24:16.634,C3:00:00:63:4D:05,-67,127,3.0,4.0,1.5
1783351456639,2026-07-06 17:24:16.639,C3:00:00:63:4D:09,-60,127,3.0,4.0,1.5
1783351456642,2026-07-06 17:24:16.642,C3:00:00:63:4D:04,-60,127,3.0,4.0,1.5
1783351456670,2026-07-06 17:24:16.670,C3:00:00:63:4D:04,-69,127,3.0,4.0,1.5
1783351456675,2026-07-06 17:24:16.675,C3:00:00:63:4D:08,-52,127,3.0,4.0,1.5
1783351456682,2026-07-06 17:24:16.682,C3:00:00:63:4D:07,-68,127,3.0,4.0,1.5
1783351456709,2026-07-06 17:24:16.709,C3:00:00:63:4C:D2,-62,127,3.0,4.0,1.5
1783351456713,2026-07-06 17:24:16.713,C3:00:00:63:4D:04,-54,127,3.0,4.0,1.5
1783351456724,2026-07-06 17:24:16.724,C3:00:00:63:4D:0A,-72,127,3.0,4.0,1.5
1783351456746,2026-07-06 17:24:16.746,C3:00:00:63:4D:05,-55,127,3.0,4.0,1.5
1783351456778,2026-07-06 17:24:16.778,C3:00:00:63:4D:07,-63,127,3.0,4.0,1.5
1783351456786,2026-07-06 17:24:16.786,C3:00:00:63:4D:08,-56,127,3.0,4.0,1.5
1783351456803,2026-07-06 17:24:16.803,C3:00:00:63:4C:D2,-56,127,3.0,4.0,1.5
1783351456806,2026-07-06 17:24:16.806,C3:00:00:63:4D:0A,-67,127,3.0,4.0,1.5
1783351456807,2026-07-06 17:24:16.807,C3:00:00:63:4D:0D,-52,127,3.0,4.0,1.5
1783351456816,2026-07-06 17:24:16.816,C3:00:00:63:4D:04,-61,127,3.0,4.0,1.5
1783351456820,2026-07-06 17:24:16.820,C3:00:00:63:4C:D2,-52,127,3.0,4.0,1.5
1783351456824,2026-07-06 17:24:16.824,C3:00:00:63:4D:0D,-57,127,3.0,4.0,1.5
1783351456843,2026-07-06 17:24:16.843,C3:00:00:63:4D:05,-54,127,3.0,4.0,1.5
1783351456864,2026-07-06 17:24:16.864,C3:00:00:63:4D:09,-57,127,3.0,4.0,1.5
1783351456874,2026-07-06 17:24:16.874,C3:00:00:63:4D:07,-58,127,3.0,4.0,1.5
1783351456911,2026-07-06 17:24:16.911,C3:00:00:63:4D:0D,-54,127,3.0,4.0,1.5
1783351456944,2026-07-06 17:24:16.944,C3:00:00:63:4D:05,-65,127,3.0,4.0,1.5
1783351456975,2026-07-06 17:24:16.975,C3:00:00:63:4D:07,-64,127,3.0,4.0,1.5
1783351457002,2026-07-06 17:24:17.002,C3:00:00:63:4D:07,-64,127,3.0,4.0,1.5
1783351457018,2026-07-06 17:24:17.018,C3:00:00:63:4D:08,-56,127,3.0,4.0,1.5
1783351457025,2026-07-06 17:24:17.025,C3:00:00:63:4D:04,-54,127,3.0,4.0,1.5
1783351457031,2026-07-06 17:24:17.031,C3:00:00:63:4C:D2,-55,127,3.0,4.0,1.5
1783351457080,2026-07-06 17:24:17.080,C3:00:00:63:4D:07,-62,127,3.0,4.0,1.5
1783351457095,2026-07-06 17:24:17.095,C3:00:00:63:4D:09,-55,127,3.0,4.0,1.5
1783351457122,2026-07-06 17:24:17.122,C3:00:00:63:4D:04,-58,127,3.0,4.0,1.5
1783351457124,2026-07-06 17:24:17.124,C3:00:00:63:4D:0D,-54,127,3.0,4.0,1.5
1783351457126,2026-07-06 17:24:17.126,C3:00:00:63:4D:08,-50,127,3.0,4.0,1.5
1783351457132,2026-07-06 17:24:17.132,C3:00:00:63:4D:0A,-56,127,3.0,4.0,1.5
1783351457133,2026-07-06 17:24:17.133,C3:00:00:63:4C:D2,-58,127,3.0,4.0,1.5
1783351457146,2026-07-06 17:24:17.146,C3:00:00:63:4D:05,-61,127,3.0,4.0,1.5
1783351457182,2026-07-06 17:24:17.182,C3:00:00:63:4D:07,-60,127,3.0,4.0,1.5
1783351457209,2026-07-06 17:24:17.209,C3:00:00:63:4D:09,-56,127,3.0,4.0,1.5
1783351457218,2026-07-06 17:24:17.218,C3:00:00:63:4D:0A,-56,127,3.0,4.0,1.5
1783351457228,2026-07-06 17:24:17.228,C3:00:00:63:4D:07,-72,127,3.0,4.0,1.5
1783351457234,2026-07-06 17:24:17.234,C3:00:00:63:4D:04,-54,127,3.0,4.0,1.5
1783351457237,2026-07-06 17:24:17.237,C3:00:00:63:4C:D2,-64,127,3.0,4.0,1.5
1783351457238,2026-07-06 17:24:17.238,C3:00:00:63:4D:0D,-54,127,3.0,4.0,1.5
1783351457243,2026-07-06 17:24:17.243,C3:00:00:63:4D:08,-56,127,3.0,4.0,1.5
1783351457247,2026-07-06 17:24:17.247,C3:00:00:63:4D:05,-62,127,3.0,4.0,1.5
1783351457276,2026-07-06 17:24:17.276,C3:00:00:63:4D:07,-70,127,3.0,4.0,1.5
1783351457319,2026-07-06 17:24:17.319,C3:00:00:63:4D:09,-54,127,3.0,4.0,1.5
1783351457336,2026-07-06 17:24:17.336,C3:00:00:63:4D:0A,-59,127,3.0,4.0,1.5
1783351457341,2026-07-06 17:24:17.341,C3:00:00:63:4D:04,-55,127,3.0,4.0,1.5
1783351457347,2026-07-06 17:24:17.347,C3:00:00:63:4D:05,-73,127,3.0,4.0,1.5
1783351457366,2026-07-06 17:24:17.366,C3:00:00:63:4D:08,-56,127,3.0,4.0,1.5
1783351457371,2026-07-06 17:24:17.371,C3:00:00:63:4D:07,-60,127,3.0,4.0,1.5
1783351457389,2026-07-06 17:24:17.389,C3:00:00:63:4D:08,-55,127,3.0,4.0,1.5
1783351457429,2026-07-06 17:24:17.429,C3:00:00:63:4D:0A,-57,127,3.0,4.0,1.5
1783351457433,2026-07-06 17:24:17.433,C3:00:00:63:4D:09,-57,127,3.0,4.0,1.5
1783351457476,2026-07-06 17:24:17.476,C3:00:00:63:4D:08,-51,127,3.0,4.0,1.5
1783351457481,2026-07-06 17:24:17.481,C3:00:00:63:4D:07,-69,127,3.0,4.0,1.5
1783351457504,2026-07-06 17:24:17.504,C3:00:00:63:4D:05,-72,127,3.0,4.0,1.5
1783351457548,2026-07-06 17:24:17.548,C3:00:00:63:4D:09,-65,127,3.0,4.0,1.5
1783351457553,2026-07-06 17:24:17.553,C3:00:00:63:4D:05,-60,127,3.0,4.0,1.5
1783351457557,2026-07-06 17:24:17.557,C3:00:00:63:4D:0D,-55,127,3.0,4.0,1.5
1783351457562,2026-07-06 17:24:17.562,C3:00:00:63:4C:D2,-71,127,3.0,4.0,1.5
1783351457573,2026-07-06 17:24:17.573,C3:00:00:63:4D:07,-70,127,3.0,4.0,1.5
1783351457587,2026-07-06 17:24:17.587,C3:00:00:63:4D:08,-55,127,3.0,4.0,1.5
1783351457597,2026-07-06 17:24:17.597,C3:00:00:63:4D:07,-75,127,3.0,4.0,1.5
1783351457646,2026-07-06 17:24:17.646,C3:00:00:63:4D:0A,-67,127,3.0,4.0,1.5
1783351457649,2026-07-06 17:24:17.649,C3:00:00:63:4D:04,-54,127,3.0,4.0,1.5
1783351457654,2026-07-06 17:24:17.654,C3:00:00:63:4D:05,-57,127,3.0,4.0,1.5
1783351457667,2026-07-06 17:24:17.667,C3:00:00:63:4C:D2,-60,127,3.0,4.0,1.5
1783351457670,2026-07-06 17:24:17.670,C3:00:00:63:4D:0D,-49,127,3.0,4.0,1.5
1783351457673,2026-07-06 17:24:17.673,C3:00:00:63:4D:05,-58,127,3.0,4.0,1.5
1783351457677,2026-07-06 17:24:17.677,C3:00:00:63:4D:07,-63,127,3.0,4.0,1.5
1783351457701,2026-07-06 17:24:17.701,C3:00:00:63:4D:08,-63,127,3.0,4.0,1.5
1783351457750,2026-07-06 17:24:17.750,C3:00:00:63:4D:04,-63,127,3.0,4.0,1.5
1783351457755,2026-07-06 17:24:17.755,C3:00:00:63:4D:0A,-55,127,3.0,4.0,1.5
1783351457760,2026-07-06 17:24:17.760,C3:00:00:63:4D:05,-56,127,3.0,4.0,1.5
1783351457768,2026-07-06 17:24:17.768,C3:00:00:63:4C:D2,-64,127,3.0,4.0,1.5
1783351457785,2026-07-06 17:24:17.785,C3:00:00:63:4D:07,-60,127,3.0,4.0,1.5
1783351457814,2026-07-06 17:24:17.814,C3:00:00:63:4D:08,-57,127,3.0,4.0,1.5
1783351457853,2026-07-06 17:24:17.853,C3:00:00:63:4D:04,-55,127,3.0,4.0,1.5
1783351457858,2026-07-06 17:24:17.858,C3:00:00:63:4D:0A,-54,127,3.0,4.0,1.5
1783351457875,2026-07-06 17:24:17.875,C3:00:00:63:4D:07,-60,127,3.0,4.0,1.5
1783351457891,2026-07-06 17:24:17.891,C3:00:00:63:4D:09,-61,127,3.0,4.0,1.5
1783351457933,2026-07-06 17:24:17.933,C3:00:00:63:4D:08,-58,127,3.0,4.0,1.5
1783351457960,2026-07-06 17:24:17.960,C3:00:00:63:4D:05,-54,127,3.0,4.0,1.5
1783351457977,2026-07-06 17:24:17.977,C3:00:00:63:4D:07,-61,127,3.0,4.0,1.5
1783351457979,2026-07-06 17:24:17.979,C3:00:00:63:4D:04,-60,127,3.0,4.0,1.5
1783351457982,2026-07-06 17:24:17.982,C3:00:00:63:4C:D2,-60,127,3.0,4.0,1.5
1783351457992,2026-07-06 17:24:17.992,C3:00:00:63:4D:0D,-49,127,3.0,4.0,1.5
1783351458005,2026-07-06 17:24:18.005,C3:00:00:63:4D:09,-58,127,3.0,4.0,1.5
1783351458052,2026-07-06 17:24:18.052,C3:00:00:63:4D:08,-48,127,3.0,4.0,1.5
1783351458055,2026-07-06 17:24:18.055,C3:00:00:63:4D:04,-60,127,3.0,4.0,1.5
1783351458067,2026-07-06 17:24:18.067,C3:00:00:63:4D:0A,-72,127,3.0,4.0,1.5
1783351458074,2026-07-06 17:24:18.074,C3:00:00:63:4D:07,-65,127,3.0,4.0,1.5
1783351458091,2026-07-06 17:24:18.091,C3:00:00:63:4C:D2,-60,127,3.0,4.0,1.5
1783351458098,2026-07-06 17:24:18.098,C3:00:00:63:4D:0D,-54,127,3.0,4.0,1.5
1783351458113,2026-07-06 17:24:18.113,C3:00:00:63:4D:09,-62,127,3.0,4.0,1.5
1783351458153,2026-07-06 17:24:18.153,C3:00:00:63:4D:04,-54,127,3.0,4.0,1.5
1783351458172,2026-07-06 17:24:18.172,C3:00:00:63:4D:0A,-58,127,3.0,4.0,1.5
1783351458176,2026-07-06 17:24:18.176,C3:00:00:63:4D:07,-64,127,3.0,4.0,1.5
1783351458197,2026-07-06 17:24:18.197,C3:00:00:63:4C:D2,-66,127,3.0,4.0,1.5
1783351458203,2026-07-06 17:24:18.203,C3:00:00:63:4D:0D,-52,127,3.0,4.0,1.5
1783351458238,2026-07-06 17:24:18.238,C3:00:00:63:4D:09,-64,127,3.0,4.0,1.5
1783351458264,2026-07-06 17:24:18.264,C3:00:00:63:4D:05,-53,127,3.0,4.0,1.5
1783351458271,2026-07-06 17:24:18.271,C3:00:00:63:4D:0A,-63,127,3.0,4.0,1.5
1783351458275,2026-07-06 17:24:18.275,C3:00:00:63:4D:07,-62,127,3.0,4.0,1.5
1783351458285,2026-07-06 17:24:18.285,C3:00:00:63:4D:08,-54,127,3.0,4.0,1.5
1783351458290,2026-07-06 17:24:18.290,C3:00:00:63:4D:0A,-70,127,3.0,4.0,1.5
1783351458297,2026-07-06 17:24:18.297,C3:00:00:63:4C:D2,-59,127,3.0,4.0,1.5
1783351458312,2026-07-06 17:24:18.312,C3:00:00:63:4D:0D,-56,127,3.0,4.0,1.5
1783351458325,2026-07-06 17:24:18.325,C3:00:00:63:4D:05,-60,127,3.0,4.0,1.5
1783351458346,2026-07-06 17:24:18.346,C3:00:00:63:4D:09,-64,127,3.0,4.0,1.5
1783351458351,2026-07-06 17:24:18.351,C3:00:00:63:4D:08,-49,127,3.0,4.0,1.5
1783351458358,2026-07-06 17:24:18.358,C3:00:00:63:4D:05,-54,127,3.0,4.0,1.5
1783351458367,2026-07-06 17:24:18.367,C3:00:00:63:4D:04,-58,127,3.0,4.0,1.5
1783351458382,2026-07-06 17:24:18.382,C3:00:00:63:4D:07,-60,127,3.0,4.0,1.5
1783351458392,2026-07-06 17:24:18.392,C3:00:00:63:4D:08,-50,127,3.0,4.0,1.5
1783351458410,2026-07-06 17:24:18.410,C3:00:00:63:4C:D2,-59,127,3.0,4.0,1.5
1783351458461,2026-07-06 17:24:18.461,C3:00:00:63:4D:09,-74,127,3.0,4.0,1.5
1783351458466,2026-07-06 17:24:18.466,C3:00:00:63:4D:04,-58,127,3.0,4.0,1.5
1783351458474,2026-07-06 17:24:18.474,C3:00:00:63:4D:07,-66,127,3.0,4.0,1.5
1783351458482,2026-07-06 17:24:18.482,C3:00:00:63:4D:0A,-54,127,3.0,4.0,1.5
1783351458518,2026-07-06 17:24:18.518,C3:00:00:63:4D:09,-70,127,3.0,4.0,1.5
1783351458524,2026-07-06 17:24:18.524,C3:00:00:63:4D:0D,-50,127,3.0,4.0,1.5
1783351458571,2026-07-06 17:24:18.571,C3:00:00:63:4D:04,-59,127,3.0,4.0,1.5
1783351458575,2026-07-06 17:24:18.575,C3:00:00:63:4D:09,-68,127,3.0,4.0,1.5
1783351458580,2026-07-06 17:24:18.580,C3:00:00:63:4D:07,-59,127,3.0,4.0,1.5
1783351458584,2026-07-06 17:24:18.584,C3:00:00:63:4D:0A,-70,127,3.0,4.0,1.5
1783351458640,2026-07-06 17:24:18.640,C3:00:00:63:4D:0D,-56,127,3.0,4.0,1.5
1783351458645,2026-07-06 17:24:18.645,C3:00:00:63:4D:04,-62,127,3.0,4.0,1.5
1783351458689,2026-07-06 17:24:18.689,C3:00:00:63:4D:05,-59,127,3.0,4.0,1.5
1783351458693,2026-07-06 17:24:18.693,C3:00:00:63:4D:09,-58,127,3.0,4.0,1.5
1783351458698,2026-07-06 17:24:18.698,C3:00:00:63:4D:0A,-59,127,3.0,4.0,1.5
1783351458722,2026-07-06 17:24:18.722,C3:00:00:63:4C:D2,-73,127,3.0,4.0,1.5
1783351458724,2026-07-06 17:24:18.724,C3:00:00:63:4D:0A,-54,127,3.0,4.0,1.5
1783351458738,2026-07-06 17:24:18.738,C3:00:00:63:4D:0D,-51,127,3.0,4.0,1.5
1783351458768,2026-07-06 17:24:18.768,C3:00:00:63:4D:05,-58,127,3.0,4.0,1.5
1783351458770,2026-07-06 17:24:18.770,C3:00:00:63:4D:04,-62,127,3.0,4.0,1.5
1783351458780,2026-07-06 17:24:18.780,C3:00:00:63:4D:07,-58,127,3.0,4.0,1.5
1783351458789,2026-07-06 17:24:18.789,C3:00:00:63:4D:0A,-58,127,3.0,4.0,1.5
1783351458851,2026-07-06 17:24:18.851,C3:00:00:63:4D:0D,-52,127,3.0,4.0,1.5
1783351458855,2026-07-06 17:24:18.855,C3:00:00:63:4D:08,-51,127,3.0,4.0,1.5
1783351458858,2026-07-06 17:24:18.858,C3:00:00:63:4C:D2,-62,127,3.0,4.0,1.5
1783351458866,2026-07-06 17:24:18.866,C3:00:00:63:4D:05,-55,127,3.0,4.0,1.5
1783351458902,2026-07-06 17:24:18.902,C3:00:00:63:4D:0A,-71,127,3.0,4.0,1.5
1783351458927,2026-07-06 17:24:18.927,C3:00:00:63:4D:09,-60,127,3.0,4.0,1.5
1783351458937,2026-07-06 17:24:18.937,C3:00:00:63:4C:D2,-56,127,3.0,4.0,1.5
1783351458958,2026-07-06 17:24:18.958,C3:00:00:63:4D:0D,-54,127,3.0,4.0,1.5
1783351458960,2026-07-06 17:24:18.960,C3:00:00:63:4D:05,-58,127,3.0,4.0,1.5
1783351458973,2026-07-06 17:24:18.973,C3:00:00:63:4D:08,-59,127,3.0,4.0,1.5
1783351458979,2026-07-06 17:24:18.979,C3:00:00:63:4D:07,-65,127,3.0,4.0,1.5
1783351458981,2026-07-06 17:24:18.981,C3:00:00:63:4D:04,-62,127,3.0,4.0,1.5
1783351459022,2026-07-06 17:24:19.022,C3:00:00:63:4D:07,-63,127,3.0,4.0,1.5
1783351459031,2026-07-06 17:24:19.031,C3:00:00:63:4D:09,-70,127,3.0,4.0,1.5
1783351459039,2026-07-06 17:24:19.039,C3:00:00:63:4D:0A,-59,127,3.0,4.0,1.5
1783351459041,2026-07-06 17:24:19.041,C3:00:00:63:4C:D2,-67,127,3.0,4.0,1.5
1783351459059,2026-07-06 17:24:19.059,C3:00:00:63:4D:05,-64,127,3.0,4.0,1.5
1783351459070,2026-07-06 17:24:19.070,C3:00:00:63:4D:0D,-50,127,3.0,4.0,1.5
1783351459080,2026-07-06 17:24:19.080,C3:00:00:63:4D:04,-64,127,3.0,4.0,1.5
1783351459087,2026-07-06 17:24:19.087,C3:00:00:63:4D:08,-55,127,3.0,4.0,1.5
1783351459103,2026-07-06 17:24:19.103,C3:00:00:63:4D:0A,-54,127,3.0,4.0,1.5
1783351459136,2026-07-06 17:24:19.136,C3:00:00:63:4D:0A,-63,127,3.0,4.0,1.5
1783351459146,2026-07-06 17:24:19.146,C3:00:00:63:4D:09,-60,127,3.0,4.0,1.5
1783351459149,2026-07-06 17:24:19.149,C3:00:00:63:4C:D2,-55,127,3.0,4.0,1.5
1783351459169,2026-07-06 17:24:19.169,C3:00:00:63:4C:D2,-56,127,3.0,4.0,1.5
1783351459172,2026-07-06 17:24:19.172,C3:00:00:63:4D:0D,-52,127,3.0,4.0,1.5
1783351459190,2026-07-06 17:24:19.190,C3:00:00:63:4D:04,-64,127,3.0,4.0,1.5
1783351459198,2026-07-06 17:24:19.198,C3:00:00:63:4D:08,-55,127,3.0,4.0,1.5
1783351459219,2026-07-06 17:24:19.219,C3:00:00:63:4D:0A,-59,127,3.0,4.0,1.5
1783351459230,2026-07-06 17:24:19.230,C3:00:00:63:4D:09,-61,127,3.0,4.0,1.5
1783351459232,2026-07-06 17:24:19.232,C3:00:00:63:4D:07,-68,127,3.0,4.0,1.5
1783351459262,2026-07-06 17:24:19.262,C3:00:00:63:4C:D2,-60,127,3.0,4.0,1.5
1783351459267,2026-07-06 17:24:19.267,C3:00:00:63:4D:09,-60,127,3.0,4.0,1.5
1783351459272,2026-07-06 17:24:19.272,C3:00:00:63:4D:05,-55,127,3.0,4.0,1.5
1783351459284,2026-07-06 17:24:19.284,C3:00:00:63:4D:07,-65,127,3.0,4.0,1.5
1783351459289,2026-07-06 17:24:19.289,C3:00:00:63:4D:0D,-54,127,3.0,4.0,1.5
1783351459293,2026-07-06 17:24:19.293,C3:00:00:63:4D:04,-61,127,3.0,4.0,1.5
1783351459319,2026-07-06 17:24:19.319,C3:00:00:63:4D:08,-50,127,3.0,4.0,1.5
1783351459327,2026-07-06 17:24:19.327,C3:00:00:63:4D:0A,-55,127,3.0,4.0,1.5
1783351459357,2026-07-06 17:24:19.357,C3:00:00:63:4C:D2,-64,127,3.0,4.0,1.5
1783351459374,2026-07-06 17:24:19.374,C3:00:00:63:4D:05,-61,127,3.0,4.0,1.5
1783351459394,2026-07-06 17:24:19.394,C3:00:00:63:4D:04,-63,127,3.0,4.0,1.5
1783351459398,2026-07-06 17:24:19.398,C3:00:00:63:4D:0D,-51,127,3.0,4.0,1.5
1783351459415,2026-07-06 17:24:19.415,C3:00:00:63:4D:0D,-49,127,3.0,4.0,1.5
1783351459423,2026-07-06 17:24:19.423,C3:00:00:63:4D:0A,-61,127,3.0,4.0,1.5
1783351459433,2026-07-06 17:24:19.433,C3:00:00:63:4D:08,-56,127,3.0,4.0,1.5
1783351459443,2026-07-06 17:24:19.443,C3:00:00:63:4D:0D,-57,127,3.0,4.0,1.5
1783351459473,2026-07-06 17:24:19.473,C3:00:00:63:4D:05,-54,127,3.0,4.0,1.5
1783351459478,2026-07-06 17:24:19.478,C3:00:00:63:4D:07,-62,127,3.0,4.0,1.5
1783351459498,2026-07-06 17:24:19.498,C3:00:00:63:4D:04,-63,127,3.0,4.0,1.5
1783351459501,2026-07-06 17:24:19.501,C3:00:00:63:4D:0D,-49,127,3.0,4.0,1.5
1783351459536,2026-07-06 17:24:19.536,C3:00:00:63:4D:0A,-59,127,3.0,4.0,1.5
1783351459560,2026-07-06 17:24:19.560,C3:00:00:63:4D:08,-52,127,3.0,4.0,1.5
1783351459572,2026-07-06 17:24:19.572,C3:00:00:63:4C:D2,-54,127,3.0,4.0,1.5
1783351459606,2026-07-06 17:24:19.606,C3:00:00:63:4D:0D,-54,127,3.0,4.0,1.5
1783351459629,2026-07-06 17:24:19.629,C3:00:00:63:4D:0A,-56,127,3.0,4.0,1.5
1783351459633,2026-07-06 17:24:19.633,C3:00:00:63:4D:09,-73,127,3.0,4.0,1.5
1783351459659,2026-07-06 17:24:19.659,C3:00:00:63:4D:08,-53,127,3.0,4.0,1.5
1783351459675,2026-07-06 17:24:19.675,C3:00:00:63:4D:07,-66,127,3.0,4.0,1.5
1783351459700,2026-07-06 17:24:19.700,C3:00:00:63:4D:05,-62,127,3.0,4.0,1.5
1783351459702,2026-07-06 17:24:19.702,C3:00:00:63:4D:04,-56,127,3.0,4.0,1.5
1783351459713,2026-07-06 17:24:19.713,C3:00:00:63:4D:0D,-49,127,3.0,4.0,1.5
1783351459716,2026-07-06 17:24:19.716,C3:00:00:63:4D:09,-65,127,3.0,4.0,1.5
1783351459742,2026-07-06 17:24:19.742,C3:00:00:63:4D:0A,-81,127,3.0,4.0,1.5
1783351459771,2026-07-06 17:24:19.771,C3:00:00:63:4D:04,-59,127,3.0,4.0,1.5
1783351459775,2026-07-06 17:24:19.775,C3:00:00:63:4D:07,-63,127,3.0,4.0,1.5
1783351459779,2026-07-06 17:24:19.779,C3:00:00:63:4D:05,-60,127,3.0,4.0,1.5
1783351459784,2026-07-06 17:24:19.784,C3:00:00:63:4D:08,-57,127,3.0,4.0,1.5
1783351459787,2026-07-06 17:24:19.787,C3:00:00:63:4C:D2,-54,127,3.0,4.0,1.5
1783351459800,2026-07-06 17:24:19.800,C3:00:00:63:4D:04,-57,127,3.0,4.0,1.5
1783351459824,2026-07-06 17:24:19.824,C3:00:00:63:4D:0D,-53,127,3.0,4.0,1.5
1783351459826,2026-07-06 17:24:19.826,C3:00:00:63:4D:09,-58,127,3.0,4.0,1.5
1783351459845,2026-07-06 17:24:19.845,C3:00:00:63:4D:0A,-58,127,3.0,4.0,1.5
1783351459874,2026-07-06 17:24:19.874,C3:00:00:63:4D:05,-58,127,3.0,4.0,1.5
1783351459878,2026-07-06 17:24:19.878,C3:00:00:63:4D:07,-68,127,3.0,4.0,1.5
1783351459912,2026-07-06 17:24:19.912,C3:00:00:63:4D:04,-55,127,3.0,4.0,1.5
1783351459916,2026-07-06 17:24:19.916,C3:00:00:63:4D:09,-80,127,3.0,4.0,1.5
1783351459931,2026-07-06 17:24:19.931,C3:00:00:63:4D:0D,-52,127,3.0,4.0,1.5
1783351459952,2026-07-06 17:24:19.952,C3:00:00:63:4D:0A,-54,127,3.0,4.0,1.5
1783351459961,2026-07-06 17:24:19.961,C3:00:00:63:4D:04,-54,127,3.0,4.0,1.5
1783351459973,2026-07-06 17:24:19.973,C3:00:00:63:4D:07,-60,127,3.0,4.0,1.5
1783351459978,2026-07-06 17:24:19.978,C3:00:00:63:4D:05,-65,127,3.0,4.0,1.5
1783351459993,2026-07-06 17:24:19.993,C3:00:00:63:4C:D2,-71,127,3.0,4.0,1.5
1783351460004,2026-07-06 17:24:20.004,C3:00:00:63:4D:08,-55,127,3.0,4.0,1.5
1783351460013,2026-07-06 17:24:20.013,C3:00:00:63:4D:04,-55,127,3.0,4.0,1.5
1783351460043,2026-07-06 17:24:20.043,C3:00:00:63:4D:0D,-53,127,3.0,4.0,1.5
1783351460077,2026-07-06 17:24:20.077,C3:00:00:63:4D:05,-56,127,3.0,4.0,1.5
1783351460104,2026-07-06 17:24:20.104,C3:00:00:63:4C:D2,-59,127,3.0,4.0,1.5
1783351460122,2026-07-06 17:24:20.122,C3:00:00:63:4D:04,-60,127,3.0,4.0,1.5
1783351460126,2026-07-06 17:24:20.126,C3:00:00:63:4D:08,-54,127,3.0,4.0,1.5
1783351460154,2026-07-06 17:24:20.154,C3:00:00:63:4D:0D,-54,127,3.0,4.0,1.5
1783351460159,2026-07-06 17:24:20.159,C3:00:00:63:4D:0A,-63,127,3.0,4.0,1.5
1783351460178,2026-07-06 17:24:20.178,C3:00:00:63:4D:05,-56,127,3.0,4.0,1.5
1783351460221,2026-07-06 17:24:20.221,C3:00:00:63:4D:04,-54,127,3.0,4.0,1.5
1783351460226,2026-07-06 17:24:20.226,C3:00:00:63:4D:07,-60,127,3.0,4.0,1.5
1783351460240,2026-07-06 17:24:20.240,C3:00:00:63:4D:08,-57,127,3.0,4.0,1.5
1783351460255,2026-07-06 17:24:20.255,C3:00:00:63:4D:0D,-54,127,3.0,4.0,1.5
1783351460273,2026-07-06 17:24:20.273,C3:00:00:63:4D:0A,-56,127,3.0,4.0,1.5
1783351460277,2026-07-06 17:24:20.277,C3:00:00:63:4D:07,-64,127,3.0,4.0,1.5
1783351460282,2026-07-06 17:24:20.282,C3:00:00:63:4D:05,-62,127,3.0,4.0,1.5
1783351460284,2026-07-06 17:24:20.284,C3:00:00:63:4D:09,-61,127,3.0,4.0,1.5
1783351460312,2026-07-06 17:24:20.312,C3:00:00:63:4C:D2,-56,127,3.0,4.0,1.5
1783351460330,2026-07-06 17:24:20.330,C3:00:00:63:4D:04,-54,127,3.0,4.0,1.5
1783351460354,2026-07-06 17:24:20.354,C3:00:00:63:4D:08,-56,127,3.0,4.0,1.5
1783351460364,2026-07-06 17:24:20.364,C3:00:00:63:4D:0D,-50,127,3.0,4.0,1.5
1783351460374,2026-07-06 17:24:20.374,C3:00:00:63:4D:0A,-63,127,3.0,4.0,1.5
1783351460378,2026-07-06 17:24:20.378,C3:00:00:63:4D:08,-55,127,3.0,4.0,1.5
1783351460383,2026-07-06 17:24:20.383,C3:00:00:63:4D:05,-54,127,3.0,4.0,1.5
1783351460402,2026-07-06 17:24:20.402,C3:00:00:63:4D:09,-54,127,3.0,4.0,1.5
1783351460423,2026-07-06 17:24:20.423,C3:00:00:63:4C:D2,-60,127,3.0,4.0,1.5
1783351460428,2026-07-06 17:24:20.428,C3:00:00:63:4D:04,-62,127,3.0,4.0,1.5
1783351460469,2026-07-06 17:24:20.469,C3:00:00:63:4D:08,-50,127,3.0,4.0,1.5
1783351460478,2026-07-06 17:24:20.478,C3:00:00:63:4D:0D,-58,127,3.0,4.0,1.5
1783351460483,2026-07-06 17:24:20.483,C3:00:00:63:4D:05,-62,127,3.0,4.0,1.5
1783351460501,2026-07-06 17:24:20.501,C3:00:00:63:4D:0D,-59,127,3.0,4.0,1.5
1783351460512,2026-07-06 17:24:20.512,C3:00:00:63:4D:09,-60,127,3.0,4.0,1.5
1783351460521,2026-07-06 17:24:20.521,C3:00:00:63:4D:04,-58,127,3.0,4.0,1.5
1783351460528,2026-07-06 17:24:20.528,C3:00:00:63:4C:D2,-65,127,3.0,4.0,1.5
1783351460530,2026-07-06 17:24:20.530,C3:00:00:63:4D:09,-60,127,3.0,4.0,1.5
1783351460580,2026-07-06 17:24:20.580,C3:00:00:63:4D:08,-54,127,3.0,4.0,1.5
1783351460582,2026-07-06 17:24:20.582,C3:00:00:63:4D:05,-65,127,3.0,4.0,1.5
1783351460631,2026-07-06 17:24:20.631,C3:00:00:63:4D:09,-55,127,3.0,4.0,1.5
1783351460635,2026-07-06 17:24:20.635,C3:00:00:63:4C:D2,-57,127,3.0,4.0,1.5
1783351460644,2026-07-06 17:24:20.644,C3:00:00:63:4D:04,-52,127,3.0,4.0,1.5
1783351460663,2026-07-06 17:24:20.663,C3:00:00:63:4D:04,-60,127,3.0,4.0,1.5
1783351460682,2026-07-06 17:24:20.682,C3:00:00:63:4D:0A,-62,127,3.0,4.0,1.5
1783351460686,2026-07-06 17:24:20.686,C3:00:00:63:4D:0D,-50,127,3.0,4.0,1.5
1783351460695,2026-07-06 17:24:20.695,C3:00:00:63:4D:08,-59,127,3.0,4.0,1.5
1783351460701,2026-07-06 17:24:20.701,C3:00:00:63:4D:05,-77,127,3.0,4.0,1.5
1783351460725,2026-07-06 17:24:20.725,C3:00:00:63:4D:0A,-67,127,3.0,4.0,1.5
1783351460735,2026-07-06 17:24:20.735,C3:00:00:63:4D:04,-65,127,3.0,4.0,1.5
1783351460739,2026-07-06 17:24:20.739,C3:00:00:63:4D:09,-60,127,3.0,4.0,1.5
1783351460745,2026-07-06 17:24:20.745,C3:00:00:63:4C:D2,-54,127,3.0,4.0,1.5
1783351460782,2026-07-06 17:24:20.782,C3:00:00:63:4D:07,-59,127,3.0,4.0,1.5
1783351460785,2026-07-06 17:24:20.785,C3:00:00:63:4D:05,-62,127,3.0,4.0,1.5
1783351460789,2026-07-06 17:24:20.789,C3:00:00:63:4D:0A,-69,127,3.0,4.0,1.5
1783351460798,2026-07-06 17:24:20.798,C3:00:00:63:4D:0D,-58,127,3.0,4.0,1.5
1783351460811,2026-07-06 17:24:20.811,C3:00:00:63:4C:D2,-70,127,3.0,4.0,1.5
1783351460820,2026-07-06 17:24:20.820,C3:00:00:63:4D:0D,-52,127,3.0,4.0,1.5
1783351460834,2026-07-06 17:24:20.834,C3:00:00:63:4D:04,-64,127,3.0,4.0,1.5
1783351460837,2026-07-06 17:24:20.837,C3:00:00:63:4C:D2,-69,127,3.0,4.0,1.5
1783351460861,2026-07-06 17:24:20.861,C3:00:00:63:4D:09,-60,127,3.0,4.0,1.5
1783351460872,2026-07-06 17:24:20.872,C3:00:00:63:4D:07,-67,127,3.0,4.0,1.5
1783351460886,2026-07-06 17:24:20.886,C3:00:00:63:4D:05,-58,127,3.0,4.0,1.5
1783351460905,2026-07-06 17:24:20.905,C3:00:00:63:4D:0D,-51,127,3.0,4.0,1.5
1783351460941,2026-07-06 17:24:20.941,C3:00:00:63:4D:04,-57,127,3.0,4.0,1.5
1783351460947,2026-07-06 17:24:20.947,C3:00:00:63:4C:D2,-55,127,3.0,4.0,1.5
1783351460970,2026-07-06 17:24:20.970,C3:00:00:63:4D:09,-54,127,3.0,4.0,1.5
1783351460981,2026-07-06 17:24:20.981,C3:00:00:63:4D:07,-61,127,3.0,4.0,1.5
1783351460992,2026-07-06 17:24:20.992,C3:00:00:63:4D:05,-64,127,3.0,4.0,1.5
1783351461002,2026-07-06 17:24:21.002,C3:00:00:63:4D:0A,-65,127,3.0,4.0,1.5
1783351461014,2026-07-06 17:24:21.014,C3:00:00:63:4D:0D,-58,127,3.0,4.0,1.5
1783351461041,2026-07-06 17:24:21.041,C3:00:00:63:4D:07,-58,127,3.0,4.0,1.5
1783351461044,2026-07-06 17:24:21.044,C3:00:00:63:4D:04,-61,127,3.0,4.0,1.5
1783351461049,2026-07-06 17:24:21.049,C3:00:00:63:4D:08,-54,127,3.0,4.0,1.5
1783351461054,2026-07-06 17:24:21.054,C3:00:00:63:4C:D2,-58,127,3.0,4.0,1.5
1783351461074,2026-07-06 17:24:21.074,C3:00:00:63:4D:07,-59,127,3.0,4.0,1.5
1783351461085,2026-07-06 17:24:21.085,C3:00:00:63:4D:09,-59,127,3.0,4.0,1.5
1783351461088,2026-07-06 17:24:21.088,C3:00:00:63:4D:05,-63,127,3.0,4.0,1.5
1783351461108,2026-07-06 17:24:21.108,C3:00:00:63:4D:0A,-57,127,3.0,4.0,1.5
1783351461120,2026-07-06 17:24:21.120,C3:00:00:63:4D:0A,-61,127,3.0,4.0,1.5
1783351461152,2026-07-06 17:24:21.152,C3:00:00:63:4D:04,-73,127,3.0,4.0,1.5
1783351461158,2026-07-06 17:24:21.158,C3:00:00:63:4D:08,-56,127,3.0,4.0,1.5
1783351461162,2026-07-06 17:24:21.162,C3:00:00:63:4C:D2,-66,127,3.0,4.0,1.5
1783351461180,2026-07-06 17:24:21.180,C3:00:00:63:4D:07,-66,127,3.0,4.0,1.5
1783351461182,2026-07-06 17:24:21.182,C3:00:00:63:4D:05,-65,127,3.0,4.0,1.5
1783351461186,2026-07-06 17:24:21.186,C3:00:00:63:4C:D2,-65,127,3.0,4.0,1.5
1783351461193,2026-07-06 17:24:21.193,C3:00:00:63:4D:09,-66,127,3.0,4.0,1.5
1783351461203,2026-07-06 17:24:21.203,C3:00:00:63:4D:0A,-60,127,3.0,4.0,1.5
1783351461228,2026-07-06 17:24:21.228,C3:00:00:63:4D:0D,-50,127,3.0,4.0,1.5
1783351461245,2026-07-06 17:24:21.245,C3:00:00:63:4D:07,-65,127,3.0,4.0,1.5
1783351461248,2026-07-06 17:24:21.248,C3:00:00:63:4D:09,-54,127,3.0,4.0,1.5
1783351461251,2026-07-06 17:24:21.251,C3:00:00:63:4D:04,-54,127,3.0,4.0,1.5
1783351461265,2026-07-06 17:24:21.265,C3:00:00:63:4C:D2,-60,127,3.0,4.0,1.5
1783351461271,2026-07-06 17:24:21.271,C3:00:00:63:4D:08,-61,127,3.0,4.0,1.5
1783351461274,2026-07-06 17:24:21.274,C3:00:00:63:4D:07,-67,127,3.0,4.0,1.5
1783351461288,2026-07-06 17:24:21.288,C3:00:00:63:4D:05,-54,127,3.0,4.0,1.5
1783351461316,2026-07-06 17:24:21.316,C3:00:00:63:4D:09,-54,127,3.0,4.0,1.5
1783351461318,2026-07-06 17:24:21.318,C3:00:00:63:4D:0A,-56,127,3.0,4.0,1.5
1783351461339,2026-07-06 17:24:21.339,C3:00:00:63:4D:0D,-56,127,3.0,4.0,1.5
1783351461354,2026-07-06 17:24:21.354,C3:00:00:63:4D:04,-64,127,3.0,4.0,1.5
1783351461386,2026-07-06 17:24:21.386,C3:00:00:63:4D:08,-51,127,3.0,4.0,1.5
1783351461390,2026-07-06 17:24:21.390,C3:00:00:63:4D:05,-55,127,3.0,4.0,1.5
1783351461409,2026-07-06 17:24:21.409,C3:00:00:63:4D:08,-50,127,3.0,4.0,1.5
1783351461419,2026-07-06 17:24:21.419,C3:00:00:63:4D:0A,-56,127,3.0,4.0,1.5
1783351461430,2026-07-06 17:24:21.430,C3:00:00:63:4D:09,-60,127,3.0,4.0,1.5
1783351461445,2026-07-06 17:24:21.445,C3:00:00:63:4D:0D,-56,127,3.0,4.0,1.5
1783351461449,2026-07-06 17:24:21.449,C3:00:00:63:4D:04,-57,127,3.0,4.0,1.5
1783351461473,2026-07-06 17:24:21.473,C3:00:00:63:4D:07,-72,127,3.0,4.0,1.5
1783351461476,2026-07-06 17:24:21.476,C3:00:00:63:4D:08,-52,127,3.0,4.0,1.5
1783351461481,2026-07-06 17:24:21.481,C3:00:00:63:4C:D2,-69,127,3.0,4.0,1.5
1783351461493,2026-07-06 17:24:21.493,C3:00:00:63:4D:05,-72,127,3.0,4.0,1.5
1783351461496,2026-07-06 17:24:21.496,C3:00:00:63:4D:08,-52,127,3.0,4.0,1.5
1783351461505,2026-07-06 17:24:21.505,C3:00:00:63:4D:05,-82,127,3.0,4.0,1.5
1783351461524,2026-07-06 17:24:21.524,C3:00:00:63:4D:0A,-64,127,3.0,4.0,1.5
1783351461543,2026-07-06 17:24:21.543,C3:00:00:63:4D:09,-54,127,3.0,4.0,1.5
1783351461553,2026-07-06 17:24:21.553,C3:00:00:63:4D:0D,-52,127,3.0,4.0,1.5
1783351461559,2026-07-06 17:24:21.559,C3:00:00:63:4D:04,-54,127,3.0,4.0,1.5
1783351461571,2026-07-06 17:24:21.571,C3:00:00:63:4D:07,-63,127,3.0,4.0,1.5
1783351461585,2026-07-06 17:24:21.585,C3:00:00:63:4C:D2,-58,127,3.0,4.0,1.5
1783351461594,2026-07-06 17:24:21.594,C3:00:00:63:4D:05,-56,127,3.0,4.0,1.5
1783351461615,2026-07-06 17:24:21.615,C3:00:00:63:4D:08,-52,127,3.0,4.0,1.5
1783351461617,2026-07-06 17:24:21.617,C3:00:00:63:4D:07,-85,127,3.0,4.0,1.5
1783351461629,2026-07-06 17:24:21.629,C3:00:00:63:4D:0A,-58,127,3.0,4.0,1.5
1783351461652,2026-07-06 17:24:21.652,C3:00:00:63:4D:09,-58,127,3.0,4.0,1.5
1783351461681,2026-07-06 17:24:21.681,C3:00:00:63:4D:07,-71,127,3.0,4.0,1.5
1783351461696,2026-07-06 17:24:21.696,C3:00:00:63:4D:05,-54,127,3.0,4.0,1.5
1783351461701,2026-07-06 17:24:21.701,C3:00:00:63:4C:D2,-56,127,3.0,4.0,1.5
1783351461717,2026-07-06 17:24:21.717,C3:00:00:63:4D:05,-70,127,3.0,4.0,1.5
1783351461726,2026-07-06 17:24:21.726,C3:00:00:63:4D:0A,-61,127,3.0,4.0,1.5
1783351461729,2026-07-06 17:24:21.729,C3:00:00:63:4D:08,-54,127,3.0,4.0,1.5
1783351461762,2026-07-06 17:24:21.762,C3:00:00:63:4D:04,-58,127,3.0,4.0,1.5
1783351461766,2026-07-06 17:24:21.766,C3:00:00:63:4D:0D,-54,127,3.0,4.0,1.5
1783351461771,2026-07-06 17:24:21.771,C3:00:00:63:4D:09,-59,127,3.0,4.0,1.5
1783351461778,2026-07-06 17:24:21.778,C3:00:00:63:4D:07,-70,127,3.0,4.0,1.5
1783351461793,2026-07-06 17:24:21.793,C3:00:00:63:4D:05,-76,127,3.0,4.0,1.5
1783351461797,2026-07-06 17:24:21.797,C3:00:00:63:4C:D2,-68,127,3.0,4.0,1.5
1783351461843,2026-07-06 17:24:21.843,C3:00:00:63:4D:0A,-59,127,3.0,4.0,1.5
1783351461848,2026-07-06 17:24:21.848,C3:00:00:63:4D:08,-55,127,3.0,4.0,1.5
1783351461874,2026-07-06 17:24:21.874,C3:00:00:63:4D:0D,-50,127,3.0,4.0,1.5
1783351461879,2026-07-06 17:24:21.879,C3:00:00:63:4D:07,-61,127,3.0,4.0,1.5
1783351461884,2026-07-06 17:24:21.884,C3:00:00:63:4D:09,-54,127,3.0,4.0,1.5
1783351461894,2026-07-06 17:24:21.894,C3:00:00:63:4D:05,-59,127,3.0,4.0,1.5
1783351461903,2026-07-06 17:24:21.903,C3:00:00:63:4C:D2,-58,127,3.0,4.0,1.5
1783351461945,2026-07-06 17:24:21.945,C3:00:00:63:4D:0A,-65,127,3.0,4.0,1.5
1783351461961,2026-07-06 17:24:21.961,C3:00:00:63:4D:08,-52,127,3.0,4.0,1.5
1783351461968,2026-07-06 17:24:21.968,C3:00:00:63:4D:04,-64,127,3.0,4.0,1.5
1783351461979,2026-07-06 17:24:21.979,C3:00:00:63:4D:07,-70,127,3.0,4.0,1.5
1783351461990,2026-07-06 17:24:21.990,C3:00:00:63:4D:0D,-55,127,3.0,4.0,1.5
1783351461995,2026-07-06 17:24:21.995,C3:00:00:63:4D:04,-66,127,3.0,4.0,1.5
1783351462000,2026-07-06 17:24:22.000,C3:00:00:63:4D:09,-55,127,3.0,4.0,1.5
1783351462010,2026-07-06 17:24:22.010,C3:00:00:63:4C:D2,-67,127,3.0,4.0,1.5
1783351462054,2026-07-06 17:24:22.054,C3:00:00:63:4D:0A,-64,127,3.0,4.0,1.5
1783351462059,2026-07-06 17:24:22.059,C3:00:00:63:4C:D2,-65,127,3.0,4.0,1.5
1783351462068,2026-07-06 17:24:22.068,C3:00:00:63:4D:04,-57,127,3.0,4.0,1.5
1783351462076,2026-07-06 17:24:22.076,C3:00:00:63:4D:07,-65,127,3.0,4.0,1.5
1783351462083,2026-07-06 17:24:22.083,C3:00:00:63:4D:08,-55,127,3.0,4.0,1.5
1783351462093,2026-07-06 17:24:22.093,C3:00:00:63:4D:05,-70,127,3.0,4.0,1.5
1783351462095,2026-07-06 17:24:22.095,C3:00:00:63:4D:0D,-54,127,3.0,4.0,1.5
1783351462159,2026-07-06 17:24:22.159,C3:00:00:63:4D:0A,-61,127,3.0,4.0,1.5
1783351462181,2026-07-06 17:24:22.181,C3:00:00:63:4D:04,-56,127,3.0,4.0,1.5
1783351462186,2026-07-06 17:24:22.186,C3:00:00:63:4D:08,-55,127,3.0,4.0,1.5
1783351462221,2026-07-06 17:24:22.221,C3:00:00:63:4C:D2,-55,127,3.0,4.0,1.5
1783351462225,2026-07-06 17:24:22.225,C3:00:00:63:4D:09,-58,127,3.0,4.0,1.5
1783351462258,2026-07-06 17:24:22.258,C3:00:00:63:4D:0A,-68,127,3.0,4.0,1.5
1783351462276,2026-07-06 17:24:22.276,C3:00:00:63:4D:07,-67,127,3.0,4.0,1.5
1783351462282,2026-07-06 17:24:22.282,C3:00:00:63:4D:04,-61,127,3.0,4.0,1.5
1783351462295,2026-07-06 17:24:22.295,C3:00:00:63:4D:05,-60,127,3.0,4.0,1.5
1783351462303,2026-07-06 17:24:22.303,C3:00:00:63:4D:0A,-71,127,3.0,4.0,1.5
1783351462309,2026-07-06 17:24:22.309,C3:00:00:63:4D:08,-52,127,3.0,4.0,1.5
1783351462330,2026-07-06 17:24:22.330,C3:00:00:63:4D:05,-74,127,3.0,4.0,1.5
1783351462336,2026-07-06 17:24:22.336,C3:00:00:63:4D:09,-63,127,3.0,4.0,1.5
1783351462350,2026-07-06 17:24:22.350,C3:00:00:63:4D:08,-52,127,3.0,4.0,1.5
1783351462361,2026-07-06 17:24:22.361,C3:00:00:63:4D:0A,-59,127,3.0,4.0,1.5
1783351462371,2026-07-06 17:24:22.371,C3:00:00:63:4D:07,-61,127,3.0,4.0,1.5
1783351462377,2026-07-06 17:24:22.377,C3:00:00:63:4D:04,-56,127,3.0,4.0,1.5
1783351462397,2026-07-06 17:24:22.397,C3:00:00:63:4D:05,-76,127,3.0,4.0,1.5
1783351462427,2026-07-06 17:24:22.427,C3:00:00:63:4D:08,-58,127,3.0,4.0,1.5
1783351462437,2026-07-06 17:24:22.437,C3:00:00:63:4C:D2,-56,127,3.0,4.0,1.5
1783351462460,2026-07-06 17:24:22.460,C3:00:00:63:4D:09,-55,127,3.0,4.0,1.5
1783351462478,2026-07-06 17:24:22.478,C3:00:00:63:4D:07,-67,127,3.0,4.0,1.5
1783351462483,2026-07-06 17:24:22.483,C3:00:00:63:4D:04,-56,127,3.0,4.0,1.5
1783351462499,2026-07-06 17:24:22.499,C3:00:00:63:4D:05,-55,127,3.0,4.0,1.5
1783351462528,2026-07-06 17:24:22.528,C3:00:00:63:4D:09,-60,127,3.0,4.0,1.5
1783351462571,2026-07-06 17:24:22.571,C3:00:00:63:4D:09,-59,127,3.0,4.0,1.5
1783351462575,2026-07-06 17:24:22.575,C3:00:00:63:4D:0A,-74,127,3.0,4.0,1.5
1783351462596,2026-07-06 17:24:22.596,C3:00:00:63:4D:04,-62,127,3.0,4.0,1.5
1783351462602,2026-07-06 17:24:22.602,C3:00:00:63:4D:05,-55,127,3.0,4.0,1.5
1783351462630,2026-07-06 17:24:22.630,C3:00:00:63:4D:0D,-63,127,3.0,4.0,1.5
1783351462671,2026-07-06 17:24:22.671,C3:00:00:63:4D:07,-64,127,3.0,4.0,1.5
1783351462690,2026-07-06 17:24:22.690,C3:00:00:63:4D:04,-55,127,3.0,4.0,1.5
1783351462706,2026-07-06 17:24:22.706,C3:00:00:63:4D:05,-63,127,3.0,4.0,1.5
1783351462730,2026-07-06 17:24:22.730,C3:00:00:63:4D:05,-57,127,3.0,4.0,1.5
1783351462734,2026-07-06 17:24:22.734,C3:00:00:63:4D:0A,-85,127,3.0,4.0,1.5
1783351462754,2026-07-06 17:24:22.754,C3:00:00:63:4C:D2,-57,127,3.0,4.0,1.5
1783351462771,2026-07-06 17:24:22.771,C3:00:00:63:4D:08,-60,127,3.0,4.0,1.5
1783351462775,2026-07-06 17:24:22.775,C3:00:00:63:4D:07,-67,127,3.0,4.0,1.5
1783351462785,2026-07-06 17:24:22.785,C3:00:00:63:4D:0A,-82,127,3.0,4.0,1.5
1783351462790,2026-07-06 17:24:22.790,C3:00:00:63:4D:09,-54,127,3.0,4.0,1.5
1783351462793,2026-07-06 17:24:22.793,C3:00:00:63:4D:04,-57,127,3.0,4.0,1.5
1783351462799,2026-07-06 17:24:22.799,C3:00:00:63:4D:05,-56,127,3.0,4.0,1.5
1783351462822,2026-07-06 17:24:22.822,C3:00:00:63:4C:D2,-56,127,3.0,4.0,1.5
1783351462827,2026-07-06 17:24:22.827,C3:00:00:63:4D:0D,-55,127,3.0,4.0,1.5
1783351462862,2026-07-06 17:24:22.862,C3:00:00:63:4C:D2,-55,127,3.0,4.0,1.5
1783351462876,2026-07-06 17:24:22.876,C3:00:00:63:4D:07,-63,127,3.0,4.0,1.5
1783351462881,2026-07-06 17:24:22.881,C3:00:00:63:4C:D2,-62,127,3.0,4.0,1.5
1783351462886,2026-07-06 17:24:22.886,C3:00:00:63:4D:08,-51,127,3.0,4.0,1.5
1783351462896,2026-07-06 17:24:22.896,C3:00:00:63:4D:0A,-61,127,3.0,4.0,1.5
1783351462900,2026-07-06 17:24:22.900,C3:00:00:63:4D:04,-63,127,3.0,4.0,1.5
1783351462902,2026-07-06 17:24:22.902,C3:00:00:63:4D:05,-62,127,3.0,4.0,1.5
1783351462956,2026-07-06 17:24:22.956,C3:00:00:63:4D:0D,-55,127,3.0,4.0,1.5
1783351462961,2026-07-06 17:24:22.961,C3:00:00:63:4C:D2,-65,127,3.0,4.0,1.5
1783351462987,2026-07-06 17:24:22.987,C3:00:00:63:4D:07,-64,127,3.0,4.0,1.5
1783351462991,2026-07-06 17:24:22.991,C3:00:00:63:4D:0A,-56,127,3.0,4.0,1.5
1783351462994,2026-07-06 17:24:22.994,C3:00:00:63:4D:04,-56,127,3.0,4.0,1.5
1783351463002,2026-07-06 17:24:23.002,C3:00:00:63:4D:05,-69,127,3.0,4.0,1.5
1783351463021,2026-07-06 17:24:23.021,C3:00:00:63:4D:09,-56,127,3.0,4.0,1.5
1783351463042,2026-07-06 17:24:23.042,C3:00:00:63:4D:07,-64,127,3.0,4.0,1.5
1783351463070,2026-07-06 17:24:23.070,C3:00:00:63:4D:0D,-50,127,3.0,4.0,1.5
1783351463074,2026-07-06 17:24:23.074,C3:00:00:63:4D:07,-65,127,3.0,4.0,1.5
1783351463077,2026-07-06 17:24:23.077,C3:00:00:63:4C:D2,-55,127,3.0,4.0,1.5
1783351463104,2026-07-06 17:24:23.104,C3:00:00:63:4D:0A,-68,127,3.0,4.0,1.5
1783351463107,2026-07-06 17:24:23.107,C3:00:00:63:4D:04,-58,127,3.0,4.0,1.5
1783351463126,2026-07-06 17:24:23.126,C3:00:00:63:4D:0A,-60,127,3.0,4.0,1.5
1783351463142,2026-07-06 17:24:23.142,C3:00:00:63:4D:09,-58,127,3.0,4.0,1.5
1783351463178,2026-07-06 17:24:23.178,C3:00:00:63:4D:0D,-53,127,3.0,4.0,1.5
1783351463184,2026-07-06 17:24:23.184,C3:00:00:63:4C:D2,-54,127,3.0,4.0,1.5
1783351463189,2026-07-06 17:24:23.189,C3:00:00:63:4D:07,-61,127,3.0,4.0,1.5
1783351463204,2026-07-06 17:24:23.204,C3:00:00:63:4D:0A,-60,127,3.0,4.0,1.5
1783351463206,2026-07-06 17:24:23.206,C3:00:00:63:4D:05,-54,127,3.0,4.0,1.5
1783351463227,2026-07-06 17:24:23.227,C3:00:00:63:4D:08,-57,127,3.0,4.0,1.5
1783351463243,2026-07-06 17:24:23.243,C3:00:00:63:4D:07,-62,127,3.0,4.0,1.5
1783351463253,2026-07-06 17:24:23.253,C3:00:00:63:4D:09,-60,127,3.0,4.0,1.5
1783351463272,2026-07-06 17:24:23.272,C3:00:00:63:4D:07,-63,127,3.0,4.0,1.5
1783351463274,2026-07-06 17:24:23.274,C3:00:00:63:4D:0D,-52,127,3.0,4.0,1.5
1783351463277,2026-07-06 17:24:23.277,C3:00:00:63:4D:09,-61,127,3.0,4.0,1.5
1783351463312,2026-07-06 17:24:23.312,C3:00:00:63:4D:0A,-70,127,3.0,4.0,1.5
1783351463338,2026-07-06 17:24:23.338,C3:00:00:63:4D:08,-59,127,3.0,4.0,1.5
1783351463370,2026-07-06 17:24:23.370,C3:00:00:63:4D:09,-56,127,3.0,4.0,1.5
1783351463375,2026-07-06 17:24:23.375,C3:00:00:63:4D:07,-66,127,3.0,4.0,1.5
1783351463395,2026-07-06 17:24:23.395,C3:00:00:63:4D:0D,-50,127,3.0,4.0,1.5
1783351463401,2026-07-06 17:24:23.401,C3:00:00:63:4C:D2,-55,127,3.0,4.0,1.5
1783351463420,2026-07-06 17:24:23.420,C3:00:00:63:4D:04,-61,127,3.0,4.0,1.5
1783351463463,2026-07-06 17:24:23.463,C3:00:00:63:4D:08,-56,127,3.0,4.0,1.5
1783351463481,2026-07-06 17:24:23.481,C3:00:00:63:4D:09,-57,127,3.0,4.0,1.5
1783351463486,2026-07-06 17:24:23.486,C3:00:00:63:4D:07,-64,127,3.0,4.0,1.5
1783351463494,2026-07-06 17:24:23.494,C3:00:00:63:4D:08,-65,127,3.0,4.0,1.5
1783351463502,2026-07-06 17:24:23.502,C3:00:00:63:4D:08,-58,127,3.0,4.0,1.5
1783351463507,2026-07-06 17:24:23.507,C3:00:00:63:4D:05,-58,127,3.0,4.0,1.5
1783351463519,2026-07-06 17:24:23.519,C3:00:00:63:4D:0A,-56,127,3.0,4.0,1.5
1783351463566,2026-07-06 17:24:23.566,C3:00:00:63:4D:08,-60,127,3.0,4.0,1.5
1783351463588,2026-07-06 17:24:23.588,C3:00:00:63:4D:07,-65,127,3.0,4.0,1.5
1783351463594,2026-07-06 17:24:23.594,C3:00:00:63:4D:09,-63,127,3.0,4.0,1.5
1783351463605,2026-07-06 17:24:23.605,C3:00:00:63:4D:0D,-53,127,3.0,4.0,1.5
1783351463617,2026-07-06 17:24:23.617,C3:00:00:63:4D:05,-54,127,3.0,4.0,1.5
1783351463619,2026-07-06 17:24:23.619,C3:00:00:63:4D:04,-56,127,3.0,4.0,1.5
1783351463620,2026-07-06 17:24:23.620,C3:00:00:63:4D:0A,-66,127,3.0,4.0,1.5
1783351463644,2026-07-06 17:24:23.644,C3:00:00:63:4D:09,-63,127,3.0,4.0,1.5
1783351463680,2026-07-06 17:24:23.680,C3:00:00:63:4D:07,-66,127,3.0,4.0,1.5
1783351463687,2026-07-06 17:24:23.687,C3:00:00:63:4D:08,-55,127,3.0,4.0,1.5
1783351463715,2026-07-06 17:24:23.715,C3:00:00:63:4D:0D,-58,127,3.0,4.0,1.5
1783351463718,2026-07-06 17:24:23.718,C3:00:00:63:4D:04,-58,127,3.0,4.0,1.5
1783351463724,2026-07-06 17:24:23.724,C3:00:00:63:4D:0A,-60,127,3.0,4.0,1.5
1783351463727,2026-07-06 17:24:23.727,C3:00:00:63:4D:05,-54,127,3.0,4.0,1.5
1783351463765,2026-07-06 17:24:23.765,C3:00:00:63:4D:04,-57,127,3.0,4.0,1.5
1783351463797,2026-07-06 17:24:23.797,C3:00:00:63:4D:08,-57,127,3.0,4.0,1.5
1783351463822,2026-07-06 17:24:23.822,C3:00:00:63:4D:0D,-58,127,3.0,4.0,1.5
1783351463831,2026-07-06 17:24:23.831,C3:00:00:63:4D:0A,-55,127,3.0,4.0,1.5
1783351463875,2026-07-06 17:24:23.875,C3:00:00:63:4D:07,-66,127,3.0,4.0,1.5
1783351463912,2026-07-06 17:24:23.912,C3:00:00:63:4D:08,-60,127,3.0,4.0,1.5
1783351463917,2026-07-06 17:24:23.917,C3:00:00:63:4C:D2,-55,127,3.0,4.0,1.5
1783351463944,2026-07-06 17:24:23.944,C3:00:00:63:4D:09,-54,127,3.0,4.0,1.5
1783351463975,2026-07-06 17:24:23.975,C3:00:00:63:4D:07,-64,127,3.0,4.0,1.5
1783351464023,2026-07-06 17:24:24.023,C3:00:00:63:4D:05,-53,127,3.0,4.0,1.5
1783351464029,2026-07-06 17:24:24.029,C3:00:00:63:4C:D2,-54,127,3.0,4.0,1.5
1783351464034,2026-07-06 17:24:24.034,C3:00:00:63:4D:04,-57,127,3.0,4.0,1.5
1783351464039,2026-07-06 17:24:24.039,C3:00:00:63:4D:08,-50,127,3.0,4.0,1.5
1783351464048,2026-07-06 17:24:24.048,C3:00:00:63:4D:0D,-61,127,3.0,4.0,1.5
1783351464052,2026-07-06 17:24:24.052,C3:00:00:63:4D:0A,-76,127,3.0,4.0,1.5
1783351464057,2026-07-06 17:24:24.057,C3:00:00:63:4D:09,-59,127,3.0,4.0,1.5
1783351464076,2026-07-06 17:24:24.076,C3:00:00:63:4D:07,-64,127,3.0,4.0,1.5
1783351464114,2026-07-06 17:24:24.114,C3:00:00:63:4D:05,-75,127,3.0,4.0,1.5
1783351464140,2026-07-06 17:24:24.140,C3:00:00:63:4C:D2,-62,127,3.0,4.0,1.5
1783351464144,2026-07-06 17:24:24.144,C3:00:00:63:4D:0D,-53,127,3.0,4.0,1.5
1783351464148,2026-07-06 17:24:24.148,C3:00:00:63:4D:08,-52,127,3.0,4.0,1.5
1783351464151,2026-07-06 17:24:24.151,C3:00:00:63:4D:0A,-58,127,3.0,4.0,1.5
1783351464158,2026-07-06 17:24:24.158,C3:00:00:63:4D:09,-63,127,3.0,4.0,1.5
1783351464222,2026-07-06 17:24:24.222,C3:00:00:63:4D:05,-57,127,3.0,4.0,1.5
1783351464232,2026-07-06 17:24:24.232,C3:00:00:63:4C:D2,-56,127,3.0,4.0,1.5
1783351464252,2026-07-06 17:24:24.252,C3:00:00:63:4D:0A,-81,127,3.0,4.0,1.5
1783351464254,2026-07-06 17:24:24.254,C3:00:00:63:4D:0D,-52,127,3.0,4.0,1.5
1783351464257,2026-07-06 17:24:24.257,C3:00:00:63:4D:08,-55,127,3.0,4.0,1.5
1783351464279,2026-07-06 17:24:24.279,C3:00:00:63:4D:07,-59,127,3.0,4.0,1.5
1783351464283,2026-07-06 17:24:24.283,C3:00:00:63:4D:09,-55,127,3.0,4.0,1.5
1783351464319,2026-07-06 17:24:24.319,C3:00:00:63:4D:05,-54,127,3.0,4.0,1.5
1783351464347,2026-07-06 17:24:24.347,C3:00:00:63:4D:04,-59,127,3.0,4.0,1.5
1783351464353,2026-07-06 17:24:24.353,C3:00:00:63:4C:D2,-58,127,3.0,4.0,1.5
1783351464358,2026-07-06 17:24:24.358,C3:00:00:63:4D:08,-53,127,3.0,4.0,1.5
1783351464372,2026-07-06 17:24:24.372,C3:00:00:63:4D:0A,-61,127,3.0,4.0,1.5
1783351464374,2026-07-06 17:24:24.374,C3:00:00:63:4D:0D,-56,127,3.0,4.0,1.5
1783351464379,2026-07-06 17:24:24.379,C3:00:00:63:4D:07,-80,127,3.0,4.0,1.5
1783351464389,2026-07-06 17:24:24.389,C3:00:00:63:4D:09,-57,127,3.0,4.0,1.5
1783351464420,2026-07-06 17:24:24.420,C3:00:00:63:4D:05,-62,127,3.0,4.0,1.5
1783351464436,2026-07-06 17:24:24.436,C3:00:00:63:4D:04,-63,127,3.0,4.0,1.5
1783351464453,2026-07-06 17:24:24.453,C3:00:00:63:4C:D2,-63,127,3.0,4.0,1.5
1783351464470,2026-07-06 17:24:24.470,C3:00:00:63:4D:0A,-56,127,3.0,4.0,1.5
1783351464473,2026-07-06 17:24:24.473,C3:00:00:63:4D:0D,-55,127,3.0,4.0,1.5
1783351464504,2026-07-06 17:24:24.504,C3:00:00:63:4D:09,-62,127,3.0,4.0,1.5
1783351464521,2026-07-06 17:24:24.521,C3:00:00:63:4D:05,-54,127,3.0,4.0,1.5
1783351464546,2026-07-06 17:24:24.546,C3:00:00:63:4D:04,-64,127,3.0,4.0,1.5
1783351464558,2026-07-06 17:24:24.558,C3:00:00:63:4C:D2,-57,127,3.0,4.0,1.5
1783351464577,2026-07-06 17:24:24.577,C3:00:00:63:4D:0D,-51,127,3.0,4.0,1.5
1783351464579,2026-07-06 17:24:24.579,C3:00:00:63:4D:0A,-67,127,3.0,4.0,1.5
1783351464581,2026-07-06 17:24:24.581,C3:00:00:63:4D:07,-61,127,3.0,4.0,1.5
1783351464613,2026-07-06 17:24:24.613,C3:00:00:63:4D:08,-51,127,3.0,4.0,1.5
1783351464624,2026-07-06 17:24:24.624,C3:00:00:63:4D:09,-55,127,3.0,4.0,1.5
1783351464631,2026-07-06 17:24:24.631,C3:00:00:63:4D:05,-54,127,3.0,4.0,1.5
1783351464648,2026-07-06 17:24:24.648,C3:00:00:63:4D:04,-62,127,3.0,4.0,1.5
1783351464669,2026-07-06 17:24:24.669,C3:00:00:63:4D:04,-64,127,3.0,4.0,1.5
1783351464673,2026-07-06 17:24:24.673,C3:00:00:63:4D:0A,-60,127,3.0,4.0,1.5
1783351464680,2026-07-06 17:24:24.680,C3:00:00:63:4D:07,-68,127,3.0,4.0,1.5
1783351464684,2026-07-06 17:24:24.684,C3:00:00:63:4D:0D,-54,127,3.0,4.0,1.5
1783351464689,2026-07-06 17:24:24.689,C3:00:00:63:4D:04,-69,127,3.0,4.0,1.5
1783351464722,2026-07-06 17:24:24.722,C3:00:00:63:4D:05,-62,127,3.0,4.0,1.5
1783351464726,2026-07-06 17:24:24.726,C3:00:00:63:4D:08,-57,127,3.0,4.0,1.5
1783351464731,2026-07-06 17:24:24.731,C3:00:00:63:4D:09,-58,127,3.0,4.0,1.5
1783351464734,2026-07-06 17:24:24.734,C3:00:00:63:4D:0A,-57,127,3.0,4.0,1.5
1783351464748,2026-07-06 17:24:24.748,C3:00:00:63:4D:05,-61,127,3.0,4.0,1.5
1783351464750,2026-07-06 17:24:24.750,C3:00:00:63:4D:04,-65,127,3.0,4.0,1.5
1783351464765,2026-07-06 17:24:24.765,C3:00:00:63:4C:D2,-64,127,3.0,4.0,1.5
1783351464827,2026-07-06 17:24:24.827,C3:00:00:63:4C:D2,-60,127,3.0,4.0,1.5
1783351464830,2026-07-06 17:24:24.830,C3:00:00:63:4D:05,-60,127,3.0,4.0,1.5
1783351464844,2026-07-06 17:24:24.844,C3:00:00:63:4D:09,-59,127,3.0,4.0,1.5
1783351464859,2026-07-06 17:24:24.859,C3:00:00:63:4D:04,-66,127,3.0,4.0,1.5
1783351464885,2026-07-06 17:24:24.885,C3:00:00:63:4D:0A,-67,127,3.0,4.0,1.5
1783351464903,2026-07-06 17:24:24.903,C3:00:00:63:4D:0D,-52,127,3.0,4.0,1.5
1783351464923,2026-07-06 17:24:24.923,C3:00:00:63:4D:05,-54,127,3.0,4.0,1.5
1783351464953,2026-07-06 17:24:24.953,C3:00:00:63:4D:08,-50,127,3.0,4.0,1.5
1783351464975,2026-07-06 17:24:24.975,C3:00:00:63:4C:D2,-56,127,3.0,4.0,1.5
1783351464979,2026-07-06 17:24:24.979,C3:00:00:63:4D:07,-61,127,3.0,4.0,1.5
1783351464992,2026-07-06 17:24:24.992,C3:00:00:63:4D:0A,-57,127,3.0,4.0,1.5
1783351465006,2026-07-06 17:24:25.006,C3:00:00:63:4D:0D,-53,127,3.0,4.0,1.5
1783351465022,2026-07-06 17:24:25.022,C3:00:00:63:4D:05,-61,127,3.0,4.0,1.5
1783351465059,2026-07-06 17:24:25.059,C3:00:00:63:4D:04,-58,127,3.0,4.0,1.5
1783351465065,2026-07-06 17:24:25.065,C3:00:00:63:4D:07,-63,127,3.0,4.0,1.5
1783351465073,2026-07-06 17:24:25.073,C3:00:00:63:4D:08,-54,127,3.0,4.0,1.5
1783351465082,2026-07-06 17:24:25.082,C3:00:00:63:4D:07,-64,127,3.0,4.0,1.5
1783351465088,2026-07-06 17:24:25.088,C3:00:00:63:4C:D2,-63,127,3.0,4.0,1.5
1783351465096,2026-07-06 17:24:25.096,C3:00:00:63:4D:0A,-59,127,3.0,4.0,1.5
1783351465110,2026-07-06 17:24:25.110,C3:00:00:63:4D:0D,-50,127,3.0,4.0,1.5
1783351465113,2026-07-06 17:24:25.113,C3:00:00:63:4D:0A,-74,127,3.0,4.0,1.5
1783351465131,2026-07-06 17:24:25.131,C3:00:00:63:4D:05,-52,127,3.0,4.0,1.5
1783351465166,2026-07-06 17:24:25.166,C3:00:00:63:4D:04,-59,127,3.0,4.0,1.5
1783351465185,2026-07-06 17:24:25.185,C3:00:00:63:4D:08,-56,127,3.0,4.0,1.5
1783351465199,2026-07-06 17:24:25.199,C3:00:00:63:4D:09,-66,127,3.0,4.0,1.5
1783351465202,2026-07-06 17:24:25.202,C3:00:00:63:4C:D2,-55,127,3.0,4.0,1.5
1783351465223,2026-07-06 17:24:25.223,C3:00:00:63:4D:0D,-58,127,3.0,4.0,1.5
1783351465230,2026-07-06 17:24:25.230,C3:00:00:63:4D:05,-54,127,3.0,4.0,1.5
1783351465261,2026-07-06 17:24:25.261,C3:00:00:63:4D:07,-71,127,3.0,4.0,1.5
1783351465273,2026-07-06 17:24:25.273,C3:00:00:63:4D:04,-60,127,3.0,4.0,1.5
1783351465278,2026-07-06 17:24:25.278,C3:00:00:63:4D:09,-60,127,3.0,4.0,1.5
1783351465295,2026-07-06 17:24:25.295,C3:00:00:63:4C:D2,-59,127,3.0,4.0,1.5
1783351465298,2026-07-06 17:24:25.298,C3:00:00:63:4D:08,-50,127,3.0,4.0,1.5
1783351465332,2026-07-06 17:24:25.332,C3:00:00:63:4D:0D,-52,127,3.0,4.0,1.5
1783351465363,2026-07-06 17:24:25.363,C3:00:00:63:4D:04,-54,127,3.0,4.0,1.5
1783351465370,2026-07-06 17:24:25.370,C3:00:00:63:4D:07,-60,127,3.0,4.0,1.5
1783351465400,2026-07-06 17:24:25.400,C3:00:00:63:4C:D2,-71,127,3.0,4.0,1.5
1783351465407,2026-07-06 17:24:25.407,C3:00:00:63:4D:0A,-56,127,3.0,4.0,1.5
1783351465421,2026-07-06 17:24:25.421,C3:00:00:63:4D:09,-57,127,3.0,4.0,1.5
1783351465444,2026-07-06 17:24:25.444,C3:00:00:63:4D:0D,-52,127,3.0,4.0,1.5
1783351465473,2026-07-06 17:24:25.473,C3:00:00:63:4D:07,-68,127,3.0,4.0,1.5
1783351465477,2026-07-06 17:24:25.477,C3:00:00:63:4D:04,-58,127,3.0,4.0,1.5
1783351465480,2026-07-06 17:24:25.480,C3:00:00:63:4D:08,-54,127,3.0,4.0,1.5
1783351465514,2026-07-06 17:24:25.514,C3:00:00:63:4C:D2,-62,127,3.0,4.0,1.5
1783351465518,2026-07-06 17:24:25.518,C3:00:00:63:4D:0A,-58,127,3.0,4.0,1.5
1783351465523,2026-07-06 17:24:25.523,C3:00:00:63:4D:05,-60,127,3.0,4.0,1.5
1783351465528,2026-07-06 17:24:25.528,C3:00:00:63:4D:08,-51,127,3.0,4.0,1.5
1783351465540,2026-07-06 17:24:25.540,C3:00:00:63:4D:09,-60,127,3.0,4.0,1.5
1783351465546,2026-07-06 17:24:25.546,C3:00:00:63:4D:05,-57,127,3.0,4.0,1.5
1783351465572,2026-07-06 17:24:25.572,C3:00:00:63:4D:04,-58,127,3.0,4.0,1.5
1783351465576,2026-07-06 17:24:25.576,C3:00:00:63:4D:07,-71,127,3.0,4.0,1.5
1783351465627,2026-07-06 17:24:25.627,C3:00:00:63:4D:07,-67,127,3.0,4.0,1.5
1783351465644,2026-07-06 17:24:25.644,C3:00:00:63:4D:05,-64,127,3.0,4.0,1.5
1783351465648,2026-07-06 17:24:25.648,C3:00:00:63:4D:08,-51,127,3.0,4.0,1.5
1783351465656,2026-07-06 17:24:25.656,C3:00:00:63:4D:0D,-51,127,3.0,4.0,1.5
1783351465676,2026-07-06 17:24:25.676,C3:00:00:63:4D:07,-61,127,3.0,4.0,1.5
1783351465678,2026-07-06 17:24:25.678,C3:00:00:63:4D:04,-56,127,3.0,4.0,1.5
1783351465712,2026-07-06 17:24:25.712,C3:00:00:63:4D:05,-56,127,3.0,4.0,1.5
1783351465722,2026-07-06 17:24:25.722,C3:00:00:63:4D:0A,-66,127,3.0,4.0,1.5
1783351465726,2026-07-06 17:24:25.726,C3:00:00:63:4C:D2,-58,127,3.0,4.0,1.5
1783351465731,2026-07-06 17:24:25.731,C3:00:00:63:4D:05,-56,127,3.0,4.0,1.5
1783351465780,2026-07-06 17:24:25.780,C3:00:00:63:4D:07,-62,127,3.0,4.0,1.5
1783351465784,2026-07-06 17:24:25.784,C3:00:00:63:4D:04,-53,127,3.0,4.0,1.5
1783351465841,2026-07-06 17:24:25.841,C3:00:00:63:4D:05,-57,127,3.0,4.0,1.5
1783351465872,2026-07-06 17:24:25.872,C3:00:00:63:4D:08,-50,127,3.0,4.0,1.5
1783351465878,2026-07-06 17:24:25.878,C3:00:00:63:4D:09,-58,127,3.0,4.0,1.5
1783351465937,2026-07-06 17:24:25.937,C3:00:00:63:4C:D2,-66,127,3.0,4.0,1.5
1783351465972,2026-07-06 17:24:25.972,C3:00:00:63:4D:07,-62,127,3.0,4.0,1.5
1783351465976,2026-07-06 17:24:25.976,C3:00:00:63:4D:0D,-54,127,3.0,4.0,1.5
1783351465981,2026-07-06 17:24:25.981,C3:00:00:63:4D:09,-61,127,3.0,4.0,1.5
1783351465986,2026-07-06 17:24:25.986,C3:00:00:63:4D:04,-57,127,3.0,4.0,1.5
1783351465992,2026-07-06 17:24:25.992,C3:00:00:63:4D:08,-56,127,3.0,4.0,1.5
1783351466005,2026-07-06 17:24:26.005,C3:00:00:63:4D:04,-56,127,3.0,4.0,1.5
1783351466033,2026-07-06 17:24:26.033,C3:00:00:63:4D:05,-55,127,3.0,4.0,1.5
1783351466077,2026-07-06 17:24:26.077,C3:00:00:63:4D:07,-65,127,3.0,4.0,1.5
1783351466093,2026-07-06 17:24:26.093,C3:00:00:63:4D:0D,-51,127,3.0,4.0,1.5
1783351466098,2026-07-06 17:24:26.098,C3:00:00:63:4D:04,-55,127,3.0,4.0,1.5
1783351466100,2026-07-06 17:24:26.100,C3:00:00:63:4D:09,-55,127,3.0,4.0,1.5
1783351466103,2026-07-06 17:24:26.103,C3:00:00:63:4D:08,-60,127,3.0,4.0,1.5
1783351466147,2026-07-06 17:24:26.147,C3:00:00:63:4C:D2,-66,127,3.0,4.0,1.5
1783351466194,2026-07-06 17:24:26.194,C3:00:00:63:4D:0D,-55,127,3.0,4.0,1.5
1783351466199,2026-07-06 17:24:26.199,C3:00:00:63:4D:04,-61,127,3.0,4.0,1.5
1783351466217,2026-07-06 17:24:26.217,C3:00:00:63:4D:08,-51,127,3.0,4.0,1.5
1783351466222,2026-07-06 17:24:26.222,C3:00:00:63:4D:09,-61,127,3.0,4.0,1.5
1783351466242,2026-07-06 17:24:26.242,C3:00:00:63:4D:05,-74,127,3.0,4.0,1.5
1783351466249,2026-07-06 17:24:26.249,C3:00:00:63:4D:0A,-55,127,3.0,4.0,1.5
1783351466270,2026-07-06 17:24:26.270,C3:00:00:63:4D:07,-58,127,3.0,4.0,1.5
1783351466289,2026-07-06 17:24:26.289,C3:00:00:63:4D:04,-54,127,3.0,4.0,1.5
1783351466298,2026-07-06 17:24:26.298,C3:00:00:63:4D:0D,-54,127,3.0,4.0,1.5
1783351466310,2026-07-06 17:24:26.310,C3:00:00:63:4D:0A,-63,127,3.0,4.0,1.5
1783351466330,2026-07-06 17:24:26.330,C3:00:00:63:4D:09,-57,127,3.0,4.0,1.5
1783351466336,2026-07-06 17:24:26.336,C3:00:00:63:4D:05,-57,127,3.0,4.0,1.5
1783351466348,2026-07-06 17:24:26.348,C3:00:00:63:4D:0A,-63,127,3.0,4.0,1.5
1783351466350,2026-07-06 17:24:26.350,C3:00:00:63:4D:08,-56,127,3.0,4.0,1.5
1783351466354,2026-07-06 17:24:26.354,C3:00:00:63:4D:05,-63,127,3.0,4.0,1.5
1783351466356,2026-07-06 17:24:26.356,C3:00:00:63:4C:D2,-64,127,3.0,4.0,1.5
1783351466373,2026-07-06 17:24:26.373,C3:00:00:63:4D:07,-68,127,3.0,4.0,1.5
1783351466400,2026-07-06 17:24:26.400,C3:00:00:63:4D:04,-56,127,3.0,4.0,1.5
1783351466406,2026-07-06 17:24:26.406,C3:00:00:63:4D:0D,-49,127,3.0,4.0,1.5
1783351466444,2026-07-06 17:24:26.444,C3:00:00:63:4D:08,-50,127,3.0,4.0,1.5
1783351466472,2026-07-06 17:24:26.472,C3:00:00:63:4D:0A,-58,127,3.0,4.0,1.5
1783351466477,2026-07-06 17:24:26.477,C3:00:00:63:4C:D2,-79,127,3.0,4.0,1.5
1783351466561,2026-07-06 17:24:26.561,C3:00:00:63:4D:09,-69,127,3.0,4.0,1.5
1783351466571,2026-07-06 17:24:26.571,C3:00:00:63:4C:D2,-66,127,3.0,4.0,1.5
1783351466584,2026-07-06 17:24:26.584,C3:00:00:63:4D:07,-60,127,3.0,4.0,1.5
1783351466606,2026-07-06 17:24:26.606,C3:00:00:63:4D:04,-54,127,3.0,4.0,1.5
1783351466626,2026-07-06 17:24:26.626,C3:00:00:63:4D:0D,-50,127,3.0,4.0,1.5
1783351466647,2026-07-06 17:24:26.647,C3:00:00:63:4D:05,-59,127,3.0,4.0,1.5
1783351466650,2026-07-06 17:24:26.650,C3:00:00:63:4D:04,-53,127,3.0,4.0,1.5
1783351466670,2026-07-06 17:24:26.670,C3:00:00:63:4D:0A,-58,127,3.0,4.0,1.5
1783351466707,2026-07-06 17:24:26.707,C3:00:00:63:4D:04,-53,127,3.0,4.0,1.5
1783351466734,2026-07-06 17:24:26.734,C3:00:00:63:4D:0D,-54,127,3.0,4.0,1.5
1783351466738,2026-07-06 17:24:26.738,C3:00:00:63:4D:05,-55,127,3.0,4.0,1.5
1783351466741,2026-07-06 17:24:26.741,C3:00:00:63:4D:0A,-60,127,3.0,4.0,1.5
1783351466757,2026-07-06 17:24:26.757,C3:00:00:63:4D:05,-56,127,3.0,4.0,1.5
1783351466774,2026-07-06 17:24:26.774,C3:00:00:63:4D:0A,-60,127,3.0,4.0,1.5
1783351466778,2026-07-06 17:24:26.778,C3:00:00:63:4D:07,-60,127,3.0,4.0,1.5
1783351466781,2026-07-06 17:24:26.781,C3:00:00:63:4C:D2,-64,127,3.0,4.0,1.5
1783351466788,2026-07-06 17:24:26.788,C3:00:00:63:4D:09,-65,127,3.0,4.0,1.5
1783351466793,2026-07-06 17:24:26.793,C3:00:00:63:4D:08,-52,127,3.0,4.0,1.5
1783351466809,2026-07-06 17:24:26.809,C3:00:00:63:4D:04,-61,127,3.0,4.0,1.5
1783351466834,2026-07-06 17:24:26.834,C3:00:00:63:4C:D2,-71,127,3.0,4.0,1.5
1783351466849,2026-07-06 17:24:26.849,C3:00:00:63:4D:05,-60,127,3.0,4.0,1.5
1783351466853,2026-07-06 17:24:26.853,C3:00:00:63:4D:0D,-52,127,3.0,4.0,1.5
1783351466863,2026-07-06 17:24:26.863,C3:00:00:63:4D:0D,-51,127,3.0,4.0,1.5
1783351466881,2026-07-06 17:24:26.881,C3:00:00:63:4C:D2,-76,127,3.0,4.0,1.5
1783351466907,2026-07-06 17:24:26.907,C3:00:00:63:4D:08,-52,127,3.0,4.0,1.5
1783351466913,2026-07-06 17:24:26.913,C3:00:00:63:4D:04,-63,127,3.0,4.0,1.5
1783351466973,2026-07-06 17:24:26.973,C3:00:00:63:4D:07,-63,127,3.0,4.0,1.5
1783351466992,2026-07-06 17:24:26.992,C3:00:00:63:4D:0A,-67,127,3.0,4.0,1.5
1783351467016,2026-07-06 17:24:27.016,C3:00:00:63:4D:09,-68,127,3.0,4.0,1.5
1783351467020,2026-07-06 17:24:27.020,C3:00:00:63:4D:08,-54,127,3.0,4.0,1.5
1783351467035,2026-07-06 17:24:27.035,C3:00:00:63:4D:0A,-58,127,3.0,4.0,1.5
1783351467050,2026-07-06 17:24:27.050,C3:00:00:63:4D:05,-55,127,3.0,4.0,1.5
1783351467061,2026-07-06 17:24:27.061,C3:00:00:63:4D:0D,-54,127,3.0,4.0,1.5
1783351467071,2026-07-06 17:24:27.071,C3:00:00:63:4D:07,-66,127,3.0,4.0,1.5
1783351467094,2026-07-06 17:24:27.094,C3:00:00:63:4D:0A,-58,127,3.0,4.0,1.5
1783351467098,2026-07-06 17:24:27.098,C3:00:00:63:4D:07,-66,127,3.0,4.0,1.5
1783351467102,2026-07-06 17:24:27.102,C3:00:00:63:4C:D2,-59,127,3.0,4.0,1.5
1783351467110,2026-07-06 17:24:27.110,C3:00:00:63:4D:0A,-56,127,3.0,4.0,1.5
1783351467130,2026-07-06 17:24:27.130,C3:00:00:63:4D:09,-64,127,3.0,4.0,1.5
1783351467137,2026-07-06 17:24:27.137,C3:00:00:63:4D:08,-53,127,3.0,4.0,1.5
1783351467151,2026-07-06 17:24:27.151,C3:00:00:63:4D:05,-64,127,3.0,4.0,1.5
1783351467179,2026-07-06 17:24:27.179,C3:00:00:63:4D:07,-62,127,3.0,4.0,1.5
1783351467200,2026-07-06 17:24:27.200,C3:00:00:63:4D:0A,-54,127,3.0,4.0,1.5
1783351467208,2026-07-06 17:24:27.208,C3:00:00:63:4C:D2,-65,127,3.0,4.0,1.5
1783351467226,2026-07-06 17:24:27.226,C3:00:00:63:4D:04,-69,127,3.0,4.0,1.5
1783351467231,2026-07-06 17:24:27.231,C3:00:00:63:4C:D2,-58,127,3.0,4.0,1.5
1783351467246,2026-07-06 17:24:27.246,C3:00:00:63:4D:09,-54,127,3.0,4.0,1.5
1783351467251,2026-07-06 17:24:27.251,C3:00:00:63:4D:08,-66,127,3.0,4.0,1.5
1783351467264,2026-07-06 17:24:27.264,C3:00:00:63:4D:07,-63,127,3.0,4.0,1.5
1783351467274,2026-07-06 17:24:27.274,C3:00:00:63:4D:0D,-49,127,3.0,4.0,1.5
1783351467285,2026-07-06 17:24:27.285,C3:00:00:63:4D:09,-54,127,3.0,4.0,1.5
1783351467300,2026-07-06 17:24:27.300,C3:00:00:63:4D:0A,-63,127,3.0,4.0,1.5
1783351467313,2026-07-06 17:24:27.313,C3:00:00:63:4C:D2,-56,127,3.0,4.0,1.5
1783351467329,2026-07-06 17:24:27.329,C3:00:00:63:4D:04,-61,127,3.0,4.0,1.5
1783351467350,2026-07-06 17:24:27.350,C3:00:00:63:4D:05,-61,127,3.0,4.0,1.5
1783351467359,2026-07-06 17:24:27.359,C3:00:00:63:4D:09,-55,127,3.0,4.0,1.5
1783351467364,2026-07-06 17:24:27.364,C3:00:00:63:4D:08,-54,127,3.0,4.0,1.5
1783351467376,2026-07-06 17:24:27.376,C3:00:00:63:4D:07,-62,127,3.0,4.0,1.5
1783351467387,2026-07-06 17:24:27.387,C3:00:00:63:4D:0D,-54,127,3.0,4.0,1.5
1783351467403,2026-07-06 17:24:27.403,C3:00:00:63:4D:0A,-67,127,3.0,4.0,1.5
1783351467407,2026-07-06 17:24:27.407,C3:00:00:63:4D:0D,-55,127,3.0,4.0,1.5
1783351467418,2026-07-06 17:24:27.418,C3:00:00:63:4C:D2,-61,127,3.0,4.0,1.5
1783351467427,2026-07-06 17:24:27.427,C3:00:00:63:4D:0D,-65,127,3.0,4.0,1.5
1783351467430,2026-07-06 17:24:27.430,C3:00:00:63:4D:04,-58,127,3.0,4.0,1.5
1783351467456,2026-07-06 17:24:27.456,C3:00:00:63:4D:05,-62,127,3.0,4.0,1.5
1783351467472,2026-07-06 17:24:27.472,C3:00:00:63:4D:09,-60,127,3.0,4.0,1.5
1783351467475,2026-07-06 17:24:27.475,C3:00:00:63:4D:07,-64,127,3.0,4.0,1.5
1783351467479,2026-07-06 17:24:27.479,C3:00:00:63:4D:08,-61,127,3.0,4.0,1.5
1783351467501,2026-07-06 17:24:27.501,C3:00:00:63:4D:08,-61,127,3.0,4.0,1.5
1783351467512,2026-07-06 17:24:27.512,C3:00:00:63:4D:0A,-58,127,3.0,4.0,1.5
1783351467521,2026-07-06 17:24:27.521,C3:00:00:63:4D:08,-74,127,3.0,4.0,1.5
1783351467529,2026-07-06 17:24:27.529,C3:00:00:63:4C:D2,-59,127,3.0,4.0,1.5
1783351467552,2026-07-06 17:24:27.552,C3:00:00:63:4D:05,-63,127,3.0,4.0,1.5
1783351467572,2026-07-06 17:24:27.572,C3:00:00:63:4D:07,-64,127,3.0,4.0,1.5
1783351467582,2026-07-06 17:24:27.582,C3:00:00:63:4D:09,-57,127,3.0,4.0,1.5
1783351467601,2026-07-06 17:24:27.601,C3:00:00:63:4D:08,-67,127,3.0,4.0,1.5
1783351467604,2026-07-06 17:24:27.604,C3:00:00:63:4D:0D,-53,127,3.0,4.0,1.5
1783351467613,2026-07-06 17:24:27.613,C3:00:00:63:4D:0A,-63,127,3.0,4.0,1.5
1783351467629,2026-07-06 17:24:27.629,C3:00:00:63:4C:D2,-54,127,3.0,4.0,1.5
1783351467634,2026-07-06 17:24:27.634,C3:00:00:63:4D:04,-58,127,3.0,4.0,1.5
1783351467649,2026-07-06 17:24:27.649,C3:00:00:63:4D:05,-54,127,3.0,4.0,1.5
1783351467654,2026-07-06 17:24:27.654,C3:00:00:63:4D:09,-66,127,3.0,4.0,1.5
1783351467679,2026-07-06 17:24:27.679,C3:00:00:63:4D:07,-63,127,3.0,4.0,1.5
1783351467705,2026-07-06 17:24:27.705,C3:00:00:63:4D:09,-55,127,3.0,4.0,1.5
1783351467711,2026-07-06 17:24:27.711,C3:00:00:63:4D:08,-54,127,3.0,4.0,1.5
1783351467716,2026-07-06 17:24:27.716,C3:00:00:63:4D:0A,-57,127,3.0,4.0,1.5
1783351467723,2026-07-06 17:24:27.723,C3:00:00:63:4D:05,-71,127,3.0,4.0,1.5
1783351467732,2026-07-06 17:24:27.732,C3:00:00:63:4C:D2,-65,127,3.0,4.0,1.5
1783351467738,2026-07-06 17:24:27.738,C3:00:00:63:4D:04,-54,127,3.0,4.0,1.5
1783351467757,2026-07-06 17:24:27.757,C3:00:00:63:4D:05,-64,127,3.0,4.0,1.5
1783351467812,2026-07-06 17:24:27.812,C3:00:00:63:4D:09,-62,127,3.0,4.0,1.5
1783351467814,2026-07-06 17:24:27.814,C3:00:00:63:4D:0D,-52,127,3.0,4.0,1.5
1783351467823,2026-07-06 17:24:27.823,C3:00:00:63:4D:0A,-72,127,3.0,4.0,1.5
1783351467835,2026-07-06 17:24:27.835,C3:00:00:63:4D:08,-55,127,3.0,4.0,1.5
1783351467843,2026-07-06 17:24:27.843,C3:00:00:63:4D:04,-58,127,3.0,4.0,1.5
1783351467849,2026-07-06 17:24:27.849,C3:00:00:63:4C:D2,-55,127,3.0,4.0,1.5
1783351467855,2026-07-06 17:24:27.855,C3:00:00:63:4D:05,-56,127,3.0,4.0,1.5
1783351467872,2026-07-06 17:24:27.872,C3:00:00:63:4D:07,-60,127,3.0,4.0,1.5
1783351467933,2026-07-06 17:24:27.933,C3:00:00:63:4D:0A,-73,127,3.0,4.0,1.5
1783351467943,2026-07-06 17:24:27.943,C3:00:00:63:4D:04,-56,127,3.0,4.0,1.5
1783351467947,2026-07-06 17:24:27.947,C3:00:00:63:4D:08,-55,127,3.0,4.0,1.5
1783351467959,2026-07-06 17:24:27.959,C3:00:00:63:4C:D2,-53,127,3.0,4.0,1.5
1783351467964,2026-07-06 17:24:27.964,C3:00:00:63:4D:05,-54,127,3.0,4.0,1.5
1783351467979,2026-07-06 17:24:27.979,C3:00:00:63:4D:07,-66,127,3.0,4.0,1.5
1783351467997,2026-07-06 17:24:27.997,C3:00:00:63:4D:04,-58,127,3.0,4.0,1.5
1783351468039,2026-07-06 17:24:28.039,C3:00:00:63:4D:09,-63,127,3.0,4.0,1.5
1783351468046,2026-07-06 17:24:28.046,C3:00:00:63:4D:04,-57,127,3.0,4.0,1.5
1783351468053,2026-07-06 17:24:28.053,C3:00:00:63:4D:08,-61,127,3.0,4.0,1.5
1783351468056,2026-07-06 17:24:28.056,C3:00:00:63:4D:05,-60,127,3.0,4.0,1.5
1783351468058,2026-07-06 17:24:28.058,C3:00:00:63:4C:D2,-63,127,3.0,4.0,1.5
1783351468134,2026-07-06 17:24:28.134,C3:00:00:63:4D:0A,-71,127,3.0,4.0,1.5
1783351468138,2026-07-06 17:24:28.138,C3:00:00:63:4D:0D,-51,127,3.0,4.0,1.5
1783351468148,2026-07-06 17:24:28.148,C3:00:00:63:4D:09,-57,127,3.0,4.0,1.5
1783351468155,2026-07-06 17:24:28.155,C3:00:00:63:4D:04,-55,127,3.0,4.0,1.5
1783351468172,2026-07-06 17:24:28.172,C3:00:00:63:4D:08,-56,127,3.0,4.0,1.5
1783351468176,2026-07-06 17:24:28.176,C3:00:00:63:4D:07,-68,127,3.0,4.0,1.5
1783351468239,2026-07-06 17:24:28.239,C3:00:00:63:4D:07,-62,127,3.0,4.0,1.5
1783351468244,2026-07-06 17:24:28.244,C3:00:00:63:4D:0A,-62,127,3.0,4.0,1.5
1783351468249,2026-07-06 17:24:28.249,C3:00:00:63:4D:0D,-59,127,3.0,4.0,1.5
1783351468266,2026-07-06 17:24:28.266,C3:00:00:63:4D:09,-58,127,3.0,4.0,1.5
1783351468280,2026-07-06 17:24:28.280,C3:00:00:63:4D:07,-64,127,3.0,4.0,1.5
1783351468289,2026-07-06 17:24:28.289,C3:00:00:63:4D:08,-55,127,3.0,4.0,1.5
1783351468352,2026-07-06 17:24:28.352,C3:00:00:63:4D:0A,-56,127,3.0,4.0,1.5
1783351468357,2026-07-06 17:24:28.357,C3:00:00:63:4D:04,-56,127,3.0,4.0,1.5
1783351468362,2026-07-06 17:24:28.362,C3:00:00:63:4D:08,-56,127,3.0,4.0,1.5
1783351468376,2026-07-06 17:24:28.376,C3:00:00:63:4C:D2,-63,127,3.0,4.0,1.5
1783351468385,2026-07-06 17:24:28.385,C3:00:00:63:4D:09,-61,127,3.0,4.0,1.5
1783351468392,2026-07-06 17:24:28.392,C3:00:00:63:4D:07,-67,127,3.0,4.0,1.5
1783351468402,2026-07-06 17:24:28.402,C3:00:00:63:4D:08,-56,127,3.0,4.0,1.5
1783351468460,2026-07-06 17:24:28.460,C3:00:00:63:4D:0A,-83,127,3.0,4.0,1.5
1783351468463,2026-07-06 17:24:28.463,C3:00:00:63:4D:0D,-52,127,3.0,4.0,1.5
1783351468468,2026-07-06 17:24:28.468,C3:00:00:63:4D:05,-58,127,3.0,4.0,1.5
1783351468477,2026-07-06 17:24:28.477,C3:00:00:63:4D:07,-66,127,3.0,4.0,1.5
1783351468480,2026-07-06 17:24:28.480,C3:00:00:63:4C:D2,-56,127,3.0,4.0,1.5
1783351468495,2026-07-06 17:24:28.495,C3:00:00:63:4D:09,-55,127,3.0,4.0,1.5
1783351468503,2026-07-06 17:24:28.503,C3:00:00:63:4D:0D,-50,127,3.0,4.0,1.5
1783351468512,2026-07-06 17:24:28.512,C3:00:00:63:4D:08,-54,127,3.0,4.0,1.5
1783351468537,2026-07-06 17:24:28.537,C3:00:00:63:4D:09,-57,127,3.0,4.0,1.5
1783351468568,2026-07-06 17:24:28.568,C3:00:00:63:4D:04,-61,127,3.0,4.0,1.5
1783351468574,2026-07-06 17:24:28.574,C3:00:00:63:4D:05,-59,127,3.0,4.0,1.5
1783351468579,2026-07-06 17:24:28.579,C3:00:00:63:4D:0A,-58,127,3.0,4.0,1.5
1783351468586,2026-07-06 17:24:28.586,C3:00:00:63:4D:07,-62,127,3.0,4.0,1.5
1783351468588,2026-07-06 17:24:28.588,C3:00:00:63:4C:D2,-56,127,3.0,4.0,1.5
1783351468611,2026-07-06 17:24:28.611,C3:00:00:63:4D:09,-62,127,3.0,4.0,1.5
1783351468633,2026-07-06 17:24:28.633,C3:00:00:63:4D:08,-53,127,3.0,4.0,1.5
1783351468658,2026-07-06 17:24:28.658,C3:00:00:63:4D:04,-55,127,3.0,4.0,1.5
1783351468664,2026-07-06 17:24:28.664,C3:00:00:63:4D:0A,-57,127,3.0,4.0,1.5
1783351468677,2026-07-06 17:24:28.677,C3:00:00:63:4D:07,-60,127,3.0,4.0,1.5
1783351468680,2026-07-06 17:24:28.680,C3:00:00:63:4D:04,-62,127,3.0,4.0,1.5
1783351468684,2026-07-06 17:24:28.684,C3:00:00:63:4D:0D,-52,127,3.0,4.0,1.5
1783351468693,2026-07-06 17:24:28.693,C3:00:00:63:4D:04,-54,127,3.0,4.0,1.5
1783351468731,2026-07-06 17:24:28.731,C3:00:00:63:4D:09,-54,127,3.0,4.0,1.5
1783351468749,2026-07-06 17:24:28.749,C3:00:00:63:4D:0A,-70,127,3.0,4.0,1.5
1783351468753,2026-07-06 17:24:28.753,C3:00:00:63:4D:08,-58,127,3.0,4.0,1.5
1783351468771,2026-07-06 17:24:28.771,C3:00:00:63:4D:04,-57,127,3.0,4.0,1.5
1783351468777,2026-07-06 17:24:28.777,C3:00:00:63:4D:0A,-66,127,3.0,4.0,1.5
1783351468779,2026-07-06 17:24:28.779,C3:00:00:63:4D:07,-65,127,3.0,4.0,1.5
1783351468789,2026-07-06 17:24:28.789,C3:00:00:63:4D:0D,-53,127,3.0,4.0,1.5
1783351468796,2026-07-06 17:24:28.796,C3:00:00:63:4C:D2,-55,127,3.0,4.0,1.5
1783351468835,2026-07-06 17:24:28.835,C3:00:00:63:4D:09,-57,127,3.0,4.0,1.5
1783351468838,2026-07-06 17:24:28.838,C3:00:00:63:4C:D2,-55,127,3.0,4.0,1.5
1783351468853,2026-07-06 17:24:28.853,C3:00:00:63:4D:0D,-58,127,3.0,4.0,1.5
1783351468874,2026-07-06 17:24:28.874,C3:00:00:63:4D:04,-67,127,3.0,4.0,1.5
1783351468877,2026-07-06 17:24:28.877,C3:00:00:63:4D:0A,-62,127,3.0,4.0,1.5
1783351468895,2026-07-06 17:24:28.895,C3:00:00:63:4D:0D,-63,127,3.0,4.0,1.5
1783351468898,2026-07-06 17:24:28.898,C3:00:00:63:4C:D2,-55,127,3.0,4.0,1.5
1783351468954,2026-07-06 17:24:28.954,C3:00:00:63:4D:09,-59,127,3.0,4.0,1.5
1783351468961,2026-07-06 17:24:28.961,C3:00:00:63:4D:05,-72,127,3.0,4.0,1.5
1783351468980,2026-07-06 17:24:28.980,C3:00:00:63:4D:0A,-56,127,3.0,4.0,1.5
1783351469066,2026-07-06 17:24:29.066,C3:00:00:63:4D:05,-54,127,3.0,4.0,1.5
1783351469070,2026-07-06 17:24:29.070,C3:00:00:63:4D:09,-55,127,3.0,4.0,1.5
1783351469076,2026-07-06 17:24:29.076,C3:00:00:63:4D:04,-57,127,3.0,4.0,1.5
1783351469081,2026-07-06 17:24:29.081,C3:00:00:63:4D:0A,-69,127,3.0,4.0,1.5
1783351469093,2026-07-06 17:24:29.093,C3:00:00:63:4D:08,-59,127,3.0,4.0,1.5
1783351469094,2026-07-06 17:24:29.094,C3:00:00:63:4D:07,-72,127,3.0,4.0,1.5
1783351469108,2026-07-06 17:24:29.108,C3:00:00:63:4D:0A,-62,127,3.0,4.0,1.5
1783351469111,2026-07-06 17:24:29.111,C3:00:00:63:4C:D2,-57,127,3.0,4.0,1.5
1783351469172,2026-07-06 17:24:29.172,C3:00:00:63:4D:05,-56,127,3.0,4.0,1.5
1783351469180,2026-07-06 17:24:29.180,C3:00:00:63:4D:07,-66,127,3.0,4.0,1.5
1783351469185,2026-07-06 17:24:29.185,C3:00:00:63:4D:0A,-62,127,3.0,4.0,1.5
1783351469207,2026-07-06 17:24:29.207,C3:00:00:63:4D:08,-53,127,3.0,4.0,1.5
1783351469248,2026-07-06 17:24:29.248,C3:00:00:63:4C:D2,-68,127,3.0,4.0,1.5
1783351469264,2026-07-06 17:24:29.264,C3:00:00:63:4D:05,-70,127,3.0,4.0,1.5
1783351469276,2026-07-06 17:24:29.276,C3:00:00:63:4D:07,-65,127,3.0,4.0,1.5
1783351469284,2026-07-06 17:24:29.284,C3:00:00:63:4D:04,-56,127,3.0,4.0,1.5
1783351469292,2026-07-06 17:24:29.292,C3:00:00:63:4D:09,-62,127,3.0,4.0,1.5
1783351469295,2026-07-06 17:24:29.295,C3:00:00:63:4D:07,-64,127,3.0,4.0,1.5
1783351469297,2026-07-06 17:24:29.297,C3:00:00:63:4D:0A,-58,127,3.0,4.0,1.5
1783351469311,2026-07-06 17:24:29.311,C3:00:00:63:4D:09,-54,127,3.0,4.0,1.5
1783351469318,2026-07-06 17:24:29.318,C3:00:00:63:4D:08,-56,127,3.0,4.0,1.5
1783351469325,2026-07-06 17:24:29.325,C3:00:00:63:4D:0D,-52,127,3.0,4.0,1.5
1783351469329,2026-07-06 17:24:29.329,C3:00:00:63:4C:D2,-55,127,3.0,4.0,1.5
1783351469384,2026-07-06 17:24:29.384,C3:00:00:63:4D:07,-62,127,3.0,4.0,1.5
1783351469388,2026-07-06 17:24:29.388,C3:00:00:63:4D:04,-56,127,3.0,4.0,1.5
1783351469406,2026-07-06 17:24:29.406,C3:00:00:63:4D:0A,-74,127,3.0,4.0,1.5
1783351469410,2026-07-06 17:24:29.410,C3:00:00:63:4D:09,-54,127,3.0,4.0,1.5
1783351469413,2026-07-06 17:24:29.413,C3:00:00:63:4D:0D,-50,127,3.0,4.0,1.5
1783351469420,2026-07-06 17:24:29.420,C3:00:00:63:4D:08,-52,127,3.0,4.0,1.5
1783351469428,2026-07-06 17:24:29.428,C3:00:00:63:4C:D2,-56,127,3.0,4.0,1.5
1783351469437,2026-07-06 17:24:29.437,C3:00:00:63:4D:0D,-54,127,3.0,4.0,1.5
1783351469474,2026-07-06 17:24:29.474,C3:00:00:63:4D:05,-58,127,3.0,4.0,1.5
1783351469479,2026-07-06 17:24:29.479,C3:00:00:63:4D:07,-63,127,3.0,4.0,1.5
1783351469484,2026-07-06 17:24:29.484,C3:00:00:63:4D:08,-50,127,3.0,4.0,1.5
1783351469493,2026-07-06 17:24:29.493,C3:00:00:63:4D:04,-60,127,3.0,4.0,1.5
1783351469501,2026-07-06 17:24:29.501,C3:00:00:63:4D:0A,-62,127,3.0,4.0,1.5
1783351469522,2026-07-06 17:24:29.522,C3:00:00:63:4D:09,-58,127,3.0,4.0,1.5
1783351469535,2026-07-06 17:24:29.535,C3:00:00:63:4C:D2,-64,127,3.0,4.0,1.5
1783351469542,2026-07-06 17:24:29.542,C3:00:00:63:4D:0D,-54,127,3.0,4.0,1.5
1783351469545,2026-07-06 17:24:29.545,C3:00:00:63:4D:08,-54,127,3.0,4.0,1.5
1783351469573,2026-07-06 17:24:29.573,C3:00:00:63:4D:05,-73,127,3.0,4.0,1.5
1783351469578,2026-07-06 17:24:29.578,C3:00:00:63:4D:07,-60,127,3.0,4.0,1.5
1783351469586,2026-07-06 17:24:29.586,C3:00:00:63:4D:04,-56,127,3.0,4.0,1.5
1783351469611,2026-07-06 17:24:29.611,C3:00:00:63:4D:0A,-70,127,3.0,4.0,1.5
1783351469629,2026-07-06 17:24:29.629,C3:00:00:63:4D:07,-72,127,3.0,4.0,1.5
1783351469642,2026-07-06 17:24:29.642,C3:00:00:63:4D:09,-55,127,3.0,4.0,1.5
1783351469645,2026-07-06 17:24:29.645,C3:00:00:63:4C:D2,-56,127,3.0,4.0,1.5
1783351469652,2026-07-06 17:24:29.652,C3:00:00:63:4D:0D,-50,127,3.0,4.0,1.5
1783351469664,2026-07-06 17:24:29.664,C3:00:00:63:4D:08,-55,127,3.0,4.0,1.5
1783351469676,2026-07-06 17:24:29.676,C3:00:00:63:4D:05,-55,127,3.0,4.0,1.5
1783351469679,2026-07-06 17:24:29.679,C3:00:00:63:4D:07,-70,127,3.0,4.0,1.5
1783351469696,2026-07-06 17:24:29.696,C3:00:00:63:4D:04,-56,127,3.0,4.0,1.5
1783351469722,2026-07-06 17:24:29.722,C3:00:00:63:4D:0A,-63,127,3.0,4.0,1.5
1783351469731,2026-07-06 17:24:29.731,C3:00:00:63:4D:05,-58,127,3.0,4.0,1.5
1783351469749,2026-07-06 17:24:29.749,C3:00:00:63:4C:D2,-59,127,3.0,4.0,1.5
1783351469753,2026-07-06 17:24:29.753,C3:00:00:63:4D:09,-58,127,3.0,4.0,1.5
1783351469758,2026-07-06 17:24:29.758,C3:00:00:63:4D:0D,-57,127,3.0,4.0,1.5
1783351469775,2026-07-06 17:24:29.775,C3:00:00:63:4D:05,-58,127,3.0,4.0,1.5
1783351469801,2026-07-06 17:24:29.801,C3:00:00:63:4D:04,-61,127,3.0,4.0,1.5
1783351469822,2026-07-06 17:24:29.822,C3:00:00:63:4D:0A,-62,127,3.0,4.0,1.5
1783351469853,2026-07-06 17:24:29.853,C3:00:00:63:4C:D2,-63,127,3.0,4.0,1.5
1783351469858,2026-07-06 17:24:29.858,C3:00:00:63:4D:09,-61,127,3.0,4.0,1.5
1783351469862,2026-07-06 17:24:29.862,C3:00:00:63:4D:0D,-55,127,3.0,4.0,1.5
1783351469876,2026-07-06 17:24:29.876,C3:00:00:63:4D:07,-60,127,3.0,4.0,1.5
1783351469893,2026-07-06 17:24:29.893,C3:00:00:63:4D:08,-53,127,3.0,4.0,1.5
1783351469901,2026-07-06 17:24:29.901,C3:00:00:63:4D:04,-56,127,3.0,4.0,1.5
1783351469924,2026-07-06 17:24:29.924,C3:00:00:63:4D:0A,-60,127,3.0,4.0,1.5
1783351469966,2026-07-06 17:24:29.966,C3:00:00:63:4C:D2,-56,127,3.0,4.0,1.5
1783351469972,2026-07-06 17:24:29.972,C3:00:00:63:4D:0D,-49,127,3.0,4.0,1.5
1783351469977,2026-07-06 17:24:29.977,C3:00:00:63:4D:07,-65,127,3.0,4.0,1.5
1783351470002,2026-07-06 17:24:30.002,C3:00:00:63:4D:04,-55,127,3.0,4.0,1.5
1783351470013,2026-07-06 17:24:30.013,C3:00:00:63:4D:08,-53,127,3.0,4.0,1.5
1783351470068,2026-07-06 17:24:30.068,C3:00:00:63:4C:D2,-56,127,3.0,4.0,1.5
1783351470089,2026-07-06 17:24:30.089,C3:00:00:63:4D:07,-66,127,3.0,4.0,1.5
1783351470093,2026-07-06 17:24:30.093,C3:00:00:63:4D:0D,-56,127,3.0,4.0,1.5
1783351470097,2026-07-06 17:24:30.097,C3:00:00:63:4C:D2,-56,127,3.0,4.0,1.5
1783351470101,2026-07-06 17:24:30.101,C3:00:00:63:4D:09,-57,127,3.0,4.0,1.5
1783351470106,2026-07-06 17:24:30.106,C3:00:00:63:4D:04,-61,127,3.0,4.0,1.5
1783351470125,2026-07-06 17:24:30.125,C3:00:00:63:4D:08,-54,127,3.0,4.0,1.5
1783351470136,2026-07-06 17:24:30.136,C3:00:00:63:4D:0A,-67,127,3.0,4.0,1.5
1783351470174,2026-07-06 17:24:30.174,C3:00:00:63:4C:D2,-64,127,3.0,4.0,1.5
1783351470179,2026-07-06 17:24:30.179,C3:00:00:63:4D:07,-63,127,3.0,4.0,1.5
1783351470195,2026-07-06 17:24:30.195,C3:00:00:63:4D:0D,-56,127,3.0,4.0,1.5
1783351470202,2026-07-06 17:24:30.202,C3:00:00:63:4D:09,-59,127,3.0,4.0,1.5
1783351470209,2026-07-06 17:24:30.209,C3:00:00:63:4D:04,-58,127,3.0,4.0,1.5
1783351470234,2026-07-06 17:24:30.234,C3:00:00:63:4D:0A,-57,127,3.0,4.0,1.5
1783351470240,2026-07-06 17:24:30.240,C3:00:00:63:4D:08,-63,127,3.0,4.0,1.5
1783351470278,2026-07-06 17:24:30.278,C3:00:00:63:4D:05,-55,127,3.0,4.0,1.5
1783351470281,2026-07-06 17:24:30.281,C3:00:00:63:4C:D2,-56,127,3.0,4.0,1.5
1783351470318,2026-07-06 17:24:30.318,C3:00:00:63:4D:04,-63,127,3.0,4.0,1.5
1783351470352,2026-07-06 17:24:30.352,C3:00:00:63:4D:08,-52,127,3.0,4.0,1.5
1783351470375,2026-07-06 17:24:30.375,C3:00:00:63:4D:08,-51,127,3.0,4.0,1.5
1783351470379,2026-07-06 17:24:30.379,C3:00:00:63:4D:07,-82,127,3.0,4.0,1.5
1783351470404,2026-07-06 17:24:30.404,C3:00:00:63:4D:0D,-56,127,3.0,4.0,1.5
1783351470420,2026-07-06 17:24:30.420,C3:00:00:63:4D:04,-55,127,3.0,4.0,1.5
1783351470436,2026-07-06 17:24:30.436,C3:00:00:63:4D:09,-62,127,3.0,4.0,1.5
1783351470451,2026-07-06 17:24:30.451,C3:00:00:63:4D:0A,-62,127,3.0,4.0,1.5
1783351470468,2026-07-06 17:24:30.468,C3:00:00:63:4D:08,-51,127,3.0,4.0,1.5
1783351470475,2026-07-06 17:24:30.475,C3:00:00:63:4D:07,-66,127,3.0,4.0,1.5
1783351470478,2026-07-06 17:24:30.478,C3:00:00:63:4D:05,-68,127,3.0,4.0,1.5
1783351470496,2026-07-06 17:24:30.496,C3:00:00:63:4C:D2,-69,127,3.0,4.0,1.5
1783351470511,2026-07-06 17:24:30.511,C3:00:00:63:4D:0D,-49,127,3.0,4.0,1.5
1783351470525,2026-07-06 17:24:30.525,C3:00:00:63:4D:04,-55,127,3.0,4.0,1.5
1783351470543,2026-07-06 17:24:30.543,C3:00:00:63:4D:09,-54,127,3.0,4.0,1.5
1783351470559,2026-07-06 17:24:30.559,C3:00:00:63:4D:0A,-58,127,3.0,4.0,1.5
1783351470566,2026-07-06 17:24:30.566,C3:00:00:63:4D:09,-54,127,3.0,4.0,1.5
1783351470574,2026-07-06 17:24:30.574,C3:00:00:63:4D:07,-63,127,3.0,4.0,1.5
1783351470577,2026-07-06 17:24:30.577,C3:00:00:63:4D:05,-56,127,3.0,4.0,1.5
1783351470585,2026-07-06 17:24:30.585,C3:00:00:63:4D:08,-60,127,3.0,4.0,1.5
1783351470592,2026-07-06 17:24:30.592,C3:00:00:63:4C:D2,-58,127,3.0,4.0,1.5
1783351470671,2026-07-06 17:24:30.671,C3:00:00:63:4D:09,-58,127,3.0,4.0,1.5
1783351470676,2026-07-06 17:24:30.676,C3:00:00:63:4D:07,-66,127,3.0,4.0,1.5
1783351470681,2026-07-06 17:24:30.681,C3:00:00:63:4D:05,-59,127,3.0,4.0,1.5
1783351470697,2026-07-06 17:24:30.697,C3:00:00:63:4D:08,-50,127,3.0,4.0,1.5
1783351470709,2026-07-06 17:24:30.709,C3:00:00:63:4C:D2,-57,127,3.0,4.0,1.5
1783351470725,2026-07-06 17:24:30.725,C3:00:00:63:4D:04,-59,127,3.0,4.0,1.5
1783351470732,2026-07-06 17:24:30.732,C3:00:00:63:4D:0D,-55,127,3.0,4.0,1.5
1783351470749,2026-07-06 17:24:30.749,C3:00:00:63:4D:0A,-57,127,3.0,4.0,1.5
1783351470781,2026-07-06 17:24:30.781,C3:00:00:63:4D:07,-63,127,3.0,4.0,1.5
1783351470786,2026-07-06 17:24:30.786,C3:00:00:63:4D:05,-70,127,3.0,4.0,1.5
1783351470809,2026-07-06 17:24:30.809,C3:00:00:63:4C:D2,-66,127,3.0,4.0,1.5
1783351470830,2026-07-06 17:24:30.830,C3:00:00:63:4D:04,-57,127,3.0,4.0,1.5
1783351470836,2026-07-06 17:24:30.836,C3:00:00:63:4D:0D,-49,127,3.0,4.0,1.5
1783351470849,2026-07-06 17:24:30.849,C3:00:00:63:4C:D2,-60,127,3.0,4.0,1.5
1783351470855,2026-07-06 17:24:30.855,C3:00:00:63:4D:0D,-49,127,3.0,4.0,1.5
1783351470873,2026-07-06 17:24:30.873,C3:00:00:63:4D:0A,-62,127,3.0,4.0,1.5
1783351470875,2026-07-06 17:24:30.875,C3:00:00:63:4D:07,-64,127,3.0,4.0,1.5
1783351470881,2026-07-06 17:24:30.881,C3:00:00:63:4D:05,-58,127,3.0,4.0,1.5
1783351470886,2026-07-06 17:24:30.886,C3:00:00:63:4D:09,-54,127,3.0,4.0,1.5
1783351470891,2026-07-06 17:24:30.891,C3:00:00:63:4C:D2,-66,127,3.0,4.0,1.5
1783351470920,2026-07-06 17:24:30.920,C3:00:00:63:4C:D2,-56,127,3.0,4.0,1.5
1783351470926,2026-07-06 17:24:30.926,C3:00:00:63:4D:08,-54,127,3.0,4.0,1.5
1783351470947,2026-07-06 17:24:30.947,C3:00:00:63:4D:0D,-52,127,3.0,4.0,1.5
1783351470979,2026-07-06 17:24:30.979,C3:00:00:63:4D:07,-63,127,3.0,4.0,1.5
1783351470981,2026-07-06 17:24:30.981,C3:00:00:63:4D:0A,-58,127,3.0,4.0,1.5
1783351470985,2026-07-06 17:24:30.985,C3:00:00:63:4D:05,-56,127,3.0,4.0,1.5
1783351471003,2026-07-06 17:24:31.003,C3:00:00:63:4D:09,-58,127,3.0,4.0,1.5
1783351471021,2026-07-06 17:24:31.021,C3:00:00:63:4C:D2,-64,127,3.0,4.0,1.5
1783351471036,2026-07-06 17:24:31.036,C3:00:00:63:4D:04,-57,127,3.0,4.0,1.5
1783351471051,2026-07-06 17:24:31.051,C3:00:00:63:4D:0D,-54,127,3.0,4.0,1.5
1783351471073,2026-07-06 17:24:31.073,C3:00:00:63:4D:07,-65,127,3.0,4.0,1.5
1783351471078,2026-07-06 17:24:31.078,C3:00:00:63:4D:0A,-58,127,3.0,4.0,1.5
1783351471084,2026-07-06 17:24:31.084,C3:00:00:63:4D:05,-65,127,3.0,4.0,1.5
1783351471113,2026-07-06 17:24:31.113,C3:00:00:63:4D:07,-66,127,3.0,4.0,1.5
1783351471116,2026-07-06 17:24:31.116,C3:00:00:63:4D:09,-55,127,3.0,4.0,1.5
1783351471129,2026-07-06 17:24:31.129,C3:00:00:63:4C:D2,-59,127,3.0,4.0,1.5
1783351471135,2026-07-06 17:24:31.135,C3:00:00:63:4D:04,-55,127,3.0,4.0,1.5
1783351471158,2026-07-06 17:24:31.158,C3:00:00:63:4D:08,-56,127,3.0,4.0,1.5
1783351471162,2026-07-06 17:24:31.162,C3:00:00:63:4D:0D,-50,127,3.0,4.0,1.5
1783351471174,2026-07-06 17:24:31.174,C3:00:00:63:4D:07,-63,127,3.0,4.0,1.5
1783351471186,2026-07-06 17:24:31.186,C3:00:00:63:4D:0A,-60,127,3.0,4.0,1.5
1783351471242,2026-07-06 17:24:31.242,C3:00:00:63:4C:D2,-58,127,3.0,4.0,1.5
1783351471244,2026-07-06 17:24:31.244,C3:00:00:63:4D:04,-66,127,3.0,4.0,1.5
1783351471265,2026-07-06 17:24:31.265,C3:00:00:63:4C:D2,-58,127,3.0,4.0,1.5
1783351471272,2026-07-06 17:24:31.272,C3:00:00:63:4D:08,-50,127,3.0,4.0,1.5
1783351471276,2026-07-06 17:24:31.276,C3:00:00:63:4D:07,-67,127,3.0,4.0,1.5
1783351471288,2026-07-06 17:24:31.288,C3:00:00:63:4D:0A,-61,127,3.0,4.0,1.5
1783351471292,2026-07-06 17:24:31.292,C3:00:00:63:4D:05,-58,127,3.0,4.0,1.5
1783351471294,2026-07-06 17:24:31.294,C3:00:00:63:4D:07,-66,127,3.0,4.0,1.5
1783351471307,2026-07-06 17:24:31.307,C3:00:00:63:4D:09,-58,127,3.0,4.0,1.5
1783351471342,2026-07-06 17:24:31.342,C3:00:00:63:4C:D2,-63,127,3.0,4.0,1.5
1783351471350,2026-07-06 17:24:31.350,C3:00:00:63:4D:09,-62,127,3.0,4.0,1.5
1783351471373,2026-07-06 17:24:31.373,C3:00:00:63:4D:0D,-58,127,3.0,4.0,1.5
1783351471386,2026-07-06 17:24:31.386,C3:00:00:63:4D:08,-54,127,3.0,4.0,1.5
1783351471417,2026-07-06 17:24:31.417,C3:00:00:63:4D:0D,-50,127,3.0,4.0,1.5
1783351471435,2026-07-06 17:24:31.435,C3:00:00:63:4D:0D,-58,127,3.0,4.0,1.5
1783351471443,2026-07-06 17:24:31.443,C3:00:00:63:4D:04,-58,127,3.0,4.0,1.5
1783351471450,2026-07-06 17:24:31.450,C3:00:00:63:4C:D2,-58,127,3.0,4.0,1.5
1783351471456,2026-07-06 17:24:31.456,C3:00:00:63:4D:09,-54,127,3.0,4.0,1.5
1783351471476,2026-07-06 17:24:31.476,C3:00:00:63:4D:07,-66,127,3.0,4.0,1.5
1783351471490,2026-07-06 17:24:31.490,C3:00:00:63:4D:05,-57,127,3.0,4.0,1.5
1783351471500,2026-07-06 17:24:31.500,C3:00:00:63:4D:0A,-61,127,3.0,4.0,1.5
1783351471507,2026-07-06 17:24:31.507,C3:00:00:63:4D:08,-67,127,3.0,4.0,1.5
1783351471555,2026-07-06 17:24:31.555,C3:00:00:63:4C:D2,-56,127,3.0,4.0,1.5
1783351471560,2026-07-06 17:24:31.560,C3:00:00:63:4D:04,-60,127,3.0,4.0,1.5
1783351471578,2026-07-06 17:24:31.578,C3:00:00:63:4D:09,-57,127,3.0,4.0,1.5
1783351471582,2026-07-06 17:24:31.582,C3:00:00:63:4D:07,-73,127,3.0,4.0,1.5
1783351471626,2026-07-06 17:24:31.626,C3:00:00:63:4D:08,-56,127,3.0,4.0,1.5
1783351471654,2026-07-06 17:24:31.654,C3:00:00:63:4D:04,-54,127,3.0,4.0,1.5
1783351471659,2026-07-06 17:24:31.659,C3:00:00:63:4C:D2,-66,127,3.0,4.0,1.5
1783351471676,2026-07-06 17:24:31.676,C3:00:00:63:4D:07,-62,127,3.0,4.0,1.5
1783351471693,2026-07-06 17:24:31.693,C3:00:00:63:4D:05,-74,127,3.0,4.0,1.5
1783351471697,2026-07-06 17:24:31.697,C3:00:00:63:4D:09,-61,127,3.0,4.0,1.5
1783351471699,2026-07-06 17:24:31.699,C3:00:00:63:4D:0D,-57,127,3.0,4.0,1.5
1783351471706,2026-07-06 17:24:31.706,C3:00:00:63:4D:0A,-65,127,3.0,4.0,1.5
1783351471734,2026-07-06 17:24:31.734,C3:00:00:63:4D:08,-57,127,3.0,4.0,1.5
1783351471749,2026-07-06 17:24:31.749,C3:00:00:63:4D:05,-55,127,3.0,4.0,1.5
1783351471756,2026-07-06 17:24:31.756,C3:00:00:63:4D:04,-58,127,3.0,4.0,1.5
1783351471773,2026-07-06 17:24:31.773,C3:00:00:63:4D:04,-58,127,3.0,4.0,1.5
1783351471795,2026-07-06 17:24:31.795,C3:00:00:63:4D:05,-55,127,3.0,4.0,1.5
1783351471811,2026-07-06 17:24:31.811,C3:00:00:63:4D:0D,-51,127,3.0,4.0,1.5
1783351471818,2026-07-06 17:24:31.818,C3:00:00:63:4D:0A,-64,127,3.0,4.0,1.5
1783351471849,2026-07-06 17:24:31.849,C3:00:00:63:4D:08,-50,127,3.0,4.0,1.5
1783351471880,2026-07-06 17:24:31.880,C3:00:00:63:4D:07,-70,127,3.0,4.0,1.5
1783351471901,2026-07-06 17:24:31.901,C3:00:00:63:4D:05,-56,127,3.0,4.0,1.5
1783351471918,2026-07-06 17:24:31.918,C3:00:00:63:4D:09,-60,127,3.0,4.0,1.5
1783351471938,2026-07-06 17:24:31.938,C3:00:00:63:4D:09,-60,127,3.0,4.0,1.5
1783351471972,2026-07-06 17:24:31.972,C3:00:00:63:4D:08,-54,127,3.0,4.0,1.5
1783351471976,2026-07-06 17:24:31.976,C3:00:00:63:4C:D2,-69,127,3.0,4.0,1.5
1783351471995,2026-07-06 17:24:31.995,C3:00:00:63:4D:05,-72,127,3.0,4.0,1.5
1783351472014,2026-07-06 17:24:32.014,C3:00:00:63:4D:04,-58,127,3.0,4.0,1.5
1783351472022,2026-07-06 17:24:32.022,C3:00:00:63:4D:0A,-73,127,3.0,4.0,1.5
1783351472033,2026-07-06 17:24:32.033,C3:00:00:63:4D:09,-54,127,3.0,4.0,1.5
1783351472076,2026-07-06 17:24:32.076,C3:00:00:63:4D:07,-72,127,3.0,4.0,1.5
1783351472084,2026-07-06 17:24:32.084,C3:00:00:63:4D:08,-60,127,3.0,4.0,1.5
1783351472095,2026-07-06 17:24:32.095,C3:00:00:63:4C:D2,-55,127,3.0,4.0,1.5
1783351472099,2026-07-06 17:24:32.099,C3:00:00:63:4D:05,-55,127,3.0,4.0,1.5
1783351472122,2026-07-06 17:24:32.122,C3:00:00:63:4D:0A,-69,127,3.0,4.0,1.5
1783351472130,2026-07-06 17:24:32.130,C3:00:00:63:4D:0D,-58,127,3.0,4.0,1.5
1783351472150,2026-07-06 17:24:32.150,C3:00:00:63:4D:09,-59,127,3.0,4.0,1.5
1783351472236,2026-07-06 17:24:32.236,C3:00:00:63:4D:0A,-57,127,3.0,4.0,1.5
1783351472245,2026-07-06 17:24:32.245,C3:00:00:63:4D:0D,-66,127,3.0,4.0,1.5
1783351472362,2026-07-06 17:24:32.362,C3:00:00:63:4D:08,-55,127,3.0,4.0,1.5
1783351472401,2026-07-06 17:24:32.401,C3:00:00:63:4C:D2,-55,127,3.0,4.0,1.5
1783351472426,2026-07-06 17:24:32.426,C3:00:00:63:4D:08,-54,127,3.0,4.0,1.5
1783351472491,2026-07-06 17:24:32.491,C3:00:00:63:4D:09,-59,127,3.0,4.0,1.5
1783351472509,2026-07-06 17:24:32.509,C3:00:00:63:4D:05,-58,127,3.0,4.0,1.5
1783351472538,2026-07-06 17:24:32.538,C3:00:00:63:4D:09,-61,127,3.0,4.0,1.5
1783351472585,2026-07-06 17:24:32.585,C3:00:00:63:4D:04,-56,127,3.0,4.0,1.5
1783351472604,2026-07-06 17:24:32.604,C3:00:00:63:4D:09,-62,127,3.0,4.0,1.5
1783351472677,2026-07-06 17:24:32.677,C3:00:00:63:4D:0D,-54,127,3.0,4.0,1.5
1783351472681,2026-07-06 17:24:32.681,C3:00:00:63:4D:07,-64,127,3.0,4.0,1.5
1783351472686,2026-07-06 17:24:32.686,C3:00:00:63:4D:04,-65,127,3.0,4.0,1.5
1783351472699,2026-07-06 17:24:32.699,C3:00:00:63:4D:04,-56,127,3.0,4.0,1.5
1783351472714,2026-07-06 17:24:32.714,C3:00:00:63:4D:09,-60,127,3.0,4.0,1.5
1783351472722,2026-07-06 17:24:32.722,C3:00:00:63:4C:D2,-54,127,3.0,4.0,1.5
1783351472757,2026-07-06 17:24:32.757,C3:00:00:63:4D:0A,-65,127,3.0,4.0,1.5
1783351472778,2026-07-06 17:24:32.778,C3:00:00:63:4D:07,-69,127,3.0,4.0,1.5
1783351472782,2026-07-06 17:24:32.782,C3:00:00:63:4D:08,-50,127,3.0,4.0,1.5
1783351472786,2026-07-06 17:24:32.786,C3:00:00:63:4D:0A,-65,127,3.0,4.0,1.5
1783351472790,2026-07-06 17:24:32.790,C3:00:00:63:4D:04,-62,127,3.0,4.0,1.5
1783351472805,2026-07-06 17:24:32.805,C3:00:00:63:4D:05,-54,127,3.0,4.0,1.5
1783351472820,2026-07-06 17:24:32.820,C3:00:00:63:4D:09,-65,127,3.0,4.0,1.5
1783351472823,2026-07-06 17:24:32.823,C3:00:00:63:4C:D2,-72,127,3.0,4.0,1.5
1783351472847,2026-07-06 17:24:32.847,C3:00:00:63:4C:D2,-68,127,3.0,4.0,1.5
1783351472870,2026-07-06 17:24:32.870,C3:00:00:63:4D:0A,-55,127,3.0,4.0,1.5
1783351472874,2026-07-06 17:24:32.874,C3:00:00:63:4D:0D,-51,127,3.0,4.0,1.5
1783351472877,2026-07-06 17:24:32.877,C3:00:00:63:4D:07,-59,127,3.0,4.0,1.5
1783351472931,2026-07-06 17:24:32.931,C3:00:00:63:4C:D2,-54,127,3.0,4.0,1.5
1783351472941,2026-07-06 17:24:32.941,C3:00:00:63:4D:09,-54,127,3.0,4.0,1.5
1783351472970,2026-07-06 17:24:32.970,C3:00:00:63:4D:0A,-66,127,3.0,4.0,1.5
1783351472975,2026-07-06 17:24:32.975,C3:00:00:63:4D:07,-63,127,3.0,4.0,1.5
1783351472995,2026-07-06 17:24:32.995,C3:00:00:63:4D:04,-56,127,3.0,4.0,1.5
1783351472998,2026-07-06 17:24:32.998,C3:00:00:63:4D:0D,-50,127,3.0,4.0,1.5
1783351473041,2026-07-06 17:24:33.041,C3:00:00:63:4C:D2,-54,127,3.0,4.0,1.5
1783351473057,2026-07-06 17:24:33.057,C3:00:00:63:4D:09,-56,127,3.0,4.0,1.5
1783351473074,2026-07-06 17:24:33.074,C3:00:00:63:4D:07,-62,127,3.0,4.0,1.5
1783351473099,2026-07-06 17:24:33.099,C3:00:00:63:4D:04,-60,127,3.0,4.0,1.5
1783351473104,2026-07-06 17:24:33.104,C3:00:00:63:4D:05,-54,127,3.0,4.0,1.5
1783351473108,2026-07-06 17:24:33.108,C3:00:00:63:4D:08,-58,127,3.0,4.0,1.5
1783351473116,2026-07-06 17:24:33.116,C3:00:00:63:4D:0A,-54,127,3.0,4.0,1.5
1783351473118,2026-07-06 17:24:33.118,C3:00:00:63:4D:07,-63,127,3.0,4.0,1.5
1783351473167,2026-07-06 17:24:33.167,C3:00:00:63:4D:09,-58,127,3.0,4.0,1.5
1783351473174,2026-07-06 17:24:33.174,C3:00:00:63:4D:07,-62,127,3.0,4.0,1.5
1783351473185,2026-07-06 17:24:33.185,C3:00:00:63:4D:0A,-54,127,3.0,4.0,1.5
1783351473199,2026-07-06 17:24:33.199,C3:00:00:63:4D:04,-56,127,3.0,4.0,1.5
1783351473203,2026-07-06 17:24:33.203,C3:00:00:63:4D:05,-69,127,3.0,4.0,1.5
1783351473212,2026-07-06 17:24:33.212,C3:00:00:63:4D:0D,-53,127,3.0,4.0,1.5
1783351473235,2026-07-06 17:24:33.235,C3:00:00:63:4D:08,-60,127,3.0,4.0,1.5
1783351473253,2026-07-06 17:24:33.253,C3:00:00:63:4C:D2,-54,127,3.0,4.0,1.5
1783351473275,2026-07-06 17:24:33.275,C3:00:00:63:4D:07,-73,127,3.0,4.0,1.5
1783351473279,2026-07-06 17:24:33.279,C3:00:00:63:4C:D2,-55,127,3.0,4.0,1.5
1783351473290,2026-07-06 17:24:33.290,C3:00:00:63:4D:0A,-70,127,3.0,4.0,1.5
1783351473295,2026-07-06 17:24:33.295,C3:00:00:63:4D:04,-57,127,3.0,4.0,1.5
1783351473310,2026-07-06 17:24:33.310,C3:00:00:63:4D:05,-58,127,3.0,4.0,1.5
1783351473323,2026-07-06 17:24:33.323,C3:00:00:63:4D:09,-58,127,3.0,4.0,1.5
1783351473341,2026-07-06 17:24:33.341,C3:00:00:63:4D:08,-56,127,3.0,4.0,1.5
1783351473348,2026-07-06 17:24:33.348,C3:00:00:63:4C:D2,-54,127,3.0,4.0,1.5
1783351473377,2026-07-06 17:24:33.377,C3:00:00:63:4D:07,-67,127,3.0,4.0,1.5
1783351473393,2026-07-06 17:24:33.393,C3:00:00:63:4D:0A,-66,127,3.0,4.0,1.5
1783351473396,2026-07-06 17:24:33.396,C3:00:00:63:4D:09,-56,127,3.0,4.0,1.5
1783351473401,2026-07-06 17:24:33.401,C3:00:00:63:4D:04,-60,127,3.0,4.0,1.5
1783351473414,2026-07-06 17:24:33.414,C3:00:00:63:4D:0D,-53,127,3.0,4.0,1.5
1783351473433,2026-07-06 17:24:33.433,C3:00:00:63:4D:08,-66,127,3.0,4.0,1.5
1783351473437,2026-07-06 17:24:33.437,C3:00:00:63:4D:0D,-52,127,3.0,4.0,1.5
1783351473454,2026-07-06 17:24:33.454,C3:00:00:63:4D:08,-66,127,3.0,4.0,1.5
1783351473466,2026-07-06 17:24:33.466,C3:00:00:63:4C:D2,-64,127,3.0,4.0,1.5
1783351473473,2026-07-06 17:24:33.473,C3:00:00:63:4D:07,-62,127,3.0,4.0,1.5
1783351473486,2026-07-06 17:24:33.486,C3:00:00:63:4D:08,-64,127,3.0,4.0,1.5
1783351473488,2026-07-06 17:24:33.488,C3:00:00:63:4D:0A,-55,127,3.0,4.0,1.5
1783351473513,2026-07-06 17:24:33.513,C3:00:00:63:4D:09,-58,127,3.0,4.0,1.5
1783351473530,2026-07-06 17:24:33.530,C3:00:00:63:4D:05,-58,127,3.0,4.0,1.5
1783351473570,2026-07-06 17:24:33.570,C3:00:00:63:4C:D2,-62,127,3.0,4.0,1.5
1783351473574,2026-07-06 17:24:33.574,C3:00:00:63:4D:08,-59,127,3.0,4.0,1.5
1783351473597,2026-07-06 17:24:33.597,C3:00:00:63:4D:0A,-64,127,3.0,4.0,1.5
1783351473608,2026-07-06 17:24:33.608,C3:00:00:63:4D:05,-55,127,3.0,4.0,1.5
1783351473679,2026-07-06 17:24:33.679,C3:00:00:63:4C:D2,-58,127,3.0,4.0,1.5
1783351473689,2026-07-06 17:24:33.689,C3:00:00:63:4D:08,-54,127,3.0,4.0,1.5
1783351473708,2026-07-06 17:24:33.708,C3:00:00:63:4D:0A,-61,127,3.0,4.0,1.5
1783351473713,2026-07-06 17:24:33.713,C3:00:00:63:4D:05,-72,127,3.0,4.0,1.5
1783351473749,2026-07-06 17:24:33.749,C3:00:00:63:4D:0D,-50,127,3.0,4.0,1.5
1783351473772,2026-07-06 17:24:33.772,C3:00:00:63:4D:07,-64,127,3.0,4.0,1.5
1783351473778,2026-07-06 17:24:33.778,C3:00:00:63:4C:D2,-62,127,3.0,4.0,1.5
1783351473806,2026-07-06 17:24:33.806,C3:00:00:63:4D:0A,-57,127,3.0,4.0,1.5
1783351473810,2026-07-06 17:24:33.810,C3:00:00:63:4D:05,-60,127,3.0,4.0,1.5
1783351473814,2026-07-06 17:24:33.814,C3:00:00:63:4D:04,-58,127,3.0,4.0,1.5
1783351473852,2026-07-06 17:24:33.852,C3:00:00:63:4D:09,-55,127,3.0,4.0,1.5
1783351473865,2026-07-06 17:24:33.865,C3:00:00:63:4D:0D,-51,127,3.0,4.0,1.5
1783351473876,2026-07-06 17:24:33.876,C3:00:00:63:4D:07,-64,127,3.0,4.0,1.5
1783351473884,2026-07-06 17:24:33.884,C3:00:00:63:4C:D2,-59,127,3.0,4.0,1.5
1783351473994,2026-07-06 17:24:33.994,C3:00:00:63:4C:D2,-56,127,3.0,4.0,1.5
1783351474017,2026-07-06 17:24:34.017,C3:00:00:63:4D:05,-68,127,3.0,4.0,1.5
1783351474022,2026-07-06 17:24:34.022,C3:00:00:63:4D:0A,-56,127,3.0,4.0,1.5
1783351474043,2026-07-06 17:24:34.043,C3:00:00:63:4D:08,-55,127,3.0,4.0,1.5
1783351474048,2026-07-06 17:24:34.048,C3:00:00:63:4D:04,-59,127,3.0,4.0,1.5
1783351474066,2026-07-06 17:24:34.066,C3:00:00:63:4D:07,-61,127,3.0,4.0,1.5
1783351474068,2026-07-06 17:24:34.068,C3:00:00:63:4D:0D,-54,127,3.0,4.0,1.5
1783351474070,2026-07-06 17:24:34.070,C3:00:00:63:4C:D2,-60,127,3.0,4.0,1.5
1783351474073,2026-07-06 17:24:34.073,C3:00:00:63:4D:09,-64,127,3.0,4.0,1.5
1783351474095,2026-07-06 17:24:34.095,C3:00:00:63:4C:D2,-58,127,3.0,4.0,1.5
1783351474119,2026-07-06 17:24:34.119,C3:00:00:63:4D:05,-60,127,3.0,4.0,1.5
1783351474122,2026-07-06 17:24:34.122,C3:00:00:63:4D:0A,-61,127,3.0,4.0,1.5
1783351474124,2026-07-06 17:24:34.124,C3:00:00:63:4D:04,-60,127,3.0,4.0,1.5
1783351474147,2026-07-06 17:24:34.147,C3:00:00:63:4D:08,-59,127,3.0,4.0,1.5
1783351474197,2026-07-06 17:24:34.197,C3:00:00:63:4D:09,-56,127,3.0,4.0,1.5
1783351474220,2026-07-06 17:24:34.220,C3:00:00:63:4D:05,-52,127,3.0,4.0,1.5
1783351474268,2026-07-06 17:24:34.268,C3:00:00:63:4D:08,-52,127,3.0,4.0,1.5
1783351474296,2026-07-06 17:24:34.296,C3:00:00:63:4D:0D,-52,127,3.0,4.0,1.5
1783351474314,2026-07-06 17:24:34.314,C3:00:00:63:4D:05,-66,127,3.0,4.0,1.5
1783351474318,2026-07-06 17:24:34.318,C3:00:00:63:4D:0A,-62,127,3.0,4.0,1.5
1783351474339,2026-07-06 17:24:34.339,C3:00:00:63:4D:0A,-54,127,3.0,4.0,1.5
1783351474357,2026-07-06 17:24:34.357,C3:00:00:63:4D:05,-71,127,3.0,4.0,1.5
1783351474362,2026-07-06 17:24:34.362,C3:00:00:63:4D:08,-54,127,3.0,4.0,1.5
1783351474370,2026-07-06 17:24:34.370,C3:00:00:63:4D:07,-68,127,3.0,4.0,1.5
1783351474385,2026-07-06 17:24:34.385,C3:00:00:63:4D:08,-53,127,3.0,4.0,1.5
1783351474397,2026-07-06 17:24:34.397,C3:00:00:63:4D:0D,-52,127,3.0,4.0,1.5
1783351474411,2026-07-06 17:24:34.411,C3:00:00:63:4C:D2,-58,127,3.0,4.0,1.5
1783351474419,2026-07-06 17:24:34.419,C3:00:00:63:4D:09,-54,127,3.0,4.0,1.5
1783351474437,2026-07-06 17:24:34.437,C3:00:00:63:4D:04,-62,127,3.0,4.0,1.5
1783351474445,2026-07-06 17:24:34.445,C3:00:00:63:4D:0A,-70,127,3.0,4.0,1.5
1783351474477,2026-07-06 17:24:34.477,C3:00:00:63:4D:07,-63,127,3.0,4.0,1.5
1783351474494,2026-07-06 17:24:34.494,C3:00:00:63:4D:08,-62,127,3.0,4.0,1.5
1783351474513,2026-07-06 17:24:34.513,C3:00:00:63:4D:0D,-61,127,3.0,4.0,1.5
1783351474524,2026-07-06 17:24:34.524,C3:00:00:63:4D:05,-50,127,3.0,4.0,1.5
1783351474533,2026-07-06 17:24:34.533,C3:00:00:63:4C:D2,-55,127,3.0,4.0,1.5
1783351474537,2026-07-06 17:24:34.537,C3:00:00:63:4D:09,-58,127,3.0,4.0,1.5
1783351474547,2026-07-06 17:24:34.547,C3:00:00:63:4D:0A,-65,127,3.0,4.0,1.5
1783351474555,2026-07-06 17:24:34.555,C3:00:00:63:4D:09,-60,127,3.0,4.0,1.5
1783351474570,2026-07-06 17:24:34.570,C3:00:00:63:4D:07,-65,127,3.0,4.0,1.5
1783351474620,2026-07-06 17:24:34.620,C3:00:00:63:4D:05,-75,127,3.0,4.0,1.5
1783351474624,2026-07-06 17:24:34.624,C3:00:00:63:4D:0D,-52,127,3.0,4.0,1.5
1783351474642,2026-07-06 17:24:34.642,C3:00:00:63:4D:04,-61,127,3.0,4.0,1.5
1783351474646,2026-07-06 17:24:34.646,C3:00:00:63:4D:09,-59,127,3.0,4.0,1.5
1783351474651,2026-07-06 17:24:34.651,C3:00:00:63:4D:0A,-54,127,3.0,4.0,1.5
1783351474661,2026-07-06 17:24:34.661,C3:00:00:63:4D:04,-61,127,3.0,4.0,1.5
1783351474674,2026-07-06 17:24:34.674,C3:00:00:63:4D:07,-63,127,3.0,4.0,1.5
1783351474730,2026-07-06 17:24:34.730,C3:00:00:63:4D:08,-55,127,3.0,4.0,1.5
1783351474735,2026-07-06 17:24:34.735,C3:00:00:63:4D:05,-58,127,3.0,4.0,1.5
1783351474740,2026-07-06 17:24:34.740,C3:00:00:63:4C:D2,-58,127,3.0,4.0,1.5
1783351474752,2026-07-06 17:24:34.752,C3:00:00:63:4D:04,-64,127,3.0,4.0,1.5
1783351474757,2026-07-06 17:24:34.757,C3:00:00:63:4D:0A,-72,127,3.0,4.0,1.5
1783351474772,2026-07-06 17:24:34.772,C3:00:00:63:4D:09,-61,127,3.0,4.0,1.5
1783351474773,2026-07-06 17:24:34.773,C3:00:00:63:4D:07,-62,127,3.0,4.0,1.5
1783351474797,2026-07-06 17:24:34.797,C3:00:00:63:4D:05,-58,127,3.0,4.0,1.5
1783351474840,2026-07-06 17:24:34.840,C3:00:00:63:4D:0D,-56,127,3.0,4.0,1.5
1783351474844,2026-07-06 17:24:34.844,C3:00:00:63:4C:D2,-54,127,3.0,4.0,1.5
1783351474855,2026-07-06 17:24:34.855,C3:00:00:63:4D:04,-63,127,3.0,4.0,1.5
1783351474873,2026-07-06 17:24:34.873,C3:00:00:63:4D:07,-60,127,3.0,4.0,1.5
1783351474877,2026-07-06 17:24:34.877,C3:00:00:63:4D:0D,-57,127,3.0,4.0,1.5
1783351474882,2026-07-06 17:24:34.882,C3:00:00:63:4D:09,-61,127,3.0,4.0,1.5
1783351474899,2026-07-06 17:24:34.899,C3:00:00:63:4C:D2,-60,127,3.0,4.0,1.5
1783351474925,2026-07-06 17:24:34.925,C3:00:00:63:4D:05,-60,127,3.0,4.0,1.5
1783351474936,2026-07-06 17:24:34.936,C3:00:00:63:4D:0D,-54,127,3.0,4.0,1.5
1783351474948,2026-07-06 17:24:34.948,C3:00:00:63:4C:D2,-61,127,3.0,4.0,1.5
1783351474953,2026-07-06 17:24:34.953,C3:00:00:63:4D:04,-58,127,3.0,4.0,1.5
1783351474961,2026-07-06 17:24:34.961,C3:00:00:63:4D:0A,-58,127,3.0,4.0,1.5
1783351474970,2026-07-06 17:24:34.970,C3:00:00:63:4D:07,-61,127,3.0,4.0,1.5
1783351474989,2026-07-06 17:24:34.989,C3:00:00:63:4D:09,-61,127,3.0,4.0,1.5
1783351475030,2026-07-06 17:24:35.030,C3:00:00:63:4D:05,-55,127,3.0,4.0,1.5
1783351475051,2026-07-06 17:24:35.051,C3:00:00:63:4C:D2,-53,127,3.0,4.0,1.5
1783351475055,2026-07-06 17:24:35.055,C3:00:00:63:4D:0D,-51,127,3.0,4.0,1.5
1783351475059,2026-07-06 17:24:35.059,C3:00:00:63:4D:04,-57,127,3.0,4.0,1.5
1783351475081,2026-07-06 17:24:35.081,C3:00:00:63:4D:0A,-70,127,3.0,4.0,1.5
1783351475107,2026-07-06 17:24:35.107,C3:00:00:63:4D:09,-61,127,3.0,4.0,1.5
1783351475122,2026-07-06 17:24:35.122,C3:00:00:63:4D:0A,-59,127,3.0,4.0,1.5
1783351475127,2026-07-06 17:24:35.127,C3:00:00:63:4D:05,-55,127,3.0,4.0,1.5
1783351475135,2026-07-06 17:24:35.135,C3:00:00:63:4D:07,-67,127,3.0,4.0,1.5
1783351475154,2026-07-06 17:24:35.154,C3:00:00:63:4D:04,-60,127,3.0,4.0,1.5
1783351475158,2026-07-06 17:24:35.158,C3:00:00:63:4C:D2,-60,127,3.0,4.0,1.5
1783351475163,2026-07-06 17:24:35.163,C3:00:00:63:4D:0D,-56,127,3.0,4.0,1.5
1783351475174,2026-07-06 17:24:35.174,C3:00:00:63:4D:07,-62,127,3.0,4.0,1.5
1783351475179,2026-07-06 17:24:35.179,C3:00:00:63:4D:0A,-60,127,3.0,4.0,1.5
1783351475185,2026-07-06 17:24:35.185,C3:00:00:63:4D:08,-52,127,3.0,4.0,1.5
1783351475228,2026-07-06 17:24:35.228,C3:00:00:63:4D:09,-64,127,3.0,4.0,1.5
1783351475233,2026-07-06 17:24:35.233,C3:00:00:63:4D:05,-61,127,3.0,4.0,1.5
1783351475268,2026-07-06 17:24:35.268,C3:00:00:63:4D:04,-53,127,3.0,4.0,1.5
1783351475273,2026-07-06 17:24:35.273,C3:00:00:63:4D:07,-62,127,3.0,4.0,1.5
1783351475277,2026-07-06 17:24:35.277,C3:00:00:63:4D:0A,-54,127,3.0,4.0,1.5
1783351475297,2026-07-06 17:24:35.297,C3:00:00:63:4D:08,-61,127,3.0,4.0,1.5
1783351475300,2026-07-06 17:24:35.300,C3:00:00:63:4C:D2,-68,127,3.0,4.0,1.5
1783351475305,2026-07-06 17:24:35.305,C3:00:00:63:4D:07,-61,127,3.0,4.0,1.5
1783351475326,2026-07-06 17:24:35.326,C3:00:00:63:4D:05,-53,127,3.0,4.0,1.5
1783351475333,2026-07-06 17:24:35.333,C3:00:00:63:4D:09,-60,127,3.0,4.0,1.5
1783351475352,2026-07-06 17:24:35.352,C3:00:00:63:4D:09,-60,127,3.0,4.0,1.5
1783351475366,2026-07-06 17:24:35.366,C3:00:00:63:4D:04,-54,127,3.0,4.0,1.5
1783351475371,2026-07-06 17:24:35.371,C3:00:00:63:4D:07,-63,127,3.0,4.0,1.5
1783351475377,2026-07-06 17:24:35.377,C3:00:00:63:4D:0D,-52,127,3.0,4.0,1.5
1783351475386,2026-07-06 17:24:35.386,C3:00:00:63:4D:0A,-65,127,3.0,4.0,1.5
1783351475413,2026-07-06 17:24:35.413,C3:00:00:63:4D:0D,-58,127,3.0,4.0,1.5
1783351475417,2026-07-06 17:24:35.417,C3:00:00:63:4D:08,-50,127,3.0,4.0,1.5
1783351475431,2026-07-06 17:24:35.431,C3:00:00:63:4D:05,-59,127,3.0,4.0,1.5
1783351475435,2026-07-06 17:24:35.435,C3:00:00:63:4D:0D,-65,127,3.0,4.0,1.5
1783351475463,2026-07-06 17:24:35.463,C3:00:00:63:4D:04,-62,127,3.0,4.0,1.5
1783351475473,2026-07-06 17:24:35.473,C3:00:00:63:4D:07,-66,127,3.0,4.0,1.5
1783351475485,2026-07-06 17:24:35.485,C3:00:00:63:4D:08,-50,127,3.0,4.0,1.5
1783351475494,2026-07-06 17:24:35.494,C3:00:00:63:4D:0A,-58,127,3.0,4.0,1.5
1783351475515,2026-07-06 17:24:35.515,C3:00:00:63:4D:08,-61,127,3.0,4.0,1.5
1783351475534,2026-07-06 17:24:35.534,C3:00:00:63:4D:05,-65,127,3.0,4.0,1.5
1783351475537,2026-07-06 17:24:35.537,C3:00:00:63:4D:08,-54,127,3.0,4.0,1.5
1783351475570,2026-07-06 17:24:35.570,C3:00:00:63:4D:09,-58,127,3.0,4.0,1.5
1783351475581,2026-07-06 17:24:35.581,C3:00:00:63:4D:0D,-51,127,3.0,4.0,1.5
1783351475596,2026-07-06 17:24:35.596,C3:00:00:63:4D:0A,-57,127,3.0,4.0,1.5
1783351475632,2026-07-06 17:24:35.632,C3:00:00:63:4D:05,-53,127,3.0,4.0,1.5
1783351475645,2026-07-06 17:24:35.645,C3:00:00:63:4D:08,-67,127,3.0,4.0,1.5
1783351475674,2026-07-06 17:24:35.674,C3:00:00:63:4D:04,-54,127,3.0,4.0,1.5
1783351475679,2026-07-06 17:24:35.679,C3:00:00:63:4D:07,-70,127,3.0,4.0,1.5
1783351475684,2026-07-06 17:24:35.684,C3:00:00:63:4D:09,-54,127,3.0,4.0,1.5
1783351475689,2026-07-06 17:24:35.689,C3:00:00:63:4C:D2,-58,127,3.0,4.0,1.5
1783351475700,2026-07-06 17:24:35.700,C3:00:00:63:4D:0A,-76,127,3.0,4.0,1.5
1783351475706,2026-07-06 17:24:35.706,C3:00:00:63:4D:0D,-52,127,3.0,4.0,1.5
1783351475710,2026-07-06 17:24:35.710,C3:00:00:63:4D:09,-61,127,3.0,4.0,1.5
1783351475733,2026-07-06 17:24:35.733,C3:00:00:63:4D:05,-59,127,3.0,4.0,1.5
1783351475761,2026-07-06 17:24:35.761,C3:00:00:63:4D:05,-55,127,3.0,4.0,1.5
1783351475764,2026-07-06 17:24:35.764,C3:00:00:63:4D:08,-49,127,3.0,4.0,1.5
1783351475769,2026-07-06 17:24:35.769,C3:00:00:63:4D:04,-66,127,3.0,4.0,1.5
1783351475773,2026-07-06 17:24:35.773,C3:00:00:63:4D:07,-60,127,3.0,4.0,1.5
1783351475790,2026-07-06 17:24:35.790,C3:00:00:63:4D:04,-62,127,3.0,4.0,1.5
1783351475793,2026-07-06 17:24:35.793,C3:00:00:63:4C:D2,-58,127,3.0,4.0,1.5
1783351475796,2026-07-06 17:24:35.796,C3:00:00:63:4D:09,-54,127,3.0,4.0,1.5
1783351475803,2026-07-06 17:24:35.803,C3:00:00:63:4D:0D,-58,127,3.0,4.0,1.5
1783351475805,2026-07-06 17:24:35.805,C3:00:00:63:4D:0A,-62,127,3.0,4.0,1.5
1783351475831,2026-07-06 17:24:35.831,C3:00:00:63:4D:05,-68,127,3.0,4.0,1.5
1783351475878,2026-07-06 17:24:35.878,C3:00:00:63:4D:07,-63,127,3.0,4.0,1.5
1783351475904,2026-07-06 17:24:35.904,C3:00:00:63:4C:D2,-82,127,3.0,4.0,1.5
1783351475908,2026-07-06 17:24:35.908,C3:00:00:63:4D:09,-60,127,3.0,4.0,1.5
1783351475914,2026-07-06 17:24:35.914,C3:00:00:63:4D:0A,-58,127,3.0,4.0,1.5
1783351475919,2026-07-06 17:24:35.919,C3:00:00:63:4D:0D,-51,127,3.0,4.0,1.5
1783351475942,2026-07-06 17:24:35.942,C3:00:00:63:4D:09,-59,127,3.0,4.0,1.5
1783351475974,2026-07-06 17:24:35.974,C3:00:00:63:4D:07,-65,127,3.0,4.0,1.5
1783351475979,2026-07-06 17:24:35.979,C3:00:00:63:4D:04,-55,127,3.0,4.0,1.5
1783351475991,2026-07-06 17:24:35.991,C3:00:00:63:4D:08,-57,127,3.0,4.0,1.5
1783351476004,2026-07-06 17:24:36.004,C3:00:00:63:4C:D2,-58,127,3.0,4.0,1.5
1783351476011,2026-07-06 17:24:36.011,C3:00:00:63:4D:0A,-62,127,3.0,4.0,1.5
1783351476026,2026-07-06 17:24:36.026,C3:00:00:63:4D:0D,-56,127,3.0,4.0,1.5
1783351476077,2026-07-06 17:24:36.077,C3:00:00:63:4D:07,-63,127,3.0,4.0,1.5
1783351476103,2026-07-06 17:24:36.103,C3:00:00:63:4D:08,-51,127,3.0,4.0,1.5
1783351476108,2026-07-06 17:24:36.108,C3:00:00:63:4C:D2,-58,127,3.0,4.0,1.5
1783351476113,2026-07-06 17:24:36.113,C3:00:00:63:4D:0A,-58,127,3.0,4.0,1.5
1783351476134,2026-07-06 17:24:36.134,C3:00:00:63:4D:05,-70,127,3.0,4.0,1.5
1783351476139,2026-07-06 17:24:36.139,C3:00:00:63:4D:09,-62,127,3.0,4.0,1.5
1783351476177,2026-07-06 17:24:36.177,C3:00:00:63:4D:07,-61,127,3.0,4.0,1.5
1783351476182,2026-07-06 17:24:36.182,C3:00:00:63:4D:04,-55,127,3.0,4.0,1.5
1783351476220,2026-07-06 17:24:36.220,C3:00:00:63:4C:D2,-59,127,3.0,4.0,1.5
1783351476225,2026-07-06 17:24:36.225,C3:00:00:63:4D:0A,-65,127,3.0,4.0,1.5
1783351476228,2026-07-06 17:24:36.228,C3:00:00:63:4D:08,-57,127,3.0,4.0,1.5
1783351476234,2026-07-06 17:24:36.234,C3:00:00:63:4D:0D,-52,127,3.0,4.0,1.5
1783351476243,2026-07-06 17:24:36.243,C3:00:00:63:4D:05,-55,127,3.0,4.0,1.5
1783351476245,2026-07-06 17:24:36.245,C3:00:00:63:4D:09,-56,127,3.0,4.0,1.5
1783351476256,2026-07-06 17:24:36.256,C3:00:00:63:4D:07,-62,127,3.0,4.0,1.5
1783351476286,2026-07-06 17:24:36.286,C3:00:00:63:4D:07,-62,127,3.0,4.0,1.5
1783351476290,2026-07-06 17:24:36.290,C3:00:00:63:4D:04,-54,127,3.0,4.0,1.5
1783351476324,2026-07-06 17:24:36.324,C3:00:00:63:4C:D2,-60,127,3.0,4.0,1.5
1783351476329,2026-07-06 17:24:36.329,C3:00:00:63:4D:0A,-60,127,3.0,4.0,1.5
1783351476336,2026-07-06 17:24:36.336,C3:00:00:63:4D:08,-54,127,3.0,4.0,1.5
1783351476340,2026-07-06 17:24:36.340,C3:00:00:63:4D:05,-56,127,3.0,4.0,1.5
1783351476349,2026-07-06 17:24:36.349,C3:00:00:63:4D:0D,-58,127,3.0,4.0,1.5
1783351476363,2026-07-06 17:24:36.363,C3:00:00:63:4D:08,-54,127,3.0,4.0,1.5
1783351476369,2026-07-06 17:24:36.369,C3:00:00:63:4D:09,-58,127,3.0,4.0,1.5
1783351476397,2026-07-06 17:24:36.397,C3:00:00:63:4D:04,-58,127,3.0,4.0,1.5
1783351476431,2026-07-06 17:24:36.431,C3:00:00:63:4C:D2,-73,127,3.0,4.0,1.5
1783351476436,2026-07-06 17:24:36.436,C3:00:00:63:4D:0A,-57,127,3.0,4.0,1.5
1783351476441,2026-07-06 17:24:36.441,C3:00:00:63:4D:05,-78,127,3.0,4.0,1.5
1783351476446,2026-07-06 17:24:36.446,C3:00:00:63:4D:0D,-55,127,3.0,4.0,1.5
1783351476457,2026-07-06 17:24:36.457,C3:00:00:63:4D:08,-53,127,3.0,4.0,1.5
1783351476471,2026-07-06 17:24:36.471,C3:00:00:63:4D:09,-62,127,3.0,4.0,1.5
1783351476492,2026-07-06 17:24:36.492,C3:00:00:63:4D:04,-57,127,3.0,4.0,1.5
1783351476528,2026-07-06 17:24:36.528,C3:00:00:63:4D:0D,-50,127,3.0,4.0,1.5
1783351476536,2026-07-06 17:24:36.536,C3:00:00:63:4C:D2,-60,127,3.0,4.0,1.5
1783351476540,2026-07-06 17:24:36.540,C3:00:00:63:4D:0A,-64,127,3.0,4.0,1.5
1783351476557,2026-07-06 17:24:36.557,C3:00:00:63:4D:09,-56,127,3.0,4.0,1.5
1783351476563,2026-07-06 17:24:36.563,C3:00:00:63:4D:0D,-50,127,3.0,4.0,1.5
1783351476576,2026-07-06 17:24:36.576,C3:00:00:63:4D:07,-76,127,3.0,4.0,1.5
1783351476589,2026-07-06 17:24:36.589,C3:00:00:63:4D:09,-55,127,3.0,4.0,1.5
1783351476594,2026-07-06 17:24:36.594,C3:00:00:63:4D:04,-55,127,3.0,4.0,1.5
1783351476645,2026-07-06 17:24:36.645,C3:00:00:63:4D:05,-56,127,3.0,4.0,1.5
1783351476650,2026-07-06 17:24:36.650,C3:00:00:63:4D:0A,-66,127,3.0,4.0,1.5
1783351476655,2026-07-06 17:24:36.655,C3:00:00:63:4C:D2,-64,127,3.0,4.0,1.5
1783351476710,2026-07-06 17:24:36.710,C3:00:00:63:4D:09,-54,127,3.0,4.0,1.5
1783351476744,2026-07-06 17:24:36.744,C3:00:00:63:4C:D2,-67,127,3.0,4.0,1.5
1783351476749,2026-07-06 17:24:36.749,C3:00:00:63:4D:0A,-57,127,3.0,4.0,1.5
1783351476771,2026-07-06 17:24:36.771,C3:00:00:63:4D:0A,-56,127,3.0,4.0,1.5
1783351476791,2026-07-06 17:24:36.791,C3:00:00:63:4D:08,-56,127,3.0,4.0,1.5
1783351476802,2026-07-06 17:24:36.802,C3:00:00:63:4D:04,-54,127,3.0,4.0,1.5
1783351476854,2026-07-06 17:24:36.854,C3:00:00:63:4D:0A,-63,127,3.0,4.0,1.5
1783351476858,2026-07-06 17:24:36.858,C3:00:00:63:4C:D2,-62,127,3.0,4.0,1.5
1783351476871,2026-07-06 17:24:36.871,C3:00:00:63:4C:D2,-62,127,3.0,4.0,1.5
1783351476877,2026-07-06 17:24:36.877,C3:00:00:63:4D:07,-64,127,3.0,4.0,1.5
1783351476888,2026-07-06 17:24:36.888,C3:00:00:63:4D:0D,-49,127,3.0,4.0,1.5
1783351476909,2026-07-06 17:24:36.909,C3:00:00:63:4D:04,-54,127,3.0,4.0,1.5
1783351476912,2026-07-06 17:24:36.912,C3:00:00:63:4D:08,-56,127,3.0,4.0,1.5
1783351476954,2026-07-06 17:24:36.954,C3:00:00:63:4D:05,-56,127,3.0,4.0,1.5
1783351476957,2026-07-06 17:24:36.957,C3:00:00:63:4C:D2,-62,127,3.0,4.0,1.5
1783351476961,2026-07-06 17:24:36.961,C3:00:00:63:4D:0A,-59,127,3.0,4.0,1.5
1783351476981,2026-07-06 17:24:36.981,C3:00:00:63:4D:07,-65,127,3.0,4.0,1.5
1783351476997,2026-07-06 17:24:36.997,C3:00:00:63:4D:0D,-60,127,3.0,4.0,1.5
1783351477010,2026-07-06 17:24:37.010,C3:00:00:63:4D:04,-59,127,3.0,4.0,1.5
1783351477029,2026-07-06 17:24:37.029,C3:00:00:63:4D:08,-55,127,3.0,4.0,1.5
1783351477045,2026-07-06 17:24:37.045,C3:00:00:63:4D:05,-69,127,3.0,4.0,1.5
1783351477049,2026-07-06 17:24:37.049,C3:00:00:63:4D:09,-62,127,3.0,4.0,1.5
1783351477060,2026-07-06 17:24:37.060,C3:00:00:63:4D:0A,-54,127,3.0,4.0,1.5
1783351477062,2026-07-06 17:24:37.062,C3:00:00:63:4C:D2,-65,127,3.0,4.0,1.5
1783351477075,2026-07-06 17:24:37.075,C3:00:00:63:4D:07,-62,127,3.0,4.0,1.5
1783351477096,2026-07-06 17:24:37.096,C3:00:00:63:4D:0D,-55,127,3.0,4.0,1.5
1783351477115,2026-07-06 17:24:37.115,C3:00:00:63:4D:04,-57,127,3.0,4.0,1.5
1783351477120,2026-07-06 17:24:37.120,C3:00:00:63:4D:0A,-65,127,3.0,4.0,1.5
1783351477135,2026-07-06 17:24:37.135,C3:00:00:63:4D:08,-54,127,3.0,4.0,1.5
1783351477146,2026-07-06 17:24:37.146,C3:00:00:63:4D:05,-57,127,3.0,4.0,1.5
1783351477158,2026-07-06 17:24:37.158,C3:00:00:63:4D:07,-60,127,3.0,4.0,1.5
1783351477161,2026-07-06 17:24:37.161,C3:00:00:63:4D:09,-63,127,3.0,4.0,1.5
1783351477169,2026-07-06 17:24:37.169,C3:00:00:63:4C:D2,-58,127,3.0,4.0,1.5
1783351477183,2026-07-06 17:24:37.183,C3:00:00:63:4D:07,-60,127,3.0,4.0,1.5
1783351477220,2026-07-06 17:24:37.220,C3:00:00:63:4D:04,-60,127,3.0,4.0,1.5
1783351477250,2026-07-06 17:24:37.250,C3:00:00:63:4D:05,-56,127,3.0,4.0,1.5
1783351477253,2026-07-06 17:24:37.253,C3:00:00:63:4D:08,-53,127,3.0,4.0,1.5
1783351477270,2026-07-06 17:24:37.270,C3:00:00:63:4D:0A,-62,127,3.0,4.0,1.5
1783351477274,2026-07-06 17:24:37.274,C3:00:00:63:4D:07,-67,127,3.0,4.0,1.5
1783351477280,2026-07-06 17:24:37.280,C3:00:00:63:4C:D2,-57,127,3.0,4.0,1.5
1783351477310,2026-07-06 17:24:37.310,C3:00:00:63:4C:D2,-66,127,3.0,4.0,1.5
1783351477312,2026-07-06 17:24:37.312,C3:00:00:63:4D:07,-62,127,3.0,4.0,1.5
1783351477320,2026-07-06 17:24:37.320,C3:00:00:63:4D:0D,-53,127,3.0,4.0,1.5
1783351477327,2026-07-06 17:24:37.327,C3:00:00:63:4D:04,-54,127,3.0,4.0,1.5
1783351477343,2026-07-06 17:24:37.343,C3:00:00:63:4D:09,-68,127,3.0,4.0,1.5
1783351477347,2026-07-06 17:24:37.347,C3:00:00:63:4D:05,-62,127,3.0,4.0,1.5
1783351477372,2026-07-06 17:24:37.372,C3:00:00:63:4D:07,-63,127,3.0,4.0,1.5
1783351477375,2026-07-06 17:24:37.375,C3:00:00:63:4D:08,-54,127,3.0,4.0,1.5
1783351477383,2026-07-06 17:24:37.383,C3:00:00:63:4C:D2,-73,127,3.0,4.0,1.5
1783351477386,2026-07-06 17:24:37.386,C3:00:00:63:4D:09,-64,127,3.0,4.0,1.5
1783351477415,2026-07-06 17:24:37.415,C3:00:00:63:4D:0D,-50,127,3.0,4.0,1.5
1783351477419,2026-07-06 17:24:37.419,C3:00:00:63:4D:04,-60,127,3.0,4.0,1.5
1783351477442,2026-07-06 17:24:37.442,C3:00:00:63:4D:0D,-50,127,3.0,4.0,1.5
1783351477448,2026-07-06 17:24:37.448,C3:00:00:63:4D:08,-56,127,3.0,4.0,1.5
1783351477453,2026-07-06 17:24:37.453,C3:00:00:63:4D:05,-54,127,3.0,4.0,1.5
1783351477479,2026-07-06 17:24:37.479,C3:00:00:63:4D:07,-61,127,3.0,4.0,1.5
1783351477484,2026-07-06 17:24:37.484,C3:00:00:63:4D:0A,-64,127,3.0,4.0,1.5
1783351477489,2026-07-06 17:24:37.489,C3:00:00:63:4D:08,-63,127,3.0,4.0,1.5
1783351477495,2026-07-06 17:24:37.495,C3:00:00:63:4C:D2,-54,127,3.0,4.0,1.5
1783351477504,2026-07-06 17:24:37.504,C3:00:00:63:4D:09,-62,127,3.0,4.0,1.5
1783351477513,2026-07-06 17:24:37.513,C3:00:00:63:4D:08,-64,127,3.0,4.0,1.5
1783351477531,2026-07-06 17:24:37.531,C3:00:00:63:4D:05,-52,127,3.0,4.0,1.5
1783351477533,2026-07-06 17:24:37.533,C3:00:00:63:4D:0D,-55,127,3.0,4.0,1.5
1783351477555,2026-07-06 17:24:37.555,C3:00:00:63:4D:05,-52,127,3.0,4.0,1.5
1783351477579,2026-07-06 17:24:37.579,C3:00:00:63:4D:07,-74,127,3.0,4.0,1.5
1783351477592,2026-07-06 17:24:37.592,C3:00:00:63:4D:0A,-60,127,3.0,4.0,1.5
1783351477597,2026-07-06 17:24:37.597,C3:00:00:63:4C:D2,-52,127,3.0,4.0,1.5
1783351477610,2026-07-06 17:24:37.610,C3:00:00:63:4D:08,-54,127,3.0,4.0,1.5
1783351477625,2026-07-06 17:24:37.625,C3:00:00:63:4D:09,-68,127,3.0,4.0,1.5
1783351477636,2026-07-06 17:24:37.636,C3:00:00:63:4D:0D,-56,127,3.0,4.0,1.5
1783351477650,2026-07-06 17:24:37.650,C3:00:00:63:4D:05,-56,127,3.0,4.0,1.5
1783351477652,2026-07-06 17:24:37.652,C3:00:00:63:4D:07,-79,127,3.0,4.0,1.5
1783351477666,2026-07-06 17:24:37.666,C3:00:00:63:4D:07,-74,127,3.0,4.0,1.5
1783351477697,2026-07-06 17:24:37.697,C3:00:00:63:4D:0A,-56,127,3.0,4.0,1.5
1783351477702,2026-07-06 17:24:37.702,C3:00:00:63:4C:D2,-61,127,3.0,4.0,1.5
1783351477717,2026-07-06 17:24:37.717,C3:00:00:63:4D:08,-54,127,3.0,4.0,1.5
1783351477734,2026-07-06 17:24:37.734,C3:00:00:63:4D:04,-62,127,3.0,4.0,1.5
1783351477752,2026-07-06 17:24:37.752,C3:00:00:63:4D:0D,-54,127,3.0,4.0,1.5
1783351477755,2026-07-06 17:24:37.755,C3:00:00:63:4D:05,-53,127,3.0,4.0,1.5
1783351477772,2026-07-06 17:24:37.772,C3:00:00:63:4D:05,-52,127,3.0,4.0,1.5
1783351477778,2026-07-06 17:24:37.778,C3:00:00:63:4D:07,-64,127,3.0,4.0,1.5
1783351477799,2026-07-06 17:24:37.799,C3:00:00:63:4D:0A,-78,127,3.0,4.0,1.5
1783351477811,2026-07-06 17:24:37.811,C3:00:00:63:4C:D2,-59,127,3.0,4.0,1.5
1783351477831,2026-07-06 17:24:37.831,C3:00:00:63:4D:08,-49,127,3.0,4.0,1.5
1783351477833,2026-07-06 17:24:37.833,C3:00:00:63:4D:04,-66,127,3.0,4.0,1.5
1783351477842,2026-07-06 17:24:37.842,C3:00:00:63:4D:09,-58,127,3.0,4.0,1.5
1783351477850,2026-07-06 17:24:37.850,C3:00:00:63:4D:0D,-58,127,3.0,4.0,1.5
1783351477857,2026-07-06 17:24:37.857,C3:00:00:63:4D:05,-54,127,3.0,4.0,1.5
1783351477908,2026-07-06 17:24:37.908,C3:00:00:63:4D:0A,-61,127,3.0,4.0,1.5
1783351477911,2026-07-06 17:24:37.911,C3:00:00:63:4C:D2,-63,127,3.0,4.0,1.5
1783351477939,2026-07-06 17:24:37.939,C3:00:00:63:4D:04,-61,127,3.0,4.0,1.5
1783351477947,2026-07-06 17:24:37.947,C3:00:00:63:4D:08,-53,127,3.0,4.0,1.5
1783351477953,2026-07-06 17:24:37.953,C3:00:00:63:4D:09,-60,127,3.0,4.0,1.5
1783351477963,2026-07-06 17:24:37.963,C3:00:00:63:4D:05,-74,127,3.0,4.0,1.5
1783351477966,2026-07-06 17:24:37.966,C3:00:00:63:4D:0D,-59,127,3.0,4.0,1.5
1783351477973,2026-07-06 17:24:37.973,C3:00:00:63:4D:07,-60,127,3.0,4.0,1.5
1783351478041,2026-07-06 17:24:38.041,C3:00:00:63:4D:04,-60,127,3.0,4.0,1.5
1783351478065,2026-07-06 17:24:38.065,C3:00:00:63:4D:08,-54,127,3.0,4.0,1.5
1783351478071,2026-07-06 17:24:38.071,C3:00:00:63:4D:09,-58,127,3.0,4.0,1.5
1783351478076,2026-07-06 17:24:38.076,C3:00:00:63:4D:07,-61,127,3.0,4.0,1.5
1783351478080,2026-07-06 17:24:38.080,C3:00:00:63:4D:0D,-50,127,3.0,4.0,1.5
1783351478086,2026-07-06 17:24:38.086,C3:00:00:63:4C:D2,-58,127,3.0,4.0,1.5
1783351478116,2026-07-06 17:24:38.116,C3:00:00:63:4D:0A,-60,127,3.0,4.0,1.5
1783351478125,2026-07-06 17:24:38.125,C3:00:00:63:4C:D2,-58,127,3.0,4.0,1.5
1783351478151,2026-07-06 17:24:38.151,C3:00:00:63:4D:04,-58,127,3.0,4.0,1.5
1783351478158,2026-07-06 17:24:38.158,C3:00:00:63:4D:05,-57,127,3.0,4.0,1.5
1783351478167,2026-07-06 17:24:38.167,C3:00:00:63:4D:07,-67,127,3.0,4.0,1.5
1783351478176,2026-07-06 17:24:38.176,C3:00:00:63:4D:08,-50,127,3.0,4.0,1.5
1783351478183,2026-07-06 17:24:38.183,C3:00:00:63:4D:0D,-55,127,3.0,4.0,1.5
1783351478190,2026-07-06 17:24:38.190,C3:00:00:63:4D:09,-56,127,3.0,4.0,1.5
1783351478216,2026-07-06 17:24:38.216,C3:00:00:63:4D:0A,-60,127,3.0,4.0,1.5
1783351478235,2026-07-06 17:24:38.235,C3:00:00:63:4C:D2,-65,127,3.0,4.0,1.5
1783351478254,2026-07-06 17:24:38.254,C3:00:00:63:4D:04,-56,127,3.0,4.0,1.5
1783351478284,2026-07-06 17:24:38.284,C3:00:00:63:4D:0D,-55,127,3.0,4.0,1.5
1783351478292,2026-07-06 17:24:38.292,C3:00:00:63:4D:08,-53,127,3.0,4.0,1.5
1783351478306,2026-07-06 17:24:38.306,C3:00:00:63:4D:09,-62,127,3.0,4.0,1.5
1783351478321,2026-07-06 17:24:38.321,C3:00:00:63:4D:0A,-73,127,3.0,4.0,1.5
1783351478336,2026-07-06 17:24:38.336,C3:00:00:63:4C:D2,-55,127,3.0,4.0,1.5
1783351478340,2026-07-06 17:24:38.340,C3:00:00:63:4D:0A,-85,127,3.0,4.0,1.5
1783351478353,2026-07-06 17:24:38.353,C3:00:00:63:4D:04,-58,127,3.0,4.0,1.5
1783351478357,2026-07-06 17:24:38.357,C3:00:00:63:4D:05,-60,127,3.0,4.0,1.5
1783351478361,2026-07-06 17:24:38.361,C3:00:00:63:4D:08,-58,127,3.0,4.0,1.5
1783351478380,2026-07-06 17:24:38.380,C3:00:00:63:4D:07,-60,127,3.0,4.0,1.5
1783351478384,2026-07-06 17:24:38.384,C3:00:00:63:4D:05,-66,127,3.0,4.0,1.5
1783351478395,2026-07-06 17:24:38.395,C3:00:00:63:4D:0D,-54,127,3.0,4.0,1.5
1783351478407,2026-07-06 17:24:38.407,C3:00:00:63:4D:08,-60,127,3.0,4.0,1.5
1783351478418,2026-07-06 17:24:38.418,C3:00:00:63:4D:09,-55,127,3.0,4.0,1.5
1783351478432,2026-07-06 17:24:38.432,C3:00:00:63:4D:0A,-62,127,3.0,4.0,1.5
1783351478447,2026-07-06 17:24:38.447,C3:00:00:63:4C:D2,-57,127,3.0,4.0,1.5
1783351478453,2026-07-06 17:24:38.453,C3:00:00:63:4D:04,-58,127,3.0,4.0,1.5
1783351478458,2026-07-06 17:24:38.458,C3:00:00:63:4D:05,-57,127,3.0,4.0,1.5
1783351478475,2026-07-06 17:24:38.475,C3:00:00:63:4D:07,-74,127,3.0,4.0,1.5
1783351478511,2026-07-06 17:24:38.511,C3:00:00:63:4D:0D,-58,127,3.0,4.0,1.5
1783351478516,2026-07-06 17:24:38.516,C3:00:00:63:4D:08,-54,127,3.0,4.0,1.5
1783351478526,2026-07-06 17:24:38.526,C3:00:00:63:4D:09,-66,127,3.0,4.0,1.5
1783351478534,2026-07-06 17:24:38.534,C3:00:00:63:4D:0A,-58,127,3.0,4.0,1.5
1783351478549,2026-07-06 17:24:38.549,C3:00:00:63:4D:09,-65,127,3.0,4.0,1.5
1783351478551,2026-07-06 17:24:38.551,C3:00:00:63:4C:D2,-67,127,3.0,4.0,1.5
1783351478558,2026-07-06 17:24:38.558,C3:00:00:63:4D:04,-54,127,3.0,4.0,1.5
1783351478572,2026-07-06 17:24:38.572,C3:00:00:63:4D:07,-62,127,3.0,4.0,1.5
1783351478612,2026-07-06 17:24:38.612,C3:00:00:63:4D:0D,-52,127,3.0,4.0,1.5
1783351478634,2026-07-06 17:24:38.634,C3:00:00:63:4D:0A,-66,127,3.0,4.0,1.5
1783351478642,2026-07-06 17:24:38.642,C3:00:00:63:4D:08,-86,127,3.0,4.0,1.5
1783351478646,2026-07-06 17:24:38.646,C3:00:00:63:4D:09,-54,127,3.0,4.0,1.5
1783351478658,2026-07-06 17:24:38.658,C3:00:00:63:4C:D2,-56,127,3.0,4.0,1.5
1783351478665,2026-07-06 17:24:38.665,C3:00:00:63:4D:04,-57,127,3.0,4.0,1.5
1783351478670,2026-07-06 17:24:38.670,C3:00:00:63:4D:05,-60,127,3.0,4.0,1.5
1783351478674,2026-07-06 17:24:38.674,C3:00:00:63:4D:07,-62,127,3.0,4.0,1.5
1783351478680,2026-07-06 17:24:38.680,C3:00:00:63:4D:04,-58,127,3.0,4.0,1.5
1783351478727,2026-07-06 17:24:38.727,C3:00:00:63:4D:0D,-58,127,3.0,4.0,1.5
1783351478742,2026-07-06 17:24:38.742,C3:00:00:63:4D:0A,-65,127,3.0,4.0,1.5
1783351478760,2026-07-06 17:24:38.760,C3:00:00:63:4D:08,-54,127,3.0,4.0,1.5
1783351478765,2026-07-06 17:24:38.765,C3:00:00:63:4D:09,-55,127,3.0,4.0,1.5
1783351478770,2026-07-06 17:24:38.770,C3:00:00:63:4D:07,-63,127,3.0,4.0,1.5
1783351478827,2026-07-06 17:24:38.827,C3:00:00:63:4D:0D,-53,127,3.0,4.0,1.5
1783351478830,2026-07-06 17:24:38.830,C3:00:00:63:4D:05,-62,127,3.0,4.0,1.5
1783351478863,2026-07-06 17:24:38.863,C3:00:00:63:4D:04,-54,127,3.0,4.0,1.5
1783351478867,2026-07-06 17:24:38.867,C3:00:00:63:4D:08,-61,127,3.0,4.0,1.5
1783351478871,2026-07-06 17:24:38.871,C3:00:00:63:4C:D2,-62,127,3.0,4.0,1.5
1783351478875,2026-07-06 17:24:38.875,C3:00:00:63:4D:07,-65,127,3.0,4.0,1.5
1783351478877,2026-07-06 17:24:38.877,C3:00:00:63:4D:09,-61,127,3.0,4.0,1.5
1783351478883,2026-07-06 17:24:38.883,C3:00:00:63:4D:0D,-54,127,3.0,4.0,1.5
1783351478890,2026-07-06 17:24:38.890,C3:00:00:63:4C:D2,-62,127,3.0,4.0,1.5
1783351478945,2026-07-06 17:24:38.945,C3:00:00:63:4D:0D,-53,127,3.0,4.0,1.5
1783351478958,2026-07-06 17:24:38.958,C3:00:00:63:4D:0A,-67,127,3.0,4.0,1.5
1783351478974,2026-07-06 17:24:38.974,C3:00:00:63:4C:D2,-54,127,3.0,4.0,1.5
1783351478978,2026-07-06 17:24:38.978,C3:00:00:63:4D:04,-56,127,3.0,4.0,1.5
1783351478982,2026-07-06 17:24:38.982,C3:00:00:63:4D:08,-55,127,3.0,4.0,1.5
1783351478989,2026-07-06 17:24:38.989,C3:00:00:63:4D:09,-56,127,3.0,4.0,1.5
1783351479048,2026-07-06 17:24:39.048,C3:00:00:63:4D:0D,-56,127,3.0,4.0,1.5
1783351479056,2026-07-06 17:24:39.056,C3:00:00:63:4D:0A,-65,127,3.0,4.0,1.5
1783351479069,2026-07-06 17:24:39.069,C3:00:00:63:4D:05,-57,127,3.0,4.0,1.5
1783351479076,2026-07-06 17:24:39.076,C3:00:00:63:4D:04,-58,127,3.0,4.0,1.5
1783351479083,2026-07-06 17:24:39.083,C3:00:00:63:4C:D2,-53,127,3.0,4.0,1.5
1783351479102,2026-07-06 17:24:39.102,C3:00:00:63:4D:08,-55,127,3.0,4.0,1.5
1783351479104,2026-07-06 17:24:39.104,C3:00:00:63:4D:09,-56,127,3.0,4.0,1.5
1783351479125,2026-07-06 17:24:39.125,C3:00:00:63:4D:0A,-59,127,3.0,4.0,1.5
1783351479150,2026-07-06 17:24:39.150,C3:00:00:63:4D:0D,-54,127,3.0,4.0,1.5
1783351479166,2026-07-06 17:24:39.166,C3:00:00:63:4D:05,-67,127,3.0,4.0,1.5
1783351479172,2026-07-06 17:24:39.172,C3:00:00:63:4D:07,-63,127,3.0,4.0,1.5
1783351479176,2026-07-06 17:24:39.176,C3:00:00:63:4D:04,-55,127,3.0,4.0,1.5
1783351479189,2026-07-06 17:24:39.189,C3:00:00:63:4C:D2,-62,127,3.0,4.0,1.5
1783351479212,2026-07-06 17:24:39.212,C3:00:00:63:4D:09,-55,127,3.0,4.0,1.5
1783351479261,2026-07-06 17:24:39.261,C3:00:00:63:4D:0D,-50,127,3.0,4.0,1.5
1783351479276,2026-07-06 17:24:39.276,C3:00:00:63:4D:04,-58,127,3.0,4.0,1.5
1783351479289,2026-07-06 17:24:39.289,C3:00:00:63:4D:07,-69,127,3.0,4.0,1.5
1783351479316,2026-07-06 17:24:39.316,C3:00:00:63:4D:07,-64,127,3.0,4.0,1.5
1783351479320,2026-07-06 17:24:39.320,C3:00:00:63:4D:08,-52,127,3.0,4.0,1.5
1783351479324,2026-07-06 17:24:39.324,C3:00:00:63:4C:D2,-53,127,3.0,4.0,1.5
1783351479339,2026-07-06 17:24:39.339,C3:00:00:63:4D:09,-55,127,3.0,4.0,1.5
1783351479350,2026-07-06 17:24:39.350,C3:00:00:63:4D:09,-56,127,3.0,4.0,1.5
1783351479371,2026-07-06 17:24:39.371,C3:00:00:63:4D:0A,-70,127,3.0,4.0,1.5
1783351479374,2026-07-06 17:24:39.374,C3:00:00:63:4D:07,-63,127,3.0,4.0,1.5
1783351479380,2026-07-06 17:24:39.380,C3:00:00:63:4D:04,-63,127,3.0,4.0,1.5
1783351479417,2026-07-06 17:24:39.417,C3:00:00:63:4D:0D,-53,127,3.0,4.0,1.5
1783351479437,2026-07-06 17:24:39.437,C3:00:00:63:4D:08,-53,127,3.0,4.0,1.5
1783351479476,2026-07-06 17:24:39.476,C3:00:00:63:4D:0D,-56,127,3.0,4.0,1.5
1783351479480,2026-07-06 17:24:39.480,C3:00:00:63:4D:07,-63,127,3.0,4.0,1.5
1783351479485,2026-07-06 17:24:39.485,C3:00:00:63:4D:08,-53,127,3.0,4.0,1.5
1783351479490,2026-07-06 17:24:39.490,C3:00:00:63:4D:04,-55,127,3.0,4.0,1.5
1783351479506,2026-07-06 17:24:39.506,C3:00:00:63:4C:D2,-76,127,3.0,4.0,1.5
1783351479528,2026-07-06 17:24:39.528,C3:00:00:63:4D:08,-66,127,3.0,4.0,1.5
1783351479549,2026-07-06 17:24:39.549,C3:00:00:63:4D:08,-59,127,3.0,4.0,1.5
1783351479557,2026-07-06 17:24:39.557,C3:00:00:63:4D:09,-54,127,3.0,4.0,1.5
1783351479580,2026-07-06 17:24:39.580,C3:00:00:63:4D:0A,-72,127,3.0,4.0,1.5
1783351479583,2026-07-06 17:24:39.583,C3:00:00:63:4D:0D,-52,127,3.0,4.0,1.5
1783351479589,2026-07-06 17:24:39.589,C3:00:00:63:4D:04,-57,127,3.0,4.0,1.5
1783351479615,2026-07-06 17:24:39.615,C3:00:00:63:4C:D2,-54,127,3.0,4.0,1.5
1783351479676,2026-07-06 17:24:39.676,C3:00:00:63:4D:09,-56,127,3.0,4.0,1.5
1783351479697,2026-07-06 17:24:39.697,C3:00:00:63:4D:04,-58,127,3.0,4.0,1.5
1783351479702,2026-07-06 17:24:39.702,C3:00:00:63:4D:0D,-60,127,3.0,4.0,1.5
1783351479708,2026-07-06 17:24:39.708,C3:00:00:63:4D:09,-65,127,3.0,4.0,1.5
1783351479717,2026-07-06 17:24:39.717,C3:00:00:63:4C:D2,-66,127,3.0,4.0,1.5
1783351479772,2026-07-06 17:24:39.772,C3:00:00:63:4D:07,-65,127,3.0,4.0,1.5
1783351479781,2026-07-06 17:24:39.781,C3:00:00:63:4D:08,-57,127,3.0,4.0,1.5
1783351479785,2026-07-06 17:24:39.785,C3:00:00:63:4D:09,-63,127,3.0,4.0,1.5
1783351479796,2026-07-06 17:24:39.796,C3:00:00:63:4D:04,-55,127,3.0,4.0,1.5
1783351479799,2026-07-06 17:24:39.799,C3:00:00:63:4D:0D,-69,127,3.0,4.0,1.5
1783351479804,2026-07-06 17:24:39.804,C3:00:00:63:4D:05,-65,127,3.0,4.0,1.5
1783351479822,2026-07-06 17:24:39.822,C3:00:00:63:4C:D2,-55,127,3.0,4.0,1.5
1783351479873,2026-07-06 17:24:39.873,C3:00:00:63:4D:05,-57,127,3.0,4.0,1.5
1783351479899,2026-07-06 17:24:39.899,C3:00:00:63:4D:04,-58,127,3.0,4.0,1.5
1783351479932,2026-07-06 17:24:39.932,C3:00:00:63:4C:D2,-56,127,3.0,4.0,1.5
1783351479959,2026-07-06 17:24:39.959,C3:00:00:63:4D:09,-60,127,3.0,4.0,1.5
1783351479975,2026-07-06 17:24:39.975,C3:00:00:63:4D:07,-65,127,3.0,4.0,1.5
1783351479983,2026-07-06 17:24:39.983,C3:00:00:63:4D:05,-54,127,3.0,4.0,1.5
1783351479997,2026-07-06 17:24:39.997,C3:00:00:63:4D:04,-61,127,3.0,4.0,1.5
1783351480005,2026-07-06 17:24:40.005,C3:00:00:63:4D:0A,-59,127,3.0,4.0,1.5
1783351480014,2026-07-06 17:24:40.014,C3:00:00:63:4D:09,-60,127,3.0,4.0,1.5
1783351480032,2026-07-06 17:24:40.032,C3:00:00:63:4C:D2,-61,127,3.0,4.0,1.5
1783351480047,2026-07-06 17:24:40.047,C3:00:00:63:4D:04,-56,127,3.0,4.0,1.5
1783351480070,2026-07-06 17:24:40.070,C3:00:00:63:4D:07,-59,127,3.0,4.0,1.5
1783351480081,2026-07-06 17:24:40.081,C3:00:00:63:4D:05,-65,127,3.0,4.0,1.5
1783351480102,2026-07-06 17:24:40.102,C3:00:00:63:4D:04,-56,127,3.0,4.0,1.5
1783351480106,2026-07-06 17:24:40.106,C3:00:00:63:4D:0A,-57,127,3.0,4.0,1.5
1783351480130,2026-07-06 17:24:40.130,C3:00:00:63:4D:0D,-54,127,3.0,4.0,1.5
1783351480140,2026-07-06 17:24:40.140,C3:00:00:63:4D:08,-66,127,3.0,4.0,1.5
1783351480142,2026-07-06 17:24:40.142,C3:00:00:63:4D:09,-54,127,3.0,4.0,1.5
1783351480145,2026-07-06 17:24:40.145,C3:00:00:63:4C:D2,-56,127,3.0,4.0,1.5
1783351480167,2026-07-06 17:24:40.167,C3:00:00:63:4D:07,-63,127,3.0,4.0,1.5
1783351480181,2026-07-06 17:24:40.181,C3:00:00:63:4D:05,-56,127,3.0,4.0,1.5
1783351480207,2026-07-06 17:24:40.207,C3:00:00:63:4D:04,-58,127,3.0,4.0,1.5
1783351480210,2026-07-06 17:24:40.210,C3:00:00:63:4D:0A,-63,127,3.0,4.0,1.5
1783351480241,2026-07-06 17:24:40.241,C3:00:00:63:4D:0D,-58,127,3.0,4.0,1.5
1783351480244,2026-07-06 17:24:40.244,C3:00:00:63:4D:09,-58,127,3.0,4.0,1.5
1783351480250,2026-07-06 17:24:40.250,C3:00:00:63:4D:08,-53,127,3.0,4.0,1.5
1783351480261,2026-07-06 17:24:40.261,C3:00:00:63:4C:D2,-56,127,3.0,4.0,1.5
1783351480270,2026-07-06 17:24:40.270,C3:00:00:63:4D:07,-63,127,3.0,4.0,1.5
1783351480274,2026-07-06 17:24:40.274,C3:00:00:63:4D:05,-58,127,3.0,4.0,1.5
1783351480309,2026-07-06 17:24:40.309,C3:00:00:63:4D:04,-60,127,3.0,4.0,1.5
1783351480322,2026-07-06 17:24:40.322,C3:00:00:63:4D:0A,-58,127,3.0,4.0,1.5
1783351480344,2026-07-06 17:24:40.344,C3:00:00:63:4D:0D,-58,127,3.0,4.0,1.5
1783351480351,2026-07-06 17:24:40.351,C3:00:00:63:4D:09,-61,127,3.0,4.0,1.5
1783351480357,2026-07-06 17:24:40.357,C3:00:00:63:4C:D2,-64,127,3.0,4.0,1.5
1783351480372,2026-07-06 17:24:40.372,C3:00:00:63:4D:08,-53,127,3.0,4.0,1.5
1783351480379,2026-07-06 17:24:40.379,C3:00:00:63:4D:05,-76,127,3.0,4.0,1.5
1783351480409,2026-07-06 17:24:40.409,C3:00:00:63:4D:04,-55,127,3.0,4.0,1.5
1783351480423,2026-07-06 17:24:40.423,C3:00:00:63:4D:0A,-70,127,3.0,4.0,1.5
1783351480452,2026-07-06 17:24:40.452,C3:00:00:63:4D:0D,-49,127,3.0,4.0,1.5
1783351480458,2026-07-06 17:24:40.458,C3:00:00:63:4C:D2,-56,127,3.0,4.0,1.5
1783351480465,2026-07-06 17:24:40.465,C3:00:00:63:4D:09,-54,127,3.0,4.0,1.5
1783351480476,2026-07-06 17:24:40.476,C3:00:00:63:4D:07,-65,127,3.0,4.0,1.5
1783351480479,2026-07-06 17:24:40.479,C3:00:00:63:4D:08,-56,127,3.0,4.0,1.5
1783351480486,2026-07-06 17:24:40.486,C3:00:00:63:4D:05,-57,127,3.0,4.0,1.5
1783351480518,2026-07-06 17:24:40.518,C3:00:00:63:4D:04,-62,127,3.0,4.0,1.5
1783351480532,2026-07-06 17:24:40.532,C3:00:00:63:4D:0A,-65,127,3.0,4.0,1.5
1783351480541,2026-07-06 17:24:40.541,C3:00:00:63:4D:0D,-56,127,3.0,4.0,1.5
1783351480555,2026-07-06 17:24:40.555,C3:00:00:63:4D:09,-57,127,3.0,4.0,1.5
1783351480586,2026-07-06 17:24:40.586,C3:00:00:63:4D:05,-60,127,3.0,4.0,1.5
1783351480617,2026-07-06 17:24:40.617,C3:00:00:63:4D:04,-55,127,3.0,4.0,1.5
1783351480635,2026-07-06 17:24:40.635,C3:00:00:63:4D:0A,-64,127,3.0,4.0,1.5
1783351480657,2026-07-06 17:24:40.657,C3:00:00:63:4D:0D,-54,127,3.0,4.0,1.5
1783351480663,2026-07-06 17:24:40.663,C3:00:00:63:4D:04,-55,127,3.0,4.0,1.5
1783351480675,2026-07-06 17:24:40.675,C3:00:00:63:4D:07,-61,127,3.0,4.0,1.5
1783351480677,2026-07-06 17:24:40.677,C3:00:00:63:4D:05,-74,127,3.0,4.0,1.5
1783351480682,2026-07-06 17:24:40.682,C3:00:00:63:4D:04,-62,127,3.0,4.0,1.5
1783351480699,2026-07-06 17:24:40.699,C3:00:00:63:4D:09,-59,127,3.0,4.0,1.5
1783351480706,2026-07-06 17:24:40.706,C3:00:00:63:4D:08,-55,127,3.0,4.0,1.5
1783351480724,2026-07-06 17:24:40.724,C3:00:00:63:4D:04,-58,127,3.0,4.0,1.5
1783351480740,2026-07-06 17:24:40.740,C3:00:00:63:4D:0A,-60,127,3.0,4.0,1.5
1783351480771,2026-07-06 17:24:40.771,C3:00:00:63:4D:0D,-50,127,3.0,4.0,1.5
1783351480774,2026-07-06 17:24:40.774,C3:00:00:63:4D:0A,-59,127,3.0,4.0,1.5
1783351480778,2026-07-06 17:24:40.778,C3:00:00:63:4D:07,-65,127,3.0,4.0,1.5
1783351480781,2026-07-06 17:24:40.781,C3:00:00:63:4C:D2,-58,127,3.0,4.0,1.5
1783351480788,2026-07-06 17:24:40.788,C3:00:00:63:4D:05,-55,127,3.0,4.0,1.5
1783351480817,2026-07-06 17:24:40.817,C3:00:00:63:4D:09,-58,127,3.0,4.0,1.5
1783351480823,2026-07-06 17:24:40.823,C3:00:00:63:4D:04,-59,127,3.0,4.0,1.5
1783351480828,2026-07-06 17:24:40.828,C3:00:00:63:4D:08,-52,127,3.0,4.0,1.5
1783351480875,2026-07-06 17:24:40.875,C3:00:00:63:4C:D2,-58,127,3.0,4.0,1.5
1783351480885,2026-07-06 17:24:40.885,C3:00:00:63:4D:0D,-58,127,3.0,4.0,1.5
1783351480889,2026-07-06 17:24:40.889,C3:00:00:63:4D:05,-56,127,3.0,4.0,1.5
1783351480901,2026-07-06 17:24:40.901,C3:00:00:63:4C:D2,-58,127,3.0,4.0,1.5
1783351480910,2026-07-06 17:24:40.910,C3:00:00:63:4D:0D,-58,127,3.0,4.0,1.5
1783351480920,2026-07-06 17:24:40.920,C3:00:00:63:4D:09,-61,127,3.0,4.0,1.5
1783351480931,2026-07-06 17:24:40.931,C3:00:00:63:4D:04,-57,127,3.0,4.0,1.5
1783351480933,2026-07-06 17:24:40.933,C3:00:00:63:4D:08,-53,127,3.0,4.0,1.5
1783351480940,2026-07-06 17:24:40.940,C3:00:00:63:4D:0A,-68,127,3.0,4.0,1.5
1783351480972,2026-07-06 17:24:40.972,C3:00:00:63:4D:07,-67,127,3.0,4.0,1.5
1783351480983,2026-07-06 17:24:40.983,C3:00:00:63:4D:0D,-54,127,3.0,4.0,1.5
1783351480996,2026-07-06 17:24:40.996,C3:00:00:63:4C:D2,-68,127,3.0,4.0,1.5
1783351481024,2026-07-06 17:24:41.024,C3:00:00:63:4D:04,-56,127,3.0,4.0,1.5
1783351481044,2026-07-06 17:24:41.044,C3:00:00:63:4D:09,-56,127,3.0,4.0,1.5
1783351481055,2026-07-06 17:24:41.055,C3:00:00:63:4D:08,-56,127,3.0,4.0,1.5
1783351481090,2026-07-06 17:24:41.090,C3:00:00:63:4D:05,-58,127,3.0,4.0,1.5
1783351481093,2026-07-06 17:24:41.093,C3:00:00:63:4C:D2,-56,127,3.0,4.0,1.5
1783351481097,2026-07-06 17:24:41.097,C3:00:00:63:4D:0D,-50,127,3.0,4.0,1.5
1783351481122,2026-07-06 17:24:41.122,C3:00:00:63:4D:0A,-79,127,3.0,4.0,1.5
1783351481132,2026-07-06 17:24:41.132,C3:00:00:63:4D:04,-65,127,3.0,4.0,1.5
1783351481148,2026-07-06 17:24:41.148,C3:00:00:63:4D:09,-57,127,3.0,4.0,1.5
1783351481157,2026-07-06 17:24:41.157,C3:00:00:63:4D:0A,-72,127,3.0,4.0,1.5
1783351481170,2026-07-06 17:24:41.170,C3:00:00:63:4D:08,-52,127,3.0,4.0,1.5
1783351481173,2026-07-06 17:24:41.173,C3:00:00:63:4D:07,-74,127,3.0,4.0,1.5
1783351481191,2026-07-06 17:24:41.191,C3:00:00:63:4D:05,-59,127,3.0,4.0,1.5
1783351481197,2026-07-06 17:24:41.197,C3:00:00:63:4C:D2,-57,127,3.0,4.0,1.5
1783351481204,2026-07-06 17:24:41.204,C3:00:00:63:4D:07,-81,127,3.0,4.0,1.5
1783351481207,2026-07-06 17:24:41.207,C3:00:00:63:4D:0D,-58,127,3.0,4.0,1.5
1783351481234,2026-07-06 17:24:41.234,C3:00:00:63:4D:04,-54,127,3.0,4.0,1.5
1783351481279,2026-07-06 17:24:41.279,C3:00:00:63:4D:07,-64,127,3.0,4.0,1.5
1783351481285,2026-07-06 17:24:41.285,C3:00:00:63:4D:08,-56,127,3.0,4.0,1.5
1783351481289,2026-07-06 17:24:41.289,C3:00:00:63:4D:05,-69,127,3.0,4.0,1.5
1783351481302,2026-07-06 17:24:41.302,C3:00:00:63:4C:D2,-73,127,3.0,4.0,1.5
1783351481309,2026-07-06 17:24:41.309,C3:00:00:63:4D:0D,-55,127,3.0,4.0,1.5
1783351481333,2026-07-06 17:24:41.333,C3:00:00:63:4D:07,-64,127,3.0,4.0,1.5
1783351481337,2026-07-06 17:24:41.337,C3:00:00:63:4D:04,-58,127,3.0,4.0,1.5
1783351481344,2026-07-06 17:24:41.344,C3:00:00:63:4C:D2,-58,127,3.0,4.0,1.5
1783351481369,2026-07-06 17:24:41.369,C3:00:00:63:4D:0A,-60,127,3.0,4.0,1.5
1783351481374,2026-07-06 17:24:41.374,C3:00:00:63:4D:07,-63,127,3.0,4.0,1.5
1783351481393,2026-07-06 17:24:41.393,C3:00:00:63:4D:09,-54,127,3.0,4.0,1.5
1783351481421,2026-07-06 17:24:41.421,C3:00:00:63:4C:D2,-56,127,3.0,4.0,1.5
1783351481426,2026-07-06 17:24:41.426,C3:00:00:63:4D:0D,-57,127,3.0,4.0,1.5
1783351481441,2026-07-06 17:24:41.441,C3:00:00:63:4D:04,-61,127,3.0,4.0,1.5
1783351481445,2026-07-06 17:24:41.445,C3:00:00:63:4D:0D,-58,127,3.0,4.0,1.5
1783351481469,2026-07-06 17:24:41.469,C3:00:00:63:4D:08,-52,127,3.0,4.0,1.5
1783351481479,2026-07-06 17:24:41.479,C3:00:00:63:4D:07,-76,127,3.0,4.0,1.5
1783351481496,2026-07-06 17:24:41.496,C3:00:00:63:4D:09,-57,127,3.0,4.0,1.5
1783351481520,2026-07-06 17:24:41.520,C3:00:00:63:4C:D2,-69,127,3.0,4.0,1.5
1783351481527,2026-07-06 17:24:41.527,C3:00:00:63:4D:0D,-54,127,3.0,4.0,1.5
1783351481544,2026-07-06 17:24:41.544,C3:00:00:63:4D:05,-70,127,3.0,4.0,1.5
1783351481548,2026-07-06 17:24:41.548,C3:00:00:63:4D:04,-58,127,3.0,4.0,1.5
1783351481572,2026-07-06 17:24:41.572,C3:00:00:63:4D:07,-62,127,3.0,4.0,1.5
1783351481588,2026-07-06 17:24:41.588,C3:00:00:63:4D:05,-70,127,3.0,4.0,1.5
1783351481609,2026-07-06 17:24:41.609,C3:00:00:63:4D:09,-61,127,3.0,4.0,1.5
1783351481621,2026-07-06 17:24:41.621,C3:00:00:63:4C:D2,-60,127,3.0,4.0,1.5
1783351481631,2026-07-06 17:24:41.631,C3:00:00:63:4D:08,-58,127,3.0,4.0,1.5
1783351481645,2026-07-06 17:24:41.645,C3:00:00:63:4D:0D,-49,127,3.0,4.0,1.5
1783351481649,2026-07-06 17:24:41.649,C3:00:00:63:4D:04,-57,127,3.0,4.0,1.5
1783351481666,2026-07-06 17:24:41.666,C3:00:00:63:4D:07,-69,127,3.0,4.0,1.5
1783351481679,2026-07-06 17:24:41.679,C3:00:00:63:4D:0A,-62,127,3.0,4.0,1.5
1783351481696,2026-07-06 17:24:41.696,C3:00:00:63:4D:05,-59,127,3.0,4.0,1.5
1783351481722,2026-07-06 17:24:41.722,C3:00:00:63:4D:09,-56,127,3.0,4.0,1.5
1783351481740,2026-07-06 17:24:41.740,C3:00:00:63:4C:D2,-57,127,3.0,4.0,1.5
1783351481745,2026-07-06 17:24:41.745,C3:00:00:63:4D:0D,-54,127,3.0,4.0,1.5
1783351481813,2026-07-06 17:24:41.813,C3:00:00:63:4D:05,-65,127,3.0,4.0,1.5
1783351481944,2026-07-06 17:24:41.944,C3:00:00:63:4C:D2,-57,127,3.0,4.0,1.5
1783351481949,2026-07-06 17:24:41.949,C3:00:00:63:4D:09,-55,127,3.0,4.0,1.5
1783351481969,2026-07-06 17:24:41.969,C3:00:00:63:4D:08,-58,127,3.0,4.0,1.5
1783351481977,2026-07-06 17:24:41.977,C3:00:00:63:4D:07,-61,127,3.0,4.0,1.5
1783351481995,2026-07-06 17:24:41.995,C3:00:00:63:4D:05,-59,127,3.0,4.0,1.5
1783351482003,2026-07-06 17:24:42.003,C3:00:00:63:4D:0A,-60,127,3.0,4.0,1.5
1783351482058,2026-07-06 17:24:42.058,C3:00:00:63:4C:D2,-57,127,3.0,4.0,1.5
1783351482062,2026-07-06 17:24:42.062,C3:00:00:63:4D:04,-67,127,3.0,4.0,1.5
1783351482083,2026-07-06 17:24:42.083,C3:00:00:63:4D:08,-52,127,3.0,4.0,1.5
1783351482088,2026-07-06 17:24:42.088,C3:00:00:63:4D:04,-65,127,3.0,4.0,1.5
1783351482092,2026-07-06 17:24:42.092,C3:00:00:63:4C:D2,-58,127,3.0,4.0,1.5
1783351482098,2026-07-06 17:24:42.098,C3:00:00:63:4D:05,-57,127,3.0,4.0,1.5
1783351482104,2026-07-06 17:24:42.104,C3:00:00:63:4D:0A,-67,127,3.0,4.0,1.5
1783351482158,2026-07-06 17:24:42.158,C3:00:00:63:4C:D2,-62,127,3.0,4.0,1.5
1783351482162,2026-07-06 17:24:42.162,C3:00:00:63:4D:04,-56,127,3.0,4.0,1.5
1783351482175,2026-07-06 17:24:42.175,C3:00:00:63:4D:07,-61,127,3.0,4.0,1.5
1783351482199,2026-07-06 17:24:42.199,C3:00:00:63:4D:05,-63,127,3.0,4.0,1.5
1783351482203,2026-07-06 17:24:42.203,C3:00:00:63:4D:08,-54,127,3.0,4.0,1.5
1783351482211,2026-07-06 17:24:42.211,C3:00:00:63:4D:0A,-63,127,3.0,4.0,1.5
1783351482266,2026-07-06 17:24:42.266,C3:00:00:63:4C:D2,-56,127,3.0,4.0,1.5
1783351482268,2026-07-06 17:24:42.268,C3:00:00:63:4D:04,-56,127,3.0,4.0,1.5
1783351482283,2026-07-06 17:24:42.283,C3:00:00:63:4D:0D,-50,127,3.0,4.0,1.5
1783351482287,2026-07-06 17:24:42.287,C3:00:00:63:4D:09,-55,127,3.0,4.0,1.5
1783351482303,2026-07-06 17:24:42.303,C3:00:00:63:4D:05,-57,127,3.0,4.0,1.5
1783351482310,2026-07-06 17:24:42.310,C3:00:00:63:4D:08,-50,127,3.0,4.0,1.5
1783351482339,2026-07-06 17:24:42.339,C3:00:00:63:4D:0A,-75,127,3.0,4.0,1.5
1783351482370,2026-07-06 17:24:42.370,C3:00:00:63:4D:08,-53,127,3.0,4.0,1.5
1783351482374,2026-07-06 17:24:42.374,C3:00:00:63:4D:04,-64,127,3.0,4.0,1.5
1783351482378,2026-07-06 17:24:42.378,C3:00:00:63:4D:07,-66,127,3.0,4.0,1.5
1783351482381,2026-07-06 17:24:42.381,C3:00:00:63:4D:05,-70,127,3.0,4.0,1.5
1783351482386,2026-07-06 17:24:42.386,C3:00:00:63:4D:0D,-57,127,3.0,4.0,1.5
1783351482404,2026-07-06 17:24:42.404,C3:00:00:63:4D:05,-58,127,3.0,4.0,1.5
1783351482409,2026-07-06 17:24:42.409,C3:00:00:63:4D:09,-58,127,3.0,4.0,1.5
1783351482428,2026-07-06 17:24:42.428,C3:00:00:63:4D:0A,-59,127,3.0,4.0,1.5
1783351482431,2026-07-06 17:24:42.431,C3:00:00:63:4D:08,-53,127,3.0,4.0,1.5
1783351482472,2026-07-06 17:24:42.472,C3:00:00:63:4D:07,-61,127,3.0,4.0,1.5
1783351482474,2026-07-06 17:24:42.474,C3:00:00:63:4D:04,-55,127,3.0,4.0,1.5
1783351482477,2026-07-06 17:24:42.477,C3:00:00:63:4C:D2,-68,127,3.0,4.0,1.5
1783351482497,2026-07-06 17:24:42.497,C3:00:00:63:4D:0D,-56,127,3.0,4.0,1.5
1783351482505,2026-07-06 17:24:42.505,C3:00:00:63:4D:05,-67,127,3.0,4.0,1.5
1783351482521,2026-07-06 17:24:42.521,C3:00:00:63:4D:09,-56,127,3.0,4.0,1.5
1783351482539,2026-07-06 17:24:42.539,C3:00:00:63:4D:08,-56,127,3.0,4.0,1.5
1783351482557,2026-07-06 17:24:42.557,C3:00:00:63:4D:09,-55,127,3.0,4.0,1.5
1783351482575,2026-07-06 17:24:42.575,C3:00:00:63:4D:07,-65,127,3.0,4.0,1.5
1783351482603,2026-07-06 17:24:42.603,C3:00:00:63:4D:0D,-53,127,3.0,4.0,1.5
1783351482625,2026-07-06 17:24:42.625,C3:00:00:63:4D:0A,-60,127,3.0,4.0,1.5
1783351482669,2026-07-06 17:24:42.669,C3:00:00:63:4D:08,-53,127,3.0,4.0,1.5
1783351482674,2026-07-06 17:24:42.674,C3:00:00:63:4D:04,-65,127,3.0,4.0,1.5
1783351482678,2026-07-06 17:24:42.678,C3:00:00:63:4D:07,-65,127,3.0,4.0,1.5
1783351482688,2026-07-06 17:24:42.688,C3:00:00:63:4C:D2,-57,127,3.0,4.0,1.5
1783351482699,2026-07-06 17:24:42.699,C3:00:00:63:4D:04,-64,127,3.0,4.0,1.5
1783351482716,2026-07-06 17:24:42.716,C3:00:00:63:4D:0D,-65,127,3.0,4.0,1.5
1783351482736,2026-07-06 17:24:42.736,C3:00:00:63:4D:0A,-58,127,3.0,4.0,1.5
1783351482754,2026-07-06 17:24:42.754,C3:00:00:63:4D:09,-63,127,3.0,4.0,1.5
1783351482771,2026-07-06 17:24:42.771,C3:00:00:63:4D:07,-60,127,3.0,4.0,1.5
1783351482776,2026-07-06 17:24:42.776,C3:00:00:63:4D:0A,-57,127,3.0,4.0,1.5
1783351482787,2026-07-06 17:24:42.787,C3:00:00:63:4D:04,-55,127,3.0,4.0,1.5
1783351482789,2026-07-06 17:24:42.789,C3:00:00:63:4C:D2,-68,127,3.0,4.0,1.5
1783351482797,2026-07-06 17:24:42.797,C3:00:00:63:4D:05,-79,127,3.0,4.0,1.5
1783351482823,2026-07-06 17:24:42.823,C3:00:00:63:4D:0D,-58,127,3.0,4.0,1.5
1783351482836,2026-07-06 17:24:42.836,C3:00:00:63:4D:0A,-75,127,3.0,4.0,1.5
1783351482860,2026-07-06 17:24:42.860,C3:00:00:63:4D:05,-57,127,3.0,4.0,1.5
1783351482863,2026-07-06 17:24:42.863,C3:00:00:63:4D:09,-55,127,3.0,4.0,1.5
1783351482869,2026-07-06 17:24:42.869,C3:00:00:63:4D:07,-67,127,3.0,4.0,1.5
1783351482881,2026-07-06 17:24:42.881,C3:00:00:63:4D:04,-57,127,3.0,4.0,1.5
1783351482884,2026-07-06 17:24:42.884,C3:00:00:63:4C:D2,-57,127,3.0,4.0,1.5
1783351482889,2026-07-06 17:24:42.889,C3:00:00:63:4D:08,-58,127,3.0,4.0,1.5
1783351482901,2026-07-06 17:24:42.901,C3:00:00:63:4C:D2,-57,127,3.0,4.0,1.5
1783351482903,2026-07-06 17:24:42.903,C3:00:00:63:4D:05,-54,127,3.0,4.0,1.5
1783351482919,2026-07-06 17:24:42.919,C3:00:00:63:4C:D2,-65,127,3.0,4.0,1.5
1783351482927,2026-07-06 17:24:42.927,C3:00:00:63:4D:0D,-70,127,3.0,4.0,1.5
1783351482940,2026-07-06 17:24:42.940,C3:00:00:63:4D:0A,-61,127,3.0,4.0,1.5
1783351482976,2026-07-06 17:24:42.976,C3:00:00:63:4D:07,-64,127,3.0,4.0,1.5
1783351482982,2026-07-06 17:24:42.982,C3:00:00:63:4D:09,-56,127,3.0,4.0,1.5
1783351482997,2026-07-06 17:24:42.997,C3:00:00:63:4D:04,-63,127,3.0,4.0,1.5
1783351483005,2026-07-06 17:24:43.005,C3:00:00:63:4D:05,-59,127,3.0,4.0,1.5
1783351483043,2026-07-06 17:24:43.043,C3:00:00:63:4D:0A,-56,127,3.0,4.0,1.5
1783351483048,2026-07-06 17:24:43.048,C3:00:00:63:4D:0D,-67,127,3.0,4.0,1.5
1783351483069,2026-07-06 17:24:43.069,C3:00:00:63:4D:07,-62,127,3.0,4.0,1.5
1783351483081,2026-07-06 17:24:43.081,C3:00:00:63:4D:0A,-56,127,3.0,4.0,1.5
1783351483087,2026-07-06 17:24:43.087,C3:00:00:63:4D:09,-62,127,3.0,4.0,1.5
1783351483090,2026-07-06 17:24:43.090,C3:00:00:63:4D:04,-55,127,3.0,4.0,1.5
1783351483103,2026-07-06 17:24:43.103,C3:00:00:63:4D:05,-69,127,3.0,4.0,1.5
1783351483113,2026-07-06 17:24:43.113,C3:00:00:63:4C:D2,-56,127,3.0,4.0,1.5
1783351483116,2026-07-06 17:24:43.116,C3:00:00:63:4D:0A,-80,127,3.0,4.0,1.5
1783351483145,2026-07-06 17:24:43.145,C3:00:00:63:4D:0D,-54,127,3.0,4.0,1.5
1783351483155,2026-07-06 17:24:43.155,C3:00:00:63:4D:0A,-80,127,3.0,4.0,1.5
1783351483168,2026-07-06 17:24:43.168,C3:00:00:63:4D:07,-65,127,3.0,4.0,1.5
1783351483191,2026-07-06 17:24:43.191,C3:00:00:63:4D:04,-58,127,3.0,4.0,1.5
1783351483202,2026-07-06 17:24:43.202,C3:00:00:63:4D:07,-69,127,3.0,4.0,1.5
1783351483210,2026-07-06 17:24:43.210,C3:00:00:63:4D:05,-55,127,3.0,4.0,1.5
1783351483218,2026-07-06 17:24:43.218,C3:00:00:63:4C:D2,-59,127,3.0,4.0,1.5
1783351483230,2026-07-06 17:24:43.230,C3:00:00:63:4D:08,-50,127,3.0,4.0,1.5
1783351483260,2026-07-06 17:24:43.260,C3:00:00:63:4D:0A,-61,127,3.0,4.0,1.5
1783351483266,2026-07-06 17:24:43.266,C3:00:00:63:4D:0D,-55,127,3.0,4.0,1.5
1783351483277,2026-07-06 17:24:43.277,C3:00:00:63:4D:07,-64,127,3.0,4.0,1.5
1783351483303,2026-07-06 17:24:43.303,C3:00:00:63:4D:04,-66,127,3.0,4.0,1.5
1783351483324,2026-07-06 17:24:43.324,C3:00:00:63:4D:05,-68,127,3.0,4.0,1.5
1783351483328,2026-07-06 17:24:43.328,C3:00:00:63:4D:09,-63,127,3.0,4.0,1.5
1783351483332,2026-07-06 17:24:43.332,C3:00:00:63:4C:D2,-63,127,3.0,4.0,1.5
1783351483336,2026-07-06 17:24:43.336,C3:00:00:63:4D:07,-60,127,3.0,4.0,1.5
1783351483351,2026-07-06 17:24:43.351,C3:00:00:63:4D:08,-53,127,3.0,4.0,1.5
1783351483354,2026-07-06 17:24:43.354,C3:00:00:63:4C:D2,-65,127,3.0,4.0,1.5
1783351483361,2026-07-06 17:24:43.361,C3:00:00:63:4D:0A,-56,127,3.0,4.0,1.5
1783351483368,2026-07-06 17:24:43.368,C3:00:00:63:4D:0D,-54,127,3.0,4.0,1.5
1783351483369,2026-07-06 17:24:43.369,C3:00:00:63:4D:07,-59,127,3.0,4.0,1.5
1783351483377,2026-07-06 17:24:43.377,C3:00:00:63:4D:09,-64,127,3.0,4.0,1.5
1783351483400,2026-07-06 17:24:43.400,C3:00:00:63:4D:04,-56,127,3.0,4.0,1.5
1783351483410,2026-07-06 17:24:43.410,C3:00:00:63:4D:05,-74,127,3.0,4.0,1.5
1783351483422,2026-07-06 17:24:43.422,C3:00:00:63:4D:0D,-50,127,3.0,4.0,1.5
1783351483427,2026-07-06 17:24:43.427,C3:00:00:63:4C:D2,-54,127,3.0,4.0,1.5
1783351483443,2026-07-06 17:24:43.443,C3:00:00:63:4D:0D,-58,127,3.0,4.0,1.5
1783351483462,2026-07-06 17:24:43.462,C3:00:00:63:4D:08,-58,127,3.0,4.0,1.5
1783351483467,2026-07-06 17:24:43.467,C3:00:00:63:4D:07,-63,127,3.0,4.0,1.5
1783351483470,2026-07-06 17:24:43.470,C3:00:00:63:4D:0D,-49,127,3.0,4.0,1.5
1783351483484,2026-07-06 17:24:43.484,C3:00:00:63:4D:08,-61,127,3.0,4.0,1.5
1783351483499,2026-07-06 17:24:43.499,C3:00:00:63:4D:04,-57,127,3.0,4.0,1.5
1783351483510,2026-07-06 17:24:43.510,C3:00:00:63:4D:05,-55,127,3.0,4.0,1.5
1783351483537,2026-07-06 17:24:43.537,C3:00:00:63:4C:D2,-54,127,3.0,4.0,1.5
1783351483542,2026-07-06 17:24:43.542,C3:00:00:63:4D:08,-61,127,3.0,4.0,1.5
1783351483552,2026-07-06 17:24:43.552,C3:00:00:63:4D:09,-54,127,3.0,4.0,1.5
1783351483576,2026-07-06 17:24:43.576,C3:00:00:63:4D:07,-66,127,3.0,4.0,1.5
1783351483609,2026-07-06 17:24:43.609,C3:00:00:63:4D:05,-73,127,3.0,4.0,1.5
1783351483645,2026-07-06 17:24:43.645,C3:00:00:63:4C:D2,-67,127,3.0,4.0,1.5
1783351483667,2026-07-06 17:24:43.667,C3:00:00:63:4D:09,-58,127,3.0,4.0,1.5
1783351483673,2026-07-06 17:24:43.673,C3:00:00:63:4D:07,-69,127,3.0,4.0,1.5
1783351483687,2026-07-06 17:24:43.687,C3:00:00:63:4D:0D,-52,127,3.0,4.0,1.5
1783351483694,2026-07-06 17:24:43.694,C3:00:00:63:4D:08,-66,127,3.0,4.0,1.5
1783351483705,2026-07-06 17:24:43.705,C3:00:00:63:4D:04,-58,127,3.0,4.0,1.5
1783351483711,2026-07-06 17:24:43.711,C3:00:00:63:4D:05,-56,127,3.0,4.0,1.5
1783351483715,2026-07-06 17:24:43.715,C3:00:00:63:4D:09,-63,127,3.0,4.0,1.5
1783351483747,2026-07-06 17:24:43.747,C3:00:00:63:4C:D2,-55,127,3.0,4.0,1.5
1783351483774,2026-07-06 17:24:43.774,C3:00:00:63:4D:09,-56,127,3.0,4.0,1.5
1783351483780,2026-07-06 17:24:43.780,C3:00:00:63:4D:0A,-63,127,3.0,4.0,1.5
1783351483794,2026-07-06 17:24:43.794,C3:00:00:63:4D:0D,-54,127,3.0,4.0,1.5
1783351483802,2026-07-06 17:24:43.802,C3:00:00:63:4D:05,-54,127,3.0,4.0,1.5
1783351483811,2026-07-06 17:24:43.811,C3:00:00:63:4D:04,-58,127,3.0,4.0,1.5
1783351483814,2026-07-06 17:24:43.814,C3:00:00:63:4D:08,-55,127,3.0,4.0,1.5
1783351483820,2026-07-06 17:24:43.820,C3:00:00:63:4D:05,-54,127,3.0,4.0,1.5
1783351483847,2026-07-06 17:24:43.847,C3:00:00:63:4C:D2,-54,127,3.0,4.0,1.5
1783351483876,2026-07-06 17:24:43.876,C3:00:00:63:4D:07,-60,127,3.0,4.0,1.5
1783351483884,2026-07-06 17:24:43.884,C3:00:00:63:4D:09,-59,127,3.0,4.0,1.5
1783351483888,2026-07-06 17:24:43.888,C3:00:00:63:4D:0A,-61,127,3.0,4.0,1.5
1783351483907,2026-07-06 17:24:43.907,C3:00:00:63:4D:0D,-63,127,3.0,4.0,1.5
1783351483909,2026-07-06 17:24:43.909,C3:00:00:63:4D:04,-56,127,3.0,4.0,1.5
1783351483919,2026-07-06 17:24:43.919,C3:00:00:63:4D:05,-64,127,3.0,4.0,1.5
1783351483926,2026-07-06 17:24:43.926,C3:00:00:63:4D:08,-59,127,3.0,4.0,1.5
1783351483961,2026-07-06 17:24:43.961,C3:00:00:63:4C:D2,-68,127,3.0,4.0,1.5
1783351483965,2026-07-06 17:24:43.965,C3:00:00:63:4D:09,-59,127,3.0,4.0,1.5
1783351483970,2026-07-06 17:24:43.970,C3:00:00:63:4D:07,-63,127,3.0,4.0,1.5
1783351483993,2026-07-06 17:24:43.993,C3:00:00:63:4D:0A,-58,127,3.0,4.0,1.5
1783351484004,2026-07-06 17:24:44.004,C3:00:00:63:4D:09,-58,127,3.0,4.0,1.5
1783351484012,2026-07-06 17:24:44.012,C3:00:00:63:4D:0D,-52,127,3.0,4.0,1.5
1783351484018,2026-07-06 17:24:44.018,C3:00:00:63:4D:04,-57,127,3.0,4.0,1.5
1783351484027,2026-07-06 17:24:44.027,C3:00:00:63:4D:05,-59,127,3.0,4.0,1.5
1783351484039,2026-07-06 17:24:44.039,C3:00:00:63:4D:08,-61,127,3.0,4.0,1.5
1783351484065,2026-07-06 17:24:44.065,C3:00:00:63:4C:D2,-56,127,3.0,4.0,1.5
1783351484076,2026-07-06 17:24:44.076,C3:00:00:63:4D:04,-58,127,3.0,4.0,1.5
1783351484120,2026-07-06 17:24:44.120,C3:00:00:63:4D:04,-56,127,3.0,4.0,1.5
1783351484125,2026-07-06 17:24:44.125,C3:00:00:63:4D:0D,-56,127,3.0,4.0,1.5
1783351484155,2026-07-06 17:24:44.155,C3:00:00:63:4D:08,-52,127,3.0,4.0,1.5
1783351484207,2026-07-06 17:24:44.207,C3:00:00:63:4D:0A,-72,127,3.0,4.0,1.5
1783351484217,2026-07-06 17:24:44.217,C3:00:00:63:4D:04,-55,127,3.0,4.0,1.5
1783351484221,2026-07-06 17:24:44.221,C3:00:00:63:4D:05,-65,127,3.0,4.0,1.5
1783351484234,2026-07-06 17:24:44.234,C3:00:00:63:4D:0D,-55,127,3.0,4.0,1.5
1783351484273,2026-07-06 17:24:44.273,C3:00:00:63:4C:D2,-62,127,3.0,4.0,1.5
1783351484295,2026-07-06 17:24:44.295,C3:00:00:63:4D:07,-68,127,3.0,4.0,1.5
1783351484303,2026-07-06 17:24:44.303,C3:00:00:63:4D:0A,-56,127,3.0,4.0,1.5
1783351484320,2026-07-06 17:24:44.320,C3:00:00:63:4D:05,-55,127,3.0,4.0,1.5
1783351484327,2026-07-06 17:24:44.327,C3:00:00:63:4D:04,-65,127,3.0,4.0,1.5
1783351484333,2026-07-06 17:24:44.333,C3:00:00:63:4D:0D,-50,127,3.0,4.0,1.5
1783351484348,2026-07-06 17:24:44.348,C3:00:00:63:4D:09,-54,127,3.0,4.0,1.5
1783351484372,2026-07-06 17:24:44.372,C3:00:00:63:4D:08,-66,127,3.0,4.0,1.5
1783351484375,2026-07-06 17:24:44.375,C3:00:00:63:4D:07,-62,127,3.0,4.0,1.5
1783351484384,2026-07-06 17:24:44.384,C3:00:00:63:4C:D2,-58,127,3.0,4.0,1.5
1783351484395,2026-07-06 17:24:44.395,C3:00:00:63:4D:08,-66,127,3.0,4.0,1.5
1783351484436,2026-07-06 17:24:44.436,C3:00:00:63:4D:04,-63,127,3.0,4.0,1.5
1783351484460,2026-07-06 17:24:44.460,C3:00:00:63:4D:09,-54,127,3.0,4.0,1.5
1783351484483,2026-07-06 17:24:44.483,C3:00:00:63:4C:D2,-57,127,3.0,4.0,1.5
1783351484505,2026-07-06 17:24:44.505,C3:00:00:63:4D:08,-49,127,3.0,4.0,1.5
1783351484532,2026-07-06 17:24:44.532,C3:00:00:63:4D:04,-65,127,3.0,4.0,1.5
1783351484552,2026-07-06 17:24:44.552,C3:00:00:63:4D:0D,-50,127,3.0,4.0,1.5
1783351484556,2026-07-06 17:24:44.556,C3:00:00:63:4D:09,-60,127,3.0,4.0,1.5
1783351484571,2026-07-06 17:24:44.571,C3:00:00:63:4D:0D,-50,127,3.0,4.0,1.5
1783351484590,2026-07-06 17:24:44.590,C3:00:00:63:4C:D2,-68,127,3.0,4.0,1.5
1783351484617,2026-07-06 17:24:44.617,C3:00:00:63:4D:08,-58,127,3.0,4.0,1.5
1783351484621,2026-07-06 17:24:44.621,C3:00:00:63:4D:05,-59,127,3.0,4.0,1.5
1783351484636,2026-07-06 17:24:44.636,C3:00:00:63:4D:04,-73,127,3.0,4.0,1.5
1783351484654,2026-07-06 17:24:44.654,C3:00:00:63:4D:0D,-48,127,3.0,4.0,1.5
1783351484672,2026-07-06 17:24:44.672,C3:00:00:63:4D:07,-63,127,3.0,4.0,1.5
1783351484689,2026-07-06 17:24:44.689,C3:00:00:63:4D:09,-55,127,3.0,4.0,1.5
1783351484696,2026-07-06 17:24:44.696,C3:00:00:63:4D:04,-74,127,3.0,4.0,1.5
1783351484703,2026-07-06 17:24:44.703,C3:00:00:63:4C:D2,-56,127,3.0,4.0,1.5
1783351484724,2026-07-06 17:24:44.724,C3:00:00:63:4D:0A,-62,127,3.0,4.0,1.5
1783351484742,2026-07-06 17:24:44.742,C3:00:00:63:4D:04,-60,127,3.0,4.0,1.5
1783351484774,2026-07-06 17:24:44.774,C3:00:00:63:4D:07,-70,127,3.0,4.0,1.5
1783351484778,2026-07-06 17:24:44.778,C3:00:00:63:4D:0D,-50,127,3.0,4.0,1.5
1783351484783,2026-07-06 17:24:44.783,C3:00:00:63:4D:0A,-62,127,3.0,4.0,1.5
1783351484806,2026-07-06 17:24:44.806,C3:00:00:63:4D:09,-58,127,3.0,4.0,1.5
1783351484823,2026-07-06 17:24:44.823,C3:00:00:63:4D:05,-69,127,3.0,4.0,1.5
1783351484827,2026-07-06 17:24:44.827,C3:00:00:63:4D:0A,-57,127,3.0,4.0,1.5
1783351484844,2026-07-06 17:24:44.844,C3:00:00:63:4D:04,-61,127,3.0,4.0,1.5
1783351484849,2026-07-06 17:24:44.849,C3:00:00:63:4D:08,-50,127,3.0,4.0,1.5
1783351484867,2026-07-06 17:24:44.867,C3:00:00:63:4D:07,-67,127,3.0,4.0,1.5
1783351484873,2026-07-06 17:24:44.873,C3:00:00:63:4D:05,-61,127,3.0,4.0,1.5
1783351484876,2026-07-06 17:24:44.876,C3:00:00:63:4D:0D,-51,127,3.0,4.0,1.5
1783351484886,2026-07-06 17:24:44.886,C3:00:00:63:4C:D2,-65,127,3.0,4.0,1.5
1783351484909,2026-07-06 17:24:44.909,C3:00:00:63:4C:D2,-56,127,3.0,4.0,1.5
1783351484912,2026-07-06 17:24:44.912,C3:00:00:63:4D:09,-72,127,3.0,4.0,1.5
1783351484917,2026-07-06 17:24:44.917,C3:00:00:63:4D:0D,-50,127,3.0,4.0,1.5
1783351484925,2026-07-06 17:24:44.925,C3:00:00:63:4D:05,-55,127,3.0,4.0,1.5
1783351484933,2026-07-06 17:24:44.933,C3:00:00:63:4D:0A,-69,127,3.0,4.0,1.5
1783351484964,2026-07-06 17:24:44.964,C3:00:00:63:4D:08,-56,127,3.0,4.0,1.5
1783351484975,2026-07-06 17:24:44.975,C3:00:00:63:4D:07,-64,127,3.0,4.0,1.5
1783351484987,2026-07-06 17:24:44.987,C3:00:00:63:4D:0D,-53,127,3.0,4.0,1.5
1783351485026,2026-07-06 17:24:45.026,C3:00:00:63:4C:D2,-57,127,3.0,4.0,1.5
1783351485034,2026-07-06 17:24:45.034,C3:00:00:63:4D:09,-58,127,3.0,4.0,1.5
1783351485044,2026-07-06 17:24:45.044,C3:00:00:63:4D:0A,-56,127,3.0,4.0,1.5
1783351485072,2026-07-06 17:24:45.072,C3:00:00:63:4D:08,-51,127,3.0,4.0,1.5
1783351485077,2026-07-06 17:24:45.077,C3:00:00:63:4D:07,-59,127,3.0,4.0,1.5
1783351485092,2026-07-06 17:24:45.092,C3:00:00:63:4D:0D,-54,127,3.0,4.0,1.5
1783351485123,2026-07-06 17:24:45.123,C3:00:00:63:4D:05,-61,127,3.0,4.0,1.5
1783351485136,2026-07-06 17:24:45.136,C3:00:00:63:4D:09,-72,127,3.0,4.0,1.5
1783351485148,2026-07-06 17:24:45.148,C3:00:00:63:4D:0A,-59,127,3.0,4.0,1.5
1783351485157,2026-07-06 17:24:45.157,C3:00:00:63:4D:04,-55,127,3.0,4.0,1.5
1783351485168,2026-07-06 17:24:45.168,C3:00:00:63:4D:07,-62,127,3.0,4.0,1.5
1783351485183,2026-07-06 17:24:45.183,C3:00:00:63:4D:08,-56,127,3.0,4.0,1.5
1783351485192,2026-07-06 17:24:45.192,C3:00:00:63:4D:0D,-56,127,3.0,4.0,1.5
1783351485205,2026-07-06 17:24:45.205,C3:00:00:63:4D:07,-63,127,3.0,4.0,1.5
1783351485269,2026-07-06 17:24:45.269,C3:00:00:63:4D:07,-60,127,3.0,4.0,1.5
1783351485305,2026-07-06 17:24:45.305,C3:00:00:63:4D:0D,-49,127,3.0,4.0,1.5
1783351485334,2026-07-06 17:24:45.334,C3:00:00:63:4C:D2,-67,127,3.0,4.0,1.5
1783351485352,2026-07-06 17:24:45.352,C3:00:00:63:4D:07,-60,127,3.0,4.0,1.5
1783351485359,2026-07-06 17:24:45.359,C3:00:00:63:4D:04,-60,127,3.0,4.0,1.5
1783351485369,2026-07-06 17:24:45.369,C3:00:00:63:4D:07,-59,127,3.0,4.0,1.5
1783351485421,2026-07-06 17:24:45.421,C3:00:00:63:4D:08,-52,127,3.0,4.0,1.5
1783351485425,2026-07-06 17:24:45.425,C3:00:00:63:4D:0D,-52,127,3.0,4.0,1.5
1783351485440,2026-07-06 17:24:45.440,C3:00:00:63:4D:05,-69,127,3.0,4.0,1.5
1783351485451,2026-07-06 17:24:45.451,C3:00:00:63:4C:D2,-66,127,3.0,4.0,1.5
1783351485460,2026-07-06 17:24:45.460,C3:00:00:63:4D:04,-60,127,3.0,4.0,1.5
1783351485468,2026-07-06 17:24:45.468,C3:00:00:63:4D:0A,-60,127,3.0,4.0,1.5
1783351485471,2026-07-06 17:24:45.471,C3:00:00:63:4D:08,-53,127,3.0,4.0,1.5
1783351485475,2026-07-06 17:24:45.475,C3:00:00:63:4D:07,-68,127,3.0,4.0,1.5
1783351485477,2026-07-06 17:24:45.477,C3:00:00:63:4D:09,-62,127,3.0,4.0,1.5
1783351485492,2026-07-06 17:24:45.492,C3:00:00:63:4D:08,-54,127,3.0,4.0,1.5
1783351485522,2026-07-06 17:24:45.522,C3:00:00:63:4D:0D,-51,127,3.0,4.0,1.5
1783351485526,2026-07-06 17:24:45.526,C3:00:00:63:4D:05,-54,127,3.0,4.0,1.5
1783351485543,2026-07-06 17:24:45.543,C3:00:00:63:4D:08,-58,127,3.0,4.0,1.5
1783351485549,2026-07-06 17:24:45.549,C3:00:00:63:4D:05,-54,127,3.0,4.0,1.5
1783351485558,2026-07-06 17:24:45.558,C3:00:00:63:4C:D2,-61,127,3.0,4.0,1.5
1783351485561,2026-07-06 17:24:45.561,C3:00:00:63:4D:04,-54,127,3.0,4.0,1.5
1783351485567,2026-07-06 17:24:45.567,C3:00:00:63:4D:0A,-66,127,3.0,4.0,1.5
1783351485574,2026-07-06 17:24:45.574,C3:00:00:63:4D:07,-68,127,3.0,4.0,1.5
1783351485604,2026-07-06 17:24:45.604,C3:00:00:63:4D:09,-54,127,3.0,4.0,1.5
1783351485650,2026-07-06 17:24:45.650,C3:00:00:63:4D:08,-50,127,3.0,4.0,1.5
1783351485661,2026-07-06 17:24:45.661,C3:00:00:63:4C:D2,-62,127,3.0,4.0,1.5
1783351485683,2026-07-06 17:24:45.683,C3:00:00:63:4D:04,-67,127,3.0,4.0,1.5
1783351485686,2026-07-06 17:24:45.686,C3:00:00:63:4D:0A,-60,127,3.0,4.0,1.5
1783351485711,2026-07-06 17:24:45.711,C3:00:00:63:4D:09,-64,127,3.0,4.0,1.5
1783351485733,2026-07-06 17:24:45.733,C3:00:00:63:4D:05,-62,127,3.0,4.0,1.5
1783351485738,2026-07-06 17:24:45.738,C3:00:00:63:4D:0D,-54,127,3.0,4.0,1.5
1783351485761,2026-07-06 17:24:45.761,C3:00:00:63:4D:08,-56,127,3.0,4.0,1.5
1783351485774,2026-07-06 17:24:45.774,C3:00:00:63:4D:07,-62,127,3.0,4.0,1.5
1783351485818,2026-07-06 17:24:45.818,C3:00:00:63:4D:05,-60,127,3.0,4.0,1.5
1783351485822,2026-07-06 17:24:45.822,C3:00:00:63:4D:09,-56,127,3.0,4.0,1.5
1783351485844,2026-07-06 17:24:45.844,C3:00:00:63:4D:05,-60,127,3.0,4.0,1.5
1783351485849,2026-07-06 17:24:45.849,C3:00:00:63:4D:0D,-52,127,3.0,4.0,1.5
1783351485859,2026-07-06 17:24:45.859,C3:00:00:63:4C:D2,-59,127,3.0,4.0,1.5
1783351485881,2026-07-06 17:24:45.881,C3:00:00:63:4D:08,-59,127,3.0,4.0,1.5
1783351485885,2026-07-06 17:24:45.885,C3:00:00:63:4D:0A,-72,127,3.0,4.0,1.5
1783351485938,2026-07-06 17:24:45.938,C3:00:00:63:4D:05,-60,127,3.0,4.0,1.5
1783351485959,2026-07-06 17:24:45.959,C3:00:00:63:4D:0D,-58,127,3.0,4.0,1.5
1783351485977,2026-07-06 17:24:45.977,C3:00:00:63:4D:04,-62,127,3.0,4.0,1.5
1783351485993,2026-07-06 17:24:45.993,C3:00:00:63:4D:0A,-57,127,3.0,4.0,1.5
1783351485997,2026-07-06 17:24:45.997,C3:00:00:63:4D:08,-53,127,3.0,4.0,1.5
1783351486037,2026-07-06 17:24:46.037,C3:00:00:63:4D:05,-63,127,3.0,4.0,1.5
1783351486060,2026-07-06 17:24:46.060,C3:00:00:63:4D:0D,-54,127,3.0,4.0,1.5
1783351486067,2026-07-06 17:24:46.067,C3:00:00:63:4D:07,-59,127,3.0,4.0,1.5
1783351486070,2026-07-06 17:24:46.070,C3:00:00:63:4D:04,-58,127,3.0,4.0,1.5
1783351486082,2026-07-06 17:24:46.082,C3:00:00:63:4C:D2,-66,127,3.0,4.0,1.5
1783351486086,2026-07-06 17:24:46.086,C3:00:00:63:4D:0A,-55,127,3.0,4.0,1.5
1783351486091,2026-07-06 17:24:46.091,C3:00:00:63:4D:04,-58,127,3.0,4.0,1.5
1783351486106,2026-07-06 17:24:46.106,C3:00:00:63:4D:08,-55,127,3.0,4.0,1.5
1783351486144,2026-07-06 17:24:46.144,C3:00:00:63:4D:05,-59,127,3.0,4.0,1.5
1783351486172,2026-07-06 17:24:46.172,C3:00:00:63:4D:07,-62,127,3.0,4.0,1.5
1783351486175,2026-07-06 17:24:46.175,C3:00:00:63:4D:09,-55,127,3.0,4.0,1.5
1783351486180,2026-07-06 17:24:46.180,C3:00:00:63:4D:0D,-51,127,3.0,4.0,1.5
1783351486184,2026-07-06 17:24:46.184,C3:00:00:63:4D:04,-55,127,3.0,4.0,1.5
1783351486189,2026-07-06 17:24:46.189,C3:00:00:63:4C:D2,-56,127,3.0,4.0,1.5
1783351486200,2026-07-06 17:24:46.200,C3:00:00:63:4D:0A,-61,127,3.0,4.0,1.5
1783351486229,2026-07-06 17:24:46.229,C3:00:00:63:4D:08,-50,127,3.0,4.0,1.5
1783351486240,2026-07-06 17:24:46.240,C3:00:00:63:4D:05,-66,127,3.0,4.0,1.5
1783351486273,2026-07-06 17:24:46.273,C3:00:00:63:4D:07,-64,127,3.0,4.0,1.5
1783351486279,2026-07-06 17:24:46.279,C3:00:00:63:4D:0D,-57,127,3.0,4.0,1.5
1783351486293,2026-07-06 17:24:46.293,C3:00:00:63:4C:D2,-56,127,3.0,4.0,1.5
1783351486309,2026-07-06 17:24:46.309,C3:00:00:63:4D:0A,-58,127,3.0,4.0,1.5
1783351486336,2026-07-06 17:24:46.336,C3:00:00:63:4D:05,-62,127,3.0,4.0,1.5
1783351486341,2026-07-06 17:24:46.341,C3:00:00:63:4D:08,-52,127,3.0,4.0,1.5
1783351486346,2026-07-06 17:24:46.346,C3:00:00:63:4D:0A,-66,127,3.0,4.0,1.5
1783351486371,2026-07-06 17:24:46.371,C3:00:00:63:4D:07,-64,127,3.0,4.0,1.5
1783351486375,2026-07-06 17:24:46.375,C3:00:00:63:4D:08,-52,127,3.0,4.0,1.5
1783351486385,2026-07-06 17:24:46.385,C3:00:00:63:4D:05,-70,127,3.0,4.0,1.5
1783351486396,2026-07-06 17:24:46.396,C3:00:00:63:4D:04,-56,127,3.0,4.0,1.5
1783351486403,2026-07-06 17:24:46.403,C3:00:00:63:4D:09,-66,127,3.0,4.0,1.5
1783351486408,2026-07-06 17:24:46.408,C3:00:00:63:4D:0A,-60,127,3.0,4.0,1.5
1783351486437,2026-07-06 17:24:46.437,C3:00:00:63:4D:05,-58,127,3.0,4.0,1.5
1783351486461,2026-07-06 17:24:46.461,C3:00:00:63:4D:08,-58,127,3.0,4.0,1.5
1783351486476,2026-07-06 17:24:46.476,C3:00:00:63:4D:07,-63,127,3.0,4.0,1.5
1783351486493,2026-07-06 17:24:46.493,C3:00:00:63:4D:0D,-50,127,3.0,4.0,1.5
1783351486510,2026-07-06 17:24:46.510,C3:00:00:63:4D:0A,-62,127,3.0,4.0,1.5
1783351486545,2026-07-06 17:24:46.545,C3:00:00:63:4D:05,-58,127,3.0,4.0,1.5
1783351486572,2026-07-06 17:24:46.572,C3:00:00:63:4D:09,-59,127,3.0,4.0,1.5
1783351486576,2026-07-06 17:24:46.576,C3:00:00:63:4D:08,-52,127,3.0,4.0,1.5
1783351486580,2026-07-06 17:24:46.580,C3:00:00:63:4D:07,-65,127,3.0,4.0,1.5
1783351486592,2026-07-06 17:24:46.592,C3:00:00:63:4D:04,-65,127,3.0,4.0,1.5
1783351486613,2026-07-06 17:24:46.613,C3:00:00:63:4D:0A,-57,127,3.0,4.0,1.5
1783351486620,2026-07-06 17:24:46.620,C3:00:00:63:4D:09,-63,127,3.0,4.0,1.5
1783351486639,2026-07-06 17:24:46.639,C3:00:00:63:4D:05,-74,127,3.0,4.0,1.5
1783351486693,2026-07-06 17:24:46.693,C3:00:00:63:4D:04,-55,127,3.0,4.0,1.5
1783351486712,2026-07-06 17:24:46.712,C3:00:00:63:4D:0D,-51,127,3.0,4.0,1.5
1783351486725,2026-07-06 17:24:46.725,C3:00:00:63:4D:0A,-65,127,3.0,4.0,1.5
1783351486741,2026-07-06 17:24:46.741,C3:00:00:63:4D:09,-56,127,3.0,4.0,1.5
1783351486746,2026-07-06 17:24:46.746,C3:00:00:63:4D:05,-57,127,3.0,4.0,1.5
1783351486771,2026-07-06 17:24:46.771,C3:00:00:63:4D:07,-65,127,3.0,4.0,1.5
1783351486781,2026-07-06 17:24:46.781,C3:00:00:63:4D:0A,-62,127,3.0,4.0,1.5
1783351486801,2026-07-06 17:24:46.801,C3:00:00:63:4D:04,-56,127,3.0,4.0,1.5
1783351486822,2026-07-06 17:24:46.822,C3:00:00:63:4D:0A,-56,127,3.0,4.0,1.5
1783351486877,2026-07-06 17:24:46.877,C3:00:00:63:4D:07,-67,127,3.0,4.0,1.5
1783351486895,2026-07-06 17:24:46.895,C3:00:00:63:4D:05,-57,127,3.0,4.0,1.5
1783351486900,2026-07-06 17:24:46.900,C3:00:00:63:4C:D2,-60,127,3.0,4.0,1.5
1783351486906,2026-07-06 17:24:46.906,C3:00:00:63:4D:04,-60,127,3.0,4.0,1.5
1783351486909,2026-07-06 17:24:46.909,C3:00:00:63:4D:08,-54,127,3.0,4.0,1.5
1783351486915,2026-07-06 17:24:46.915,C3:00:00:63:4D:0D,-59,127,3.0,4.0,1.5
1783351486918,2026-07-06 17:24:46.918,C3:00:00:63:4C:D2,-73,127,3.0,4.0,1.5
1783351486930,2026-07-06 17:24:46.930,C3:00:00:63:4D:0A,-57,127,3.0,4.0,1.5
1783351486938,2026-07-06 17:24:46.938,C3:00:00:63:4D:0D,-57,127,3.0,4.0,1.5
1783351486999,2026-07-06 17:24:46.999,C3:00:00:63:4D:04,-56,127,3.0,4.0,1.5
1783351487044,2026-07-06 17:24:47.044,C3:00:00:63:4D:05,-53,127,3.0,4.0,1.5
1783351487075,2026-07-06 17:24:47.075,C3:00:00:63:4D:07,-65,127,3.0,4.0,1.5
1783351487079,2026-07-06 17:24:47.079,C3:00:00:63:4D:09,-54,127,3.0,4.0,1.5
1783351487092,2026-07-06 17:24:47.092,C3:00:00:63:4D:0A,-70,127,3.0,4.0,1.5
1783351487109,2026-07-06 17:24:47.109,C3:00:00:63:4D:04,-59,127,3.0,4.0,1.5
1783351487121,2026-07-06 17:24:47.121,C3:00:00:63:4D:0A,-64,127,3.0,4.0,1.5
1783351487134,2026-07-06 17:24:47.134,C3:00:00:63:4C:D2,-65,127,3.0,4.0,1.5
1783351487137,2026-07-06 17:24:47.137,C3:00:00:63:4D:0A,-68,127,3.0,4.0,1.5
1783351487139,2026-07-06 17:24:47.139,C3:00:00:63:4D:0D,-54,127,3.0,4.0,1.5
1783351487143,2026-07-06 17:24:47.143,C3:00:00:63:4D:08,-50,127,3.0,4.0,1.5
1783351487149,2026-07-06 17:24:47.149,C3:00:00:63:4D:05,-54,127,3.0,4.0,1.5
1783351487170,2026-07-06 17:24:47.170,C3:00:00:63:4D:07,-65,127,3.0,4.0,1.5
1783351487198,2026-07-06 17:24:47.198,C3:00:00:63:4D:09,-54,127,3.0,4.0,1.5
1783351487221,2026-07-06 17:24:47.221,C3:00:00:63:4D:04,-55,127,3.0,4.0,1.5
1783351487228,2026-07-06 17:24:47.228,C3:00:00:63:4D:07,-60,127,3.0,4.0,1.5
1783351487241,2026-07-06 17:24:47.241,C3:00:00:63:4C:D2,-77,127,3.0,4.0,1.5
1783351487245,2026-07-06 17:24:47.245,C3:00:00:63:4D:05,-69,127,3.0,4.0,1.5
1783351487247,2026-07-06 17:24:47.247,C3:00:00:63:4D:0D,-54,127,3.0,4.0,1.5
1783351487255,2026-07-06 17:24:47.255,C3:00:00:63:4D:08,-53,127,3.0,4.0,1.5
1783351487306,2026-07-06 17:24:47.306,C3:00:00:63:4D:09,-61,127,3.0,4.0,1.5
1783351487358,2026-07-06 17:24:47.358,C3:00:00:63:4D:05,-58,127,3.0,4.0,1.5
1783351487363,2026-07-06 17:24:47.363,C3:00:00:63:4D:0D,-52,127,3.0,4.0,1.5
1783351487373,2026-07-06 17:24:47.373,C3:00:00:63:4D:08,-55,127,3.0,4.0,1.5
1783351487385,2026-07-06 17:24:47.385,C3:00:00:63:4C:D2,-61,127,3.0,4.0,1.5
1783351487388,2026-07-06 17:24:47.388,C3:00:00:63:4D:07,-62,127,3.0,4.0,1.5
1783351487399,2026-07-06 17:24:47.399,C3:00:00:63:4D:09,-56,127,3.0,4.0,1.5
1783351487414,2026-07-06 17:24:47.414,C3:00:00:63:4D:04,-61,127,3.0,4.0,1.5
1783351487423,2026-07-06 17:24:47.423,C3:00:00:63:4D:09,-60,127,3.0,4.0,1.5
1783351487431,2026-07-06 17:24:47.431,C3:00:00:63:4D:0D,-59,127,3.0,4.0,1.5
1783351487449,2026-07-06 17:24:47.449,C3:00:00:63:4D:0D,-65,127,3.0,4.0,1.5
1783351487454,2026-07-06 17:24:47.454,C3:00:00:63:4D:0A,-58,127,3.0,4.0,1.5
1783351487458,2026-07-06 17:24:47.458,C3:00:00:63:4C:D2,-73,127,3.0,4.0,1.5
1783351487466,2026-07-06 17:24:47.466,C3:00:00:63:4D:0D,-56,127,3.0,4.0,1.5
1783351487471,2026-07-06 17:24:47.471,C3:00:00:63:4D:07,-66,127,3.0,4.0,1.5
1783351487491,2026-07-06 17:24:47.491,C3:00:00:63:4D:08,-51,127,3.0,4.0,1.5
1783351487505,2026-07-06 17:24:47.505,C3:00:00:63:4D:08,-50,127,3.0,4.0,1.5
1783351487513,2026-07-06 17:24:47.513,C3:00:00:63:4D:04,-59,127,3.0,4.0,1.5
1783351487529,2026-07-06 17:24:47.529,C3:00:00:63:4D:09,-66,127,3.0,4.0,1.5
1783351487567,2026-07-06 17:24:47.567,C3:00:00:63:4D:0A,-55,127,3.0,4.0,1.5
1783351487576,2026-07-06 17:24:47.576,C3:00:00:63:4D:07,-60,127,3.0,4.0,1.5
1783351487588,2026-07-06 17:24:47.588,C3:00:00:63:4D:0D,-51,127,3.0,4.0,1.5
1783351487605,2026-07-06 17:24:47.605,C3:00:00:63:4D:08,-53,127,3.0,4.0,1.5
1783351487628,2026-07-06 17:24:47.628,C3:00:00:63:4D:04,-53,127,3.0,4.0,1.5
1783351487657,2026-07-06 17:24:47.657,C3:00:00:63:4D:05,-68,127,3.0,4.0,1.5
1783351487663,2026-07-06 17:24:47.663,C3:00:00:63:4D:0A,-61,127,3.0,4.0,1.5
1783351487687,2026-07-06 17:24:47.687,C3:00:00:63:4D:0D,-51,127,3.0,4.0,1.5
1783351487721,2026-07-06 17:24:47.721,C3:00:00:63:4D:08,-52,127,3.0,4.0,1.5
1783351487727,2026-07-06 17:24:47.727,C3:00:00:63:4D:09,-68,127,3.0,4.0,1.5
1783351487732,2026-07-06 17:24:47.732,C3:00:00:63:4D:04,-58,127,3.0,4.0,1.5
1783351487754,2026-07-06 17:24:47.754,C3:00:00:63:4D:05,-64,127,3.0,4.0,1.5
1783351487766,2026-07-06 17:24:47.766,C3:00:00:63:4D:07,-61,127,3.0,4.0,1.5
1783351487797,2026-07-06 17:24:47.797,C3:00:00:63:4D:0D,-58,127,3.0,4.0,1.5
1783351487822,2026-07-06 17:24:47.822,C3:00:00:63:4D:05,-60,127,3.0,4.0,1.5
1783351487831,2026-07-06 17:24:47.831,C3:00:00:63:4D:04,-58,127,3.0,4.0,1.5
1783351487850,2026-07-06 17:24:47.850,C3:00:00:63:4D:05,-60,127,3.0,4.0,1.5
1783351487868,2026-07-06 17:24:47.868,C3:00:00:63:4D:07,-59,127,3.0,4.0,1.5
1783351487871,2026-07-06 17:24:47.871,C3:00:00:63:4D:0A,-55,127,3.0,4.0,1.5
1783351487873,2026-07-06 17:24:47.873,C3:00:00:63:4D:09,-70,127,3.0,4.0,1.5
1783351487877,2026-07-06 17:24:47.877,C3:00:00:63:4C:D2,-75,127,3.0,4.0,1.5
1783351487902,2026-07-06 17:24:47.902,C3:00:00:63:4D:0D,-51,127,3.0,4.0,1.5
1783351487952,2026-07-06 17:24:47.952,C3:00:00:63:4D:08,-64,127,3.0,4.0,1.5
1783351487955,2026-07-06 17:24:47.955,C3:00:00:63:4D:05,-56,127,3.0,4.0,1.5
1783351487970,2026-07-06 17:24:47.970,C3:00:00:63:4D:07,-60,127,3.0,4.0,1.5
1783351487973,2026-07-06 17:24:47.973,C3:00:00:63:4D:09,-64,127,3.0,4.0,1.5
1783351487983,2026-07-06 17:24:47.983,C3:00:00:63:4D:0A,-62,127,3.0,4.0,1.5
1783351487994,2026-07-06 17:24:47.994,C3:00:00:63:4D:09,-64,127,3.0,4.0,1.5
1783351488005,2026-07-06 17:24:48.005,C3:00:00:63:4D:0D,-52,127,3.0,4.0,1.5
1783351488037,2026-07-06 17:24:48.037,C3:00:00:63:4D:04,-63,127,3.0,4.0,1.5
1783351488072,2026-07-06 17:24:48.072,C3:00:00:63:4D:07,-66,127,3.0,4.0,1.5
1783351488096,2026-07-06 17:24:48.096,C3:00:00:63:4C:D2,-54,127,3.0,4.0,1.5
1783351488106,2026-07-06 17:24:48.106,C3:00:00:63:4D:09,-60,127,3.0,4.0,1.5
1783351488119,2026-07-06 17:24:48.119,C3:00:00:63:4D:0D,-54,127,3.0,4.0,1.5
1783351488139,2026-07-06 17:24:48.139,C3:00:00:63:4D:04,-64,127,3.0,4.0,1.5
1783351488158,2026-07-06 17:24:48.158,C3:00:00:63:4D:05,-61,127,3.0,4.0,1.5
1783351488172,2026-07-06 17:24:48.172,C3:00:00:63:4D:07,-73,127,3.0,4.0,1.5
1783351488180,2026-07-06 17:24:48.180,C3:00:00:63:4D:08,-55,127,3.0,4.0,1.5
1783351488198,2026-07-06 17:24:48.198,C3:00:00:63:4C:D2,-62,127,3.0,4.0,1.5
1783351488223,2026-07-06 17:24:48.223,C3:00:00:63:4D:09,-58,127,3.0,4.0,1.5
1783351488227,2026-07-06 17:24:48.227,C3:00:00:63:4D:0D,-50,127,3.0,4.0,1.5
1783351488271,2026-07-06 17:24:48.271,C3:00:00:63:4D:07,-64,127,3.0,4.0,1.5
1783351488293,2026-07-06 17:24:48.293,C3:00:00:63:4D:07,-66,127,3.0,4.0,1.5
1783351488298,2026-07-06 17:24:48.298,C3:00:00:63:4D:08,-56,127,3.0,4.0,1.5
1783351488303,2026-07-06 17:24:48.303,C3:00:00:63:4D:0A,-68,127,3.0,4.0,1.5
1783351488306,2026-07-06 17:24:48.306,C3:00:00:63:4C:D2,-60,127,3.0,4.0,1.5
1783351488336,2026-07-06 17:24:48.336,C3:00:00:63:4D:0D,-53,127,3.0,4.0,1.5
1783351488339,2026-07-06 17:24:48.339,C3:00:00:63:4D:09,-61,127,3.0,4.0,1.5
1783351488361,2026-07-06 17:24:48.361,C3:00:00:63:4D:05,-56,127,3.0,4.0,1.5
1783351488379,2026-07-06 17:24:48.379,C3:00:00:63:4D:08,-56,127,3.0,4.0,1.5
1783351488400,2026-07-06 17:24:48.400,C3:00:00:63:4D:0A,-61,127,3.0,4.0,1.5
1783351488413,2026-07-06 17:24:48.413,C3:00:00:63:4D:08,-57,127,3.0,4.0,1.5
1783351488436,2026-07-06 17:24:48.436,C3:00:00:63:4D:0D,-54,127,3.0,4.0,1.5
1783351488469,2026-07-06 17:24:48.469,C3:00:00:63:4D:05,-63,127,3.0,4.0,1.5
1783351488476,2026-07-06 17:24:48.476,C3:00:00:63:4D:07,-66,127,3.0,4.0,1.5
1783351488501,2026-07-06 17:24:48.501,C3:00:00:63:4D:0A,-57,127,3.0,4.0,1.5
1783351488518,2026-07-06 17:24:48.518,C3:00:00:63:4C:D2,-58,127,3.0,4.0,1.5
1783351488522,2026-07-06 17:24:48.522,C3:00:00:63:4D:08,-59,127,3.0,4.0,1.5
1783351488545,2026-07-06 17:24:48.545,C3:00:00:63:4D:0D,-51,127,3.0,4.0,1.5
1783351488554,2026-07-06 17:24:48.554,C3:00:00:63:4D:04,-58,127,3.0,4.0,1.5
1783351488560,2026-07-06 17:24:48.560,C3:00:00:63:4D:05,-57,127,3.0,4.0,1.5
1783351488564,2026-07-06 17:24:48.564,C3:00:00:63:4D:0D,-51,127,3.0,4.0,1.5
1783351488570,2026-07-06 17:24:48.570,C3:00:00:63:4D:09,-56,127,3.0,4.0,1.5
1783351488590,2026-07-06 17:24:48.590,C3:00:00:63:4D:09,-56,127,3.0,4.0,1.5
1783351488607,2026-07-06 17:24:48.607,C3:00:00:63:4D:0A,-68,127,3.0,4.0,1.5
1783351488623,2026-07-06 17:24:48.623,C3:00:00:63:4C:D2,-59,127,3.0,4.0,1.5
1783351488642,2026-07-06 17:24:48.642,C3:00:00:63:4D:08,-52,127,3.0,4.0,1.5
1783351488658,2026-07-06 17:24:48.658,C3:00:00:63:4D:0D,-51,127,3.0,4.0,1.5
1783351488660,2026-07-06 17:24:48.660,C3:00:00:63:4D:04,-65,127,3.0,4.0,1.5
1783351488662,2026-07-06 17:24:48.662,C3:00:00:63:4D:05,-55,127,3.0,4.0,1.5
1783351488671,2026-07-06 17:24:48.671,C3:00:00:63:4D:09,-58,127,3.0,4.0,1.5
1783351488674,2026-07-06 17:24:48.674,C3:00:00:63:4D:07,-65,127,3.0,4.0,1.5
1783351488679,2026-07-06 17:24:48.679,C3:00:00:63:4D:04,-64,127,3.0,4.0,1.5
1783351488697,2026-07-06 17:24:48.697,C3:00:00:63:4D:04,-71,127,3.0,4.0,1.5
1783351488718,2026-07-06 17:24:48.718,C3:00:00:63:4D:0A,-59,127,3.0,4.0,1.5
1783351488730,2026-07-06 17:24:48.730,C3:00:00:63:4C:D2,-60,127,3.0,4.0,1.5
1783351488748,2026-07-06 17:24:48.748,C3:00:00:63:4D:08,-55,127,3.0,4.0,1.5
1783351488763,2026-07-06 17:24:48.763,C3:00:00:63:4D:04,-57,127,3.0,4.0,1.5
1783351488766,2026-07-06 17:24:48.766,C3:00:00:63:4D:05,-63,127,3.0,4.0,1.5
1783351488770,2026-07-06 17:24:48.770,C3:00:00:63:4D:0D,-52,127,3.0,4.0,1.5
1783351488772,2026-07-06 17:24:48.772,C3:00:00:63:4D:07,-70,127,3.0,4.0,1.5
1783351488789,2026-07-06 17:24:48.789,C3:00:00:63:4D:0A,-60,127,3.0,4.0,1.5
1783351488792,2026-07-06 17:24:48.792,C3:00:00:63:4D:09,-62,127,3.0,4.0,1.5
1783351488839,2026-07-06 17:24:48.839,C3:00:00:63:4C:D2,-61,127,3.0,4.0,1.5
1783351488861,2026-07-06 17:24:48.861,C3:00:00:63:4D:04,-56,127,3.0,4.0,1.5
1783351488867,2026-07-06 17:24:48.867,C3:00:00:63:4D:05,-56,127,3.0,4.0,1.5
1783351488897,2026-07-06 17:24:48.897,C3:00:00:63:4D:05,-54,127,3.0,4.0,1.5
1783351488901,2026-07-06 17:24:48.901,C3:00:00:63:4C:D2,-55,127,3.0,4.0,1.5
1783351488906,2026-07-06 17:24:48.906,C3:00:00:63:4D:09,-54,127,3.0,4.0,1.5
1783351488922,2026-07-06 17:24:48.922,C3:00:00:63:4D:0D,-61,127,3.0,4.0,1.5
1783351488939,2026-07-06 17:24:48.939,C3:00:00:63:4C:D2,-54,127,3.0,4.0,1.5
1783351488970,2026-07-06 17:24:48.970,C3:00:00:63:4D:04,-56,127,3.0,4.0,1.5
1783351488973,2026-07-06 17:24:48.973,C3:00:00:63:4D:07,-63,127,3.0,4.0,1.5
1783351488977,2026-07-06 17:24:48.977,C3:00:00:63:4D:0D,-54,127,3.0,4.0,1.5
1783351488987,2026-07-06 17:24:48.987,C3:00:00:63:4D:08,-54,127,3.0,4.0,1.5
1783351489037,2026-07-06 17:24:49.037,C3:00:00:63:4D:0A,-57,127,3.0,4.0,1.5
1783351489043,2026-07-06 17:24:49.043,C3:00:00:63:4C:D2,-61,127,3.0,4.0,1.5
1783351489065,2026-07-06 17:24:49.065,C3:00:00:63:4D:04,-57,127,3.0,4.0,1.5
1783351489088,2026-07-06 17:24:49.088,C3:00:00:63:4D:0D,-61,127,3.0,4.0,1.5
1783351489093,2026-07-06 17:24:49.093,C3:00:00:63:4D:08,-58,127,3.0,4.0,1.5
1783351489119,2026-07-06 17:24:49.119,C3:00:00:63:4D:0A,-67,127,3.0,4.0,1.5
1783351489130,2026-07-06 17:24:49.130,C3:00:00:63:4D:09,-54,127,3.0,4.0,1.5
1783351489144,2026-07-06 17:24:49.144,C3:00:00:63:4D:0A,-73,127,3.0,4.0,1.5
1783351489155,2026-07-06 17:24:49.155,C3:00:00:63:4C:D2,-56,127,3.0,4.0,1.5
1783351489163,2026-07-06 17:24:49.163,C3:00:00:63:4D:05,-59,127,3.0,4.0,1.5
1783351489169,2026-07-06 17:24:49.169,C3:00:00:63:4D:04,-58,127,3.0,4.0,1.5
1783351489189,2026-07-06 17:24:49.189,C3:00:00:63:4D:0D,-48,127,3.0,4.0,1.5
1783351489242,2026-07-06 17:24:49.242,C3:00:00:63:4D:0A,-60,127,3.0,4.0,1.5
1783351489248,2026-07-06 17:24:49.248,C3:00:00:63:4D:07,-66,127,3.0,4.0,1.5
1783351489253,2026-07-06 17:24:49.253,C3:00:00:63:4D:09,-54,127,3.0,4.0,1.5
1783351489267,2026-07-06 17:24:49.267,C3:00:00:63:4C:D2,-55,127,3.0,4.0,1.5
1783351489272,2026-07-06 17:24:49.272,C3:00:00:63:4D:07,-64,127,3.0,4.0,1.5
1783351489328,2026-07-06 17:24:49.328,C3:00:00:63:4D:08,-59,127,3.0,4.0,1.5
1783351489350,2026-07-06 17:24:49.350,C3:00:00:63:4D:0A,-56,127,3.0,4.0,1.5
1783351489365,2026-07-06 17:24:49.365,C3:00:00:63:4D:09,-65,127,3.0,4.0,1.5
1783351489371,2026-07-06 17:24:49.371,C3:00:00:63:4D:04,-56,127,3.0,4.0,1.5
1783351489385,2026-07-06 17:24:49.385,C3:00:00:63:4D:07,-65,127,3.0,4.0,1.5
1783351489402,2026-07-06 17:24:49.402,C3:00:00:63:4C:D2,-64,127,3.0,4.0,1.5
1783351489412,2026-07-06 17:24:49.412,C3:00:00:63:4D:0D,-50,127,3.0,4.0,1.5
1783351489451,2026-07-06 17:24:49.451,C3:00:00:63:4D:08,-58,127,3.0,4.0,1.5
1783351489475,2026-07-06 17:24:49.475,C3:00:00:63:4D:07,-70,127,3.0,4.0,1.5
1783351489479,2026-07-06 17:24:49.479,C3:00:00:63:4D:04,-56,127,3.0,4.0,1.5
1783351489555,2026-07-06 17:24:49.555,C3:00:00:63:4D:05,-60,127,3.0,4.0,1.5
1783351489560,2026-07-06 17:24:49.560,C3:00:00:63:4D:08,-57,127,3.0,4.0,1.5
1783351489565,2026-07-06 17:24:49.565,C3:00:00:63:4D:0A,-60,127,3.0,4.0,1.5
1783351489571,2026-07-06 17:24:49.571,C3:00:00:63:4D:07,-65,127,3.0,4.0,1.5
1783351489583,2026-07-06 17:24:49.583,C3:00:00:63:4D:04,-58,127,3.0,4.0,1.5
1783351489595,2026-07-06 17:24:49.595,C3:00:00:63:4D:09,-56,127,3.0,4.0,1.5
1783351489630,2026-07-06 17:24:49.630,C3:00:00:63:4D:0D,-51,127,3.0,4.0,1.5
1783351489662,2026-07-06 17:24:49.662,C3:00:00:63:4D:0A,-54,127,3.0,4.0,1.5
1783351489673,2026-07-06 17:24:49.673,C3:00:00:63:4D:05,-67,127,3.0,4.0,1.5
1783351489678,2026-07-06 17:24:49.678,C3:00:00:63:4D:08,-54,127,3.0,4.0,1.5
1783351489682,2026-07-06 17:24:49.682,C3:00:00:63:4D:07,-63,127,3.0,4.0,1.5
1783351489686,2026-07-06 17:24:49.686,C3:00:00:63:4D:04,-54,127,3.0,4.0,1.5
1783351489694,2026-07-06 17:24:49.694,C3:00:00:63:4D:07,-71,127,3.0,4.0,1.5
1783351489737,2026-07-06 17:24:49.737,C3:00:00:63:4D:0D,-50,127,3.0,4.0,1.5
1783351489764,2026-07-06 17:24:49.764,C3:00:00:63:4D:0A,-68,127,3.0,4.0,1.5
1783351489768,2026-07-06 17:24:49.768,C3:00:00:63:4D:07,-66,127,3.0,4.0,1.5
1783351489772,2026-07-06 17:24:49.772,C3:00:00:63:4D:05,-57,127,3.0,4.0,1.5
1783351489787,2026-07-06 17:24:49.787,C3:00:00:63:4D:08,-62,127,3.0,4.0,1.5
1783351489792,2026-07-06 17:24:49.792,C3:00:00:63:4D:04,-57,127,3.0,4.0,1.5
1783351489794,2026-07-06 17:24:49.794,C3:00:00:63:4C:D2,-57,127,3.0,4.0,1.5
1783351489813,2026-07-06 17:24:49.813,C3:00:00:63:4D:09,-58,127,3.0,4.0,1.5
1783351489847,2026-07-06 17:24:49.847,C3:00:00:63:4D:0D,-56,127,3.0,4.0,1.5
1783351489869,2026-07-06 17:24:49.869,C3:00:00:63:4D:07,-64,127,3.0,4.0,1.5
1783351489906,2026-07-06 17:24:49.906,C3:00:00:63:4D:08,-54,127,3.0,4.0,1.5
1783351489932,2026-07-06 17:24:49.932,C3:00:00:63:4D:09,-62,127,3.0,4.0,1.5
1783351489949,2026-07-06 17:24:49.949,C3:00:00:63:4D:0D,-68,127,3.0,4.0,1.5
1783351489970,2026-07-06 17:24:49.970,C3:00:00:63:4D:05,-63,127,3.0,4.0,1.5
1783351489993,2026-07-06 17:24:49.993,C3:00:00:63:4D:04,-55,127,3.0,4.0,1.5
1783351489997,2026-07-06 17:24:49.997,C3:00:00:63:4C:D2,-61,127,3.0,4.0,1.5
1783351490024,2026-07-06 17:24:50.024,C3:00:00:63:4D:08,-58,127,3.0,4.0,1.5
1783351490050,2026-07-06 17:24:50.050,C3:00:00:63:4D:09,-54,127,3.0,4.0,1.5
1783351490065,2026-07-06 17:24:50.065,C3:00:00:63:4D:0D,-60,127,3.0,4.0,1.5
1783351490073,2026-07-06 17:24:50.073,C3:00:00:63:4D:07,-65,127,3.0,4.0,1.5
1783351490085,2026-07-06 17:24:50.085,C3:00:00:63:4D:05,-56,127,3.0,4.0,1.5
1783351490087,2026-07-06 17:24:50.087,C3:00:00:63:4D:0A,-74,127,3.0,4.0,1.5
1783351490093,2026-07-06 17:24:50.093,C3:00:00:63:4D:04,-57,127,3.0,4.0,1.5
1783351490101,2026-07-06 17:24:50.101,C3:00:00:63:4C:D2,-57,127,3.0,4.0,1.5
1783351490112,2026-07-06 17:24:50.112,C3:00:00:63:4D:04,-66,127,3.0,4.0,1.5
1783351490130,2026-07-06 17:24:50.130,C3:00:00:63:4C:D2,-56,127,3.0,4.0,1.5
1783351490146,2026-07-06 17:24:50.146,C3:00:00:63:4D:08,-54,127,3.0,4.0,1.5
1783351490167,2026-07-06 17:24:50.167,C3:00:00:63:4D:09,-58,127,3.0,4.0,1.5
1783351490173,2026-07-06 17:24:50.173,C3:00:00:63:4D:07,-67,127,3.0,4.0,1.5
1783351490177,2026-07-06 17:24:50.177,C3:00:00:63:4D:05,-60,127,3.0,4.0,1.5
1783351490186,2026-07-06 17:24:50.186,C3:00:00:63:4D:0A,-60,127,3.0,4.0,1.5
1783351490197,2026-07-06 17:24:50.197,C3:00:00:63:4D:04,-65,127,3.0,4.0,1.5
1783351490216,2026-07-06 17:24:50.216,C3:00:00:63:4C:D2,-65,127,3.0,4.0,1.5
1783351490246,2026-07-06 17:24:50.246,C3:00:00:63:4D:08,-54,127,3.0,4.0,1.5
1783351490272,2026-07-06 17:24:50.272,C3:00:00:63:4D:07,-64,127,3.0,4.0,1.5
1783351490277,2026-07-06 17:24:50.277,C3:00:00:63:4D:05,-71,127,3.0,4.0,1.5
1783351490297,2026-07-06 17:24:50.297,C3:00:00:63:4D:0A,-56,127,3.0,4.0,1.5
1783351490302,2026-07-06 17:24:50.302,C3:00:00:63:4D:04,-55,127,3.0,4.0,1.5
1783351490315,2026-07-06 17:24:50.315,C3:00:00:63:4C:D2,-55,127,3.0,4.0,1.5
1783351490354,2026-07-06 17:24:50.354,C3:00:00:63:4D:0A,-74,127,3.0,4.0,1.5
1783351490358,2026-07-06 17:24:50.358,C3:00:00:63:4D:08,-56,127,3.0,4.0,1.5
1783351490374,2026-07-06 17:24:50.374,C3:00:00:63:4D:07,-61,127,3.0,4.0,1.5
1783351490378,2026-07-06 17:24:50.378,C3:00:00:63:4D:0D,-52,127,3.0,4.0,1.5
1783351490383,2026-07-06 17:24:50.383,C3:00:00:63:4D:05,-56,127,3.0,4.0,1.5
1783351490387,2026-07-06 17:24:50.387,C3:00:00:63:4D:08,-56,127,3.0,4.0,1.5
1783351490392,2026-07-06 17:24:50.392,C3:00:00:63:4D:09,-54,127,3.0,4.0,1.5
1783351490402,2026-07-06 17:24:50.402,C3:00:00:63:4D:05,-64,127,3.0,4.0,1.5
1783351490410,2026-07-06 17:24:50.410,C3:00:00:63:4D:04,-58,127,3.0,4.0,1.5
1783351490426,2026-07-06 17:24:50.426,C3:00:00:63:4C:D2,-56,127,3.0,4.0,1.5
1783351490473,2026-07-06 17:24:50.473,C3:00:00:63:4D:07,-63,127,3.0,4.0,1.5
1783351490478,2026-07-06 17:24:50.478,C3:00:00:63:4D:08,-54,127,3.0,4.0,1.5
1783351490499,2026-07-06 17:24:50.499,C3:00:00:63:4D:0D,-52,127,3.0,4.0,1.5
1783351490536,2026-07-06 17:24:50.536,C3:00:00:63:4C:D2,-66,127,3.0,4.0,1.5
1783351490569,2026-07-06 17:24:50.569,C3:00:00:63:4D:09,-60,127,3.0,4.0,1.5
1783351490574,2026-07-06 17:24:50.574,C3:00:00:63:4D:07,-61,127,3.0,4.0,1.5
1783351490588,2026-07-06 17:24:50.588,C3:00:00:63:4D:05,-71,127,3.0,4.0,1.5
1783351490595,2026-07-06 17:24:50.595,C3:00:00:63:4D:08,-54,127,3.0,4.0,1.5
1783351490607,2026-07-06 17:24:50.607,C3:00:00:63:4D:0D,-55,127,3.0,4.0,1.5
1783351490610,2026-07-06 17:24:50.610,C3:00:00:63:4D:0A,-64,127,3.0,4.0,1.5
1783351490615,2026-07-06 17:24:50.615,C3:00:00:63:4D:09,-54,127,3.0,4.0,1.5
1783351490618,2026-07-06 17:24:50.618,C3:00:00:63:4D:04,-57,127,3.0,4.0,1.5
1783351490640,2026-07-06 17:24:50.640,C3:00:00:63:4C:D2,-55,127,3.0,4.0,1.5
1783351490684,2026-07-06 17:24:50.684,C3:00:00:63:4D:04,-58,127,3.0,4.0,1.5
1783351490689,2026-07-06 17:24:50.689,C3:00:00:63:4D:05,-54,127,3.0,4.0,1.5
1783351490707,2026-07-06 17:24:50.707,C3:00:00:63:4D:0D,-50,127,3.0,4.0,1.5
1783351490715,2026-07-06 17:24:50.715,C3:00:00:63:4D:08,-52,127,3.0,4.0,1.5
1783351490735,2026-07-06 17:24:50.735,C3:00:00:63:4D:09,-57,127,3.0,4.0,1.5
1783351490745,2026-07-06 17:24:50.745,C3:00:00:63:4C:D2,-57,127,3.0,4.0,1.5
1783351490770,2026-07-06 17:24:50.770,C3:00:00:63:4D:07,-76,127,3.0,4.0,1.5
1783351490790,2026-07-06 17:24:50.790,C3:00:00:63:4D:05,-58,127,3.0,4.0,1.5
1783351490797,2026-07-06 17:24:50.797,C3:00:00:63:4D:0A,-63,127,3.0,4.0,1.5
1783351490842,2026-07-06 17:24:50.842,C3:00:00:63:4D:09,-59,127,3.0,4.0,1.5
1783351490847,2026-07-06 17:24:50.847,C3:00:00:63:4C:D2,-66,127,3.0,4.0,1.5
1783351490869,2026-07-06 17:24:50.869,C3:00:00:63:4D:07,-66,127,3.0,4.0,1.5
1783351490885,2026-07-06 17:24:50.885,C3:00:00:63:4D:05,-70,127,3.0,4.0,1.5
1783351490902,2026-07-06 17:24:50.902,C3:00:00:63:4C:D2,-65,127,3.0,4.0,1.5
1783351490911,2026-07-06 17:24:50.911,C3:00:00:63:4D:05,-56,127,3.0,4.0,1.5
1783351490919,2026-07-06 17:24:50.919,C3:00:00:63:4D:0D,-50,127,3.0,4.0,1.5
1783351490937,2026-07-06 17:24:50.937,C3:00:00:63:4D:0D,-50,127,3.0,4.0,1.5
1783351490941,2026-07-06 17:24:50.941,C3:00:00:63:4D:08,-56,127,3.0,4.0,1.5
1783351490944,2026-07-06 17:24:50.944,C3:00:00:63:4C:D2,-67,127,3.0,4.0,1.5
1783351490961,2026-07-06 17:24:50.961,C3:00:00:63:4D:09,-54,127,3.0,4.0,1.5
1783351490991,2026-07-06 17:24:50.991,C3:00:00:63:4D:05,-55,127,3.0,4.0,1.5
1783351491025,2026-07-06 17:24:51.025,C3:00:00:63:4D:04,-59,127,3.0,4.0,1.5
1783351491032,2026-07-06 17:24:51.032,C3:00:00:63:4D:0D,-54,127,3.0,4.0,1.5
1783351491050,2026-07-06 17:24:51.050,C3:00:00:63:4D:08,-51,127,3.0,4.0,1.5
1783351491072,2026-07-06 17:24:51.072,C3:00:00:63:4D:09,-57,127,3.0,4.0,1.5
1783351491076,2026-07-06 17:24:51.076,C3:00:00:63:4D:07,-72,127,3.0,4.0,1.5
1783351491084,2026-07-06 17:24:51.084,C3:00:00:63:4D:05,-59,127,3.0,4.0,1.5
1783351491106,2026-07-06 17:24:51.106,C3:00:00:63:4D:0A,-68,127,3.0,4.0,1.5
1783351491126,2026-07-06 17:24:51.126,C3:00:00:63:4D:0A,-75,127,3.0,4.0,1.5
1783351491132,2026-07-06 17:24:51.132,C3:00:00:63:4D:04,-57,127,3.0,4.0,1.5
1783351491138,2026-07-06 17:24:51.138,C3:00:00:63:4D:0D,-54,127,3.0,4.0,1.5
1783351491148,2026-07-06 17:24:51.148,C3:00:00:63:4D:0A,-70,127,3.0,4.0,1.5
1783351491165,2026-07-06 17:24:51.165,C3:00:00:63:4D:08,-53,127,3.0,4.0,1.5
1783351491170,2026-07-06 17:24:51.170,C3:00:00:63:4C:D2,-62,127,3.0,4.0,1.5
1783351491179,2026-07-06 17:24:51.179,C3:00:00:63:4D:07,-63,127,3.0,4.0,1.5
1783351491181,2026-07-06 17:24:51.181,C3:00:00:63:4D:09,-58,127,3.0,4.0,1.5
1783351491185,2026-07-06 17:24:51.185,C3:00:00:63:4D:05,-66,127,3.0,4.0,1.5
1783351491253,2026-07-06 17:24:51.253,C3:00:00:63:4D:0D,-50,127,3.0,4.0,1.5
1783351491257,2026-07-06 17:24:51.257,C3:00:00:63:4D:07,-60,127,3.0,4.0,1.5
1783351491289,2026-07-06 17:24:51.289,C3:00:00:63:4D:08,-61,127,3.0,4.0,1.5
1783351491304,2026-07-06 17:24:51.304,C3:00:00:63:4D:09,-54,127,3.0,4.0,1.5
1783351491358,2026-07-06 17:24:51.358,C3:00:00:63:4D:0D,-55,127,3.0,4.0,1.5
1783351491369,2026-07-06 17:24:51.369,C3:00:00:63:4D:07,-70,127,3.0,4.0,1.5
1783351491382,2026-07-06 17:24:51.382,C3:00:00:63:4C:D2,-59,127,3.0,4.0,1.5
1783351491391,2026-07-06 17:24:51.391,C3:00:00:63:4D:07,-68,127,3.0,4.0,1.5
1783351491410,2026-07-06 17:24:51.410,C3:00:00:63:4D:09,-60,127,3.0,4.0,1.5
1783351491436,2026-07-06 17:24:51.436,C3:00:00:63:4D:09,-60,127,3.0,4.0,1.5
1783351491445,2026-07-06 17:24:51.445,C3:00:00:63:4D:0A,-64,127,3.0,4.0,1.5
1783351491469,2026-07-06 17:24:51.469,C3:00:00:63:4D:07,-61,127,3.0,4.0,1.5
1783351491478,2026-07-06 17:24:51.478,C3:00:00:63:4D:08,-54,127,3.0,4.0,1.5
1783351491486,2026-07-06 17:24:51.486,C3:00:00:63:4C:D2,-64,127,3.0,4.0,1.5
1783351491496,2026-07-06 17:24:51.496,C3:00:00:63:4D:05,-66,127,3.0,4.0,1.5
1783351491509,2026-07-06 17:24:51.509,C3:00:00:63:4D:08,-60,127,3.0,4.0,1.5
1783351491525,2026-07-06 17:24:51.525,C3:00:00:63:4D:09,-55,127,3.0,4.0,1.5
1783351491549,2026-07-06 17:24:51.549,C3:00:00:63:4D:0A,-58,127,3.0,4.0,1.5
1783351491563,2026-07-06 17:24:51.563,C3:00:00:63:4D:08,-71,127,3.0,4.0,1.5
1783351491569,2026-07-06 17:24:51.569,C3:00:00:63:4D:0D,-49,127,3.0,4.0,1.5
1783351491588,2026-07-06 17:24:51.588,C3:00:00:63:4C:D2,-59,127,3.0,4.0,1.5
1783351491593,2026-07-06 17:24:51.593,C3:00:00:63:4D:05,-58,127,3.0,4.0,1.5
1783351491635,2026-07-06 17:24:51.635,C3:00:00:63:4D:08,-53,127,3.0,4.0,1.5
1783351491645,2026-07-06 17:24:51.645,C3:00:00:63:4D:09,-56,127,3.0,4.0,1.5
1783351491653,2026-07-06 17:24:51.653,C3:00:00:63:4D:0A,-70,127,3.0,4.0,1.5
1783351491668,2026-07-06 17:24:51.668,C3:00:00:63:4D:07,-70,127,3.0,4.0,1.5
1783351491679,2026-07-06 17:24:51.679,C3:00:00:63:4D:0D,-54,127,3.0,4.0,1.5
1783351491741,2026-07-06 17:24:51.741,C3:00:00:63:4D:09,-69,127,3.0,4.0,1.5
1783351491747,2026-07-06 17:24:51.747,C3:00:00:63:4D:04,-56,127,3.0,4.0,1.5
1783351491753,2026-07-06 17:24:51.753,C3:00:00:63:4D:08,-54,127,3.0,4.0,1.5
1783351491765,2026-07-06 17:24:51.765,C3:00:00:63:4D:09,-61,127,3.0,4.0,1.5
1783351491770,2026-07-06 17:24:51.770,C3:00:00:63:4D:0A,-68,127,3.0,4.0,1.5
1783351491786,2026-07-06 17:24:51.786,C3:00:00:63:4D:0D,-55,127,3.0,4.0,1.5
1783351491796,2026-07-06 17:24:51.796,C3:00:00:63:4D:05,-65,127,3.0,4.0,1.5
1783351491804,2026-07-06 17:24:51.804,C3:00:00:63:4C:D2,-62,127,3.0,4.0,1.5
1783351491842,2026-07-06 17:24:51.842,C3:00:00:63:4D:05,-58,127,3.0,4.0,1.5
1783351491847,2026-07-06 17:24:51.847,C3:00:00:63:4D:04,-56,127,3.0,4.0,1.5
1783351491854,2026-07-06 17:24:51.854,C3:00:00:63:4D:08,-60,127,3.0,4.0,1.5
1783351491862,2026-07-06 17:24:51.862,C3:00:00:63:4D:0A,-58,127,3.0,4.0,1.5
1783351491868,2026-07-06 17:24:51.868,C3:00:00:63:4D:09,-54,127,3.0,4.0,1.5
1783351491889,2026-07-06 17:24:51.889,C3:00:00:63:4D:0D,-50,127,3.0,4.0,1.5
1783351491893,2026-07-06 17:24:51.893,C3:00:00:63:4D:05,-56,127,3.0,4.0,1.5
1783351491907,2026-07-06 17:24:51.907,C3:00:00:63:4C:D2,-57,127,3.0,4.0,1.5
1783351491955,2026-07-06 17:24:51.955,C3:00:00:63:4D:04,-61,127,3.0,4.0,1.5
1783351491974,2026-07-06 17:24:51.974,C3:00:00:63:4D:07,-76,127,3.0,4.0,1.5
1783351491979,2026-07-06 17:24:51.979,C3:00:00:63:4D:0A,-70,127,3.0,4.0,1.5
1783351491982,2026-07-06 17:24:51.982,C3:00:00:63:4D:08,-52,127,3.0,4.0,1.5
1783351491988,2026-07-06 17:24:51.988,C3:00:00:63:4D:09,-56,127,3.0,4.0,1.5
1783351491995,2026-07-06 17:24:51.995,C3:00:00:63:4D:05,-58,127,3.0,4.0,1.5
1783351492001,2026-07-06 17:24:52.001,C3:00:00:63:4D:0D,-56,127,3.0,4.0,1.5
1783351492009,2026-07-06 17:24:52.009,C3:00:00:63:4C:D2,-63,127,3.0,4.0,1.5
1783351492057,2026-07-06 17:24:52.057,C3:00:00:63:4D:04,-55,127,3.0,4.0,1.5
1783351492073,2026-07-06 17:24:52.073,C3:00:00:63:4D:0A,-64,127,3.0,4.0,1.5
1783351492108,2026-07-06 17:24:52.108,C3:00:00:63:4D:04,-57,127,3.0,4.0,1.5
1783351492118,2026-07-06 17:24:52.118,C3:00:00:63:4C:D2,-57,127,3.0,4.0,1.5
1783351492154,2026-07-06 17:24:52.154,C3:00:00:63:4D:04,-57,127,3.0,4.0,1.5
1783351492270,2026-07-06 17:24:52.270,C3:00:00:63:4D:04,-64,127,3.0,4.0,1.5
1783351492287,2026-07-06 17:24:52.287,C3:00:00:63:4D:07,-66,127,3.0,4.0,1.5
1783351492325,2026-07-06 17:24:52.325,C3:00:00:63:4D:0D,-54,127,3.0,4.0,1.5
1783351492335,2026-07-06 17:24:52.335,C3:00:00:63:4C:D2,-64,127,3.0,4.0,1.5
1783351492380,2026-07-06 17:24:52.380,C3:00:00:63:4D:08,-54,127,3.0,4.0,1.5
1783351492438,2026-07-06 17:24:52.438,C3:00:00:63:4D:09,-54,127,3.0,4.0,1.5
1783351492442,2026-07-06 17:24:52.442,C3:00:00:63:4C:D2,-56,127,3.0,4.0,1.5
1783351492585,2026-07-06 17:24:52.585,C3:00:00:63:4D:0D,-58,127,3.0,4.0,1.5
1783351492602,2026-07-06 17:24:52.602,C3:00:00:63:4D:05,-57,127,3.0,4.0,1.5
1783351492607,2026-07-06 17:24:52.607,C3:00:00:63:4D:0A,-61,127,3.0,4.0,1.5
1783351492691,2026-07-06 17:24:52.691,C3:00:00:63:4D:04,-57,127,3.0,4.0,1.5
1783351492700,2026-07-06 17:24:52.700,C3:00:00:63:4D:0A,-55,127,3.0,4.0,1.5
1783351492704,2026-07-06 17:24:52.704,C3:00:00:63:4D:05,-76,127,3.0,4.0,1.5
1783351492713,2026-07-06 17:24:52.713,C3:00:00:63:4D:04,-64,127,3.0,4.0,1.5
1783351492755,2026-07-06 17:24:52.755,C3:00:00:63:4D:0D,-54,127,3.0,4.0,1.5
1783351492760,2026-07-06 17:24:52.760,C3:00:00:63:4C:D2,-56,127,3.0,4.0,1.5
1783351492778,2026-07-06 17:24:52.778,C3:00:00:63:4D:07,-63,127,3.0,4.0,1.5
1783351492782,2026-07-06 17:24:52.782,C3:00:00:63:4D:04,-58,127,3.0,4.0,1.5
1783351492785,2026-07-06 17:24:52.785,C3:00:00:63:4D:08,-54,127,3.0,4.0,1.5
1783351492787,2026-07-06 17:24:52.787,C3:00:00:63:4D:09,-54,127,3.0,4.0,1.5
1783351492807,2026-07-06 17:24:52.807,C3:00:00:63:4D:05,-55,127,3.0,4.0,1.5
1783351492809,2026-07-06 17:24:52.809,C3:00:00:63:4D:0A,-63,127,3.0,4.0,1.5
1783351492862,2026-07-06 17:24:52.862,C3:00:00:63:4C:D2,-56,127,3.0,4.0,1.5
1783351492869,2026-07-06 17:24:52.869,C3:00:00:63:4D:0D,-66,127,3.0,4.0,1.5
1783351492884,2026-07-06 17:24:52.884,C3:00:00:63:4D:04,-66,127,3.0,4.0,1.5
1783351492892,2026-07-06 17:24:52.892,C3:00:00:63:4D:09,-58,127,3.0,4.0,1.5
1783351492903,2026-07-06 17:24:52.903,C3:00:00:63:4D:05,-58,127,3.0,4.0,1.5
1783351492909,2026-07-06 17:24:52.909,C3:00:00:63:4D:0A,-56,127,3.0,4.0,1.5
1783351492915,2026-07-06 17:24:52.915,C3:00:00:63:4C:D2,-64,127,3.0,4.0,1.5
1783351492928,2026-07-06 17:24:52.928,C3:00:00:63:4D:05,-65,127,3.0,4.0,1.5
1783351492930,2026-07-06 17:24:52.930,C3:00:00:63:4D:0D,-73,127,3.0,4.0,1.5
1783351492976,2026-07-06 17:24:52.976,C3:00:00:63:4D:07,-62,127,3.0,4.0,1.5
1783351492979,2026-07-06 17:24:52.979,C3:00:00:63:4D:04,-56,127,3.0,4.0,1.5
1783351493004,2026-07-06 17:24:53.004,C3:00:00:63:4D:09,-62,127,3.0,4.0,1.5
1783351493009,2026-07-06 17:24:53.009,C3:00:00:63:4D:08,-51,127,3.0,4.0,1.5
1783351493024,2026-07-06 17:24:53.024,C3:00:00:63:4D:0A,-69,127,3.0,4.0,1.5
1783351493073,2026-07-06 17:24:53.073,C3:00:00:63:4C:D2,-55,127,3.0,4.0,1.5
1783351493082,2026-07-06 17:24:53.082,C3:00:00:63:4D:04,-58,127,3.0,4.0,1.5
1783351493086,2026-07-06 17:24:53.086,C3:00:00:63:4D:0D,-59,127,3.0,4.0,1.5
1783351493103,2026-07-06 17:24:53.103,C3:00:00:63:4D:05,-57,127,3.0,4.0,1.5
1783351493120,2026-07-06 17:24:53.120,C3:00:00:63:4D:08,-54,127,3.0,4.0,1.5
1783351493125,2026-07-06 17:24:53.125,C3:00:00:63:4D:0A,-66,127,3.0,4.0,1.5
1783351493126,2026-07-06 17:24:53.126,C3:00:00:63:4D:09,-59,127,3.0,4.0,1.5
1783351493135,2026-07-06 17:24:53.135,C3:00:00:63:4D:0A,-67,127,3.0,4.0,1.5
1783351493165,2026-07-06 17:24:53.165,C3:00:00:63:4D:07,-67,127,3.0,4.0,1.5
1783351493210,2026-07-06 17:24:53.210,C3:00:00:63:4D:05,-58,127,3.0,4.0,1.5
1783351493227,2026-07-06 17:24:53.227,C3:00:00:63:4D:0A,-54,127,3.0,4.0,1.5
1783351493242,2026-07-06 17:24:53.242,C3:00:00:63:4D:09,-60,127,3.0,4.0,1.5
1783351493272,2026-07-06 17:24:53.272,C3:00:00:63:4D:07,-60,127,3.0,4.0,1.5
1783351493284,2026-07-06 17:24:53.284,C3:00:00:63:4C:D2,-64,127,3.0,4.0,1.5
1783351493296,2026-07-06 17:24:53.296,C3:00:00:63:4D:07,-62,127,3.0,4.0,1.5
1783351493312,2026-07-06 17:24:53.312,C3:00:00:63:4D:05,-56,127,3.0,4.0,1.5
1783351493331,2026-07-06 17:24:53.331,C3:00:00:63:4D:0A,-67,127,3.0,4.0,1.5
1783351493348,2026-07-06 17:24:53.348,C3:00:00:63:4D:09,-54,127,3.0,4.0,1.5
1783351493357,2026-07-06 17:24:53.357,C3:00:00:63:4D:08,-57,127,3.0,4.0,1.5
1783351493390,2026-07-06 17:24:53.390,C3:00:00:63:4D:04,-56,127,3.0,4.0,1.5
1783351493395,2026-07-06 17:24:53.395,C3:00:00:63:4D:07,-66,127,3.0,4.0,1.5
1783351493401,2026-07-06 17:24:53.401,C3:00:00:63:4D:0D,-51,127,3.0,4.0,1.5
1783351493415,2026-07-06 17:24:53.415,C3:00:00:63:4D:05,-59,127,3.0,4.0,1.5
1783351493429,2026-07-06 17:24:53.429,C3:00:00:63:4C:D2,-56,127,3.0,4.0,1.5
1783351493434,2026-07-06 17:24:53.434,C3:00:00:63:4D:09,-58,127,3.0,4.0,1.5
1783351493441,2026-07-06 17:24:53.441,C3:00:00:63:4D:0D,-54,127,3.0,4.0,1.5
1783351493470,2026-07-06 17:24:53.470,C3:00:00:63:4D:09,-58,127,3.0,4.0,1.5
1783351493472,2026-07-06 17:24:53.472,C3:00:00:63:4D:07,-66,127,3.0,4.0,1.5
1783351493475,2026-07-06 17:24:53.475,C3:00:00:63:4D:08,-52,127,3.0,4.0,1.5
1783351493496,2026-07-06 17:24:53.496,C3:00:00:63:4D:08,-52,127,3.0,4.0,1.5
1783351493499,2026-07-06 17:24:53.499,C3:00:00:63:4D:04,-63,127,3.0,4.0,1.5
1783351493504,2026-07-06 17:24:53.504,C3:00:00:63:4C:D2,-55,127,3.0,4.0,1.5
1783351493506,2026-07-06 17:24:53.506,C3:00:00:63:4D:08,-51,127,3.0,4.0,1.5
1783351493516,2026-07-06 17:24:53.516,C3:00:00:63:4D:05,-77,127,3.0,4.0,1.5
1783351493521,2026-07-06 17:24:53.521,C3:00:00:63:4D:0D,-51,127,3.0,4.0,1.5
1783351493549,2026-07-06 17:24:53.549,C3:00:00:63:4D:0A,-54,127,3.0,4.0,1.5
1783351493567,2026-07-06 17:24:53.567,C3:00:00:63:4D:07,-58,127,3.0,4.0,1.5
1783351493575,2026-07-06 17:24:53.575,C3:00:00:63:4D:08,-54,127,3.0,4.0,1.5
1783351493593,2026-07-06 17:24:53.593,C3:00:00:63:4D:04,-55,127,3.0,4.0,1.5
1783351493608,2026-07-06 17:24:53.608,C3:00:00:63:4C:D2,-64,127,3.0,4.0,1.5
1783351493612,2026-07-06 17:24:53.612,C3:00:00:63:4D:05,-64,127,3.0,4.0,1.5
1783351493622,2026-07-06 17:24:53.622,C3:00:00:63:4D:0D,-49,127,3.0,4.0,1.5
1783351493652,2026-07-06 17:24:53.652,C3:00:00:63:4D:0A,-67,127,3.0,4.0,1.5
1783351493671,2026-07-06 17:24:53.671,C3:00:00:63:4D:07,-62,127,3.0,4.0,1.5
1783351493694,2026-07-06 17:24:53.694,C3:00:00:63:4D:08,-59,127,3.0,4.0,1.5
1783351493697,2026-07-06 17:24:53.697,C3:00:00:63:4D:04,-58,127,3.0,4.0,1.5
1783351493701,2026-07-06 17:24:53.701,C3:00:00:63:4D:07,-70,127,3.0,4.0,1.5
1783351493715,2026-07-06 17:24:53.715,C3:00:00:63:4C:D2,-55,127,3.0,4.0,1.5
1783351493717,2026-07-06 17:24:53.717,C3:00:00:63:4D:05,-55,127,3.0,4.0,1.5
1783351493751,2026-07-06 17:24:53.751,C3:00:00:63:4D:0A,-61,127,3.0,4.0,1.5
1783351493777,2026-07-06 17:24:53.777,C3:00:00:63:4D:07,-62,127,3.0,4.0,1.5
1783351493803,2026-07-06 17:24:53.803,C3:00:00:63:4D:04,-60,127,3.0,4.0,1.5
1783351493807,2026-07-06 17:24:53.807,C3:00:00:63:4D:09,-56,127,3.0,4.0,1.5
1783351493814,2026-07-06 17:24:53.814,C3:00:00:63:4C:D2,-75,127,3.0,4.0,1.5
1783351493836,2026-07-06 17:24:53.836,C3:00:00:63:4D:0D,-53,127,3.0,4.0,1.5
1783351493851,2026-07-06 17:24:53.851,C3:00:00:63:4D:05,-66,127,3.0,4.0,1.5
1783351493855,2026-07-06 17:24:53.855,C3:00:00:63:4D:0A,-54,127,3.0,4.0,1.5
1783351493905,2026-07-06 17:24:53.905,C3:00:00:63:4D:04,-56,127,3.0,4.0,1.5
1783351493929,2026-07-06 17:24:53.929,C3:00:00:63:4D:05,-57,127,3.0,4.0,1.5
1783351493934,2026-07-06 17:24:53.934,C3:00:00:63:4D:09,-59,127,3.0,4.0,1.5
1783351493937,2026-07-06 17:24:53.937,C3:00:00:63:4C:D2,-56,127,3.0,4.0,1.5
1783351493941,2026-07-06 17:24:53.941,C3:00:00:63:4D:08,-55,127,3.0,4.0,1.5
1783351493944,2026-07-06 17:24:53.944,C3:00:00:63:4D:0D,-54,127,3.0,4.0,1.5
1783351493962,2026-07-06 17:24:53.962,C3:00:00:63:4D:0A,-69,127,3.0,4.0,1.5
1783351493968,2026-07-06 17:24:53.968,C3:00:00:63:4D:07,-77,127,3.0,4.0,1.5
1783351494014,2026-07-06 17:24:54.014,C3:00:00:63:4D:04,-60,127,3.0,4.0,1.5
1783351494023,2026-07-06 17:24:54.023,C3:00:00:63:4D:05,-58,127,3.0,4.0,1.5
1783351494035,2026-07-06 17:24:54.035,C3:00:00:63:4C:D2,-54,127,3.0,4.0,1.5
1783351494054,2026-07-06 17:24:54.054,C3:00:00:63:4D:0D,-59,127,3.0,4.0,1.5
1783351494067,2026-07-06 17:24:54.067,C3:00:00:63:4D:0A,-66,127,3.0,4.0,1.5
1783351494071,2026-07-06 17:24:54.071,C3:00:00:63:4D:07,-59,127,3.0,4.0,1.5
1783351494109,2026-07-06 17:24:54.109,C3:00:00:63:4C:D2,-58,127,3.0,4.0,1.5
1783351494115,2026-07-06 17:24:54.115,C3:00:00:63:4D:05,-63,127,3.0,4.0,1.5
1783351494126,2026-07-06 17:24:54.126,C3:00:00:63:4D:04,-57,127,3.0,4.0,1.5
1783351494131,2026-07-06 17:24:54.131,C3:00:00:63:4C:D2,-70,127,3.0,4.0,1.5
1783351494145,2026-07-06 17:24:54.145,C3:00:00:63:4D:09,-62,127,3.0,4.0,1.5
1783351494157,2026-07-06 17:24:54.157,C3:00:00:63:4D:08,-60,127,3.0,4.0,1.5
1783351494159,2026-07-06 17:24:54.159,C3:00:00:63:4D:0D,-53,127,3.0,4.0,1.5
1783351494168,2026-07-06 17:24:54.168,C3:00:00:63:4D:07,-61,127,3.0,4.0,1.5
1783351494173,2026-07-06 17:24:54.173,C3:00:00:63:4D:0A,-54,127,3.0,4.0,1.5
1783351494223,2026-07-06 17:24:54.223,C3:00:00:63:4D:04,-58,127,3.0,4.0,1.5
1783351494226,2026-07-06 17:24:54.226,C3:00:00:63:4D:05,-59,127,3.0,4.0,1.5
1783351494245,2026-07-06 17:24:54.245,C3:00:00:63:4C:D2,-58,127,3.0,4.0,1.5
1783351494265,2026-07-06 17:24:54.265,C3:00:00:63:4D:09,-55,127,3.0,4.0,1.5
1783351494270,2026-07-06 17:24:54.270,C3:00:00:63:4D:0D,-50,127,3.0,4.0,1.5
1783351494275,2026-07-06 17:24:54.275,C3:00:00:63:4D:08,-62,127,3.0,4.0,1.5
1783351494357,2026-07-06 17:24:54.357,C3:00:00:63:4C:D2,-59,127,3.0,4.0,1.5
1783351494366,2026-07-06 17:24:54.366,C3:00:00:63:4D:0A,-73,127,3.0,4.0,1.5
1783351494376,2026-07-06 17:24:54.376,C3:00:00:63:4D:07,-60,127,3.0,4.0,1.5
1783351494381,2026-07-06 17:24:54.381,C3:00:00:63:4D:09,-54,127,3.0,4.0,1.5
1783351494389,2026-07-06 17:24:54.389,C3:00:00:63:4D:0D,-52,127,3.0,4.0,1.5
1783351494392,2026-07-06 17:24:54.392,C3:00:00:63:4D:08,-52,127,3.0,4.0,1.5
1783351494405,2026-07-06 17:24:54.405,C3:00:00:63:4D:08,-51,127,3.0,4.0,1.5
1783351494412,2026-07-06 17:24:54.412,C3:00:00:63:4D:05,-72,127,3.0,4.0,1.5
1783351494422,2026-07-06 17:24:54.422,C3:00:00:63:4D:04,-56,127,3.0,4.0,1.5
1783351494430,2026-07-06 17:24:54.430,C3:00:00:63:4D:05,-62,127,3.0,4.0,1.5
1783351494455,2026-07-06 17:24:54.455,C3:00:00:63:4C:D2,-63,127,3.0,4.0,1.5
1783351494469,2026-07-06 17:24:54.469,C3:00:00:63:4D:07,-61,127,3.0,4.0,1.5
1783351494483,2026-07-06 17:24:54.483,C3:00:00:63:4D:0D,-52,127,3.0,4.0,1.5
1783351494487,2026-07-06 17:24:54.487,C3:00:00:63:4D:0A,-54,127,3.0,4.0,1.5
1783351494493,2026-07-06 17:24:54.493,C3:00:00:63:4D:09,-66,127,3.0,4.0,1.5
1783351494506,2026-07-06 17:24:54.506,C3:00:00:63:4D:08,-56,127,3.0,4.0,1.5
1783351494525,2026-07-06 17:24:54.525,C3:00:00:63:4D:05,-64,127,3.0,4.0,1.5
1783351494560,2026-07-06 17:24:54.560,C3:00:00:63:4C:D2,-58,127,3.0,4.0,1.5
1783351494575,2026-07-06 17:24:54.575,C3:00:00:63:4D:07,-66,127,3.0,4.0,1.5
1783351494582,2026-07-06 17:24:54.582,C3:00:00:63:4D:09,-55,127,3.0,4.0,1.5
1783351494596,2026-07-06 17:24:54.596,C3:00:00:63:4D:0A,-64,127,3.0,4.0,1.5
1783351494597,2026-07-06 17:24:54.597,C3:00:00:63:4D:0D,-50,127,3.0,4.0,1.5
1783351494603,2026-07-06 17:24:54.603,C3:00:00:63:4D:09,-54,127,3.0,4.0,1.5
1783351494621,2026-07-06 17:24:54.621,C3:00:00:63:4D:08,-55,127,3.0,4.0,1.5
1783351494631,2026-07-06 17:24:54.631,C3:00:00:63:4D:05,-58,127,3.0,4.0,1.5
1783351494638,2026-07-06 17:24:54.638,C3:00:00:63:4D:04,-63,127,3.0,4.0,1.5
1783351494684,2026-07-06 17:24:54.684,C3:00:00:63:4D:04,-62,127,3.0,4.0,1.5
1783351494703,2026-07-06 17:24:54.703,C3:00:00:63:4D:0D,-52,127,3.0,4.0,1.5
1783351494720,2026-07-06 17:24:54.720,C3:00:00:63:4D:09,-58,127,3.0,4.0,1.5
1783351494729,2026-07-06 17:24:54.729,C3:00:00:63:4D:05,-74,127,3.0,4.0,1.5
1783351494733,2026-07-06 17:24:54.733,C3:00:00:63:4D:04,-63,127,3.0,4.0,1.5
1783351494736,2026-07-06 17:24:54.736,C3:00:00:63:4D:08,-54,127,3.0,4.0,1.5
1783351494764,2026-07-06 17:24:54.764,C3:00:00:63:4D:07,-60,127,3.0,4.0,1.5
1783351494775,2026-07-06 17:24:54.775,C3:00:00:63:4C:D2,-67,127,3.0,4.0,1.5
1783351494799,2026-07-06 17:24:54.799,C3:00:00:63:4D:0A,-53,127,3.0,4.0,1.5
1783351494817,2026-07-06 17:24:54.817,C3:00:00:63:4D:0D,-47,127,3.0,4.0,1.5
1783351494822,2026-07-06 17:24:54.822,C3:00:00:63:4D:0A,-72,127,3.0,4.0,1.5
1783351494826,2026-07-06 17:24:54.826,C3:00:00:63:4D:05,-61,127,3.0,4.0,1.5
1783351494831,2026-07-06 17:24:54.831,C3:00:00:63:4D:09,-55,127,3.0,4.0,1.5
1783351494853,2026-07-06 17:24:54.853,C3:00:00:63:4D:08,-58,127,3.0,4.0,1.5
1783351494869,2026-07-06 17:24:54.869,C3:00:00:63:4D:07,-71,127,3.0,4.0,1.5
1783351494884,2026-07-06 17:24:54.884,C3:00:00:63:4C:D2,-58,127,3.0,4.0,1.5
1783351494905,2026-07-06 17:24:54.905,C3:00:00:63:4D:0A,-69,127,3.0,4.0,1.5
1783351494912,2026-07-06 17:24:54.912,C3:00:00:63:4D:0D,-52,127,3.0,4.0,1.5
1783351494925,2026-07-06 17:24:54.925,C3:00:00:63:4C:D2,-58,127,3.0,4.0,1.5
1783351494928,2026-07-06 17:24:54.928,C3:00:00:63:4D:05,-55,127,3.0,4.0,1.5
1783351494945,2026-07-06 17:24:54.945,C3:00:00:63:4D:05,-56,127,3.0,4.0,1.5
1783351494947,2026-07-06 17:24:54.947,C3:00:00:63:4D:0D,-52,127,3.0,4.0,1.5
1783351494953,2026-07-06 17:24:54.953,C3:00:00:63:4D:09,-64,127,3.0,4.0,1.5
1783351494955,2026-07-06 17:24:54.955,C3:00:00:63:4C:D2,-65,127,3.0,4.0,1.5
1783351494971,2026-07-06 17:24:54.971,C3:00:00:63:4D:08,-53,127,3.0,4.0,1.5
1783351494981,2026-07-06 17:24:54.981,C3:00:00:63:4C:D2,-56,127,3.0,4.0,1.5
1783351495024,2026-07-06 17:24:55.024,C3:00:00:63:4D:0A,-57,127,3.0,4.0,1.5
1783351495027,2026-07-06 17:24:55.027,C3:00:00:63:4D:05,-64,127,3.0,4.0,1.5
1783351495044,2026-07-06 17:24:55.044,C3:00:00:63:4D:04,-59,127,3.0,4.0,1.5
1783351495063,2026-07-06 17:24:55.063,C3:00:00:63:4D:09,-72,127,3.0,4.0,1.5
1783351495070,2026-07-06 17:24:55.070,C3:00:00:63:4D:07,-61,127,3.0,4.0,1.5
1783351495081,2026-07-06 17:24:55.081,C3:00:00:63:4D:08,-57,127,3.0,4.0,1.5
1783351495091,2026-07-06 17:24:55.091,C3:00:00:63:4C:D2,-68,127,3.0,4.0,1.5
1783351495119,2026-07-06 17:24:55.119,C3:00:00:63:4D:0A,-66,127,3.0,4.0,1.5
1783351495131,2026-07-06 17:24:55.131,C3:00:00:63:4D:05,-54,127,3.0,4.0,1.5
1783351495133,2026-07-06 17:24:55.133,C3:00:00:63:4D:0D,-52,127,3.0,4.0,1.5
1783351495141,2026-07-06 17:24:55.141,C3:00:00:63:4D:0A,-67,127,3.0,4.0,1.5
1783351495149,2026-07-06 17:24:55.149,C3:00:00:63:4D:04,-61,127,3.0,4.0,1.5
1783351495158,2026-07-06 17:24:55.158,C3:00:00:63:4D:0A,-71,127,3.0,4.0,1.5
1783351495171,2026-07-06 17:24:55.171,C3:00:00:63:4D:07,-62,127,3.0,4.0,1.5
1783351495180,2026-07-06 17:24:55.180,C3:00:00:63:4D:09,-69,127,3.0,4.0,1.5
1783351495189,2026-07-06 17:24:55.189,C3:00:00:63:4D:08,-60,127,3.0,4.0,1.5
1783351495226,2026-07-06 17:24:55.226,C3:00:00:63:4D:05,-54,127,3.0,4.0,1.5
1783351495229,2026-07-06 17:24:55.229,C3:00:00:63:4D:0A,-62,127,3.0,4.0,1.5
1783351495245,2026-07-06 17:24:55.245,C3:00:00:63:4D:0D,-55,127,3.0,4.0,1.5
1783351495249,2026-07-06 17:24:55.249,C3:00:00:63:4D:04,-61,127,3.0,4.0,1.5
1783351495266,2026-07-06 17:24:55.266,C3:00:00:63:4D:07,-62,127,3.0,4.0,1.5
1783351495287,2026-07-06 17:24:55.287,C3:00:00:63:4D:07,-64,127,3.0,4.0,1.5
1783351495310,2026-07-06 17:24:55.310,C3:00:00:63:4C:D2,-60,127,3.0,4.0,1.5
1783351495315,2026-07-06 17:24:55.315,C3:00:00:63:4D:08,-54,127,3.0,4.0,1.5
1783351495334,2026-07-06 17:24:55.334,C3:00:00:63:4D:0A,-55,127,3.0,4.0,1.5
1783351495339,2026-07-06 17:24:55.339,C3:00:00:63:4D:05,-61,127,3.0,4.0,1.5
1783351495368,2026-07-06 17:24:55.368,C3:00:00:63:4D:07,-59,127,3.0,4.0,1.5
1783351495398,2026-07-06 17:24:55.398,C3:00:00:63:4D:07,-60,127,3.0,4.0,1.5
1783351495402,2026-07-06 17:24:55.402,C3:00:00:63:4D:09,-73,127,3.0,4.0,1.5
1783351495415,2026-07-06 17:24:55.415,C3:00:00:63:4C:D2,-60,127,3.0,4.0,1.5
1783351495424,2026-07-06 17:24:55.424,C3:00:00:63:4D:08,-64,127,3.0,4.0,1.5
1783351495430,2026-07-06 17:24:55.430,C3:00:00:63:4D:05,-69,127,3.0,4.0,1.5
1783351495433,2026-07-06 17:24:55.433,C3:00:00:63:4D:0A,-61,127,3.0,4.0,1.5
1783351495437,2026-07-06 17:24:55.437,C3:00:00:63:4D:0D,-50,127,3.0,4.0,1.5
1783351495447,2026-07-06 17:24:55.447,C3:00:00:63:4C:D2,-61,127,3.0,4.0,1.5
1783351495453,2026-07-06 17:24:55.453,C3:00:00:63:4D:04,-55,127,3.0,4.0,1.5
1783351495454,2026-07-06 17:24:55.454,C3:00:00:63:4D:09,-58,127,3.0,4.0,1.5
1783351495461,2026-07-06 17:24:55.461,C3:00:00:63:4D:0D,-57,127,3.0,4.0,1.5
1783351495471,2026-07-06 17:24:55.471,C3:00:00:63:4D:07,-60,127,3.0,4.0,1.5
1783351495479,2026-07-06 17:24:55.479,C3:00:00:63:4D:08,-59,127,3.0,4.0,1.5
1783351495489,2026-07-06 17:24:55.489,C3:00:00:63:4D:0D,-49,127,3.0,4.0,1.5
1783351495512,2026-07-06 17:24:55.512,C3:00:00:63:4C:D2,-66,127,3.0,4.0,1.5
1783351495548,2026-07-06 17:24:55.548,C3:00:00:63:4D:0A,-60,127,3.0,4.0,1.5
1783351495565,2026-07-06 17:24:55.565,C3:00:00:63:4D:0D,-56,127,3.0,4.0,1.5
1783351495572,2026-07-06 17:24:55.572,C3:00:00:63:4D:07,-60,127,3.0,4.0,1.5
1783351495616,2026-07-06 17:24:55.616,C3:00:00:63:4C:D2,-65,127,3.0,4.0,1.5
1783351495633,2026-07-06 17:24:55.633,C3:00:00:63:4D:05,-66,127,3.0,4.0,1.5
1783351495650,2026-07-06 17:24:55.650,C3:00:00:63:4D:0A,-57,127,3.0,4.0,1.5
1783351495656,2026-07-06 17:24:55.656,C3:00:00:63:4D:08,-53,127,3.0,4.0,1.5
1783351495660,2026-07-06 17:24:55.660,C3:00:00:63:4D:04,-58,127,3.0,4.0,1.5
1783351495672,2026-07-06 17:24:55.672,C3:00:00:63:4D:0D,-52,127,3.0,4.0,1.5
1783351495728,2026-07-06 17:24:55.728,C3:00:00:63:4C:D2,-59,127,3.0,4.0,1.5
1783351495732,2026-07-06 17:24:55.732,C3:00:00:63:4D:05,-56,127,3.0,4.0,1.5
1783351495749,2026-07-06 17:24:55.749,C3:00:00:63:4D:09,-54,127,3.0,4.0,1.5
1783351495754,2026-07-06 17:24:55.754,C3:00:00:63:4D:0A,-68,127,3.0,4.0,1.5
1783351495767,2026-07-06 17:24:55.767,C3:00:00:63:4D:04,-54,127,3.0,4.0,1.5
1783351495770,2026-07-06 17:24:55.770,C3:00:00:63:4D:09,-61,127,3.0,4.0,1.5
1783351495773,2026-07-06 17:24:55.773,C3:00:00:63:4D:07,-66,127,3.0,4.0,1.5
1783351495775,2026-07-06 17:24:55.775,C3:00:00:63:4D:08,-58,127,3.0,4.0,1.5
1783351495780,2026-07-06 17:24:55.780,C3:00:00:63:4D:0D,-52,127,3.0,4.0,1.5
1783351495788,2026-07-06 17:24:55.788,C3:00:00:63:4D:04,-53,127,3.0,4.0,1.5
1783351495865,2026-07-06 17:24:55.865,C3:00:00:63:4D:05,-73,127,3.0,4.0,1.5
1783351495875,2026-07-06 17:24:55.875,C3:00:00:63:4D:07,-63,127,3.0,4.0,1.5
1783351495894,2026-07-06 17:24:55.894,C3:00:00:63:4D:08,-52,127,3.0,4.0,1.5
1783351495897,2026-07-06 17:24:55.897,C3:00:00:63:4D:0D,-55,127,3.0,4.0,1.5
1783351495959,2026-07-06 17:24:55.959,C3:00:00:63:4D:0A,-58,127,3.0,4.0,1.5
1783351495968,2026-07-06 17:24:55.968,C3:00:00:63:4D:07,-67,127,3.0,4.0,1.5
1783351495971,2026-07-06 17:24:55.971,C3:00:00:63:4D:04,-59,127,3.0,4.0,1.5
1783351495975,2026-07-06 17:24:55.975,C3:00:00:63:4D:09,-62,127,3.0,4.0,1.5
1783351495994,2026-07-06 17:24:55.994,C3:00:00:63:4D:08,-54,127,3.0,4.0,1.5
1783351495996,2026-07-06 17:24:55.996,C3:00:00:63:4D:09,-62,127,3.0,4.0,1.5
1783351495997,2026-07-06 17:24:55.997,C3:00:00:63:4D:0D,-56,127,3.0,4.0,1.5
1783351496039,2026-07-06 17:24:56.039,C3:00:00:63:4D:05,-64,127,3.0,4.0,1.5
1783351496046,2026-07-06 17:24:56.046,C3:00:00:63:4C:D2,-59,127,3.0,4.0,1.5
1783351496068,2026-07-06 17:24:56.068,C3:00:00:63:4D:07,-58,127,3.0,4.0,1.5
1783351496070,2026-07-06 17:24:56.070,C3:00:00:63:4D:0A,-66,127,3.0,4.0,1.5
1783351496073,2026-07-06 17:24:56.073,C3:00:00:63:4D:04,-54,127,3.0,4.0,1.5
1783351496091,2026-07-06 17:24:56.091,C3:00:00:63:4D:09,-54,127,3.0,4.0,1.5
1783351496110,2026-07-06 17:24:56.110,C3:00:00:63:4D:0D,-49,127,3.0,4.0,1.5
1783351496115,2026-07-06 17:24:56.115,C3:00:00:63:4D:08,-54,127,3.0,4.0,1.5
1783351496129,2026-07-06 17:24:56.129,C3:00:00:63:4D:04,-62,127,3.0,4.0,1.5
1783351496137,2026-07-06 17:24:56.137,C3:00:00:63:4D:05,-68,127,3.0,4.0,1.5
1783351496153,2026-07-06 17:24:56.153,C3:00:00:63:4C:D2,-54,127,3.0,4.0,1.5
1783351496165,2026-07-06 17:24:56.165,C3:00:00:63:4D:07,-67,127,3.0,4.0,1.5
1783351496172,2026-07-06 17:24:56.172,C3:00:00:63:4D:0A,-63,127,3.0,4.0,1.5
1783351496182,2026-07-06 17:24:56.182,C3:00:00:63:4D:04,-66,127,3.0,4.0,1.5
1783351496200,2026-07-06 17:24:56.200,C3:00:00:63:4D:09,-57,127,3.0,4.0,1.5
1783351496215,2026-07-06 17:24:56.215,C3:00:00:63:4D:0D,-54,127,3.0,4.0,1.5
1783351496221,2026-07-06 17:24:56.221,C3:00:00:63:4D:08,-54,127,3.0,4.0,1.5
1783351496236,2026-07-06 17:24:56.236,C3:00:00:63:4D:05,-64,127,3.0,4.0,1.5
1783351496270,2026-07-06 17:24:56.270,C3:00:00:63:4D:07,-62,127,3.0,4.0,1.5
1783351496278,2026-07-06 17:24:56.278,C3:00:00:63:4D:0A,-60,127,3.0,4.0,1.5
1783351496282,2026-07-06 17:24:56.282,C3:00:00:63:4D:04,-56,127,3.0,4.0,1.5
1783351496300,2026-07-06 17:24:56.300,C3:00:00:63:4D:07,-62,127,3.0,4.0,1.5
1783351496317,2026-07-06 17:24:56.317,C3:00:00:63:4D:0D,-50,127,3.0,4.0,1.5
1783351496321,2026-07-06 17:24:56.321,C3:00:00:63:4D:09,-54,127,3.0,4.0,1.5
1783351496339,2026-07-06 17:24:56.339,C3:00:00:63:4D:05,-67,127,3.0,4.0,1.5
1783351496342,2026-07-06 17:24:56.342,C3:00:00:63:4D:08,-58,127,3.0,4.0,1.5
1783351496368,2026-07-06 17:24:56.368,C3:00:00:63:4D:07,-71,127,3.0,4.0,1.5
1783351496379,2026-07-06 17:24:56.379,C3:00:00:63:4D:0A,-75,127,3.0,4.0,1.5
1783351496432,2026-07-06 17:24:56.432,C3:00:00:63:4D:09,-56,127,3.0,4.0,1.5
1783351496437,2026-07-06 17:24:56.437,C3:00:00:63:4D:0D,-57,127,3.0,4.0,1.5
1783351496446,2026-07-06 17:24:56.446,C3:00:00:63:4D:05,-65,127,3.0,4.0,1.5
1783351496467,2026-07-06 17:24:56.467,C3:00:00:63:4D:08,-54,127,3.0,4.0,1.5
1783351496471,2026-07-06 17:24:56.471,C3:00:00:63:4C:D2,-56,127,3.0,4.0,1.5
1783351496473,2026-07-06 17:24:56.473,C3:00:00:63:4D:07,-64,127,3.0,4.0,1.5
1783351496488,2026-07-06 17:24:56.488,C3:00:00:63:4D:0A,-56,127,3.0,4.0,1.5
1783351496491,2026-07-06 17:24:56.491,C3:00:00:63:4D:04,-63,127,3.0,4.0,1.5
1783351496534,2026-07-06 17:24:56.534,C3:00:00:63:4D:0D,-52,127,3.0,4.0,1.5
1783351496538,2026-07-06 17:24:56.538,C3:00:00:63:4D:09,-66,127,3.0,4.0,1.5
1783351496542,2026-07-06 17:24:56.542,C3:00:00:63:4D:05,-59,127,3.0,4.0,1.5
1783351496564,2026-07-06 17:24:56.564,C3:00:00:63:4D:07,-65,127,3.0,4.0,1.5
1783351496571,2026-07-06 17:24:56.571,C3:00:00:63:4D:08,-53,127,3.0,4.0,1.5
1783351496575,2026-07-06 17:24:56.575,C3:00:00:63:4C:D2,-67,127,3.0,4.0,1.5
1783351496579,2026-07-06 17:24:56.579,C3:00:00:63:4D:04,-57,127,3.0,4.0,1.5
1783351496585,2026-07-06 17:24:56.585,C3:00:00:63:4D:09,-67,127,3.0,4.0,1.5
1783351496591,2026-07-06 17:24:56.591,C3:00:00:63:4D:0A,-55,127,3.0,4.0,1.5
1783351496640,2026-07-06 17:24:56.640,C3:00:00:63:4D:0D,-51,127,3.0,4.0,1.5
1783351496658,2026-07-06 17:24:56.658,C3:00:00:63:4D:09,-54,127,3.0,4.0,1.5
1783351496675,2026-07-06 17:24:56.675,C3:00:00:63:4D:07,-67,127,3.0,4.0,1.5
1783351496678,2026-07-06 17:24:56.678,C3:00:00:63:4D:04,-55,127,3.0,4.0,1.5
1783351496681,2026-07-06 17:24:56.681,C3:00:00:63:4C:D2,-56,127,3.0,4.0,1.5
1783351496703,2026-07-06 17:24:56.703,C3:00:00:63:4D:04,-61,127,3.0,4.0,1.5
1783351496733,2026-07-06 17:24:56.733,C3:00:00:63:4D:04,-58,127,3.0,4.0,1.5
1783351496750,2026-07-06 17:24:56.750,C3:00:00:63:4D:05,-59,127,3.0,4.0,1.5
1783351496757,2026-07-06 17:24:56.757,C3:00:00:63:4D:0D,-60,127,3.0,4.0,1.5
1783351496770,2026-07-06 17:24:56.770,C3:00:00:63:4D:07,-64,127,3.0,4.0,1.5
1783351496804,2026-07-06 17:24:56.804,C3:00:00:63:4D:0A,-60,127,3.0,4.0,1.5
1783351496823,2026-07-06 17:24:56.823,C3:00:00:63:4D:0A,-56,127,3.0,4.0,1.5
1783351496850,2026-07-06 17:24:56.850,C3:00:00:63:4D:05,-65,127,3.0,4.0,1.5
1783351496862,2026-07-06 17:24:56.862,C3:00:00:63:4D:0D,-53,127,3.0,4.0,1.5
1783351496888,2026-07-06 17:24:56.888,C3:00:00:63:4D:09,-61,127,3.0,4.0,1.5
1783351496893,2026-07-06 17:24:56.893,C3:00:00:63:4C:D2,-67,127,3.0,4.0,1.5
1783351496897,2026-07-06 17:24:56.897,C3:00:00:63:4D:04,-55,127,3.0,4.0,1.5
1783351496908,2026-07-06 17:24:56.908,C3:00:00:63:4D:0A,-56,127,3.0,4.0,1.5
1783351496950,2026-07-06 17:24:56.950,C3:00:00:63:4D:05,-57,127,3.0,4.0,1.5
1783351496968,2026-07-06 17:24:56.968,C3:00:00:63:4D:07,-62,127,3.0,4.0,1.5
1783351496972,2026-07-06 17:24:56.972,C3:00:00:63:4D:05,-59,127,3.0,4.0,1.5
1783351496977,2026-07-06 17:24:56.977,C3:00:00:63:4D:0D,-51,127,3.0,4.0,1.5
1783351496994,2026-07-06 17:24:56.994,C3:00:00:63:4C:D2,-59,127,3.0,4.0,1.5
1783351497002,2026-07-06 17:24:57.002,C3:00:00:63:4D:09,-55,127,3.0,4.0,1.5
1783351497012,2026-07-06 17:24:57.012,C3:00:00:63:4D:0A,-58,127,3.0,4.0,1.5
1783351497040,2026-07-06 17:24:57.040,C3:00:00:63:4D:08,-50,127,3.0,4.0,1.5
1783351497045,2026-07-06 17:24:57.045,C3:00:00:63:4D:05,-58,127,3.0,4.0,1.5
1783351497079,2026-07-06 17:24:57.079,C3:00:00:63:4D:0D,-63,127,3.0,4.0,1.5
1783351497102,2026-07-06 17:24:57.102,C3:00:00:63:4D:04,-63,127,3.0,4.0,1.5
1783351497106,2026-07-06 17:24:57.106,C3:00:00:63:4C:D2,-62,127,3.0,4.0,1.5
1783351497116,2026-07-06 17:24:57.116,C3:00:00:63:4D:0A,-58,127,3.0,4.0,1.5
1783351497148,2026-07-06 17:24:57.148,C3:00:00:63:4D:05,-70,127,3.0,4.0,1.5
1783351497157,2026-07-06 17:24:57.157,C3:00:00:63:4D:08,-54,127,3.0,4.0,1.5
1783351497163,2026-07-06 17:24:57.163,C3:00:00:63:4D:07,-66,127,3.0,4.0,1.5
1783351497180,2026-07-06 17:24:57.180,C3:00:00:63:4D:0D,-55,127,3.0,4.0,1.5
1783351497233,2026-07-06 17:24:57.233,C3:00:00:63:4D:09,-54,127,3.0,4.0,1.5
1783351497249,2026-07-06 17:24:57.249,C3:00:00:63:4D:05,-55,127,3.0,4.0,1.5
1783351497266,2026-07-06 17:24:57.266,C3:00:00:63:4D:08,-56,127,3.0,4.0,1.5
1783351497270,2026-07-06 17:24:57.270,C3:00:00:63:4D:07,-63,127,3.0,4.0,1.5
1783351497286,2026-07-06 17:24:57.286,C3:00:00:63:4D:0D,-52,127,3.0,4.0,1.5
1783351497305,2026-07-06 17:24:57.305,C3:00:00:63:4D:04,-55,127,3.0,4.0,1.5
1783351497311,2026-07-06 17:24:57.311,C3:00:00:63:4D:07,-64,127,3.0,4.0,1.5
1783351497320,2026-07-06 17:24:57.320,C3:00:00:63:4C:D2,-68,127,3.0,4.0,1.5
1783351497323,2026-07-06 17:24:57.323,C3:00:00:63:4D:0A,-58,127,3.0,4.0,1.5
1783351497341,2026-07-06 17:24:57.341,C3:00:00:63:4D:09,-56,127,3.0,4.0,1.5
1783351497356,2026-07-06 17:24:57.356,C3:00:00:63:4D:05,-54,127,3.0,4.0,1.5
1783351497370,2026-07-06 17:24:57.370,C3:00:00:63:4D:07,-62,127,3.0,4.0,1.5
1783351497379,2026-07-06 17:24:57.379,C3:00:00:63:4D:08,-54,127,3.0,4.0,1.5
1783351497403,2026-07-06 17:24:57.403,C3:00:00:63:4D:0D,-57,127,3.0,4.0,1.5
1783351497409,2026-07-06 17:24:57.409,C3:00:00:63:4D:04,-63,127,3.0,4.0,1.5
1783351497427,2026-07-06 17:24:57.427,C3:00:00:63:4C:D2,-70,127,3.0,4.0,1.5
1783351497434,2026-07-06 17:24:57.434,C3:00:00:63:4D:0A,-58,127,3.0,4.0,1.5
1783351497445,2026-07-06 17:24:57.445,C3:00:00:63:4D:0D,-53,127,3.0,4.0,1.5
1783351497449,2026-07-06 17:24:57.449,C3:00:00:63:4D:05,-62,127,3.0,4.0,1.5
1783351497455,2026-07-06 17:24:57.455,C3:00:00:63:4D:09,-59,127,3.0,4.0,1.5
1783351497468,2026-07-06 17:24:57.468,C3:00:00:63:4D:07,-71,127,3.0,4.0,1.5
1783351497481,2026-07-06 17:24:57.481,C3:00:00:63:4D:08,-54,127,3.0,4.0,1.5
1783351497517,2026-07-06 17:24:57.517,C3:00:00:63:4D:04,-58,127,3.0,4.0,1.5
1783351497529,2026-07-06 17:24:57.529,C3:00:00:63:4C:D2,-57,127,3.0,4.0,1.5
1783351497539,2026-07-06 17:24:57.539,C3:00:00:63:4D:0A,-67,127,3.0,4.0,1.5
1783351497556,2026-07-06 17:24:57.556,C3:00:00:63:4D:05,-56,127,3.0,4.0,1.5
1783351497570,2026-07-06 17:24:57.570,C3:00:00:63:4D:07,-60,127,3.0,4.0,1.5
1783351497575,2026-07-06 17:24:57.575,C3:00:00:63:4D:09,-64,127,3.0,4.0,1.5
1783351497578,2026-07-06 17:24:57.578,C3:00:00:63:4D:05,-55,127,3.0,4.0,1.5
1783351497619,2026-07-06 17:24:57.619,C3:00:00:63:4D:08,-51,127,3.0,4.0,1.5
1783351497624,2026-07-06 17:24:57.624,C3:00:00:63:4D:04,-60,127,3.0,4.0,1.5
1783351497628,2026-07-06 17:24:57.628,C3:00:00:63:4D:0D,-55,127,3.0,4.0,1.5
1783351497639,2026-07-06 17:24:57.639,C3:00:00:63:4C:D2,-63,127,3.0,4.0,1.5
1783351497644,2026-07-06 17:24:57.644,C3:00:00:63:4D:0A,-65,127,3.0,4.0,1.5
1783351497673,2026-07-06 17:24:57.673,C3:00:00:63:4D:07,-60,127,3.0,4.0,1.5
1783351497687,2026-07-06 17:24:57.687,C3:00:00:63:4D:09,-66,127,3.0,4.0,1.5
1783351497719,2026-07-06 17:24:57.719,C3:00:00:63:4D:04,-58,127,3.0,4.0,1.5
1783351497723,2026-07-06 17:24:57.723,C3:00:00:63:4D:08,-50,127,3.0,4.0,1.5
1783351497738,2026-07-06 17:24:57.738,C3:00:00:63:4C:D2,-80,127,3.0,4.0,1.5
1783351497745,2026-07-06 17:24:57.745,C3:00:00:63:4D:0A,-55,127,3.0,4.0,1.5
1783351497761,2026-07-06 17:24:57.761,C3:00:00:63:4D:07,-59,127,3.0,4.0,1.5
1783351497800,2026-07-06 17:24:57.800,C3:00:00:63:4D:09,-66,127,3.0,4.0,1.5
1783351497824,2026-07-06 17:24:57.824,C3:00:00:63:4D:04,-62,127,3.0,4.0,1.5
1783351497828,2026-07-06 17:24:57.828,C3:00:00:63:4D:0D,-52,127,3.0,4.0,1.5
1783351497835,2026-07-06 17:24:57.835,C3:00:00:63:4D:08,-60,127,3.0,4.0,1.5
1783351497854,2026-07-06 17:24:57.854,C3:00:00:63:4D:0A,-63,127,3.0,4.0,1.5
1783351497862,2026-07-06 17:24:57.862,C3:00:00:63:4D:05,-54,127,3.0,4.0,1.5
1783351497873,2026-07-06 17:24:57.873,C3:00:00:63:4D:07,-60,127,3.0,4.0,1.5
1783351497878,2026-07-06 17:24:57.878,C3:00:00:63:4D:05,-54,127,3.0,4.0,1.5
1783351497913,2026-07-06 17:24:57.913,C3:00:00:63:4D:09,-59,127,3.0,4.0,1.5
1783351497923,2026-07-06 17:24:57.923,C3:00:00:63:4D:04,-65,127,3.0,4.0,1.5
1783351497940,2026-07-06 17:24:57.940,C3:00:00:63:4D:0D,-55,127,3.0,4.0,1.5
1783351497956,2026-07-06 17:24:57.956,C3:00:00:63:4D:0A,-62,127,3.0,4.0,1.5
1783351498027,2026-07-06 17:24:58.027,C3:00:00:63:4D:09,-68,127,3.0,4.0,1.5
1783351498033,2026-07-06 17:24:58.033,C3:00:00:63:4D:04,-74,127,3.0,4.0,1.5
1783351498051,2026-07-06 17:24:58.051,C3:00:00:63:4D:0D,-54,127,3.0,4.0,1.5
1783351498054,2026-07-06 17:24:58.054,C3:00:00:63:4C:D2,-60,127,3.0,4.0,1.5
1783351498073,2026-07-06 17:24:58.073,C3:00:00:63:4D:08,-51,127,3.0,4.0,1.5
1783351498136,2026-07-06 17:24:58.136,C3:00:00:63:4D:04,-68,127,3.0,4.0,1.5
1783351498140,2026-07-06 17:24:58.140,C3:00:00:63:4D:09,-58,127,3.0,4.0,1.5
1783351498155,2026-07-06 17:24:58.155,C3:00:00:63:4D:0D,-50,127,3.0,4.0,1.5
1783351498157,2026-07-06 17:24:58.157,C3:00:00:63:4D:04,-69,127,3.0,4.0,1.5
1783351498172,2026-07-06 17:24:58.172,C3:00:00:63:4D:05,-55,127,3.0,4.0,1.5
1783351498176,2026-07-06 17:24:58.176,C3:00:00:63:4D:0A,-73,127,3.0,4.0,1.5
1783351498178,2026-07-06 17:24:58.178,C3:00:00:63:4C:D2,-56,127,3.0,4.0,1.5
1783351498179,2026-07-06 17:24:58.179,C3:00:00:63:4D:07,-67,127,3.0,4.0,1.5
1783351498183,2026-07-06 17:24:58.183,C3:00:00:63:4D:08,-54,127,3.0,4.0,1.5
1783351498241,2026-07-06 17:24:58.241,C3:00:00:63:4D:04,-63,127,3.0,4.0,1.5
1783351498257,2026-07-06 17:24:58.257,C3:00:00:63:4D:09,-57,127,3.0,4.0,1.5
1783351498266,2026-07-06 17:24:58.266,C3:00:00:63:4D:05,-54,127,3.0,4.0,1.5
1783351498271,2026-07-06 17:24:58.271,C3:00:00:63:4D:0D,-54,127,3.0,4.0,1.5
1783351498283,2026-07-06 17:24:58.283,C3:00:00:63:4D:07,-70,127,3.0,4.0,1.5
1783351498285,2026-07-06 17:24:58.285,C3:00:00:63:4C:D2,-56,127,3.0,4.0,1.5
1783351498300,2026-07-06 17:24:58.300,C3:00:00:63:4D:08,-51,127,3.0,4.0,1.5
1783351498344,2026-07-06 17:24:58.344,C3:00:00:63:4D:04,-58,127,3.0,4.0,1.5
1783351498369,2026-07-06 17:24:58.369,C3:00:00:63:4D:05,-64,127,3.0,4.0,1.5
1783351498374,2026-07-06 17:24:58.374,C3:00:00:63:4D:07,-73,127,3.0,4.0,1.5
1783351498378,2026-07-06 17:24:58.378,C3:00:00:63:4D:0D,-50,127,3.0,4.0,1.5
1783351498391,2026-07-06 17:24:58.391,C3:00:00:63:4D:0A,-63,127,3.0,4.0,1.5
1783351498394,2026-07-06 17:24:58.394,C3:00:00:63:4C:D2,-63,127,3.0,4.0,1.5
1783351498395,2026-07-06 17:24:58.395,C3:00:00:63:4D:08,-53,127,3.0,4.0,1.5
1783351498400,2026-07-06 17:24:58.400,C3:00:00:63:4D:0A,-56,127,3.0,4.0,1.5
1783351498410,2026-07-06 17:24:58.410,C3:00:00:63:4D:08,-57,127,3.0,4.0,1.5
1783351498425,2026-07-06 17:24:58.425,C3:00:00:63:4D:05,-63,127,3.0,4.0,1.5
1783351498448,2026-07-06 17:24:58.448,C3:00:00:63:4D:04,-59,127,3.0,4.0,1.5
1783351498460,2026-07-06 17:24:58.460,C3:00:00:63:4D:05,-57,127,3.0,4.0,1.5
1783351498466,2026-07-06 17:24:58.466,C3:00:00:63:4D:07,-64,127,3.0,4.0,1.5
1783351498477,2026-07-06 17:24:58.477,C3:00:00:63:4D:0A,-66,127,3.0,4.0,1.5
1783351498480,2026-07-06 17:24:58.480,C3:00:00:63:4D:09,-57,127,3.0,4.0,1.5
1783351498533,2026-07-06 17:24:58.533,C3:00:00:63:4D:08,-50,127,3.0,4.0,1.5
1783351498550,2026-07-06 17:24:58.550,C3:00:00:63:4D:04,-59,127,3.0,4.0,1.5
1783351498557,2026-07-06 17:24:58.557,C3:00:00:63:4D:05,-57,127,3.0,4.0,1.5
1783351498570,2026-07-06 17:24:58.570,C3:00:00:63:4D:07,-73,127,3.0,4.0,1.5
1783351498644,2026-07-06 17:24:58.644,C3:00:00:63:4D:08,-54,127,3.0,4.0,1.5
1783351498649,2026-07-06 17:24:58.649,C3:00:00:63:4D:04,-58,127,3.0,4.0,1.5
1783351498662,2026-07-06 17:24:58.662,C3:00:00:63:4D:07,-63,127,3.0,4.0,1.5
1783351498682,2026-07-06 17:24:58.682,C3:00:00:63:4D:04,-58,127,3.0,4.0,1.5
1783351498687,2026-07-06 17:24:58.687,C3:00:00:63:4D:0A,-59,127,3.0,4.0,1.5
1783351498694,2026-07-06 17:24:58.694,C3:00:00:63:4D:0D,-52,127,3.0,4.0,1.5
1783351498700,2026-07-06 17:24:58.700,C3:00:00:63:4C:D2,-60,127,3.0,4.0,1.5
1783351498708,2026-07-06 17:24:58.708,C3:00:00:63:4D:09,-55,127,3.0,4.0,1.5
1783351498754,2026-07-06 17:24:58.754,C3:00:00:63:4D:04,-58,127,3.0,4.0,1.5
1783351498761,2026-07-06 17:24:58.761,C3:00:00:63:4D:08,-55,127,3.0,4.0,1.5
1783351498773,2026-07-06 17:24:58.773,C3:00:00:63:4D:05,-65,127,3.0,4.0,1.5
1783351498778,2026-07-06 17:24:58.778,C3:00:00:63:4D:07,-64,127,3.0,4.0,1.5
1783351498799,2026-07-06 17:24:58.799,C3:00:00:63:4D:0A,-71,127,3.0,4.0,1.5
1783351498802,2026-07-06 17:24:58.802,C3:00:00:63:4C:D2,-57,127,3.0,4.0,1.5
1783351498809,2026-07-06 17:24:58.809,C3:00:00:63:4D:0D,-50,127,3.0,4.0,1.5
1783351498816,2026-07-06 17:24:58.816,C3:00:00:63:4D:0A,-62,127,3.0,4.0,1.5
1783351498821,2026-07-06 17:24:58.821,C3:00:00:63:4D:09,-57,127,3.0,4.0,1.5
1783351498852,2026-07-06 17:24:58.852,C3:00:00:63:4D:04,-58,127,3.0,4.0,1.5
1783351498876,2026-07-06 17:24:58.876,C3:00:00:63:4D:05,-56,127,3.0,4.0,1.5
1783351498881,2026-07-06 17:24:58.881,C3:00:00:63:4D:07,-66,127,3.0,4.0,1.5
1783351498884,2026-07-06 17:24:58.884,C3:00:00:63:4D:08,-51,127,3.0,4.0,1.5
1783351498896,2026-07-06 17:24:58.896,C3:00:00:63:4D:0A,-63,127,3.0,4.0,1.5
1783351498908,2026-07-06 17:24:58.908,C3:00:00:63:4C:D2,-55,127,3.0,4.0,1.5
1783351498914,2026-07-06 17:24:58.914,C3:00:00:63:4D:0D,-54,127,3.0,4.0,1.5
1783351498926,2026-07-06 17:24:58.926,C3:00:00:63:4C:D2,-69,127,3.0,4.0,1.5
1783351498935,2026-07-06 17:24:58.935,C3:00:00:63:4D:09,-65,127,3.0,4.0,1.5
1783351498953,2026-07-06 17:24:58.953,C3:00:00:63:4D:04,-56,127,3.0,4.0,1.5
1783351498956,2026-07-06 17:24:58.956,C3:00:00:63:4D:0D,-57,127,3.0,4.0,1.5
1783351498970,2026-07-06 17:24:58.970,C3:00:00:63:4D:05,-66,127,3.0,4.0,1.5
1783351498977,2026-07-06 17:24:58.977,C3:00:00:63:4D:07,-64,127,3.0,4.0,1.5
1783351498988,2026-07-06 17:24:58.988,C3:00:00:63:4D:08,-54,127,3.0,4.0,1.5
1783351498993,2026-07-06 17:24:58.993,C3:00:00:63:4D:05,-63,127,3.0,4.0,1.5
1783351499006,2026-07-06 17:24:59.006,C3:00:00:63:4D:0A,-58,127,3.0,4.0,1.5
1783351499018,2026-07-06 17:24:59.018,C3:00:00:63:4C:D2,-55,127,3.0,4.0,1.5
1783351499025,2026-07-06 17:24:59.025,C3:00:00:63:4D:0D,-52,127,3.0,4.0,1.5
1783351499054,2026-07-06 17:24:59.054,C3:00:00:63:4D:09,-55,127,3.0,4.0,1.5
1783351499074,2026-07-06 17:24:59.074,C3:00:00:63:4D:05,-56,127,3.0,4.0,1.5
1783351499102,2026-07-06 17:24:59.102,C3:00:00:63:4D:08,-66,127,3.0,4.0,1.5
1783351499111,2026-07-06 17:24:59.111,C3:00:00:63:4D:0A,-58,127,3.0,4.0,1.5
1783351499122,2026-07-06 17:24:59.122,C3:00:00:63:4C:D2,-56,127,3.0,4.0,1.5
1783351499129,2026-07-06 17:24:59.129,C3:00:00:63:4D:0A,-58,127,3.0,4.0,1.5
1783351499146,2026-07-06 17:24:59.146,C3:00:00:63:4D:0A,-60,127,3.0,4.0,1.5
1783351499168,2026-07-06 17:24:59.168,C3:00:00:63:4D:05,-54,127,3.0,4.0,1.5
1783351499216,2026-07-06 17:24:59.216,C3:00:00:63:4D:0A,-58,127,3.0,4.0,1.5
1783351499220,2026-07-06 17:24:59.220,C3:00:00:63:4C:D2,-65,127,3.0,4.0,1.5
1783351499237,2026-07-06 17:24:59.237,C3:00:00:63:4D:0D,-52,127,3.0,4.0,1.5
1783351499264,2026-07-06 17:24:59.264,C3:00:00:63:4D:07,-68,127,3.0,4.0,1.5
1783351499269,2026-07-06 17:24:59.269,C3:00:00:63:4D:05,-62,127,3.0,4.0,1.5
1783351499281,2026-07-06 17:24:59.281,C3:00:00:63:4D:09,-61,127,3.0,4.0,1.5
1783351499316,2026-07-06 17:24:59.316,C3:00:00:63:4D:07,-67,127,3.0,4.0,1.5
1783351499321,2026-07-06 17:24:59.321,C3:00:00:63:4D:0A,-80,127,3.0,4.0,1.5
1783351499330,2026-07-06 17:24:59.330,C3:00:00:63:4C:D2,-56,127,3.0,4.0,1.5
1783351499337,2026-07-06 17:24:59.337,C3:00:00:63:4D:08,-56,127,3.0,4.0,1.5
1783351499349,2026-07-06 17:24:59.349,C3:00:00:63:4D:0D,-53,127,3.0,4.0,1.5
1783351499370,2026-07-06 17:24:59.370,C3:00:00:63:4D:04,-56,127,3.0,4.0,1.5
1783351499375,2026-07-06 17:24:59.375,C3:00:00:63:4D:07,-66,127,3.0,4.0,1.5
1783351499378,2026-07-06 17:24:59.378,C3:00:00:63:4D:05,-54,127,3.0,4.0,1.5
1783351499401,2026-07-06 17:24:59.401,C3:00:00:63:4D:09,-56,127,3.0,4.0,1.5
1783351499408,2026-07-06 17:24:59.408,C3:00:00:63:4D:07,-67,127,3.0,4.0,1.5
1783351499420,2026-07-06 17:24:59.420,C3:00:00:63:4D:0A,-59,127,3.0,4.0,1.5
1783351499438,2026-07-06 17:24:59.438,C3:00:00:63:4C:D2,-54,127,3.0,4.0,1.5
1783351499444,2026-07-06 17:24:59.444,C3:00:00:63:4D:0D,-61,127,3.0,4.0,1.5
1783351499453,2026-07-06 17:24:59.453,C3:00:00:63:4D:08,-55,127,3.0,4.0,1.5
1783351499472,2026-07-06 17:24:59.472,C3:00:00:63:4D:09,-58,127,3.0,4.0,1.5
1783351499475,2026-07-06 17:24:59.475,C3:00:00:63:4D:05,-56,127,3.0,4.0,1.5
1783351499478,2026-07-06 17:24:59.478,C3:00:00:63:4C:D2,-54,127,3.0,4.0,1.5
1783351499505,2026-07-06 17:24:59.505,C3:00:00:63:4D:09,-58,127,3.0,4.0,1.5
1783351499526,2026-07-06 17:24:59.526,C3:00:00:63:4D:0A,-55,127,3.0,4.0,1.5
1783351499547,2026-07-06 17:24:59.547,C3:00:00:63:4C:D2,-67,127,3.0,4.0,1.5
1783351499555,2026-07-06 17:24:59.555,C3:00:00:63:4D:0D,-53,127,3.0,4.0,1.5
1783351499564,2026-07-06 17:24:59.564,C3:00:00:63:4D:08,-57,127,3.0,4.0,1.5
1783351499569,2026-07-06 17:24:59.569,C3:00:00:63:4D:07,-62,127,3.0,4.0,1.5
1783351499575,2026-07-06 17:24:59.575,C3:00:00:63:4D:04,-55,127,3.0,4.0,1.5
1783351499583,2026-07-06 17:24:59.583,C3:00:00:63:4D:08,-64,127,3.0,4.0,1.5
1783351499626,2026-07-06 17:24:59.626,C3:00:00:63:4D:09,-54,127,3.0,4.0,1.5
1783351499648,2026-07-06 17:24:59.648,C3:00:00:63:4D:0A,-67,127,3.0,4.0,1.5
1783351499656,2026-07-06 17:24:59.656,C3:00:00:63:4C:D2,-56,127,3.0,4.0,1.5
1783351499668,2026-07-06 17:24:59.668,C3:00:00:63:4D:07,-64,127,3.0,4.0,1.5
1783351499679,2026-07-06 17:24:59.679,C3:00:00:63:4D:04,-58,127,3.0,4.0,1.5
1783351499736,2026-07-06 17:24:59.736,C3:00:00:63:4D:09,-56,127,3.0,4.0,1.5
1783351499759,2026-07-06 17:24:59.759,C3:00:00:63:4C:D2,-56,127,3.0,4.0,1.5
1783351499790,2026-07-06 17:24:59.790,C3:00:00:63:4D:08,-51,127,3.0,4.0,1.5
1783351499855,2026-07-06 17:24:59.855,C3:00:00:63:4D:09,-60,127,3.0,4.0,1.5
1783351499864,2026-07-06 17:24:59.864,C3:00:00:63:4C:D2,-69,127,3.0,4.0,1.5
1783351499869,2026-07-06 17:24:59.869,C3:00:00:63:4D:07,-60,127,3.0,4.0,1.5
1783351499883,2026-07-06 17:24:59.883,C3:00:00:63:4D:05,-75,127,3.0,4.0,1.5
1783351499885,2026-07-06 17:24:59.885,C3:00:00:63:4D:04,-56,127,3.0,4.0,1.5
1783351499887,2026-07-06 17:24:59.887,C3:00:00:63:4D:0D,-56,127,3.0,4.0,1.5
1783351499893,2026-07-06 17:24:59.893,C3:00:00:63:4D:05,-75,127,3.0,4.0,1.5
1783351499901,2026-07-06 17:24:59.901,C3:00:00:63:4D:08,-56,127,3.0,4.0,1.5
1783351499949,2026-07-06 17:24:59.949,C3:00:00:63:4D:0A,-78,127,3.0,4.0,1.5
1783351499974,2026-07-06 17:24:59.974,C3:00:00:63:4D:09,-54,127,3.0,4.0,1.5
1783351499978,2026-07-06 17:24:59.978,C3:00:00:63:4C:D2,-55,127,3.0,4.0,1.5
1783351499983,2026-07-06 17:24:59.983,C3:00:00:63:4D:05,-56,127,3.0,4.0,1.5
1783351499987,2026-07-06 17:24:59.987,C3:00:00:63:4D:04,-55,127,3.0,4.0,1.5
1783351499995,2026-07-06 17:24:59.995,C3:00:00:63:4D:09,-54,127,3.0,4.0,1.5
1783351500028,2026-07-06 17:25:00.028,C3:00:00:63:4D:08,-53,127,3.0,4.0,1.5
1783351500057,2026-07-06 17:25:00.057,C3:00:00:63:4D:0A,-62,127,3.0,4.0,1.5
1783351500065,2026-07-06 17:25:00.065,C3:00:00:63:4D:07,-68,127,3.0,4.0,1.5
1783351500086,2026-07-06 17:25:00.086,C3:00:00:63:4D:04,-62,127,3.0,4.0,1.5
1783351500094,2026-07-06 17:25:00.094,C3:00:00:63:4D:0D,-61,127,3.0,4.0,1.5
1783351500135,2026-07-06 17:25:00.135,C3:00:00:63:4D:08,-54,127,3.0,4.0,1.5
1783351500141,2026-07-06 17:25:00.141,C3:00:00:63:4D:04,-55,127,3.0,4.0,1.5
1783351500165,2026-07-06 17:25:00.165,C3:00:00:63:4D:0A,-58,127,3.0,4.0,1.5
1783351500173,2026-07-06 17:25:00.173,C3:00:00:63:4D:07,-62,127,3.0,4.0,1.5
1783351500190,2026-07-06 17:25:00.190,C3:00:00:63:4D:09,-61,127,3.0,4.0,1.5
1783351500195,2026-07-06 17:25:00.195,C3:00:00:63:4D:04,-56,127,3.0,4.0,1.5
1783351500206,2026-07-06 17:25:00.206,C3:00:00:63:4D:0D,-70,127,3.0,4.0,1.5
1783351500260,2026-07-06 17:25:00.260,C3:00:00:63:4D:08,-61,127,3.0,4.0,1.5
1783351500282,2026-07-06 17:25:00.282,C3:00:00:63:4D:05,-55,127,3.0,4.0,1.5
1783351500305,2026-07-06 17:25:00.305,C3:00:00:63:4D:07,-71,127,3.0,4.0,1.5
1783351500307,2026-07-06 17:25:00.307,C3:00:00:63:4D:09,-54,127,3.0,4.0,1.5
1783351500316,2026-07-06 17:25:00.316,C3:00:00:63:4D:0D,-65,127,3.0,4.0,1.5
1783351500383,2026-07-06 17:25:00.383,C3:00:00:63:4D:05,-58,127,3.0,4.0,1.5
1783351500388,2026-07-06 17:25:00.388,C3:00:00:63:4C:D2,-58,127,3.0,4.0,1.5
1783351500403,2026-07-06 17:25:00.403,C3:00:00:63:4D:08,-50,127,3.0,4.0,1.5
1783351500406,2026-07-06 17:25:00.406,C3:00:00:63:4D:04,-59,127,3.0,4.0,1.5
1783351500421,2026-07-06 17:25:00.421,C3:00:00:63:4D:0D,-68,127,3.0,4.0,1.5
1783351500425,2026-07-06 17:25:00.425,C3:00:00:63:4D:09,-62,127,3.0,4.0,1.5
1783351500472,2026-07-06 17:25:00.472,C3:00:00:63:4D:07,-65,127,3.0,4.0,1.5
1783351500477,2026-07-06 17:25:00.477,C3:00:00:63:4D:0A,-58,127,3.0,4.0,1.5
1783351500501,2026-07-06 17:25:00.501,C3:00:00:63:4C:D2,-68,127,3.0,4.0,1.5
1783351500508,2026-07-06 17:25:00.508,C3:00:00:63:4D:04,-56,127,3.0,4.0,1.5
1783351500569,2026-07-06 17:25:00.569,C3:00:00:63:4D:07,-62,127,3.0,4.0,1.5
1783351500577,2026-07-06 17:25:00.577,C3:00:00:63:4D:0A,-70,127,3.0,4.0,1.5
1783351500589,2026-07-06 17:25:00.589,C3:00:00:63:4D:05,-56,127,3.0,4.0,1.5
1783351500594,2026-07-06 17:25:00.594,C3:00:00:63:4D:09,-54,127,3.0,4.0,1.5
1783351500642,2026-07-06 17:25:00.642,C3:00:00:63:4D:0D,-54,127,3.0,4.0,1.5
1783351500671,2026-07-06 17:25:00.671,C3:00:00:63:4D:07,-68,127,3.0,4.0,1.5
1783351500685,2026-07-06 17:25:00.685,C3:00:00:63:4D:05,-54,127,3.0,4.0,1.5
1783351500699,2026-07-06 17:25:00.699,C3:00:00:63:4D:04,-61,127,3.0,4.0,1.5
1783351500719,2026-07-06 17:25:00.719,C3:00:00:63:4C:D2,-64,127,3.0,4.0,1.5
1783351500735,2026-07-06 17:25:00.735,C3:00:00:63:4D:04,-55,127,3.0,4.0,1.5
1783351500741,2026-07-06 17:25:00.741,C3:00:00:63:4D:0D,-55,127,3.0,4.0,1.5
1783351500761,2026-07-06 17:25:00.761,C3:00:00:63:4D:09,-60,127,3.0,4.0,1.5
1783351500789,2026-07-06 17:25:00.789,C3:00:00:63:4D:05,-80,127,3.0,4.0,1.5
1783351500793,2026-07-06 17:25:00.793,C3:00:00:63:4D:0A,-64,127,3.0,4.0,1.5
1783351500810,2026-07-06 17:25:00.810,C3:00:00:63:4D:04,-56,127,3.0,4.0,1.5
1783351500815,2026-07-06 17:25:00.815,C3:00:00:63:4D:0A,-66,127,3.0,4.0,1.5
1783351500820,2026-07-06 17:25:00.820,C3:00:00:63:4C:D2,-56,127,3.0,4.0,1.5
1783351500857,2026-07-06 17:25:00.857,C3:00:00:63:4D:0D,-50,127,3.0,4.0,1.5
1783351500876,2026-07-06 17:25:00.876,C3:00:00:63:4D:07,-67,127,3.0,4.0,1.5
1783351500879,2026-07-06 17:25:00.879,C3:00:00:63:4D:09,-55,127,3.0,4.0,1.5
1783351500885,2026-07-06 17:25:00.885,C3:00:00:63:4D:05,-54,127,3.0,4.0,1.5
1783351500901,2026-07-06 17:25:00.901,C3:00:00:63:4D:0A,-64,127,3.0,4.0,1.5
1783351500926,2026-07-06 17:25:00.926,C3:00:00:63:4C:D2,-54,127,3.0,4.0,1.5
1783351500948,2026-07-06 17:25:00.948,C3:00:00:63:4D:08,-50,127,3.0,4.0,1.5
1783351500957,2026-07-06 17:25:00.957,C3:00:00:63:4C:D2,-54,127,3.0,4.0,1.5
1783351500970,2026-07-06 17:25:00.970,C3:00:00:63:4D:0D,-55,127,3.0,4.0,1.5
1783351500972,2026-07-06 17:25:00.972,C3:00:00:63:4D:07,-68,127,3.0,4.0,1.5
1783351500982,2026-07-06 17:25:00.982,C3:00:00:63:4D:05,-54,127,3.0,4.0,1.5
1783351500990,2026-07-06 17:25:00.990,C3:00:00:63:4D:0D,-56,127,3.0,4.0,1.5
1783351500998,2026-07-06 17:25:00.998,C3:00:00:63:4D:09,-59,127,3.0,4.0,1.5
1783351501000,2026-07-06 17:25:01.000,C3:00:00:63:4D:0A,-62,127,3.0,4.0,1.5
1783351501003,2026-07-06 17:25:01.003,C3:00:00:63:4D:05,-54,127,3.0,4.0,1.5
1783351501009,2026-07-06 17:25:01.009,C3:00:00:63:4D:04,-55,127,3.0,4.0,1.5
1783351501028,2026-07-06 17:25:01.028,C3:00:00:63:4C:D2,-68,127,3.0,4.0,1.5
1783351501075,2026-07-06 17:25:01.075,C3:00:00:63:4D:07,-59,127,3.0,4.0,1.5
1783351501078,2026-07-06 17:25:01.078,C3:00:00:63:4D:0D,-53,127,3.0,4.0,1.5
1783351501084,2026-07-06 17:25:01.084,C3:00:00:63:4D:05,-67,127,3.0,4.0,1.5
1783351501106,2026-07-06 17:25:01.106,C3:00:00:63:4D:0A,-64,127,3.0,4.0,1.5
1783351501108,2026-07-06 17:25:01.108,C3:00:00:63:4D:09,-60,127,3.0,4.0,1.5
1783351501115,2026-07-06 17:25:01.115,C3:00:00:63:4D:04,-56,127,3.0,4.0,1.5
1783351501132,2026-07-06 17:25:01.132,C3:00:00:63:4C:D2,-58,127,3.0,4.0,1.5
1783351501169,2026-07-06 17:25:01.169,C3:00:00:63:4D:07,-66,127,3.0,4.0,1.5
1783351501174,2026-07-06 17:25:01.174,C3:00:00:63:4D:08,-57,127,3.0,4.0,1.5
1783351501184,2026-07-06 17:25:01.184,C3:00:00:63:4D:05,-58,127,3.0,4.0,1.5
1783351501210,2026-07-06 17:25:01.210,C3:00:00:63:4D:0A,-62,127,3.0,4.0,1.5
1783351501218,2026-07-06 17:25:01.218,C3:00:00:63:4D:09,-58,127,3.0,4.0,1.5
1783351501238,2026-07-06 17:25:01.238,C3:00:00:63:4C:D2,-57,127,3.0,4.0,1.5
1783351501270,2026-07-06 17:25:01.270,C3:00:00:63:4D:07,-65,127,3.0,4.0,1.5
1783351501283,2026-07-06 17:25:01.283,C3:00:00:63:4D:0D,-58,127,3.0,4.0,1.5
1783351501289,2026-07-06 17:25:01.289,C3:00:00:63:4D:08,-51,127,3.0,4.0,1.5
1783351501298,2026-07-06 17:25:01.298,C3:00:00:63:4D:05,-59,127,3.0,4.0,1.5
1783351501320,2026-07-06 17:25:01.320,C3:00:00:63:4D:04,-55,127,3.0,4.0,1.5
1783351501332,2026-07-06 17:25:01.332,C3:00:00:63:4D:09,-62,127,3.0,4.0,1.5
1783351501347,2026-07-06 17:25:01.347,C3:00:00:63:4C:D2,-62,127,3.0,4.0,1.5
1783351501393,2026-07-06 17:25:01.393,C3:00:00:63:4D:05,-64,127,3.0,4.0,1.5
1783351501398,2026-07-06 17:25:01.398,C3:00:00:63:4D:0D,-54,127,3.0,4.0,1.5
1783351501410,2026-07-06 17:25:01.410,C3:00:00:63:4D:08,-56,127,3.0,4.0,1.5
1783351501417,2026-07-06 17:25:01.417,C3:00:00:63:4D:07,-63,127,3.0,4.0,1.5
1783351501424,2026-07-06 17:25:01.424,C3:00:00:63:4D:0A,-63,127,3.0,4.0,1.5
1783351501430,2026-07-06 17:25:01.430,C3:00:00:63:4D:04,-56,127,3.0,4.0,1.5
1783351501439,2026-07-06 17:25:01.439,C3:00:00:63:4D:0D,-50,127,3.0,4.0,1.5
1783351501447,2026-07-06 17:25:01.447,C3:00:00:63:4D:09,-55,127,3.0,4.0,1.5
1783351501449,2026-07-06 17:25:01.449,C3:00:00:63:4C:D2,-59,127,3.0,4.0,1.5
1783351501469,2026-07-06 17:25:01.469,C3:00:00:63:4D:07,-62,127,3.0,4.0,1.5
1783351501482,2026-07-06 17:25:01.482,C3:00:00:63:4D:08,-57,127,3.0,4.0,1.5
1783351501485,2026-07-06 17:25:01.485,C3:00:00:63:4D:09,-55,127,3.0,4.0,1.5
1783351501489,2026-07-06 17:25:01.489,C3:00:00:63:4D:05,-56,127,3.0,4.0,1.5
1783351501493,2026-07-06 17:25:01.493,C3:00:00:63:4C:D2,-59,127,3.0,4.0,1.5
1783351501499,2026-07-06 17:25:01.499,C3:00:00:63:4D:0D,-51,127,3.0,4.0,1.5
1783351501521,2026-07-06 17:25:01.521,C3:00:00:63:4D:08,-50,127,3.0,4.0,1.5
1783351501525,2026-07-06 17:25:01.525,C3:00:00:63:4D:0A,-65,127,3.0,4.0,1.5
1783351501540,2026-07-06 17:25:01.540,C3:00:00:63:4D:04,-63,127,3.0,4.0,1.5
1783351501548,2026-07-06 17:25:01.548,C3:00:00:63:4D:08,-50,127,3.0,4.0,1.5
1783351501558,2026-07-06 17:25:01.558,C3:00:00:63:4C:D2,-57,127,3.0,4.0,1.5
1783351501567,2026-07-06 17:25:01.567,C3:00:00:63:4D:09,-56,127,3.0,4.0,1.5
1783351501600,2026-07-06 17:25:01.600,C3:00:00:63:4D:05,-56,127,3.0,4.0,1.5
1783351501620,2026-07-06 17:25:01.620,C3:00:00:63:4D:0D,-54,127,3.0,4.0,1.5
1783351501625,2026-07-06 17:25:01.625,C3:00:00:63:4D:0A,-62,127,3.0,4.0,1.5
1783351501632,2026-07-06 17:25:01.632,C3:00:00:63:4D:04,-55,127,3.0,4.0,1.5
1783351501664,2026-07-06 17:25:01.664,C3:00:00:63:4C:D2,-64,127,3.0,4.0,1.5
1783351501669,2026-07-06 17:25:01.669,C3:00:00:63:4D:07,-60,127,3.0,4.0,1.5
1783351501674,2026-07-06 17:25:01.674,C3:00:00:63:4D:09,-60,127,3.0,4.0,1.5
1783351501694,2026-07-06 17:25:01.694,C3:00:00:63:4D:05,-71,127,3.0,4.0,1.5
1783351501723,2026-07-06 17:25:01.723,C3:00:00:63:4D:0D,-50,127,3.0,4.0,1.5
1783351501727,2026-07-06 17:25:01.727,C3:00:00:63:4D:07,-70,127,3.0,4.0,1.5
1783351501753,2026-07-06 17:25:01.753,C3:00:00:63:4D:08,-54,127,3.0,4.0,1.5
1783351501769,2026-07-06 17:25:01.769,C3:00:00:63:4C:D2,-56,127,3.0,4.0,1.5
1783351501771,2026-07-06 17:25:01.771,C3:00:00:63:4D:07,-66,127,3.0,4.0,1.5
1783351501786,2026-07-06 17:25:01.786,C3:00:00:63:4D:09,-55,127,3.0,4.0,1.5
1783351501800,2026-07-06 17:25:01.800,C3:00:00:63:4D:05,-56,127,3.0,4.0,1.5
1783351501833,2026-07-06 17:25:01.833,C3:00:00:63:4D:0D,-54,127,3.0,4.0,1.5
1783351501872,2026-07-06 17:25:01.872,C3:00:00:63:4D:08,-51,127,3.0,4.0,1.5
1783351501877,2026-07-06 17:25:01.877,C3:00:00:63:4D:07,-66,127,3.0,4.0,1.5
1783351501881,2026-07-06 17:25:01.881,C3:00:00:63:4C:D2,-55,127,3.0,4.0,1.5
1783351501889,2026-07-06 17:25:01.889,C3:00:00:63:4D:05,-57,127,3.0,4.0,1.5
1783351501900,2026-07-06 17:25:01.900,C3:00:00:63:4D:09,-58,127,3.0,4.0,1.5
1783351501909,2026-07-06 17:25:01.909,C3:00:00:63:4D:05,-69,127,3.0,4.0,1.5
1783351501933,2026-07-06 17:25:01.933,C3:00:00:63:4D:0D,-55,127,3.0,4.0,1.5
1783351501937,2026-07-06 17:25:01.937,C3:00:00:63:4D:0A,-57,127,3.0,4.0,1.5
1783351501941,2026-07-06 17:25:01.941,C3:00:00:63:4D:04,-56,127,3.0,4.0,1.5
1783351501965,2026-07-06 17:25:01.965,C3:00:00:63:4D:07,-61,127,3.0,4.0,1.5
1783351501983,2026-07-06 17:25:01.983,C3:00:00:63:4D:08,-53,127,3.0,4.0,1.5
1783351501986,2026-07-06 17:25:01.986,C3:00:00:63:4C:D2,-66,127,3.0,4.0,1.5
1783351502000,2026-07-06 17:25:02.000,C3:00:00:63:4D:05,-69,127,3.0,4.0,1.5
1783351502018,2026-07-06 17:25:02.018,C3:00:00:63:4D:09,-54,127,3.0,4.0,1.5
1783351502043,2026-07-06 17:25:02.043,C3:00:00:63:4D:0D,-51,127,3.0,4.0,1.5
1783351502086,2026-07-06 17:25:02.086,C3:00:00:63:4C:D2,-57,127,3.0,4.0,1.5
1783351502122,2026-07-06 17:25:02.122,C3:00:00:63:4C:D2,-56,127,3.0,4.0,1.5
1783351502130,2026-07-06 17:25:02.130,C3:00:00:63:4D:09,-59,127,3.0,4.0,1.5
1783351502152,2026-07-06 17:25:02.152,C3:00:00:63:4D:04,-60,127,3.0,4.0,1.5
1783351502157,2026-07-06 17:25:02.157,C3:00:00:63:4D:0A,-66,127,3.0,4.0,1.5
1783351502168,2026-07-06 17:25:02.168,C3:00:00:63:4D:07,-81,127,3.0,4.0,1.5
1783351502178,2026-07-06 17:25:02.178,C3:00:00:63:4D:04,-61,127,3.0,4.0,1.5
1783351502196,2026-07-06 17:25:02.196,C3:00:00:63:4C:D2,-56,127,3.0,4.0,1.5
1783351502205,2026-07-06 17:25:02.205,C3:00:00:63:4D:05,-54,127,3.0,4.0,1.5
1783351502207,2026-07-06 17:25:02.207,C3:00:00:63:4D:08,-50,127,3.0,4.0,1.5
1783351502244,2026-07-06 17:25:02.244,C3:00:00:63:4D:09,-62,127,3.0,4.0,1.5
1783351502256,2026-07-06 17:25:02.256,C3:00:00:63:4D:0A,-58,127,3.0,4.0,1.5
1783351502260,2026-07-06 17:25:02.260,C3:00:00:63:4D:04,-55,127,3.0,4.0,1.5
1783351502265,2026-07-06 17:25:02.265,C3:00:00:63:4D:0D,-64,127,3.0,4.0,1.5
1783351502358,2026-07-06 17:25:02.358,C3:00:00:63:4D:09,-55,127,3.0,4.0,1.5
1783351502365,2026-07-06 17:25:02.365,C3:00:00:63:4D:04,-56,127,3.0,4.0,1.5
1783351502369,2026-07-06 17:25:02.369,C3:00:00:63:4D:0A,-79,127,3.0,4.0,1.5
1783351502373,2026-07-06 17:25:02.373,C3:00:00:63:4D:0D,-54,127,3.0,4.0,1.5
1783351502392,2026-07-06 17:25:02.392,C3:00:00:63:4D:08,-53,127,3.0,4.0,1.5
1783351502399,2026-07-06 17:25:02.399,C3:00:00:63:4C:D2,-57,127,3.0,4.0,1.5
1783351502403,2026-07-06 17:25:02.403,C3:00:00:63:4D:05,-55,127,3.0,4.0,1.5
1783351502436,2026-07-06 17:25:02.436,C3:00:00:63:4D:08,-51,127,3.0,4.0,1.5
1783351502465,2026-07-06 17:25:02.465,C3:00:00:63:4D:04,-63,127,3.0,4.0,1.5
1783351502470,2026-07-06 17:25:02.470,C3:00:00:63:4D:0A,-60,127,3.0,4.0,1.5
1783351502475,2026-07-06 17:25:02.475,C3:00:00:63:4D:09,-59,127,3.0,4.0,1.5
1783351502551,2026-07-06 17:25:02.551,C3:00:00:63:4D:08,-54,127,3.0,4.0,1.5
1783351502569,2026-07-06 17:25:02.569,C3:00:00:63:4D:04,-55,127,3.0,4.0,1.5
1783351502575,2026-07-06 17:25:02.575,C3:00:00:63:4D:0A,-56,127,3.0,4.0,1.5
1783351502581,2026-07-06 17:25:02.581,C3:00:00:63:4D:0D,-64,127,3.0,4.0,1.5
1783351502587,2026-07-06 17:25:02.587,C3:00:00:63:4D:09,-60,127,3.0,4.0,1.5
1783351502596,2026-07-06 17:25:02.596,C3:00:00:63:4D:05,-67,127,3.0,4.0,1.5
1783351502600,2026-07-06 17:25:02.600,C3:00:00:63:4D:09,-61,127,3.0,4.0,1.5
1783351502613,2026-07-06 17:25:02.613,C3:00:00:63:4C:D2,-55,127,3.0,4.0,1.5
1783351502671,2026-07-06 17:25:02.671,C3:00:00:63:4D:08,-55,127,3.0,4.0,1.5
1783351502676,2026-07-06 17:25:02.676,C3:00:00:63:4D:04,-58,127,3.0,4.0,1.5
1783351502680,2026-07-06 17:25:02.680,C3:00:00:63:4D:0A,-69,127,3.0,4.0,1.5
1783351502698,2026-07-06 17:25:02.698,C3:00:00:63:4D:09,-54,127,3.0,4.0,1.5
1783351502702,2026-07-06 17:25:02.702,C3:00:00:63:4D:05,-55,127,3.0,4.0,1.5
1783351502719,2026-07-06 17:25:02.719,C3:00:00:63:4C:D2,-55,127,3.0,4.0,1.5
1783351502770,2026-07-06 17:25:02.770,C3:00:00:63:4D:04,-63,127,3.0,4.0,1.5
1783351502774,2026-07-06 17:25:02.774,C3:00:00:63:4D:07,-66,127,3.0,4.0,1.5
1783351502780,2026-07-06 17:25:02.780,C3:00:00:63:4D:08,-50,127,3.0,4.0,1.5
1783351502793,2026-07-06 17:25:02.793,C3:00:00:63:4D:0A,-61,127,3.0,4.0,1.5
1783351502800,2026-07-06 17:25:02.800,C3:00:00:63:4D:0D,-60,127,3.0,4.0,1.5
1783351502807,2026-07-06 17:25:02.807,C3:00:00:63:4D:05,-56,127,3.0,4.0,1.5
1783351502813,2026-07-06 17:25:02.813,C3:00:00:63:4D:09,-60,127,3.0,4.0,1.5
1783351502815,2026-07-06 17:25:02.815,C3:00:00:63:4D:0A,-57,127,3.0,4.0,1.5
1783351502823,2026-07-06 17:25:02.823,C3:00:00:63:4C:D2,-63,127,3.0,4.0,1.5
1783351502866,2026-07-06 17:25:02.866,C3:00:00:63:4D:07,-63,127,3.0,4.0,1.5
1783351502871,2026-07-06 17:25:02.871,C3:00:00:63:4D:04,-54,127,3.0,4.0,1.5
1783351502893,2026-07-06 17:25:02.893,C3:00:00:63:4D:0A,-58,127,3.0,4.0,1.5
1783351502899,2026-07-06 17:25:02.899,C3:00:00:63:4D:08,-57,127,3.0,4.0,1.5
1783351502904,2026-07-06 17:25:02.904,C3:00:00:63:4D:05,-67,127,3.0,4.0,1.5
1783351502906,2026-07-06 17:25:02.906,C3:00:00:63:4D:0D,-61,127,3.0,4.0,1.5
1783351502932,2026-07-06 17:25:02.932,C3:00:00:63:4D:09,-55,127,3.0,4.0,1.5
1783351502937,2026-07-06 17:25:02.937,C3:00:00:63:4C:D2,-56,127,3.0,4.0,1.5
1783351502952,2026-07-06 17:25:02.952,C3:00:00:63:4C:D2,-56,127,3.0,4.0,1.5
1783351502975,2026-07-06 17:25:02.975,C3:00:00:63:4D:04,-60,127,3.0,4.0,1.5
1783351502978,2026-07-06 17:25:02.978,C3:00:00:63:4C:D2,-63,127,3.0,4.0,1.5
1783351502982,2026-07-06 17:25:02.982,C3:00:00:63:4D:0D,-54,127,3.0,4.0,1.5
1783351502998,2026-07-06 17:25:02.998,C3:00:00:63:4D:0A,-73,127,3.0,4.0,1.5
1783351503005,2026-07-06 17:25:03.005,C3:00:00:63:4D:05,-58,127,3.0,4.0,1.5
1783351503011,2026-07-06 17:25:03.011,C3:00:00:63:4D:08,-52,127,3.0,4.0,1.5
1783351503020,2026-07-06 17:25:03.020,C3:00:00:63:4D:0D,-56,127,3.0,4.0,1.5
1783351503029,2026-07-06 17:25:03.029,C3:00:00:63:4D:05,-58,127,3.0,4.0,1.5
1783351503081,2026-07-06 17:25:03.081,C3:00:00:63:4D:04,-68,127,3.0,4.0,1.5
1783351503104,2026-07-06 17:25:03.104,C3:00:00:63:4D:0A,-62,127,3.0,4.0,1.5
1783351503111,2026-07-06 17:25:03.111,C3:00:00:63:4D:05,-74,127,3.0,4.0,1.5
1783351503123,2026-07-06 17:25:03.123,C3:00:00:63:4D:0D,-54,127,3.0,4.0,1.5
1783351503143,2026-07-06 17:25:03.143,C3:00:00:63:4C:D2,-64,127,3.0,4.0,1.5
1783351503148,2026-07-06 17:25:03.148,C3:00:00:63:4D:0A,-57,127,3.0,4.0,1.5
1783351503153,2026-07-06 17:25:03.153,C3:00:00:63:4D:09,-58,127,3.0,4.0,1.5
1783351503170,2026-07-06 17:25:03.170,C3:00:00:63:4D:07,-62,127,3.0,4.0,1.5
1783351503181,2026-07-06 17:25:03.181,C3:00:00:63:4D:04,-55,127,3.0,4.0,1.5
1783351503234,2026-07-06 17:25:03.234,C3:00:00:63:4D:0D,-52,127,3.0,4.0,1.5
1783351503247,2026-07-06 17:25:03.247,C3:00:00:63:4D:08,-58,127,3.0,4.0,1.5
1783351503255,2026-07-06 17:25:03.255,C3:00:00:63:4C:D2,-56,127,3.0,4.0,1.5
1783351503271,2026-07-06 17:25:03.271,C3:00:00:63:4D:07,-64,127,3.0,4.0,1.5
1783351503274,2026-07-06 17:25:03.274,C3:00:00:63:4D:09,-55,127,3.0,4.0,1.5
1783351503281,2026-07-06 17:25:03.281,C3:00:00:63:4D:04,-58,127,3.0,4.0,1.5
1783351503310,2026-07-06 17:25:03.310,C3:00:00:63:4D:05,-57,127,3.0,4.0,1.5
1783351503316,2026-07-06 17:25:03.316,C3:00:00:63:4D:0A,-67,127,3.0,4.0,1.5
1783351503336,2026-07-06 17:25:03.336,C3:00:00:63:4D:0D,-54,127,3.0,4.0,1.5
1783351503354,2026-07-06 17:25:03.354,C3:00:00:63:4D:07,-69,127,3.0,4.0,1.5
1783351503369,2026-07-06 17:25:03.369,C3:00:00:63:4D:08,-54,127,3.0,4.0,1.5
1783351503383,2026-07-06 17:25:03.383,C3:00:00:63:4D:07,-66,127,3.0,4.0,1.5
1783351503387,2026-07-06 17:25:03.387,C3:00:00:63:4D:09,-58,127,3.0,4.0,1.5
1783351503414,2026-07-06 17:25:03.414,C3:00:00:63:4D:0A,-57,127,3.0,4.0,1.5
1783351503435,2026-07-06 17:25:03.435,C3:00:00:63:4D:07,-61,127,3.0,4.0,1.5
1783351503445,2026-07-06 17:25:03.445,C3:00:00:63:4D:0D,-54,127,3.0,4.0,1.5
1783351503464,2026-07-06 17:25:03.464,C3:00:00:63:4C:D2,-68,127,3.0,4.0,1.5
1783351503466,2026-07-06 17:25:03.466,C3:00:00:63:4D:07,-60,127,3.0,4.0,1.5
1783351503470,2026-07-06 17:25:03.470,C3:00:00:63:4D:08,-53,127,3.0,4.0,1.5
1783351503473,2026-07-06 17:25:03.473,C3:00:00:63:4D:0D,-53,127,3.0,4.0,1.5
1783351503487,2026-07-06 17:25:03.487,C3:00:00:63:4D:04,-54,127,3.0,4.0,1.5
1783351503490,2026-07-06 17:25:03.490,C3:00:00:63:4D:08,-54,127,3.0,4.0,1.5
1783351503494,2026-07-06 17:25:03.494,C3:00:00:63:4D:0D,-60,127,3.0,4.0,1.5
1783351503499,2026-07-06 17:25:03.499,C3:00:00:63:4D:09,-58,127,3.0,4.0,1.5
1783351503504,2026-07-06 17:25:03.504,C3:00:00:63:4C:D2,-68,127,3.0,4.0,1.5
1783351503514,2026-07-06 17:25:03.514,C3:00:00:63:4D:05,-57,127,3.0,4.0,1.5
1783351503558,2026-07-06 17:25:03.558,C3:00:00:63:4D:0D,-49,127,3.0,4.0,1.5
1783351503563,2026-07-06 17:25:03.563,C3:00:00:63:4D:07,-65,127,3.0,4.0,1.5
1783351503579,2026-07-06 17:25:03.579,C3:00:00:63:4C:D2,-55,127,3.0,4.0,1.5
1783351503588,2026-07-06 17:25:03.588,C3:00:00:63:4D:08,-58,127,3.0,4.0,1.5
1783351503600,2026-07-06 17:25:03.600,C3:00:00:63:4D:04,-58,127,3.0,4.0,1.5
1783351503669,2026-07-06 17:25:03.669,C3:00:00:63:4D:0D,-51,127,3.0,4.0,1.5
1783351503674,2026-07-06 17:25:03.674,C3:00:00:63:4D:07,-63,127,3.0,4.0,1.5
1783351503680,2026-07-06 17:25:03.680,C3:00:00:63:4C:D2,-55,127,3.0,4.0,1.5
1783351503701,2026-07-06 17:25:03.701,C3:00:00:63:4D:04,-62,127,3.0,4.0,1.5
1783351503714,2026-07-06 17:25:03.714,C3:00:00:63:4D:08,-58,127,3.0,4.0,1.5
1783351503716,2026-07-06 17:25:03.716,C3:00:00:63:4D:05,-68,127,3.0,4.0,1.5
1783351503721,2026-07-06 17:25:03.721,C3:00:00:63:4D:09,-58,127,3.0,4.0,1.5
1783351503727,2026-07-06 17:25:03.727,C3:00:00:63:4D:0A,-56,127,3.0,4.0,1.5
1783351503769,2026-07-06 17:25:03.769,C3:00:00:63:4D:04,-58,127,3.0,4.0,1.5
1783351503779,2026-07-06 17:25:03.779,C3:00:00:63:4D:0D,-53,127,3.0,4.0,1.5
1783351503782,2026-07-06 17:25:03.782,C3:00:00:63:4C:D2,-72,127,3.0,4.0,1.5
1783351503790,2026-07-06 17:25:03.790,C3:00:00:63:4D:09,-67,127,3.0,4.0,1.5
1783351503831,2026-07-06 17:25:03.831,C3:00:00:63:4D:0A,-66,127,3.0,4.0,1.5
1783351503838,2026-07-06 17:25:03.838,C3:00:00:63:4D:09,-57,127,3.0,4.0,1.5
1783351503865,2026-07-06 17:25:03.865,C3:00:00:63:4D:07,-75,127,3.0,4.0,1.5
1783351503882,2026-07-06 17:25:03.882,C3:00:00:63:4D:0D,-54,127,3.0,4.0,1.5
1783351503889,2026-07-06 17:25:03.889,C3:00:00:63:4C:D2,-54,127,3.0,4.0,1.5
1783351503899,2026-07-06 17:25:03.899,C3:00:00:63:4D:04,-55,127,3.0,4.0,1.5
1783351503905,2026-07-06 17:25:03.905,C3:00:00:63:4D:05,-58,127,3.0,4.0,1.5
1783351503933,2026-07-06 17:25:03.933,C3:00:00:63:4D:05,-55,127,3.0,4.0,1.5
1783351503936,2026-07-06 17:25:03.936,C3:00:00:63:4D:08,-55,127,3.0,4.0,1.5
1783351503959,2026-07-06 17:25:03.959,C3:00:00:63:4D:09,-60,127,3.0,4.0,1.5
1783351503971,2026-07-06 17:25:03.971,C3:00:00:63:4D:07,-63,127,3.0,4.0,1.5
1783351503990,2026-07-06 17:25:03.990,C3:00:00:63:4D:0D,-64,127,3.0,4.0,1.5
1783351503996,2026-07-06 17:25:03.996,C3:00:00:63:4C:D2,-55,127,3.0,4.0,1.5
1783351504007,2026-07-06 17:25:04.007,C3:00:00:63:4D:04,-60,127,3.0,4.0,1.5
1783351504013,2026-07-06 17:25:04.013,C3:00:00:63:4D:09,-60,127,3.0,4.0,1.5
1783351504015,2026-07-06 17:25:04.015,C3:00:00:63:4D:05,-65,127,3.0,4.0,1.5
1783351504040,2026-07-06 17:25:04.040,C3:00:00:63:4D:0A,-56,127,3.0,4.0,1.5
1783351504044,2026-07-06 17:25:04.044,C3:00:00:63:4D:08,-63,127,3.0,4.0,1.5
1783351504072,2026-07-06 17:25:04.072,C3:00:00:63:4D:07,-72,127,3.0,4.0,1.5
1783351504075,2026-07-06 17:25:04.075,C3:00:00:63:4D:09,-60,127,3.0,4.0,1.5
1783351504093,2026-07-06 17:25:04.093,C3:00:00:63:4D:0D,-56,127,3.0,4.0,1.5
1783351504106,2026-07-06 17:25:04.106,C3:00:00:63:4D:04,-55,127,3.0,4.0,1.5
1783351504157,2026-07-06 17:25:04.157,C3:00:00:63:4D:0A,-73,127,3.0,4.0,1.5
1783351504162,2026-07-06 17:25:04.162,C3:00:00:63:4D:04,-59,127,3.0,4.0,1.5
1783351504184,2026-07-06 17:25:04.184,C3:00:00:63:4D:09,-55,127,3.0,4.0,1.5
1783351504203,2026-07-06 17:25:04.203,C3:00:00:63:4D:0D,-52,127,3.0,4.0,1.5
1783351504205,2026-07-06 17:25:04.205,C3:00:00:63:4C:D2,-56,127,3.0,4.0,1.5
1783351504212,2026-07-06 17:25:04.212,C3:00:00:63:4D:04,-60,127,3.0,4.0,1.5
1783351504223,2026-07-06 17:25:04.223,C3:00:00:63:4D:05,-56,127,3.0,4.0,1.5
1783351504259,2026-07-06 17:25:04.259,C3:00:00:63:4D:0A,-62,127,3.0,4.0,1.5
1783351504271,2026-07-06 17:25:04.271,C3:00:00:63:4D:07,-60,127,3.0,4.0,1.5
1783351504287,2026-07-06 17:25:04.287,C3:00:00:63:4D:08,-55,127,3.0,4.0,1.5
1783351504297,2026-07-06 17:25:04.297,C3:00:00:63:4D:09,-55,127,3.0,4.0,1.5
1783351504312,2026-07-06 17:25:04.312,C3:00:00:63:4D:04,-56,127,3.0,4.0,1.5
1783351504315,2026-07-06 17:25:04.315,C3:00:00:63:4C:D2,-60,127,3.0,4.0,1.5
1783351504322,2026-07-06 17:25:04.322,C3:00:00:63:4D:05,-71,127,3.0,4.0,1.5
1783351504359,2026-07-06 17:25:04.359,C3:00:00:63:4D:0A,-58,127,3.0,4.0,1.5
1783351504370,2026-07-06 17:25:04.370,C3:00:00:63:4D:07,-67,127,3.0,4.0,1.5
1783351504393,2026-07-06 17:25:04.393,C3:00:00:63:4D:08,-60,127,3.0,4.0,1.5
1783351504419,2026-07-06 17:25:04.419,C3:00:00:63:4D:08,-59,127,3.0,4.0,1.5
1783351504424,2026-07-06 17:25:04.424,C3:00:00:63:4D:09,-58,127,3.0,4.0,1.5
1783351504427,2026-07-06 17:25:04.427,C3:00:00:63:4D:04,-59,127,3.0,4.0,1.5
1783351504431,2026-07-06 17:25:04.431,C3:00:00:63:4D:0D,-56,127,3.0,4.0,1.5
1783351504459,2026-07-06 17:25:04.459,C3:00:00:63:4D:0A,-68,127,3.0,4.0,1.5
1783351504469,2026-07-06 17:25:04.469,C3:00:00:63:4D:07,-60,127,3.0,4.0,1.5
1783351504507,2026-07-06 17:25:04.507,C3:00:00:63:4D:08,-60,127,3.0,4.0,1.5
1783351504525,2026-07-06 17:25:04.525,C3:00:00:63:4D:09,-50,127,3.0,4.0,1.5
1783351504530,2026-07-06 17:25:04.530,C3:00:00:63:4D:0D,-54,127,3.0,4.0,1.5
1783351504590,2026-07-06 17:25:04.590,C3:00:00:63:4D:09,-55,127,3.0,4.0,1.5
1783351504612,2026-07-06 17:25:04.612,C3:00:00:63:4D:0D,-51,127,3.0,4.0,1.5
1783351504617,2026-07-06 17:25:04.617,C3:00:00:63:4D:08,-53,127,3.0,4.0,1.5
1783351504622,2026-07-06 17:25:04.622,C3:00:00:63:4D:05,-65,127,3.0,4.0,1.5
1783351504629,2026-07-06 17:25:04.629,C3:00:00:63:4D:04,-63,127,3.0,4.0,1.5
1783351504632,2026-07-06 17:25:04.632,C3:00:00:63:4C:D2,-58,127,3.0,4.0,1.5
1783351504637,2026-07-06 17:25:04.637,C3:00:00:63:4D:0D,-51,127,3.0,4.0,1.5
1783351504643,2026-07-06 17:25:04.643,C3:00:00:63:4D:09,-60,127,3.0,4.0,1.5
1783351504672,2026-07-06 17:25:04.672,C3:00:00:63:4D:07,-62,127,3.0,4.0,1.5
1783351504674,2026-07-06 17:25:04.674,C3:00:00:63:4D:0A,-56,127,3.0,4.0,1.5
1783351504686,2026-07-06 17:25:04.686,C3:00:00:63:4D:04,-66,127,3.0,4.0,1.5
1783351504712,2026-07-06 17:25:04.712,C3:00:00:63:4D:04,-76,127,3.0,4.0,1.5
1783351504731,2026-07-06 17:25:04.731,C3:00:00:63:4D:04,-67,127,3.0,4.0,1.5
1783351504745,2026-07-06 17:25:04.745,C3:00:00:63:4D:08,-58,127,3.0,4.0,1.5
1783351504748,2026-07-06 17:25:04.748,C3:00:00:63:4C:D2,-54,127,3.0,4.0,1.5
1783351504751,2026-07-06 17:25:04.751,C3:00:00:63:4D:09,-58,127,3.0,4.0,1.5
1783351504768,2026-07-06 17:25:04.768,C3:00:00:63:4D:07,-57,127,3.0,4.0,1.5
1783351504779,2026-07-06 17:25:04.779,C3:00:00:63:4D:0A,-69,127,3.0,4.0,1.5
1783351504825,2026-07-06 17:25:04.825,C3:00:00:63:4D:05,-53,127,3.0,4.0,1.5
1783351504832,2026-07-06 17:25:04.832,C3:00:00:63:4D:04,-61,127,3.0,4.0,1.5
1783351504846,2026-07-06 17:25:04.846,C3:00:00:63:4C:D2,-59,127,3.0,4.0,1.5
1783351504850,2026-07-06 17:25:04.850,C3:00:00:63:4D:0D,-57,127,3.0,4.0,1.5
1783351504855,2026-07-06 17:25:04.855,C3:00:00:63:4D:08,-53,127,3.0,4.0,1.5
1783351504869,2026-07-06 17:25:04.869,C3:00:00:63:4D:09,-66,127,3.0,4.0,1.5
1783351504872,2026-07-06 17:25:04.872,C3:00:00:63:4D:07,-71,127,3.0,4.0,1.5
1783351504950,2026-07-06 17:25:04.950,C3:00:00:63:4C:D2,-66,127,3.0,4.0,1.5
1783351504960,2026-07-06 17:25:04.960,C3:00:00:63:4D:0D,-53,127,3.0,4.0,1.5
1783351504980,2026-07-06 17:25:04.980,C3:00:00:63:4D:09,-63,127,3.0,4.0,1.5
1783351504983,2026-07-06 17:25:04.983,C3:00:00:63:4D:0D,-51,127,3.0,4.0,1.5
1783351504985,2026-07-06 17:25:04.985,C3:00:00:63:4D:0A,-54,127,3.0,4.0,1.5
1783351505024,2026-07-06 17:25:05.024,C3:00:00:63:4D:05,-54,127,3.0,4.0,1.5
1783351505038,2026-07-06 17:25:05.038,C3:00:00:63:4D:04,-61,127,3.0,4.0,1.5
1783351505046,2026-07-06 17:25:05.046,C3:00:00:63:4D:05,-54,127,3.0,4.0,1.5
1783351505055,2026-07-06 17:25:05.055,C3:00:00:63:4C:D2,-54,127,3.0,4.0,1.5
1783351505063,2026-07-06 17:25:05.063,C3:00:00:63:4D:07,-60,127,3.0,4.0,1.5
1783351505069,2026-07-06 17:25:05.069,C3:00:00:63:4D:0D,-49,127,3.0,4.0,1.5
1783351505091,2026-07-06 17:25:05.091,C3:00:00:63:4D:09,-70,127,3.0,4.0,1.5
1783351505137,2026-07-06 17:25:05.137,C3:00:00:63:4D:0A,-67,127,3.0,4.0,1.5
1783351505168,2026-07-06 17:25:05.168,C3:00:00:63:4D:07,-64,127,3.0,4.0,1.5
1783351505178,2026-07-06 17:25:05.178,C3:00:00:63:4D:0D,-54,127,3.0,4.0,1.5
1783351505198,2026-07-06 17:25:05.198,C3:00:00:63:4D:08,-52,127,3.0,4.0,1.5
1783351505213,2026-07-06 17:25:05.213,C3:00:00:63:4D:09,-58,127,3.0,4.0,1.5
1783351505239,2026-07-06 17:25:05.239,C3:00:00:63:4D:04,-55,127,3.0,4.0,1.5
1783351505271,2026-07-06 17:25:05.271,C3:00:00:63:4C:D2,-66,127,3.0,4.0,1.5
1783351505278,2026-07-06 17:25:05.278,C3:00:00:63:4D:0D,-52,127,3.0,4.0,1.5
1783351505317,2026-07-06 17:25:05.317,C3:00:00:63:4D:08,-62,127,3.0,4.0,1.5
1783351505322,2026-07-06 17:25:05.322,C3:00:00:63:4D:09,-62,127,3.0,4.0,1.5
1783351505338,2026-07-06 17:25:05.338,C3:00:00:63:4D:05,-59,127,3.0,4.0,1.5
1783351505343,2026-07-06 17:25:05.343,C3:00:00:63:4D:04,-56,127,3.0,4.0,1.5
1783351505365,2026-07-06 17:25:05.365,C3:00:00:63:4D:07,-63,127,3.0,4.0,1.5
1783351505380,2026-07-06 17:25:05.380,C3:00:00:63:4C:D2,-57,127,3.0,4.0,1.5
1783351505396,2026-07-06 17:25:05.396,C3:00:00:63:4D:0D,-49,127,3.0,4.0,1.5
1783351505410,2026-07-06 17:25:05.410,C3:00:00:63:4D:0A,-59,127,3.0,4.0,1.5
1783351505431,2026-07-06 17:25:05.431,C3:00:00:63:4D:05,-56,127,3.0,4.0,1.5
1783351505434,2026-07-06 17:25:05.434,C3:00:00:63:4D:08,-49,127,3.0,4.0,1.5
1783351505439,2026-07-06 17:25:05.439,C3:00:00:63:4D:09,-62,127,3.0,4.0,1.5
1783351505448,2026-07-06 17:25:05.448,C3:00:00:63:4D:04,-61,127,3.0,4.0,1.5
1783351505465,2026-07-06 17:25:05.465,C3:00:00:63:4D:07,-61,127,3.0,4.0,1.5
1783351505481,2026-07-06 17:25:05.481,C3:00:00:63:4C:D2,-62,127,3.0,4.0,1.5
1783351505484,2026-07-06 17:25:05.484,C3:00:00:63:4D:08,-49,127,3.0,4.0,1.5
1783351505512,2026-07-06 17:25:05.512,C3:00:00:63:4D:09,-69,127,3.0,4.0,1.5
1783351505520,2026-07-06 17:25:05.520,C3:00:00:63:4D:0A,-57,127,3.0,4.0,1.5
1783351505528,2026-07-06 17:25:05.528,C3:00:00:63:4C:D2,-69,127,3.0,4.0,1.5
1783351505561,2026-07-06 17:25:05.561,C3:00:00:63:4D:08,-52,127,3.0,4.0,1.5
1783351505564,2026-07-06 17:25:05.564,C3:00:00:63:4D:07,-62,127,3.0,4.0,1.5
1783351505579,2026-07-06 17:25:05.579,C3:00:00:63:4D:05,-64,127,3.0,4.0,1.5
1783351505584,2026-07-06 17:25:05.584,C3:00:00:63:4C:D2,-68,127,3.0,4.0,1.5
1783351505610,2026-07-06 17:25:05.610,C3:00:00:63:4D:0D,-52,127,3.0,4.0,1.5
1783351505615,2026-07-06 17:25:05.615,C3:00:00:63:4D:0A,-61,127,3.0,4.0,1.5
1783351505635,2026-07-06 17:25:05.635,C3:00:00:63:4D:05,-54,127,3.0,4.0,1.5
1783351505654,2026-07-06 17:25:05.654,C3:00:00:63:4D:04,-57,127,3.0,4.0,1.5
1783351505660,2026-07-06 17:25:05.660,C3:00:00:63:4D:08,-58,127,3.0,4.0,1.5
1783351505699,2026-07-06 17:25:05.699,C3:00:00:63:4C:D2,-60,127,3.0,4.0,1.5
1783351505718,2026-07-06 17:25:05.718,C3:00:00:63:4D:0D,-55,127,3.0,4.0,1.5
1783351505741,2026-07-06 17:25:05.741,C3:00:00:63:4D:05,-59,127,3.0,4.0,1.5
1783351505756,2026-07-06 17:25:05.756,C3:00:00:63:4D:04,-60,127,3.0,4.0,1.5
1783351505767,2026-07-06 17:25:05.767,C3:00:00:63:4D:07,-74,127,3.0,4.0,1.5
1783351505773,2026-07-06 17:25:05.773,C3:00:00:63:4D:08,-52,127,3.0,4.0,1.5
1783351505777,2026-07-06 17:25:05.777,C3:00:00:63:4D:09,-54,127,3.0,4.0,1.5
1783351505794,2026-07-06 17:25:05.794,C3:00:00:63:4C:D2,-63,127,3.0,4.0,1.5
1783351505819,2026-07-06 17:25:05.819,C3:00:00:63:4D:0D,-53,127,3.0,4.0,1.5
1783351505826,2026-07-06 17:25:05.826,C3:00:00:63:4D:0A,-56,127,3.0,4.0,1.5
1783351505838,2026-07-06 17:25:05.838,C3:00:00:63:4D:05,-72,127,3.0,4.0,1.5
1783351505861,2026-07-06 17:25:05.861,C3:00:00:63:4D:04,-57,127,3.0,4.0,1.5
1783351505866,2026-07-06 17:25:05.866,C3:00:00:63:4D:07,-64,127,3.0,4.0,1.5
1783351505890,2026-07-06 17:25:05.890,C3:00:00:63:4D:08,-58,127,3.0,4.0,1.5
1783351505894,2026-07-06 17:25:05.894,C3:00:00:63:4D:09,-62,127,3.0,4.0,1.5
1783351505900,2026-07-06 17:25:05.900,C3:00:00:63:4C:D2,-74,127,3.0,4.0,1.5
1783351505909,2026-07-06 17:25:05.909,C3:00:00:63:4D:05,-58,127,3.0,4.0,1.5
1783351505931,2026-07-06 17:25:05.931,C3:00:00:63:4D:0A,-71,127,3.0,4.0,1.5
1783351505935,2026-07-06 17:25:05.935,C3:00:00:63:4D:0D,-49,127,3.0,4.0,1.5
1783351505965,2026-07-06 17:25:05.965,C3:00:00:63:4D:04,-54,127,3.0,4.0,1.5
1783351505968,2026-07-06 17:25:05.968,C3:00:00:63:4D:07,-61,127,3.0,4.0,1.5
1783351506001,2026-07-06 17:25:06.001,C3:00:00:63:4D:08,-56,127,3.0,4.0,1.5
1783351506008,2026-07-06 17:25:06.008,C3:00:00:63:4C:D2,-58,127,3.0,4.0,1.5
1783351506013,2026-07-06 17:25:06.013,C3:00:00:63:4D:09,-60,127,3.0,4.0,1.5
1783351506041,2026-07-06 17:25:06.041,C3:00:00:63:4D:0D,-63,127,3.0,4.0,1.5
1783351506074,2026-07-06 17:25:06.074,C3:00:00:63:4D:04,-61,127,3.0,4.0,1.5
1783351506122,2026-07-06 17:25:06.122,C3:00:00:63:4D:09,-63,127,3.0,4.0,1.5
1783351506141,2026-07-06 17:25:06.141,C3:00:00:63:4C:D2,-69,127,3.0,4.0,1.5
1783351506146,2026-07-06 17:25:06.146,C3:00:00:63:4D:05,-59,127,3.0,4.0,1.5
1783351506234,2026-07-06 17:25:06.234,C3:00:00:63:4D:08,-66,127,3.0,4.0,1.5
1783351506239,2026-07-06 17:25:06.239,C3:00:00:63:4D:09,-54,127,3.0,4.0,1.5
1783351506254,2026-07-06 17:25:06.254,C3:00:00:63:4D:0A,-63,127,3.0,4.0,1.5
1783351506258,2026-07-06 17:25:06.258,C3:00:00:63:4D:0D,-50,127,3.0,4.0,1.5
1783351506273,2026-07-06 17:25:06.273,C3:00:00:63:4D:04,-54,127,3.0,4.0,1.5
1783351506334,2026-07-06 17:25:06.334,C3:00:00:63:4C:D2,-56,127,3.0,4.0,1.5
1783351506344,2026-07-06 17:25:06.344,C3:00:00:63:4D:05,-62,127,3.0,4.0,1.5
1783351506356,2026-07-06 17:25:06.356,C3:00:00:63:4D:09,-55,127,3.0,4.0,1.5
1783351506362,2026-07-06 17:25:06.362,C3:00:00:63:4D:08,-54,127,3.0,4.0,1.5
1783351506367,2026-07-06 17:25:06.367,C3:00:00:63:4D:0A,-55,127,3.0,4.0,1.5
1783351506372,2026-07-06 17:25:06.372,C3:00:00:63:4D:0D,-56,127,3.0,4.0,1.5
1783351506374,2026-07-06 17:25:06.374,C3:00:00:63:4D:07,-62,127,3.0,4.0,1.5
1783351506379,2026-07-06 17:25:06.379,C3:00:00:63:4D:04,-62,127,3.0,4.0,1.5
1783351506385,2026-07-06 17:25:06.385,C3:00:00:63:4D:0A,-66,127,3.0,4.0,1.5
1783351506389,2026-07-06 17:25:06.389,C3:00:00:63:4D:08,-52,127,3.0,4.0,1.5
1783351506434,2026-07-06 17:25:06.434,C3:00:00:63:4C:D2,-67,127,3.0,4.0,1.5
1783351506453,2026-07-06 17:25:06.453,C3:00:00:63:4D:05,-60,127,3.0,4.0,1.5
1783351506460,2026-07-06 17:25:06.460,C3:00:00:63:4D:0A,-59,127,3.0,4.0,1.5
1783351506470,2026-07-06 17:25:06.470,C3:00:00:63:4D:07,-65,127,3.0,4.0,1.5
1783351506542,2026-07-06 17:25:06.542,C3:00:00:63:4C:D2,-58,127,3.0,4.0,1.5
1783351506567,2026-07-06 17:25:06.567,C3:00:00:63:4D:0A,-69,127,3.0,4.0,1.5
1783351506572,2026-07-06 17:25:06.572,C3:00:00:63:4D:07,-62,127,3.0,4.0,1.5
1783351506578,2026-07-06 17:25:06.578,C3:00:00:63:4D:09,-56,127,3.0,4.0,1.5
1783351506600,2026-07-06 17:25:06.600,C3:00:00:63:4D:09,-57,127,3.0,4.0,1.5
1783351506646,2026-07-06 17:25:06.646,C3:00:00:63:4C:D2,-57,127,3.0,4.0,1.5
1783351506650,2026-07-06 17:25:06.650,C3:00:00:63:4D:05,-56,127,3.0,4.0,1.5
1783351506674,2026-07-06 17:25:06.674,C3:00:00:63:4D:0A,-58,127,3.0,4.0,1.5
1783351506678,2026-07-06 17:25:06.678,C3:00:00:63:4D:07,-62,127,3.0,4.0,1.5
1783351506684,2026-07-06 17:25:06.684,C3:00:00:63:4D:04,-59,127,3.0,4.0,1.5
1783351506694,2026-07-06 17:25:06.694,C3:00:00:63:4D:0D,-55,127,3.0,4.0,1.5
1783351506696,2026-07-06 17:25:06.696,C3:00:00:63:4D:08,-50,127,3.0,4.0,1.5
1783351506698,2026-07-06 17:25:06.698,C3:00:00:63:4D:09,-58,127,3.0,4.0,1.5
1783351506702,2026-07-06 17:25:06.702,C3:00:00:63:4D:04,-59,127,3.0,4.0,1.5
1783351506746,2026-07-06 17:25:06.746,C3:00:00:63:4D:05,-58,127,3.0,4.0,1.5
1783351506765,2026-07-06 17:25:06.765,C3:00:00:63:4C:D2,-86,127,3.0,4.0,1.5
1783351506770,2026-07-06 17:25:06.770,C3:00:00:63:4D:07,-62,127,3.0,4.0,1.5
1783351506774,2026-07-06 17:25:06.774,C3:00:00:63:4D:0A,-58,127,3.0,4.0,1.5
1783351506810,2026-07-06 17:25:06.810,C3:00:00:63:4D:08,-55,127,3.0,4.0,1.5
1783351506829,2026-07-06 17:25:06.829,C3:00:00:63:4D:0A,-62,127,3.0,4.0,1.5
1783351506849,2026-07-06 17:25:06.849,C3:00:00:63:4D:05,-65,127,3.0,4.0,1.5
1783351506854,2026-07-06 17:25:06.854,C3:00:00:63:4C:D2,-58,127,3.0,4.0,1.5
1783351506870,2026-07-06 17:25:06.870,C3:00:00:63:4D:07,-60,127,3.0,4.0,1.5
1783351506876,2026-07-06 17:25:06.876,C3:00:00:63:4D:0A,-68,127,3.0,4.0,1.5
1783351506885,2026-07-06 17:25:06.885,C3:00:00:63:4D:04,-56,127,3.0,4.0,1.5
1783351506907,2026-07-06 17:25:06.907,C3:00:00:63:4D:0D,-50,127,3.0,4.0,1.5
1783351506919,2026-07-06 17:25:06.919,C3:00:00:63:4D:09,-57,127,3.0,4.0,1.5
1783351506928,2026-07-06 17:25:06.928,C3:00:00:63:4D:08,-51,127,3.0,4.0,1.5
1783351506951,2026-07-06 17:25:06.951,C3:00:00:63:4C:D2,-58,127,3.0,4.0,1.5
1783351506954,2026-07-06 17:25:06.954,C3:00:00:63:4D:05,-58,127,3.0,4.0,1.5
1783351506989,2026-07-06 17:25:06.989,C3:00:00:63:4D:0A,-56,127,3.0,4.0,1.5
1783351506992,2026-07-06 17:25:06.992,C3:00:00:63:4C:D2,-64,127,3.0,4.0,1.5
1783351506997,2026-07-06 17:25:06.997,C3:00:00:63:4D:0D,-56,127,3.0,4.0,1.5
1783351507000,2026-07-06 17:25:07.000,C3:00:00:63:4D:04,-61,127,3.0,4.0,1.5
1783351507009,2026-07-06 17:25:07.009,C3:00:00:63:4D:0D,-56,127,3.0,4.0,1.5
1783351507033,2026-07-06 17:25:07.033,C3:00:00:63:4D:09,-61,127,3.0,4.0,1.5
1783351507038,2026-07-06 17:25:07.038,C3:00:00:63:4D:08,-53,127,3.0,4.0,1.5
1783351507042,2026-07-06 17:25:07.042,C3:00:00:63:4D:05,-56,127,3.0,4.0,1.5
1783351507066,2026-07-06 17:25:07.066,C3:00:00:63:4D:05,-56,127,3.0,4.0,1.5
1783351507071,2026-07-06 17:25:07.071,C3:00:00:63:4D:07,-62,127,3.0,4.0,1.5
1783351507077,2026-07-06 17:25:07.077,C3:00:00:63:4C:D2,-61,127,3.0,4.0,1.5
1783351507086,2026-07-06 17:25:07.086,C3:00:00:63:4D:0A,-55,127,3.0,4.0,1.5
1783351507092,2026-07-06 17:25:07.092,C3:00:00:63:4D:04,-56,127,3.0,4.0,1.5
1783351507117,2026-07-06 17:25:07.117,C3:00:00:63:4D:0D,-50,127,3.0,4.0,1.5
1783351507135,2026-07-06 17:25:07.135,C3:00:00:63:4D:0A,-68,127,3.0,4.0,1.5
1783351507152,2026-07-06 17:25:07.152,C3:00:00:63:4D:09,-55,127,3.0,4.0,1.5
1783351507157,2026-07-06 17:25:07.157,C3:00:00:63:4D:05,-71,127,3.0,4.0,1.5
1783351507161,2026-07-06 17:25:07.161,C3:00:00:63:4D:0A,-72,127,3.0,4.0,1.5
1783351507175,2026-07-06 17:25:07.175,C3:00:00:63:4C:D2,-55,127,3.0,4.0,1.5
1783351507191,2026-07-06 17:25:07.191,C3:00:00:63:4D:0A,-78,127,3.0,4.0,1.5
1783351507200,2026-07-06 17:25:07.200,C3:00:00:63:4D:04,-54,127,3.0,4.0,1.5
1783351507225,2026-07-06 17:25:07.225,C3:00:00:63:4D:0D,-56,127,3.0,4.0,1.5
1783351507251,2026-07-06 17:25:07.251,C3:00:00:63:4D:05,-60,127,3.0,4.0,1.5
1783351507259,2026-07-06 17:25:07.259,C3:00:00:63:4D:09,-55,127,3.0,4.0,1.5
1783351507273,2026-07-06 17:25:07.273,C3:00:00:63:4D:08,-50,127,3.0,4.0,1.5
1783351507276,2026-07-06 17:25:07.276,C3:00:00:63:4D:07,-70,127,3.0,4.0,1.5
1783351507281,2026-07-06 17:25:07.281,C3:00:00:63:4C:D2,-55,127,3.0,4.0,1.5
1783351507297,2026-07-06 17:25:07.297,C3:00:00:63:4D:0A,-57,127,3.0,4.0,1.5
1783351507302,2026-07-06 17:25:07.302,C3:00:00:63:4D:04,-66,127,3.0,4.0,1.5
1783351507365,2026-07-06 17:25:07.365,C3:00:00:63:4D:07,-66,127,3.0,4.0,1.5
1783351507373,2026-07-06 17:25:07.373,C3:00:00:63:4D:09,-66,127,3.0,4.0,1.5
1783351507388,2026-07-06 17:25:07.388,C3:00:00:63:4D:08,-54,127,3.0,4.0,1.5
1783351507394,2026-07-06 17:25:07.394,C3:00:00:63:4D:07,-66,127,3.0,4.0,1.5
1783351507470,2026-07-06 17:25:07.470,C3:00:00:63:4D:0D,-50,127,3.0,4.0,1.5
1783351507477,2026-07-06 17:25:07.477,C3:00:00:63:4D:07,-63,127,3.0,4.0,1.5
1783351507491,2026-07-06 17:25:07.491,C3:00:00:63:4D:0D,-58,127,3.0,4.0,1.5
1783351507495,2026-07-06 17:25:07.495,C3:00:00:63:4D:08,-58,127,3.0,4.0,1.5
1783351507502,2026-07-06 17:25:07.502,C3:00:00:63:4D:09,-56,127,3.0,4.0,1.5
1783351507504,2026-07-06 17:25:07.504,C3:00:00:63:4C:D2,-55,127,3.0,4.0,1.5
1783351507511,2026-07-06 17:25:07.511,C3:00:00:63:4D:04,-57,127,3.0,4.0,1.5
1783351507516,2026-07-06 17:25:07.516,C3:00:00:63:4D:0A,-60,127,3.0,4.0,1.5
1783351507520,2026-07-06 17:25:07.520,C3:00:00:63:4D:09,-60,127,3.0,4.0,1.5
1783351507538,2026-07-06 17:25:07.538,C3:00:00:63:4C:D2,-57,127,3.0,4.0,1.5
1783351507551,2026-07-06 17:25:07.551,C3:00:00:63:4D:0D,-58,127,3.0,4.0,1.5
1783351507556,2026-07-06 17:25:07.556,C3:00:00:63:4D:05,-61,127,3.0,4.0,1.5
1783351507566,2026-07-06 17:25:07.566,C3:00:00:63:4D:07,-65,127,3.0,4.0,1.5
1783351507600,2026-07-06 17:25:07.600,C3:00:00:63:4C:D2,-58,127,3.0,4.0,1.5
1783351507605,2026-07-06 17:25:07.605,C3:00:00:63:4D:09,-56,127,3.0,4.0,1.5
1783351507620,2026-07-06 17:25:07.620,C3:00:00:63:4D:04,-55,127,3.0,4.0,1.5
1783351507634,2026-07-06 17:25:07.634,C3:00:00:63:4D:08,-53,127,3.0,4.0,1.5
1783351507657,2026-07-06 17:25:07.657,C3:00:00:63:4D:05,-63,127,3.0,4.0,1.5
1783351507662,2026-07-06 17:25:07.662,C3:00:00:63:4D:0D,-54,127,3.0,4.0,1.5
1783351507667,2026-07-06 17:25:07.667,C3:00:00:63:4D:07,-63,127,3.0,4.0,1.5
1783351507712,2026-07-06 17:25:07.712,C3:00:00:63:4C:D2,-68,127,3.0,4.0,1.5
1783351507716,2026-07-06 17:25:07.716,C3:00:00:63:4D:04,-55,127,3.0,4.0,1.5
1783351507721,2026-07-06 17:25:07.721,C3:00:00:63:4D:09,-54,127,3.0,4.0,1.5
1783351507732,2026-07-06 17:25:07.732,C3:00:00:63:4D:08,-64,127,3.0,4.0,1.5
1783351507754,2026-07-06 17:25:07.754,C3:00:00:63:4D:05,-58,127,3.0,4.0,1.5
1783351507759,2026-07-06 17:25:07.759,C3:00:00:63:4D:07,-64,127,3.0,4.0,1.5
1783351507768,2026-07-06 17:25:07.768,C3:00:00:63:4D:04,-55,127,3.0,4.0,1.5
1783351507803,2026-07-06 17:25:07.803,C3:00:00:63:4D:09,-63,127,3.0,4.0,1.5
1783351507811,2026-07-06 17:25:07.811,C3:00:00:63:4C:D2,-63,127,3.0,4.0,1.5
1783351507818,2026-07-06 17:25:07.818,C3:00:00:63:4D:04,-63,127,3.0,4.0,1.5
1783351507827,2026-07-06 17:25:07.827,C3:00:00:63:4D:0A,-62,127,3.0,4.0,1.5
1783351507833,2026-07-06 17:25:07.833,C3:00:00:63:4D:09,-58,127,3.0,4.0,1.5
1783351507847,2026-07-06 17:25:07.847,C3:00:00:63:4D:08,-50,127,3.0,4.0,1.5
1783351507852,2026-07-06 17:25:07.852,C3:00:00:63:4D:05,-60,127,3.0,4.0,1.5
1783351507869,2026-07-06 17:25:07.869,C3:00:00:63:4D:07,-62,127,3.0,4.0,1.5
1783351507923,2026-07-06 17:25:07.923,C3:00:00:63:4D:05,-74,127,3.0,4.0,1.5
1783351507926,2026-07-06 17:25:07.926,C3:00:00:63:4C:D2,-68,127,3.0,4.0,1.5
1783351507953,2026-07-06 17:25:07.953,C3:00:00:63:4D:08,-54,127,3.0,4.0,1.5
1783351507957,2026-07-06 17:25:07.957,C3:00:00:63:4D:05,-66,127,3.0,4.0,1.5
1783351507964,2026-07-06 17:25:07.964,C3:00:00:63:4D:07,-65,127,3.0,4.0,1.5
1783351507978,2026-07-06 17:25:07.978,C3:00:00:63:4D:0D,-54,127,3.0,4.0,1.5
1783351508019,2026-07-06 17:25:08.019,C3:00:00:63:4D:09,-56,127,3.0,4.0,1.5
1783351508025,2026-07-06 17:25:08.025,C3:00:00:63:4D:04,-59,127,3.0,4.0,1.5
1783351508031,2026-07-06 17:25:08.031,C3:00:00:63:4C:D2,-61,127,3.0,4.0,1.5
1783351508042,2026-07-06 17:25:08.042,C3:00:00:63:4D:0A,-69,127,3.0,4.0,1.5
1783351508058,2026-07-06 17:25:08.058,C3:00:00:63:4D:09,-58,127,3.0,4.0,1.5
1783351508061,2026-07-06 17:25:08.061,C3:00:00:63:4D:05,-55,127,3.0,4.0,1.5
1783351508073,2026-07-06 17:25:08.073,C3:00:00:63:4D:08,-56,127,3.0,4.0,1.5
1783351508087,2026-07-06 17:25:08.087,C3:00:00:63:4D:0D,-54,127,3.0,4.0,1.5
1783351508130,2026-07-06 17:25:08.130,C3:00:00:63:4D:04,-60,127,3.0,4.0,1.5
1783351508133,2026-07-06 17:25:08.133,C3:00:00:63:4C:D2,-77,127,3.0,4.0,1.5
1783351508158,2026-07-06 17:25:08.158,C3:00:00:63:4D:05,-52,127,3.0,4.0,1.5
1783351508167,2026-07-06 17:25:08.167,C3:00:00:63:4D:07,-72,127,3.0,4.0,1.5
1783351508190,2026-07-06 17:25:08.190,C3:00:00:63:4D:08,-52,127,3.0,4.0,1.5
1783351508200,2026-07-06 17:25:08.200,C3:00:00:63:4D:0D,-62,127,3.0,4.0,1.5
1783351508229,2026-07-06 17:25:08.229,C3:00:00:63:4D:04,-54,127,3.0,4.0,1.5
1783351508234,2026-07-06 17:25:08.234,C3:00:00:63:4C:D2,-69,127,3.0,4.0,1.5
1783351508242,2026-07-06 17:25:08.242,C3:00:00:63:4D:0A,-56,127,3.0,4.0,1.5
1783351508288,2026-07-06 17:25:08.288,C3:00:00:63:4D:09,-66,127,3.0,4.0,1.5
1783351508305,2026-07-06 17:25:08.305,C3:00:00:63:4D:08,-57,127,3.0,4.0,1.5
1783351508317,2026-07-06 17:25:08.317,C3:00:00:63:4D:07,-66,127,3.0,4.0,1.5
1783351508332,2026-07-06 17:25:08.332,C3:00:00:63:4D:04,-59,127,3.0,4.0,1.5
1783351508345,2026-07-06 17:25:08.345,C3:00:00:63:4C:D2,-57,127,3.0,4.0,1.5
1783351508363,2026-07-06 17:25:08.363,C3:00:00:63:4D:05,-54,127,3.0,4.0,1.5
1783351508366,2026-07-06 17:25:08.366,C3:00:00:63:4D:07,-62,127,3.0,4.0,1.5
1783351508395,2026-07-06 17:25:08.395,C3:00:00:63:4D:08,-53,127,3.0,4.0,1.5
1783351508410,2026-07-06 17:25:08.410,C3:00:00:63:4D:09,-74,127,3.0,4.0,1.5
1783351508415,2026-07-06 17:25:08.415,C3:00:00:63:4D:08,-53,127,3.0,4.0,1.5
1783351508419,2026-07-06 17:25:08.419,C3:00:00:63:4D:0D,-51,127,3.0,4.0,1.5
1783351508440,2026-07-06 17:25:08.440,C3:00:00:63:4D:04,-63,127,3.0,4.0,1.5
1783351508449,2026-07-06 17:25:08.449,C3:00:00:63:4C:D2,-60,127,3.0,4.0,1.5
1783351508469,2026-07-06 17:25:08.469,C3:00:00:63:4D:05,-62,127,3.0,4.0,1.5
1783351508523,2026-07-06 17:25:08.523,C3:00:00:63:4D:09,-66,127,3.0,4.0,1.5
1783351508526,2026-07-06 17:25:08.526,C3:00:00:63:4D:0D,-53,127,3.0,4.0,1.5
1783351508536,2026-07-06 17:25:08.536,C3:00:00:63:4D:08,-49,127,3.0,4.0,1.5
1783351508543,2026-07-06 17:25:08.543,C3:00:00:63:4D:04,-65,127,3.0,4.0,1.5
1783351508556,2026-07-06 17:25:08.556,C3:00:00:63:4D:0A,-56,127,3.0,4.0,1.5
1783351508564,2026-07-06 17:25:08.564,C3:00:00:63:4C:D2,-66,127,3.0,4.0,1.5
1783351508566,2026-07-06 17:25:08.566,C3:00:00:63:4D:07,-60,127,3.0,4.0,1.5
1783351508598,2026-07-06 17:25:08.598,C3:00:00:63:4D:09,-77,127,3.0,4.0,1.5
1783351508632,2026-07-06 17:25:08.632,C3:00:00:63:4D:09,-60,127,3.0,4.0,1.5
1783351508635,2026-07-06 17:25:08.635,C3:00:00:63:4D:0D,-48,127,3.0,4.0,1.5
1783351508641,2026-07-06 17:25:08.641,C3:00:00:63:4D:04,-68,127,3.0,4.0,1.5
1783351508645,2026-07-06 17:25:08.645,C3:00:00:63:4D:08,-55,127,3.0,4.0,1.5
1783351508655,2026-07-06 17:25:08.655,C3:00:00:63:4D:0D,-48,127,3.0,4.0,1.5
1783351508663,2026-07-06 17:25:08.663,C3:00:00:63:4C:D2,-55,127,3.0,4.0,1.5
1783351508665,2026-07-06 17:25:08.665,C3:00:00:63:4D:0A,-68,127,3.0,4.0,1.5
1783351508692,2026-07-06 17:25:08.692,C3:00:00:63:4D:04,-71,127,3.0,4.0,1.5
1783351508769,2026-07-06 17:25:08.769,C3:00:00:63:4D:07,-63,127,3.0,4.0,1.5
1783351508773,2026-07-06 17:25:08.773,C3:00:00:63:4D:08,-51,127,3.0,4.0,1.5
1783351508778,2026-07-06 17:25:08.778,C3:00:00:63:4D:05,-54,127,3.0,4.0,1.5
1783351508781,2026-07-06 17:25:08.781,C3:00:00:63:4D:0A,-61,127,3.0,4.0,1.5
1783351508824,2026-07-06 17:25:08.824,C3:00:00:63:4D:0A,-56,127,3.0,4.0,1.5
1783351508842,2026-07-06 17:25:08.842,C3:00:00:63:4D:0D,-58,127,3.0,4.0,1.5
1783351508849,2026-07-06 17:25:08.849,C3:00:00:63:4D:04,-62,127,3.0,4.0,1.5
1783351508861,2026-07-06 17:25:08.861,C3:00:00:63:4D:09,-59,127,3.0,4.0,1.5
1783351508866,2026-07-06 17:25:08.866,C3:00:00:63:4D:05,-61,127,3.0,4.0,1.5
1783351508869,2026-07-06 17:25:08.869,C3:00:00:63:4C:D2,-61,127,3.0,4.0,1.5
1783351508875,2026-07-06 17:25:08.875,C3:00:00:63:4D:0A,-58,127,3.0,4.0,1.5
1783351508877,2026-07-06 17:25:08.877,C3:00:00:63:4D:08,-52,127,3.0,4.0,1.5
1783351508955,2026-07-06 17:25:08.955,C3:00:00:63:4D:0D,-51,127,3.0,4.0,1.5
1783351508959,2026-07-06 17:25:08.959,C3:00:00:63:4D:04,-59,127,3.0,4.0,1.5
1783351508963,2026-07-06 17:25:08.963,C3:00:00:63:4D:07,-66,127,3.0,4.0,1.5
1783351508977,2026-07-06 17:25:08.977,C3:00:00:63:4C:D2,-58,127,3.0,4.0,1.5
1783351508980,2026-07-06 17:25:08.980,C3:00:00:63:4D:0A,-83,127,3.0,4.0,1.5
1783351508994,2026-07-06 17:25:08.994,C3:00:00:63:4D:0D,-50,127,3.0,4.0,1.5
1783351508997,2026-07-06 17:25:08.997,C3:00:00:63:4D:08,-54,127,3.0,4.0,1.5
1783351509059,2026-07-06 17:25:09.059,C3:00:00:63:4D:05,-56,127,3.0,4.0,1.5
1783351509065,2026-07-06 17:25:09.065,C3:00:00:63:4D:04,-62,127,3.0,4.0,1.5
1783351509069,2026-07-06 17:25:09.069,C3:00:00:63:4D:07,-64,127,3.0,4.0,1.5
1783351509072,2026-07-06 17:25:09.072,C3:00:00:63:4D:0D,-52,127,3.0,4.0,1.5
1783351509083,2026-07-06 17:25:09.083,C3:00:00:63:4D:05,-58,127,3.0,4.0,1.5
1783351509086,2026-07-06 17:25:09.086,C3:00:00:63:4D:0A,-59,127,3.0,4.0,1.5
1783351509091,2026-07-06 17:25:09.091,C3:00:00:63:4D:09,-56,127,3.0,4.0,1.5
1783351509113,2026-07-06 17:25:09.113,C3:00:00:63:4D:08,-53,127,3.0,4.0,1.5
1783351509136,2026-07-06 17:25:09.136,C3:00:00:63:4D:0A,-57,127,3.0,4.0,1.5
1783351509153,2026-07-06 17:25:09.153,C3:00:00:63:4D:04,-59,127,3.0,4.0,1.5
1783351509162,2026-07-06 17:25:09.162,C3:00:00:63:4D:07,-62,127,3.0,4.0,1.5
1783351509166,2026-07-06 17:25:09.166,C3:00:00:63:4D:05,-73,127,3.0,4.0,1.5
1783351509175,2026-07-06 17:25:09.175,C3:00:00:63:4D:0D,-56,127,3.0,4.0,1.5
1783351509188,2026-07-06 17:25:09.188,C3:00:00:63:4C:D2,-64,127,3.0,4.0,1.5
1783351509195,2026-07-06 17:25:09.195,C3:00:00:63:4D:09,-63,127,3.0,4.0,1.5
1783351509224,2026-07-06 17:25:09.224,C3:00:00:63:4D:08,-58,127,3.0,4.0,1.5
1783351509258,2026-07-06 17:25:09.258,C3:00:00:63:4D:04,-58,127,3.0,4.0,1.5
1783351509268,2026-07-06 17:25:09.268,C3:00:00:63:4D:05,-55,127,3.0,4.0,1.5
1783351509281,2026-07-06 17:25:09.281,C3:00:00:63:4D:0D,-51,127,3.0,4.0,1.5
1783351509291,2026-07-06 17:25:09.291,C3:00:00:63:4D:0A,-68,127,3.0,4.0,1.5
1783351509298,2026-07-06 17:25:09.298,C3:00:00:63:4C:D2,-57,127,3.0,4.0,1.5
1783351509308,2026-07-06 17:25:09.308,C3:00:00:63:4D:09,-57,127,3.0,4.0,1.5
1783351509342,2026-07-06 17:25:09.342,C3:00:00:63:4D:08,-50,127,3.0,4.0,1.5
1783351509365,2026-07-06 17:25:09.365,C3:00:00:63:4D:04,-58,127,3.0,4.0,1.5
1783351509370,2026-07-06 17:25:09.370,C3:00:00:63:4D:07,-69,127,3.0,4.0,1.5
1783351509375,2026-07-06 17:25:09.375,C3:00:00:63:4D:05,-62,127,3.0,4.0,1.5
1783351509389,2026-07-06 17:25:09.389,C3:00:00:63:4D:0D,-58,127,3.0,4.0,1.5
1783351509396,2026-07-06 17:25:09.396,C3:00:00:63:4D:07,-66,127,3.0,4.0,1.5
1783351509399,2026-07-06 17:25:09.399,C3:00:00:63:4D:0A,-61,127,3.0,4.0,1.5
1783351509403,2026-07-06 17:25:09.403,C3:00:00:63:4C:D2,-56,127,3.0,4.0,1.5
1783351509428,2026-07-06 17:25:09.428,C3:00:00:63:4D:09,-63,127,3.0,4.0,1.5
1783351509461,2026-07-06 17:25:09.461,C3:00:00:63:4D:07,-61,127,3.0,4.0,1.5
1783351509464,2026-07-06 17:25:09.464,C3:00:00:63:4D:0D,-55,127,3.0,4.0,1.5
1783351509475,2026-07-06 17:25:09.475,C3:00:00:63:4D:04,-55,127,3.0,4.0,1.5
1783351509480,2026-07-06 17:25:09.480,C3:00:00:63:4D:05,-63,127,3.0,4.0,1.5
1783351509482,2026-07-06 17:25:09.482,C3:00:00:63:4D:07,-60,127,3.0,4.0,1.5
1783351509485,2026-07-06 17:25:09.485,C3:00:00:63:4D:08,-52,127,3.0,4.0,1.5
1783351509490,2026-07-06 17:25:09.490,C3:00:00:63:4D:0D,-52,127,3.0,4.0,1.5
1783351509515,2026-07-06 17:25:09.515,C3:00:00:63:4C:D2,-56,127,3.0,4.0,1.5
1783351509538,2026-07-06 17:25:09.538,C3:00:00:63:4D:09,-54,127,3.0,4.0,1.5
1783351509548,2026-07-06 17:25:09.548,C3:00:00:63:4C:D2,-58,127,3.0,4.0,1.5
1783351509555,2026-07-06 17:25:09.555,C3:00:00:63:4D:08,-66,127,3.0,4.0,1.5
1783351509571,2026-07-06 17:25:09.571,C3:00:00:63:4D:04,-57,127,3.0,4.0,1.5
1783351509575,2026-07-06 17:25:09.575,C3:00:00:63:4D:05,-62,127,3.0,4.0,1.5
1783351509585,2026-07-06 17:25:09.585,C3:00:00:63:4D:08,-77,127,3.0,4.0,1.5
1783351509597,2026-07-06 17:25:09.597,C3:00:00:63:4D:05,-63,127,3.0,4.0,1.5
1783351509605,2026-07-06 17:25:09.605,C3:00:00:63:4D:0D,-54,127,3.0,4.0,1.5
1783351509615,2026-07-06 17:25:09.615,C3:00:00:63:4D:0A,-62,127,3.0,4.0,1.5
1783351509621,2026-07-06 17:25:09.621,C3:00:00:63:4C:D2,-54,127,3.0,4.0,1.5
1783351509662,2026-07-06 17:25:09.662,C3:00:00:63:4D:09,-58,127,3.0,4.0,1.5
1783351509667,2026-07-06 17:25:09.667,C3:00:00:63:4D:07,-61,127,3.0,4.0,1.5
1783351509674,2026-07-06 17:25:09.674,C3:00:00:63:4D:04,-61,127,3.0,4.0,1.5
1783351509681,2026-07-06 17:25:09.681,C3:00:00:63:4D:05,-56,127,3.0,4.0,1.5
1783351509714,2026-07-06 17:25:09.714,C3:00:00:63:4D:0A,-57,127,3.0,4.0,1.5
1783351509721,2026-07-06 17:25:09.721,C3:00:00:63:4C:D2,-67,127,3.0,4.0,1.5
1783351509741,2026-07-06 17:25:09.741,C3:00:00:63:4D:07,-76,127,3.0,4.0,1.5
1783351509761,2026-07-06 17:25:09.761,C3:00:00:63:4D:07,-65,127,3.0,4.0,1.5
1783351509765,2026-07-06 17:25:09.765,C3:00:00:63:4D:09,-58,127,3.0,4.0,1.5
1783351509817,2026-07-06 17:25:09.817,C3:00:00:63:4D:0D,-52,127,3.0,4.0,1.5
1783351509821,2026-07-06 17:25:09.821,C3:00:00:63:4D:0A,-74,127,3.0,4.0,1.5
1783351509831,2026-07-06 17:25:09.831,C3:00:00:63:4C:D2,-58,127,3.0,4.0,1.5
1783351509868,2026-07-06 17:25:09.868,C3:00:00:63:4D:07,-72,127,3.0,4.0,1.5
1783351509881,2026-07-06 17:25:09.881,C3:00:00:63:4D:04,-55,127,3.0,4.0,1.5
1783351509889,2026-07-06 17:25:09.889,C3:00:00:63:4D:09,-56,127,3.0,4.0,1.5
1783351509914,2026-07-06 17:25:09.914,C3:00:00:63:4D:08,-57,127,3.0,4.0,1.5
1783351509925,2026-07-06 17:25:09.925,C3:00:00:63:4D:0D,-52,127,3.0,4.0,1.5
1783351509934,2026-07-06 17:25:09.934,C3:00:00:63:4C:D2,-55,127,3.0,4.0,1.5
1783351509939,2026-07-06 17:25:09.939,C3:00:00:63:4D:05,-59,127,3.0,4.0,1.5
1783351509969,2026-07-06 17:25:09.969,C3:00:00:63:4D:07,-65,127,3.0,4.0,1.5
1783351509981,2026-07-06 17:25:09.981,C3:00:00:63:4D:05,-59,127,3.0,4.0,1.5
1783351509984,2026-07-06 17:25:09.984,C3:00:00:63:4D:04,-58,127,3.0,4.0,1.5
1783351510001,2026-07-06 17:25:10.001,C3:00:00:63:4D:09,-57,127,3.0,4.0,1.5
1783351510023,2026-07-06 17:25:10.023,C3:00:00:63:4D:0A,-55,127,3.0,4.0,1.5
1783351510027,2026-07-06 17:25:10.027,C3:00:00:63:4D:08,-58,127,3.0,4.0,1.5
1783351510029,2026-07-06 17:25:10.029,C3:00:00:63:4D:0D,-52,127,3.0,4.0,1.5
1783351510033,2026-07-06 17:25:10.033,C3:00:00:63:4C:D2,-85,127,3.0,4.0,1.5
1783351510088,2026-07-06 17:25:10.088,C3:00:00:63:4D:04,-55,127,3.0,4.0,1.5
1783351510113,2026-07-06 17:25:10.113,C3:00:00:63:4D:09,-60,127,3.0,4.0,1.5
1783351510133,2026-07-06 17:25:10.133,C3:00:00:63:4D:0A,-76,127,3.0,4.0,1.5
1783351510138,2026-07-06 17:25:10.138,C3:00:00:63:4C:D2,-55,127,3.0,4.0,1.5
1783351510141,2026-07-06 17:25:10.141,C3:00:00:63:4D:0D,-50,127,3.0,4.0,1.5
1783351510155,2026-07-06 17:25:10.155,C3:00:00:63:4C:D2,-55,127,3.0,4.0,1.5
1783351510164,2026-07-06 17:25:10.164,C3:00:00:63:4D:07,-69,127,3.0,4.0,1.5
1783351510182,2026-07-06 17:25:10.182,C3:00:00:63:4D:05,-55,127,3.0,4.0,1.5
1783351510188,2026-07-06 17:25:10.188,C3:00:00:63:4D:04,-58,127,3.0,4.0,1.5
1783351510214,2026-07-06 17:25:10.214,C3:00:00:63:4D:04,-73,127,3.0,4.0,1.5
1783351510231,2026-07-06 17:25:10.231,C3:00:00:63:4D:09,-57,127,3.0,4.0,1.5
1783351510234,2026-07-06 17:25:10.234,C3:00:00:63:4D:0A,-60,127,3.0,4.0,1.5
1783351510267,2026-07-06 17:25:10.267,C3:00:00:63:4D:08,-51,127,3.0,4.0,1.5
1783351510270,2026-07-06 17:25:10.270,C3:00:00:63:4D:07,-67,127,3.0,4.0,1.5
1783351510289,2026-07-06 17:25:10.289,C3:00:00:63:4D:05,-54,127,3.0,4.0,1.5
1783351510292,2026-07-06 17:25:10.292,C3:00:00:63:4D:04,-63,127,3.0,4.0,1.5
1783351510338,2026-07-06 17:25:10.338,C3:00:00:63:4D:09,-58,127,3.0,4.0,1.5
1783351510341,2026-07-06 17:25:10.341,C3:00:00:63:4D:0A,-56,127,3.0,4.0,1.5
1783351510356,2026-07-06 17:25:10.356,C3:00:00:63:4D:0D,-63,127,3.0,4.0,1.5
1783351510358,2026-07-06 17:25:10.358,C3:00:00:63:4C:D2,-63,127,3.0,4.0,1.5
1783351510372,2026-07-06 17:25:10.372,C3:00:00:63:4D:07,-62,127,3.0,4.0,1.5
1783351510382,2026-07-06 17:25:10.382,C3:00:00:63:4D:05,-76,127,3.0,4.0,1.5
1783351510391,2026-07-06 17:25:10.391,C3:00:00:63:4D:0A,-63,127,3.0,4.0,1.5
1783351510397,2026-07-06 17:25:10.397,C3:00:00:63:4D:08,-52,127,3.0,4.0,1.5
1783351510463,2026-07-06 17:25:10.463,C3:00:00:63:4D:05,-65,127,3.0,4.0,1.5
1783351510466,2026-07-06 17:25:10.466,C3:00:00:63:4D:0D,-56,127,3.0,4.0,1.5
1783351510469,2026-07-06 17:25:10.469,C3:00:00:63:4C:D2,-56,127,3.0,4.0,1.5
1783351510472,2026-07-06 17:25:10.472,C3:00:00:63:4D:07,-64,127,3.0,4.0,1.5
1783351510487,2026-07-06 17:25:10.487,C3:00:00:63:4D:08,-60,127,3.0,4.0,1.5
1783351510497,2026-07-06 17:25:10.497,C3:00:00:63:4D:04,-58,127,3.0,4.0,1.5
1783351510572,2026-07-06 17:25:10.572,C3:00:00:63:4D:09,-56,127,3.0,4.0,1.5
1783351510577,2026-07-06 17:25:10.577,C3:00:00:63:4C:D2,-55,127,3.0,4.0,1.5
1783351510580,2026-07-06 17:25:10.580,C3:00:00:63:4D:0D,-64,127,3.0,4.0,1.5
1783351510585,2026-07-06 17:25:10.585,C3:00:00:63:4D:05,-57,127,3.0,4.0,1.5
1783351510599,2026-07-06 17:25:10.599,C3:00:00:63:4D:09,-59,127,3.0,4.0,1.5
1783351510603,2026-07-06 17:25:10.603,C3:00:00:63:4D:04,-64,127,3.0,4.0,1.5
1783351510607,2026-07-06 17:25:10.607,C3:00:00:63:4D:08,-54,127,3.0,4.0,1.5
1783351510660,2026-07-06 17:25:10.660,C3:00:00:63:4D:0A,-56,127,3.0,4.0,1.5
1783351510663,2026-07-06 17:25:10.663,C3:00:00:63:4D:07,-62,127,3.0,4.0,1.5
1783351510677,2026-07-06 17:25:10.677,C3:00:00:63:4C:D2,-64,127,3.0,4.0,1.5
1783351510681,2026-07-06 17:25:10.681,C3:00:00:63:4D:0D,-80,127,3.0,4.0,1.5
1783351510683,2026-07-06 17:25:10.683,C3:00:00:63:4D:09,-61,127,3.0,4.0,1.5
1783351510700,2026-07-06 17:25:10.700,C3:00:00:63:4D:04,-57,127,3.0,4.0,1.5
1783351510715,2026-07-06 17:25:10.715,C3:00:00:63:4D:04,-57,127,3.0,4.0,1.5
1783351510719,2026-07-06 17:25:10.719,C3:00:00:63:4D:08,-59,127,3.0,4.0,1.5
1783351510792,2026-07-06 17:25:10.792,C3:00:00:63:4D:0D,-58,127,3.0,4.0,1.5
1783351510796,2026-07-06 17:25:10.796,C3:00:00:63:4D:09,-55,127,3.0,4.0,1.5
1783351510806,2026-07-06 17:25:10.806,C3:00:00:63:4D:04,-55,127,3.0,4.0,1.5
1783351510828,2026-07-06 17:25:10.828,C3:00:00:63:4D:0A,-66,127,3.0,4.0,1.5
1783351510832,2026-07-06 17:25:10.832,C3:00:00:63:4D:08,-52,127,3.0,4.0,1.5
1783351510874,2026-07-06 17:25:10.874,C3:00:00:63:4D:0A,-65,127,3.0,4.0,1.5
1783351510898,2026-07-06 17:25:10.898,C3:00:00:63:4D:0D,-64,127,3.0,4.0,1.5
1783351510916,2026-07-06 17:25:10.916,C3:00:00:63:4D:09,-64,127,3.0,4.0,1.5
1783351510945,2026-07-06 17:25:10.945,C3:00:00:63:4D:08,-53,127,3.0,4.0,1.5
1783351510968,2026-07-06 17:25:10.968,C3:00:00:63:4D:07,-60,127,3.0,4.0,1.5
1783351510972,2026-07-06 17:25:10.972,C3:00:00:63:4C:D2,-65,127,3.0,4.0,1.5
1783351510976,2026-07-06 17:25:10.976,C3:00:00:63:4D:0A,-58,127,3.0,4.0,1.5
1783351510990,2026-07-06 17:25:10.990,C3:00:00:63:4C:D2,-67,127,3.0,4.0,1.5
1783351510996,2026-07-06 17:25:10.996,C3:00:00:63:4D:05,-66,127,3.0,4.0,1.5
1783351511006,2026-07-06 17:25:11.006,C3:00:00:63:4D:0D,-61,127,3.0,4.0,1.5
1783351511010,2026-07-06 17:25:11.010,C3:00:00:63:4D:04,-58,127,3.0,4.0,1.5
1783351511024,2026-07-06 17:25:11.024,C3:00:00:63:4D:0D,-52,127,3.0,4.0,1.5
1783351511028,2026-07-06 17:25:11.028,C3:00:00:63:4D:09,-54,127,3.0,4.0,1.5
1783351511070,2026-07-06 17:25:11.070,C3:00:00:63:4D:08,-55,127,3.0,4.0,1.5
1783351511075,2026-07-06 17:25:11.075,C3:00:00:63:4D:07,-63,127,3.0,4.0,1.5
1783351511080,2026-07-06 17:25:11.080,C3:00:00:63:4D:0A,-72,127,3.0,4.0,1.5
1783351511088,2026-07-06 17:25:11.088,C3:00:00:63:4D:05,-55,127,3.0,4.0,1.5
1783351511104,2026-07-06 17:25:11.104,C3:00:00:63:4C:D2,-56,127,3.0,4.0,1.5
1783351511109,2026-07-06 17:25:11.109,C3:00:00:63:4D:04,-63,127,3.0,4.0,1.5
1783351511114,2026-07-06 17:25:11.114,C3:00:00:63:4D:0D,-56,127,3.0,4.0,1.5
1783351511130,2026-07-06 17:25:11.130,C3:00:00:63:4D:0A,-62,127,3.0,4.0,1.5
1783351511191,2026-07-06 17:25:11.191,C3:00:00:63:4D:0A,-62,127,3.0,4.0,1.5
1783351511195,2026-07-06 17:25:11.195,C3:00:00:63:4D:05,-58,127,3.0,4.0,1.5
1783351511217,2026-07-06 17:25:11.217,C3:00:00:63:4D:04,-54,127,3.0,4.0,1.5
1783351511221,2026-07-06 17:25:11.221,C3:00:00:63:4D:0D,-54,127,3.0,4.0,1.5
1783351511250,2026-07-06 17:25:11.250,C3:00:00:63:4D:09,-62,127,3.0,4.0,1.5
1783351511265,2026-07-06 17:25:11.265,C3:00:00:63:4D:07,-60,127,3.0,4.0,1.5
1783351511317,2026-07-06 17:25:11.317,C3:00:00:63:4C:D2,-57,127,3.0,4.0,1.5
1783351511335,2026-07-06 17:25:11.335,C3:00:00:63:4D:0D,-49,127,3.0,4.0,1.5
1783351511360,2026-07-06 17:25:11.360,C3:00:00:63:4D:07,-61,127,3.0,4.0,1.5
1783351511367,2026-07-06 17:25:11.367,C3:00:00:63:4D:09,-54,127,3.0,4.0,1.5
1783351511396,2026-07-06 17:25:11.396,C3:00:00:63:4D:0A,-69,127,3.0,4.0,1.5
1783351511403,2026-07-06 17:25:11.403,C3:00:00:63:4D:07,-60,127,3.0,4.0,1.5
1783351511407,2026-07-06 17:25:11.407,C3:00:00:63:4D:08,-55,127,3.0,4.0,1.5
1783351511424,2026-07-06 17:25:11.424,C3:00:00:63:4D:04,-59,127,3.0,4.0,1.5
1783351511440,2026-07-06 17:25:11.440,C3:00:00:63:4D:0D,-54,127,3.0,4.0,1.5
1783351511457,2026-07-06 17:25:11.457,C3:00:00:63:4D:0D,-55,127,3.0,4.0,1.5
1783351511472,2026-07-06 17:25:11.472,C3:00:00:63:4D:07,-64,127,3.0,4.0,1.5
1783351511482,2026-07-06 17:25:11.482,C3:00:00:63:4D:09,-57,127,3.0,4.0,1.5
1783351511489,2026-07-06 17:25:11.489,C3:00:00:63:4D:07,-64,127,3.0,4.0,1.5
1783351511496,2026-07-06 17:25:11.496,C3:00:00:63:4D:05,-59,127,3.0,4.0,1.5
1783351511525,2026-07-06 17:25:11.525,C3:00:00:63:4C:D2,-69,127,3.0,4.0,1.5
1783351511528,2026-07-06 17:25:11.528,C3:00:00:63:4D:08,-54,127,3.0,4.0,1.5
1783351511537,2026-07-06 17:25:11.537,C3:00:00:63:4D:04,-55,127,3.0,4.0,1.5
1783351511545,2026-07-06 17:25:11.545,C3:00:00:63:4D:0D,-54,127,3.0,4.0,1.5
1783351511548,2026-07-06 17:25:11.548,C3:00:00:63:4D:09,-61,127,3.0,4.0,1.5
1783351511569,2026-07-06 17:25:11.569,C3:00:00:63:4C:D2,-68,127,3.0,4.0,1.5
1783351511598,2026-07-06 17:25:11.598,C3:00:00:63:4D:09,-62,127,3.0,4.0,1.5
1783351511601,2026-07-06 17:25:11.601,C3:00:00:63:4D:05,-76,127,3.0,4.0,1.5
1783351511627,2026-07-06 17:25:11.627,C3:00:00:63:4D:04,-57,127,3.0,4.0,1.5
1783351511650,2026-07-06 17:25:11.650,C3:00:00:63:4D:08,-54,127,3.0,4.0,1.5
1783351511654,2026-07-06 17:25:11.654,C3:00:00:63:4D:0D,-50,127,3.0,4.0,1.5
1783351511673,2026-07-06 17:25:11.673,C3:00:00:63:4D:07,-63,127,3.0,4.0,1.5
1783351511692,2026-07-06 17:25:11.692,C3:00:00:63:4D:05,-58,127,3.0,4.0,1.5
1783351511704,2026-07-06 17:25:11.704,C3:00:00:63:4D:0A,-66,127,3.0,4.0,1.5
1783351511707,2026-07-06 17:25:11.707,C3:00:00:63:4D:09,-56,127,3.0,4.0,1.5
1783351511733,2026-07-06 17:25:11.733,C3:00:00:63:4D:04,-62,127,3.0,4.0,1.5
1783351511737,2026-07-06 17:25:11.737,C3:00:00:63:4C:D2,-58,127,3.0,4.0,1.5
1783351511764,2026-07-06 17:25:11.764,C3:00:00:63:4D:0D,-58,127,3.0,4.0,1.5
1783351511770,2026-07-06 17:25:11.770,C3:00:00:63:4D:07,-67,127,3.0,4.0,1.5
1783351511774,2026-07-06 17:25:11.774,C3:00:00:63:4D:04,-65,127,3.0,4.0,1.5
1783351511800,2026-07-06 17:25:11.800,C3:00:00:63:4D:05,-57,127,3.0,4.0,1.5
1783351511814,2026-07-06 17:25:11.814,C3:00:00:63:4D:0A,-62,127,3.0,4.0,1.5
1783351511819,2026-07-06 17:25:11.819,C3:00:00:63:4D:09,-69,127,3.0,4.0,1.5
1783351511829,2026-07-06 17:25:11.829,C3:00:00:63:4D:04,-57,127,3.0,4.0,1.5
1783351511832,2026-07-06 17:25:11.832,C3:00:00:63:4D:09,-62,127,3.0,4.0,1.5
1783351511835,2026-07-06 17:25:11.835,C3:00:00:63:4C:D2,-62,127,3.0,4.0,1.5
1783351511868,2026-07-06 17:25:11.868,C3:00:00:63:4D:0D,-55,127,3.0,4.0,1.5
1783351511871,2026-07-06 17:25:11.871,C3:00:00:63:4D:08,-54,127,3.0,4.0,1.5
1783351511924,2026-07-06 17:25:11.924,C3:00:00:63:4D:0A,-66,127,3.0,4.0,1.5
1783351511950,2026-07-06 17:25:11.950,C3:00:00:63:4D:04,-57,127,3.0,4.0,1.5
1783351511955,2026-07-06 17:25:11.955,C3:00:00:63:4D:05,-56,127,3.0,4.0,1.5
1783351511974,2026-07-06 17:25:11.974,C3:00:00:63:4D:07,-67,127,3.0,4.0,1.5
1783351511979,2026-07-06 17:25:11.979,C3:00:00:63:4D:0D,-50,127,3.0,4.0,1.5
1783351511981,2026-07-06 17:25:11.981,C3:00:00:63:4D:08,-55,127,3.0,4.0,1.5
1783351511995,2026-07-06 17:25:11.995,C3:00:00:63:4D:05,-56,127,3.0,4.0,1.5
1783351512031,2026-07-06 17:25:12.031,C3:00:00:63:4D:0A,-62,127,3.0,4.0,1.5
1783351512036,2026-07-06 17:25:12.036,C3:00:00:63:4D:09,-58,127,3.0,4.0,1.5
1783351512045,2026-07-06 17:25:12.045,C3:00:00:63:4D:04,-61,127,3.0,4.0,1.5
1783351512057,2026-07-06 17:25:12.057,C3:00:00:63:4D:09,-58,127,3.0,4.0,1.5
1783351512060,2026-07-06 17:25:12.060,C3:00:00:63:4C:D2,-58,127,3.0,4.0,1.5
1783351512068,2026-07-06 17:25:12.068,C3:00:00:63:4D:07,-76,127,3.0,4.0,1.5
1783351512088,2026-07-06 17:25:12.088,C3:00:00:63:4D:0D,-55,127,3.0,4.0,1.5
1783351512102,2026-07-06 17:25:12.102,C3:00:00:63:4D:05,-60,127,3.0,4.0,1.5
1783351512104,2026-07-06 17:25:12.104,C3:00:00:63:4D:08,-51,127,3.0,4.0,1.5
1783351512129,2026-07-06 17:25:12.129,C3:00:00:63:4D:0A,-61,127,3.0,4.0,1.5
1783351512139,2026-07-06 17:25:12.139,C3:00:00:63:4D:04,-56,127,3.0,4.0,1.5
1783351512159,2026-07-06 17:25:12.159,C3:00:00:63:4C:D2,-63,127,3.0,4.0,1.5
1783351512163,2026-07-06 17:25:12.163,C3:00:00:63:4D:07,-61,127,3.0,4.0,1.5
1783351512167,2026-07-06 17:25:12.167,C3:00:00:63:4D:09,-61,127,3.0,4.0,1.5
1783351512190,2026-07-06 17:25:12.190,C3:00:00:63:4D:04,-55,127,3.0,4.0,1.5
1783351512279,2026-07-06 17:25:12.279,C3:00:00:63:4D:09,-55,127,3.0,4.0,1.5
1783351512324,2026-07-06 17:25:12.324,C3:00:00:63:4D:07,-68,127,3.0,4.0,1.5
1783351512409,2026-07-06 17:25:12.409,C3:00:00:63:4D:08,-52,127,3.0,4.0,1.5
1783351512442,2026-07-06 17:25:12.442,C3:00:00:63:4D:08,-53,127,3.0,4.0,1.5
1783351512446,2026-07-06 17:25:12.446,C3:00:00:63:4D:0A,-60,127,3.0,4.0,1.5
1783351512452,2026-07-06 17:25:12.452,C3:00:00:63:4D:04,-58,127,3.0,4.0,1.5
1783351512551,2026-07-06 17:25:12.551,C3:00:00:63:4D:0A,-69,127,3.0,4.0,1.5
1783351512626,2026-07-06 17:25:12.626,C3:00:00:63:4D:0D,-55,127,3.0,4.0,1.5
1783351512630,2026-07-06 17:25:12.630,C3:00:00:63:4D:09,-60,127,3.0,4.0,1.5
1783351512639,2026-07-06 17:25:12.639,C3:00:00:63:4D:0D,-55,127,3.0,4.0,1.5
1783351512702,2026-07-06 17:25:12.702,C3:00:00:63:4D:04,-60,127,3.0,4.0,1.5
1783351512724,2026-07-06 17:25:12.724,C3:00:00:63:4D:04,-64,127,3.0,4.0,1.5
1783351512731,2026-07-06 17:25:12.731,C3:00:00:63:4D:0D,-52,127,3.0,4.0,1.5
1783351512756,2026-07-06 17:25:12.756,C3:00:00:63:4D:04,-56,127,3.0,4.0,1.5
1783351512786,2026-07-06 17:25:12.786,C3:00:00:63:4D:08,-54,127,3.0,4.0,1.5
1783351512793,2026-07-06 17:25:12.793,C3:00:00:63:4C:D2,-65,127,3.0,4.0,1.5
1783351512803,2026-07-06 17:25:12.803,C3:00:00:63:4D:05,-79,127,3.0,4.0,1.5
1783351512839,2026-07-06 17:25:12.839,C3:00:00:63:4D:0D,-50,127,3.0,4.0,1.5
1783351512855,2026-07-06 17:25:12.855,C3:00:00:63:4D:09,-54,127,3.0,4.0,1.5
1783351512860,2026-07-06 17:25:12.860,C3:00:00:63:4D:0A,-76,127,3.0,4.0,1.5
1783351512871,2026-07-06 17:25:12.871,C3:00:00:63:4D:07,-65,127,3.0,4.0,1.5
1783351512898,2026-07-06 17:25:12.898,C3:00:00:63:4C:D2,-56,127,3.0,4.0,1.5
1783351512910,2026-07-06 17:25:12.910,C3:00:00:63:4D:08,-58,127,3.0,4.0,1.5
1783351512914,2026-07-06 17:25:12.914,C3:00:00:63:4D:05,-56,127,3.0,4.0,1.5
1783351512951,2026-07-06 17:25:12.951,C3:00:00:63:4D:0D,-60,127,3.0,4.0,1.5
1783351512965,2026-07-06 17:25:12.965,C3:00:00:63:4D:0A,-63,127,3.0,4.0,1.5
1783351512973,2026-07-06 17:25:12.973,C3:00:00:63:4C:D2,-59,127,3.0,4.0,1.5
1783351513009,2026-07-06 17:25:13.009,C3:00:00:63:4D:05,-69,127,3.0,4.0,1.5
1783351513013,2026-07-06 17:25:13.013,C3:00:00:63:4D:0D,-55,127,3.0,4.0,1.5
1783351513053,2026-07-06 17:25:13.053,C3:00:00:63:4D:0D,-56,127,3.0,4.0,1.5
1783351513073,2026-07-06 17:25:13.073,C3:00:00:63:4D:09,-60,127,3.0,4.0,1.5
1783351513086,2026-07-06 17:25:13.086,C3:00:00:63:4D:05,-70,127,3.0,4.0,1.5
1783351513106,2026-07-06 17:25:13.106,C3:00:00:63:4D:05,-71,127,3.0,4.0,1.5
1783351513112,2026-07-06 17:25:13.112,C3:00:00:63:4C:D2,-57,127,3.0,4.0,1.5
1783351513128,2026-07-06 17:25:13.128,C3:00:00:63:4D:08,-58,127,3.0,4.0,1.5
1783351513136,2026-07-06 17:25:13.136,C3:00:00:63:4D:0A,-67,127,3.0,4.0,1.5
1783351513169,2026-07-06 17:25:13.169,C3:00:00:63:4D:0D,-52,127,3.0,4.0,1.5
1783351513173,2026-07-06 17:25:13.173,C3:00:00:63:4D:07,-62,127,3.0,4.0,1.5
1783351513179,2026-07-06 17:25:13.179,C3:00:00:63:4D:04,-57,127,3.0,4.0,1.5
1783351513185,2026-07-06 17:25:13.185,C3:00:00:63:4D:0A,-68,127,3.0,4.0,1.5
1783351513188,2026-07-06 17:25:13.188,C3:00:00:63:4D:09,-55,127,3.0,4.0,1.5
1783351513212,2026-07-06 17:25:13.212,C3:00:00:63:4D:05,-57,127,3.0,4.0,1.5
1783351513220,2026-07-06 17:25:13.220,C3:00:00:63:4C:D2,-57,127,3.0,4.0,1.5
1783351513252,2026-07-06 17:25:13.252,C3:00:00:63:4D:08,-52,127,3.0,4.0,1.5
1783351513274,2026-07-06 17:25:13.274,C3:00:00:63:4D:07,-64,127,3.0,4.0,1.5
1783351513279,2026-07-06 17:25:13.279,C3:00:00:63:4D:04,-62,127,3.0,4.0,1.5
1783351513284,2026-07-06 17:25:13.284,C3:00:00:63:4D:0A,-63,127,3.0,4.0,1.5
1783351513307,2026-07-06 17:25:13.307,C3:00:00:63:4D:09,-59,127,3.0,4.0,1.5
1783351513323,2026-07-06 17:25:13.323,C3:00:00:63:4C:D2,-64,127,3.0,4.0,1.5
1783351513369,2026-07-06 17:25:13.369,C3:00:00:63:4D:08,-51,127,3.0,4.0,1.5
1783351513374,2026-07-06 17:25:13.374,C3:00:00:63:4D:07,-63,127,3.0,4.0,1.5
1783351513379,2026-07-06 17:25:13.379,C3:00:00:63:4D:04,-57,127,3.0,4.0,1.5
1783351513413,2026-07-06 17:25:13.413,C3:00:00:63:4D:05,-57,127,3.0,4.0,1.5
1783351513421,2026-07-06 17:25:13.421,C3:00:00:63:4D:09,-55,127,3.0,4.0,1.5
1783351513428,2026-07-06 17:25:13.428,C3:00:00:63:4D:07,-63,127,3.0,4.0,1.5
1783351513434,2026-07-06 17:25:13.434,C3:00:00:63:4C:D2,-56,127,3.0,4.0,1.5
1783351513455,2026-07-06 17:25:13.455,C3:00:00:63:4D:0D,-55,127,3.0,4.0,1.5
1783351513469,2026-07-06 17:25:13.469,C3:00:00:63:4D:07,-64,127,3.0,4.0,1.5
1783351513483,2026-07-06 17:25:13.483,C3:00:00:63:4D:04,-56,127,3.0,4.0,1.5
1783351513486,2026-07-06 17:25:13.486,C3:00:00:63:4D:08,-54,127,3.0,4.0,1.5
1783351513488,2026-07-06 17:25:13.488,C3:00:00:63:4D:0D,-55,127,3.0,4.0,1.5
1783351513492,2026-07-06 17:25:13.492,C3:00:00:63:4D:07,-64,127,3.0,4.0,1.5
1783351513494,2026-07-06 17:25:13.494,C3:00:00:63:4D:0A,-67,127,3.0,4.0,1.5
1783351513507,2026-07-06 17:25:13.507,C3:00:00:63:4D:08,-55,127,3.0,4.0,1.5
1783351513517,2026-07-06 17:25:13.517,C3:00:00:63:4D:05,-57,127,3.0,4.0,1.5
1783351513542,2026-07-06 17:25:13.542,C3:00:00:63:4D:09,-56,127,3.0,4.0,1.5
1783351513547,2026-07-06 17:25:13.547,C3:00:00:63:4C:D2,-55,127,3.0,4.0,1.5
1783351513569,2026-07-06 17:25:13.569,C3:00:00:63:4D:09,-58,127,3.0,4.0,1.5
1783351513574,2026-07-06 17:25:13.574,C3:00:00:63:4D:07,-67,127,3.0,4.0,1.5
1783351513579,2026-07-06 17:25:13.579,C3:00:00:63:4D:08,-50,127,3.0,4.0,1.5
1783351513586,2026-07-06 17:25:13.586,C3:00:00:63:4C:D2,-54,127,3.0,4.0,1.5
1783351513595,2026-07-06 17:25:13.595,C3:00:00:63:4D:08,-50,127,3.0,4.0,1.5
1783351513642,2026-07-06 17:25:13.642,C3:00:00:63:4C:D2,-65,127,3.0,4.0,1.5
1783351513694,2026-07-06 17:25:13.694,C3:00:00:63:4D:04,-56,127,3.0,4.0,1.5
1783351513699,2026-07-06 17:25:13.699,C3:00:00:63:4D:0A,-55,127,3.0,4.0,1.5
1783351513712,2026-07-06 17:25:13.712,C3:00:00:63:4D:0D,-66,127,3.0,4.0,1.5
1783351513715,2026-07-06 17:25:13.715,C3:00:00:63:4D:08,-57,127,3.0,4.0,1.5
1783351513718,2026-07-06 17:25:13.718,C3:00:00:63:4D:05,-55,127,3.0,4.0,1.5
1783351513748,2026-07-06 17:25:13.748,C3:00:00:63:4C:D2,-56,127,3.0,4.0,1.5
1783351513779,2026-07-06 17:25:13.779,C3:00:00:63:4D:07,-63,127,3.0,4.0,1.5
1783351513824,2026-07-06 17:25:13.824,C3:00:00:63:4D:08,-51,127,3.0,4.0,1.5
1783351513871,2026-07-06 17:25:13.871,C3:00:00:63:4D:07,-62,127,3.0,4.0,1.5
1783351513875,2026-07-06 17:25:13.875,C3:00:00:63:4D:09,-57,127,3.0,4.0,1.5
1783351513897,2026-07-06 17:25:13.897,C3:00:00:63:4D:04,-60,127,3.0,4.0,1.5
1783351513911,2026-07-06 17:25:13.911,C3:00:00:63:4D:0A,-56,127,3.0,4.0,1.5
1783351513918,2026-07-06 17:25:13.918,C3:00:00:63:4D:05,-71,127,3.0,4.0,1.5
1783351513920,2026-07-06 17:25:13.920,C3:00:00:63:4D:0D,-58,127,3.0,4.0,1.5
1783351513936,2026-07-06 17:25:13.936,C3:00:00:63:4D:08,-55,127,3.0,4.0,1.5
1783351513950,2026-07-06 17:25:13.950,C3:00:00:63:4D:05,-68,127,3.0,4.0,1.5
1783351513963,2026-07-06 17:25:13.963,C3:00:00:63:4C:D2,-64,127,3.0,4.0,1.5
1783351513968,2026-07-06 17:25:13.968,C3:00:00:63:4D:07,-62,127,3.0,4.0,1.5
1783351513990,2026-07-06 17:25:13.990,C3:00:00:63:4D:09,-62,127,3.0,4.0,1.5
1783351513996,2026-07-06 17:25:13.996,C3:00:00:63:4D:04,-54,127,3.0,4.0,1.5
1783351514023,2026-07-06 17:25:14.023,C3:00:00:63:4D:0A,-68,127,3.0,4.0,1.5
1783351514027,2026-07-06 17:25:14.027,C3:00:00:63:4D:0D,-51,127,3.0,4.0,1.5
1783351514065,2026-07-06 17:25:14.065,C3:00:00:63:4D:07,-63,127,3.0,4.0,1.5
1783351514104,2026-07-06 17:25:14.104,C3:00:00:63:4D:09,-54,127,3.0,4.0,1.5
1783351514108,2026-07-06 17:25:14.108,C3:00:00:63:4D:04,-56,127,3.0,4.0,1.5
1783351514122,2026-07-06 17:25:14.122,C3:00:00:63:4D:0A,-65,127,3.0,4.0,1.5
1783351514135,2026-07-06 17:25:14.135,C3:00:00:63:4D:0D,-58,127,3.0,4.0,1.5
1783351514162,2026-07-06 17:25:14.162,C3:00:00:63:4D:07,-72,127,3.0,4.0,1.5
1783351514169,2026-07-06 17:25:14.169,C3:00:00:63:4D:08,-52,127,3.0,4.0,1.5
1783351514173,2026-07-06 17:25:14.173,C3:00:00:63:4C:D2,-55,127,3.0,4.0,1.5
1783351514207,2026-07-06 17:25:14.207,C3:00:00:63:4D:04,-62,127,3.0,4.0,1.5
1783351514216,2026-07-06 17:25:14.216,C3:00:00:63:4D:09,-61,127,3.0,4.0,1.5
1783351514219,2026-07-06 17:25:14.219,C3:00:00:63:4D:05,-72,127,3.0,4.0,1.5
1783351514231,2026-07-06 17:25:14.231,C3:00:00:63:4D:04,-54,127,3.0,4.0,1.5
1783351514233,2026-07-06 17:25:14.233,C3:00:00:63:4D:0A,-55,127,3.0,4.0,1.5
1783351514242,2026-07-06 17:25:14.242,C3:00:00:63:4D:0D,-54,127,3.0,4.0,1.5
1783351514262,2026-07-06 17:25:14.262,C3:00:00:63:4D:07,-59,127,3.0,4.0,1.5
1783351514279,2026-07-06 17:25:14.279,C3:00:00:63:4C:D2,-63,127,3.0,4.0,1.5
1783351514283,2026-07-06 17:25:14.283,C3:00:00:63:4D:08,-52,127,3.0,4.0,1.5
1783351514315,2026-07-06 17:25:14.315,C3:00:00:63:4D:04,-58,127,3.0,4.0,1.5
1783351514325,2026-07-06 17:25:14.325,C3:00:00:63:4D:05,-55,127,3.0,4.0,1.5
1783351514329,2026-07-06 17:25:14.329,C3:00:00:63:4D:0A,-68,127,3.0,4.0,1.5
1783351514337,2026-07-06 17:25:14.337,C3:00:00:63:4D:09,-54,127,3.0,4.0,1.5
1783351514355,2026-07-06 17:25:14.355,C3:00:00:63:4D:0D,-50,127,3.0,4.0,1.5
1783351514370,2026-07-06 17:25:14.370,C3:00:00:63:4D:07,-63,127,3.0,4.0,1.5
1783351514393,2026-07-06 17:25:14.393,C3:00:00:63:4C:D2,-56,127,3.0,4.0,1.5
1783351514403,2026-07-06 17:25:14.403,C3:00:00:63:4D:0A,-73,127,3.0,4.0,1.5
1783351514411,2026-07-06 17:25:14.411,C3:00:00:63:4D:04,-65,127,3.0,4.0,1.5
1783351514418,2026-07-06 17:25:14.418,C3:00:00:63:4D:08,-54,127,3.0,4.0,1.5
1783351514425,2026-07-06 17:25:14.425,C3:00:00:63:4D:05,-58,127,3.0,4.0,1.5
1783351514438,2026-07-06 17:25:14.438,C3:00:00:63:4D:0A,-61,127,3.0,4.0,1.5
1783351514441,2026-07-06 17:25:14.441,C3:00:00:63:4D:09,-58,127,3.0,4.0,1.5
1783351514464,2026-07-06 17:25:14.464,C3:00:00:63:4D:0D,-53,127,3.0,4.0,1.5
1783351514468,2026-07-06 17:25:14.468,C3:00:00:63:4D:05,-65,127,3.0,4.0,1.5
1783351514474,2026-07-06 17:25:14.474,C3:00:00:63:4D:07,-60,127,3.0,4.0,1.5
1783351514519,2026-07-06 17:25:14.519,C3:00:00:63:4D:08,-59,127,3.0,4.0,1.5
1783351514523,2026-07-06 17:25:14.523,C3:00:00:63:4D:05,-75,127,3.0,4.0,1.5
1783351514538,2026-07-06 17:25:14.538,C3:00:00:63:4D:0A,-55,127,3.0,4.0,1.5
1783351514557,2026-07-06 17:25:14.557,C3:00:00:63:4D:09,-60,127,3.0,4.0,1.5
1783351514560,2026-07-06 17:25:14.560,C3:00:00:63:4D:07,-70,127,3.0,4.0,1.5
1783351514568,2026-07-06 17:25:14.568,C3:00:00:63:4D:0D,-51,127,3.0,4.0,1.5
1783351514593,2026-07-06 17:25:14.593,C3:00:00:63:4C:D2,-65,127,3.0,4.0,1.5
1783351514611,2026-07-06 17:25:14.611,C3:00:00:63:4D:09,-58,127,3.0,4.0,1.5
1783351514619,2026-07-06 17:25:14.619,C3:00:00:63:4D:04,-57,127,3.0,4.0,1.5
1783351514629,2026-07-06 17:25:14.629,C3:00:00:63:4D:08,-58,127,3.0,4.0,1.5
1783351514649,2026-07-06 17:25:14.649,C3:00:00:63:4D:0A,-69,127,3.0,4.0,1.5
1783351514658,2026-07-06 17:25:14.658,C3:00:00:63:4D:07,-73,127,3.0,4.0,1.5
1783351514672,2026-07-06 17:25:14.672,C3:00:00:63:4D:09,-57,127,3.0,4.0,1.5
1783351514679,2026-07-06 17:25:14.679,C3:00:00:63:4D:0D,-53,127,3.0,4.0,1.5
1783351514700,2026-07-06 17:25:14.700,C3:00:00:63:4D:04,-57,127,3.0,4.0,1.5
1783351514725,2026-07-06 17:25:14.725,C3:00:00:63:4D:05,-55,127,3.0,4.0,1.5
1783351514730,2026-07-06 17:25:14.730,C3:00:00:63:4D:04,-59,127,3.0,4.0,1.5
1783351514744,2026-07-06 17:25:14.744,C3:00:00:63:4D:08,-56,127,3.0,4.0,1.5
1783351514769,2026-07-06 17:25:14.769,C3:00:00:63:4D:07,-65,127,3.0,4.0,1.5
1783351514786,2026-07-06 17:25:14.786,C3:00:00:63:4D:0D,-56,127,3.0,4.0,1.5
1783351514793,2026-07-06 17:25:14.793,C3:00:00:63:4D:09,-59,127,3.0,4.0,1.5
1783351514822,2026-07-06 17:25:14.822,C3:00:00:63:4D:05,-68,127,3.0,4.0,1.5
1783351514826,2026-07-06 17:25:14.826,C3:00:00:63:4D:04,-58,127,3.0,4.0,1.5
1783351514836,2026-07-06 17:25:14.836,C3:00:00:63:4D:0A,-54,127,3.0,4.0,1.5
1783351514854,2026-07-06 17:25:14.854,C3:00:00:63:4D:08,-63,127,3.0,4.0,1.5
1783351514860,2026-07-06 17:25:14.860,C3:00:00:63:4D:07,-64,127,3.0,4.0,1.5
1783351514890,2026-07-06 17:25:14.890,C3:00:00:63:4D:0D,-52,127,3.0,4.0,1.5
1783351514906,2026-07-06 17:25:14.906,C3:00:00:63:4D:09,-61,127,3.0,4.0,1.5
1783351514926,2026-07-06 17:25:14.926,C3:00:00:63:4C:D2,-57,127,3.0,4.0,1.5
1783351514930,2026-07-06 17:25:14.930,C3:00:00:63:4D:05,-55,127,3.0,4.0,1.5
1783351514934,2026-07-06 17:25:14.934,C3:00:00:63:4D:04,-56,127,3.0,4.0,1.5
1783351514967,2026-07-06 17:25:14.967,C3:00:00:63:4D:07,-61,127,3.0,4.0,1.5
1783351514975,2026-07-06 17:25:14.975,C3:00:00:63:4D:08,-59,127,3.0,4.0,1.5
1783351514997,2026-07-06 17:25:14.997,C3:00:00:63:4D:0D,-52,127,3.0,4.0,1.5
1783351515000,2026-07-06 17:25:15.000,C3:00:00:63:4C:D2,-62,127,3.0,4.0,1.5
1783351515019,2026-07-06 17:25:15.019,C3:00:00:63:4D:0D,-57,127,3.0,4.0,1.5
1783351515023,2026-07-06 17:25:15.023,C3:00:00:63:4D:09,-58,127,3.0,4.0,1.5
1783351515027,2026-07-06 17:25:15.027,C3:00:00:63:4C:D2,-54,127,3.0,4.0,1.5
1783351515029,2026-07-06 17:25:15.029,C3:00:00:63:4D:04,-61,127,3.0,4.0,1.5
1783351515036,2026-07-06 17:25:15.036,C3:00:00:63:4D:05,-57,127,3.0,4.0,1.5
1783351515071,2026-07-06 17:25:15.071,C3:00:00:63:4D:0A,-62,127,3.0,4.0,1.5
1783351515102,2026-07-06 17:25:15.102,C3:00:00:63:4D:05,-56,127,3.0,4.0,1.5
1783351515111,2026-07-06 17:25:15.111,C3:00:00:63:4D:0D,-55,127,3.0,4.0,1.5
1783351515166,2026-07-06 17:25:15.166,C3:00:00:63:4D:07,-65,127,3.0,4.0,1.5
1783351515170,2026-07-06 17:25:15.170,C3:00:00:63:4D:0A,-56,127,3.0,4.0,1.5
1783351515188,2026-07-06 17:25:15.188,C3:00:00:63:4D:0A,-56,127,3.0,4.0,1.5
1783351515204,2026-07-06 17:25:15.204,C3:00:00:63:4D:08,-60,127,3.0,4.0,1.5
1783351515216,2026-07-06 17:25:15.216,C3:00:00:63:4D:0D,-50,127,3.0,4.0,1.5
1783351515237,2026-07-06 17:25:15.237,C3:00:00:63:4D:04,-62,127,3.0,4.0,1.5
1783351515266,2026-07-06 17:25:15.266,C3:00:00:63:4D:07,-62,127,3.0,4.0,1.5
1783351515283,2026-07-06 17:25:15.283,C3:00:00:63:4D:0A,-69,127,3.0,4.0,1.5
1783351515320,2026-07-06 17:25:15.320,C3:00:00:63:4D:08,-54,127,3.0,4.0,1.5
1783351515333,2026-07-06 17:25:15.333,C3:00:00:63:4D:0D,-50,127,3.0,4.0,1.5
1783351515342,2026-07-06 17:25:15.342,C3:00:00:63:4D:05,-59,127,3.0,4.0,1.5
1783351515345,2026-07-06 17:25:15.345,C3:00:00:63:4D:04,-63,127,3.0,4.0,1.5
1783351515349,2026-07-06 17:25:15.349,C3:00:00:63:4C:D2,-61,127,3.0,4.0,1.5
1783351515356,2026-07-06 17:25:15.356,C3:00:00:63:4D:09,-58,127,3.0,4.0,1.5
1783351515368,2026-07-06 17:25:15.368,C3:00:00:63:4D:07,-64,127,3.0,4.0,1.5
1783351515386,2026-07-06 17:25:15.386,C3:00:00:63:4D:0A,-62,127,3.0,4.0,1.5
1783351515431,2026-07-06 17:25:15.431,C3:00:00:63:4D:0D,-51,127,3.0,4.0,1.5
1783351515443,2026-07-06 17:25:15.443,C3:00:00:63:4C:D2,-61,127,3.0,4.0,1.5
1783351515461,2026-07-06 17:25:15.461,C3:00:00:63:4D:0D,-52,127,3.0,4.0,1.5
1783351515469,2026-07-06 17:25:15.469,C3:00:00:63:4D:07,-60,127,3.0,4.0,1.5
1783351515477,2026-07-06 17:25:15.477,C3:00:00:63:4D:09,-58,127,3.0,4.0,1.5
1783351515486,2026-07-06 17:25:15.486,C3:00:00:63:4D:08,-52,127,3.0,4.0,1.5
1783351515491,2026-07-06 17:25:15.491,C3:00:00:63:4D:0D,-60,127,3.0,4.0,1.5
1783351515493,2026-07-06 17:25:15.493,C3:00:00:63:4D:0A,-56,127,3.0,4.0,1.5
1783351515498,2026-07-06 17:25:15.498,C3:00:00:63:4D:07,-60,127,3.0,4.0,1.5
1783351515530,2026-07-06 17:25:15.530,C3:00:00:63:4D:05,-68,127,3.0,4.0,1.5
1783351515541,2026-07-06 17:25:15.541,C3:00:00:63:4D:0D,-51,127,3.0,4.0,1.5
1783351515550,2026-07-06 17:25:15.550,C3:00:00:63:4C:D2,-61,127,3.0,4.0,1.5
1783351515554,2026-07-06 17:25:15.554,C3:00:00:63:4D:08,-54,127,3.0,4.0,1.5
1783351515566,2026-07-06 17:25:15.566,C3:00:00:63:4D:07,-62,127,3.0,4.0,1.5
1783351515594,2026-07-06 17:25:15.594,C3:00:00:63:4D:0A,-68,127,3.0,4.0,1.5
1783351515597,2026-07-06 17:25:15.597,C3:00:00:63:4D:09,-56,127,3.0,4.0,1.5
1783351515634,2026-07-06 17:25:15.634,C3:00:00:63:4D:05,-56,127,3.0,4.0,1.5
1783351515639,2026-07-06 17:25:15.639,C3:00:00:63:4D:08,-60,127,3.0,4.0,1.5
1783351515652,2026-07-06 17:25:15.652,C3:00:00:63:4D:04,-63,127,3.0,4.0,1.5
1783351515658,2026-07-06 17:25:15.658,C3:00:00:63:4D:0D,-63,127,3.0,4.0,1.5
1783351515664,2026-07-06 17:25:15.664,C3:00:00:63:4C:D2,-61,127,3.0,4.0,1.5
1783351515667,2026-07-06 17:25:15.667,C3:00:00:63:4D:08,-53,127,3.0,4.0,1.5
1783351515696,2026-07-06 17:25:15.696,C3:00:00:63:4D:09,-56,127,3.0,4.0,1.5
1783351515756,2026-07-06 17:25:15.756,C3:00:00:63:4D:04,-64,127,3.0,4.0,1.5
1783351515761,2026-07-06 17:25:15.761,C3:00:00:63:4D:0D,-50,127,3.0,4.0,1.5
1783351515766,2026-07-06 17:25:15.766,C3:00:00:63:4C:D2,-74,127,3.0,4.0,1.5
1783351515771,2026-07-06 17:25:15.771,C3:00:00:63:4D:07,-61,127,3.0,4.0,1.5
1783351515775,2026-07-06 17:25:15.775,C3:00:00:63:4D:04,-62,127,3.0,4.0,1.5
1783351515779,2026-07-06 17:25:15.779,C3:00:00:63:4D:08,-55,127,3.0,4.0,1.5
1783351515820,2026-07-06 17:25:15.820,C3:00:00:63:4D:09,-57,127,3.0,4.0,1.5
1783351515836,2026-07-06 17:25:15.836,C3:00:00:63:4D:05,-55,127,3.0,4.0,1.5
1783351515842,2026-07-06 17:25:15.842,C3:00:00:63:4D:09,-65,127,3.0,4.0,1.5
1783351515850,2026-07-06 17:25:15.850,C3:00:00:63:4D:04,-64,127,3.0,4.0,1.5
1783351515866,2026-07-06 17:25:15.866,C3:00:00:63:4D:07,-58,127,3.0,4.0,1.5
1783351515870,2026-07-06 17:25:15.870,C3:00:00:63:4D:0D,-52,127,3.0,4.0,1.5
1783351515873,2026-07-06 17:25:15.873,C3:00:00:63:4C:D2,-58,127,3.0,4.0,1.5
1783351515899,2026-07-06 17:25:15.899,C3:00:00:63:4D:08,-57,127,3.0,4.0,1.5
1783351515933,2026-07-06 17:25:15.933,C3:00:00:63:4D:09,-61,127,3.0,4.0,1.5
1783351515956,2026-07-06 17:25:15.956,C3:00:00:63:4D:05,-54,127,3.0,4.0,1.5
1783351515961,2026-07-06 17:25:15.961,C3:00:00:63:4D:04,-60,127,3.0,4.0,1.5
1783351515965,2026-07-06 17:25:15.965,C3:00:00:63:4D:07,-75,127,3.0,4.0,1.5
1783351515970,2026-07-06 17:25:15.970,C3:00:00:63:4D:05,-54,127,3.0,4.0,1.5
1783351515975,2026-07-06 17:25:15.975,C3:00:00:63:4D:0D,-56,127,3.0,4.0,1.5
1783351515984,2026-07-06 17:25:15.984,C3:00:00:63:4C:D2,-56,127,3.0,4.0,1.5
1783351516005,2026-07-06 17:25:16.005,C3:00:00:63:4D:08,-50,127,3.0,4.0,1.5
1783351516040,2026-07-06 17:25:16.040,C3:00:00:63:4D:05,-74,127,3.0,4.0,1.5
1783351516043,2026-07-06 17:25:16.043,C3:00:00:63:4D:09,-62,127,3.0,4.0,1.5
1783351516064,2026-07-06 17:25:16.064,C3:00:00:63:4D:07,-60,127,3.0,4.0,1.5
1783351516068,2026-07-06 17:25:16.068,C3:00:00:63:4D:04,-58,127,3.0,4.0,1.5
1783351516083,2026-07-06 17:25:16.083,C3:00:00:63:4D:0D,-52,127,3.0,4.0,1.5
1783351516086,2026-07-06 17:25:16.086,C3:00:00:63:4C:D2,-70,127,3.0,4.0,1.5
1783351516118,2026-07-06 17:25:16.118,C3:00:00:63:4D:0A,-65,127,3.0,4.0,1.5
1783351516123,2026-07-06 17:25:16.123,C3:00:00:63:4D:08,-61,127,3.0,4.0,1.5
1783351516134,2026-07-06 17:25:16.134,C3:00:00:63:4D:05,-54,127,3.0,4.0,1.5
1783351516191,2026-07-06 17:25:16.191,C3:00:00:63:4C:D2,-56,127,3.0,4.0,1.5
1783351516195,2026-07-06 17:25:16.195,C3:00:00:63:4D:0D,-50,127,3.0,4.0,1.5
1783351516219,2026-07-06 17:25:16.219,C3:00:00:63:4D:04,-64,127,3.0,4.0,1.5
1783351516224,2026-07-06 17:25:16.224,C3:00:00:63:4D:0A,-60,127,3.0,4.0,1.5
1783351516241,2026-07-06 17:25:16.241,C3:00:00:63:4D:08,-52,127,3.0,4.0,1.5
1783351516267,2026-07-06 17:25:16.267,C3:00:00:63:4D:07,-66,127,3.0,4.0,1.5
1783351516271,2026-07-06 17:25:16.271,C3:00:00:63:4D:04,-64,127,3.0,4.0,1.5
1783351516274,2026-07-06 17:25:16.274,C3:00:00:63:4D:09,-61,127,3.0,4.0,1.5
1783351516296,2026-07-06 17:25:16.296,C3:00:00:63:4C:D2,-55,127,3.0,4.0,1.5
1783351516301,2026-07-06 17:25:16.301,C3:00:00:63:4D:0D,-60,127,3.0,4.0,1.5
1783351516329,2026-07-06 17:25:16.329,C3:00:00:63:4D:0A,-57,127,3.0,4.0,1.5
1783351516334,2026-07-06 17:25:16.334,C3:00:00:63:4D:07,-70,127,3.0,4.0,1.5
1783351516341,2026-07-06 17:25:16.341,C3:00:00:63:4D:05,-58,127,3.0,4.0,1.5
1783351516350,2026-07-06 17:25:16.350,C3:00:00:63:4D:08,-52,127,3.0,4.0,1.5
1783351516363,2026-07-06 17:25:16.363,C3:00:00:63:4D:04,-59,127,3.0,4.0,1.5
1783351516367,2026-07-06 17:25:16.367,C3:00:00:63:4D:07,-68,127,3.0,4.0,1.5
1783351516387,2026-07-06 17:25:16.387,C3:00:00:63:4D:09,-66,127,3.0,4.0,1.5
1783351516446,2026-07-06 17:25:16.446,C3:00:00:63:4D:05,-59,127,3.0,4.0,1.5
1783351516471,2026-07-06 17:25:16.471,C3:00:00:63:4D:08,-54,127,3.0,4.0,1.5
1783351516475,2026-07-06 17:25:16.475,C3:00:00:63:4D:07,-61,127,3.0,4.0,1.5
1783351516478,2026-07-06 17:25:16.478,C3:00:00:63:4D:04,-60,127,3.0,4.0,1.5
1783351516499,2026-07-06 17:25:16.499,C3:00:00:63:4D:09,-59,127,3.0,4.0,1.5
1783351516505,2026-07-06 17:25:16.505,C3:00:00:63:4C:D2,-57,127,3.0,4.0,1.5
1783351516516,2026-07-06 17:25:16.516,C3:00:00:63:4D:0D,-54,127,3.0,4.0,1.5
1783351516535,2026-07-06 17:25:16.535,C3:00:00:63:4D:0A,-58,127,3.0,4.0,1.5
1783351516550,2026-07-06 17:25:16.550,C3:00:00:63:4D:05,-55,127,3.0,4.0,1.5
1783351516566,2026-07-06 17:25:16.566,C3:00:00:63:4D:07,-64,127,3.0,4.0,1.5
1783351516575,2026-07-06 17:25:16.575,C3:00:00:63:4D:04,-62,127,3.0,4.0,1.5
1783351516584,2026-07-06 17:25:16.584,C3:00:00:63:4D:08,-55,127,3.0,4.0,1.5
1783351516628,2026-07-06 17:25:16.628,C3:00:00:63:4D:0D,-54,127,3.0,4.0,1.5
1783351516642,2026-07-06 17:25:16.642,C3:00:00:63:4D:09,-68,127,3.0,4.0,1.5
1783351516649,2026-07-06 17:25:16.649,C3:00:00:63:4D:0A,-56,127,3.0,4.0,1.5
1783351516656,2026-07-06 17:25:16.656,C3:00:00:63:4D:0D,-54,127,3.0,4.0,1.5
1783351516667,2026-07-06 17:25:16.667,C3:00:00:63:4D:07,-68,127,3.0,4.0,1.5
1783351516672,2026-07-06 17:25:16.672,C3:00:00:63:4D:04,-66,127,3.0,4.0,1.5
1783351516693,2026-07-06 17:25:16.693,C3:00:00:63:4D:08,-54,127,3.0,4.0,1.5
1783351516707,2026-07-06 17:25:16.707,C3:00:00:63:4D:04,-66,127,3.0,4.0,1.5
1783351516725,2026-07-06 17:25:16.725,C3:00:00:63:4D:04,-67,127,3.0,4.0,1.5
1783351516730,2026-07-06 17:25:16.730,C3:00:00:63:4D:09,-56,127,3.0,4.0,1.5
1783351516743,2026-07-06 17:25:16.743,C3:00:00:63:4D:0A,-67,127,3.0,4.0,1.5
1783351516746,2026-07-06 17:25:16.746,C3:00:00:63:4D:05,-57,127,3.0,4.0,1.5
1783351516763,2026-07-06 17:25:16.763,C3:00:00:63:4D:07,-64,127,3.0,4.0,1.5
1783351516782,2026-07-06 17:25:16.782,C3:00:00:63:4D:04,-60,127,3.0,4.0,1.5
1783351516813,2026-07-06 17:25:16.813,C3:00:00:63:4D:08,-55,127,3.0,4.0,1.5
1783351516828,2026-07-06 17:25:16.828,C3:00:00:63:4C:D2,-56,127,3.0,4.0,1.5
1783351516838,2026-07-06 17:25:16.838,C3:00:00:63:4D:09,-58,127,3.0,4.0,1.5
1783351516841,2026-07-06 17:25:16.841,C3:00:00:63:4D:0D,-55,127,3.0,4.0,1.5
1783351516851,2026-07-06 17:25:16.851,C3:00:00:63:4D:0A,-60,127,3.0,4.0,1.5
1783351516864,2026-07-06 17:25:16.864,C3:00:00:63:4D:07,-69,127,3.0,4.0,1.5
1783351516873,2026-07-06 17:25:16.873,C3:00:00:63:4D:0A,-58,127,3.0,4.0,1.5
1783351516889,2026-07-06 17:25:16.889,C3:00:00:63:4D:04,-64,127,3.0,4.0,1.5
1783351516930,2026-07-06 17:25:16.930,C3:00:00:63:4C:D2,-63,127,3.0,4.0,1.5
1783351516934,2026-07-06 17:25:16.934,C3:00:00:63:4D:08,-53,127,3.0,4.0,1.5
1783351516941,2026-07-06 17:25:16.941,C3:00:00:63:4D:0D,-54,127,3.0,4.0,1.5
1783351516947,2026-07-06 17:25:16.947,C3:00:00:63:4D:05,-63,127,3.0,4.0,1.5
1783351516950,2026-07-06 17:25:16.950,C3:00:00:63:4D:09,-60,127,3.0,4.0,1.5
1783351516956,2026-07-06 17:25:16.956,C3:00:00:63:4D:0A,-57,127,3.0,4.0,1.5
1783351516965,2026-07-06 17:25:16.965,C3:00:00:63:4D:07,-64,127,3.0,4.0,1.5
1783351516977,2026-07-06 17:25:16.977,C3:00:00:63:4C:D2,-60,127,3.0,4.0,1.5
1783351516989,2026-07-06 17:25:16.989,C3:00:00:63:4D:04,-64,127,3.0,4.0,1.5
1783351517031,2026-07-06 17:25:17.031,C3:00:00:63:4D:0D,-50,127,3.0,4.0,1.5
1783351517041,2026-07-06 17:25:17.041,C3:00:00:63:4D:08,-57,127,3.0,4.0,1.5
1783351517054,2026-07-06 17:25:17.054,C3:00:00:63:4C:D2,-59,127,3.0,4.0,1.5
1783351517060,2026-07-06 17:25:17.060,C3:00:00:63:4D:05,-54,127,3.0,4.0,1.5
1783351517069,2026-07-06 17:25:17.069,C3:00:00:63:4D:0D,-50,127,3.0,4.0,1.5
1783351517071,2026-07-06 17:25:17.071,C3:00:00:63:4D:0A,-71,127,3.0,4.0,1.5
1783351517078,2026-07-06 17:25:17.078,C3:00:00:63:4D:07,-62,127,3.0,4.0,1.5
1783351517080,2026-07-06 17:25:17.080,C3:00:00:63:4D:09,-55,127,3.0,4.0,1.5
1783351517092,2026-07-06 17:25:17.092,C3:00:00:63:4D:04,-61,127,3.0,4.0,1.5
1783351517113,2026-07-06 17:25:17.113,C3:00:00:63:4D:05,-54,127,3.0,4.0,1.5
1783351517145,2026-07-06 17:25:17.145,C3:00:00:63:4D:0A,-62,127,3.0,4.0,1.5
1783351517150,2026-07-06 17:25:17.150,C3:00:00:63:4C:D2,-61,127,3.0,4.0,1.5
1783351517156,2026-07-06 17:25:17.156,C3:00:00:63:4D:05,-54,127,3.0,4.0,1.5
1783351517162,2026-07-06 17:25:17.162,C3:00:00:63:4D:08,-53,127,3.0,4.0,1.5
1783351517175,2026-07-06 17:25:17.175,C3:00:00:63:4D:0A,-63,127,3.0,4.0,1.5
1783351517178,2026-07-06 17:25:17.178,C3:00:00:63:4D:07,-64,127,3.0,4.0,1.5
1783351517191,2026-07-06 17:25:17.191,C3:00:00:63:4D:09,-58,127,3.0,4.0,1.5
1783351517197,2026-07-06 17:25:17.197,C3:00:00:63:4D:04,-61,127,3.0,4.0,1.5
1783351517248,2026-07-06 17:25:17.248,C3:00:00:63:4C:D2,-64,127,3.0,4.0,1.5
1783351517252,2026-07-06 17:25:17.252,C3:00:00:63:4D:05,-67,127,3.0,4.0,1.5
1783351517258,2026-07-06 17:25:17.258,C3:00:00:63:4D:07,-62,127,3.0,4.0,1.5
1783351517267,2026-07-06 17:25:17.267,C3:00:00:63:4D:0A,-55,127,3.0,4.0,1.5
1783351517273,2026-07-06 17:25:17.273,C3:00:00:63:4D:08,-53,127,3.0,4.0,1.5
1783351517297,2026-07-06 17:25:17.297,C3:00:00:63:4D:09,-59,127,3.0,4.0,1.5
1783351517350,2026-07-06 17:25:17.350,C3:00:00:63:4D:05,-56,127,3.0,4.0,1.5
1783351517356,2026-07-06 17:25:17.356,C3:00:00:63:4C:D2,-62,127,3.0,4.0,1.5
1783351517362,2026-07-06 17:25:17.362,C3:00:00:63:4D:07,-64,127,3.0,4.0,1.5
1783351517374,2026-07-06 17:25:17.374,C3:00:00:63:4D:0D,-49,127,3.0,4.0,1.5
1783351517390,2026-07-06 17:25:17.390,C3:00:00:63:4D:08,-57,127,3.0,4.0,1.5
1783351517412,2026-07-06 17:25:17.412,C3:00:00:63:4D:09,-55,127,3.0,4.0,1.5
1783351517454,2026-07-06 17:25:17.454,C3:00:00:63:4D:07,-64,127,3.0,4.0,1.5
1783351517458,2026-07-06 17:25:17.458,C3:00:00:63:4D:0D,-58,127,3.0,4.0,1.5
1783351517474,2026-07-06 17:25:17.474,C3:00:00:63:4D:07,-62,127,3.0,4.0,1.5
1783351517477,2026-07-06 17:25:17.477,C3:00:00:63:4D:0A,-56,127,3.0,4.0,1.5
1783351517482,2026-07-06 17:25:17.482,C3:00:00:63:4D:08,-52,127,3.0,4.0,1.5
1783351517485,2026-07-06 17:25:17.485,C3:00:00:63:4D:0D,-60,127,3.0,4.0,1.5
1783351517497,2026-07-06 17:25:17.497,C3:00:00:63:4D:07,-62,127,3.0,4.0,1.5
1783351517504,2026-07-06 17:25:17.504,C3:00:00:63:4D:04,-68,127,3.0,4.0,1.5
1783351517506,2026-07-06 17:25:17.506,C3:00:00:63:4D:08,-53,127,3.0,4.0,1.5
1783351517516,2026-07-06 17:25:17.516,C3:00:00:63:4D:09,-60,127,3.0,4.0,1.5
1783351517557,2026-07-06 17:25:17.557,C3:00:00:63:4D:05,-68,127,3.0,4.0,1.5
1783351517562,2026-07-06 17:25:17.562,C3:00:00:63:4C:D2,-61,127,3.0,4.0,1.5
1783351517567,2026-07-06 17:25:17.567,C3:00:00:63:4D:07,-78,127,3.0,4.0,1.5
1783351517582,2026-07-06 17:25:17.582,C3:00:00:63:4D:09,-63,127,3.0,4.0,1.5
1783351517587,2026-07-06 17:25:17.587,C3:00:00:63:4D:08,-54,127,3.0,4.0,1.5
1783351517593,2026-07-06 17:25:17.593,C3:00:00:63:4D:0D,-57,127,3.0,4.0,1.5
1783351517599,2026-07-06 17:25:17.599,C3:00:00:63:4D:05,-65,127,3.0,4.0,1.5
1783351517604,2026-07-06 17:25:17.604,C3:00:00:63:4D:04,-59,127,3.0,4.0,1.5
1783351517608,2026-07-06 17:25:17.608,C3:00:00:63:4C:D2,-58,127,3.0,4.0,1.5
1783351517617,2026-07-06 17:25:17.617,C3:00:00:63:4D:08,-58,127,3.0,4.0,1.5
1783351517632,2026-07-06 17:25:17.632,C3:00:00:63:4D:09,-54,127,3.0,4.0,1.5
1783351517668,2026-07-06 17:25:17.668,C3:00:00:63:4D:07,-65,127,3.0,4.0,1.5
1783351517673,2026-07-06 17:25:17.673,C3:00:00:63:4C:D2,-58,127,3.0,4.0,1.5
1783351517709,2026-07-06 17:25:17.709,C3:00:00:63:4D:04,-58,127,3.0,4.0,1.5
1783351517728,2026-07-06 17:25:17.728,C3:00:00:63:4D:08,-49,127,3.0,4.0,1.5
1783351517752,2026-07-06 17:25:17.752,C3:00:00:63:4D:09,-55,127,3.0,4.0,1.5
1783351517765,2026-07-06 17:25:17.765,C3:00:00:63:4D:07,-67,127,3.0,4.0,1.5
1783351517779,2026-07-06 17:25:17.779,C3:00:00:63:4C:D2,-58,127,3.0,4.0,1.5
1783351517789,2026-07-06 17:25:17.789,C3:00:00:63:4D:07,-77,127,3.0,4.0,1.5
1783351517794,2026-07-06 17:25:17.794,C3:00:00:63:4D:0A,-65,127,3.0,4.0,1.5
1783351517804,2026-07-06 17:25:17.804,C3:00:00:63:4D:0D,-55,127,3.0,4.0,1.5
1783351517856,2026-07-06 17:25:17.856,C3:00:00:63:4D:08,-57,127,3.0,4.0,1.5
1783351517861,2026-07-06 17:25:17.861,C3:00:00:63:4D:05,-77,127,3.0,4.0,1.5
1783351517892,2026-07-06 17:25:17.892,C3:00:00:63:4C:D2,-66,127,3.0,4.0,1.5
1783351517919,2026-07-06 17:25:17.919,C3:00:00:63:4D:04,-60,127,3.0,4.0,1.5
1783351517924,2026-07-06 17:25:17.924,C3:00:00:63:4D:0D,-50,127,3.0,4.0,1.5
1783351517957,2026-07-06 17:25:17.957,C3:00:00:63:4D:05,-56,127,3.0,4.0,1.5
1783351517960,2026-07-06 17:25:17.960,C3:00:00:63:4D:07,-69,127,3.0,4.0,1.5
1783351517966,2026-07-06 17:25:17.966,C3:00:00:63:4D:08,-59,127,3.0,4.0,1.5
1783351517978,2026-07-06 17:25:17.978,C3:00:00:63:4D:05,-57,127,3.0,4.0,1.5
1783351517983,2026-07-06 17:25:17.983,C3:00:00:63:4D:09,-56,127,3.0,4.0,1.5
1783351518004,2026-07-06 17:25:18.004,C3:00:00:63:4D:0A,-67,127,3.0,4.0,1.5
1783351518020,2026-07-06 17:25:18.020,C3:00:00:63:4D:04,-65,127,3.0,4.0,1.5
1783351518023,2026-07-06 17:25:18.023,C3:00:00:63:4D:0D,-53,127,3.0,4.0,1.5
1783351518062,2026-07-06 17:25:18.062,C3:00:00:63:4D:07,-67,127,3.0,4.0,1.5
1783351518075,2026-07-06 17:25:18.075,C3:00:00:63:4D:08,-52,127,3.0,4.0,1.5
1783351518119,2026-07-06 17:25:18.119,C3:00:00:63:4D:04,-56,127,3.0,4.0,1.5
1783351518125,2026-07-06 17:25:18.125,C3:00:00:63:4D:0D,-56,127,3.0,4.0,1.5
1783351518154,2026-07-06 17:25:18.154,C3:00:00:63:4D:05,-68,127,3.0,4.0,1.5
1783351518158,2026-07-06 17:25:18.158,C3:00:00:63:4D:07,-60,127,3.0,4.0,1.5
1783351518195,2026-07-06 17:25:18.195,C3:00:00:63:4D:08,-59,127,3.0,4.0,1.5
1783351518219,2026-07-06 17:25:18.219,C3:00:00:63:4D:09,-54,127,3.0,4.0,1.5
1783351518224,2026-07-06 17:25:18.224,C3:00:00:63:4D:0A,-62,127,3.0,4.0,1.5
1783351518227,2026-07-06 17:25:18.227,C3:00:00:63:4D:04,-60,127,3.0,4.0,1.5
1783351518245,2026-07-06 17:25:18.245,C3:00:00:63:4D:0D,-52,127,3.0,4.0,1.5
1783351518249,2026-07-06 17:25:18.249,C3:00:00:63:4D:04,-61,127,3.0,4.0,1.5
1783351518257,2026-07-06 17:25:18.257,C3:00:00:63:4D:05,-56,127,3.0,4.0,1.5
1783351518269,2026-07-06 17:25:18.269,C3:00:00:63:4D:07,-62,127,3.0,4.0,1.5
1783351518302,2026-07-06 17:25:18.302,C3:00:00:63:4D:08,-58,127,3.0,4.0,1.5
1783351518306,2026-07-06 17:25:18.306,C3:00:00:63:4C:D2,-55,127,3.0,4.0,1.5
1783351518326,2026-07-06 17:25:18.326,C3:00:00:63:4D:09,-57,127,3.0,4.0,1.5
1783351518347,2026-07-06 17:25:18.347,C3:00:00:63:4D:0D,-53,127,3.0,4.0,1.5
1783351518367,2026-07-06 17:25:18.367,C3:00:00:63:4D:07,-60,127,3.0,4.0,1.5
1783351518370,2026-07-06 17:25:18.370,C3:00:00:63:4D:05,-59,127,3.0,4.0,1.5
1783351518407,2026-07-06 17:25:18.407,C3:00:00:63:4D:08,-53,127,3.0,4.0,1.5
1783351518414,2026-07-06 17:25:18.414,C3:00:00:63:4C:D2,-65,127,3.0,4.0,1.5
1783351518426,2026-07-06 17:25:18.426,C3:00:00:63:4D:0A,-65,127,3.0,4.0,1.5
1783351518431,2026-07-06 17:25:18.431,C3:00:00:63:4D:08,-64,127,3.0,4.0,1.5
1783351518438,2026-07-06 17:25:18.438,C3:00:00:63:4D:04,-56,127,3.0,4.0,1.5
1783351518455,2026-07-06 17:25:18.455,C3:00:00:63:4D:0D,-57,127,3.0,4.0,1.5
1783351518466,2026-07-06 17:25:18.466,C3:00:00:63:4D:05,-62,127,3.0,4.0,1.5
1783351518473,2026-07-06 17:25:18.473,C3:00:00:63:4D:07,-63,127,3.0,4.0,1.5
1783351518483,2026-07-06 17:25:18.483,C3:00:00:63:4D:05,-68,127,3.0,4.0,1.5
1783351518532,2026-07-06 17:25:18.532,C3:00:00:63:4D:04,-55,127,3.0,4.0,1.5
1783351518536,2026-07-06 17:25:18.536,C3:00:00:63:4D:08,-61,127,3.0,4.0,1.5
1783351518550,2026-07-06 17:25:18.550,C3:00:00:63:4D:09,-56,127,3.0,4.0,1.5
1783351518564,2026-07-06 17:25:18.564,C3:00:00:63:4D:05,-54,127,3.0,4.0,1.5
1783351518571,2026-07-06 17:25:18.571,C3:00:00:63:4D:0D,-53,127,3.0,4.0,1.5
1783351518615,2026-07-06 17:25:18.615,C3:00:00:63:4D:09,-57,127,3.0,4.0,1.5
1783351518631,2026-07-06 17:25:18.631,C3:00:00:63:4C:D2,-54,127,3.0,4.0,1.5
1783351518637,2026-07-06 17:25:18.637,C3:00:00:63:4D:04,-58,127,3.0,4.0,1.5
1783351518650,2026-07-06 17:25:18.650,C3:00:00:63:4D:0A,-60,127,3.0,4.0,1.5
1783351518661,2026-07-06 17:25:18.661,C3:00:00:63:4D:08,-57,127,3.0,4.0,1.5
1783351518669,2026-07-06 17:25:18.669,C3:00:00:63:4D:09,-57,127,3.0,4.0,1.5
1783351518734,2026-07-06 17:25:18.734,C3:00:00:63:4C:D2,-65,127,3.0,4.0,1.5
1783351518738,2026-07-06 17:25:18.738,C3:00:00:63:4D:04,-56,127,3.0,4.0,1.5
1783351518743,2026-07-06 17:25:18.743,C3:00:00:63:4D:0A,-58,127,3.0,4.0,1.5
1783351518780,2026-07-06 17:25:18.780,C3:00:00:63:4D:09,-60,127,3.0,4.0,1.5
1783351518838,2026-07-06 17:25:18.838,C3:00:00:63:4C:D2,-55,127,3.0,4.0,1.5
1783351518847,2026-07-06 17:25:18.847,C3:00:00:63:4D:0A,-76,127,3.0,4.0,1.5
1783351518867,2026-07-06 17:25:18.867,C3:00:00:63:4D:05,-60,127,3.0,4.0,1.5
1783351518883,2026-07-06 17:25:18.883,C3:00:00:63:4D:08,-61,127,3.0,4.0,1.5
1783351518887,2026-07-06 17:25:18.887,C3:00:00:63:4D:0D,-51,127,3.0,4.0,1.5
1783351518890,2026-07-06 17:25:18.890,C3:00:00:63:4D:09,-55,127,3.0,4.0,1.5
1783351518946,2026-07-06 17:25:18.946,C3:00:00:63:4D:04,-61,127,3.0,4.0,1.5
1783351518950,2026-07-06 17:25:18.950,C3:00:00:63:4C:D2,-54,127,3.0,4.0,1.5
1783351518953,2026-07-06 17:25:18.953,C3:00:00:63:4D:0A,-58,127,3.0,4.0,1.5
1783351518992,2026-07-06 17:25:18.992,C3:00:00:63:4C:D2,-56,127,3.0,4.0,1.5
1783351518997,2026-07-06 17:25:18.997,C3:00:00:63:4D:08,-54,127,3.0,4.0,1.5
1783351519007,2026-07-06 17:25:19.007,C3:00:00:63:4D:09,-58,127,3.0,4.0,1.5
1783351519019,2026-07-06 17:25:19.019,C3:00:00:63:4C:D2,-71,127,3.0,4.0,1.5
1783351519049,2026-07-06 17:25:19.049,C3:00:00:63:4D:04,-54,127,3.0,4.0,1.5
1783351519104,2026-07-06 17:25:19.104,C3:00:00:63:4D:0D,-54,127,3.0,4.0,1.5
1783351519115,2026-07-06 17:25:19.115,C3:00:00:63:4D:08,-64,127,3.0,4.0,1.5
1783351519130,2026-07-06 17:25:19.130,C3:00:00:63:4D:09,-54,127,3.0,4.0,1.5
1783351519140,2026-07-06 17:25:19.140,C3:00:00:63:4D:05,-57,127,3.0,4.0,1.5
1783351519144,2026-07-06 17:25:19.144,C3:00:00:63:4D:0A,-74,127,3.0,4.0,1.5
1783351519154,2026-07-06 17:25:19.154,C3:00:00:63:4D:04,-59,127,3.0,4.0,1.5
1783351519156,2026-07-06 17:25:19.156,C3:00:00:63:4C:D2,-54,127,3.0,4.0,1.5
1783351519160,2026-07-06 17:25:19.160,C3:00:00:63:4D:0A,-81,127,3.0,4.0,1.5
1783351519163,2026-07-06 17:25:19.163,C3:00:00:63:4D:07,-64,127,3.0,4.0,1.5
1783351519170,2026-07-06 17:25:19.170,C3:00:00:63:4D:05,-56,127,3.0,4.0,1.5
1783351519186,2026-07-06 17:25:19.186,C3:00:00:63:4D:0A,-79,127,3.0,4.0,1.5
1783351519218,2026-07-06 17:25:19.218,C3:00:00:63:4D:0D,-56,127,3.0,4.0,1.5
1783351519233,2026-07-06 17:25:19.233,C3:00:00:63:4D:08,-52,127,3.0,4.0,1.5
1783351519237,2026-07-06 17:25:19.237,C3:00:00:63:4D:09,-59,127,3.0,4.0,1.5
1783351519256,2026-07-06 17:25:19.256,C3:00:00:63:4D:04,-65,127,3.0,4.0,1.5
1783351519273,2026-07-06 17:25:19.273,C3:00:00:63:4C:D2,-55,127,3.0,4.0,1.5
1783351519277,2026-07-06 17:25:19.277,C3:00:00:63:4D:07,-68,127,3.0,4.0,1.5
1783351519278,2026-07-06 17:25:19.278,C3:00:00:63:4D:05,-56,127,3.0,4.0,1.5
1783351519280,2026-07-06 17:25:19.280,C3:00:00:63:4D:0A,-62,127,3.0,4.0,1.5
1783351519317,2026-07-06 17:25:19.317,C3:00:00:63:4D:0D,-58,127,3.0,4.0,1.5
1783351519344,2026-07-06 17:25:19.344,C3:00:00:63:4D:08,-55,127,3.0,4.0,1.5
1783351519348,2026-07-06 17:25:19.348,C3:00:00:63:4D:09,-59,127,3.0,4.0,1.5
1783351519351,2026-07-06 17:25:19.351,C3:00:00:63:4D:04,-56,127,3.0,4.0,1.5
1783351519367,2026-07-06 17:25:19.367,C3:00:00:63:4D:07,-60,127,3.0,4.0,1.5
1783351519371,2026-07-06 17:25:19.371,C3:00:00:63:4C:D2,-62,127,3.0,4.0,1.5
1783351519376,2026-07-06 17:25:19.376,C3:00:00:63:4D:05,-67,127,3.0,4.0,1.5
1783351519379,2026-07-06 17:25:19.379,C3:00:00:63:4D:0A,-55,127,3.0,4.0,1.5
1783351519424,2026-07-06 17:25:19.424,C3:00:00:63:4D:0D,-56,127,3.0,4.0,1.5
1783351519460,2026-07-06 17:25:19.460,C3:00:00:63:4D:04,-58,127,3.0,4.0,1.5
1783351519466,2026-07-06 17:25:19.466,C3:00:00:63:4D:08,-61,127,3.0,4.0,1.5
1783351519472,2026-07-06 17:25:19.472,C3:00:00:63:4D:0D,-56,127,3.0,4.0,1.5
1783351519476,2026-07-06 17:25:19.476,C3:00:00:63:4D:05,-57,127,3.0,4.0,1.5
1783351519480,2026-07-06 17:25:19.480,C3:00:00:63:4C:D2,-56,127,3.0,4.0,1.5
1783351519484,2026-07-06 17:25:19.484,C3:00:00:63:4D:08,-62,127,3.0,4.0,1.5
1783351519489,2026-07-06 17:25:19.489,C3:00:00:63:4D:07,-68,127,3.0,4.0,1.5
1783351519493,2026-07-06 17:25:19.493,C3:00:00:63:4D:0D,-62,127,3.0,4.0,1.5
1783351519502,2026-07-06 17:25:19.502,C3:00:00:63:4D:07,-69,127,3.0,4.0,1.5
1783351519540,2026-07-06 17:25:19.540,C3:00:00:63:4D:0D,-64,127,3.0,4.0,1.5
1783351519563,2026-07-06 17:25:19.563,C3:00:00:63:4D:07,-64,127,3.0,4.0,1.5
1783351519569,2026-07-06 17:25:19.569,C3:00:00:63:4D:04,-62,127,3.0,4.0,1.5
1783351519572,2026-07-06 17:25:19.572,C3:00:00:63:4D:08,-54,127,3.0,4.0,1.5
1783351519580,2026-07-06 17:25:19.580,C3:00:00:63:4D:0A,-61,127,3.0,4.0,1.5
1783351519586,2026-07-06 17:25:19.586,C3:00:00:63:4C:D2,-55,127,3.0,4.0,1.5
1783351519594,2026-07-06 17:25:19.594,C3:00:00:63:4D:09,-58,127,3.0,4.0,1.5
1783351519626,2026-07-06 17:25:19.626,C3:00:00:63:4C:D2,-67,127,3.0,4.0,1.5
1783351519666,2026-07-06 17:25:19.666,C3:00:00:63:4D:04,-54,127,3.0,4.0,1.5
1783351519668,2026-07-06 17:25:19.668,C3:00:00:63:4D:07,-63,127,3.0,4.0,1.5
1783351519682,2026-07-06 17:25:19.682,C3:00:00:63:4D:05,-74,127,3.0,4.0,1.5
1783351519684,2026-07-06 17:25:19.684,C3:00:00:63:4D:0A,-56,127,3.0,4.0,1.5
1783351519687,2026-07-06 17:25:19.687,C3:00:00:63:4D:08,-56,127,3.0,4.0,1.5
1783351519760,2026-07-06 17:25:19.760,C3:00:00:63:4D:0D,-54,127,3.0,4.0,1.5
1783351519765,2026-07-06 17:25:19.765,C3:00:00:63:4D:07,-64,127,3.0,4.0,1.5
1783351519769,2026-07-06 17:25:19.769,C3:00:00:63:4D:04,-57,127,3.0,4.0,1.5
1783351519780,2026-07-06 17:25:19.780,C3:00:00:63:4D:05,-56,127,3.0,4.0,1.5
1783351519799,2026-07-06 17:25:19.799,C3:00:00:63:4D:08,-56,127,3.0,4.0,1.5
1783351519806,2026-07-06 17:25:19.806,C3:00:00:63:4D:09,-54,127,3.0,4.0,1.5
1783351519848,2026-07-06 17:25:19.848,C3:00:00:63:4D:09,-65,127,3.0,4.0,1.5
1783351519861,2026-07-06 17:25:19.861,C3:00:00:63:4D:0D,-60,127,3.0,4.0,1.5
1783351519872,2026-07-06 17:25:19.872,C3:00:00:63:4D:07,-67,127,3.0,4.0,1.5
1783351519880,2026-07-06 17:25:19.880,C3:00:00:63:4D:04,-65,127,3.0,4.0,1.5
1783351519885,2026-07-06 17:25:19.885,C3:00:00:63:4D:05,-54,127,3.0,4.0,1.5
1783351519894,2026-07-06 17:25:19.894,C3:00:00:63:4C:D2,-55,127,3.0,4.0,1.5
1783351519900,2026-07-06 17:25:19.900,C3:00:00:63:4D:0A,-60,127,3.0,4.0,1.5
1783351519912,2026-07-06 17:25:19.912,C3:00:00:63:4D:08,-56,127,3.0,4.0,1.5
1783351519964,2026-07-06 17:25:19.964,C3:00:00:63:4D:07,-60,127,3.0,4.0,1.5
1783351519970,2026-07-06 17:25:19.970,C3:00:00:63:4D:0D,-58,127,3.0,4.0,1.5
1783351519983,2026-07-06 17:25:19.983,C3:00:00:63:4D:04,-55,127,3.0,4.0,1.5
1783351519988,2026-07-06 17:25:19.988,C3:00:00:63:4D:05,-74,127,3.0,4.0,1.5
1783351520003,2026-07-06 17:25:20.003,C3:00:00:63:4D:05,-71,127,3.0,4.0,1.5
1783351520005,2026-07-06 17:25:20.005,C3:00:00:63:4D:0A,-58,127,3.0,4.0,1.5
1783351520007,2026-07-06 17:25:20.007,C3:00:00:63:4C:D2,-70,127,3.0,4.0,1.5
1783351520032,2026-07-06 17:25:20.032,C3:00:00:63:4D:08,-60,127,3.0,4.0,1.5
1783351520035,2026-07-06 17:25:20.035,C3:00:00:63:4D:09,-54,127,3.0,4.0,1.5
1783351520053,2026-07-06 17:25:20.053,C3:00:00:63:4D:09,-54,127,3.0,4.0,1.5
1783351520071,2026-07-06 17:25:20.071,C3:00:00:63:4D:07,-62,127,3.0,4.0,1.5
1783351520086,2026-07-06 17:25:20.086,C3:00:00:63:4D:0D,-53,127,3.0,4.0,1.5
1783351520091,2026-07-06 17:25:20.091,C3:00:00:63:4D:04,-58,127,3.0,4.0,1.5
1783351520094,2026-07-06 17:25:20.094,C3:00:00:63:4D:05,-61,127,3.0,4.0,1.5
1783351520104,2026-07-06 17:25:20.104,C3:00:00:63:4D:0A,-70,127,3.0,4.0,1.5
1783351520119,2026-07-06 17:25:20.119,C3:00:00:63:4C:D2,-54,127,3.0,4.0,1.5
1783351520145,2026-07-06 17:25:20.145,C3:00:00:63:4D:08,-51,127,3.0,4.0,1.5
1783351520148,2026-07-06 17:25:20.148,C3:00:00:63:4D:09,-59,127,3.0,4.0,1.5
1783351520161,2026-07-06 17:25:20.161,C3:00:00:63:4D:07,-66,127,3.0,4.0,1.5
1783351520181,2026-07-06 17:25:20.181,C3:00:00:63:4D:0D,-57,127,3.0,4.0,1.5
1783351520213,2026-07-06 17:25:20.213,C3:00:00:63:4D:0A,-57,127,3.0,4.0,1.5
1783351520230,2026-07-06 17:25:20.230,C3:00:00:63:4D:04,-55,127,3.0,4.0,1.5
1783351520299,2026-07-06 17:25:20.299,C3:00:00:63:4D:0D,-54,127,3.0,4.0,1.5
1783351520325,2026-07-06 17:25:20.325,C3:00:00:63:4D:0A,-70,127,3.0,4.0,1.5
1783351520330,2026-07-06 17:25:20.330,C3:00:00:63:4C:D2,-55,127,3.0,4.0,1.5
1783351520336,2026-07-06 17:25:20.336,C3:00:00:63:4D:07,-63,127,3.0,4.0,1.5
1783351520358,2026-07-06 17:25:20.358,C3:00:00:63:4D:07,-63,127,3.0,4.0,1.5
1783351520375,2026-07-06 17:25:20.375,C3:00:00:63:4D:08,-58,127,3.0,4.0,1.5
1783351520380,2026-07-06 17:25:20.380,C3:00:00:63:4D:09,-54,127,3.0,4.0,1.5
1783351520384,2026-07-06 17:25:20.384,C3:00:00:63:4D:04,-56,127,3.0,4.0,1.5
1783351520399,2026-07-06 17:25:20.399,C3:00:00:63:4D:0D,-50,127,3.0,4.0,1.5
1783351520413,2026-07-06 17:25:20.413,C3:00:00:63:4D:08,-52,127,3.0,4.0,1.5
1783351520427,2026-07-06 17:25:20.427,C3:00:00:63:4D:0A,-61,127,3.0,4.0,1.5
1783351520430,2026-07-06 17:25:20.430,C3:00:00:63:4C:D2,-54,127,3.0,4.0,1.5
1783351520469,2026-07-06 17:25:20.469,C3:00:00:63:4D:07,-66,127,3.0,4.0,1.5
1783351520492,2026-07-06 17:25:20.492,C3:00:00:63:4D:09,-58,127,3.0,4.0,1.5
1783351520497,2026-07-06 17:25:20.497,C3:00:00:63:4D:05,-56,127,3.0,4.0,1.5
1783351520500,2026-07-06 17:25:20.500,C3:00:00:63:4D:04,-57,127,3.0,4.0,1.5
1783351520505,2026-07-06 17:25:20.505,C3:00:00:63:4D:08,-51,127,3.0,4.0,1.5
1783351520524,2026-07-06 17:25:20.524,C3:00:00:63:4D:0A,-58,127,3.0,4.0,1.5
1783351520528,2026-07-06 17:25:20.528,C3:00:00:63:4C:D2,-67,127,3.0,4.0,1.5
1783351520559,2026-07-06 17:25:20.559,C3:00:00:63:4D:07,-64,127,3.0,4.0,1.5
1783351520585,2026-07-06 17:25:20.585,C3:00:00:63:4D:05,-82,127,3.0,4.0,1.5
1783351520590,2026-07-06 17:25:20.590,C3:00:00:63:4D:04,-55,127,3.0,4.0,1.5
1783351520604,2026-07-06 17:25:20.604,C3:00:00:63:4D:08,-54,127,3.0,4.0,1.5
1783351520635,2026-07-06 17:25:20.635,C3:00:00:63:4D:0A,-73,127,3.0,4.0,1.5
1783351520639,2026-07-06 17:25:20.639,C3:00:00:63:4C:D2,-55,127,3.0,4.0,1.5
1783351520659,2026-07-06 17:25:20.659,C3:00:00:63:4D:07,-67,127,3.0,4.0,1.5
1783351520667,2026-07-06 17:25:20.667,C3:00:00:63:4D:0D,-51,127,3.0,4.0,1.5
1783351520695,2026-07-06 17:25:20.695,C3:00:00:63:4D:04,-58,127,3.0,4.0,1.5
1783351520715,2026-07-06 17:25:20.715,C3:00:00:63:4D:09,-60,127,3.0,4.0,1.5
1783351520719,2026-07-06 17:25:20.719,C3:00:00:63:4D:04,-61,127,3.0,4.0,1.5
1783351520737,2026-07-06 17:25:20.737,C3:00:00:63:4D:0A,-61,127,3.0,4.0,1.5
1783351520742,2026-07-06 17:25:20.742,C3:00:00:63:4D:04,-68,127,3.0,4.0,1.5
1783351520745,2026-07-06 17:25:20.745,C3:00:00:63:4C:D2,-55,127,3.0,4.0,1.5
1783351520773,2026-07-06 17:25:20.773,C3:00:00:63:4D:07,-63,127,3.0,4.0,1.5
1783351520786,2026-07-06 17:25:20.786,C3:00:00:63:4D:05,-56,127,3.0,4.0,1.5
1783351520805,2026-07-06 17:25:20.805,C3:00:00:63:4D:04,-60,127,3.0,4.0,1.5
1783351520826,2026-07-06 17:25:20.826,C3:00:00:63:4D:0D,-54,127,3.0,4.0,1.5
1783351520834,2026-07-06 17:25:20.834,C3:00:00:63:4D:08,-50,127,3.0,4.0,1.5
1783351520837,2026-07-06 17:25:20.837,C3:00:00:63:4D:0A,-57,127,3.0,4.0,1.5
1783351520863,2026-07-06 17:25:20.863,C3:00:00:63:4D:07,-63,127,3.0,4.0,1.5
1783351520884,2026-07-06 17:25:20.884,C3:00:00:63:4D:05,-72,127,3.0,4.0,1.5
1783351520894,2026-07-06 17:25:20.894,C3:00:00:63:4D:04,-56,127,3.0,4.0,1.5
1783351520940,2026-07-06 17:25:20.940,C3:00:00:63:4D:0D,-51,127,3.0,4.0,1.5
1783351520946,2026-07-06 17:25:20.946,C3:00:00:63:4D:09,-55,127,3.0,4.0,1.5
1783351520952,2026-07-06 17:25:20.952,C3:00:00:63:4D:08,-59,127,3.0,4.0,1.5
1783351520956,2026-07-06 17:25:20.956,C3:00:00:63:4D:0A,-71,127,3.0,4.0,1.5
1783351520967,2026-07-06 17:25:20.967,C3:00:00:63:4C:D2,-56,127,3.0,4.0,1.5
1783351520970,2026-07-06 17:25:20.970,C3:00:00:63:4D:07,-61,127,3.0,4.0,1.5
1783351521000,2026-07-06 17:25:21.000,C3:00:00:63:4D:04,-56,127,3.0,4.0,1.5
1783351521045,2026-07-06 17:25:21.045,C3:00:00:63:4D:0D,-58,127,3.0,4.0,1.5
1783351521051,2026-07-06 17:25:21.051,C3:00:00:63:4D:0A,-58,127,3.0,4.0,1.5
1783351521065,2026-07-06 17:25:21.065,C3:00:00:63:4D:09,-58,127,3.0,4.0,1.5
1783351521067,2026-07-06 17:25:21.067,C3:00:00:63:4C:D2,-56,127,3.0,4.0,1.5
1783351521069,2026-07-06 17:25:21.069,C3:00:00:63:4D:08,-53,127,3.0,4.0,1.5
1783351521086,2026-07-06 17:25:21.086,C3:00:00:63:4D:05,-57,127,3.0,4.0,1.5
1783351521111,2026-07-06 17:25:21.111,C3:00:00:63:4D:04,-54,127,3.0,4.0,1.5
1783351521137,2026-07-06 17:25:21.137,C3:00:00:63:4D:0A,-56,127,3.0,4.0,1.5
1783351521143,2026-07-06 17:25:21.143,C3:00:00:63:4D:05,-74,127,3.0,4.0,1.5
1783351521156,2026-07-06 17:25:21.156,C3:00:00:63:4D:0D,-56,127,3.0,4.0,1.5
1783351521161,2026-07-06 17:25:21.161,C3:00:00:63:4D:0A,-56,127,3.0,4.0,1.5
1783351521165,2026-07-06 17:25:21.165,C3:00:00:63:4D:07,-63,127,3.0,4.0,1.5
1783351521171,2026-07-06 17:25:21.171,C3:00:00:63:4C:D2,-61,127,3.0,4.0,1.5
1783351521176,2026-07-06 17:25:21.176,C3:00:00:63:4D:09,-60,127,3.0,4.0,1.5
1783351521183,2026-07-06 17:25:21.183,C3:00:00:63:4D:08,-61,127,3.0,4.0,1.5
1783351521191,2026-07-06 17:25:21.191,C3:00:00:63:4D:05,-72,127,3.0,4.0,1.5
1783351521208,2026-07-06 17:25:21.208,C3:00:00:63:4D:04,-56,127,3.0,4.0,1.5
1783351521267,2026-07-06 17:25:21.267,C3:00:00:63:4D:07,-67,127,3.0,4.0,1.5
1783351521279,2026-07-06 17:25:21.279,C3:00:00:63:4C:D2,-55,127,3.0,4.0,1.5
1783351521293,2026-07-06 17:25:21.293,C3:00:00:63:4D:09,-55,127,3.0,4.0,1.5
1783351521302,2026-07-06 17:25:21.302,C3:00:00:63:4D:05,-57,127,3.0,4.0,1.5
1783351521305,2026-07-06 17:25:21.305,C3:00:00:63:4D:08,-56,127,3.0,4.0,1.5
1783351521316,2026-07-06 17:25:21.316,C3:00:00:63:4D:04,-63,127,3.0,4.0,1.5
1783351521367,2026-07-06 17:25:21.367,C3:00:00:63:4D:07,-62,127,3.0,4.0,1.5
1783351521374,2026-07-06 17:25:21.374,C3:00:00:63:4D:0A,-60,127,3.0,4.0,1.5
1783351521387,2026-07-06 17:25:21.387,C3:00:00:63:4C:D2,-56,127,3.0,4.0,1.5
1783351521391,2026-07-06 17:25:21.391,C3:00:00:63:4D:05,-58,127,3.0,4.0,1.5
1783351521402,2026-07-06 17:25:21.402,C3:00:00:63:4D:09,-57,127,3.0,4.0,1.5
1783351521414,2026-07-06 17:25:21.414,C3:00:00:63:4D:04,-55,127,3.0,4.0,1.5
1783351521462,2026-07-06 17:25:21.462,C3:00:00:63:4D:07,-61,127,3.0,4.0,1.5
1783351521470,2026-07-06 17:25:21.470,C3:00:00:63:4D:0D,-54,127,3.0,4.0,1.5
1783351521481,2026-07-06 17:25:21.481,C3:00:00:63:4D:0A,-55,127,3.0,4.0,1.5
1783351521484,2026-07-06 17:25:21.484,C3:00:00:63:4D:08,-60,127,3.0,4.0,1.5
1783351521493,2026-07-06 17:25:21.493,C3:00:00:63:4D:05,-69,127,3.0,4.0,1.5
1783351521509,2026-07-06 17:25:21.509,C3:00:00:63:4D:07,-69,127,3.0,4.0,1.5
1783351521512,2026-07-06 17:25:21.512,C3:00:00:63:4D:09,-56,127,3.0,4.0,1.5
1783351521583,2026-07-06 17:25:21.583,C3:00:00:63:4D:0A,-70,127,3.0,4.0,1.5
1783351521588,2026-07-06 17:25:21.588,C3:00:00:63:4D:0D,-51,127,3.0,4.0,1.5
1783351521593,2026-07-06 17:25:21.593,C3:00:00:63:4D:05,-58,127,3.0,4.0,1.5
1783351521605,2026-07-06 17:25:21.605,C3:00:00:63:4C:D2,-55,127,3.0,4.0,1.5
1783351521610,2026-07-06 17:25:21.610,C3:00:00:63:4D:08,-59,127,3.0,4.0,1.5
1783351521612,2026-07-06 17:25:21.612,C3:00:00:63:4D:09,-56,127,3.0,4.0,1.5
1783351521617,2026-07-06 17:25:21.617,C3:00:00:63:4D:05,-60,127,3.0,4.0,1.5
1783351521620,2026-07-06 17:25:21.620,C3:00:00:63:4D:04,-58,127,3.0,4.0,1.5
1783351521627,2026-07-06 17:25:21.627,C3:00:00:63:4D:09,-58,127,3.0,4.0,1.5
1783351521645,2026-07-06 17:25:21.645,C3:00:00:63:4D:08,-56,127,3.0,4.0,1.5
1783351521674,2026-07-06 17:25:21.674,C3:00:00:63:4D:07,-67,127,3.0,4.0,1.5
1783351521690,2026-07-06 17:25:21.690,C3:00:00:63:4D:0A,-60,127,3.0,4.0,1.5
1783351521694,2026-07-06 17:25:21.694,C3:00:00:63:4D:0D,-54,127,3.0,4.0,1.5
1783351521721,2026-07-06 17:25:21.721,C3:00:00:63:4D:04,-56,127,3.0,4.0,1.5
1783351521743,2026-07-06 17:25:21.743,C3:00:00:63:4D:09,-60,127,3.0,4.0,1.5
1783351521761,2026-07-06 17:25:21.761,C3:00:00:63:4D:07,-64,127,3.0,4.0,1.5
1783351521765,2026-07-06 17:25:21.765,C3:00:00:63:4D:08,-60,127,3.0,4.0,1.5
1783351521778,2026-07-06 17:25:21.778,C3:00:00:63:4D:07,-71,127,3.0,4.0,1.5
1783351521784,2026-07-06 17:25:21.784,C3:00:00:63:4D:0A,-56,127,3.0,4.0,1.5
1783351521810,2026-07-06 17:25:21.810,C3:00:00:63:4C:D2,-64,127,3.0,4.0,1.5
1783351521828,2026-07-06 17:25:21.828,C3:00:00:63:4D:04,-55,127,3.0,4.0,1.5
1783351521857,2026-07-06 17:25:21.857,C3:00:00:63:4D:09,-56,127,3.0,4.0,1.5
1783351521862,2026-07-06 17:25:21.862,C3:00:00:63:4D:07,-67,127,3.0,4.0,1.5
1783351521887,2026-07-06 17:25:21.887,C3:00:00:63:4D:0A,-65,127,3.0,4.0,1.5
1783351521893,2026-07-06 17:25:21.893,C3:00:00:63:4D:05,-56,127,3.0,4.0,1.5
1783351521929,2026-07-06 17:25:21.929,C3:00:00:63:4D:04,-59,127,3.0,4.0,1.5
1783351521967,2026-07-06 17:25:21.967,C3:00:00:63:4D:07,-63,127,3.0,4.0,1.5
1783351521974,2026-07-06 17:25:21.974,C3:00:00:63:4D:09,-56,127,3.0,4.0,1.5
1783351521988,2026-07-06 17:25:21.988,C3:00:00:63:4D:08,-55,127,3.0,4.0,1.5
1783351521993,2026-07-06 17:25:21.993,C3:00:00:63:4D:05,-56,127,3.0,4.0,1.5
1783351521996,2026-07-06 17:25:21.996,C3:00:00:63:4D:0A,-62,127,3.0,4.0,1.5
1783351522019,2026-07-06 17:25:22.019,C3:00:00:63:4C:D2,-77,127,3.0,4.0,1.5
1783351522038,2026-07-06 17:25:22.038,C3:00:00:63:4D:04,-54,127,3.0,4.0,1.5
1783351522060,2026-07-06 17:25:22.060,C3:00:00:63:4D:07,-67,127,3.0,4.0,1.5
1783351522085,2026-07-06 17:25:22.085,C3:00:00:63:4D:09,-60,127,3.0,4.0,1.5
1783351522095,2026-07-06 17:25:22.095,C3:00:00:63:4D:0A,-55,127,3.0,4.0,1.5
1783351522108,2026-07-06 17:25:22.108,C3:00:00:63:4D:08,-65,127,3.0,4.0,1.5
1783351522111,2026-07-06 17:25:22.111,C3:00:00:63:4D:05,-62,127,3.0,4.0,1.5
1783351522134,2026-07-06 17:25:22.134,C3:00:00:63:4D:04,-59,127,3.0,4.0,1.5
1783351522152,2026-07-06 17:25:22.152,C3:00:00:63:4C:D2,-56,127,3.0,4.0,1.5
1783351522160,2026-07-06 17:25:22.160,C3:00:00:63:4D:07,-63,127,3.0,4.0,1.5
1783351522195,2026-07-06 17:25:22.195,C3:00:00:63:4D:09,-54,127,3.0,4.0,1.5
1783351522201,2026-07-06 17:25:22.201,C3:00:00:63:4D:0A,-68,127,3.0,4.0,1.5
1783351522209,2026-07-06 17:25:22.209,C3:00:00:63:4D:05,-58,127,3.0,4.0,1.5
1783351522219,2026-07-06 17:25:22.219,C3:00:00:63:4D:08,-54,127,3.0,4.0,1.5
1783351522234,2026-07-06 17:25:22.234,C3:00:00:63:4C:D2,-56,127,3.0,4.0,1.5
1783351522237,2026-07-06 17:25:22.237,C3:00:00:63:4D:0D,-54,127,3.0,4.0,1.5
1783351522243,2026-07-06 17:25:22.243,C3:00:00:63:4D:04,-58,127,3.0,4.0,1.5
1783351522260,2026-07-06 17:25:22.260,C3:00:00:63:4D:07,-65,127,3.0,4.0,1.5
1783351522264,2026-07-06 17:25:22.264,C3:00:00:63:4D:04,-58,127,3.0,4.0,1.5
1783351522303,2026-07-06 17:25:22.303,C3:00:00:63:4D:05,-58,127,3.0,4.0,1.5
1783351522311,2026-07-06 17:25:22.311,C3:00:00:63:4D:09,-55,127,3.0,4.0,1.5
1783351522318,2026-07-06 17:25:22.318,C3:00:00:63:4D:0A,-58,127,3.0,4.0,1.5
1783351522337,2026-07-06 17:25:22.337,C3:00:00:63:4D:08,-60,127,3.0,4.0,1.5
1783351522341,2026-07-06 17:25:22.341,C3:00:00:63:4C:D2,-58,127,3.0,4.0,1.5
1783351522343,2026-07-06 17:25:22.343,C3:00:00:63:4D:04,-57,127,3.0,4.0,1.5
1783351522360,2026-07-06 17:25:22.360,C3:00:00:63:4D:07,-59,127,3.0,4.0,1.5
1783351522407,2026-07-06 17:25:22.407,C3:00:00:63:4D:05,-66,127,3.0,4.0,1.5
1783351522415,2026-07-06 17:25:22.415,C3:00:00:63:4D:08,-65,127,3.0,4.0,1.5
1783351522419,2026-07-06 17:25:22.419,C3:00:00:63:4D:0A,-68,127,3.0,4.0,1.5
1783351522429,2026-07-06 17:25:22.429,C3:00:00:63:4D:09,-56,127,3.0,4.0,1.5
1783351522436,2026-07-06 17:25:22.436,C3:00:00:63:4D:0A,-74,127,3.0,4.0,1.5
1783351522449,2026-07-06 17:25:22.449,C3:00:00:63:4D:0D,-54,127,3.0,4.0,1.5
1783351522457,2026-07-06 17:25:22.457,C3:00:00:63:4D:07,-59,127,3.0,4.0,1.5
1783351522479,2026-07-06 17:25:22.479,C3:00:00:63:4D:05,-68,127,3.0,4.0,1.5
1783351522508,2026-07-06 17:25:22.508,C3:00:00:63:4D:05,-61,127,3.0,4.0,1.5
1783351522530,2026-07-06 17:25:22.530,C3:00:00:63:4D:0A,-61,127,3.0,4.0,1.5
1783351522555,2026-07-06 17:25:22.555,C3:00:00:63:4D:04,-62,127,3.0,4.0,1.5
1783351522559,2026-07-06 17:25:22.559,C3:00:00:63:4C:D2,-60,127,3.0,4.0,1.5
1783351522564,2026-07-06 17:25:22.564,C3:00:00:63:4D:0D,-51,127,3.0,4.0,1.5
1783351522569,2026-07-06 17:25:22.569,C3:00:00:63:4D:08,-49,127,3.0,4.0,1.5
1783351522632,2026-07-06 17:25:22.632,C3:00:00:63:4D:0A,-54,127,3.0,4.0,1.5
1783351522653,2026-07-06 17:25:22.653,C3:00:00:63:4D:04,-69,127,3.0,4.0,1.5
1783351522659,2026-07-06 17:25:22.659,C3:00:00:63:4D:09,-54,127,3.0,4.0,1.5
1783351522661,2026-07-06 17:25:22.661,C3:00:00:63:4D:07,-86,127,3.0,4.0,1.5
1783351522669,2026-07-06 17:25:22.669,C3:00:00:63:4D:0D,-53,127,3.0,4.0,1.5
1783351522676,2026-07-06 17:25:22.676,C3:00:00:63:4D:08,-52,127,3.0,4.0,1.5
1783351522704,2026-07-06 17:25:22.704,C3:00:00:63:4D:05,-69,127,3.0,4.0,1.5
1783351522710,2026-07-06 17:25:22.710,C3:00:00:63:4D:04,-61,127,3.0,4.0,1.5
1783351522736,2026-07-06 17:25:22.736,C3:00:00:63:4D:0A,-63,127,3.0,4.0,1.5
1783351522761,2026-07-06 17:25:22.761,C3:00:00:63:4C:D2,-56,127,3.0,4.0,1.5
1783351522766,2026-07-06 17:25:22.766,C3:00:00:63:4D:07,-61,127,3.0,4.0,1.5
1783351522774,2026-07-06 17:25:22.774,C3:00:00:63:4D:0D,-49,127,3.0,4.0,1.5
1783351522844,2026-07-06 17:25:22.844,C3:00:00:63:4D:0A,-65,127,3.0,4.0,1.5
1783351522864,2026-07-06 17:25:22.864,C3:00:00:63:4D:04,-62,127,3.0,4.0,1.5
1783351522869,2026-07-06 17:25:22.869,C3:00:00:63:4C:D2,-55,127,3.0,4.0,1.5
1783351522887,2026-07-06 17:25:22.887,C3:00:00:63:4D:0D,-58,127,3.0,4.0,1.5
1783351522890,2026-07-06 17:25:22.890,C3:00:00:63:4D:09,-59,127,3.0,4.0,1.5
1783351522941,2026-07-06 17:25:22.941,C3:00:00:63:4D:0A,-56,127,3.0,4.0,1.5
1783351522966,2026-07-06 17:25:22.966,C3:00:00:63:4D:04,-57,127,3.0,4.0,1.5
1783351522977,2026-07-06 17:25:22.977,C3:00:00:63:4C:D2,-68,127,3.0,4.0,1.5
1783351522989,2026-07-06 17:25:22.989,C3:00:00:63:4D:0D,-54,127,3.0,4.0,1.5
1783351522998,2026-07-06 17:25:22.998,C3:00:00:63:4D:09,-72,127,3.0,4.0,1.5
1783351523000,2026-07-06 17:25:23.000,C3:00:00:63:4C:D2,-70,127,3.0,4.0,1.5
1783351523008,2026-07-06 17:25:23.008,C3:00:00:63:4D:05,-59,127,3.0,4.0,1.5
1783351523016,2026-07-06 17:25:23.016,C3:00:00:63:4D:08,-53,127,3.0,4.0,1.5
1783351523026,2026-07-06 17:25:23.026,C3:00:00:63:4C:D2,-65,127,3.0,4.0,1.5
1783351523040,2026-07-06 17:25:23.040,C3:00:00:63:4D:0D,-52,127,3.0,4.0,1.5
1783351523049,2026-07-06 17:25:23.049,C3:00:00:63:4D:0A,-61,127,3.0,4.0,1.5
1783351523056,2026-07-06 17:25:23.056,C3:00:00:63:4D:07,-67,127,3.0,4.0,1.5
1783351523065,2026-07-06 17:25:23.065,C3:00:00:63:4D:04,-59,127,3.0,4.0,1.5
1783351523084,2026-07-06 17:25:23.084,C3:00:00:63:4C:D2,-57,127,3.0,4.0,1.5
1783351523100,2026-07-06 17:25:23.100,C3:00:00:63:4D:0D,-50,127,3.0,4.0,1.5
1783351523111,2026-07-06 17:25:23.111,C3:00:00:63:4D:09,-78,127,3.0,4.0,1.5
1783351523119,2026-07-06 17:25:23.119,C3:00:00:63:4D:05,-54,127,3.0,4.0,1.5
1783351523138,2026-07-06 17:25:23.138,C3:00:00:63:4D:08,-56,127,3.0,4.0,1.5
1783351523141,2026-07-06 17:25:23.141,C3:00:00:63:4D:0A,-57,127,3.0,4.0,1.5
1783351523159,2026-07-06 17:25:23.159,C3:00:00:63:4D:05,-56,127,3.0,4.0,1.5
1783351523163,2026-07-06 17:25:23.163,C3:00:00:63:4D:04,-63,127,3.0,4.0,1.5
1783351523168,2026-07-06 17:25:23.168,C3:00:00:63:4D:07,-63,127,3.0,4.0,1.5
1783351523191,2026-07-06 17:25:23.191,C3:00:00:63:4C:D2,-62,127,3.0,4.0,1.5
1783351523203,2026-07-06 17:25:23.203,C3:00:00:63:4D:0D,-56,127,3.0,4.0,1.5
1783351523209,2026-07-06 17:25:23.209,C3:00:00:63:4D:0A,-56,127,3.0,4.0,1.5
1783351523217,2026-07-06 17:25:23.217,C3:00:00:63:4D:05,-58,127,3.0,4.0,1.5
1783351523225,2026-07-06 17:25:23.225,C3:00:00:63:4D:09,-69,127,3.0,4.0,1.5
1783351523271,2026-07-06 17:25:23.271,C3:00:00:63:4D:07,-62,127,3.0,4.0,1.5
1783351523291,2026-07-06 17:25:23.291,C3:00:00:63:4C:D2,-65,127,3.0,4.0,1.5
1783351523317,2026-07-06 17:25:23.317,C3:00:00:63:4D:0D,-54,127,3.0,4.0,1.5
1783351523338,2026-07-06 17:25:23.338,C3:00:00:63:4D:09,-60,127,3.0,4.0,1.5
1783351523367,2026-07-06 17:25:23.367,C3:00:00:63:4D:08,-56,127,3.0,4.0,1.5
1783351523398,2026-07-06 17:25:23.398,C3:00:00:63:4C:D2,-60,127,3.0,4.0,1.5
1783351523415,2026-07-06 17:25:23.415,C3:00:00:63:4D:05,-58,127,3.0,4.0,1.5
1783351523425,2026-07-06 17:25:23.425,C3:00:00:63:4D:0D,-54,127,3.0,4.0,1.5
1783351523465,2026-07-06 17:25:23.465,C3:00:00:63:4D:09,-58,127,3.0,4.0,1.5
1783351523473,2026-07-06 17:25:23.473,C3:00:00:63:4D:0D,-56,127,3.0,4.0,1.5
1783351523485,2026-07-06 17:25:23.485,C3:00:00:63:4D:08,-49,127,3.0,4.0,1.5
1783351523487,2026-07-06 17:25:23.487,C3:00:00:63:4D:0D,-65,127,3.0,4.0,1.5
1783351523500,2026-07-06 17:25:23.500,C3:00:00:63:4D:07,-68,127,3.0,4.0,1.5
1783351523505,2026-07-06 17:25:23.505,C3:00:00:63:4C:D2,-61,127,3.0,4.0,1.5
1783351523508,2026-07-06 17:25:23.508,C3:00:00:63:4D:08,-54,127,3.0,4.0,1.5
1783351523510,2026-07-06 17:25:23.510,C3:00:00:63:4D:05,-68,127,3.0,4.0,1.5
1783351523527,2026-07-06 17:25:23.527,C3:00:00:63:4D:07,-72,127,3.0,4.0,1.5
1783351523534,2026-07-06 17:25:23.534,C3:00:00:63:4D:0D,-52,127,3.0,4.0,1.5
1783351523570,2026-07-06 17:25:23.570,C3:00:00:63:4D:0A,-57,127,3.0,4.0,1.5
1783351523585,2026-07-06 17:25:23.585,C3:00:00:63:4D:04,-56,127,3.0,4.0,1.5
1783351523598,2026-07-06 17:25:23.598,C3:00:00:63:4D:08,-51,127,3.0,4.0,1.5
1783351523613,2026-07-06 17:25:23.613,C3:00:00:63:4D:05,-60,127,3.0,4.0,1.5
1783351523616,2026-07-06 17:25:23.616,C3:00:00:63:4C:D2,-56,127,3.0,4.0,1.5
1783351523622,2026-07-06 17:25:23.622,C3:00:00:63:4D:09,-54,127,3.0,4.0,1.5
1783351523640,2026-07-06 17:25:23.640,C3:00:00:63:4D:0D,-50,127,3.0,4.0,1.5
1783351523660,2026-07-06 17:25:23.660,C3:00:00:63:4C:D2,-57,127,3.0,4.0,1.5
1783351523666,2026-07-06 17:25:23.666,C3:00:00:63:4D:08,-64,127,3.0,4.0,1.5
1783351523681,2026-07-06 17:25:23.681,C3:00:00:63:4D:0A,-63,127,3.0,4.0,1.5
1783351523686,2026-07-06 17:25:23.686,C3:00:00:63:4D:09,-56,127,3.0,4.0,1.5
1783351523688,2026-07-06 17:25:23.688,C3:00:00:63:4D:04,-54,127,3.0,4.0,1.5
1783351523714,2026-07-06 17:25:23.714,C3:00:00:63:4C:D2,-56,127,3.0,4.0,1.5
1783351523717,2026-07-06 17:25:23.717,C3:00:00:63:4D:05,-62,127,3.0,4.0,1.5
1783351523756,2026-07-06 17:25:23.756,C3:00:00:63:4D:0D,-57,127,3.0,4.0,1.5
1783351523766,2026-07-06 17:25:23.766,C3:00:00:63:4D:07,-74,127,3.0,4.0,1.5
1783351523779,2026-07-06 17:25:23.779,C3:00:00:63:4D:04,-63,127,3.0,4.0,1.5
1783351523793,2026-07-06 17:25:23.793,C3:00:00:63:4D:0A,-67,127,3.0,4.0,1.5
1783351523796,2026-07-06 17:25:23.796,C3:00:00:63:4D:04,-58,127,3.0,4.0,1.5
1783351523798,2026-07-06 17:25:23.798,C3:00:00:63:4D:09,-56,127,3.0,4.0,1.5
1783351523818,2026-07-06 17:25:23.818,C3:00:00:63:4D:05,-59,127,3.0,4.0,1.5
1783351523824,2026-07-06 17:25:23.824,C3:00:00:63:4D:08,-57,127,3.0,4.0,1.5
1783351523849,2026-07-06 17:25:23.849,C3:00:00:63:4D:0D,-54,127,3.0,4.0,1.5
1783351523858,2026-07-06 17:25:23.858,C3:00:00:63:4D:09,-70,127,3.0,4.0,1.5
1783351523879,2026-07-06 17:25:23.879,C3:00:00:63:4D:07,-65,127,3.0,4.0,1.5
1783351523884,2026-07-06 17:25:23.884,C3:00:00:63:4D:0A,-58,127,3.0,4.0,1.5
1783351523891,2026-07-06 17:25:23.891,C3:00:00:63:4D:04,-58,127,3.0,4.0,1.5
1783351523905,2026-07-06 17:25:23.905,C3:00:00:63:4D:09,-60,127,3.0,4.0,1.5
1783351523922,2026-07-06 17:25:23.922,C3:00:00:63:4D:05,-71,127,3.0,4.0,1.5
1783351523936,2026-07-06 17:25:23.936,C3:00:00:63:4C:D2,-56,127,3.0,4.0,1.5
1783351523939,2026-07-06 17:25:23.939,C3:00:00:63:4D:08,-58,127,3.0,4.0,1.5
1783351523991,2026-07-06 17:25:23.991,C3:00:00:63:4D:0A,-58,127,3.0,4.0,1.5
1783351523997,2026-07-06 17:25:23.997,C3:00:00:63:4D:04,-54,127,3.0,4.0,1.5
1783351524002,2026-07-06 17:25:24.002,C3:00:00:63:4D:05,-70,127,3.0,4.0,1.5
1783351524021,2026-07-06 17:25:24.021,C3:00:00:63:4D:09,-55,127,3.0,4.0,1.5
1783351524025,2026-07-06 17:25:24.025,C3:00:00:63:4D:05,-59,127,3.0,4.0,1.5
1783351524042,2026-07-06 17:25:24.042,C3:00:00:63:4C:D2,-57,127,3.0,4.0,1.5
1783351524064,2026-07-06 17:25:24.064,C3:00:00:63:4D:08,-52,127,3.0,4.0,1.5
1783351524068,2026-07-06 17:25:24.068,C3:00:00:63:4D:09,-55,127,3.0,4.0,1.5
1783351524072,2026-07-06 17:25:24.072,C3:00:00:63:4D:0D,-53,127,3.0,4.0,1.5
1783351524121,2026-07-06 17:25:24.121,C3:00:00:63:4D:05,-58,127,3.0,4.0,1.5
1783351524134,2026-07-06 17:25:24.134,C3:00:00:63:4C:D2,-80,127,3.0,4.0,1.5
1783351524137,2026-07-06 17:25:24.137,C3:00:00:63:4D:09,-66,127,3.0,4.0,1.5
1783351524157,2026-07-06 17:25:24.157,C3:00:00:63:4D:07,-63,127,3.0,4.0,1.5
1783351524174,2026-07-06 17:25:24.174,C3:00:00:63:4D:08,-54,127,3.0,4.0,1.5
1783351524180,2026-07-06 17:25:24.180,C3:00:00:63:4D:0D,-52,127,3.0,4.0,1.5
1783351524198,2026-07-06 17:25:24.198,C3:00:00:63:4D:04,-60,127,3.0,4.0,1.5
1783351524203,2026-07-06 17:25:24.203,C3:00:00:63:4D:0A,-59,127,3.0,4.0,1.5
1783351524222,2026-07-06 17:25:24.222,C3:00:00:63:4D:05,-60,127,3.0,4.0,1.5
1783351524249,2026-07-06 17:25:24.249,C3:00:00:63:4C:D2,-57,127,3.0,4.0,1.5
1783351524252,2026-07-06 17:25:24.252,C3:00:00:63:4D:09,-55,127,3.0,4.0,1.5
1783351524255,2026-07-06 17:25:24.255,C3:00:00:63:4D:04,-56,127,3.0,4.0,1.5
1783351524257,2026-07-06 17:25:24.257,C3:00:00:63:4D:07,-59,127,3.0,4.0,1.5
1783351524288,2026-07-06 17:25:24.288,C3:00:00:63:4D:0D,-49,127,3.0,4.0,1.5
1783351524308,2026-07-06 17:25:24.308,C3:00:00:63:4D:04,-54,127,3.0,4.0,1.5
1783351524314,2026-07-06 17:25:24.314,C3:00:00:63:4D:0A,-69,127,3.0,4.0,1.5
1783351524321,2026-07-06 17:25:24.321,C3:00:00:63:4D:05,-63,127,3.0,4.0,1.5
1783351524352,2026-07-06 17:25:24.352,C3:00:00:63:4D:07,-60,127,3.0,4.0,1.5
1783351524363,2026-07-06 17:25:24.363,C3:00:00:63:4D:09,-55,127,3.0,4.0,1.5
1783351524375,2026-07-06 17:25:24.375,C3:00:00:63:4D:07,-60,127,3.0,4.0,1.5
1783351524397,2026-07-06 17:25:24.397,C3:00:00:63:4D:0D,-57,127,3.0,4.0,1.5
1783351524404,2026-07-06 17:25:24.404,C3:00:00:63:4D:08,-51,127,3.0,4.0,1.5
1783351524407,2026-07-06 17:25:24.407,C3:00:00:63:4D:04,-61,127,3.0,4.0,1.5
1783351524415,2026-07-06 17:25:24.415,C3:00:00:63:4D:05,-66,127,3.0,4.0,1.5
1783351524428,2026-07-06 17:25:24.428,C3:00:00:63:4D:08,-55,127,3.0,4.0,1.5
1783351524451,2026-07-06 17:25:24.451,C3:00:00:63:4C:D2,-67,127,3.0,4.0,1.5
1783351524502,2026-07-06 17:25:24.502,C3:00:00:63:4D:0D,-54,127,3.0,4.0,1.5
1783351524506,2026-07-06 17:25:24.506,C3:00:00:63:4D:04,-57,127,3.0,4.0,1.5
1783351524514,2026-07-06 17:25:24.514,C3:00:00:63:4D:08,-54,127,3.0,4.0,1.5
1783351524522,2026-07-06 17:25:24.522,C3:00:00:63:4D:05,-56,127,3.0,4.0,1.5
1783351524559,2026-07-06 17:25:24.559,C3:00:00:63:4D:07,-65,127,3.0,4.0,1.5
1783351524574,2026-07-06 17:25:24.574,C3:00:00:63:4C:D2,-58,127,3.0,4.0,1.5
1783351524597,2026-07-06 17:25:24.597,C3:00:00:63:4D:09,-56,127,3.0,4.0,1.5
1783351524609,2026-07-06 17:25:24.609,C3:00:00:63:4D:0D,-55,127,3.0,4.0,1.5
1783351524618,2026-07-06 17:25:24.618,C3:00:00:63:4D:04,-60,127,3.0,4.0,1.5
1783351524626,2026-07-06 17:25:24.626,C3:00:00:63:4D:0A,-56,127,3.0,4.0,1.5
1783351524628,2026-07-06 17:25:24.628,C3:00:00:63:4D:05,-59,127,3.0,4.0,1.5
1783351524632,2026-07-06 17:25:24.632,C3:00:00:63:4D:09,-60,127,3.0,4.0,1.5
1783351524637,2026-07-06 17:25:24.637,C3:00:00:63:4D:08,-54,127,3.0,4.0,1.5
1783351524667,2026-07-06 17:25:24.667,C3:00:00:63:4D:07,-62,127,3.0,4.0,1.5
1783351524669,2026-07-06 17:25:24.669,C3:00:00:63:4C:D2,-56,127,3.0,4.0,1.5
1783351524707,2026-07-06 17:25:24.707,C3:00:00:63:4D:09,-55,127,3.0,4.0,1.5
1783351524714,2026-07-06 17:25:24.714,C3:00:00:63:4D:0D,-52,127,3.0,4.0,1.5
1783351524726,2026-07-06 17:25:24.726,C3:00:00:63:4D:05,-64,127,3.0,4.0,1.5
1783351524737,2026-07-06 17:25:24.737,C3:00:00:63:4D:04,-58,127,3.0,4.0,1.5
1783351524746,2026-07-06 17:25:24.746,C3:00:00:63:4D:08,-55,127,3.0,4.0,1.5
1783351524754,2026-07-06 17:25:24.754,C3:00:00:63:4D:04,-67,127,3.0,4.0,1.5
1783351524757,2026-07-06 17:25:24.757,C3:00:00:63:4D:07,-63,127,3.0,4.0,1.5
1783351524817,2026-07-06 17:25:24.817,C3:00:00:63:4D:09,-54,127,3.0,4.0,1.5
1783351524832,2026-07-06 17:25:24.832,C3:00:00:63:4D:0D,-49,127,3.0,4.0,1.5
1783351524835,2026-07-06 17:25:24.835,C3:00:00:63:4D:05,-59,127,3.0,4.0,1.5
1783351524838,2026-07-06 17:25:24.838,C3:00:00:63:4D:0A,-65,127,3.0,4.0,1.5
1783351524860,2026-07-06 17:25:24.860,C3:00:00:63:4D:08,-56,127,3.0,4.0,1.5
1783351524864,2026-07-06 17:25:24.864,C3:00:00:63:4D:07,-66,127,3.0,4.0,1.5
1783351524889,2026-07-06 17:25:24.889,C3:00:00:63:4C:D2,-57,127,3.0,4.0,1.5
1783351524924,2026-07-06 17:25:24.924,C3:00:00:63:4D:04,-69,127,3.0,4.0,1.5
1783351524931,2026-07-06 17:25:24.931,C3:00:00:63:4D:0A,-54,127,3.0,4.0,1.5
1783351524935,2026-07-06 17:25:24.935,C3:00:00:63:4D:0D,-57,127,3.0,4.0,1.5
1783351524944,2026-07-06 17:25:24.944,C3:00:00:63:4D:09,-56,127,3.0,4.0,1.5
1783351524980,2026-07-06 17:25:24.980,C3:00:00:63:4D:08,-54,127,3.0,4.0,1.5
1783351524989,2026-07-06 17:25:24.989,C3:00:00:63:4C:D2,-60,127,3.0,4.0,1.5
1783351525007,2026-07-06 17:25:25.007,C3:00:00:63:4C:D2,-59,127,3.0,4.0,1.5
1783351525025,2026-07-06 17:25:25.025,C3:00:00:63:4D:04,-56,127,3.0,4.0,1.5
1783351525032,2026-07-06 17:25:25.032,C3:00:00:63:4D:05,-65,127,3.0,4.0,1.5
1783351525045,2026-07-06 17:25:25.045,C3:00:00:63:4D:0A,-58,127,3.0,4.0,1.5
1783351525049,2026-07-06 17:25:25.049,C3:00:00:63:4D:0D,-54,127,3.0,4.0,1.5
1783351525053,2026-07-06 17:25:25.053,C3:00:00:63:4D:09,-60,127,3.0,4.0,1.5
1783351525061,2026-07-06 17:25:25.061,C3:00:00:63:4D:0D,-54,127,3.0,4.0,1.5
1783351525065,2026-07-06 17:25:25.065,C3:00:00:63:4D:07,-63,127,3.0,4.0,1.5
1783351525092,2026-07-06 17:25:25.092,C3:00:00:63:4D:08,-53,127,3.0,4.0,1.5
1783351525096,2026-07-06 17:25:25.096,C3:00:00:63:4C:D2,-67,127,3.0,4.0,1.5
1783351525132,2026-07-06 17:25:25.132,C3:00:00:63:4D:04,-57,127,3.0,4.0,1.5
1783351525137,2026-07-06 17:25:25.137,C3:00:00:63:4D:05,-56,127,3.0,4.0,1.5
1783351525140,2026-07-06 17:25:25.140,C3:00:00:63:4D:0A,-66,127,3.0,4.0,1.5
1783351525157,2026-07-06 17:25:25.157,C3:00:00:63:4D:0D,-51,127,3.0,4.0,1.5
1783351525160,2026-07-06 17:25:25.160,C3:00:00:63:4D:0A,-65,127,3.0,4.0,1.5
1783351525165,2026-07-06 17:25:25.165,C3:00:00:63:4D:07,-61,127,3.0,4.0,1.5
1783351525170,2026-07-06 17:25:25.170,C3:00:00:63:4D:09,-54,127,3.0,4.0,1.5
1783351525174,2026-07-06 17:25:25.174,C3:00:00:63:4D:05,-56,127,3.0,4.0,1.5
1783351525200,2026-07-06 17:25:25.200,C3:00:00:63:4C:D2,-57,127,3.0,4.0,1.5
1783351525203,2026-07-06 17:25:25.203,C3:00:00:63:4D:08,-61,127,3.0,4.0,1.5
1783351525232,2026-07-06 17:25:25.232,C3:00:00:63:4D:05,-56,127,3.0,4.0,1.5
1783351525237,2026-07-06 17:25:25.237,C3:00:00:63:4D:04,-62,127,3.0,4.0,1.5
1783351525251,2026-07-06 17:25:25.251,C3:00:00:63:4D:0A,-56,127,3.0,4.0,1.5
1783351525261,2026-07-06 17:25:25.261,C3:00:00:63:4D:0D,-55,127,3.0,4.0,1.5
1783351525269,2026-07-06 17:25:25.269,C3:00:00:63:4D:07,-72,127,3.0,4.0,1.5
1783351525274,2026-07-06 17:25:25.274,C3:00:00:63:4D:09,-56,127,3.0,4.0,1.5
1783351525309,2026-07-06 17:25:25.309,C3:00:00:63:4C:D2,-56,127,3.0,4.0,1.5
1783351525326,2026-07-06 17:25:25.326,C3:00:00:63:4D:08,-54,127,3.0,4.0,1.5
1783351525336,2026-07-06 17:25:25.336,C3:00:00:63:4D:05,-70,127,3.0,4.0,1.5
1783351525349,2026-07-06 17:25:25.349,C3:00:00:63:4D:0A,-60,127,3.0,4.0,1.5
1783351525385,2026-07-06 17:25:25.385,C3:00:00:63:4D:09,-60,127,3.0,4.0,1.5
1783351525433,2026-07-06 17:25:25.433,C3:00:00:63:4D:05,-56,127,3.0,4.0,1.5
1783351525462,2026-07-06 17:25:25.462,C3:00:00:63:4D:0A,-63,127,3.0,4.0,1.5
1783351525466,2026-07-06 17:25:25.466,C3:00:00:63:4D:07,-60,127,3.0,4.0,1.5
1783351525471,2026-07-06 17:25:25.471,C3:00:00:63:4D:0D,-50,127,3.0,4.0,1.5
1783351525484,2026-07-06 17:25:25.484,C3:00:00:63:4D:08,-60,127,3.0,4.0,1.5
1783351525497,2026-07-06 17:25:25.497,C3:00:00:63:4D:0D,-50,127,3.0,4.0,1.5
1783351525504,2026-07-06 17:25:25.504,C3:00:00:63:4D:09,-55,127,3.0,4.0,1.5
1783351525507,2026-07-06 17:25:25.507,C3:00:00:63:4D:07,-76,127,3.0,4.0,1.5
1783351525520,2026-07-06 17:25:25.520,C3:00:00:63:4C:D2,-58,127,3.0,4.0,1.5
1783351525529,2026-07-06 17:25:25.529,C3:00:00:63:4D:07,-75,127,3.0,4.0,1.5
1783351525533,2026-07-06 17:25:25.533,C3:00:00:63:4D:05,-60,127,3.0,4.0,1.5
1783351525538,2026-07-06 17:25:25.538,C3:00:00:63:4D:04,-63,127,3.0,4.0,1.5
1783351525550,2026-07-06 17:25:25.550,C3:00:00:63:4D:08,-52,127,3.0,4.0,1.5
1783351525563,2026-07-06 17:25:25.563,C3:00:00:63:4D:07,-69,127,3.0,4.0,1.5
1783351525566,2026-07-06 17:25:25.566,C3:00:00:63:4D:0A,-68,127,3.0,4.0,1.5
1783351525586,2026-07-06 17:25:25.586,C3:00:00:63:4D:0D,-61,127,3.0,4.0,1.5
1783351525615,2026-07-06 17:25:25.615,C3:00:00:63:4D:05,-67,127,3.0,4.0,1.5
1783351525619,2026-07-06 17:25:25.619,C3:00:00:63:4D:08,-51,127,3.0,4.0,1.5
1783351525623,2026-07-06 17:25:25.623,C3:00:00:63:4C:D2,-65,127,3.0,4.0,1.5
1783351525628,2026-07-06 17:25:25.628,C3:00:00:63:4D:09,-61,127,3.0,4.0,1.5
1783351525636,2026-07-06 17:25:25.636,C3:00:00:63:4D:05,-68,127,3.0,4.0,1.5
1783351525638,2026-07-06 17:25:25.638,C3:00:00:63:4D:04,-54,127,3.0,4.0,1.5
1783351525644,2026-07-06 17:25:25.644,C3:00:00:63:4D:09,-61,127,3.0,4.0,1.5
1783351525660,2026-07-06 17:25:25.660,C3:00:00:63:4D:07,-61,127,3.0,4.0,1.5
1783351525669,2026-07-06 17:25:25.669,C3:00:00:63:4D:0A,-66,127,3.0,4.0,1.5
1783351525671,2026-07-06 17:25:25.671,C3:00:00:63:4D:08,-52,127,3.0,4.0,1.5
1783351525678,2026-07-06 17:25:25.678,C3:00:00:63:4C:D2,-65,127,3.0,4.0,1.5
1783351525691,2026-07-06 17:25:25.691,C3:00:00:63:4D:0D,-55,127,3.0,4.0,1.5
1783351525727,2026-07-06 17:25:25.727,C3:00:00:63:4C:D2,-58,127,3.0,4.0,1.5
1783351525733,2026-07-06 17:25:25.733,C3:00:00:63:4D:09,-54,127,3.0,4.0,1.5
1783351525766,2026-07-06 17:25:25.766,C3:00:00:63:4D:07,-65,127,3.0,4.0,1.5
1783351525778,2026-07-06 17:25:25.778,C3:00:00:63:4D:0A,-63,127,3.0,4.0,1.5
1783351525780,2026-07-06 17:25:25.780,C3:00:00:63:4D:08,-65,127,3.0,4.0,1.5
1783351525786,2026-07-06 17:25:25.786,C3:00:00:63:4D:07,-73,127,3.0,4.0,1.5
1783351525803,2026-07-06 17:25:25.803,C3:00:00:63:4D:0D,-50,127,3.0,4.0,1.5
1783351525837,2026-07-06 17:25:25.837,C3:00:00:63:4C:D2,-57,127,3.0,4.0,1.5
1783351525841,2026-07-06 17:25:25.841,C3:00:00:63:4D:05,-57,127,3.0,4.0,1.5
1783351525846,2026-07-06 17:25:25.846,C3:00:00:63:4D:09,-59,127,3.0,4.0,1.5
1783351525868,2026-07-06 17:25:25.868,C3:00:00:63:4D:07,-82,127,3.0,4.0,1.5
1783351525879,2026-07-06 17:25:25.879,C3:00:00:63:4D:0A,-68,127,3.0,4.0,1.5
1783351525900,2026-07-06 17:25:25.900,C3:00:00:63:4D:08,-54,127,3.0,4.0,1.5
1783351525906,2026-07-06 17:25:25.906,C3:00:00:63:4D:0D,-59,127,3.0,4.0,1.5
1783351525943,2026-07-06 17:25:25.943,C3:00:00:63:4C:D2,-62,127,3.0,4.0,1.5
1783351525955,2026-07-06 17:25:25.955,C3:00:00:63:4D:04,-55,127,3.0,4.0,1.5
1783351525989,2026-07-06 17:25:25.989,C3:00:00:63:4D:0A,-62,127,3.0,4.0,1.5
1783351526013,2026-07-06 17:25:26.013,C3:00:00:63:4D:08,-60,127,3.0,4.0,1.5
1783351526019,2026-07-06 17:25:26.019,C3:00:00:63:4D:05,-59,127,3.0,4.0,1.5
1783351526022,2026-07-06 17:25:26.022,C3:00:00:63:4D:0D,-50,127,3.0,4.0,1.5
1783351526052,2026-07-06 17:25:26.052,C3:00:00:63:4C:D2,-56,127,3.0,4.0,1.5
1783351526053,2026-07-06 17:25:26.053,C3:00:00:63:4D:04,-58,127,3.0,4.0,1.5
1783351526062,2026-07-06 17:25:26.062,C3:00:00:63:4D:07,-69,127,3.0,4.0,1.5
1783351526088,2026-07-06 17:25:26.088,C3:00:00:63:4D:0A,-73,127,3.0,4.0,1.5
1783351526126,2026-07-06 17:25:26.126,C3:00:00:63:4D:08,-50,127,3.0,4.0,1.5
1783351526157,2026-07-06 17:25:26.157,C3:00:00:63:4C:D2,-54,127,3.0,4.0,1.5
1783351526174,2026-07-06 17:25:26.174,C3:00:00:63:4D:07,-69,127,3.0,4.0,1.5
1783351526178,2026-07-06 17:25:26.178,C3:00:00:63:4C:D2,-54,127,3.0,4.0,1.5
1783351526190,2026-07-06 17:25:26.190,C3:00:00:63:4D:09,-57,127,3.0,4.0,1.5
1783351526196,2026-07-06 17:25:26.196,C3:00:00:63:4D:0A,-64,127,3.0,4.0,1.5
1783351526234,2026-07-06 17:25:26.234,C3:00:00:63:4D:0D,-54,127,3.0,4.0,1.5
1783351526254,2026-07-06 17:25:26.254,C3:00:00:63:4C:D2,-72,127,3.0,4.0,1.5
1783351526281,2026-07-06 17:25:26.281,C3:00:00:63:4D:04,-56,127,3.0,4.0,1.5
1783351526298,2026-07-06 17:25:26.298,C3:00:00:63:4D:09,-62,127,3.0,4.0,1.5
1783351526300,2026-07-06 17:25:26.300,C3:00:00:63:4D:0A,-56,127,3.0,4.0,1.5
1783351526335,2026-07-06 17:25:26.335,C3:00:00:63:4D:0D,-51,127,3.0,4.0,1.5
1783351526346,2026-07-06 17:25:26.346,C3:00:00:63:4D:05,-56,127,3.0,4.0,1.5
1783351526366,2026-07-06 17:25:26.366,C3:00:00:63:4C:D2,-57,127,3.0,4.0,1.5
1783351526369,2026-07-06 17:25:26.369,C3:00:00:63:4D:04,-58,127,3.0,4.0,1.5
1783351526406,2026-07-06 17:25:26.406,C3:00:00:63:4D:0A,-72,127,3.0,4.0,1.5
1783351526412,2026-07-06 17:25:26.412,C3:00:00:63:4D:08,-55,127,3.0,4.0,1.5
1783351526423,2026-07-06 17:25:26.423,C3:00:00:63:4D:09,-58,127,3.0,4.0,1.5
1783351526432,2026-07-06 17:25:26.432,C3:00:00:63:4D:0A,-68,127,3.0,4.0,1.5
1783351526444,2026-07-06 17:25:26.444,C3:00:00:63:4D:05,-58,127,3.0,4.0,1.5
1783351526448,2026-07-06 17:25:26.448,C3:00:00:63:4D:0D,-58,127,3.0,4.0,1.5
1783351526470,2026-07-06 17:25:26.470,C3:00:00:63:4D:08,-52,127,3.0,4.0,1.5
1783351526495,2026-07-06 17:25:26.495,C3:00:00:63:4D:05,-65,127,3.0,4.0,1.5
1783351526533,2026-07-06 17:25:26.533,C3:00:00:63:4D:09,-61,127,3.0,4.0,1.5
1783351526548,2026-07-06 17:25:26.548,C3:00:00:63:4D:05,-68,127,3.0,4.0,1.5
1783351526552,2026-07-06 17:25:26.552,C3:00:00:63:4D:0D,-67,127,3.0,4.0,1.5
1783351526565,2026-07-06 17:25:26.565,C3:00:00:63:4D:07,-64,127,3.0,4.0,1.5
1783351526572,2026-07-06 17:25:26.572,C3:00:00:63:4C:D2,-66,127,3.0,4.0,1.5
1783351526587,2026-07-06 17:25:26.587,C3:00:00:63:4D:08,-52,127,3.0,4.0,1.5
1783351526612,2026-07-06 17:25:26.612,C3:00:00:63:4D:0A,-74,127,3.0,4.0,1.5
1783351526629,2026-07-06 17:25:26.629,C3:00:00:63:4D:09,-54,127,3.0,4.0,1.5
1783351526669,2026-07-06 17:25:26.669,C3:00:00:63:4D:0D,-57,127,3.0,4.0,1.5
1783351526707,2026-07-06 17:25:26.707,C3:00:00:63:4D:08,-56,127,3.0,4.0,1.5
1783351526712,2026-07-06 17:25:26.712,C3:00:00:63:4D:04,-62,127,3.0,4.0,1.5
1783351526750,2026-07-06 17:25:26.750,C3:00:00:63:4D:05,-58,127,3.0,4.0,1.5
1783351526764,2026-07-06 17:25:26.764,C3:00:00:63:4D:09,-58,127,3.0,4.0,1.5
1783351526783,2026-07-06 17:25:26.783,C3:00:00:63:4D:0D,-73,127,3.0,4.0,1.5
1783351526785,2026-07-06 17:25:26.785,C3:00:00:63:4D:04,-60,127,3.0,4.0,1.5
